cluster,feed_idx,stop_id,lon,lat
8434,0,1183,-77.051336,38.858569
8434,0,1182,-77.049105,38.857872
8434,6,8555,-77.063287,38.853156
8434,6,8554,-77.061471,38.853192
8434,6,8553,-77.059585,38.853211
8434,6,8552,-77.057681,38.853219
8434,6,8551,-77.055417,38.853279
8434,6,13433,-77.050436,38.853172
8434,6,29210,-77.049333,38.85409
8434,6,2310,-77.049258,38.855532
8434,6,9248,-77.04912,38.857927
8434,6,29207,-77.051233,38.858349
8434,6,13439,-77.050568,38.8562
8434,6,8550,-77.052163,38.853745
8434,6,8564,-77.055145,38.853411
8434,6,8563,-77.057443,38.853348
8434,6,8562,-77.059326,38.853326
8434,6,8561,-77.061205,38.853304
8434,6,8560,-77.062884,38.853282
8434,6,9720,-77.051792,38.857579
8434,6,29206,-77.051195,38.858297
8434,6,29879,-77.051194,38.858108
8434,6,26567,-77.053265,38.853962
8434,6,9951,-77.053052,38.855989
8434,6,11114,-77.052992,38.857809
8434,6,42922,-77.053231,38.857094
8434,6,26568,-77.053529,38.853951
8434,6,29868,-77.052668,38.85366
8434,10,155,-77.05217,38.85747
8434,10,156,-77.05024,38.853478
8434,16,2005,-77.05233,38.857399
8434,16,1924,-77.050217,38.853495
8434,18,2278,-77.053269,38.857884
8434,18,2834,-77.051819,38.857503
8434,18,2835,-77.050205,38.853496
446,0,1262,-77.071882,38.89511
446,0,1224,-77.073025,38.898322
446,0,475,-77.07162,38.89673
446,0,1225,-77.072833,38.899164
446,0,1226,-77.075107,38.899092
446,0,478,-77.076071,38.896143
446,0,1168,-77.071567,38.895245
446,0,479,-77.076194,38.896282
446,0,1261,-77.072532,38.89475
446,0,1123,-77.075386,38.893653
446,0,1257,-77.073081,38.895568
446,6,8539,-77.075396,38.893649
446,6,11396,-77.073096,38.8956
446,6,29144,-77.071625,38.896093
446,6,12437,-77.074709,38.894808
446,6,27336,-77.073047,38.898332
446,6,29145,-77.071643,38.896332
446,6,29136,-77.071619,38.896562
446,6,11332,-77.070868,38.896622
446,10,20,-77.07281,38.898333
446,11,125,-77.071558,38.89732
446,16,1747,-77.069424,38.89462
446,16,1742,-77.069469,38.894834
418,0,451,-77.085513,38.891465
418,0,457,-77.08493,38.890665
418,0,447,-77.088307,38.890617
418,0,446,-77.090456,38.889789
418,0,444,-77.093019,38.888855
418,0,578,-77.095369,38.887254
418,0,1013,-77.085828,38.891919
418,0,473,-77.071642,38.890247
418,0,471,-77.073442,38.889322
418,0,470,-77.075349,38.888081
418,0,467,-77.076656,38.887696
418,0,465,-77.077454,38.889495
418,0,463,-77.078971,38.890305
418,0,462,-77.079128,38.891716
418,0,460,-77.080659,38.893155
418,0,453,-77.082228,38.892469
418,0,452,-77.083805,38.891872
418,0,454,-77.08502,38.89131
418,0,455,-77.083601,38.891465
418,0,461,-77.079325,38.891692
418,0,464,-77.079101,38.890236
418,0,466,-77.077513,38.889353
418,0,468,-77.076796,38.887686
418,0,469,-77.0746,38.88805
418,0,472,-77.073334,38.889514
418,0,474,-77.071671,38.890157
418,0,1014,-77.084636,38.890685
418,0,440,-77.095136,38.886778
418,0,986,-77.09332,38.88771
418,0,448,-77.091119,38.888487
418,0,449,-77.088824,38.88937
418,0,450,-77.086492,38.890345
418,0,1018,-77.094939,38.88646
418,0,1169,-77.09476,38.88635
418,0,1128,-77.07844,38.89409
418,0,1185,-77.088655,38.889694
418,0,1258,-77.088477,38.888205
418,0,1259,-77.088184,38.887365
418,0,1133,-77.079277,38.892834
418,6,11404,-77.095186,38.886763
418,6,12497,-77.093283,38.887735
418,6,12498,-77.091084,38.888511
418,6,12499,-77.088787,38.88941
418,6,12500,-77.086463,38.890314
418,6,27172,-77.085038,38.891314
418,6,23047,-77.083596,38.89146
418,6,8518,-77.080988,38.891953
418,6,8537,-77.079849,38.892616
418,6,12438,-77.07833,38.894161
418,6,12440,-77.08068,38.893164
418,6,12441,-77.082274,38.89246
418,6,27184,-77.083806,38.89189
418,6,27174,-77.085582,38.89144
418,6,12444,-77.088318,38.890613
418,6,12445,-77.09048,38.889791
418,6,12446,-77.093009,38.888862
418,6,11411,-77.095391,38.887272
418,6,27055,-77.088184,38.887338
418,6,27100,-77.088438,38.889476
418,6,27118,-77.088671,38.889736
418,6,27071,-77.088479,38.888182
418,6,12488,-77.084602,38.891553
418,16,2097,-77.095161,38.886803
418,16,1791,-77.086241,38.89035
418,16,1789,-77.086129,38.891312
418,16,1790,-77.095426,38.887412
324,0,1342,-77.111851,38.881884
324,0,85,-77.114353,38.882254
324,0,513,-77.111083,38.882088
324,0,346,-77.100526,38.883065
324,0,580,-77.102948,38.881931
324,0,344,-77.104357,38.881163
324,0,342,-77.106249,38.880169
324,0,334,-77.1093,38.8791
324,0,1016,-77.108711,38.879995
324,0,1306,-77.1103,38.88
324,0,1023,-77.112232,38.88014
324,0,1346,-77.1123,38.882089
324,0,109,-77.114572,38.88198
324,0,83,-77.110876,38.882092
324,0,1102,-77.1029,38.88249
324,0,329,-77.115706,38.879628
324,0,326,-77.117801,38.879094
324,0,324,-77.121418,38.878216
324,0,321,-77.123549,38.877679
324,0,320,-77.125154,38.877246
324,0,318,-77.126451,38.87692
324,0,315,-77.127663,38.874961
324,0,314,-77.127676,38.875315
324,0,316,-77.127742,38.876446
324,0,317,-77.126256,38.876816
324,0,319,-77.125514,38.877004
324,0,322,-77.123323,38.877524
324,0,323,-77.121278,38.878032
324,0,325,-77.119228,38.878573
324,0,327,-77.117658,38.878972
324,0,1020,-77.115404,38.87953
324,0,330,-77.112711,38.879932
324,0,1344,-77.11161,38.882078
324,0,341,-77.1072,38.8798
324,0,343,-77.103827,38.881282
324,0,1077,-77.102437,38.882005
324,0,345,-77.100442,38.882907
324,0,110,-77.11298,38.882021
324,0,335,-77.109092,38.879183
324,0,1343,-77.11185,38.881526
324,6,29222,-77.111013,38.882052
324,6,12704,-77.109232,38.88063
324,6,26945,-77.109366,38.87866
324,6,31533,-77.110338,38.880022
324,6,10003,-77.114598,38.881964
324,6,29217,-77.111281,38.882022
324,6,29216,-77.111651,38.881745
324,6,10004,-77.114056,38.882255
324,6,10470,-77.112394,38.879202
324,6,29294,-77.112708,38.879939
324,6,29302,-77.111629,38.881562
324,6,10444,-77.115723,38.881233
324,6,10446,-77.11349,38.879622
324,6,29293,-77.111673,38.88194
324,6,12631,-77.111717,38.882069
324,6,12462,-77.127856,38.876437
324,6,7428,-77.125667,38.876974
324,6,12483,-77.123305,38.877547
324,6,12459,-77.121155,38.878062
324,6,12458,-77.119216,38.878597
324,6,12457,-77.117662,38.878983
324,6,12456,-77.115438,38.879531
324,6,12455,-77.112244,38.880183
324,6,12487,-77.115803,38.879632
324,6,12486,-77.117841,38.879098
324,6,12485,-77.119627,38.878651
324,6,12484,-77.121248,38.878276
324,6,12460,-77.123553,38.877701
324,6,7432,-77.125171,38.877246
324,6,12482,-77.126485,38.876914
324,6,12481,-77.128056,38.876522
324,16,1745,-77.112889,38.882072
324,16,1746,-77.102494,38.883634
324,16,1743,-77.101608,38.884177
324,16,1744,-77.112326,38.882295
2936,0,1126,-77.116248,38.883385
2936,0,116,-77.117833,38.885482
2936,0,112,-77.110737,38.885665
2936,0,114,-77.11396,38.885565
2936,0,115,-77.116057,38.885505
2936,0,430,-77.108417,38.889083
2936,0,432,-77.108326,38.887467
2936,0,504,-77.108288,38.885822
2936,0,505,-77.108067,38.885863
2936,0,429,-77.10814,38.88848
2936,0,108,-77.117061,38.884699
2936,0,160,-77.116348,38.885341
2936,0,811,-77.113828,38.885428
2936,0,162,-77.11064,38.88552
2936,0,427,-77.108039,38.890826
2936,0,428,-77.108208,38.890935
2936,0,1307,-77.1169,38.8852
2936,6,10441,-77.11707,38.884716
2936,6,10474,-77.116269,38.883496
2936,6,10440,-77.116756,38.884831
2936,6,12263,-77.117877,38.885486
2936,6,12303,-77.116313,38.885351
2936,6,12261,-77.113829,38.88545
2936,6,12260,-77.112417,38.885497
2936,6,12259,-77.111118,38.885521
2936,6,12258,-77.107775,38.885935
2936,6,12257,-77.105616,38.886006
2936,6,12256,-77.103025,38.886012
2936,6,12309,-77.103263,38.886182
2936,6,12308,-77.105321,38.886228
2936,6,48140,-77.109139,38.885823
2936,6,12306,-77.110799,38.885667
2936,6,12305,-77.112091,38.885642
2936,6,27032,-77.113941,38.885565
2936,6,27030,-77.116057,38.885499
8,0,117,-77.121054,38.88534
8,0,159,-77.121318,38.885184
8,6,12301,-77.121341,38.885217
8,6,12264,-77.1211,38.88533
2597,0,118,-77.125861,38.885192
2597,0,158,-77.125409,38.885027
2597,6,12294,-77.137443,38.883184
2597,6,12295,-77.136029,38.883135
2597,6,12296,-77.134088,38.883518
2597,6,12268,-77.131832,38.884028
2597,6,12267,-77.129965,38.88442
2597,6,12299,-77.12752,38.884888
2597,6,12265,-77.125399,38.885053
2597,6,12300,-77.126196,38.885187
2597,6,12266,-77.127881,38.884984
2597,6,12298,-77.129664,38.884612
2597,6,12297,-77.131478,38.884222
2597,6,12269,-77.133557,38.883795
2597,6,12270,-77.135515,38.883406
2597,6,12271,-77.137574,38.883417
11,0,91,-77.128507,38.888909
11,0,93,-77.130516,38.892847
11,0,90,-77.125114,38.888282
11,0,1124,-77.126179,38.888115
11,0,99,-77.130724,38.892639
11,0,100,-77.129646,38.891075
11,0,101,-77.128931,38.889413
11,0,102,-77.125513,38.888122
11,0,157,-77.128342,38.887832
31,0,94,-77.133429,38.893437
31,0,95,-77.137309,38.896116
31,0,96,-77.136024,38.896282
31,0,97,-77.133587,38.895711
31,0,119,-77.13184,38.894542
31,0,120,-77.1335,38.896653
31,0,121,-77.133641,38.898361
31,0,122,-77.134855,38.899407
31,0,123,-77.135728,38.901183
31,0,124,-77.136861,38.903021
31,0,1205,-77.138224,38.896094
31,0,1206,-77.133177,38.896224
31,0,1246,-77.134321,38.896449
31,0,1247,-77.137358,38.896442
31,0,1248,-77.13849,38.89628
31,0,153,-77.136924,38.902875
31,0,154,-77.136156,38.901566
31,0,155,-77.135734,38.90015
31,0,156,-77.134675,38.898968
31,0,98,-77.132048,38.894408
31,6,27274,-77.138227,38.896104
31,6,29143,-77.136147,38.896282
31,6,27281,-77.133152,38.896228
17,0,111,-77.107762,38.883656
17,0,163,-77.107941,38.883416
17,0,1120,-77.10743,38.88234
21,0,1127,-77.118664,38.888718
21,0,87,-77.119528,38.889456
21,0,1321,-77.1192,38.8898
21,0,106,-77.118886,38.888619
21,0,105,-77.119311,38.889364
21,0,1308,-77.1191,38.8901
21,6,4845,-77.119235,38.889829
21,6,10478,-77.11887,38.888645
21,6,27080,-77.118703,38.888782
21,6,10435,-77.119084,38.890111
23,0,89,-77.122233,38.88887
23,0,103,-77.122516,38.888716
32,0,125,-77.139189,38.903553
32,0,126,-77.141338,38.903995
32,0,151,-77.141537,38.903839
32,0,152,-77.139186,38.90337
34,0,127,-77.14478,38.903939
34,0,150,-77.144801,38.903735
35,0,128,-77.149028,38.901976
35,0,149,-77.148652,38.901943
508,0,129,-77.152507,38.90109
508,0,130,-77.155607,38.900944
508,0,131,-77.156718,38.900581
508,0,146,-77.15703,38.899871
508,0,164,-77.156195,38.90049
508,0,147,-77.154497,38.900612
508,0,148,-77.151986,38.900996
508,0,350,-77.156961,38.899149
508,0,348,-77.157317,38.89719
508,0,1280,-77.15699,38.89781
39,0,132,-77.160237,38.899135
39,0,145,-77.160087,38.898986
40,0,133,-77.162273,38.897187
40,0,134,-77.160611,38.896049
40,0,144,-77.16051,38.896164
40,0,143,-77.162083,38.897235
42,0,135,-77.157834,38.894392
42,0,867,-77.157901,38.894504
42,0,502,-77.157675,38.894731
42,0,503,-77.157483,38.894382
43,0,136,-77.156524,38.889853
43,0,137,-77.156449,38.888168
43,0,138,-77.15679,38.886727
43,0,1181,-77.1567,38.886298
43,0,140,-77.156185,38.887912
43,0,1196,-77.1562,38.889834
43,0,1197,-77.1548,38.89121
43,0,1198,-77.1534,38.89196
43,0,1199,-77.1515,38.89252
43,0,1200,-77.1503,38.89281
43,0,1253,-77.150116,38.893073
43,0,1254,-77.151715,38.89264
43,0,1255,-77.153054,38.892287
43,0,1256,-77.154739,38.891444
43,0,141,-77.15642,38.891168
43,6,12280,-77.156804,38.887404
43,6,29140,-77.156715,38.886297
43,6,27058,-77.153991,38.887407
43,6,12286,-77.154841,38.887555
43,6,29139,-77.156943,38.886376
43,6,14681,-77.158269,38.88764
43,6,27079,-77.160128,38.888588
43,6,14680,-77.156532,38.889854
43,6,12285,-77.156443,38.888168
43,6,14682,-77.156189,38.887919
43,6,27091,-77.159506,38.889084
43,6,29114,-77.157015,38.88682
43,6,12012,-77.15624,38.889818
43,6,27171,-77.154766,38.891227
43,6,27187,-77.153391,38.89198
43,6,27199,-77.151621,38.892512
43,6,27202,-77.150297,38.892802
43,18,3567,-77.157164,38.886602
43,18,3604,-77.157324,38.887227
51,0,579,-77.09838,38.884804
51,0,1154,-77.098939,38.886133
51,0,812,-77.098234,38.884734
51,6,12255,-77.099,38.886149
3215,0,338,-77.10869,38.876137
3215,0,339,-77.107651,38.875519
3215,0,289,-77.104912,38.873571
3215,0,285,-77.102958,38.87205
3215,0,1322,-77.11019,38.8746
3215,0,1323,-77.1109,38.8731
3215,0,1324,-77.1084,38.8718
3215,0,1303,-77.1085,38.8721
3215,0,1304,-77.111,38.8733
3215,0,1305,-77.1096,38.8748
3215,0,337,-77.108506,38.876432
3215,0,287,-77.103375,38.872723
3215,0,288,-77.104923,38.873799
3215,0,290,-77.106132,38.874686
3215,0,340,-77.107263,38.875493
3215,6,10448,-77.108666,38.87613
3215,6,26888,-77.109847,38.874867
3215,6,12680,-77.110869,38.87305
3215,6,31571,-77.10846,38.871784
3215,6,31570,-77.108484,38.872072
3215,6,10687,-77.110888,38.873261
3215,6,26882,-77.10998,38.874593
3215,6,11774,-77.10858,38.876478
3215,6,10451,-77.107653,38.875528
3215,6,10453,-77.106491,38.874697
3215,6,10982,-77.104792,38.873475
3215,6,26835,-77.102938,38.872045
3215,6,10456,-77.103411,38.872743
3215,6,11576,-77.104943,38.873804
3215,6,10452,-77.106163,38.874703
3215,6,10450,-77.107325,38.875517
3215,6,8273,-77.114982,38.869811
3215,6,8276,-77.112508,38.869792
3215,6,10689,-77.11182,38.871055
3215,6,12676,-77.107808,38.871845
3215,6,11577,-77.10683,38.872623
3215,6,10455,-77.105473,38.873596
3215,6,26880,-77.104357,38.874182
3215,6,26879,-77.104702,38.874223
3215,6,10454,-77.105648,38.873672
3215,6,11580,-77.106785,38.872826
3215,6,10406,-77.11145,38.872763
3215,6,10690,-77.111801,38.871675
3215,6,8275,-77.112886,38.869943
3215,6,11519,-77.114501,38.869987
61,0,284,-77.100215,38.869988
61,0,283,-77.099995,38.870168
61,6,26812,-77.100201,38.869984
61,6,26815,-77.100012,38.870184
8806,0,273,-77.098346,38.868553
8806,0,268,-77.094862,38.866471
8806,0,262,-77.092597,38.864809
8806,0,265,-77.09287,38.86551
8806,0,267,-77.094768,38.866626
8806,0,269,-77.09631,38.86762
8806,0,272,-77.098429,38.868802
8806,6,10551,-77.09836,38.868573
8806,6,10550,-77.097379,38.867978
8806,6,10508,-77.094843,38.866479
8806,6,10547,-77.0926,38.86486
8806,6,10509,-77.092905,38.865523
8806,6,26784,-77.09476,38.866622
8806,6,10506,-77.096342,38.867619
8806,6,10504,-77.098442,38.868808
8806,6,26816,-77.089808,38.870507
8806,6,26814,-77.091146,38.870187
8806,6,8284,-77.092498,38.869855
8806,6,8279,-77.09493,38.869269
8806,6,26796,-77.096636,38.868836
8806,6,8278,-77.097146,38.86857
8806,6,26800,-77.096207,38.868778
8806,6,8285,-77.094607,38.869214
8806,6,8280,-77.092771,38.869672
8806,6,26813,-77.091398,38.870017
8806,6,26823,-77.088527,38.870721
596,0,254,-77.092225,38.861576
596,0,251,-77.095501,38.860498
596,0,994,-77.087136,38.862261
596,0,1096,-77.08678,38.862707
596,0,1095,-77.091764,38.861409
596,0,252,-77.0936,38.8608
596,0,1094,-77.09121,38.861346
596,0,1097,-77.086579,38.862577
596,0,1076,-77.0877,38.8681
596,0,992,-77.087871,38.866039
596,0,993,-77.087525,38.864406
596,0,1009,-77.086861,38.86203
596,0,1010,-77.086937,38.86288
596,0,1011,-77.087166,38.863913
596,0,1012,-77.087526,38.865645
596,0,985,-77.087856,38.867474
596,0,250,-77.095991,38.860145
596,0,255,-77.091872,38.861734
596,6,9818,-77.092231,38.861544
596,6,10545,-77.091879,38.861791
596,6,29131,-77.086858,38.86204
596,6,12233,-77.086949,38.862876
596,6,12215,-77.087175,38.863928
596,6,12214,-77.087554,38.865641
596,6,14396,-77.087886,38.867504
596,6,29132,-77.088162,38.868778
596,6,26795,-77.088337,38.868523
596,6,12235,-77.08785,38.865917
596,6,12234,-77.087515,38.864345
596,6,9736,-77.087105,38.862015
596,6,9740,-77.095954,38.860152
596,6,9738,-77.091209,38.861358
596,6,9820,-77.086591,38.862544
596,6,12216,-77.086828,38.862706
596,6,10511,-77.091136,38.861599
596,6,9816,-77.095549,38.860503
596,6,31519,-77.093589,38.860763
596,6,9737,-77.089284,38.861895
596,6,9819,-77.08847,38.862273
596,6,9817,-77.093668,38.860933
67,0,249,-77.099049,38.859533
67,0,247,-77.100698,38.859058
67,0,1330,-77.102,38.8594
67,0,1093,-77.100819,38.857659
67,0,1331,-77.1005,38.856
67,0,1141,-77.100729,38.858212
67,0,248,-77.099212,38.859276
67,0,1295,-77.1002,38.8562
67,0,1296,-77.1018,38.8596
67,0,246,-77.101427,38.858588
67,6,12671,-77.102017,38.859396
67,6,12664,-77.101824,38.859607
67,6,9742,-77.101513,38.858582
67,6,9814,-77.100719,38.859042
67,6,9741,-77.099193,38.859278
67,6,9815,-77.099048,38.859541
69,0,245,-77.10404,38.858095
69,0,244,-77.104579,38.857735
69,6,26635,-77.104021,38.858108
69,6,9743,-77.104536,38.857751
427,0,1101,-77.10838,38.85682
427,0,1092,-77.106618,38.855267
427,0,1139,-77.106035,38.854745
427,0,1100,-77.1089,38.8565
427,6,9811,-77.108409,38.856209
427,6,10123,-77.106864,38.855658
427,6,46787,-77.108755,38.856639
427,6,26585,-77.105963,38.855376
427,6,29240,-77.108372,38.856335
427,6,42439,-77.10894,38.856496
427,6,40000,-77.108405,38.856825
430,0,236,-77.112897,38.855729
430,0,235,-77.116978,38.8543
430,0,239,-77.118447,38.855668
430,0,297,-77.119226,38.857169
430,0,296,-77.118713,38.858684
430,0,294,-77.117328,38.859762
430,0,237,-77.112638,38.856335
430,0,303,-77.128049,38.860135
430,0,300,-77.125547,38.857135
430,0,879,-77.120082,38.857787
430,0,232,-77.11502,38.853934
430,0,231,-77.114876,38.853812
430,0,240,-77.112483,38.856487
430,0,293,-77.117265,38.859907
430,0,295,-77.118611,38.85895
430,0,299,-77.1202,38.857858
430,0,301,-77.125584,38.857285
430,0,302,-77.126746,38.858817
430,0,304,-77.128019,38.86041
430,0,305,-77.128748,38.861018
430,0,1135,-77.123261,38.855599
430,0,1136,-77.121351,38.856304
430,0,1137,-77.119075,38.856503
430,6,26595,-77.123917,38.855861
430,6,26610,-77.125589,38.856962
430,6,26652,-77.12676,38.858823
430,6,26683,-77.128739,38.861021
430,6,9582,-77.128007,38.860141
430,6,26606,-77.125351,38.85659
430,6,26589,-77.1237,38.855499
430,6,9748,-77.116195,38.854299
430,6,9810,-77.112366,38.855735
430,6,9746,-77.112954,38.855721
430,6,9808,-77.116989,38.854389
430,6,9809,-77.114942,38.854934
430,6,29351,-77.112606,38.856316
430,6,26590,-77.123085,38.855737
430,6,8496,-77.121393,38.856266
430,6,26605,-77.119159,38.856502
430,6,10012,-77.119168,38.857173
430,6,10014,-77.118727,38.85868
430,6,26668,-77.117324,38.859768
77,0,292,-77.113817,38.858555
77,0,291,-77.113716,38.858687
77,6,10018,-77.11382,38.858563
86,0,1201,-77.14719,38.89366
86,0,1252,-77.1477,38.89368
86,6,27219,-77.147662,38.893506
88,0,1204,-77.14357,38.89483
88,0,1203,-77.140655,38.895533
88,0,1249,-77.1416,38.8955
88,0,1250,-77.143821,38.894898
88,6,27238,-77.143877,38.89469
88,6,27255,-77.140652,38.89554
91,0,1207,-77.13072,38.896284
91,0,1244,-77.130318,38.896464
91,6,27282,-77.130728,38.89628
92,0,1208,-77.126788,38.896387
92,0,1243,-77.127268,38.896516
92,6,27289,-77.126815,38.896389
476,0,1209,-77.124131,38.897257
476,0,1210,-77.122101,38.897951
476,0,1211,-77.119602,38.898546
476,0,413,-77.116484,38.898057
476,0,415,-77.115254,38.89744
476,0,1022,-77.114199,38.897124
476,0,1212,-77.112375,38.896989
476,0,1213,-77.110067,38.896968
476,0,1214,-77.10794,38.896705
476,0,1215,-77.106056,38.896245
476,0,1216,-77.104387,38.895835
476,0,1217,-77.10099,38.89621
476,0,1235,-77.10259,38.89646
476,0,1236,-77.105866,38.896395
476,0,1237,-77.10701,38.896731
476,0,1238,-77.110032,38.897088
476,0,1239,-77.112876,38.897062
476,0,416,-77.114189,38.897227
476,0,414,-77.115134,38.897586
476,0,412,-77.117304,38.898489
476,0,1240,-77.11857,38.89868
476,0,1241,-77.121694,38.898319
476,0,1242,-77.123277,38.897781
476,0,1318,-77.1239,38.8977
476,0,1319,-77.1228,38.8964
476,0,426,-77.107579,38.892962
476,0,423,-77.107591,38.895009
476,0,419,-77.108139,38.8964
476,0,418,-77.108656,38.89753
476,0,417,-77.108882,38.897631
476,0,420,-77.108276,38.896232
476,0,424,-77.107775,38.894793
476,0,425,-77.107763,38.893542
476,0,1310,-77.1221,38.8959
476,0,1311,-77.1231,38.8972
476,6,10430,-77.123859,38.897718
476,6,27288,-77.122784,38.896378
476,6,10484,-77.122142,38.895891
476,6,27304,-77.123143,38.897211
476,6,27309,-77.124083,38.897285
476,6,27328,-77.122099,38.897965
476,6,27338,-77.119599,38.898557
476,6,27330,-77.11645,38.898044
476,6,27311,-77.115226,38.897433
476,6,27302,-77.114251,38.897132
476,6,27300,-77.112407,38.896998
476,6,27301,-77.110115,38.896978
476,6,27294,-77.10802,38.896724
476,6,27280,-77.106058,38.896249
476,6,27266,-77.104384,38.895833
476,6,27277,-77.101108,38.896186
216,0,1218,-77.097497,38.895836
216,0,1232,-77.094767,38.894982
216,0,1219,-77.092764,38.894547
216,0,1220,-77.090934,38.894754
216,0,1245,-77.088206,38.89533
216,0,1221,-77.085983,38.895954
216,0,1223,-77.078214,38.8978
216,0,1227,-77.0804,38.89759
216,0,1228,-77.086885,38.895995
216,0,1229,-77.089187,38.89542
216,0,1230,-77.091573,38.894971
216,0,1231,-77.094536,38.895243
216,0,1233,-77.097317,38.896112
216,0,487,-77.08595,38.89711
216,0,485,-77.083989,38.897941
216,0,483,-77.0816,38.8982
216,0,480,-77.078677,38.895989
216,0,481,-77.078807,38.896129
216,0,482,-77.081802,38.898238
216,0,484,-77.083686,38.898077
216,0,486,-77.08607,38.89718
216,0,494,-77.095558,38.896283
216,0,495,-77.095297,38.896857
216,6,27263,-77.097472,38.895841
216,6,27247,-77.094856,38.89503
216,6,27236,-77.092735,38.894556
216,6,27239,-77.091399,38.89469
216,6,27253,-77.088201,38.895342
216,6,27268,-77.085936,38.895981
216,6,27321,-77.078215,38.897798
111,0,1222,-77.082255,38.896279
111,6,27279,-77.082252,38.896293
546,0,995,-77.087358,38.860105
546,0,996,-77.087721,38.858872
546,0,207,-77.087975,38.856638
546,0,554,-77.091477,38.855469
546,0,997,-77.088282,38.857171
546,0,998,-77.088585,38.85611
546,0,1007,-77.088319,38.855799
546,0,1008,-77.08808,38.85693
546,0,934,-77.08749,38.85881
546,0,935,-77.08718,38.85973
546,6,10542,-77.089472,38.856307
546,6,10515,-77.089105,38.85611
546,6,12220,-77.088324,38.8558
546,6,8535,-77.088167,38.856557
546,6,12219,-77.08749,38.858853
546,6,12218,-77.087203,38.859809
546,6,12232,-77.087369,38.860083
546,6,12231,-77.087729,38.858875
546,6,26618,-77.088289,38.85716
546,6,12230,-77.088595,38.85611
119,0,204,-77.084659,38.857353
120,0,202,-77.081825,38.858024
120,0,201,-77.082637,38.85906
122,0,198,-77.082992,38.860947
123,0,195,-77.083518,38.863351
123,0,1098,-77.084432,38.863348
123,6,9821,-77.083575,38.863336
123,6,9735,-77.08442,38.863328
394,0,1156,-77.080546,38.864103
394,0,562,-77.080983,38.866838
394,0,563,-77.080636,38.865062
394,0,568,-77.08041,38.86498
394,0,569,-77.080813,38.866991
394,6,26741,-77.080507,38.864087
394,6,26743,-77.081016,38.864249
125,0,188,-77.0733,38.8638
125,0,193,-77.07289,38.862314
125,0,186,-77.0747,38.8633
125,0,1084,-77.07353,38.8647
125,0,564,-77.077835,38.86483
125,0,185,-77.075445,38.865621
125,0,567,-77.077526,38.865088
125,6,9732,-77.077848,38.864832
125,6,26763,-77.075412,38.865635
125,6,9824,-77.077566,38.865082
2042,0,1341,-77.05982,38.86251
2042,6,45651,-77.059747,38.862763
2042,6,8513,-77.059195,38.860618
2042,6,47135,-77.059305,38.862624
2042,6,12930,-77.059547,38.862421
2042,6,29127,-77.061241,38.860727
2042,6,10890,-77.063318,38.861497
2042,6,8510,-77.060172,38.860451
2042,6,47133,-77.059343,38.862399
2042,18,2252,-77.059577,38.862974
152,0,972,-77.075119,38.848509
152,0,973,-77.075575,38.847712
152,0,974,-77.077244,38.846514
152,0,975,-77.077372,38.848119
152,0,969,-77.071209,38.846828
152,0,970,-77.072814,38.847565
152,0,971,-77.07418,38.84875
152,0,949,-77.077496,38.848384
152,0,950,-77.077651,38.846886
152,0,951,-77.075833,38.846964
152,0,952,-77.075135,38.848186
152,0,953,-77.074272,38.848574
152,0,954,-77.072247,38.84711
152,0,955,-77.070538,38.846454
152,0,1193,-77.077474,38.845371
134,0,976,-77.074834,38.8515
134,0,977,-77.073814,38.852988
134,0,978,-77.072736,38.854401
134,0,979,-77.071893,38.855807
134,0,945,-77.072159,38.855623
134,0,946,-77.073046,38.854262
134,0,947,-77.073819,38.853196
134,0,948,-77.075243,38.851254
138,0,980,-77.06924,38.85913
138,0,943,-77.06951,38.85918
139,0,981,-77.067666,38.86375
139,0,942,-77.06785,38.863878
8437,0,982,-77.065268,38.865345
8437,0,941,-77.065263,38.865547
8437,6,29122,-77.063353,38.863624
8437,6,10889,-77.063417,38.864375
142,0,823,-77.061809,38.865691
142,0,565,-77.058972,38.865328
142,0,880,-77.060018,38.86572
142,0,822,-77.06224,38.86603
142,6,29123,-77.061781,38.865715
142,6,26761,-77.058949,38.865336
142,6,26769,-77.060052,38.865775
142,6,26775,-77.062237,38.866052
143,0,530,-77.054603,38.868426
143,1,884,-77.054212,38.8688
143,1,829,-77.054941,38.868187
143,6,29221,-77.0544,38.868649
143,6,29349,-77.053337,38.869439
143,6,29200,-77.054212,38.8688
143,6,29198,-77.054016,38.868934
143,6,29312,-77.053842,38.869058
143,6,12928,-77.053532,38.869354
143,6,29322,-77.054777,38.868367
143,6,39860,-77.053593,38.869236
143,6,28910,-77.053508,38.86931
143,10,22,-77.05411,38.868415
143,16,1613,-77.054364,38.868145
143,18,3234,-77.054104,38.868342
143,18,36,-77.054181,38.869101
143,18,2781,-77.055097,38.868297
144,0,1340,-77.08726,38.83954
144,0,1111,-77.08888,38.84068
144,0,1005,-77.089412,38.84193
144,0,1339,-77.0874,38.8394
144,0,1112,-77.08717,38.83962
144,0,1006,-77.08991,38.84243
144,1,719,-77.086843,38.839972
144,6,31507,-77.089385,38.841965
144,6,8596,-77.088239,38.841855
144,6,30012,-77.087389,38.839279
144,6,30008,-77.087419,38.839422
144,6,31503,-77.089907,38.842433
144,6,30007,-77.087258,38.839359
144,6,30011,-77.087456,38.839318
145,0,223,-77.084493,38.844742
145,0,962,-77.085569,38.844469
145,0,1110,-77.08588,38.84398
145,0,1113,-77.08608,38.84421
145,6,14127,-77.085602,38.844478
145,6,11909,-77.08559,38.84376
554,0,222,-77.083698,38.846976
554,0,961,-77.083916,38.847015
554,0,1086,-77.085472,38.849497
554,0,1087,-77.084949,38.848557
554,6,10925,-77.085474,38.8495
554,6,10928,-77.084962,38.848561
554,6,11906,-77.083926,38.84701
554,6,11905,-77.083692,38.846944
554,6,10926,-77.08545,38.849725
147,0,221,-77.081209,38.848038
147,0,543,-77.081113,38.848179
148,0,966,-77.074588,38.844023
148,0,959,-77.074669,38.844173
148,6,10537,-77.074678,38.844182
148,6,10520,-77.074599,38.844028
149,0,967,-77.071489,38.844299
149,0,958,-77.071463,38.844538
149,6,10536,-77.071468,38.844541
149,6,10521,-77.071506,38.844305
2159,0,968,-77.068535,38.844668
2159,0,1017,-77.067296,38.846183
2159,0,956,-77.066956,38.845832
2159,0,957,-77.068725,38.844841
2159,6,26437,-77.064812,38.845261
2159,6,9125,-77.065121,38.845889
2159,6,9126,-77.067289,38.848503
2159,6,2435,-77.067096,38.847917
2159,6,9124,-77.065147,38.845486
2159,6,26439,-77.065522,38.845319
2159,6,29129,-77.068759,38.844834
2159,6,26422,-77.068532,38.844686
2159,6,26432,-77.065864,38.84505
2038,0,825,-77.055238,38.865106
2038,0,566,-77.056318,38.865241
2038,6,8531,-77.056372,38.859544
2038,6,29186,-77.054481,38.864416
2038,6,9953,-77.054147,38.862056
2038,6,13346,-77.053814,38.860618
2038,6,8515,-77.054115,38.85996
2038,6,8532,-77.056503,38.859741
2038,6,26754,-77.05525,38.865106
2038,6,26758,-77.056321,38.865246
2038,6,8509,-77.053843,38.859735
2038,10,21,-77.056343,38.865217
2038,10,31,-77.05411,38.862823
2038,16,1439,-77.054377,38.864504
2038,16,2004,-77.054184,38.862174
2038,18,1869,-77.055167,38.865085
2038,18,2251,-77.056075,38.859658
2038,18,1871,-77.053748,38.859803
480,0,404,-77.109072,38.902435
480,0,403,-77.108308,38.902108
480,0,421,-77.109124,38.900273
480,0,406,-77.108911,38.902093
480,0,810,-77.108081,38.903564
480,0,402,-77.108295,38.90353
480,0,405,-77.109212,38.902054
480,0,422,-77.109309,38.900231
244,0,409,-77.11321,38.901704
244,0,408,-77.113011,38.901669
245,0,410,-77.115427,38.90013
245,0,411,-77.1155,38.899846
246,0,1149,-77.111593,38.88912
246,0,1148,-77.111347,38.889352
257,0,1279,-77.1009,38.8903
257,0,1151,-77.100765,38.891227
257,0,1150,-77.101157,38.890359
260,0,496,-77.096328,38.899242
260,0,497,-77.096197,38.899096
261,0,498,-77.098602,38.899838
261,0,499,-77.09947,38.89986
262,0,500,-77.102739,38.900759
262,0,501,-77.10259,38.900551
280,0,365,-77.13681,38.91572
280,0,367,-77.136377,38.917081
280,0,366,-77.137255,38.915347
280,0,1170,-77.136246,38.916778
281,0,1315,-77.13562,38.91342
281,0,1287,-77.1353,38.91346
282,0,1288,-77.13289,38.91038
282,0,1286,-77.13341,38.91144
283,0,1289,-77.1312,38.90786
283,0,1285,-77.13128,38.90838
283,6,11459,-77.132953,38.907846
283,6,11417,-77.132572,38.907644
284,0,1290,-77.12923,38.90464
284,0,1284,-77.12969,38.90583
284,6,11460,-77.130983,38.905416
284,6,11416,-77.129432,38.904687
285,0,1337,-77.1279,38.9027
285,0,1316,-77.1271,38.9016
285,0,1317,-77.126,38.9003
285,0,1312,-77.12558,38.9
285,0,1313,-77.1266,38.9013
285,0,1314,-77.12774,38.90289
285,6,10489,-77.127879,38.902673
285,6,10488,-77.127079,38.901571
285,6,10487,-77.126004,38.900264
285,6,10429,-77.125573,38.900039
285,6,10428,-77.126656,38.901314
285,6,10427,-77.12749,38.902486
290,0,1320,-77.1198,38.8931
290,0,1309,-77.1196,38.893
290,6,10432,-77.121127,38.89426
290,6,10482,-77.119818,38.89306
290,6,10433,-77.119568,38.893054
300,0,1325,-77.1071,38.8694
300,0,1326,-77.1067,38.8669
300,0,1300,-77.1064,38.867
300,0,1301,-77.1067,38.8688
300,0,1302,-77.1069,38.8698
300,6,26805,-77.107124,38.869444
300,6,26788,-77.106858,38.867068
300,6,26785,-77.106471,38.867019
300,6,26797,-77.106678,38.868754
300,6,26810,-77.106926,38.869762
303,0,1327,-77.1056,38.8651
303,0,1328,-77.1041,38.8636
303,0,1329,-77.103,38.8614
303,0,1297,-77.1031,38.862
303,0,1298,-77.10419,38.86416
303,0,1299,-77.1052,38.8649
303,6,12674,-77.105665,38.865112
303,6,12666,-77.104124,38.863635
303,6,12665,-77.103008,38.861412
303,6,12672,-77.103071,38.862045
303,6,12673,-77.104087,38.864065
303,6,12667,-77.105202,38.864931
307,0,1091,-77.101927,38.853888
307,0,1332,-77.1029,38.8525
307,0,1140,-77.101664,38.853748
307,0,1294,-77.1024,38.8523
307,6,10125,-77.104063,38.853663
307,6,10127,-77.102871,38.852474
307,6,26537,-77.102451,38.852304
307,6,26561,-77.103988,38.853767
309,0,1333,-77.1002,38.8503
309,0,1293,-77.0998,38.8502
309,6,26510,-77.099842,38.85024
311,0,1334,-77.0978,38.8487
311,0,1335,-77.0954,38.8473
311,0,1116,-77.09558,38.84665
311,0,1003,-77.095601,38.845025
311,0,1107,-77.09523,38.84662
311,0,928,-77.095924,38.845437
311,0,1291,-77.0953,38.8474
311,0,1292,-77.0978,38.8488
311,0,988,-77.094458,38.84808
311,0,929,-77.094425,38.847692
311,6,26493,-77.097795,38.84878
311,6,10132,-77.095375,38.847311
311,6,14292,-77.095597,38.845069
311,6,26441,-77.095972,38.845459
311,6,26475,-77.095981,38.847782
311,6,26495,-77.097808,38.848854
340,0,1004,-77.092072,38.843654
340,0,1108,-77.09228,38.84556
340,0,1115,-77.09201,38.84557
340,0,927,-77.091807,38.843759
340,6,9118,-77.092113,38.843768
340,6,9117,-77.092027,38.843902
325,0,313,-77.129612,38.873461
325,0,312,-77.129516,38.873342
326,0,311,-77.128321,38.870804
326,0,310,-77.128185,38.870877
2268,0,307,-77.128957,38.8638
2268,0,306,-77.12879,38.86358
2268,0,308,-77.128501,38.865151
2268,6,26729,-77.128777,38.863624
2268,6,26755,-77.12851,38.86506
2268,6,26793,-77.127306,38.868455
2268,6,9579,-77.127764,38.868143
2268,6,26766,-77.128597,38.865654
2268,6,26734,-77.128922,38.86384
2268,6,26777,-77.128704,38.866128
2268,6,26783,-77.128039,38.866682
334,0,230,-77.114669,38.851693
334,0,228,-77.11406,38.850177
334,0,226,-77.112796,38.848647
334,0,1103,-77.113025,38.847139
334,0,1119,-77.11161,38.84676
334,0,225,-77.112813,38.848789
334,0,227,-77.113828,38.84996
334,0,229,-77.114401,38.851395
336,0,1104,-77.10904,38.84568
336,0,545,-77.109285,38.845871
337,0,1105,-77.10493,38.84312
337,0,1118,-77.10465,38.84303
338,0,1106,-77.09935,38.84462
338,0,1117,-77.09959,38.84468
341,0,1109,-77.08879,38.84453
341,0,1114,-77.08976,38.84488
385,0,814,-77.093345,38.884641
385,0,1015,-77.093224,38.884865
386,0,558,-77.09203,38.883035
386,0,577,-77.091496,38.88274
390,0,559,-77.09045,38.88052
390,0,560,-77.089025,38.878902
390,0,815,-77.086861,38.877386
390,0,817,-77.084472,38.875663
390,0,571,-77.085247,38.876579
390,0,572,-77.086431,38.877438
390,0,574,-77.088018,38.878571
390,0,575,-77.089177,38.8794
390,0,576,-77.090183,38.880647
390,6,11568,-77.090721,38.880586
390,6,11587,-77.090284,38.880904
391,0,1099,-77.082993,38.87279
391,0,1125,-77.081959,38.871573
391,0,531,-77.081669,38.87143
393,0,561,-77.081368,38.869096
393,0,570,-77.0813,38.8696
393,0,1078,-77.083382,38.868829
393,0,1079,-77.083047,38.868664
397,0,534,-77.071416,38.866473
397,0,533,-77.07172,38.866569
397,6,9731,-77.071463,38.866468
397,6,9826,-77.071729,38.866575
398,0,819,-77.068533,38.867232
398,0,818,-77.068531,38.867402
398,6,11212,-77.068504,38.867241
398,6,11213,-77.068502,38.867411
399,0,821,-77.064153,38.86918
399,0,820,-77.063993,38.869388
399,6,28913,-77.064885,38.870244
399,6,9829,-77.064058,38.869433
399,6,9728,-77.064118,38.869137
423,0,1129,-77.08799,38.885025
423,0,1147,-77.087636,38.883097
423,0,1146,-77.087376,38.880924
423,0,1145,-77.087279,38.881124
423,0,1144,-77.087501,38.882839
423,0,1132,-77.08781,38.884885
423,6,12710,-77.087288,38.88114
423,6,9251,-77.087478,38.882825
423,6,9253,-77.087768,38.884877
423,6,9252,-77.087954,38.88494
423,6,9254,-77.087646,38.883132
423,6,12709,-77.08738,38.880866
2354,0,1134,-77.119637,38.853638
2354,0,1180,-77.122079,38.853695
2354,6,26491,-77.124079,38.848772
2354,6,26513,-77.123509,38.85044
2354,6,26525,-77.122629,38.851621
2354,6,26560,-77.122083,38.853701
2354,6,26543,-77.122161,38.852748
2354,6,26528,-77.122549,38.851821
2354,6,26519,-77.123464,38.85095
2354,6,26477,-77.123527,38.847832
2354,6,29317,-77.127078,38.851202
2354,6,29346,-77.124402,38.852487
2354,6,29347,-77.122636,38.853027
2354,6,26471,-77.125261,38.847369
2354,6,26456,-77.125322,38.846412
2354,6,11816,-77.124574,38.845944
2354,6,1816,-77.12309,38.844472
2354,6,29348,-77.123151,38.844963
2354,6,11879,-77.124882,38.846363
2354,6,26555,-77.122668,38.853323
2354,6,29316,-77.124303,38.852879
2354,6,9752,-77.125996,38.851915
2354,6,9753,-77.127404,38.851342
2354,6,26558,-77.119708,38.853638
2354,6,10025,-77.119469,38.853381
2354,6,10024,-77.120117,38.852767
433,0,1171,-77.11626,38.85704
483,0,401,-77.109595,38.905884
483,0,398,-77.110472,38.907457
483,0,396,-77.111117,38.908606
483,0,397,-77.111433,38.908593
483,0,399,-77.110813,38.907723
483,0,400,-77.110309,38.906576
486,0,395,-77.113111,38.910806
486,0,394,-77.113525,38.911204
487,0,392,-77.115238,38.913041
487,0,393,-77.115617,38.913063
493,0,391,-77.1189,38.915703
493,0,808,-77.119258,38.918041
493,0,388,-77.119693,38.91934
493,0,387,-77.120507,38.920782
493,0,385,-77.121447,38.923139
493,0,383,-77.122446,38.925182
493,0,805,-77.122069,38.924038
493,0,386,-77.121512,38.922915
493,0,806,-77.121083,38.922146
493,0,807,-77.120717,38.920944
493,0,389,-77.119993,38.91955
493,0,809,-77.119197,38.917619
493,0,390,-77.119123,38.916186
497,0,382,-77.125174,38.92368
497,0,377,-77.129029,38.921544
497,0,374,-77.130078,38.921225
497,0,371,-77.133199,38.919203
497,0,368,-77.134025,38.9186
497,0,372,-77.131757,38.919704
497,0,373,-77.130231,38.920762
497,0,375,-77.127812,38.923035
497,0,381,-77.126407,38.924416
501,0,364,-77.138694,38.911739
501,0,361,-77.139418,38.909913
501,0,359,-77.140489,38.90911
501,0,360,-77.13994,38.909137
501,0,362,-77.138931,38.910499
501,0,363,-77.138296,38.912078
501,6,10747,-77.138811,38.910082
501,6,11458,-77.137132,38.909658
501,6,11418,-77.136698,38.909751
501,6,10746,-77.139483,38.910367
503,0,358,-77.143787,38.908144
503,0,356,-77.145716,38.907412
503,0,355,-77.146044,38.907105
503,0,357,-77.144065,38.90779
505,0,354,-77.151034,38.905469
505,0,353,-77.150755,38.905425
506,0,352,-77.15277,38.904005
506,0,351,-77.153136,38.903415
545,0,1167,-77.090601,38.853288
545,0,1159,-77.09152,38.852136
545,0,999,-77.089116,38.85392
545,0,1000,-77.091561,38.851812
545,0,931,-77.091088,38.852045
545,0,553,-77.089516,38.853093
545,6,10922,-77.087866,38.853167
545,6,10921,-77.087839,38.853309
547,0,213,-77.093969,38.855021
548,0,214,-77.096454,38.853803
549,0,1158,-77.095316,38.851279
551,0,1160,-77.091257,38.849744
551,0,1161,-77.089956,38.848373
551,0,1162,-77.087966,38.848931
551,0,1001,-77.092963,38.850003
551,0,930,-77.092707,38.849953
632,1,512,-77.129059,38.79974
632,1,360,-77.133858,38.799271
632,1,511,-77.128891,38.799862
632,1,312,-77.131065,38.799519
632,1,270,-77.128746,38.799961
632,18,2963,-77.128365,38.799549
632,18,447,-77.13382,38.79926
632,18,448,-77.133267,38.79899
632,18,74,-77.128198,38.79959
632,18,2814,-77.131322,38.800263
632,18,37,-77.128606,38.799516
721,1,450,-77.133781,38.804806
721,1,34,-77.134644,38.807667
721,1,42,-77.139,38.808693
721,1,54,-77.135803,38.809746
721,1,47,-77.139297,38.808773
721,1,36,-77.138557,38.807671
721,1,30,-77.135071,38.807487
721,1,391,-77.133652,38.806728
721,1,392,-77.134056,38.80518
721,1,14,-77.13205,38.804569
721,1,13,-77.132156,38.804371
721,1,311,-77.136002,38.809731
721,1,439,-77.135109,38.808163
721,18,1730,-77.133777,38.804788
721,18,437,-77.13466,38.80765
721,18,439,-77.13704,38.80771
721,18,443,-77.14067,38.80752
721,18,444,-77.1422,38.80632
721,18,446,-77.14325,38.80539
721,18,440,-77.14455,38.80434
721,18,428,-77.145848,38.803115
721,18,431,-77.144341,38.804112
721,18,426,-77.142996,38.805193
721,18,441,-77.14149,38.80667
721,18,442,-77.13856,38.80765
721,18,438,-77.13506,38.80749
721,18,1722,-77.13372,38.80656
721,18,1721,-77.13407,38.8052
721,18,1731,-77.13403,38.80376
638,1,62,-77.139252,38.810783
638,1,99,-77.139671,38.812721
638,1,103,-77.137604,38.812847
638,1,101,-77.136147,38.812771
638,1,93,-77.137062,38.81242
638,1,102,-77.135956,38.812878
638,1,104,-77.13768,38.812992
638,1,97,-77.139931,38.812439
638,1,63,-77.139503,38.810703
638,1,441,-77.137093,38.811474
644,1,79,-77.132706,38.811626
644,1,90,-77.131073,38.812252
644,1,120,-77.13195,38.814377
644,1,115,-77.133179,38.814014
644,1,96,-77.131416,38.812359
644,1,92,-77.133095,38.812351
644,6,26007,-77.133197,38.813995
644,6,6513,-77.132122,38.814436
643,1,340,-77.131126,38.817223
643,6,30040,-77.131136,38.817157
645,1,622,-77.141785,38.81794
645,1,623,-77.14222,38.817795
645,6,26035,-77.142189,38.817771
645,6,11415,-77.141604,38.817878
645,18,1036,-77.14154,38.81786
3697,1,624,-77.142937,38.819523
3697,1,625,-77.140022,38.819889
3697,1,585,-77.139679,38.819557
3697,1,586,-77.137985,38.818336
3697,1,584,-77.135918,38.819054
3697,1,877,-77.136024,38.818856
3697,1,857,-77.136181,38.818165
3697,1,858,-77.13841,38.818837
3697,1,883,-77.139508,38.81967
3697,1,321,-77.139946,38.820103
3697,1,626,-77.142136,38.820751
3697,6,26043,-77.144897,38.818705
3697,6,29201,-77.144333,38.81882
3697,6,11687,-77.136614,38.820481
3697,6,23854,-77.136192,38.819281
3697,6,11204,-77.136181,38.818165
3697,6,26042,-77.13841,38.818837
3697,6,11206,-77.139508,38.81967
3697,6,2857,-77.142274,38.820719
3697,6,9699,-77.142748,38.821037
3697,6,26089,-77.14242,38.822257
3697,6,9700,-77.141616,38.823008
3697,6,9701,-77.141122,38.824052
3697,6,11346,-77.138271,38.824783
3697,6,11344,-77.138742,38.824556
3697,6,26116,-77.140937,38.824241
3697,6,9702,-77.141598,38.823375
3697,6,26088,-77.142754,38.82229
3697,6,2393,-77.142953,38.820914
3697,6,29202,-77.14013,38.819941
3697,6,23816,-77.138092,38.820404
3697,18,2445,-77.14428,38.81881
653,1,341,-77.133667,38.820202
653,1,343,-77.132256,38.821693
653,1,158,-77.134331,38.82309
653,1,582,-77.134132,38.822483
653,1,344,-77.132401,38.821602
653,1,342,-77.133636,38.820385
653,6,9290,-77.134506,38.823136
655,1,167,-77.132477,38.824692
655,1,175,-77.130058,38.82597
655,1,177,-77.130362,38.826103
655,1,169,-77.13224,38.825073
655,6,9288,-77.130369,38.826129
655,6,9289,-77.13209,38.825164
655,6,11342,-77.13267,38.825186
655,6,9272,-77.130061,38.825942
829,1,190,-77.126305,38.828056
829,1,859,-77.125017,38.829591
829,1,861,-77.124195,38.831563
829,1,262,-77.122673,38.83289
829,1,212,-77.120293,38.833603
829,1,604,-77.119537,38.832701
829,1,876,-77.11758,38.8315
829,1,201,-77.113297,38.83149
829,1,204,-77.114258,38.832523
829,1,215,-77.115379,38.833729
829,1,226,-77.115318,38.835285
829,1,831,-77.11393,38.837121
829,1,708,-77.117749,38.83164
829,1,213,-77.115494,38.833675
829,1,205,-77.114525,38.83268
829,1,200,-77.11338,38.831467
829,1,866,-77.11419,38.837304
829,1,207,-77.119484,38.83292
829,1,217,-77.120682,38.833802
829,1,206,-77.12326,38.832851
829,1,860,-77.124471,38.83158
829,1,879,-77.125358,38.829601
829,1,185,-77.127502,38.827579
829,1,764,-77.116188,38.83847
829,1,603,-77.117134,38.831665
829,1,240,-77.115349,38.838165
829,6,26231,-77.113343,38.831568
829,6,26250,-77.114298,38.832574
829,6,26274,-77.115413,38.833733
829,6,26293,-77.115309,38.835281
829,6,10059,-77.114632,38.837416
829,6,13915,-77.115361,38.838172
829,6,12835,-77.116157,38.838443
829,6,9284,-77.114575,38.83721
829,6,26273,-77.115496,38.833582
829,6,26253,-77.114562,38.832596
829,6,11952,-77.113433,38.831398
829,6,392,-77.116683,38.838841
829,6,9277,-77.114182,38.836805
829,6,10056,-77.11419,38.837304
829,6,31893,-77.117835,38.831612
829,6,26260,-77.119465,38.832927
829,6,26275,-77.120706,38.833812
829,6,31895,-77.123261,38.832873
829,6,9275,-77.124756,38.830932
829,6,9273,-77.127526,38.827567
829,6,9287,-77.126243,38.828107
829,6,8458,-77.125011,38.829587
829,6,26232,-77.124195,38.831563
829,6,29197,-77.122588,38.83296
829,6,26270,-77.12029,38.833601
829,6,31896,-77.119684,38.832837
829,6,39876,-77.115863,38.832313
829,6,39873,-77.117533,38.831527
829,16,1957,-77.117932,38.831635
829,18,2387,-77.116752,38.831909
668,1,243,-77.111409,38.8386
668,1,244,-77.111824,38.838722
668,6,9278,-77.111387,38.838611
668,6,9283,-77.111801,38.838728
669,1,232,-77.109535,38.836296
669,1,233,-77.109322,38.836391
669,6,26307,-77.109524,38.836254
669,6,26308,-77.109322,38.836388
830,1,223,-77.107925,38.834446
830,1,224,-77.106827,38.835152
830,1,592,-77.106178,38.836792
830,1,426,-77.104767,38.836571
830,1,259,-77.102974,38.836609
830,1,234,-77.103088,38.836788
830,1,427,-77.104965,38.836845
830,1,874,-77.106451,38.836714
830,1,225,-77.10701,38.835258
830,1,222,-77.108292,38.834534
830,1,738,-77.109315,38.840351
830,1,841,-77.108023,38.841432
830,1,248,-77.106667,38.840683
830,1,607,-77.105614,38.839535
830,1,875,-77.10595,38.837967
830,1,245,-77.105583,38.839855
830,1,745,-77.108626,38.841414
830,1,737,-77.109566,38.840511
830,6,26371,-77.109315,38.840351
830,6,26372,-77.106456,38.840471
830,6,8578,-77.105355,38.840175
830,6,26365,-77.103999,38.840016
830,6,9837,-77.103763,38.840047
830,6,2784,-77.105722,38.840134
830,6,40832,-77.108633,38.841403
830,6,9282,-77.109566,38.84051
830,6,26285,-77.107921,38.834459
830,6,26291,-77.106875,38.83512
830,6,31588,-77.106193,38.836805
830,6,31589,-77.10595,38.837967
830,6,26360,-77.105653,38.839759
830,6,39953,-77.105508,38.839498
830,6,31587,-77.106451,38.836714
830,6,26292,-77.107007,38.835257
830,6,26284,-77.108286,38.834539
1049,1,188,-77.110756,38.827755
1049,1,179,-77.109344,38.826595
1049,1,171,-77.10685,38.824966
1049,1,274,-77.104881,38.824162
1049,1,476,-77.104065,38.82513
1049,1,478,-77.103989,38.827099
1049,1,480,-77.103928,38.828827
1049,1,271,-77.102219,38.828655
1049,1,165,-77.104858,38.824348
1049,1,172,-77.10685,38.82515
1049,1,174,-77.108276,38.825996
1049,1,182,-77.10965,38.827156
1049,1,192,-77.110863,38.828262
1049,1,194,-77.102097,38.828815
1049,1,481,-77.104103,38.828857
1049,1,479,-77.104156,38.827457
1049,1,477,-77.104256,38.825348
1049,1,880,-77.106599,38.830595
1049,1,881,-77.104976,38.829994
1049,1,873,-77.106653,38.831563
1049,6,11828,-77.110784,38.827784
1049,6,11830,-77.109273,38.826526
1049,6,11831,-77.106872,38.824981
1049,6,31540,-77.105365,38.82429
1049,6,11833,-77.104851,38.824328
1049,6,11832,-77.106926,38.825202
1049,6,11829,-77.108284,38.826003
1049,6,9276,-77.109648,38.827165
1049,6,11867,-77.11088,38.828277
688,1,272,-77.098442,38.82777
688,1,486,-77.096977,38.828079
688,1,544,-77.097069,38.827919
688,1,189,-77.098709,38.827988
690,1,535,-77.097092,38.830421
690,1,537,-77.09549,38.831596
690,1,202,-77.094109,38.831692
690,1,199,-77.093529,38.831234
690,1,198,-77.093391,38.831272
690,1,203,-77.094368,38.832047
690,1,536,-77.095581,38.831684
690,1,534,-77.097115,38.830551
690,1,864,-77.097036,38.832883
690,1,865,-77.096933,38.832714
2018,1,276,-77.091263,38.829456
2018,1,277,-77.091383,38.829718
2018,6,12140,-77.089236,38.831623
2018,6,26216,-77.08973,38.830135
2018,6,8600,-77.089527,38.830056
2018,6,12138,-77.089172,38.83136
695,1,193,-77.089535,38.828128
695,6,31378,-77.090786,38.827003
695,6,31377,-77.091357,38.827244
834,1,452,-77.086716,38.826233
834,1,610,-77.084846,38.826565
834,1,760,-77.08432,38.824657
834,1,620,-77.085037,38.82645
834,1,575,-77.086273,38.826191
834,1,569,-77.084694,38.825146
834,6,31379,-77.08432,38.824654
834,6,31376,-77.084728,38.825137
2020,1,611,-77.084587,38.828655
2020,1,832,-77.084671,38.828987
2020,6,11990,-77.08693,38.829573
2020,6,11988,-77.086447,38.830993
2020,6,11991,-77.086575,38.831201
2020,6,11989,-77.087383,38.829365
2020,6,11660,-77.086298,38.828883
2017,1,612,-77.080391,38.831944
2017,1,210,-77.081502,38.833194
2017,1,219,-77.083424,38.834224
2017,1,228,-77.083633,38.835899
2017,1,528,-77.083427,38.836952
2017,1,516,-77.083496,38.838673
2017,1,530,-77.083353,38.840012
2017,1,246,-77.083145,38.840584
2017,1,247,-77.083221,38.840607
2017,1,533,-77.083534,38.840012
2017,1,532,-77.083649,38.8386
2017,1,545,-77.083557,38.837299
2017,1,227,-77.083801,38.8358
2017,1,220,-77.083588,38.83424
2017,1,209,-77.081877,38.833176
2017,1,618,-77.080482,38.832073
2017,1,241,-77.079231,38.838348
2017,1,214,-77.079643,38.833591
2017,1,869,-77.082444,38.840003
2017,1,867,-77.080943,38.839622
2017,1,216,-77.079552,38.833839
2017,1,242,-77.07914,38.838348
2017,1,868,-77.080556,38.839619
2017,1,870,-77.082141,38.840077
2017,6,12137,-77.088787,38.833396
2017,6,11992,-77.086937,38.833363
2017,6,11986,-77.086696,38.83435
2017,6,28712,-77.086348,38.835711
2017,6,26304,-77.085641,38.836218
2017,6,10272,-77.083817,38.835813
2017,6,36811,-77.083584,38.834232
2017,6,10280,-77.081888,38.833188
2017,6,36810,-77.07954,38.833859
2017,6,36814,-77.079145,38.838334
2017,6,36816,-77.080556,38.839619
2017,6,36818,-77.082141,38.840077
2017,6,36819,-77.082444,38.840003
2017,6,36817,-77.080943,38.839622
2017,6,36815,-77.079278,38.838326
2017,6,36853,-77.079656,38.833585
2017,6,8489,-77.081518,38.833231
2017,6,10273,-77.083401,38.834259
2017,6,13568,-77.083623,38.835887
2017,6,11984,-77.085792,38.836251
2017,6,29238,-77.086491,38.835569
2017,6,26280,-77.087227,38.834095
2017,6,11987,-77.08695,38.833201
2017,6,12139,-77.088607,38.833467
2017,6,11262,-77.083094,38.840586
2017,6,11270,-77.083288,38.840608
2017,6,10007,-77.08495,38.836394
1131,1,252,-77.080643,38.842064
1131,1,527,-77.078438,38.84201
1131,1,250,-77.07518,38.841736
1131,1,474,-77.07309,38.842003
1131,1,462,-77.071083,38.841393
1131,1,472,-77.06723,38.839832
1131,1,469,-77.065247,38.838856
1131,1,470,-77.065651,38.839218
1131,1,484,-77.068016,38.840617
1131,1,473,-77.069969,38.841248
1131,1,390,-77.071716,38.841736
1131,1,475,-77.07338,38.842209
1131,1,251,-77.075394,38.841767
1131,1,446,-77.07766,38.841987
1131,1,253,-77.080521,38.842203
1131,1,385,-77.066322,38.836514
1131,1,339,-77.067307,38.835197
1131,1,394,-77.067368,38.834839
1131,1,371,-77.066193,38.836471
1131,1,375,-77.064842,38.837606
1131,6,11260,-77.080634,38.842052
1131,6,12145,-77.075181,38.841726
1131,6,44342,-77.073091,38.842
1131,6,47136,-77.071083,38.841392
1131,6,44343,-77.06723,38.83983
1131,6,47137,-77.065248,38.838855
1131,6,47132,-77.065314,38.838948
1131,6,47130,-77.067734,38.840318
1131,6,47138,-77.06997,38.841247
1131,6,44334,-77.071719,38.841735
1131,6,47139,-77.073381,38.842209
1131,6,26384,-77.075402,38.841773
1131,6,11272,-77.080498,38.842214
1064,1,613,-77.062082,38.836805
1064,1,617,-77.062311,38.837019
1064,1,208,-77.059822,38.83305
1064,1,221,-77.060074,38.834415
1064,1,231,-77.06102,38.836308
1064,1,331,-77.060806,38.837238
1064,1,553,-77.061302,38.837547
1064,1,338,-77.060905,38.835907
1064,1,211,-77.060097,38.833363
1064,6,26262,-77.059816,38.833037
1064,6,26282,-77.060076,38.83441
1064,6,26306,-77.061021,38.836336
1064,6,26340,-77.061892,38.838038
1064,6,26334,-77.061863,38.837578
1064,6,26266,-77.06009,38.833355
716,1,614,-77.057976,38.835491
716,1,616,-77.058289,38.835728
716,1,333,-77.057587,38.836605
716,1,332,-77.058128,38.836697
717,1,718,-77.05413,38.833721
930,1,739,-77.051033,38.832798
930,1,804,-77.048391,38.83262
930,1,615,-77.05031,38.832526
930,6,40845,-77.049034,38.832503
930,6,48130,-77.048241,38.832598
930,6,48131,-77.048396,38.832618
930,6,41161,-77.051183,38.831976
719,1,264,-77.050018,38.835243
723,1,105,-77.126305,38.813187
723,1,98,-77.124214,38.812519
723,1,100,-77.123573,38.812756
723,1,106,-77.126068,38.813473
723,1,408,-77.126213,38.814331
723,1,461,-77.126366,38.814339
723,6,25997,-77.124187,38.812523
723,6,25998,-77.123572,38.812759
852,1,91,-77.121323,38.81218
852,1,84,-77.119164,38.811905
852,1,78,-77.116854,38.811624
852,1,85,-77.11734,38.811993
852,1,89,-77.119415,38.812252
852,1,95,-77.121292,38.812458
852,1,111,-77.119247,38.813873
852,1,397,-77.119682,38.812782
852,1,64,-77.122231,38.810738
852,1,451,-77.122917,38.809605
852,1,43,-77.126099,38.808689
852,1,44,-77.12468,38.808662
852,1,70,-77.122047,38.810669
852,1,398,-77.11956,38.812523
852,1,114,-77.119072,38.814022
852,6,25988,-77.119173,38.811898
852,6,25993,-77.119316,38.812233
728,1,80,-77.111839,38.811699
728,1,82,-77.112129,38.811977
733,1,86,-77.108971,38.811958
733,1,81,-77.104942,38.81176
733,1,73,-77.102546,38.811197
733,1,66,-77.100833,38.810839
733,1,758,-77.098282,38.810341
733,1,763,-77.098442,38.810513
733,1,67,-77.10038,38.810871
733,1,76,-77.103249,38.811485
733,1,87,-77.10675,38.812286
733,1,88,-77.109428,38.812183
733,6,25990,-77.10897,38.811948
733,6,25992,-77.109403,38.812181
733,18,3490,-77.109561,38.812172
735,1,53,-77.094719,38.809624
735,1,49,-77.092461,38.809139
735,1,762,-77.091042,38.80899
735,1,50,-77.092796,38.809372
735,1,55,-77.094955,38.809834
739,1,40,-77.088051,38.808262
739,1,38,-77.085983,38.807976
739,1,35,-77.084438,38.807749
739,1,29,-77.081802,38.807381
739,1,32,-77.081673,38.807552
739,1,37,-77.08316,38.807762
739,1,39,-77.085793,38.808147
739,6,25944,-77.086007,38.807977
739,6,25946,-77.085798,38.808153
740,1,26,-77.078766,38.806915
740,1,23,-77.077583,38.806747
740,1,24,-77.076523,38.806889
742,1,21,-77.073654,38.806301
742,1,22,-77.073952,38.806606
743,1,17,-77.069761,38.805499
743,1,18,-77.070352,38.805838
869,1,25,-77.061607,38.806896
869,1,848,-77.06143,38.805974
869,1,559,-77.057526,38.806355
869,1,557,-77.05587,38.80616
869,1,565,-77.052711,38.805737
869,1,574,-77.050453,38.805462
869,1,369,-77.049347,38.805317
869,1,561,-77.04747,38.805073
869,1,531,-77.045959,38.804871
869,1,471,-77.043777,38.804619
869,1,445,-77.042419,38.804739
869,1,509,-77.042191,38.805805
869,1,844,-77.060584,38.806453
869,1,594,-77.067375,38.802013
869,1,437,-77.065811,38.80312
869,1,448,-77.063774,38.80357
869,1,835,-77.063303,38.804371
869,1,849,-77.061611,38.805859
869,1,850,-77.060281,38.806367
869,1,27,-77.061691,38.807087
869,1,761,-77.06353,38.804424
869,1,328,-77.064537,38.803749
869,1,329,-77.066216,38.803059
869,1,453,-77.067543,38.801987
869,1,538,-77.067436,38.801216
869,1,510,-77.042595,38.804695
869,1,367,-77.043427,38.80468
869,1,547,-77.045677,38.804989
869,1,548,-77.046494,38.805073
869,1,550,-77.047966,38.805248
869,1,554,-77.049889,38.805511
869,1,564,-77.052322,38.805828
869,1,327,-77.054474,38.80611
869,1,442,-77.055557,38.806236
869,1,566,-77.057076,38.806416
869,1,563,-77.058662,38.806641
869,1,843,-77.060258,38.806537
869,1,292,-77.060234,38.808441
869,1,355,-77.060478,38.808586
869,6,46817,-77.061701,38.805568
869,6,46822,-77.060617,38.805952
869,6,13995,-77.061188,38.806122
869,6,46990,-77.060373,38.806021
869,6,32059,-77.063527,38.80442
869,6,42448,-77.067407,38.801137
869,6,22033,-77.063306,38.804363
869,6,25875,-77.047376,38.802645
869,6,25904,-77.046931,38.804642
869,6,25913,-77.04707,38.805253
869,6,12341,-77.047437,38.803549
869,6,25876,-77.047616,38.80256
869,13,00000000000000000000000000000004,-77.06249,38.80618
869,14,ALX,-77.06233,38.806503
994,1,515,-77.041763,38.807812
994,1,504,-77.041298,38.809994
994,1,502,-77.041008,38.811108
994,1,464,-77.040779,38.812336
994,1,539,-77.041389,38.813751
994,1,540,-77.042603,38.813919
994,1,541,-77.044045,38.814099
994,1,543,-77.047073,38.814484
994,1,440,-77.04818,38.814644
994,1,523,-77.050598,38.81377
994,1,526,-77.052155,38.813969
994,1,349,-77.053864,38.813545
994,1,525,-77.052383,38.813862
994,1,524,-77.050926,38.813683
994,1,522,-77.049858,38.813545
994,1,521,-77.048752,38.813408
994,1,520,-77.046631,38.813141
994,1,519,-77.045456,38.813004
994,1,518,-77.044258,38.812843
994,1,517,-77.043213,38.812698
994,1,560,-77.042114,38.812557
994,1,573,-77.040993,38.812405
994,1,503,-77.041275,38.810856
994,1,505,-77.041634,38.809193
994,1,507,-77.04187,38.808029
994,1,267,-77.053505,38.814117
994,1,802,-77.054336,38.812874
994,1,297,-77.057297,38.814213
994,1,295,-77.060478,38.815552
994,1,294,-77.062355,38.81628
994,1,299,-77.063499,38.816757
994,1,499,-77.040413,38.814087
994,1,459,-77.040077,38.815578
994,1,389,-77.042137,38.8162
994,1,363,-77.041901,38.81752
994,1,458,-77.042488,38.818344
994,1,139,-77.043739,38.819443
994,1,347,-77.05397,38.813393
994,1,317,-77.062401,38.816025
994,1,598,-77.062599,38.81741
994,1,697,-77.044661,38.818792
994,1,284,-77.042084,38.818153
994,1,364,-77.042168,38.817322
994,1,388,-77.041718,38.815979
994,1,387,-77.040375,38.815842
994,1,463,-77.040359,38.815151
994,1,465,-77.040627,38.813854
994,1,514,-77.040886,38.81258
994,1,597,-77.062592,38.81657
994,1,318,-77.062592,38.816002
994,1,300,-77.063103,38.816437
994,1,309,-77.060799,38.815563
994,1,296,-77.058762,38.814693
994,1,298,-77.057358,38.814102
994,1,803,-77.054412,38.812746
994,6,13986,-77.053981,38.813143
994,6,26005,-77.053561,38.814
994,6,12322,-77.046407,38.807221
994,6,8748,-77.04592,38.809465
994,6,11562,-77.046692,38.810876
994,6,11558,-77.049921,38.811345
994,6,11560,-77.053134,38.811756
994,6,48124,-77.054339,38.812871
994,6,8074,-77.055443,38.81348
994,6,48125,-77.054408,38.812748
994,6,8671,-77.052482,38.811553
994,6,11561,-77.050397,38.811279
994,6,8665,-77.048751,38.811071
994,6,8663,-77.047037,38.810857
994,6,12329,-77.046332,38.808646
994,6,12328,-77.046569,38.807511
828,1,709,-77.115479,38.840939
828,6,23537,-77.1155,38.840866
835,1,570,-77.082191,38.823296
835,1,571,-77.082024,38.823429
837,1,567,-77.079086,38.820702
837,1,558,-77.077332,38.819134
837,1,556,-77.076043,38.817961
837,1,429,-77.076088,38.818256
837,1,546,-77.077698,38.819714
837,1,572,-77.079872,38.821762
842,1,354,-77.073441,38.815636
842,1,551,-77.070801,38.813393
842,1,94,-77.069229,38.812244
842,1,71,-77.067421,38.810871
842,1,65,-77.067253,38.810898
842,1,83,-77.068649,38.811954
842,1,549,-77.070839,38.813572
842,1,110,-77.072792,38.813889
842,1,113,-77.075043,38.813942
842,1,117,-77.076904,38.814194
842,1,372,-77.072906,38.815399
842,1,116,-77.076683,38.814049
842,1,109,-77.07457,38.813725
842,1,112,-77.071739,38.813843
843,1,51,-77.065369,38.809273
843,1,48,-77.064941,38.80904
845,1,409,-77.126434,38.817364
845,1,129,-77.124489,38.816776
845,1,130,-77.124451,38.816902
845,1,454,-77.12664,38.817177
847,1,124,-77.12175,38.815659
847,1,123,-77.121544,38.815701
853,1,579,-77.128273,38.807865
853,1,33,-77.128304,38.807598
854,1,20,-77.13031,38.80592
854,1,19,-77.130135,38.805862
857,1,485,-77.125542,38.801571
857,1,513,-77.125565,38.801727
858,1,506,-77.121925,38.802525
858,1,508,-77.121857,38.802731
859,1,433,-77.11898,38.803253
859,1,432,-77.119156,38.803391
860,1,498,-77.116089,38.80368
860,1,493,-77.114281,38.803982
860,1,496,-77.113739,38.804253
860,1,494,-77.116081,38.80386
862,1,431,-77.104187,38.804466
862,1,495,-77.10218,38.80426
862,1,497,-77.101669,38.804375
862,1,430,-77.104301,38.804642
864,1,593,-77.095406,38.803753
864,1,449,-77.093361,38.803505
864,1,492,-77.092407,38.803669
864,1,460,-77.095345,38.80405
866,1,345,-77.082352,38.802505
866,1,489,-77.080284,38.802361
866,1,490,-77.079918,38.802559
866,1,491,-77.081963,38.802696
868,1,786,-77.071393,38.80117
868,1,280,-77.071732,38.801434
868,6,29333,-77.071414,38.801214
868,6,29334,-77.071703,38.801447
883,1,119,-77.080109,38.814259
883,1,118,-77.079979,38.814152
884,1,122,-77.083099,38.814957
884,1,125,-77.084885,38.815815
884,1,126,-77.084991,38.815735
884,1,121,-77.082844,38.814685
887,1,127,-77.087036,38.8167
887,1,131,-77.089249,38.817429
887,1,134,-77.090218,38.817562
887,1,133,-77.090446,38.817463
887,1,132,-77.088737,38.817139
887,1,128,-77.087219,38.816608
889,1,140,-77.093536,38.819679
889,1,142,-77.09388,38.819756
890,1,148,-77.095909,38.82122
890,1,151,-77.09774,38.821957
890,1,153,-77.098175,38.821972
890,1,147,-77.096024,38.82111
892,1,160,-77.101143,38.823254
892,1,161,-77.101494,38.823231
1069,1,265,-77.049904,38.837116
1069,1,621,-77.04904,38.837068
1069,1,336,-77.054062,38.836876
1069,1,334,-77.052017,38.837021
1069,1,335,-77.053001,38.837063
1069,1,337,-77.053902,38.837002
1069,6,40856,-77.048896,38.837556
1069,6,40854,-77.049044,38.83752
928,1,263,-77.050545,38.83989
1140,1,415,-77.065933,38.817835
1140,1,377,-77.066978,38.831768
1140,1,381,-77.066528,38.830124
1140,1,382,-77.066124,38.828697
1140,1,378,-77.065956,38.827484
1140,1,353,-77.065659,38.826443
1140,1,374,-77.065369,38.825035
1140,1,406,-77.065674,38.823364
1140,1,386,-77.066559,38.820801
1140,1,416,-77.066406,38.819595
1140,1,580,-77.066231,38.818329
1140,1,417,-77.066269,38.819647
1140,1,418,-77.066391,38.820499
1140,1,384,-77.066154,38.821993
1140,1,373,-77.065231,38.823994
1140,1,376,-77.065376,38.825812
1140,1,443,-77.065781,38.827153
1140,1,379,-77.065964,38.828674
1140,1,380,-77.066269,38.829731
1140,1,383,-77.066994,38.832357
1140,1,310,-77.066605,38.818024
999,1,143,-77.069496,38.820072
999,1,152,-77.071358,38.822033
999,1,159,-77.072701,38.823196
999,1,275,-77.073387,38.823776
999,1,286,-77.073433,38.825272
999,1,303,-77.073593,38.824841
999,1,444,-77.073639,38.824177
999,1,156,-77.07209,38.822472
999,1,146,-77.070526,38.820889
999,1,141,-77.069229,38.819656
1004,1,305,-77.073311,38.827171
1004,1,301,-77.074081,38.829315
1004,1,307,-77.074402,38.829773
1004,1,287,-77.073555,38.827614
1005,1,302,-77.074936,38.831848
1005,1,306,-77.075241,38.832928
1005,1,283,-77.075935,38.834515
1005,1,304,-77.076416,38.835899
1005,1,435,-77.077591,38.836315
1005,1,229,-77.079796,38.835831
1005,1,230,-77.079582,38.836094
1005,1,434,-77.077728,38.83617
1005,1,293,-77.076462,38.835632
1005,1,285,-77.076126,38.83466
1005,1,282,-77.075478,38.833111
1005,1,308,-77.075058,38.83173
1005,6,36813,-77.079586,38.836024
1005,6,36812,-77.079789,38.835827
8786,1,326,-77.054298,38.797661
8786,1,421,-77.053879,38.79874
8786,1,256,-77.052505,38.798645
8786,1,257,-77.050926,38.798439
8786,1,468,-77.047562,38.798019
8786,1,466,-77.045372,38.79776
8786,1,422,-77.044594,38.799751
8786,1,578,-77.044319,38.801018
8786,1,413,-77.044067,38.802261
8786,1,424,-77.044159,38.802586
8786,1,423,-77.044418,38.80135
8786,1,414,-77.044876,38.799213
8786,1,685,-77.046165,38.799191
8786,1,683,-77.048004,38.799427
8786,1,255,-77.049844,38.799645
8786,1,684,-77.052338,38.799973
8786,1,420,-77.05455,38.800247
8786,6,7332,-77.050913,38.798441
8786,6,12334,-77.047919,38.800113
8786,6,12348,-77.048039,38.80063
8786,6,10414,-77.049831,38.799649
8786,6,40287,-77.048986,38.794999
8786,6,12345,-77.048712,38.796326
8786,6,12335,-77.048369,38.798066
8786,6,7285,-77.048357,38.799178
8786,6,8875,-77.048771,38.797191
8786,6,12337,-77.049029,38.795994
8786,6,4041,-77.049258,38.79489
1030,1,438,-77.045448,38.821701
1030,1,365,-77.047943,38.821445
1030,1,366,-77.047562,38.821335
1030,1,266,-77.045403,38.821518
1031,1,838,-77.050711,38.816094
1031,1,837,-77.050537,38.815969
1031,6,42927,-77.05037,38.81594
1031,6,45672,-77.050706,38.816105
1048,1,863,-77.099843,38.832368
1048,1,862,-77.099869,38.832231
1051,1,330,-77.061203,38.811527
1051,1,356,-77.061569,38.811535
1052,1,319,-77.061958,38.813549
1052,1,320,-77.062195,38.81366
1056,1,315,-77.062836,38.81937
1056,1,313,-77.060539,38.820263
1056,1,314,-77.061028,38.820309
1056,1,316,-77.063004,38.819283
8417,1,150,-77.057762,38.821766
8417,1,157,-77.058006,38.823112
8417,1,166,-77.058281,38.824543
8417,1,180,-77.058678,38.826736
8417,1,191,-77.058937,38.828068
8417,1,195,-77.059135,38.829193
8417,1,197,-77.05938,38.83057
8417,1,196,-77.059402,38.829945
8417,1,187,-77.059029,38.827728
8417,1,181,-77.058891,38.826996
8417,1,173,-77.058617,38.825493
8417,1,162,-77.05822,38.823284
8417,1,149,-77.057838,38.821201
8417,6,26018,-77.05674,38.816135
8417,6,26031,-77.056937,38.81719
8417,6,26041,-77.057176,38.818535
8417,6,31933,-77.057426,38.819851
8417,6,26080,-77.057749,38.82175
8417,6,26105,-77.05801,38.823071
8417,6,26127,-77.058296,38.824586
8417,6,26167,-77.05865,38.826743
8417,6,26188,-77.058945,38.828137
8417,6,26203,-77.059145,38.829231
8417,6,26219,-77.059398,38.830631
8417,6,26209,-77.059442,38.829905
8417,6,26186,-77.059014,38.827724
8417,6,26176,-77.058893,38.826992
8417,6,26149,-77.058618,38.825498
8417,6,26107,-77.058218,38.823293
8417,6,26075,-77.057837,38.821235
8417,6,26055,-77.057562,38.819716
8417,6,26045,-77.057384,38.818798
8417,6,26032,-77.057128,38.817404
8417,6,26019,-77.056882,38.816036
1173,2,pubstation_bayc,-77.272199,38.878559
1173,2,pubstation_bayc_a,-77.272232,38.878667
1173,2,station,-77.271557,38.878461
1173,2,pubstation,-77.271425,38.878865
1173,2,pubstation_bayb_a,-77.272234,38.878662
1173,2,pubstation_bayb,-77.272201,38.878551
1173,6,31584,-77.270789,38.877202
1173,6,40303,-77.271429,38.877235
1173,6,40304,-77.270582,38.87712
1173,6,11610,-77.271547,38.877758
1173,6,29936,-77.270992,38.87729
1173,18,1833,-77.272441,38.877102
1173,18,2360,-77.271338,38.87915
1173,18,1831,-77.272017,38.877172
1173,18,3050,-77.272325,38.87876
1173,18,1832,-77.272233,38.87714
1173,18,1830,-77.2718,38.877204
1173,18,2959,-77.272697,38.876925
1175,2,nuther,-77.264042,38.874044
1175,2,nutlleeh,-77.263199,38.870801
1175,2,leehnutl,-77.262904,38.871397
1175,2,nutlee,-77.263778,38.8741
1175,6,29270,-77.264138,38.874007
1175,6,36838,-77.263224,38.870847
1175,6,11087,-77.262882,38.871245
1175,6,3339,-77.263232,38.8731
1176,2,nutbar_o,-77.262388,38.866956
1176,2,nutbar,-77.26231,38.867057
1176,6,29938,-77.262455,38.866956
1176,6,13413,-77.262267,38.867046
1231,2,arlingstone_o,-77.265038,38.865144
1231,2,arlingpick_o,-77.270935,38.86505
1231,2,arlingpick,-77.271596,38.864781
1231,2,arlingstone,-77.26767,38.864878
1231,6,9068,-77.264989,38.865172
1231,6,40216,-77.270344,38.864328
1231,6,40215,-77.270036,38.864553
1231,6,26752,-77.267984,38.864843
1231,6,9063,-77.265538,38.864854
1231,6,13424,-77.271518,38.86478
1231,6,26753,-77.263757,38.864914
1231,6,26757,-77.269216,38.865175
1231,6,9065,-77.271023,38.865062
1250,2,leefai_o,-77.275845,38.864673
1250,2,oldhom,-77.274759,38.86305
1250,2,picjlts,-77.272933,38.862741
1250,2,leedra,-77.281114,38.863845
1250,2,leespr,-77.279026,38.864093
1250,2,leecam,-77.277038,38.864315
1250,2,leefai,-77.275186,38.864565
1250,2,leepic,-77.276365,38.863028
1250,2,faifai,-77.274691,38.865452
1250,2,blabla,-77.274857,38.867684
1250,2,faidra,-77.281268,38.864312
1250,2,leeaut,-77.274341,38.866441
1250,2,oldlee,-77.276613,38.863
1250,2,picfox,-77.273091,38.86288
1250,2,oldpic,-77.274753,38.863189
1250,6,6031,-77.274553,38.867789
1250,6,26732,-77.281471,38.863772
1250,6,26739,-77.278564,38.864084
1250,6,26746,-77.279453,38.864251
1250,6,26737,-77.281123,38.864051
1182,2,pictha,-77.270675,38.860499
1183,2,picsil,-77.271041,38.856783
1183,6,29235,-77.271027,38.856759
1183,6,13623,-77.270674,38.85756
1184,2,picbar,-77.272176,38.852191
1184,2,picpos,-77.272576,38.850994
1184,6,31514,-77.272157,38.852285
1184,6,29233,-77.272581,38.850994
1184,6,29230,-77.272375,38.85086
1184,6,31515,-77.27151,38.853542
1186,2,piccol,-77.27323,38.848403
1186,6,7434,-77.273231,38.848426
1186,6,7433,-77.272886,38.848078
1188,2,picmat,-77.271974,38.844671
1188,2,pictur,-77.271801,38.842828
1188,2,maipic,-77.272862,38.841438
1188,2,picpic,-77.271427,38.842993
1188,6,26377,-77.272296,38.841039
1188,6,26379,-77.272739,38.841455
1188,6,7447,-77.272002,38.8447
1188,6,29229,-77.271603,38.842466
1188,6,7435,-77.271602,38.844294
1190,2,maiwhi,-77.278358,38.842168
1190,6,26387,-77.277896,38.841803
1190,6,26381,-77.276129,38.841578
1190,6,26385,-77.275567,38.841841
1190,6,26389,-77.278336,38.84217
1191,2,mailyn,-77.281473,38.842558
1191,2,maitra,-77.281159,38.842263
1191,6,26392,-77.281157,38.842225
1191,6,26394,-77.281453,38.842581
1192,2,maifse,-77.284695,38.842982
1192,6,29224,-77.28518,38.842757
1192,6,26402,-77.284601,38.842981
1193,2,maifsw,-77.288987,38.843515
1193,6,26405,-77.289358,38.843305
1193,6,26409,-77.289334,38.843581
1196,2,maited,-77.292503,38.843943
1196,2,maivir,-77.294543,38.8442
1196,2,mairob,-77.297132,38.844545
1196,6,26418,-77.295194,38.844088
1196,6,26411,-77.292815,38.843754
1196,6,26415,-77.292465,38.843921
1196,6,26420,-77.294915,38.844247
1239,2,mailoc,-77.299684,38.844874
1239,2,maiusc,-77.301425,38.84523
1239,2,unimai,-77.30532,38.846154
1239,2,unisag,-77.305772,38.844951
1239,2,unifir,-77.306329,38.843514
1239,2,geoarm,-77.307145,38.841132
1239,2,chaarm,-77.309362,38.841723
1239,2,chacou,-77.30854,38.842959
1239,2,chafcc,-77.307152,38.844867
1239,2,chamai,-77.30669,38.845893
1239,2,uniarm,-77.306806,38.841629
1239,2,uninorth,-77.304823,38.846752
1239,2,leewil,-77.301511,38.847827
1239,2,wesmai,-77.308205,38.844589
1239,2,leelib,-77.303417,38.846913
1239,2,maieas,-77.302035,38.845178
1239,2,chcoun,-77.308007,38.844125
1239,6,26382,-77.309294,38.841746
1239,6,6201,-77.307896,38.841458
1239,6,12134,-77.306075,38.843505
1239,6,6214,-77.305525,38.845015
1239,6,6203,-77.305249,38.845883
1239,6,11397,-77.305007,38.846574
1239,6,29223,-77.302086,38.845168
1239,6,26425,-77.299593,38.844661
1239,6,26426,-77.299647,38.844878
1239,6,40400,-77.302604,38.845508
1239,6,6209,-77.305335,38.846103
1239,6,6233,-77.305751,38.844987
1239,6,30047,-77.306314,38.843518
1239,6,30141,-77.307176,38.841022
1239,18,293,-77.309288,38.841747
1239,18,101,-77.307908,38.841461
1207,2,gmassch_gm,-77.309041,38.837496
1207,2,unibri,-77.311582,38.835126
1207,2,chasch,-77.312005,38.837342
1207,2,chaino,-77.31159,38.838531
1207,2,chawes,-77.310595,38.839914
1207,2,gmassch_sta,-77.308972,38.836914
1207,2,chinov,-77.311754,38.838649
1207,2,uniocc,-77.310097,38.83509
1207,6,11739,-77.309476,38.835268
1207,6,13687,-77.310772,38.835103
1207,6,13735,-77.311538,38.835616
1207,6,26345,-77.311634,38.838411
1207,6,26362,-77.310553,38.839904
1207,6,30142,-77.309024,38.83761
1207,18,294,-77.311598,38.838454
1207,18,305,-77.310553,38.8399
1207,18,1706,-77.309434,38.835306
1204,2,gmu_a,-77.306988,38.834785
1204,2,gmu,-77.30696,38.834623
1204,2,gmu_ar,-77.306982,38.834784
1214,2,chawhi,-77.306334,38.84885
1215,2,chaken,-77.307646,38.851595
1216,2,chapro,-77.307299,38.855176
1216,2,chprov,-77.30755,38.854697
1220,2,leecha,-77.307359,38.857545
1220,2,chaorc,-77.307249,38.861005
1220,2,eatcha,-77.306387,38.861136
1220,2,eatfai,-77.303821,38.861048
1220,2,faieat,-77.302014,38.860936
1220,2,leeeat,-77.301373,38.860328
1220,2,leeuni,-77.304012,38.859435
1220,2,faicha,-77.307278,38.85845
1220,2,104lee,-77.306171,38.858635
1220,2,eatoff,-77.301575,38.861001
1220,2,eatchain,-77.306501,38.861257
1220,2,chorch,-77.30759,38.859822
1220,6,26647,-77.306457,38.858491
1220,6,26658,-77.303931,38.859401
1220,6,26672,-77.301287,38.860297
1220,6,26678,-77.30145,38.860489
1220,6,26666,-77.303682,38.859711
1220,6,26654,-77.305949,38.858932
1222,2,102lee,-77.297391,38.861342
1223,2,leepla,-77.293774,38.862008
1223,6,26702,-77.293835,38.861947
1223,6,26705,-77.294484,38.862128
1224,2,leesta,-77.290998,38.862534
1224,6,29300,-77.290411,38.862593
1224,6,26718,-77.290602,38.862821
1225,2,leereb,-77.287024,38.863198
1225,6,29298,-77.286995,38.863142
1225,6,26725,-77.287577,38.863372
1240,2,leelay,-77.299293,38.85028
1241,2,leelaysch,-77.29626,38.852723
1241,2,leestleo,-77.296293,38.852816
1245,2,leeher,-77.292366,38.854874
1245,2,leeemb,-77.290871,38.855711
1245,2,leequeen,-77.288118,38.857058
1245,2,leecor,-77.286186,38.858063
1245,2,leefhs,-77.286552,38.858118
1245,2,leebroo,-77.289417,38.856562
1246,2,leeoak,-77.281451,38.860002
1247,2,leerid,-77.278,38.861454
1251,2,blakin,-77.277501,38.869321
1251,2,blakek,-77.277199,38.86897
1251,6,26803,-77.277717,38.869219
1251,6,7393,-77.277445,38.869288
1252,2,blabel,-77.27895,38.87111
1252,2,blabel_o,-77.279055,38.870941
1252,6,6034,-77.279441,38.871368
1252,6,6033,-77.278926,38.871118
1253,2,blafiv,-77.281438,38.87344
1253,2,blafiv_o,-77.281883,38.873563
1253,6,5944,-77.281924,38.873585
1253,6,9350,-77.28138,38.873431
1254,2,cousut,-77.27839,38.8782
1254,2,cousut_o,-77.278382,38.878371
1254,18,1966,-77.278922,38.87818
1261,2,kinkin,-77.279938,38.868263
1262,2,drabee,-77.281155,38.866611
9262,2,leemcl,-77.311052,38.856954
9262,2,warbur,-77.314645,38.85699
9262,2,warmer,-77.317458,38.857244
9262,2,warbou,-77.315376,38.856934
9262,6,26570,-77.31833,38.854058
9262,6,26579,-77.316603,38.854732
9262,6,26592,-77.314123,38.855715
9262,6,26602,-77.312124,38.856472
9262,6,29297,-77.312281,38.856644
9262,6,26599,-77.313906,38.856006
9262,6,26586,-77.315622,38.855326
9262,6,26575,-77.318116,38.854353
1270,2,warhil,-77.322569,38.858301
1271,2,warbev,-77.326142,38.859325
1271,2,bevlan,-77.32649,38.85945
1271,2,bevwar,-77.325879,38.859243
1272,2,orcbev,-77.324983,38.861483
1272,2,jercav,-77.32695,38.861656
1272,6,7286,-77.326883,38.861681
1272,6,10902,-77.327005,38.861747
1274,2,jercop,-77.329245,38.859331
1274,2,jermku,-77.330666,38.858097
1274,2,jerkut,-77.330984,38.857463
1274,6,7580,-77.330913,38.857491
1274,6,10905,-77.329167,38.859385
1274,6,26662,-77.329183,38.859544
1274,6,26630,-77.331165,38.857579
1277,2,jermai,-77.332504,38.855502
1277,2,jerjam,-77.332601,38.85358
1277,2,jerlee,-77.332552,38.852508
1277,2,leerus,-77.331487,38.85172
1277,2,leejer,-77.331586,38.851931
1277,2,jerjer,-77.332223,38.852327
1277,6,40184,-77.3322,38.852367
1277,6,26594,-77.331714,38.855746
1277,6,42441,-77.329944,38.855348
1277,6,40212,-77.3329,38.855011
1277,6,40185,-77.332529,38.85246
1280,2,leegui,-77.32882,38.852013
1280,2,leehol,-77.326682,38.85227
1280,2,leechi,-77.326843,38.852463
1280,2,leehil,-77.328167,38.852329
1280,6,26569,-77.327174,38.853964
1280,6,26571,-77.327007,38.854123
1283,2,maiche,-77.322994,38.852255
1283,2,maihal,-77.320791,38.851528
1283,6,26546,-77.321733,38.85292
1283,6,26550,-77.321766,38.85312
1284,2,maioak,-77.317394,38.850142
1285,2,maikei,-77.315139,38.84919
1285,2,judmai,-77.313965,38.848388
1285,2,mairal,-77.313133,38.848501
1287,2,judpage,-77.314805,38.846161
1287,2,judjon,-77.314915,38.844523
1289,2,judwes,-77.311422,38.843595
1293,2,ffxbldg,-77.310383,38.847531
1323,3,7,-77.45280664,39.41104197
1323,3,8,-77.45146997,39.41012226
1323,3,55,-77.45251714,39.41067406
1325,3,525,-77.41601277,39.38717707
1466,3,9,-77.44575214,39.41019606
1466,3,10,-77.44464706,39.40888812
1466,3,52,-77.44431346,39.40883035
1466,3,53,-77.44552225,39.41028124
1466,3,324,-77.44431797,39.41278326
1466,3,179,-77.44532528,39.41079376
1466,3,153,-77.44440613,39.4118416
1328,3,11,-77.43968623,39.40840423
1328,3,51,-77.43919198,39.40845133
1329,3,12,-77.43735486,39.40515367
1329,3,50,-77.43724345,39.4054274
1330,3,48,-77.43583798,39.40032243
1331,3,309,-77.43559514,39.39584839
1331,3,47,-77.4363031,39.39584502
1332,3,46,-77.43351397,39.39499387
1334,3,13,-77.43978639,39.39315622
1334,3,45,-77.43898578,39.39188315
1335,3,14,-77.43967128,39.3895251
1336,3,15,-77.43543976,39.38767714
1337,3,16,-77.43320875,39.38867345
1337,3,17,-77.43325985,39.38993236
1337,3,18,-77.43399634,39.39149751
1337,3,308,-77.43395429,39.39186676
1340,3,19,-77.42929065,39.3914313
1340,3,44,-77.42916924,39.3916342
1341,3,20,-77.42399164,39.3902768
1341,3,43,-77.42491181,39.39071865
1342,3,21,-77.42240726,39.38619736
1343,3,22,-77.42239328,39.38073755
1344,3,23,-77.4218522,39.37881655
1345,3,527,-77.417958,39.378323
1346,3,500,-77.41384251,39.3811278
1346,3,35,-77.41298403,39.38102737
1346,3,413,-77.41585396,39.38096066
1347,3,501,-77.4117945,39.37906399
1348,3,502,-77.4141227,39.37494955
1348,3,523,-77.41396605,39.37484379
1349,3,503,-77.4131601,39.37206211
1349,3,524,-77.412994,39.37206238
1350,3,514,-77.40979955,39.37022688
1350,3,515,-77.40999962,39.37031198
1351,3,516,-77.40724613,39.38559412
1351,3,33,-77.40697153,39.38565903
1352,3,517,-77.4044645,39.38465758
1352,3,307,-77.40447928,39.38486691
1353,3,518,-77.40266362,39.38334204
1353,3,32,-77.4020835,39.38255876
1354,3,386,-77.39438392,39.38284314
1354,15,11913,-77.394387,39.382827
1355,3,27,-77.40562192,39.38158777
1356,3,28,-77.40619406,39.37845517
1357,3,29,-77.40297665,39.37680252
1357,3,74,-77.4027168,39.37687619
1358,3,30,-77.40197482,39.37919332
1358,3,31,-77.40195542,39.38063766
1358,3,316,-77.40212438,39.38070435
1358,3,73,-77.40210634,39.37944073
1367,3,37,-77.41669815,39.38471657
1368,3,38,-77.4201138,39.38910129
1377,3,54,-77.44845987,39.41046234
1377,3,526,-77.44887291,39.41035687
1379,3,56,-77.45075211,39.413331
1380,3,57,-77.45265366,39.41553627
1380,3,6,-77.45262065,39.41534579
1382,3,387,-77.46571485,39.42286057
1382,3,388,-77.46579887,39.42470243
1382,3,92,-77.46575808,39.42489419
1382,3,93,-77.46577834,39.42306977
1383,3,389,-77.46276903,39.42422679
1383,3,91,-77.46331519,39.42451766
1469,3,390,-77.45962399,39.42413663
1469,3,391,-77.45999666,39.42232092
1469,3,2,-77.45957779,39.42061053
1469,3,89,-77.45990103,39.42215125
1469,3,90,-77.45987034,39.4242022
1469,3,88,-77.46052353,39.42077252
1469,3,3,-77.45949146,39.42041228
1469,3,188,-77.45934547,39.42392409
1469,3,189,-77.45683778,39.42398022
1469,3,412,-77.45875451,39.42439108
1392,3,4,-77.45656668,39.41778501
1393,3,5,-77.4540016,39.41756214
1393,3,322,-77.45355365,39.41892863
1396,3,60,-77.405698,39.41166806
1396,3,162,-77.40570119,39.41215633
1396,3,170,-77.40492997,39.40999712
1396,15,11944,-77.405309,39.411806
1397,3,61,-77.40809604,39.41183174
1397,3,84,-77.40841854,39.4104479
1397,3,397,-77.40824374,39.41071457
1398,3,312,-77.40861351,39.40809143
1400,3,62,-77.41148141,39.40782266
1400,3,313,-77.41211511,39.40599187
1400,3,63,-77.41150211,39.40438096
1400,3,82,-77.41077672,39.40353475
1400,3,319,-77.411828,39.406842
1402,3,314,-77.41081776,39.39434358
1403,3,40,-77.41218846,39.39611823
1403,3,41,-77.41294164,39.39639063
1405,3,66,-77.41662705,39.39377252
1405,3,67,-77.41565189,39.39219092
1405,3,80,-77.41631947,39.39307797
1407,3,68,-77.41344133,39.38994321
1407,3,79,-77.41302876,39.38995625
1408,3,69,-77.40977996,39.39025706
1408,3,70,-77.40889485,39.39024475
1408,3,318,-77.41016865,39.39041028
1410,3,315,-77.4054394,39.39109647
1411,3,71,-77.39876084,39.38127719
1411,3,376,-77.39703517,39.38073432
1411,3,72,-77.39808962,39.38243272
1417,3,317,-77.40922138,39.38666612
1423,3,528,-77.412541,39.410513
1423,3,98,-77.41160463,39.41065636
1425,3,101,-77.41082368,39.41420002
1425,3,252,-77.41096717,39.41530423
1426,3,131,-77.4151771,39.41392047
1426,3,396,-77.41535669,39.41391448
1427,3,323,-77.41813511,39.41323109
1428,3,132,-77.42062403,39.41268484
1428,3,321,-77.42108502,39.41124622
1429,3,133,-77.42533061,39.41349229
1430,3,134,-77.43077244,39.41457883
1430,3,94,-77.43111239,39.41452129
1430,3,267,-77.43092618,39.41442863
1431,3,135,-77.44208929,39.41825148
1432,3,136,-77.44484934,39.41894125
1432,3,137,-77.44615257,39.4188841
1432,3,192,-77.44498728,39.42012883
1432,3,155,-77.44583672,39.41736664
1432,3,422,-77.44573557,39.42021
1434,3,138,-77.44899458,39.41936513
1434,3,139,-77.45084078,39.41867237
1438,3,95,-77.42845891,39.41397919
1439,3,96,-77.42360276,39.41196114
1441,3,97,-77.41684046,39.41097484
1441,3,258,-77.4172102,39.40920019
1441,3,259,-77.418427,39.40789077
1441,3,210,-77.41855244,39.40729347
1441,3,211,-77.41760159,39.40906384
1441,3,212,-77.41663105,39.41092561
1444,3,163,-77.4031035,39.41363343
1445,3,164,-77.39916882,39.41301244
1446,3,165,-77.39602587,39.41139132
1447,3,166,-77.39102054,39.40883548
1447,3,167,-77.3890865,39.40786094
1449,3,168,-77.39366806,39.40457554
1450,3,169,-77.3962876,39.40752048
1454,3,257,-77.4138252,39.40800937
1457,3,260,-77.42026684,39.40531271
1457,3,209,-77.4203076,39.40500499
1458,3,261,-77.42267451,39.40236362
1458,3,208,-77.42208691,39.40298809
1459,3,262,-77.42517544,39.4029823
1460,3,263,-77.42824377,39.40476293
1460,3,207,-77.4280258,39.40436527
1461,3,264,-77.42914881,39.40731917
1461,3,265,-77.42992858,39.40830638
1461,3,206,-77.43013981,39.40845807
1463,3,266,-77.43194943,39.41148933
1463,3,205,-77.43201511,39.41177027
1465,3,178,-77.44584438,39.41494201
1465,3,154,-77.44512153,39.41448196
1470,3,190,-77.45358726,39.42249903
1470,3,126,-77.45429683,39.42311729
1470,3,127,-77.45379019,39.42131652
1471,3,191,-77.44962535,39.42123038
1471,3,125,-77.44993548,39.42136625
1473,3,193,-77.44092878,39.4203729
1473,3,124,-77.43955241,39.42034844
1473,3,408,-77.43983941,39.42042959
1473,3,203,-77.437531,39.419819
1474,3,331,-77.43700921,39.42168718
1474,3,320,-77.4371777,39.42200305
1475,3,332,-77.43557265,39.42721796
1475,3,123,-77.43537876,39.42745768
1476,3,333,-77.42801699,39.43191904
1477,3,334,-77.42500315,39.43433428
1477,3,108,-77.42518596,39.43439606
1478,3,335,-77.42349172,39.4329087
1478,3,107,-77.42311958,39.43271488
1479,3,392,-77.42103461,39.43019937
1479,3,106,-77.42171439,39.43117987
1479,3,244,-77.41906217,39.43113084
1479,3,404,-77.42054993,39.43136621
1479,3,277,-77.42077529,39.43132934
1536,3,393,-77.41788539,39.42671455
1536,3,245,-77.41587533,39.4277866
1536,3,402,-77.41599838,39.42787224
1536,3,403,-77.41757749,39.42678618
1481,3,394,-77.41508626,39.42408831
1481,3,105,-77.41471377,39.42405907
1538,3,395,-77.41206448,39.42299406
1538,3,103,-77.40995957,39.42145051
1538,3,104,-77.41142058,39.42298815
1538,3,330,-77.40858289,39.42429556
1538,3,246,-77.41333144,39.4273281
1538,3,327,-77.41060136,39.42591519
1538,3,248,-77.41038561,39.42426791
1538,3,416,-77.409896,39.422777
1538,3,221,-77.40877681,39.42407484
1538,3,401,-77.4122586,39.42669073
1538,3,247,-77.41044786,39.42604359
1538,3,249,-77.41164715,39.42306783
1538,3,329,-77.4093832,39.425611
1483,3,250,-77.41310668,39.41934104
1484,3,251,-77.41403286,39.41694431
1486,3,102,-77.4104463,39.41771137
1493,3,109,-77.43204179,39.4287198
1511,3,415,-77.40449389,39.42404179
1511,3,290,-77.40432604,39.42236164
1513,3,222,-77.40749666,39.42680795
1514,3,223,-77.40562352,39.43185937
1515,3,224,-77.41008976,39.43297256
1515,3,286,-77.41035608,39.43279724
1530,3,225,-77.410226,39.439617
1530,3,239,-77.41315727,39.44022643
1530,3,283,-77.41318551,39.44010547
1530,3,465,-77.41175107,39.43962612
1530,3,338,-77.41061272,39.43999039
1517,3,227,-77.41085184,39.44330148
1518,3,228,-77.41177693,39.44903776
1518,3,230,-77.41069474,39.44891054
1518,3,418,-77.41066,39.449125
1519,3,229,-77.41656929,39.45279493
1521,3,231,-77.40673217,39.45143256
1521,3,337,-77.40664747,39.45176595
1522,3,325,-77.40441876,39.45391283
1525,3,232,-77.40176963,39.45498276
1525,3,233,-77.40181841,39.45203576
1525,3,234,-77.40368322,39.45017308
1525,3,380,-77.40265554,39.45074923
1525,3,379,-77.4011479,39.4533572
1525,3,336,-77.40204122,39.45501678
1526,3,419,-77.405217,39.448297
1526,3,381,-77.40500231,39.44863729
1528,3,235,-77.40667546,39.44595695
1528,3,236,-77.40760437,39.44406884
1528,3,383,-77.40729264,39.44488623
1528,3,382,-77.40610033,39.44603319
1529,3,237,-77.4065409,39.44086418
1529,3,384,-77.40627604,39.44129178
1531,3,240,-77.41583662,39.4391383
1531,3,282,-77.41578951,39.43936224
1533,3,241,-77.41296233,39.43652896
1533,3,326,-77.41676216,39.4338408
1533,3,243,-77.41656787,39.43223458
1533,3,242,-77.41418629,39.43601056
1533,3,278,-77.41598614,39.43439754
1533,3,279,-77.41418819,39.43536802
1533,3,281,-77.41282548,39.43640959
1533,3,455,-77.41692498,39.43412756
1542,3,400,-77.40526149,39.41519434
1542,3,253,-77.40540783,39.41495226
1570,3,342,-77.40329108,39.42778231
1570,3,414,-77.40344006,39.42801708
1571,3,467,-77.40277,39.433591
1571,3,471,-77.402929,39.433559
1571,3,343,-77.40199056,39.43329386
1571,3,374,-77.40165021,39.43342507
1574,3,466,-77.39941,39.43904
1574,3,348,-77.39755641,39.44092109
1574,3,468,-77.395745,39.442709
1574,3,369,-77.39733234,39.44142717
1574,3,470,-77.399006,39.43972
1574,3,426,-77.39776174,39.43804831
1577,3,469,-77.386726,39.447129
1577,3,385,-77.38333201,39.44616281
1577,3,351,-77.38436346,39.44771733
1577,3,352,-77.38330801,39.44894938
1577,3,464,-77.38497036,39.44681196
1576,3,350,-77.37598325,39.43893003
1578,3,355,-77.36211512,39.46366772
1578,3,356,-77.3607448,39.46450709
1578,3,363,-77.360916,39.463942
1580,3,357,-77.36053183,39.46811743
1580,3,362,-77.360841,39.468152
1581,3,358,-77.34151771,39.484923
1582,3,359,-77.34875497,39.48272223
1583,3,360,-77.3548902,39.47882052
1584,3,361,-77.35825025,39.47568332
1585,3,521,-77.38789727,39.44939825
1585,3,349,-77.387897,39.449398
1589,3,375,-77.40326718,39.42997032
1593,3,344,-77.39852459,39.4333926
1593,3,373,-77.39820679,39.43340942
1594,3,345,-77.39532895,39.4333085
1594,3,372,-77.39535898,39.43359407
1595,3,346,-77.39227993,39.43558983
1595,3,371,-77.39239364,39.43578744
1596,3,347,-77.39356007,39.43744787
1596,3,370,-77.39393391,39.43751128
1599,3,364,-77.37722894,39.45176713
1600,3,365,-77.38536255,39.45471083
1601,3,366,-77.38968411,39.45730831
1602,3,367,-77.39299578,39.45501812
1603,3,368,-77.39044163,39.45207199
1605,3,409,-77.39799707,39.44645136
1612,3,194,-77.44315619,39.42378218
1612,3,407,-77.4434715,39.42387163
1613,3,195,-77.44423594,39.42643621
1613,3,406,-77.44450997,39.42639626
1615,3,196,-77.44877398,39.42609444
1615,3,197,-77.44819827,39.42869921
1615,3,340,-77.44910235,39.42785773
1615,3,405,-77.4482643,39.42609759
1616,3,198,-77.44175877,39.43184665
1617,3,110,-77.43656983,39.44240657
1617,3,111,-77.43784762,39.44122641
1617,3,119,-77.43745249,39.44041749
1620,3,120,-77.43700667,39.43659419
1621,3,121,-77.43592919,39.43448566
1622,3,339,-77.43680938,39.43241203
1622,3,199,-77.43671308,39.43229659
1632,3,122,-77.43385213,39.43098988
1634,3,112,-77.44136015,39.44368116
1634,3,118,-77.44169444,39.44376944
1635,3,113,-77.4458699,39.44638514
1635,3,117,-77.44613996,39.44648898
1636,3,114,-77.44867088,39.4496613
1637,3,115,-77.44751992,39.4533361
1638,3,116,-77.45028188,39.45599762
1639,3,378,-77.44642086,39.4549511
1642,3,504,-77.4211969,39.37033259
1643,3,505,-77.42335095,39.37112497
1644,3,506,-77.43074073,39.37160529
1645,3,507,-77.43388855,39.37059163
1646,3,508,-77.42831552,39.36701398
1647,3,458,-77.425541,39.360014
1648,3,510,-77.42310352,39.35871092
1649,3,511,-77.41873766,39.35448918
1650,3,522,-77.41806289,39.35685947
1651,3,513,-77.42027919,39.35786968
1652,3,460,-77.41735552,39.361069
1653,3,461,-77.41495124,39.36514766
1655,3,441,-77.5413806,39.36073318
1656,3,442,-77.66505541,39.32740733
1657,3,443,-77.62624487,39.31327318
1658,3,444,-77.61864613,39.31089678
1659,3,445,-77.6116533,39.31717758
1660,3,446,-77.62538484,39.32419568
1660,3,447,-77.62334211,39.3239335
1662,3,427,-77.38991584,39.41379112
1663,3,428,-77.39169329,39.41519797
1664,3,429,-77.37970928,39.41626105
1665,3,430,-77.38684542,39.40919125
1666,3,431,-77.3760832,39.40550266
1667,3,432,-77.34622269,39.39913564
1668,3,433,-77.34838407,39.40141235
1668,3,435,-77.3483031,39.40063796
1669,3,434,-77.34482731,39.40628355
1671,3,436,-77.35413625,39.40009815
1672,3,448,-77.32479246,39.70535974
1673,3,449,-77.31736153,39.70313182
1674,3,450,-77.41067656,39.62809758
1675,3,451,-77.41067418,39.62239033
1676,3,452,-77.41764544,39.61580549
1677,3,454,-77.43202941,39.59115886
1680,3,456,-77.47585967,39.37611782
1681,3,457,-77.53412555,39.27394213
1681,15,11946,-77.533416,39.273403
1768,4,1025801,-76.4962638834323,38.9782860425967
1768,4,1025874,-76.4982480716327,38.9778333312027
1768,4,1025805,-76.500693305723,38.9771571311294
1768,4,1025809,-76.5010315494106,38.9769244531084
1768,4,1025869,-76.499484,38.977395
1768,4,1025803,-76.4971988840113,38.9778747762337
1768,4,1025870,-76.4958398241649,38.978202870284
1768,4,1025802,-76.4936180558032,38.978325455174
1768,4,1025757,-76.49293,38.978098
1768,4,1025758,-76.492242,38.978508
1768,4,1025968,-76.4937598122069,38.9789642948507
1768,4,1025833,-76.4941076269836,38.9811084454228
1768,4,1025875,-76.4954721326278,38.9783916085508
1768,4,1025835,-76.4916111478078,38.979835830357
1768,15,14196,-76.492313,38.978548
1768,15,11694,-76.496285,38.978234
1768,15,11695,-76.498134,38.977813
1768,15,11696,-76.500869,38.977064
1768,15,2835,-76.494455,38.980789
1768,15,13337,-76.495575,38.979432
1768,15,2832,-76.493539,38.978294
1768,15,2833,-76.491539,38.97992
1768,15,2834,-76.491511,38.980391
1768,15,12266,-76.49414,38.981058
1688,4,1025810,-76.5044203056175,38.9763896206374
1688,4,1025841,-76.5038095723344,38.9761804155933
1688,4,1025876,-76.5038481865082,38.9770819148571
1688,15,11697,-76.503358,38.976367
1689,4,1025794,-76.5070016289862,38.9753751296173
1689,4,1025793,-76.5069564171342,38.975255216421
1689,4,1025956,-76.5081669258825,38.9764508420604
1690,4,1025905,-76.5093450682897,38.9738791693353
1690,4,1025791,-76.510177562006,38.972561278932
1690,4,1025792,-76.5093418533266,38.9735957145753
1702,4,1025885,-76.5115031362457,38.9693729515443
1702,4,1025769,-76.513323582838,38.9642473024073
1702,4,1025768,-76.5120037734004,38.962829456643
1702,4,1025888,-76.5120254596135,38.9684018211713
1702,4,1025772,-76.5136244048632,38.9672165386844
1702,4,1025889,-76.510803317791,38.9614810544711
1702,4,1025887,-76.513843541174,38.9650541790114
1702,4,1025886,-76.5150284404754,38.9660379743875
1693,4,1025884,-76.516106,38.9677395979274
1694,4,1025751,-76.5235416588955,38.9711259573409
1694,4,1025814,-76.5238137288361,38.9705902133353
1695,4,1025815,-76.5257432693245,38.9691828212366
1695,4,1025752,-76.5263626051311,38.9684259083185
1696,4,1025760,-76.530112,38.969417
1699,4,1025846,-76.5202420233135,38.9676112135546
1699,4,1025843,-76.5198698600656,38.9663548452609
1699,4,1025959,-76.5202676588955,38.9686828719147
1699,4,1025958,-76.5216617754631,38.9687030426948
1701,4,1025818,-76.5213794024468,38.9645613681926
1704,4,1025891,-76.5098346973251,38.9588300893476
1704,4,1025890,-76.5097151876477,38.9591277374253
1705,4,1025947,-76.508031271164,38.9568996999206
1705,4,1025948,-76.507716749337,38.9569533652535
1706,4,1025798,-76.5095670247204,38.9529512847003
1707,4,1025860,-76.5071304707751,38.9551260227901
1707,4,1025795,-76.505242635582,38.9558316569265
1707,4,1025892,-76.5053234742692,38.9552328242593
1709,4,1025949,-76.5021364417428,38.9575643999947
1710,4,1025796,-76.4983360751901,38.95969471305
1711,4,1025837,-76.4988189766865,38.9616252567942
1711,4,1025901,-76.4993166750493,38.9614625681388
1712,4,1025774,-76.5034832737952,38.9619321193902
1712,4,1025773,-76.5035343583012,38.9617820699218
1713,4,1025771,-76.505724,38.962995
1713,4,1025900,-76.5057599439521,38.9627879938845
1714,4,1025770,-76.5093879726723,38.9651976245686
1714,4,1025836,-76.509067,38.964791
1726,4,1025861,-76.565831,38.92884
1727,4,1025936,-76.5668184751904,38.9308749892711
1727,4,1025937,-76.5673055566884,38.9324835158261
1727,4,1025821,-76.567108,38.934211
1730,4,1025848,-76.5649630859372,38.9390124364827
1731,4,1025849,-76.5627824816263,38.9411571653721
1731,4,1025928,-76.5621461862846,38.9394738213052
1732,4,1025854,-76.560810981147,38.9435993699667
1733,4,1025851,-76.559017988958,38.9455782221893
1733,4,1025820,-76.5593815939179,38.9457522992557
1734,4,1025927,-76.552178890671,38.9552564879278
1734,4,1025926,-76.5524780469743,38.9554043538768
1735,4,1084524,-76.5498831868171,38.9583127679543
1736,4,1041960,-76.5448092762706,38.9665443274041
1736,4,1025819,-76.5452792564487,38.9665153163698
1737,4,1034077,-76.5448431812471,38.9756980402772
1738,4,1025938,-76.5440239797898,38.9738923293288
1739,4,1025766,-76.537528,38.97827
1739,4,1025765,-76.537661,38.978103
1740,4,1025922,-76.5406528309101,38.9796351328489
1740,4,1025920,-76.5424920932541,38.9803675102781
1740,4,1025921,-76.5421097507398,38.9799625503634
1740,4,1025764,-76.5406902631224,38.9794007376779
1742,4,1025862,-76.54397,38.988251
1742,15,12993,-76.543583,38.988352
1743,4,1025750,-76.5424212478505,38.9929032540312
1744,4,1025913,-76.5378153372948,38.9938062445409
1744,4,1025914,-76.5385822558488,38.9938295365937
1772,4,1025747,-76.5314202478504,38.995411534684
1772,4,1025915,-76.5290422078247,38.9960853711311
1772,4,1025748,-76.5307614734639,38.9957494426185
1746,4,1025916,-76.5261925415022,38.9965530433618
1746,4,1025832,-76.5250313877315,38.9969303382338
1747,4,1025918,-76.5214144767875,38.9969449828977
1747,4,1025917,-76.5222112445057,38.9973103927174
1767,4,1025789,-76.502556,38.986652
1767,4,1041937,-76.5014357864857,38.9884571667962
1767,4,1025788,-76.5034458368053,38.9875909575833
1767,15,11693,-76.502886,38.986949
1767,15,13653,-76.502365,38.986941
1750,4,1041936,-76.497205992069,38.9885075217173
1750,4,1025829,-76.4974016532095,38.9885673166317
1750,15,8430,-76.497058,38.988556
1751,4,1025856,-76.4946290764297,38.989515690702
1751,4,1025855,-76.4941588306885,38.9898820344006
1751,15,12267,-76.49428,38.989678
1752,4,1025823,-76.481211,39.000878
1752,4,1025828,-76.4820458478852,39.0012422054811
1752,15,12268,-76.481204,39.000917
1752,15,14056,-76.481958,39.002365
1753,4,1025908,-76.5012075551717,39.0260831678991
1753,4,1025909,-76.5010410552254,39.0252145766862
1754,4,1025824,-76.503894,39.029399
1754,4,1025827,-76.5036403508568,39.0283401040018
1754,15,2840,-76.504014,39.029492
1755,4,1025825,-76.5103426588956,39.0372403751672
1755,4,1025826,-76.5098802172661,39.0360356199021
1755,15,2842,-76.510272,39.037147
1756,4,1025907,-76.517771,39.046326
1756,4,1025906,-76.5182053080387,39.0462163055747
1756,15,2843,-76.517798,39.046375
1757,4,1084529,-76.5176229178905,39.0485668606526
1757,4,1084528,-76.5175102651119,39.0486949672717
1758,4,1025852,-76.5133664129496,39.0481963390669
1758,15,2822,-76.513608,39.048169
1758,15,10917,-76.513459,39.048172
1774,4,1025817,-76.535728,38.994644
1776,4,1025881,-76.5438126241203,38.9819118399152
1776,4,1025786,-76.5455158687172,38.9810481053448
1776,4,1025787,-76.546844,38.980149
1776,15,11704,-76.545515,38.981037
1780,4,1084523,-76.5466645359992,38.9632317100062
1784,4,1025929,-76.560160359329,38.938126992293
1785,4,1025930,-76.5585291666156,38.9364763490848
1785,4,1025931,-76.5579590091534,38.93487637281
1787,4,1025932,-76.5572702308484,38.9329785903047
1788,4,1025933,-76.5565604815167,38.9308466353959
1788,4,1025934,-76.5578152294999,38.9298319329917
1790,4,1025935,-76.5599136969242,38.928848380491
1791,4,1025749,-76.5464030523667,38.992127864733
1792,4,1025877,-76.5505966673196,38.990934487303
1793,4,1025776,-76.5539694935504,38.9905549044149
1794,4,1025777,-76.5570743435139,38.9869845491112
1795,4,1025761,-76.5548996418364,38.9850259187759
1796,4,1025762,-76.551780317791,38.9855217028701
1798,4,1025785,-76.5514378515205,38.9778079620114
1798,4,1041959,-76.5511277318001,38.9776726764197
1799,4,1041958,-76.5548479557037,38.9791072282473
1799,15,11705,-76.55483,38.979022
1800,4,1025868,-76.5593006333439,38.9806569066789
1800,4,1025878,-76.5589402852528,38.9800327662278
1801,4,1025880,-76.562979,38.9812870425096
1801,4,1025839,-76.5618195803565,38.9812457024293
1804,4,1040661,-76.5578681230545,38.9774641635605
1805,4,1040660,-76.5607380867005,38.9779781466497
1806,4,1025867,-76.556242,38.976072
1806,4,1025924,-76.5573627572206,38.9756049576269
1807,4,1025845,-76.5603689300594,38.9744119147785
1809,4,1025923,-76.5537134723873,38.9763378076984
1810,4,1025813,-76.55083,38.975092
1810,4,1025925,-76.550408,38.973647
1812,4,1025735,-76.545853,38.9683
1815,4,1025807,-76.538287,38.983479
1815,4,1034076,-76.5388576887963,38.9837986162065
1816,4,1025811,-76.5337732711639,38.982509807342
1816,4,1025812,-76.5339457839486,38.9828138225337
1816,15,11703,-76.533989,38.982824
1817,4,1025806,-76.5286398601189,38.9812069777507
1817,4,1025945,-76.5287195386925,38.9814245261073
1817,15,11702,-76.528609,38.981385
1818,4,1025799,-76.5251794343587,38.9800989781259
1818,4,1025863,-76.5236656984252,38.9798655518561
1818,4,1025800,-76.5223389461021,38.9799895954026
1818,4,1025736,-76.5220920233135,38.9813019149814
1818,4,1025737,-76.5218102711639,38.9810879371929
1818,15,11701,-76.522604,38.979975
1820,4,1025804,-76.518266,38.979083
1820,4,1025842,-76.5190231817116,38.9795517502356
1820,15,11700,-76.518054,38.979171
1821,4,1025953,-76.515040253498,38.9778977764559
1821,4,1025808,-76.515418728836,38.9781882978866
1821,15,11699,-76.515399,38.978171
1822,4,1025882,-76.5120000142778,38.9770536284825
1822,4,1025954,-76.5115390233135,38.9770754257163
1822,15,11698,-76.511649,38.977062
1824,4,1025830,-76.4902627367479,38.9767722616242
1825,4,1025759,-76.486195364418,38.9754608925267
1825,4,1025955,-76.486415,38.976284
1825,4,1025873,-76.487976635582,38.9775598297425
1826,4,1025904,-76.4843221007613,38.9699161204801
1826,4,1025755,-76.4840524121489,38.9687973468646
1826,4,1025834,-76.4855949057634,38.9676963065204
1826,4,1025754,-76.484032093254,38.9686095977481
1826,4,1025903,-76.4826709999999,38.9694889573168
1826,4,1025753,-76.4814456375354,38.9702181380569
1826,4,1025790,-76.4828778834324,38.9715049336657
1826,4,1025734,-76.4850494549824,38.9710721651884
1828,4,1025883,-76.4872427141208,38.9656924016537
1828,4,1025782,-76.488479,38.96597
1829,4,1025756,-76.488956,38.963758
1847,4,1025844,-76.5390105542438,38.9883851603799
1847,4,1025919,-76.5393504372072,38.9885354192282
1848,4,1025865,-76.535249,38.990621
1848,4,1025816,-76.5366193198599,38.9897447704166
1850,4,1025779,-76.5303582414924,38.9892750538848
1850,4,1025778,-76.5303479300593,38.9895099576116
1851,4,1025738,-76.5248065595246,38.9852523018258
1851,4,1025739,-76.5240138220902,38.983613254852
1851,4,1025946,-76.522912409472,38.9830078548673
1851,4,1025858,-76.524754317791,38.9855600424466
1854,4,1025943,-76.524870986032,38.9767905992731
1854,4,1025944,-76.5245424257603,38.9772398312842
1861,4,1025775,-76.4955400091318,38.9606040035905
1862,4,1025783,-76.4936050085983,38.9621885562804
1863,4,1025866,-76.492725,38.964748
1863,4,1025784,-76.4924196122685,38.9656552564383
1863,4,1025780,-76.4910408368053,38.9653659572561
1863,4,1025781,-76.4922386883259,38.9659191111357
1880,4,1041932,-76.5075847506523,38.9836296294474
1880,4,1041933,-76.5086469054222,38.9850062043672
1880,4,1041934,-76.5066560357809,38.9859110493329
1880,4,1041935,-76.5059942007065,38.9853778385206
1880,4,1025964,-76.503639,38.984831
1880,4,1025965,-76.501125,38.984781
1880,4,1025966,-76.501722,38.984775
1880,4,1025967,-76.503825,38.985103
1885,4,1025939,-76.533829069846,38.9771785314361
1885,4,1025940,-76.5339079067459,38.977296
1886,4,1025941,-76.5307019447746,38.9773374675729
1886,4,1025767,-76.5297836269837,38.9773910216102
1887,4,1025942,-76.5264321794611,38.9744834716732
1889,4,1025895,-76.5001835890769,38.952222741246
1890,4,1025897,-76.4955149604731,38.9509319608865
1890,4,1025763,-76.4935789890937,38.9503929291209
1890,4,1025899,-76.4925728454037,38.9510379639175
1890,4,1025740,-76.4931677521496,38.9515809448335
1890,4,1025898,-76.4934101639723,38.9505788072697
1890,4,1025896,-76.4956335190143,38.9512026322013
1892,4,1025743,-76.4910947055225,38.9493155701993
1892,4,1025742,-76.4906681605233,38.9493412149002
1893,4,1025859,-76.486817,38.948299
1896,4,1025745,-76.492589,38.955193
1896,4,1027493,-76.4927105605602,38.9554834655494
1896,4,1025746,-76.4934204540368,38.9537999753216
1897,4,1025744,-76.4914656588954,38.958293228738
1897,4,1025741,-76.4916202331353,38.9585165998279
1898,4,1025902,-76.4904793558198,38.9612985099631
1905,4,1025894,-76.502338,38.953689
1913,5,1468522,-77.0265553526908,39.5837884086186
1914,5,12,-77.000403,39.586168
1915,5,11,-76.99893,39.58304
1916,5,10,-77.00511,39.57253
1917,5,56,-76.995142,39.574258
1917,5,57,-76.994468,39.575585
1917,5,9,-76.993741,39.575715
1920,5,55,-76.997239,39.567043
1921,5,5,-76.994629,39.564411
1921,5,6,-76.994482,39.563363
1921,5,7,-76.996486,39.564369
1924,5,1468523,-76.9923156017458,39.5652667968147
1925,5,4,-76.990374,39.564163
1926,5,3,-76.990735,39.562149
1927,5,2,-76.98286,39.562358
1928,5,1468524,-76.9880603915731,39.5739229055221
1929,5,21,-76.97213,39.56424
1930,5,22,-76.974156,39.566863
1931,5,18,-76.983627,39.579598
1932,5,19,-76.982325,39.573895
1933,5,1468525,-76.977976528392,39.5810276971739
1934,5,1468526,-76.9739295788825,39.5929495627169
1935,5,16,-76.98679,39.58493
1936,5,17,-76.98443,39.58584
1937,5,15,-76.989263,39.585801
1938,5,14,-76.98999,39.581781
1939,5,20,-76.977,39.56456
1940,5,23,-76.961899,39.405674
1941,5,40,-76.931041,39.396002
1942,5,25,-76.934625,39.398351
1943,5,1530383,-76.9788120208207,39.4145280813243
1944,5,27,-76.991402,39.531838
1945,5,1468527,-76.9897053782802,39.5602542890931
1945,5,1468528,-76.9895727299824,39.5590091755445
1945,5,1468529,-76.9889713645163,39.5586361580282
1948,5,28,-76.990858,39.557259
1949,5,1529849,-76.9919142358902,39.5512752803402
1949,5,1529850,-76.9923072328104,39.5501699929638
1951,5,1530405,-76.8914539809315,39.6641419422349
1952,5,1530406,-76.8858399299536,39.6613934018732
1953,5,1530407,-76.8688868161028,39.6365991289177
1954,5,1530409,-76.8662187701533,39.639159234048
1954,5,1530404,-76.8682879040038,39.6386909994389
1955,5,1530410,-76.8645149965706,39.6360793505657
1956,5,1530411,-76.8494158416319,39.6077479631962
1957,5,1530412,-76.8368470581853,39.6051670488607
1958,5,1530413,-76.8417470031311,39.6023382853457
1959,5,1530414,-76.8397695255742,39.597607204015
1960,5,1530415,-76.8439718671198,39.5946969922633
1962,5,46,-77.163341,39.652218
1963,5,47,-77.16484,39.655298
1964,5,48,-77.173438,39.657287
1965,5,49,-77.176526,39.65953
1966,5,50,-77.165609,39.647242
1967,5,1530386,-77.1581584947879,39.6512071546334
1968,5,45,-77.159704,39.648744
1969,5,1530387,-77.0106556237127,39.5889901834646
1970,5,1530388,-77.0126746524558,39.586068701415
1971,5,1530385,-77.1712070328266,39.6579708115481
1972,5,29,-76.98893,39.37451
1973,5,2201063,-76.969733,39.364997
1974,5,33,-76.966249,39.369178
1974,5,32,-76.96573,39.37092
1976,5,34,-76.95924,39.38293
1977,5,38,-76.947113,39.401341
1978,5,2201064,-76.94518,39.399285
1979,5,44,-76.924181,39.397839
1980,5,26,-76.947781,39.404831
1981,5,35,-76.949194,39.4074
1982,5,36,-76.949267,39.410841
1983,5,1530394,-76.9515619527797,39.4047005455041
3663,6,30087,-77.090885,38.837709
3663,6,30022,-77.092016,38.837868
3663,6,26337,-77.093635,38.837841
3663,6,8588,-77.095561,38.837432
3663,6,29242,-77.095218,38.836703
3663,6,26335,-77.093808,38.837753
3663,6,26336,-77.092591,38.837753
3663,6,26333,-77.090932,38.83761
3663,6,9519,-77.100742,38.839405
3663,6,9515,-77.098915,38.837868
3663,6,9516,-77.097265,38.836731
3663,6,8587,-77.095951,38.837128
3663,6,9517,-77.097385,38.836956
3663,6,9518,-77.098993,38.838095
3663,6,8583,-77.100185,38.839222
2015,6,16124,-77.093943,38.834599
2015,6,29243,-77.091875,38.834292
2015,6,29239,-77.090914,38.834336
2015,6,29241,-77.094044,38.83495
2090,6,29164,-77.22052,38.916393
2090,6,29156,-77.221093,38.916448
20484,6,8394,-77.225014,38.914782
20484,18,639,-77.22806,38.91374
20484,18,2217,-77.22937,38.912956
20484,18,2218,-77.230718,38.913634
20484,18,2219,-77.23254,38.914432
20484,18,2214,-77.233556,38.914573
20484,18,2215,-77.231416,38.913736
20484,18,2216,-77.229238,38.912633
20484,18,638,-77.227242,38.914417
2240,6,2835,-77.225353,38.916634
2240,6,29157,-77.225491,38.91849
2240,6,29163,-77.224747,38.919868
2240,6,16113,-77.220227,38.922194
2240,6,40161,-77.222528,38.919832
2240,6,39925,-77.221713,38.920304
2240,16,1913,-77.222019,38.92108
2240,16,1892,-77.222916,38.920313
2240,18,2832,-77.222135,38.921043
2240,18,2148,-77.223065,38.919874
2240,18,2139,-77.220517,38.922465
2240,18,2373,-77.222104,38.920668
2240,18,875,-77.22537,38.91661
2240,18,876,-77.22548,38.91847
2240,18,3075,-77.222906,38.919905
2240,18,1813,-77.225646,38.916776
2240,18,3052,-77.221748,38.922837
2240,18,2137,-77.222272,38.923996
20620,6,40415,-77.20846,38.924652
20620,6,40213,-77.209302,38.924628
20620,6,40131,-77.207747,38.923899
20620,18,2354,-77.207962,38.924601
20620,18,2350,-77.210359,38.922674
20620,18,2149,-77.210116,38.923981
20620,18,3098,-77.207634,38.925107
20620,18,2199,-77.20792,38.92544
20620,18,3208,-77.207909,38.924545
21901,6,40311,-77.18227,38.935529
21901,6,40310,-77.179881,38.934619
21901,6,9657,-77.176571,38.933638
21901,6,11435,-77.174136,38.931859
21901,6,27744,-77.17293,38.931018
21901,6,11442,-77.172083,38.930843
21901,6,27754,-77.174057,38.931999
21901,6,11440,-77.175554,38.933208
21901,6,40309,-77.180451,38.934991
21901,6,40312,-77.182838,38.93606
21901,18,2183,-77.181913,38.930737
21901,18,2800,-77.179703,38.932019
21901,18,3131,-77.178295,38.932052
21901,18,2195,-77.17555,38.93321
21901,18,2198,-77.17873,38.93529
21901,18,2810,-77.18136,38.937163
21901,18,2196,-77.17764,38.93715
21901,18,2813,-77.17786,38.934063
21901,18,3122,-77.17874,38.932972
21901,18,2184,-77.180359,38.93179
21901,18,2185,-77.181524,38.931148
21901,18,3553,-77.178049,38.93332
21901,18,3554,-77.17578,38.93592
21901,18,3558,-77.17598,38.93601
21901,18,3559,-77.17692,38.93457
2101,6,27715,-77.16845,38.929135
2101,6,27714,-77.168172,38.929146
2102,6,11444,-77.165897,38.926439
2102,6,11431,-77.165739,38.926384
2103,6,11430,-77.164515,38.924398
2104,6,11447,-77.162236,38.923847
2104,6,11429,-77.161253,38.924184
2105,6,27651,-77.157578,38.923655
2105,6,27634,-77.155923,38.92274
2105,6,27633,-77.154824,38.922137
2105,6,27629,-77.154427,38.922033
2105,6,27636,-77.156065,38.922959
2105,6,11448,-77.157563,38.923762
2108,6,27609,-77.151588,38.92029
2108,6,27602,-77.150553,38.91935
2108,6,27594,-77.150027,38.91887
2108,6,27606,-77.151037,38.920175
2111,6,8923,-77.149401,38.917018
2111,6,11454,-77.148142,38.915111
2111,6,11423,-77.148398,38.915492
2111,6,27577,-77.149062,38.916821
2113,6,11455,-77.143931,38.912979
2113,6,11456,-77.141671,38.911209
2113,6,11446,-77.142331,38.911896
2113,6,11422,-77.144051,38.913236
2140,6,10544,-77.09153,38.859116
2140,6,10512,-77.091042,38.858727
2155,6,26388,-77.063466,38.841989
2155,6,42438,-77.064013,38.843192
2155,6,26391,-77.063759,38.842195
2155,6,26368,-77.062895,38.840479
2155,6,26367,-77.06291,38.840107
2160,6,26549,-77.067405,38.853096
2160,6,26553,-77.067227,38.853224
2355,6,30092,-77.120094,38.839808
2355,6,29304,-77.119527,38.841521
2355,6,29305,-77.116837,38.84257
2355,6,29306,-77.115924,38.843017
2355,6,29307,-77.114531,38.843255
2355,6,29308,-77.11649,38.843012
2355,6,29309,-77.118099,38.842348
2355,6,11877,-77.119848,38.841735
2355,6,30100,-77.120332,38.839586
2355,6,26397,-77.122218,38.842713
2355,6,11873,-77.121211,38.839641
2355,6,11871,-77.119611,38.838482
2355,6,11824,-77.119973,38.838479
2355,6,11822,-77.120674,38.839255
2355,6,28676,-77.121802,38.84248
2257,6,26442,-77.11602,38.8455
2257,6,26452,-77.117274,38.845935
2257,6,26453,-77.118381,38.846322
2257,6,26467,-77.120777,38.847163
2257,6,26463,-77.120875,38.846889
2257,6,26454,-77.119285,38.846308
2257,6,26447,-77.117401,38.845645
2257,6,29319,-77.116164,38.845212
2257,6,8442,-77.118199,38.847382
2257,6,26489,-77.117959,38.848596
2257,6,26488,-77.118269,38.848498
2272,6,26820,-77.125139,38.870658
2272,6,26829,-77.123674,38.871587
2272,6,26837,-77.121607,38.872302
2272,6,26859,-77.118768,38.873281
2272,6,26865,-77.118536,38.873533
2272,6,26855,-77.119865,38.873094
2272,6,26839,-77.122032,38.872346
2272,6,26830,-77.124223,38.871587
2272,6,26822,-77.125396,38.870691
2274,6,26907,-77.114804,38.875889
2274,6,26929,-77.112669,38.876922
2274,6,1930,-77.113438,38.876487
2274,6,26912,-77.114492,38.876103
2308,6,27550,-77.22308,38.913223
2308,6,27549,-77.222453,38.913231
2309,6,27480,-77.21353,38.908011
2309,6,27484,-77.214297,38.908715
2309,6,27531,-77.214144,38.91202
2309,6,7804,-77.213248,38.910282
2309,6,7828,-77.214356,38.911346
2309,18,3628,-77.214157,38.91199
2309,18,3520,-77.21324,38.91027
2309,18,3544,-77.214345,38.911345
2310,6,27472,-77.210482,38.907265
2310,6,27474,-77.210402,38.907452
3074,6,27460,-77.20713,38.906238
3074,6,27431,-77.203935,38.903223
3074,6,27423,-77.203051,38.9029
3074,6,27442,-77.204797,38.904503
3074,6,27456,-77.206222,38.905914
3074,6,29169,-77.199112,38.909351
3074,6,10643,-77.19799,38.907663
3074,6,29170,-77.198947,38.906493
3074,6,29171,-77.198762,38.904802
3074,6,29172,-77.200281,38.903402
3074,6,29173,-77.202523,38.90293
3074,6,31616,-77.201799,38.903059
3074,6,29153,-77.200477,38.903259
3074,6,29154,-77.198647,38.904668
3074,6,11598,-77.198818,38.906388
3074,6,7705,-77.197869,38.907465
3074,6,10644,-77.19875,38.909025
3074,18,3526,-77.19911,38.90939
3074,18,3605,-77.197959,38.907608
3074,18,3527,-77.19895,38.90651
3074,18,3528,-77.19875,38.9048
3074,18,3529,-77.20029,38.90339
3074,18,3530,-77.20249,38.90296
3074,18,3507,-77.20222,38.90295
3074,18,3508,-77.2005,38.90324
3074,18,3509,-77.19863,38.90469
3074,18,3510,-77.19884,38.90638
3074,18,3511,-77.19786,38.90746
3074,18,3512,-77.19882,38.90912
3080,6,27377,-77.200051,38.900708
3080,6,27379,-77.199858,38.900938
3080,6,12787,-77.202768,38.898296
3080,6,12780,-77.201194,38.899288
3080,6,27353,-77.201188,38.899499
3080,6,12937,-77.202844,38.89842
3080,18,3535,-77.20283,38.89826
3080,18,3536,-77.20118,38.89927
3080,18,3563,-77.20116,38.89954
3080,18,3504,-77.20295,38.89838
2314,6,40006,-77.188958,38.899576
2314,6,29315,-77.18828,38.900089
2314,6,29257,-77.187887,38.899669
2314,6,29151,-77.188158,38.899957
2314,6,14118,-77.188894,38.900883
2314,10,480,-77.189384,38.901164
2314,18,3351,-77.188127,38.899944
2315,6,39883,-77.186996,38.897828
2316,6,8403,-77.189017,38.896291
2327,6,27220,-77.188879,38.893542
2327,6,29112,-77.186611,38.892112
2327,6,29113,-77.184849,38.89098
2327,6,29146,-77.183231,38.889963
2327,6,29147,-77.182047,38.889182
2327,6,29148,-77.180173,38.887977
2327,6,42794,-77.177562,38.88636
2327,6,29150,-77.175868,38.88522
2327,6,27009,-77.173502,38.883715
2327,6,26991,-77.172077,38.882745
2327,6,26979,-77.170268,38.881573
2327,6,26984,-77.170845,38.882178
2327,6,26997,-77.17227,38.883099
2327,6,27007,-77.173996,38.884214
2327,6,27029,-77.175443,38.885146
2327,6,29869,-77.176705,38.885954
2327,6,27069,-77.179161,38.887533
2327,6,27090,-77.181614,38.889128
2327,6,27164,-77.18348,38.890331
2327,6,27178,-77.185514,38.891692
2327,6,27212,-77.18809,38.893348
2327,6,27237,-77.190082,38.894652
2327,6,26983,-77.171167,38.882025
2327,6,11060,-77.169501,38.88331
2327,6,11144,-77.16855,38.883973
2327,6,11058,-77.166692,38.884776
2327,6,11146,-77.165187,38.885546
2327,6,11145,-77.166276,38.885151
2327,6,11059,-77.169044,38.883861
2327,6,11143,-77.169935,38.883217
2327,6,26980,-77.171616,38.881882
2327,18,3580,-77.171194,38.882035
2327,18,3581,-77.169816,38.883173
2327,18,3582,-77.168404,38.884133
2327,18,3583,-77.166597,38.884896
2327,18,3571,-77.164965,38.885605
2327,18,3572,-77.16634,38.885092
2327,18,3573,-77.168882,38.883947
2327,18,3574,-77.169979,38.8832
2327,18,3575,-77.17145,38.882071
9188,6,26969,-77.168293,38.880323
9188,6,26952,-77.166291,38.879038
9188,6,26939,-77.164289,38.877755
9188,6,26930,-77.162933,38.876933
9188,6,26906,-77.161078,38.875813
9188,6,39871,-77.158826,38.8745
9188,6,26873,-77.157712,38.874037
9188,6,26883,-77.158842,38.874692
9188,6,26901,-77.160618,38.875722
9188,6,26926,-77.162302,38.876733
9188,6,26940,-77.164441,38.878043
9188,6,26949,-77.165922,38.87898
9188,6,26966,-77.167617,38.880093
9188,6,26836,-77.157735,38.872163
9188,6,26846,-77.158637,38.872628
2335,6,26827,-77.15548,38.871456
2335,6,36898,-77.152908,38.870757
2335,6,2267,-77.154249,38.86988
2335,6,26817,-77.154154,38.870477
2335,6,36900,-77.152632,38.870644
2335,6,36895,-77.152542,38.870738
3205,6,26762,-77.150706,38.865356
3205,6,26767,-77.1506,38.865679
3205,6,26782,-77.151195,38.866553
3205,6,11552,-77.149849,38.866104
3205,6,11551,-77.14767,38.867052
3205,6,11545,-77.147039,38.867981
3205,6,11549,-77.147288,38.868085
3205,6,11544,-77.148186,38.866846
3205,6,8363,-77.150579,38.865972
3205,6,26808,-77.145968,38.869567
3205,6,11548,-77.146501,38.870924
3205,6,12436,-77.148159,38.871412
3205,6,11589,-77.149675,38.871814
3205,6,12448,-77.149267,38.87325
3205,6,12447,-77.147567,38.873264
3205,6,12470,-77.146812,38.873439
3205,6,11588,-77.1499,38.873056
3205,6,12435,-77.150082,38.872198
3205,6,12434,-77.148221,38.87131
3205,6,11547,-77.146583,38.870535
3205,6,26804,-77.146227,38.869661
2338,6,26724,-77.148917,38.863087
2338,6,26701,-77.148,38.861851
2338,6,26680,-77.147216,38.860862
2338,6,26685,-77.146996,38.861042
2338,6,26722,-77.148656,38.863144
2341,6,26648,-77.144366,38.858469
2341,6,26650,-77.144237,38.858694
2342,6,26625,-77.142199,38.857272
2342,6,26628,-77.142156,38.857579
9117,6,26596,-77.139461,38.855798
9117,6,40284,-77.139584,38.856154
9117,6,10584,-77.14108,38.852559
9117,6,10567,-77.140094,38.853814
9117,6,9150,-77.140116,38.854866
9117,6,8350,-77.140283,38.855606
9117,6,8353,-77.14052,38.855576
9117,6,10569,-77.140153,38.854762
9117,6,10582,-77.14037,38.853951
9117,6,10565,-77.140659,38.852515
9117,6,26532,-77.139574,38.852005
9117,6,12198,-77.138265,38.851391
9117,6,10977,-77.138781,38.850043
9117,6,26517,-77.140994,38.850936
2347,6,26577,-77.137434,38.854669
2347,6,26562,-77.135658,38.853712
2347,6,26548,-77.134533,38.853074
2347,6,28916,-77.13222,38.851742
2347,6,26544,-77.133519,38.852808
2347,6,26573,-77.136207,38.854282
2414,6,27308,-77.193956,38.897326
2443,6,29225,-77.267388,38.840386
2443,6,26369,-77.265751,38.840523
2443,6,26373,-77.268424,38.840888
2443,18,3470,-77.26684,38.83881
2444,6,26363,-77.262265,38.839783
2444,6,26366,-77.262318,38.840057
2444,18,3503,-77.26232,38.84007
2445,6,26355,-77.255901,38.839033
2445,6,26356,-77.257107,38.839468
2445,18,3502,-77.25648,38.83942
2446,6,26347,-77.251689,38.838441
2446,6,26348,-77.251919,38.838737
2446,18,3611,-77.251841,38.838737
2447,6,26341,-77.247569,38.837852
2447,6,26339,-77.246105,38.837939
2447,6,26342,-77.247893,38.83818
2447,18,3500,-77.24615,38.83798
2447,18,3501,-77.2479,38.83819
2448,6,26327,-77.242844,38.837208
2448,6,28675,-77.242771,38.837512
2448,18,3499,-77.24277,38.83753
2449,6,26323,-77.239334,38.836805
2449,6,26325,-77.239226,38.837071
2449,18,3498,-77.23928,38.83713
2450,6,26305,-77.234919,38.836128
2450,6,29228,-77.236364,38.834941
2450,18,3608,-77.237258,38.835336
21963,6,26300,-77.231503,38.835832
21963,6,29227,-77.230596,38.836114
21963,18,3415,-77.23058,38.83407
21963,18,3413,-77.23104,38.8356
21963,18,3497,-77.23057,38.83612
2452,6,26294,-77.224259,38.835262
2452,6,26298,-77.224804,38.835591
2452,18,3479,-77.22432,38.83528
2452,18,3496,-77.2248,38.8356
21256,6,28911,-77.208672,38.832355
21256,6,26244,-77.206867,38.832072
21256,6,26248,-77.207355,38.832464
21256,6,26257,-77.210446,38.832881
21256,6,10692,-77.210665,38.832116
21256,6,10707,-77.211912,38.832607
21256,18,1811,-77.209971,38.835797
21256,18,1810,-77.210536,38.834074
21256,18,1820,-77.20864,38.83236
21256,18,1821,-77.20685,38.83207
21256,18,3402,-77.21071,38.83217
21256,18,1040,-77.20737,38.83246
21256,18,1038,-77.21053,38.83289
21256,18,858,-77.21048,38.83365
21256,18,860,-77.20983,38.83571
21256,18,3407,-77.21194,38.83259
2455,6,26237,-77.204531,38.831697
2455,6,26239,-77.204297,38.831941
2455,18,1823,-77.20456,38.8317
2455,18,1035,-77.2043,38.83194
9052,6,26223,-77.199201,38.830897
9052,6,28695,-77.196389,38.83039
9052,6,26208,-77.193527,38.829891
9052,6,26204,-77.189486,38.82925
9052,6,26205,-77.18851,38.829357
9052,6,26207,-77.192085,38.829924
9052,6,26213,-77.193623,38.830105
9052,6,26220,-77.1981,38.830839
9052,6,40270,-77.196371,38.831338
9052,6,26276,-77.197228,38.833936
9052,6,26279,-77.197498,38.834056
9052,6,26252,-77.197011,38.832623
9052,6,26230,-77.196548,38.831195
9052,6,28680,-77.189793,38.830373
9052,6,10872,-77.18938,38.8327
9052,6,9774,-77.189488,38.832113
9052,6,26217,-77.190104,38.83025
9052,18,1034,-77.19924,38.8309
9052,18,1822,-77.19625,38.83036
9052,18,2126,-77.193519,38.829892
9052,18,890,-77.189759,38.830478
9052,18,3043,-77.190429,38.832794
9052,18,2112,-77.192827,38.831853
9052,18,3181,-77.194518,38.82941
9052,18,3562,-77.196379,38.831312
9052,18,3353,-77.19717,38.8339
9052,18,2302,-77.190157,38.829027
9052,18,354,-77.19406,38.83137
9052,18,2301,-77.195066,38.830971
9052,18,1037,-77.19812,38.8309
9052,18,3494,-77.1885,38.82935
9052,18,3495,-77.19364,38.83012
9052,18,3398,-77.19747,38.83403
9052,18,3399,-77.19698,38.83265
9052,18,3400,-77.19662,38.83145
2464,6,26192,-77.185699,38.828491
2464,6,26182,-77.18122,38.827389
2464,6,26168,-77.179299,38.826781
2464,6,26160,-77.177677,38.826233
2464,6,26144,-77.174547,38.82532
2464,6,26141,-77.173207,38.825271
2464,6,26150,-77.174821,38.825655
2464,6,26157,-77.17657,38.826181
2464,6,26177,-77.180425,38.827414
2464,6,26190,-77.183166,38.828198
2464,6,32042,-77.184829,38.828587
2464,18,3488,-77.17318,38.82526
2464,18,3489,-77.17479,38.82564
2464,18,3491,-77.17974,38.82722
2464,18,3492,-77.18323,38.82821
2464,18,3493,-77.1848,38.82858
2465,6,26122,-77.170548,38.824334
2465,6,26124,-77.169794,38.824471
2465,18,3335,-77.16983,38.82447
2466,6,26108,-77.16655,38.823334
2466,6,26111,-77.165869,38.823495
2466,18,3352,-77.16586,38.82348
2467,6,26093,-77.162903,38.822446
2467,6,26096,-77.162057,38.822531
2467,18,2449,-77.16257,38.82266
2468,6,26078,-77.158736,38.82141
2468,6,26082,-77.159497,38.821892
2468,18,2448,-77.15954,38.8219
2469,6,26066,-77.156015,38.820739
2469,6,26067,-77.15531,38.820865
2469,18,2447,-77.15531,38.82086
2471,6,26052,-77.150465,38.819538
2471,6,26048,-77.14746,38.819081
2471,6,26049,-77.147776,38.819371
2471,6,26054,-77.149946,38.819692
2471,18,2446,-77.14777,38.81937
2471,18,1031,-77.14995,38.81969
2505,6,26233,-77.201698,38.831557
2505,18,1033,-77.20168,38.83155
2559,6,41191,-77.229607,38.882277
2559,6,41192,-77.229829,38.882208
2559,6,11602,-77.228604,38.883173
2559,6,41190,-77.229398,38.882337
2559,18,3209,-77.228961,38.882254
2559,18,3202,-77.228723,38.882332
2559,18,3203,-77.228553,38.882395
2560,6,41242,-77.227714,38.87826
2560,6,41247,-77.227152,38.877218
2560,18,669,-77.22768,38.87824
2560,18,667,-77.2271,38.87721
2560,18,668,-77.22754,38.87873
2561,6,26884,-77.225902,38.874651
2561,6,26885,-77.225824,38.875059
2561,6,29947,-77.226817,38.873744
2561,6,29948,-77.227083,38.873508
2561,18,658,-77.22726,38.873851
2561,18,659,-77.226829,38.873691
2562,6,26896,-77.222522,38.875366
2562,6,26902,-77.2221,38.875719
2563,6,26893,-77.214617,38.875295
2563,6,29264,-77.21554,38.875599
2566,6,26889,-77.2112,38.874933
2566,6,26890,-77.209407,38.875051
2566,6,26894,-77.20605,38.87527
2566,6,26895,-77.207196,38.875396
2566,6,26892,-77.209486,38.875245
2566,6,26891,-77.212152,38.875144
2567,6,26900,-77.202031,38.875558
2567,6,26903,-77.202398,38.875741
2568,6,26909,-77.199173,38.875865
2568,6,26920,-77.197116,38.87632
2568,6,26927,-77.195633,38.876654
2568,6,26931,-77.193876,38.877035
2568,6,26936,-77.192197,38.877375
2568,6,26938,-77.191757,38.877709
2568,6,26932,-77.194057,38.877196
2568,6,26928,-77.195578,38.876868
2568,6,26921,-77.197463,38.876457
2568,6,26910,-77.199513,38.87601
2578,6,26944,-77.18827,38.878473
2578,6,11135,-77.186476,38.878679
2578,6,11067,-77.184761,38.878778
2578,6,11066,-77.182682,38.878909
2578,6,11138,-77.181495,38.878978
2578,6,11064,-77.17879,38.879147
2578,6,26956,-77.17888,38.879293
2578,6,11065,-77.180863,38.879197
2578,6,11137,-77.18292,38.879082
2578,6,11136,-77.184336,38.878999
2578,6,11068,-77.18628,38.87889
2578,6,26947,-77.187883,38.878767
3010,6,26962,-77.175982,38.879687
3010,6,11062,-77.173454,38.880301
3010,6,11140,-77.174395,38.880252
3010,6,11063,-77.176329,38.87977
3010,6,8959,-77.174353,38.874396
3010,6,3033,-77.17434,38.875577
3010,6,9011,-77.173303,38.877586
3010,6,8956,-77.173113,38.879071
3010,6,26951,-77.173319,38.878876
3010,6,26934,-77.173711,38.877306
3010,6,26908,-77.174505,38.875876
3010,6,26881,-77.174562,38.874338
3010,18,3622,-77.174403,38.874432
3010,18,3372,-77.17434,38.87559
3010,18,3373,-77.1733,38.87763
3010,18,3579,-77.173161,38.879229
3010,18,3576,-77.173313,38.879024
3010,18,3374,-77.17373,38.87731
3010,18,3375,-77.17451,38.8759
3010,18,3376,-77.17454,38.87429
2585,6,40218,-77.163062,38.886656
2585,6,27053,-77.162526,38.887292
2589,6,12288,-77.151232,38.887338
2589,6,12277,-77.151259,38.887461
2591,6,12290,-77.147062,38.887231
2591,6,12291,-77.144678,38.886631
2591,6,12274,-77.14495,38.88687
2591,6,27056,-77.146842,38.887368
2592,6,27034,-77.141366,38.885445
2592,6,12293,-77.140345,38.884847
2592,6,12272,-77.13986,38.884762
2592,6,12273,-77.142426,38.886026
2648,6,37232,-77.374955,38.848473
2648,6,40316,-77.372909,38.84944
2648,6,40301,-77.373585,38.848182
2648,6,37233,-77.375476,38.849215
2649,6,40317,-77.371536,38.856263
2649,6,40300,-77.371944,38.856274
2649,18,1275,-77.370726,38.856489
2693,6,40121,-77.369821,38.859209
2693,6,40122,-77.368081,38.860229
2693,6,40195,-77.366073,38.860774
2693,6,26707,-77.364199,38.862199
2693,6,40120,-77.368339,38.860415
2693,6,40204,-77.365505,38.860566
2693,6,40209,-77.364465,38.86198
2693,18,1100,-77.365227,38.860283
2693,18,543,-77.36438,38.86189
2693,18,1099,-77.365858,38.86052
2693,18,3125,-77.37135,38.859684
2693,18,542,-77.36418,38.8622
2693,18,559,-77.37229,38.85955
2693,18,1777,-77.371026,38.859133
2693,18,1916,-77.363319,38.86295
2653,6,40205,-77.359922,38.858379
2653,6,40203,-77.360373,38.85793
2653,18,1102,-77.362045,38.857932
2654,6,40196,-77.354851,38.859949
2654,6,40202,-77.355142,38.860094
2655,6,40197,-77.344932,38.858321
2655,6,40201,-77.344142,38.858478
2656,6,40198,-77.340097,38.857527
2656,6,40200,-77.339466,38.85762
2657,6,40206,-77.335632,38.856707
2657,6,40199,-77.336037,38.856688
2661,6,26759,-77.322836,38.865271
2661,6,7586,-77.323184,38.864947
2662,6,10908,-77.320265,38.868433
2662,6,26794,-77.320674,38.868375
2663,6,1803,-77.314673,38.873508
2663,6,26847,-77.313748,38.8727
2663,6,26850,-77.313582,38.872776
2663,6,1804,-77.315057,38.873519
2665,6,26825,-77.312006,38.87119
2665,6,26826,-77.311449,38.871316
2666,6,26864,-77.308731,38.873555
2666,6,26860,-77.309022,38.873371
2667,6,5616,-77.308573,38.87573
2667,6,26904,-77.308903,38.87576
2668,6,10898,-77.303535,38.875793
2668,6,26911,-77.303479,38.876095
2670,6,10895,-77.300201,38.875163
2670,6,10903,-77.297937,38.875952
2670,6,26925,-77.296093,38.876563
2670,6,16128,-77.294299,38.876487
2670,6,16131,-77.295186,38.876802
2670,6,26924,-77.296634,38.876687
2670,6,5614,-77.298754,38.875908
2670,6,10914,-77.30035,38.875349
2670,18,1939,-77.30041,38.87357
2670,18,1942,-77.29928,38.87277
2670,18,1941,-77.29408,38.87601
2673,6,26914,-77.289673,38.876226
2673,6,48313,-77.287454,38.876032
2673,6,9345,-77.287504,38.8763
2673,6,26917,-77.289112,38.876402
2673,18,1926,-77.28965,38.87624
2673,18,1930,-77.287442,38.876078
2675,6,16062,-77.284287,38.875591
2675,6,23021,-77.284502,38.875936
2679,6,26799,-77.270762,38.868836
2679,6,26801,-77.270986,38.869011
2680,6,48314,-77.27177,38.873585
2680,6,48315,-77.272394,38.873459
2682,6,26838,-77.26072,38.872278
2682,6,40277,-77.260725,38.872478
2683,6,26840,-77.257865,38.87236
2683,6,26842,-77.255633,38.872426
2683,6,26845,-77.255635,38.872609
2683,6,26843,-77.257824,38.872565
2685,6,26844,-77.251919,38.872483
2685,6,26848,-77.252702,38.872686
2686,6,26851,-77.248541,38.872691
2686,6,29267,-77.248834,38.872949
2687,6,26854,-77.245177,38.872943
2687,6,26856,-77.245013,38.873146
2688,6,29273,-77.241715,38.873201
2688,6,29266,-77.242681,38.873344
2689,6,26863,-77.238777,38.873387
2689,6,26866,-77.238775,38.873593
2690,6,26872,-77.234455,38.873689
2690,6,26874,-77.234101,38.873922
2692,6,13449,-77.360493,38.863783
2692,18,1801,-77.360322,38.863727
2705,6,48316,-77.269983,38.870727
7169,6,28063,-77.085522,38.961386
7169,6,7191,-77.08471,38.958508
7169,6,7193,-77.084067,38.957264
7169,6,7188,-77.083566,38.956774
7169,6,11438,-77.084666,38.958917
7169,6,7190,-77.085556,38.960687
7169,6,4364,-77.085742,38.960775
7169,6,28062,-77.085209,38.961375
7169,6,28064,-77.084917,38.961627
7169,6,7117,-77.086854,38.96004
7169,6,7118,-77.088645,38.958662
7169,6,7091,-77.088271,38.958703
7169,6,28835,-77.086122,38.960249
7169,17,14769,-77.08545,38.961537
7169,17,7150,-77.086898,38.960036
7169,17,7152,-77.088692,38.958683
7169,17,7134,-77.088203,38.958664
7169,17,2700,-77.085439,38.96162
7169,17,7356,-77.085884,38.961586
2743,6,7194,-77.082742,38.954878
2743,6,7187,-77.082436,38.954552
2747,6,7196,-77.08095,38.951162
2747,6,1,-77.080369,38.949019
2747,6,36826,-77.079852,38.948106
2747,6,7182,-77.07881,38.946114
2747,6,7199,-77.078721,38.94644
2747,6,96,-77.079402,38.94775
2747,6,7184,-77.080228,38.949537
2747,6,7185,-77.080647,38.950954
2747,6,7082,-77.078449,38.94869
2747,6,6222,-77.078407,38.947043
2747,6,5660,-77.079242,38.947057
2747,6,6219,-77.078825,38.948216
2747,6,5040,-77.078628,38.946818
6582,6,27939,-77.077211,38.943368
6582,6,7179,-77.076282,38.941634
6582,6,27909,-77.076301,38.942075
6582,6,7180,-77.077247,38.943843
6582,6,4941,-77.063494,38.944229
6582,6,7201,-77.076414,38.943122
6582,6,7036,-77.074272,38.943111
6582,6,7035,-77.072553,38.943119
6582,6,7034,-77.069622,38.943116
6582,6,28838,-77.067174,38.943015
6582,6,28839,-77.064296,38.943048
6582,6,27925,-77.062854,38.942793
6582,6,4942,-77.061893,38.94116
6582,6,4943,-77.060977,38.939573
6582,6,27819,-77.056383,38.93583
6582,6,27807,-77.05441,38.935096
6582,6,6523,-77.052757,38.934339
6582,6,6540,-77.052701,38.934556
6582,6,27809,-77.054541,38.935301
6582,6,27820,-77.056371,38.93597
6582,6,27838,-77.059355,38.937249
6582,6,4913,-77.060427,38.939091
6582,6,4914,-77.061346,38.940675
6582,6,31852,-77.063567,38.943248
6582,6,28837,-77.066491,38.943273
6582,6,31853,-77.069029,38.943215
6582,6,7042,-77.070251,38.944023
6582,6,7043,-77.072259,38.944032
6582,6,7044,-77.074387,38.944029
6582,6,7045,-77.076808,38.944032
6582,6,6526,-77.059506,38.936759
6582,6,6525,-77.058558,38.936844
6582,6,6538,-77.060075,38.936929
6582,6,4911,-77.058532,38.935838
6582,6,27927,-77.062683,38.942979
6582,6,27950,-77.063689,38.944703
6582,6,27949,-77.063929,38.944648
6582,6,4944,-77.060284,38.938398
6582,6,27836,-77.059499,38.937044
6582,6,27822,-77.05889,38.935981
2750,6,7203,-77.075252,38.939603
2750,6,7178,-77.074866,38.939453
2751,6,7204,-77.074014,38.937518
2751,6,6531,-77.07362,38.9372
2751,6,7176,-77.073302,38.93728
2751,6,6534,-77.072253,38.937269
2751,6,6530,-77.071927,38.937375
2751,6,6532,-77.073569,38.937378
2753,6,7206,-77.072569,38.934356
2753,6,7225,-77.072709,38.93201
2753,6,7173,-77.072561,38.93172
2753,6,7174,-77.07231,38.933386
2753,6,7181,-77.072342,38.934495
2753,6,7224,-77.071993,38.931791
2753,6,7208,-77.072309,38.931906
7199,6,7172,-77.073222,38.929168
7199,6,40834,-77.073308,38.927642
7199,6,40827,-77.073082,38.927417
7199,6,7209,-77.072937,38.929346
7199,6,5881,-77.07353,38.928746
7199,6,5852,-77.071566,38.92731
7199,6,5879,-77.070257,38.92639
7199,6,27669,-77.068122,38.924822
7199,6,5877,-77.06652,38.924228
7199,6,5854,-77.067375,38.924578
7199,6,5853,-77.069598,38.926097
7199,6,5880,-77.071932,38.927817
7199,6,7171,-77.073429,38.928927
2756,6,7169,-77.073308,38.924195
2756,6,7211,-77.073084,38.924581
2756,6,40052,-77.075582,38.924252
5249,6,7168,-77.072789,38.922129
5249,6,7213,-77.071609,38.920205
5249,6,7167,-77.071248,38.920062
5249,6,40077,-77.072683,38.922405
5249,6,4615,-77.076669,38.920635
5249,6,4614,-77.073798,38.92063
5249,6,8111,-77.073196,38.919783
5249,6,27590,-77.073005,38.918517
5249,6,27574,-77.072931,38.916645
5249,6,6939,-77.072633,38.915456
5249,6,8109,-77.072821,38.917262
5249,6,8110,-77.072899,38.919076
5249,6,4616,-77.074543,38.920742
5249,6,4617,-77.076956,38.920737
5249,6,4618,-77.078629,38.920742
2761,6,7165,-77.069175,38.917325
2761,6,7216,-77.068021,38.915892
2761,6,7217,-77.066868,38.913858
2761,6,7163,-77.066756,38.914031
2761,6,7164,-77.067605,38.915615
2761,6,7215,-77.069399,38.91792
2761,6,8108,-77.069443,38.915642
2761,6,8104,-77.069261,38.914746
2761,6,6938,-77.069867,38.915516
2761,11,68,-77.066735,38.914019
2761,11,70,-77.067755,38.915898
2761,11,100,-77.069531,38.91762
2761,11,71,-77.068024,38.915889
2761,11,69,-77.066864,38.913873
6358,6,27518,-77.0653,38.910932
6358,6,7219,-77.064469,38.909362
6358,6,5063,-77.063369,38.907274
6358,6,27451,-77.062299,38.905092
6358,6,5742,-77.060411,38.905122
6358,6,5749,-77.059613,38.905312
6358,6,5748,-77.061624,38.905284
6358,6,7159,-77.06288,38.906706
6358,6,6411,-77.064127,38.909068
6358,6,7162,-77.065189,38.91105
6358,6,5745,-77.067576,38.904947
6358,6,5178,-77.065473,38.905035
6358,6,28919,-77.063216,38.905262
6358,6,5746,-77.065865,38.905207
6358,6,8105,-77.069336,38.912812
6358,6,27528,-77.069292,38.911579
6358,6,27511,-77.067983,38.910674
6358,6,7218,-77.065282,38.910718
6358,6,27509,-77.061644,38.910436
6358,6,27512,-77.058964,38.910477
6358,6,27513,-77.057417,38.910491
6358,6,27507,-77.055181,38.910513
6358,6,27510,-77.05275,38.910559
6358,6,27508,-77.05327,38.910658
6358,6,6577,-77.054785,38.910639
6358,6,6566,-77.057004,38.910598
6358,6,6567,-77.0596,38.910567
6358,6,6568,-77.062351,38.910532
6358,6,6569,-77.064651,38.910463
6358,6,6573,-77.065833,38.910833
6358,6,6570,-77.068954,38.910756
6358,6,8103,-77.069187,38.912883
6358,6,6604,-77.069728,38.912721
6358,6,27476,-77.063122,38.90757
6358,6,5065,-77.05934,38.907602
6358,6,8070,-77.056996,38.907989
6358,6,6408,-77.057015,38.909258
6358,6,6415,-77.054887,38.909312
6358,6,27495,-77.052003,38.909595
6358,6,27497,-77.052332,38.909729
6358,6,6407,-77.05541,38.909438
6358,6,8071,-77.056953,38.909422
6358,6,13070,-77.057999,38.909406
6358,6,6409,-77.059101,38.909378
6358,6,27491,-77.061285,38.909351
6358,6,7161,-77.064008,38.909307
6358,6,6412,-77.065916,38.908847
6358,11,84,-77.062697,38.904645
6358,11,61,-77.063253,38.907395
6358,11,62,-77.064125,38.909066
6358,11,66,-77.065178,38.911051
6358,11,67,-77.065293,38.910931
6358,11,64,-77.064485,38.90937
6358,11,60,-77.06335,38.907238
6358,11,55,-77.062299,38.90509
6358,11,56,-77.06047,38.905108
6358,11,57,-77.059478,38.905309
6358,11,58,-77.061571,38.905286
6358,11,81,-77.063201,38.90526
6358,11,82,-77.065852,38.905212
6358,11,52,-77.067419,38.904981
6358,11,54,-77.065467,38.905028
10791,6,6445,-77.057006,38.904848
10791,6,6474,-77.054294,38.903848
10791,6,6447,-77.051574,38.902897
10791,6,6472,-77.051164,38.903048
10791,6,6446,-77.052864,38.903602
10791,6,27439,-77.054476,38.904196
10791,6,28942,-77.056535,38.904854
10791,6,8048,-77.050181,38.903898
10791,11,97,-77.051596,38.902672
10791,11,53,-77.057217,38.904881
10791,11,51,-77.054323,38.903856
10791,11,50,-77.051559,38.902893
10791,11,104,-77.051834,38.905351
10791,11,105,-77.056416,38.905322
10791,11,114,-77.05122,38.903681
10791,15,11748,-77.053616,38.905311
10820,6,6448,-77.048974,38.901996
10820,6,6449,-77.046829,38.90124
10820,6,14557,-77.041868,38.900135
10820,6,14616,-77.040338,38.900058
10820,6,5501,-77.035379,38.900138
10820,6,31870,-77.033746,38.89905
10820,6,7815,-77.032201,38.895395
10820,6,27249,-77.028878,38.895079
10820,6,6455,-77.025241,38.894065
10820,6,13868,-77.02228,38.893279
10820,6,7361,-77.017457,38.890931
10820,6,28983,-77.018327,38.892476
10820,6,30054,-77.022609,38.893665
10820,6,6463,-77.025583,38.894493
10820,6,6464,-77.028694,38.895359
10820,6,7722,-77.031673,38.895641
10820,6,7830,-77.03349,38.89768
10820,6,781,-77.034361,38.901437
10820,6,6452,-77.039066,38.901426
10820,6,12953,-77.043855,38.901401
10820,6,14556,-77.045436,38.901401
10820,6,6471,-77.048577,38.902168
10820,6,36831,-77.047538,38.895907
10820,6,29998,-77.050021,38.898176
10820,6,8049,-77.050003,38.900861
10820,6,28898,-77.050235,38.900357
10820,6,8050,-77.050246,38.898486
10820,6,7061,-77.049097,38.897296
10820,6,7062,-77.046843,38.897299
10820,6,28988,-77.025845,38.893649
10820,6,7554,-77.024431,38.892227
10820,6,27399,-77.046346,38.90236
10820,6,27396,-77.045172,38.902451
10820,6,27400,-77.043707,38.902448
10820,6,27397,-77.041999,38.902448
10820,6,27405,-77.039724,38.902456
10820,6,27386,-77.038603,38.901516
10820,6,7970,-77.041513,38.90142
10820,6,14559,-77.044278,38.895326
10820,6,6718,-77.041623,38.897225
10820,6,7969,-77.041589,38.898113
10820,6,2278,-77.041633,38.899316
10820,6,4756,-77.041604,38.901174
10820,6,5637,-77.041603,38.902322
10820,6,27404,-77.036823,38.902462
10820,6,27402,-77.034819,38.902459
10820,6,27403,-77.032186,38.902451
10820,6,5548,-77.032087,38.900919
10820,6,11518,-77.02408,38.897529
10820,6,7590,-77.02691,38.898146
10820,6,31848,-77.026979,38.899286
10820,6,6451,-77.027784,38.901407
10820,6,7729,-77.031745,38.901445
10820,6,4893,-77.039996,38.90398
10820,6,4894,-77.040811,38.905454
10820,6,4895,-77.041427,38.906457
10820,6,4957,-77.042771,38.908896
10820,6,13078,-77.044021,38.911003
10820,6,4899,-77.044713,38.912206
10820,6,4900,-77.045749,38.913968
10820,6,4901,-77.046076,38.915048
10820,6,4954,-77.046457,38.915316
10820,6,4955,-77.045504,38.912861
10820,6,27517,-77.044351,38.910869
10820,6,4897,-77.04305,38.90863
10820,6,4958,-77.042327,38.907383
10820,6,4960,-77.041387,38.905838
10820,6,4961,-77.040289,38.903925
10820,6,27385,-77.039578,38.901541
10820,6,3701,-77.031351,38.900138
10820,6,7674,-77.029923,38.899738
10820,6,5506,-77.0273,38.899738
10820,6,5490,-77.024195,38.89973
10820,6,14606,-77.024111,38.89862
10820,6,30097,-77.031794,38.894203
10820,6,27264,-77.03182,38.89597
10820,6,5249,-77.031821,38.897189
10820,6,7725,-77.031818,38.899173
10820,6,5549,-77.031809,38.901138
10820,6,5632,-77.031815,38.902281
10820,6,7728,-77.031787,38.903536
10820,6,7809,-77.031813,38.907071
10820,6,6398,-77.031826,38.909178
10820,6,7733,-77.031823,38.912477
10820,6,7734,-77.031815,38.913902
10820,6,7735,-77.031804,38.91544
10820,6,7801,-77.031804,38.917541
10820,6,7800,-77.032097,38.917207
10820,6,7802,-77.032092,38.915738
10820,6,7805,-77.032087,38.912782
10820,6,27525,-77.032088,38.9114
10820,6,7807,-77.032093,38.90951
10820,6,7808,-77.032088,38.908345
10820,6,7730,-77.03209,38.906887
10820,6,7810,-77.032099,38.903925
10820,6,7727,-77.032085,38.902823
10820,6,7723,-77.032095,38.898513
10820,6,27313,-77.032089,38.897663
10820,6,7462,-77.032089,38.896378
10820,6,7721,-77.032089,38.894814
10820,6,4983,-77.032091,38.892367
10820,6,1889,-77.027842,38.897428
10820,6,5250,-77.029321,38.897452
10820,6,5243,-77.030655,38.897452
10820,6,14572,-77.031097,38.897288
10820,6,5242,-77.029087,38.897263
10820,6,7589,-77.027138,38.897658
10820,6,30129,-77.026119,38.892435
10820,6,4981,-77.027991,38.89323
10820,6,7629,-77.026883,38.896
10820,6,5630,-77.029497,38.902848
10820,6,1080,-77.029495,38.90555
10820,6,7683,-77.029496,38.907013
10820,6,27490,-77.028901,38.909348
10820,6,7597,-77.026928,38.910946
10820,6,7598,-77.026928,38.912472
10820,6,7599,-77.026632,38.914557
10820,6,7050,-77.025255,38.916862
10820,6,7049,-77.025735,38.916549
10820,6,9961,-77.027181,38.9143
10820,6,7619,-77.027153,38.912751
10820,6,7620,-77.027155,38.910866
10820,6,6397,-77.030158,38.910123
10820,6,7684,-77.029758,38.906958
10820,6,7677,-77.02976,38.905218
10820,6,27422,-77.029761,38.902818
10820,6,7585,-77.02717,38.896367
10820,6,31387,-77.026065,38.893767
10820,6,7627,-77.026902,38.900774
10820,6,7625,-77.026899,38.90281
10820,6,7594,-77.026921,38.905523
10820,6,7595,-77.026917,38.907098
10820,6,6396,-77.026916,38.909543
10820,6,7621,-77.027162,38.909822
10820,6,7622,-77.027157,38.907378
10820,6,7623,-77.027157,38.905829
10820,6,7624,-77.027157,38.904292
10820,6,7592,-77.027175,38.902692
10820,6,7626,-77.027174,38.901511
10820,6,5505,-77.027206,38.899415
10820,6,4998,-77.023822,38.892501
10820,6,11437,-77.021815,38.893778
10820,6,5071,-77.02182,38.895984
10820,6,29680,-77.021785,38.897748
10820,6,7485,-77.021819,38.899634
10820,6,13893,-77.021823,38.901878
10820,6,7471,-77.021819,38.904004
10820,6,7470,-77.021809,38.905492
10820,6,7469,-77.021808,38.907085
10820,6,6657,-77.021822,38.908403
10820,6,6428,-77.02182,38.909512
10820,6,6664,-77.021827,38.912094
10820,6,7492,-77.021823,38.914453
10820,6,5374,-77.021838,38.91693
10820,6,5441,-77.021811,38.919364
10820,6,5377,-77.021926,38.920758
10820,6,5378,-77.022103,38.922246
10820,6,5379,-77.022401,38.924085
10820,6,5438,-77.022652,38.924307
10820,6,5439,-77.022385,38.922457
10820,6,5440,-77.022195,38.921137
10820,6,5442,-77.021983,38.91841
10820,6,5291,-77.021991,38.916547
10820,6,7464,-77.022019,38.915768
10820,6,7465,-77.022025,38.914313
10820,6,7466,-77.022025,38.912784
10820,6,7467,-77.021891,38.9108
10820,6,6394,-77.022025,38.90926
10820,6,7489,-77.022022,38.907419
10820,6,7488,-77.022022,38.905862
10820,6,7487,-77.022031,38.904476
10820,6,39753,-77.022036,38.903314
10820,6,41420,-77.022025,38.901056
10820,6,7473,-77.022019,38.899984
10820,6,27340,-77.022051,38.898664
10820,6,7483,-77.022019,38.89634
10820,6,6457,-77.022018,38.893622
10820,6,27196,-77.022064,38.89232
10820,6,7478,-77.021771,38.891868
10820,6,32062,-77.020132,38.902459
10820,6,36857,-77.024101,38.907035
10820,6,5507,-77.024077,38.900078
10820,6,27390,-77.034477,38.902015
10820,6,27401,-77.029915,38.902437
10820,6,5489,-77.022149,38.899749
10820,6,5488,-77.020159,38.899749
10820,6,27357,-77.017114,38.899705
10820,6,12598,-77.053251,38.898099
10820,6,5498,-77.051567,38.89953
10820,6,7449,-77.04629,38.894948
10820,6,5869,-77.042788,38.893076
10820,6,6720,-77.041649,38.893413
10820,6,6719,-77.041613,38.894241
10820,6,27251,-77.041607,38.895236
10820,6,27362,-77.017868,38.899905
10820,6,4999,-77.019685,38.899902
10820,6,5508,-77.021474,38.89991
10820,6,13703,-77.023766,38.899908
10820,6,39777,-77.027459,38.899971
10820,6,7693,-77.029284,38.899897
10820,6,5551,-77.02944,38.901103
10820,6,27406,-77.030233,38.902607
10820,6,27409,-77.032571,38.90261
10820,6,27414,-77.035219,38.902549
10820,6,27412,-77.037004,38.902569
10820,6,27410,-77.039226,38.902569
10820,6,27408,-77.04136,38.90256
10820,6,7998,-77.043544,38.900955
10820,6,7999,-77.043571,38.899741
10820,6,14558,-77.043552,38.898546
10820,6,6279,-77.043551,38.897532
10820,6,27248,-77.043583,38.894926
10820,6,7057,-77.043605,38.893844
10820,6,8026,-77.046461,38.89537
10820,6,11500,-77.048635,38.896504
10820,6,14563,-77.051691,38.898157
10820,6,28809,-77.053974,38.898782
10820,6,5286,-77.012015,38.912154
10820,6,27543,-77.013786,38.912899
10820,6,7314,-77.01547,38.913609
10820,6,6310,-77.017862,38.914634
10820,6,5290,-77.019679,38.915404
10820,6,2951,-77.021685,38.916284
10820,6,27580,-77.025034,38.917095
10820,6,1839,-77.026865,38.917108
10820,6,1879,-77.029418,38.917108
10820,6,7736,-77.031711,38.917097
10820,6,6982,-77.034332,38.917092
10820,6,6981,-77.036197,38.917144
10820,6,6980,-77.038286,38.917111
10820,6,6979,-77.040748,38.9171
10820,6,7984,-77.041541,38.91812
10820,6,7977,-77.041769,38.917969
10820,6,6978,-77.038701,38.916922
10820,6,6977,-77.036884,38.916914
10820,6,6976,-77.034767,38.916928
10820,6,6611,-77.03227,38.916911
10820,6,42925,-77.029199,38.916919
10820,6,1836,-77.027293,38.916919
10820,6,27581,-77.02586,38.916919
10820,6,10351,-77.024233,38.916919
10820,6,7493,-77.022181,38.916297
10820,6,5297,-77.020038,38.915388
10820,6,5298,-77.019079,38.914977
10820,6,31840,-77.017419,38.91428
10820,6,5287,-77.013757,38.912724
10820,6,36829,-77.012329,38.91211
10820,6,1848,-77.029202,38.916919
10820,6,6311,-77.017664,38.913168
10820,6,6308,-77.017382,38.912371
10820,6,6312,-77.017219,38.912502
10820,6,6309,-77.017541,38.913357
10820,6,5289,-77.017911,38.914387
10820,6,4956,-77.044865,38.911113
10820,6,5635,-77.03944,38.90264
10820,6,7588,-77.02808,38.898305
10820,6,7474,-77.021938,38.898423
10820,6,308,-77.021894,38.914133
10820,6,1418,-77.029078,38.916999
10820,6,8040,-77.050125,38.900678
10820,6,7932,-77.039458,38.901322
10820,6,7812,-77.032404,38.901144
10820,6,6563,-77.049007,38.911083
10820,6,5861,-77.045131,38.910189
10820,6,8011,-77.04499,38.908348
10820,6,6256,-77.046161,38.906904
10820,6,29985,-77.04674,38.905279
10820,6,8023,-77.046733,38.903955
10820,6,27381,-77.030175,38.90142
10820,6,36834,-77.044601,38.911105
10820,6,8008,-77.044754,38.909721
10820,6,9759,-77.045961,38.909718
10820,6,4412,-77.04867,38.90971
10820,6,6580,-77.050442,38.911195
10820,6,31380,-77.026675,38.902456
10820,6,23164,-77.024621,38.901777
10820,6,42829,-77.021309,38.901875
10820,6,31381,-77.019136,38.902456
10820,6,9325,-77.016393,38.902453
10820,6,9327,-77.01644,38.902607
10820,6,31411,-77.018722,38.902607
10820,6,31385,-77.021661,38.902166
10820,6,31412,-77.024602,38.902097
10820,6,7675,-77.029765,38.901497
10820,6,5492,-77.029761,38.899478
10820,6,27339,-77.029764,38.898529
10820,6,7694,-77.029759,38.897548
10820,6,7584,-77.027336,38.896058
10820,6,5073,-77.026315,38.89608
10820,6,5072,-77.023213,38.896052
10820,6,5080,-77.021502,38.896047
10820,6,5070,-77.019882,38.896099
10820,6,5081,-77.019882,38.896099
10820,6,7476,-77.021732,38.896222
10820,6,5079,-77.023806,38.896225
10820,6,41304,-77.027559,38.896228
10820,6,10418,-77.029376,38.896233
10820,6,7673,-77.029487,38.898162
10820,6,5504,-77.029481,38.899667
10820,6,27407,-77.043244,38.902612
10820,6,27413,-77.044306,38.902675
10820,6,8004,-77.044795,38.904254
10820,6,8005,-77.044784,38.905914
10820,6,8006,-77.044776,38.907781
10820,6,8007,-77.044794,38.908808
10820,6,4408,-77.049563,38.90957
10820,6,6418,-77.046794,38.909584
10820,6,6419,-77.045037,38.909608
10820,6,6402,-77.041945,38.909581
10820,6,7731,-77.032218,38.909597
10820,6,25618,-77.030542,38.909595
10820,6,6426,-77.027334,38.909595
10820,6,6395,-77.024196,38.909597
10820,6,7468,-77.021311,38.909655
10820,6,6429,-77.019086,38.9096
10820,6,41669,-77.017304,38.915768
10820,6,5299,-77.01771,38.918687
10820,6,7365,-77.017088,38.919394
10820,6,7290,-77.014936,38.919608
10820,6,27613,-77.014842,38.920539
10820,6,27616,-77.016039,38.920611
10820,6,7074,-77.017912,38.919139
10820,6,41670,-77.017565,38.91696
10820,6,6393,-77.018775,38.909704
10820,6,7490,-77.021659,38.90971
10820,6,6427,-77.02374,38.909707
10820,6,7596,-77.026815,38.909718
10820,6,1093,-77.028664,38.909707
10820,6,6424,-77.032414,38.909726
10820,6,6285,-77.042186,38.909721
10820,6,6658,-77.024214,38.911406
10820,6,7491,-77.021617,38.912277
10820,6,6655,-77.018102,38.913549
10820,6,6654,-77.016092,38.914239
10820,6,31834,-77.013789,38.915023
10820,6,6669,-77.011761,38.915738
10820,6,6652,-77.012652,38.915703
10820,6,6668,-77.014815,38.914944
10820,6,7306,-77.016142,38.914475
10820,6,6666,-77.017611,38.913952
10820,6,21089,-77.022749,38.912675
10820,6,41578,-77.024003,38.909274
10820,6,31395,-77.024082,38.901486
10820,6,8009,-77.044955,38.911269
10820,6,14792,-77.044949,38.9104
10820,6,13544,-77.047465,38.905503
10820,6,8051,-77.050254,38.89628
10820,6,29859,-77.05027,38.893309
10820,6,4989,-77.049009,38.89198
10820,6,4988,-77.046862,38.891977
10820,6,4987,-77.045073,38.891977
10820,6,4986,-77.043686,38.891975
10820,6,5857,-77.056624,38.916423
10820,6,27556,-77.05428,38.914692
10820,6,5872,-77.053342,38.914006
10820,6,27541,-77.051647,38.912768
10820,6,5870,-77.048328,38.911258
10820,6,31413,-77.039315,38.901196
10820,6,7974,-77.041604,38.908805
10820,6,5868,-77.045403,38.910422
10820,6,5293,-77.048361,38.911458
10820,6,5871,-77.050822,38.912554
10820,6,5859,-77.053008,38.913982
10820,6,5858,-77.054975,38.91542
10820,6,5874,-77.057179,38.917034
10820,6,4975,-77.019689,38.892205
10820,6,12611,-77.021573,38.892216
10820,6,28987,-77.025818,38.894057
10820,6,7427,-77.018832,38.900201
10820,6,7426,-77.018923,38.901577
10820,6,39869,-77.022901,38.893422
10820,6,6461,-77.020305,38.892778
10820,6,7360,-77.017666,38.890837
10820,6,7399,-77.01903,38.90219
10820,6,29741,-77.026124,38.892778
10820,6,7841,-77.036437,38.901837
10820,6,28617,-77.036431,38.903577
10820,6,7843,-77.036367,38.905416
10820,6,7848,-77.036339,38.916856
10820,6,7923,-77.036371,38.918402
10820,6,7849,-77.036619,38.918295
10820,6,7924,-77.036628,38.916536
10820,6,7928,-77.036658,38.905246
10820,6,5634,-77.036663,38.902799
10820,6,30125,-77.031013,38.901426
10820,6,5650,-77.035953,38.902464
10820,6,40019,-77.03602,38.900127
10820,10,3,-77.04606,38.894982
10820,10,4,-77.04153,38.895233
10820,10,5,-77.041562,38.898145
10820,10,6,-77.041553,38.902282
10820,10,7,-77.039797,38.9026
10820,10,8,-77.03487,38.902537
10820,10,9,-77.032223,38.902497
10820,10,639,-77.027185,38.897305
10820,10,11,-77.031993,38.893292
10820,10,23,-77.015105,38.893333
10820,10,27,-77.017313,38.89991
10820,11,121,-77.018743,38.901144
10820,11,86,-77.021712,38.902181
10820,11,89,-77.024599,38.902091
10820,11,95,-77.028892,38.902601
10820,11,155,-77.032504,38.9026
10820,11,48,-77.036983,38.902599
10820,11,47,-77.039227,38.90257
10820,11,46,-77.043266,38.9026
10820,11,96,-77.046717,38.90219
10820,11,154,-77.048448,38.902094
10820,11,39,-77.031694,38.901441
10820,11,41,-77.031808,38.902253
10820,11,63,-77.031806,38.909194
10820,11,72,-77.031825,38.917452
10820,11,40,-77.048932,38.901973
10820,11,38,-77.046829,38.90124
10820,11,42,-77.043683,38.902444
10820,11,45,-77.039758,38.902445
10820,11,44,-77.03679,38.902459
10820,11,43,-77.032208,38.902442
10820,11,101,-77.028926,38.90245
10820,11,85,-77.026604,38.902435
10820,11,87,-77.02461,38.901801
10820,11,119,-77.021548,38.901944
10820,11,120,-77.0191,38.901094
10820,11,103,-77.043514,38.907501
10820,11,59,-77.047465,38.905503
10820,11,94,-77.047012,38.905688
10820,11,116,-77.017323,38.890636
10820,11,117,-77.022436,38.890601
10820,11,118,-77.028701,38.890517
10820,11,32,-77.046862,38.891977
10820,11,109,-77.041405,38.891882
10820,11,156,-77.032072,38.917192
10820,11,65,-77.032086,38.9099
10820,11,49,-77.029768,38.902768
10820,15,11707,-77.018523,38.90116
10820,15,11708,-77.024583,38.902088
10820,15,11582,-77.030139,38.902593
10820,15,11710,-77.032492,38.902596
10820,15,11711,-77.036981,38.902589
10820,15,11712,-77.041571,38.902599
10820,15,11713,-77.044675,38.902572
10820,15,11640,-77.050206,38.900367
10820,15,11547,-77.043909,38.893645
10820,15,11756,-77.031753,38.892107
10820,15,11757,-77.031814,38.895708
10820,15,11758,-77.031878,38.898037
10820,15,11759,-77.028378,38.89484
10820,15,11760,-77.023458,38.893602
10820,15,11761,-77.020332,38.892729
10820,15,11762,-77.015604,38.891954
10820,15,11819,-77.042684,38.910584
10820,15,11820,-77.043328,38.905713
10820,15,11619,-77.043535,38.902211
10820,15,11587,-77.043521,38.899879
10820,15,11588,-77.043325,38.896049
10820,15,11821,-77.031834,38.892117
10820,15,11793,-77.025794,38.892168
10820,15,12046,-77.021839,38.89207
10820,15,11790,-77.036643,38.905476
10820,15,11718,-77.036324,38.902564
10820,15,11719,-77.032299,38.902448
10820,15,11791,-77.029728,38.899535
10820,15,11797,-77.023533,38.892226
10820,15,11893,-77.032594,38.892191
10820,15,11894,-77.041651,38.893326
10820,15,11895,-77.041637,38.895247
10820,15,11896,-77.041613,38.899311
10820,15,11897,-77.041609,38.902322
10820,15,11898,-77.041593,38.905517
10820,15,11578,-77.022483,38.893606
10820,15,11579,-77.025581,38.894171
10820,15,11581,-77.028039,38.898508
10820,15,11742,-77.041522,38.897316
10820,15,11746,-77.046384,38.905719
10820,15,11583,-77.035179,38.902609
10820,15,11584,-77.039246,38.902626
10820,15,11637,-77.02788,38.892144
10820,15,11585,-77.043224,38.902589
10820,15,11639,-77.046428,38.90255
10820,15,11586,-77.046684,38.905281
10820,15,13625,-77.044653,38.893498
10820,16,1608,-77.031839,38.893517
10820,16,1403,-77.031822,38.895935
10820,16,1609,-77.031882,38.897217
10820,16,1404,-77.03188,38.899219
10820,16,1419,-77.029677,38.899743
10820,16,1422,-77.027082,38.896185
10820,16,1423,-77.025526,38.894173
10820,16,1424,-77.022229,38.89324
10820,16,1752,-77.046332,38.895058
10820,16,1502,-77.041661,38.897083
10820,16,1503,-77.041697,38.89939
10820,16,1504,-77.037454,38.900203
10820,16,2073,-77.031967,38.899413
10820,16,1507,-77.032072,38.897676
10820,16,1508,-77.032084,38.894757
10820,16,1658,-77.034439,38.901328
10820,16,1407,-77.041364,38.901343
10820,16,2014,-77.04375,38.899091
10820,16,1409,-77.043499,38.897375
10820,16,1970,-77.043598,38.895165
10820,16,1420,-77.027089,38.899803
10820,18,3192,-77.043552,38.897491
10820,18,3289,-77.027117,38.891986
10820,18,3189,-77.046242,38.894998
10820,18,3190,-77.042791,38.893077
10820,18,3191,-77.041591,38.895245
10820,18,3228,-77.041589,38.898128
10820,18,3229,-77.043562,38.899134
10482,6,5574,-77.020484,38.887404
10482,6,5578,-77.016072,38.887456
10482,6,7367,-77.017329,38.8877
10482,6,13859,-77.020997,38.884916
10482,6,44282,-77.027984,38.885247
10482,6,5571,-77.028795,38.887711
10482,6,7715,-77.031658,38.887697
10482,6,7718,-77.031799,38.888462
10482,6,7716,-77.030869,38.887459
10482,6,5583,-77.028567,38.887448
10482,6,4795,-77.028235,38.885436
10482,6,29684,-77.02324,38.884891
10482,6,3320,-77.021161,38.884765
10482,6,7498,-77.021579,38.883348
10482,6,27005,-77.021778,38.88371
10482,6,7508,-77.021754,38.886212
10482,6,7495,-77.021789,38.888527
10482,6,5581,-77.022073,38.887842
10482,6,13712,-77.022043,38.885952
10482,6,13555,-77.022052,38.883748
10482,6,5017,-77.021896,38.884842
10482,6,5579,-77.017511,38.88727
10482,6,7368,-77.017676,38.887837
10482,6,29685,-77.023725,38.884932
10482,6,4100,-77.027725,38.884617
10482,6,7670,-77.0288,38.886069
10482,6,27043,-77.031029,38.886086
10482,6,5570,-77.031738,38.886957
10482,6,27085,-77.032102,38.888949
10482,6,5584,-77.032138,38.88705
10482,10,12,-77.02848,38.887508
10482,10,13,-77.024387,38.887492
10482,10,14,-77.020597,38.887453
10482,11,162,-77.020666,38.884768
10482,11,107,-77.033545,38.888409
10482,11,106,-77.033326,38.890333
10482,11,112,-77.02834,38.888598
10482,11,113,-77.022624,38.888654
10482,13,00000000000000000000000000000002,-77.0212,38.88559
10482,15,11576,-77.017313,38.887654
10482,15,11634,-77.019425,38.887655
10482,15,11635,-77.025567,38.887736
10482,15,11636,-77.027722,38.887605
10482,15,11738,-77.031652,38.887613
10482,15,11650,-77.020725,38.887573
10482,15,11601,-77.016219,38.887598
10482,15,11796,-77.021747,38.888081
10482,15,13655,-77.021819,38.883682
10482,15,11618,-77.021855,38.886184
10482,15,11557,-77.017448,38.885906
10482,15,11577,-77.021784,38.887167
10482,16,1400,-77.031787,38.8869
10482,16,2006,-77.022037,38.887835
10482,16,1429,-77.021985,38.886088
10482,16,1430,-77.023726,38.884905
10482,16,1509,-77.032047,38.887033
10482,16,1896,-77.028595,38.887501
10482,16,2008,-77.02206,38.883698
10482,18,3283,-77.023716,38.884908
2782,6,27061,-77.012348,38.887472
2782,6,28904,-77.013211,38.887653
2784,6,5585,-77.008679,38.887519
2784,6,5589,-77.005587,38.887549
2784,6,5587,-77.004116,38.88753
2784,6,5586,-77.00561,38.887711
2784,6,5590,-77.007866,38.887689
2784,15,11575,-77.005684,38.887692
2784,15,11754,-77.007876,38.887689
2784,15,11602,-77.005289,38.887557
8145,6,6515,-76.999979,38.886034
8145,6,6514,-76.998134,38.88534
8145,6,27014,-76.995572,38.884236
8145,6,8930,-76.994772,38.884302
8145,6,27036,-76.998297,38.88573
8145,6,6476,-77.000012,38.886448
8145,6,6475,-77.001692,38.887124
8145,6,28985,-76.992115,38.876583
8145,6,5751,-76.994765,38.876615
8145,6,7536,-76.994878,38.877849
8145,6,7534,-76.994877,38.881126
8145,6,7533,-76.994875,38.883014
8145,6,27019,-76.994875,38.884513
8145,6,27025,-76.995066,38.88448
8145,6,27002,-76.995083,38.883513
8145,6,7541,-76.99508,38.881458
8145,6,39937,-76.995083,38.877254
8145,6,5756,-76.993058,38.876383
8145,6,6479,-76.996178,38.884713
8145,6,28986,-76.997588,38.876594
8145,6,5752,-76.996338,38.876383
8145,6,30121,-76.988809,38.879342
8145,6,14531,-76.991249,38.879345
8145,6,5558,-76.992509,38.879342
8145,6,26957,-76.994258,38.879348
8145,6,5750,-76.991442,38.876862
8145,6,6558,-76.990379,38.878356
8145,6,6552,-76.988528,38.879041
8145,11,24,-76.995612,38.884219
8145,11,19,-76.99508,38.88137
8145,11,164,-76.995085,38.877229
8145,11,83,-76.997614,38.876601
8145,11,88,-76.997358,38.876383
8145,11,16,-76.994873,38.877799
8145,11,18,-76.99485,38.881083
8145,11,25,-76.995955,38.884769
8145,11,23,-76.995083,38.883513
8145,11,22,-76.994895,38.882996
8145,15,11569,-76.997357,38.876385
8145,15,11795,-76.994681,38.876569
8145,15,13629,-76.992521,38.876578
8145,15,11553,-76.99768,38.876504
8145,16,1436,-76.997417,38.876408
8145,16,1437,-76.992994,38.87635
2789,6,6512,-76.992111,38.882828
2789,6,6481,-76.990936,38.882743
2790,6,6482,-76.988527,38.881359
2790,6,6510,-76.988175,38.881627
4653,6,28903,-76.985503,38.880134
4653,6,6508,-76.983806,38.879443
4653,6,6483,-76.985484,38.880518
4653,6,5904,-76.98041,38.885738
4653,6,5907,-76.979161,38.885223
4653,6,27022,-76.977477,38.884538
4653,6,5109,-76.977203,38.885727
4653,6,7964,-76.979069,38.885483
4653,6,5908,-76.980611,38.885968
4653,6,6509,-76.984728,38.880213
4653,6,6554,-76.983833,38.880948
4653,6,6555,-76.980958,38.882112
4653,6,6556,-76.979411,38.882748
4653,6,6557,-76.977584,38.883494
4653,6,7939,-76.980843,38.884239
4653,6,7940,-76.980844,38.882962
4653,6,26978,-76.983035,38.881422
4653,6,7826,-76.983767,38.879909
4653,6,6553,-76.985484,38.881192
4653,6,26970,-76.98538,38.880646
4653,6,26964,-76.985719,38.880027
2883,6,26871,-76.971687,38.873749
2883,6,37212,-76.968741,38.872598
2883,6,26877,-76.971706,38.874168
2883,6,8064,-76.971008,38.871335
2883,6,8065,-76.971012,38.869617
2883,6,6183,-76.97084,38.868343
2883,6,6199,-76.970489,38.868055
2883,6,14624,-76.972338,38.869683
2883,6,8059,-76.97313,38.870598
2883,6,5998,-76.972373,38.872557
2883,6,5992,-76.979201,38.869181
2883,6,5991,-76.977556,38.87
2883,6,5990,-76.975192,38.871179
2883,6,5989,-76.972505,38.872691
2883,6,5997,-76.974743,38.871557
2883,6,5996,-76.977189,38.870343
2883,6,5995,-76.979287,38.869302
2883,6,5999,-76.970842,38.874018
2883,6,5988,-76.970016,38.873744
2795,6,40419,-76.964475,38.870883
2795,6,6490,-76.962992,38.870266
2795,6,6503,-76.962898,38.870406
2795,6,29433,-76.964553,38.871088
7125,6,6501,-76.960652,38.869269
7125,6,4693,-76.960112,38.867386
7125,6,4683,-76.960097,38.868173
7125,6,26806,-76.960753,38.869537
7125,6,29607,-76.958398,38.868403
7125,6,6493,-76.956337,38.867556
7125,6,6498,-76.956474,38.867792
7125,6,6492,-76.958301,38.86854
2799,6,4692,-76.959737,38.865397
2799,6,4685,-76.959532,38.865216
10806,6,4690,-76.959117,38.862084
10806,6,4689,-76.958962,38.860648
10806,6,10531,-76.958995,38.859563
10806,6,26649,-76.960231,38.858568
10806,6,26632,-76.960253,38.857505
10806,6,26624,-76.962321,38.857346
10806,6,7319,-76.964335,38.857294
10806,6,7327,-76.964599,38.857075
10806,6,7326,-76.962795,38.857231
10806,6,8096,-76.960444,38.857236
10806,6,8094,-76.96013,38.858228
10806,6,4815,-76.959688,38.859379
10806,6,4688,-76.958849,38.860385
10806,6,4466,-76.958906,38.861807
10806,6,26721,-76.970109,38.862939
10806,6,5455,-76.969038,38.860807
10806,6,6190,-76.968289,38.859056
10806,6,4472,-76.96968,38.857308
10806,6,4473,-76.970066,38.855968
10806,6,4496,-76.970076,38.854036
10806,6,4475,-76.970456,38.852337
10806,6,26522,-76.971925,38.851465
10806,6,8058,-76.973504,38.850797
10806,6,8061,-76.973331,38.850832
10806,6,4494,-76.972277,38.851219
10806,6,4495,-76.970073,38.852526
10806,6,4497,-76.969868,38.854332
10806,6,4474,-76.96989,38.856206
10806,6,6189,-76.968123,38.859587
10806,6,26719,-76.96945,38.862262
10806,6,26698,-76.995463,38.861821
10806,6,26703,-76.993339,38.861977
10806,6,26723,-76.991333,38.863205
10806,6,26742,-76.989992,38.864254
10806,6,37229,-76.988623,38.867205
10806,6,26786,-76.988855,38.867
10806,6,26756,-76.989783,38.865054
10806,6,26733,-76.990877,38.863594
10806,6,26720,-76.992239,38.86287
10806,6,26704,-76.99354,38.861982
10806,6,4478,-76.974528,38.85083
10806,6,26692,-76.969546,38.861495
10806,6,5454,-76.970742,38.862248
10806,6,5458,-76.972609,38.86307
10806,6,26740,-76.97538,38.86424
10806,6,5451,-76.976487,38.864777
10806,6,5461,-76.979366,38.8658
10806,6,36832,-76.981268,38.866137
10806,6,31823,-76.985435,38.866898
10806,6,5466,-76.987429,38.867257
10806,6,26789,-76.987806,38.8672
10806,6,5464,-76.985317,38.866753
10806,6,5448,-76.983422,38.866408
10806,6,26778,-76.982127,38.866178
10806,6,5450,-76.97883,38.865619
10806,6,26751,-76.976773,38.864756
10806,6,26736,-76.974697,38.863772
10806,6,5453,-76.972594,38.862922
10806,6,5457,-76.971205,38.862306
10806,6,4493,-76.974055,38.851125
10806,6,26515,-76.975586,38.850665
10806,6,26545,-76.995796,38.852937
10806,6,26580,-76.995979,38.854995
10806,6,26621,-76.995713,38.857338
10806,6,26656,-76.995216,38.859143
10806,6,29088,-76.995586,38.862139
10806,6,26660,-76.995173,38.859491
10806,6,28739,-76.995671,38.858305
10806,6,26609,-76.995998,38.856855
10806,6,26584,-76.996155,38.855239
10806,6,26554,-76.996007,38.853211
10806,6,26712,-76.996166,38.862424
10806,6,29090,-76.995774,38.862237
10806,6,28815,-76.995966,38.86233
10806,6,28655,-76.996141,38.862161
10806,6,7077,-76.987992,38.864539
10806,6,7079,-76.982916,38.863613
10806,6,7838,-76.982303,38.864701
10806,6,26774,-76.981921,38.866
10806,6,26790,-76.98217,38.867542
10806,6,5993,-76.981289,38.86814
10806,6,5994,-76.981751,38.868069
10806,6,6751,-76.995463,38.862328
10806,6,4513,-76.950719,38.865959
10806,6,4514,-76.949818,38.866926
10806,6,8119,-76.95215,38.862931
10806,6,8120,-76.952142,38.864197
10806,6,8117,-76.952145,38.865676
10806,6,28654,-76.995946,38.862062
10806,6,26709,-76.994975,38.862251
10806,6,6077,-76.990117,38.862136
10806,6,26694,-76.989422,38.861511
10806,6,6073,-76.987783,38.859979
10806,6,26653,-76.985904,38.858711
10806,6,6069,-76.984744,38.857894
10806,6,5239,-76.982442,38.856929
10806,6,26617,-76.980992,38.857181
10806,6,5235,-76.979196,38.857255
10806,6,26619,-76.976893,38.857146
10806,6,26607,-76.974911,38.856738
10806,6,4448,-76.97322,38.857798
10806,6,4449,-76.97193,38.856957
10806,6,26588,-76.973377,38.855491
10806,6,5523,-76.973334,38.854036
10806,6,8060,-76.973283,38.853194
10806,6,5606,-76.972372,38.85297
10806,6,29058,-76.970686,38.852964
10806,6,26651,-76.96992,38.858738
10806,6,26675,-76.969772,38.860409
10806,6,6195,-76.967459,38.857099
10806,6,6191,-76.96718,38.856935
10806,6,26674,-76.969938,38.860423
10806,6,26655,-76.970062,38.858864
10806,6,26547,-76.971068,38.853077
10806,6,5604,-76.973024,38.853077
10806,6,26587,-76.973279,38.855408
10806,6,4451,-76.971907,38.857077
10806,6,28736,-76.973054,38.857834
10806,6,4725,-76.975411,38.856455
10806,6,26616,-76.976814,38.857247
10806,6,5237,-76.978818,38.857365
10806,6,26620,-76.98117,38.857258
10806,6,26612,-76.982521,38.857025
10806,6,26622,-76.983486,38.857225
10806,6,26644,-76.98534,38.8585
10806,6,6085,-76.986762,38.85947
10806,6,21093,-76.98785,38.860163
10806,6,6083,-76.988629,38.860842
10806,6,29050,-76.989381,38.861634
10806,6,6078,-76.99027,38.862495
10806,6,26710,-76.994836,38.862361
10806,6,28656,-76.99575,38.861969
10806,6,4471,-76.968359,38.858615
10806,6,4504,-76.967144,38.859681
10806,6,4469,-76.96497,38.86056
10806,6,4468,-76.963211,38.861237
10806,6,4467,-76.961621,38.861662
10806,6,4508,-76.959215,38.861854
10806,6,4465,-76.957797,38.862108
10806,6,28976,-76.95644,38.86295
10806,6,28977,-76.955268,38.864114
10806,6,4511,-76.953864,38.864613
10806,6,6497,-76.950372,38.865134
10806,6,6494,-76.950142,38.865199
10806,6,4463,-76.952722,38.865189
10806,6,4510,-76.955483,38.864155
10806,6,4464,-76.95654,38.863068
10806,6,4509,-76.957201,38.862437
10806,6,4687,-76.958808,38.862021
10806,6,4507,-76.961278,38.861818
10806,6,4506,-76.962969,38.861462
10806,6,4505,-76.964624,38.860867
10806,6,26673,-76.966057,38.860355
10806,6,6196,-76.968062,38.859198
10806,6,29001,-76.995997,38.862678
10806,6,28716,-76.983603,38.860377
10806,6,26699,-76.982741,38.861843
10806,6,6899,-76.980938,38.850662
10806,6,6897,-76.982203,38.85149
10806,6,26526,-76.983541,38.85166
10806,6,26527,-76.984728,38.85183
10806,6,26521,-76.985278,38.851254
10806,6,13866,-76.984488,38.84995
10806,6,8950,-76.982477,38.850783
10806,6,6911,-76.981194,38.850717
10806,6,26529,-76.981274,38.851764
10806,6,28738,-76.982681,38.852745
10806,6,6891,-76.983757,38.85377
10806,6,8949,-76.986302,38.854501
10806,6,29103,-76.988223,38.854225
10806,6,29105,-76.990973,38.854592
10806,6,29104,-76.988285,38.854104
10806,6,10875,-76.987001,38.85409
10806,6,36856,-76.987458,38.855798
10806,6,28715,-76.989936,38.855291
10806,6,28729,-76.991167,38.855584
10806,6,16030,-76.992608,38.855672
10806,6,29102,-76.993307,38.856296
10806,6,29101,-76.99314,38.857877
10806,6,6753,-76.993295,38.858856
10806,6,28672,-76.993748,38.860916
10806,6,16028,-76.993467,38.859152
10806,6,28730,-76.993317,38.858034
10806,6,26600,-76.993446,38.856387
10806,6,6518,-76.992578,38.85557
10806,6,28731,-76.991024,38.855474
10806,6,26583,-76.989892,38.855159
10806,6,6886,-76.986976,38.855795
10806,6,28753,-76.983871,38.853674
10806,6,6890,-76.982537,38.852476
10806,6,4118,-76.982285,38.865186
10806,6,7836,-76.982747,38.862928
10806,6,28847,-76.982904,38.86153
10806,6,6521,-76.983752,38.86027
10806,6,6071,-76.985072,38.859034
10806,11,179,-76.988941,38.867027
10806,11,8,-76.989804,38.865006
10806,11,158,-76.99507,38.861893
10806,11,178,-76.99346,38.859158
10806,11,181,-76.990395,38.858417
10806,11,145,-76.987355,38.857415
10806,11,182,-76.987114,38.856329
10806,11,177,-76.986167,38.854635
10806,11,176,-76.981087,38.850911
10806,11,142,-76.980941,38.850662
10806,11,143,-76.985604,38.854381
10806,11,144,-76.986895,38.856077
10806,11,161,-76.988138,38.858285
10806,11,146,-76.990139,38.858528
10806,11,147,-76.993289,38.858849
10806,11,7,-76.989978,38.864241
10806,11,165,-76.988623,38.867201
8519,6,28802,-76.96562,38.855102
8519,6,26557,-76.964385,38.853378
8519,6,6192,-76.963223,38.852254
8519,6,6868,-76.963294,38.850964
8519,6,6869,-76.964322,38.851421
8519,6,8085,-76.965519,38.852361
8519,6,8087,-76.965629,38.854458
8519,6,6194,-76.966052,38.855154
8519,6,26506,-76.964988,38.849668
8519,6,26508,-76.964133,38.850117
2810,6,28801,-76.956492,38.850013
2810,6,28803,-76.956557,38.850188
2810,6,7686,-76.956611,38.850788
2810,6,29598,-76.956684,38.850597
2810,19,1088,-76.956431,38.849839
2886,6,26771,-76.970455,38.86578
2886,6,26770,-76.970264,38.865854
4214,6,16061,-76.970215,38.848086
4214,6,28732,-76.969126,38.847478
4214,6,8067,-76.969834,38.845979
4214,6,4964,-76.971568,38.844508
4214,6,23642,-76.972347,38.843927
4214,6,28905,-76.972561,38.843538
4214,6,14794,-76.972354,38.844713
4214,6,14799,-76.972761,38.847201
4214,6,16022,-76.971167,38.847928
4214,6,28812,-76.987679,38.845239
4214,6,29003,-76.987432,38.844834
4214,6,7827,-76.985284,38.845417
4214,6,4483,-76.982924,38.846081
4214,6,4481,-76.980692,38.846719
4214,6,2889,-76.979258,38.847314
4214,6,4480,-76.978157,38.848243
4214,6,4492,-76.978067,38.848632
4214,6,28811,-76.979383,38.847412
4214,6,6902,-76.980792,38.84684
4214,6,4490,-76.982686,38.846294
4214,6,4482,-76.983869,38.845952
4214,6,29006,-76.985462,38.845519
4214,6,26249,-76.98707,38.832409
4214,6,26263,-76.988843,38.833138
4214,6,170,-76.989905,38.833218
4214,6,14631,-76.990826,38.8325
4214,6,4563,-76.992572,38.831138
4214,6,12352,-76.994463,38.831023
4214,6,7251,-76.994567,38.831837
4214,6,7537,-76.994571,38.832862
4214,6,4877,-76.995247,38.834317
4214,6,26272,-76.996923,38.833675
4214,6,28733,-76.998255,38.832799
4214,6,4876,-76.999426,38.832026
4214,6,653,-77.000346,38.831417
4214,6,4556,-77.005586,38.831239
4214,6,6011,-77.007278,38.831771
4214,6,6012,-77.006088,38.832842
4214,6,6013,-77.003841,38.834319
4214,6,6014,-77.002509,38.835204
4214,6,7441,-76.998387,38.837901
4214,6,26361,-76.998391,38.839879
4214,6,7439,-76.998393,38.841746
4214,6,6742,-77.000385,38.841937
4214,6,26396,-77.000506,38.842809
4214,6,26407,-76.999064,38.843521
4214,6,26428,-76.997455,38.844847
4214,6,26455,-76.996311,38.846368
4214,6,26486,-76.995896,38.84838
4214,6,26498,-76.995889,38.849388
4214,6,26502,-76.996044,38.849635
4214,6,29054,-76.996084,38.848256
4214,6,26465,-76.996186,38.846993
4214,6,26440,-76.9974,38.845275
4214,6,26408,-76.999472,38.843516
4214,6,7353,-77.000662,38.842241
4214,6,7438,-76.998532,38.841587
4214,6,26352,-76.998527,38.839159
4214,6,7436,-76.998526,38.837794
4214,6,6018,-77.002635,38.835259
4214,6,6019,-77.003714,38.83455
4214,6,6020,-77.005692,38.833253
4214,6,6021,-77.007422,38.831763
4214,6,31824,-77.00556,38.831108
4214,6,4875,-77.000192,38.83139
4214,6,4880,-76.998803,38.832303
4214,6,26269,-76.996741,38.83361
4214,6,7539,-76.996011,38.834226
4214,6,7538,-76.99471,38.83321
4214,6,14632,-76.994714,38.832174
4214,6,29093,-76.994715,38.831116
4214,6,29092,-76.994109,38.830908
4214,6,4565,-76.992311,38.831184
4214,6,4564,-76.991006,38.832204
4214,6,7144,-76.9891,38.833125
4214,6,7145,-76.988253,38.832574
4214,6,26247,-76.986913,38.832352
4214,6,4840,-77.013652,38.828491
4214,6,26178,-77.012671,38.827165
4214,6,26154,-77.012673,38.825792
4214,6,26117,-77.012275,38.824268
4214,6,26095,-77.011498,38.822487
4214,6,26090,-77.011315,38.822484
4214,6,26110,-77.011731,38.823427
4214,6,26137,-77.012394,38.825057
4214,6,26169,-77.012476,38.8268
4214,6,26199,-77.012461,38.828869
4214,6,26214,-77.011447,38.830203
4214,6,28852,-77.008092,38.831393
4214,6,26243,-77.007981,38.832094
4214,6,26277,-77.0082,38.834018
4214,6,26302,-77.00748,38.835947
4214,6,26316,-77.006827,38.836827
4214,6,26344,-77.005674,38.838342
4214,6,26364,-77.004484,38.839912
4214,6,26386,-77.003064,38.841784
4214,6,26398,-77.001123,38.842743
4214,6,26400,-77.00135,38.842855
4214,6,26380,-77.00354,38.841471
4214,6,26357,-77.004967,38.839583
4214,6,26338,-77.006228,38.837917
4214,6,26322,-77.006988,38.836931
4214,6,26290,-77.008102,38.834985
4214,6,26251,-77.009032,38.832642
4214,6,29094,-77.010326,38.831406
4214,6,26218,-77.011266,38.830557
4214,6,31994,-77.01264,38.828894
4214,6,31973,-77.013713,38.828609
4214,6,6831,-76.988674,38.830965
4214,6,6832,-76.987742,38.831697
4214,6,29089,-76.989871,38.83381
4214,6,7142,-76.990652,38.834319
4214,6,7149,-76.992185,38.835415
4214,6,7029,-76.992767,38.836238
4214,6,10797,-76.993469,38.838652
4214,6,47348,-76.993537,38.840247
4214,6,7137,-76.993944,38.842584
4214,6,4487,-76.995785,38.843527
4214,6,4486,-76.997495,38.843255
4214,6,6591,-76.997786,38.843343
4214,6,4485,-76.996048,38.843329
4214,6,7136,-76.994254,38.843332
4214,6,4280,-76.994025,38.842077
4214,6,7138,-76.993719,38.840321
4214,6,7542,-76.993637,38.838405
4214,6,7150,-76.992999,38.836287
4214,6,7141,-76.992132,38.835125
4214,6,7148,-76.991035,38.834391
4214,6,29091,-76.990108,38.833785
4214,6,6872,-76.987717,38.831908
4214,6,6874,-76.989243,38.830735
4214,6,613,-76.998434,38.829064
4214,6,7355,-77.000637,38.828694
4214,6,26211,-77.007594,38.83005
4214,6,26245,-77.008278,38.832237
4214,6,26210,-77.00777,38.83002
4214,6,4655,-76.987648,38.845204
4214,6,28830,-77.000641,38.829979
4214,6,28831,-76.998246,38.829159
4214,6,609,-76.995186,38.829157
4214,6,28832,-76.993439,38.830305
4214,6,40401,-76.994025,38.838844
4214,6,4662,-76.999191,38.843012
4214,6,28826,-76.997969,38.843066
4214,6,4484,-76.993661,38.843718
4214,6,7634,-76.991964,38.844014
4214,6,134,-76.9908,38.844214
4214,6,6905,-76.979897,38.845913
4214,6,6953,-76.97844,38.844727
4214,6,6955,-76.976782,38.845028
4214,6,31854,-76.975564,38.843839
4214,6,31855,-76.974023,38.843872
4214,6,31857,-76.974151,38.843987
4214,6,31856,-76.976045,38.843905
4214,6,7990,-76.976908,38.846322
4214,6,14802,-76.978338,38.846212
4214,6,6743,-76.97955,38.845856
4214,6,30127,-76.988086,38.844858
4214,6,28845,-76.990506,38.844406
4214,6,9165,-76.992181,38.844127
4214,6,4488,-76.993909,38.84382
4214,6,28827,-76.99934,38.843146
4214,6,245,-76.993782,38.830195
4214,6,465,-76.994834,38.829384
4214,6,7442,-76.998297,38.829269
4214,6,652,-77.000508,38.829905
4214,6,40308,-77.008586,38.831557
4214,6,6548,-76.999625,38.845179
4214,6,12586,-77.001345,38.84593
4214,6,12587,-77.00391,38.846741
4214,6,12588,-77.005307,38.846949
4214,6,12589,-77.00549,38.847719
4214,6,26496,-77.004691,38.848944
4214,6,26480,-77.003043,38.848045
4214,6,26478,-77.001177,38.847886
4214,6,12593,-77.000054,38.847201
4214,6,26459,-76.998962,38.846546
4214,6,26448,-76.997521,38.845675
4214,6,26483,-76.967077,38.848026
4214,6,26464,-76.968537,38.846873
4214,6,5560,-76.969547,38.846083
4214,6,7037,-76.983387,38.844746
4214,6,26412,-76.985341,38.843888
4214,6,4885,-76.985661,38.843129
4214,6,26393,-76.986714,38.842381
4214,6,7040,-76.988356,38.841957
4214,6,4883,-76.991017,38.84131
4214,6,7632,-76.991319,38.84262
4214,6,4489,-76.991549,38.84399
4214,6,28844,-76.98771,38.845755
4214,6,28842,-76.988582,38.843373
4214,6,29060,-76.98859,38.842025
4214,6,26375,-76.988581,38.840973
4214,6,26359,-76.98946,38.83974
4214,6,26354,-76.991409,38.839255
4214,6,26317,-76.992795,38.836753
4214,6,26318,-76.992793,38.836901
4214,6,10476,-76.991636,38.839093
4214,6,26358,-76.989388,38.839635
4214,6,7041,-76.988442,38.840838
4214,6,29049,-76.988437,38.842146
4214,6,28843,-76.988434,38.843129
4214,6,30128,-76.987709,38.845582
4214,6,26401,-76.991492,38.842861
4214,6,7631,-76.99124,38.841504
4214,6,4884,-76.988258,38.841869
4214,6,28740,-76.987016,38.842173
4214,6,7038,-76.985693,38.842864
4214,6,26413,-76.985178,38.843998
4214,6,28846,-76.983244,38.844858
4214,6,26423,-76.971108,38.844691
4214,6,5550,-76.969689,38.845793
4214,6,26461,-76.968379,38.846812
4214,6,26484,-76.96682,38.848026
4214,6,6549,-76.997929,38.845174
4214,6,6544,-77.003416,38.845017
4214,6,6543,-77.000067,38.845023
4214,6,26431,-76.997703,38.845023
4214,6,6547,-77.003101,38.845176
4214,6,6903,-76.980357,38.847245
4214,6,6901,-76.980725,38.848284
4214,6,6900,-76.980978,38.84858
4214,6,26470,-76.980501,38.847226
4214,11,175,-76.980504,38.847229
4214,11,160,-76.987656,38.845883
4214,11,141,-76.98036,38.847245
4214,19,1426,-76.987073,38.832415
4214,19,1425,-76.987758,38.831891
4214,19,1409,-76.989298,38.830687
4214,19,1408,-76.98874336,38.8309177
4214,19,1424,-76.987739,38.831702
4214,19,1423,-76.98693,38.832344
2901,6,8920,-76.975582,38.841387
2901,6,28800,-76.976244,38.840342
2901,6,28906,-76.975717,38.841088
2901,6,28814,-76.976063,38.840455
2901,6,7681,-76.976314,38.84014
2901,6,40211,-76.976015,38.840131
2901,6,36820,-76.976168,38.840036
2901,6,29027,-76.975538,38.840534
2901,6,42832,-76.975558,38.840855
2901,6,42833,-76.975709,38.840406
2901,6,29366,-76.975946,38.840564
2901,19,1427,-76.975528,38.840889
2978,6,10257,-77.219315,38.825707
2978,6,10258,-77.217035,38.825833
2978,18,3406,-77.21923,38.82567
2978,18,3405,-77.21701,38.82586
2980,6,26185,-77.215691,38.827704
2980,18,3404,-77.21567,38.82772
2981,6,10260,-77.213093,38.828548
2981,18,3403,-77.21301,38.82854
2982,6,10706,-77.210367,38.829836
2982,18,3401,-77.21033,38.8299
2986,6,8988,-77.19788,38.835988
2986,6,8989,-77.198271,38.83718
2986,6,26321,-77.198356,38.836868
2986,18,3354,-77.19791,38.83599
2986,18,3355,-77.198295,38.837172
2986,18,3397,-77.19836,38.83686
2989,6,8982,-77.199019,38.839515
2989,6,8991,-77.199645,38.841471
2989,6,26374,-77.199623,38.840849
2989,6,26353,-77.199107,38.8392
2989,18,3356,-77.19902,38.83951
2989,18,3560,-77.199644,38.841483
2989,18,3395,-77.19966,38.8409
2989,18,3396,-77.19911,38.83919
2990,6,8992,-77.200625,38.843486
2990,6,26406,-77.200791,38.843428
2990,18,3357,-77.2007,38.84357
2990,18,3578,-77.200634,38.843224
2991,6,8979,-77.201935,38.845198
2991,6,26436,-77.202116,38.845108
2991,18,3358,-77.2019,38.84514
2991,18,3394,-77.20214,38.84516
2993,6,8978,-77.201895,38.847851
2993,6,8977,-77.20155,38.849731
2993,6,26504,-77.201744,38.849733
2993,6,26485,-77.201999,38.848317
2993,18,672,-77.20856,38.8487
2993,18,676,-77.20628,38.84796
2993,18,643,-77.20365,38.8467
2993,18,3359,-77.201905,38.847868
2993,18,3360,-77.20155,38.84977
2993,18,644,-77.20361,38.84686
2993,18,1802,-77.205127,38.847834
2993,18,671,-77.20807,38.84869
2993,18,649,-77.21027,38.84985
2993,18,3392,-77.20172,38.84977
2993,18,3393,-77.20199,38.84831
2997,6,8976,-77.19951,38.852202
2997,6,2992,-77.196445,38.853463
2997,6,26566,-77.194337,38.853729
2997,6,9000,-77.19012,38.85545
2997,6,26593,-77.189788,38.855817
2997,6,40271,-77.19145,38.854847
2997,6,26572,-77.192725,38.854123
2997,6,26565,-77.19459,38.853841
2997,6,26559,-77.196288,38.853638
2997,6,26551,-77.197929,38.8532
2997,6,26531,-77.19998,38.852035
2997,18,3361,-77.199542,38.852186
2997,18,3362,-77.19645,38.85349
2997,18,3363,-77.194325,38.853743
2997,18,3364,-77.19005,38.8555
2997,18,3386,-77.18982,38.8558
2997,18,3621,-77.191399,38.854872
2997,18,3387,-77.19274,38.8541
2997,18,3388,-77.19459,38.85384
2997,18,3389,-77.19636,38.85364
2997,18,3390,-77.19799,38.85314
2997,18,3391,-77.19999,38.85203
3000,6,9001,-77.185292,38.856968
3000,6,8968,-77.182895,38.857313
3000,6,8967,-77.179603,38.857773
3000,6,8966,-77.178694,38.859157
3000,6,8965,-77.178785,38.860684
3000,6,26687,-77.178816,38.86107
3000,6,26657,-77.178881,38.859376
3000,6,26633,-77.179927,38.857812
3000,6,26631,-77.181632,38.857598
3000,6,26615,-77.184927,38.857168
3000,18,3365,-77.18533,38.85699
3000,18,3366,-77.18288,38.85733
3000,18,3619,-77.179814,38.857708
3000,18,3367,-77.17873,38.85919
3000,18,3620,-77.17879,38.860587
3000,18,3381,-77.17881,38.86108
3000,18,3382,-77.17888,38.85936
3000,18,3383,-77.17993,38.85782
3000,18,3384,-77.18164,38.85761
3000,18,3385,-77.1849,38.85719
3003,6,8964,-77.176398,38.863835
3003,6,26744,-77.176333,38.86426
3003,18,3368,-77.17641,38.86383
3003,18,3577,-77.176355,38.864186
3004,6,2976,-77.175145,38.865934
3004,6,26779,-77.17513,38.866309
3004,18,3369,-77.17517,38.86594
3004,18,3380,-77.175101,38.866342
3005,6,8962,-77.174551,38.868644
3005,6,9044,-77.174491,38.870392
3005,6,9008,-77.174459,38.871683
3005,6,26833,-77.174636,38.871932
3005,6,26819,-77.174723,38.870433
3005,6,29141,-77.174771,38.869061
3005,6,2972,-77.174209,38.869603
3005,6,9007,-77.175203,38.869759
3005,18,3370,-77.17453,38.86863
3005,18,3371,-77.17451,38.87044
3005,18,3561,-77.17446,38.871683
3005,18,3377,-77.17464,38.87195
3005,18,3378,-77.17473,38.87048
3005,18,3379,-77.174784,38.869008
3049,6,26258,-77.21434,38.832903
3049,6,26256,-77.216388,38.832823
3049,18,3408,-77.21433,38.83292
3049,18,3409,-77.21641,38.8328
3051,6,26215,-77.218024,38.830201
3051,18,3410,-77.21801,38.8302
3052,6,13291,-77.218719,38.828124
3052,18,3411,-77.2187,38.82805
3054,6,8955,-77.205399,38.926242
3054,6,12767,-77.203555,38.925483
3054,6,9673,-77.204203,38.92582
3054,18,2150,-77.205413,38.926258
3054,18,3537,-77.203533,38.92548
3054,18,2151,-77.20355,38.926145
3054,18,2194,-77.204348,38.926092
3054,18,3607,-77.204337,38.925824
3056,6,8491,-77.201309,38.92414
3056,6,27657,-77.20145,38.924455
3056,18,3538,-77.201311,38.924161
3056,18,3552,-77.201424,38.924449
3057,6,12833,-77.200662,38.921827
3057,6,8300,-77.200561,38.921082
3057,6,12769,-77.200645,38.920827
3057,6,27628,-77.200548,38.921948
3057,18,3539,-77.200646,38.921844
3057,18,3540,-77.200524,38.921071
3057,18,3550,-77.200581,38.920868
3057,18,3551,-77.200528,38.921946
3060,6,27601,-77.203489,38.919388
3060,6,8168,-77.205727,38.918029
3060,6,12772,-77.206499,38.917391
3060,6,8298,-77.204031,38.918881
3060,18,3627,-77.203769,38.919176
3060,18,3541,-77.205763,38.918032
3060,18,3548,-77.206476,38.91742
3060,18,3549,-77.204055,38.918866
3061,6,8150,-77.208904,38.916138
3061,6,11251,-77.210087,38.915215
3061,6,8160,-77.208686,38.916075
3061,18,3542,-77.208976,38.916098
3061,18,3546,-77.210054,38.91524
3061,18,3547,-77.208706,38.916073
3062,6,10591,-77.212555,38.913982
3062,6,8148,-77.212597,38.913708
3062,18,3543,-77.212601,38.913914
3062,18,3545,-77.212591,38.913694
3064,6,29166,-77.210867,38.911924
3064,6,7732,-77.21122,38.911855
3064,18,3521,-77.21089,38.91196
3064,18,3519,-77.2112,38.91188
3065,6,29167,-77.207166,38.91405
3065,6,11208,-77.207246,38.914154
3065,18,3522,-77.20716,38.91408
3065,18,3518,-77.20723,38.91416
3067,6,11211,-77.205073,38.915451
3067,6,10647,-77.202541,38.914489
3067,6,10650,-77.2022,38.914376
3067,6,7717,-77.203492,38.915089
3067,6,10648,-77.204794,38.915497
3067,18,3523,-77.20509,38.91544
3067,18,3524,-77.20253,38.91451
3067,18,3515,-77.20218,38.91437
3067,18,3516,-77.20346,38.91508
3067,18,3517,-77.2048,38.91551
3068,6,29168,-77.200661,38.912502
3068,6,10645,-77.200114,38.911406
3068,6,10652,-77.200111,38.911669
3068,6,10646,-77.200627,38.912708
3068,18,3564,-77.200665,38.912502
3068,18,3525,-77.20012,38.9114
3068,18,3513,-77.20013,38.91165
3068,18,3514,-77.20062,38.9127
3076,6,12774,-77.204883,38.901544
3076,6,11594,-77.205601,38.900322
3076,6,27344,-77.206176,38.898957
3076,6,27343,-77.206,38.898965
3076,6,12779,-77.205227,38.900771
3076,18,3531,-77.20488,38.90157
3076,18,3532,-77.2056,38.90033
3076,18,3533,-77.20617,38.89895
3076,18,3505,-77.20598,38.89896
3076,18,3506,-77.20525,38.90078
3079,6,12775,-77.206563,38.896847
3079,6,12778,-77.206418,38.896913
3079,18,3534,-77.20664,38.89695
3079,18,3606,-77.206439,38.896939
3171,6,4868,-77.045926,38.917089
3171,6,4869,-77.04613,38.917128
3173,6,4867,-77.044828,38.918827
3173,6,4866,-77.043687,38.920917
3173,6,7979,-77.042892,38.922411
3173,6,4865,-77.043219,38.92243
3173,6,4871,-77.043749,38.921296
3173,6,4870,-77.04474,38.919334
3173,6,7978,-77.04185,38.920537
3173,6,13407,-77.042659,38.922964
3173,6,27640,-77.043896,38.923153
3173,6,4872,-77.042662,38.922244
3173,6,7983,-77.042039,38.920408
3173,11,90,-77.042659,38.922964
3173,11,157,-77.043891,38.923149
7816,6,4864,-77.040464,38.92405
7816,6,4874,-77.03801,38.925527
7816,6,9801,-77.037282,38.926751
7816,6,6096,-77.037176,38.928596
7816,6,6099,-77.038114,38.930897
7816,6,27743,-77.038501,38.93115
7816,6,6097,-77.037953,38.929985
7816,6,27707,-77.037534,38.928922
7816,6,6095,-77.03675,38.92674
7816,6,4863,-77.038405,38.925496
7816,6,4873,-77.04006,38.924537
7816,6,10424,-77.036009,38.926836
7816,6,6101,-77.037545,38.928686
7816,6,7853,-77.036686,38.928656
7816,6,7980,-77.041434,38.932303
7816,6,6098,-77.039225,38.932558
7816,6,27767,-77.039527,38.932638
7816,6,27764,-77.041154,38.932429
7816,6,6204,-77.038699,38.931873
7816,6,7917,-77.036913,38.931889
7816,6,7852,-77.036372,38.925847
7816,6,5595,-77.036371,38.928513
7816,6,7854,-77.036334,38.930141
7816,6,6443,-77.036362,38.931456
7816,6,7856,-77.036364,38.933632
7816,6,7857,-77.036368,38.934701
7816,6,7858,-77.036346,38.937285
7816,6,28612,-77.036563,38.936633
7816,6,7915,-77.036552,38.935107
7816,6,7916,-77.036577,38.933049
7816,6,7855,-77.036575,38.931361
7816,6,7918,-77.03657,38.930158
7816,6,7919,-77.03659,38.927949
7816,6,28613,-77.036582,38.925653
7816,11,76,-77.035935,38.92689
7816,11,75,-77.040062,38.924512
7816,11,73,-77.040415,38.92406
7816,11,78,-77.037178,38.928589
7816,15,11818,-77.036546,38.925646
3207,6,9039,-77.142759,38.866846
3207,6,26781,-77.140681,38.866383
3208,6,9038,-77.137324,38.866016
3208,6,9091,-77.137589,38.866265
3209,6,9037,-77.134483,38.866098
3209,6,9092,-77.133941,38.866402
3211,6,9095,-77.120696,38.866534
3211,6,9096,-77.119101,38.866556
3211,6,9033,-77.120306,38.866792
3211,6,9034,-77.122725,38.866676
3213,6,11520,-77.11591,38.867649
3213,6,11517,-77.116575,38.867605
3213,6,26787,-77.115991,38.867068
3221,6,11573,-77.101309,38.875593
3221,6,11583,-77.100896,38.875919
3222,6,11572,-77.098536,38.876909
3222,6,11584,-77.097699,38.87744
3223,6,26961,-77.092792,38.879611
3223,6,11570,-77.093088,38.879643
3259,6,7501,-77.022082,38.881559
3259,6,7502,-77.022023,38.879953
3259,6,44268,-77.022523,38.878939
3259,6,7500,-77.021805,38.879687
3259,6,5555,-77.022733,38.878487
3259,11,191,-77.022446,38.878591
3259,11,167,-77.021811,38.879689
3259,11,152,-77.022026,38.879959
3259,11,168,-77.022733,38.878497
3262,6,44269,-77.024547,38.880241
3262,6,44270,-77.024638,38.879967
3295,6,6674,-77.031823,38.919471
3295,6,27622,-77.031744,38.920898
3295,6,7739,-77.031872,38.922307
3295,6,7740,-77.032011,38.923526
3295,6,7797,-77.032179,38.925162
3295,6,29687,-77.032261,38.926346
3295,6,7743,-77.032389,38.927269
3295,6,5596,-77.032618,38.929114
3295,6,7793,-77.032647,38.931125
3295,6,29686,-77.032635,38.932243
3295,6,7746,-77.032625,38.933767
3295,6,7747,-77.032638,38.935663
3295,6,7748,-77.032639,38.936847
3295,6,7749,-77.032634,38.938526
3295,6,7750,-77.032619,38.939592
3295,6,7786,-77.032634,38.941631
3295,6,7751,-77.032834,38.941445
3295,6,7787,-77.032828,38.939834
3295,6,7788,-77.032841,38.938877
3295,6,7789,-77.032859,38.937236
3295,6,7790,-77.032832,38.935098
3295,6,27770,-77.03284,38.932692
3295,6,6441,-77.032863,38.930486
3295,6,14480,-77.032736,38.92847
3295,6,30055,-77.032555,38.926776
3295,6,7796,-77.032459,38.92582
3295,6,7741,-77.032327,38.924082
3295,6,27624,-77.032002,38.921328
3295,6,7799,-77.032092,38.919377
3295,6,25552,-77.032613,38.928689
3295,6,4861,-77.033118,38.927541
3295,6,7794,-77.032891,38.928741
3295,11,77,-77.033118,38.927541
3295,11,80,-77.032974,38.928722
3300,6,7785,-77.032635,38.944399
3300,6,7753,-77.032626,38.945848
3300,6,5037,-77.032638,38.948019
3300,6,5591,-77.032994,38.949614
3300,6,7755,-77.033334,38.951754
3300,6,7782,-77.033528,38.952014
3300,6,39954,-77.033533,38.95012
3300,6,5038,-77.032843,38.947975
3300,6,7784,-77.032835,38.946281
3300,6,7752,-77.032835,38.94418
3302,6,7756,-77.033337,38.953897
3302,6,28027,-77.033248,38.955774
3302,6,7758,-77.033303,38.955582
3302,6,7778,-77.033338,38.957196
3302,6,7757,-77.033566,38.955426
3302,6,7781,-77.033532,38.954302
3302,6,7759,-77.03353,38.957029
3302,6,28029,-77.032961,38.956133
3302,6,5689,-77.032966,38.956294
3305,6,7760,-77.033336,38.959163
3305,6,7776,-77.033338,38.960506
3305,6,7762,-77.033337,38.96135
3305,6,7775,-77.033526,38.961251
3305,6,7761,-77.033527,38.960355
3305,6,7777,-77.033526,38.959407
3308,6,28088,-77.033321,38.963808
3308,6,28091,-77.033517,38.964181
3309,6,7764,-77.033323,38.966
3309,6,7765,-77.033322,38.967403
3309,6,7771,-77.033329,38.969174
3309,6,7770,-77.033327,38.970897
3309,6,7768,-77.033323,38.971958
3309,6,7769,-77.033521,38.971947
3309,6,7767,-77.033519,38.970541
3309,6,7766,-77.033524,38.969146
3309,6,7772,-77.033525,38.967746
3309,6,7773,-77.033524,38.966307
3314,6,2950,-77.029844,38.972213
3314,6,2946,-77.027849,38.972204
3314,6,4752,-77.027057,38.973205
3314,6,2944,-77.027774,38.972325
3314,6,28173,-77.029582,38.97233
3314,6,41531,-77.026958,38.97221
5941,6,4753,-77.024652,38.973544
5941,6,4750,-77.023161,38.973547
5941,6,4749,-77.021557,38.973553
5941,6,7366,-77.017792,38.973555
5941,6,28197,-77.017178,38.975887
5941,6,7358,-77.018115,38.973892
5941,6,4755,-77.021259,38.973684
5941,6,4754,-77.022327,38.973698
5941,6,4751,-77.024325,38.973692
5941,6,7413,-77.019834,38.973468
5941,6,29742,-77.017186,38.975347
5941,6,7412,-77.019967,38.973289
5941,6,6963,-77.01755,38.974994
5941,6,31575,-77.008787,38.970736
5941,6,5208,-77.011181,38.972695
5941,6,5209,-77.012632,38.97384
5941,6,29553,-77.01723,38.975712
5941,6,5221,-77.012969,38.973939
5941,6,5222,-77.01112,38.972511
5941,6,28160,-77.009831,38.97144
5941,6,31576,-77.008277,38.970163
5941,17,6330,-77.017007,38.975629
5941,17,742,-77.014506,38.974798
5941,17,744,-77.012549,38.97466
5941,17,804,-77.012939,38.974796
5941,17,806,-77.015418,38.974994
5941,17,1858,-77.017416,38.977523
5941,17,6328,-77.016968,38.975441
5941,17,6332,-77.016978,38.975781
5941,17,6325,-77.016875,38.97618
5941,17,3840,-77.01423,38.975647
5941,17,3842,-77.013485,38.976738
5941,17,3868,-77.013382,38.977047
5941,17,3870,-77.014405,38.975605
3383,6,29194,-77.447486,38.953409
3383,18,2345,-77.446294,38.953619
3384,6,42795,-77.383135,38.95183
3384,18,3210,-77.383079,38.951849
3384,18,2104,-77.383016,38.951652
3384,18,3152,-77.382791,38.951652
3384,18,1835,-77.384098,38.951673
3384,18,1834,-77.383238,38.951641
3384,18,3148,-77.383537,38.951657
3384,18,3149,-77.38432,38.951666
3389,6,956,-77.449457,38.958286
3389,18,2808,-77.449671,38.958143
3551,6,29681,-77.024304,38.937077
3551,6,31358,-77.024471,38.936781
3551,6,6779,-77.025091,38.920578
3551,6,27650,-77.025375,38.923776
3551,6,11451,-77.025658,38.925729
3551,6,4858,-77.025965,38.92776
3551,6,5599,-77.026107,38.928719
3551,6,11449,-77.026429,38.930919
3551,6,27766,-77.026652,38.932602
3551,6,6283,-77.025979,38.933879
3551,6,16058,-77.025238,38.935279
3551,6,6775,-77.026922,38.932462
3551,6,27740,-77.026613,38.930569
3551,6,27708,-77.026365,38.928914
3551,6,27701,-77.026223,38.927976
3551,6,27681,-77.025878,38.925639
3551,6,6771,-77.025571,38.923578
3551,6,27620,-77.025342,38.920813
3551,6,45654,-77.02669,38.920841
3551,6,7603,-77.026947,38.922701
3551,6,7604,-77.026947,38.923976
3551,6,7605,-77.026943,38.92605
3551,6,30095,-77.027237,38.927979
3551,6,7612,-77.027473,38.928979
3551,6,7611,-77.027864,38.930571
3551,6,6439,-77.02824,38.932133
3551,6,9836,-77.027221,38.93275
3551,6,28724,-77.024461,38.935926
3551,6,14932,-77.022487,38.938584
3551,6,14931,-77.021694,38.93965
3551,6,14930,-77.020821,38.940834
3551,6,27917,-77.020039,38.941889
3551,6,27929,-77.018479,38.943056
3551,6,14774,-77.01843,38.944092
3551,6,6266,-77.017382,38.945476
3551,6,6277,-77.017201,38.946081
3551,6,14779,-77.018497,38.944322
3551,6,27933,-77.020031,38.943226
3551,6,27915,-77.020083,38.942226
3551,6,28804,-77.021436,38.940434
3551,6,14933,-77.022959,38.938343
3551,6,28820,-77.0241,38.936827
3551,6,28821,-77.02695,38.932944
3551,6,7609,-77.028106,38.931939
3551,6,28805,-77.028015,38.930355
3551,6,7607,-77.027551,38.92847
3551,6,7613,-77.027137,38.926527
3551,6,7614,-77.027136,38.924521
3551,6,7615,-77.027139,38.922548
3551,6,45655,-77.026696,38.920695
3551,6,5380,-77.022728,38.926423
3551,6,5382,-77.023089,38.928861
3551,6,5383,-77.023388,38.930944
3551,6,5434,-77.023633,38.93261
3551,6,42923,-77.024133,38.93597
3551,6,31356,-77.024548,38.937022
3551,6,5385,-77.024036,38.933761
3551,6,5384,-77.023849,38.932539
3551,6,5435,-77.023676,38.931303
3551,6,5600,-77.023374,38.929188
3551,6,5381,-77.023228,38.928278
3551,6,5437,-77.023006,38.92676
3551,6,25553,-77.024268,38.936636
3551,6,4857,-77.022912,38.928215
3551,6,6772,-77.025878,38.92793
3551,6,4859,-77.027141,38.927795
3551,6,4860,-77.029566,38.927702
3551,6,5597,-77.02993,38.928585
3551,6,5598,-77.027672,38.92865
3551,6,6773,-77.02649,38.928757
3551,6,5436,-77.023436,38.929026
3551,6,14941,-77.021527,38.936953
3551,6,14944,-77.021748,38.937754
3392,6,5388,-77.024815,38.939639
3392,6,5429,-77.025337,38.94165
3392,6,5666,-77.02526,38.942653
3392,6,27935,-77.025015,38.943289
3392,6,5430,-77.025152,38.939998
3392,6,5428,-77.026023,38.944292
3392,6,5391,-77.026468,38.946013
3392,6,5427,-77.026761,38.946257
3392,6,5390,-77.026223,38.944128
3392,6,5389,-77.025834,38.942396
3394,6,14926,-77.023616,38.944862
3394,6,3603,-77.022694,38.946087
3394,6,6768,-77.021114,38.947205
3394,6,5657,-77.021038,38.948331
3394,6,5658,-77.019929,38.949822
3394,6,5664,-77.019975,38.950079
3394,6,5665,-77.021346,38.948232
3394,6,6769,-77.022665,38.94741
3394,6,14927,-77.023407,38.945465
3399,6,7400,-77.019632,38.951929
3399,6,7425,-77.019755,38.952214
3560,6,7401,-77.019728,38.954135
3560,6,5683,-77.019826,38.956231
3560,6,31836,-77.019869,38.957434
3560,6,7422,-77.019832,38.958624
3560,6,7421,-77.01984,38.960084
3560,6,7404,-77.019838,38.961227
3560,6,7405,-77.019841,38.962567
3560,6,7419,-77.019841,38.964323
3560,6,7418,-77.019839,38.966507
3560,6,7408,-77.019836,38.968513
3560,6,7417,-77.019963,38.968776
3560,6,7407,-77.019965,38.966809
3560,6,7406,-77.019968,38.965091
3560,6,28075,-77.019975,38.962811
3560,6,7420,-77.019965,38.961462
3560,6,28055,-77.019967,38.960292
3560,6,31837,-77.020009,38.958561
3560,6,31835,-77.020015,38.957629
3560,6,7423,-77.019965,38.956612
3560,6,7424,-77.019872,38.954453
3560,6,5396,-77.027895,38.956048
3560,6,5692,-77.028165,38.956363
3560,6,5688,-77.029884,38.956163
3560,6,5422,-77.027615,38.956166
3560,6,5686,-77.025944,38.956209
3560,6,5685,-77.02416,38.95627
3560,6,5684,-77.02245,38.956319
3560,6,5696,-77.019619,38.956404
3560,6,5682,-77.018012,38.956451
3560,6,13857,-77.015826,38.956527
3560,6,5681,-77.016228,38.956735
3560,6,5697,-77.018067,38.956568
3560,6,7402,-77.020161,38.956511
3560,6,5695,-77.022188,38.956456
3560,6,5694,-77.023926,38.956404
3560,6,5693,-77.025614,38.956352
3560,6,5687,-77.027796,38.956303
3560,6,5691,-77.029555,38.956289
3410,6,4358,-77.019838,38.971166
3410,6,4340,-77.019963,38.971045
3492,6,6267,-77.015611,38.947895
3492,6,6276,-77.015586,38.9482
3493,6,6268,-77.014121,38.949918
3493,6,6274,-77.013,38.951417
3493,6,6269,-77.013198,38.951422
3493,6,6275,-77.01406,38.950263
3496,6,6273,-77.011632,38.953264
3496,6,6272,-77.010433,38.954891
3496,6,28023,-77.008308,38.954875
3496,6,28025,-77.006996,38.955174
3496,6,6698,-77.007157,38.955278
3496,6,28022,-77.008755,38.954932
3496,6,6270,-77.011409,38.953825
3496,6,6022,-77.009815,38.954952
3496,6,6024,-77.009971,38.955143
3499,6,28019,-77.004688,38.954699
3499,6,7279,-77.004537,38.955121
3500,6,28960,-77.002817,38.9522
3500,6,29759,-77.003068,38.952628
3500,6,28879,-77.002212,38.952606
3500,6,28958,-77.001343,38.952261
3500,6,5305,-77.002194,38.951874
3500,6,28962,-77.001805,38.952225
3500,6,29758,-77.003059,38.952222
3500,6,28959,-77.001572,38.952244
3556,6,5426,-77.026863,38.948589
3556,6,8818,-77.027011,38.9496
3556,6,42826,-77.027286,38.949866
3556,6,5392,-77.027112,38.948361
3559,6,5394,-77.027299,38.951691
3559,6,5395,-77.027581,38.953754
3559,6,5423,-77.027874,38.954214
3559,6,5424,-77.027563,38.951998
3561,6,5397,-77.028126,38.958204
3561,6,5421,-77.028344,38.958497
3562,6,5420,-77.027865,38.961586
3562,6,5398,-77.028098,38.96155
3563,6,5399,-77.027707,38.9636
3563,6,5418,-77.027571,38.965271
3563,6,5400,-77.027809,38.965162
3563,6,5419,-77.027914,38.963893
3565,6,5417,-77.027404,38.967176
3565,6,5416,-77.027246,38.968943
3565,6,5415,-77.027129,38.970259
3565,6,5402,-77.027379,38.970026
3565,6,5401,-77.02758,38.967721
3569,6,5404,-77.026565,38.975674
3569,6,5413,-77.026761,38.975994
19651,6,28204,-77.026329,38.977901
19651,6,5411,-77.026364,38.979721
19651,6,5407,-77.026417,38.981308
19651,6,5409,-77.026454,38.982976
19651,6,1554,-77.026543,38.985166
19651,6,41474,-77.026507,38.987005
19651,6,30068,-77.027774,38.994631
19651,6,41382,-77.030171,38.993365
19651,6,41351,-77.028299,38.994398
19651,6,1621,-77.02687,38.993704
19651,6,1619,-77.026802,38.991225
19651,6,1618,-77.026812,38.986906
19651,6,5210,-77.026725,38.984286
19651,6,5408,-77.026674,38.982823
19651,6,5410,-77.026649,38.98136
19651,6,5406,-77.02658,38.979148
19651,6,41383,-77.029987,38.9932
19651,6,20078,-77.030258,38.993439
19651,6,41384,-77.030136,38.993611
19651,6,1558,-77.027002,38.995154
19651,6,24028,-77.02637,38.997283
19651,6,1495,-77.025125,38.996513
19651,6,1489,-77.024245,38.994617
19651,6,44274,-77.024154,38.992762
19651,6,1484,-77.024084,38.99117
19651,6,1492,-77.024066,38.989975
19651,6,1493,-77.023846,38.988492
19651,6,2960,-77.021255,38.986437
19651,6,2961,-77.021179,38.98658
19651,6,20923,-77.023732,38.988854
19651,6,1485,-77.023815,38.989997
19651,6,1491,-77.023917,38.991523
19651,6,20929,-77.023994,38.99286
19651,6,1483,-77.024004,38.994214
19651,6,1488,-77.024265,38.995223
19651,6,1494,-77.025803,38.997168
19651,6,41385,-77.030412,38.993567
19651,6,28291,-77.033099,38.994266
19651,6,28296,-77.035126,38.994581
19651,6,28301,-77.038257,38.995379
19651,6,28300,-77.038365,38.995203
19651,6,28293,-77.034233,38.99437
19651,6,41415,-77.030593,38.993735
19651,6,1559,-77.029508,38.997481
19651,6,1624,-77.02997,38.99753
19651,6,29745,-77.028654,38.99628
19651,6,4526,-77.029845,38.980907
19651,6,4527,-77.028027,38.982623
19651,6,4529,-77.027224,38.983382
19651,6,4362,-77.027761,38.985577
19651,6,5219,-77.029809,38.98715
19651,6,5218,-77.031239,38.988265
19651,6,5217,-77.03328,38.989863
19651,6,28621,-77.034441,38.990764
19651,6,20795,-77.035571,38.991649
19651,6,1060,-77.035297,38.992419
19651,6,28622,-77.033094,38.993091
19651,6,41390,-77.030126,38.993324
19651,6,28616,-77.03298,38.993441
19651,6,7884,-77.035773,38.991616
19651,6,5213,-77.033771,38.990046
19651,6,5212,-77.031256,38.988081
19651,6,5211,-77.029417,38.986643
19651,6,28614,-77.02752,38.985144
19651,6,4528,-77.027224,38.983585
19651,6,4530,-77.029464,38.981458
19651,6,7889,-77.036237,38.985481
19651,6,7881,-77.036247,38.987089
19651,6,28623,-77.036231,38.988783
19651,6,28624,-77.036233,38.990476
19651,6,5214,-77.036145,38.991699
19651,6,1042,-77.035537,38.992628
19651,6,29678,-77.036481,38.991397
19651,6,7882,-77.036439,38.989027
19651,6,7888,-77.036452,38.987553
19651,6,7880,-77.036446,38.985437
19651,6,41386,-77.029962,38.993178
19651,6,41414,-77.030405,38.99357
19651,6,48319,-77.028148,38.993354
19651,6,1623,-77.028383,38.995727
19651,6,1063,-77.027009,38.997429
19651,6,1064,-77.026148,38.998755
19651,6,1065,-77.025686,38.999834
19651,6,1066,-77.024991,39.001602
19651,6,1047,-77.025332,39.001481
19651,6,1046,-77.026026,38.999684
19651,6,1045,-77.026596,38.998494
19651,15,11957,-77.030438,38.992903
19651,15,11786,-77.026981,38.997903
19651,15,11787,-77.030886,38.994552
19651,17,30120,-77.030027,38.994041
19651,17,30121,-77.027297,38.997169
19651,17,30122,-77.026976,38.997915
19651,17,1906,-77.038398,38.995244
19651,17,1908,-77.037235,38.994574
19651,17,5848,-77.034198,38.997604
19651,17,5850,-77.033068,38.996918
19651,17,5852,-77.031166,38.995132
19651,17,17609,-77.030286,38.99373
19651,17,1916,-77.033133,38.994317
19651,17,1918,-77.035166,38.994625
19651,17,1920,-77.038254,38.99541
19651,17,17607,-77.030279,38.993733
19651,17,9734,-77.034253,38.994407
19651,17,17490,-77.029553,38.993599
19651,17,5814,-77.030608,38.994989
19651,17,5816,-77.032928,38.996975
19651,17,17480,-77.030076,38.993781
19651,17,15572,-77.028375,38.995723
19651,17,1094,-77.027111,38.99746
19651,17,16024,-77.026161,38.998814
19651,17,1098,-77.025695,38.999907
19651,17,1100,-77.025002,39.001583
19651,17,1150,-77.025291,39.001503
19651,17,1152,-77.026001,38.999691
19651,17,1154,-77.026574,38.998589
19651,17,7088,-77.012962,38.999985
19651,17,17436,-77.014894,38.999679
19651,17,7092,-77.017144,38.999406
19651,17,7094,-77.019233,38.999091
19651,17,7096,-77.020704,38.998367
19651,17,7098,-77.021786,38.997342
19651,17,882,-77.022842,38.998047
19651,17,6148,-77.024834,38.999157
19651,17,17605,-77.029749,38.993419
19651,17,14677,-77.027067,38.995192
19651,17,6150,-77.024568,38.999006
19651,17,884,-77.022873,38.997896
19651,17,7062,-77.021632,38.997264
19651,17,7064,-77.020537,38.998301
19651,17,7066,-77.019301,38.998902
19651,17,7068,-77.017722,38.999267
19651,17,7070,-77.013,38.999836
19651,17,4888,-77.014294,38.985228
19651,17,4890,-77.01326,38.986679
19651,17,4892,-77.012343,38.987946
19651,17,4894,-77.011724,38.988782
19651,17,4896,-77.010437,38.990815
19651,17,4898,-77.009536,38.992584
19651,17,4900,-77.008294,38.994327
19651,17,17487,-77.029473,38.99404
19651,17,4942,-77.008412,38.994402
19651,17,4944,-77.008971,38.99387
19651,17,4946,-77.009743,38.992581
19651,17,4948,-77.010139,38.991692
19651,17,4950,-77.01151,38.989327
19651,17,4952,-77.012123,38.98848
19651,17,4954,-77.014153,38.985707
19651,17,7100,-77.023618,38.99599
19651,17,16080,-77.025742,38.994785
19651,17,17484,-77.029703,38.994185
19651,17,7060,-77.024574,38.995228
19651,17,7061,-77.022877,38.996285
19651,17,6058,-77.01239,38.991415
19651,17,6060,-77.014113,38.991264
19651,17,6062,-77.016372,38.990848
19651,17,6064,-77.018882,38.990216
19651,17,6066,-77.021638,38.990197
19651,17,6068,-77.023402,38.990244
19651,17,2164,-77.023925,38.991501
19651,17,2166,-77.024011,38.992877
19651,17,2168,-77.024022,38.994221
19651,17,2170,-77.024256,38.995226
19651,17,14874,-77.025772,38.997147
19651,17,17604,-77.030154,38.993604
19651,17,16038,-77.026315,38.997315
19651,17,16011,-77.025219,38.996674
19651,17,2178,-77.024245,38.994651
19651,17,17552,-77.024167,38.993187
19651,17,2182,-77.024124,38.991192
19651,17,6044,-77.023408,38.990131
19651,17,6046,-77.022072,38.990108
19651,17,6048,-77.019416,38.990058
19651,17,6050,-77.016706,38.99064
19651,17,6052,-77.014455,38.991092
19651,17,6054,-77.011971,38.991312
19651,17,4866,-77.021149,38.986519
19651,17,2160,-77.023758,38.988869
19651,17,2162,-77.023842,38.990002
19651,17,2184,-77.024071,38.98999
19651,17,2185,-77.023863,38.988544
19651,17,4850,-77.021243,38.986474
19651,17,16072,-77.022808,38.985601
19651,17,2158,-77.023288,38.987246
19651,17,704,-77.024465,38.987772
19651,17,9744,-77.029915,38.990108
19651,17,320,-77.031363,38.990202
19651,17,1862,-77.03443,38.990753
19651,17,1864,-77.035561,38.991653
19651,17,17353,-77.0362,38.996019
19651,17,17387,-77.032088,38.99723
19651,17,17485,-77.029692,38.994095
19651,17,17388,-77.031853,38.997227
19651,17,7724,-77.03636,38.996004
19651,17,7726,-77.03643,38.994191
19651,17,1850,-77.035766,38.991665
19651,17,1852,-77.034894,38.990944
19651,17,312,-77.033138,38.989984
19651,17,314,-77.030846,38.990093
19651,17,316,-77.029739,38.989979
19651,17,1912,-77.027344,38.988117
19651,17,702,-77.026009,38.987309
19651,17,2186,-77.02351,38.987511
19651,17,2190,-77.022986,38.985924
19651,17,17486,-77.030091,38.993786
19651,17,6372,-77.023834,38.993018
19651,17,6374,-77.021809,38.993068
19651,17,6386,-77.009281,38.994331
19651,17,1582,-77.009161,38.994204
19651,17,5798,-77.014325,38.991874
19651,17,6396,-77.021824,38.993179
19651,17,6398,-77.023643,38.993144
19651,17,17481,-77.029923,38.993619
19651,17,17479,-77.030355,38.993804
19651,17,9746,-77.030387,38.996801
19651,17,8254,-77.029492,38.997643
19651,17,8256,-77.028483,38.998237
19651,17,17352,-77.027341,38.997776
19651,17,8082,-77.026626,38.992118
19651,17,14735,-77.026803,38.991226
19651,17,9988,-77.026703,38.988488
19651,17,9990,-77.027701,38.987357
19651,17,9992,-77.029196,38.989018
19651,17,9748,-77.029717,38.990991
19651,17,9750,-77.031047,38.99242
3650,6,5519,-77.010723,38.872702
3650,6,5576,-77.011977,38.872099
3650,6,6437,-77.013431,38.872099
3650,6,6436,-77.014979,38.872119
3650,6,6435,-77.016651,38.872116
3650,6,26849,-77.017457,38.872842
3650,6,7379,-77.017445,38.874536
3650,6,26875,-77.014516,38.873998
3650,6,6438,-77.013381,38.873401
3650,6,26852,-77.012332,38.872922
8336,6,37213,-77.018022,38.876561
8336,6,26923,-77.019669,38.87658
8336,6,7445,-77.019787,38.878265
8336,6,5768,-77.019363,38.8763
8336,6,26918,-77.016459,38.876341
8336,6,37216,-77.014128,38.876344
8336,6,7376,-77.017527,38.876457
8336,6,5759,-77.004172,38.876476
8336,6,13895,-77.004772,38.876599
8336,6,5520,-77.008423,38.876572
8336,6,28734,-77.010081,38.876594
8336,6,5765,-77.012446,38.876596
8336,6,5771,-77.013558,38.876583
8336,6,14530,-77.015117,38.876859
8336,6,7334,-77.015115,38.878273
8336,6,5554,-77.016519,38.879364
8336,6,7374,-77.017452,38.879622
8336,6,7373,-77.017452,38.8816
8336,6,26977,-77.017665,38.881501
8336,6,26965,-77.017673,38.879939
8336,6,5552,-77.016419,38.879219
8336,6,7338,-77.015306,38.877454
8336,6,5770,-77.013358,38.876347
8336,6,5772,-77.011147,38.876341
8336,6,5762,-77.007042,38.876391
8336,6,26919,-77.003727,38.876383
8336,6,13533,-77.018768,38.879369
8336,6,13541,-77.00576,38.878235
8336,11,79,-77.004772,38.876596
8336,11,150,-77.008423,38.876572
8336,11,151,-77.013563,38.876586
8336,11,163,-77.018021,38.876563
8336,11,149,-77.017189,38.876354
8336,11,148,-77.013363,38.876349
8336,11,159,-77.007042,38.876391
8336,11,14,-77.003789,38.876365
8336,15,13627,-77.005852,38.876371
8336,15,13630,-77.004884,38.876603
8336,15,13710,-77.009781,38.876632
8336,15,11555,-77.017307,38.876567
8336,16,1662,-77.019491,38.876332
8336,16,1432,-77.013672,38.876378
8336,16,1433,-77.007029,38.876313
8336,16,2121,-77.003626,38.87632
3698,6,11343,-77.135726,38.825268
3698,6,11347,-77.135295,38.825389
5648,6,5865,-77.012939,38.898908
5648,6,5864,-77.010998,38.898154
5648,6,27329,-77.008955,38.898264
5648,6,27363,-77.008952,38.899963
5648,6,27380,-77.00894,38.901072
5648,6,27428,-77.008927,38.90304
5648,6,27452,-77.008889,38.905457
5648,6,27468,-77.008888,38.907085
5648,6,27444,-77.009192,38.904487
5648,6,27393,-77.009189,38.90213
5648,6,27373,-77.009198,38.90047
5648,6,27324,-77.00925,38.897814
5648,6,5863,-77.011258,38.898466
5648,6,27349,-77.013103,38.899239
5648,6,27159,-76.994884,38.890111
5648,6,7519,-76.994871,38.89149
5648,6,7518,-76.994883,38.893416
5648,6,7517,-76.994885,38.895003
5648,6,7516,-76.994861,38.895934
5648,6,7515,-76.994885,38.897217
5648,6,7526,-76.995054,38.89751
5648,6,7525,-76.99505,38.896249
5648,6,8145,-76.995047,38.895
5648,6,14522,-76.995062,38.893715
5648,6,7522,-76.995051,38.892246
5648,6,27158,-76.995051,38.889985
5648,6,5740,-77.010552,38.905657
5648,6,8223,-77.008051,38.896902
5648,6,27262,-77.007017,38.895814
5648,6,27252,-77.003775,38.895233
5648,6,10163,-77.000873,38.894052
5648,6,41311,-76.9964,38.892216
5648,6,41310,-76.995231,38.891925
5648,6,5895,-77.001914,38.894655
5648,6,36837,-77.005145,38.895962
5648,6,36835,-77.00839,38.897324
5648,6,27364,-77.012725,38.90005
5648,6,12872,-77.007541,38.897376
5648,6,31382,-77.009396,38.90244
5648,6,8036,-77.006903,38.902445
5648,6,8037,-77.002216,38.902448
5648,6,7378,-77.000713,38.902462
5648,6,5622,-76.998037,38.902453
5648,6,5629,-76.998803,38.902582
5648,6,7380,-77.00045,38.90259
5648,6,8038,-77.001901,38.902582
5648,6,14592,-77.003359,38.902549
5648,6,8047,-77.005584,38.902601
5648,6,31410,-77.008799,38.902618
5648,6,5068,-77.013323,38.896044
5648,6,5067,-77.011644,38.896047
5648,6,27286,-77.008961,38.896543
5648,6,10325,-76.997221,38.894422
5648,6,7524,-76.995234,38.894737
5648,6,27240,-76.992794,38.894737
5648,6,8144,-76.991741,38.894737
5648,6,14520,-76.991369,38.893649
5648,6,14521,-76.993577,38.893646
5648,6,7523,-76.994774,38.893649
5648,6,4837,-76.998189,38.893649
5648,6,4096,-77.000294,38.894159
5648,6,36836,-77.008799,38.896307
5648,6,5084,-77.011198,38.896219
5648,6,27276,-77.012701,38.896217
5648,6,42500,-77.005285,38.900067
5648,6,5476,-77.002495,38.90016
5648,6,7431,-76.998424,38.900491
5648,6,7346,-77.000653,38.902199
5648,6,5475,-77.000654,38.900398
5648,6,42501,-77.00539,38.900352
5648,6,27361,-77.009198,38.899738
5648,6,27367,-77.012334,38.900121
5648,6,27366,-77.009414,38.90013
5648,6,5474,-76.997996,38.900108
5648,6,5479,-76.99794,38.900308
5648,6,40055,-77.000395,38.900297
5648,6,27370,-77.009743,38.900316
5648,6,4587,-77.012676,38.900324
5648,6,5825,-76.995301,38.895192
5648,6,5839,-76.994806,38.895606
5648,6,5824,-76.997218,38.894627
5648,10,24,-77.01168,38.8961
5648,10,25,-77.008962,38.898138
5648,10,26,-77.009597,38.900392
5648,11,123,-77.006584,38.898555
5648,11,34,-77.009201,38.897808
5648,11,36,-77.013069,38.899222
5648,11,35,-77.012924,38.898897
5648,11,33,-77.008034,38.896873
5648,11,37,-77.008923,38.900012
5648,11,92,-77.005182,38.895977
5648,11,180,-76.995051,38.889985
5648,11,110,-77.007955,38.896426
5648,11,153,-76.994889,38.890115
5648,12,2506397,-77.00466218,38.90022439
5648,12,2506396,-77.0014328,38.90014951
5648,12,2506395,-76.99981475,38.90015167
5648,12,2506386,-76.99922099,38.90030625
5648,12,2506394,-77.00168673,38.90030265
5648,13,00000000000000000000000000000001,-77.00472,38.89955
5648,14,WAS,-77.006422,38.896993
5648,15,11958,-77.005171,38.899765
5648,15,13679,-77.003372,38.90259
5648,15,13644,-77.005745,38.902609
5648,15,11561,-77.009171,38.899876
5648,15,13757,-77.013051,38.899232
5648,15,11763,-77.008916,38.895996
5648,15,11560,-77.008958,38.899973
5648,15,11563,-77.009471,38.894946
5648,15,11559,-77.008891,38.896355
5648,15,13749,-77.009554,38.894699
4145,6,28810,-77.008936,38.909449
4145,6,27506,-77.008894,38.910439
4145,6,27547,-77.008933,38.913184
4145,6,27553,-77.009178,38.91353
4145,6,27522,-77.009198,38.911072
4145,6,28808,-77.009186,38.909436
4145,6,5277,-77.005686,38.909438
4145,6,27519,-77.009498,38.911085
4145,6,27515,-77.009322,38.910822
4145,6,5285,-77.007144,38.909902
4145,6,5709,-77.008513,38.912455
4145,6,6590,-77.008324,38.912661
6409,6,27563,-77.008871,38.915352
6409,6,27573,-77.008863,38.916648
6409,6,27586,-77.008839,38.91838
6409,6,27623,-77.008913,38.921191
6409,6,27632,-77.008909,38.922241
6409,6,27656,-77.008904,38.924321
6409,6,28885,-77.008234,38.926664
6409,6,27680,-77.009189,38.925875
6409,6,27649,-77.009175,38.923562
6409,6,28878,-77.009179,38.922553
6409,6,27625,-77.009183,38.921493
6409,6,27611,-77.009181,38.920364
6409,6,27600,-77.009185,38.919361
6409,6,27587,-77.009239,38.918268
6409,6,27571,-77.009238,38.916286
6409,6,27690,-77.008746,38.926825
6409,6,28880,-77.012042,38.926888
6409,6,7269,-77.011607,38.926247
6409,6,28884,-77.009338,38.926543
6409,6,27572,-77.009365,38.916577
6409,6,6629,-77.006728,38.917498
6409,6,6633,-77.004364,38.91832
6409,6,6634,-77.004841,38.918405
6409,6,6632,-77.006841,38.917711
6409,6,27575,-77.009524,38.916769
6409,6,27684,-77.01268,38.926346
6409,6,27687,-77.014872,38.926568
6409,6,27691,-77.015741,38.926858
3752,6,5918,-77.005676,38.927223
3752,6,5943,-77.005846,38.927371
3752,6,5342,-77.004861,38.926066
3752,6,27679,-77.004442,38.925779
3753,6,5919,-77.002742,38.93018
3753,6,27734,-77.003325,38.930106
3754,6,5920,-76.999798,38.931618
3754,6,27758,-76.999023,38.932114
3756,6,40210,-76.995791,38.93229
3756,6,28928,-76.993763,38.933188
3756,6,27780,-76.993911,38.933424
3756,6,27765,-76.995828,38.932405
3756,6,4710,-76.994596,38.933588
3756,6,28929,-76.993799,38.933361
3756,6,28930,-76.993885,38.933243
3756,6,6062,-76.996248,38.932098
3756,6,28897,-76.994014,38.93315
3756,6,28667,-76.994163,38.933312
3756,6,28668,-76.993873,38.933608
3756,6,27786,-76.993985,38.933662
3756,6,28939,-76.994216,38.93352
6688,6,27783,-76.990988,38.933339
6688,6,7641,-76.991063,38.934295
6688,6,7642,-76.990958,38.93594
6688,6,7658,-76.990403,38.937584
6688,6,7657,-76.990168,38.939242
6688,6,7645,-76.990168,38.940979
6688,6,7653,-76.990169,38.943138
6688,6,7646,-76.990321,38.943075
6688,6,7655,-76.990323,38.941998
6688,6,7656,-76.990317,38.940883
6688,6,7644,-76.99032,38.938943
6688,6,7643,-76.990677,38.937411
6688,6,7659,-76.990967,38.936556
6688,6,7660,-76.991261,38.934739
6688,6,7661,-76.991096,38.93272
6688,6,6624,-76.990418,38.922942
6688,6,6623,-76.987743,38.923778
6688,6,6622,-76.986366,38.924217
6688,6,6641,-76.986105,38.924515
6688,6,6640,-76.9877,38.924047
6688,6,6639,-76.989965,38.923321
6688,6,13032,-76.989423,38.920819
6688,6,6734,-76.98957,38.922627
6688,6,4696,-76.988903,38.921485
6688,6,7662,-76.990602,38.932492
6688,6,7639,-76.990847,38.932624
6688,6,5921,-76.992388,38.93597
6688,6,5939,-76.991924,38.937134
6688,6,6584,-76.99032,38.937203
6688,6,6581,-76.990985,38.93731
6688,6,5922,-76.992151,38.937058
6688,6,27828,-76.992436,38.936323
6688,6,7569,-76.993133,38.935586
6688,6,6940,-76.995084,38.940664
6688,6,27882,-76.993294,38.940667
6688,6,7572,-76.993234,38.938707
6688,6,27840,-76.993695,38.937203
6688,6,6051,-76.99106,38.932026
6688,6,7663,-76.99086,38.929722
6688,6,7664,-76.990702,38.927719
6688,6,7665,-76.990567,38.925842
6688,6,7652,-76.990375,38.923699
6688,6,7647,-76.990251,38.924228
6688,6,7635,-76.990352,38.925329
6688,6,7636,-76.990525,38.927519
6688,6,7637,-76.990681,38.92947
6688,6,7638,-76.990758,38.930448
6688,6,6060,-76.990902,38.932191
6688,6,7573,-76.993074,38.935822
6688,6,27835,-76.993528,38.937093
6688,6,27858,-76.992799,38.939264
6688,6,27871,-76.992584,38.940066
6688,6,27886,-76.993567,38.940784
6688,6,27883,-76.994793,38.940798
6688,6,5937,-76.989234,38.939779
6688,6,5938,-76.990533,38.938611
3770,6,7648,-76.99017,38.945511
3770,6,7649,-76.990161,38.947166
3770,6,6815,-76.990872,38.948178
3770,6,27970,-76.992685,38.949564
3770,6,27986,-76.994222,38.950737
3770,6,6811,-76.995201,38.951493
3770,6,5369,-76.997951,38.952639
3770,6,10792,-76.999042,38.952477
3770,6,4758,-76.997248,38.952557
3770,6,6812,-76.995657,38.951647
3770,6,6813,-76.994193,38.950534
3770,6,6814,-76.993047,38.949638
3770,6,27969,-76.991408,38.948386
3770,6,7650,-76.990323,38.947421
3770,6,7651,-76.99032,38.946131
3770,6,6736,-76.989215,38.94778
3770,6,5364,-76.993765,38.952414
3770,6,5365,-76.995785,38.952099
3770,6,5366,-76.995377,38.952063
3770,6,5367,-76.992973,38.952329
3770,6,6741,-76.989388,38.947778
3773,6,30099,-77.054471,38.89586
6410,6,28664,-76.996231,38.919827
6410,6,6671,-76.996019,38.919868
6410,6,27614,-76.996096,38.920169
6410,6,7351,-77.000674,38.921468
6410,6,6628,-76.99921,38.920112
6410,6,27621,-76.997306,38.920772
6410,6,6637,-76.995597,38.921309
6410,6,27598,-77.00224,38.919035
6410,6,7350,-77.000739,38.919884
6410,6,27599,-77.00235,38.919249
6410,6,28980,-76.995911,38.920531
6410,6,28982,-77.000473,38.917974
6410,6,7342,-77.000472,38.919029
6410,6,28979,-76.996041,38.92029
6410,6,6619,-76.995338,38.921701
6410,6,27619,-76.99783,38.920852
6410,6,7349,-77.000666,38.919317
6410,6,7348,-77.000673,38.918259
6410,6,29391,-76.996178,38.919577
3843,6,28673,-76.992632,38.922255
6621,6,5329,-76.983964,38.925231
6621,6,6620,-76.981081,38.926568
6621,6,6644,-76.979605,38.927313
6621,6,27700,-76.97891,38.927905
6621,6,6643,-76.981087,38.926858
6621,6,6642,-76.983659,38.925601
6621,6,7943,-76.978938,38.923255
6621,6,27658,-76.978929,38.924373
6621,6,5330,-76.978903,38.925883
6621,6,7957,-76.979183,38.928478
6621,6,7945,-76.979315,38.92839
6621,6,7958,-76.979077,38.925798
6621,6,27665,-76.97909,38.924666
6621,6,27648,-76.979088,38.923603
6621,6,6059,-76.986594,38.932723
6621,6,7701,-76.986232,38.932862
6621,6,7714,-76.986534,38.934893
6621,6,7713,-76.986447,38.932909
6621,6,27741,-76.986288,38.930952
6621,6,7711,-76.986126,38.928957
6621,6,7710,-76.985969,38.926886
6621,6,5328,-76.984006,38.925749
6621,6,5339,-76.982519,38.925535
6621,6,5337,-76.979201,38.925532
6621,6,7944,-76.978755,38.925642
6621,6,5338,-76.98058,38.925636
6621,6,6621,-76.983684,38.925864
6621,6,7704,-76.985815,38.926603
6621,6,7703,-76.985979,38.928683
6621,6,27738,-76.98614,38.930689
6621,6,6052,-76.986302,38.932646
6621,6,7700,-76.986433,38.934608
3850,6,6618,-76.975852,38.929092
3850,6,6645,-76.975962,38.929325
3852,6,6617,-76.973742,38.930108
3852,6,27747,-76.971638,38.931136
3852,6,6616,-76.972018,38.931204
3852,6,6646,-76.973638,38.93044
3854,6,6615,-76.968683,38.932558
3854,6,6649,-76.96643,38.933638
3854,6,6614,-76.9666,38.933846
3854,6,28901,-76.968438,38.932923
4685,6,6613,-76.963497,38.935041
4685,6,6650,-76.964319,38.934926
4685,6,4633,-76.962655,38.927069
4685,6,27698,-76.961717,38.92785
4685,6,27705,-76.960901,38.928483
4685,6,27718,-76.959592,38.929352
4685,6,4636,-76.958703,38.929963
4685,6,5169,-76.958279,38.931248
4685,6,5170,-76.959282,38.932035
4685,6,5171,-76.961019,38.933394
4685,6,5361,-76.962956,38.934906
4685,6,5360,-76.962973,38.934734
4685,6,5193,-76.96106,38.933238
4685,6,5194,-76.959518,38.932032
4685,6,4637,-76.958374,38.930489
4685,6,27720,-76.960303,38.929179
4685,6,14543,-76.962237,38.927727
4685,6,4640,-76.962768,38.927297
4685,6,29547,-76.964551,38.936159
4685,6,28861,-76.964965,38.936296
4685,6,16089,-76.960968,38.93426
4685,6,16255,-76.961113,38.93423
3858,6,28899,-76.959977,38.936721
3858,6,3211,-76.95816,38.937611
3858,6,3176,-76.955096,38.93928
3858,6,3177,-76.954127,38.93996
3858,6,3209,-76.954272,38.940162
3858,6,105,-76.955301,38.939414
3858,6,3174,-76.957581,38.938181
3858,6,3173,-76.960392,38.936784
3858,6,3210,-76.955976,38.93954
3858,6,108,-76.956168,38.940362
3858,6,27906,-76.956322,38.941848
3858,6,27932,-76.956399,38.943363
3858,6,111,-76.956534,38.944497
3858,6,47140,-76.956711,38.944873
3858,6,109,-76.956548,38.94282
3858,6,107,-76.956323,38.940346
3858,6,106,-76.956066,38.939406
3858,6,27829,-76.960173,38.936589
3858,6,101,-76.954178,38.93774
3858,6,28859,-76.960711,38.936159
3858,6,102,-76.954474,38.937696
3858,6,16090,-76.960662,38.938091
3858,6,27848,-76.960803,38.938052
3858,19,79,-76.960807,38.938041
3858,19,1274,-76.959981,38.93672
3858,19,1277,-76.958159,38.93761
3858,19,1279,-76.955134,38.93925
3858,19,1285,-76.954094,38.939961
3858,19,1553,-76.954477,38.943533
3858,19,1290,-76.960042,38.936635
3858,19,1275,-76.956937,38.938179
3858,19,1291,-76.954271,38.940161
3858,19,1278,-76.955299,38.939411
3858,19,1276,-76.957547,38.938187
3858,19,94,-76.95418,38.937732
3858,19,85,-76.955949,38.939509
3858,19,96,-76.956167,38.940442
3858,19,98,-76.956316,38.941869
3858,19,99,-76.956388,38.943363
3858,19,101,-76.956522,38.944513
3858,19,91,-76.956648,38.944264
3858,19,100,-76.95654,38.942818
3858,19,97,-76.95631606,38.94035052
3858,19,86,-76.956061,38.93941
3858,19,95,-76.954496,38.93771
3860,6,3208,-76.951663,38.941763
3860,6,3179,-76.950551,38.942571
3860,6,3180,-76.949422,38.943418
3860,6,3206,-76.949271,38.943845
3860,6,3207,-76.950558,38.94287
3860,6,3178,-76.952185,38.94168
3860,19,1554,-76.95259,38.942454
3860,19,1292,-76.951645,38.941769
3860,19,1296,-76.950552,38.942561
3860,19,1294,-76.949413,38.943411
3860,19,1295,-76.949278,38.94382
3860,19,1297,-76.95055283,38.94285373
3860,19,1293,-76.952183,38.941676
3863,6,27954,-76.945911,38.945895
3863,6,3181,-76.946189,38.94615
3863,19,1286,-76.94591,38.945891
3863,19,1280,-76.945091,38.946581
3863,19,1281,-76.94616,38.946163
3864,6,3182,-76.942886,38.948863
3864,6,3204,-76.943389,38.948687
3864,19,1283,-76.943391,38.948687
3864,19,1282,-76.942888,38.948865
23108,6,3203,-76.941221,38.95086
23108,6,506,-76.940406,38.95308
23108,6,492,-76.940265,38.954253
23108,6,493,-76.940013,38.956722
23108,6,508,-76.940177,38.957059
23108,6,507,-76.940386,38.955094
23108,6,491,-76.94067,38.952398
23108,6,3183,-76.941821,38.950573
23108,6,1963,-76.941324,38.955343
23108,6,1967,-76.943113,38.955182
23108,19,729,-76.944583,38.951694
23108,19,730,-76.941454,38.951582
23108,19,1288,-76.94177599,38.95057045
23108,19,1287,-76.941222,38.950859
23108,19,753,-76.941878,38.952661
23108,19,752,-76.942718,38.952668
23108,19,751,-76.944881,38.952743
23108,19,1284,-76.940416,38.95307
23108,19,365,-76.940269,38.954276
23108,19,377,-76.940012,38.95672
23108,19,378,-76.940179,38.957059
23108,19,373,-76.940388,38.955082
23108,19,362,-76.940672,38.952398
6052,6,28046,-76.939684,38.959443
6052,6,510,-76.939447,38.961345
6052,6,496,-76.939295,38.962359
6052,6,6663,-76.939079,38.964019
6052,6,498,-76.938804,38.965691
6052,6,499,-76.938438,38.96828
6052,6,42816,-76.938181,38.970083
6052,6,513,-76.938616,38.968573
6052,6,512,-76.938879,38.966801
6052,6,28079,-76.939371,38.963348
6052,6,28072,-76.939501,38.962482
6052,6,28049,-76.939893,38.959566
6052,6,3044,-76.94211,38.963304
6052,6,497,-76.940232,38.963098
6052,6,5547,-76.940441,38.963238
6052,6,3051,-76.942299,38.963394
6052,15,12016,-76.935023,38.962929
6052,15,12017,-76.934943,38.962951
6052,19,1255,-76.942084,38.963303
6052,19,1259,-76.939714,38.963036
6052,19,1258,-76.937346,38.962858
6052,19,1261,-76.935731,38.962637
6052,19,917,-76.93510261,38.96226836
6052,19,916,-76.934908,38.962434
6052,19,1262,-76.935889,38.96275
6052,19,1260,-76.937842,38.96302
6052,19,1257,-76.940429,38.963245
6052,19,1256,-76.942193,38.963411
6052,19,380,-76.939732,38.959275
6052,19,366,-76.939436,38.961387
6052,19,385,-76.939296,38.962362
6052,19,359,-76.939024,38.964084
6052,19,388,-76.938806,38.965691
6052,19,391,-76.93845,38.968281
6052,19,392,-76.938614,38.968574
6052,19,390,-76.938884,38.9668
6052,19,383,-76.93939,38.963367
6052,19,381,-76.939892,38.959591
3876,6,501,-76.937787,38.972895
3876,6,515,-76.938045,38.972585
3876,19,349,-76.937809,38.972824
3876,19,382,-76.938073,38.972512
3878,6,517,-76.937783,38.977392
3878,6,518,-76.937791,38.979463
3878,6,519,-76.937789,38.981192
3878,6,2466,-76.938078,38.982371
3878,6,533,-76.938058,38.97974
3878,6,532,-76.938041,38.978071
3878,19,364,-76.937789,38.977441
3878,19,367,-76.93778819,38.97945579
3878,19,374,-76.937791,38.981191
3878,19,384,-76.938082,38.982371
3878,19,368,-76.938056,38.979737
3878,19,363,-76.938045,38.978065
3881,6,520,-76.937065,38.985289
3881,6,28238,-76.935926,38.98721
3881,6,28874,-76.934137,38.988005
3881,6,521,-76.936059,38.98749
3881,6,28235,-76.937047,38.985813
3881,19,386,-76.937056,38.985306
3881,19,1201,-76.934027,38.987919
3881,19,1202,-76.933127,38.987054
3881,19,354,-76.936057,38.987491
3881,19,387,-76.937051,38.985819
3883,6,20253,-76.931331,38.983552
3883,6,40298,-76.93077,38.983557
3884,6,48126,-76.927645,38.976463
3884,6,48129,-76.927186,38.977
3884,6,31646,-76.924973,38.977145
3884,6,31647,-76.923356,38.976663
3884,6,31643,-76.923409,38.976887
3884,6,14485,-76.924892,38.977367
3884,6,48128,-76.927477,38.97683
3884,15,12015,-76.928816,38.977915
3884,15,12018,-76.928751,38.977876
3884,19,626,-76.927441,38.978181
3886,6,522,-76.934083,38.990156
3886,6,537,-76.934193,38.99057
3886,19,375,-76.934083,38.990152
3886,19,376,-76.934227,38.990461
3887,6,28275,-76.933148,38.992345
3887,6,523,-76.933373,38.992386
3887,19,350,-76.933153,38.992347
3887,19,351,-76.933403,38.992329
3888,6,524,-76.931695,38.996121
3888,6,28312,-76.931509,38.997431
3888,6,1756,-76.929523,38.998204
3888,6,1769,-76.928783,38.998382
3888,6,540,-76.93166,38.998166
3888,6,539,-76.931877,38.996406
3888,19,352,-76.93169,38.996169
3888,19,389,-76.931511,38.997434
3888,19,379,-76.93164965,38.99819956
3888,19,353,-76.931884,38.996404
3892,6,1757,-76.925371,38.998588
3892,6,28329,-76.924835,39.000903
3892,6,3186,-76.924391,39.00246
3892,6,3201,-76.924465,39.002939
3892,6,28323,-76.925357,38.999736
3892,6,3184,-76.92625,38.998281
3892,6,1770,-76.926104,38.998086
3894,6,3187,-76.923448,39.006049
3894,6,3200,-76.923515,39.006504
3896,6,3188,-76.922798,39.008477
3896,6,3197,-76.922177,39.01076
3896,6,3189,-76.922377,39.010593
3896,6,3198,-76.922804,39.008957
3897,6,3196,-76.921341,39.01378
3897,6,3190,-76.92153,39.013656
3898,6,1372,-76.921306,39.016123
3898,6,1369,-76.921238,39.015953
3899,6,1371,-76.924378,39.01609
3899,6,1368,-76.924314,39.015925
3900,6,28850,-76.930233,39.016062
3900,6,972,-76.932257,39.016769
3900,6,977,-76.932264,39.01655
3900,6,28925,-76.930069,39.015709
3902,6,28383,-76.938364,39.018066
3902,6,28382,-76.937662,39.017865
3903,6,28375,-76.939331,39.015895
3905,6,28397,-76.941289,39.024818
3908,6,545,-76.927498,39.014761
3908,6,530,-76.928047,39.013689
3908,19,358,-76.927664,39.014088
3908,19,357,-76.928036,39.013746
3963,6,113,-76.956734,38.946912
3963,6,116,-76.956411,38.948487
3963,6,27975,-76.956042,38.949918
3963,6,27980,-76.956063,38.950156
3963,6,115,-76.95664,38.948038
3963,6,114,-76.956778,38.947271
3963,19,102,-76.956734,38.946915
3963,19,83,-76.956412,38.948485
3963,19,87,-76.956041,38.949902
3963,19,88,-76.95606,38.950138
3963,19,84,-76.956638,38.948038
3963,19,103,-76.956773,38.947268
23113,6,121,-76.954835,38.952918
23113,6,28000,-76.952609,38.952831
23113,6,126,-76.950532,38.953392
23113,6,127,-76.949844,38.954645
23113,6,129,-76.949995,38.956579
23113,6,131,-76.950109,38.958144
23113,6,133,-76.949563,38.960024
23113,6,2694,-76.949382,38.960136
23113,6,132,-76.950225,38.958396
23113,6,130,-76.950116,38.956755
23113,6,1964,-76.949968,38.95482
23113,6,125,-76.950632,38.953338
23113,6,28003,-76.953036,38.953017
23113,6,122,-76.954998,38.952855
23113,6,27995,-76.955349,38.951954
23113,6,1961,-76.945977,38.954957
23113,6,1965,-76.94748,38.954883
23113,6,1959,-76.94974,38.954779
23113,6,1958,-76.952878,38.954653
23113,6,28008,-76.954742,38.953464
23113,6,1824,-76.956378,38.95385
23113,6,1823,-76.958175,38.954357
23113,6,1822,-76.960454,38.955113
23113,6,1829,-76.963265,38.956193
23113,6,1821,-76.96373,38.955955
23113,6,3063,-76.961461,38.956141
23113,6,3064,-76.959504,38.957429
23113,6,3081,-76.959859,38.957497
23113,6,3082,-76.961148,38.95662
23113,19,124,-76.945716,38.955179
23113,19,110,-76.948531,38.951764
23113,19,105,-76.95281698,38.9529716
23113,19,805,-76.955122,38.953461
23113,19,803,-76.95638,38.953848
23113,19,801,-76.958176,38.954357
23113,19,799,-76.960455,38.955115
23113,19,797,-76.96327,38.956192
23113,19,796,-76.963724,38.955956
23113,19,798,-76.961332,38.955161
23113,19,800,-76.958681,38.954359
23113,19,802,-76.956633,38.953791
23113,19,804,-76.955269,38.95336
23113,19,104,-76.952849,38.952837
23113,19,111,-76.949084,38.952319
23113,19,123,-76.945608,38.955228
23113,19,89,-76.954827,38.952923
23113,19,806,-76.961868,38.955794
23113,19,1242,-76.961462,38.95614
23113,19,1243,-76.959504,38.957433
23113,19,1244,-76.959893,38.957469
23113,19,90,-76.954994,38.952854
23113,19,139,-76.955343,38.95194
3973,6,135,-76.946444,38.959621
3973,6,136,-76.946326,38.961114
3973,6,137,-76.946442,38.96161
3973,6,2695,-76.946574,38.959594
3973,19,129,-76.946445,38.961609
3973,19,127,-76.946574,38.959583
3973,19,125,-76.946737,38.957959
3973,19,126,-76.946593,38.958378
3973,19,128,-76.946452,38.959617
3973,19,130,-76.946333,38.961194
6160,6,138,-76.946161,38.963455
6160,6,3046,-76.947984,38.963847
6160,6,3048,-76.950038,38.963942
6160,6,610,-76.952646,38.964351
6160,6,29976,-76.955979,38.965134
6160,6,28118,-76.953236,38.966452
6160,6,28110,-76.954218,38.966022
6160,6,606,-76.95291,38.964195
6160,6,3047,-76.950313,38.963874
6160,6,3049,-76.948225,38.96377
6160,6,28077,-76.946298,38.963457
6160,6,28153,-76.957243,38.971245
6160,6,3937,-76.955052,38.971155
6160,6,28145,-76.954052,38.970338
6160,6,30115,-76.954282,38.968146
6160,6,40003,-76.956,38.965439
6160,6,3034,-76.955204,38.965376
6160,6,28848,-76.953872,38.967968
6160,6,29592,-76.953749,38.969661
6160,6,3938,-76.954994,38.971275
6160,6,14555,-76.957149,38.971371
6160,6,29583,-76.956232,38.965439
6160,6,3045,-76.944939,38.963611
6160,6,3050,-76.945015,38.963704
6160,6,29969,-76.956434,38.965134
6160,6,3065,-76.956795,38.959506
6160,6,3066,-76.955376,38.960635
6160,6,3067,-76.953713,38.962035
6160,6,29967,-76.956216,38.965134
6160,6,3925,-76.953137,38.969804
6160,6,2683,-76.958927,38.971319
6160,6,29968,-76.955757,38.965134
6160,6,3078,-76.952883,38.96312
6160,6,3079,-76.955552,38.960909
6160,6,3080,-76.957,38.959722
6160,19,1219,-76.9557876722832,38.9654424815534
6160,19,182,-76.953876,38.967967
6160,19,1523,-76.953131,38.969808
6160,19,1250,-76.950312,38.963875
6160,19,1252,-76.948239,38.963778
6160,19,131,-76.94630523,38.96346724
6160,19,132,-76.946164,38.963403
6160,19,1253,-76.947959,38.963849
6160,19,1251,-76.950073,38.96395
6160,19,1249,-76.950898,38.964308
6160,19,1524,-76.953267,38.969952
6160,19,395,-76.954285,38.968148
6160,19,397,-76.954218,38.966032
6160,19,1254,-76.944985,38.963623
6160,19,717,-76.945014,38.963709
6160,19,162,-76.956797,38.959505
6160,19,1245,-76.955332,38.960665
6160,19,1247,-76.953721,38.962038
6160,19,399,-76.952646,38.964353
6160,19,396,-76.953727,38.965459
6160,19,398,-76.952991,38.964228
6160,19,1248,-76.952881,38.963135
6160,19,1246,-76.955288,38.961113
6160,19,163,-76.957068,38.959676
3981,6,28117,-76.950172,38.966315
3981,6,28120,-76.949604,38.966576
3982,6,28902,-76.946418,38.96605
3982,6,28116,-76.946344,38.966302
3983,6,28111,-76.942758,38.965704
3983,6,28108,-76.941358,38.96551
3984,6,14619,-76.931058,39.000914
3984,6,14618,-76.931327,39.00087
3984,19,393,-76.93106,39.000924
3984,19,394,-76.931351,39.000684
3985,6,526,-76.930408,39.00377
3985,6,541,-76.930637,39.003822
3985,19,355,-76.930418,39.003771
3985,19,356,-76.930642,39.003825
3986,6,527,-76.929657,39.006806
3986,6,542,-76.929904,39.006789
3986,19,360,-76.929662,39.006803
3986,19,361,-76.9299,39.00679
3987,6,528,-76.929172,39.00857
3987,6,543,-76.929382,39.00865
3987,19,371,-76.929191,39.008588
3987,19,372,-76.929383,39.008648
3988,6,529,-76.928383,39.011327
3988,6,544,-76.928533,39.011653
3988,19,369,-76.928393,39.011329
3988,19,370,-76.928555,39.011607
23385,6,28387,-76.925174,39.021272
23385,6,28388,-76.925114,39.021968
23385,19,867,-76.928243,39.022203
23385,19,868,-76.926838,39.021586
3990,6,12152,-76.922958,39.023897
3990,6,11814,-76.923377,39.023927
3991,6,548,-76.919373,39.026492
3991,6,551,-76.919722,39.026514
3991,6,14633,-76.918375,39.025777
3991,6,14634,-76.918479,39.025651
3992,6,3195,-76.914935,39.030238
3992,6,13983,-76.915049,39.030402
3992,6,12970,-76.914674,39.029723
3992,6,3191,-76.914725,39.029898
4058,6,28420,-76.913884,39.032468
4058,6,28419,-76.914254,39.032093
4058,6,13980,-76.911673,39.03177
4058,6,28416,-76.911837,39.031893
3994,6,3192,-76.913096,39.034176
3994,6,28424,-76.913181,39.034414
3995,6,3193,-76.911367,39.037623
3995,6,28429,-76.911644,39.038426
3998,6,3030,-76.912093,39.042284
3998,6,2999,-76.912203,39.043873
3998,6,3000,-76.914038,39.04543
3998,6,3028,-76.914296,39.045411
3998,6,3029,-76.912604,39.04412
3998,6,28443,-76.912229,39.042125
4000,6,3002,-76.917336,39.048
4000,6,3025,-76.919154,39.049348
4000,6,3003,-76.919104,39.049137
4000,6,3001,-76.916802,39.047386
4001,6,28452,-76.922134,39.050875
4001,6,3024,-76.92287,39.051149
4002,6,28450,-76.935259,39.046718
4002,6,28451,-76.936791,39.04694
4014,6,40046,-76.916771,39.028506
4014,6,40045,-76.916429,39.028506
11300,6,28671,-76.909884,39.011881
11300,6,28670,-76.910426,39.011264
11300,6,11731,-76.911068,39.011028
11300,6,29663,-76.910157,39.011585
11300,6,29640,-76.910307,39.011434
11300,8,2561250,-76.90978,39.011963
11300,15,12014,-76.912841,39.009844
11300,15,12019,-76.912237,39.010179
11300,19,778,-76.90965887,39.01211507
4050,6,11792,-76.904328,39.011278
4050,6,11791,-76.904308,39.011423
4050,8,2561251,-76.904328,39.011436
4050,8,2561249,-76.904327,39.011288
4050,19,776,-76.904319,39.01143
4050,19,777,-76.904356,39.011299
4112,6,24000,-76.898447,39.009872
4112,6,28355,-76.895909,39.008168
4112,6,28358,-76.897617,39.009001
4112,6,28362,-76.898377,39.010064
4112,6,31809,-76.897761,39.008847
4112,6,31808,-76.895937,39.008
4112,8,2561252,-76.898411,39.010075
4112,19,588,-76.898467,39.00989
4112,19,589,-76.898378,39.010066
4052,6,28363,-76.895292,39.010426
4052,8,2561253,-76.89483,39.010841
4052,19,584,-76.89533,39.010417
4052,19,585,-76.894832,39.010844
4053,6,29420,-76.909293,39.023225
4053,6,28389,-76.909662,39.023088
4054,6,28395,-76.91498,39.024538
4054,6,28396,-76.915074,39.024398
4059,6,14487,-76.90814,39.034165
4059,6,28425,-76.907305,39.035028
4059,6,13085,-76.909216,39.033718
4060,6,10295,-76.902093,39.044824
4060,6,10358,-76.902188,39.045117
4061,6,13366,-76.89751,39.051379
4061,6,13365,-76.897595,39.051173
4062,6,29951,-76.900887,39.054993
4062,6,29950,-76.900545,39.054519
4063,6,10367,-76.903344,39.056525
4063,6,10336,-76.903453,39.056355
4064,6,29952,-76.897418,39.058838
4064,6,10189,-76.897276,39.059145
4065,6,41156,-76.891212,39.058063
4065,6,41157,-76.890602,39.058041
4066,6,29421,-76.874272,39.070775
4066,6,28483,-76.874715,39.070679
4066,8,2561280,-76.875031,39.070412
4066,8,2561233,-76.874213,39.070845
4067,6,31406,-76.868269,39.076011
4067,6,12142,-76.866947,39.077184
4067,6,11851,-76.868867,39.075882
4067,8,2561380,-76.869504,39.076389
4067,8,2561357,-76.870002,39.076806
4067,8,2561282,-76.866394,39.078208
4067,8,2561281,-76.868925,39.075848
4067,8,2561232,-76.868887,39.075531
4067,8,2561231,-76.866979,39.077171
9461,6,9512,-76.863561,39.082089
9461,6,40047,-76.863675,39.082462
9461,8,2561285,-76.865884,39.084306
9461,8,2561284,-76.865637,39.082983
9461,8,2578125,-76.864783,39.082838
9461,8,2561230,-76.865555,39.084377
4070,6,12122,-76.860093,39.087614
4070,6,11798,-76.860648,39.087142
4070,8,2561287,-76.860919,39.088507
4070,8,2561228,-76.862029,39.088013
4073,6,3722,-76.858515,39.09219
4073,6,10555,-76.862096,39.092373
4073,6,9865,-76.865427,39.093143
4073,6,3720,-76.859653,39.091908
4073,8,2561387,-76.865428,39.093142
4073,8,2561350,-76.867575,39.093038
4073,8,2561349,-76.864748,39.09271
4073,8,2561348,-76.862558,39.092158
4073,8,2561289,-76.859613,39.091918
4073,8,2561288,-76.859603,39.090656
4073,8,2561227,-76.859844,39.092218
4074,6,10564,-76.871349,39.093755
4074,8,2561386,-76.871291,39.093754
4074,8,2561351,-76.871148,39.093449
4075,6,10556,-76.873921,39.094116
4075,8,2562436,-76.873941,39.094131
4075,8,2561384,-76.875879,39.09385
4075,8,2561353,-76.875614,39.094012
4075,8,2561352,-76.874715,39.093994
4076,6,10794,-76.87432,39.096952
4076,8,2561226,-76.874325,39.096918
4077,6,10796,-76.872362,39.099257
4077,8,2561225,-76.872361,39.0992
4078,6,10798,-76.870052,39.104168
4078,8,2561224,-76.870097,39.104173
4079,6,11225,-76.866651,39.104828
4079,8,2561223,-76.866656,39.104839
4080,6,29418,-76.863774,39.105894
4080,8,2561222,-76.86376,39.105926
4081,6,11266,-76.8586,39.107042
4081,8,2561221,-76.858553,39.107023
4082,6,11264,-76.854134,39.108212
4082,8,2561219,-76.854147,39.108197
4082,8,2560735,-76.854359,39.108168
4083,6,10562,-76.851025,39.107234
4083,8,2561218,-76.851003,39.10723
4084,6,10045,-76.853539,39.106193
9451,6,11776,-76.853299,39.100326
9451,6,11778,-76.854597,39.098882
9451,6,11779,-76.856376,39.097383
9451,6,11780,-76.857182,39.096667
9451,8,2561213,-76.849088,39.09894
9451,8,2561212,-76.850563,39.097559
9451,8,2561211,-76.852717,39.097785
9451,8,2561210,-76.856375,39.097378
9451,8,2561209,-76.857225,39.096626
9451,8,2560924,-76.856287,39.097332
9451,8,2560923,-76.854853,39.098532
9451,8,2560922,-76.851263,39.099051
9451,8,2560815,-76.852973,39.09776
9451,8,2560729,-76.857747,39.098764
9451,8,2560728,-76.85778,39.10054
9451,8,2560731,-76.857959,39.100424
9451,8,2560730,-76.857772,39.098637
4089,6,11781,-76.860219,39.094037
4089,8,2561389,-76.859126,39.094751
4095,6,41560,-76.886767,39.060885
4095,8,2561279,-76.886838,39.060908
4095,8,2561278,-76.88759,39.06113
4095,8,2561277,-76.889059,39.062439
4095,8,2561236,-76.889254,39.062919
4095,8,2561235,-76.888043,39.061225
4095,8,2561234,-76.886379,39.060961
4101,6,29419,-76.900783,39.047162
4103,6,12022,-76.904247,39.041528
24067,6,11800,-76.893123,39.008625
24067,6,31632,-76.892869,39.008455
24067,6,31635,-76.890787,39.0076
24067,6,31633,-76.888883,39.007365
24067,6,31630,-76.888757,39.007521
24067,6,31631,-76.890647,39.007768
24067,6,10949,-76.891926,39.007181
24067,8,2561245,-76.892086,39.006879
24067,19,670,-76.89089123,39.00557121
24067,19,667,-76.888913,39.005398
24067,19,668,-76.888431,39.005613
24067,19,671,-76.89099,39.005755
4124,6,40123,-76.991232,38.873557
4124,6,40139,-76.991452,38.873439
4124,11,183,-76.99145,38.873442
4124,11,166,-76.991238,38.873565
4124,15,13709,-76.991238,38.873552
4131,6,7530,-76.994887,38.887387
4131,6,7545,-76.995051,38.887261
4138,6,5480,-76.994888,38.900015
4138,6,5473,-76.995052,38.899858
4138,6,7514,-76.994313,38.900116
4138,6,7527,-76.995444,38.900311
4138,12,2506392,-76.99528375,38.90014652
4138,12,2506389,-76.99465845,38.90030142
8765,6,5623,-76.99489,38.902369
8765,6,7512,-76.994875,38.903947
8765,6,5281,-76.995289,38.905024
8765,6,5280,-76.996783,38.905673
8765,6,5271,-76.996324,38.905279
8765,6,7529,-76.995034,38.903862
8765,6,5628,-76.995043,38.902278
8765,6,7824,-76.983548,38.899697
8765,6,30138,-76.982951,38.900524
8765,6,4620,-76.981729,38.90253
8765,6,4652,-76.98123,38.903659
8765,6,4653,-76.9823,38.901999
8765,6,5469,-76.985573,38.899921
8765,6,7513,-76.995107,38.902459
8765,6,5624,-76.99285,38.902448
8765,6,5625,-76.99041,38.902459
8765,6,5284,-76.988484,38.901952
8765,6,4418,-76.987111,38.901916
8765,6,6957,-76.986159,38.903265
8765,6,4419,-76.990088,38.903007
8765,6,5627,-76.992524,38.90258
8765,6,7528,-76.994806,38.90258
8765,6,5471,-76.989693,38.900113
8765,6,5483,-76.985753,38.900113
8765,6,4568,-76.982468,38.899834
8765,6,4569,-76.979539,38.899324
8765,6,4570,-76.97667,38.898817
8765,6,4571,-76.974439,38.898423
8765,6,4594,-76.973961,38.898609
8765,6,4595,-76.976006,38.898949
8765,6,4596,-76.978025,38.899305
8765,6,27360,-76.981164,38.899902
8765,6,13565,-76.985891,38.900291
8765,6,31859,-76.991345,38.900311
8765,6,5828,-76.98563,38.899138
8765,6,5829,-76.982501,38.900527
8765,6,27378,-76.981025,38.901012
8765,6,5830,-76.979325,38.901708
8765,6,14809,-76.977767,38.902338
8765,6,5831,-76.975964,38.903086
8765,6,5832,-76.974338,38.903747
8765,6,8020,-76.973138,38.904659
8765,6,8018,-76.97314,38.905468
8765,6,28967,-76.972327,38.90475
8765,6,8019,-76.973967,38.904084
8765,6,5833,-76.976,38.903259
8765,6,14773,-76.978362,38.902311
8765,6,28966,-76.980778,38.901322
8765,6,28968,-76.982234,38.90073
8765,6,5836,-76.985184,38.899521
8765,12,2506387,-76.98861605,38.90014416
8765,12,2506400,-76.9829865979991,38.9000221853739
8765,12,2506398,-76.9760187684453,38.8987809917304
8765,12,2506388,-76.97600278,38.89884779
8765,12,2506393,-76.98296577,38.90006541
8765,12,2506391,-76.98802994,38.90029736
4144,6,27465,-76.999765,38.906978
4144,6,42827,-77.003098,38.908367
4144,6,30137,-77.003059,38.908148
4144,6,30140,-77.001389,38.907419
4144,6,5279,-76.999677,38.906709
4144,6,4567,-77.003169,38.908307
4164,6,27643,-77.047285,38.923386
4164,6,4801,-77.047587,38.923211
4164,6,4808,-77.047075,38.923337
4318,6,6313,-77.016467,38.909814
4318,6,6306,-77.015918,38.908282
4318,6,6326,-77.014207,38.905432
4318,6,4971,-77.013756,38.902897
4318,6,5346,-77.014289,38.904358
4318,6,5347,-77.014932,38.905936
4318,6,6305,-77.015286,38.907115
4318,6,6430,-77.016351,38.910066
4318,6,31383,-77.012382,38.902451
4318,6,31384,-77.013528,38.902607
4256,6,27095,-76.989887,38.889177
4256,6,5900,-76.987872,38.888766
4256,6,5912,-76.988108,38.889012
4256,6,27166,-76.989507,38.89044
4259,6,5901,-76.985678,38.887862
4259,6,5902,-76.983032,38.886804
4259,6,5910,-76.984324,38.887544
5655,6,28943,-76.977146,38.88898
5655,6,28721,-76.977137,38.888621
5655,6,14602,-76.979059,38.889388
5655,6,7963,-76.979061,38.88776
5655,6,28944,-76.977138,38.888801
5655,6,27146,-76.980516,38.889887
5655,6,27161,-76.983558,38.89012
5655,6,7819,-76.983593,38.891829
5655,6,7820,-76.983586,38.893301
5655,6,7821,-76.983586,38.895288
5655,6,7822,-76.983588,38.896882
5655,6,7823,-76.983582,38.897524
5655,6,7706,-76.985571,38.897085
5655,6,14509,-76.985573,38.89494
5655,6,14518,-76.985576,38.893739
5655,6,7709,-76.985571,38.891405
5655,6,27130,-76.984982,38.889736
5655,6,27129,-76.983229,38.88973
5655,6,27136,-76.980965,38.88973
5655,6,5110,-76.977233,38.887788
5655,6,7707,-76.985675,38.894734
5655,6,14510,-76.983826,38.894737
5655,6,27241,-76.982355,38.89474
5655,6,14511,-76.981006,38.89474
5655,6,14516,-76.979617,38.893189
5655,6,14514,-76.977511,38.893189
5655,6,27210,-76.975483,38.893169
5655,6,28945,-76.977143,38.889166
5655,6,7988,-76.977192,38.891873
5655,6,14513,-76.978769,38.893389
5655,6,14512,-76.981197,38.893454
5655,6,14517,-76.983306,38.893463
5655,6,7708,-76.985279,38.893635
4265,6,28908,-76.947897,38.889667
4265,6,3455,-76.947098,38.889906
8064,6,27107,-76.944627,38.889665
8064,6,27108,-76.942279,38.889665
8064,6,27109,-76.940106,38.889662
8064,6,28909,-76.938558,38.88961
8064,6,27102,-76.936625,38.889604
8064,6,27106,-76.933893,38.889662
8064,6,27105,-76.932301,38.889656
8064,6,27104,-76.929707,38.889656
8064,6,27113,-76.927373,38.889654
8064,6,27112,-76.925334,38.889654
8064,6,27114,-76.923134,38.889651
8064,6,27119,-76.921004,38.889651
8064,6,13046,-76.920289,38.889881
8064,6,27147,-76.922651,38.889887
8064,6,27148,-76.92588,38.889887
8064,6,27153,-76.929833,38.889895
8064,6,27144,-76.931899,38.889925
8064,6,27139,-76.934776,38.889928
8064,6,27156,-76.936652,38.889955
8064,6,27154,-76.938352,38.889958
8064,6,27140,-76.940194,38.8899
8064,6,27142,-76.942374,38.889903
8064,6,27151,-76.944412,38.8899
8064,6,4613,-76.937671,38.890046
8064,6,28751,-76.938803,38.889034
8064,6,4831,-76.929443,38.889144
8064,6,4832,-76.92787,38.888659
8064,6,4823,-76.927994,38.887171
8064,6,8158,-76.928126,38.886601
8064,6,8159,-76.928451,38.885146
8064,6,42,-76.928735,38.883825
8064,6,4347,-76.929106,38.882107
8064,6,10940,-76.929382,38.880816
8064,6,13451,-76.927298,38.88086
8064,6,10932,-76.926628,38.882277
8064,6,10934,-76.926136,38.884551
8064,6,10935,-76.925895,38.885653
8064,6,10936,-76.925539,38.887275
8064,6,4839,-76.926605,38.888262
8064,6,27096,-76.929595,38.889349
8064,6,10937,-76.930001,38.890657
8064,6,27214,-76.92992,38.893496
8064,6,28997,-76.929423,38.895189
8064,6,4834,-76.929757,38.896104
8064,6,27254,-76.92814,38.895458
8064,6,46,-76.928381,38.893961
8064,6,28998,-76.929854,38.893657
8064,6,10938,-76.930079,38.891602
8064,6,28752,-76.939081,38.889021
8064,6,5053,-76.926006,38.898275
8064,6,28890,-76.926588,38.898458
8064,6,27038,-76.935735,38.885826
8064,6,41164,-76.936722,38.888064
8064,6,31196,-76.937184,38.889204
8064,6,27167,-76.937868,38.89055
8064,6,4582,-76.938963,38.891476
8064,6,27182,-76.939584,38.891638
8064,6,27165,-76.937901,38.890202
8064,6,31197,-76.937315,38.888949
8064,6,4599,-76.936575,38.8873
8064,6,27160,-76.927901,38.890092
8064,6,8153,-76.927699,38.892484
8064,6,27227,-76.927082,38.894186
8064,6,5054,-76.926326,38.896217
8064,6,4736,-76.925814,38.897751
8064,6,5047,-76.925094,38.899683
8064,6,5046,-76.925682,38.898546
8064,6,27293,-76.926342,38.896787
8064,6,27226,-76.927204,38.894296
8064,6,27190,-76.928048,38.892024
4278,6,27122,-76.917455,38.889643
4278,6,27137,-76.917645,38.889878
4279,6,27097,-76.913481,38.889377
4279,6,29441,-76.913364,38.888991
4279,6,1305,-76.913476,38.889676
4279,6,28995,-76.913382,38.889177
4279,19,550,-76.913368,38.889077
4279,19,676,-76.911216,38.888788
4279,19,677,-76.911348,38.888939
4282,6,7227,-77.068752,38.931541
4282,6,7228,-77.066657,38.931462
4282,6,7222,-77.066856,38.931585
4282,6,7223,-77.068458,38.931657
4284,6,36833,-77.063033,38.930349
4284,6,7221,-77.063143,38.930517
4285,6,27713,-77.060747,38.928968
4285,6,4820,-77.060947,38.929067
4286,6,8076,-77.057715,38.928426
4286,6,27709,-77.057939,38.929018
4287,6,27685,-77.057725,38.926308
4287,6,8077,-77.057573,38.926349
4288,6,27639,-77.057324,38.923112
4288,6,4812,-77.057402,38.923296
4289,6,4804,-77.053037,38.92337
4289,6,4803,-77.051064,38.923433
4289,6,4810,-77.052016,38.923611
4289,6,4905,-77.052433,38.925105
4289,6,27653,-77.051652,38.923987
4289,6,4906,-77.052447,38.925357
4289,6,4950,-77.052918,38.925691
4289,6,27660,-77.052631,38.924483
4289,11,74,-77.052221,38.92449
4338,6,27073,-76.907438,38.888333
4338,6,27082,-76.90786,38.88884
4338,19,708,-76.906721,38.888026
4338,19,709,-76.907859,38.888834
6786,6,27049,-76.902501,38.886848
6786,6,27051,-76.902398,38.887119
6786,6,29431,-76.902844,38.886264
6786,6,951,-76.904986,38.88596
6786,6,950,-76.907283,38.885609
6786,6,949,-76.908976,38.885371
6786,6,13462,-76.912049,38.884921
6786,6,27026,-76.913286,38.884853
6786,6,2196,-76.916382,38.884524
6786,6,27027,-76.915416,38.884858
6786,6,29575,-76.913003,38.884713
6786,6,27028,-76.911254,38.884908
6786,6,925,-76.907585,38.885447
6786,6,926,-76.90532,38.885762
6786,6,927,-76.903915,38.885968
6786,6,27046,-76.901449,38.886321
6786,6,39739,-76.911035,38.882696
6786,6,13198,-76.910675,38.8834
6786,6,13201,-76.909869,38.884998
6786,6,13200,-76.910158,38.884754
6786,6,27006,-76.910681,38.883702
6786,6,13199,-76.91119,38.882677
6786,19,710,-76.902502,38.886845
6786,19,1115,-76.90281002,38.8862691
6786,19,1116,-76.903428,38.886051
6786,19,711,-76.902401,38.887122
6786,19,566,-76.904985,38.885962
6786,19,578,-76.907287,38.885608
6786,19,577,-76.908945,38.885374
6786,19,571,-76.912055,38.884928
6786,19,542,-76.913711,38.884554
6786,19,554,-76.916663,38.885142
6786,19,555,-76.916584,38.885266
6786,19,1091,-76.914398,38.884716
6786,19,1468,-76.911001,38.882705
6786,19,141,-76.910674,38.883401
6786,19,1469,-76.909901,38.884918
6786,19,576,-76.908324,38.885335
6786,19,579,-76.907576,38.885445
6786,19,580,-76.905318,38.885771
4955,6,29430,-76.895762,38.886184
4955,6,29576,-76.895798,38.88636
4955,6,3623,-76.89361,38.887201
4955,6,3624,-76.893756,38.887503
4955,6,13107,-76.89592,38.886886
4955,6,28657,-76.895726,38.886012
4955,6,28658,-76.89569,38.885831
4955,19,248,-76.895635,38.885665
4955,19,249,-76.895782,38.886363
4955,19,558,-76.893613,38.887204
4955,19,575,-76.893756,38.887502
4343,6,233,-76.898244,38.887582
4343,6,231,-76.898964,38.889251
4343,6,31807,-76.90041,38.890681
4343,6,227,-76.901826,38.891986
4343,6,27203,-76.902361,38.892915
4343,6,224,-76.903541,38.894055
4343,6,223,-76.903377,38.893698
4343,6,27209,-76.902759,38.893112
4343,6,228,-76.901986,38.891931
4343,6,12431,-76.900563,38.890552
4343,6,232,-76.89918,38.88916
4343,6,27057,-76.898416,38.887333
4343,19,247,-76.898242,38.887583
4343,19,226,-76.898963,38.889251
4343,19,228,-76.900409,38.89068
4343,19,230,-76.901827,38.891988
4343,19,232,-76.902367,38.892946
4343,19,234,-76.903537,38.894059
4343,19,235,-76.903372,38.893711
4343,19,233,-76.90275318,38.8931258
4343,19,231,-76.90198685,38.89193577
4343,19,229,-76.900567,38.890554
4343,19,227,-76.899181,38.889162
4343,19,225,-76.89841,38.887328
8268,6,27267,-76.906281,38.896008
8268,6,27297,-76.90577,38.897
8268,6,27318,-76.905517,38.897622
8268,6,222,-76.906161,38.895795
8268,6,3599,-76.905098,38.896485
8268,6,27271,-76.907478,38.896055
8268,6,219,-76.90859,38.89674
8268,6,217,-76.909908,38.898294
8268,6,218,-76.909784,38.897894
8268,6,220,-76.908843,38.89677
8268,6,27269,-76.907003,38.896008
8268,6,27291,-76.904478,38.896507
8268,19,240,-76.906283,38.896011
8268,19,1050,-76.905766,38.897
8268,19,1047,-76.90552,38.897623
8268,19,237,-76.906196,38.895813
4349,6,27342,-76.903639,38.898888
4349,6,27346,-76.903932,38.899039
4349,19,1048,-76.90365,38.898883
4349,19,1049,-76.903865,38.899093
4350,6,27372,-76.901975,38.900382
4350,6,27376,-76.902086,38.900681
4350,19,1053,-76.901978,38.900385
4350,19,1062,-76.902088,38.90068
4354,6,29437,-76.899834,38.902626
4354,6,27450,-76.897402,38.905032
4354,6,27470,-76.894442,38.907241
4354,6,27486,-76.892443,38.908926
4354,6,27485,-76.892968,38.908912
4354,6,27471,-76.894941,38.907282
4354,6,27453,-76.896441,38.906153
4354,6,27427,-76.900002,38.902936
4354,19,1060,-76.899843,38.902614
4354,19,1051,-76.898876,38.903737
4354,19,1055,-76.897405,38.905031
4354,19,1063,-76.894438,38.907249
4354,19,1068,-76.892445,38.908926
4354,19,1069,-76.892968,38.908913
4354,19,1070,-76.894943,38.90728
4354,19,1054,-76.897266,38.90552
4354,19,1052,-76.899324,38.903727
4354,19,1061,-76.900005,38.902934
4354,19,1390,-76.892677,38.909612
4354,19,1389,-76.89454,38.908999
4356,6,27521,-76.890138,38.911124
4356,6,28876,-76.887724,38.913009
4356,6,29429,-76.887711,38.913404
4356,6,27529,-76.890117,38.911568
4356,19,1064,-76.89010278,38.91113608
4356,19,1056,-76.888705,38.912315
4356,19,1066,-76.887722,38.913011
4356,19,1067,-76.887712,38.913402
4356,19,1057,-76.888994,38.912501
4356,19,1065,-76.890121,38.911571
4356,19,1380,-76.885664,38.912631
4356,19,1397,-76.88878,38.910936
4356,19,1396,-76.88856871,38.9108616
4357,6,27555,-76.885247,38.914648
4357,6,27557,-76.88549,38.914859
4357,19,1058,-76.885245,38.914656
4357,19,1059,-76.885486,38.914856
4358,6,27576,-76.882347,38.916525
4358,6,27579,-76.882309,38.916928
4368,6,27593,-76.87964,38.918703
4368,6,27610,-76.877969,38.920589
4368,6,1785,-76.875592,38.920084
4368,6,1786,-76.873726,38.920082
4368,6,1787,-76.871813,38.920073
4368,6,27597,-76.87175,38.918955
4368,6,557,-76.870602,38.91849
4368,6,554,-76.868792,38.918448
4368,6,555,-76.866865,38.918917
4368,6,556,-76.864992,38.920221
4368,6,27615,-76.864382,38.920704
4368,6,40408,-76.864922,38.920641
4368,6,9521,-76.865271,38.920191
4368,6,559,-76.867025,38.919062
4368,6,558,-76.868913,38.918602
4368,6,2426,-76.870817,38.918733
4368,6,1791,-76.871966,38.920205
4368,6,1790,-76.873456,38.920202
4368,6,1789,-76.8757,38.920202
4368,6,1784,-76.877454,38.920611
4368,6,27612,-76.87864,38.92026
4368,6,27589,-76.88024,38.918585
4370,6,774,-76.859812,38.920572
4370,6,775,-76.858727,38.922367
4370,6,784,-76.858854,38.922762
4370,6,27626,-76.859437,38.921805
4370,6,27617,-76.860088,38.920715
4370,19,475,-76.859818,38.920571
4370,19,459,-76.85875156,38.9223437
4370,19,457,-76.85814,38.923623
4370,19,477,-76.860089,38.920715
4370,19,460,-76.858857,38.92275
4370,19,476,-76.85943661,38.92179982
4370,19,458,-76.858484,38.923501
4371,6,777,-76.858566,38.92559
4371,6,778,-76.85872,38.926505
4371,6,786,-76.858979,38.92682
4371,19,461,-76.85856903,38.92559595
4371,19,467,-76.85874,38.926524
4371,19,462,-76.858747,38.925585
4371,19,468,-76.858983,38.92682
4374,6,780,-76.859393,38.929363
4374,6,1704,-76.861485,38.930887
4374,6,41246,-76.85984,38.930443
4374,6,787,-76.859338,38.928618
4374,19,478,-76.859398,38.929356
4374,19,466,-76.859692,38.930734
4374,19,465,-76.859834,38.930426
4374,19,479,-76.859342,38.928618
4375,6,27752,-76.863873,38.931796
4375,6,27761,-76.865703,38.93235
4375,6,41166,-76.864907,38.933665
4378,6,27806,-76.862541,38.935153
4379,6,41243,-76.858676,38.936901
4379,6,14995,-76.857204,38.935803
4379,19,448,-76.857016,38.935699
4379,19,313,-76.85876,38.937217
4379,19,312,-76.859749,38.938288
4379,19,318,-76.860627,38.93924
4379,19,449,-76.857212,38.935767
4379,19,314,-76.86149052,38.93971711
4379,19,310,-76.860438,38.938677
4379,19,311,-76.858689,38.936925
4381,6,41244,-76.85911,38.934221
4381,6,41245,-76.859562,38.932873
4381,19,446,-76.859372,38.93292
4381,19,480,-76.859103,38.934233
4381,19,447,-76.859568,38.932884
4390,6,27642,-76.868369,38.923384
4390,6,40407,-76.868479,38.923079
24038,6,27686,-76.880912,38.926456
24038,6,27670,-76.880511,38.924872
24038,6,29428,-76.880556,38.924672
24038,6,27694,-76.880873,38.926949
24038,19,698,-76.882346,38.928736
24038,19,943,-76.880869,38.927501
24038,19,942,-76.881241,38.927181
24038,19,699,-76.88278,38.928511
4393,6,1838,-76.884071,38.924036
4393,6,1841,-76.883921,38.923954
24037,6,27666,-76.886669,38.924809
24037,6,1842,-76.886312,38.924639
24037,19,191,-76.886385,38.927615
24037,19,938,-76.88654,38.926793
24037,19,944,-76.8873,38.92645
24037,19,190,-76.886247,38.927515
4398,6,27673,-76.889249,38.925168
4398,6,1844,-76.891146,38.925461
4398,6,2967,-76.890768,38.926223
4398,6,11860,-76.891762,38.928694
4398,6,12532,-76.891951,38.928546
4398,6,29427,-76.890555,38.927212
4398,6,2968,-76.890975,38.92631
4398,6,1840,-76.890734,38.925242
4398,6,27672,-76.889395,38.925063
4398,19,947,-76.88981,38.927215
4398,19,1120,-76.891771,38.928692
4398,19,1119,-76.891954,38.928554
4398,19,946,-76.890561,38.927213
24031,6,29435,-76.889581,38.931654
24031,19,61,-76.889584,38.931651
24031,19,65,-76.887696,38.932952
24031,19,66,-76.887916,38.932994
24031,19,62,-76.888952,38.932167
4400,6,28666,-76.89071,38.933531
4400,6,29436,-76.890885,38.93341
4400,6,2124,-76.891185,38.93312
4400,19,931,-76.890451,38.933722
4404,6,29438,-76.901496,38.932207
4404,6,27776,-76.904246,38.932961
4404,6,29439,-76.907417,38.933416
4404,6,29426,-76.907158,38.933095
4404,6,27774,-76.905083,38.932832
4404,6,27763,-76.902833,38.932328
4405,6,27791,-76.910022,38.933747
4405,6,27789,-76.910609,38.93358
5897,6,27798,-76.916757,38.934227
5897,6,27796,-76.916473,38.934191
5897,6,2144,-76.918692,38.936016
5897,6,2127,-76.921829,38.937343
5897,6,341,-76.924023,38.938269
5897,6,337,-76.92679,38.939159
5897,6,334,-76.929022,38.939677
5897,6,27867,-76.930714,38.939675
5897,6,326,-76.934027,38.939549
5897,6,322,-76.93676,38.939401
5897,6,321,-76.935705,38.939261
5897,6,325,-76.933248,38.939357
5897,6,29397,-76.931425,38.939439
5897,6,333,-76.929494,38.939513
5897,6,338,-76.927031,38.939009
5897,6,2125,-76.924917,38.938373
5897,6,27847,-76.923831,38.937924
5897,6,2142,-76.922277,38.937271
5897,6,2128,-76.92024,38.936414
5897,6,2129,-76.918308,38.935561
5897,6,990,-76.914486,38.933451
5897,6,1397,-76.934368,38.941009
5897,6,1373,-76.934437,38.939691
5897,6,342,-76.924183,38.938663
5897,6,343,-76.92155,38.938962
5897,6,344,-76.921702,38.939201
5897,6,2140,-76.924642,38.938828
5897,19,607,-76.914503,38.933469
5897,19,936,-76.918691,38.936012
5897,19,934,-76.921832,38.937345
5897,19,940,-76.924025,38.938267
5897,19,295,-76.926787,38.939162
5897,19,293,-76.929025,38.93968
5897,19,142,-76.93072657,38.93965429
5897,19,300,-76.934029,38.939548
5897,19,292,-76.936767,38.939412
5897,19,291,-76.935707,38.939244
5897,19,299,-76.933182,38.939363
5897,19,298,-76.931436,38.939422
5897,19,294,-76.929496,38.939509
5897,19,296,-76.927033,38.93899
5897,19,939,-76.924915,38.938361
5897,19,932,-76.923844,38.937915
5897,19,933,-76.922295,38.937262
5897,19,935,-76.92023961,38.93641298
5897,19,937,-76.918312,38.935569
5897,19,608,-76.914653,38.933349
4407,6,27756,-76.91928,38.9321
4407,6,27742,-76.919914,38.930961
4407,6,29425,-76.919036,38.932418
4410,6,346,-76.910648,38.93862
4410,6,347,-76.910534,38.93894
4411,6,27861,-76.906901,38.939214
4411,6,27869,-76.90656,38.939869
7969,6,351,-76.90424,38.942489
7969,6,27902,-76.903412,38.941595
7969,6,353,-76.901568,38.943475
7969,6,352,-76.902316,38.943204
7969,6,27912,-76.903421,38.942108
4429,6,27695,-76.877884,38.927078
4430,6,40406,-76.870965,38.924477
8538,6,29028,-76.981915,38.836449
8538,6,29029,-76.982645,38.835837
8538,6,28813,-76.983431,38.835958
8538,6,6871,-76.985485,38.834319
8538,6,6834,-76.985198,38.833673
8538,6,29026,-76.981982,38.836194
8538,6,29030,-76.98479,38.834202
8538,6,6836,-76.982959,38.835509
8538,6,29367,-76.981801,38.834824
8538,6,29368,-76.981488,38.833843
8538,6,29369,-76.98241,38.833073
8538,6,13581,-76.983978,38.831924
8538,6,29370,-76.98324,38.830858
8538,6,26221,-76.983325,38.831083
8538,6,4278,-76.98381,38.831837
8538,6,29359,-76.982246,38.832966
8538,6,26268,-76.981222,38.8335
8538,6,26288,-76.981664,38.83481
8538,6,26296,-76.982496,38.835668
8538,6,26328,-76.990137,38.837408
8538,6,7032,-76.988732,38.837753
8538,6,29061,-76.987704,38.836838
8538,6,26301,-76.986901,38.835901
8538,6,26299,-76.986569,38.835766
8538,6,29048,-76.98741,38.83672
8538,6,7033,-76.9889,38.837832
8538,6,26329,-76.990192,38.837517
8538,19,12,-76.981953,38.83643
8538,19,1419,-76.982796,38.835763
8538,19,1405,-76.984776,38.834213
8538,19,1404,-76.985194,38.833694
8538,19,1418,-76.984032,38.834598
8538,19,1417,-76.98276,38.835591
8538,19,11,-76.982059,38.836139
4481,6,4548,-77.003201,38.831031
4481,6,4555,-77.00309,38.830908
4487,6,26312,-77.000232,38.83652
4487,6,26310,-77.000539,38.836487
4539,6,39878,-77.014334,38.816023
4539,6,46898,-77.015405,38.816713
4539,6,46899,-77.014932,38.816573
4541,6,6206,-77.017742,38.81608
4541,6,26022,-77.018111,38.816294
4542,6,26060,-77.016607,38.820018
4542,6,26061,-77.016609,38.820412
4543,6,6385,-77.017284,38.823008
4543,6,6390,-77.017495,38.823273
4543,15,11736,-77.017263,38.822912
4544,6,29095,-77.017216,38.828151
4544,6,14626,-77.017449,38.827874
4550,6,26062,-77.010574,38.820388
4550,6,26065,-77.008346,38.820728
4550,6,5609,-77.007296,38.820128
4550,6,29204,-77.008472,38.819511
4550,6,29205,-77.009928,38.819303
4550,6,26051,-77.010824,38.819634
5272,6,31876,-77.001508,38.825046
5272,6,7302,-77.001951,38.824073
5272,6,26081,-77.000584,38.821711
5272,6,11326,-76.999208,38.82278
5272,6,26119,-76.997313,38.824241
5272,6,6827,-76.99636,38.824972
5272,6,6878,-76.995895,38.825529
5272,6,6879,-76.997907,38.824041
5272,6,6880,-76.999459,38.823175
5272,6,14523,-76.999257,38.824778
5272,6,12017,-76.998487,38.826249
5272,6,5712,-77.001203,38.826732
5272,6,6825,-76.999724,38.822591
5272,6,1901,-77.001027,38.820708
5272,6,1914,-76.998579,38.818979
5272,6,479,-76.995747,38.820539
5272,6,483,-76.99627,38.821848
5272,6,1926,-76.996433,38.822024
5272,6,482,-76.995923,38.820769
5272,6,26050,-76.997415,38.819503
5272,6,26047,-76.9987,38.819127
5272,6,1913,-77.000908,38.820972
5272,6,40035,-76.999717,38.81913
5272,6,29040,-77.001635,38.818481
5272,6,29362,-77.002653,38.819122
5272,6,40412,-77.003514,38.817686
5272,6,28693,-77.002244,38.817483
5272,6,477,-77.000553,38.818448
5272,6,1261,-76.995625,38.820689
5272,19,1412,-76.995862,38.825558
5272,19,1407,-76.999732,38.822585
5272,19,870,-77.00008,38.819123
5272,19,869,-76.999736,38.819193
5272,19,873,-77.000911,38.820969
5272,19,1406,-76.999207,38.822782
5272,19,1422,-76.996223,38.825081
4594,6,6828,-76.993835,38.826951
4594,6,6877,-76.994016,38.827036
4594,19,202,-76.994014,38.827001
4594,19,201,-76.993896,38.826905
4595,6,6830,-76.991256,38.828951
4595,6,6875,-76.990884,38.829379
4595,19,1416,-76.99153,38.82894
4595,19,1415,-76.991241,38.828969
4630,6,26121,-77.006059,38.824323
4630,6,26146,-77.006825,38.825411
4630,6,26143,-77.006939,38.825304
4630,6,26120,-77.006257,38.824279
4632,6,26189,-77.007589,38.828104
4632,6,26183,-77.007763,38.827513
4642,6,26738,-76.985623,38.864106
4667,6,4622,-76.979721,38.905542
4667,6,4651,-76.980049,38.905492
4668,6,4650,-76.978395,38.907611
4668,6,4623,-76.978785,38.907452
4669,6,27524,-76.976515,38.911458
4669,6,4648,-76.975702,38.913132
4669,6,27552,-76.975718,38.913535
4669,6,27530,-76.97668,38.911779
4671,6,4626,-76.973677,38.915626
4671,6,4647,-76.973132,38.916744
4676,6,4627,-76.971166,38.918772
4676,6,4628,-76.969757,38.920471
4676,6,4644,-76.968936,38.921463
4676,6,4630,-76.968305,38.922241
4676,6,4631,-76.966719,38.923762
4676,6,4629,-76.969285,38.92143
4676,6,4645,-76.97021,38.920301
4676,6,4646,-76.971451,38.91875
4676,6,4642,-76.96732,38.923584
4676,6,4643,-76.968399,38.922512
6629,6,4641,-76.964677,38.925398
6629,6,6802,-76.965053,38.925431
6629,6,31541,-76.967627,38.92691
6629,6,6821,-76.965919,38.925718
6629,6,31542,-76.9677,38.927001
4726,6,29398,-76.872913,38.948147
4726,6,29384,-76.87301,38.951126
4726,6,27982,-76.872618,38.950329
4726,6,2658,-76.871901,38.947964
4726,6,29584,-76.872729,38.94823
4726,6,29648,-76.872539,38.948402
4726,6,29383,-76.872286,38.948597
4726,14,NCR,-76.871494,38.948098
4726,15,11988,-76.872687,38.947826
4726,15,11989,-76.872162,38.948214
4726,19,1090,-76.872238,38.94866
4726,19,1089,-76.872569,38.947001
4731,6,8045,-76.875088,38.952304
4731,6,741,-76.878154,38.952537
4731,6,28009,-76.87647,38.953631
4731,6,28017,-76.874799,38.954532
4731,6,380,-76.872726,38.955697
4731,6,379,-76.873688,38.955489
4731,6,28018,-76.875139,38.954669
4731,6,371,-76.87677,38.953809
4731,6,27997,-76.877527,38.952296
4731,6,27994,-76.875095,38.952077
4731,6,1835,-76.878692,38.952568
4731,6,370,-76.877563,38.952463
4732,6,384,-76.869982,38.95721
4732,6,383,-76.870965,38.95701
4732,6,2644,-76.868284,38.956039
4732,19,146,-76.868298,38.956046
4732,19,301,-76.870957,38.957006
4732,19,297,-76.869994,38.957197
4732,19,147,-76.86845,38.955851
4733,6,387,-76.862523,38.961493
4733,6,740,-76.862614,38.961967
4733,6,10245,-76.863871,38.962526
4733,6,10244,-76.86361,38.962279
4734,6,28084,-76.85601,38.963704
4734,6,28087,-76.856805,38.963836
4736,6,731,-76.853435,38.96383
4736,6,730,-76.850889,38.96414
4736,6,729,-76.851036,38.964436
4736,6,732,-76.853043,38.964151
4737,6,727,-76.848423,38.964756
4737,6,40020,-76.846308,38.965189
4737,6,40021,-76.845556,38.965493
4737,6,728,-76.848503,38.965049
4740,6,22827,-76.842619,38.96474
4740,6,399,-76.839914,38.964636
4740,6,400,-76.840057,38.96494
4740,6,28099,-76.842171,38.964978
4741,6,29466,-76.835802,38.963304
4741,6,28081,-76.835681,38.963583
4742,6,404,-76.832471,38.962219
4742,6,403,-76.832838,38.962646
4743,6,406,-76.829406,38.96046
4743,6,405,-76.82956,38.960994
4744,6,408,-76.82631,38.95847
4744,6,409,-76.825018,38.957725
4744,6,40034,-76.825298,38.958267
4744,6,407,-76.827048,38.959246
4746,6,40296,-76.822288,38.955793
4747,6,28854,-76.815569,38.956555
4747,6,28030,-76.815429,38.956914
4748,6,726,-76.812348,38.956779
4748,6,415,-76.812794,38.957081
4749,6,29467,-76.809715,38.956593
4749,6,5142,-76.809791,38.956889
4750,6,417,-76.805174,38.957566
4750,6,416,-76.805356,38.957829
4751,6,418,-76.79788,38.960873
4751,6,419,-76.797112,38.96166
4752,6,23548,-76.792613,38.965304
4752,6,23798,-76.792931,38.965469
4753,6,421,-76.788645,38.968568
4753,6,420,-76.789195,38.968557
4754,6,29469,-76.784714,38.971717
4754,6,22836,-76.784929,38.971919
4755,6,31600,-76.780843,38.972826
4755,6,29464,-76.780666,38.973089
4756,6,28169,-76.774013,38.972177
4756,6,28171,-76.772815,38.972308
4757,6,31614,-76.767028,38.972297
4757,6,31613,-76.767274,38.97253
4758,6,31598,-76.75521,38.973914
4758,6,31597,-76.755169,38.974213
4760,6,31599,-76.749943,38.974958
4760,6,3954,-76.748297,38.97655
4760,6,3941,-76.748282,38.976178
4760,6,31596,-76.750048,38.975199
4761,6,28209,-76.749707,38.978312
4761,6,2485,-76.750266,38.978995
4761,6,2489,-76.750409,38.978893
4763,6,28219,-76.751207,38.980806
4763,6,29462,-76.751379,38.980861
4765,6,2487,-76.752405,38.983445
4765,6,2436,-76.750568,38.984884
4765,6,2437,-76.749045,38.985667
4765,6,707,-76.749078,38.985785
4765,6,2286,-76.750069,38.985569
4765,6,706,-76.750905,38.984733
4765,6,29461,-76.752469,38.983226
4767,6,702,-76.744363,38.985884
4767,6,2439,-76.742518,38.985969
4767,6,703,-76.741095,38.985517
4767,6,704,-76.740868,38.98518
4767,6,22960,-76.741712,38.986065
4767,6,701,-76.744287,38.986004
4770,6,705,-76.740204,38.982845
4770,6,2442,-76.738673,38.981908
4770,6,2441,-76.74025,38.983037
4772,6,709,-76.738071,38.979299
4772,6,41285,-76.737526,38.978233
4772,6,41286,-76.737363,38.978299
4772,6,2443,-76.737953,38.979408
4774,6,29472,-76.740948,38.977079
4774,6,717,-76.741099,38.976756
4775,6,28187,-76.742396,38.974591
4775,6,718,-76.743375,38.973602
4775,6,716,-76.74315,38.973613
4775,6,28185,-76.742385,38.974399
4777,6,594,-76.744863,38.971582
4777,6,600,-76.744702,38.971736
4779,6,599,-76.744382,38.968927
4779,6,28124,-76.744059,38.967066
4779,6,715,-76.743918,38.967475
4779,6,593,-76.744242,38.969037
4780,6,28123,-76.746559,38.966965
4780,6,28121,-76.746561,38.96685
4781,6,3959,-76.749254,38.966872
4781,6,3955,-76.750673,38.966737
4781,6,3960,-76.7511,38.96668
4781,6,3956,-76.749588,38.966724
4783,6,714,-76.753608,38.968554
4783,6,28130,-76.754608,38.968023
4783,6,29451,-76.75445,38.968193
4783,6,713,-76.753347,38.968384
4785,6,28070,-76.7513,38.962137
4785,6,29450,-76.751303,38.962402
4786,6,28042,-76.748328,38.959007
4786,6,29449,-76.748129,38.959089
4787,6,29447,-76.745902,38.956705
4787,6,28032,-76.746352,38.957379
4788,6,31535,-76.739764,38.945763
4788,6,29473,-76.740263,38.94684
4788,6,8465,-76.738783,38.945687
4789,6,40007,-76.742367,38.948816
4790,6,28855,-76.745585,38.94952
4793,6,27968,-76.736717,38.948095
4793,6,3492,-76.73701,38.948252
4794,6,27978,-76.736608,38.950096
4832,6,29465,-76.801482,38.959577
8834,6,28428,-77.050954,39.037869
8834,6,45646,-77.049411,39.041391
8834,6,10289,-77.048541,39.04078
8834,6,21958,-77.049401,39.038998
8834,6,30143,-77.050821,39.037538
8834,6,4271,-77.050775,39.038341
8834,6,40229,-77.050886,39.037697
8834,6,29761,-77.05076,39.037368
8834,6,31318,-77.051016,39.038037
8834,6,44277,-77.053035,39.041635
8834,6,28447,-77.051941,39.043449
8834,6,1646,-77.05221,39.043432
8834,6,28440,-77.05204,39.041857
8834,6,1645,-77.051655,39.040637
8834,6,4000,-77.051191,39.03913
8834,17,7184,-77.05119,39.037982
8834,17,38,-77.048617,39.04046
8834,17,5240,-77.04941,39.039018
8834,17,9740,-77.051064,39.037647
8834,17,30051,-77.049524,39.041398
8834,17,7182,-77.052605,39.037029
8834,17,7186,-77.051192,39.037984
20051,6,4125,-77.054644,39.039733
20051,6,4187,-77.059164,39.041826
20051,6,22538,-77.056421,39.040369
20051,6,22614,-77.055122,39.039662
20051,6,4188,-77.055811,39.040355
20051,6,4127,-77.058053,39.041539
20051,17,6838,-77.06082,39.042721
20051,17,6840,-77.05886,39.041678
20051,17,6842,-77.056328,39.040336
20051,17,6844,-77.05513,39.03968
20051,17,6800,-77.054637,39.039709
20051,17,6802,-77.055777,39.040345
20051,17,6804,-77.058022,39.041533
20051,17,6806,-77.060614,39.042895
20051,17,6604,-77.05777,39.038506
20051,17,6766,-77.056446,39.039592
20051,17,6768,-77.058873,39.038239
4863,6,28434,-77.044773,39.040473
4863,6,4095,-77.043321,39.039895
4863,6,22548,-77.040502,39.03776
4863,6,4006,-77.036035,39.036039
4863,6,4090,-77.03673,39.036294
4863,6,4004,-77.040064,39.037815
4863,6,4001,-77.042795,39.039919
4863,6,28435,-77.04412,39.04056
4863,17,6612,-77.044715,39.040582
4863,17,6614,-77.043261,39.040004
4863,17,6616,-77.041773,39.03894
4863,17,6618,-77.040516,39.037777
4863,17,6620,-77.038467,39.036446
4863,17,6622,-77.036542,39.036011
4863,17,3378,-77.036301,39.034943
4863,17,3380,-77.036073,39.033451
4863,17,3382,-77.035881,39.0322
4863,17,6754,-77.036774,39.036297
4863,17,6756,-77.038629,39.036819
4863,17,6758,-77.040035,39.03778
4863,17,6760,-77.041567,39.039004
4863,17,6762,-77.042728,39.039869
4863,17,6764,-77.044029,39.040535
4863,17,6624,-77.035995,39.035995
4866,6,4088,-77.030237,39.036381
4866,6,29692,-77.028132,39.036075
4866,6,4011,-77.024011,39.033581
4866,6,4085,-77.023435,39.033332
4866,6,28426,-77.024893,39.035091
4866,6,4009,-77.027597,39.036214
4866,6,22556,-77.030216,39.036672
4866,17,2704,-77.025085,39.03318
4866,17,6746,-77.023967,39.034159
4866,17,6748,-77.026475,39.035831
4866,17,101,-77.028089,39.037211
4866,17,6750,-77.030209,39.036667
4866,17,6628,-77.030182,39.0364
4866,17,99,-77.028193,39.037148
4866,17,6634,-77.023994,39.033593
4866,17,2706,-77.025227,39.033206
4866,17,6744,-77.02342,39.033325
4866,17,76,-77.02586,39.036803
4866,17,78,-77.026747,39.037799
4866,17,80,-77.027603,39.039055
4866,17,70,-77.027901,39.039234
4866,17,72,-77.026772,39.037571
4866,17,74,-77.025915,39.036572
4867,6,28412,-77.022302,39.03112
4867,6,22564,-77.021565,39.030106
4867,6,4012,-77.020866,39.029618
4867,6,28413,-77.02191,39.031139
4867,17,6740,-77.020866,39.029655
4867,17,6742,-77.021909,39.031142
4867,17,6636,-77.022255,39.03108
4867,17,6638,-77.0215,39.030116
4876,6,4083,-77.020539,39.026703
4876,6,4014,-77.018979,39.024486
4876,6,4081,-77.017073,39.023099
4876,6,4016,-77.014933,39.021469
4876,6,20596,-77.01352,39.019833
4876,6,4018,-77.011091,39.019022
4876,6,4076,-77.008485,39.018726
4876,6,4020,-77.006791,39.017334
4876,6,4075,-77.006672,39.017734
4876,6,4019,-77.007658,39.018603
4876,6,4077,-77.010499,39.019471
4876,6,1056,-77.011855,39.01988
4876,6,4079,-77.013362,39.020822
4876,6,4080,-77.014941,39.021883
4876,6,4015,-77.01661,39.02311
4876,6,28394,-77.01838,39.024461
4876,6,4013,-77.019921,39.025979
4876,6,1055,-77.013909,39.018767
4876,6,1076,-77.012067,39.020869
4876,6,4017,-77.012619,39.020729
4876,6,4078,-77.013779,39.019488
4876,17,30123,-77.014048,39.018655
4876,17,30124,-77.01231,39.021157
4876,17,1116,-77.013901,39.018803
4876,17,6728,-77.011848,39.019913
4876,17,6730,-77.013342,39.020843
4876,17,6732,-77.014931,39.02186
4876,17,6734,-77.016629,39.023106
4876,17,6736,-77.018401,39.024465
4876,17,6738,-77.019974,39.026019
4876,17,6640,-77.020508,39.026695
4876,17,6642,-77.018991,39.024498
4876,17,6644,-77.017118,39.02315
4876,17,6646,-77.014915,39.021484
4876,17,6648,-77.013563,39.019868
4876,17,1134,-77.01374,39.019534
4876,17,1752,-77.020912,39.025612
4876,17,1754,-77.01975,39.026431
4876,17,1768,-77.019783,39.026566
4876,17,6650,-77.011182,39.01899
4876,17,6652,-77.008513,39.018738
4876,17,6654,-77.006779,39.017342
4876,17,1132,-77.012628,39.020723
4876,17,16027,-77.01207,39.020863
8964,6,4023,-77.002877,39.01224
8964,6,28359,-77.000213,39.009836
8964,6,28361,-76.999939,39.010009
8964,6,28368,-77.002389,39.012064
8964,6,1050,-77.019609,39.007822
8964,6,1051,-77.018531,39.008505
8964,6,1052,-77.017359,39.010363
8964,6,1053,-77.016719,39.012248
8964,6,1072,-77.017049,39.012333
8964,6,1071,-77.017568,39.010796
8964,6,1069,-77.019974,39.007918
8964,6,28347,-77.021363,39.006956
8964,17,6070,-77.0205,39.007931
8964,17,6072,-77.020598,39.007873
8964,17,1144,-77.021363,39.00695
8964,17,1106,-77.019623,39.007818
8964,17,1108,-77.018539,39.008511
8964,17,1110,-77.017357,39.010384
8964,17,1112,-77.016709,39.012265
8964,17,1138,-77.017036,39.012348
8964,17,1140,-77.017568,39.010807
8964,17,1142,-77.019981,39.007931
8964,17,6074,-77.019524,39.0073
8964,17,6712,-76.999989,39.010051
8964,17,2454,-77.003509,39.011806
8964,17,2456,-77.005561,39.010877
8964,17,2458,-77.006865,39.01062
8964,17,2460,-77.008446,39.010372
8964,17,2462,-77.01072,39.009885
8964,17,2464,-77.012497,39.009423
8964,17,2466,-77.014144,39.009216
8964,17,2468,-77.016571,39.008599
8964,17,2470,-77.017769,39.00863
8964,17,2438,-77.016532,39.008513
8964,17,2440,-77.014359,39.009048
8964,17,2442,-77.012824,39.009301
8964,17,2444,-77.01072,39.009772
8964,17,2446,-77.008469,39.010269
8964,17,2448,-77.006848,39.01055
8964,17,2450,-77.005447,39.010826
8964,17,2452,-77.003677,39.011574
8964,17,6662,-77.002662,39.011927
8964,17,6664,-77.001457,39.010689
4880,6,28356,-76.998646,39.008206
4880,6,28346,-76.997757,39.00623
4880,6,4068,-76.997575,39.006644
4880,6,28354,-76.998186,39.008017
4880,17,6706,-76.996919,39.005168
4880,17,6708,-76.997589,39.006638
4880,17,6710,-76.99819,39.007992
4880,17,6668,-76.998641,39.00822
4880,17,6670,-76.997753,39.006236
4880,17,6672,-76.997139,39.00485
19547,6,4065,-76.99579,39.001665
19547,6,4031,-76.995212,38.99893
19547,6,22602,-76.994014,38.997412
19547,6,4033,-76.993023,38.994907
19547,6,4034,-76.991819,38.992817
19547,6,4060,-76.991917,38.99337
19547,6,22606,-76.992723,38.994981
19547,6,22617,-76.993439,38.997149
19547,6,4063,-76.994921,38.999073
19547,6,21846,-76.995346,39.00015
19547,6,4029,-76.995567,39.002473
19547,6,2511,-76.983002,38.999426
19547,6,2578,-76.983307,38.999519
19547,17,2288,-77.003149,38.99668
19547,17,2290,-77.003376,38.997774
19547,17,2292,-77.003869,38.999619
19547,17,2314,-77.003983,38.999608
19547,17,2316,-77.0034,38.997319
19547,17,2318,-77.003091,38.996265
19547,17,4902,-77.004807,38.997219
19547,17,4904,-77.002983,38.998241
19547,17,4906,-77.000946,38.998363
19547,17,4908,-76.999106,38.998569
19547,17,4910,-76.997534,38.998948
19547,17,6700,-76.99536,39.000173
19547,17,6704,-76.995577,39.00247
19547,17,6674,-76.996025,39.00267
19547,17,6676,-76.995781,39.001663
19547,17,4930,-76.996178,38.999542
19547,17,4932,-76.997056,38.999306
19547,17,4934,-76.999078,38.998788
19547,17,10055,-77.000799,38.998545
19547,17,4936,-77.002807,38.998424
19547,17,4938,-77.004051,38.998187
19547,17,4940,-77.005031,38.99721
19547,17,6692,-76.991898,38.993347
19547,17,6694,-76.992738,38.994993
19547,17,6696,-76.993156,38.996437
19547,17,6698,-76.993379,38.997005
19547,17,16022,-76.994911,38.999069
19547,17,3812,-77.00679,38.998351
19547,17,3830,-77.006851,38.998287
19547,17,15554,-76.996189,38.999349
19547,17,6678,-76.995201,38.998947
19547,17,6680,-76.994041,38.997463
19547,17,6682,-76.993332,38.996033
19547,17,6684,-76.993019,38.994915
19547,17,6686,-76.991718,38.992896
19547,17,5686,-76.983696,38.999435
19547,17,7700,-76.985107,39.000408
19547,17,5102,-76.988029,39.000378
19547,17,5104,-76.98952,38.999035
19547,17,5688,-76.990713,38.997152
19547,17,7704,-76.991683,38.996797
19547,17,772,-76.990914,38.999157
19547,17,4926,-76.990959,38.999996
19547,17,4928,-76.992377,38.999859
19547,17,7996,-76.993942,38.999789
19547,17,4912,-76.99418,38.999604
19547,17,4914,-76.992279,38.999634
19547,17,774,-76.990822,38.999415
19547,17,7698,-76.991651,38.996677
19547,17,5682,-76.990578,38.997201
19547,17,5098,-76.988972,38.99924
19547,17,5100,-76.98796,39.00029
19547,17,7702,-76.985176,39.000389
19547,17,5684,-76.983677,38.99932
19547,17,4022,-76.992139,38.992454
19547,17,776,-76.992978,38.992259
19547,17,17220,-76.992759,38.992267
19547,17,4020,-76.991727,38.992502
19547,17,4916,-76.990311,39.000027
19547,17,4918,-76.987281,39.001141
19547,17,4922,-76.986315,39.001345
7008,6,41394,-76.988185,38.990068
7008,6,40044,-76.986682,38.98815
7008,6,28240,-76.985245,38.9873
7008,6,41393,-76.988526,38.989893
7008,6,4037,-76.984634,38.987158
7008,6,2573,-76.986539,38.988314
7008,6,28248,-76.981488,38.987939
7008,6,11,-76.983581,38.98832
7008,6,2433,-76.984757,38.992578
7008,6,2575,-76.986909,38.992723
7008,6,42444,-76.988208,38.989676
7008,6,2502,-76.988925,38.981214
7008,6,2503,-76.988267,38.98308
7008,6,2504,-76.988114,38.984426
7008,6,2571,-76.987887,38.986224
7008,6,2431,-76.986621,38.992658
7008,6,4035,-76.987748,38.989805
7008,6,31553,-76.9881,38.98712
7008,6,2505,-76.988275,38.985684
7008,6,2570,-76.988553,38.983555
7008,6,31552,-76.989301,38.981255
7008,17,17588,-76.987856,38.991062
7008,17,9020,-76.988937,38.981199
7008,17,9022,-76.988266,38.983105
7008,17,9024,-76.988109,38.984388
7008,17,9026,-76.987896,38.986244
7008,17,14529,-76.987781,38.987238
7008,17,6690,-76.989271,38.990632
7008,17,4452,-76.986629,38.992627
7008,17,4498,-76.986901,38.992728
7008,17,4500,-76.987507,38.991252
7008,17,4502,-76.987733,38.989831
7008,17,8980,-76.988095,38.987115
7008,17,8982,-76.988262,38.985716
7008,17,8984,-76.988576,38.983601
7008,17,8986,-76.988965,38.982038
7008,17,8988,-76.989269,38.981293
7008,17,17587,-76.98773,38.990746
7008,19,893,-76.98154,38.987946
7008,19,892,-76.983544,38.9883
7008,19,1637,-76.988371,38.989878
7008,19,1044,-76.986006,38.992725
7008,19,1043,-76.984558,38.992333
7008,19,17,-76.983918,38.98844
7008,19,894,-76.98144,38.987821
7557,6,12,-76.981019,38.984774
7557,6,4040,-76.977676,38.983396
7557,6,4053,-76.978513,38.98376
7557,6,29689,-76.980334,38.984623
7557,6,29690,-76.982022,38.985629
7557,6,3280,-76.979413,38.982974
7557,6,28220,-76.97901,38.980886
7557,6,3278,-76.978706,38.979677
7557,6,28214,-76.978363,38.979757
7557,6,28221,-76.978801,38.981409
7557,6,13,-76.981371,38.985571
7557,6,3283,-76.975103,38.988265
7557,6,3250,-76.975911,38.986722
7557,6,3251,-76.978331,38.984897
7557,6,3281,-76.977091,38.985338
7557,6,3282,-76.975482,38.987142
7557,6,3249,-76.974952,38.988202
7557,19,1527,-76.976572,38.983773
7557,19,1532,-76.978512,38.983763
7557,19,1533,-76.980331,38.984626
7557,19,24,-76.98137441,38.98557842
7557,19,25,-76.981441,38.985842
7557,19,1531,-76.981042,38.984717
7557,19,1530,-76.977733,38.98341
7557,19,1526,-76.976216,38.983535
7675,6,40314,-76.970957,38.984114
7675,6,4050,-76.971141,38.984294
7675,6,26,-76.970777,38.979556
7675,6,12582,-76.971012,38.981318
7675,6,47352,-76.971278,38.983385
7675,6,10242,-76.971431,38.983527
7675,6,40266,-76.971305,38.982461
7675,6,28215,-76.970951,38.979661
7675,19,37,-76.970779,38.979558
7675,19,34,-76.971005,38.981316
7675,19,38,-76.971226,38.982873
7675,19,43,-76.97128,38.983396
7675,19,1529,-76.97312,38.98411
7675,19,1528,-76.973313,38.983796
7675,19,1525,-76.97168,38.983973
7675,19,39,-76.971454,38.98338
7675,19,33,-76.970947,38.97966
4892,6,4046,-76.967393,38.98439
4892,6,4049,-76.96712,38.984675
4893,6,4047,-76.958008,38.98533
4893,6,4048,-76.958807,38.985462
4894,6,40380,-76.950232,38.991748
4895,6,40381,-76.947755,38.991877
4896,6,40382,-76.945493,38.990597
4897,6,40383,-76.940807,38.989405
4898,6,849,-76.93856,38.987829
4898,6,846,-76.93951,38.987744
23291,6,28900,-76.915285,38.997993
23291,6,1759,-76.911603,38.999382
23291,6,1772,-76.911842,38.999465
23291,6,28317,-76.913804,38.998237
23291,6,28315,-76.908739,38.998075
23291,6,28953,-76.907526,38.998577
23291,6,28951,-76.909563,38.998388
23291,6,13294,-76.91168,38.998062
23291,8,2561246,-76.911842,38.999445
23291,19,174,-76.911605,38.995871
23291,19,171,-76.911941,38.997539
23291,19,586,-76.911552,38.999652
23291,19,587,-76.911842,38.999442
23291,19,172,-76.912028,38.99732
23291,19,175,-76.911727,38.995818
4902,6,859,-76.909743,39.002049
4902,6,766,-76.909571,39.001284
4902,6,765,-76.907603,39.001128
4902,6,767,-76.907739,39.001218
4902,6,31642,-76.909767,39.001377
4902,8,2561247,-76.909999,39.002103
4902,19,442,-76.90957682,39.00124164
4902,19,444,-76.907633,39.001084
4902,19,445,-76.907793,39.001223
4902,19,443,-76.909864,39.001406
4903,6,10331,-76.907625,39.004904
4904,6,171,-76.906041,39.007011
4904,6,28674,-76.905218,39.00851
4904,6,31650,-76.905573,39.007173
4904,6,31645,-76.905513,39.006989
4904,8,2561248,-76.905217,39.008509
4904,19,1436,-76.905586,39.007192
4904,19,590,-76.905219,39.008509
4904,19,1435,-76.905506,39.006998
4944,6,28241,-76.945816,38.98738
4945,6,14650,-76.953006,38.985081
4957,6,3625,-76.889211,38.887505
4957,6,933,-76.886535,38.887541
4957,6,29355,-76.8843,38.887514
4957,6,29381,-76.882119,38.888053
4957,6,958,-76.883877,38.887804
4957,6,957,-76.886844,38.887809
4957,6,3626,-76.889366,38.887766
4957,19,559,-76.889202,38.887503
4957,19,561,-76.886521,38.887538
4957,19,1214,-76.884159,38.888078
4957,19,1215,-76.884275,38.887937
4957,19,562,-76.88684,38.887809
4957,19,560,-76.88821,38.887803
4959,6,931,-76.87865,38.888418
4959,6,27076,-76.876503,38.888569
4959,6,955,-76.878226,38.888689
4959,6,29380,-76.876986,38.887448
4959,6,3636,-76.877168,38.887519
4959,6,3628,-76.877381,38.88938
4959,19,1555,-76.876482,38.887422
4959,19,1556,-76.876808,38.887731
4962,6,27084,-76.872754,38.88878
4962,6,937,-76.86936,38.889007
4962,6,961,-76.870681,38.88918
4962,6,29521,-76.872542,38.889065
4963,6,938,-76.865679,38.889339
4963,6,962,-76.865417,38.889648
23934,6,27110,-76.861737,38.889717
23934,6,940,-76.859678,38.889895
23934,6,964,-76.859264,38.890248
23934,6,27157,-76.86175,38.890004
23934,19,573,-76.861743,38.889719
23934,19,568,-76.859658,38.889893
23934,19,570,-76.859269,38.890249
23934,19,564,-76.861755,38.890009
23934,19,1324,-76.861227,38.886634
23934,19,1302,-76.86202,38.888443
23934,19,1303,-76.861952,38.887881
23934,19,1325,-76.861465,38.886638
4966,6,9249,-76.851988,38.891961
4966,6,9246,-76.852784,38.891942
4966,19,463,-76.851993,38.891958
4966,19,464,-76.852786,38.891941
4967,6,27231,-76.851079,38.89437
4967,6,29524,-76.851503,38.896049
4967,6,29520,-76.851743,38.896008
4967,6,27228,-76.851227,38.894129
4967,19,107,-76.851074,38.894365
4967,19,121,-76.851496,38.896028
4967,19,116,-76.851735,38.896003
4967,19,106,-76.851222,38.894122
4969,6,9250,-76.852823,38.899072
4969,6,27359,-76.853347,38.899787
4969,19,455,-76.852822,38.899084
4969,19,456,-76.853343,38.899783
4970,6,29525,-76.853174,38.902199
4970,6,40026,-76.853166,38.903141
4970,6,31603,-76.853391,38.903147
4970,6,31602,-76.853398,38.901851
4970,19,453,-76.853177,38.902199
4970,19,222,-76.853201,38.903101
4970,19,469,-76.85339,38.903139
4970,19,454,-76.85338304,38.90181118
4970,19,470,-76.85381888,38.90344246
4972,6,29526,-76.852783,38.906997
4972,6,12993,-76.853132,38.906761
4972,19,450,-76.852806,38.906997
4972,19,451,-76.853137,38.906752
4973,6,13051,-76.84713,38.905788
4973,19,320,-76.847042,38.906066
4973,19,319,-76.847135,38.905809
4976,6,29527,-76.841268,38.90444
4976,6,14992,-76.840636,38.905624
4976,6,29528,-76.838412,38.905095
4976,6,29519,-76.838556,38.905309
4976,6,8885,-76.841667,38.904383
4976,19,307,-76.83853142,38.90530559
4976,19,305,-76.8402,38.905727
4976,19,304,-76.84062591,38.90561514
4976,19,306,-76.838413,38.905096
4977,6,29529,-76.83733,38.903388
4977,6,14789,-76.837936,38.901656
4977,6,29518,-76.837618,38.901283
4977,6,8897,-76.836877,38.903561
4977,19,302,-76.836927,38.903508
4977,19,303,-76.837327,38.903387
4979,6,27369,-76.836767,38.899519
4979,6,27334,-76.836004,38.898176
4979,6,29517,-76.836578,38.899664
4981,6,8439,-76.838416,38.896436
4981,6,29512,-76.840189,38.896526
4981,6,29516,-76.839049,38.896088
23701,6,14781,-76.843027,38.897639
23701,19,992,-76.841642,38.9015
23701,19,986,-76.841821,38.899724
23701,19,988,-76.842435,38.89816
23701,19,987,-76.842113,38.898099
23701,19,221,-76.84145693,38.89962483
23701,19,991,-76.841324,38.901551
4984,6,29513,-76.846006,38.898439
4984,6,29543,-76.845999,38.899727
4984,6,29515,-76.846396,38.898296
4984,6,29514,-76.845672,38.899971
4984,6,4697,-76.844652,38.900502
4984,19,978,-76.846388,38.900096
4984,19,977,-76.846156,38.900272
4987,6,12972,-76.843615,38.895652
4988,6,27198,-76.838382,38.892476
4988,6,27197,-76.838026,38.892525
4989,6,744,-76.835372,38.891377
4989,6,27177,-76.835444,38.891517
4990,6,27185,-76.830838,38.891824
4990,6,27188,-76.830898,38.892021
23696,6,27093,-76.830088,38.889221
23696,6,27087,-76.831803,38.888982
23696,6,27078,-76.833298,38.888637
23696,6,27050,-76.835786,38.886963
23696,6,27064,-76.835228,38.887714
23696,6,27072,-76.833211,38.888358
23696,6,27081,-76.83161,38.888727
23696,6,27086,-76.830509,38.888892
23696,19,628,-76.82891908,38.88759876
23696,19,536,-76.8288143,38.88906573
23696,19,531,-76.82643306,38.88951561
23696,19,532,-76.826799,38.889725
23696,19,1220,-76.82916,38.887479
23696,19,533,-76.835078,38.88775
23696,19,1,-76.833206,38.88835
23696,19,3,-76.831607,38.888724
23696,19,4,-76.830454,38.888898
23696,19,537,-76.829098,38.88931
23696,19,538,-76.830087,38.889222
23696,19,539,-76.83182672,38.88897784
23696,19,2,-76.833301,38.888634
23696,19,833,-76.835818,38.886977
4995,6,27011,-76.833255,38.883981
4995,6,27015,-76.833154,38.884357
4995,19,135,-76.8332,38.884399
4995,19,136,-76.833253,38.884016
4996,6,26982,-76.830883,38.881975
4996,6,29542,-76.830699,38.882249
4996,19,168,-76.830703,38.882243
4996,19,169,-76.830877,38.88196
4997,6,47141,-76.827669,38.879238
4997,6,47142,-76.827525,38.879443
4997,19,834,-76.828036,38.878934
4997,19,835,-76.828203,38.878588
4998,6,10910,-76.82435,38.87966
4998,6,10911,-76.82435,38.879824
4999,6,10912,-76.820599,38.879353
4999,6,10915,-76.820756,38.879611
5000,6,10916,-76.816969,38.878139
5000,6,10917,-76.816881,38.878301
5001,6,10918,-76.812238,38.878553
5001,6,10919,-76.812542,38.878649
5001,19,952,-76.810261,38.878843
5001,19,965,-76.811504,38.879412
5005,6,2089,-76.814095,38.884529
5005,6,2088,-76.81258,38.885436
5005,6,29531,-76.811199,38.886371
5005,6,29532,-76.80932,38.888434
5005,6,1975,-76.809602,38.888396
5005,6,29511,-76.810915,38.886919
5005,6,1976,-76.812495,38.885699
5005,6,12227,-76.813903,38.884853
5005,19,960,-76.813854,38.883889
5005,19,970,-76.814313,38.883766
5009,6,29533,-76.808153,38.890635
5009,6,1956,-76.807701,38.892358
5009,6,1916,-76.807299,38.893857
5009,6,29534,-76.807008,38.89591
5009,6,1897,-76.807213,38.895833
5009,6,1919,-76.807295,38.89474
5009,6,1955,-76.807905,38.892405
5009,6,1970,-76.808462,38.890254
5010,6,2087,-76.806584,38.897842
5011,6,27341,-76.799004,38.898847
5011,6,27348,-76.799045,38.899151
5012,6,943,-76.793465,38.899746
5012,6,967,-76.794132,38.900034
5014,6,4229,-76.790813,38.897888
5014,6,4230,-76.78927,38.896313
5014,6,748,-76.787356,38.896225
5014,6,4231,-76.788968,38.896466
5014,6,746,-76.790244,38.897803
5016,6,749,-76.784749,38.894888
5017,6,750,-76.781514,38.8944
5017,6,29539,-76.779597,38.894537
5017,6,1819,-76.778226,38.893145
5020,6,1801,-76.776434,38.891903
5020,6,29540,-76.777905,38.891133
5022,6,1888,-76.780477,38.890837
5023,6,747,-76.784248,38.890185
5026,6,944,-76.780682,38.900201
5026,6,968,-76.782417,38.900489
5027,6,29535,-76.775421,38.900634
5027,6,29510,-76.776368,38.900875
5028,6,29536,-76.770944,38.90093
5028,6,29509,-76.770322,38.901272
5029,6,29537,-76.765179,38.901223
5029,6,27382,-76.765205,38.901514
5030,6,970,-76.757002,38.901842
5030,6,946,-76.756421,38.90224
5031,6,29538,-76.751995,38.902234
5031,6,27395,-76.753457,38.902399
5032,6,45617,-76.742503,38.902599
5032,6,29508,-76.742312,38.903451
5033,6,41184,-76.732393,38.901045
5065,6,42499,-76.844881,38.904821
5073,6,966,-76.854708,38.890692
5073,19,557,-76.854676,38.890694
5073,19,565,-76.85596338,38.89025538
5073,19,814,-76.853579,38.889511
5073,19,815,-76.85292,38.888317
5073,19,813,-76.852715,38.888313
5085,6,29507,-76.738062,38.903793
19058,6,29698,-77.120105,39.062288
19058,6,28470,-77.117765,39.061485
19058,6,2872,-77.115365,39.061447
19058,6,2853,-77.113001,39.061444
19058,6,28467,-77.111697,39.060427
19058,6,3969,-77.120858,39.062176
19058,6,28468,-77.111508,39.06063
19058,6,2871,-77.113633,39.061724
19058,6,28471,-77.115327,39.061674
19058,6,2854,-77.117134,39.061655
19058,17,5556,-77.124163,39.062236
19058,17,5594,-77.123632,39.06118
19058,17,4300,-77.125534,39.052559
19058,17,4302,-77.12297,39.05269
19058,17,4304,-77.119864,39.052844
19058,17,17459,-77.118063,39.053019
19058,17,5606,-77.116143,39.052016
19058,17,5546,-77.115142,39.051166
19058,17,17471,-77.117058,39.053217
19058,17,4306,-77.117916,39.053151
19058,17,4308,-77.120313,39.052993
19058,17,4310,-77.121916,39.052916
19058,17,4311,-77.124748,39.052773
19058,17,4312,-77.126966,39.052867
19058,17,6582,-77.119475,39.061779
19058,17,6528,-77.11631,39.062214
19058,17,102,-77.117985,39.064902
19058,17,104,-77.118301,39.066563
19058,17,122,-77.118436,39.066824
19058,17,124,-77.118163,39.064858
19058,17,6578,-77.116484,39.061845
19058,17,4820,-77.117143,39.061683
19058,17,8424,-77.119949,39.062153
19058,17,6530,-77.115822,39.063946
19058,17,6576,-77.116201,39.063998
19058,17,5548,-77.11783,39.054922
19058,17,5552,-77.119232,39.05648
19058,17,9738,-77.119987,39.05738
19058,17,5554,-77.1223,39.0601
19058,17,6586,-77.120438,39.061829
19058,17,3216,-77.123563,39.061942
19058,17,7738,-77.12122,39.061213
19058,17,5596,-77.122029,39.059365
19058,17,5598,-77.120833,39.057967
19058,17,5600,-77.119424,39.056276
19058,17,5602,-77.118569,39.055221
19058,17,5604,-77.117574,39.053953
19058,17,3414,-77.126297,39.051777
19058,17,3416,-77.126263,39.049798
19058,17,2038,-77.12481,39.048514
19058,17,3392,-77.126026,39.050259
19058,17,3394,-77.125944,39.053234
19058,17,8228,-77.125998,39.055176
19058,17,3396,-77.12616,39.057003
19058,17,3398,-77.126469,39.059257
19058,17,3212,-77.126717,39.060337
19058,17,3214,-77.124452,39.061484
19058,17,6588,-77.120886,39.061803
19058,17,3218,-77.123581,39.062182
19058,17,3220,-77.124749,39.061605
19058,17,3222,-77.126336,39.060767
19058,17,3408,-77.126506,39.058657
19058,17,3410,-77.126408,39.056844
19058,17,3412,-77.126201,39.054071
19058,17,8628,-77.111515,39.060629
19058,17,8630,-77.113626,39.061724
19058,17,8632,-77.115315,39.061685
19058,17,6580,-77.119797,39.062016
19058,17,8420,-77.115371,39.061466
19058,17,8422,-77.113083,39.061375
19058,17,8426,-77.111684,39.060435
19058,17,9222,-77.127449,39.060436
19058,17,964,-77.120506,39.060715
19058,17,7736,-77.121068,39.061287
5098,6,2855,-77.108969,39.056542
5098,6,2867,-77.107558,39.055903
5098,6,2858,-77.10737,39.056013
5098,6,2870,-77.109048,39.056744
5098,17,8620,-77.106721,39.054467
5098,17,8622,-77.107376,39.056026
5098,17,8624,-77.109047,39.056744
5098,17,8626,-77.110306,39.058044
5098,17,8428,-77.110399,39.057897
5098,17,8430,-77.108976,39.056549
5098,17,8432,-77.107567,39.055908
5098,17,8434,-77.106939,39.054516
5100,6,3136,-77.10345,39.053492
5100,6,3135,-77.103987,39.053675
5100,17,8618,-77.103988,39.0537
5100,17,8436,-77.103437,39.053492
5101,6,3134,-77.099467,39.053692
5101,6,3137,-77.099182,39.053851
5101,17,8616,-77.099073,39.053854
5101,17,8438,-77.099519,39.053667
5102,6,3133,-77.094475,39.053826
5102,6,29697,-77.09466,39.054004
5102,17,8614,-77.094651,39.054017
5102,17,8440,-77.094461,39.053838
7451,6,3132,-77.089852,39.053292
7451,6,3130,-77.086296,39.054355
7451,6,3142,-77.084021,39.055045
7451,6,28459,-77.0837,39.055594
7451,6,3141,-77.086108,39.054725
7451,6,3139,-77.089807,39.053563
7451,6,4137,-77.082849,39.056484
7451,6,4175,-77.084765,39.057564
7451,6,4174,-77.086068,39.058295
7451,6,4139,-77.086394,39.058219
7451,6,4138,-77.084636,39.057175
7451,6,3128,-77.08307,39.056265
7451,17,8060,-77.082853,39.056497
7451,17,8062,-77.084862,39.057625
7451,17,8064,-77.086038,39.058305
7451,17,7876,-77.086597,39.05834
7451,17,7878,-77.08461,39.057198
7451,17,7880,-77.083061,39.056271
7451,17,8602,-77.07819,39.05763
7451,17,8604,-77.0798,39.057625
7451,17,8606,-77.081982,39.056708
7451,17,9384,-77.083616,39.055642
7451,17,8608,-77.086094,39.054757
7451,17,8610,-77.087277,39.053878
7451,17,8612,-77.089791,39.053563
7451,17,8442,-77.089785,39.053312
7451,17,8444,-77.087583,39.053405
7451,17,8446,-77.086264,39.054345
7451,17,8448,-77.083969,39.055069
7451,17,8450,-77.081975,39.05637
7451,17,8452,-77.080139,39.057304
7451,17,8454,-77.078201,39.057377
5106,6,4136,-77.079742,39.054465
5106,6,4177,-77.080019,39.054851
5106,17,8058,-77.080031,39.054883
5106,17,7882,-77.079625,39.05456
5108,6,4135,-77.077216,39.053037
5108,6,4134,-77.075085,39.051634
5108,6,4180,-77.075476,39.052245
5108,6,4179,-77.077153,39.053281
5108,17,2236,-77.078011,39.052437
5108,17,2228,-77.07711,39.0527
5108,17,6824,-77.075087,39.051646
5108,17,2230,-77.077469,39.052666
5108,17,8054,-77.075485,39.052261
5108,17,8056,-77.077138,39.053305
5108,17,7886,-77.077309,39.053082
5109,6,4133,-77.07256,39.050162
5109,6,4182,-77.070954,39.049455
5109,6,4183,-77.069236,39.048307
5109,6,4131,-77.068987,39.048474
5109,6,29696,-77.07142,39.04996
5109,17,6814,-77.069016,39.0485
5109,17,17540,-77.068663,39.049019
5109,17,17545,-77.067509,39.05019
5109,17,17541,-77.066351,39.051368
5109,17,6826,-77.072563,39.050171
5109,17,6828,-77.070976,39.049454
5109,17,6816,-77.071362,39.049953
5109,17,6830,-77.069477,39.048539
5112,6,4185,-77.064994,39.044893
5112,6,4186,-77.063305,39.044027
5112,6,4128,-77.062899,39.044065
5112,6,4129,-77.064685,39.04506
5112,17,4516,-77.065422,39.04475
5112,17,4522,-77.065582,39.044807
5112,17,6834,-77.064923,39.044885
5112,17,6836,-77.063332,39.044056
5112,17,6808,-77.062866,39.044052
5112,17,6810,-77.064613,39.045036
7563,6,3277,-76.978454,38.976602
7563,6,3256,-76.979153,38.97506
7563,6,29702,-76.978925,38.971333
7563,6,28141,-76.976805,38.969968
7563,6,28143,-76.977314,38.970385
7563,6,28155,-76.978492,38.971344
7563,6,3275,-76.979192,38.974112
7563,6,3276,-76.978184,38.976041
7563,6,28175,-76.98049,38.972536
7563,6,28177,-76.980657,38.972969
7563,6,28179,-76.979575,38.973224
7563,6,28161,-76.9803,38.971569
7563,6,3272,-76.981706,38.970355
7563,6,3271,-76.985327,38.969069
7563,6,40039,-76.983655,38.969626
7563,6,3259,-76.981551,38.970135
7563,6,1324,-76.979742,38.971664
5124,6,28138,-76.974057,38.969165
5124,6,28139,-76.974018,38.969464
5124,6,17,-76.972696,38.96973
5124,6,18,-76.972819,38.96976
5124,19,40,-76.972674,38.969748
5124,19,41,-76.972829,38.969762
5125,6,28131,-76.961981,38.968321
5125,6,28128,-76.962231,38.968034
5125,6,40027,-76.962622,38.966905
5125,6,40025,-76.963065,38.967223
5125,19,715,-76.962635,38.966918
5125,19,716,-76.961683,38.967152
5126,6,2451,-76.960664,38.9701
5126,6,14657,-76.960844,38.970127
5132,6,9360,-77.164761,39.11999
5132,6,29775,-77.164982,39.119839
5132,15,11915,-77.163407,39.120179
5132,17,14601,-77.163278,39.120751
5132,17,6012,-77.16497,39.119838
5132,17,6006,-77.163467,39.120659
5132,17,14776,-77.164734,39.119559
17633,6,7993,-77.146381,39.084684
17633,6,42928,-77.147853,39.085002
17633,6,29779,-77.15017,39.087792
17633,6,29780,-77.151315,39.089159
17633,6,1294,-77.153035,39.091757
17633,6,28517,-77.153049,39.090924
17633,6,28516,-77.151881,39.089348
17633,6,1796,-77.150691,39.087923
17633,6,42929,-77.146608,39.084309
17633,15,11954,-77.145835,39.08414
17633,17,5656,-77.146435,39.084185
17633,17,3012,-77.157137,39.083549
17633,17,4178,-77.154954,39.084132
17633,17,4086,-77.152135,39.084965
17633,17,4088,-77.149423,39.085019
17633,17,5652,-77.14595,39.08535
17633,17,4090,-77.149208,39.085236
17633,17,4092,-77.151792,39.085121
17633,17,4182,-77.153389,39.084232
17633,17,4184,-77.154686,39.084202
17633,17,3014,-77.157509,39.083488
17633,17,4140,-77.151634,39.077737
17633,17,4142,-77.150922,39.078975
17633,17,4144,-77.150071,39.080452
17633,17,4146,-77.149284,39.081657
17633,17,4148,-77.148877,39.083344
17633,17,5662,-77.147073,39.084753
17633,17,4150,-77.148989,39.083106
17633,17,4152,-77.149551,39.081627
17633,17,4154,-77.150206,39.080539
17633,17,4156,-77.15097,39.07917
17633,17,4158,-77.151756,39.077766
17633,17,232,-77.141743,39.083671
17633,17,6170,-77.144074,39.083884
17633,17,17286,-77.151909,39.086155
17633,17,6936,-77.153571,39.088524
17633,17,6938,-77.153625,39.09034
17633,17,6940,-77.153724,39.091212
17633,17,6942,-77.153836,39.089
17633,17,17372,-77.151466,39.087006
17633,17,17285,-77.15107,39.086034
17633,17,6198,-77.144088,39.083798
17633,17,198,-77.142163,39.083337
17633,17,5654,-77.146126,39.083916
17633,17,3400,-77.150808,39.082747
17633,17,6930,-77.152809,39.08382
17633,17,6932,-77.152859,39.085416
17633,17,6934,-77.152874,39.086761
17633,17,6944,-77.153076,39.086671
17633,17,6946,-77.153053,39.085236
17633,17,6948,-77.152983,39.083938
17633,17,3406,-77.151483,39.082835
17633,17,6134,-77.143333,39.093356
17633,17,7818,-77.14363,39.092662
17633,17,7820,-77.143448,39.090599
17633,17,7822,-77.143379,39.088894
17633,17,8214,-77.14476,39.086235
17633,17,8216,-77.146261,39.085258
17633,17,7816,-77.14354,39.086834
17633,17,8208,-77.143246,39.088603
17633,17,8210,-77.143326,39.09039
17633,17,8212,-77.143441,39.09237
17633,17,6132,-77.143188,39.093342
17633,17,5660,-77.146918,39.084619
17633,17,3402,-77.15454,39.083207
17633,17,4186,-77.159337,39.084319
17633,17,4188,-77.162319,39.084873
17633,17,4172,-77.162064,39.084721
17633,17,4174,-77.160759,39.084498
17633,17,4176,-77.159027,39.084187
17633,17,3404,-77.154454,39.083063
17633,17,14775,-77.14627,39.084041
17633,17,2272,-77.150659,39.081048
17633,17,3886,-77.153082,39.080401
17633,17,3884,-77.152525,39.08053
17633,17,2270,-77.150939,39.080978
17633,17,5650,-77.145979,39.085164
17633,17,6172,-77.14669,39.085724
17633,17,6174,-77.147706,39.0873
17633,17,6176,-77.14824,39.088609
17633,17,6178,-77.148903,39.090223
17633,17,6180,-77.149506,39.091679
17633,17,6182,-77.15006,39.093057
17633,17,6184,-77.150595,39.094344
17633,17,2676,-77.146643,39.094859
17633,17,2678,-77.144782,39.094878
17633,17,2680,-77.14447,39.095142
17633,17,2682,-77.145897,39.094933
17633,17,2684,-77.147575,39.095005
17633,17,2686,-77.149246,39.094799
17633,17,6186,-77.150664,39.094245
17633,17,6188,-77.150187,39.092993
17633,17,6190,-77.149696,39.091662
17633,17,6192,-77.149021,39.089996
17633,17,6194,-77.148451,39.088639
17633,17,6196,-77.147971,39.087485
5135,6,22094,-77.112825,39.047101
5135,17,5542,-77.113201,39.048142
5135,17,5610,-77.113209,39.047381
20168,6,2640,-77.096855,38.999029
20168,6,4387,-77.094187,38.984333
20168,6,29756,-77.097939,38.999245
20168,6,4399,-77.096526,38.994431
20168,6,29723,-77.098513,38.992655
20168,6,29724,-77.101121,38.992403
20168,6,20194,-77.10278,38.991751
20168,6,2707,-77.103897,38.990696
20168,6,2710,-77.107331,38.992893
20168,6,22064,-77.097061,38.998697
20168,6,4393,-77.09605,38.992263
20168,6,4392,-77.095731,38.990745
20168,6,16109,-77.095232,38.988402
20168,6,4390,-77.094749,38.986174
20168,6,29735,-77.094404,38.984188
20168,6,21537,-77.095253,38.98342
20168,6,1981,-77.09145,38.983941
20168,6,29739,-77.09093,38.985147
20168,6,29740,-77.092159,38.984979
20168,6,29747,-77.094538,38.984196
20168,6,2703,-77.096196,38.986032
20168,6,16217,-77.095966,38.988021
20168,6,16110,-77.095053,38.988862
20168,6,28261,-77.095349,38.990233
20168,6,4401,-77.095632,38.991559
20168,6,4400,-77.096008,38.993326
20168,6,16218,-77.096251,38.994721
20168,6,4398,-77.096348,38.995938
20168,15,13592,-77.096788,38.999948
20168,17,4010,-77.098091,38.99935
20168,17,7304,-77.101234,38.987255
20168,17,7306,-77.099105,38.987293
20168,17,4728,-77.098391,38.987188
20168,17,17635,-77.097046,38.98595
20168,17,306,-77.095451,38.984797
20168,17,308,-77.095367,38.984798
20168,17,4654,-77.09623,38.986031
20168,17,4656,-77.097023,38.986519
20168,17,7308,-77.099275,38.987384
20168,17,7310,-77.100685,38.987343
20168,17,7312,-77.103186,38.987301
20168,17,4658,-77.098196,38.987235
20168,17,4006,-77.098483,38.999503
20168,17,4008,-77.098316,38.999361
20168,17,5504,-77.096791,38.999949
20168,17,4660,-77.099747,38.988159
20168,17,4662,-77.101987,38.989556
20168,17,4664,-77.103855,38.990681
20168,17,4670,-77.107323,38.992897
20168,17,5646,-77.096879,38.998709
20168,17,5648,-77.096809,38.997086
20168,17,7600,-77.097237,38.992954
20168,17,242,-77.098516,38.992651
20168,17,244,-77.101103,38.992402
20168,17,246,-77.102683,38.991718
20168,17,4722,-77.10317,38.990023
20168,17,4724,-77.101576,38.989138
20168,17,4726,-77.100105,38.988162
20168,17,3336,-77.108322,38.992802
20168,17,3334,-77.107663,38.992793
20168,17,4718,-77.106411,38.992
20168,17,4720,-77.105225,38.991261
20168,17,7378,-77.093193,38.982491
20168,17,300,-77.095447,38.984762
20168,17,234,-77.103036,38.991002
20168,17,236,-77.102096,38.992148
20168,17,17634,-77.100672,38.99228
20168,17,240,-77.098572,38.992512
20168,17,7598,-77.097011,38.993247
20168,17,17636,-77.096456,38.984186
20168,17,4164,-77.095245,38.983372
20168,17,7386,-77.093639,38.982796
20168,17,132,-77.098351,38.981873
20168,17,134,-77.09848,38.983597
20168,17,9916,-77.097509,38.984714
20168,17,4716,-77.107982,38.993185
18022,6,21029,-77.042901,39.014898
18022,6,21011,-77.042643,39.015983
18022,6,21030,-77.043068,39.016112
18022,17,2430,-77.040259,39.015957
18022,17,2406,-77.041854,39.015793
18022,17,15276,-77.045004,39.015794
18022,17,2404,-77.040068,39.015849
18022,17,15272,-77.045546,39.015768
18022,17,2374,-77.042181,39.015557
18022,17,2376,-77.039854,39.015763
5155,6,16051,-77.053576,39.061819
5155,6,45618,-77.049929,39.058989
5155,6,28755,-77.053377,39.062198
5155,6,1591,-77.054932,39.063354
5155,6,28754,-77.052929,39.062389
5155,6,1654,-77.051342,39.060197
5155,17,9182,-77.052361,39.062294
5155,17,9180,-77.052199,39.062168
5155,17,9976,-77.050686,39.061294
5155,17,10002,-77.050987,39.062012
5155,17,8582,-77.047597,39.059344
5155,17,14569,-77.049591,39.058376
5155,17,2790,-77.049868,39.058914
5155,17,9190,-77.052557,39.061839
5155,17,8294,-77.051252,39.060271
5155,17,2842,-77.050335,39.058563
5155,17,8585,-77.051747,39.057689
5155,17,8469,-77.051685,39.057393
5155,17,8472,-77.049003,39.058149
5155,17,8474,-77.047318,39.059177
5155,17,9184,-77.052521,39.06242
5155,17,8280,-77.054885,39.063337
5155,17,8290,-77.055069,39.063084
5155,17,9192,-77.053091,39.061993
8402,6,10776,-77.0753,38.793821
8402,6,48238,-77.076207,38.792771
8402,6,29332,-77.075013,38.795364
8402,6,29325,-77.075064,38.795238
8402,6,46760,-77.07506,38.795301
8402,6,10782,-77.072351,38.794846
8402,6,28581,-77.07088,38.794202
8402,6,6459,-77.071073,38.794487
8402,6,13255,-77.072348,38.795076
8402,18,71,-77.075053,38.794833
8402,18,865,-77.07656,38.79707
8402,18,2416,-77.07017,38.79405
8402,18,2422,-77.07228,38.79504
8402,18,3277,-77.07501,38.795365
8402,18,861,-77.07655,38.79685
8402,18,55,-77.076025,38.792322
8402,18,2425,-77.0741,38.79565
8402,18,854,-77.07235,38.79485
8402,18,855,-77.07087,38.79419
8402,18,2412,-77.06921,38.79344
8402,18,2304,-77.076058,38.792135
8402,18,72,-77.074858,38.795373
8402,18,56,-77.076203,38.792776
8402,18,73,-77.07492,38.795775
5159,6,9838,-77.043259,38.852274
5159,6,29323,-77.04281,38.852175
5168,6,11886,-76.969055,38.955445
5168,6,29549,-76.968482,38.956094
5168,6,29550,-76.967954,38.956045
5168,6,28931,-76.968237,38.955955
5168,19,1566,-76.9681745276127,38.9564432572518
5168,19,1110535,-76.9683668017387,38.956386601997
5171,6,39928,-77.339847,38.947676
5171,10,389,-77.338739,38.946502
5171,18,3069,-77.338472,38.94855
5171,18,1841,-77.339283,38.948773
5171,18,3074,-77.339026,38.948521
5171,18,3071,-77.338073,38.948411
5171,18,3072,-77.338365,38.948309
5171,18,3172,-77.339053,38.946516
5171,18,3073,-77.338757,38.948443
5171,18,2353,-77.339293,38.946783
5171,18,3171,-77.33925,38.946618
5171,18,3134,-77.338572,38.948388
5171,18,3070,-77.338272,38.948471
5172,6,39927,-77.24088,38.928544
5172,18,3205,-77.241406,38.929246
5172,18,1701,-77.24168,38.9306
5172,18,3204,-77.241308,38.929143
5172,18,3206,-77.241497,38.929341
5172,18,3207,-77.241596,38.929436
5180,6,12900,-77.00589,38.885014
8116,6,25426,-76.946804,38.898571
8116,6,27314,-76.947358,38.897546
8116,6,5972,-76.945583,38.899464
8116,6,5958,-76.944425,38.900398
8116,6,5957,-76.942158,38.902215
8116,6,6767,-76.939953,38.902791
8116,6,6766,-76.938511,38.902686
8116,6,6765,-76.936799,38.902711
8116,6,6764,-76.934096,38.902829
8116,6,6763,-76.931936,38.902949
8116,6,6762,-76.929393,38.903478
8116,6,27434,-76.929972,38.903596
8116,6,27429,-76.931482,38.903166
8116,6,27424,-76.934563,38.902952
8116,6,27419,-76.937015,38.902832
8116,6,27421,-76.938973,38.902843
8116,6,27426,-76.940918,38.902999
8116,6,4729,-76.943189,38.901568
8116,6,5973,-76.944173,38.900782
8116,6,5959,-76.945979,38.899343
8116,6,28659,-76.946833,38.898529
8116,6,39859,-76.947157,38.898275
8116,6,28996,-76.947021,38.897929
8116,6,27418,-76.944995,38.902763
8116,6,28750,-76.946495,38.901599
8116,6,40054,-76.947725,38.900617
8116,6,28744,-76.951675,38.904421
8116,6,28745,-76.952842,38.905805
8116,6,28746,-76.952464,38.907043
8116,6,28747,-76.951024,38.907493
8116,6,28748,-76.949762,38.906863
8116,6,28749,-76.949289,38.905761
8116,6,27448,-76.948251,38.904766
8116,6,27438,-76.947288,38.903963
8116,6,27425,-76.946382,38.902854
8116,6,4222,-76.944862,38.902719
8116,6,5679,-76.940829,38.904506
8116,6,5678,-76.939238,38.906051
8116,6,27466,-76.939204,38.906923
8116,6,4766,-76.940211,38.905794
8116,6,27449,-76.941214,38.90489
8116,6,5620,-76.943013,38.903506
8116,6,31810,-76.947482,38.89774
8116,6,31658,-76.942254,38.901683
8116,6,29863,-76.946961,38.897707
8116,6,27331,-76.947314,38.898151
8116,6,28927,-76.947326,38.897839
5192,6,5030,-76.934943,38.908348
5192,6,29647,-76.935247,38.9078
5192,6,5956,-76.934125,38.907923
5192,6,5976,-76.932604,38.909071
5192,6,5955,-76.932893,38.909077
5192,6,29646,-76.934483,38.908257
5192,6,5677,-76.936276,38.909378
5192,6,28662,-76.935083,38.907926
5192,6,4767,-76.936922,38.909507
5192,6,29674,-76.935411,38.907674
5192,6,28661,-76.934912,38.908055
5195,6,14816,-77.168323,38.766358
5195,13,00000000000000000000000000000005,-77.16812,38.76615
5195,16,1526,-77.169282,38.766858
5195,18,2957,-77.167578,38.767081
5195,18,65,-77.168421,38.766837
5195,18,66,-77.168045,38.76695
5195,18,2955,-77.167846,38.766975
5195,18,63,-77.168881,38.766772
5195,18,3295,-77.169536,38.766714
5195,18,64,-77.168673,38.766773
5195,18,3296,-77.169208,38.766699
5195,18,2956,-77.167743,38.767027
8158,6,10142,-76.931455,38.843825
8158,6,29031,-76.930589,38.845979
8158,6,31509,-76.932435,38.844908
8158,6,3854,-76.922241,38.847525
8158,6,3684,-76.923482,38.848336
8158,6,3685,-76.925518,38.84813
8158,6,3702,-76.92672,38.846851
8158,6,3716,-76.928264,38.845217
8158,6,29666,-76.932267,38.844809
8158,6,3704,-76.929514,38.843757
8158,6,3703,-76.928201,38.844774
8158,6,3717,-76.92632,38.846768
8158,6,3881,-76.922397,38.847451
8158,6,29637,-76.932136,38.844639
8158,6,29372,-76.924128,38.849125
8158,6,31510,-76.931522,38.844094
8158,6,29357,-76.931744,38.844297
8158,6,29371,-76.931949,38.844491
8158,6,3853,-76.926283,38.849662
8158,6,40297,-76.929187,38.85103
8158,6,26538,-76.930477,38.852241
8158,6,26552,-76.92958,38.853178
8158,6,3644,-76.929701,38.855408
8158,6,3651,-76.929832,38.854896
8158,6,29619,-76.929788,38.852907
8158,6,29620,-76.930574,38.85237
8158,6,29621,-76.930353,38.85138
8158,6,29622,-76.926147,38.849339
8158,15,11550,-76.930713,38.846023
8158,15,11551,-76.93259,38.845251
8158,19,1475,-76.930342,38.85138
8158,19,1471,-76.927829,38.850182
8158,19,1473,-76.926133,38.849328
8158,19,1402,-76.925519,38.848126
8158,19,137,-76.92671,38.846868
8158,19,1401,-76.928249,38.84523
8158,19,1470,-76.93227,38.84451
8158,19,1398,-76.929511,38.843756
8158,19,1400,-76.92819,38.844776
8158,19,1403,-76.927351,38.845648
8158,19,1474,-76.926286,38.849656
8158,19,1472,-76.927921,38.850428
8158,19,1476,-76.930737,38.851764
5203,6,21110,-76.912327,38.827008
5203,6,30144,-76.912532,38.826926
5203,19,423,-76.913135,38.826908
5240,6,27664,-77.078695,38.924617
5240,6,4813,-77.079112,38.922581
5240,6,4814,-77.080531,38.922608
5240,6,8125,-77.080393,38.923521
5240,6,5229,-77.080015,38.924636
5240,6,8122,-77.077117,38.922682
7251,6,1686,-76.993686,38.822742
7251,6,31617,-76.992647,38.821887
7251,6,2068,-76.992203,38.819686
7251,6,1264,-76.99361,38.819174
7251,6,1263,-76.993506,38.818338
7251,6,1258,-76.993073,38.817401
7251,6,2315,-76.994745,38.817034
7251,6,26020,-76.99633,38.816097
7251,6,2275,-76.995232,38.814387
7251,6,40265,-76.995872,38.814937
7251,6,2287,-76.995953,38.815647
7251,6,2316,-76.993576,38.8171
7251,6,1259,-76.993274,38.818102
7251,6,1260,-76.993677,38.818966
7251,6,1685,-76.992779,38.819281
7251,6,26063,-76.992212,38.820539
7251,6,1683,-76.993509,38.822851
7251,6,41319,-76.988032,38.820654
7251,6,41320,-76.98821,38.82055
7251,6,26057,-76.990352,38.819758
7251,6,2067,-76.988623,38.820147
7251,6,2740,-76.988898,38.820152
7251,6,26059,-76.990344,38.819875
7251,19,1177,-76.987982,38.820577
7251,19,1173,-76.99328,38.824684
7251,19,1172,-76.993184,38.824475
7251,19,1176,-76.988208,38.820546
5284,6,661,-76.990326,38.808958
5284,6,662,-76.987121,38.808577
5284,6,668,-76.987126,38.808703
5284,6,25953,-76.988512,38.808936
5284,6,2260,-76.990264,38.809079
5284,6,2276,-76.990642,38.807525
5284,6,2261,-76.990425,38.807432
5285,6,663,-76.984523,38.808248
5285,6,664,-76.983012,38.807909
5285,6,1538,-76.984217,38.809273
5285,6,669,-76.984767,38.808421
5287,6,665,-76.979637,38.808358
5287,6,1851,-76.977638,38.808731
5287,6,1852,-76.978228,38.80972
5290,6,1853,-76.98016,38.811857
5291,6,1854,-76.982739,38.813258
5292,6,1537,-76.983861,38.811063
5299,6,2263,-76.990465,38.804886
5299,6,2782,-76.990299,38.804892
5300,6,2786,-76.9874,38.803521
5300,6,25888,-76.987408,38.803719
5300,19,179,-76.987401,38.803522
5300,19,180,-76.987336,38.803736
5301,6,25898,-76.981849,38.804144
5301,6,25899,-76.981835,38.804393
5301,19,1363,-76.981824,38.804158
5301,19,1364,-76.981869,38.804395
5390,6,25905,-76.977024,38.80473
5390,6,2785,-76.976459,38.805133
5390,6,2656,-76.976068,38.803206
5390,6,25907,-76.97414,38.804774
5390,6,25908,-76.974272,38.804867
5390,6,2663,-76.975827,38.803604
5390,19,1195,-76.977044,38.804727
5390,19,1447,-76.975825,38.803592
5390,19,1446,-76.976048,38.803228
5390,19,1456,-76.974153,38.804771
5390,19,492,-76.974327,38.804823
5390,19,1196,-76.976453,38.805153
5303,6,3787,-76.967834,38.810874
5303,6,3826,-76.967708,38.811323
5307,6,3788,-76.966033,38.812825
5307,6,26010,-76.964095,38.814343
5307,6,3789,-76.962871,38.815318
5307,6,26028,-76.96118,38.816957
5307,6,26036,-76.95992,38.817938
5307,6,26037,-76.960035,38.818037
5307,6,26029,-76.961408,38.817017
5307,6,3824,-76.96257,38.815918
5307,6,26008,-76.964404,38.814337
5307,6,26000,-76.965809,38.813258
5307,19,1451,-76.960124,38.818016
5307,19,1453,-76.961446,38.816986
5307,19,1461,-76.962583,38.815961
5307,19,1452,-76.961145,38.816953
5307,19,143,-76.959887,38.817917
5310,6,40064,-76.956603,38.820859
5310,6,3821,-76.954683,38.822043
5310,6,26091,-76.953763,38.822432
5310,6,2734,-76.953283,38.822761
5310,6,3792,-76.955021,38.822057
5310,6,3822,-76.957393,38.820495
5310,19,1450,-76.953276,38.822774
5310,19,1455,-76.955022,38.822086
5310,19,1458,-76.95742,38.820479
5310,19,1457,-76.957546,38.820099
5310,19,1454,-76.954624,38.82204
5310,19,138,-76.953711,38.822412
6490,6,29033,-76.950819,38.823153
6490,6,3819,-76.950425,38.823419
6490,6,3918,-76.949891,38.82118
6490,6,10111,-76.949824,38.822164
6490,6,3794,-76.949922,38.822903
6490,6,3919,-76.949988,38.821511
6490,19,1509,-76.949832,38.82121
6490,19,1514,-76.94982,38.822159
6490,19,1270,-76.950476,38.82407
6490,19,1271,-76.950355,38.823858
6490,19,1515,-76.949924,38.822902
6490,19,1510,-76.949997,38.821453
6490,19,1459,-76.950434,38.823411
6490,19,1460,-76.950831,38.823125
7312,6,3795,-76.946809,38.825052
7312,6,3797,-76.945528,38.826041
7312,6,3799,-76.944228,38.827143
7312,6,3801,-76.943117,38.828283
7312,6,3809,-76.942426,38.83145
7312,6,81,-76.94358,38.831497
7312,6,26240,-76.945469,38.831963
7312,6,3837,-76.946061,38.83259
7312,6,17035,-76.948438,38.835731
7312,6,6431,-76.946736,38.836155
7312,6,26297,-76.945193,38.835596
7312,6,29603,-76.944433,38.834654
7312,6,26235,-76.942002,38.831628
7312,6,86,-76.941679,38.83039
7312,6,40043,-76.942856,38.829053
7312,6,3800,-76.943921,38.827904
7312,6,3798,-76.94522,38.826699
7312,6,3796,-76.946702,38.825381
7312,6,26238,-76.94182,38.831809
7312,6,29034,-76.946358,38.836317
7312,6,29035,-76.948457,38.835429
7312,6,29036,-76.946374,38.832815
7312,6,3830,-76.947853,38.832007
7312,6,3835,-76.949546,38.83168
7312,6,3832,-76.95072,38.83153
7312,6,3834,-76.951721,38.831376
7312,6,4106,-76.957068,38.830467
7312,6,28,-76.957628,38.8311
7312,6,30,-76.958872,38.832404
7312,6,31,-76.959417,38.833155
7312,6,31601,-76.957759,38.834144
7312,6,1950,-76.955591,38.835183
7312,6,2050,-76.9547,38.836457
7312,6,1041,-76.955035,38.837101
7312,6,72,-76.954115,38.837961
7312,6,1037,-76.951638,38.839416
7312,6,1035,-76.949125,38.841145
7312,6,755,-76.948547,38.842428
7312,6,26395,-76.948947,38.842258
7312,6,1038,-76.949166,38.841225
7312,6,1036,-76.950104,38.840403
7312,6,1039,-76.951707,38.839531
7312,6,1040,-76.953767,38.837917
7312,6,1939,-76.953043,38.836692
7312,6,1938,-76.955084,38.835725
7312,6,1937,-76.956597,38.835002
7312,6,1936,-76.957964,38.834317
7312,6,2940,-76.959139,38.833634
7312,6,29,-76.959156,38.832229
7312,6,8053,-76.958286,38.831332
7312,6,29601,-76.956735,38.829603
7312,6,3833,-76.951639,38.831264
7312,6,3831,-76.949513,38.83156
7312,6,3836,-76.947608,38.831922
7312,6,3829,-76.946475,38.832445
7312,6,1951,-76.953696,38.836087
7312,6,1952,-76.951822,38.836972
7312,6,1953,-76.949703,38.837994
7312,6,1941,-76.948793,38.838391
7312,6,1954,-76.949082,38.838575
7312,6,1940,-76.950772,38.837769
7312,6,1948,-76.959689,38.833305
7312,19,1166,-76.948477,38.830323
7312,19,1462,-76.946448,38.832456
7312,19,48,-76.947569,38.834392
7312,19,46,-76.948435,38.83568
7312,19,44,-76.949057,38.836532
7312,19,874,-76.94966,38.838016
7312,19,875,-76.948658,38.838459
7312,19,727,-76.949641,38.841629
7312,19,726,-76.953216,38.840839
7312,19,58,-76.953729,38.840926
7312,19,728,-76.949538,38.841519
7312,19,876,-76.949084,38.838572
7312,19,45,-76.949415,38.836761
7312,19,47,-76.948465,38.835422
7312,19,49,-76.947653,38.834295
7312,19,1463,-76.946496,38.832581
7312,19,1167,-76.948568,38.830416
5328,6,29038,-76.940175,38.836673
5328,6,26343,-76.940631,38.838389
5328,6,3805,-76.941675,38.840088
5328,6,3710,-76.941878,38.839926
5328,6,26346,-76.941027,38.838496
5328,6,26319,-76.940446,38.836865
5328,6,2242,-76.940506,38.835706
5328,6,3806,-76.943435,38.840258
5328,6,26370,-76.943328,38.8406
5330,6,3708,-76.938402,38.841592
5330,6,3707,-76.93603,38.842099
5330,6,3706,-76.934323,38.842389
5330,6,3713,-76.934696,38.842628
5330,6,3712,-76.936347,38.842337
5330,6,3711,-76.937685,38.842047
5376,6,26012,-76.998748,38.814957
5377,6,25941,-76.998771,38.807583
5377,6,25938,-76.998318,38.807506
5377,19,872,-76.998766,38.807569
5377,19,871,-76.99832874,38.80749528
5378,6,25827,-76.999238,38.787326
5378,19,1607,-76.999242,38.787328
5379,6,2254,-76.988407,38.793306
5379,6,2252,-76.988373,38.793191
5380,6,25845,-76.991732,38.793073
5380,6,25852,-76.991633,38.794391
5380,6,25860,-76.991222,38.796065
5380,6,4246,-76.989508,38.795953
5380,6,25861,-76.987382,38.796104
5380,6,4248,-76.985661,38.796238
5380,6,4249,-76.985342,38.796441
5380,6,4250,-76.989612,38.796046
5380,6,2247,-76.991363,38.79581
5380,6,25854,-76.99178,38.794416
5380,6,2251,-76.992145,38.793237
5386,6,2670,-76.983061,38.797589
5386,6,2674,-76.982767,38.79823
5387,6,14659,-76.979023,38.80088
5387,6,10633,-76.977796,38.801853
5387,6,39758,-76.977907,38.801981
5387,6,9230,-76.979948,38.800419
5387,19,1449,-76.977864,38.802023
5387,19,419,-76.979738,38.799618
5387,19,420,-76.979546,38.799723
5387,19,1448,-76.977807,38.801847
5393,6,25909,-76.96776,38.804859
5393,6,25910,-76.965288,38.804842
5393,6,788,-76.96347,38.806064
5393,6,1980,-76.963739,38.807821
5393,6,1978,-76.962558,38.808528
5393,6,29021,-76.963868,38.807676
5393,6,799,-76.96357,38.805922
5393,6,29025,-76.964643,38.805418
5393,6,25911,-76.966814,38.804842
5393,19,502,-76.967781,38.804867
5393,19,493,-76.96532444,38.80483922
5393,19,494,-76.964616,38.805371
5393,19,503,-76.967616,38.804983
5395,6,29020,-76.963143,38.810356
5399,6,25894,-76.956642,38.804045
5399,6,25896,-76.956545,38.80419
5399,19,482,-76.95668,38.804085
5399,19,67,-76.956546,38.804188
5400,6,25893,-76.953073,38.804026
5400,6,25895,-76.953515,38.804097
5400,19,490,-76.953014,38.804034
5400,19,483,-76.953455,38.804102
5401,6,792,-76.950174,38.803182
5401,6,803,-76.949418,38.803179
5401,19,491,-76.950111,38.803136
5401,19,78,-76.949443,38.803186
5402,6,793,-76.941742,38.800609
5402,6,804,-76.942347,38.801058
5402,19,485,-76.941736,38.800614
5402,19,499,-76.941681,38.800782
5403,6,795,-76.938052,38.800195
5403,6,806,-76.937761,38.800381
5403,19,497,-76.938044,38.800204
5403,19,498,-76.937771,38.800373
5404,6,796,-76.935454,38.800436
5404,6,807,-76.935139,38.800546
5404,19,510,-76.935436,38.800443
5404,19,511,-76.935142,38.800545
24391,6,797,-76.932212,38.800181
24391,6,798,-76.929743,38.800677
24391,6,809,-76.930394,38.800669
24391,6,808,-76.931908,38.800315
24391,19,486,-76.932343,38.800149
24391,19,506,-76.929697,38.800658
24391,19,507,-76.927454,38.801213
24391,19,508,-76.930397,38.800665
24391,19,487,-76.931905,38.800324
24391,19,509,-76.92837,38.801139
24391,19,1493,-76.93027545,38.80198102
24391,19,1494,-76.930427,38.801918
5407,6,3922,-76.927757,38.797405
5407,6,3914,-76.927635,38.797087
5407,19,1480,-76.927636,38.797087
5407,19,1481,-76.927734,38.797414
5408,6,3913,-76.928433,38.795007
5408,6,293,-76.92752,38.7935
5408,6,25847,-76.925579,38.793317
5408,6,25848,-76.925654,38.793478
5408,6,29022,-76.927075,38.79367
5408,6,3923,-76.928247,38.794961
5408,19,279,-76.92564,38.793471
5408,19,282,-76.927092,38.793661
5408,19,1478,-76.928256,38.791973
5408,19,1477,-76.928116,38.792069
5408,19,281,-76.927513,38.793499
5408,19,278,-76.925625,38.793319
5408,19,1485,-76.928247,38.794959
5408,19,1484,-76.928429,38.795019
5408,19,1583,-76.92982,38.792821
5408,19,1584,-76.93141,38.791918
5411,6,16167,-76.922803,38.792714
5411,6,16168,-76.92285,38.792903
5411,19,284,-76.922865,38.792903
5411,19,283,-76.92281,38.792718
5412,6,294,-76.92005,38.792949
5412,6,295,-76.920054,38.793141
5412,19,273,-76.92005,38.793135
5412,19,272,-76.920047,38.792966
5413,6,297,-76.917417,38.793615
5413,6,296,-76.917513,38.793772
5413,19,271,-76.917516,38.79377
5413,19,274,-76.917379,38.793631
5414,6,2461,-76.915381,38.795501
5414,6,299,-76.914308,38.796939
5414,6,300,-76.913003,38.798342
5414,6,301,-76.912956,38.798657
5414,6,298,-76.915093,38.796399
5414,19,270,-76.912946,38.798686
5414,19,286,-76.915138,38.796401
5414,19,287,-76.91543217,38.79547848
5414,19,285,-76.914324,38.796958
5414,19,269,-76.913052,38.798326
24255,6,302,-76.909906,38.800861
24255,6,304,-76.908979,38.801707
24255,6,12541,-76.907187,38.803439
24255,6,16196,-76.906916,38.804119
24255,6,303,-76.910144,38.800924
24255,19,1108,-76.905041,38.801593
24255,19,166,-76.906065,38.800894
24255,19,288,-76.907842,38.801225
24255,19,265,-76.910222,38.800953
24255,19,266,-76.91082874,38.80042136
24255,19,264,-76.90997,38.800854
24255,19,262,-76.909053,38.801667
24255,19,1107,-76.904955,38.801742
24255,19,268,-76.907912,38.803057
24255,19,276,-76.907225,38.803435
5421,6,37224,-76.903601,38.806382
5421,6,29017,-76.901303,38.806903
5421,6,1718,-76.90227,38.806961
5421,6,37223,-76.903918,38.806539
5421,19,280,-76.9022804,38.80697641
5421,19,275,-76.90135918,38.80690255
5422,6,29016,-76.897956,38.808498
5422,6,29019,-76.898115,38.808654
5422,19,155,-76.898089,38.808699
5422,19,154,-76.897885,38.808557
5423,6,306,-76.893142,38.816151
5423,6,307,-76.893582,38.816149
5424,6,26038,-76.890593,38.818165
5424,6,26039,-76.890757,38.818431
5425,6,3868,-76.886958,38.821646
5425,6,29630,-76.887631,38.820626
5425,6,40033,-76.887044,38.820637
5426,6,3869,-76.889147,38.823345
5426,6,26115,-76.890424,38.824032
5427,6,14697,-76.891779,38.825575
5427,6,3870,-76.893052,38.82694
5427,6,3866,-76.892911,38.826521
5429,6,3865,-76.894342,38.828554
5429,6,3871,-76.89493,38.829006
5430,6,26229,-76.896746,38.831428
5430,6,26234,-76.897401,38.83159
5431,6,26265,-76.899778,38.833256
5431,6,3861,-76.900773,38.834177
5431,6,3874,-76.901301,38.834432
5431,6,3862,-76.900305,38.833538
5431,6,3863,-76.899324,38.83259
5433,6,3875,-76.905342,38.837676
5433,6,3876,-76.905631,38.837627
5438,6,3889,-76.908139,38.838813
5438,6,3858,-76.91086,38.839167
5438,6,2072,-76.910289,38.840362
5438,6,29961,-76.909162,38.841587
5438,6,29962,-76.908151,38.843324
5438,6,2078,-76.910264,38.843436
5438,6,29963,-76.911186,38.841806
5438,6,29957,-76.911627,38.841669
5438,6,29958,-76.910119,38.843475
5438,6,29959,-76.908188,38.843187
5438,6,29960,-76.909283,38.841729
5438,6,20565,-76.910396,38.84054
5438,6,3877,-76.910898,38.838989
5438,6,26351,-76.909382,38.838961
5441,6,29964,-76.913951,38.84183
5441,6,20404,-76.913952,38.841707
5442,6,3879,-76.91556,38.843327
5442,6,29024,-76.915834,38.843379
5443,6,3880,-76.919143,38.845338
5443,6,3855,-76.919072,38.845122
5475,6,9863,-76.894585,38.814496
5475,6,9528,-76.896065,38.815239
5475,19,1073,-76.896428,38.815078
5475,19,1035,-76.895174,38.814376
5475,19,1034,-76.895014,38.814459
5475,19,1036,-76.896087,38.815252
5511,6,2282,-76.98832,38.790719
5512,6,44272,-76.99013,38.787526
5512,6,2283,-76.990853,38.785874
5514,6,2274,-76.99229,38.782747
5515,6,25798,-76.995193,38.781298
5515,19,1606,-76.997289,38.780899
5557,6,6958,-76.984987,38.904939
5557,6,6959,-76.984185,38.906093
5557,6,6960,-76.983509,38.907057
5557,6,6961,-76.982514,38.908466
5563,6,6064,-76.985205,38.910354
5563,6,7126,-76.984492,38.911491
5563,6,5259,-76.984432,38.914393
5563,6,7129,-76.982369,38.913606
5563,6,7127,-76.983339,38.912762
5563,6,7135,-76.984766,38.911485
5563,6,6063,-76.985404,38.909712
5563,6,27516,-76.987077,38.910995
5563,6,6091,-76.986931,38.910795
5564,6,45665,-76.981195,38.915651
5564,6,7131,-76.980636,38.915141
5564,6,7132,-76.979964,38.915533
5564,6,14808,-76.978937,38.916437
5564,6,7133,-76.978915,38.916749
5570,6,6065,-76.986738,38.907797
5571,6,6066,-76.987907,38.90612
5571,6,6067,-76.988884,38.904722
16124,6,28045,-77.111989,38.959366
16124,17,7124,-77.107942,38.960176
16124,17,7125,-77.109506,38.958568
16124,17,3942,-77.110228,38.958558
16124,17,3944,-77.111991,38.959361
16124,17,3914,-77.112037,38.959161
16124,17,3916,-77.109962,38.95826
16124,17,7108,-77.109111,38.958671
16124,17,7110,-77.107876,38.960023
5588,6,21497,-77.114804,38.960564
5588,6,2398,-77.115993,38.961008
5588,6,28061,-77.117102,38.961386
5588,6,28066,-77.118548,38.961904
5588,17,3946,-77.114798,38.960546
5588,17,3910,-77.116003,38.96101
5588,17,3950,-77.117105,38.961406
5588,17,3952,-77.118546,38.961876
5588,17,3908,-77.117455,38.961365
5588,17,3948,-77.116464,38.960998
5588,17,3912,-77.115177,38.96051
5588,17,3906,-77.118832,38.9619
5592,6,47349,-77.121362,38.962597
5592,17,5750,-77.121406,38.962566
5592,17,3954,-77.121057,38.963492
5592,17,3904,-77.120979,38.963223
5592,17,5748,-77.121206,38.962986
5593,6,3559,-77.121795,38.960383
5593,17,5752,-77.12178,38.960384
5593,17,5746,-77.121712,38.960106
5594,6,3558,-77.122237,38.957949
5594,6,3557,-77.122064,38.956552
5594,17,5754,-77.122223,38.957932
5594,17,5756,-77.12206,38.956571
5594,17,5742,-77.121842,38.956306
5594,17,5744,-77.122078,38.958004
5596,6,22167,-77.121231,38.953242
5596,6,3555,-77.12086,38.951688
5596,6,3554,-77.120554,38.950219
5596,6,28920,-77.120332,38.949038
5596,6,28681,-77.11893,38.948709
5596,17,5758,-77.121201,38.953239
5596,17,5760,-77.120857,38.951679
5596,17,5762,-77.120548,38.950241
5596,17,5764,-77.120316,38.949039
5596,17,5766,-77.118824,38.948716
5596,17,5732,-77.118721,38.948826
5596,17,5734,-77.120138,38.949001
5596,17,5736,-77.120387,38.950281
5596,17,5738,-77.120712,38.951904
5596,17,5740,-77.121094,38.953346
5601,6,28682,-77.117329,38.944873
5601,6,2305,-77.116194,38.943769
5601,17,5768,-77.117322,38.944868
5601,17,3770,-77.116192,38.943717
5601,17,5730,-77.117378,38.945122
5603,6,28922,-77.113533,38.941889
5603,17,3772,-77.113559,38.941908
5603,17,3778,-77.113014,38.941715
16143,6,6124,-77.1121,38.936159
16143,6,6125,-77.110978,38.934619
16143,6,6120,-77.109284,38.93261
16143,6,6127,-77.108173,38.931632
16143,6,6118,-77.106813,38.929681
16143,6,6116,-77.103908,38.92713
16143,6,6115,-77.102798,38.926055
16143,6,6132,-77.101669,38.925039
16143,6,6133,-77.100556,38.923649
16143,6,6134,-77.099941,38.922468
16143,6,27815,-77.111115,38.935811
16143,6,4848,-77.099255,38.922093
16143,6,6113,-77.100146,38.923518
16143,6,6114,-77.101237,38.924976
16143,6,6131,-77.102977,38.926587
16143,6,6130,-77.104322,38.927804
16143,6,6117,-77.105523,38.928881
16143,6,6128,-77.106855,38.930541
16143,6,6119,-77.107716,38.93158
16143,6,6126,-77.1092,38.932895
16143,6,6121,-77.110401,38.934304
16143,6,6122,-77.111264,38.935466
16143,17,8788,-77.112035,38.938625
16143,17,3774,-77.112053,38.9361
16143,17,3728,-77.111099,38.935829
16143,17,3776,-77.111913,38.937108
16143,17,8790,-77.111944,38.939136
5614,6,6111,-77.098658,38.919216
5614,6,6136,-77.097577,38.917813
5614,6,6137,-77.096187,38.916818
5614,6,27567,-77.095261,38.915974
5614,6,6108,-77.095281,38.916352
5614,6,6110,-77.096228,38.91721
5614,6,6135,-77.097391,38.918024
5614,6,27604,-77.098368,38.920112
5618,6,6107,-77.093091,38.9147
5618,6,6138,-77.092813,38.914653
5619,6,6106,-77.091298,38.912773
5619,6,6140,-77.090965,38.912669
5623,6,6141,-77.089012,38.910313
5623,6,6104,-77.087196,38.909107
5623,6,28923,-77.084414,38.908071
5623,6,5324,-77.081507,38.906789
5623,6,27494,-77.085854,38.909447
5623,6,5323,-77.082591,38.908775
5623,6,27473,-77.081484,38.907263
5623,6,27482,-77.08416,38.908104
5623,6,6142,-77.086181,38.908904
5623,6,6105,-77.088663,38.910115
5624,6,27818,-77.10769,38.93583
5624,6,27813,-77.107763,38.935685
5624,17,3724,-77.107799,38.93569
5624,17,3726,-77.107809,38.935824
5627,6,5322,-77.083994,38.910556
5627,6,5319,-77.084491,38.91162
5627,6,27526,-77.084453,38.911288
5629,6,6609,-77.081151,38.912601
5629,6,6608,-77.082377,38.912771
5632,6,6234,-77.07841,38.912631
5632,6,27542,-77.076935,38.912595
5632,6,27538,-77.074538,38.91254
5632,6,27539,-77.072472,38.912664
5632,6,6606,-77.074596,38.912664
5632,6,27540,-77.076536,38.91271
5632,6,6638,-77.078225,38.91276
5642,6,5069,-77.016393,38.896071
5642,6,5082,-77.016174,38.896118
5650,6,14508,-76.988576,38.894731
5650,6,14519,-76.988123,38.893635
5658,6,40012,-76.973957,38.890602
5722,6,27535,-76.989968,38.912436
5722,6,27533,-76.989949,38.912288
5723,6,7567,-76.99363,38.91596
5723,6,27578,-76.993629,38.916832
5723,6,4699,-76.993554,38.91761
5723,6,4694,-76.994603,38.91644
5723,6,7566,-76.994159,38.915462
5725,6,4695,-76.99154,38.919038
5725,6,4698,-76.991184,38.91961
6417,6,5225,-76.996727,38.92488
6417,6,5227,-76.998259,38.924151
6417,6,46947,-77.001041,38.925669
6417,6,5341,-77.000092,38.925535
6417,6,27678,-76.998894,38.925527
6417,6,5223,-77.00006,38.923293
6417,6,28924,-76.99884,38.925631
6417,6,5228,-76.999591,38.92337
6417,6,5224,-76.998023,38.92411
6417,6,28737,-76.996537,38.92482
6417,6,7459,-76.996106,38.926157
6417,6,7452,-76.996104,38.927327
6417,6,7453,-76.996101,38.929292
6417,6,7457,-76.996252,38.929541
6417,6,7458,-76.996248,38.92759
6417,6,7451,-76.996248,38.925872
5736,6,28881,-77.014148,38.928664
5736,6,28882,-77.010538,38.929949
5736,6,28883,-77.012296,38.929642
5761,6,7941,-76.978926,38.920421
5761,6,7960,-76.978929,38.921175
5761,6,7961,-76.979091,38.92041
5769,6,7956,-76.979342,38.93038
5769,6,7947,-76.979441,38.93158
5769,6,7948,-76.979577,38.93341
5769,6,7949,-76.979699,38.934959
5769,6,7950,-76.979816,38.9364
5769,6,7953,-76.979912,38.935863
5769,6,27784,-76.979699,38.93329
5769,6,7955,-76.97957,38.931681
5769,6,7946,-76.979459,38.930328
5769,6,6054,-76.979899,38.933051
5769,6,6057,-76.979999,38.933188
5775,6,7951,-76.979959,38.938219
5775,6,6820,-76.980477,38.93994
5775,6,6804,-76.981158,38.94059
5775,6,5927,-76.983066,38.942401
5775,6,6818,-76.983886,38.942944
5775,6,6819,-76.981679,38.940886
5775,6,6803,-76.980393,38.939661
5775,6,7952,-76.980103,38.938469
5775,6,5933,-76.981798,38.942629
5775,6,5934,-76.984021,38.942631
5776,6,6806,-76.985704,38.944467
5776,6,6816,-76.987322,38.945626
5776,6,6807,-76.987254,38.945415
5776,6,6817,-76.98594,38.944467
5779,6,6737,-76.989442,38.95011
5779,6,6738,-76.989444,38.95151
5779,6,5362,-76.989712,38.952474
5779,6,29862,-76.989791,38.952362
5779,6,6739,-76.98962,38.95148
5779,6,6740,-76.989623,38.950011
5808,6,7095,-77.082817,38.96292
5808,6,7116,-77.082607,38.96334
5808,17,7138,-77.082825,38.962948
5808,17,7148,-77.082573,38.96339
5809,6,7115,-77.080531,38.964729
5809,6,6156,-77.079883,38.964959
5809,17,7140,-77.080536,38.964752
5809,17,7146,-77.080231,38.965176
7096,6,6155,-77.077301,38.96486
7096,6,4930,-77.075803,38.96486
7096,6,6159,-77.07508,38.964959
7096,6,6154,-77.076267,38.96497
7096,6,6158,-77.077547,38.964965
7096,6,4922,-77.070163,38.955818
7096,6,4923,-77.071197,38.957599
7096,6,4924,-77.07231,38.959503
7096,6,4925,-77.073107,38.960879
7096,6,4926,-77.074323,38.962972
7096,6,28097,-77.07535,38.964734
7096,6,39770,-77.077069,38.96642
7096,6,28119,-77.077124,38.966529
7096,6,28106,-77.075801,38.965066
7096,6,28076,-77.074743,38.963241
7096,6,4931,-77.074146,38.962213
7096,6,4932,-77.073546,38.961197
7096,6,4933,-77.072726,38.959794
7096,6,4934,-77.071616,38.957884
7096,6,6225,-77.070586,38.956102
7096,17,7142,-77.078276,38.966562
7096,17,7144,-77.078504,38.966506
5821,6,6153,-77.071824,38.964866
5821,6,6148,-77.070415,38.964869
5821,6,4700,-77.067697,38.964866
5821,6,6151,-77.06658,38.964871
5821,6,6145,-77.064103,38.964866
5821,6,8082,-77.062857,38.96448
5821,6,8083,-77.061866,38.963145
5821,6,8079,-77.061032,38.961213
5821,6,5947,-77.05896,38.960964
5821,6,5946,-77.055852,38.960906
5821,6,5953,-77.056,38.961139
5821,6,5952,-77.057245,38.961082
5821,6,3697,-77.059546,38.961084
5821,6,8084,-77.060915,38.961271
5821,6,8080,-77.061601,38.962983
5821,6,8081,-77.062833,38.964658
5821,6,28098,-77.063759,38.964962
5821,6,6146,-77.066258,38.964956
5821,6,4709,-77.067841,38.964962
5821,6,6149,-77.069945,38.964965
5821,6,6161,-77.071354,38.964962
5822,6,5945,-77.052191,38.961657
5822,6,5954,-77.053211,38.96158
7833,6,7870,-77.036692,38.962443
7833,6,6027,-77.035992,38.962304
7833,6,7900,-77.037723,38.963027
7833,6,7903,-77.036298,38.95824
7833,6,7902,-77.03629,38.960095
7833,6,28619,-77.036292,38.962254
7833,6,28620,-77.036282,38.964581
7833,6,13395,-77.036278,38.966718
7833,6,7873,-77.036282,38.968952
7833,6,7895,-77.036267,38.970579
7833,6,7894,-77.036271,38.972933
7833,6,7875,-77.036517,38.972722
7833,6,7874,-77.036472,38.971311
7833,6,7896,-77.036479,38.96982
7833,6,7897,-77.036472,38.96794
7833,6,7898,-77.036477,38.966269
7833,6,28615,-77.036485,38.964948
7833,6,13061,-77.036486,38.963551
7833,6,7901,-77.03649,38.961964
7833,6,7869,-77.036499,38.960303
7833,6,7868,-77.036497,38.95861
7833,15,11788,-77.036388,38.97324
5834,6,6025,-77.013491,38.956149
5834,6,6023,-77.013479,38.956292
5934,6,6699,-77.001945,38.957042
5934,6,6700,-77.001177,38.9585
5934,6,28044,-76.997646,38.959311
5934,6,6701,-76.998884,38.960731
5934,6,6335,-77.00006,38.960265
5934,6,6704,-77.001147,38.958917
5934,6,6705,-77.002268,38.957144
5934,6,1005,-76.989326,38.959747
5934,6,28054,-76.990365,38.960292
5934,6,28059,-76.991708,38.960997
5934,6,1017,-76.993499,38.961928
5934,6,28078,-76.995919,38.963531
5934,6,28083,-76.996061,38.963424
5934,6,1007,-76.993534,38.961717
5934,6,28056,-76.991312,38.960586
5934,6,1015,-76.989378,38.959585
5934,6,3268,-76.993123,38.962605
5934,6,3267,-76.995371,38.962128
5934,6,3266,-76.99693,38.961786
5934,6,6702,-76.998917,38.961093
5934,6,28058,-76.999211,38.96075
5934,6,3265,-76.996464,38.961632
5934,6,3264,-76.994623,38.961989
5934,6,3263,-76.992709,38.962476
5838,6,4844,-76.998424,38.956626
5839,6,28026,-76.994878,38.955415
5840,6,4846,-76.992147,38.955415
5840,6,1010,-76.990414,38.956122
5840,6,5180,-76.9911,38.956936
5872,6,29861,-76.994934,38.957936
5878,6,29546,-76.916151,38.916037
5878,6,28663,-76.916069,38.915889
5878,19,609,-76.915891,38.915558
5879,6,11895,-76.916149,38.918684
5879,6,1496,-76.916481,38.918618
5879,6,989,-76.914974,38.918616
5879,6,12677,-76.914361,38.919758
5879,19,596,-76.914974,38.918621
5879,19,591,-76.914356,38.919764
5879,19,592,-76.914531,38.919756
5879,19,597,-76.915241,38.918611
5880,6,11894,-76.918681,38.918007
5880,6,1748,-76.919108,38.917755
5881,6,11893,-76.921447,38.917519
5881,6,11892,-76.921525,38.917487
5882,6,27583,-76.92618,38.918026
5882,6,27584,-76.926476,38.918015
5883,6,27596,-76.929765,38.918977
5883,6,27595,-76.930125,38.918876
5884,6,2044,-76.930479,38.922288
5884,6,29554,-76.93105,38.920638
5884,6,2023,-76.931031,38.921893
5885,6,2024,-76.927881,38.925905
5885,6,2945,-76.927412,38.926628
5885,6,27702,-76.926442,38.928141
5885,6,27704,-76.926594,38.92836
5885,6,2943,-76.927588,38.92645
5885,6,2045,-76.928217,38.925864
5888,6,27732,-76.922871,38.929941
5888,6,27746,-76.922381,38.931128
5888,6,27745,-76.922468,38.931193
5888,6,31550,-76.923095,38.929842
5898,6,313,-76.940104,38.939313
5898,6,314,-76.939908,38.939047
5898,19,290,-76.940119,38.939314
5898,19,289,-76.939901,38.939034
5902,6,673,-76.946012,38.937225
5902,6,672,-76.947292,38.936666
5902,6,674,-76.950484,38.93523
5902,6,97,-76.952041,38.936655
5902,6,98,-76.952059,38.936425
5902,6,29395,-76.950278,38.935093
5902,6,671,-76.949108,38.935613
5902,6,675,-76.947863,38.936153
5902,6,29396,-76.946406,38.936792
5902,6,677,-76.944823,38.937545
5902,19,416,-76.94601,38.937222
5902,19,414,-76.947297,38.936664
5902,19,411,-76.950485,38.935229
5902,19,92,-76.952039,38.936657
5902,19,93,-76.952064,38.93641
5902,19,410,-76.950275,38.935093
5902,19,412,-76.949088,38.935611
5902,19,413,-76.947862,38.93615
5902,19,415,-76.946403,38.936785
5902,19,417,-76.944823,38.937545
5905,6,6598,-76.967327,38.938326
5905,6,5192,-76.968411,38.93917
5905,6,5191,-76.969919,38.940351
5905,6,5174,-76.96949,38.939839
5905,6,28860,-76.966616,38.937589
5905,6,27845,-76.968238,38.937745
5905,6,6593,-76.967432,38.937899
5908,6,40289,-76.972194,38.942133
5908,6,5176,-76.973249,38.94296
5908,6,40288,-76.973566,38.943023
5908,6,5175,-76.971879,38.941711
23156,6,16083,-76.972081,38.944566
23156,6,16070,-76.970152,38.945865
23156,6,40,-76.970236,38.945722
23156,6,16084,-76.971559,38.945078
23156,6,27947,-76.971266,38.944621
23156,6,94,-76.97111,38.944484
23156,19,322,-76.967924,38.946413
23156,19,321,-76.969922,38.945697
23156,19,59,-76.971112,38.94448
5912,6,29548,-76.971178,38.947583
5912,6,3086,-76.96952,38.948419
5912,6,3057,-76.971899,38.94786
5912,6,3088,-76.973635,38.94746
5912,6,3056,-76.973893,38.947191
5912,6,3087,-76.972596,38.947465
5912,6,16071,-76.970733,38.947873
5913,6,3059,-76.967333,38.949518
5913,6,3060,-76.966924,38.951017
5913,6,3084,-76.966821,38.95203
5913,6,3085,-76.967514,38.949959
5913,19,617,-76.965852,38.950955
5922,6,3089,-76.976908,38.946744
5922,6,3055,-76.976568,38.946638
5922,6,27956,-76.977701,38.945999
5922,6,5179,-76.977335,38.945969
5922,6,5931,-76.978693,38.945648
5923,6,27974,-76.977861,38.949835
5923,6,27973,-76.977983,38.949638
5928,6,27993,-76.977564,38.952091
5928,6,28004,-76.978173,38.953321
5928,6,1001,-76.978997,38.954371
5928,6,28024,-76.98061,38.955185
5928,6,1003,-76.98253,38.956215
5928,6,1013,-76.982634,38.956064
5928,6,1012,-76.980515,38.954943
5928,6,1011,-76.979423,38.954368
5928,6,28001,-76.978087,38.952943
5928,6,27992,-76.977744,38.951817
5928,19,616,-76.978996,38.954372
5928,19,611,-76.980493,38.955123
5928,19,26,-76.980775,38.956404
5928,19,28,-76.980777,38.956546
5928,19,610,-76.980553,38.954955
5928,19,615,-76.979417,38.954372
5929,6,3572,-76.986646,38.958366
5929,6,1014,-76.986604,38.95816
6992,6,28103,-76.999209,38.965113
6992,6,28101,-77.001236,38.965066
6992,6,2492,-77.001971,38.965425
6992,6,1020,-77.00095,38.964902
6992,6,1009,-76.999412,38.964948
6992,6,28065,-77.005261,38.961854
6992,6,6297,-77.004732,38.96257
6992,6,6296,-77.003928,38.963644
6992,6,6293,-77.003191,38.964636
6992,6,2560,-77.001925,38.966189
6992,6,5184,-77.002155,38.966417
6992,6,6295,-77.00327,38.964814
6992,6,6292,-77.004161,38.963583
6992,6,6291,-77.00497,38.962496
6992,6,6290,-77.005505,38.961789
5939,6,28125,-77.004297,38.96722
5939,6,28132,-77.005949,38.96851
5939,6,5669,-77.005872,38.968278
5939,6,13094,-77.004847,38.967475
6010,6,3093,-76.96177,38.940856
6010,6,27910,-76.963282,38.94202
6010,6,27940,-76.965114,38.943423
6010,6,4121,-76.966241,38.943456
6010,6,92,-76.968584,38.943223
6010,6,29582,-76.96922,38.943368
6010,6,27934,-76.969339,38.943193
6010,6,91,-76.968635,38.9431
6010,6,4122,-76.967795,38.943215
6010,6,4123,-76.96656,38.943347
6010,6,3096,-76.964945,38.943196
6010,6,27905,-76.962935,38.941642
6010,6,27888,-76.961712,38.940699
6010,19,60,-76.969346,38.943206
6010,19,1534,-76.968634,38.943098
6010,19,1535,-76.967796,38.943209
6010,19,1536,-76.966566,38.943333
6010,19,1265,-76.964945,38.943195
6010,19,1264,-76.962939,38.941643
6010,19,1263,-76.961701,38.940698
6033,6,2962,-77.019281,38.985166
6033,6,2959,-77.019006,38.985141
6033,17,4864,-77.018959,38.985096
6033,17,4852,-77.019291,38.985198
6034,6,2958,-77.014759,38.982856
6034,6,2964,-77.013814,38.982321
6034,6,2957,-77.013536,38.982267
6034,6,2963,-77.014802,38.98299
6034,17,4886,-77.015344,38.982923
6034,17,4956,-77.015578,38.983475
6034,17,4860,-77.013539,38.982284
6034,17,4862,-77.01476,38.982963
6034,17,4854,-77.014755,38.982848
6034,17,4856,-77.013836,38.98235
6037,6,2965,-77.011176,38.98114
6037,6,2955,-77.009039,38.979441
6037,6,28211,-77.008032,38.978386
6037,6,28208,-77.006512,38.977934
6037,6,1430,-77.005761,38.978142
6037,6,28210,-77.008012,38.978496
6037,6,2966,-77.009082,38.97962
6037,6,2956,-77.010089,38.980979
6037,6,21823,-77.011446,38.981264
6037,17,748,-77.007553,38.977577
6037,17,9002,-77.006317,38.977955
6037,17,750,-77.005749,38.978273
6037,17,796,-77.005989,38.978291
6037,17,798,-77.007611,38.97766
6037,17,14859,-77.005767,38.978123
6037,17,3862,-77.009336,38.981727
6037,17,4859,-77.011404,38.981269
6037,17,16026,-77.01125,38.981157
6037,17,3848,-77.009271,38.981635
6037,17,15354,-77.008987,38.979404
6037,17,15348,-77.008041,38.97839
6037,17,15350,-77.008027,38.978501
6037,17,15352,-77.008995,38.97958
6037,17,15356,-77.010079,38.980985
6037,17,17553,-77.010389,38.980858
6037,17,3864,-77.010631,38.980918
6040,6,1429,-77.001791,38.977948
6040,6,24100,-77.001572,38.978003
6040,17,9004,-77.001801,38.977943
6040,17,8998,-77.001583,38.977991
7004,6,28201,-76.998476,38.976874
7004,6,1431,-76.996959,38.976186
7004,6,29585,-76.993335,38.975205
7004,6,28194,-76.991695,38.975545
7004,6,28196,-76.990768,38.975813
7004,6,47143,-76.994759,38.975468
7004,6,1427,-76.996646,38.976161
7004,6,28200,-76.998243,38.976863
7004,6,28965,-76.994892,38.974542
7004,6,28198,-76.993239,38.976038
7004,6,2498,-76.992174,38.977066
7004,6,2566,-76.991457,38.977868
7004,6,2501,-76.99019,38.979499
7004,6,2500,-76.991263,38.978628
7004,6,2499,-76.991827,38.977904
7004,6,2565,-76.993069,38.976592
7004,6,28195,-76.994086,38.97569
7004,6,28186,-76.99549,38.974364
7004,17,9006,-76.998524,38.976918
7004,17,9008,-76.996986,38.9762
7004,17,9010,-76.99324,38.976063
7004,17,9012,-76.992195,38.977066
7004,17,9014,-76.991463,38.977856
7004,17,9018,-76.990193,38.979498
7004,17,8990,-76.991005,38.978825
7004,17,8992,-76.99183,38.977897
7004,17,14747,-76.993079,38.976595
7004,17,9030,-76.994081,38.975689
7004,17,8994,-76.996652,38.97617
7004,17,8996,-76.998234,38.976854
6045,6,28189,-76.988242,38.975164
6045,6,29590,-76.988088,38.975369
6046,6,28184,-76.984282,38.97432
6046,6,28183,-76.983869,38.974377
6049,6,29972,-76.95794,38.966721
6049,6,30004,-76.958176,38.967003
6049,19,713,-76.95817,38.967005
6049,19,714,-76.957909,38.966692
6054,6,3411,-76.930934,38.96126
6054,6,3412,-76.929636,38.961095
6054,6,3479,-76.92936,38.961169
6054,6,29587,-76.93107,38.961397
6054,19,1337,-76.932525,38.961478
6054,19,1339,-76.930935,38.96126
6054,19,1361,-76.929635,38.961094
6054,19,1362,-76.929378,38.961175
6054,19,1340,-76.93110616,38.96140533
6054,19,1338,-76.932672,38.961619
7584,6,28057,-76.926872,38.960712
7584,6,46959,-76.925041,38.960128
7584,6,3415,-76.922475,38.959278
7584,6,3475,-76.922648,38.95944
7584,6,3477,-76.925025,38.960257
7584,6,3413,-76.926825,38.960827
7584,6,28012,-76.923415,38.953721
7584,6,2035,-76.922974,38.954968
7584,6,2057,-76.922332,38.956152
7584,6,2058,-76.920773,38.95787
7584,6,2037,-76.921125,38.957897
7584,6,2056,-76.923036,38.955491
7584,6,2055,-76.923592,38.954129
7584,6,1406,-76.923709,38.95223
7584,19,1352,-76.926801,38.960685
7584,19,1360,-76.925367,38.960289
7584,19,150,-76.923183,38.959227
7584,19,152,-76.923875,38.958023
7584,19,148,-76.924312,38.957253
7584,19,878,-76.923074,38.95663
7584,19,895,-76.92071,38.957914
7584,19,896,-76.921217,38.957813
7584,19,879,-76.923047,38.956736
7584,19,877,-76.924139,38.957035
7584,19,151,-76.923723,38.958023
7584,19,149,-76.923034,38.959218
7584,19,1359,-76.925048,38.960281
7584,19,1353,-76.926763,38.960799
7589,6,3417,-76.918635,38.959174
7589,6,3418,-76.918693,38.959276
7589,6,11961,-76.919781,38.959802
7589,6,2060,-76.919506,38.961679
7589,6,2061,-76.918856,38.963375
7589,6,2040,-76.919126,38.963699
7589,6,2039,-76.919861,38.961482
7589,6,2059,-76.92009,38.95987
7589,19,1341,-76.918635,38.959173
7589,19,1342,-76.918715,38.95928
6060,6,3423,-76.910143,38.96092
6060,6,3424,-76.910962,38.961079
6060,6,40395,-76.912984,38.960481
6060,6,28053,-76.915063,38.960249
6060,19,164,-76.9152474,38.95995473
6060,19,1346,-76.910145,38.960915
6060,19,1345,-76.910966,38.961084
6060,19,1344,-76.912978,38.960496
6060,19,165,-76.915086,38.96025
6061,6,28060,-76.906731,38.960991
6061,6,3425,-76.90745,38.961227
6061,19,1356,-76.90669415,38.9610003
6061,19,1347,-76.907449,38.96123
6063,6,3429,-76.902828,38.961325
6063,6,3431,-76.901162,38.962633
6063,6,3432,-76.901337,38.962715
6063,6,3430,-76.902344,38.961879
6063,19,1348,-76.902892,38.961308
6063,19,1350,-76.901134,38.962656
6063,19,1351,-76.901351,38.962704
6063,19,1349,-76.902382,38.96185
7940,6,472,-76.897172,38.964285
7940,6,28093,-76.895386,38.964238
7940,6,28092,-76.89391,38.964195
7940,6,28090,-76.891352,38.96411
7940,6,28080,-76.8894,38.963394
7940,6,28082,-76.889331,38.96354
7940,6,3452,-76.893569,38.964334
7940,6,28094,-76.894629,38.964362
7940,6,3433,-76.896412,38.964414
7940,6,3454,-76.897902,38.964444
7940,6,475,-76.894847,38.969152
7940,6,474,-76.895436,38.967798
7940,6,473,-76.896068,38.966346
7940,6,28104,-76.896649,38.965058
7940,19,332,-76.89652,38.96497
7940,19,330,-76.896038,38.966035
7940,19,334,-76.895439,38.967404
7940,19,336,-76.894826,38.968822
7940,19,337,-76.894857,38.969141
7940,19,335,-76.895435,38.967797
7940,19,331,-76.89607,38.966341
7940,19,333,-76.89663422,38.96509917
6071,6,28068,-76.886736,38.962035
6071,6,3449,-76.884997,38.961937
6071,6,3439,-76.882645,38.961317
6071,6,3448,-76.882828,38.961556
6071,6,3438,-76.884597,38.962027
6071,6,28069,-76.886892,38.962197
6071,19,925,-76.881768,38.961769
6071,19,926,-76.88203,38.96188
6072,6,28052,-76.879544,38.960016
6072,6,28047,-76.877658,38.959585
6072,6,28048,-76.877434,38.9597
6072,6,29586,-76.879387,38.960133
6072,19,1358,-76.87743,38.959697
6072,19,192,-76.879588,38.960193
6072,19,193,-76.879547,38.960027
6072,19,1357,-76.877704,38.959589
6074,6,28038,-76.87529,38.958473
6074,6,13814,-76.874295,38.957464
6074,6,28033,-76.874207,38.957675
6074,6,28039,-76.875334,38.958796
6074,19,1355,-76.87421,38.957674
6074,19,199,-76.875335,38.958797
6074,19,198,-76.875306,38.958481
6074,19,1354,-76.87431,38.957475
6135,6,987,-76.914193,38.92177
6135,6,995,-76.912953,38.923425
6135,19,595,-76.914188,38.921769
6135,19,594,-76.9129647,38.92339739
6135,19,593,-76.913148,38.923368
6135,19,598,-76.914248,38.922135
6136,6,985,-76.912805,38.925466
6136,19,599,-76.912807,38.925467
6136,19,600,-76.912992,38.9254
6138,6,984,-76.912911,38.927785
6138,6,992,-76.912645,38.929974
6138,6,982,-76.913255,38.9313
6138,19,601,-76.912911,38.927779
6138,19,603,-76.912647,38.929976
6138,19,605,-76.913252,38.931298
6138,19,606,-76.913525,38.931478
6138,19,604,-76.912798,38.929722
6138,19,602,-76.913082,38.92807
6141,6,29596,-76.940859,38.941891
6142,6,31605,-76.941642,38.945794
6163,6,3926,-76.949945,38.969957
6163,6,28875,-76.948995,38.970568
6163,19,1521,-76.950002,38.969956
6163,19,1522,-76.949808,38.970109
6165,6,28182,-76.950794,38.974002
6165,6,251,-76.951695,38.975295
6167,6,247,-76.954246,38.979206
6168,6,244,-76.95475,38.982058
6168,6,240,-76.955045,38.983563
6173,6,9,-76.984353,38.990257
6173,19,18,-76.984355,38.990257
6173,19,19,-76.984539,38.990497
6183,6,31634,-76.885306,39.009001
6183,6,31629,-76.885333,39.009108
24074,6,31636,-76.880294,39.011283
24074,6,31637,-76.878376,39.01127
24074,6,31638,-76.876298,39.011075
24074,6,4268,-76.87408,39.010163
24074,6,3219,-76.873427,39.009099
24074,6,28349,-76.873682,39.00705
24074,6,28352,-76.87365,39.007543
24074,6,3232,-76.873302,39.009247
24074,6,28360,-76.873744,39.010045
24074,6,31626,-76.875945,39.011111
24074,6,31627,-76.87806,39.011382
24074,6,31628,-76.880652,39.011385
24074,19,853,-76.87767,39.009074
24074,19,858,-76.875708,39.008704
24074,19,860,-76.875395,39.007451
24074,19,862,-76.875471,39.006588
24074,19,855,-76.875699,39.00473
24074,19,854,-76.875467,39.004862
24074,19,856,-76.875334,39.006106
24074,19,859,-76.87525707,39.00706235
24074,19,857,-76.875767,39.008927
24074,19,861,-76.878107,39.009164
6190,6,29653,-76.872984,39.005041
6190,6,29650,-76.872842,39.005126
6195,6,2111,-76.8725,39.002695
6195,6,28331,-76.87253,39.00189
6195,6,28328,-76.872974,39.000805
6195,6,1229,-76.875387,39.001155
6195,6,28326,-76.877228,39.000026
6195,6,28325,-76.877001,39.000141
6195,6,1237,-76.874838,39.001361
6195,6,30149,-76.873213,39.000668
6195,6,3223,-76.872354,39.001887
6195,6,3229,-76.87238,39.002879
6195,6,28318,-76.876765,38.998579
6195,6,28320,-76.874544,38.999201
6195,6,29695,-76.873116,39.000325
6195,6,1438,-76.878385,38.997785
6195,6,28309,-76.879367,38.996998
6195,6,28308,-76.879059,38.996902
6195,6,1366,-76.878032,38.997829
6195,6,31639,-76.874911,38.999193
6195,19,669,-76.874349,39.003042
6195,19,666,-76.875391,39.001157
6195,19,1433,-76.877228,39.000072
6195,19,1434,-76.878387,38.997787
6195,19,1429,-76.879365,38.996997
6195,19,1430,-76.879066,38.996895
6195,19,1431,-76.878032,38.997829
6195,19,1432,-76.877004,39.000141
6195,19,665,-76.874864,39.001365
6195,19,664,-76.874255,39.003297
6196,6,28871,-76.880251,38.999114
6196,6,4269,-76.882135,38.999437
6196,6,4270,-76.881968,38.999514
6196,6,28872,-76.880523,38.999034
6200,6,2113,-76.885083,38.998527
6200,6,2115,-76.885965,38.998078
6200,6,2110,-76.886801,38.996045
6200,6,2112,-76.886624,38.996097
6200,6,29694,-76.886064,38.997826
6200,6,2114,-76.884871,38.998574
6200,19,782,-76.887257,38.995823
6200,19,781,-76.886558,38.995519
6201,6,28288,-76.877526,38.993924
6201,6,28289,-76.877143,38.994294
6201,19,780,-76.877143,38.994295
6201,19,779,-76.877525,38.993921
6202,6,1762,-76.873775,38.994765
6202,6,1776,-76.874038,38.994866
6202,6,31821,-76.873458,38.993669
6202,6,31820,-76.873249,38.993935
6202,19,818,-76.874036,38.994867
6203,6,28305,-76.870708,38.996297
6203,6,28307,-76.870556,38.996532
6203,19,194,-76.870555,38.996533
6204,6,28310,-76.867888,38.997141
6204,6,13456,-76.865842,38.997883
6204,6,13455,-76.865362,38.997705
6204,6,29649,-76.867899,38.997316
6204,19,998,-76.86536,38.997706
6204,19,195,-76.867934,38.99732
6210,6,28303,-76.865299,38.995686
6210,6,28292,-76.865129,38.99437
6210,6,28284,-76.864511,38.992677
6210,6,28264,-76.864528,38.990781
6210,6,10270,-76.865101,38.988868
6210,6,10256,-76.866884,38.989175
6210,6,10261,-76.867307,38.989186
6210,6,10262,-76.864602,38.988786
6210,6,10275,-76.864318,38.990452
6210,6,28286,-76.864271,38.992707
6210,6,28290,-76.864897,38.994384
6210,6,28870,-76.865049,38.995439
6210,6,1764,-76.863783,38.991499
6210,6,1778,-76.86368,38.991781
6210,19,1169,-76.867309,38.989187
6210,19,1168,-76.864599,38.988785
6210,19,996,-76.864318,38.990449
6210,19,997,-76.864268,38.99273
6210,19,1000,-76.864898,38.994383
6210,19,999,-76.86505,38.995438
6212,6,28262,-76.870279,38.99026
6212,6,11950,-76.87243,38.990687
6212,6,11934,-76.872731,38.990611
6212,6,1481,-76.870693,38.990202
6212,19,789,-76.870432,38.990059
6215,6,28267,-76.877194,38.991109
6215,6,42445,-76.878342,38.989142
6215,6,28244,-76.87764,38.987651
6215,6,29654,-76.87646,38.986226
6215,6,3222,-76.876321,38.986306
6215,6,28247,-76.877604,38.987933
6215,6,568,-76.877955,38.989986
6215,6,8088,-76.876693,38.991093
6215,19,186,-76.876312,38.986299
6215,19,819,-76.8776,38.987942
6215,19,822,-76.877953,38.989987
6215,19,826,-76.876696,38.991102
6215,19,821,-76.8771742,38.99112054
6215,19,823,-76.878304,38.989766
6215,19,820,-76.87765,38.987669
6215,19,187,-76.876454,38.986227
6215,19,788,-76.877525,38.988112
6218,6,29655,-76.872092,38.983596
6218,6,11941,-76.870227,38.983404
6218,6,29656,-76.868521,38.982483
6218,6,7995,-76.867623,38.981294
6218,6,1296,-76.865471,38.981623
6218,6,570,-76.867417,38.98139
6218,6,7887,-76.868961,38.983149
6218,6,11946,-76.870251,38.983607
6218,6,569,-76.87192,38.983733
6218,19,695,-76.865473,38.981627
6218,19,816,-76.867452,38.981429
6218,19,827,-76.868911,38.983123
6218,19,824,-76.870262,38.983615
6218,19,829,-76.87192,38.983737
6218,19,830,-76.872093,38.983609
6218,19,825,-76.870229,38.983413
6218,19,828,-76.868522,38.982481
6218,19,817,-76.867619,38.981295
6223,6,28203,-76.866694,38.977685
6223,6,11943,-76.866451,38.977235
6224,6,31517,-76.866376,38.975309
6224,6,31516,-76.866192,38.975345
6225,6,10312,-76.866107,38.973191
6225,6,10307,-76.865932,38.973333
6226,6,10302,-76.865697,38.970166
6226,6,10301,-76.865462,38.969881
6227,6,28102,-76.864476,38.965011
6227,6,28096,-76.864209,38.964712
6283,6,1760,-76.90563,38.996689
6283,6,29693,-76.903023,38.996275
6283,6,1761,-76.901898,38.996546
6283,6,1774,-76.90452,38.996856
6284,6,8624,-76.895497,38.995938
6284,6,14479,-76.894621,38.9963
6284,19,786,-76.894583,38.996313
6284,19,785,-76.895496,38.995941
6291,6,31822,-76.869072,38.992981
6291,6,31819,-76.868463,38.993151
6293,6,1766,-76.860285,38.991307
6293,6,28268,-76.858584,38.991205
6293,6,28270,-76.860351,38.991586
6295,6,1767,-76.852618,38.990794
6295,6,1781,-76.853335,38.991172
6295,19,783,-76.85262,38.990795
6295,19,784,-76.853318,38.991181
6296,6,1620,-76.840557,38.991436
6296,6,28271,-76.840159,38.991638
6297,6,28263,-76.83765,38.990704
6297,6,29660,-76.836254,38.989421
6297,6,28255,-76.837189,38.987818
6297,6,28251,-76.837128,38.987687
6297,6,29662,-76.835922,38.989857
6297,6,28266,-76.837254,38.990967
6298,6,31609,-76.833033,38.990811
6298,6,28265,-76.831026,38.990852
6298,6,31608,-76.833067,38.991096
6300,6,11896,-76.828159,38.990676
6300,6,11897,-76.826919,38.990852
6301,6,22968,-76.823464,38.991046
6301,6,28273,-76.822705,38.991942
6301,6,22982,-76.823589,38.991153
6308,6,1656,-76.839416,38.985519
6308,6,1746,-76.840595,38.984585
6308,6,1745,-76.842286,38.983571
6308,6,1744,-76.843732,38.982702
6308,6,1730,-76.843927,38.982428
6308,6,1731,-76.842506,38.983261
6308,6,1732,-76.840829,38.98427
6308,6,28236,-76.838642,38.986078
6312,6,1743,-76.846754,38.98091
6312,6,1742,-76.848469,38.980126
6312,6,1728,-76.848674,38.979883
6312,6,1729,-76.847116,38.980548
6314,6,1741,-76.851272,38.979003
6314,6,1727,-76.851449,38.978781
6315,6,1026,-76.854656,38.976827
6315,6,28191,-76.855408,38.975252
6315,6,1025,-76.855268,38.975147
6315,6,1032,-76.854478,38.976918
6315,6,1726,-76.853912,38.977923
6319,6,1024,-76.857836,38.972445
6319,6,1029,-76.858801,38.97096
6319,6,1028,-76.858991,38.968971
6319,6,1022,-76.858747,38.968587
6319,6,1023,-76.8587,38.970667
6319,6,1030,-76.857387,38.972725
6321,6,31607,-76.858926,38.966222
6321,6,28095,-76.859467,38.9644
6321,6,1021,-76.858715,38.965773
6352,6,8106,-77.071675,38.907394
6353,6,6562,-77.069829,38.905832
6353,6,8102,-77.068881,38.906649
6353,6,6381,-77.067973,38.907698
6353,6,6414,-77.068906,38.908794
7804,6,6401,-77.038755,38.909564
7804,6,6422,-77.036769,38.909575
7804,6,6399,-77.034775,38.909575
7804,6,7844,-77.036362,38.909707
7804,6,6421,-77.038235,38.909721
7804,6,6400,-77.036431,38.909518
7804,6,7845,-77.036422,38.911014
7804,6,7846,-77.036399,38.912919
7804,6,2376,-77.036357,38.914459
7804,6,7847,-77.036614,38.914245
7804,6,7926,-77.036632,38.912083
7804,6,7927,-77.036624,38.909825
7804,15,11789,-77.036591,38.909859
6421,6,6053,-76.983128,38.932892
6421,6,6058,-76.982594,38.933046
6428,6,6055,-76.976454,38.933071
6428,6,27785,-76.974123,38.933473
6428,6,8034,-76.974126,38.934978
6428,6,8033,-76.974123,38.937143
6428,6,8032,-76.974123,38.939551
6428,6,6595,-76.97173,38.938135
6428,6,4727,-76.972014,38.938491
6428,6,4728,-76.973521,38.939554
6428,6,9511,-76.974245,38.938403
6428,6,8030,-76.974251,38.93634
6428,6,10930,-76.974245,38.933292
6428,6,6056,-76.976921,38.933172
6430,6,27945,-76.975778,38.944492
6464,6,4856,-77.020072,38.928524
6464,6,5601,-77.019772,38.9293
6464,6,5602,-77.018466,38.929494
24560,6,30000,-76.957636,38.809208
24560,6,30026,-76.955925,38.80787
24560,6,30027,-76.955976,38.807991
24560,19,734,-76.957903,38.805647
24560,19,732,-76.957328,38.806287
24560,19,740,-76.955887,38.807928
24560,19,741,-76.956,38.808008
24560,19,733,-76.957354,38.806467
24560,19,735,-76.958059,38.805683
6488,6,1514,-76.953217,38.809068
6488,6,1515,-76.951901,38.810326
6488,6,1516,-76.950286,38.811835
6488,6,1517,-76.948495,38.8126
6488,6,1518,-76.946584,38.813425
6488,6,3916,-76.946635,38.815669
6488,6,3921,-76.947075,38.815861
6488,6,3915,-76.946104,38.81445
6488,6,1522,-76.948336,38.812869
6488,6,1521,-76.950237,38.812014
6488,6,1520,-76.951738,38.810635
6488,6,1519,-76.953354,38.809062
6488,19,1508,-76.944999,38.814258
6488,19,1512,-76.94663747,38.81569108
6488,19,1513,-76.947073,38.815865
6488,19,1507,-76.945041,38.814098
6488,19,743,-76.953173,38.809119
6488,19,736,-76.951913,38.810325
6488,19,745,-76.950207,38.811902
6488,19,738,-76.948362,38.812738
6488,19,742,-76.94646,38.813467
6488,19,1486,-76.946095,38.814363
6488,19,739,-76.948492,38.812793
6488,19,746,-76.950238,38.81202
6488,19,737,-76.951737,38.810643
6488,19,744,-76.953437,38.809004
6489,6,3917,-76.949252,38.817765
6489,6,3920,-76.949703,38.818179
6489,19,1487,-76.949265,38.817812
6489,19,1488,-76.949695,38.818127
6500,6,4104,-76.953777,38.828647
6500,6,29602,-76.953372,38.828721
6513,6,14484,-76.950001,38.844247
6513,6,14483,-76.950487,38.844206
6514,6,761,-76.95214,38.847152
6514,6,753,-76.952327,38.846651
6560,6,4447,-77.045702,38.931336
6560,6,4445,-77.0457,38.931547
6560,6,4446,-77.046565,38.93244
6560,6,27778,-77.045627,38.933051
6560,6,27772,-77.044338,38.932714
6560,6,7981,-77.044007,38.932706
6560,6,27773,-77.046383,38.932868
6561,6,5593,-77.043921,38.92941
6561,6,5594,-77.041887,38.928766
6561,6,14661,-77.042861,38.92788
6561,6,4444,-77.04403,38.92944
6574,6,28877,-77.039963,38.927242
6595,6,6535,-77.068817,38.937288
6595,6,6536,-77.065915,38.937266
6595,6,6528,-77.066199,38.937395
6595,6,6529,-77.068478,38.937384
6596,6,27842,-77.063484,38.937301
6596,6,27841,-77.063186,38.93743
6616,6,6583,-76.986361,38.937192
6616,6,6582,-76.986898,38.937301
6625,6,5331,-76.976397,38.925538
6625,6,27675,-76.974386,38.925538
6625,6,5332,-76.972336,38.925538
6625,6,5333,-76.970363,38.925543
6625,6,5334,-76.96996,38.925636
6625,6,5335,-76.971552,38.925636
6625,6,27677,-76.974056,38.92565
6625,6,5336,-76.976064,38.925642
6631,6,13903,-76.962369,38.923743
6631,6,14620,-76.960873,38.924143
6631,6,14621,-76.959784,38.924208
6631,6,13490,-76.962405,38.923447
6631,6,27668,-76.959616,38.924858
6634,6,30148,-76.958037,38.923016
6634,6,27627,-76.956314,38.921824
6634,6,8667,-76.956796,38.920665
6636,6,41550,-76.953905,38.920375
6636,6,41551,-76.952251,38.921046
6639,6,1244,-76.960347,38.922057
6642,6,27693,-76.959079,38.926867
6643,6,27703,-76.957172,38.928196
6643,6,31538,-76.956319,38.926982
6643,6,31539,-76.9565,38.926897
6645,6,30134,-76.955527,38.925058
6668,6,28725,-77.019256,38.937301
6668,6,14938,-77.016772,38.938346
6668,6,14937,-77.015296,38.939642
6668,6,14936,-77.015066,38.940201
6668,6,14939,-77.016799,38.938488
6668,6,14943,-77.018865,38.937841
6670,6,14934,-77.013485,38.941916
6670,6,6723,-77.012312,38.943388
6670,6,6728,-77.0118,38.944229
6670,6,14935,-77.013209,38.942294
6676,6,5529,-77.008628,38.946355
6676,6,5528,-77.007104,38.945985
6676,6,5531,-77.005434,38.944963
6676,6,27946,-77.003828,38.944459
6676,6,7287,-77.004449,38.942604
6676,6,27928,-77.004274,38.943031
6676,6,5526,-77.003675,38.944267
6676,6,5527,-77.005085,38.944999
6676,6,5530,-77.006857,38.945999
6676,6,27955,-77.008828,38.945887
6679,6,5303,-77.004011,38.940678
6679,6,27881,-77.001925,38.940678
6679,6,27880,-76.99947,38.940653
6679,6,27885,-77.000285,38.940817
6679,6,27884,-77.001493,38.940823
6679,6,27887,-77.002927,38.940815
6723,6,28304,-77.040781,38.996204
6723,6,29714,-77.042089,38.995694
6723,6,28302,-77.042369,38.995324
6723,17,1904,-77.042343,38.99535
6723,17,1922,-77.040799,38.99622
6723,17,1924,-77.042137,38.995663
18963,6,28299,-77.045352,38.995025
18963,6,28287,-77.051779,38.994011
18963,6,29734,-77.052279,38.993515
18963,6,28298,-77.045207,38.994784
18963,17,2690,-77.05902,38.996303
18963,17,3166,-77.056244,38.996258
18963,17,3168,-77.054427,38.99513
18963,17,6144,-77.052869,38.994689
18963,17,6146,-77.051529,38.99677
18963,17,5664,-77.051688,38.997836
18963,17,5666,-77.053139,38.996624
18963,17,5668,-77.053596,38.995625
18963,17,3170,-77.052989,38.99431
18963,17,3172,-77.051612,38.993487
18963,17,3174,-77.050919,38.993088
18963,17,3176,-77.049747,38.992416
18963,17,6920,-77.047467,38.992828
18963,17,6922,-77.04607,38.994177
18963,17,1902,-77.045235,38.994789
18963,17,6924,-77.045844,38.9947
18963,17,6926,-77.046537,38.993857
18963,17,6928,-77.047615,38.993057
18963,17,3178,-77.0496,38.992465
18963,17,3180,-77.050873,38.993195
18963,17,3182,-77.052252,38.994049
18963,17,3184,-77.054626,38.995453
18963,17,3186,-77.05632,38.996441
18963,17,6370,-77.058152,38.996819
18963,17,2692,-77.059235,38.996456
18963,17,14600,-77.045349,38.994995
18963,17,14739,-77.051777,38.994006
18963,17,6280,-77.04553,38.995315
18963,17,6282,-77.046021,38.997734
18963,17,6284,-77.046315,38.999146
18963,17,6286,-77.046012,39.000815
18963,17,5006,-77.047032,39.001697
18963,17,30082,-77.048199,39.002226
18963,17,4058,-77.049453,39.001141
18963,17,4060,-77.050526,38.999997
18963,17,3746,-77.051655,38.999369
18963,17,3744,-77.051398,38.999332
18963,17,4050,-77.050464,38.999872
18963,17,4052,-77.049431,39.001041
18963,17,4054,-77.04813,39.002185
18963,17,3532,-77.046964,39.001218
18963,17,3534,-77.047486,39.000129
18963,17,5174,-77.046641,38.999071
18963,17,10021,-77.046123,38.997503
6727,6,28281,-77.055546,38.992603
6727,6,28279,-77.055689,38.992417
6727,17,1926,-77.055379,38.992622
18881,6,28276,-77.058059,38.992359
18881,6,28280,-77.060386,38.992636
18881,6,28277,-77.060139,38.992384
18881,6,28274,-77.058125,38.992162
18881,17,3990,-77.060209,38.993066
18881,17,2688,-77.060989,38.995033
18881,17,2694,-77.061017,38.994681
18881,17,3992,-77.060354,38.99307
18881,17,1928,-77.058014,38.992367
18881,17,1930,-77.060356,38.992634
6892,6,2003,-77.064922,38.99462
6892,6,29715,-77.065898,38.996045
6892,6,28311,-77.065903,38.997256
6892,6,1985,-77.06738,38.998582
6892,6,1986,-77.069482,38.998834
6892,6,29733,-77.063018,38.993019
6892,6,29737,-77.064262,38.993332
6892,17,1892,-77.062852,38.992986
6892,17,250,-77.06352,38.992347
6892,17,1932,-77.06424,38.993336
6735,6,1995,-77.073078,38.999412
6736,6,1996,-77.07784,39.000056
6736,6,23345,-77.079672,39.000235
6736,17,3424,-77.0796,39.000063
6736,17,14897,-77.077976,38.999856
6736,17,3434,-77.076248,39.000515
6736,17,3436,-77.075013,39.001965
6736,17,3438,-77.073903,39.003424
6736,17,3478,-77.074104,39.003353
6736,17,3480,-77.07505,39.002197
6736,17,3482,-77.076584,39.000366
6736,17,3426,-77.07785,39.00005
6736,17,3428,-77.079765,39.000237
6739,6,1989,-77.082886,39.000372
6739,6,28322,-77.08519,38.999708
6739,15,13591,-77.085157,38.999706
6739,17,3420,-77.085089,38.999503
6739,17,16093,-77.083197,39.000129
6739,17,3430,-77.082848,39.00037
6739,17,3432,-77.085141,38.999713
6741,6,9957,-77.088647,38.99876
6741,6,29716,-77.090581,38.997486
6741,17,17078,-77.090398,38.997359
6741,17,15550,-77.088448,38.998627
6741,17,15552,-77.088586,38.998768
6741,17,15548,-77.090096,38.997684
6742,6,29717,-77.094166,38.997034
6742,17,14818,-77.093487,38.996867
6742,17,14819,-77.094161,38.997033
6744,6,29718,-77.100221,39.005836
6744,6,29729,-77.100255,39.005669
6745,6,20455,-77.104439,39.005468
6745,6,29727,-77.104226,39.005326
6746,6,2715,-77.110301,39.0046
6746,6,28341,-77.110706,39.004901
6746,6,2716,-77.11154,39.006441
6746,6,42226,-77.110728,39.004518
6746,6,2714,-77.109962,39.0032
6746,6,2751,-77.112035,39.006633
6746,6,29726,-77.110041,39.004468
19981,6,2717,-77.113307,39.008655
19981,6,2750,-77.114493,39.009965
19981,6,2718,-77.114736,39.009765
19981,17,266,-77.114334,39.010281
19981,17,268,-77.112603,39.011102
19981,17,270,-77.110724,39.011894
19981,17,272,-77.108566,39.01202
19981,17,3648,-77.107434,39.013077
19981,17,3650,-77.106092,39.01414
19981,17,5004,-77.107131,39.014853
19981,17,4988,-77.107116,39.014757
19981,17,4990,-77.106415,39.014404
19981,17,4992,-77.104605,39.01454
19981,17,4994,-77.102615,39.015767
19981,17,4998,-77.102913,39.01578
19981,17,5000,-77.104436,39.014685
19981,17,5002,-77.105963,39.014411
19981,17,3652,-77.107277,39.013252
19981,17,3654,-77.108192,39.012315
19981,17,274,-77.11108,39.011828
19981,17,276,-77.112721,39.01116
19981,17,278,-77.114076,39.010511
6751,6,29719,-77.117578,39.013684
6751,6,2748,-77.116686,39.012571
6751,6,14739,-77.117629,39.013278
6751,6,2719,-77.116401,39.011681
6751,17,5726,-77.118134,39.012894
6751,17,14812,-77.116294,39.011577
6751,17,14798,-77.116728,39.012588
6751,17,5728,-77.118254,39.012988
6756,6,29720,-77.119676,39.016901
6756,6,2746,-77.120604,39.018507
6756,6,2722,-77.121206,39.019452
6756,6,28385,-77.121992,39.020669
6756,6,2724,-77.123234,39.022299
6756,6,2743,-77.12356,39.02217
6756,6,28386,-77.122627,39.020907
6756,6,2744,-77.121753,39.019696
6756,6,2721,-77.120678,39.017994
6756,6,28376,-77.120049,39.016895
6756,17,3120,-77.122007,39.022409
6756,17,3142,-77.121688,39.022495
6756,17,14824,-77.123235,39.022716
6759,6,1271,-77.126596,39.024519
6759,6,28392,-77.128442,39.02385
6759,6,1282,-77.131321,39.02322
6759,6,1283,-77.131643,39.022864
6759,6,1273,-77.130119,39.023168
6759,6,28391,-77.128545,39.023521
6759,6,2742,-77.125066,39.024201
6759,17,8900,-77.12463,39.02421
6860,6,2994,-77.132487,39.024839
6860,6,22054,-77.132374,39.026566
6860,6,29721,-77.132056,39.028854
6860,6,28408,-77.138274,39.029851
6860,6,28404,-77.138985,39.028533
6860,6,28400,-77.139219,39.026667
6860,6,28399,-77.137777,39.025752
6860,6,1287,-77.136644,39.024974
6860,6,20980,-77.135927,39.024179
6860,6,1274,-77.133958,39.022195
6860,6,20955,-77.134361,39.022398
6860,6,28393,-77.135422,39.023911
6860,6,2654,-77.136405,39.025144
6860,6,28398,-77.137413,39.025834
6860,15,11916,-77.138798,39.027658
6860,15,11917,-77.138565,39.028999
6860,15,11919,-77.132467,39.028993
6860,15,11920,-77.132717,39.024705
6860,15,11921,-77.135447,39.023904
6860,15,11922,-77.136366,39.025071
6860,17,2210,-77.137779,39.025764
6860,17,8408,-77.136419,39.025605
6860,17,8409,-77.134835,39.026897
6860,17,8410,-77.132735,39.027004
6860,17,5480,-77.131165,39.026615
6860,17,8412,-77.132706,39.027234
6860,17,8414,-77.134953,39.027099
6860,17,2208,-77.13736,39.025822
6860,17,5494,-77.133062,39.029649
6860,17,15362,-77.132378,39.029121
6860,17,15358,-77.132766,39.024697
6860,17,2204,-77.13458,39.020891
6860,17,1734,-77.133917,39.02218
6860,17,15360,-77.132492,39.024841
6860,17,17460,-77.132636,39.026629
6860,17,2216,-77.13468,39.020759
6763,6,28410,-77.135806,39.030273
6763,15,11918,-77.135817,39.030096
6763,17,5492,-77.13576,39.030077
6767,6,29722,-77.142472,39.025716
6767,17,17626,-77.142648,39.02586
6767,17,17620,-77.143056,39.026023
6767,17,17621,-77.142959,39.026081
6767,17,17624,-77.142788,39.025917
6774,6,2711,-77.10863,38.99502
6774,6,2712,-77.108838,38.996387
6774,6,2755,-77.109042,38.997886
6774,17,4672,-77.108641,38.994998
6774,17,4674,-77.108833,38.996391
6774,17,4676,-77.10906,38.997953
6774,17,14817,-77.109307,38.997265
6774,17,4714,-77.108831,38.995258
6787,6,2195,-76.917288,38.882819
6787,6,2187,-76.91713,38.882798
6788,6,2194,-76.918289,38.880885
6788,6,26959,-76.918939,38.879583
6788,6,2184,-76.919711,38.878109
6788,6,2191,-76.920563,38.876489
6788,6,2183,-76.920528,38.87624
6788,6,40036,-76.919675,38.877925
6788,6,26958,-76.918816,38.879572
6788,6,2186,-76.918283,38.880586
6788,19,1092,-76.916683,38.880361
6792,6,26857,-76.922278,38.873176
6792,6,26858,-76.922047,38.87333
6793,6,2189,-76.92317,38.87145
6793,6,2324,-76.92249,38.87057
6793,6,2325,-76.920546,38.869962
6793,6,2365,-76.920747,38.870179
6793,6,2181,-76.92261,38.870823
6793,19,547,-76.919601,38.871394
6793,19,1017,-76.920752,38.870172
6793,19,1016,-76.921597,38.870408
6793,19,1010,-76.92261,38.87082
6793,19,1006,-76.924918,38.872182
6793,19,1004,-76.92667,38.872611
6793,19,1003,-76.926462,38.872433
6793,19,1005,-76.924539,38.871865
6793,19,1009,-76.923756,38.871377
6793,19,1015,-76.922484,38.870564
6793,19,546,-76.919459,38.871334
6796,6,2364,-76.918096,38.86886
6796,6,2326,-76.917599,38.868649
6799,6,26780,-76.916833,38.866285
6799,6,2362,-76.916215,38.865271
6799,6,2329,-76.914568,38.863846
6799,6,2361,-76.914502,38.86404
6799,6,2328,-76.915541,38.864893
6799,6,29614,-76.916729,38.866644
6799,6,29668,-76.916459,38.863317
6799,6,29669,-76.915406,38.864517
6799,6,29670,-76.916635,38.864498
6799,6,29671,-76.916824,38.863366
6799,19,517,-76.916818,38.863363
6799,19,516,-76.916451,38.863317
6799,19,1558,-76.914076,38.864387
6800,6,2360,-76.912511,38.862144
6800,6,26708,-76.912375,38.862295
6801,6,2359,-76.910784,38.860708
6801,6,2331,-76.910557,38.860782
6802,6,16227,-76.908752,38.859193
6802,6,2358,-76.907272,38.858384
6802,6,2357,-76.905483,38.857551
6802,6,2333,-76.905152,38.857571
6802,6,2332,-76.906968,38.858472
6802,6,16228,-76.908616,38.859346
7317,6,2356,-76.903108,38.856368
7317,6,2355,-76.901547,38.855595
7317,6,1549,-76.898859,38.854222
7317,6,2774,-76.900535,38.855315
7317,6,2334,-76.90271,38.8564
7317,6,2771,-76.906215,38.853657
7317,6,2772,-76.904024,38.854296
7317,6,29373,-76.901655,38.855008
7317,6,1218,-76.899036,38.855515
7317,6,1219,-76.898961,38.856727
7317,6,1220,-76.898816,38.85813
7317,6,1215,-76.898684,38.859642
7317,6,26690,-76.898323,38.861374
7317,6,26715,-76.897677,38.862585
7317,6,26727,-76.896622,38.863446
7317,6,4287,-76.898008,38.862369
7317,6,26689,-76.898517,38.861303
7317,6,1221,-76.898829,38.860042
7317,6,1214,-76.899005,38.858006
7317,6,1213,-76.899133,38.856521
7317,6,1212,-76.899235,38.855373
7317,6,2335,-76.901733,38.855208
7317,6,3709,-76.903168,38.854781
7317,6,2775,-76.906236,38.853874
7317,6,2336,-76.898707,38.854732
7317,6,1553,-76.898981,38.854781
7317,6,26730,-76.89738,38.863635
7317,19,654,-76.89856,38.86126
7317,19,656,-76.89885,38.860045
7317,19,658,-76.899146,38.856521
7317,19,660,-76.89925,38.855356
7317,19,1001,-76.898868,38.854213
7317,19,659,-76.899057,38.85552
7317,19,657,-76.898965,38.856726
7317,19,655,-76.89871,38.859645
7317,19,636,-76.898336,38.861364
7317,19,1159,-76.906258,38.853649
7317,19,1158,-76.904067,38.854304
7317,19,1161,-76.902977,38.854641
7317,19,1163,-76.901676,38.855022
7317,19,1164,-76.90174678,38.85520161
7317,19,1162,-76.903194,38.854775
7317,19,1165,-76.904113,38.854496
7317,19,1160,-76.906523,38.853786
6808,6,10213,-76.896538,38.853016
6808,6,2337,-76.896551,38.853298
6808,19,1007,-76.896531,38.853035
6808,19,1008,-76.896545,38.85328
6808,19,910,-76.896199,38.853508
6808,19,911,-76.896671,38.853461
6809,6,2338,-76.89308,38.852068
6809,6,2353,-76.893652,38.852386
6809,19,1020,-76.893104,38.852066
6809,19,1021,-76.893599,38.852366
6810,6,2352,-76.89072,38.851547
6810,6,2339,-76.890236,38.851616
6810,19,1022,-76.890735,38.851542
6810,19,1023,-76.890249,38.851615
6935,6,26511,-76.887307,38.850188
6935,6,2350,-76.882913,38.84967
6935,6,26500,-76.881441,38.849284
6935,6,2348,-76.879098,38.848128
6935,6,2343,-76.879228,38.848399
6935,6,26497,-76.881054,38.849303
6935,6,2341,-76.882362,38.849805
6935,6,4719,-76.886813,38.850218
6935,6,45668,-76.885317,38.848909
6935,6,26473,-76.885246,38.84761
6935,6,2925,-76.884864,38.844606
6935,6,2932,-76.884579,38.844587
6935,6,45670,-76.884998,38.847758
6935,6,45671,-76.885036,38.848895
6935,6,26449,-76.883144,38.845694
6935,6,29638,-76.882807,38.846979
6935,6,29639,-76.882983,38.848536
6935,6,29980,-76.881039,38.84981
6935,6,26516,-76.880823,38.850983
6935,6,26542,-76.880463,38.852613
6935,6,26556,-76.880477,38.85329
6935,6,26520,-76.880968,38.850975
6935,19,1002,-76.887271,38.850169
6935,19,701,-76.885322,38.848882
6935,19,747,-76.885249,38.847553
6935,19,703,-76.884886,38.844599
6935,19,702,-76.884599,38.844578
6935,19,1203,-76.88498494,38.8477289
6935,19,700,-76.885026,38.848836
6935,19,1024,-76.886826,38.850211
6816,6,2344,-76.87707,38.846892
6816,6,2346,-76.87526,38.845456
6816,6,2345,-76.87495,38.84547
6816,6,2347,-76.876687,38.846864
6816,19,1118,-76.873932,38.845745
6816,19,748,-76.87291,38.846544
6817,6,29610,-76.861638,38.833919
6818,6,29611,-76.861238,38.832083
6819,6,29613,-76.875801,38.832588
6819,6,29629,-76.875948,38.83239
6820,6,14537,-76.876106,38.835555
6820,6,29628,-76.8762,38.836292
6821,6,14536,-76.87584,38.838356
6821,6,29627,-76.876085,38.838213
16875,6,45619,-77.097666,39.004877
16875,15,14197,-77.097187,39.004141
16875,17,5506,-77.097203,39.004088
16875,17,5508,-77.097331,39.007036
16875,17,5510,-77.097299,39.008577
16875,17,5642,-77.097656,39.007657
16875,17,5644,-77.097611,39.005429
6886,6,28233,-77.086762,38.985497
6886,6,28234,-77.087629,38.985796
6887,6,28246,-77.082872,38.987849
6887,6,28252,-77.08225,38.988216
18905,6,28245,-77.077739,38.987835
18905,6,28249,-77.076231,38.987988
18905,6,28250,-77.076498,38.988079
18905,17,1230,-77.077034,38.978142
18905,17,1232,-77.077058,38.979651
18905,17,1234,-77.077042,38.980892
18905,17,1236,-77.076989,38.982086
18905,17,1238,-77.077011,38.983693
18905,17,1240,-77.077017,38.985341
18905,17,1242,-77.077042,38.986923
18905,17,1244,-77.07704,38.987451
18905,17,1884,-77.076255,38.987993
18905,17,3590,-77.074911,38.986534
18905,17,3592,-77.071988,38.986728
18905,17,3616,-77.072026,38.986804
18905,17,3618,-77.074219,38.986797
18905,17,1434,-77.07729,38.985268
18905,17,1436,-77.077289,38.983968
18905,17,1438,-77.077302,38.982342
18905,17,1440,-77.077309,38.9813
18905,17,1442,-77.07724,38.979733
18905,17,1444,-77.077278,38.978024
18905,17,1432,-77.077245,38.98688
6890,6,29736,-77.073611,38.988558
6890,6,28256,-77.073881,38.98869
6890,17,1886,-77.073685,38.988564
6890,17,1938,-77.073868,38.988689
6902,6,28257,-77.070891,38.989005
6902,6,29738,-77.068854,38.991356
6902,6,28260,-77.069941,38.989901
6902,17,1888,-77.070939,38.988987
6902,17,1934,-77.068886,38.991333
6902,17,1936,-77.069932,38.989911
6924,6,29011,-76.91223,38.824369
6924,6,29010,-76.912098,38.824479
6927,6,9569,-76.91029,38.822421
6927,6,29633,-76.908354,38.821328
6927,6,2239,-76.905901,38.820075
6927,6,29634,-76.904468,38.819503
6927,6,9571,-76.903939,38.81936
6927,6,2232,-76.906143,38.820355
6927,6,41549,-76.908885,38.821813
6927,6,9570,-76.910649,38.82284
6927,19,345,-76.910299,38.822414
6927,19,348,-76.908372,38.821346
6927,19,343,-76.90591417,38.82009568
6927,19,341,-76.90453459,38.81954914
6927,19,338,-76.903936,38.819366
6927,19,342,-76.906141,38.820355
6927,19,347,-76.908012,38.821308
6927,19,344,-76.910673,38.822858
6930,6,40042,-76.901329,38.816847
6930,6,40028,-76.899287,38.814965
6930,6,40029,-76.899141,38.815053
6930,6,9529,-76.90038,38.816171
6930,19,340,-76.901341,38.816834
6930,19,346,-76.899247,38.814934
6930,19,178,-76.899175,38.815082
6930,19,339,-76.900384,38.816169
6932,6,42496,-76.878656,38.828189
6932,6,14538,-76.878612,38.828776
6936,6,4212,-76.892116,38.844097
6936,6,4213,-76.891943,38.843943
6940,6,41497,-76.894517,38.843346
6940,6,26403,-76.896853,38.843118
6940,6,26404,-76.898608,38.842924
6940,6,10467,-76.900651,38.843916
6940,6,1876,-76.900538,38.84374
6940,6,29626,-76.898862,38.842913
6940,6,42243,-76.896654,38.843061
6940,6,30083,-76.895016,38.84317
6941,6,10490,-76.90399,38.844826
6941,6,10492,-76.903799,38.844642
6945,6,2082,-76.903424,38.847316
6945,6,26487,-76.901686,38.848673
6945,6,3897,-76.902956,38.849117
6945,6,3899,-76.902727,38.848939
6945,6,3898,-76.901188,38.848339
6945,6,2084,-76.903621,38.847536
6943,6,29973,-76.899892,38.845941
6943,6,30080,-76.898647,38.847237
6943,6,29624,-76.898861,38.847484
6943,6,29625,-76.899544,38.846144
6947,6,3900,-76.905677,38.849539
6947,6,2921,-76.905907,38.85081
6947,6,2936,-76.906644,38.850684
6947,6,29623,-76.905599,38.849339
6949,6,3681,-76.913319,38.852534
6949,6,3682,-76.915483,38.852326
6949,6,26533,-76.914522,38.852109
6949,6,3680,-76.91192,38.852474
6951,6,26536,-76.918088,38.852222
6951,6,3686,-76.919808,38.851827
6951,6,3694,-76.919364,38.851635
6951,6,26530,-76.917825,38.851942
6953,6,3689,-76.922392,38.851071
6953,6,3688,-76.922535,38.85064
6990,6,6288,-77.008457,38.957533
6990,6,28040,-77.007426,38.958936
6990,6,6289,-77.007689,38.958837
6990,6,6300,-77.008497,38.957752
6997,6,2493,-77.000233,38.968469
6997,6,28133,-77.000552,38.968593
6998,6,2494,-76.998616,38.970667
6998,6,28152,-76.99853,38.971311
6999,6,28176,-76.996835,38.972717
7010,6,28295,-76.985621,38.994546
7010,6,2510,-76.984784,38.996121
7010,6,2577,-76.984833,38.996634
7010,6,28297,-76.98584,38.994738
7010,17,7734,-76.985623,38.994571
7010,17,4454,-76.984779,38.996135
7010,17,4494,-76.984846,38.996625
7010,17,4496,-76.985832,38.994736
7017,6,3736,-76.982081,39.003632
7017,6,28339,-76.982024,39.004372
7017,6,28342,-76.981852,39.005285
7017,6,3740,-76.98436,39.006236
7017,6,2668,-76.986482,39.0078
7017,6,2673,-76.984559,39.007831
7017,6,28350,-76.982568,39.007019
7017,6,11981,-76.980889,39.006825
7017,6,21649,-76.979742,39.008053
7017,6,2580,-76.980121,39.007937
7017,6,2675,-76.980622,39.006951
7017,6,28351,-76.982265,39.007244
7017,6,2669,-76.984245,39.007839
7017,6,2672,-76.986628,39.007918
7017,6,3739,-76.984211,39.006044
7017,6,28340,-76.982142,39.005005
7017,6,3742,-76.982441,39.003819
7017,6,11980,-76.980456,39.004274
7017,17,6124,-76.982079,39.003632
7017,17,6126,-76.982031,39.00438
7017,17,6128,-76.981865,39.005159
7017,17,6130,-76.984323,39.006245
7017,17,4602,-76.986436,39.007881
7017,17,4604,-76.984558,39.007832
7017,17,4606,-76.982557,39.007028
7017,17,4608,-76.980895,39.006828
7017,17,4456,-76.979729,39.008068
7017,17,192,-76.980592,39.007878
7017,17,4610,-76.980717,39.006969
7017,17,4612,-76.982296,39.007255
7017,17,4614,-76.984239,39.007824
7017,17,4616,-76.98663,39.007928
7017,17,6118,-76.984154,39.006041
7017,17,6120,-76.98214,39.005024
7017,17,6122,-76.982414,39.00383
7017,17,8886,-76.980124,39.00788
7022,6,2514,-76.978924,39.011031
7022,6,2581,-76.979188,39.011259
7022,6,29708,-76.977851,39.011102
7022,6,11963,-76.976299,39.00985
7022,17,4458,-76.978895,39.011094
7022,17,190,-76.980218,39.010231
7022,17,4488,-76.979073,39.011631
7023,6,2516,-76.977762,39.015018
7023,6,2583,-76.977966,39.015555
7023,17,4460,-76.97818,39.013683
7023,17,4462,-76.977753,39.015083
7023,17,4492,-76.977944,39.015574
7024,6,2518,-76.97658,39.020691
7024,6,2585,-76.977169,39.022143
7024,6,2519,-76.977462,39.021855
7024,6,2584,-76.976865,39.020466
7024,17,5036,-76.977898,39.021931
7024,17,4464,-76.976573,39.020745
7024,17,4466,-76.977095,39.022004
7024,17,14753,-76.977437,39.021836
7024,17,4490,-76.976917,39.020512
7026,6,2520,-76.979234,39.024467
7026,6,2586,-76.979755,39.024546
7026,17,4468,-76.979268,39.024433
7026,17,4486,-76.979625,39.024628
7027,6,28401,-76.981535,39.026865
7027,17,4470,-76.981559,39.026897
19719,6,2522,-76.98329,39.029429
19719,6,4277,-76.986413,39.034017
19719,6,2524,-76.986483,39.033573
19719,6,2523,-76.984765,39.031838
19719,6,16244,-76.983647,39.029355
19719,17,9936,-76.98335,39.029564
19719,17,16023,-76.986397,39.034023
19719,17,4482,-76.98631,39.03361
19719,17,8918,-76.98502,39.032178
19719,17,15334,-76.983627,39.029404
19719,17,5780,-76.986906,39.032975
19719,17,17047,-76.989263,39.030784
19719,17,3524,-76.987617,39.025761
19719,17,1502,-76.987267,39.025802
19719,17,1504,-76.986976,39.026505
19719,17,1506,-76.986976,39.026505
19719,17,962,-76.984178,39.029496
19719,17,1846,-76.987526,39.02457
19719,17,1848,-76.986725,39.022602
19719,17,3988,-76.986801,39.021709
19719,17,1774,-76.987678,39.021663
19719,17,628,-76.989777,39.021534
19719,17,1498,-76.987964,39.021589
19719,17,1500,-76.988163,39.023645
19719,17,1508,-76.984479,39.030712
19719,17,1510,-76.98564,39.029448
19719,17,1512,-76.986693,39.027891
19719,17,1514,-76.987386,39.025931
19719,17,3526,-76.988561,39.025939
19719,17,5774,-76.989349,39.030552
19719,17,5776,-76.987885,39.031944
19719,17,5778,-76.986664,39.033062
7030,6,40018,-76.989243,39.037362
7030,6,2591,-76.989647,39.037031
7030,17,16017,-76.989241,39.037374
7030,17,4484,-76.989506,39.037033
7036,6,4809,-76.990051,39.039103
7036,6,28436,-76.990812,39.040656
7036,6,28439,-76.987882,39.041004
7036,6,28433,-76.989369,39.040393
7036,6,2527,-76.990445,39.038952
7036,6,2593,-76.991732,39.038977
7036,6,21668,-76.98928,39.040237
7036,6,39745,-76.987761,39.040884
7036,6,29829,-76.985498,39.04118
7036,6,28783,-76.983605,39.041325
7036,6,28784,-76.981404,39.041528
7036,6,29828,-76.981477,39.041632
7036,6,28788,-76.983402,39.0415
7036,6,28790,-76.985856,39.041306
7036,6,21663,-76.991637,39.039207
7036,17,30136,-76.988596,39.040543
7036,17,30134,-76.988641,39.040683
7036,17,4479,-76.990087,39.0391
7036,17,15316,-76.989168,39.040297
7036,17,9678,-76.985604,39.041167
7036,17,9716,-76.98361,39.041348
7036,17,9718,-76.981408,39.041546
7036,17,9458,-76.981483,39.041641
7036,17,9460,-76.983373,39.041503
7036,17,9462,-76.985809,39.041328
7036,17,8532,-76.987884,39.041003
7036,17,8734,-76.989446,39.040385
7036,17,4480,-76.990508,39.039033
7036,17,8732,-76.990981,39.040409
7036,17,4478,-76.990829,39.040535
8982,6,28449,-76.987831,39.045602
8982,6,29760,-76.989142,39.044731
8982,6,28797,-76.980718,39.044824
8982,6,3512,-76.981955,39.04569
8982,6,3511,-76.984182,39.045364
8982,6,4356,-76.986224,39.046181
8982,6,4338,-76.986349,39.046057
8982,6,28789,-76.984227,39.045208
8982,6,28786,-76.981943,39.045498
8982,17,30152,-76.981196,39.045231
8982,17,30133,-76.981265,39.045097
8982,17,9720,-76.980766,39.044899
8982,17,9722,-76.981972,39.045708
8982,17,9724,-76.9842,39.045376
8982,17,9726,-76.986253,39.046218
8982,17,8526,-76.98632,39.046051
8982,17,9452,-76.984144,39.045226
8982,17,9454,-76.981809,39.045491
7035,6,28445,-76.987656,39.042796
7080,6,14840,-77.053911,38.927875
7080,6,27699,-77.054157,38.927864
7082,6,27724,-77.055009,38.92976
7082,6,4909,-77.056035,38.93153
7082,6,4947,-77.056206,38.931383
7082,6,27735,-77.055528,38.93019
7083,6,4910,-77.057079,38.933339
7083,6,4946,-77.057553,38.93369
7091,6,4918,-77.065401,38.947641
7091,6,4919,-77.066459,38.949474
7091,6,12609,-77.06712,38.9506
7091,6,4920,-77.067927,38.951976
7091,6,4921,-77.069034,38.953814
7091,6,4936,-77.069059,38.953475
7091,6,4937,-77.067922,38.951532
7091,6,12610,-77.067567,38.950912
7091,6,4938,-77.066992,38.949923
7091,6,4939,-77.066003,38.948202
7091,6,27963,-77.065007,38.946512
7128,6,4515,-76.948179,38.868734
7129,6,4516,-76.945174,38.87037
7129,6,26821,-76.943832,38.870653
24198,6,9786,-76.940282,38.869373
24198,6,27258,-76.948668,38.895622
24198,6,27259,-76.948777,38.895627
24198,6,4588,-76.949719,38.89454
24198,6,27213,-76.950643,38.893279
24198,6,5967,-76.951509,38.89209
24198,6,6696,-76.951997,38.888571
24198,6,27066,-76.951185,38.887766
24198,6,6685,-76.949533,38.88619
24198,6,6693,-76.948378,38.884995
24198,6,27008,-76.947365,38.883765
24198,6,26998,-76.946863,38.882992
24198,6,6946,-76.94503,38.881025
24198,6,6947,-76.943964,38.881466
24198,6,6948,-76.942688,38.882258
24198,6,6949,-76.941422,38.883568
24198,6,10945,-76.940565,38.885582
24198,6,10943,-76.940292,38.887398
24198,6,5564,-76.940637,38.886659
24198,6,27039,-76.940696,38.885804
24198,6,3828,-76.94103,38.884587
24198,6,3901,-76.941551,38.883647
24198,6,4110,-76.94286,38.882304
24198,6,6950,-76.944252,38.881471
24198,6,6690,-76.945839,38.881277
24198,6,6691,-76.946519,38.882688
24198,6,27003,-76.947082,38.883658
24198,6,6686,-76.948247,38.885091
24198,6,6694,-76.949849,38.886705
24198,6,27065,-76.951109,38.887905
24198,6,6683,-76.951855,38.888659
24198,6,5965,-76.952129,38.890848
24198,6,42051,-76.951258,38.892164
24198,6,4577,-76.949809,38.894192
24198,6,6695,-76.951925,38.887746
24198,6,7317,-76.952951,38.886431
24198,6,27010,-76.951825,38.884055
24198,6,13417,-76.949952,38.883102
24198,6,26993,-76.947024,38.882781
24198,6,6687,-76.947245,38.882869
24198,6,7328,-76.949364,38.883091
24198,6,27017,-76.951818,38.884236
24198,6,7318,-76.952805,38.886349
24198,6,6684,-76.951693,38.887719
24198,6,4603,-76.932941,38.879901
24198,6,5522,-76.935253,38.878967
24198,6,5518,-76.937066,38.878723
24198,6,26955,-76.938875,38.879252
24198,6,4453,-76.939187,38.881652
24198,6,5090,-76.939864,38.883252
24198,6,5089,-76.941459,38.883258
24198,6,4541,-76.953386,38.887785
24198,6,4557,-76.954998,38.887281
24198,6,5979,-76.955786,38.886174
24198,6,27033,-76.955998,38.885598
24198,6,4558,-76.954747,38.887368
24198,6,6010,-76.95322,38.889437
24198,6,42798,-76.952723,38.890489
24198,6,27094,-76.953531,38.889349
24198,6,26946,-76.933678,38.878605
24198,6,4607,-76.931809,38.879326
24198,6,4608,-76.93225,38.880164
24198,6,26981,-76.933351,38.882096
24198,6,4610,-76.934682,38.883705
24198,6,5961,-76.948407,38.894704
24198,6,27225,-76.946854,38.894011
24198,6,4602,-76.935359,38.883661
24198,6,26999,-76.937596,38.883285
24198,6,4452,-76.939587,38.882926
24198,6,4521,-76.93939,38.881964
24198,6,4454,-76.939355,38.880345
24198,6,5515,-76.937508,38.87861
24198,6,5516,-76.935392,38.878608
24198,6,6846,-76.939794,38.869096
24198,6,6847,-76.937878,38.870584
24198,6,6848,-76.936364,38.87176
24198,6,6849,-76.935118,38.872727
24198,6,6850,-76.934306,38.873363
24198,6,26878,-76.933305,38.874146
24198,6,26898,-76.931581,38.875486
24198,6,4605,-76.931104,38.876829
24198,6,45677,-76.931795,38.879309
24198,6,4601,-76.934742,38.883483
24198,6,26987,-76.933732,38.882266
24198,6,26968,-76.932537,38.880309
24198,6,4604,-76.931573,38.878405
24198,6,4606,-76.931274,38.876711
24198,6,6852,-76.932419,38.875029
24198,6,6854,-76.934285,38.873579
24198,6,6855,-76.935371,38.872727
24198,6,26832,-76.936618,38.87176
24198,6,6857,-76.938242,38.870494
24198,6,6858,-76.939609,38.869422
24198,19,408,-76.92921445,38.87386696
24198,19,406,-76.930399,38.875409
24198,19,405,-76.930375,38.875172
24198,19,407,-76.929235,38.87367
7136,6,6859,-76.942155,38.867436
7136,6,29000,-76.943586,38.866337
7136,6,6860,-76.944605,38.865534
7136,6,6842,-76.945527,38.864816
7136,6,6863,-76.947995,38.862887
7136,6,6496,-76.947745,38.86404
7136,6,26745,-76.945943,38.864298
7136,6,6843,-76.944654,38.865301
7136,6,6844,-76.942618,38.866882
7136,6,6845,-76.941581,38.867701
7136,6,2914,-76.946577,38.863997
7136,6,6495,-76.947924,38.864301
7137,6,2886,-76.950481,38.86158
7145,6,40842,-77.049921,38.82301
7145,6,40849,-77.050022,38.82281
7146,6,40843,-77.050339,38.826452
7146,6,40848,-77.05036,38.825674
7147,6,40844,-77.05077,38.829771
7147,6,40847,-77.050781,38.82891
7151,6,23061,-77.051446,38.842861
7151,6,41555,-77.051278,38.842801
7152,6,29940,-77.052523,38.845744
7152,6,41554,-77.052553,38.845607
7153,6,29878,-77.05101,38.849166
7153,6,41553,-77.051019,38.849048
7156,6,13467,-77.051849,38.850898
7170,6,7119,-77.091635,38.956281
7170,6,7090,-77.09141,38.956237
7170,17,7154,-77.091658,38.956273
7170,17,7132,-77.091361,38.956267
7172,6,7120,-77.093475,38.954869
7172,6,14565,-77.095426,38.953313
7172,6,14567,-77.094873,38.95356
7172,6,7089,-77.093571,38.954579
7172,17,7156,-77.093422,38.954926
7172,17,7158,-77.095526,38.953256
7172,17,7128,-77.095001,38.953475
7172,17,7130,-77.093606,38.954513
7173,6,14564,-77.098017,38.951285
7173,6,14566,-77.097892,38.9512
7173,17,7160,-77.097984,38.951302
7173,17,7126,-77.097915,38.951186
16154,6,27971,-77.100341,38.949471
16154,6,7124,-77.100801,38.948476
16154,6,27967,-77.099926,38.94806
16154,6,5891,-77.09869,38.947153
16154,6,5890,-77.097011,38.94592
16154,6,5842,-77.097099,38.946196
16154,6,4789,-77.099305,38.947797
16154,6,7266,-77.100416,38.949104
16154,17,3930,-77.101462,38.950216
16154,17,3932,-77.102247,38.951931
16154,17,3934,-77.102716,38.952938
16154,17,3924,-77.10289,38.952823
16154,17,3926,-77.102167,38.951315
16154,17,3928,-77.101724,38.950332
16154,17,7180,-77.100812,38.948452
16154,17,7179,-77.10041,38.949139
7179,6,5889,-77.095007,38.944456
7179,6,5888,-77.093387,38.943289
7179,6,5844,-77.092858,38.943092
7179,6,5843,-77.094607,38.944371
7181,6,5887,-77.091088,38.941565
7181,6,5886,-77.089866,38.940697
7181,6,5846,-77.089465,38.940617
7181,6,5845,-77.091039,38.941804
7194,6,27855,-77.086756,38.938433
7194,6,4672,-77.084532,38.936814
7194,6,27814,-77.083056,38.935745
7194,6,27812,-77.087439,38.935718
7194,6,27832,-77.086716,38.93686
7194,6,26899,-77.082649,38.93563
7194,6,27843,-77.085259,38.937551
7194,6,5847,-77.087116,38.938899
7186,6,27781,-77.079793,38.933342
7186,6,27788,-77.079965,38.933673
7187,6,27750,-77.0772,38.931456
7187,6,27748,-77.077299,38.931161
7187,6,27723,-77.078534,38.929692
7187,6,27733,-77.079906,38.930078
7187,6,27751,-77.077369,38.931794
7191,6,27737,-77.083675,38.930352
7192,6,6320,-77.084952,38.932117
7193,6,27793,-77.085989,38.933936
7201,6,5855,-77.062753,38.920909
7201,6,5876,-77.063164,38.921739
7202,6,5856,-77.059777,38.918731
7202,6,5875,-77.05997,38.919032
7240,6,29942,-77.014099,38.782241
7240,19,1464,-77.014104,38.782264
7241,6,40138,-77.002775,38.797655
7241,19,1129,-77.002773,38.797647
7242,6,29943,-77.000221,38.798466
7242,19,1188,-77.000833,38.798888
7243,6,14683,-76.995422,38.802439
7243,6,14684,-76.99557,38.802672
7243,19,1191,-76.995418,38.802442
7243,19,1192,-76.995573,38.80267
7244,6,2262,-76.991488,38.803149
7244,6,14685,-76.991844,38.803319
7244,19,1189,-76.991494,38.803147
7244,19,1190,-76.991843,38.803337
7245,6,41318,-76.965268,38.81733
7245,6,2447,-76.966976,38.817173
7245,6,41324,-76.967398,38.816971
7245,6,41325,-76.965235,38.817179
7245,19,1185,-76.965257,38.817325
7245,19,1187,-76.967034,38.817171
7245,19,1186,-76.967354,38.816955
7245,19,1184,-76.965314,38.817181
7247,6,2735,-76.969997,38.817165
7247,6,41323,-76.970263,38.817026
7247,19,1181,-76.969917,38.817158
7247,19,1180,-76.970406,38.817031
7248,6,2736,-76.977033,38.817058
7248,6,41322,-76.976985,38.817231
7248,19,1179,-76.976977,38.81723
7248,19,1178,-76.977053,38.817062
7250,6,2737,-76.980091,38.817656
7250,6,2739,-76.982389,38.818297
7250,6,41321,-76.982343,38.818119
7250,6,2788,-76.980276,38.817538
7250,19,1182,-76.980182,38.817686
7250,19,1171,-76.982432,38.818297
7250,19,1170,-76.982364,38.818123
7250,19,1183,-76.980246,38.817526
7252,6,26099,-76.989848,38.82281
7252,6,1942,-76.990727,38.824115
7252,6,1927,-76.990887,38.824211
7252,6,26101,-76.990028,38.822797
7252,19,7,-76.989848,38.822809
7252,19,1175,-76.990879,38.82384
7252,19,1174,-76.990944,38.823649
7252,19,6,-76.990141,38.822917
7254,6,26126,-76.987302,38.824537
7254,6,1929,-76.985278,38.823917
7254,6,28694,-76.983573,38.824323
7254,6,26145,-76.984553,38.825424
7254,6,26175,-76.985497,38.826992
7254,6,26166,-76.987203,38.826775
7254,6,26171,-76.98825,38.826836
7254,6,3757,-76.989856,38.827225
7254,6,3758,-76.990355,38.827236
7254,6,26173,-76.98867,38.826789
7254,6,26165,-76.987152,38.826655
7254,6,26174,-76.985393,38.826896
7254,6,26148,-76.984791,38.825474
7254,6,28692,-76.983741,38.8244
7254,6,1944,-76.985286,38.824084
7254,6,26132,-76.987229,38.824685
7282,6,42447,-77.008446,38.79638
7282,19,1636,-77.008079,38.796928
7302,6,4293,-76.979187,38.828206
7302,6,4282,-76.978902,38.828209
7303,6,4284,-76.973356,38.824482
7303,6,4290,-76.971459,38.824071
7303,6,4289,-76.969809,38.823172
7303,6,4286,-76.969417,38.822999
7303,6,4285,-76.971124,38.824112
7303,6,26138,-76.973748,38.824854
7306,6,26133,-76.968227,38.824759
7306,6,13247,-76.968385,38.82477
7307,6,1945,-76.967834,38.829346
7307,6,1931,-76.967556,38.830036
7308,6,1946,-76.963489,38.830828
7308,6,1947,-76.961737,38.831804
7308,6,1933,-76.962176,38.831837
7308,6,1932,-76.964871,38.830847
8168,6,29374,-76.89453,38.864232
8168,6,26772,-76.892499,38.865827
8168,6,13172,-76.89268,38.868038
8168,6,4199,-76.892637,38.867351
8168,6,26768,-76.892953,38.865627
8168,6,26750,-76.894292,38.86458
8168,6,1548,-76.895998,38.855614
8168,6,1210,-76.895162,38.856866
8168,6,16154,-76.895606,38.857719
8168,6,26641,-76.895016,38.858354
8168,6,26664,-76.894281,38.859664
8168,6,26679,-76.893931,38.860903
8168,6,26711,-76.894277,38.862421
8168,6,29665,-76.893923,38.863909
8168,6,4208,-76.891701,38.867838
8168,6,29375,-76.890868,38.868869
8168,6,29376,-76.889945,38.869639
8168,6,26809,-76.890219,38.869669
8168,6,26792,-76.891621,38.868417
8168,6,4279,-76.894092,38.86389
8168,6,26713,-76.894432,38.86238
8168,6,26682,-76.894075,38.860936
8168,6,26665,-76.894447,38.859642
8168,6,26637,-76.895357,38.858099
8168,6,16153,-76.895405,38.857094
8168,6,1211,-76.894913,38.856159
8168,6,1552,-76.896109,38.855707
8168,19,244,-76.892641,38.867349
8168,19,1560,-76.894297,38.864578
8168,19,1559,-76.894533,38.864228
8168,19,243,-76.892684,38.868023
8168,19,650,-76.895188,38.856869
8168,19,649,-76.895614,38.857688
8168,19,1365,-76.895029,38.858356
8168,19,693,-76.893665,38.859471
8168,19,694,-76.893778,38.859561
8168,19,1366,-76.895371,38.858096
8168,19,651,-76.89542512,38.85711577
8168,19,652,-76.894911,38.856148
7329,6,13169,-76.894681,38.872886
7329,6,13168,-76.894747,38.872456
7329,19,239,-76.894757,38.872436
7329,19,238,-76.894712,38.872925
7330,6,26916,-76.89557,38.876385
7330,6,26915,-76.895716,38.876256
7333,6,13164,-76.896346,38.87963
7333,6,26974,-76.896724,38.881126
7333,6,27000,-76.897207,38.883378
7333,6,26994,-76.897319,38.88294
7333,6,26975,-76.896923,38.881293
7333,6,13165,-76.896535,38.879731
7333,19,242,-76.897322,38.882939
7333,19,236,-76.896923,38.881316
7333,19,246,-76.8965733,38.8798702
7333,19,245,-76.896357,38.879697
7333,19,241,-76.896715,38.881127
7333,19,160,-76.897191,38.883371
7352,6,26563,-76.909032,38.853786
7352,19,1399,-76.909057,38.853779
7378,6,5754,-77.000411,38.876594
7378,6,5753,-77.000745,38.876388
7378,11,15,-77.000392,38.876591
7378,11,13,-77.000745,38.876363
7378,15,13628,-77.000796,38.876413
7378,15,13660,-77.000343,38.876618
7378,16,1435,-77.000807,38.876458
7389,6,7370,-77.017418,38.883565
7389,6,40285,-77.017682,38.884083
7389,15,11556,-77.017473,38.883504
7397,6,28981,-77.004737,38.912557
7397,6,6587,-77.002962,38.912557
7397,6,27548,-77.001973,38.91325
7397,6,6653,-77.003581,38.912866
7397,6,7283,-77.004873,38.912661
7400,6,27560,-77.001968,38.915122
7400,6,7343,-77.000481,38.915914
7400,6,7347,-77.000684,38.916042
7400,6,7073,-77.003576,38.915237
7433,6,1560,-77.031465,38.999286
7433,6,1626,-77.033102,39.000821
7433,6,1561,-77.033298,39.000615
7433,6,1625,-77.032174,38.999555
7434,6,1562,-77.0347,39.002309
7434,6,1627,-77.035255,39.002435
7437,6,1563,-77.036726,39.004189
7437,6,1564,-77.037677,39.005074
7437,6,1565,-77.039291,39.006984
7437,6,1630,-77.039602,39.006918
7437,6,1629,-77.038524,39.005512
7437,6,1628,-77.037237,39.004279
7438,6,1566,-77.040379,39.009456
7438,6,1631,-77.040533,39.009017
7446,6,1569,-77.043411,39.018131
7446,6,1635,-77.043873,39.019419
7446,6,1571,-77.044502,39.021178
7446,6,1637,-77.044964,39.022491
7446,6,1573,-77.045533,39.024168
7446,6,1574,-77.046317,39.026459
7446,6,1575,-77.046924,39.028262
7446,6,1641,-77.047505,39.029934
7446,6,1576,-77.047721,39.029588
7446,6,28405,-77.047362,39.028509
7446,6,1639,-77.046819,39.026949
7446,6,1638,-77.046293,39.025415
7446,6,1572,-77.045122,39.021976
7446,6,1636,-77.044663,39.020726
7446,6,1570,-77.044133,39.019247
7446,6,28381,-77.043654,39.017857
7446,17,17218,-77.048267,39.030033
7448,6,1642,-77.048286,39.032208
7448,6,1577,-77.048559,39.03206
7448,17,14720,-77.04845,39.032137
7453,6,4140,-77.089564,39.060304
7453,6,4173,-77.08899,39.05969
7453,17,8066,-77.089546,39.060306
7453,17,7874,-77.088864,39.059628
7454,6,4141,-77.092185,39.061819
7454,6,4172,-77.092364,39.061584
7454,17,8186,-77.09146,39.061877
7454,17,7872,-77.091474,39.062342
7455,6,4171,-77.09484,39.063335
7455,6,4142,-77.095114,39.063168
7456,6,29778,-77.097401,39.064836
7456,6,28473,-77.097458,39.06453
7457,6,4144,-77.100924,39.066966
7457,6,28480,-77.10123,39.066834
7458,6,4168,-77.105369,39.06967
7458,6,4145,-77.104635,39.068791
7458,17,152,-77.104034,39.06986
7458,17,188,-77.104332,39.06982
7458,17,14637,-77.105217,39.069583
16780,6,4167,-77.112088,39.073679
16780,6,4147,-77.113541,39.07437
16780,6,4165,-77.115993,39.075271
16780,6,28492,-77.117749,39.075735
16780,6,28494,-77.119248,39.076091
16780,6,4163,-77.121708,39.076721
16780,6,4162,-77.124037,39.077321
16780,6,4151,-77.123959,39.077099
16780,6,4150,-77.121661,39.076488
16780,6,4149,-77.119208,39.075907
16780,6,28491,-77.117506,39.075406
16780,6,4148,-77.115853,39.074943
16780,6,28489,-77.113994,39.074296
16780,6,4146,-77.111675,39.073129
16780,17,106,-77.118481,39.069144
16780,17,108,-77.119469,39.07056
16780,17,110,-77.119956,39.071923
16780,17,1464,-77.120504,39.0736
16780,17,1466,-77.12209,39.074195
16780,17,706,-77.123848,39.076565
16780,17,620,-77.125451,39.075752
16780,17,622,-77.126297,39.075161
16780,17,614,-77.126609,39.074836
16780,17,616,-77.12558,39.075535
16780,17,618,-77.123779,39.076931
16780,17,6820,-77.121475,39.076443
16780,17,112,-77.12026,39.074673
16780,17,114,-77.120229,39.073303
16780,17,116,-77.120087,39.072357
16780,17,118,-77.119733,39.070734
16780,17,120,-77.118683,39.069466
16780,17,6538,-77.112944,39.072177
16780,17,6540,-77.111317,39.074299
16780,17,6542,-77.111359,39.076099
16780,17,6564,-77.111562,39.076083
16780,17,6566,-77.111431,39.074646
16780,17,6568,-77.11254,39.072955
16780,17,6822,-77.111586,39.073246
7466,6,4161,-77.127871,39.07816
7466,6,4152,-77.128236,39.078025
7467,6,4160,-77.130858,39.078664
7467,6,4153,-77.130543,39.078409
7468,6,4159,-77.134772,39.079322
7468,6,4154,-77.134598,39.079083
7469,6,28497,-77.137061,39.079765
7469,6,28498,-77.138268,39.079741
16899,6,28499,-77.143308,39.080999
16899,6,28699,-77.143977,39.080897
16899,17,5566,-77.135873,39.074744
16899,17,5584,-77.134915,39.073665
16899,17,626,-77.131607,39.072876
16899,17,3620,-77.132475,39.073409
16899,17,3622,-77.134026,39.074795
16899,17,1958,-77.135551,39.074612
16899,17,1960,-77.137052,39.073492
16899,17,14404,-77.139333,39.071527
16899,17,1962,-77.14035,39.071527
16899,17,1954,-77.139792,39.071456
16899,17,1956,-77.136598,39.073802
16899,17,3624,-77.134087,39.074715
16899,17,3626,-77.132744,39.073517
16899,17,610,-77.131461,39.0728
16899,17,5564,-77.132233,39.071344
16899,17,5568,-77.137419,39.075827
16899,17,5570,-77.140251,39.077854
16899,17,5572,-77.141701,39.078861
16899,17,5574,-77.143181,39.07991
16899,17,5576,-77.144298,39.080538
16899,17,5578,-77.14171,39.078664
16899,17,5580,-77.1389,39.076534
16899,17,5582,-77.136913,39.075132
16899,17,17458,-77.133545,39.072296
16899,17,5586,-77.132041,39.07076
16899,17,14402,-77.140284,39.076357
16899,17,14403,-77.138428,39.072887
16899,17,14417,-77.139426,39.071195
16899,17,14418,-77.138698,39.074223
7475,6,21265,-77.153205,39.09405
7475,6,21274,-77.153524,39.094308
7475,17,3324,-77.153175,39.094032
7475,17,3326,-77.153354,39.094303
16095,6,23133,-77.153185,39.096939
16095,6,23120,-77.153524,39.096884
16095,17,4196,-77.157532,39.096535
16095,17,2472,-77.153226,39.097126
16095,17,2672,-77.153511,39.096909
16095,17,3836,-77.154938,39.096428
16095,17,17071,-77.156881,39.09611
16095,17,15324,-77.157503,39.096565
16095,17,3832,-77.156587,39.096045
16095,17,3834,-77.154467,39.09638
7477,6,28526,-77.154408,39.100317
7477,6,28527,-77.154827,39.100454
7477,17,2474,-77.154417,39.100336
7477,17,2670,-77.154808,39.100468
16803,6,20614,-77.15596,39.10374
16803,6,20579,-77.15623,39.103556
16803,17,1176,-77.15641,39.103279
16803,17,1178,-77.15821,39.102363
16803,17,1180,-77.160969,39.101621
16803,17,1170,-77.160514,39.101651
16803,17,1172,-77.158546,39.102104
16803,17,1174,-77.156223,39.103154
16803,17,2476,-77.155991,39.103748
16803,17,2668,-77.156209,39.10355
7479,6,28538,-77.158548,39.107034
7479,6,28537,-77.15843,39.106228
7479,17,2478,-77.158562,39.107064
7479,17,2666,-77.158333,39.106428
7480,6,28539,-77.159845,39.109303
7480,6,28540,-77.160463,39.109574
7480,17,2480,-77.159822,39.109298
7480,17,2664,-77.160392,39.109699
7481,6,1543,-77.161944,39.112753
7481,6,7260,-77.161733,39.111829
7481,17,2482,-77.161934,39.112732
7481,17,2662,-77.161627,39.111968
7482,6,1794,-77.165413,39.115351
7482,6,1499,-77.165702,39.115115
7482,17,2484,-77.165467,39.115372
7482,17,2660,-77.165731,39.115144
7482,17,9942,-77.167584,39.114538
7482,17,9940,-77.167419,39.114414
7483,6,31832,-77.165379,39.117631
7483,6,28545,-77.166681,39.117792
7483,6,31831,-77.165034,39.117255
7483,17,6110,-77.165474,39.117687
7483,17,6016,-77.168114,39.117989
7483,17,8974,-77.166695,39.117808
7483,17,6112,-77.165183,39.117331
7483,17,5188,-77.164344,39.11737
7521,6,1643,-77.049548,39.03491
7521,17,14719,-77.049537,39.034848
7549,6,28963,-76.973803,39.003528
7549,6,3242,-76.971043,39.004882
7549,6,3290,-76.971626,39.00383
7549,6,3289,-76.972157,39.002498
7549,6,3243,-76.972039,39.002331
7549,6,29880,-76.971367,39.003937
7549,6,3241,-76.969404,39.0048
7549,6,3291,-76.969445,39.00492
7542,6,28337,-76.976559,39.003846
7546,6,11975,-76.974246,39.00896
7547,6,11976,-76.972157,39.007573
7547,6,11977,-76.970938,39.006745
7553,6,3288,-76.973077,38.99887
7553,6,3287,-76.972961,38.9969
7553,6,3286,-76.97238,38.995839
7553,6,3247,-76.971707,38.994581
7553,6,3285,-76.971541,38.994658
7553,6,3246,-76.972125,38.995697
7553,6,3245,-76.972695,38.99673
7553,6,3244,-76.972997,38.998525
7556,6,3284,-76.973908,38.990159
7556,6,3248,-76.973937,38.989904
7564,6,3270,-76.988289,38.966206
7564,6,3261,-76.987939,38.966094
7565,6,3269,-76.989766,38.964762
7565,6,3262,-76.989932,38.964186
7574,6,5195,-76.933082,38.911521
7574,6,29645,-76.932574,38.910896
7574,6,5676,-76.934431,38.911491
7574,6,4768,-76.935135,38.911527
7576,6,2046,-76.931384,38.930048
7576,6,2025,-76.931525,38.929749
7578,6,2026,-76.932559,38.931974
7578,6,2027,-76.933952,38.933556
7578,6,2048,-76.934256,38.933449
7578,6,2047,-76.933255,38.932309
7579,6,2049,-76.936037,38.93592
7579,6,2028,-76.935905,38.935312
7583,6,2030,-76.933611,38.943083
7583,6,29657,-76.931545,38.944851
7583,6,2052,-76.929292,38.947701
7583,6,29658,-76.92708,38.950205
7583,6,27983,-76.927278,38.950405
7583,6,2031,-76.929712,38.947649
7583,6,27952,-76.931723,38.945158
7583,6,2051,-76.934119,38.943078
7583,6,1405,-76.925214,38.950817
7583,6,1403,-76.926466,38.949126
7583,6,1402,-76.927595,38.947657
7583,6,1401,-76.928381,38.946703
7583,6,27953,-76.929565,38.945289
7583,6,1399,-76.93173,38.943741
7583,6,1375,-76.932921,38.942829
23209,6,14491,-76.91894,38.967571
23209,6,14490,-76.919679,38.96745
23209,19,898,-76.917222,38.969281
23209,19,900,-76.918023,38.967889
23209,19,1334,-76.919099,38.967576
23209,19,1333,-76.919744,38.967491
23209,19,899,-76.917815,38.967617
23209,19,897,-76.916419,38.969955
7592,6,31544,-76.92401,38.968626
7592,6,31543,-76.924133,38.968425
7593,6,14492,-76.926534,38.969771
7593,6,14493,-76.927182,38.970018
7593,19,1336,-76.926571,38.969769
7593,19,1335,-76.927153,38.969937
7594,6,14494,-76.928312,38.972202
7594,6,14495,-76.928561,38.972081
7594,19,1332,-76.928322,38.972236
7594,19,1331,-76.928561,38.972083
7598,6,31811,-76.914729,38.972613
7598,19,765,-76.912915,38.972086
7598,19,764,-76.912149,38.971829
7599,6,1407,-76.913653,38.97609
7599,6,1384,-76.91367,38.976419
7600,6,1408,-76.912917,38.979957
7600,6,1409,-76.911754,38.981318
7600,6,1386,-76.911923,38.981324
7600,6,1385,-76.912958,38.980258
7602,6,1410,-76.910192,38.983185
7602,6,1387,-76.91015,38.983607
7603,6,1411,-76.90929,38.986106
7603,6,1388,-76.909485,38.986043
7604,6,29659,-76.908338,38.988227
7604,6,28253,-76.908582,38.98815
7605,6,1390,-76.906564,38.990287
7605,6,8615,-76.904312,38.990008
7605,6,1413,-76.906633,38.990397
7605,19,1237,-76.906547,38.99078
7605,19,1233,-76.908188,38.991196
7605,19,1232,-76.908191,38.991095
7605,19,1236,-76.906594,38.990679
7613,6,31651,-76.903824,39.000785
7613,6,1395,-76.897681,39.003337
7613,6,3782,-76.899068,39.003923
7613,6,3781,-76.901246,39.004235
7613,6,31648,-76.902323,39.005077
7613,6,31649,-76.90359,39.00589
7613,6,31644,-76.903582,39.005734
7613,6,7831,-76.902332,39.004923
7613,6,3776,-76.901356,39.00417
7613,6,3777,-76.899673,39.003797
7613,6,1416,-76.897859,39.003654
7613,6,31641,-76.902924,39.000632
7613,19,1440,-76.903614,39.000781
7613,19,1438,-76.903479,39.002363
7613,19,1442,-76.90309,39.0037
7613,19,1444,-76.902259,39.004671
7613,19,1437,-76.90362,39.005923
7613,19,170,-76.903511,39.0057
7613,19,1445,-76.90263,39.00453
7613,19,1443,-76.903247,39.00371
7613,19,1439,-76.903615,39.002564
7613,19,1441,-76.903349,39.000965
7610,6,1392,-76.900057,38.998864
7610,6,1393,-76.898724,38.999993
7610,6,1415,-76.89782,39.001169
7610,6,1394,-76.89801,39.00121
7610,6,1414,-76.898885,39.000087
7610,6,31640,-76.900253,38.998914
7672,6,19,-76.971757,38.972245
7672,6,28948,-76.97172,38.972859
7672,19,42,-76.971772,38.972246
7672,19,30,-76.971728,38.972865
7673,6,21,-76.971625,38.975295
7673,6,24,-76.97168,38.976805
7673,6,23,-76.971833,38.977192
7673,6,22,-76.971787,38.975501
7673,19,31,-76.97164,38.975272
7673,19,35,-76.971686,38.976804
7673,19,36,-76.971839,38.977191
7673,19,32,-76.971801,38.975502
7689,6,3240,-76.966115,39.007677
7689,6,3239,-76.965733,39.00891
7689,6,3293,-76.965805,39.009349
7689,6,3292,-76.966302,39.007647
7694,6,28369,-76.965264,39.012333
7694,6,3238,-76.964924,39.014081
7694,6,3295,-76.964562,39.015449
7694,6,28380,-76.964216,39.017668
7694,6,28378,-76.964426,39.017501
7694,6,3237,-76.964647,39.015909
7694,6,3294,-76.965016,39.014333
7694,6,28370,-76.965447,39.012308
7695,6,3236,-76.965539,39.021244
7695,6,3235,-76.96667,39.022521
7695,6,31558,-76.966974,39.023187
7695,6,28384,-76.965441,39.020967
7697,6,3298,-76.965388,39.026253
7697,6,3234,-76.965901,39.026111
7698,6,3014,-76.962224,39.027922
7699,6,3016,-76.959051,39.029013
7699,6,3013,-76.959099,39.029112
7700,6,28415,-76.952703,39.031794
7700,6,28417,-76.952661,39.031956
7702,6,28964,-76.950614,39.033203
7702,6,9323,-76.949255,39.034915
7702,6,3018,-76.950044,39.034093
7702,6,28423,-76.95084,39.033184
7703,6,31572,-76.947759,39.039004
7703,6,28711,-76.947134,39.040467
7703,6,3009,-76.948717,39.040492
7703,6,973,-76.948056,39.039168
7705,6,3008,-76.943992,39.04318
7706,6,3022,-76.940609,39.045224
7707,6,11817,-76.937768,39.049505
7708,6,832,-76.937412,39.051598
7708,6,28453,-76.939071,39.052072
7708,6,830,-76.940667,39.052916
7708,6,28457,-76.941773,39.054478
7712,6,828,-76.944083,39.056229
7713,6,835,-76.946419,39.056665
7713,6,834,-76.948278,39.05698
7715,6,825,-76.9511,39.057051
7715,6,14778,-76.952855,39.056522
7717,6,11040,-76.955079,39.05598
7718,6,1754,-76.957678,39.054919
7718,6,48120,-76.958184,39.053336
7720,6,28710,-76.955061,39.051204
7720,6,14691,-76.953504,39.052442
7722,6,14692,-76.952671,39.050127
7723,6,975,-76.951632,39.04452
7724,6,974,-76.949876,39.042328
7727,6,3010,-76.948434,39.037045
7749,6,28935,-76.963977,38.976189
7749,6,28936,-76.963507,38.974799
7749,6,28937,-76.962831,38.973309
7749,6,1267,-76.96074,38.973109
7761,6,5929,-76.979922,38.943996
7764,6,27896,-76.987468,38.941319
7768,6,32063,-77.141512,38.70494
7769,6,29324,-77.138958,38.696506
7769,6,28592,-77.138838,38.69661
7769,18,2341,-77.139354,38.697791
7770,6,25619,-77.137802,38.694261
7770,6,36854,-77.137719,38.694429
7771,6,29191,-77.130953,38.717619
7771,6,28590,-77.131685,38.717526
7771,18,1343,-77.13089,38.71766
7771,18,1342,-77.13175,38.71753
7771,18,1094,-77.13216,38.71602
7771,18,1093,-77.13244,38.71598
7772,6,28593,-77.125116,38.720456
7772,6,28589,-77.126218,38.720288
7772,18,1315,-77.1251,38.72047
7772,18,1316,-77.1236,38.72119
7772,18,2978,-77.12285,38.7219
7772,18,1348,-77.125954,38.720306
7772,18,1349,-77.12777,38.71944
7772,18,902,-77.125861,38.720823
7772,18,2300,-77.12602,38.72075
7772,18,1344,-77.12781,38.71917
7773,6,28594,-77.119487,38.723215
7773,6,28588,-77.119985,38.723311
7773,18,1336,-77.11948,38.72322
7773,18,2514,-77.11998,38.7233
20526,6,28595,-77.111415,38.727208
20526,6,28587,-77.111627,38.727397
20526,18,2517,-77.1114,38.72722
20526,18,2399,-77.10751,38.72915
20526,18,2454,-77.108031,38.72919
20526,18,1328,-77.1099,38.72824
20526,18,1326,-77.11164,38.72737
7775,6,28596,-77.102969,38.73154
7775,6,29188,-77.10439,38.731145
7775,18,1339,-77.10295,38.73154
7775,18,1338,-77.10434,38.73119
7776,6,28597,-77.087407,38.740158
7776,6,28586,-77.087678,38.740325
7776,18,2398,-77.08736,38.7402
7776,18,430,-77.08769,38.74035
21029,6,29263,-77.084094,38.743942
21029,6,29187,-77.0843,38.744362
21029,18,1308,-77.08439,38.74344
21029,18,1353,-77.084108,38.743933
21029,18,3030,-77.08318,38.746
21029,18,2486,-77.08283,38.74868
21029,18,1415,-77.08305,38.74271
21029,18,2389,-77.08205,38.74306
21029,18,1411,-77.0789,38.74301
21029,18,5,-77.08322,38.74914
21029,18,2518,-77.084229,38.744494
21029,18,571,-77.081464,38.746985
21029,18,1421,-77.07914,38.74326
21029,18,567,-77.08054,38.74458
21029,18,2391,-77.08138,38.74709
21029,18,572,-77.08204,38.74801
21029,18,1351,-77.085404,38.742763
21029,18,1403,-77.08193,38.74325
21029,18,1404,-77.08314,38.74285
22065,6,28598,-77.08331,38.755238
22065,6,28585,-77.083704,38.754912
22065,18,2503,-77.0833,38.75487
22065,18,7,-77.08372,38.75494
22065,18,100,-77.0823,38.75452
22065,18,99,-77.07916,38.75456
22065,18,102,-77.07782,38.75621
22065,18,59,-77.077633,38.75761
22065,18,3004,-77.078262,38.757987
22065,18,30,-77.0784,38.7553
22065,18,31,-77.08052,38.7548
22065,18,32,-77.08292,38.75469
7779,6,28599,-77.083668,38.758781
7779,6,28584,-77.083993,38.758414
7779,18,2504,-77.083714,38.75879
7779,18,6,-77.083956,38.758494
21069,6,28600,-77.080878,38.773505
21069,6,28583,-77.081307,38.773491
21069,18,2507,-77.08127,38.77101
21069,18,2508,-77.08088,38.77353
21069,18,2509,-77.080268,38.775767
21069,18,177,-77.07794,38.77129
21069,18,2461,-77.07985,38.77194
21069,18,1510,-77.082804,38.774369
21069,18,1319,-77.080885,38.775198
21069,18,3,-77.0813,38.77352
21069,18,1360,-77.0817,38.77095
21069,18,1511,-77.08283,38.774235
21069,18,778,-77.08063,38.77203
21069,18,178,-77.07855,38.77137
21082,6,28601,-77.078238,38.781462
21082,6,28582,-77.079119,38.780983
21082,18,1340,-77.07822,38.78145
21082,18,1451,-77.08053,38.78036
21082,18,3003,-77.078477,38.782596
21082,18,1143,-77.0777,38.78478
21082,18,1138,-77.07768,38.7862
21082,18,1140,-77.07635,38.78919
21082,18,1341,-77.07653,38.78307
21082,18,1354,-77.07908,38.78103
21082,18,1141,-77.07659,38.78923
21082,18,1142,-77.07752,38.78764
21082,18,1139,-77.0779,38.78607
21082,18,1145,-77.07817,38.78408
21082,18,1144,-77.07883,38.78224
21082,18,1450,-77.08077,38.78041
7808,6,7850,-77.036394,38.920838
7808,6,7922,-77.036602,38.921068
7809,6,7851,-77.036385,38.923077
7809,6,7921,-77.0366,38.92354
7822,6,7859,-77.036349,38.939935
7822,6,7860,-77.036339,38.941711
7822,6,7861,-77.036336,38.943755
7822,6,7909,-77.036334,38.944941
7822,6,7863,-77.03632,38.945991
7822,6,7864,-77.036324,38.948517
7822,6,27979,-77.036322,38.950197
7822,6,7906,-77.036513,38.950211
7822,6,7907,-77.036527,38.947882
7822,6,7908,-77.036531,38.946268
7822,6,7862,-77.036526,38.944848
7822,6,7910,-77.036529,38.943053
7822,6,7911,-77.036537,38.941639
7822,6,7912,-77.036544,38.939891
7824,6,4551,-77.036312,38.953033
7824,6,4538,-77.03651,38.952724
7825,6,7867,-77.036296,38.956067
7825,6,7904,-77.036506,38.955891
7834,6,4534,-77.03593,38.975125
7834,6,4533,-77.035016,38.975997
7834,6,4523,-77.035242,38.975983
7834,6,4522,-77.035995,38.975276
7834,6,7893,-77.03626,38.975252
7834,6,7876,-77.036469,38.975197
7836,6,4524,-77.033013,38.977899
7836,6,4531,-77.031609,38.979228
7836,6,4525,-77.031474,38.979562
7836,6,4532,-77.033221,38.977904
7899,6,7892,-77.036237,38.979244
7899,6,7878,-77.036253,38.981234
7899,6,7890,-77.036242,38.983026
7899,6,7879,-77.03645,38.983346
7899,6,7891,-77.036447,38.980957
7899,6,7877,-77.036452,38.97925
7919,6,28013,-76.868801,38.953894
7919,19,144,-76.868803,38.953903
7919,19,145,-76.86896,38.953956
7921,6,157,-76.86976,38.959613
7921,6,11498,-76.869819,38.960769
7921,6,28071,-76.870203,38.962309
7924,6,28089,-76.871533,38.964227
7924,6,3031,-76.872965,38.96551
7924,6,160,-76.87211,38.966979
7927,6,161,-76.872061,38.969623
7928,6,873,-76.872748,38.973144
7928,6,877,-76.873455,38.973273
7928,6,878,-76.874859,38.972506
7931,6,879,-76.877531,38.970248
23263,6,876,-76.880128,38.969864
23263,19,923,-76.879901,38.967889
23263,19,918,-76.88016,38.969384
23263,19,919,-76.880462,38.969917
23263,19,924,-76.880077,38.967851
7935,6,2117,-76.880777,38.971829
7935,6,2120,-76.881001,38.973509
7935,6,1723,-76.883871,38.974994
7935,19,927,-76.880785,38.971855
7935,19,921,-76.880999,38.973508
7935,19,920,-76.882173,38.974681
7935,19,922,-76.882122,38.974287
7935,19,928,-76.880968,38.972023
7936,6,1722,-76.886365,38.974692
7937,6,1735,-76.888926,38.973224
7938,6,1734,-76.891294,38.972574
7939,6,28159,-76.893838,38.971486
7939,19,328,-76.893667,38.97149
7939,19,767,-76.89538,38.972469
7939,19,766,-76.895669,38.972359
7939,19,329,-76.893819,38.971537
7965,6,141,-76.917652,38.940266
7965,6,27895,-76.91739,38.941215
7965,6,29387,-76.915109,38.942237
7965,6,29388,-76.913341,38.943157
7965,6,27948,-76.913254,38.94467
7965,6,29390,-76.91716,38.943862
7965,6,142,-76.917261,38.942549
7965,6,345,-76.917739,38.940519
7965,6,140,-76.917729,38.939598
7962,6,1420,-76.913089,38.947166
7962,6,144,-76.915181,38.947451
7962,6,29389,-76.916501,38.946407
7970,6,357,-76.898517,38.945076
7970,6,29386,-76.897019,38.945766
7971,6,358,-76.89426,38.946229
7971,6,360,-76.892144,38.946807
7971,6,361,-76.891708,38.947229
7971,6,359,-76.89461,38.946418
7973,6,362,-76.887589,38.948375
7973,6,363,-76.887614,38.948808
7975,6,364,-76.886016,38.95049
7975,6,366,-76.884569,38.951984
7975,6,367,-76.884477,38.952403
7975,6,365,-76.886247,38.950797
7976,6,368,-76.881545,38.952239
7976,6,29385,-76.881213,38.952491
8768,6,13852,-76.96018,38.891882
8768,6,27189,-76.96104,38.892054
8768,6,27218,-76.959533,38.893523
8768,6,8098,-76.957448,38.893816
8768,6,27261,-76.957445,38.895934
8768,6,4576,-76.956599,38.896249
8768,6,4589,-76.957578,38.896225
8768,6,27234,-76.957571,38.894276
8768,6,8101,-76.957577,38.892202
8768,6,13847,-76.957161,38.891731
8768,6,13849,-76.957549,38.891213
8768,6,13850,-76.958225,38.890522
8768,6,13851,-76.959934,38.890665
8768,6,4575,-76.960488,38.896819
8768,6,8097,-76.958063,38.896488
8768,6,27290,-76.95722,38.896628
8768,6,4590,-76.959974,38.897025
8629,6,6761,-76.926421,38.903476
8629,6,6760,-76.924133,38.903846
8629,6,27441,-76.923981,38.904394
8629,6,27445,-76.925198,38.904725
8629,6,27437,-76.926358,38.903698
8629,6,5051,-76.924443,38.901535
8629,6,5049,-76.923654,38.903667
8629,6,5196,-76.924837,38.905065
8629,6,5197,-76.92658,38.906432
8629,6,5166,-76.926555,38.906213
8629,6,5164,-76.924801,38.904843
8629,6,5050,-76.924201,38.902654
8629,6,27388,-76.92451,38.90179
8102,6,45675,-76.951043,38.89862
8102,6,42843,-76.952188,38.899519
8104,6,5534,-76.949498,38.902569
8141,6,5980,-76.957388,38.883951
8141,6,5981,-76.958344,38.882603
8141,6,6005,-76.959901,38.880416
8141,6,26948,-76.961126,38.878712
8141,6,5984,-76.962847,38.877495
8141,6,5985,-76.964822,38.876503
8141,6,6001,-76.966528,38.875656
8141,6,6000,-76.967934,38.874796
8141,6,5986,-76.966342,38.875582
8141,6,6002,-76.964984,38.876267
8141,6,6003,-76.963052,38.877229
8141,6,26942,-76.961209,38.878339
8141,6,5982,-76.959919,38.880123
8141,6,6006,-76.958679,38.881866
8141,6,6007,-76.957526,38.883469
8159,6,3650,-76.930749,38.858025
8159,6,3645,-76.93074,38.857738
8160,6,26696,-76.931949,38.861807
8160,6,3647,-76.932352,38.863542
8160,6,26731,-76.932503,38.863583
8160,6,29618,-76.931948,38.861171
8162,6,29664,-76.929552,38.865772
8162,6,2917,-76.930411,38.86603
8163,6,14544,-76.925363,38.864934
8163,6,2939,-76.924965,38.865186
8164,6,29667,-76.917401,38.861114
8164,6,29672,-76.91744,38.861528
8164,6,15060,-76.919281,38.861012
8164,19,519,-76.917443,38.861526
8164,19,518,-76.917403,38.86111
8179,6,29377,-76.887633,38.870472
8179,6,4201,-76.887867,38.870581
8180,6,3641,-76.885328,38.871124
8180,6,26828,-76.884794,38.871521
8181,6,31545,-76.882051,38.873146
8181,6,29378,-76.881122,38.874744
8181,6,3632,-76.881292,38.874675
8181,6,31546,-76.882194,38.873226
8183,6,3640,-76.88052,38.87804
8183,6,3633,-76.880583,38.878312
8184,6,3639,-76.877643,38.881477
8184,6,3634,-76.877986,38.881362
8185,6,29379,-76.876873,38.884524
8185,6,27013,-76.87709,38.884201
8227,6,26581,-76.879231,38.855096
8227,6,29676,-76.879227,38.854945
8236,6,2382,-76.88151,38.856074
8236,6,26604,-76.882886,38.856546
8236,6,2383,-76.884141,38.857261
8236,6,26638,-76.885625,38.858253
8236,6,1546,-76.888307,38.85776
8236,6,769,-76.889359,38.857757
8236,6,770,-76.889823,38.858916
8236,6,772,-76.889887,38.860029
8236,6,26686,-76.88793,38.861144
8236,6,2243,-76.888946,38.861684
8236,6,26693,-76.890198,38.861525
8236,6,26695,-76.891449,38.861629
8236,6,464,-76.891687,38.861508
8236,6,26691,-76.890179,38.861393
8236,6,467,-76.888722,38.861634
8236,6,16160,-76.888042,38.861015
8236,6,1295,-76.889895,38.860431
8236,6,771,-76.88996,38.85893
8236,6,1551,-76.88989,38.857801
8236,6,1550,-76.888735,38.857631
8236,6,2385,-76.886312,38.857993
8236,6,2384,-76.885194,38.857686
8236,6,2386,-76.884217,38.857157
8236,6,26603,-76.882979,38.856444
8236,6,2387,-76.881912,38.856063
8236,19,686,-76.890567,38.860144
8236,19,684,-76.888057,38.860752
8236,19,690,-76.88657,38.861205
8236,19,691,-76.886619,38.861298
8236,19,685,-76.888102,38.860839
8236,19,687,-76.889825,38.860444
8241,6,26735,-76.903023,38.863942
8241,6,15054,-76.903069,38.863744
8244,6,4319,-76.907033,38.865482
8244,6,13183,-76.907958,38.866175
8244,6,13185,-76.908378,38.867948
8244,6,13186,-76.908208,38.867531
8244,6,13184,-76.908131,38.866172
8244,6,15053,-76.906898,38.865301
8244,19,1372,-76.908123,38.866173
8244,19,1561,-76.908413,38.865191
8244,19,1563,-76.908324,38.865045
8244,19,1371,-76.907927,38.866173
8245,6,13187,-76.90914,38.871275
8245,6,13188,-76.909648,38.870296
8246,6,13190,-76.910585,38.872741
8246,6,13189,-76.910849,38.872732
8247,6,15075,-76.91366,38.87538
8247,6,13193,-76.913665,38.87504
24189,6,29673,-76.913653,38.877638
24189,6,29675,-76.913805,38.877646
24189,19,515,-76.913805,38.877643
24189,19,845,-76.912922,38.877226
24189,19,514,-76.913657,38.877637
24189,19,188,-76.91619839,38.87791387
24189,19,189,-76.916085,38.877904
8249,6,13196,-76.912839,38.8798
8249,6,13197,-76.912675,38.880594
8249,6,15076,-76.913108,38.879482
8249,19,513,-76.91312,38.879486
8249,19,512,-76.912838,38.879796
8249,19,541,-76.914412,38.881401
8254,6,9694,-76.877881,38.891627
8254,6,9703,-76.878095,38.891673
8254,19,850,-76.878109,38.891672
8254,19,849,-76.877892,38.891619
23797,6,9695,-76.87869,38.894545
23797,6,16032,-76.879594,38.89594
23797,6,2481,-76.880592,38.89626
23797,6,9697,-76.879011,38.894764
23797,19,843,-76.882445,38.894676
23797,19,840,-76.880885,38.89631
23797,19,852,-76.879012,38.894768
23797,19,1568,-76.878372,38.894843
23797,19,1570,-76.876927,38.895429
23797,19,1569,-76.877168,38.895467
23797,19,851,-76.878995,38.89515
23797,19,841,-76.881347,38.895789
23797,19,844,-76.882398,38.894827
8257,6,14948,-76.883738,38.900237
8257,6,27352,-76.883349,38.898729
8258,6,2473,-76.887396,38.901818
8258,6,2479,-76.886912,38.901903
8259,6,3606,-76.889875,38.900237
8259,6,3593,-76.889722,38.900121
8260,6,16063,-76.892239,38.899478
8260,6,3605,-76.89383,38.899056
8260,6,3604,-76.895615,38.898598
8260,6,3595,-76.895532,38.898475
8260,6,3594,-76.893687,38.898946
8260,6,16064,-76.892019,38.899371
8263,6,3597,-76.89957,38.897617
8263,6,27315,-76.899085,38.897568
8264,6,3601,-76.901963,38.897041
8264,6,3598,-76.902091,38.896932
8269,6,27354,-76.911807,38.899617
8269,6,213,-76.912907,38.900856
8269,6,214,-76.913081,38.90082
8269,6,27358,-76.912155,38.899628
8271,6,211,-76.914432,38.903399
8271,6,209,-76.915592,38.904711
8271,6,210,-76.915716,38.904613
8271,6,40065,-76.91455,38.903306
8273,6,207,-76.917362,38.905914
8273,6,205,-76.918338,38.906775
8273,6,203,-76.919419,38.907707
8273,6,204,-76.919825,38.907907
8273,6,206,-76.918749,38.906904
8273,6,208,-76.917664,38.905977
8278,6,201,-76.921289,38.909554
8278,6,200,-76.924122,38.91065
8278,6,198,-76.926431,38.911211
8278,6,197,-76.92631,38.911006
8278,6,199,-76.924015,38.910477
8278,6,202,-76.922458,38.910055
8279,6,196,-76.929406,38.911233
8279,6,195,-76.929285,38.911094
8355,6,4730,-76.939499,38.900609
8355,6,4731,-76.937634,38.899858
8355,6,28894,-76.936416,38.899593
8355,6,28895,-76.938993,38.900565
8359,6,4732,-76.933951,38.898888
8359,6,4733,-76.932041,38.89856
8359,6,4734,-76.929408,38.898255
8359,6,28891,-76.929423,38.898455
8359,6,28892,-76.931489,38.898738
8359,6,28893,-76.933565,38.89908
8366,6,4737,-76.922115,38.898299
8366,6,4738,-76.920122,38.898307
8366,6,4739,-76.917982,38.89831
8366,6,8166,-76.917869,38.897359
8366,6,8165,-76.917855,38.895975
8366,6,5062,-76.916675,38.894422
8366,6,31830,-76.916226,38.894545
8366,6,31826,-76.917708,38.895663
8366,6,28994,-76.917672,38.896888
8366,6,28888,-76.918384,38.89845
8366,6,28889,-76.921666,38.898439
8367,6,31828,-76.913897,38.894416
8367,6,27230,-76.911691,38.894274
8367,6,8172,-76.91102,38.893038
8367,6,8171,-76.910853,38.893148
8367,6,8170,-76.912098,38.894405
8367,6,5060,-76.913434,38.894523
8398,6,27204,-76.942469,38.892964
8398,6,27217,-76.94445,38.893496
8398,6,4579,-76.943855,38.893238
8398,6,4580,-76.942275,38.892742
8705,6,13251,-77.066435,38.791314
8705,6,2070,-77.065606,38.790681
8705,6,28579,-77.061215,38.791256
8705,6,11503,-77.063294,38.790628
8705,6,10941,-77.064622,38.790374
8705,6,10788,-77.066978,38.791944
8705,18,2414,-77.065073,38.790661
8705,18,2413,-77.067084,38.792033
8705,18,857,-77.06642,38.7913
8705,18,2415,-77.06436,38.78997
8705,18,1332,-77.06492,38.78934
8705,18,859,-77.065551,38.790418
8588,6,4666,-76.999571,38.861741
8588,6,26697,-76.999591,38.861621
8589,6,29002,-77.003894,38.86019
8589,6,14062,-77.003421,38.860516
8590,6,26634,-77.004958,38.858053
8590,6,26640,-77.004646,38.858225
8591,6,26430,-77.007716,38.845023
8591,6,26443,-77.008054,38.845516
8591,15,11737,-77.008077,38.845466
8630,6,5198,-76.929326,38.908594
8630,6,28999,-76.929757,38.908726
8767,6,4573,-76.96999,38.897642
8767,6,4592,-76.970207,38.89797
8767,12,2506399,-76.9698917177143,38.8977268170097
8767,12,2506390,-76.9698801,38.89777321
8785,6,29997,-77.049533,38.792777
8785,6,46767,-77.049965,38.792484
8809,6,5826,-76.991682,38.896669
8809,6,5838,-76.991321,38.897028
8810,6,5827,-76.988505,38.897968
8810,6,5837,-76.988184,38.898307
8836,6,1582,-77.051958,39.045359
8836,6,40140,-77.051838,39.047754
8836,6,1648,-77.0522,39.047301
8836,6,1647,-77.052289,39.045698
8838,6,1650,-77.051327,39.05108
8838,6,1586,-77.050661,39.053404
8838,6,1651,-77.051177,39.052798
8838,6,1585,-77.051722,39.050834
8838,6,1649,-77.052014,39.049592
8839,6,28460,-77.049839,39.055714
8839,6,1587,-77.050182,39.055462
20058,6,28474,-77.057897,39.065645
20058,6,1594,-77.059696,39.067042
20058,6,1595,-77.060819,39.068056
20058,6,1661,-77.062171,39.069659
20058,6,1662,-77.063486,39.071342
20058,6,28484,-77.064921,39.072822
20058,6,1599,-77.06618,39.07394
20058,6,1665,-77.067661,39.075175
20058,6,1600,-77.068136,39.075014
20058,6,1664,-77.066272,39.073444
20058,6,1598,-77.065144,39.072476
20058,6,1597,-77.063688,39.071016
20058,6,1596,-77.062442,39.069443
20058,6,1660,-77.0614,39.068212
20058,6,1659,-77.059024,39.066116
20058,6,1593,-77.057462,39.064919
20058,17,8308,-77.062687,39.065729
20058,17,1354,-77.075596,39.068695
20058,17,1356,-77.075073,39.067326
20058,17,1358,-77.074509,39.065883
20058,17,1360,-77.074028,39.064648
20058,17,1362,-77.073677,39.063377
20058,17,8284,-77.057862,39.06564
20058,17,8306,-77.060805,39.066343
20058,17,8310,-77.064468,39.065174
20058,17,8312,-77.06564,39.06489
20058,17,8314,-77.068199,39.064465
20058,17,8315,-77.071706,39.063716
20058,17,8316,-77.073178,39.063406
20058,17,1314,-77.073752,39.06473
20058,17,1316,-77.074127,39.065773
20058,17,1318,-77.074941,39.067809
20058,17,1320,-77.075354,39.068895
20058,17,8296,-77.072478,39.063434
20058,17,8298,-77.069607,39.064061
20058,17,17345,-77.068138,39.064377
20058,17,8300,-77.0659,39.06474
20058,17,8302,-77.064896,39.064957
20058,17,8304,-77.062408,39.065693
20058,17,17066,-77.059757,39.066532
20058,17,8286,-77.059013,39.066139
20058,17,8288,-77.057442,39.064938
20058,17,9140,-77.059677,39.067044
20058,17,9142,-77.060807,39.068076
20058,17,9144,-77.062206,39.069679
20058,17,9146,-77.063462,39.071315
20058,17,9148,-77.064925,39.072842
20058,17,9150,-77.066205,39.073943
20058,17,9152,-77.067697,39.075187
20058,17,9162,-77.067763,39.074924
20058,17,9164,-77.066136,39.073545
20058,17,9166,-77.064959,39.072589
20058,17,9168,-77.063528,39.071101
20058,17,9170,-77.062393,39.069443
20058,17,9172,-77.061394,39.068226
8851,6,1601,-77.070392,39.077414
8851,6,1666,-77.071261,39.07756
8851,17,9154,-77.070435,39.077465
8851,17,9196,-77.068939,39.078682
8851,17,17394,-77.067398,39.079365
8851,17,9212,-77.067669,39.079402
8851,17,9213,-77.06965,39.078376
8855,6,1603,-77.073384,39.079642
8855,6,1670,-77.07544,39.081147
8855,6,28501,-77.076637,39.082221
8855,6,1671,-77.077769,39.084207
8855,6,28510,-77.078432,39.085542
8855,6,1606,-77.078178,39.083944
8855,6,1604,-77.076429,39.08139
8855,6,1668,-77.074226,39.079733
8855,17,1330,-77.076912,39.083931
8855,17,1342,-77.075867,39.08461
8855,17,1344,-77.077087,39.084106
8857,6,29788,-77.079318,39.087515
8857,6,1608,-77.079907,39.087814
20053,6,1674,-77.079647,39.090935
20053,6,641,-77.079182,39.093872
20053,6,631,-77.080013,39.09211
20053,6,1609,-77.080194,39.090113
20053,17,9972,-77.073248,39.093213
20053,17,9974,-77.07531,39.093693
20053,17,9104,-77.078552,39.093555
20053,17,9106,-77.080679,39.092945
20053,17,9108,-77.082428,39.092518
20053,17,9080,-77.082814,39.092314
20053,17,9082,-77.081382,39.092616
20053,17,9084,-77.077888,39.09354
20053,17,280,-77.075818,39.093631
20053,17,282,-77.073143,39.09301
20053,17,8048,-77.076298,39.091483
20053,17,8050,-77.076234,39.092755
8860,6,28524,-77.078265,39.096994
8860,6,28525,-77.078743,39.097144
8861,6,3551,-77.076939,39.100644
8861,6,3552,-77.077419,39.100687
8861,6,28529,-77.076118,39.101046
8861,6,28530,-77.076189,39.101301
8862,6,28534,-77.076431,39.103548
8862,6,28536,-77.076918,39.103891
8863,6,5840,-77.07598,39.107568
8863,6,9190,-77.076301,39.108689
8864,6,21099,-77.075581,39.11075
8864,17,2792,-77.075589,39.110637
8864,17,9308,-77.074721,39.111052
8865,6,29789,-77.072896,39.123725
8865,6,28546,-77.073496,39.123506
8865,17,2794,-77.072941,39.123654
8865,17,2840,-77.073482,39.123528
8866,6,21105,-77.072119,39.12589
8866,6,1612,-77.072714,39.125775
8866,17,2796,-77.072174,39.125877
8866,17,2838,-77.072691,39.125804
8867,6,21136,-77.070797,39.13026
8867,17,2798,-77.070801,39.130257
8870,6,28548,-77.069885,39.133741
8870,6,28550,-77.069306,39.135612
8870,6,21140,-77.068749,39.137363
8870,6,1679,-77.068323,39.138876
8870,6,1613,-77.068744,39.138783
8870,6,21109,-77.069374,39.136626
8870,6,28549,-77.070057,39.134335
8870,6,28547,-77.070677,39.132357
8870,17,9156,-77.069892,39.133679
8870,17,2800,-77.069321,39.135601
8870,17,2802,-77.06871,39.137417
8870,17,2804,-77.068321,39.138939
8870,17,2830,-77.068693,39.138789
8870,17,2832,-77.069366,39.136673
8870,17,2834,-77.070061,39.134361
8870,17,2836,-77.070684,39.132309
8872,6,12074,-77.067257,39.143041
8872,6,21113,-77.067762,39.142257
8872,17,2805,-77.067352,39.142097
8872,17,2806,-77.067259,39.143046
8872,17,3268,-77.068417,39.142761
8872,17,5038,-77.065987,39.142263
8872,17,5058,-77.065889,39.142342
8872,17,2828,-77.067749,39.142282
8873,6,1680,-77.066866,39.145869
8873,6,1614,-77.067295,39.14554
8873,17,2808,-77.066884,39.145852
8873,17,2826,-77.067304,39.145564
8875,6,1615,-77.066726,39.148176
8875,6,28551,-77.06665,39.150166
8875,6,1681,-77.067014,39.14856
8875,17,2810,-77.066743,39.148162
8875,17,2812,-77.066679,39.150174
8875,17,2822,-77.066969,39.149434
8875,17,2824,-77.06704,39.148559
17178,6,21154,-77.066624,39.152407
17178,6,29790,-77.064876,39.152037
17178,6,28553,-77.061506,39.151443
17178,6,13538,-77.060286,39.153098
17178,6,28556,-77.060595,39.153002
17178,6,28552,-77.062012,39.151166
17178,6,28554,-77.064057,39.151974
17178,6,28555,-77.066965,39.152783
17178,17,8922,-77.066678,39.152442
17178,17,8904,-77.064728,39.152132
17178,17,4782,-77.061086,39.15048
17178,17,2818,-77.066391,39.156269
17178,17,4738,-77.067924,39.15395
17178,17,4740,-77.069601,39.15507
17178,17,2816,-77.066757,39.154389
17178,17,9158,-77.066383,39.155781
8880,6,28557,-77.059539,39.155323
8880,6,23503,-77.059406,39.155723
8880,17,14448,-77.058311,39.156044
8880,17,14447,-77.058866,39.156352
8881,6,28767,-77.055184,39.153016
8881,17,14449,-77.055168,39.153072
8928,6,28528,-77.073165,39.100855
8959,6,1048,-77.023666,39.003874
8959,6,1068,-77.02286,39.005068
8959,6,1049,-77.023216,39.005019
8959,6,1067,-77.023807,39.00415
8959,17,1102,-77.023689,39.00388
8959,17,1146,-77.023215,39.005023
8959,17,1148,-77.023819,39.004101
8959,17,1104,-77.022862,39.005069
8967,6,1057,-77.011011,39.023702
8967,6,1077,-77.011353,39.02376
8967,17,1130,-77.011349,39.023763
8968,6,1078,-77.010696,39.025853
8968,6,1058,-77.011071,39.025746
8968,17,1128,-77.011071,39.025684
8969,6,1059,-77.009264,39.027807
8969,6,1079,-77.009341,39.028106
8969,17,1126,-77.008947,39.028392
8969,17,1124,-77.009253,39.027821
8971,6,28411,-77.004803,39.030969
8971,6,28422,-77.003228,39.032641
8971,6,1088,-77.003483,39.032792
8971,6,28414,-77.004826,39.03135
8971,17,30125,-77.00444,39.031339
8971,17,30126,-77.004601,39.031582
8971,17,1214,-77.003464,39.032816
8971,17,1216,-77.004837,39.031342
8971,17,1194,-77.004485,39.031306
8971,17,1196,-77.00322,39.032669
8972,6,2289,-76.999725,39.034099
8972,6,2301,-76.999901,39.034181
8974,6,2290,-76.997222,39.035211
8974,6,2299,-76.995649,39.036732
8974,6,2298,-76.994242,39.037924
8974,6,2292,-76.994271,39.038091
8974,6,2291,-76.995897,39.036656
8974,6,2300,-76.997319,39.035332
8974,17,30135,-76.995667,39.036744
8974,17,30127,-76.994797,39.037714
19231,6,2448,-76.968902,39.058605
19231,6,9862,-76.968764,39.059838
19231,6,2449,-76.969393,39.059074
19231,6,28465,-76.970106,39.058054
19231,6,13469,-76.971187,39.056791
19231,17,30131,-76.967771,39.058135
19231,17,30132,-76.968079,39.058486
19231,17,9934,-76.970541,39.05527
19231,17,17143,-76.969488,39.054234
19231,17,9926,-76.967865,39.053833
19231,17,9928,-76.966377,39.055721
19231,17,15474,-76.967214,39.056727
19231,17,8528,-76.968911,39.058612
19231,17,8772,-76.968788,39.05938
19231,17,9918,-76.968735,39.059883
19231,17,9920,-76.96785,39.057079
19231,17,9922,-76.966577,39.055451
19231,17,9924,-76.968191,39.053734
19231,17,17144,-76.96948,39.054481
19231,17,9932,-76.970323,39.055333
8988,6,13470,-76.966581,39.062151
8988,6,13472,-76.965437,39.063888
8988,6,13474,-76.964755,39.064908
8988,6,13473,-76.965007,39.064798
8988,6,13471,-76.966666,39.062362
8988,17,8536,-76.966599,39.062134
8988,17,8538,-76.96648,39.06376
8988,17,8520,-76.966202,39.063484
8988,17,9346,-76.966679,39.062371
8990,6,13476,-76.962386,39.068037
8990,6,13475,-76.962552,39.068015
8991,6,13478,-76.960762,39.070698
8991,6,13477,-76.961113,39.070358
8992,6,16044,-76.958434,39.074715
8992,6,16043,-76.958714,39.074638
8992,17,15176,-76.956436,39.074467
8993,6,13479,-76.957388,39.076447
8993,6,13480,-76.957422,39.076784
8993,17,14864,-76.957993,39.076553
8994,6,28500,-76.953463,39.081892
8994,6,13481,-76.953464,39.082084
8995,6,9803,-76.951771,39.083385
8995,6,20349,-76.950443,39.083933
8995,6,9827,-76.951652,39.083777
8995,17,568,-76.951995,39.084702
8995,17,570,-76.950437,39.083996
8995,17,576,-76.950097,39.084132
8995,17,578,-76.951775,39.084702
8997,6,237,-76.945901,39.081196
8997,6,39750,-76.945935,39.080346
8997,6,3585,-76.945253,39.079217
8997,6,13324,-76.945259,39.079763
8997,6,887,-76.946069,39.081327
8997,17,17038,-76.946113,39.080609
8997,17,8138,-76.945119,39.079291
8997,17,8150,-76.945263,39.079772
8997,17,574,-76.946487,39.081494
8998,6,28502,-76.942947,39.082837
8998,6,28503,-76.943189,39.08295
8999,6,28505,-76.940821,39.084027
8999,6,28511,-76.9405,39.085676
8999,6,28506,-76.941007,39.084147
8999,17,30130,-76.94054,39.085218
9005,6,28496,-76.942497,39.077718
9005,17,30129,-76.942113,39.07801
9005,17,8148,-76.942489,39.077687
9005,17,9136,-76.940299,39.078866
9053,6,9773,-77.186823,38.834147
9053,6,3547,-77.187302,38.834133
9054,6,9772,-77.183496,38.835322
9054,6,9771,-77.181734,38.835583
9054,6,9770,-77.17966,38.835742
9054,6,9769,-77.17752,38.836177
9054,6,26309,-77.175376,38.836328
9054,6,26311,-77.175475,38.836569
9054,6,9783,-77.177774,38.836377
9054,6,13339,-77.182855,38.835706
9059,6,9785,-77.172128,38.836977
9060,6,26330,-77.169434,38.837512
9060,6,9767,-77.169885,38.837758
9061,6,9766,-77.166452,38.837742
9061,6,9787,-77.166646,38.837961
9065,6,9765,-77.163397,38.837852
9065,6,9764,-77.16153,38.83741
9065,6,9791,-77.159754,38.836808
9065,6,9792,-77.156979,38.836454
9065,6,9761,-77.155555,38.837243
9065,6,26332,-77.155502,38.837586
9065,6,9762,-77.15711,38.83664
9065,6,9763,-77.159285,38.836865
9065,6,9790,-77.161496,38.837676
9065,6,9788,-77.163411,38.838115
9067,6,9794,-77.152242,38.839246
9067,6,9760,-77.152703,38.83923
9068,6,9795,-77.149517,38.840858
9068,6,26378,-77.149443,38.841162
9070,6,9797,-77.141942,38.843288
9070,6,47368,-77.140177,38.845522
9070,6,9798,-77.140979,38.845212
9070,6,9758,-77.141706,38.844127
9071,6,26462,-77.137123,38.846927
9071,6,9800,-77.135741,38.847489
9071,6,9756,-77.135854,38.847722
9073,6,29345,-77.132103,38.84915
9073,6,26499,-77.132369,38.849295
9156,6,26514,-77.118207,38.850701
9156,6,10055,-77.118662,38.850851
9162,6,9062,-77.25891,38.864988
9162,6,9069,-77.25795,38.865271
9163,6,9061,-77.251466,38.865068
9163,6,26760,-77.251512,38.865386
9164,6,9071,-77.247903,38.865153
9164,6,40269,-77.247552,38.865438
9165,6,9059,-77.239568,38.865249
9165,6,9072,-77.24073,38.865547
9166,6,9055,-77.234537,38.865424
9166,6,41185,-77.233722,38.864002
9166,6,41186,-77.234142,38.86424
9166,6,9076,-77.234545,38.865345
9170,6,10320,-77.227523,38.861492
9170,6,10322,-77.22648,38.859752
9170,6,26629,-77.225881,38.857486
9170,6,26636,-77.225652,38.85819
9170,6,26670,-77.226153,38.860029
9170,6,11401,-77.227438,38.862903
9170,6,10368,-77.228021,38.864254
9170,18,635,-77.22799,38.86431
9170,18,634,-77.22752,38.86149
9170,18,674,-77.22647,38.85976
9170,18,675,-77.22587,38.85747
9170,18,682,-77.22561,38.85807
9170,18,673,-77.22652,38.860752
9170,18,681,-77.227433,38.86361
9171,6,37206,-77.228126,38.856546
9171,18,1878,-77.228066,38.856236
9175,6,9054,-77.20749,38.865791
9175,6,9058,-77.207634,38.866139
9176,6,26773,-77.202737,38.865928
9176,6,9052,-77.202555,38.866191
9177,6,9051,-77.199809,38.865972
9177,6,10970,-77.200094,38.866233
9178,6,29301,-77.197485,38.866013
9178,6,29295,-77.197278,38.866271
9179,6,9049,-77.194379,38.866235
9179,6,10972,-77.194672,38.866463
9180,6,9082,-77.187365,38.867403
9180,6,9048,-77.187972,38.867562
9183,6,11747,-77.183997,38.867989
9183,6,9046,-77.181462,38.868406
9183,6,9085,-77.179184,38.868776
9183,6,9045,-77.178874,38.869121
9183,6,9084,-77.181318,38.868682
9183,6,9047,-77.18374,38.868307
9185,6,9043,-77.169754,38.87037
9185,6,9087,-77.16985,38.870609
9186,6,9088,-77.164316,38.871316
9186,6,9042,-77.16389,38.87159
9187,6,9089,-77.161227,38.871834
9196,6,12469,-77.14329,38.872993
9196,6,12474,-77.143538,38.873182
9197,6,11233,-77.140331,38.873513
9197,6,12467,-77.138722,38.873848
9197,6,12466,-77.136686,38.874231
9197,6,12478,-77.13453,38.874716
9197,6,12464,-77.132535,38.875215
9197,6,12463,-77.131027,38.875615
9197,6,12480,-77.130944,38.875802
9197,6,41528,-77.133235,38.875221
9197,6,12477,-77.136945,38.874363
9197,6,12476,-77.138779,38.874031
9197,6,12468,-77.140434,38.873686
9251,6,40191,-77.360427,38.85429
9251,18,1803,-77.360375,38.85429
9253,6,40192,-77.358246,38.85343
9253,6,40189,-77.355789,38.851178
9253,6,40194,-77.355734,38.851419
9253,18,690,-77.358247,38.85344
9253,18,686,-77.357641,38.851938
9253,18,687,-77.355723,38.851158
9253,18,684,-77.355384,38.851284
9253,18,685,-77.357546,38.852186
9254,6,40190,-77.35144,38.851619
9254,6,40193,-77.352356,38.851421
9254,18,689,-77.351486,38.851608
9254,18,691,-77.35232,38.851428
9256,6,40181,-77.34699,38.852992
9256,6,40182,-77.344411,38.85369
9256,6,40187,-77.345135,38.853874
9256,6,40188,-77.347796,38.852948
9257,6,40183,-77.341971,38.85198
9257,6,40186,-77.341711,38.851909
9276,6,29946,-77.227118,38.869614
9276,6,29949,-77.227336,38.870285
9276,6,12786,-77.227673,38.868466
9276,18,670,-77.227438,38.871353
9276,18,651,-77.22767,38.86849
9276,18,650,-77.22712,38.869607
9306,7,5,-76.614137,38.536516
9307,7,6,-76.599194,38.529823
9308,7,7,-76.584245,38.532595
9309,7,8,-76.580756,38.536089
9310,7,9,-76.575773,38.530755
9311,7,10,-76.582589,38.538802
9312,7,1,-76.595167,38.544361
9313,7,2,-76.590595,38.545597
9314,7,3,-76.59087,38.541079
9315,7,11,-76.587547,38.538209
9316,7,12,-76.582393,38.550514
9317,7,13,-76.579936,38.54624
9318,7,14,-76.593893,38.554338
9319,7,15,-76.596585,38.559275
9320,7,16,-76.604174,38.561647
9321,7,17,-76.598994,38.556237
9321,7,22,-76.598841,38.556305
9322,7,18,-76.597071,38.553011
9323,7,19,-76.59435,38.549939
9324,7,51,-76.612372,38.614014
9325,7,52,-76.606623,38.660079
9326,7,53,-76.606914,38.698446
9327,7,54,-76.545023,38.69611
9328,7,55,-76.534718,38.694941
9329,7,56,-76.532339,38.709316
9330,7,57,-76.535788,38.709832
9330,7,58,-76.535679,38.711314
9333,7,59,-76.536285,38.691822
9334,7,60,-76.536236,38.683332
9335,7,61,-76.537109,38.664892
9336,7,62,-76.534011,38.626356
9337,7,63,-76.525882,38.608404
9338,7,64,-76.522327,38.606834
9339,7,65,-76.541143,38.559074
9340,7,66,-76.518183,38.56144
9341,7,69,-76.463952,38.427203
9341,7,84,-76.463209,38.426367
9342,7,73,-76.453852,38.366166
9343,7,74,-76.465571,38.33594
9343,7,75,-76.463548,38.33671
9345,7,77,-76.453344,38.338724
9346,7,78,-76.439851,38.346684
9347,7,82,-76.435465,38.380145
9348,7,83,-76.438527,38.376572
9350,7,85,-76.506181,38.473623
9351,7,86,-76.642376,38.507398
9352,7,87,-76.622643,38.495102
9352,7,107,-76.622194,38.495116
9353,7,106,-76.590489,38.493854
9353,7,117,-76.590578,38.494071
9354,7,89,-76.57056,38.505246
9356,7,105,-76.546179,38.477887
9357,7,91,-76.56122,38.449506
9358,7,92,-76.578126,38.447777
9359,7,93,-76.545286,38.412859
9360,7,94,-76.545948,38.454913
9361,7,95,-76.538287,38.457709
9362,7,96,-76.516653,38.44217
9363,7,97,-76.493696,38.449755
9364,7,70,-76.483287,38.426126
9365,7,98,-76.511111,38.470013
9365,15,11546,-76.511328,38.468303
9366,7,99,-76.536626,38.49996
9367,7,1328228,-76.42190427,38.38712024
9368,7,119,-76.410518,38.380338
9369,7,120,-76.406811,38.36474
9370,7,121,-76.408007,38.35916
9371,7,122,-76.410927,38.358541
9371,7,124,-76.411902,38.358305
9372,7,123,-76.406352,38.347543
9374,7,125,-76.418185,38.353843
9375,7,126,-76.423645,38.358066
9376,7,127,-76.430464,38.364022
9377,7,128,-76.428737,38.376412
9378,7,129,-76.416529,38.37498
9379,7,130,-76.41822,38.34324
9380,7,131,-76.418725,38.338651
9381,7,135,-76.424378,38.342998
9382,7,79,-76.430575,38.33003
9383,7,76,-76.459271,38.347814
9384,7,132,-76.442351,38.374043
9385,7,133,-76.460036,38.322869
9386,7,134,-76.454137,38.327411
9387,7,88,-76.621621,38.483922
9389,7,108,-76.621917,38.511827
9389,7,1328236,-76.62217677,38.51144291
9390,7,4,-76.607439,38.535251
9391,7,1328234,-76.59118652,38.53546054
9391,7,1328235,-76.59143999,38.53579624
9392,7,29,-76.59336,38.543187
9395,7,1328233,-76.78077042,38.47855898
9396,7,1328232,-76.77325622,38.50017889
9396,9,607,-76.772132,38.499558
9398,8,2561388,-76.863446,39.095248
9403,8,2561383,-76.876606,39.089587
9403,8,2561354,-76.876744,39.08894
9404,8,2561382,-76.87958,39.086465
9404,8,2561355,-76.87976,39.086041
9405,8,2561381,-76.879663,39.079468
9405,8,2561356,-76.877766,39.079064
9407,8,2561379,-76.86072,39.073631
9407,8,2561358,-76.860294,39.073726
9409,8,2561378,-76.853497,39.073447
9409,8,2561377,-76.850883,39.073457
9409,8,2561360,-76.851465,39.073614
9409,8,2561359,-76.853489,39.073608
9422,8,2561376,-76.847744,39.073314
9422,8,2561366,-76.847853,39.074268
9422,8,2561365,-76.848387,39.076247
9422,8,2561362,-76.848772,39.075914
9422,8,2561361,-76.84837,39.073693
9411,8,2561375,-76.842565,39.069543
9411,8,2561367,-76.84339,39.070545
9412,8,2561374,-76.839647,39.064181
9412,8,2561368,-76.839265,39.064362
9413,8,2561373,-76.837204,39.051143
9413,8,2561370,-76.836777,39.051333
9414,8,2561372,-76.837852,39.048545
9415,8,2561371,-76.837696,39.046229
9417,8,2562434,-76.837386,39.053303
9418,8,2561369,-76.837834,39.056183
9423,8,2561364,-76.844504,39.078877
9424,8,2561363,-76.847031,39.078295
9447,8,2561217,-76.848065,39.105921
9447,8,2561216,-76.846311,39.105152
9449,8,2561215,-76.844482,39.103303
9449,8,2560920,-76.843808,39.102243
9449,8,2560919,-76.842443,39.103537
9449,15,12012,-76.842098,39.102059
9449,15,12021,-76.841787,39.102129
9450,8,2561214,-76.846543,39.101361
9450,8,2560921,-76.845571,39.100573
9460,8,2561286,-76.864713,39.087446
9460,8,2561229,-76.864675,39.086986
9463,8,2561283,-76.867098,39.081358
9470,8,2561276,-76.883457,39.061235
9470,8,2561237,-76.883396,39.061496
9470,15,12013,-76.884353,39.062796
9470,15,12020,-76.884051,39.062919
9471,8,2561275,-76.861097,39.055528
9472,8,2561274,-76.865727,39.056325
9473,8,2561273,-76.879435,39.059263
9474,8,2561272,-76.885157,39.05547
9474,8,2561238,-76.885018,39.055361
9475,8,2561271,-76.886825,39.053508
9475,8,2561239,-76.886916,39.053076
9476,8,2561270,-76.888845,39.051133
9476,8,2561240,-76.888359,39.05134
9477,8,2561269,-76.890666,39.048986
9477,8,2561241,-76.890705,39.048607
9478,8,2561268,-76.892491,39.04685
9478,8,2561242,-76.892043,39.047022
9479,8,2561267,-76.89871,39.040448
9479,8,2561243,-76.898387,39.039811
9480,8,2561266,-76.898571,39.035586
9480,8,2561244,-76.898367,39.035659
9509,8,2561195,-76.863866,39.214555
9509,8,2560986,-76.863369,39.212926
9509,8,2579376,-76.863343,39.213034
9509,15,11844,-76.863217,39.212992
9509,15,11779,-76.863549,39.212966
9510,8,2561194,-76.870163,39.219263
9510,8,2561160,-76.870305,39.219152
9510,15,11807,-76.870305,39.219156
9511,8,2561193,-76.875985,39.2199
9511,8,2561161,-76.875821,39.219898
9511,15,11806,-76.876917,39.221203
9512,8,2561192,-76.87943,39.219702
9512,8,2561162,-76.879444,39.219519
9512,15,11805,-76.879523,39.219475
9513,8,2578210,-76.883515,39.221664
9513,8,2561191,-76.885318,39.221862
9513,8,2561164,-76.885162,39.221713
9513,8,2561163,-76.883755,39.221563
9518,8,2561190,-76.888322,39.223199
9518,8,2561189,-76.889814,39.222403
9518,8,2561188,-76.888273,39.219515
9518,8,2561187,-76.887956,39.217629
9518,8,2561186,-76.887689,39.216009
9518,8,2561168,-76.887407,39.215646
9518,8,2561167,-76.887834,39.217754
9518,8,2561166,-76.88809,39.219262
9518,8,2561165,-76.888362,39.221168
9518,15,11772,-76.889459,39.221502
9518,15,11777,-76.887653,39.214863
9527,8,2561185,-76.88494,39.213612
9527,8,2561184,-76.884411,39.214519
9527,8,2561183,-76.880941,39.216184
9527,8,2562450,-76.882356,39.215115
9527,8,2561182,-76.881676,39.213605
9527,8,2561181,-76.879235,39.210981
9527,8,2561180,-76.880637,39.211015
9527,8,2561179,-76.884367,39.211069
9527,8,2561170,-76.884663,39.214689
9527,8,2561169,-76.885044,39.213719
9527,8,2561101,-76.881312,39.216624
9527,8,2561100,-76.883347,39.212874
9527,8,2561099,-76.882989,39.211362
9527,8,2561098,-76.883826,39.210493
9527,8,2561097,-76.884978,39.210638
9527,8,2561059,-76.884839,39.210526
9527,8,2561058,-76.882827,39.211387
9527,8,2561057,-76.882973,39.212489
9528,8,2561178,-76.888903,39.210567
9529,8,2561177,-76.8938,39.209566
9529,15,11776,-76.894006,39.209334
9530,8,2561176,-76.897507,39.206018
9531,8,2561175,-76.899817,39.206917
9531,15,11775,-76.899868,39.206661
9532,8,2561174,-76.901027,39.208738
9533,8,2561173,-76.900451,39.212468
9533,15,11774,-76.900951,39.212408
9534,8,2561172,-76.89597,39.212079
9534,15,11773,-76.896146,39.212252
9535,8,2561171,-76.891811,39.212273
9547,8,2561159,-76.8634,39.217856
9547,8,2561138,-76.863301,39.218082
9897,8,2561158,-76.861096,39.219407
9897,8,2561139,-76.861396,39.219343
9897,8,2560983,-76.858417,39.21909
9897,8,2561345,-76.859087,39.219407
9897,15,11780,-76.858725,39.219995
9897,15,11871,-76.858972,39.219216
9549,8,2561157,-76.856886,39.223858
9549,8,2561140,-76.856898,39.224647
9549,15,11781,-76.856852,39.223906
9549,15,11870,-76.856826,39.224636
9550,8,2562460,-76.836725,39.220847
9550,8,2561155,-76.836925,39.220524
9551,8,2561156,-76.840431,39.224424
9553,8,2561154,-76.823908,39.210708
9553,8,2561129,-76.824134,39.210669
9554,8,2561153,-76.822034,39.213205
9554,8,2561130,-76.822125,39.21334
9555,8,2561152,-76.817046,39.21217
9555,8,2561131,-76.816913,39.212291
9555,15,11935,-76.819077,39.212796
9556,8,2561151,-76.815937,39.209572
9556,8,2561150,-76.815298,39.208275
9556,8,2561148,-76.813825,39.207173
9556,8,2561147,-76.812016,39.207189
9556,8,2561322,-76.812501,39.206902
9556,8,2561290,-76.812305,39.206685
9556,8,2561133,-76.815024,39.208323
9556,8,2561132,-76.815808,39.209857
9556,15,11936,-76.814706,39.207917
9558,8,2561149,-76.816852,39.204927
9561,8,2561146,-76.807439,39.207284
9562,8,2561145,-76.809551,39.199947
9563,8,2561144,-76.812663,39.196627
9564,8,2561143,-76.81468,39.197781
9565,8,2561318,-76.818835,39.194302
9569,8,2561128,-76.855873,39.227916
9569,8,2561105,-76.856035,39.227973
9570,8,2561127,-76.854074,39.229503
9570,8,2561107,-76.852618,39.230619
9570,8,2561106,-76.854186,39.229603
9571,8,2561126,-76.848562,39.2311
9572,8,2561125,-76.84602,39.233558
9572,8,2561108,-76.846634,39.233046
9573,8,2561124,-76.844109,39.238917
9573,8,2561109,-76.844334,39.238743
9574,8,2561123,-76.842149,39.244005
9574,8,2561118,-76.841585,39.243916
9575,8,2561122,-76.83779,39.242975
9575,8,2561119,-76.837894,39.243089
9576,8,2561121,-76.832014,39.246768
9577,8,2561120,-76.835312,39.243206
9580,8,2561117,-76.815612,39.235406
9580,8,2561116,-76.816082,39.233853
9580,15,11931,-76.816372,39.235184
9582,8,2561115,-76.813635,39.228632
9583,8,2561114,-76.816499,39.226815
9584,8,2561113,-76.819497,39.22764
9585,8,2561112,-76.819645,39.231392
9586,8,2561111,-76.827062,39.230668
9587,8,2561110,-76.830553,39.234651
9593,8,2561104,-76.868474,39.212971
9594,8,2561103,-76.871543,39.214165
9594,8,2560819,-76.871519,39.213843
9595,8,2562462,-76.874902,39.21466
9595,8,2562461,-76.874809,39.214383
9601,8,2561096,-76.88492,39.208006
9601,8,2561060,-76.884742,39.207728
9602,8,2561095,-76.882516,39.204985
9602,8,2561061,-76.882068,39.204756
9603,8,2561094,-76.882421,39.199161
9603,8,2561062,-76.882305,39.199209
9613,8,2561093,-76.884574,39.197114
9613,8,2579573,-76.883146,39.195871
9613,8,2561081,-76.88366,39.193939
9613,8,2561064,-76.883945,39.195276
9613,8,2561063,-76.884615,39.196359
9606,8,2579574,-76.880875,39.193518
9606,8,2561082,-76.88112,39.193441
9607,8,2561087,-76.879273,39.187942
9607,8,2561086,-76.878697,39.186529
9609,8,2561085,-76.872781,39.188256
9610,8,2561084,-76.872508,39.19031
9611,8,2561083,-76.870983,39.19326
9624,8,2561080,-76.816027,39.250209
9625,8,2561079,-76.816623,39.251955
9626,8,2561078,-76.81814,39.257537
9626,8,2561019,-76.818281,39.257458
9627,8,2561077,-76.818358,39.265998
9627,8,2561020,-76.818528,39.266054
9628,8,2561076,-76.809651,39.268692
9628,8,2561021,-76.8096,39.2688
9629,8,2561075,-76.801047,39.269218
9629,8,2561022,-76.801225,39.26918
9630,8,2561074,-76.803761,39.272857
9630,8,2561023,-76.803913,39.27271
9631,8,2561055,-76.80504,39.27583
9631,8,2561024,-76.805195,39.275611
9632,8,2561054,-76.808505,39.279814
9632,8,2561025,-76.808761,39.2799
9633,8,2561053,-76.809671,39.282024
9633,8,2561026,-76.809847,39.281872
9634,8,2561052,-76.807277,39.285621
9634,8,2561027,-76.807401,39.28554
9635,8,2561051,-76.811177,39.287191
9635,8,2561028,-76.811196,39.287063
9636,8,2561050,-76.816255,39.28718
9636,8,2561029,-76.815861,39.287031
9637,8,2561049,-76.819949,39.287247
9637,8,2561030,-76.819824,39.287112
9638,8,2561048,-76.821245,39.29077
9639,8,2611972,-76.820743,39.283752
9640,8,2561046,-76.813915,39.277571
9640,8,2561045,-76.812027,39.278528
9640,8,2561043,-76.814468,39.277954
9642,8,2561042,-76.827706,39.277259
9642,8,2561033,-76.826266,39.276793
9643,8,2561041,-76.831962,39.277575
9643,8,2561034,-76.83247,39.277255
9644,8,2561040,-76.835852,39.275839
9644,8,2561035,-76.83571,39.275791
9645,8,2561039,-76.836663,39.273355
9645,8,2561036,-76.836535,39.273269
9646,8,2561038,-76.839346,39.272307
9646,8,2561037,-76.838313,39.271914
9652,8,2561032,-76.817611,39.278437
9654,8,2561031,-76.81714,39.280515
9673,8,2560918,-76.839177,39.1064
9674,8,2560917,-76.836564,39.10923
9674,8,2560916,-76.836026,39.110449
9676,8,2560915,-76.833057,39.114461
9676,8,2560847,-76.83331,39.114651
9676,8,2560846,-76.834316,39.113697
9677,8,2560914,-76.826749,39.121069
9677,8,2560849,-76.825855,39.122531
9678,8,2560913,-76.824284,39.124115
9679,8,2560912,-76.822046,39.126886
9679,8,2560850,-76.821992,39.127449
9680,8,2560911,-76.814726,39.135391
9680,8,2560852,-76.815907,39.13537
9682,8,2560910,-76.812013,39.135959
9682,8,2560909,-76.809279,39.135843
9682,8,2560854,-76.810057,39.136148
9682,8,2560853,-76.812113,39.13611
9683,8,2560908,-76.802798,39.131805
9683,8,2560907,-76.801455,39.130692
9683,8,2560856,-76.80101,39.130518
9683,8,2560855,-76.802698,39.131923
9685,8,2560906,-76.797905,39.126217
9685,8,2560857,-76.79772,39.126199
9686,8,2560905,-76.796009,39.123801
9686,15,12010,-76.796374,39.122927
9686,15,12023,-76.796351,39.122855
9687,8,2560904,-76.793624,39.130977
9687,8,2560858,-76.793904,39.130978
9688,8,2560903,-76.793039,39.134631
9688,8,2560859,-76.793241,39.134263
9689,8,2560902,-76.793168,39.140544
9689,8,2560860,-76.793344,39.140315
9690,8,2560901,-76.792342,39.145818
9690,8,2560861,-76.792009,39.145708
9690,15,12134,-76.791907,39.145851
9691,8,2560900,-76.799773,39.148542
9691,8,2560862,-76.799684,39.148397
9691,15,12135,-76.799361,39.148772
9692,8,2560899,-76.801921,39.146345
9692,8,2560863,-76.801808,39.146229
9693,8,2560898,-76.805153,39.143472
9693,8,2560864,-76.8051,39.143331
9694,8,2560897,-76.808595,39.142896
9694,8,2560865,-76.809042,39.14321
9695,8,2560896,-76.792968,39.162764
9695,8,2560866,-76.793302,39.162845
9696,8,2560895,-76.780349,39.158204
9696,15,12133,-76.781118,39.158297
9697,8,2560894,-76.781539,39.160211
9698,8,2560893,-76.782381,39.162893
9699,8,2560892,-76.783117,39.165279
9699,15,12132,-76.783409,39.165614
9700,8,2560891,-76.784764,39.168041
9700,15,12131,-76.786157,39.168548
9701,8,2560890,-76.778364,39.174568
9701,8,2560868,-76.77921,39.17442
9701,15,12129,-76.778568,39.174674
9702,8,2560889,-76.7742,39.176784
9702,8,2560869,-76.774516,39.176886
9704,8,2560888,-76.766538,39.181911
9704,8,2560887,-76.763988,39.183621
9704,8,2560871,-76.764138,39.183854
9704,8,2560870,-76.765583,39.182885
9704,15,12128,-76.764124,39.183822
9705,8,2560886,-76.740118,39.19818
9705,8,2560874,-76.740295,39.19836
9706,8,2560885,-76.735369,39.202063
9706,8,2560875,-76.735478,39.20192
9707,8,2560884,-76.734867,39.205862
9707,8,2560883,-76.734148,39.207516
9707,8,2560877,-76.732069,39.207572
9707,8,2560876,-76.735042,39.205936
9709,8,2560882,-76.736625,39.210453
9710,8,2560881,-76.733203,39.211094
9711,8,2560880,-76.728148,39.20842
9711,8,2560879,-76.727883,39.206682
9711,15,12075,-76.727739,39.206839
9713,8,2560878,-76.731107,39.205488
9718,8,2560873,-76.742896,39.196923
9719,8,2560872,-76.74638,39.195139
9719,15,12077,-76.747827,39.194244
9724,8,2560867,-76.789443,39.167596
9740,8,2560851,-76.819657,39.130375
9743,8,2560848,-76.829138,39.118947
9746,8,2560845,-76.838869,39.108646
9747,8,2560816,-76.724395,39.153946
9747,15,2507,-76.724242,39.153948
9748,8,2560817,-76.746044,39.181004
9748,15,12008,-76.745229,39.181424
9748,15,12025,-76.744783,39.181806
9749,8,2560818,-76.811238,39.192985
9749,15,11836,-76.811181,39.192988
9750,8,2560995,-76.817636,39.182622
9750,8,2561011,-76.817716,39.182476
9751,8,2561294,-76.81876,39.18718
9751,8,2561313,-76.818894,39.187439
9751,15,11868,-76.819593,39.187376
9753,8,2561293,-76.817168,39.189829
9753,8,2560925,-76.817057,39.191736
9753,8,2561317,-76.818088,39.191676
9753,8,2561316,-76.817061,39.191635
9753,8,2561314,-76.817332,39.189922
9759,8,2560814,-76.854924,39.088811
9759,8,2560776,-76.854699,39.089149
9761,8,2560813,-76.849119,39.08536
9761,8,2560812,-76.846918,39.086062
9761,8,2560777,-76.849086,39.085641
9762,8,2560811,-76.846003,39.089104
9762,8,2560778,-76.846495,39.089024
9763,8,2560810,-76.844612,39.091342
9764,8,2560809,-76.843351,39.093267
9764,8,2560779,-76.843897,39.093071
9765,8,2560808,-76.838988,39.095187
9765,8,2560780,-76.837715,39.095983
9766,8,2560807,-76.833493,39.097594
9766,8,2560781,-76.833377,39.09808
9767,8,2560806,-76.82463,39.100562
9767,8,2560782,-76.826579,39.100619
9768,8,2560805,-76.819732,39.100654
9768,8,2560783,-76.821309,39.101133
9769,8,2560804,-76.816604,39.100179
9769,8,2560803,-76.814791,39.099764
9769,8,2560785,-76.813378,39.099803
9769,8,2560784,-76.816562,39.100567
9771,8,2560802,-76.8109,39.098911
9772,8,2560801,-76.806718,39.097887
9772,8,2560786,-76.807041,39.098352
9773,8,2560800,-76.780193,39.121277
9773,8,2560771,-76.780532,39.121403
9774,8,2560799,-76.776077,39.122717
9774,8,2560772,-76.776171,39.122952
9775,8,2562454,-76.773576,39.126688
9775,8,2560773,-76.773679,39.126861
9776,8,2560798,-76.771017,39.127958
9776,8,2562453,-76.771272,39.128061
9777,8,2560797,-76.767615,39.13509
9777,8,2560774,-76.768136,39.134775
9778,8,2560796,-76.763688,39.140863
9778,8,2560775,-76.763925,39.141059
9779,8,2560793,-76.74282,39.15351
9779,8,2560788,-76.742585,39.153854
9780,8,2560792,-76.733935,39.151453
9780,8,2560790,-76.733447,39.152
9781,8,2560791,-76.728939,39.152614
9783,8,2560789,-76.739223,39.150599
9804,8,2560727,-76.857239,39.103172
9804,8,2560732,-76.857403,39.103168
9805,8,2560726,-76.856847,39.105111
9805,8,2560733,-76.856942,39.105323
9806,8,2560725,-76.852836,39.110892
9806,8,2560736,-76.853297,39.110731
9807,8,2560724,-76.849995,39.119952
9807,8,2560737,-76.85014,39.120032
9808,8,2560723,-76.84752,39.121347
9808,8,2560738,-76.84767,39.121485
9809,8,2560744,-76.841342,39.123762
9809,8,2560740,-76.841642,39.124322
9809,8,2560722,-76.843111,39.125156
9810,8,2560743,-76.837823,39.120452
9810,8,2560741,-76.838113,39.120744
9811,8,2560742,-76.836761,39.116075
9815,8,2560721,-76.845475,39.128098
9815,8,2560745,-76.845676,39.128093
9816,8,2560720,-76.842903,39.135294
9816,8,2560746,-76.842758,39.135378
9817,8,2562456,-76.84025,39.133199
9817,8,2562457,-76.840231,39.133388
9818,8,2560719,-76.835366,39.133323
9818,8,2560747,-76.835122,39.133466
9819,8,2560718,-76.825437,39.133749
9819,8,2560748,-76.825424,39.133897
9820,8,2560717,-76.825247,39.136887
9820,8,2560716,-76.824051,39.138237
9820,8,2560750,-76.824191,39.138203
9820,8,2560749,-76.825354,39.136822
9822,8,2560715,-76.824442,39.14048
9822,8,2560751,-76.824626,39.140639
9823,8,2560714,-76.826806,39.147573
9823,8,2560752,-76.826957,39.147518
9824,8,2560713,-76.82045,39.148593
9824,8,2560712,-76.818418,39.149038
9824,8,2738205,-76.816625,39.149932
9824,8,2738204,-76.816762,39.149766
9824,8,2560754,-76.818205,39.149278
9824,8,2560753,-76.82057,39.148715
9828,8,2560711,-76.820326,39.153835
9828,8,2560710,-76.821416,39.156846
9828,8,2560756,-76.820611,39.155249
9828,8,2560755,-76.820104,39.154365
9829,8,2561073,-76.824988,39.161822
9829,8,2560757,-76.824733,39.161467
9830,8,2560950,-76.831012,39.164066
9830,8,2560758,-76.829833,39.163509
9830,8,2561337,-76.830365,39.164157
9831,8,2560949,-76.833343,39.164523
9832,8,2562452,-76.837052,39.168804
9832,8,2561072,-76.837682,39.169943
9832,8,2560759,-76.837632,39.169714
9832,8,2562451,-76.837237,39.168801
9834,8,2561071,-76.842607,39.173194
9834,8,2560760,-76.842679,39.173059
9835,8,2561070,-76.845032,39.176016
9835,8,2561015,-76.845647,39.176917
9835,8,2560761,-76.845321,39.175874
9835,8,2560991,-76.844355,39.176808
9836,8,2560764,-76.852138,39.17709
9836,8,2560763,-76.852819,39.177192
9836,8,2560762,-76.854297,39.177188
9839,8,2561069,-76.847742,39.178068
9839,8,2560765,-76.848212,39.178253
9839,15,11816,-76.848237,39.178183
9840,8,2561068,-76.84891,39.185728
9840,8,2562455,-76.84834,39.185974
9840,8,2561016,-76.850505,39.184808
9840,8,2560990,-76.850574,39.185772
9840,15,11815,-76.850752,39.18532
9841,8,2560961,-76.842693,39.185612
9841,8,2560962,-76.842531,39.186579
9843,8,2560960,-76.839914,39.187981
9843,8,2560964,-76.840097,39.187947
9844,8,2560959,-76.838821,39.189883
9844,8,2560965,-76.839206,39.189738
9844,8,2560966,-76.83661,39.190423
9844,8,2560958,-76.83659,39.190269
9845,8,2561067,-76.839202,39.193977
9845,8,2560766,-76.83962,39.194076
9847,8,2561066,-76.843842,39.192499
9847,8,2561065,-76.846716,39.191172
9847,8,2560768,-76.845635,39.191167
9847,8,2560767,-76.843978,39.192072
9850,8,2560989,-76.851375,39.192035
9850,8,2562463,-76.853247,39.194694
9850,8,2560769,-76.852446,39.193577
9850,15,11814,-76.851838,39.191781
9852,8,2560770,-76.853318,39.196823
9852,8,2560988,-76.851392,39.197868
9852,8,2561017,-76.851811,39.197629
9852,15,11813,-76.850052,39.198207
9853,8,2560987,-76.866604,39.207134
9853,8,2561018,-76.866981,39.207032
9853,15,11782,-76.866981,39.207108
9885,8,2560739,-76.844508,39.123498
9895,8,2560985,-76.858765,39.211485
9895,8,2561343,-76.858126,39.212133
9896,8,2560984,-76.857608,39.216891
9896,8,2561344,-76.857978,39.216873
9898,8,2560982,-76.840088,39.219151
9898,8,2560981,-76.840727,39.217564
9898,8,2561346,-76.840449,39.218417
9898,15,11808,-76.840643,39.218395
9900,8,2560980,-76.840545,39.215403
9900,8,2561347,-76.840445,39.215251
9901,8,2560979,-76.841745,39.211842
9901,8,2560926,-76.841406,39.212223
9901,15,11809,-76.842045,39.211751
9902,8,2560978,-76.845694,39.212169
9902,8,2560927,-76.845496,39.21206
9904,8,2560977,-76.846594,39.209894
9904,8,2560976,-76.847973,39.208347
9904,8,2560975,-76.847674,39.206709
9904,8,2560929,-76.847028,39.206077
9904,8,2560928,-76.847795,39.208491
9904,15,11810,-76.846892,39.209852
9904,15,11811,-76.847257,39.206005
9906,8,2560974,-76.842844,39.206392
9906,8,2560930,-76.842906,39.20652
9907,8,2560973,-76.839019,39.207508
9907,8,2560931,-76.83948,39.207381
9908,8,2578208,-76.835556,39.20829
9908,8,2578207,-76.835717,39.208462
9909,8,2560972,-76.834342,39.206706
9909,8,2560932,-76.834033,39.206463
9910,8,2560971,-76.834396,39.203314
9910,8,2560933,-76.834126,39.203723
9911,8,2560970,-76.83469,39.200925
9911,8,2560934,-76.83452,39.200946
9912,8,2560969,-76.834862,39.197428
9912,8,2560935,-76.834698,39.197166
9913,8,2560968,-76.833055,39.193011
9913,8,2560936,-76.832923,39.193103
9914,8,2560967,-76.832191,39.190823
9914,8,2560957,-76.832306,39.190667
9918,8,2560956,-76.826986,39.184404
9918,8,2560955,-76.825859,39.183053
9918,8,2561333,-76.8257,39.183195
9918,8,2561332,-76.827236,39.184789
9920,8,2560954,-76.827562,39.18126
9921,8,2560953,-76.828029,39.17679
9921,8,2560952,-76.829423,39.175357
9921,8,2561334,-76.828644,39.175896
9923,8,2560951,-76.830751,39.171294
9923,8,2561336,-76.830557,39.170268
9923,8,2561335,-76.830551,39.171652
9924,8,2560948,-76.83905,39.167012
9924,8,2561338,-76.838758,39.167039
9925,8,2560947,-76.844471,39.168764
9925,8,2561339,-76.844588,39.16866
9926,8,2560946,-76.849757,39.169478
9926,8,2561340,-76.849575,39.169424
9927,8,2560945,-76.851215,39.166488
9927,8,2560941,-76.851179,39.166833
9928,8,2560944,-76.846722,39.163331
9928,8,2560943,-76.845986,39.163284
9930,8,2560942,-76.849326,39.164174
9932,8,2560940,-76.854131,39.1671
9932,8,2561341,-76.854242,39.166984
9933,8,2560939,-76.859292,39.168586
9933,8,2561342,-76.859286,39.168401
9934,8,2560938,-76.865353,39.169048
9964,8,2560994,-76.828578,39.178979
9964,8,2561012,-76.828484,39.178695
9964,15,11838,-76.828642,39.178942
9965,8,2560993,-76.832287,39.177278
9965,8,2561013,-76.832548,39.176783
9966,8,2560992,-76.837598,39.175985
9966,8,2561014,-76.837642,39.175729
9973,8,2561010,-76.819973,39.178893
9973,8,2560996,-76.820039,39.178642
9973,15,11867,-76.821628,39.177502
9974,8,2561009,-76.81832,39.176005
9974,8,2560997,-76.817719,39.176024
9974,15,11866,-76.81808,39.175922
9984,8,2561008,-76.813113,39.175884
9984,8,2560999,-76.809538,39.174322
9984,8,2560998,-76.812706,39.175922
9984,15,11865,-76.811105,39.175329
9976,8,2561007,-76.806862,39.179239
9977,8,2561006,-76.805395,39.181452
9977,8,2561005,-76.80378,39.182315
9979,8,2561004,-76.801799,39.183275
9980,8,2561003,-76.799513,39.181549
9980,15,11862,-76.799458,39.181497
9981,8,2561002,-76.800306,39.177844
9981,15,12537,-76.800198,39.177939
9982,8,2561001,-76.802865,39.173862
9982,15,11863,-76.802857,39.173884
9983,8,2561000,-76.806731,39.172408
9983,15,11864,-76.806714,39.172382
9988,8,2561330,-76.821289,39.216091
9988,8,2561302,-76.821425,39.216172
9988,15,11934,-76.821433,39.216212
9989,8,2561329,-76.823405,39.218502
9989,8,2561303,-76.823747,39.21859
9989,15,11933,-76.823728,39.218609
9990,8,2561328,-76.824201,39.221051
9990,8,2561304,-76.82458,39.220597
9991,8,2561327,-76.818753,39.22352
9991,8,2561326,-76.81758,39.223965
9991,8,2561306,-76.817725,39.22415
9991,15,11932,-76.818018,39.224283
9993,8,2562458,-76.814727,39.223178
9993,8,2562459,-76.815075,39.223304
9994,8,2561325,-76.812346,39.220929
9994,8,2561307,-76.812207,39.220864
9995,8,2561324,-76.815091,39.216514
9995,8,2561308,-76.814992,39.215791
9998,8,2561321,-76.813172,39.202962
9998,8,2561320,-76.813448,39.2011
9998,8,2561291,-76.812991,39.201794
9999,8,2561312,-76.793908,39.188569
9999,8,2561299,-76.792666,39.188682
9999,8,2561298,-76.794155,39.188753
9999,8,2561297,-76.795674,39.1888
9999,8,2561295,-76.794821,39.187196
10000,8,2561311,-76.786661,39.182759
10001,8,2561310,-76.788126,39.185746
10002,8,2561300,-76.790147,39.187795
10006,8,2561296,-76.801161,39.186798
10022,9,663,-76.984388,38.549374
10022,9,874,-76.983215,38.550696
10023,9,683,-76.984048,38.536788
10023,9,772,-76.983929,38.53593
10023,9,755,-76.983543,38.536637
10025,9,674,-76.983645,38.527132
10025,9,750,-76.982278,38.527361
10025,9,673,-76.982847,38.527199
10026,9,587,-76.978658,38.529451
10027,9,837,-76.978095,38.520901
10028,9,616,-76.975731,38.520767
10029,9,698,-76.973977,38.524373
10030,9,697,-76.974388,38.526669
10031,9,589,-76.971936,38.528553
10031,9,661,-76.971228,38.52987
10033,9,585,-76.97517,38.529202
10034,9,600,-76.97462,38.532075
10034,9,654,-76.974396,38.533487
10034,9,604,-76.974762,38.535089
10037,9,655,-76.977537,38.538417
10037,9,630,-76.979197,38.539337
10039,9,631,-76.983533,38.539578
10039,9,754,-76.98385,38.539333
10040,9,804,-76.982998,38.543806
10042,9,886,-76.978583,38.556733
10042,9,885,-76.979142,38.557513
10043,9,740,-76.949689,38.558943
10044,9,730,-76.948497,38.545631
10045,9,734,-76.960586,38.531816
10045,9,659,-76.961545,38.532808
10047,9,637,-76.981574,38.547951
10047,9,608,-76.983143,38.547842
10047,9,636,-76.9794,38.547751
10049,9,884,-76.92514,38.613373
10049,9,931,-76.925312,38.612581
10049,15,11690,-76.925112,38.612843
10050,9,512,-76.922235,38.617487
10050,9,826,-76.920381,38.618072
10080,9,882,-76.919856,38.62467
10080,9,920,-76.919907,38.624557
10080,9,890,-76.922117,38.625124
10080,9,880,-76.919629,38.624915
10080,9,891,-76.920514,38.624201
10052,9,548,-76.923739,38.635571
10053,9,533,-76.927739,38.639301
10053,9,545,-76.927545,38.638668
10055,9,538,-76.937773,38.647388
10055,9,550,-76.940292,38.648558
10055,9,530,-76.939987,38.648066
10055,9,546,-76.938455,38.647355
10056,9,536,-76.948303,38.648999
10056,9,540,-76.948808,38.648573
10057,9,537,-76.951715,38.648561
10058,9,539,-76.954113,38.648497
10059,9,532,-76.957509,38.649269
10059,9,542,-76.957441,38.648867
10060,9,534,-76.961285,38.65028
10060,9,544,-76.96307,38.650756
10062,9,531,-76.996628,38.65287
10063,9,529,-77.007216,38.644289
10064,9,528,-77.003822,38.647247
10065,9,543,-76.979018,38.652265
10066,9,691,-76.985912,38.637995
10067,9,696,-76.978378,38.642474
10068,9,668,-76.969131,38.641923
10069,9,598,-76.970907,38.651239
10072,9,541,-76.944585,38.648944
10075,9,547,-76.93293,38.642849
10077,9,535,-76.922401,38.633629
10078,9,549,-76.919131,38.629283
10083,9,824,-76.883395,38.612975
10084,9,825,-76.889404,38.607301
10084,9,836,-76.888647,38.607351
10085,9,822,-76.895328,38.605714
10086,9,727,-76.90188,38.605093
10087,9,641,-76.89859,38.607761
10088,9,640,-76.894644,38.608651
10089,9,642,-76.902759,38.610526
10089,9,726,-76.90282,38.61032
10089,9,724,-76.903192,38.610347
10090,9,919,-76.905897,38.615082
10090,9,672,-76.906212,38.615049
10091,9,646,-76.909335,38.616155
10092,9,594,-76.918695,38.608075
10092,9,644,-76.918343,38.608156
10094,9,645,-76.910775,38.614719
10096,9,725,-76.901511,38.616738
10096,9,580,-76.901117,38.617247
10098,9,695,-76.899709,38.618825
10099,9,629,-76.886325,38.623106
10100,9,796,-76.892132,38.61923
10101,9,877,-76.892563,38.613838
10102,9,650,-76.89006,38.617078
10102,9,701,-76.889025,38.616858
10104,9,858,-76.885932,38.616191
10105,9,679,-76.873354,38.62456
10105,15,11549,-76.873549,38.624597
10105,19,1031,-76.873362,38.624341
10106,9,682,-76.872689,38.645316
10107,9,714,-76.876273,38.654939
10107,9,684,-76.87819,38.65473
10107,9,735,-76.879299,38.653793
10107,19,1032,-76.876281,38.654986
10107,19,1033,-76.876026,38.655047
10108,9,680,-76.873203,38.640501
10109,9,681,-76.873976,38.635679
10110,9,827,-76.924622,38.617496
10111,9,868,-76.926218,38.622739
10111,9,923,-76.927148,38.62242
10112,9,583,-76.917527,38.622384
10112,9,582,-76.917013,38.622766
10113,9,805,-76.91404,38.621307
10114,9,878,-76.908714,38.626808
10115,9,657,-76.907229,38.629386
10116,9,618,-76.902778,38.633767
10117,9,807,-76.899276,38.637215
10117,9,577,-76.89881,38.638445
10118,9,867,-76.887343,38.645574
10119,9,876,-76.895677,38.639108
10119,9,799,-76.89458,38.638131
10121,9,606,-76.911665,38.626825
10124,9,879,-76.918117,38.626389
10126,9,756,-76.986144,38.555845
10126,9,776,-76.98586,38.555288
10127,9,591,-77.009617,38.560767
10128,9,692,-77.014892,38.543282
10129,9,633,-77.039253,38.549502
10129,9,675,-77.039657,38.549712
10130,9,685,-77.03725,38.555672
10131,9,739,-77.030624,38.570766
10132,9,676,-77.031283,38.577303
10132,9,720,-77.032913,38.577913
10132,9,721,-77.032948,38.577817
10132,9,719,-77.031479,38.577438
10134,9,718,-77.072622,38.608269
10134,9,670,-77.0728,38.60842
10135,9,746,-77.072937,38.626886
10135,9,572,-77.074211,38.628367
10135,9,625,-77.074899,38.62751
10135,9,671,-77.073377,38.626255
10135,9,571,-77.072687,38.628194
10136,9,677,-77.074229,38.647373
10140,9,635,-77.073916,38.613707
10145,9,914,-76.78643,38.536996
10146,9,516,-76.78404,38.53276
10148,9,686,-76.774017,38.508701
10149,9,731,-76.797583,38.5466
10150,9,785,-76.816476,38.550763
10150,9,788,-76.814774,38.550294
10151,9,786,-76.834136,38.552937
10152,9,784,-76.841827,38.555599
10153,9,782,-76.861036,38.56758
10153,9,789,-76.861587,38.568901
10154,9,783,-76.862516,38.575054
10155,9,916,-76.906078,38.57473
10155,9,559,-76.90625,38.574332
10155,9,937,-76.907467,38.573439
10155,9,941,-76.907082,38.57337
10156,9,566,-76.914012,38.58367
10157,9,558,-76.936783,38.59646
10157,9,869,-76.936301,38.595692
10157,9,741,-76.937859,38.597778
10157,9,649,-76.937046,38.599138
10159,9,911,-76.919188,38.585315
10160,9,565,-76.911758,38.579689
10160,9,942,-76.911392,38.580089
10161,9,912,-76.9091,38.577008
10164,9,576,-76.844668,38.556287
10165,9,787,-76.828362,38.551402
10167,9,913,-76.809229,38.549974
10168,9,748,-77.07854,38.625096
10169,9,808,-77.133635,38.602345
10170,9,745,-77.139939,38.601838
10171,9,747,-77.157529,38.600813
10171,9,567,-77.156357,38.59967
10172,9,902,-77.16529,38.599815
10173,9,903,-77.169528,38.598793
10174,9,522,-77.161401,38.592337
10175,9,904,-77.156237,38.594621
10177,9,856,-77.149389,38.599613
10177,9,898,-77.149289,38.600856
10179,9,905,-77.131003,38.602838
10180,9,744,-77.081845,38.623413
10182,9,556,-77.041827,38.614057
10182,9,562,-77.039803,38.613739
10183,9,553,-77.024205,38.607545
10183,9,554,-77.024259,38.607658
10184,9,524,-77.010846,38.617404
10185,9,526,-77.015607,38.624553
10186,9,579,-77.015311,38.622627
10187,9,525,-77.012841,38.609206
10188,9,910,-76.959238,38.608397
10188,9,563,-76.95932,38.608719
10189,9,838,-76.942654,38.608477
10190,9,839,-76.936263,38.614948
10190,9,843,-76.93683,38.614673
10190,9,602,-76.938553,38.615193
10191,9,817,-76.932546,38.617583
10194,9,557,-76.972287,38.609737
10197,9,555,-77.073616,38.624107
10198,9,517,-76.969585,38.365716
10199,9,757,-76.956876,38.378847
10199,9,769,-76.957255,38.379297
10200,9,803,-76.952873,38.40586
10201,9,859,-76.953568,38.408534
10202,9,860,-76.95577,38.412941
10203,9,753,-76.96949,38.428131
10203,9,777,-76.969288,38.427281
10204,9,732,-76.98044,38.439798
10204,9,774,-76.980563,38.439237
10205,9,733,-76.991016,38.455963
10205,9,523,-76.991525,38.456537
10206,9,752,-76.986567,38.495663
10207,9,758,-76.984422,38.505302
10207,9,771,-76.985062,38.504719
10209,9,660,-76.982742,38.530864
10213,9,632,-76.987182,38.539796
10215,9,802,-76.982452,38.524842
10216,9,765,-76.982174,38.516791
10217,9,861,-76.984053,38.508725
10219,9,766,-76.987396,38.493099
10220,9,775,-76.988052,38.487469
10221,9,778,-76.988847,38.480639
10222,9,763,-76.99057,38.466367
10224,9,653,-76.990257,38.451145
10227,9,768,-76.96188,38.419347
10229,9,767,-76.959739,38.371874
10230,9,578,-76.916239,38.616731
10230,9,930,-76.915773,38.617476
10231,9,609,-76.909299,38.623543
10232,9,702,-76.903807,38.629037
10233,9,605,-76.898585,38.634224
10235,9,887,-76.884382,38.648136
10235,9,770,-76.886365,38.64903
10236,9,704,-76.880297,38.652109
10236,9,899,-76.881386,38.652463
10237,9,713,-76.871952,38.651477
10238,9,711,-76.861182,38.6462
10239,9,712,-76.856627,38.646736
10240,9,652,-76.853455,38.652026
10241,9,716,-76.856658,38.652194
10242,9,688,-76.85901,38.655047
10243,9,687,-76.870593,38.655153
10244,9,596,-76.873611,38.65514
10249,9,773,-76.888463,38.648251
10249,9,707,-76.889069,38.649399
10251,9,889,-76.896137,38.646562
10252,9,892,-76.899105,38.644493
10252,9,888,-76.900079,38.643493
10254,9,513,-76.906062,38.647693
10254,9,514,-76.907535,38.648306
10256,9,620,-76.913717,38.647743
10257,9,623,-76.914916,38.645606
10258,9,622,-76.915639,38.643063
10259,9,619,-76.916533,38.638417
10260,9,621,-76.915937,38.636382
10263,9,855,-76.914267,38.605366
10263,9,818,-76.914032,38.605699
10264,9,854,-76.917058,38.602086
10265,9,610,-76.921189,38.604499
10266,9,612,-76.92774,38.601589
10267,9,614,-76.927182,38.597667
10268,9,611,-76.922378,38.598904
10268,9,863,-76.92162,38.597974
10269,9,613,-76.916541,38.599982
10270,9,864,-76.919171,38.598219
10272,9,866,-76.923336,38.59596
10273,9,865,-76.922974,38.58855
10274,9,862,-76.916313,38.593614
10275,9,849,-76.913017,38.592442
10276,9,850,-76.911423,38.590542
10277,9,800,-76.913951,38.588109
10277,9,801,-76.913514,38.586642
10279,9,561,-76.916555,38.584699
10280,9,821,-76.909567,38.599467
10280,9,597,-76.910542,38.600136
10280,9,658,-76.910543,38.601257
10284,9,809,-76.92408,38.61059
10285,9,895,-76.93531,38.61993
10286,9,842,-76.945589,38.608068
10287,9,564,-76.9497,38.604564
10288,9,857,-76.947579,38.603265
10289,9,831,-76.929118,38.609789
10289,9,830,-76.928074,38.611387
10289,9,761,-76.928259,38.608699
10300,9,638,-76.903931,38.601444
10300,9,833,-76.902672,38.59992
10300,9,705,-76.900278,38.60189
10300,9,798,-76.901127,38.601528
10300,15,11751,-76.902986,38.601137
10293,9,519,-76.903231,38.598103
10294,9,518,-76.907895,38.596081
10295,9,521,-76.903774,38.591332
10296,9,520,-76.896849,38.593791
10297,9,699,-76.891832,38.595571
10299,9,872,-76.892873,38.599475
10299,9,847,-76.89593,38.602571
10299,9,853,-76.897303,38.601511
10299,9,848,-76.894561,38.602356
10299,9,873,-76.893441,38.600933
10299,9,871,-76.893165,38.599727
10302,9,834,-76.905204,38.603346
10303,9,700,-76.908595,38.603021
10304,9,664,-76.931901,38.62397
10305,9,665,-76.935421,38.626278
10306,9,667,-76.939497,38.620647
10307,9,666,-76.951862,38.621142
10308,9,627,-76.959179,38.625016
10309,9,624,-76.959083,38.618666
10309,9,814,-76.960226,38.617147
10310,9,846,-76.948881,38.6183
10310,9,816,-76.948979,38.618143
10315,9,870,-76.88539,38.599743
10316,9,710,-76.880981,38.601261
10317,9,709,-76.88489,38.606542
10317,9,708,-76.885861,38.605166
10322,9,593,-76.908516,38.609989
10323,9,595,-76.916354,38.609955
10326,9,894,-76.962916,38.61814
10326,9,811,-76.962424,38.617729
10327,9,812,-76.968785,38.619137
10328,9,893,-76.968434,38.621415
10329,9,690,-76.967871,38.62814
10329,9,689,-76.968409,38.62789
10331,9,815,-76.965386,38.618022
10333,9,813,-76.952945,38.616407
10334,9,835,-76.945999,38.618145
10335,9,603,-76.946287,38.614747
10336,9,601,-76.942573,38.610729
10338,9,599,-77.037988,38.509625
10339,9,794,-77.101487,38.482862
10340,9,648,-77.158104,38.491405
10341,9,647,-77.176272,38.459683
10342,9,790,-77.198927,38.440487
10343,9,795,-77.169514,38.416646
10344,9,793,-77.15493,38.394563
10345,9,737,-77.179871,38.385015
10346,9,738,-77.21442,38.378684
10347,9,791,-77.214534,38.455328
10348,9,694,-77.216984,38.460555
10349,9,792,-77.220834,38.466663
10350,9,723,-77.192353,38.472055
10351,9,568,-77.191018,38.475239
10352,9,615,-77.210473,38.497903
10353,9,588,-77.157161,38.572824
10354,9,551,-77.153021,38.565069
10355,9,717,-77.129396,38.552539
10356,9,678,-77.134573,38.541205
10357,9,722,-77.045056,38.507875
10358,9,933,-76.92282,38.577174
10358,9,936,-76.92232,38.57716
10359,9,934,-76.923231,38.568032
10360,9,935,-76.922515,38.571472
10363,9,938,-76.908152,38.570691
10363,9,940,-76.907923,38.570892
10364,9,939,-76.905637,38.563478
10364,15,12540,-76.905634,38.563476
10369,9,797,-76.941512,38.591393
10369,9,728,-76.941221,38.591036
10370,9,581,-76.945431,38.58868
10371,9,921,-76.951601,38.582687
10371,9,651,-76.952523,38.581499
10372,9,896,-76.959878,38.5794
10372,9,515,-76.958645,38.579419
10373,9,897,-76.96414,38.577548
10374,9,820,-76.967904,38.575816
10377,9,729,-76.974927,38.572236
10394,10,508,-77.561786,39.114141
10394,10,225,-77.562799,39.112459
10394,10,410,-77.563224,39.110152
10394,10,555,-77.561832,39.113622
10394,10,224,-77.564334,39.10911
10394,10,622,-77.563404,39.115097
10394,10,390,-77.562863,39.1092
10394,10,504,-77.563198,39.110787
10384,10,381,-77.565716,39.123883
10384,10,388,-77.567802,39.123966
10386,10,393,-77.562035,39.121146
10386,10,403,-77.562975,39.119706
10388,10,414,-77.565093,39.118177
10388,10,425,-77.566076,39.118431
10390,10,435,-77.568027,39.119632
10390,10,446,-77.569189,39.119679
10392,10,339,-77.567894,39.116294
10395,10,242,-77.562707,39.10707
10395,10,243,-77.562496,39.107358
10395,10,557,-77.565004,39.106867
10396,10,457,-77.560469,39.104443
10396,10,246,-77.560529,39.104669
10397,10,247,-77.557018,39.10181
10397,10,503,-77.557293,39.10233
10398,10,248,-77.554543,39.101656
10398,10,249,-77.554623,39.101762
10399,10,468,-77.553565,39.095822
10400,10,479,-77.554677,39.091245
10400,10,402,-77.553397,39.092098
10401,10,502,-77.55748,39.087388
10401,10,253,-77.557195,39.087337
10402,10,487,-77.555812,39.082439
10402,10,250,-77.554943,39.083596
10402,10,252,-77.556202,39.083848
10403,10,495,-77.553366,39.080121
10404,10,497,-77.545675,39.074482
10405,10,499,-77.549134,39.076718
10406,10,32,-77.5558,38.93835
10407,10,158,-77.491608,38.912128
10407,10,485,-77.491433,38.912013
10414,10,226,-77.559201,39.107308
10415,10,227,-77.556112,39.109601
10415,10,526,-77.554504,39.109956
10415,10,519,-77.553296,39.109327
10415,10,260,-77.551554,39.108379
10415,10,277,-77.549616,39.109158
10415,10,236,-77.551375,39.108591
10415,10,237,-77.553139,39.109501
10415,10,238,-77.555796,39.110887
10415,10,515,-77.549344,39.109215
10415,10,559,-77.554579,39.111768
10415,10,220,-77.55457,39.112121
10419,10,261,-77.548096,39.107363
10419,10,274,-77.54692,39.107842
10419,10,275,-77.54831,39.107439
10420,10,263,-77.544312,39.108318
10420,10,235,-77.544352,39.10849
10421,10,264,-77.541013,39.109166
10421,10,505,-77.539234,39.109633
10421,10,273,-77.541054,39.109258
10424,10,265,-77.541361,39.112356
10424,10,228,-77.540797,39.115047
10424,10,374,-77.541728,39.113695
10424,10,517,-77.542393,39.113504
10424,10,507,-77.541665,39.112812
10424,10,234,-77.541507,39.111476
10461,10,491,-77.535837,39.108275
10461,10,387,-77.527578,39.10505
10461,10,373,-77.530948,39.106807
10461,10,272,-77.534691,39.108834
10461,10,278,-77.532915,39.107548
10461,10,337,-77.529616,39.10574
10461,10,270,-77.53414,39.107358
10426,10,230,-77.52581,39.099576
10426,10,623,-77.525181,39.099152
10427,10,231,-77.517149,39.094661
10428,10,269,-77.520959,39.087595
10429,10,552,-77.389506,39.029187
10429,10,355,-77.389812,39.029437
10429,10,527,-77.388928,39.027901
10429,10,382,-77.389686,39.026419
10430,10,513,-77.387444,39.035912
10430,10,354,-77.387115,39.035568
10431,10,380,-77.394873,39.035457
10431,10,476,-77.392749,39.035073
10431,10,386,-77.395229,39.035215
10431,10,353,-77.392789,39.035013
10432,10,357,-77.400643,39.035738
10432,10,512,-77.400142,39.035994
10433,10,304,-77.40391,39.025813
10433,10,509,-77.40332,39.025263
10434,10,305,-77.406879,39.027351
10434,10,303,-77.406924,39.027181
10435,10,306,-77.407353,39.030663
10435,10,510,-77.407094,39.030117
10436,10,307,-77.41133,39.031425
10436,10,385,-77.411122,39.031235
10437,10,525,-77.413167,39.027302
10437,10,308,-77.412903,39.027297
10438,10,378,-77.413757,39.024862
10438,10,379,-77.413507,39.024826
10439,10,416,-77.417231,39.025532
10439,10,356,-77.418876,39.02616
10440,10,309,-77.421341,39.028208
10441,10,486,-77.422155,39.030729
10442,10,239,-77.447171,39.059478
10442,10,331,-77.446382,39.059486
10442,10,330,-77.446068,39.059738
10443,10,324,-77.443013,39.055794
10443,10,328,-77.443269,39.056374
10443,10,514,-77.444167,39.054499
10444,10,326,-77.438737,39.05278
10445,10,327,-77.437985,39.055069
10448,10,417,-77.453842,39.050764
10448,10,332,-77.45488,39.049372
10449,10,333,-77.46531,39.056556
10450,10,334,-77.472725,39.060209
10450,10,335,-77.473165,39.060071
10451,10,377,-77.47126,39.068099
10451,10,336,-77.47192,39.068967
10452,10,404,-77.476805,39.073661
10453,10,366,-77.482425,39.077536
10453,10,518,-77.483865,39.077337
10454,10,367,-77.492203,39.083323
10454,10,341,-77.492657,39.083164
10455,10,369,-77.496332,39.086626
10456,10,371,-77.505318,39.092537
10456,10,523,-77.506844,39.093298
10457,10,372,-77.510674,39.096582
10457,10,244,-77.511088,39.096482
10458,10,376,-77.519391,39.100494
10459,10,375,-77.522105,39.101984
10459,10,338,-77.523275,39.102264
10464,10,516,-77.547046,39.112111
10464,10,276,-77.546873,39.112404
10464,10,560,-77.546952,39.11391
10464,10,406,-77.547265,39.113888
10470,10,2,-77.549512,39.071495
10471,10,18,-77.453755,38.990307
10471,10,418,-77.453754,38.990299
10491,10,325,-77.437404,39.051257
10492,10,279,-77.424771,39.046406
10494,10,477,-77.382935,39.050057
10495,10,474,-77.357923,39.039874
10497,10,520,-77.558361,39.11194
10504,10,521,-77.516375,39.098412
10507,10,524,-77.501686,39.087923
10508,10,340,-77.494002,39.085158
10528,10,370,-77.430176,39.033929
10529,10,528,-77.424843,39.022895
10529,10,529,-77.424828,39.024138
10530,10,289,-77.426904,39.01781
10530,10,301,-77.426591,39.017573
10531,10,531,-77.429099,39.013942
10531,10,530,-77.428794,39.013872
10532,10,397,-77.429444,39.010179
10532,10,396,-77.429228,39.009987
10533,10,399,-77.42799,39.00194
10533,10,398,-77.427879,39.002086
10535,10,290,-77.422573,38.995279
10535,10,291,-77.421145,38.993789
10535,10,615,-77.419731,38.992677
10535,10,299,-77.421154,38.994131
10535,10,300,-77.422758,38.995559
10536,10,292,-77.423647,38.989557
10537,10,293,-77.418461,38.988168
10537,10,294,-77.417887,38.989139
10539,10,295,-77.417349,38.991449
10540,10,296,-77.426577,38.987059
10540,10,368,-77.426319,38.987136
10541,10,297,-77.424462,38.985904
10541,10,298,-77.423785,38.985755
10542,10,400,-77.423955,38.980577
10542,10,401,-77.423882,38.979813
10543,10,490,-77.561848,39.079192
10544,10,221,-77.57159,39.103392
10544,10,245,-77.572266,39.103467
10545,10,222,-77.569413,39.104971
10546,10,223,-77.567607,39.10831
10548,10,259,-77.565857,39.112488
10549,10,283,-77.434956,38.981248
10549,10,282,-77.435766,38.982844
10551,10,621,-77.560666,39.117047
10552,10,232,-77.52674,39.089635
10553,10,411,-77.530624,39.093263
10554,10,624,-77.539524,39.100326
10556,10,233,-77.528799,39.101573
10574,10,488,-77.71972,39.143416
10574,10,171,-77.719972,39.143538
10575,10,481,-77.470697,39.010492
10576,10,610,-77.427263,39.005351
10577,10,611,-77.414862,39.007167
10578,10,612,-77.402948,39.007963
10579,10,613,-77.398215,39.00825
10580,10,609,-77.401958,39.000515
10595,10,415,-77.40614,38.996924
10595,10,313,-77.408307,38.996247
10595,10,545,-77.402477,38.996673
10595,10,538,-77.403183,38.995822
10595,10,544,-77.404861,38.994925
10595,10,312,-77.40819,38.99612
10595,10,412,-77.406167,38.996764
10595,10,539,-77.404547,38.997255
10583,10,614,-77.415915,38.99518
10585,10,359,-77.445276,39.004303
10586,10,280,-77.445262,39.000982
10587,10,281,-77.437256,38.986394
10589,10,533,-77.425936,39.008678
10589,10,323,-77.425845,39.008877
10590,10,310,-77.422836,39.007708
10590,10,322,-77.422798,39.007931
10591,10,534,-77.409371,39.004485
10591,10,315,-77.409264,39.00457
10592,10,536,-77.405146,39.002811
10592,10,535,-77.404458,39.002659
10593,10,537,-77.400182,38.99923
10593,10,311,-77.399908,38.997617
10601,10,320,-77.39009,39.001951
10601,10,317,-77.390271,39.001897
10602,10,321,-77.390215,39.005033
10602,10,316,-77.39018,39.004811
10603,10,546,-77.394407,39.007009
10603,10,547,-77.394587,39.007001
10604,10,347,-77.388461,39.015999
10604,10,540,-77.388543,39.016138
10605,10,348,-77.382786,39.012697
10605,10,346,-77.382714,39.012829
10606,10,349,-77.380645,39.011173
10606,10,350,-77.379709,39.010961
10606,10,345,-77.379701,39.01124
10606,10,548,-77.380675,39.011294
10608,10,351,-77.377596,39.010139
10608,10,549,-77.377545,39.01025
10609,10,541,-77.373423,39.012782
10609,18,3133,-77.372784,39.013594
10609,18,399,-77.37167,39.01225
10610,10,352,-77.3755,39.018348
10610,10,344,-77.375913,39.018484
10611,10,543,-77.379059,39.020082
10612,10,358,-77.408491,39.035697
10612,10,360,-77.409205,39.036627
10614,10,361,-77.41259,39.038666
10614,10,362,-77.412631,39.039424
10616,10,395,-77.418407,39.033454
10617,10,493,-77.543448,38.941104
10617,10,494,-77.541487,38.940822
10619,10,19,-77.636487,39.136213
10621,10,492,-77.550389,38.939149
10626,10,266,-77.536196,39.113133
10626,10,267,-77.536969,39.112135
10626,10,616,-77.534185,39.115482
10626,10,268,-77.535661,39.11557
10626,10,617,-77.536148,39.114445
10625,10,506,-77.531956,39.113232
10629,10,314,-77.40978,38.997708
10637,10,365,-77.420622,39.046269
10638,10,364,-77.420702,39.048201
10639,10,271,-77.421727,39.051482
10640,10,251,-77.412424,39.042351
10641,10,363,-77.409014,39.040884
10642,10,217,-77.454978,39.028899
10643,10,383,-77.464181,39.034708
10643,10,542,-77.466488,39.034636
10643,10,384,-77.4671,39.034393
10643,10,522,-77.464732,39.03431
10645,10,553,-77.469369,39.035734
10645,10,218,-77.469613,39.037264
10645,10,229,-77.470278,39.038184
10645,10,413,-77.470007,39.035738
10648,10,240,-77.471987,39.040297
10648,10,511,-77.47255,39.040328
10649,10,498,-77.474035,39.04427
10649,10,408,-77.475353,39.045208
10651,10,558,-77.552266,39.113113
10651,10,219,-77.552479,39.113006
10653,10,561,-77.547168,39.116978
10654,10,257,-77.547966,39.118999
10654,10,405,-77.547972,39.118787
10655,10,562,-77.552302,39.121607
10656,10,254,-77.550191,39.124495
10656,10,255,-77.550788,39.124884
10656,10,256,-77.552432,39.123791
10657,10,618,-77.547721,39.124604
10657,10,563,-77.547125,39.125227
10667,10,556,-77.585988,39.104552
10668,10,258,-77.583692,39.104184
10669,10,424,-77.523671,39.041691
10670,10,421,-77.497898,39.008996
10679,10,532,-77.460512,39.034034
10679,10,391,-77.459552,39.034663
10681,10,319,-77.462152,39.04548
10682,10,392,-77.457883,39.042884
10683,10,409,-77.452092,39.043673
10684,10,329,-77.443346,39.058286
10686,10,489,-77.446035,39.051032
10687,10,241,-77.438156,39.048082
10688,10,551,-77.384404,39.035785
10689,10,550,-77.379349,39.033274
10690,10,342,-77.385661,39.029019
10691,10,554,-77.390083,39.022444
10691,10,343,-77.389106,39.022771
10702,10,318,-77.395788,38.99847
10703,10,420,-77.489087,39.006929
10708,10,302,-77.422862,39.026844
10724,11,98,-77.058852,38.902678
10725,11,99,-77.062422,38.902712
10822,11,122,-77.033846,38.885699
10823,11,111,-77.037402,38.879926
10824,11,124,-77.044886,38.885432
10825,11,115,-77.050624,38.888475
10831,11,108,-77.015068,38.889932
10866,13,dc8e2e569500000066c00b02130a0000,-77.44081,38.22099
10867,13,0000000000000000000000000000000C,-77.45683,38.29825
10867,14,FBG,-77.457203,38.298413
10868,13,0000000000000000000000000000000B,-77.43782,38.34707
10869,13,0000000000000000000000000000000A,-77.38128,38.38725
10870,13,00000000000000000000000000000009,-77.29323,38.52169
10870,14,QAN,-77.293027,38.521882
10871,13,00000000000000000000000000000008,-77.25349,38.61237
15974,13,00000000000000000000000000000007,-77.248,38.65935
15974,14,WDB,-77.247852,38.658915
15974,16,393,-77.250309,38.657655
15974,16,381,-77.250122,38.657213
15974,16,1879,-77.248587,38.65722
15974,16,1641,-77.247717,38.659202
20481,13,00000000000000000000000000000006,-77.21387,38.71567
20481,18,1046,-77.21337,38.71295
20481,18,2994,-77.214581,38.714734
20481,18,2993,-77.214484,38.714773
20481,18,1858,-77.212979,38.714529
20481,18,69,-77.214324,38.714921
20481,18,1047,-77.213761,38.71301
10876,13,00000000000000000000000000000003,-77.04827,38.85972
10879,13,00000000000000000000000000000011,-77.4725,38.75022
10879,14,MSS,-77.472577,38.750084
10879,16,173,-77.473387,38.751683
10879,16,211,-77.473508,38.750923
10880,13,00000000000000000000000000000012,-77.52548,38.72967
10881,13,00000000000000000000000000000010,-77.4403,38.76596
10881,16,2071,-77.440943,38.765246
10881,16,1572,-77.442227,38.766518
10881,16,1598,-77.442696,38.76737
10881,16,2109,-77.440616,38.764657
10882,13,0000000000000000000000000000000F,-77.29874,38.79743
10882,14,BCV,-77.29879,38.797271
10882,18,53,-77.299997,38.797252
10883,13,0000000000000000000000000000000E,-77.25847,38.79465
20764,13,0000000000000000000000000000000D,-77.18407,38.79699
20764,18,2991,-77.186169,38.79599
20764,18,122,-77.185796,38.796459
10885,14,NOL,-90.078291,29.946085
10886,14,SDL,-89.782565,30.278372
10887,14,PIC,-89.68026,30.524606
10888,14,HBG,-89.286463,31.326921
10889,14,LAU,-89.127933,31.692168
10890,14,MEI,-88.696568,32.364166
10891,14,TCL,-87.560228,33.193165
10892,14,BHM,-86.807023,33.512937
10893,14,ATN,-85.832145,33.649112
10894,14,ATL,-84.392477,33.799445
10895,14,GNS,-83.819694,34.288897
10896,14,TCA,-83.331542,34.578456
10897,14,CSN,-82.832501,34.691115
10898,14,GRV,-82.413486,34.858256
10899,14,SPB,-81.936917,34.953736
10900,14,GAS,-81.162366,35.269186
10901,14,CLT,-80.822812,35.241403
10902,14,SAL,-80.466323,35.667496
10903,14,HPT,-80.006097,35.957128
10904,14,GRO,-79.78708,36.069797
10905,14,DAN,-79.383968,36.58409
10906,14,LYH,-79.156934,37.406439
10907,14,CVS,-78.491684,38.031484
10908,14,CLP,-77.993421,38.47236
10912,14,BAL,-76.615688,39.307302
10912,15,11980,-76.61557,39.307739
10912,15,12002,-76.615603,39.307681
10912,15,7647,-76.616141,39.307791
10912,15,7677,-76.61611,39.307805
10912,15,493,-76.61479,39.306995
10912,15,531,-76.616213,39.307843
10912,15,12714,-76.617876,39.30879
10912,15,2172,-76.617724,39.306725
10913,14,WIL,-75.551095,39.737263
10914,14,PHL,-75.181041,39.955615
10915,14,TRE,-74.75444,40.219011
10916,14,NWK,-74.16475,40.734706
10917,14,NYP,-73.994459,40.750327
10918,14,STA,-79.071776,38.147639
10919,14,CLF,-79.827363,37.814521
10920,14,WSS,-80.304004,37.786443
10921,14,ALD,-80.644856,37.724277
10922,14,HIN,-80.892232,37.675037
10923,14,PRC,-81.060694,37.856594
10924,14,THN,-81.078754,37.956986
10925,14,MNG,-81.32403,38.180743
10926,14,CHW,-81.638494,38.346368
10927,14,HUN,-82.439735,38.41582
10928,14,AKY,-82.639603,38.480875
10929,14,SPM,-82.963751,38.721281
10930,14,MAY,-83.771074,38.652148
10931,14,CIN,-84.537061,39.109927
10932,14,COI,-85.13338,39.645969
10933,14,IND,-86.160423,39.761984
10934,14,CRF,-86.899187,40.044705
10935,14,LAF,-86.895901,40.419347
10936,14,REN,-87.155121,40.943281
10937,14,DYE,-87.518076,41.515413
10938,14,CHI,-87.639443,41.878684
10941,14,RVR,-77.496943,37.617693
10942,14,PTB,-77.428794,37.241627
10943,14,RMT,-77.797855,35.938001
10944,14,WLN,-77.908029,35.723135
10945,14,SSM,-78.280099,35.532786
10946,14,RGH,-78.647784,35.777209
10947,14,CYN,-78.782246,35.788294
10948,14,DNC,-78.906299,35.997347
10949,14,BNC,-79.434531,36.094225
10950,14,KAN,-80.624928,35.496172
10951,14,MET,-74.329583,40.568056
10952,14,NBK,-74.446265,40.496522
10953,14,PJC,-74.623976,40.31585
10954,14,BWI,-76.6943,39.192362
10954,15,11984,-76.694726,39.19228
10954,15,11993,-76.69456,39.192327
10954,15,12461,-76.694242,39.192581
10955,14,FAY,-78.884788,35.054993
10956,14,DIL,-79.372301,34.417647
10957,14,FLO,-79.757056,34.199157
10958,14,KTR,-79.829026,33.663882
10959,14,CHS,-79.998048,32.875473
10960,14,YEM,-80.846901,32.688286
10961,14,SAV,-81.148264,32.083412
10963,14,ABE,-76.16326,39.508447
10963,15,11977,-76.162965,39.50873
10963,15,12005,-76.162829,39.508711
10963,15,11521,-76.164009,39.509031
10964,14,EWR,-74.18229,40.696618
10965,14,SPG,-72.592905,42.105987
10966,14,WNL,-72.626101,41.913956
10967,14,WND,-72.642253,41.852013
10968,14,HFD,-72.681314,41.768761
10969,14,BER,-72.765274,41.635595
10970,14,MDN,-72.800678,41.539385
10971,14,WFD,-72.825221,41.456969
10972,14,STS,-72.922086,41.305253
10973,14,NHV,-72.92667,41.297714
10974,14,BRP,-73.187539,41.178006
10975,14,STM,-73.54216,41.04713
10976,14,NRO,-73.784329,40.911451
10977,14,BOS,-71.055304,42.352311
10978,14,BBY,-71.075828,42.347317
10979,14,RTE,-71.147894,42.210242
10980,14,PVD,-71.413478,41.82949
10981,14,KIN,-71.560597,41.483959
10982,14,NLC,-72.093225,41.354267
10984,14,RNK,-79.941795,37.273185
10985,14,OSB,-72.376818,41.30039
10986,14,WLY,-71.82978,41.381081
10987,14,SAS,-98.478143,29.41935
10988,14,SMC,-97.941049,29.876571
10989,14,AUS,-97.75694,30.269449
10990,14,TAY,-97.407763,30.567667
10991,14,TPL,-97.345792,31.095883
10992,14,MCG,-97.404756,31.443352
10993,14,CBR,-97.382333,32.349743
10994,14,FTW,-97.326673,32.752563
10995,14,DAL,-96.807235,32.776094
10996,14,MIN,-95.4891,32.662049
10997,14,LVW,-94.728322,32.494032
10998,14,MHL,-94.366995,32.551549
10999,14,TXA,-94.043082,33.420067
11000,14,HOP,-93.592247,33.668913
11001,14,ARK,-93.053284,34.113919
11002,14,MVN,-92.814018,34.365484
11003,14,LRK,-92.286785,34.750298
11004,14,WNR,-90.956766,36.06766
11005,14,PBF,-90.393341,36.753995
11006,14,ACD,-90.624403,37.592161
11007,14,STL,-90.203973,38.624195
11008,14,ALN,-90.157298,38.921007
11009,14,CRV,-89.889276,39.279295
11010,14,SPI,-89.651384,39.802323
11011,14,LCN,-89.363051,40.148199
11012,14,BNL,-88.984306,40.50901
11013,14,PON,-88.637198,40.878687
11014,14,JOL,-88.078731,41.524647
11015,14,ALB,-73.741147,42.641029
11016,14,HUD,-73.797729,42.253891
11017,14,RHI,-73.951278,41.921346
11018,14,POU,-73.93749,41.707056
11019,14,CRT,-73.882394,41.189903
11020,14,YNY,-73.902263,40.935586
11021,14,NFL,-79.055276,43.109908
11022,14,BFX,-78.873748,42.878449
11023,14,BUF,-78.726584,42.907017
11024,14,ROC,-77.608057,43.163411
11025,14,SYR,-76.169244,43.076548
11026,14,ROM,-75.44996,43.199425
11027,14,UCA,-75.223434,43.103892
11028,14,AMS,-74.2195,42.953719
11029,14,SDY,-73.942892,42.814724
11030,14,RUD,-72.981538,43.605756
11031,14,CNV,-73.171337,43.613382
11032,14,FED,-73.58055,43.269603
11033,14,SAR,-73.810027,43.08281
11034,14,DWT,-88.430707,41.089854
11035,14,SMT,-87.809742,41.794912
11036,14,SKT,-121.279,37.957038
11037,14,LTM,-121.263658,37.79836
11038,14,TRC,-121.43397,37.696211
11039,14,VAS,-121.718346,37.696986
11040,14,LIV,-121.767121,37.684915
11041,14,PLS,-121.882639,37.658152
11042,14,FMT,-122.007496,37.559093
11043,14,GAC,-121.967003,37.406778
11044,14,SCC,-121.936576,37.353219
11045,14,SJC,-121.902388,37.329933
11046,14,GLN,-87.805562,42.075038
11047,14,SVT,-87.9063,42.718292
11048,14,MKA,-87.924359,42.940583
11049,14,MKE,-87.917104,43.034518
11050,14,HMI,-87.506511,41.691155
11051,14,MCI,-86.905385,41.721103
11052,14,NBU,-86.745782,41.796656
11053,14,NLS,-86.252372,41.837412
11054,14,DOA,-86.109041,41.980941
11055,14,KAL,-85.584018,42.295255
11056,14,BTL,-85.187825,42.318453
11057,14,JXN,-84.39967,42.248113
11058,14,ARB,-83.743154,42.287692
11059,14,DER,-83.235311,42.307167
11060,14,DET,-83.072397,42.368097
11061,14,ROY,-83.14701,42.488439
11062,14,TRM,-83.191026,42.542555
11063,14,PNT,-83.292325,42.632771
11064,14,ALI,-84.755814,42.247196
11065,14,RSV,-121.286286,38.750016
11066,14,SAC,-121.500704,38.584004
11067,14,PTH,-82.443805,42.960419
11068,14,LPE,-83.306154,43.04952
11069,14,FLN,-83.651728,43.015425
11070,14,DRD,-83.98232,42.909495
11071,14,LNS,-84.495962,42.718731
11072,14,GRR,-85.672447,42.955788
11073,14,HOM,-86.096553,42.791096
11074,14,BAM,-86.111646,42.314519
11075,14,SJM,-86.484484,42.10908
11076,14,MTZ,-122.138784,38.018921
11077,14,SUI,-122.041099,38.243401
11078,14,DAV,-121.737707,38.543562
11079,14,QCY,-91.368525,39.957063
11080,14,MAC,-90.67094,40.461212
11081,14,GBB,-90.364106,40.944678
11082,14,KEE,-89.927544,41.245765
11083,14,PCT,-89.466815,41.385191
11084,14,MDT,-89.11792,41.549584
11085,14,PLO,-88.538272,41.662384
11086,14,NPV,-88.145497,41.779514
11087,14,LAG,-87.871545,41.815634
11088,14,CDL,-89.216628,37.724235
11089,14,DQN,-89.240254,38.012328
11090,14,CEN,-89.136118,38.527531
11091,14,EFG,-88.54711,39.117059
11092,14,MAT,-88.376045,39.48273
11093,14,CHM,-88.241366,40.115843
11094,14,RTL,-88.159126,40.310905
11095,14,GLM,-87.998055,40.752547
11096,14,KKI,-87.86543,41.119259
11097,14,HMW,-87.668685,41.562446
11098,14,PGH,-79.992307,40.444738
11099,14,GNB,-79.546893,40.304986
11100,14,LAB,-79.385083,40.317405
11101,14,JST,-78.921996,40.329689
11102,14,ALT,-78.40162,40.514475
11103,14,TYR,-78.24047,40.667705
11104,14,HGD,-78.01178,40.483665
11105,14,LEW,-77.580047,40.588309
11106,14,HAR,-76.878256,40.26205
11107,14,ELT,-76.612234,40.147028
11108,14,LNC,-76.307714,40.054181
11109,14,EXT,-75.621713,40.019291
11110,14,PAO,-75.48376,40.042754
11111,14,GFD,-72.600765,42.585458
11112,14,NHT,-72.626379,42.318858
11113,14,HLK,-72.602309,42.204156
11114,14,OKJ,-122.271667,37.793866
11115,14,EMY,-122.291615,37.840474
11116,14,SFC,-122.398867,37.78865
11117,14,SNS,-121.656745,36.679145
11118,14,KGC,-121.136344,36.202547
11119,14,PRB,-120.68786,35.622683
11120,14,SLO,-120.654701,35.276434
11121,14,SBA,-119.692785,34.413718
11122,14,EUG,-123.092361,44.055043
11123,14,ALY,-123.102774,44.630464
11124,14,SLM,-123.028331,44.932331
11125,14,ORC,-122.595925,45.366146
11126,14,PDX,-122.676806,45.528724
11127,14,VAN,-122.686544,45.628901
11128,14,KEL,-122.913016,46.142264
11129,14,CTL,-122.953062,46.71747
11130,14,OLW,-122.794059,46.991273
11131,14,TAC,-122.420504,47.241889
11132,14,TUK,-122.240254,47.461081
11133,14,SEA,-122.330161,47.598445
11134,14,BKY,-122.300707,37.867254
11135,14,RIC,-122.35413,37.936752
11136,14,FFV,-121.967926,38.285626
11137,14,OAC,-122.198147,37.752499
11138,14,HAY,-122.099277,37.665997
11139,14,ARN,-121.083187,38.903638
11140,14,RLN,-121.237299,38.791006
11141,14,SNB,-117.310659,34.104112
11142,14,RIV,-117.369988,33.97567
11143,14,ONA,-117.649569,34.061672
11144,14,CLM,-117.716857,34.094469
11145,14,PAS,-118.141295,34.143079
11146,14,LCA,-118.266511,34.231944
11147,14,BFD,-119.00821,35.37214
11148,14,SAN,-117.169576,32.716169
11149,14,OLT,-117.200073,32.755266
11150,14,SOL,-117.271135,32.992937
11151,14,OSD,-117.37943,33.192515
11152,14,SNC,-117.663813,33.501318
11153,14,IRV,-117.733695,33.656771
11154,14,SNA,-117.856607,33.751629
11155,14,ANA,-117.877308,33.803803
11156,14,FUL,-117.922849,33.868969
11157,14,LAX,-118.236778,34.056177
11158,14,BRA,-72.556497,42.850849
11159,14,BLF,-72.444597,43.13654
11160,14,CLA,-72.377644,43.36833
11161,14,WNM,-72.384985,43.479908
11162,14,WRJ,-72.317272,43.647785
11163,14,RPH,-72.665459,43.922398
11164,14,MPR,-72.606394,44.255749
11165,14,WAB,-72.751806,44.335011
11166,14,ESX,-73.110277,44.492466
11167,14,SAB,-73.086191,44.81236
11168,14,GDL,-118.258868,34.123706
11169,14,BUR,-118.353767,34.193072
11170,14,NHL,-118.527338,34.379451
11171,14,FNO,-119.782926,36.738457
11172,14,HNF,-119.651816,36.326078
11173,14,MID,-76.730943,40.192569
11174,14,MJY,-76.503443,40.109165
11175,14,PAR,-75.922123,39.95918
11176,14,COT,-75.820929,39.985688
11177,14,DOW,-75.710775,40.002193
11178,14,TOL,-83.541721,41.638345
11179,14,ARD,-75.290399,40.008278
11180,14,VAB,-75.978111,36.847096
11181,14,NFK,-76.276195,36.843509
11182,14,FTM,-81.801382,26.655312
11183,14,PCH,-82.050609,27.016842
11184,14,SRA,-82.456626,27.337166
11185,14,BDT,-82.512262,27.528462
11186,14,STP,-82.687125,27.84563
11187,14,TPA,-82.450777,27.952492
11188,14,LAK,-81.951874,28.045603
11188,14,LKL,-81.951874,28.045603
11189,14,ORL,-81.381516,28.525926
11190,14,WES,-118.448979,34.068772
11191,14,OXN,-119.175978,34.199241
11192,14,SBU,-119.848296,34.414945
11193,14,SAT,-120.416455,34.951608
11194,14,GVB,-120.629266,35.12126
11195,14,SLP,-120.655671,35.298857
11196,14,JAX,-81.723893,30.365601
11197,14,WDO,-82.166727,29.790507
11198,14,GNF,-82.323379,29.673652
11199,14,OCA,-82.135282,29.192235
11200,14,TVF,-81.957989,28.953067
11201,14,WWD,-82.039518,28.866164
11202,14,DDE,-82.184459,28.364669
11204,14,GBY,-88.00276,44.517053
11205,14,DPE,-88.088426,44.451367
11206,14,APP,-88.405852,44.263311
11207,14,OSU,-88.548899,44.022747
11208,14,FDL,-88.476718,43.755768
11209,14,MKB,-87.903077,42.947175
11210,14,NPN,-76.45197,37.022731
11211,14,SHR,-93.756673,32.499717
11212,14,SRC,-122.727626,38.455605
11213,14,RPC,-122.709749,38.347328
11214,14,PTC,-122.635793,38.2365
11215,14,NAP,-122.280022,38.297617
11216,14,VAL,-122.25924,38.100262
11217,14,BRK,-69.965541,43.911388
11218,14,FRE,-70.102358,43.855035
11219,14,POR,-70.291258,43.654097
11220,14,SAO,-70.449139,43.496191
11221,14,WEM,-70.612192,43.320836
11222,14,DOV,-70.878361,43.197968
11223,14,DHM,-70.936013,43.139328
11224,14,EXR,-70.9587,42.98102
11225,14,HHL,-71.086375,42.773297
11226,14,WOB,-71.143823,42.517358
11227,14,BON,-71.061122,42.366235
11228,14,WAC,-119.332309,35.594092
11229,14,COC,-119.55705,36.098516
11230,14,MDR,-120.07498,37.022471
11231,14,MCD,-120.476805,37.307183
11232,14,TRK,-120.798009,37.527229
11233,14,MOD,-120.912913,37.668951
11234,14,SKN,-121.285632,37.945468
11235,14,ACA,-121.816024,38.0177
11236,14,VNC,-118.448206,34.211294
11237,14,CWT,-118.599417,34.253205
11238,14,SIM,-118.695163,34.270204
11239,14,MPK,-118.878059,34.28476
11240,14,CML,-119.034114,34.215933
11241,14,VEC,-119.299918,34.276929
11242,14,CPN,-119.522975,34.39678
11243,14,GTA,-119.843092,34.437729
11244,14,LPS,-120.605001,34.682704
11245,14,GUA,-120.57341,34.962927
11246,14,MSN,-89.397612,43.071201
11247,14,VBC,-123.366097,48.420955
11248,14,VAC,-123.098336,49.273757
11249,14,ASD,-77.481304,37.759596
11250,14,NRK,-75.753513,39.669686
11251,14,PIA,-89.593643,40.689364
11252,14,PIU,-89.61482,40.699375
11253,14,RVM,-77.429512,37.534209
11255,14,PTA,-123.431523,48.11978
11256,14,SQM,-123.116397,48.079204
11257,14,DBY,-122.887334,47.987795
11258,14,PTO,-122.818437,48.049493
11259,14,KGE,-122.496288,47.796069
11260,14,EDM,-122.384141,47.811081
11261,14,RBC,-123.109885,49.18723
11262,14,RCK,-88.966271,42.268848
11263,14,BET,-88.989116,42.490067
11264,14,JVL,-88.988186,42.719995
11265,14,SMD,-89.306176,43.047761
11266,14,MIA,-80.257759,25.849554
11267,14,HOL,-80.167884,26.011641
11268,14,FTL,-80.17,26.119256
11269,14,DFB,-80.122147,26.317069
11270,14,DLB,-80.091154,26.454021
11271,14,WPB,-80.062184,26.712554
11272,14,SBG,-81.434202,27.496632
11273,14,WTH,-81.734878,28.002146
11274,14,KIS,-81.404234,28.293835
11275,14,WPK,-81.351993,28.597099
11276,14,DLD,-81.352477,29.017849
11277,14,PAK,-81.640471,29.649734
11278,14,JSP,-81.882173,31.605589
11280,15,11947,-77.422105,39.219975
11281,15,11948,-77.382417,39.209693
11282,15,11949,-77.313807,39.184072
11283,15,11950,-77.270305,39.173179
11283,17,17446,-77.270911,39.173138
11283,17,2916,-77.270558,39.173503
18070,15,11951,-77.226499,39.149653
18070,17,1040,-77.230253,39.147004
18070,17,1042,-77.228447,39.146068
18070,17,4042,-77.227823,39.146252
18070,17,30112,-77.227222,39.147961
18070,17,4040,-77.226876,39.149366
11285,15,11952,-77.192548,39.141493
11285,17,17053,-77.192664,39.142222
11285,17,1810,-77.192628,39.142105
11286,15,11953,-77.177669,39.136371
11286,17,10029,-77.177725,39.136764
11286,17,10032,-77.177771,39.13666
11288,15,11955,-77.09335,39.038805
20049,15,11956,-77.07173,39.026813
20049,17,3452,-77.072693,39.021797
20049,17,3454,-77.071898,39.023247
20049,17,3456,-77.071487,39.025128
20049,17,3318,-77.072145,39.026426
20049,17,3320,-77.073713,39.027677
20049,17,3322,-77.075589,39.02845
20049,17,1284,-77.075874,39.02932
20049,17,6590,-77.075033,39.031185
20049,17,6592,-77.072826,39.033403
20049,17,4504,-77.072438,39.034604
20049,17,4534,-77.072599,39.034177
20049,17,6782,-77.073586,39.033112
20049,17,6784,-77.074669,39.032037
20049,17,1390,-77.075951,39.030037
20049,17,3312,-77.075125,39.028182
20049,17,3314,-77.073586,39.027531
20049,17,3316,-77.072285,39.02643
20049,17,3460,-77.071602,39.025063
20049,17,3462,-77.071923,39.023491
20049,17,3464,-77.072767,39.021964
20049,17,4982,-77.070343,39.029896
20049,17,4984,-77.072305,39.029894
20049,17,4986,-77.074371,39.029808
20049,17,1392,-77.076462,39.028446
20049,17,3514,-77.07784,39.027771
20049,17,3516,-77.079129,39.02781
20049,17,3518,-77.082015,39.029022
20049,17,3492,-77.067905,39.021385
20049,17,3494,-77.070053,39.02224
20049,17,3496,-77.071755,39.02282
20049,17,17216,-77.075009,39.026813
20049,17,144,-77.075066,39.026798
20049,17,1282,-77.076241,39.028133
20049,17,3484,-77.070433,39.022247
20049,17,3486,-77.068283,39.021473
20049,17,4032,-77.068352,39.024502
20049,17,4034,-77.069511,39.025776
20049,17,4036,-77.071716,39.027485
20049,17,4038,-77.074036,39.02925
20049,17,3508,-77.081596,39.02869
20049,17,3510,-77.07995,39.027935
20049,17,3512,-77.077393,39.027557
20049,17,4960,-77.074812,39.029643
20049,17,4026,-77.072437,39.027848
20049,17,4028,-77.07022,39.026412
20049,17,4030,-77.068543,39.024593
20049,17,6272,-77.08001,39.027175
20049,17,6594,-77.071548,39.034172
20049,17,6596,-77.069974,39.0348
20049,17,6598,-77.06786,39.035159
20049,17,6600,-77.065193,39.035539
20049,17,6774,-77.064603,39.035903
20049,17,6776,-77.066734,39.035484
20049,17,6778,-77.069061,39.035259
20049,17,6780,-77.071906,39.034284
20049,17,6274,-77.080292,39.027027
11292,15,11943,-77.627924,39.311452
11294,15,12006,-76.619677,39.283217
11294,15,7640,-76.619402,39.283299
11294,15,7684,-76.619437,39.283273
11295,15,12007,-76.7038,39.224449
12616,15,12691,-76.572205,39.320816
12616,15,4134,-76.57335,39.321553
12616,15,6342,-76.56963,39.32102
12616,15,12083,-76.569627,39.320586
12616,15,12085,-76.571341,39.319801
12616,15,10740,-76.572706,39.316959
12616,15,4131,-76.572348,39.318158
12616,15,4129,-76.572841,39.315012
12616,15,4135,-76.575473,39.322787
12616,15,10918,-76.57641,39.323384
12616,15,4136,-76.57669,39.323432
12616,15,4333,-76.575663,39.322768
12616,15,13718,-76.571853,39.320333
12616,15,4336,-76.572455,39.3188
12616,15,4337,-76.572997,39.317211
12616,15,10739,-76.573086,39.31583
12616,15,4339,-76.57324,39.314936
12616,15,3179,-76.573535,39.321809
12616,15,3078,-76.573813,39.321395
11313,15,13708,-76.566777,39.322448
11313,15,12082,-76.565566,39.321091
11314,15,6347,-76.564418,39.323624
11315,15,6350,-76.561019,39.325611
11316,15,6352,-76.557662,39.32535
12970,15,13707,-76.554393,39.32512
12970,15,8940,-76.551431,39.325741
12970,15,5631,-76.552808,39.32668
12970,15,5624,-76.552885,39.326446
12970,15,8939,-76.551232,39.325208
11320,15,6353,-76.553057,39.322145
11320,15,10557,-76.552418,39.320588
11320,15,10559,-76.5537,39.318661
11320,15,934,-76.552031,39.320302
11320,15,8565,-76.553954,39.318537
11320,15,896,-76.552144,39.319748
11323,15,6354,-76.557886,39.316181
11323,15,6355,-76.559742,39.315176
11323,15,6357,-76.562151,39.315803
11323,15,13611,-76.560755,39.31457
11323,15,13612,-76.557393,39.316276
11324,15,6359,-76.5634,39.318587
11328,15,12716,-76.548779,39.321674
11328,15,932,-76.548962,39.321595
11328,15,901,-76.548084,39.320899
11328,15,10667,-76.548515,39.322395
11328,15,5626,-76.548853,39.322396
11328,15,903,-76.547805,39.321839
11329,15,12715,-76.546172,39.31785
11330,15,12689,-76.541652,39.315653
11331,15,5930,-76.539854,39.318092
11331,15,6211,-76.54011,39.318431
11332,15,5931,-76.540303,39.321029
11332,15,6209,-76.540521,39.32098
14444,15,929,-76.54119,39.323805
14444,15,930,-76.542825,39.323303
14444,15,931,-76.544052,39.32292
14444,15,10558,-76.545168,39.323936
14444,15,5933,-76.54063,39.323434
14444,15,5934,-76.540808,39.324848
14444,15,5935,-76.540965,39.326021
14444,15,6204,-76.541174,39.326196
14444,15,6206,-76.540899,39.323983
14444,15,6207,-76.540779,39.323179
14444,15,923,-76.53316,39.330156
14444,15,925,-76.533891,39.327844
14444,15,911,-76.535259,39.326454
14444,15,926,-76.537503,39.325361
14444,15,928,-76.539145,39.324532
14444,15,907,-76.544232,39.322484
14444,15,909,-76.540954,39.323495
14444,15,12672,-76.536742,39.325526
14444,15,12331,-76.533616,39.327953
14444,15,912,-76.533116,39.329625
14444,15,913,-76.532716,39.331155
11339,15,12849,-76.568774,39.315196
11339,15,10561,-76.569444,39.315029
11343,15,11976,-76.07318,39.558089
11345,15,11978,-76.292807,39.415974
11345,15,12004,-76.292662,39.415946
11346,15,11979,-76.419307,39.338324
11346,15,12003,-76.419307,39.338324
11346,15,4769,-76.419921,39.338382
11346,15,7566,-76.419921,39.338382
11880,15,11981,-76.653171,39.29338
11880,15,11995,-76.653102,39.293344
11880,15,6414,-76.653348,39.295331
11880,15,3011,-76.650783,39.294968
11880,15,6416,-76.650462,39.293785
11880,15,14152,-76.651842,39.292833
11880,15,6418,-76.650338,39.291248
11880,15,6472,-76.650184,39.291621
11880,15,4676,-76.650247,39.2927
11880,15,3235,-76.650768,39.295088
11880,15,6476,-76.652911,39.294943
11880,15,3010,-76.653656,39.294741
11880,15,13789,-76.65192,39.29322
11880,15,14108,-76.652256,39.293025
11880,15,14109,-76.65272,39.293206
11880,15,14110,-76.652146,39.293022
11880,15,14107,-76.652258,39.293096
11349,15,11982,-76.69147,39.236529
11349,15,11994,-76.691175,39.237376
11349,15,12346,-76.690666,39.237565
11349,15,5502,-76.690342,39.237921
11351,15,11985,-76.705982,39.087829
11351,15,11992,-76.706174,39.087089
11352,15,11986,-76.765032,39.017782
11352,15,11991,-76.764753,39.017775
11353,15,11987,-76.843432,38.973174
11353,15,11990,-76.842979,38.973258
11366,15,7627,-76.669843,39.182863
11366,15,7697,-76.669935,39.18298
11366,15,11175,-76.669554,39.182061
11367,15,7628,-76.673208,39.191527
11367,15,7696,-76.673174,39.191554
11367,15,14119,-76.673766,39.191634
11368,15,7630,-76.655047,39.202261
11368,15,7694,-76.655359,39.202317
11369,15,7631,-76.646107,39.214383
11369,15,7693,-76.646108,39.21432
11370,15,7632,-76.640943,39.222291
11370,15,7692,-76.641342,39.221717
11370,15,3304,-76.642866,39.221294
11370,15,3345,-76.642096,39.221441
11371,15,7634,-76.632872,39.235138
11371,15,7690,-76.632883,39.235201
12011,15,7635,-76.629838,39.242013
12011,15,7689,-76.629961,39.24204
12011,15,14089,-76.630263,39.241703
12011,15,2737,-76.630237,39.241763
12011,15,10830,-76.626897,39.241545
12011,15,2920,-76.626714,39.241805
12011,15,14092,-76.630066,39.242004
12011,15,14091,-76.630145,39.241996
12011,15,4234,-76.628185,39.242046
12011,15,14090,-76.630226,39.24181
11373,15,7637,-76.634892,39.256034
11373,15,7687,-76.634871,39.256469
11373,15,4920,-76.634373,39.255608
11373,15,9001,-76.634212,39.255286
11895,15,7638,-76.631971,39.262119
11895,15,7686,-76.632042,39.261931
11895,15,5203,-76.634144,39.262938
11895,15,4917,-76.635071,39.261478
11895,15,4992,-76.634793,39.261505
11895,15,4993,-76.633929,39.262916
11375,15,7639,-76.619869,39.279123
11375,15,7685,-76.620008,39.279141
14589,15,7641,-76.619426,39.28575
14589,15,7642,-76.619433,39.288866
14589,15,7643,-76.619634,39.292209
14589,15,7644,-76.61994,39.296796
14589,15,7680,-76.619907,39.296543
14589,15,7681,-76.619611,39.292236
14589,15,7682,-76.619595,39.288885
14589,15,7683,-76.619217,39.285793
14589,15,7506,-76.623155,39.301425
14589,15,7507,-76.620996,39.291541
14589,15,7508,-76.615475,39.289394
14589,15,7512,-76.616275,39.289452
14589,15,7513,-76.620914,39.29173
14589,15,7514,-76.623166,39.301515
14589,15,61,-76.624013,39.289155
14589,15,64,-76.618866,39.289286
14589,15,66,-76.615426,39.289415
14589,15,67,-76.614567,39.289464
14589,15,814,-76.612053,39.289581
14589,15,3395,-76.608865,39.290335
14589,15,283,-76.608511,39.290742
14589,15,516,-76.613975,39.290157
14589,15,68,-76.613857,39.288717
14589,15,3661,-76.615621,39.287766
14589,15,1341,-76.617451,39.287772
14589,15,1342,-76.618978,39.287717
14589,15,14081,-76.623588,39.287096
14589,15,3735,-76.626443,39.289013
14589,15,1601,-76.624174,39.289097
14589,15,2323,-76.62036,39.289268
14589,15,10568,-76.618522,39.289239
14589,15,816,-76.608873,39.292025
14589,15,501,-76.616919,39.294254
14589,15,502,-76.616838,39.293237
14589,15,503,-76.617185,39.291706
14589,15,504,-76.617869,39.288491
14589,15,7529,-76.619294,39.285398
14589,15,13664,-76.619236,39.286262
14589,15,122,-76.614881,39.287551
14589,15,506,-76.614964,39.288552
14589,15,519,-76.615125,39.290244
14589,15,520,-76.615167,39.29152
14589,15,521,-76.61534,39.293354
14589,15,523,-76.61545,39.295475
14589,15,524,-76.615291,39.297617
14589,15,13641,-76.61597,39.302268
14589,15,11511,-76.617309,39.304535
14589,15,5233,-76.623853,39.302229
14589,15,11472,-76.612055,39.296402
14589,15,7192,-76.607902,39.291234
14589,15,3208,-76.611032,39.292523
14589,15,3210,-76.612261,39.29245
14589,15,3211,-76.613191,39.292436
14589,15,3213,-76.616521,39.29311
14589,15,3215,-76.619492,39.29297
14589,15,8444,-76.620942,39.292903
14589,15,3218,-76.622226,39.292876
14589,15,3220,-76.623722,39.292878
14589,15,3222,-76.628249,39.292745
14589,15,3223,-76.63051,39.292655
14589,15,11356,-76.630482,39.292531
14589,15,12570,-76.628409,39.292625
14589,15,3027,-76.625996,39.292714
14589,15,3029,-76.624017,39.292667
14589,15,3031,-76.622656,39.292705
14589,15,7540,-76.621468,39.292761
14589,15,3034,-76.619865,39.292823
14589,15,3035,-76.618443,39.292888
14589,15,3036,-76.616947,39.292921
14589,15,3038,-76.61546,39.292247
14589,15,12571,-76.614255,39.292289
14589,15,3040,-76.612693,39.291141
14589,15,3048,-76.610525,39.291221
14589,15,1002,-76.601637,39.299208
14589,15,1609,-76.604258,39.299106
14589,15,1610,-76.606492,39.299009
14589,15,5855,-76.611506,39.296067
14589,15,5856,-76.611342,39.293828
14589,15,3641,-76.611252,39.292087
14589,15,1009,-76.612064,39.290479
14589,15,285,-76.613594,39.290537
14589,15,10567,-76.616287,39.290515
14589,15,14133,-76.618343,39.289327
14589,15,3366,-76.612237,39.290101
14589,15,6759,-76.612456,39.292314
14589,15,3368,-76.612536,39.293495
14589,15,3369,-76.612678,39.296083
14589,15,11127,-76.605992,39.297849
14589,15,11128,-76.604677,39.297902
14589,15,8562,-76.601551,39.298025
14589,15,1336,-76.60743,39.287992
14589,15,1337,-76.609942,39.287903
14589,15,1338,-76.611768,39.287923
14589,15,121,-76.614796,39.286336
14589,15,1268,-76.612475,39.286503
14589,15,1879,-76.610949,39.286537
14589,15,1270,-76.608375,39.286624
14589,15,1271,-76.606248,39.286701
14589,15,1266,-76.616806,39.286356
14589,15,1267,-76.614044,39.286447
14589,15,1339,-76.613375,39.28788
14589,15,815,-76.608251,39.289735
14589,15,1343,-76.621163,39.287578
14589,15,5196,-76.623267,39.287503
14589,15,2185,-76.627704,39.287332
14589,15,5416,-76.631888,39.286923
14589,15,5417,-76.633993,39.28683
14589,15,11117,-76.635269,39.285635
14589,15,11119,-76.631667,39.285809
14589,15,12670,-76.630048,39.285884
14589,15,11121,-76.628176,39.28598
14589,15,11123,-76.623708,39.286106
14589,15,494,-76.614575,39.304228
14589,15,495,-76.614502,39.303154
14589,15,507,-76.614412,39.301783
14589,15,509,-76.614219,39.2988
14589,15,511,-76.614086,39.296783
14589,15,512,-76.614324,39.294341
14589,15,514,-76.614271,39.293035
14589,15,515,-76.614055,39.291284
14589,15,70,-76.613687,39.286755
14589,15,13722,-76.614777,39.285744
14589,15,525,-76.615704,39.299474
14589,15,2329,-76.615781,39.300748
14589,15,528,-76.615945,39.303294
14589,15,529,-76.616022,39.304372
14589,15,2174,-76.617567,39.304563
14589,15,2175,-76.617513,39.303515
14589,15,497,-76.617646,39.300842
14589,15,499,-76.617188,39.29866
14589,15,500,-76.617047,39.296411
14589,15,13723,-76.617701,39.286555
14589,15,518,-76.614727,39.285012
14589,15,5851,-76.612092,39.304786
14589,15,4064,-76.614389,39.304634
14589,15,4065,-76.61598,39.304614
14589,15,1864,-76.623054,39.301163
14589,15,4013,-76.621278,39.300811
14589,15,4014,-76.618836,39.302048
14589,15,11837,-76.617545,39.303316
14589,15,4016,-76.616296,39.303372
14589,15,4017,-76.614597,39.303434
14589,15,4018,-76.613074,39.303431
14589,15,5866,-76.611795,39.304514
14589,15,3204,-76.60367,39.301195
14589,15,3205,-76.603853,39.299183
14589,15,1003,-76.604273,39.298101
14589,15,1004,-76.606864,39.295974
14589,15,1006,-76.6082,39.295009
14589,15,13624,-76.609725,39.294065
14589,15,8420,-76.611097,39.290202
14589,15,3645,-76.610935,39.288455
14589,15,14162,-76.620924,39.290791
14589,15,7198,-76.620931,39.291667
14589,15,1013,-76.621085,39.293244
14589,15,7200,-76.6212,39.295236
14589,15,1017,-76.621269,39.296439
14589,15,7201,-76.62188,39.298255
14589,15,12651,-76.621484,39.299926
14589,15,5232,-76.622795,39.301371
14589,15,5234,-76.624857,39.303027
14589,15,5193,-76.621599,39.299015
14589,15,805,-76.621473,39.296878
14589,15,806,-76.621362,39.295373
14589,15,1870,-76.621342,39.293987
14589,15,809,-76.621263,39.29302
14589,15,1873,-76.621101,39.290509
14589,15,1876,-76.621013,39.288762
14589,15,1265,-76.619562,39.286194
14589,15,3393,-76.608618,39.287204
14589,15,820,-76.606356,39.294428
14589,15,821,-76.604906,39.296573
14589,15,10818,-76.603826,39.298386
14589,15,3052,-76.603561,39.299644
14589,15,3053,-76.603432,39.301102
14589,15,8928,-76.609946,39.290658
14589,15,125,-76.619247,39.290545
14589,15,126,-76.620764,39.290479
14589,15,127,-76.622005,39.29046
14589,15,128,-76.624263,39.29032
14589,15,130,-76.62916,39.290135
14589,15,59,-76.628363,39.28895
14589,15,14087,-76.624884,39.289085
14589,15,62,-76.622481,39.289199
14589,15,14132,-76.618993,39.2893
14589,15,14165,-76.615344,39.298656
14589,15,13822,-76.621312,39.29842
14589,15,1021,-76.624652,39.300138
14589,15,4075,-76.627511,39.301323
14589,15,4077,-76.629603,39.299636
14589,15,4079,-76.631299,39.298433
14589,15,4005,-76.631085,39.298361
14589,15,4006,-76.629184,39.299785
14589,15,4007,-76.627588,39.301074
14589,15,800,-76.626766,39.300465
14589,15,801,-76.625768,39.299661
14589,15,803,-76.623527,39.29785
14589,15,13825,-76.621473,39.296627
14589,15,13826,-76.619973,39.29622
14589,15,13827,-76.615806,39.296304
14589,15,13828,-76.613894,39.296376
14589,15,6811,-76.613351,39.28366
14589,15,10966,-76.613219,39.281947
14589,15,6813,-76.612797,39.280089
14589,15,6814,-76.612694,39.27915
14589,15,117,-76.614394,39.278852
14589,15,119,-76.61464,39.281921
14589,15,120,-76.614593,39.284007
14589,15,1592,-76.607399,39.301608
14589,15,10700,-76.606798,39.299395
14589,15,13811,-76.606148,39.297337
14589,15,14086,-76.623864,39.289133
14589,15,14134,-76.618112,39.289338
14589,15,1607,-76.605328,39.296857
14589,15,1608,-76.606176,39.297678
14589,15,8685,-76.606446,39.298663
14589,15,12207,-76.607129,39.301127
14589,15,5188,-76.627288,39.304622
14589,15,5190,-76.625421,39.3031
14589,15,5191,-76.624142,39.302048
14589,15,5853,-76.611872,39.301606
14589,15,11337,-76.628306,39.286811
14589,15,2186,-76.62782,39.285829
14589,15,12357,-76.608967,39.293208
14589,15,5861,-76.609811,39.296046
14589,15,5863,-76.610826,39.301486
14589,15,5864,-76.611235,39.303079
14589,15,5235,-76.625774,39.303988
14589,15,13838,-76.611865,39.303567
14589,15,13834,-76.611711,39.304738
14589,15,4072,-76.625494,39.302956
14589,15,3903,-76.62786,39.289937
14589,15,3904,-76.628532,39.289057
14589,15,14075,-76.612407,39.280539
14589,15,14074,-76.612878,39.283236
14589,15,1604,-76.611995,39.287025
14589,15,1605,-76.612151,39.288664
14589,15,13735,-76.627339,39.290356
14589,15,13724,-76.623372,39.299378
14589,15,1250,-76.628584,39.298638
14589,15,1251,-76.627677,39.297911
14589,15,1252,-76.626282,39.296789
14589,15,1253,-76.625039,39.295671
14589,15,1256,-76.623988,39.293945
14589,15,10533,-76.624002,39.293031
14589,15,1258,-76.623887,39.291581
14589,15,1259,-76.623881,39.290749
14589,15,1260,-76.623778,39.289612
14589,15,1261,-76.623692,39.287707
14589,15,12397,-76.623601,39.285848
14589,15,4909,-76.623538,39.284621
14589,15,5000,-76.622599,39.285086
14589,15,14167,-76.622083,39.287699
14589,15,1344,-76.622155,39.289143
14589,15,1345,-76.622242,39.290535
14589,15,10545,-76.622391,39.293061
14589,15,14155,-76.624706,39.295523
14589,15,1351,-76.626351,39.296958
14589,15,1352,-76.628827,39.298951
14589,15,4903,-76.620252,39.300638
14589,15,4904,-76.620124,39.298554
14589,15,74,-76.614771,39.281157
14589,15,75,-76.615764,39.279015
11382,15,7645,-76.620492,39.303599
11382,15,7646,-76.620003,39.307641
11382,15,7678,-76.620053,39.307326
11382,15,7679,-76.620608,39.303672
11382,15,11487,-76.620846,39.30416
11382,15,4902,-76.62073,39.303472
11382,15,4900,-76.621045,39.306254
11382,15,5003,-76.620495,39.303674
11382,15,4070,-76.620629,39.304667
11383,15,7648,-76.622241,39.311472
11383,15,7649,-76.622754,39.312388
11383,15,7676,-76.622734,39.312142
11383,15,2499,-76.622631,39.311028
11383,15,2629,-76.622423,39.310804
12643,15,7650,-76.643251,39.331312
12643,15,7675,-76.643251,39.331258
12643,15,4171,-76.646871,39.333626
12643,15,10249,-76.645552,39.332831
12643,15,8984,-76.643965,39.331923
12643,15,324,-76.648267,39.332119
12643,15,4172,-76.65028,39.331565
12643,15,4302,-76.650873,39.33132
12643,15,4303,-76.648208,39.331986
12643,15,4304,-76.646965,39.333021
11386,15,7651,-76.647801,39.344154
11386,15,7674,-76.647894,39.344073
11386,15,5661,-76.648159,39.345181
11386,15,10665,-76.648031,39.345002
11387,15,7652,-76.651504,39.367908
11387,15,7673,-76.652138,39.368416
11387,15,5049,-76.65268,39.366779
11387,15,4854,-76.652357,39.366513
11387,15,4853,-76.653966,39.366846
11388,15,7654,-76.649583,39.376617
11388,15,7671,-76.649734,39.376627
11388,15,13971,-76.649315,39.376706
14347,15,7655,-76.627229,39.429489
14347,15,7670,-76.627141,39.428939
14347,15,1697,-76.623399,39.429504
14347,15,1506,-76.626851,39.428387
14347,15,14084,-76.62628,39.428201
14347,15,1507,-76.624349,39.428978
14347,15,10658,-76.621117,39.429152
14347,15,14083,-76.62677,39.428251
11390,15,7656,-76.628174,39.434124
11390,15,7669,-76.628334,39.434422
11391,15,7657,-76.634893,39.448592
11391,15,7668,-76.634983,39.448547
11391,15,1750,-76.635531,39.448595
11392,15,7658,-76.65376,39.475893
11392,15,7667,-76.653714,39.475883
11392,15,1726,-76.652691,39.477317
11392,15,11446,-76.651362,39.476238
11393,15,7659,-76.661714,39.482158
11393,15,7666,-76.661726,39.482131
11394,15,7660,-76.658954,39.489575
11394,15,7665,-76.658815,39.489538
11394,15,10640,-76.659435,39.489336
11395,15,7661,-76.656398,39.492111
11395,15,7664,-76.656282,39.492092
11396,15,7662,-76.654339,39.496307
11396,15,7663,-76.65427,39.496216
11398,15,7625,-76.633247,39.172438
11398,15,7699,-76.63295,39.171932
11398,15,2778,-76.633198,39.171949
11398,15,14138,-76.633198,39.171949
11398,15,14137,-76.633079,39.171801
11399,15,7626,-76.640218,39.183717
11399,15,7698,-76.640172,39.183672
11433,15,7500,-76.780768,39.407642
11433,15,14124,-76.779725,39.408236
11433,15,14125,-76.779567,39.40816
11434,15,10906,-76.743423,39.370794
11434,15,7522,-76.743665,39.371003
11435,15,11422,-76.72138,39.36247
11435,15,7520,-76.721459,39.362777
11436,15,4819,-76.705402,39.352262
11436,15,7519,-76.706095,39.352589
11436,15,10309,-76.705786,39.350977
12127,15,10419,-76.693708,39.345918
12127,15,10420,-76.694382,39.346336
12127,15,4825,-76.691991,39.34477
12127,15,14095,-76.692089,39.344853
12127,15,5073,-76.693844,39.343496
12127,15,6106,-76.692978,39.345112
12127,15,14096,-76.692334,39.344977
12127,15,6059,-76.695115,39.342565
12127,15,6103,-76.695999,39.341656
12127,15,6104,-76.694742,39.342648
12127,15,6058,-76.693073,39.345236
12127,15,14093,-76.691605,39.34458
12127,15,4824,-76.694419,39.343511
12127,15,14097,-76.692195,39.345075
12127,15,14094,-76.69185,39.344716
12127,15,14098,-76.691956,39.344929
12777,15,5585,-76.672379,39.336192
12777,15,5584,-76.672632,39.336464
12777,15,5581,-76.680949,39.339262
12777,15,5582,-76.679087,39.338541
12777,15,5583,-76.677379,39.337588
12777,15,6370,-76.675077,39.336037
12777,15,14111,-76.672803,39.336492
12777,15,10880,-76.672242,39.336199
12777,15,5669,-76.675498,39.336284
12777,15,5670,-76.677059,39.337576
12777,15,5671,-76.678643,39.338544
12777,15,6509,-76.680482,39.339305
12777,15,10668,-76.673415,39.336889
12777,15,10879,-76.673072,39.336843
13829,15,7503,-76.65269,39.318103
13829,15,7504,-76.642497,39.310057
13829,15,7516,-76.64259,39.310195
13829,15,7517,-76.652759,39.318211
13829,15,13522,-76.652889,39.317897
13829,15,27,-76.652923,39.317969
13829,15,6395,-76.651716,39.315288
13829,15,6396,-76.651597,39.312997
13829,15,6488,-76.651414,39.313004
13829,15,6489,-76.651511,39.314479
13829,15,160,-76.652489,39.31579
13829,15,163,-76.657625,39.318462
13829,15,6393,-76.654846,39.318906
13829,15,13523,-76.653472,39.318167
13829,15,13524,-76.652446,39.31788
13829,15,327,-76.657459,39.325624
13829,15,4299,-76.658047,39.325125
13829,15,330,-76.658994,39.324596
13829,15,5176,-76.659863,39.320546
13829,15,5245,-76.656468,39.319717
13829,15,13521,-76.652913,39.3181
13829,15,7277,-76.658982,39.320504
13829,15,10750,-76.659357,39.324203
13829,15,4300,-76.657744,39.325129
13829,15,10751,-76.657192,39.325645
13829,15,758,-76.654035,39.315399
13829,15,13568,-76.649518,39.314076
13829,15,13525,-76.652716,39.318011
13829,15,167,-76.655952,39.323398
13829,15,168,-76.65735,39.325295
13829,15,10028,-76.657488,39.326073
13829,15,10858,-76.658221,39.322853
13829,15,10859,-76.657631,39.321867
13829,15,10860,-76.657132,39.320979
13829,15,12634,-76.656438,39.323553
13829,15,24,-76.655801,39.322682
13829,15,25,-76.654724,39.321251
13829,15,13526,-76.652235,39.317777
13829,15,23,-76.657527,39.324981
13829,15,755,-76.651787,39.317621
13829,15,8553,-76.651037,39.317005
13829,15,31,-76.64833,39.314786
13829,15,8554,-76.645595,39.313774
13829,15,762,-76.644199,39.31506
13829,15,2506,-76.642274,39.310195
13829,15,1366,-76.643577,39.31108
13829,15,1367,-76.645063,39.312326
13829,15,1369,-76.645941,39.313062
13829,15,7341,-76.646756,39.313737
13829,15,156,-76.647968,39.314763
13829,15,1058,-76.650874,39.317148
13829,15,164,-76.652247,39.318227
13829,15,165,-76.654064,39.320853
13829,15,13527,-76.652594,39.317732
13829,15,145,-76.642939,39.30107
13829,15,4093,-76.643011,39.30208
13829,15,4094,-76.643081,39.30335
13829,15,4096,-76.643192,39.305287
13829,15,151,-76.646083,39.306352
13829,15,152,-76.64617,39.307833
13829,15,153,-76.646267,39.309556
13829,15,154,-76.646395,39.311792
13829,15,159,-76.651199,39.316447
13829,15,13528,-76.652812,39.317836
13829,15,35,-76.646698,39.312102
13829,15,36,-76.646581,39.310126
13829,15,37,-76.646467,39.308182
13829,15,38,-76.646394,39.306984
13829,15,14168,-76.644373,39.305287
13829,15,3990,-76.643215,39.303954
13829,15,3991,-76.643175,39.303225
13829,15,3992,-76.643125,39.302324
13829,15,3993,-76.643043,39.301062
13829,15,13529,-76.653213,39.318036
13829,15,7274,-76.656147,39.319301
13829,15,32,-76.647158,39.313782
13829,15,1236,-76.644694,39.311818
13829,15,1237,-76.642957,39.310335
13829,15,1238,-76.641841,39.309434
13829,15,1364,-76.641656,39.309456
13829,15,1365,-76.642136,39.309852
13829,15,13833,-76.652731,39.318546
13829,15,1055,-76.645066,39.314493
13829,15,8577,-76.646236,39.313393
13829,15,2509,-76.646057,39.310009
13829,15,2620,-76.646838,39.309779
13829,15,2623,-76.642864,39.309946
11441,15,7505,-76.636603,39.305148
11441,15,7515,-76.63672,39.305318
11441,15,1244,-76.637635,39.305917
11441,15,1245,-76.635359,39.304038
11441,15,1357,-76.635285,39.304149
11441,15,1359,-76.637146,39.305683
13811,15,7509,-76.605583,39.289915
13811,15,7511,-76.605814,39.289952
13811,15,1335,-76.603602,39.288882
13811,15,1272,-76.603085,39.287287
13811,15,10534,-76.605435,39.289975
13811,15,12624,-76.603267,39.290343
13811,15,3897,-76.605431,39.291085
13811,15,14161,-76.602169,39.285266
13811,15,11420,-76.602984,39.285678
15537,15,7510,-76.594107,39.298289
15537,15,8422,-76.594802,39.298308
15537,15,7528,-76.592254,39.298278
15537,15,8355,-76.585675,39.299825
15537,15,967,-76.587748,39.299754
15537,15,8566,-76.589438,39.299687
15537,15,10573,-76.589617,39.300381
15537,15,2472,-76.589696,39.301909
15537,15,2473,-76.589794,39.303279
15537,15,2474,-76.589883,39.304924
15537,15,2475,-76.590047,39.307368
15537,15,2476,-76.590093,39.308572
15537,15,2478,-76.590261,39.31113
15537,15,2440,-76.591479,39.312382
15537,15,2649,-76.59185,39.312167
15537,15,12303,-76.59174,39.3109
15537,15,2653,-76.591596,39.308794
15537,15,2655,-76.591432,39.306036
15537,15,2656,-76.591336,39.304552
15537,15,2658,-76.591206,39.302106
15537,15,2659,-76.591087,39.30084
15537,15,14142,-76.591038,39.299353
15537,15,831,-76.589701,39.298498
15537,15,832,-76.588009,39.298566
15537,15,9571,-76.585263,39.298666
15537,15,5732,-76.590696,39.299631
15537,15,8408,-76.594661,39.299491
15537,15,12177,-76.591114,39.298451
15537,15,962,-76.585437,39.303542
15537,15,964,-76.585274,39.300811
15537,15,834,-76.585079,39.299641
15537,15,836,-76.585219,39.301721
15537,15,837,-76.585344,39.30347
15537,15,12310,-76.589484,39.298438
15537,15,2470,-76.589534,39.299324
15537,15,9576,-76.585896,39.309394
15537,15,866,-76.584524,39.308785
15537,15,2457,-76.582785,39.309345
15537,15,2459,-76.582972,39.312286
15537,15,8602,-76.584522,39.31268
15537,15,2461,-76.585838,39.312629
15537,15,2462,-76.587807,39.312555
15537,15,8603,-76.590234,39.312444
15537,15,8625,-76.590059,39.312239
15537,15,2676,-76.588434,39.312325
15537,15,2678,-76.586238,39.312416
15537,15,3189,-76.585717,39.311187
15537,15,2662,-76.590952,39.298163
15537,15,14201,-76.59055,39.301908
15537,15,13706,-76.590976,39.299113
15537,15,3188,-76.583845,39.312884
15537,15,3190,-76.586894,39.310196
15537,15,3191,-76.588239,39.309068
15537,15,3192,-76.589717,39.307838
15537,15,3194,-76.591294,39.306561
15537,15,3196,-76.594813,39.304054
15537,15,3197,-76.594742,39.302923
15537,15,13340,-76.594569,39.300812
15537,15,14028,-76.59448,39.298458
15537,15,13797,-76.594089,39.298251
15537,15,13798,-76.594177,39.299508
15537,15,3059,-76.594399,39.302202
15537,15,3061,-76.593911,39.304222
15537,15,3062,-76.592866,39.305065
15537,15,14193,-76.591436,39.306291
15537,15,3063,-76.590303,39.307189
15537,15,3064,-76.588681,39.308541
15537,15,3065,-76.587041,39.309928
15537,15,3066,-76.586036,39.310761
15537,15,13748,-76.584739,39.311879
18072,15,12835,-77.217084,39.147766
18072,17,5118,-77.227516,39.141663
18072,17,5120,-77.2259,39.141702
18072,17,2248,-77.224195,39.142555
18072,17,2250,-77.223386,39.143981
18072,17,2252,-77.221953,39.14521
18072,17,5152,-77.219576,39.14604
18072,17,16065,-77.218177,39.147754
18072,17,5154,-77.219228,39.146973
18072,17,2262,-77.221357,39.145494
18072,17,2264,-77.222316,39.145278
18072,17,2268,-77.224091,39.143363
18072,17,5122,-77.22601,39.141885
18072,17,5124,-77.22756,39.141797
18072,17,1044,-77.226144,39.14479
18072,17,1046,-77.224336,39.143831
18072,17,1048,-77.223463,39.14364
11460,15,13603,-77.217993,39.141693
11460,15,13598,-77.217652,39.141816
11460,17,16083,-77.21801,39.14183
11462,15,13590,-77.076016,39.116639
11462,17,17475,-77.076074,39.11686
11463,15,11785,-76.930596,39.114106
11463,17,30128,-76.930802,39.114601
11465,15,3317,-76.671752,39.181155
11471,15,11784,-76.908691,39.146785
11472,15,14198,-76.983624,39.035167
11472,17,30153,-76.984671,39.035406
11472,17,16005,-76.983283,39.034945
11476,15,12496,-76.25194,38.971537
11477,15,13635,-76.321233,38.977262
11487,15,14195,-76.590797,39.295461
11487,15,4470,-76.590755,39.294005
11487,15,4471,-76.589458,39.294053
11487,15,4649,-76.587376,39.294289
11487,15,4650,-76.589144,39.294213
11487,15,4652,-76.590415,39.294152
11487,15,10571,-76.589202,39.294017
11487,15,2468,-76.589307,39.295464
11487,15,2666,-76.59072,39.295445
11487,15,10577,-76.59068,39.293888
11496,15,14151,-76.533437,38.989478
11523,15,13663,-76.528124,39.057686
11523,15,2817,-76.528422,39.057118
11523,15,2848,-76.528632,39.05719
11524,15,11752,-77.003441,38.889741
11541,15,13539,-76.651511,38.95964
11549,15,11812,-76.847869,39.201271
11554,15,11783,-76.850021,39.174347
11575,15,11771,-76.816911,39.276458
11591,15,12074,-76.709866,39.216811
11593,15,12076,-76.736854,39.200361
11595,15,12078,-76.753439,39.191175
11597,15,12840,-76.771851,39.178624
11602,15,13636,-76.771092,39.163795
11603,15,11861,-76.805952,39.183891
11612,15,11869,-76.820539,39.196995
11626,15,11930,-76.940174,39.208347
11635,15,7531,-76.820027,39.24681
11643,15,11474,-76.274497,39.555409
11644,15,11475,-76.316751,39.548051
11645,15,11476,-76.325291,39.540065
11646,15,11477,-76.323719,39.536477
11647,15,11478,-76.322987,39.532853
11648,15,11479,-76.329207,39.531973
11649,15,11480,-76.337828,39.527702
11650,15,11501,-76.335435,39.519989
11651,15,11482,-76.329647,39.513986
11652,15,11483,-76.325335,39.498597
11653,15,11484,-76.315765,39.485593
11654,15,11485,-76.309084,39.473932
11655,15,11486,-76.311405,39.466805
11668,15,11469,-76.351952,39.570696
11669,15,11502,-76.368246,39.555552
11670,15,11470,-76.399383,39.500205
11671,15,11471,-76.384881,39.479816
11674,15,11519,-76.091627,39.549941
11675,15,11520,-76.097587,39.552786
11676,15,12409,-76.106665,39.546683
11678,15,11522,-76.166228,39.50535
11679,15,11523,-76.176664,39.497088
11680,15,11524,-76.196332,39.489223
11681,15,11525,-76.247017,39.484233
11682,15,11526,-76.236376,39.470161
11683,15,11527,-76.258338,39.458983
11684,15,11528,-76.315407,39.435315
11685,15,11529,-76.324659,39.433914
11686,15,11530,-76.370526,39.423937
11687,15,11531,-76.426945,39.380895
11688,15,11912,-77.732109,39.601879
11689,15,12763,-77.567294,39.492448
11697,15,13762,-76.923203,38.608126
11704,15,11749,-76.928972,38.617645
11705,15,11684,-76.977922,38.549977
11706,15,11689,-76.966074,38.579565
11707,15,11681,-76.932123,38.611021
11710,15,11739,-77.034952,38.892151
11716,15,13640,-77.0071,38.670139
11717,15,11548,-76.772249,38.491822
11719,15,13671,-76.770346,38.495322
11722,15,14199,-76.577397,38.349762
11739,15,11616,-76.532759,38.707002
11740,15,11604,-76.601221,38.717439
11741,15,11614,-76.659374,38.771982
11742,15,11613,-76.670125,38.791853
11743,15,11612,-76.697411,38.808941
11744,15,11608,-76.745369,38.812589
11744,19,723,-76.745334,38.812545
11748,15,12838,-76.602612,38.657261
11749,15,11573,-76.604428,38.664203
11750,15,11574,-76.656347,38.727375
11752,15,11572,-76.581118,38.548248
11753,15,14211,-77.396232,39.46039
11755,15,11914,-77.355571,39.323398
11759,15,12613,-76.569143,39.275373
11759,15,12376,-76.569168,39.275788
11759,15,2420,-76.570848,39.27759
11759,15,2715,-76.570687,39.278284
11759,15,2718,-76.569459,39.27749
11759,15,12513,-76.568352,39.275325
11759,15,10446,-76.572193,39.277651
11759,15,10434,-76.571988,39.277391
11759,15,12697,-76.569586,39.27698
11761,15,2422,-76.571029,39.28025
11761,15,14158,-76.571199,39.282612
11761,15,14157,-76.571325,39.282151
11761,15,2714,-76.571225,39.280481
11761,15,1297,-76.571396,39.282293
11761,15,1311,-76.571093,39.282474
12604,15,2425,-76.571405,39.286329
12604,15,2427,-76.571546,39.288354
12604,15,2706,-76.571743,39.288608
12604,15,2708,-76.571602,39.286581
12604,15,2034,-76.563754,39.286845
12604,15,2035,-76.564944,39.286785
12604,15,2036,-76.566769,39.286704
12604,15,4115,-76.569022,39.288312
12604,15,4116,-76.569172,39.290065
12604,15,4351,-76.56933,39.290372
12604,15,4352,-76.569243,39.288748
12604,15,1906,-76.566761,39.286546
12604,15,1909,-76.562596,39.286742
12604,15,2037,-76.568575,39.286644
12604,15,2039,-76.571312,39.286539
12604,15,12222,-76.571665,39.286381
12604,15,1904,-76.569443,39.286434
12604,15,1905,-76.567476,39.286531
11764,15,10439,-76.571721,39.291103
11764,15,12405,-76.573155,39.292422
11764,15,8924,-76.573473,39.292254
11764,15,2704,-76.571916,39.291311
11766,15,8601,-76.576006,39.292313
11766,15,14194,-76.575933,39.292185
11767,15,2444,-76.576266,39.294973
11767,15,2445,-76.576402,39.296699
11767,15,2697,-76.576584,39.297178
11767,15,10579,-76.576454,39.294767
11767,15,10899,-76.576506,39.294562
11767,15,4643,-76.576592,39.294675
13152,15,13589,-76.57979,39.297781
13152,15,2450,-76.582203,39.298725
13152,15,6768,-76.582533,39.298778
13152,15,2693,-76.581939,39.297701
13152,15,2695,-76.579538,39.297787
13152,15,10986,-76.57921,39.300092
13152,15,10988,-76.582055,39.29998
13152,15,5743,-76.579829,39.298894
11782,15,2481,-76.59538,39.312196
11782,15,2647,-76.594629,39.312049
11784,15,12501,-76.599013,39.312038
11784,15,3409,-76.598004,39.314009
11784,15,3628,-76.597928,39.314381
11784,15,8624,-76.59898,39.311859
11784,15,3630,-76.599732,39.313022
11784,15,14037,-76.599373,39.311638
11784,15,3406,-76.599037,39.312528
11785,15,13839,-76.595775,39.316757
11785,15,10251,-76.596325,39.315924
11785,15,3627,-76.595282,39.316952
11785,15,3411,-76.595421,39.316516
11786,15,13840,-76.597994,39.317308
11786,15,13855,-76.599115,39.317509
11787,15,13841,-76.601986,39.318212
11787,15,13854,-76.60214,39.31821
11787,15,5841,-76.601919,39.318449
11787,15,5875,-76.602268,39.317922
11787,15,5876,-76.600753,39.319421
11787,15,5840,-76.600435,39.319914
11788,15,13843,-76.60491,39.318339
11788,15,13853,-76.605037,39.31826
11789,15,13844,-76.609579,39.318139
11789,15,13852,-76.609378,39.318094
11789,15,10698,-76.609518,39.318284
11789,15,10704,-76.609377,39.317747
11793,15,13846,-76.617073,39.317886
11793,15,13847,-76.618448,39.317818
11793,15,5012,-76.61972,39.319161
11793,15,5013,-76.620928,39.320773
11793,15,10508,-76.621918,39.322037
11793,15,4890,-76.62094,39.320671
11793,15,4893,-76.619883,39.319068
11793,15,4894,-76.619825,39.318078
11793,15,13850,-76.617162,39.31784
11793,15,13851,-76.615459,39.317863
11793,15,2160,-76.618621,39.320697
11793,15,2162,-76.618467,39.317971
11793,15,539,-76.616882,39.317561
11793,15,541,-76.617038,39.320466
11793,15,484,-76.615668,39.320818
11793,15,486,-76.615496,39.318031
11793,15,5011,-76.619616,39.317604
11797,15,10510,-76.623701,39.324224
11797,15,10511,-76.624721,39.325595
11797,15,10512,-76.627482,39.327204
11797,15,10513,-76.628934,39.327116
11797,15,5019,-76.629154,39.328582
11797,15,4884,-76.629186,39.328885
11797,15,4885,-76.628734,39.326978
11797,15,4886,-76.626377,39.327055
11797,15,4887,-76.625272,39.325986
11797,15,4888,-76.623928,39.324253
11800,15,5021,-76.629736,39.331305
11800,15,4882,-76.629642,39.331136
15434,15,5022,-76.632365,39.3312
15434,15,4880,-76.632661,39.332469
15434,15,5024,-76.632757,39.333941
15434,15,4881,-76.632351,39.331049
15434,15,10912,-76.636234,39.334893
15434,15,4872,-76.635807,39.333443
15434,15,12708,-76.634568,39.330923
15434,15,5031,-76.634623,39.331084
15434,15,5032,-76.635171,39.33219
15434,15,4871,-76.63589,39.334413
12639,15,5025,-76.63293,39.336449
12639,15,4166,-76.63545,39.337786
12639,15,4168,-76.637027,39.337846
12639,15,320,-76.638742,39.337181
12639,15,321,-76.640641,39.336397
12639,15,10496,-76.640811,39.335787
12639,15,10754,-76.639517,39.33669
12639,15,4308,-76.637633,39.337473
12639,15,4309,-76.636195,39.337804
12639,15,4310,-76.633469,39.337203
12639,15,4163,-76.628202,39.337343
12639,15,4164,-76.630119,39.337231
12639,15,14146,-76.631055,39.337174
12639,15,4165,-76.632478,39.337131
12639,15,14053,-76.631951,39.337049
12639,15,4311,-76.630686,39.33708
12639,15,8985,-76.628615,39.337145
12639,15,319,-76.637693,39.33792
12639,15,5034,-76.637091,39.337467
12639,15,5035,-76.637933,39.338567
11812,15,10494,-76.640635,39.332011
11864,15,12292,-76.56877,39.272678
11869,15,6397,-76.654203,39.312708
11869,15,6486,-76.654191,39.312497
11871,15,6400,-76.654197,39.309919
11871,15,6402,-76.654076,39.307909
11871,15,6481,-76.653892,39.3074
11871,15,6484,-76.654005,39.309295
11871,15,2511,-76.649538,39.309831
11871,15,2513,-76.652479,39.309713
11871,15,2514,-76.653786,39.309671
11871,15,2615,-76.654314,39.309457
11871,15,2618,-76.650313,39.309611
11872,15,6409,-76.653913,39.305204
11874,15,6406,-76.653725,39.302023
11874,15,6408,-76.653603,39.299917
11874,15,6412,-76.653532,39.298579
11874,15,8959,-76.653347,39.298221
11874,15,4277,-76.65341,39.299336
11874,15,4279,-76.653534,39.301479
15365,15,6420,-76.650212,39.289286
15365,15,9004,-76.650163,39.288332
15365,15,6423,-76.650061,39.286731
15365,15,6425,-76.650021,39.285843
15365,15,6426,-76.649992,39.285403
15365,15,6427,-76.649906,39.283881
15365,15,6463,-76.649744,39.283862
15365,15,6464,-76.649804,39.284753
15365,15,6465,-76.649846,39.285679
15365,15,6466,-76.649907,39.286728
15365,15,6422,-76.649976,39.287751
15365,15,6469,-76.65005,39.289137
15365,15,297,-76.647743,39.286181
15365,15,298,-76.649641,39.285934
15365,15,269,-76.650009,39.284952
15365,15,3918,-76.649954,39.288089
15365,15,3919,-76.651089,39.288041
15365,15,3921,-76.65334,39.287937
15365,15,3922,-76.656155,39.287814
15365,15,3923,-76.658505,39.287711
15365,15,10403,-76.659168,39.287568
15365,15,3724,-76.656551,39.28768
15365,15,3725,-76.654047,39.287792
15365,15,3726,-76.651828,39.287887
15365,15,3728,-76.650421,39.287955
11887,15,6429,-76.649603,39.281873
11887,15,5563,-76.64797,39.281494
11887,15,6459,-76.647174,39.281045
11887,15,6461,-76.649234,39.281517
11887,15,11000,-76.64877,39.281473
11887,15,11110,-76.649293,39.281049
11889,15,6433,-76.644758,39.277228
11891,15,10888,-76.642809,39.275753
11891,15,6438,-76.640866,39.274252
11891,15,6455,-76.64045,39.274136
11891,15,6456,-76.642581,39.275784
11891,15,2202,-76.640653,39.276601
11891,15,2205,-76.641738,39.275745
11891,15,2206,-76.643165,39.274614
11891,15,2302,-76.642357,39.275087
11891,15,2303,-76.640357,39.27666
11892,15,13702,-76.637803,39.272601
11892,15,6452,-76.638718,39.27275
11893,15,13767,-76.634247,39.275398
11893,15,13768,-76.634123,39.27566
11894,15,13699,-76.630487,39.272634
11894,15,4996,-76.630025,39.2722
11894,15,10897,-76.628467,39.272182
11894,15,13686,-76.628424,39.272303
11894,15,12671,-76.629637,39.272878
11897,15,4918,-76.634998,39.259465
11897,15,4991,-76.634406,39.259321
11900,15,4922,-76.633849,39.252951
11900,15,5206,-76.631575,39.250908
11900,15,5207,-76.630017,39.250295
11900,15,4923,-76.630205,39.249619
11900,15,4924,-76.628838,39.248573
11900,15,5208,-76.628075,39.247057
11900,15,4926,-76.627042,39.245534
11900,15,5224,-76.626623,39.245423
11900,15,5225,-76.627943,39.247128
11900,15,5226,-76.62911,39.248681
11900,15,4986,-76.630134,39.24972
11900,15,4987,-76.629842,39.250282
11900,15,5227,-76.631825,39.251166
11900,15,12676,-76.633191,39.252253
11906,15,4927,-76.624668,39.244239
11906,15,4929,-76.624146,39.245986
11906,15,4981,-76.624328,39.245951
11906,15,5223,-76.624807,39.244281
11908,15,4930,-76.621693,39.247045
11908,15,4980,-76.621776,39.247242
14523,15,4932,-76.623652,39.248526
14523,15,5209,-76.623809,39.249561
14523,15,5351,-76.622183,39.250255
14523,15,4936,-76.620706,39.250884
14523,15,10520,-76.618429,39.251784
14523,15,2734,-76.617092,39.251965
14523,15,4937,-76.619059,39.251815
14523,15,5364,-76.620941,39.250967
14523,15,4935,-76.622307,39.250346
14523,15,4934,-76.623563,39.249819
14523,15,4979,-76.624078,39.24854
14523,15,6831,-76.617985,39.253949
14523,15,6933,-76.616648,39.253484
11915,15,2735,-76.615079,39.249562
11915,15,2922,-76.613847,39.250169
11915,15,2923,-76.61488,39.251369
11916,15,6929,-76.608803,39.242059
11916,15,2736,-76.608205,39.241446
11943,15,6458,-76.64624,39.278855
11965,15,161,-76.656887,39.316088
11965,15,4290,-76.658395,39.3159
11965,15,10325,-76.656442,39.315375
11965,15,14200,-76.658313,39.315592
11971,15,4181,-76.656621,39.312434
11971,15,4182,-76.657363,39.310796
11971,15,12713,-76.658325,39.309502
11971,15,12169,-76.658123,39.309277
11971,15,4287,-76.657147,39.31051
11971,15,4288,-76.65658,39.312252
11975,15,2521,-76.663007,39.309335
11975,15,2522,-76.665365,39.309242
11975,15,2609,-76.664061,39.309115
11975,15,2610,-76.66185,39.309191
11976,15,2524,-76.668984,39.309113
11976,15,2995,-76.669443,39.307786
11976,15,3254,-76.669088,39.307743
11976,15,2606,-76.667667,39.308968
11978,15,2997,-76.667114,39.305325
11978,15,2998,-76.66679,39.304619
11978,15,2999,-76.666186,39.303092
11978,15,3000,-76.665463,39.301554
11978,15,3001,-76.66535,39.300517
11978,15,3248,-76.665164,39.300076
11978,15,3250,-76.665223,39.301156
11978,15,10837,-76.666091,39.303285
11978,15,3252,-76.666675,39.304782
11978,15,3253,-76.667082,39.305649
11983,15,3002,-76.665193,39.298251
11983,15,3004,-76.665128,39.296671
11983,15,3927,-76.666411,39.294483
11983,15,3719,-76.668077,39.294177
11983,15,3245,-76.664933,39.29597
11983,15,3246,-76.66504,39.297969
11983,15,3243,-76.664775,39.294512
11983,15,3005,-76.664464,39.294346
11983,15,4429,-76.665429,39.29406
11983,15,4686,-76.66519,39.294281
11986,15,4201,-76.672593,39.289873
11986,15,4202,-76.672542,39.288985
11986,15,242,-76.672376,39.289698
15369,15,8982,-76.672399,39.286339
15369,15,8978,-76.672175,39.285699
15369,15,10407,-76.669639,39.285954
15369,15,3929,-76.671883,39.285896
15369,15,3930,-76.673878,39.286508
15369,15,3932,-76.675861,39.287918
15369,15,3715,-76.675756,39.287408
15369,15,342,-76.674463,39.286803
15369,15,3717,-76.672016,39.285765
15369,15,12321,-76.668846,39.285858
11990,15,4205,-76.67229,39.283608
11990,15,8972,-76.672206,39.281403
11990,15,8977,-76.672062,39.28138
11990,15,10833,-76.672023,39.282964
11990,15,343,-76.672524,39.28108
11990,15,235,-76.672626,39.280913
11991,15,4207,-76.671694,39.278748
11991,15,4269,-76.671498,39.278913
15298,15,10828,-76.671637,39.276159
15298,15,4209,-76.671615,39.274444
15298,15,4210,-76.671095,39.272984
15298,15,4266,-76.670979,39.273219
15298,15,4267,-76.67142,39.274633
15298,15,11018,-76.67215,39.273718
15298,15,11020,-76.676859,39.272156
15298,15,11090,-76.676499,39.272084
15298,15,11091,-76.674359,39.272754
15298,15,5543,-76.672392,39.273405
11995,15,4211,-76.669251,39.269513
11995,15,4264,-76.668936,39.269845
11996,15,4212,-76.670689,39.268031
11996,15,10332,-76.671784,39.267161
11996,15,4262,-76.672074,39.266728
11996,15,4263,-76.670599,39.267956
11998,15,4218,-76.674666,39.262452
11998,15,14212,-76.675484,39.262968
11999,15,4219,-76.671479,39.261065
11999,15,4259,-76.671392,39.261199
12000,15,4220,-76.665633,39.260149
12000,15,4258,-76.666358,39.260013
12001,15,4226,-76.657848,39.25498
12001,15,10832,-76.658149,39.255368
12002,15,4227,-76.653817,39.253323
12002,15,4228,-76.651881,39.252484
12002,15,12391,-76.653014,39.253263
12004,15,4229,-76.647195,39.251439
12004,15,4251,-76.646732,39.25163
12004,15,10930,-76.646679,39.253372
12004,15,4967,-76.646923,39.251753
12004,15,4951,-76.647291,39.250158
12004,15,10952,-76.647009,39.250811
12004,15,4950,-76.646771,39.251772
12004,15,10955,-76.646547,39.253446
12005,15,10829,-76.643904,39.250719
12005,15,4250,-76.643158,39.250699
12006,15,7040,-76.639445,39.248633
12006,15,4230,-76.640167,39.249386
12006,15,3356,-76.639747,39.248728
12006,15,3295,-76.640016,39.248453
12007,15,4231,-76.635319,39.245989
12007,15,5379,-76.635004,39.24612
12008,15,5377,-76.632409,39.244118
12008,15,7041,-76.632424,39.244465
12012,15,2740,-76.610349,39.238708
12012,15,6837,-76.608822,39.238219
12012,15,4247,-76.609114,39.238505
12012,15,5359,-76.60943,39.238944
12012,15,2919,-76.609809,39.238731
12012,15,10923,-76.609585,39.238235
12014,15,6838,-76.605828,39.237315
12014,15,4237,-76.605179,39.237301
12015,15,6839,-76.602576,39.236299
12015,15,4238,-76.602109,39.23636
12016,15,6840,-76.599655,39.235395
12016,15,6841,-76.597951,39.234863
12016,15,6843,-76.596293,39.234344
12016,15,6926,-76.595765,39.234077
12016,15,4245,-76.597378,39.234917
12016,15,4239,-76.599367,39.235528
12019,15,6845,-76.597477,39.231229
12019,15,6846,-76.598009,39.230209
12019,15,6923,-76.597961,39.2299
12019,15,6924,-76.597395,39.231008
12021,15,6848,-76.599126,39.228048
12021,15,6851,-76.599583,39.226828
12021,15,6920,-76.601074,39.227943
12021,15,6922,-76.598908,39.22808
12021,15,6849,-76.599691,39.226941
12033,15,10831,-76.62263,39.240883
14605,15,4256,-76.664103,39.258483
14605,15,2224,-76.661958,39.258812
14605,15,2225,-76.664396,39.256584
14605,15,12408,-76.664621,39.256835
14605,15,11467,-76.66175,39.258742
12071,15,14180,-76.531831,39.318517
12072,15,12422,-76.530867,39.309698
12072,15,11149,-76.530585,39.309533
12072,15,14184,-76.530892,39.310693
12073,15,12097,-76.534091,39.310274
12073,15,6216,-76.534568,39.310499
12074,15,12098,-76.536005,39.311934
12074,15,6215,-76.536198,39.31193
12075,15,12099,-76.539112,39.315267
12079,15,5938,-76.541566,39.329096
12079,15,6202,-76.541676,39.328892
12080,15,11379,-76.543823,39.331549
12080,15,5941,-76.545223,39.332414
12080,15,6199,-76.54553,39.332403
12080,15,5940,-76.543829,39.331381
12080,15,6201,-76.543705,39.33122
12082,15,5944,-76.547814,39.333906
12082,15,6197,-76.548103,39.334028
15516,15,5946,-76.549538,39.336167
15516,15,5948,-76.55146,39.337997
15516,15,6193,-76.551218,39.337436
15516,15,6195,-76.549819,39.336241
15516,15,3160,-76.550346,39.339135
15516,15,3162,-76.551504,39.338344
15516,15,3164,-76.553688,39.336817
15516,15,3165,-76.555003,39.335896
15516,15,3091,-76.553559,39.336665
15516,15,3092,-76.551848,39.337831
15516,15,10457,-76.550423,39.338763
12085,15,5949,-76.552926,39.340227
12085,15,6191,-76.553035,39.340141
12087,15,5950,-76.555523,39.342223
12087,15,5951,-76.557925,39.345054
12087,15,6187,-76.558297,39.345266
12087,15,6188,-76.557067,39.343821
12087,15,6189,-76.556001,39.342573
12087,15,6190,-76.554909,39.341256
12088,15,5954,-76.56011,39.347646
12088,15,6184,-76.560258,39.34759
12089,15,5955,-76.563536,39.350467
12089,15,6183,-76.563481,39.350196
12089,15,3595,-76.563301,39.350301
12089,15,3444,-76.563352,39.349889
12090,15,5957,-76.566459,39.352795
12090,15,5958,-76.568288,39.353158
12090,15,6179,-76.569495,39.35325
12090,15,6181,-76.566754,39.352765
12092,15,5960,-76.572334,39.353845
12092,15,6176,-76.572731,39.353798
12093,15,5961,-76.575266,39.354813
12093,15,12111,-76.576086,39.354978
12096,15,5963,-76.578625,39.356267
12096,15,5964,-76.580726,39.357192
12096,15,5965,-76.583274,39.3582
12096,15,6172,-76.583166,39.358029
12096,15,6173,-76.581848,39.357563
12096,15,12110,-76.578859,39.356241
12098,15,5966,-76.586172,39.359131
12098,15,5968,-76.588978,39.36002
12098,15,5969,-76.590475,39.360514
12098,15,6167,-76.590942,39.360528
12098,15,6169,-76.588212,39.359642
12098,15,6170,-76.586491,39.359098
12098,15,453,-76.588671,39.360052
12098,15,454,-76.589495,39.358294
12098,15,578,-76.589079,39.358377
12098,15,579,-76.588482,39.359647
14136,15,5972,-76.593829,39.360806
14136,15,6165,-76.594466,39.360645
14136,15,5913,-76.594116,39.367068
14136,15,5804,-76.593591,39.366807
14136,15,10381,-76.593606,39.366252
14136,15,5815,-76.593888,39.364436
14136,15,5816,-76.594079,39.362893
14136,15,5817,-76.594457,39.359729
14136,15,12338,-76.595116,39.358117
14136,15,5818,-76.596227,39.356365
14136,15,5903,-76.596025,39.356329
14136,15,5904,-76.595162,39.357618
14136,15,5908,-76.594181,39.3603
14136,15,5909,-76.593906,39.362571
14136,15,5910,-76.593729,39.364095
14136,15,5814,-76.593483,39.365925
12101,15,5973,-76.597175,39.36016
12101,15,5975,-76.59821,39.359973
12101,15,6163,-76.59773,39.359906
12103,15,5976,-76.601015,39.36054
12103,15,5977,-76.602262,39.361237
12103,15,6160,-76.60274,39.361392
12103,15,6161,-76.601617,39.360731
14062,15,5980,-76.60695,39.364027
14062,15,1540,-76.60926,39.365222
14062,15,5982,-76.610286,39.365188
14062,15,3442,-76.610832,39.36497
14062,15,6157,-76.60749,39.364701
14062,15,6158,-76.606897,39.363843
14062,15,11427,-76.60996,39.367133
14062,15,1539,-76.610032,39.365216
14062,15,10693,-76.61003,39.364207
14062,15,1552,-76.610051,39.362704
14062,15,1656,-76.609859,39.362682
14062,15,10708,-76.609847,39.363917
14062,15,1658,-76.60979,39.365402
14062,15,8687,-76.609768,39.366758
12108,15,2120,-76.617383,39.364459
12108,15,1550,-76.617022,39.364315
12109,15,5983,-76.619968,39.363323
12110,15,5985,-76.624809,39.362223
12110,15,6155,-76.626089,39.361879
12110,15,2121,-76.625025,39.361691
12110,15,2365,-76.624776,39.361729
12111,15,5988,-76.634087,39.362206
12111,15,1545,-76.634044,39.361947
15425,15,5990,-76.646033,39.36155
15425,15,6151,-76.645515,39.361479
15425,15,5046,-76.64633,39.361927
15425,15,4857,-76.646392,39.361498
15425,15,4859,-76.645473,39.358894
15425,15,5043,-76.645104,39.358698
15425,15,5044,-76.645565,39.359844
12113,15,13688,-76.651722,39.360305
12181,15,5996,-76.664526,39.353516
12181,15,14067,-76.666868,39.352989
12181,15,5998,-76.667599,39.353452
12181,15,5059,-76.667748,39.353419
12181,15,6148,-76.665661,39.353062
12181,15,14104,-76.664378,39.353505
12181,15,3,-76.663359,39.351545
12181,15,4,-76.664492,39.352749
12181,15,12649,-76.667662,39.352693
12181,15,4840,-76.667368,39.352755
12181,15,14103,-76.664272,39.353415
12181,15,5994,-76.664328,39.353424
12117,15,13689,-76.673603,39.357073
12119,15,6047,-76.67723,39.356043
12119,15,6049,-76.680281,39.354579
12119,15,6112,-76.680427,39.354265
12119,15,6113,-76.678769,39.35501
13337,15,6052,-76.683905,39.352867
13337,15,6054,-76.686355,39.351686
13337,15,6109,-76.686255,39.351435
13337,15,6110,-76.684634,39.352233
13337,15,7879,-76.677797,39.361341
13337,15,10566,-76.680206,39.360044
13337,15,7881,-76.681929,39.35912
13337,15,7882,-76.684155,39.357944
13337,15,7883,-76.685249,39.357356
13337,15,7884,-76.686608,39.356628
13337,15,7886,-76.687851,39.355955
13337,15,719,-76.686956,39.354334
13337,15,7325,-76.686358,39.353648
13337,15,1088,-76.685085,39.352921
13337,15,1090,-76.686674,39.354292
13337,15,8581,-76.687807,39.355609
13337,15,7901,-76.686509,39.356538
13337,15,7902,-76.685381,39.357167
13337,15,7903,-76.683897,39.357951
13337,15,7904,-76.682289,39.358802
13337,15,10587,-76.680175,39.359896
13337,15,7906,-76.67825,39.360969
13337,15,714,-76.694552,39.358878
13337,15,715,-76.692714,39.357938
13337,15,716,-76.691527,39.357342
13337,15,717,-76.68982,39.356539
13337,15,718,-76.688354,39.35578
13337,15,723,-76.684358,39.352268
13337,15,7327,-76.682345,39.351066
13337,15,1086,-76.683605,39.352054
13337,15,1092,-76.689388,39.356522
13337,15,1093,-76.691199,39.357405
13337,15,1094,-76.692611,39.358102
13337,15,1095,-76.693909,39.358765
12122,15,6055,-76.688403,39.350667
12122,15,6107,-76.689605,39.349774
13064,15,1209,-76.69148,39.348415
13064,15,6057,-76.690346,39.347646
13064,15,1398,-76.691499,39.348682
13064,15,1211,-76.688364,39.346273
13064,15,1396,-76.689866,39.34753
12180,15,1,-76.660393,39.350945
12183,15,11372,-76.67117,39.351635
12183,15,4838,-76.671328,39.351402
12187,15,5062,-76.673855,39.35016
12187,15,5063,-76.675758,39.349161
12187,15,5065,-76.678096,39.347769
12187,15,7148,-76.680186,39.346432
12187,15,5068,-76.681682,39.345128
12187,15,4830,-76.681562,39.344877
12187,15,4831,-76.680255,39.346101
12187,15,4833,-76.678506,39.347228
12187,15,4834,-76.676978,39.34819
12187,15,4835,-76.675516,39.349082
12187,15,4836,-76.673824,39.350027
12187,15,730,-76.676444,39.349149
12187,15,731,-76.674897,39.348379
12187,15,732,-76.673367,39.347211
12187,15,1081,-76.673116,39.347287
12187,15,1083,-76.676312,39.349263
12549,15,5070,-76.683791,39.342747
12549,15,4828,-76.683536,39.34283
12549,15,7366,-76.686632,39.339778
12549,15,14175,-76.684054,39.325514
12549,15,7391,-76.687374,39.339683
12549,15,12595,-76.685245,39.341443
12549,15,7229,-76.68232,39.325552
12549,15,6226,-76.682409,39.327588
12549,15,7232,-76.682306,39.329227
12549,15,7234,-76.682467,39.331261
12549,15,7235,-76.682999,39.333428
12549,15,6227,-76.683771,39.334502
12549,15,7237,-76.684639,39.336499
12549,15,7238,-76.68461,39.337463
12549,15,7239,-76.684629,39.338878
12549,15,7240,-76.684105,39.339918
12549,15,5579,-76.683518,39.340839
12549,15,7151,-76.684797,39.338934
12549,15,7152,-76.684798,39.337918
12549,15,7153,-76.684812,39.336899
12549,15,6232,-76.684494,39.335331
12549,15,7156,-76.68322,39.33346
12549,15,9008,-76.682707,39.331655
12549,15,7159,-76.682494,39.329756
12549,15,6233,-76.682553,39.327741
12549,15,7162,-76.682249,39.325173
12549,15,5580,-76.683478,39.340399
12549,15,6510,-76.683415,39.340514
12549,15,6511,-76.684948,39.340807
12549,15,1214,-76.68328,39.342719
12549,15,1215,-76.681875,39.341871
12549,15,1390,-76.682099,39.342109
12549,15,1393,-76.683209,39.342784
12549,15,5168,-76.682671,39.327388
12549,15,5169,-76.680764,39.326747
12549,15,5170,-76.67898,39.326317
12549,15,5251,-76.677968,39.326169
12549,15,5252,-76.680903,39.326926
12549,15,5253,-76.682222,39.327389
12192,15,13690,-76.699252,39.338755
12192,15,6062,-76.700302,39.33796
12192,15,12106,-76.700505,39.337585
12192,15,12107,-76.698427,39.339298
12194,15,6063,-76.702448,39.336438
12194,15,6101,-76.702588,39.336175
12195,15,6065,-76.705012,39.334891
12195,15,6099,-76.705375,39.33425
12195,15,9255,-76.704975,39.334265
12195,15,7282,-76.70502,39.334412
12196,15,6068,-76.706896,39.33166
12196,15,6096,-76.706783,39.331556
12197,15,6070,-76.707759,39.328664
12197,15,12105,-76.707767,39.329178
12198,15,6073,-76.711026,39.327455
12198,15,5269,-76.712031,39.326207
12198,15,5154,-76.712167,39.325429
12198,15,6094,-76.711002,39.327308
12200,15,5272,-76.716293,39.325991
12200,15,5152,-76.715313,39.324926
12200,15,5151,-76.717496,39.326108
12201,15,10835,-76.756648,39.313675
12201,15,10834,-76.757236,39.313481
12202,15,6995,-76.76356,39.314802
12203,15,5275,-76.722283,39.323619
12203,15,5150,-76.720468,39.324357
12204,15,12117,-76.724695,39.323624
12204,15,12114,-76.724825,39.323474
12205,15,12104,-76.72828,39.322988
12205,15,5142,-76.727909,39.323039
12206,15,5279,-76.730322,39.322
12206,15,5280,-76.732449,39.321758
12206,15,5281,-76.734018,39.321624
12206,15,7382,-76.734309,39.321322
12206,15,5141,-76.730404,39.32181
12210,15,5282,-76.736669,39.319593
12210,15,5284,-76.737278,39.316781
12210,15,5136,-76.737307,39.317293
12210,15,5137,-76.736973,39.319051
12212,15,5286,-76.735339,39.313536
12212,15,5287,-76.73516,39.311345
12212,15,3285,-76.736195,39.312412
12212,15,5132,-76.735217,39.313824
12213,15,2947,-76.734199,39.307078
12213,15,7072,-76.734496,39.308081
12213,15,3287,-76.734463,39.308456
12214,15,2571,-76.73926,39.308832
12217,15,2572,-76.731848,39.310293
12219,15,3289,-76.739821,39.312125
12219,15,2945,-76.739028,39.311855
12220,15,3293,-76.749539,39.31312
12220,15,3294,-76.754886,39.312076
12220,15,2941,-76.754229,39.310901
12220,15,2943,-76.753884,39.312853
12220,15,7000,-76.751064,39.312773
12220,15,7074,-76.753077,39.313109
12220,15,3664,-76.753955,39.310159
12222,15,2938,-76.750685,39.307906
12259,15,7849,-76.650383,39.373663
12259,15,7853,-76.650207,39.373932
12260,15,11686,-76.64983,39.371873
12260,15,11667,-76.64952,39.371447
12261,15,11625,-76.648498,39.368185
12261,15,5048,-76.6488,39.367213
12261,15,11666,-76.64836,39.36847
12261,15,4855,-76.648748,39.367046
12264,15,11627,-76.660021,39.372253
12264,15,11664,-76.659686,39.371657
12265,15,11629,-76.662721,39.376399
12265,15,11663,-76.662649,39.376263
12266,15,12491,-76.666201,39.376239
12266,15,12493,-76.666603,39.37606
12267,15,12492,-76.672936,39.375864
12267,15,11662,-76.671403,39.375813
12268,15,11632,-76.677504,39.375323
12268,15,9199,-76.678317,39.375129
12268,15,11661,-76.675525,39.375391
12269,15,7865,-76.682953,39.375068
12269,15,11660,-76.68482,39.37542
12269,15,7916,-76.682577,39.374872
12270,15,12457,-76.691443,39.376012
12270,15,12158,-76.693296,39.375377
12270,15,12456,-76.692013,39.375772
12272,15,7867,-76.692691,39.373266
12272,15,11656,-76.692337,39.372909
12273,15,7870,-76.693903,39.369516
12273,15,7913,-76.693508,39.369593
12274,15,13586,-76.690032,39.369837
12274,15,11655,-76.690206,39.36989
12275,15,7872,-76.685414,39.371122
12275,15,7911,-76.685584,39.371682
12275,15,11654,-76.68725,39.37033
12276,15,7873,-76.68237,39.371726
12276,15,11653,-76.683136,39.37219
12280,15,7874,-76.681098,39.369229
12280,15,12743,-76.679918,39.368036
12280,15,12761,-76.67894,39.367434
12280,15,13619,-76.674981,39.365829
12280,15,11651,-76.676919,39.366803
12280,15,12742,-76.679863,39.368263
12280,15,7909,-76.681292,39.369664
12281,15,7877,-76.673547,39.364097
12281,15,7908,-76.673033,39.364401
12282,15,6005,-76.675296,39.362765
12282,15,7907,-76.675166,39.362626
12295,15,7368,-76.691521,39.339791
12295,15,7370,-76.693152,39.338395
12295,15,7371,-76.693142,39.337391
12295,15,7386,-76.693034,39.336908
12295,15,7388,-76.692999,39.338866
12295,15,7389,-76.691955,39.339665
12297,15,7372,-76.694022,39.334991
12297,15,7385,-76.693999,39.334458
12298,15,5163,-76.695382,39.331217
12298,15,5164,-76.694045,39.330758
12298,15,7281,-76.693894,39.33091
12298,15,5260,-76.695286,39.331362
12300,15,5165,-76.691637,39.330026
12300,15,5258,-76.691149,39.330077
12301,15,5166,-76.687624,39.328813
12301,15,5167,-76.685486,39.328176
12301,15,5254,-76.68506,39.328243
12301,15,5255,-76.687212,39.328871
12304,15,2590,-76.690214,39.323464
12304,15,2547,-76.691422,39.323208
12304,15,2589,-76.691789,39.322953
12304,15,2544,-76.689249,39.321891
12304,15,2545,-76.689386,39.322521
12304,15,2546,-76.689898,39.32342
12304,15,2591,-76.689819,39.323013
12304,15,2592,-76.689335,39.322149
12306,15,2549,-76.696103,39.321746
12306,15,2587,-76.696253,39.32151
12307,15,2550,-76.698988,39.320746
12307,15,14057,-76.698909,39.320602
12309,15,12030,-76.702278,39.319418
12309,15,12031,-76.704954,39.317932
12309,15,11996,-76.703689,39.318584
12309,15,11998,-76.702446,39.319189
12310,15,12032,-76.70654,39.312646
12310,15,11997,-76.706445,39.31247
12310,15,2583,-76.706369,39.311905
12310,15,2555,-76.70507,39.31186
12310,15,3262,-76.706277,39.311999
12311,15,14041,-76.707785,39.310128
12311,15,12034,-76.70623,39.309839
12311,15,2562,-76.708096,39.310677
12312,15,3267,-76.709348,39.307337
12312,15,12597,-76.709164,39.307478
12313,15,3269,-76.710929,39.305188
12314,15,3272,-76.718884,39.301453
12314,15,3273,-76.720528,39.300531
12314,15,2967,-76.721075,39.299969
12316,15,3274,-76.723405,39.298478
12316,15,3275,-76.725027,39.297279
12316,15,3277,-76.726708,39.29614
12316,15,2964,-76.726591,39.296013
12316,15,2966,-76.724278,39.297616
12316,15,3967,-76.722327,39.29729
12316,15,3968,-76.723342,39.298156
12316,15,3677,-76.722778,39.29743
12319,15,3279,-76.730007,39.293841
12319,15,2962,-76.729819,39.293784
12320,15,2961,-76.732573,39.289953
12320,15,3971,-76.732267,39.290081
12325,15,2968,-76.715693,39.302693
12378,15,6965,-76.743025,39.372756
12379,15,6966,-76.746382,39.369419
12379,15,10584,-76.747113,39.369253
12380,15,6967,-76.754177,39.367236
12380,15,7105,-76.753889,39.367161
12381,15,13742,-76.757493,39.366627
12381,15,7104,-76.757857,39.366417
12382,15,6969,-76.761736,39.367144
12382,15,7102,-76.762089,39.367093
12383,15,6971,-76.767139,39.367379
12383,15,7100,-76.767467,39.367214
12384,15,6973,-76.775959,39.365169
12384,15,7098,-76.775532,39.365226
12385,15,6974,-76.777985,39.36234
12385,15,7097,-76.777815,39.362247
12385,15,5327,-76.779128,39.36158
12385,15,11200,-76.780289,39.362074
12385,15,14153,-76.781739,39.362609
12385,15,11220,-76.782101,39.36254
12385,15,5093,-76.779272,39.361473
12386,15,11221,-76.775665,39.360112
12386,15,5326,-76.774971,39.360102
12387,15,5097,-76.769801,39.357919
12387,15,5323,-76.769879,39.358144
12389,15,6977,-76.765937,39.356369
12389,15,5101,-76.763563,39.355532
12389,15,1433,-76.764105,39.355866
12389,15,7095,-76.765949,39.356595
12390,15,6978,-76.759067,39.353926
12390,15,7093,-76.758856,39.35335
12390,15,7094,-76.758973,39.354128
12390,15,12600,-76.757642,39.355073
12390,15,11222,-76.758055,39.354101
12390,15,7400,-76.758209,39.353648
12391,15,6980,-76.762498,39.350183
12391,15,7092,-76.762378,39.350098
12392,15,6981,-76.764881,39.348007
12392,15,11350,-76.764696,39.34785
12393,15,13538,-76.764209,39.34407
12394,15,12364,-76.762123,39.34115
12394,15,7091,-76.762144,39.341267
12395,15,12365,-76.755935,39.338484
12395,15,12361,-76.755542,39.33841
12396,15,6982,-76.7522,39.336639
12396,15,12360,-76.752097,39.336756
12397,15,6984,-76.752991,39.333356
12397,15,12359,-76.753309,39.333199
12401,15,6986,-76.759836,39.333319
12401,15,12681,-76.758963,39.33056
12401,15,6987,-76.758737,39.32893
12401,15,12373,-76.759205,39.326543
12401,15,6988,-76.759323,39.324881
12401,15,7087,-76.7591,39.325627
12401,15,7088,-76.758777,39.328151
12401,15,12358,-76.75871,39.330495
12401,15,13739,-76.759177,39.331682
12401,15,13740,-76.759628,39.333363
12403,15,6989,-76.758588,39.321002
12403,15,7084,-76.758438,39.321018
12404,15,7004,-76.736512,39.302912
12404,15,7070,-76.736499,39.302626
12405,15,7006,-76.738896,39.299912
12405,15,7068,-76.738275,39.300306
12406,15,7008,-76.740631,39.296007
12406,15,3976,-76.738889,39.294869
12406,15,3977,-76.740279,39.295834
12406,15,9133,-76.741448,39.297559
12407,15,7011,-76.737019,39.292957
12407,15,3973,-76.736334,39.292131
12408,15,7016,-76.731395,39.286646
12408,15,7064,-76.731075,39.28677
12409,15,7017,-76.730592,39.284184
12409,15,7062,-76.73039,39.283995
12410,15,7018,-76.731776,39.281436
12411,15,7061,-76.733374,39.277585
12411,15,7060,-76.73299,39.277065
12411,15,4382,-76.732786,39.277446
12412,15,12366,-76.731822,39.273007
12412,15,12363,-76.731615,39.272839
12412,15,379,-76.731256,39.272161
12412,15,10623,-76.731213,39.272035
12413,15,7023,-76.729837,39.263627
12413,15,7056,-76.729653,39.263613
12414,15,12682,-76.73202,39.260729
12414,15,10354,-76.732016,39.260497
12415,15,7025,-76.736865,39.250807
12416,15,7026,-76.736747,39.253784
12417,15,7027,-76.734418,39.254787
12418,15,12502,-76.725707,39.251885
12418,15,7055,-76.725639,39.252095
12419,15,7029,-76.715404,39.259657
12419,15,7053,-76.715255,39.259838
12420,15,10963,-76.708062,39.25847
12421,15,10964,-76.708928,39.252489
12422,15,7052,-76.714604,39.252938
12465,15,12500,-76.671836,39.309976
12465,15,3259,-76.675388,39.311042
12465,15,12630,-76.677494,39.310971
12465,15,2986,-76.677225,39.310813
12465,15,2987,-76.675284,39.310865
12465,15,2988,-76.674287,39.309998
12465,15,14144,-76.673697,39.308745
12465,15,2994,-76.671501,39.308836
12465,15,7214,-76.675232,39.311898
12465,15,7177,-76.67523,39.311375
12465,15,2527,-76.676015,39.30991
12465,15,14145,-76.675319,39.308753
12471,15,2532,-76.680287,39.31088
12471,15,3260,-76.681577,39.310848
12471,15,12028,-76.683484,39.311742
12471,15,2536,-76.686395,39.314013
12471,15,10729,-76.688631,39.314862
12471,15,2599,-76.689353,39.31484
12471,15,12027,-76.686634,39.314228
12471,15,2602,-76.685176,39.312501
12471,15,10724,-76.683908,39.311762
12471,15,2985,-76.681858,39.310673
12472,15,2540,-76.691586,39.317051
12472,15,2541,-76.690369,39.31809
12472,15,2542,-76.6907,39.319438
12472,15,11999,-76.691025,39.319501
12472,15,12001,-76.690187,39.318368
12472,15,2596,-76.691329,39.317616
12472,15,2597,-76.691872,39.316102
12482,15,2556,-76.701601,39.31156
12482,15,2558,-76.701468,39.30973
12482,15,2975,-76.69929,39.310624
12482,15,12033,-76.702875,39.309639
12482,15,2976,-76.70134,39.309724
12482,15,2557,-76.701142,39.311501
12485,15,2565,-76.714081,39.312439
12485,15,2576,-76.714153,39.312291
12488,15,3283,-76.725368,39.311511
12488,15,8385,-76.727522,39.311708
12488,15,3284,-76.730416,39.312077
12488,15,2950,-76.729964,39.31172
12488,15,8386,-76.72769,39.311449
12492,15,2578,-76.710537,39.312016
13819,15,3224,-76.633766,39.292527
13819,15,3225,-76.63546,39.293127
13819,15,3226,-76.63545,39.294065
13819,15,3227,-76.636175,39.295585
13819,15,10467,-76.638138,39.295521
13819,15,3229,-76.640924,39.295432
13819,15,3019,-76.641078,39.295307
13819,15,3020,-76.638642,39.295383
13819,15,3021,-76.635977,39.295471
13819,15,3022,-76.635675,39.294384
13819,15,3023,-76.635605,39.293066
13819,15,11355,-76.634273,39.29239
13819,15,136,-76.638245,39.293181
13819,15,137,-76.63834,39.294051
13819,15,138,-76.638429,39.295252
13819,15,11180,-76.640021,39.295693
13819,15,51,-76.63995,39.294392
13819,15,52,-76.64,39.292266
13819,15,13795,-76.633967,39.292411
13819,15,10867,-76.635322,39.294375
13819,15,10868,-76.637998,39.294265
13819,15,10869,-76.639558,39.294196
13819,15,4442,-76.640032,39.293104
13819,15,4443,-76.639072,39.293133
13819,15,12623,-76.635088,39.293263
12530,15,3231,-76.645166,39.295315
12530,15,3233,-76.646928,39.295238
12530,15,3014,-76.647713,39.295081
12530,15,3016,-76.645984,39.295145
12530,15,10675,-76.645233,39.293971
12530,15,14163,-76.647063,39.293892
12530,15,10674,-76.647343,39.292853
12530,15,13824,-76.647354,39.295201
12530,15,13809,-76.645489,39.295285
12533,15,3238,-76.656006,39.294827
12533,15,3240,-76.659764,39.294693
12533,15,3007,-76.660995,39.294473
12533,15,3008,-76.65826,39.294573
12533,15,3009,-76.656706,39.294627
12533,15,4430,-76.661779,39.293057
12533,15,4433,-76.655647,39.293317
12533,15,4681,-76.655867,39.293534
12533,15,4685,-76.662343,39.293281
12536,15,7217,-76.676289,39.314025
12536,15,7218,-76.676721,39.315067
12536,15,7175,-76.676702,39.314329
12538,15,7220,-76.676752,39.317155
12538,15,7221,-76.676685,39.318163
12538,15,7170,-76.676924,39.318357
12538,15,7171,-76.676982,39.317302
12540,15,7224,-76.676998,39.320172
12540,15,7167,-76.677369,39.320354
12541,15,7226,-76.679936,39.322304
12541,15,7227,-76.680853,39.323231
12541,15,7164,-76.680969,39.32316
12541,15,7165,-76.680262,39.322473
12600,15,4098,-76.552712,39.288779
12600,15,4099,-76.552764,39.287361
12600,15,2030,-76.554704,39.287224
12600,15,2033,-76.55707,39.287118
12600,15,4368,-76.556792,39.286952
12600,15,1913,-76.555234,39.287022
12600,15,1914,-76.553258,39.287081
12606,15,4118,-76.569315,39.292632
12606,15,4350,-76.569517,39.292316
12609,15,4119,-76.569483,39.294749
12609,15,4120,-76.569549,39.296141
12609,15,4123,-76.569771,39.299041
12609,15,10736,-76.571368,39.300046
12609,15,4344,-76.572904,39.300047
12609,15,11138,-76.571125,39.299232
12609,15,4347,-76.569907,39.298399
12609,15,4348,-76.569814,39.29735
12609,15,4349,-76.569671,39.294994
12609,15,10984,-76.56929,39.299549
12609,15,10985,-76.573802,39.300304
12609,15,5744,-76.569174,39.299315
12609,15,11139,-76.567776,39.299347
12609,15,4483,-76.569779,39.29484
12609,15,4639,-76.569927,39.294944
14451,15,4125,-76.572706,39.304986
14451,15,879,-76.572745,39.306519
14451,15,976,-76.573029,39.306328
14451,15,4343,-76.572972,39.304553
14451,15,12330,-76.574822,39.306201
14451,15,952,-76.577006,39.306113
14451,15,953,-76.578279,39.30607
14451,15,955,-76.581099,39.305964
14451,15,977,-76.584021,39.305841
14451,15,839,-76.585448,39.305544
14451,15,873,-76.582889,39.305761
14451,15,874,-76.580079,39.30586
14451,15,875,-76.578672,39.305919
14451,15,876,-76.577247,39.305969
14451,15,877,-76.575455,39.306045
12613,15,880,-76.572774,39.308665
12613,15,948,-76.573064,39.308483
12614,15,10738,-76.572868,39.312147
12619,15,10919,-76.578727,39.324888
12619,15,10920,-76.580523,39.326054
12619,15,4139,-76.580934,39.326179
12619,15,4138,-76.579086,39.325001
12620,15,3618,-76.584503,39.327254
12620,15,4332,-76.584028,39.327402
12621,15,3620,-76.586385,39.324922
12621,15,3420,-76.586024,39.324931
12622,15,3621,-76.58825,39.32315
12622,15,3418,-76.588583,39.322643
12623,15,3623,-76.590574,39.321477
12623,15,4330,-76.590298,39.32129
12624,15,4142,-76.592834,39.323318
12624,15,4143,-76.593292,39.324507
12624,15,4328,-76.593609,39.324357
12624,15,4329,-76.593045,39.323021
12624,15,5835,-76.595209,39.32506
12624,15,5836,-76.596234,39.324063
12624,15,5837,-76.597616,39.322698
12624,15,5838,-76.598292,39.322033
12624,15,5878,-76.598583,39.321569
12624,15,5879,-76.597466,39.322662
12624,15,5881,-76.595471,39.324626
12627,15,4144,-76.594268,39.32696
12627,15,4148,-76.59761,39.32854
12627,15,474,-76.599839,39.328539
12627,15,11378,-76.601556,39.328542
12627,15,475,-76.603208,39.328545
12627,15,551,-76.603037,39.32828
12627,15,553,-76.601195,39.328291
12627,15,554,-76.599852,39.328287
12627,15,555,-76.597182,39.328274
12627,15,4327,-76.594703,39.327077
12627,15,470,-76.595407,39.328705
12627,15,558,-76.595071,39.328881
14001,15,476,-76.606717,39.32854
14001,15,478,-76.610163,39.328505
14001,15,4153,-76.613715,39.330042
14001,15,4154,-76.615441,39.331141
14001,15,10744,-76.616689,39.331927
14001,15,10745,-76.617634,39.332527
14001,15,6678,-76.618498,39.332761
14001,15,3656,-76.616524,39.331533
14001,15,4321,-76.613787,39.329915
14001,15,4322,-76.611439,39.328523
14001,15,548,-76.608551,39.32829
14001,15,550,-76.606656,39.328289
14001,15,2152,-76.61807,39.333262
14001,15,2155,-76.617878,39.328255
14001,15,12295,-76.617578,39.328287
14001,15,2339,-76.617726,39.332273
14001,15,2340,-76.617919,39.333359
14001,15,1573,-76.60948,39.328613
14001,15,1574,-76.60953,39.327349
14001,15,1629,-76.609335,39.326962
14001,15,1631,-76.609382,39.327702
14001,15,479,-76.611715,39.328447
14001,15,480,-76.613807,39.328234
14001,15,545,-76.616162,39.327942
14001,15,546,-76.615003,39.327954
14001,15,547,-76.612263,39.328066
12637,15,10746,-76.620128,39.334167
12637,15,4317,-76.62106,39.334451
12638,15,4159,-76.622808,39.335951
12638,15,4316,-76.623075,39.335765
12645,15,326,-76.653649,39.330439
12645,15,10752,-76.654049,39.330141
12645,15,21,-76.654241,39.330559
12645,15,12669,-76.654137,39.330599
13344,15,22,-76.655886,39.328889
13344,15,4301,-76.65562,39.328309
13344,15,1064,-76.658166,39.32863
13344,15,1066,-76.659529,39.33051
13344,15,748,-76.657441,39.330972
13344,15,750,-76.658272,39.328364
13344,15,9279,-76.666807,39.339536
13344,15,5666,-76.668055,39.338901
13344,15,10685,-76.667938,39.338848
13344,15,9281,-76.666511,39.339499
13344,15,1221,-76.667832,39.339085
13344,15,1223,-76.666702,39.337287
13344,15,1225,-76.665068,39.3351
13344,15,1226,-76.664137,39.333903
13344,15,1227,-76.663243,39.332699
13344,15,1228,-76.662267,39.331463
13344,15,1230,-76.660367,39.328906
13344,15,1231,-76.65941,39.327691
13344,15,1374,-76.660132,39.328854
13344,15,1375,-76.660998,39.329993
13344,15,1377,-76.66298,39.332602
13344,15,1378,-76.663893,39.333781
13344,15,1381,-76.666389,39.337022
13344,15,1382,-76.667711,39.338771
13344,15,1383,-76.66944,39.339838
13344,15,737,-76.667833,39.341325
13344,15,739,-76.666704,39.339898
13344,15,742,-76.664439,39.336848
13344,15,744,-76.662943,39.334792
13344,15,7331,-76.662031,39.333578
13344,15,746,-76.66108,39.332218
13344,15,747,-76.660104,39.330855
13344,15,1067,-76.660524,39.331892
13344,15,8578,-76.661682,39.333477
13344,15,1069,-76.662336,39.334345
13344,15,1071,-76.664025,39.336643
13344,15,1074,-76.666101,39.339442
13344,15,1075,-76.667191,39.340916
13344,15,1076,-76.668021,39.341843
12650,15,4177,-76.663396,39.321623
12650,15,4295,-76.663278,39.321829
12656,15,4297,-76.661589,39.323274
12668,15,4314,-76.625163,39.337058
12713,15,10764,-76.548267,39.287964
12713,15,4623,-76.540203,39.28776
12713,15,6320,-76.543255,39.287656
12713,15,2022,-76.546466,39.287564
12713,15,1919,-76.546753,39.287241
12713,15,4492,-76.542947,39.28748
12713,15,4493,-76.541318,39.287507
12713,15,2019,-76.541294,39.286228
12713,15,2020,-76.543188,39.28738
12713,15,1918,-76.549886,39.287188
12713,15,1920,-76.545286,39.287325
12713,15,1922,-76.542419,39.286561
12713,15,12223,-76.540469,39.285323
12713,15,2026,-76.549474,39.287471
12714,15,10542,-76.549552,39.289653
12714,15,12175,-76.551228,39.290547
12714,15,10536,-76.549787,39.289565
12716,15,14128,-76.72105,39.359299
12716,15,1188,-76.720901,39.35942
12716,15,14129,-76.721078,39.359442
12718,15,11185,-76.728254,39.362136
12718,15,11234,-76.726277,39.362006
12719,15,11188,-76.734219,39.362066
12719,15,11231,-76.734175,39.361969
12720,15,11191,-76.738764,39.360958
12720,15,11229,-76.740012,39.36047
12720,15,12640,-76.739019,39.360692
12721,15,12118,-76.745817,39.359916
12721,15,11227,-76.745568,39.359754
12722,15,11194,-76.749578,39.358934
12722,15,11226,-76.749765,39.358685
12723,15,11196,-76.755323,39.358073
12723,15,11223,-76.756393,39.357659
12729,15,11201,-76.784135,39.363472
12729,15,12645,-76.787229,39.364611
12729,15,11218,-76.78689,39.364316
12729,15,11219,-76.784821,39.363537
12731,15,11205,-76.790978,39.365987
12731,15,11207,-76.793443,39.366828
12731,15,11214,-76.793661,39.36669
12731,15,11216,-76.791519,39.365944
12735,15,11208,-76.796509,39.367938
12735,15,11209,-76.798667,39.368909
12735,15,11210,-76.800302,39.369723
12735,15,11211,-76.803962,39.371353
12735,15,13953,-76.805278,39.371934
12735,15,5080,-76.80558,39.372591
12735,15,13961,-76.805432,39.371838
12735,15,11169,-76.802082,39.370317
12735,15,11212,-76.799998,39.369346
12735,15,11213,-76.797463,39.368107
12737,15,13954,-76.810162,39.374212
12737,15,13960,-76.810549,39.374113
12738,15,13955,-76.815409,39.376849
12738,15,13959,-76.815634,39.376777
12739,15,13956,-76.823034,39.381255
12739,15,13958,-76.823374,39.381282
12740,15,13957,-76.826571,39.383656
12764,15,10803,-76.705102,39.347807
12764,15,10809,-76.704938,39.347707
12768,15,4821,-76.707332,39.346737
12768,15,10881,-76.707034,39.344248
12768,15,11391,-76.705441,39.343669
12768,15,5076,-76.706235,39.343894
12768,15,13621,-76.70727,39.345161
12766,15,13338,-76.711238,39.347124
12767,15,13674,-76.708796,39.349182
12769,15,10882,-76.701088,39.344533
12769,15,11390,-76.700226,39.345027
12770,15,4823,-76.696479,39.345237
12783,15,6373,-76.673467,39.334084
12783,15,6374,-76.672717,39.332885
12783,15,6376,-76.67144,39.331455
12783,15,6234,-76.6697,39.329483
12783,15,6379,-76.669488,39.328322
12783,15,6501,-76.669487,39.327866
12783,15,6502,-76.669349,39.329266
12783,15,6504,-76.67057,39.33067
12783,15,6505,-76.672131,39.332477
12783,15,6506,-76.673339,39.333826
14706,15,6380,-76.670554,39.32616
14706,15,6235,-76.671392,39.324178
14706,15,334,-76.671918,39.323423
14706,15,12248,-76.672786,39.321668
14706,15,335,-76.673137,39.320496
14706,15,336,-76.673053,39.319259
14706,15,246,-76.67286,39.31902
14706,15,247,-76.672887,39.320395
14706,15,248,-76.672818,39.321228
14706,15,250,-76.671884,39.323101
14706,15,251,-76.671476,39.323994
14706,15,6500,-76.670638,39.325564
14706,15,5172,-76.675105,39.325073
14706,15,7272,-76.671174,39.32392
14706,15,5248,-76.671299,39.324142
14706,15,5249,-76.673286,39.324733
12792,15,338,-76.67286,39.316432
12792,15,6382,-76.671428,39.314199
12792,15,6497,-76.671867,39.314471
12792,15,244,-76.672685,39.315696
12793,15,6384,-76.668106,39.314324
12793,15,6495,-76.667691,39.314629
12794,15,6389,-76.664555,39.314478
12794,15,6493,-76.664227,39.314741
12799,15,7308,-76.651164,39.320498
12836,15,4541,-76.456688,39.296258
12837,15,6514,-76.454306,39.29401
12838,15,4571,-76.450935,39.29394
12838,15,4538,-76.451127,39.293756
12840,15,4573,-76.448926,39.297481
12840,15,4574,-76.44684,39.299482
12840,15,4575,-76.445954,39.300714
12840,15,4576,-76.444643,39.301607
12840,15,4534,-76.444843,39.301672
12840,15,4535,-76.446183,39.300744
12840,15,4536,-76.447073,39.299428
12840,15,7613,-76.448404,39.298173
12845,15,4577,-76.442086,39.305715
12845,15,4578,-76.443272,39.30695
12845,15,4579,-76.445423,39.309431
12845,15,4529,-76.446306,39.310167
12845,15,4530,-76.445138,39.308757
12845,15,4531,-76.444289,39.307828
12845,15,4533,-76.442433,39.305788
12846,15,4581,-76.447846,39.31206
12846,15,4528,-76.448201,39.312199
12848,15,7581,-76.449392,39.314055
12848,15,6515,-76.450807,39.315686
12848,15,6646,-76.450976,39.315632
12848,15,4527,-76.449983,39.314486
12848,15,12233,-76.452152,39.314885
12850,15,6517,-76.453695,39.318461
12850,15,10521,-76.455281,39.320882
12850,15,6643,-76.455312,39.320704
12850,15,12512,-76.454427,39.319126
12851,15,6518,-76.459456,39.324882
12851,15,6642,-76.459518,39.324702
12852,15,6519,-76.464108,39.327104
12852,15,6641,-76.46502,39.327089
12853,15,6521,-76.472449,39.330631
12853,15,6640,-76.47286,39.330723
12854,15,6523,-76.477001,39.334243
12854,15,4780,-76.478424,39.335375
12854,15,6637,-76.479094,39.335718
12854,15,6639,-76.476426,39.333574
12854,15,12511,-76.475588,39.334429
12856,15,4783,-76.483741,39.338692
12856,15,6635,-76.48284,39.338141
12857,15,4785,-76.483753,39.341179
12858,15,13650,-76.475445,39.347356
12858,15,13651,-76.475537,39.347286
13130,15,4789,-76.478028,39.34918
13130,15,10368,-76.477576,39.351002
13130,15,5777,-76.477795,39.350694
13130,15,12086,-76.477902,39.348905
12860,15,4790,-76.480805,39.35035
12860,15,8659,-76.480547,39.350142
12861,15,10369,-76.484049,39.350508
12861,15,10358,-76.483588,39.350389
12862,15,6531,-76.485789,39.349301
12863,15,4792,-76.487634,39.344351
12863,15,12185,-76.487271,39.34435
12866,15,6633,-76.486692,39.340302
12866,15,5689,-76.487766,39.338941
12866,15,6533,-76.490705,39.33692
12866,15,12548,-76.489729,39.337335
12866,15,6632,-76.488054,39.338444
13131,15,5690,-76.49453,39.334407
13131,15,5773,-76.494037,39.334484
13131,15,13700,-76.497479,39.332477
13131,15,5772,-76.496047,39.333208
12868,15,5692,-76.499575,39.33583
12868,15,5770,-76.499319,39.335523
12869,15,12340,-76.505157,39.339075
12869,15,6627,-76.505233,39.338586
12870,15,6536,-76.505053,39.341219
12870,15,6626,-76.505081,39.341828
12871,15,6538,-76.510224,39.350327
12871,15,6624,-76.509921,39.349554
12872,15,6539,-76.512344,39.353754
12872,15,6623,-76.513242,39.354457
12873,15,6540,-76.515749,39.355845
12873,15,6622,-76.515684,39.355711
12874,15,6546,-76.51742,39.357582
12874,15,6545,-76.518152,39.359182
12874,15,6547,-76.519906,39.360085
12874,15,6616,-76.520434,39.360253
12874,15,6617,-76.518347,39.359191
12874,15,6619,-76.517497,39.357336
12877,15,6548,-76.522632,39.361508
12877,15,8966,-76.522701,39.361698
12878,15,3142,-76.525139,39.359734
12878,15,3111,-76.524821,39.359829
12879,15,6553,-76.528446,39.356862
12879,15,5789,-76.529788,39.356615
12879,15,3109,-76.528228,39.356769
12879,15,3146,-76.530153,39.355356
12879,15,3147,-76.531628,39.35408
12879,15,7129,-76.531738,39.353703
12879,15,3107,-76.529995,39.355229
12881,15,5790,-76.532317,39.357274
12881,15,6611,-76.533117,39.356358
12882,15,5792,-76.537287,39.358302
12882,15,6609,-76.537873,39.358076
12884,15,3579,-76.541052,39.359527
12884,15,3581,-76.543919,39.360569
12884,15,3460,-76.544322,39.360456
12884,15,3461,-76.54278,39.359901
12884,15,3462,-76.541153,39.359298
12885,15,5794,-76.546465,39.361511
12885,15,6608,-76.546765,39.361346
12886,15,5796,-76.552251,39.363569
12886,15,3574,-76.553428,39.363752
12886,15,6294,-76.551831,39.363196
12886,15,3554,-76.551888,39.363549
12886,15,12313,-76.551918,39.363153
12887,15,3473,-76.560345,39.36611
12887,15,10802,-76.560056,39.36574
12888,15,10777,-76.562813,39.366998
12888,15,10380,-76.562771,39.366702
12890,15,5911,-76.566901,39.368462
12890,15,3476,-76.566914,39.371097
12890,15,3568,-76.56711,39.370974
12890,15,3569,-76.567189,39.369425
12890,15,3570,-76.566906,39.368228
12891,15,589,-76.568265,39.375289
12891,15,590,-76.567953,39.376829
12891,15,591,-76.568151,39.378434
12891,15,3564,-76.568739,39.378913
12891,15,3565,-76.568019,39.377326
12891,15,3566,-76.568383,39.375997
12894,15,3478,-76.570814,39.382264
12894,15,3480,-76.57225,39.383372
12894,15,3560,-76.57281,39.383343
12894,15,3562,-76.571027,39.382227
12897,15,3481,-76.575364,39.384654
12897,15,12382,-76.577393,39.38554
12897,15,3365,-76.578031,39.385609
12897,15,3559,-76.575343,39.38441
12897,15,3482,-76.5778,39.383992
12897,15,431,-76.576454,39.385848
12897,15,10774,-76.577052,39.384447
12897,15,12323,-76.576029,39.38583
12897,15,425,-76.579697,39.384613
12898,15,6558,-76.581237,39.388905
12898,15,8965,-76.581605,39.388792
12899,15,6559,-76.583664,39.392561
12899,15,412,-76.583985,39.392424
12899,15,8529,-76.582278,39.392973
12899,15,613,-76.581666,39.393246
12900,15,614,-76.584332,39.395814
12900,15,411,-76.584365,39.395086
12901,15,616,-76.589358,39.399865
12902,15,617,-76.593531,39.401318
12902,15,406,-76.593576,39.401172
12902,15,6598,-76.591632,39.400593
12903,15,6564,-76.596972,39.402176
12904,15,6566,-76.599698,39.402112
12905,15,10680,-76.60153,39.404116
12905,15,10654,-76.601856,39.40414
12906,15,12558,-76.598041,39.405033
12906,15,14136,-76.597788,39.4049
12906,15,14135,-76.598041,39.405033
12910,15,6561,-76.586493,39.399041
12951,15,14022,-76.468697,39.327943
12972,15,5632,-76.556397,39.32821
12972,15,5623,-76.556129,39.327937
12973,15,5633,-76.558859,39.329271
12973,15,5622,-76.558924,39.329019
12974,15,5634,-76.561729,39.331491
12974,15,10237,-76.561736,39.331262
12974,15,3170,-76.561883,39.330984
12974,15,3172,-76.563233,39.330031
12974,15,3084,-76.563788,39.329322
12974,15,8915,-76.562746,39.330137
12974,15,3086,-76.561637,39.330967
12976,15,12549,-76.563882,39.335296
12976,15,5635,-76.565001,39.337263
12976,15,5620,-76.564893,39.336784
12976,15,12550,-76.564056,39.335311
12977,15,3603,-76.569883,39.342468
12977,15,3436,-76.56916,39.342656
12977,15,3602,-76.568811,39.343212
12978,15,3606,-76.572362,39.340191
12978,15,3431,-76.572302,39.339906
12979,15,3607,-76.574773,39.337191
12979,15,3429,-76.574498,39.337262
12980,15,5640,-76.580099,39.340255
12980,15,12658,-76.581824,39.340481
12980,15,10347,-76.581717,39.340333
12980,15,10223,-76.579566,39.339946
12983,15,12700,-76.585006,39.340164
12983,15,9588,-76.587459,39.340029
12983,15,5615,-76.587243,39.339859
12983,15,12699,-76.584829,39.340108
12984,15,5642,-76.586197,39.344677
12984,15,10913,-76.586375,39.345361
12985,15,8340,-76.592737,39.346256
12985,15,5611,-76.592381,39.346012
12985,15,461,-76.592099,39.347488
12985,15,5811,-76.592431,39.345516
12985,15,8996,-76.591986,39.345844
12985,15,571,-76.59167,39.347989
14140,15,5649,-76.59793,39.345041
14140,15,5650,-76.59946,39.345201
14140,15,5608,-76.599215,39.345003
14140,15,5609,-76.598374,39.344939
14140,15,5822,-76.599479,39.347084
14140,15,5823,-76.599857,39.344779
14140,15,5824,-76.600159,39.343223
14140,15,5893,-76.599775,39.343517
14140,15,5894,-76.59951,39.345584
14140,15,5896,-76.599324,39.346999
12988,15,5651,-76.602098,39.345441
12988,15,5607,-76.60357,39.34544
14072,15,5653,-76.607497,39.346157
14072,15,5654,-76.609107,39.346242
14072,15,5605,-76.609303,39.346103
14072,15,5606,-76.607151,39.34601
14072,15,1561,-76.609782,39.348362
14072,15,1563,-76.609718,39.346514
14072,15,1645,-76.609473,39.346085
14072,15,1646,-76.60953,39.347658
12991,15,5655,-76.616626,39.345424
12991,15,5604,-76.617283,39.345249
12992,15,10352,-76.621359,39.345496
12992,15,8946,-76.622342,39.345254
12992,15,2140,-76.622164,39.345493
12992,15,2349,-76.622056,39.345571
12993,15,5657,-76.62829,39.344926
12993,15,12656,-76.629014,39.344739
12994,15,8945,-76.636083,39.343871
12994,15,5597,-76.636463,39.343425
12994,15,4866,-76.634683,39.344088
12996,15,5030,-76.64002,39.343376
12996,15,5660,-76.641985,39.344624
12996,15,10342,-76.641712,39.344013
12996,15,5596,-76.639121,39.342831
12996,15,315,-76.64056,39.343891
12996,15,317,-76.639699,39.341327
12996,15,5037,-76.639668,39.341742
12996,15,5038,-76.640004,39.342793
12996,15,5040,-76.640956,39.345809
12998,15,12659,-76.651877,39.344106
12998,15,5593,-76.65101,39.344376
12999,15,9280,-76.658809,39.340869
12999,15,9282,-76.658908,39.34074
12999,15,16,-76.658224,39.34044
12999,15,177,-76.658031,39.340705
13000,15,5663,-76.661832,39.340725
13000,15,5591,-76.661819,39.340631
13001,15,5664,-76.664271,39.340876
13001,15,5590,-76.664241,39.340779
13004,15,5667,-76.670837,39.337843
13004,15,5587,-76.670767,39.337718
13045,15,897,-76.55054,39.317971
13046,15,899,-76.547866,39.31594
13047,15,5628,-76.544704,39.316316
13048,15,7108,-76.739608,39.373645
13050,15,12637,-76.734074,39.37717
13050,15,7110,-76.730102,39.377333
13050,15,7111,-76.728173,39.377791
13050,15,11278,-76.726364,39.377908
13050,15,1172,-76.725033,39.376728
13050,15,1173,-76.723811,39.375347
13050,15,1174,-76.723167,39.374632
13050,15,1440,-76.722506,39.374126
13050,15,11281,-76.723437,39.375167
13050,15,11282,-76.724255,39.376101
13050,15,6962,-76.73091,39.377291
13050,15,12749,-76.732669,39.377302
13050,15,1443,-76.726264,39.3781
13056,15,1176,-76.720528,39.371721
13056,15,1439,-76.720122,39.371495
13101,15,1178,-76.718321,39.369378
13101,15,1420,-76.716239,39.367527
13101,15,7475,-76.717302,39.368653
13101,15,1190,-76.717828,39.368475
13101,15,700,-76.716223,39.369576
13101,15,10925,-76.717272,39.369105
13101,15,14050,-76.718799,39.368055
13101,15,701,-76.716452,39.367495
13058,15,1192,-76.712746,39.363811
13058,15,1193,-76.711445,39.362899
13058,15,9177,-76.712595,39.363923
13058,15,6122,-76.709684,39.361873
13061,15,7469,-76.70368,39.35697
13061,15,1201,-76.701646,39.355604
13061,15,7470,-76.70509,39.358048
13061,15,1409,-76.702256,39.356244
13061,15,7473,-76.704582,39.357959
13063,15,1204,-76.697797,39.352916
13063,15,1206,-76.695543,39.351297
13063,15,1404,-76.69691,39.352472
13063,15,1401,-76.694336,39.350667
13065,15,1212,-76.686132,39.344718
13070,15,1216,-76.677071,39.341873
13070,15,1217,-76.675141,39.341336
13070,15,1218,-76.672789,39.340642
13070,15,1385,-76.672236,39.340595
13070,15,1387,-76.674581,39.341292
13070,15,12635,-76.676394,39.341787
13070,15,1389,-76.677407,39.342092
13098,15,1407,-76.699752,39.354465
13100,15,1418,-76.714469,39.36569
13109,15,7318,-76.738254,39.375581
13110,15,3125,-76.466268,39.372633
13112,15,3130,-76.471791,39.370749
13112,15,3131,-76.471422,39.368695
13112,15,3132,-76.470618,39.367792
13112,15,3123,-76.470978,39.36848
13112,15,7530,-76.471701,39.369299
13112,15,3122,-76.471487,39.370806
13114,15,3133,-76.468212,39.368517
13114,15,12577,-76.467468,39.369447
13114,15,3119,-76.467573,39.369581
13114,15,3120,-76.468371,39.368554
13116,15,3134,-76.464316,39.36987
13116,15,3118,-76.464256,39.370056
13117,15,3135,-76.462019,39.370864
13117,15,3136,-76.460491,39.37194
13117,15,3116,-76.460749,39.371939
13117,15,3117,-76.462008,39.37104
13119,15,5676,-76.458381,39.372962
13119,15,5786,-76.458502,39.373185
13120,15,5677,-76.454096,39.369635
13120,15,5785,-76.45481,39.370519
13121,15,5678,-76.450532,39.367466
13121,15,13618,-76.450199,39.367614
13122,15,5679,-76.456723,39.358519
13122,15,5783,-76.45795,39.357353
13122,15,12609,-76.455082,39.359539
13123,15,5680,-76.460925,39.355519
13123,15,5682,-76.462443,39.354468
13123,15,5781,-76.463178,39.35475
13123,15,5782,-76.459776,39.356006
13126,15,5683,-76.466991,39.356489
13126,15,10479,-76.46962,39.35712
13126,15,5684,-76.470917,39.356158
13126,15,5779,-76.471414,39.355409
13126,15,5780,-76.468418,39.356889
13126,15,12627,-76.466099,39.355937
13128,15,5685,-76.473507,39.353643
13128,15,5686,-76.474504,39.352993
13128,15,5778,-76.474664,39.352706
13128,15,12204,-76.473232,39.353627
13132,15,10971,-76.500359,39.330604
13132,15,11157,-76.500419,39.330363
13133,15,10972,-76.503459,39.328465
13133,15,5759,-76.502764,39.32877
13134,15,10974,-76.506514,39.326379
13134,15,5757,-76.506301,39.326312
13135,15,5706,-76.510438,39.323719
13135,15,11156,-76.510813,39.323267
13136,15,13620,-76.514479,39.320965
13136,15,11154,-76.514877,39.32053
13137,15,5717,-76.517764,39.318755
13137,15,11153,-76.517364,39.318836
13138,15,5718,-76.521715,39.315994
13138,15,5719,-76.523429,39.314856
13138,15,11151,-76.523795,39.314446
13138,15,5752,-76.52201,39.315677
13140,15,5720,-76.526631,39.31269
13140,15,5751,-76.525918,39.31306
13142,15,5723,-76.535261,39.306738
13142,15,5724,-76.537156,39.305688
13142,15,11148,-76.536572,39.305621
13143,15,5725,-76.540145,39.304362
13143,15,12619,-76.539755,39.3042
13144,15,5726,-76.542916,39.30353
13144,15,5746,-76.542779,39.303283
13145,15,5727,-76.547957,39.302064
13145,15,11146,-76.549235,39.301347
13145,15,5745,-76.54726,39.301977
13145,15,12653,-76.546533,39.302779
13146,15,10979,-76.555321,39.300099
13146,15,11145,-76.554799,39.299855
13147,15,10980,-76.561094,39.29988
13147,15,11142,-76.560846,39.299641
13148,15,10983,-76.563815,39.299774
13148,15,11141,-76.563554,39.299527
13151,15,5729,-76.576386,39.300203
13151,15,11133,-76.577046,39.298994
13156,15,973,-76.597931,39.299371
13156,15,827,-76.597958,39.298179
13156,15,4028,-76.597768,39.299502
13156,15,4029,-76.597705,39.298509
13156,15,4048,-76.597488,39.298083
13156,15,4050,-76.597552,39.299034
13160,15,5854,-76.611607,39.298499
13160,15,13819,-76.61144,39.298794
13160,15,5862,-76.610572,39.29866
13183,15,11143,-76.557703,39.299755
13190,15,5748,-76.532652,39.308137
13214,15,5784,-76.453418,39.361183
13226,15,4760,-76.379313,39.350067
13227,15,7561,-76.384069,39.348879
13227,15,7621,-76.384313,39.348664
13228,15,7563,-76.396008,39.342297
13229,15,4764,-76.399893,39.337975
13229,15,12149,-76.399384,39.337721
13230,15,7564,-76.405788,39.3374
13230,15,7618,-76.404679,39.337434
13231,15,7565,-76.412318,39.33517
13231,15,7617,-76.412055,39.334944
13233,15,4771,-76.432926,39.334167
13233,15,4809,-76.434399,39.333488
13234,15,7568,-76.441066,39.328804
13234,15,4549,-76.440864,39.328631
13235,15,4773,-76.444422,39.326545
13235,15,4548,-76.444012,39.326334
13236,15,4774,-76.448789,39.323836
13236,15,12509,-76.447763,39.324066
13238,15,4587,-76.456526,39.314177
13238,15,4524,-76.456889,39.313917
13239,15,4589,-76.46179,39.313323
13239,15,4522,-76.46164,39.313112
13240,15,4591,-76.465109,39.312858
13240,15,10539,-76.464936,39.312562
13241,15,4594,-76.47081,39.310698
13241,15,4518,-76.471276,39.310085
13242,15,4595,-76.473548,39.309419
13242,15,4517,-76.473755,39.309077
13243,15,4597,-76.476123,39.308388
13243,15,4516,-76.476576,39.307976
13244,15,4598,-76.478899,39.307283
13244,15,4515,-76.479135,39.306955
13245,15,4599,-76.481706,39.305857
13245,15,4514,-76.481131,39.305891
13246,15,7585,-76.485506,39.303806
13246,15,7597,-76.485592,39.303493
13247,15,4602,-76.49402,39.3
13247,15,4510,-76.493923,39.29974
13248,15,4607,-76.50915,39.295808
13248,15,4506,-76.508989,39.295591
13249,15,7587,-76.511624,39.295114
13249,15,8658,-76.511952,39.294773
13250,15,4610,-76.515713,39.294024
13250,15,4503,-76.516116,39.293592
13252,15,4612,-76.519336,39.292816
13252,15,4613,-76.521146,39.291506
13252,15,4502,-76.519571,39.292319
13254,15,4614,-76.524184,39.290251
13254,15,10903,-76.527855,39.28884
13254,15,12652,-76.525981,39.289232
13254,15,4499,-76.523576,39.290166
13255,15,4617,-76.530288,39.28816
13255,15,7596,-76.530305,39.287927
13256,15,12160,-76.536591,39.287918
13256,15,4494,-76.537648,39.287644
13262,15,6729,-76.548655,39.304046
13262,15,6731,-76.550821,39.30502
13262,15,13520,-76.551079,39.304783
13262,15,6791,-76.54919,39.304864
13262,15,10720,-76.548707,39.30388
13263,15,6733,-76.553894,39.305753
13263,15,12608,-76.554394,39.30538
13264,15,6735,-76.556357,39.307481
13264,15,6736,-76.557741,39.308373
13264,15,12654,-76.558936,39.309455
13264,15,12655,-76.560748,39.309103
13264,15,11376,-76.562804,39.309571
13264,15,6301,-76.560687,39.308963
13264,15,10719,-76.558719,39.309425
13264,15,12606,-76.557571,39.308279
13264,15,12607,-76.556328,39.306847
13269,15,11377,-76.566962,39.312915
13269,15,11363,-76.565246,39.313526
13269,15,13654,-76.564368,39.313684
13269,15,11361,-76.566529,39.312451
13269,15,11370,-76.567918,39.313516
13269,15,13829,-76.567228,39.313449
13307,15,12508,-76.452779,39.320975
13316,15,4815,-76.393049,39.345009
13319,15,1189,-76.720044,39.364447
13319,15,1423,-76.72022,39.364646
13322,15,697,-76.71215,39.371618
13322,15,1106,-76.712246,39.371796
13323,15,12643,-76.709266,39.370057
13323,15,1104,-76.708688,39.369826
13389,15,706,-76.707233,39.368312
13389,15,7358,-76.705454,39.367107
13389,15,9289,-76.706613,39.368058
13326,15,708,-76.703448,39.365246
13326,15,709,-76.70161,39.363746
13326,15,710,-76.701036,39.363255
13326,15,10320,-76.700292,39.362664
13326,15,7355,-76.700087,39.362734
13326,15,1098,-76.701201,39.363647
13326,15,1099,-76.702404,39.364611
13329,15,12395,-76.698268,39.361007
13329,15,713,-76.696839,39.360105
13329,15,1096,-76.696558,39.360167
13338,15,728,-76.679118,39.349909
13338,15,1085,-76.678594,39.349935
13342,15,733,-76.671616,39.345371
13342,15,734,-76.670677,39.344354
13342,15,8579,-76.670063,39.344037
13342,15,1079,-76.671001,39.345037
13357,15,12520,-76.640891,39.312967
13358,15,12521,-76.638234,39.309938
13358,15,2626,-76.636623,39.310241
13358,15,8576,-76.635026,39.310204
13358,15,5184,-76.633109,39.309367
13358,15,7206,-76.632699,39.309596
13358,15,783,-76.635375,39.310487
13358,15,784,-76.636638,39.310427
13358,15,781,-76.631881,39.310635
13358,15,782,-76.633482,39.310568
13358,15,2503,-76.63792,39.310369
13358,15,2625,-76.638656,39.310155
13358,15,1040,-76.632272,39.310334
13396,15,1107,-76.828998,39.478626
13397,15,11326,-76.82916,39.474991
13397,15,11325,-76.828955,39.475019
13398,15,11327,-76.829684,39.4688
13398,15,11323,-76.829595,39.469569
13399,15,11236,-76.829283,39.464907
13399,15,11321,-76.829106,39.464833
13400,15,11237,-76.828334,39.462524
13400,15,11320,-76.828035,39.462185
13401,15,1115,-76.82751,39.459997
13401,15,7496,-76.827387,39.460155
13402,15,7446,-76.824923,39.45557
13402,15,7495,-76.824429,39.455416
13403,15,11241,-76.818826,39.450609
13403,15,11318,-76.81891,39.450994
13404,15,11242,-76.81556,39.448051
13404,15,13745,-76.815318,39.448121
13405,15,11243,-76.813358,39.446269
13405,15,11316,-76.812811,39.446096
13406,15,11244,-76.810443,39.443875
13407,15,11245,-76.808605,39.442343
13407,15,13756,-76.807218,39.441265
13407,15,11314,-76.808151,39.442339
13409,15,11247,-76.802808,39.4378
13409,15,11312,-76.80241,39.437755
13410,15,12314,-76.799194,39.434895
13410,15,11309,-76.798371,39.434503
13411,15,12316,-76.796484,39.432638
13412,15,11252,-76.790329,39.42762
13412,15,11305,-76.790117,39.427751
13414,15,12318,-76.786651,39.424652
13414,15,1132,-76.783991,39.422455
13414,15,11303,-76.784735,39.423348
13414,15,11304,-76.786167,39.424547
13416,15,11256,-76.776824,39.416933
13416,15,1137,-76.774937,39.415604
13416,15,7982,-76.774917,39.414384
13416,15,1149,-76.774643,39.414276
13416,15,7983,-76.774152,39.415335
13416,15,7985,-76.776162,39.416734
13416,15,7489,-76.777576,39.417779
13418,15,7455,-76.778474,39.411798
13418,15,7485,-76.778302,39.411678
13420,15,11258,-76.782667,39.402515
13420,15,11298,-76.782237,39.402458
13421,15,11259,-76.786735,39.405729
13422,15,1143,-76.79395,39.406452
13423,15,12591,-76.7889,39.403847
13445,15,5687,-76.48268,39.354671
13449,15,4799,-76.468141,39.338418
13449,15,4777,-76.468904,39.338475
13450,15,4801,-76.465111,39.340478
13450,15,8524,-76.465346,39.340502
13451,15,4802,-76.456583,39.336645
13451,15,12148,-76.456489,39.337028
13452,15,4562,-76.455247,39.340881
13452,15,12093,-76.455393,39.341085
13453,15,12154,-76.449551,39.343064
13453,15,12088,-76.44932,39.343027
13454,15,4804,-76.447778,39.33818
13454,15,12155,-76.447023,39.336543
13454,15,12152,-76.44701,39.336738
13454,15,4555,-76.447766,39.339225
13456,15,4805,-76.44482,39.334268
13456,15,4554,-76.444647,39.334407
13457,15,12157,-76.441345,39.333207
13457,15,12150,-76.441701,39.333519
13536,15,12193,-76.510182,39.291286
13536,15,689,-76.507506,39.289185
13536,15,690,-76.509408,39.289946
13459,15,12194,-76.50236,39.286047
13459,15,10854,-76.501904,39.285887
13460,15,12195,-76.496239,39.28291
13461,15,12196,-76.491968,39.280887
13461,15,10851,-76.491659,39.280797
13462,15,631,-76.485279,39.277871
13462,15,13675,-76.485437,39.278056
13463,15,633,-76.480826,39.277173
13463,15,10848,-76.480968,39.277298
13464,15,12489,-76.47136,39.271242
13464,15,12488,-76.471557,39.272197
13465,15,635,-76.47011,39.269494
13465,15,12198,-76.469373,39.268443
13465,15,10847,-76.46958,39.26942
13467,15,12199,-76.462889,39.256849
13467,15,10846,-76.462647,39.256619
13468,15,637,-76.466377,39.257899
13468,15,10845,-76.466532,39.257773
13469,15,11461,-76.470958,39.259255
13470,15,639,-76.480241,39.261973
13470,15,13747,-76.480101,39.261939
13471,15,641,-76.485827,39.263628
13471,15,10841,-76.48721,39.263902
13472,15,643,-76.491276,39.265339
13472,15,10840,-76.489707,39.264679
13473,15,644,-76.495147,39.266702
13473,15,681,-76.494151,39.266171
13475,15,645,-76.499399,39.268493
13475,15,648,-76.502003,39.269597
13475,15,679,-76.501782,39.26932
13475,15,680,-76.500003,39.268563
13478,15,649,-76.506689,39.271136
13478,15,11458,-76.508846,39.271574
13478,15,11459,-76.51181,39.272148
13478,15,13746,-76.512144,39.272047
13478,15,675,-76.509933,39.271626
13478,15,677,-76.50678,39.270997
13479,15,12200,-76.517036,39.272817
13479,15,671,-76.517409,39.272713
13480,15,11463,-76.517588,39.269289
13480,15,11455,-76.517233,39.267849
13480,15,11456,-76.517644,39.27
13481,15,10610,-76.515408,39.263574
13481,15,8657,-76.515287,39.263679
13482,15,12201,-76.513047,39.261439
13482,15,13730,-76.512172,39.260194
13485,15,3819,-76.514427,39.25871
13485,15,11165,-76.516452,39.258129
13485,15,11465,-76.519096,39.257372
13485,15,10256,-76.519633,39.257144
13485,15,8925,-76.517115,39.25785
13485,15,11453,-76.514903,39.258489
13654,15,10474,-76.522677,39.256549
13654,15,10855,-76.523291,39.255996
13654,15,1977,-76.522876,39.255045
13654,15,1944,-76.523006,39.256206
13654,15,660,-76.523489,39.256961
13654,15,659,-76.524621,39.258694
13654,15,8666,-76.523828,39.257086
13654,15,12396,-76.522535,39.256475
13654,15,10763,-76.523294,39.256945
13489,15,1978,-76.521173,39.251591
13489,15,2007,-76.521355,39.252702
13490,15,1979,-76.519643,39.248911
13490,15,1943,-76.519182,39.248915
13491,15,1980,-76.51624,39.246424
13491,15,1942,-76.515711,39.246375
13494,15,1981,-76.513901,39.244446
13494,15,1982,-76.512971,39.243163
13494,15,1983,-76.511703,39.241394
13494,15,1939,-76.511384,39.241206
13494,15,1940,-76.512579,39.242829
13494,15,1941,-76.513719,39.24445
13498,15,1938,-76.508249,39.237753
13498,15,1986,-76.507045,39.239331
13498,15,13681,-76.505626,39.238737
13498,15,8655,-76.503193,39.239543
13498,15,13682,-76.504827,39.239983
13498,15,1937,-76.508214,39.237888
13498,15,12234,-76.50818,39.240469
13525,15,10843,-76.473369,39.259848
13528,15,12203,-76.467008,39.265836
13534,15,10853,-76.499252,39.284364
13548,15,11261,-76.772333,39.41376
13548,15,11262,-76.770914,39.412746
13548,15,11295,-76.770177,39.412516
13548,15,12664,-76.771842,39.413703
13551,15,11263,-76.7684,39.411
13551,15,11264,-76.76647,39.409671
13551,15,11294,-76.767086,39.410365
13552,15,11265,-76.763706,39.407795
13552,15,12663,-76.762741,39.407435
13553,15,11266,-76.760778,39.405842
13554,15,13712,-76.75841,39.404255
13555,15,11268,-76.751096,39.398929
13555,15,11291,-76.750941,39.399116
13556,15,12121,-76.749357,39.397539
13556,15,11270,-76.748143,39.396468
13556,15,11289,-76.74813,39.396799
13558,15,11271,-76.745318,39.394158
13558,15,11290,-76.745914,39.394967
13559,15,11274,-76.738441,39.388294
13559,15,12660,-76.738077,39.388304
13560,15,7462,-76.736022,39.386148
13560,15,7481,-76.735967,39.386474
13561,15,11275,-76.730891,39.381796
13561,15,11285,-76.731869,39.382967
13562,15,11277,-76.728466,39.379764
13562,15,11283,-76.728324,39.379923
13564,15,1196,-76.707901,39.36025
13564,15,1412,-76.70736,39.360131
13577,15,12661,-76.741588,39.39128
13581,15,1454,-76.756057,39.402907
13586,15,14191,-76.468288,39.227441
13587,15,14172,-76.471758,39.223762
13587,15,14214,-76.47352,39.223603
13589,15,14213,-76.478707,39.225782
13590,15,14170,-76.48813,39.237735
13591,15,14171,-76.491371,39.226298
13593,15,11167,-76.525178,39.260615
13593,15,658,-76.525643,39.26083
13594,15,3831,-76.526762,39.264053
13594,15,657,-76.526976,39.263641
13595,15,2009,-76.528004,39.266669
13595,15,12225,-76.528428,39.266711
13595,15,655,-76.528486,39.266821
13596,15,10412,-76.52946,39.269804
13596,15,1973,-76.530209,39.270208
13598,15,10768,-76.531102,39.273149
13598,15,2014,-76.531945,39.274976
13598,15,12224,-76.532102,39.274328
13598,15,1949,-76.531059,39.272173
13599,15,2015,-76.533173,39.277549
13599,15,12236,-76.533856,39.279054
13599,15,1925,-76.534476,39.279346
13599,15,1926,-76.533632,39.277581
13599,15,3838,-76.535745,39.279056
13599,15,3800,-76.534392,39.278944
13601,15,2017,-76.535204,39.281574
13601,15,1924,-76.535896,39.28186
13604,15,10765,-76.545665,39.289986
13605,15,13783,-76.549696,39.294126
13608,15,2042,-76.575657,39.286362
13608,15,12221,-76.575984,39.286202
13609,15,2045,-76.579806,39.286216
13609,15,1896,-76.5816,39.285986
13609,15,1897,-76.578804,39.286088
13610,15,2047,-76.58411,39.286044
13610,15,1287,-76.584392,39.285806
13610,15,1322,-76.5842,39.28583
13610,15,12220,-76.584456,39.285888
13611,15,12237,-76.587323,39.28592
13611,15,2049,-76.588624,39.285869
13611,15,2050,-76.589945,39.285811
13611,15,1891,-76.59026,39.285648
13611,15,1892,-76.588952,39.285685
13611,15,1893,-76.587231,39.285766
13611,15,11415,-76.587498,39.284923
13611,15,2435,-76.588684,39.285657
13611,15,2674,-76.590164,39.285857
13611,15,11418,-76.589771,39.284643
13611,15,11414,-76.586111,39.284027
13614,15,2053,-76.593203,39.28567
13614,15,1888,-76.593081,39.285528
13750,15,4039,-76.596786,39.287349
13750,15,4040,-76.596883,39.288986
13750,15,1332,-76.597443,39.290323
13750,15,1333,-76.599265,39.290255
13750,15,1277,-76.59719,39.289047
13750,15,4036,-76.596994,39.287206
13750,15,3740,-76.601064,39.290931
13750,15,4463,-76.599495,39.29242
13750,15,4655,-76.597473,39.293041
13750,15,4467,-76.593445,39.293911
13750,15,6326,-76.594671,39.294048
13750,15,998,-76.596794,39.293437
13750,15,4657,-76.600423,39.292493
13750,15,3894,-76.601946,39.292049
13750,15,13815,-76.596833,39.285459
13750,15,13805,-76.596674,39.285407
13750,15,10548,-76.597381,39.293404
13750,15,4034,-76.597166,39.290056
13750,15,4035,-76.597117,39.289253
13750,15,9486,-76.59684,39.285098
13750,15,4044,-76.597066,39.291313
13750,15,10550,-76.597179,39.293536
13750,15,13803,-76.594182,39.294171
13750,15,13800,-76.59381,39.294191
13629,15,1276,-76.600423,39.288291
13659,15,8,-76.658233,39.346756
13659,15,12,-76.659645,39.34615
13659,15,15,-76.659011,39.344454
13659,15,10292,-76.658999,39.344667
13659,15,178,-76.659386,39.346378
13660,15,10,-76.654797,39.348262
13661,15,11,-76.659363,39.348887
13661,15,179,-76.659167,39.348783
13665,15,18,-76.656678,39.337873
13665,15,19,-76.656389,39.336248
13665,15,175,-76.656249,39.336503
13665,15,12851,-76.656763,39.338169
13667,15,12179,-76.655734,39.332947
13667,15,172,-76.655611,39.333015
13667,15,12650,-76.655821,39.334389
13681,15,1278,-76.593975,39.289173
13681,15,1331,-76.594159,39.290427
13681,15,14160,-76.594051,39.291653
13681,15,14159,-76.593581,39.290441
13685,15,1280,-76.590445,39.289319
13685,15,1281,-76.589161,39.28934
13685,15,1282,-76.58742,39.289406
13685,15,1284,-76.584748,39.289545
13685,15,1325,-76.584445,39.289399
13685,15,1326,-76.58601,39.290759
13685,15,1328,-76.588906,39.290649
13685,15,1329,-76.590587,39.290576
13685,15,2464,-76.58884,39.287741
13685,15,2465,-76.588926,39.289314
13685,15,2669,-76.590536,39.29181
13685,15,2670,-76.590451,39.290633
13685,15,2671,-76.590392,39.289499
13685,15,2672,-76.59029,39.287948
13687,15,1289,-76.582765,39.283113
13687,15,1319,-76.582626,39.282951
13687,15,12308,-76.582937,39.28231
13687,15,10431,-76.583058,39.282126
13690,15,1291,-76.579876,39.282999
13690,15,1292,-76.578436,39.283036
13690,15,12579,-76.575698,39.283138
13690,15,1295,-76.57415,39.282184
13690,15,1313,-76.574044,39.282263
13690,15,1315,-76.576888,39.282154
13690,15,1316,-76.577277,39.283146
13690,15,1317,-76.57977,39.283079
13693,15,1301,-76.566961,39.281664
13693,15,13733,-76.565485,39.280525
13693,15,13732,-76.56566,39.280658
13693,15,1307,-76.566677,39.281469
13693,15,1309,-76.568683,39.282458
13695,15,13716,-76.556804,39.280776
13695,15,13717,-76.557162,39.280931
13696,15,3779,-76.554379,39.277581
13697,15,3782,-76.547383,39.271893
13697,15,3855,-76.547112,39.272088
13698,15,3854,-76.543252,39.268493
13698,15,3784,-76.543049,39.268418
13699,15,10085,-76.543135,39.263846
13699,15,9579,-76.542903,39.265072
13700,15,8379,-76.541066,39.260592
13700,15,3788,-76.539166,39.259594
13700,15,3850,-76.539938,39.260249
13700,15,3851,-76.542277,39.261829
13702,15,3789,-76.533095,39.257031
13702,15,3787,-76.532124,39.256637
13704,15,3822,-76.514194,39.266502
13727,15,4393,-76.711596,39.286743
13727,15,4724,-76.710991,39.287702
13727,15,4726,-76.712129,39.286463
13727,15,4394,-76.7112,39.287184
13728,15,4397,-76.70828,39.289118
13728,15,4722,-76.707934,39.289714
13728,15,4723,-76.709125,39.289074
13729,15,4399,-76.705392,39.290675
13729,15,4400,-76.703745,39.291556
13729,15,4719,-76.703777,39.291948
13729,15,4720,-76.705281,39.291141
13731,15,3695,-76.698317,39.292814
13731,15,4710,-76.697617,39.293194
13732,15,10905,-76.693214,39.29323
13732,15,4708,-76.692759,39.293541
13732,15,8391,-76.695198,39.293451
13733,15,4411,-76.69004,39.293355
13733,15,3704,-76.689908,39.29364
13733,15,11170,-76.689452,39.293032
13735,15,8585,-76.684574,39.293585
13735,15,4421,-76.681933,39.293686
13735,15,4691,-76.681509,39.293922
13735,15,4692,-76.68329,39.293857
13735,15,4695,-76.685251,39.293795
13735,15,4703,-76.68622,39.293762
13735,15,4696,-76.685947,39.295251
13735,15,4419,-76.684116,39.295737
13738,15,4423,-76.678517,39.293808
13738,15,4425,-76.675865,39.293906
13738,15,4426,-76.672858,39.293998
13738,15,4687,-76.67314,39.294224
13738,15,340,-76.675278,39.294157
13738,15,4689,-76.678033,39.29404
13753,15,4474,-76.585002,39.294224
13753,15,4475,-76.583583,39.294279
13753,15,4476,-76.58218,39.294351
13753,15,4477,-76.579948,39.29445
13753,15,4645,-76.579008,39.294593
13753,15,4646,-76.581213,39.294533
13753,15,4647,-76.583305,39.294437
13753,15,4648,-76.584696,39.294373
13758,15,4481,-76.573227,39.294696
13758,15,4641,-76.573813,39.294807
13760,15,12165,-76.713902,39.306062
13761,15,10625,-76.711579,39.299292
13761,15,10634,-76.710798,39.299014
13762,15,3692,-76.705185,39.294845
13762,15,3951,-76.705086,39.294941
13800,15,1992,-76.497987,39.243135
13800,15,8600,-76.498256,39.24391
13802,15,1930,-76.500835,39.244399
13802,15,1931,-76.502063,39.24419
13803,15,1932,-76.506079,39.24464
13803,15,1990,-76.505837,39.244439
13804,15,1934,-76.509882,39.244104
13804,15,1987,-76.509826,39.244006
13807,15,3840,-76.541101,39.278099
13807,15,3797,-76.540838,39.277936
13808,15,3859,-76.545507,39.277982
13808,15,3861,-76.547316,39.27876
13808,15,12420,-76.547301,39.278529
13808,15,12421,-76.545785,39.277766
14847,15,13914,-76.638054,39.28843
14847,15,54,-76.639573,39.289748
14847,15,55,-76.637886,39.288637
14847,15,3910,-76.639171,39.288579
14847,15,3912,-76.641999,39.288455
14847,15,3733,-76.641986,39.288324
14847,15,3734,-76.639763,39.288422
14847,15,277,-76.638489,39.288487
14461,15,140,-76.638559,39.297576
14461,15,141,-76.638624,39.298759
14461,15,9326,-76.640215,39.299233
14461,15,48,-76.64006,39.297819
14461,15,8395,-76.634094,39.299504
14461,15,4086,-76.638335,39.299112
14461,15,3998,-76.639032,39.298968
14461,15,4000,-76.636251,39.299066
14461,15,8801,-76.633701,39.299633
13824,15,12180,-76.639189,39.301221
13824,15,10024,-76.640279,39.301095
13871,15,435,-76.579833,39.379816
13871,15,436,-76.579755,39.377663
13871,15,12351,-76.579632,39.375846
13871,15,12729,-76.580115,39.374437
13871,15,597,-76.579398,39.377137
13871,15,598,-76.579551,39.379096
13947,15,8995,-76.583597,39.369872
13947,15,8997,-76.583212,39.369832
13947,15,595,-76.582705,39.370719
13947,15,596,-76.581536,39.372701
13947,15,438,-76.582236,39.372173
13873,15,440,-76.584764,39.367891
13873,15,593,-76.584315,39.367941
13874,15,449,-76.585739,39.366218
13874,15,583,-76.585607,39.365762
13874,15,447,-76.5864,39.366105
13874,15,8700,-76.585226,39.365898
13875,15,450,-76.586747,39.364134
13875,15,451,-76.587566,39.362396
13875,15,581,-76.587189,39.362404
13875,15,582,-76.586608,39.363633
13879,15,455,-76.58985,39.355505
13879,15,577,-76.589493,39.355146
13880,15,456,-76.590581,39.352501
13880,15,458,-76.591026,39.351215
13880,15,572,-76.590804,39.350802
13880,15,573,-76.590065,39.352891
13885,15,464,-76.592918,39.342727
13885,15,465,-76.593619,39.340894
13885,15,466,-76.594135,39.339581
13885,15,565,-76.593662,39.339741
13885,15,566,-76.593178,39.341069
13885,15,567,-76.592585,39.342679
13887,15,467,-76.594425,39.336448
13887,15,564,-76.594062,39.336641
14151,15,468,-76.595409,39.331983
14151,15,561,-76.595069,39.331225
14151,15,11333,-76.599645,39.331634
14151,15,11334,-76.598265,39.331635
14151,15,11335,-76.595512,39.331626
14151,15,11340,-76.597426,39.331739
14151,15,11341,-76.598955,39.331738
13895,15,13530,-76.605044,39.315313
13895,15,5845,-76.605693,39.314709
13895,15,5872,-76.606029,39.314231
13895,15,5873,-76.604307,39.315868
13899,15,12711,-76.607195,39.311686
13899,15,2639,-76.609857,39.311484
13899,15,2492,-76.612238,39.311416
13899,15,2637,-76.612037,39.311124
13899,15,5847,-76.607058,39.311931
13899,15,1584,-76.609539,39.311731
13899,15,12332,-76.612481,39.311103
13899,15,5870,-76.612296,39.309831
13899,15,1618,-76.609383,39.311143
13899,15,2488,-76.606794,39.311665
13899,15,2489,-76.608618,39.311403
13899,15,2641,-76.60685,39.311499
13900,15,489,-76.615009,39.310765
13900,15,533,-76.616432,39.310674
13900,15,12301,-76.615111,39.310997
13900,15,2167,-76.618152,39.313293
13900,15,2169,-76.618024,39.311253
13900,15,534,-76.616524,39.311996
13900,15,536,-76.616648,39.313951
13900,15,488,-76.615252,39.314441
13900,15,2494,-76.615361,39.311289
13900,15,2496,-76.617692,39.311203
13900,15,12557,-76.619163,39.311167
13900,15,12302,-76.618377,39.310872
13900,15,2633,-76.616734,39.310954
13900,15,4898,-76.619534,39.31326
13900,15,4899,-76.619382,39.311247
13900,15,5005,-76.619295,39.310764
13900,15,5006,-76.61924,39.31201
13951,15,444,-76.572608,39.368636
13951,15,585,-76.572318,39.368433
13952,15,446,-76.581487,39.367146
13952,15,584,-76.581212,39.366947
13955,15,5914,-76.596702,39.366545
13955,15,5915,-76.598113,39.366212
13955,15,5802,-76.598766,39.365775
13955,15,5803,-76.596493,39.366341
13957,15,5917,-76.602699,39.365138
13957,15,13582,-76.602556,39.364928
13959,15,5047,-76.647014,39.364221
13959,15,4856,-76.647331,39.364326
13973,15,12687,-76.606362,39.400968
13973,15,12727,-76.608643,39.399258
13973,15,12688,-76.606503,39.399716
13974,15,12073,-76.611383,39.396359
13974,15,398,-76.611794,39.396044
13975,15,625,-76.615136,39.395681
13975,15,10396,-76.614864,39.395532
13976,15,6578,-76.618854,39.396107
13976,15,6583,-76.618645,39.395905
13980,15,2397,-76.627406,39.391201
13980,15,2093,-76.627286,39.391259
13980,15,2095,-76.628379,39.393133
13980,15,12164,-76.62849,39.390143
13980,15,2394,-76.628043,39.389937
13980,15,2396,-76.628074,39.392741
13978,15,2094,-76.624732,39.390027
13978,15,2392,-76.625662,39.388553
13983,15,14063,-76.626786,39.384333
13983,15,14060,-76.626339,39.384328
13984,15,14064,-76.626555,39.38187
13987,15,2106,-76.622265,39.379761
13987,15,2381,-76.619454,39.381171
13987,15,2107,-76.618985,39.378988
13987,15,12516,-76.61902,39.379639
13987,15,12517,-76.621428,39.380408
13988,15,2108,-76.620863,39.377285
13988,15,2379,-76.620952,39.377598
13989,15,2111,-76.619292,39.375403
13989,15,2377,-76.618989,39.37486
13990,15,2117,-76.618088,39.367834
13990,15,2118,-76.617677,39.367066
13990,15,2371,-76.617178,39.366527
13990,15,2372,-76.617944,39.368034
13993,15,12329,-76.62392,39.354713
13993,15,2136,-76.623624,39.353386
13993,15,2353,-76.623162,39.351854
13993,15,2356,-76.623816,39.35504
13996,15,2145,-76.621503,39.341407
13996,15,2146,-76.619986,39.340103
13996,15,2346,-76.618765,39.341491
13998,15,2147,-76.61842,39.338447
13998,15,2345,-76.618274,39.338182
13999,15,2150,-76.618281,39.336134
13999,15,2343,-76.61809,39.335605
14002,15,2156,-76.617734,39.325816
14002,15,543,-76.617413,39.325872
14002,15,482,-76.616031,39.326146
14003,15,2157,-76.617609,39.323832
14003,15,12576,-76.618774,39.322949
14003,15,542,-76.617207,39.323045
14003,15,483,-76.615839,39.323499
14007,15,2165,-76.618331,39.315357
14007,15,4896,-76.619642,39.315278
14007,15,5009,-76.619441,39.315066
14034,15,2357,-76.624253,39.357157
14054,15,10712,-76.602391,39.400228
14054,15,1770,-76.602758,39.399507
14054,15,1775,-76.603252,39.397726
14054,15,1793,-76.602706,39.399139
14050,15,1501,-76.597312,39.460038
14051,15,12477,-76.601234,39.40777
14051,15,12423,-76.600849,39.407462
14051,15,1766,-76.60196,39.40608
14051,15,10622,-76.602049,39.406409
14055,15,1776,-76.604139,39.394743
14055,15,1523,-76.604562,39.393059
14055,15,1674,-76.604332,39.393165
14055,15,1675,-76.603823,39.394917
14057,15,1526,-76.606031,39.387885
14057,15,1671,-76.605865,39.387732
14164,15,1779,-76.607048,39.384264
14164,15,10711,-76.607041,39.383412
14164,15,12068,-76.612041,39.385551
14164,15,6588,-76.611667,39.384532
14164,15,3388,-76.61015,39.383499
14164,15,6590,-76.607977,39.383722
14164,15,3647,-76.610238,39.383632
14059,15,1531,-76.608534,39.37872
14059,15,1666,-76.608428,39.378311
14059,15,1665,-76.608892,39.376697
14060,15,1534,-76.609897,39.372843
14060,15,1663,-76.609604,39.372873
14061,15,1536,-76.609915,39.370788
14061,15,10710,-76.609721,39.370408
14067,15,1553,-76.610022,39.360737
14067,15,1554,-76.610005,39.358882
14067,15,1654,-76.609811,39.358427
14067,15,1655,-76.609827,39.360614
14069,15,1556,-76.609958,39.355728
14069,15,1557,-76.609928,39.353746
14069,15,1558,-76.609876,39.352052
14069,15,1559,-76.609816,39.350289
14069,15,1648,-76.60961,39.350455
14069,15,14042,-76.60964,39.35171
14069,15,1651,-76.609734,39.353944
14069,15,1652,-76.609792,39.355115
14074,15,1565,-76.609677,39.340649
14074,15,1566,-76.609605,39.338913
14074,15,1640,-76.609439,39.338482
14074,15,1643,-76.60949,39.340831
14076,15,1567,-76.609605,39.336465
14076,15,1638,-76.609415,39.336203
14093,15,1570,-76.609541,39.33275
14093,15,12850,-76.609382,39.330718
14093,15,1634,-76.609392,39.332424
14082,15,1576,-76.609487,39.324936
14082,15,1578,-76.609511,39.323571
14082,15,1579,-76.609551,39.321368
14082,15,1624,-76.609379,39.320538
14082,15,1626,-76.609359,39.323149
14082,15,1627,-76.609314,39.324884
14084,15,1582,-76.609613,39.314624
14084,15,1620,-76.609385,39.314869
14098,15,1644,-76.609494,39.3429
14120,15,10594,-76.60306,39.460146
14120,15,10620,-76.603492,39.45882
14122,15,421,-76.570491,39.402016
14123,15,422,-76.564743,39.399365
14124,15,11425,-76.563267,39.395658
14124,15,420,-76.564035,39.397012
14124,15,8540,-76.562938,39.395738
14124,15,12352,-76.564909,39.396998
14125,15,8654,-76.564008,39.393374
14125,15,605,-76.563552,39.393592
14126,15,426,-76.565497,39.391822
14126,15,604,-76.565889,39.391236
14127,15,427,-76.568018,39.39047
14127,15,603,-76.568945,39.389775
14128,15,429,-76.571827,39.388693
14128,15,601,-76.572687,39.38805
14138,15,5810,-76.598043,39.354476
14138,15,5821,-76.598594,39.352673
14138,15,5820,-76.598865,39.351013
14138,15,5898,-76.598963,39.349244
14138,15,5899,-76.598763,39.35056
14138,15,5900,-76.598524,39.352041
14138,15,5902,-76.59799,39.354333
14144,15,10382,-76.600405,39.340544
14144,15,5827,-76.601873,39.339148
14144,15,5828,-76.603059,39.337775
14144,15,5829,-76.604931,39.336873
14144,15,5830,-76.605268,39.33535
14144,15,5831,-76.604824,39.334564
14144,15,5832,-76.604052,39.332926
14144,15,11331,-76.603198,39.331636
14144,15,11343,-76.602492,39.331744
14144,15,5884,-76.603669,39.33245
14144,15,5885,-76.604664,39.334566
14144,15,5886,-76.605491,39.33567
14144,15,5887,-76.605293,39.336546
14144,15,5888,-76.60427,39.337051
14144,15,5889,-76.602594,39.337862
14144,15,5890,-76.601601,39.339283
14144,15,5891,-76.600076,39.340503
14156,15,5848,-76.612273,39.307784
14156,15,5867,-76.612143,39.306659
14156,15,5868,-76.612169,39.307703
14161,15,395,-76.619751,39.392297
14161,15,14148,-76.619601,39.392399
14162,15,6586,-76.613527,39.391005
14163,15,6575,-76.613345,39.387895
14163,15,12069,-76.613161,39.387926
14169,15,415,-76.57905,39.392983
14170,15,416,-76.576383,39.394724
14170,15,417,-76.574566,39.395759
14170,15,610,-76.574068,39.395955
14170,15,8541,-76.57619,39.395762
14170,15,612,-76.576858,39.394451
14172,15,419,-76.568037,39.396401
14172,15,608,-76.567799,39.396597
14225,15,3576,-76.554278,39.360809
14225,15,3467,-76.554223,39.360591
14226,15,3578,-76.556064,39.358712
14226,15,10472,-76.556259,39.358238
14228,15,3590,-76.557714,39.356791
14228,15,3591,-76.559037,39.355268
14228,15,3448,-76.559291,39.354642
14228,15,3450,-76.55768,39.35657
14229,15,3593,-76.561554,39.352356
14231,15,3598,-76.565861,39.347275
14231,15,3439,-76.565871,39.34691
14233,15,3625,-76.592794,39.319308
14233,15,3413,-76.592742,39.318978
14236,15,3633,-76.602693,39.31202
14236,15,2485,-76.603054,39.311843
14236,15,2643,-76.602794,39.311687
14237,15,3636,-76.602458,39.307968
14238,15,3638,-76.602294,39.305151
14238,15,12286,-76.602276,39.304184
14238,15,3399,-76.601991,39.304138
14238,15,3400,-76.601574,39.305357
14238,15,9480,-76.602568,39.303918
14238,15,4057,-76.601193,39.305155
14258,15,3516,-76.523065,39.397221
14259,15,3523,-76.52329,39.394962
14259,15,3515,-76.523023,39.394987
14261,15,10468,-76.525762,39.393516
14261,15,3524,-76.527363,39.39186
14261,15,3512,-76.525821,39.39316
14262,15,3526,-76.528908,39.390132
14262,15,3507,-76.528825,39.38997
14263,15,3537,-76.532814,39.385548
14263,15,3505,-76.532346,39.385841
14265,15,3538,-76.534792,39.383273
14265,15,3540,-76.536387,39.381435
14265,15,3503,-76.535382,39.382319
14265,15,3504,-76.534541,39.383259
14266,15,3543,-76.539148,39.378256
14266,15,3500,-76.538932,39.378248
14267,15,3544,-76.542654,39.374158
14267,15,3497,-76.542278,39.374328
14268,15,3546,-76.543971,39.372623
14268,15,3493,-76.544042,39.372287
14269,15,3549,-76.547183,39.368969
14269,15,3488,-76.546872,39.368974
14270,15,3552,-76.550404,39.365264
14270,15,3485,-76.549871,39.365519
14288,15,3402,-76.600329,39.308737
14311,15,1711,-76.664022,39.502231
14312,15,10635,-76.665436,39.498962
14312,15,1712,-76.66526,39.498998
14312,15,10633,-76.664602,39.500446
14313,15,10652,-76.661275,39.496727
14313,15,10636,-76.659539,39.496649
14313,15,10632,-76.659169,39.496444
14313,15,1859,-76.662523,39.49684
14315,15,14058,-76.659046,39.494009
14315,15,10657,-76.658871,39.492754
14315,15,10630,-76.659771,39.491975
14315,15,10655,-76.658845,39.494352
14398,15,10638,-76.664099,39.491723
14398,15,10628,-76.663027,39.489289
14398,15,10629,-76.664275,39.490632
14320,15,14068,-76.657023,39.487786
14320,15,12210,-76.656383,39.486004
14320,15,1840,-76.656658,39.487471
14321,15,12211,-76.657145,39.482799
14321,15,8768,-76.656939,39.4824
14322,15,12283,-76.655367,39.48005
14322,15,1725,-76.654186,39.479199
14322,15,1724,-76.655644,39.480468
14324,15,1727,-76.64225,39.474342
14324,15,14059,-76.641921,39.47476
14389,15,1730,-76.635008,39.474481
14389,15,10618,-76.631107,39.474226
14389,15,1830,-76.632759,39.474424
14326,15,10641,-76.625696,39.473811
14326,15,1829,-76.625777,39.473946
14327,15,10642,-76.622572,39.473588
14327,15,1828,-76.621608,39.473624
14329,15,1734,-76.620416,39.471961
14329,15,10598,-76.623582,39.471728
14329,15,10599,-76.625611,39.471074
14329,15,1824,-76.625688,39.470866
14329,15,10590,-76.622103,39.471725
14329,15,1826,-76.620166,39.471919
14331,15,12209,-76.628495,39.468358
14331,15,1823,-76.628634,39.468086
14332,15,10600,-76.630917,39.467306
14332,15,10589,-76.631474,39.467036
14334,15,10602,-76.634298,39.464174
14334,15,10603,-76.635847,39.462528
14334,15,10717,-76.635148,39.460907
14334,15,10583,-76.634935,39.461065
14334,15,14034,-76.635525,39.462456
14334,15,10588,-76.634378,39.463831
14336,15,10605,-76.633517,39.457088
14336,15,10582,-76.633191,39.45706
14337,15,10644,-76.637863,39.455655
14337,15,10617,-76.637324,39.4554
14338,15,10645,-76.641845,39.454691
14338,15,10616,-76.641753,39.454999
14339,15,10646,-76.638996,39.452771
14339,15,10615,-76.638774,39.452809
14341,15,10648,-76.63383,39.444414
14341,15,10614,-76.633536,39.444255
14342,15,10649,-76.630462,39.439283
14342,15,10613,-76.630634,39.439419
14343,15,10650,-76.62732,39.440418
14343,15,10612,-76.627785,39.440512
14344,15,1755,-76.625607,39.438826
14344,15,1809,-76.625306,39.43879
14345,15,1756,-76.62433,39.436015
14345,15,1808,-76.624493,39.436981
14346,15,1757,-76.622741,39.432582
14346,15,1806,-76.622254,39.432165
14353,15,1509,-76.61863,39.423864
14353,15,8667,-76.617017,39.421041
14353,15,1693,-76.615944,39.419632
14353,15,1694,-76.617287,39.422083
14353,15,1695,-76.618167,39.423519
14354,15,1512,-76.61518,39.417507
14354,15,1692,-76.61507,39.417852
14355,15,1513,-76.611115,39.412325
14355,15,1691,-76.611114,39.412848
14356,15,11426,-76.608356,39.409831
14356,15,10660,-76.607669,39.410269
14356,15,1690,-76.609575,39.410903
14357,15,1765,-76.604279,39.408453
14357,15,12208,-76.603549,39.407993
14368,15,10664,-76.620016,39.427407
14391,15,1831,-76.639294,39.474906
14406,15,10543,-76.555237,39.291985
14406,15,10535,-76.554992,39.29177
14407,15,10689,-76.56324,39.291626
14407,15,4635,-76.565484,39.29157
14407,15,8589,-76.56588,39.291406
14407,15,10900,-76.561892,39.291541
14415,15,131,-76.631905,39.290031
14415,15,132,-76.633462,39.289976
14415,15,13794,-76.633852,39.289864
14415,15,58,-76.632517,39.288756
14415,15,3905,-76.631597,39.288919
14415,15,12320,-76.634963,39.288761
14415,15,56,-76.635548,39.288614
14437,15,919,-76.531855,39.341421
14437,15,12334,-76.532096,39.340227
14437,15,12306,-76.531895,39.340298
14439,15,12307,-76.53299,39.337288
14439,15,917,-76.532937,39.336878
14440,15,921,-76.532665,39.333557
14440,15,915,-76.532443,39.333407
14463,15,4089,-76.64258,39.29898
14463,15,3996,-76.64249,39.29886
14464,15,13823,-76.645645,39.298836
14464,15,13810,-76.645627,39.298714
14503,15,14149,-76.587348,39.342055
14515,15,10887,-76.612453,39.277244
14515,15,116,-76.614251,39.276677
14515,15,77,-76.615602,39.276832
14516,15,6817,-76.612084,39.27459
14516,15,6818,-76.611838,39.272895
14516,15,113,-76.613936,39.27271
14516,15,114,-76.614134,39.27465
14516,15,79,-76.615482,39.274806
14516,15,80,-76.615407,39.273758
14516,15,81,-76.613885,39.272577
14516,15,82,-76.611869,39.272634
14516,15,112,-76.611479,39.272799
14518,15,6820,-76.611578,39.270844
14518,15,6821,-76.611793,39.269662
14518,15,6940,-76.611608,39.269385
14518,15,12728,-76.611361,39.270696
14520,15,6824,-76.613654,39.268428
14520,15,2928,-76.614595,39.268218
14521,15,2731,-76.614876,39.266316
14522,15,2732,-76.614544,39.262086
14522,15,6935,-76.614538,39.26167
14522,15,12388,-76.612537,39.26243
14522,15,6827,-76.613241,39.262094
14527,15,6853,-76.598088,39.224131
14527,15,6918,-76.597938,39.224188
14528,15,12531,-76.589383,39.222869
14528,15,6855,-76.58851,39.222897
14528,15,12718,-76.58657,39.223509
14528,15,6915,-76.588394,39.223595
14528,15,6916,-76.58959,39.222969
14531,15,6856,-76.586746,39.225323
14532,15,6857,-76.587012,39.22812
14533,15,6859,-76.58855,39.229977
14534,15,6913,-76.588757,39.226916
14554,15,1587,-76.609082,39.308111
14554,15,1616,-76.608847,39.307977
14555,15,1589,-76.608289,39.304923
14555,15,1590,-76.608052,39.304022
14555,15,1612,-76.607782,39.303581
14555,15,1613,-76.608053,39.304584
14555,15,3757,-76.608098,39.303715
14555,15,4062,-76.608376,39.304878
14572,15,764,-76.640344,39.315083
14572,15,12693,-76.638162,39.314881
14572,15,1053,-76.64014,39.315306
14573,15,767,-76.637505,39.312644
14573,15,768,-76.636374,39.313305
14573,15,1052,-76.636343,39.313473
14575,15,5182,-76.63429,39.314342
14575,15,13615,-76.632525,39.315251
14575,15,772,-76.63165,39.316624
14575,15,1046,-76.630372,39.314729
14575,15,1048,-76.631803,39.314499
14575,15,1051,-76.633559,39.314478
14585,15,5186,-76.629397,39.306325
14585,15,5238,-76.628633,39.30629
14585,15,5239,-76.629603,39.307082
14592,15,2187,-76.627347,39.283204
14592,15,2315,-76.626959,39.283156
14593,15,2191,-76.632187,39.282919
14593,15,2312,-76.632019,39.282802
14594,15,2193,-76.635214,39.28087
14594,15,2311,-76.635452,39.280515
14595,15,2198,-76.637868,39.278785
14595,15,2307,-76.638446,39.278192
14599,15,2209,-76.648352,39.270424
14599,15,2297,-76.648065,39.270401
14600,15,2211,-76.650846,39.268221
14600,15,2295,-76.650517,39.268304
14601,15,2214,-76.653046,39.266245
14601,15,2291,-76.652537,39.266514
14602,15,2217,-76.6547,39.264753
14602,15,2288,-76.654771,39.264496
14603,15,2220,-76.65833,39.261544
14603,15,2286,-76.658443,39.261233
14606,15,2228,-76.663952,39.254441
14607,15,12287,-76.670772,39.248767
14607,15,12288,-76.670458,39.248795
14608,15,12413,-76.67636,39.243574
14608,15,12414,-76.676047,39.243415
14609,15,12415,-76.680806,39.240365
14609,15,12416,-76.68114,39.239858
14610,15,2245,-76.687186,39.233552
14610,15,12345,-76.688274,39.234159
14610,15,2264,-76.68704,39.233761
14611,15,12289,-76.685376,39.228503
14611,15,12290,-76.68571,39.228554
14612,15,12560,-76.680479,39.229913
14612,15,12356,-76.679554,39.23031
14612,15,12561,-76.680512,39.230055
14613,15,2263,-76.676693,39.231801
14613,15,12355,-76.677129,39.231638
14614,15,13661,-76.673149,39.23462
14615,15,2247,-76.660685,39.237677
14615,15,2262,-76.659938,39.237835
14616,15,2249,-76.657336,39.237565
14616,15,7038,-76.655027,39.237575
14616,15,2250,-76.653374,39.237685
14616,15,12368,-76.652823,39.238058
14616,15,2260,-76.655438,39.237713
14619,15,2248,-76.650614,39.241518
14619,15,12367,-76.65076,39.241598
14620,15,10484,-76.64732,39.244846
14620,15,5218,-76.6475,39.245041
14620,15,14035,-76.647214,39.244507
14620,15,10950,-76.647645,39.246001
14623,15,13662,-76.673362,39.257477
14626,15,12347,-76.69349,39.241571
14626,15,12342,-76.69382,39.241414
14627,15,12349,-76.693664,39.24456
14627,15,5493,-76.694039,39.244813
14629,15,5515,-76.693718,39.247752
14629,15,7047,-76.694288,39.251248
14629,15,5488,-76.69539,39.251855
14629,15,13648,-76.694637,39.251342
14629,15,5490,-76.693565,39.250403
14629,15,5491,-76.693796,39.248858
14630,15,7050,-76.705357,39.254392
14630,15,5485,-76.705672,39.254325
14631,15,14205,-76.697286,39.224623
14631,15,14202,-76.696563,39.225241
14639,15,12354,-76.675059,39.233319
14648,15,2200,-76.667287,39.25471
14676,15,7034,-76.702825,39.252732
14684,15,12343,-76.688744,39.236145
14685,15,14147,-76.786262,39.361204
14686,15,13836,-76.783505,39.358923
14688,15,5104,-76.755486,39.352692
14688,15,5317,-76.755755,39.352973
14689,15,5106,-76.75069,39.350947
14689,15,5313,-76.750697,39.351211
14689,15,5315,-76.752218,39.351739
14690,15,5108,-76.741569,39.347691
14690,15,5311,-76.741196,39.347753
14691,15,5112,-76.734567,39.34517
14691,15,5307,-76.734546,39.345383
14692,15,14046,-76.731762,39.344165
14692,15,7263,-76.730321,39.34362
14692,15,5114,-76.728287,39.342854
14692,15,5304,-76.728373,39.343082
14692,15,5305,-76.72967,39.343603
14692,15,14045,-76.731759,39.344385
14696,15,5116,-76.722936,39.340767
14696,15,5117,-76.720476,39.339766
14696,15,5119,-76.718647,39.339082
14696,15,5302,-76.722368,39.340744
14698,15,7265,-76.714966,39.337628
14698,15,5297,-76.713865,39.337502
14699,15,7266,-76.711466,39.336404
14699,15,7284,-76.711136,39.336485
14702,15,5127,-76.701116,39.333052
14702,15,5129,-76.698709,39.332287
14702,15,5289,-76.698167,39.332295
14702,15,5291,-76.700297,39.332942
14708,15,253,-76.66705,39.322675
14708,15,332,-76.667285,39.32295
14716,15,10477,-76.632858,39.302006
14716,15,1247,-76.632384,39.301805
14719,15,4021,-76.60539,39.303813
14719,15,4060,-76.604842,39.305022
14721,15,8564,-76.598133,39.304099
14721,15,4053,-76.597851,39.303978
14721,15,10815,-76.598356,39.305261
14757,15,12647,-76.725049,39.341809
14771,15,10447,-76.576478,39.278595
14771,15,10448,-76.578279,39.279602
14771,15,12309,-76.58051,39.280826
14771,15,10432,-76.578831,39.279616
14771,15,10433,-76.576519,39.278382
14787,15,2500,-76.625727,39.310893
14787,15,2501,-76.627462,39.310826
14787,15,2627,-76.627654,39.310541
14787,15,2628,-76.625185,39.310683
15290,15,294,-76.643163,39.28639
15290,15,295,-76.64538,39.286291
15290,15,272,-76.645146,39.285181
15290,15,273,-76.64373,39.285251
15290,15,10315,-76.642188,39.286512
15290,15,5421,-76.641136,39.286464
15290,15,10994,-76.642305,39.285632
15290,15,10996,-76.643025,39.28337
15290,15,12503,-76.644592,39.282862
15290,15,12504,-76.644509,39.282672
15290,15,11114,-76.642025,39.284178
15290,15,11115,-76.640928,39.28536
14852,15,300,-76.652901,39.284838
14852,15,267,-76.652805,39.28472
14853,15,302,-76.655668,39.283652
14853,15,303,-76.657057,39.28275
14853,15,264,-76.657366,39.282354
14853,15,265,-76.655535,39.283557
14855,15,8431,-76.659472,39.281177
14855,15,262,-76.660506,39.280397
14856,15,306,-76.662907,39.279805
14856,15,261,-76.663627,39.279566
14857,15,309,-76.667826,39.280322
14857,15,238,-76.668423,39.280282
14860,15,346,-76.677355,39.281812
14860,15,349,-76.681697,39.281862
14860,15,230,-76.681649,39.281727
14860,15,231,-76.679414,39.281786
14860,15,232,-76.677905,39.281751
14861,15,350,-76.684467,39.281811
14861,15,229,-76.684824,39.281643
14862,15,351,-76.685566,39.279774
14862,15,12218,-76.685416,39.279785
14866,15,12544,-76.686224,39.277753
14866,15,352,-76.687537,39.276052
14866,15,354,-76.690065,39.275763
14866,15,355,-76.692469,39.276587
14866,15,356,-76.69397,39.275441
14866,15,12848,-76.694633,39.275914
14866,15,12217,-76.694323,39.275402
14866,15,223,-76.691576,39.276062
14866,15,225,-76.688863,39.274923
14866,15,353,-76.687647,39.275759
14866,15,226,-76.686269,39.277408
14872,15,358,-76.694484,39.279829
14872,15,360,-76.694694,39.28148
14872,15,361,-76.696842,39.281436
14872,15,363,-76.700346,39.281193
14872,15,10312,-76.699287,39.281162
14872,15,216,-76.697244,39.281274
14872,15,217,-76.695939,39.281297
14872,15,219,-76.694181,39.280746
14873,15,12241,-76.704469,39.280947
14873,15,366,-76.706309,39.280332
14873,15,209,-76.706295,39.279998
14873,15,12514,-76.705642,39.280646
14876,15,367,-76.708771,39.278866
14876,15,369,-76.711953,39.277584
14876,15,207,-76.710608,39.277981
14878,15,371,-76.71469,39.276517
14878,15,372,-76.716997,39.275763
14878,15,201,-76.716648,39.275632
14878,15,202,-76.716883,39.275622
14878,15,204,-76.714083,39.276604
14879,15,374,-76.720838,39.274458
14879,15,199,-76.721115,39.274244
14880,15,377,-76.727077,39.273078
14880,15,378,-76.728362,39.272792
14880,15,197,-76.725684,39.27326
14885,15,380,-76.735283,39.271276
14885,15,382,-76.737848,39.270736
14885,15,384,-76.740615,39.270136
14885,15,190,-76.739506,39.270221
14885,15,192,-76.735793,39.271035
14886,15,387,-76.745656,39.269013
14886,15,388,-76.747692,39.268639
14886,15,186,-76.747514,39.268515
14888,15,12242,-76.755115,39.26818
14888,15,12213,-76.754859,39.268054
14889,15,391,-76.756749,39.271366
14889,15,12212,-76.756874,39.270646
14890,15,392,-76.756435,39.273543
14890,15,13737,-76.756377,39.27367
14891,15,10877,-76.755152,39.276771
14891,15,182,-76.755214,39.276891
14892,15,10878,-76.754393,39.280216
14892,15,7556,-76.753952,39.281572
14892,15,180,-76.753535,39.282739
14892,15,7534,-76.754377,39.281083
14915,15,12215,-76.695757,39.277987
14941,15,12709,-76.588114,39.220547
14942,15,13693,-76.587599,39.215321
14942,15,13694,-76.587442,39.215411
14943,15,12710,-76.585773,39.210161
14943,15,6895,-76.585048,39.209534
14944,15,6870,-76.573465,39.205859
14944,15,6894,-76.572944,39.205918
14945,15,6871,-76.568761,39.204909
14945,15,6893,-76.568517,39.205044
14946,15,10967,-76.559872,39.203064
14946,15,6891,-76.560979,39.203545
14947,15,10968,-76.55622,39.200261
14947,15,10969,-76.555929,39.200371
14948,15,12721,-76.554791,39.193184
14949,15,6872,-76.549009,39.181555
14949,15,6888,-76.549177,39.182044
14950,15,6877,-76.543264,39.177268
14951,15,13581,-76.549785,39.176646
14951,15,6887,-76.551075,39.177883
14954,15,13517,-76.551285,39.192834
14955,15,13339,-76.551343,39.194864
14962,15,6896,-76.586517,39.218869
14964,15,2741,-76.611092,39.23563
14964,15,2918,-76.611464,39.234478
14964,15,2743,-76.611563,39.234679
14967,15,2744,-76.612357,39.23195
14967,15,14044,-76.612907,39.230687
14967,15,2746,-76.613449,39.227608
14967,15,2916,-76.613072,39.228827
14967,15,2917,-76.612001,39.232292
14967,15,2745,-76.613326,39.229355
14968,15,2747,-76.613756,39.224251
14968,15,2914,-76.613526,39.223764
14968,15,2915,-76.613339,39.225654
14970,15,2748,-76.614098,39.220653
14970,15,2749,-76.614351,39.217874
14970,15,2750,-76.614562,39.216212
14970,15,2911,-76.614356,39.215397
14970,15,2912,-76.614101,39.217834
14970,15,2913,-76.61377,39.220852
14970,15,12726,-76.613937,39.219016
14972,15,2751,-76.615046,39.212003
14972,15,2910,-76.614765,39.210799
14973,15,2752,-76.614218,39.204257
14973,15,2907,-76.613654,39.202558
14973,15,2909,-76.613915,39.204497
14974,15,2756,-76.613488,39.196856
14974,15,2906,-76.613099,39.197357
14975,15,2767,-76.613671,39.193366
14975,15,2905,-76.613249,39.194308
14977,15,2770,-76.613849,39.188335
14977,15,2771,-76.61406,39.185443
14977,15,2772,-76.614291,39.184024
14977,15,2899,-76.614159,39.184157
14977,15,12251,-76.613835,39.186994
14977,15,2901,-76.613349,39.188841
14979,15,12252,-76.615189,39.181636
14979,15,2897,-76.615113,39.181513
14980,15,2773,-76.616334,39.179688
14980,15,14066,-76.616536,39.17895
14980,15,2896,-76.616087,39.1798
14980,15,2774,-76.616762,39.178905
14981,15,2775,-76.618107,39.176254
14981,15,12277,-76.6175,39.177106
15040,15,2776,-76.62579,39.175862
15040,15,2895,-76.625785,39.175693
15040,15,12276,-76.622537,39.177208
15040,15,12253,-76.622242,39.177468
15040,15,12254,-76.6244,39.176513
14983,15,2777,-76.630679,39.170874
14986,15,2779,-76.627573,39.167557
14986,15,8722,-76.625211,39.164901
14986,15,2782,-76.625519,39.164087
14986,15,2890,-76.625526,39.163669
14986,15,2891,-76.625361,39.165324
14986,15,2893,-76.627297,39.167458
14986,15,2780,-76.62631,39.166036
14986,15,2892,-76.62646,39.166528
14988,15,2783,-76.627311,39.160972
14988,15,2888,-76.627845,39.159707
14988,15,12255,-76.626692,39.162004
14988,15,2889,-76.62669,39.16176
14990,15,12123,-76.629382,39.157417
14990,15,12256,-76.630425,39.155576
14990,15,2886,-76.630211,39.155456
14990,15,2887,-76.6295,39.156869
14991,15,12610,-76.637213,39.150016
14991,15,12611,-76.636644,39.150284
14992,15,12279,-76.639133,39.148204
14992,15,14043,-76.639991,39.147372
14992,15,12468,-76.639537,39.147506
14994,15,12690,-76.648402,39.145251
14995,15,12463,-76.63714,39.132657
14995,15,12464,-76.635655,39.134007
14995,15,12467,-76.637545,39.132683
14997,15,12695,-76.633177,39.137233
14997,15,12696,-76.633466,39.137659
14998,15,2789,-76.630785,39.141638
14998,15,8729,-76.631136,39.141817
14998,15,2790,-76.628858,39.141369
14998,15,2879,-76.628701,39.141496
14999,15,2791,-76.626326,39.140127
14999,15,2878,-76.626566,39.140413
15000,15,2788,-76.622417,39.1388
15000,15,2880,-76.621948,39.138821
15000,15,2793,-76.621225,39.138438
15000,15,2876,-76.620353,39.138364
15002,15,12258,-76.618354,39.140427
15002,15,2795,-76.618492,39.143623
15002,15,2874,-76.618769,39.143962
15002,15,2875,-76.618534,39.141496
15002,15,2794,-76.618363,39.142249
15003,15,2796,-76.619398,39.148588
15003,15,2873,-76.619584,39.148506
15005,15,2797,-76.619487,39.151286
15005,15,12259,-76.615942,39.153187
15005,15,2800,-76.615474,39.153531
15005,15,13672,-76.617013,39.152788
15005,15,10922,-76.618455,39.151973
15006,15,2799,-76.613242,39.151845
15007,15,2801,-76.608552,39.146677
15007,15,2869,-76.607925,39.146593
15017,15,12281,-76.602159,39.14118
15017,15,14039,-76.604339,39.142594
15017,15,2802,-76.603335,39.140857
15017,15,2867,-76.603111,39.141236
15009,15,2803,-76.593782,39.147606
15009,15,12490,-76.594452,39.147488
15010,15,12282,-76.585351,39.135233
15010,15,2864,-76.585276,39.135561
15011,15,2807,-76.587998,39.128922
15012,15,2863,-76.590193,39.126966
15012,15,2806,-76.590164,39.126301
15013,15,14038,-76.598257,39.135884
15015,15,8727,-76.588475,39.140902
15045,15,2902,-76.613346,39.190901
15045,15,2768,-76.613759,39.191211
15069,15,12257,-76.631482,39.153106
15069,15,2784,-76.631974,39.151298
15069,15,2884,-76.631698,39.151495
15069,15,2885,-76.631377,39.152547
15070,15,2785,-76.632006,39.148697
15070,15,2883,-76.631454,39.148206
15071,15,2786,-76.631576,39.145426
15071,15,2787,-76.631869,39.143929
15071,15,2882,-76.631126,39.146073
15077,15,12260,-76.601123,39.138367
15077,15,2865,-76.600369,39.138223
15078,15,2805,-76.593419,39.129876
15080,15,2808,-76.583098,39.118491
15080,15,2862,-76.582611,39.118588
15081,15,8724,-76.575532,39.110138
15081,15,8726,-76.574729,39.109817
15082,15,2810,-76.572523,39.10679
15082,15,2860,-76.571877,39.106717
15083,15,12261,-76.567795,39.101535
15084,15,8725,-76.565505,39.098965
15084,15,2859,-76.565037,39.099078
15085,15,2812,-76.554477,39.086747
15085,15,2858,-76.553849,39.086704
15086,15,12262,-76.550082,39.081893
15086,15,2857,-76.549294,39.081597
15087,15,2813,-76.5484,39.078745
15087,15,12270,-76.548197,39.079684
15088,15,2814,-76.546509,39.071856
15088,15,2854,-76.546458,39.07206
15089,15,12594,-76.539809,39.065362
15089,15,2851,-76.538847,39.064349
15090,15,2815,-76.53523,39.060966
15091,15,2816,-76.531571,39.058425
15091,15,2849,-76.53135,39.058424
15093,15,2825,-76.513172,39.054195
15094,15,2824,-76.510861,39.050816
15094,15,12280,-76.510751,39.050838
15102,15,2836,-76.498706,38.984582
15113,15,2821,-76.517354,39.054306
15116,15,2850,-76.537021,39.06238
15118,15,2852,-76.544049,39.068851
15118,15,2853,-76.544939,39.069941
15124,15,12271,-76.559781,39.093237
15126,15,12272,-76.569437,39.103969
15147,15,14076,-76.607251,39.280684
15148,15,14077,-76.606458,39.277649
15148,15,14072,-76.606243,39.277551
15149,15,14078,-76.605451,39.275218
15149,15,14071,-76.604495,39.274857
15151,15,14079,-76.601741,39.273338
15151,15,14164,-76.599748,39.271241
15151,15,13949,-76.600124,39.270003
15151,15,14070,-76.601865,39.273452
15151,15,89,-76.601826,39.27174
15151,15,91,-76.598696,39.270646
15151,15,104,-76.598674,39.27082
15151,15,105,-76.601123,39.271665
15152,15,10893,-76.608316,39.26294
15152,15,13761,-76.607662,39.263119
15161,15,14073,-76.610003,39.280733
15179,15,12592,-76.6234,39.281536
15179,15,12064,-76.62335,39.280345
15182,15,12618,-76.637795,39.260707
15182,15,11381,-76.638952,39.260888
15182,15,11382,-76.641101,39.261188
15182,15,10926,-76.642599,39.260364
15182,15,10959,-76.642642,39.260153
15182,15,5403,-76.641925,39.261145
15182,15,10962,-76.637368,39.260527
15187,15,10928,-76.644685,39.257626
15187,15,10929,-76.645922,39.255957
15187,15,10957,-76.645886,39.255793
15187,15,10958,-76.644667,39.257422
15191,15,10932,-76.647284,39.241907
15191,15,14040,-76.647126,39.241868
15192,15,10933,-76.647296,39.239907
15192,15,10934,-76.646434,39.23935
15192,15,10948,-76.646428,39.239504
15192,15,10949,-76.647197,39.24
15194,15,10936,-76.646649,39.236983
15194,15,4960,-76.647361,39.23566
15194,15,10937,-76.645631,39.235188
15194,15,10945,-76.644827,39.235306
15194,15,5390,-76.647046,39.23543
15194,15,10946,-76.646638,39.236826
15197,15,10938,-76.641826,39.234742
15197,15,10944,-76.641888,39.23488
15197,15,3301,-76.64161,39.234429
15198,15,10939,-76.641323,39.237235
15198,15,3299,-76.641504,39.236863
15199,15,10940,-76.641136,39.24072
15199,15,3298,-76.641305,39.240767
15200,15,3354,-76.640787,39.244722
15200,15,10942,-76.640952,39.244744
15231,15,3302,-76.641669,39.229611
15231,15,3347,-76.641441,39.229313
15233,15,3306,-76.65457,39.223622
15233,15,3342,-76.654687,39.223506
15234,15,11173,-76.658578,39.224411
15234,15,11178,-76.658964,39.224282
15235,15,3307,-76.663647,39.224609
15235,15,3341,-76.664209,39.224473
15236,15,14030,-76.673632,39.216936
15236,15,14029,-76.673409,39.216922
15237,15,11174,-76.677078,39.209353
15237,15,12760,-76.676663,39.209296
15238,15,11428,-76.677419,39.20713
15238,15,12041,-76.676916,39.206929
15239,15,12426,-76.677767,39.20337
15239,15,12042,-76.677522,39.20341
15240,15,12040,-76.680679,39.203354
15240,15,11176,-76.680401,39.203133
15241,15,3308,-76.683887,39.204021
15241,15,3340,-76.684913,39.203984
15242,15,3309,-76.69078,39.205414
15243,15,3310,-76.689297,39.206865
15245,15,11435,-76.685149,39.201981
15245,15,3338,-76.68526,39.201829
15246,15,11437,-76.689858,39.199608
15246,15,3337,-76.689628,39.200583
15247,15,3313,-76.688435,39.197708
15247,15,3336,-76.688474,39.197967
15248,15,3314,-76.685941,39.195547
15248,15,3335,-76.685894,39.195745
15249,15,12673,-76.683922,39.193322
15249,15,12674,-76.683984,39.193672
15250,15,14069,-76.681965,39.191562
15250,15,12452,-76.681817,39.191881
15252,15,12439,-76.6903,39.185286
15252,15,3320,-76.69067,39.18531
15253,15,12440,-76.69075,39.187655
15255,15,14173,-76.678894,39.170289
15256,15,3321,-76.70316,39.159497
15256,15,12451,-76.703347,39.159626
15257,15,3322,-76.703675,39.162069
15257,15,3331,-76.703873,39.161944
15258,15,12444,-76.702414,39.165345
15258,15,12450,-76.702422,39.165736
15259,15,8868,-76.703226,39.171619
15259,15,10799,-76.703795,39.171575
15260,15,3323,-76.706578,39.167421
15260,15,3330,-76.706676,39.166419
15261,15,12445,-76.707611,39.164688
15262,15,3324,-76.712461,39.161136
15262,15,3329,-76.712376,39.160887
15279,15,11177,-76.676564,39.216131
15286,15,3349,-76.641722,39.231958
15287,15,5419,-76.637842,39.286634
15287,15,5571,-76.637751,39.285563
15293,15,11002,-76.6534,39.279919
15293,15,11106,-76.655288,39.279063
15293,15,11107,-76.653619,39.279628
15294,15,11005,-76.658577,39.278184
15294,15,11104,-76.658791,39.277892
15295,15,11014,-76.661992,39.277036
15295,15,11100,-76.661995,39.276862
15296,15,11017,-76.667974,39.275052
15296,15,11093,-76.668394,39.274765
15299,15,11024,-76.684567,39.26961
15299,15,11087,-76.684936,39.269329
15300,15,5459,-76.688648,39.268242
15300,15,5536,-76.688957,39.267953
15301,15,11042,-76.692803,39.266822
15301,15,11083,-76.693065,39.266565
15303,15,11043,-76.6963,39.265695
15303,15,5473,-76.699507,39.264104
15303,15,5531,-76.699453,39.264315
15303,15,11081,-76.697651,39.265037
15304,15,11045,-76.697681,39.262899
15304,15,11079,-76.697372,39.262894
15305,15,11047,-76.695565,39.261558
15305,15,11078,-76.695343,39.261578
15306,15,11048,-76.697208,39.259443
15306,15,11077,-76.697428,39.259018
15307,15,11049,-76.699452,39.257157
15307,15,11076,-76.699187,39.257244
15308,15,11051,-76.700206,39.254876
15309,15,11885,-76.719621,39.246212
15334,15,4698,-76.686059,39.297488
15335,15,4700,-76.686189,39.299499
15336,15,14047,-76.687428,39.301895
15336,15,4702,-76.68671,39.302732
15336,15,4414,-76.685269,39.302668
15339,15,4415,-76.683889,39.300935
15339,15,4416,-76.683833,39.29958
15343,15,4728,-76.713622,39.284813
15343,15,4391,-76.713345,39.284872
15344,15,4730,-76.715848,39.281882
15344,15,4390,-76.715623,39.281845
15345,15,4731,-76.718903,39.281189
15345,15,4388,-76.719216,39.281054
15346,15,4733,-76.725675,39.28081
15346,15,4386,-76.723778,39.281039
15348,15,4373,-76.753253,39.27334
15349,15,4376,-76.748125,39.274383
15350,15,4378,-76.744476,39.275131
15351,15,4380,-76.739591,39.276207
15352,15,4381,-76.73636,39.276733
15354,15,4383,-76.72983,39.278835
15360,15,12273,-76.644886,39.288316
15360,15,3731,-76.645582,39.288169
15370,15,3933,-76.678062,39.286695
15370,15,3713,-76.678191,39.285194
15370,15,3714,-76.677481,39.285849
15371,15,3935,-76.680758,39.284255
15371,15,3712,-76.680383,39.284021
15372,15,3937,-76.683338,39.2853
15372,15,3710,-76.683745,39.285454
15374,15,3939,-76.686437,39.28714
15374,15,12411,-76.688826,39.28842
15374,15,12412,-76.688997,39.28864
15374,15,3705,-76.68907,39.28993
15374,15,8930,-76.688514,39.287946
15374,15,3708,-76.686576,39.287094
15376,15,3949,-76.708003,39.291965
15376,15,12418,-76.708509,39.291647
15378,15,7553,-76.71659,39.291425
15378,15,3960,-76.719054,39.291107
15378,15,3961,-76.72047,39.291717
15378,15,11161,-76.720642,39.291693
15378,15,3685,-76.718507,39.290814
15378,15,3683,-76.715776,39.291175
15380,15,10473,-76.718854,39.293659
15380,15,3962,-76.718235,39.294231
15380,15,3964,-76.719588,39.295142
15380,15,3680,-76.720327,39.295407
15380,15,3681,-76.718297,39.294531
15380,15,3682,-76.718731,39.293988
15386,15,3666,-76.754291,39.306161
15387,15,11400,-76.754461,39.303886
15388,15,3667,-76.75224,39.29794
15389,15,3668,-76.744758,39.296853
15417,15,4844,-76.670862,39.357321
15417,15,12665,-76.671,39.357321
15418,15,4845,-76.66657,39.358892
15418,15,5057,-76.666104,39.359242
15419,15,10910,-76.664208,39.361976
15419,15,10883,-76.664603,39.363258
15419,15,5054,-76.665001,39.363925
15419,15,4847,-76.664558,39.362201
15421,15,14033,-76.664326,39.366429
15422,15,4850,-76.660859,39.366513
15422,15,5052,-76.660385,39.366633
15426,15,4860,-76.644298,39.355641
15426,15,5042,-76.644071,39.355723
15427,15,4861,-76.643409,39.353177
15427,15,12732,-76.643116,39.352094
15427,15,5041,-76.642919,39.352152
15427,15,10908,-76.643099,39.352921
15429,15,10911,-76.641949,39.348573
15429,15,4864,-76.641803,39.347794
15429,15,4863,-76.641967,39.349152
15450,15,84,-76.608436,39.272771
15450,15,110,-76.608225,39.272943
15451,15,86,-76.605228,39.272904
15451,15,108,-76.605022,39.273051
15454,15,93,-76.594489,39.26918
15454,15,102,-76.594804,39.269407
15455,15,95,-76.591246,39.268046
15455,15,99,-76.590926,39.268074
15456,15,97,-76.584132,39.265927
15489,15,11668,-76.657344,39.383696
15490,15,7843,-76.667585,39.418918
15491,15,7841,-76.66829,39.420709
15492,15,12581,-76.795865,39.403886
15493,15,13549,-76.797958,39.406704
15494,15,12582,-76.797713,39.413277
15495,15,7949,-76.800392,39.414287
15495,15,12684,-76.802122,39.413494
15495,15,12685,-76.80233,39.413378
15495,15,12599,-76.800238,39.414163
15497,15,14154,-76.807928,39.412615
15500,15,12585,-76.801211,39.418992
15501,15,12586,-76.805959,39.423826
15502,15,12583,-76.809759,39.426192
15502,15,10676,-76.811339,39.425333
15506,15,3150,-76.534773,39.351306
15506,15,3103,-76.534837,39.350965
15512,15,3151,-76.537154,39.349188
15512,15,3152,-76.538375,39.348112
15512,15,3153,-76.54,39.34665
15512,15,3154,-76.541127,39.345652
15512,15,3155,-76.543144,39.344188
15512,15,3157,-76.545443,39.342578
15512,15,3097,-76.545557,39.342247
15512,15,3098,-76.544017,39.343334
15512,15,3099,-76.54171,39.344934
15512,15,3100,-76.540454,39.345972
15512,15,3101,-76.538362,39.347827
15512,15,3102,-76.536604,39.349388
15513,15,3158,-76.547679,39.341039
15513,15,3096,-76.547495,39.340885
15518,15,3166,-76.556748,39.334677
15518,15,3167,-76.558391,39.333531
15518,15,3168,-76.559262,39.332918
15518,15,3088,-76.559056,39.332826
15518,15,3089,-76.557132,39.334169
15523,15,3173,-76.566319,39.327563
15523,15,3083,-76.566113,39.327438
15526,15,3174,-76.568357,39.325882
15526,15,3175,-76.56933,39.325081
15526,15,3176,-76.571217,39.323549
15526,15,3080,-76.571277,39.323246
15526,15,3081,-76.569682,39.324499
15530,15,10463,-76.575811,39.319896
15530,15,3181,-76.57716,39.318726
15530,15,3182,-76.578701,39.317377
15530,15,3073,-76.578908,39.316932
15530,15,3074,-76.577542,39.31813
15530,15,3075,-76.57594,39.319541
15531,15,3186,-76.582105,39.314398
15531,15,3069,-76.582134,39.314115
15531,15,3071,-76.580956,39.315141
15543,15,5674,-76.461684,39.377468
15543,15,14101,-76.461332,39.377341
15545,15,8918,-76.500342,39.382479
15545,15,8917,-76.499829,39.382589
15546,15,12535,-76.503234,39.379666
15546,15,12534,-76.502535,39.379939
15547,15,13698,-76.505764,39.377183
15547,15,12533,-76.50593,39.376651
15548,15,3138,-76.509467,39.373909
15548,15,12532,-76.509776,39.373204
15549,15,3140,-76.519066,39.365166
15549,15,3113,-76.518638,39.365348
15596,16,2089,-77.412678,38.475418
15609,16,2002,-77.481875,38.752669
15609,16,2103,-77.482129,38.751991
15610,16,253,-77.478297,38.751078
15610,16,402,-77.478186,38.75044
15681,16,224,-77.485282,38.768053
15681,16,160,-77.487599,38.76817
15681,16,1551,-77.485439,38.767765
15612,16,1606,-77.490682,38.769717
15612,16,1785,-77.490346,38.7689
15613,16,1583,-77.505443,38.77915
15614,16,1205,-77.505483,38.781345
15615,16,1207,-77.510161,38.793083
15616,16,1208,-77.513404,38.7968
15627,16,1705,-77.599252,38.781458
15628,16,1678,-77.598367,38.777337
15629,16,1679,-77.594476,38.772518
15630,16,1680,-77.585039,38.763127
15631,16,1681,-77.569888,38.767522
15632,16,1674,-77.569229,38.771712
15633,16,1872,-77.563908,38.795023
15634,16,2093,-77.587056,38.799722
15644,16,2117,-77.6007,38.803553
15644,16,2072,-77.601183,38.803474
15645,16,2115,-77.614213,38.81102
15645,16,2069,-77.615445,38.811162
15646,16,2116,-77.621595,38.813192
15646,16,2068,-77.621767,38.812948
15647,16,2067,-77.637254,38.818082
15648,16,2075,-77.631827,38.818186
15651,16,2070,-77.609077,38.806559
15658,16,34,-77.517992,38.80907
15658,16,1877,-77.519982,38.808596
15659,16,170,-77.518722,38.80611
15659,16,1566,-77.518642,38.805972
15662,16,1890,-77.520181,38.797104
15662,16,168,-77.519884,38.795322
15662,16,399,-77.521912,38.793345
15662,16,1570,-77.521422,38.793375
15662,16,404,-77.519771,38.793917
15663,16,165,-77.525082,38.791807
15663,16,251,-77.524664,38.792447
15664,16,164,-77.522886,38.790963
15664,16,1569,-77.522484,38.791195
15665,16,228,-77.521006,38.787482
15665,16,250,-77.520147,38.7881
15666,16,162,-77.520592,38.784872
15666,16,1568,-77.520642,38.78551
15667,16,227,-77.517628,38.782426
15668,16,161,-77.514667,38.778653
15668,16,403,-77.515256,38.778518
15669,16,236,-77.511071,38.779268
15669,16,1567,-77.511402,38.779282
15670,16,2100,-77.503402,38.776423
15670,16,2087,-77.503646,38.776467
15671,16,2101,-77.498532,38.775797
15671,16,2086,-77.498207,38.775717
15672,16,2102,-77.497666,38.773425
15672,16,2085,-77.497655,38.773452
15673,16,2088,-77.503688,38.770293
15673,16,1544,-77.503815,38.76999
15674,16,1547,-77.505541,38.766583
15674,16,1543,-77.505947,38.767097
15675,16,1548,-77.502802,38.764788
15675,16,1542,-77.502597,38.764937
15676,16,1549,-77.500752,38.76376
15676,16,1541,-77.499174,38.763484
15677,16,1550,-77.497844,38.76172
15677,16,1540,-77.496781,38.761332
15678,16,1629,-77.494026,38.762903
15678,16,1630,-77.493964,38.763152
15679,16,1632,-77.492851,38.765735
15679,16,1631,-77.492124,38.766915
15683,16,2118,-77.482021,38.765418
15697,16,249,-77.516146,38.780447
15704,16,1546,-77.520804,38.804375
15709,16,2032,-77.442384,38.772025
15710,16,2033,-77.439916,38.775552
15711,16,2107,-77.437083,38.777009
15712,16,2034,-77.444868,38.770666
15712,16,146,-77.446126,38.770243
15712,16,145,-77.448119,38.771135
15712,16,144,-77.450089,38.771482
15712,16,1595,-77.450291,38.771278
15712,16,1596,-77.448179,38.770907
15712,16,1597,-77.446729,38.770295
15713,16,2048,-77.447163,38.767907
15713,16,2049,-77.44714,38.76788
15714,16,2050,-77.453039,38.761048
15714,16,2051,-77.453062,38.76095
15715,16,1704,-77.449942,38.75236
15715,16,1703,-77.449467,38.752012
15716,16,1626,-77.44974,38.748489
15717,16,1621,-77.451101,38.742807
15718,16,2119,-77.455933,38.73824
15718,16,2120,-77.455898,38.738204
15719,16,2000,-77.465422,38.733616
15719,16,1990,-77.465596,38.733268
15720,16,2001,-77.472761,38.733517
15720,16,1989,-77.473039,38.733427
15722,16,2052,-77.476257,38.733869
15722,16,2108,-77.478523,38.734553
15722,16,2098,-77.478527,38.735001
15722,16,1972,-77.4765,38.733717
15723,16,1535,-77.477999,38.738335
15723,16,1559,-77.475906,38.738768
15723,16,2013,-77.474682,38.739413
15723,16,1557,-77.478206,38.738368
15725,16,1784,-77.471639,38.742003
15725,16,1786,-77.471791,38.74178
15726,16,248,-77.473476,38.744955
15726,16,149,-77.473819,38.74511
15737,16,1625,-77.450116,38.745057
15739,16,231,-77.451126,38.755233
15740,16,246,-77.454529,38.75895
15744,16,2010,-77.442552,38.763321
15745,16,2104,-77.438637,38.761849
15746,16,2105,-77.435447,38.764769
15747,16,2114,-77.433434,38.762586
15748,16,2106,-77.43134,38.761124
15749,16,1996,-77.433659,38.758347
15750,16,204,-77.436856,38.758225
15755,16,1971,-77.453965,38.776696
15756,16,219,-77.457071,38.77861
15756,16,1594,-77.456815,38.778539
15757,16,2036,-77.461761,38.782477
15758,16,2110,-77.461174,38.784913
15758,16,2111,-77.461244,38.784958
15759,16,2113,-77.464671,38.784561
15759,16,2112,-77.46474,38.784427
15760,16,1573,-77.466269,38.782123
15760,16,1592,-77.466446,38.782035
15761,16,141,-77.471041,38.78326
15761,16,1591,-77.471072,38.783162
15762,16,140,-77.474142,38.781945
15762,16,1590,-77.473981,38.781852
15763,16,1574,-77.477849,38.782273
15763,16,1589,-77.478397,38.782415
15764,16,16,-77.481631,38.784497
15764,16,1588,-77.481651,38.784445
15765,16,138,-77.484567,38.781895
15765,16,1587,-77.484451,38.78187
15766,16,2037,-77.473374,38.774298
15766,16,2038,-77.473235,38.774263
15767,16,1992,-77.467011,38.770604
15767,16,2042,-77.466988,38.770613
15768,16,2043,-77.465832,38.76767
15768,16,2044,-77.465808,38.767679
15769,16,1605,-77.461746,38.762462
15769,16,229,-77.462137,38.761777
15770,16,2045,-77.465277,38.758446
15770,16,2046,-77.465185,38.758473
15771,16,1555,-77.466601,38.755148
15772,16,233,-77.468082,38.753578
15772,16,232,-77.468476,38.752668
15773,16,172,-77.470811,38.751988
15773,16,212,-77.470139,38.751245
15795,16,372,-77.294969,38.63012
15795,16,1871,-77.294122,38.630789
15795,16,1826,-77.294342,38.631048
15796,16,464,-77.296482,38.63593
15796,16,463,-77.296106,38.636555
15797,16,1968,-77.301286,38.644262
15797,16,1612,-77.301357,38.643678
15798,16,1624,-77.314072,38.648455
15798,16,1627,-77.313916,38.647753
15799,16,389,-77.328662,38.664442
15799,16,384,-77.330539,38.665222
15800,16,305,-77.350904,38.678632
15800,16,340,-77.351497,38.678293
15801,16,1988,-77.453325,38.740902
15801,16,1978,-77.453372,38.740893
15809,16,602,-77.341134,38.646798
15810,16,603,-77.333267,38.640823
15811,16,605,-77.325111,38.6385
15811,16,1762,-77.324826,38.638238
15811,16,440,-77.325676,38.637667
15812,16,438,-77.320651,38.634303
15812,16,439,-77.320414,38.634483
15813,16,322,-77.317922,38.631365
15813,16,328,-77.317159,38.631092
15814,16,412,-77.313952,38.62924
15815,16,323,-77.310944,38.628712
15815,16,327,-77.310074,38.628907
15817,16,608,-77.293867,38.640035
15817,16,465,-77.293906,38.640135
15817,16,462,-77.294126,38.639998
15818,16,609,-77.290519,38.653503
15818,16,611,-77.290604,38.652733
15819,16,1866,-77.288397,38.658054
15820,16,613,-77.283081,38.658922
15821,16,610,-77.280651,38.658658
15827,16,1916,-77.32729,38.64998
15828,16,385,-77.314279,38.652992
15828,16,1835,-77.313082,38.653595
15829,16,1840,-77.301621,38.658448
15829,16,1846,-77.302039,38.65818
15830,16,1841,-77.297898,38.657832
15830,16,1845,-77.297074,38.658091
15831,16,1842,-77.294429,38.657662
15831,16,1844,-77.293084,38.657564
15838,16,4,-77.332072,38.670657
15838,16,1976,-77.332818,38.672106
15838,16,2011,-77.33433,38.672833
15838,16,1875,-77.332992,38.672052
15838,16,1770,-77.333356,38.673532
15838,16,1975,-77.333699,38.671311
15840,16,265,-77.340349,38.674611
15840,16,1931,-77.341857,38.674959
15841,16,395,-77.347506,38.677665
15841,16,396,-77.348739,38.677767
15842,16,1782,-77.363756,38.678443
15842,16,345,-77.364369,38.677653
15843,16,408,-77.368887,38.676248
15843,16,417,-77.368924,38.675935
15844,16,306,-77.382624,38.674792
15844,16,339,-77.383759,38.6743
15845,16,1783,-77.394412,38.672886
15845,16,1716,-77.395422,38.671302
15845,16,447,-77.395304,38.671603
15847,16,342,-77.386629,38.667097
15847,16,338,-77.387412,38.667763
15848,16,308,-77.378536,38.664092
15848,16,337,-77.378422,38.664475
15849,16,309,-77.373601,38.66085
15849,16,336,-77.373282,38.661057
15850,16,430,-77.367827,38.659275
15850,16,415,-77.367824,38.65959
15851,16,311,-77.358705,38.659474
15851,16,344,-77.360187,38.659732
15852,16,431,-77.355381,38.65986
15852,16,432,-77.353254,38.660172
15852,16,445,-77.353179,38.66043
15852,16,446,-77.355904,38.660087
15854,16,410,-77.347671,38.660127
15854,16,414,-77.347066,38.660292
15855,16,313,-77.343966,38.658145
15855,16,333,-77.344351,38.658677
15856,16,433,-77.342957,38.654402
15856,16,332,-77.341882,38.65595
15857,16,434,-77.342171,38.649442
15857,16,2066,-77.341435,38.649092
15858,16,316,-77.338336,38.646775
15858,16,263,-77.338929,38.647428
15859,16,435,-77.341566,38.641752
15859,16,442,-77.341299,38.641908
15860,16,318,-77.342114,38.634218
15860,16,343,-77.342837,38.635473
15861,16,436,-77.339346,38.632777
15861,16,441,-77.339692,38.63292
15862,16,411,-77.335579,38.632945
15862,16,413,-77.336704,38.633038
15863,16,320,-77.329384,38.633275
15863,16,330,-77.328611,38.633582
15865,16,1882,-77.303445,38.627337
15865,16,326,-77.304804,38.62785
15866,16,325,-77.299401,38.636023
15866,16,262,-77.299569,38.636293
15890,16,416,-77.391117,38.66927
15895,16,1794,-77.36148,38.679707
15900,16,1758,-77.321739,38.534693
15900,16,1757,-77.322756,38.536155
15900,16,1876,-77.322225,38.535754
15901,16,1798,-77.324396,38.537755
15902,16,1797,-77.327831,38.542077
15902,16,1778,-77.327926,38.542077
15903,16,1760,-77.329547,38.553673
15903,16,1756,-77.329665,38.55365
15905,16,1759,-77.328202,38.558253
15905,16,1652,-77.326777,38.560458
15905,16,1755,-77.328272,38.559695
15906,16,1653,-77.323684,38.56307
15907,16,118,-77.325046,38.56533
15907,16,1694,-77.324996,38.56549
15908,16,115,-77.320447,38.569675
15908,16,297,-77.320324,38.570165
15909,16,114,-77.315641,38.573828
15909,16,377,-77.315417,38.57445
15910,16,283,-77.311811,38.579093
15910,16,1761,-77.312264,38.578988
15911,16,284,-77.308399,38.584503
15911,16,2095,-77.309581,38.583327
15911,16,1870,-77.309825,38.582932
15911,16,1665,-77.307343,38.583273
15912,16,2160,-77.30428,38.589558
15913,16,1849,-77.302104,38.592266
16006,16,122,-77.299516,38.593485
16006,16,1715,-77.300907,38.593862
16006,16,289,-77.296161,38.590783
16006,16,290,-77.297729,38.592142
16006,16,2012,-77.299235,38.592902
16006,16,292,-77.297317,38.591568
15915,16,1829,-77.296799,38.59811
15915,16,1830,-77.296249,38.599328
15916,16,5,-77.294904,38.608021
15916,16,406,-77.294254,38.609615
15918,16,422,-77.290625,38.612268
15918,16,427,-77.290789,38.612062
15918,16,1926,-77.289593,38.612642
15919,16,423,-77.292672,38.61872
15919,16,426,-77.292791,38.619128
15920,16,1693,-77.291167,38.622153
15920,16,407,-77.291312,38.62216
15921,16,1804,-77.284459,38.626885
15921,16,1803,-77.284336,38.628097
15923,16,1802,-77.283689,38.631972
15923,16,418,-77.284474,38.634657
15923,16,1801,-77.284197,38.633022
15923,16,476,-77.283986,38.634794
16001,16,1713,-77.306507,38.587508
16001,16,421,-77.303529,38.586652
16001,16,428,-77.304277,38.587192
15936,16,378,-77.325539,38.567948
15937,16,298,-77.330096,38.563732
15940,16,1651,-77.331692,38.544788
15945,16,714,-77.279119,38.676358
15945,16,715,-77.276511,38.676003
15945,16,2024,-77.278182,38.67589
15946,16,366,-77.273867,38.678212
15946,16,353,-77.274157,38.678457
15947,16,352,-77.267391,38.675938
15947,16,454,-77.267742,38.676402
15948,16,474,-77.264481,38.674307
15948,16,453,-77.264584,38.674794
15949,16,716,-77.255351,38.674992
15950,16,1108,-77.251141,38.670235
15955,16,902,-77.348024,38.624943
15955,16,903,-77.348936,38.623583
15955,16,904,-77.348666,38.622194
15958,16,905,-77.346531,38.621127
15959,16,906,-77.344467,38.619993
15960,16,907,-77.341626,38.616983
15961,16,908,-77.337889,38.611845
15962,16,909,-77.335526,38.608865
15963,16,929,-77.338766,38.603736
15964,16,911,-77.344004,38.605115
15965,16,927,-77.346886,38.605902
15966,16,926,-77.348621,38.607725
15966,16,913,-77.350549,38.60861
15968,16,914,-77.353191,38.609827
15969,16,915,-77.355336,38.610843
15970,16,916,-77.359186,38.610542
15971,16,917,-77.334544,38.593177
15972,16,918,-77.315842,38.576812
15975,16,1305,-77.255797,38.65276
15975,16,1301,-77.255647,38.65249
15976,16,380,-77.261627,38.64916
15976,16,450,-77.261767,38.648785
15977,16,280,-77.266381,38.641855
15977,16,272,-77.265987,38.641902
15978,16,1929,-77.269211,38.637002
15978,16,1928,-77.26935,38.636744
15979,16,1311,-77.273119,38.634838
15980,16,394,-77.279431,38.632965
15980,16,419,-77.280438,38.632955
15983,16,466,-77.290257,38.642949
15983,16,461,-77.290122,38.643283
15984,16,1834,-77.292369,38.645683
15985,16,467,-77.294891,38.648787
15985,16,460,-77.295266,38.649813
15989,16,1666,-77.304642,38.581392
15990,16,1885,-77.302476,38.580034
15991,16,1886,-77.299626,38.577134
15992,16,1008,-77.301877,38.575035
15993,16,1009,-77.304,38.574215
15994,16,1010,-77.305757,38.575505
15995,16,1011,-77.308186,38.576623
15995,16,2096,-77.309527,38.577547
15997,16,1657,-77.334563,38.549189
15998,16,282,-77.332846,38.55311
15999,16,375,-77.327816,38.562965
16003,16,286,-77.296072,38.586268
16003,16,287,-77.293717,38.58694
16003,16,294,-77.293986,38.586983
16003,16,295,-77.297029,38.586147
16004,16,288,-77.294437,38.589547
16004,16,293,-77.294049,38.589112
16007,16,1654,-77.291332,38.6084
16008,16,1925,-77.287702,38.616567
16009,16,1850,-77.278969,38.624291
16009,16,1851,-77.279039,38.624309
16010,16,1708,-77.275234,38.628922
16010,16,1927,-77.274943,38.629465
16027,16,2138,-77.335999,38.546628
16029,16,1807,-77.227782,38.922735
16029,18,3233,-77.226538,38.923973
16029,18,873,-77.226873,38.923675
16029,18,731,-77.227807,38.92273
16032,16,1808,-77.230686,38.923118
16032,16,1809,-77.232134,38.924705
16032,16,1810,-77.233672,38.926232
16032,18,3211,-77.231928,38.926409
16032,18,2135,-77.233735,38.925344
16032,18,736,-77.233668,38.926145
16032,18,737,-77.233692,38.925945
16032,18,738,-77.232191,38.924419
16032,18,734,-77.230497,38.922668
16032,18,733,-77.230662,38.923079
16032,18,739,-77.232231,38.924755
16032,18,3276,-77.233422,38.925209
16032,18,3212,-77.231846,38.926117
16033,16,1819,-77.236026,38.928415
16033,18,1805,-77.236398,38.92848
16033,18,1408,-77.23771,38.92893
16033,18,1806,-77.236033,38.928391
16034,16,2122,-77.234422,38.930662
16034,18,1703,-77.236499,38.931319
16034,18,2930,-77.234837,38.930417
16034,18,2931,-77.234435,38.930822
16035,16,1811,-77.230144,38.931923
16035,18,2721,-77.230127,38.931903
16035,18,1693,-77.23118,38.932701
16035,18,3195,-77.23164,38.932652
16035,18,1694,-77.231998,38.932579
16035,18,884,-77.230243,38.932056
16035,18,3196,-77.231888,38.932772
16037,16,1812,-77.227332,38.931912
16037,16,1813,-77.224731,38.931497
16037,18,886,-77.22745,38.931929
16037,18,2142,-77.224792,38.931461
16037,18,1302,-77.227264,38.930803
16037,18,883,-77.224893,38.931648
16037,18,885,-77.226817,38.93203
16038,16,1814,-77.219344,38.931313
16038,18,2143,-77.219408,38.931368
16038,18,889,-77.218885,38.931557
16038,18,882,-77.221254,38.931553
16039,16,1815,-77.216809,38.930238
16039,16,1817,-77.217681,38.926607
16039,18,2138,-77.218224,38.924589
16039,18,2144,-77.216874,38.930249
16039,18,2145,-77.21661,38.928624
16039,18,2146,-77.217683,38.926622
16039,18,2141,-77.218563,38.925071
16039,18,2924,-77.220278,38.92625
16039,18,1750,-77.220373,38.926077
16039,18,887,-77.217587,38.926421
16039,18,3087,-77.216383,38.927838
16039,18,888,-77.216763,38.930519
16042,16,1310,-77.275586,38.633555
16043,16,350,-77.253304,38.663293
16043,16,390,-77.254102,38.66364
16044,16,351,-77.257581,38.667037
16044,16,367,-77.257679,38.666948
16045,16,452,-77.260077,38.671558
16045,16,207,-77.260249,38.67158
16050,16,2025,-77.279911,38.674124
16051,16,455,-77.282671,38.679001
16051,16,473,-77.283554,38.678597
16052,16,354,-77.293977,38.682505
16052,16,365,-77.293962,38.682155
16053,16,456,-77.302041,38.68359
16053,16,472,-77.301132,38.683038
16054,16,457,-77.313424,38.68508
16054,16,471,-77.313651,38.684622
16055,16,356,-77.316901,38.683342
16055,16,364,-77.317353,38.682484
16056,16,357,-77.322251,38.680697
16056,16,41,-77.320401,38.68096
16057,16,358,-77.327854,38.677442
16057,16,363,-77.328954,38.676213
16059,16,44,-77.333747,38.668252
16060,16,2023,-77.307751,38.654063
16061,16,1843,-77.289941,38.655966
16061,16,2094,-77.290271,38.656439
16071,16,470,-77.324021,38.659759
16072,16,361,-77.332336,38.666818
16074,16,362,-77.331016,38.674633
16086,17,15182,-77.261032,39.183024
16086,17,15012,-77.261997,39.183559
16086,17,7012,-77.26821,39.189599
16086,17,7014,-77.270207,39.190062
16086,17,7016,-77.270988,39.191086
16086,17,9400,-77.27227,39.191933
16086,17,7006,-77.272728,39.192001
16086,17,7008,-77.2705,39.190158
16086,17,7010,-77.268089,39.18951
16086,17,14673,-77.260712,39.184399
16086,17,1528,-77.263779,39.18343
16086,17,5288,-77.264923,39.184601
16086,17,3684,-77.265793,39.185551
16086,17,3686,-77.266365,39.187195
16086,17,3688,-77.267385,39.188479
16086,17,9040,-77.271996,39.191433
16086,17,3690,-77.267456,39.188381
16086,17,3692,-77.266762,39.187489
16086,17,3694,-77.265939,39.185741
16086,17,5286,-77.264511,39.184521
16086,17,1534,-77.264374,39.184019
16088,17,5524,-77.10363,39.028255
16088,17,7730,-77.103076,39.028273
16088,17,15298,-77.10292,39.028384
16088,17,3164,-77.103047,39.028663
16520,17,5536,-77.110334,39.042215
16520,17,5618,-77.110458,39.041631
16520,17,4536,-77.110587,39.044759
16520,17,4538,-77.108669,39.0448
16520,17,4540,-77.106445,39.04489
16520,17,4542,-77.104444,39.045659
16520,17,4548,-77.104425,39.04592
16520,17,4550,-77.106,39.045075
16520,17,4552,-77.108818,39.044918
16520,17,5538,-77.111043,39.043692
16520,17,5540,-77.11186,39.045446
16520,17,5612,-77.111913,39.04499
16520,17,5614,-77.111129,39.043359
16092,17,5560,-77.128311,39.067248
16092,17,5590,-77.12854,39.067092
16097,17,2494,-77.182938,39.126293
16097,17,2654,-77.182524,39.125636
17594,17,2506,-77.194664,39.138523
17594,17,2644,-77.193695,39.137337
17594,17,8366,-77.196811,39.140251
17594,17,2642,-77.196373,39.139545
17594,17,1822,-77.195411,39.142036
17594,17,5690,-77.196416,39.142404
17594,17,5692,-77.196785,39.1445
17594,17,5722,-77.196897,39.144129
17594,17,5724,-77.196519,39.142058
17594,17,17550,-77.195748,39.140689
17371,17,30010,-77.199382,39.153026
17371,17,3722,-77.199005,39.152836
17371,17,1456,-77.195961,39.152662
17371,17,1460,-77.198464,39.155856
17371,17,1462,-77.200613,39.15529
17371,17,3714,-77.202226,39.15628
17371,17,998,-77.204633,39.158592
17371,17,1000,-77.20623,39.159641
17371,17,994,-77.206227,39.159386
17371,17,996,-77.204877,39.158551
17371,17,3716,-77.203812,39.157318
17371,17,3718,-77.201011,39.154583
17371,17,3712,-77.200127,39.15424
17371,17,4266,-77.205651,39.157371
17371,17,4204,-77.203603,39.158452
17371,17,8962,-77.193929,39.152578
17371,17,4646,-77.197701,39.152338
17371,17,8960,-77.193941,39.15242
17725,17,5626,-77.105066,39.030193
17725,17,5526,-77.104759,39.030313
17725,17,6470,-77.103967,39.030713
17725,17,3148,-77.107678,39.025836
17725,17,3150,-77.107312,39.027549
17725,17,6468,-77.107679,39.029216
17725,17,6474,-77.103903,39.030913
17725,17,6476,-77.107147,39.029778
17725,17,3152,-77.107472,39.027518
17725,17,3154,-77.107713,39.025716
16112,17,15546,-77.088701,38.962126
16112,17,7248,-77.089706,38.962212
16112,17,7250,-77.091375,38.962521
16112,17,7252,-77.094115,38.962837
16112,17,7238,-77.093442,38.962689
16112,17,7240,-77.091397,38.962416
16112,17,7242,-77.089515,38.96203
16113,17,7254,-77.09681,38.960645
16113,17,5412,-77.098409,38.96138
16113,17,5410,-77.098464,38.961242
16113,17,7236,-77.096573,38.960648
16117,17,17042,-77.100525,38.962845
16117,17,5416,-77.10154,38.963524
16117,17,17043,-77.103613,38.964855
16117,17,5404,-77.103253,38.964335
16117,17,5406,-77.101423,38.963141
16117,17,5408,-77.100507,38.962604
16118,17,5420,-77.10571,38.966412
16118,17,5344,-77.106558,38.966174
16118,17,7118,-77.107292,38.965343
16118,17,7120,-77.106718,38.963717
16118,17,7122,-77.106551,38.962232
16118,17,7112,-77.106609,38.96165
16118,17,7114,-77.106667,38.964042
16118,17,7116,-77.107145,38.965601
16118,17,5402,-77.10576,38.966128
16156,17,3936,-77.104012,38.954433
16156,17,3938,-77.105408,38.955669
16156,17,3920,-77.10555,38.955473
16156,17,3922,-77.104499,38.954605
16159,17,3956,-77.123001,38.964948
16159,17,3958,-77.12426,38.965881
16159,17,3900,-77.124573,38.965923
16159,17,3902,-77.123408,38.965105
16161,17,3898,-77.126317,38.967338
16161,17,3964,-77.128096,38.968251
16161,17,3966,-77.129924,38.969145
16161,17,2970,-77.129459,38.970752
16161,17,2980,-77.129085,38.971106
16161,17,3894,-77.129585,38.968842
16161,17,3896,-77.128465,38.968286
16161,17,3962,-77.126513,38.967291
16164,17,2982,-77.133267,38.969474
16164,17,2968,-77.132735,38.969439
16165,17,2984,-77.13804,38.969314
16165,17,2966,-77.138581,38.968529
16169,17,2972,-77.126054,38.970954
16169,17,2978,-77.125485,38.971273
16170,17,2974,-77.122695,38.972295
16170,17,5428,-77.122624,38.973758
16170,17,5394,-77.122538,38.973494
16170,17,2976,-77.122662,38.972533
16172,17,7196,-77.125592,38.975976
16172,17,7198,-77.124596,38.977582
16172,17,7220,-77.124741,38.977608
16172,17,7222,-77.12538,38.976423
16174,17,7200,-77.124474,38.979485
16174,17,7218,-77.124734,38.979728
16175,17,7202,-77.125676,38.981517
16175,17,7204,-77.125877,38.982754
16175,17,7214,-77.126043,38.982788
16175,17,7216,-77.125824,38.981525
16177,17,7206,-77.12661,38.985276
16177,17,7212,-77.126834,38.985474
16178,17,7208,-77.127516,38.98727
16178,17,7276,-77.126953,38.988396
16178,17,7278,-77.125944,38.988715
16178,17,7336,-77.125938,38.988808
16178,17,7210,-77.127591,38.987659
16178,17,7338,-77.128414,38.988118
16181,17,7280,-77.123212,38.989448
16181,17,7282,-77.121666,38.989882
16181,17,7284,-77.119901,38.989105
16181,17,7330,-77.119916,38.989201
16181,17,7332,-77.120993,38.989858
16181,17,7334,-77.122857,38.989711
20101,17,7286,-77.117783,38.987865
20101,17,7288,-77.116028,38.986389
20101,17,7290,-77.113892,38.986347
20101,17,7292,-77.111801,38.986935
20101,17,7294,-77.110062,38.987053
20101,17,7296,-77.108819,38.987086
20101,17,7298,-77.107191,38.987118
20101,17,7300,-77.105682,38.987148
20101,17,7314,-77.105579,38.987227
20101,17,7316,-77.107361,38.987179
20101,17,7318,-77.108414,38.987167
20101,17,7320,-77.109777,38.987138
20101,17,7322,-77.111977,38.987008
20101,17,7326,-77.114524,38.986297
20101,17,7328,-77.117739,38.98794
20101,17,486,-77.115269,38.986005
20101,17,8224,-77.115423,38.988166
20101,17,488,-77.116058,38.989223
20101,17,444,-77.115551,38.988109
20101,17,446,-77.115372,38.986015
20101,17,448,-77.114979,38.984352
20101,17,450,-77.11443,38.983387
16248,17,17642,-77.285498,39.061866
16249,17,30078,-77.281788,39.060857
16249,17,30079,-77.281978,39.060995
16250,17,30084,-77.274489,39.063652
16250,17,30083,-77.274425,39.063877
16251,17,30048,-77.265254,39.065206
16251,17,30049,-77.265381,39.065268
16252,17,17647,-77.263155,39.068472
16252,17,17648,-77.263346,39.06863
16253,17,30086,-77.258852,39.075559
16253,17,30085,-77.25905,39.075564
16254,17,17643,-77.248753,39.081295
16254,17,17644,-77.24869,39.081358
16254,17,9626,-77.249396,39.08257
16255,17,17468,-77.245338,39.080469
16255,17,17467,-77.244759,39.080414
16256,17,9764,-77.241108,39.080318
16256,17,9612,-77.241333,39.080407
16257,17,9608,-77.237946,39.080635
16257,17,9624,-77.237501,39.080926
16258,17,9610,-77.234886,39.082012
16258,17,9622,-77.234833,39.082138
16259,17,17645,-77.231754,39.083037
16259,17,17646,-77.231945,39.083087
16260,17,30087,-77.22842,39.084059
16260,17,30088,-77.228699,39.084195
16261,17,9676,-77.224266,39.085165
16261,17,9620,-77.22477,39.08514
16262,17,17408,-77.218697,39.086331
16262,17,17473,-77.218747,39.086522
16263,17,3040,-77.204031,39.098218
16263,17,3994,-77.203034,39.098717
16263,17,644,-77.201653,39.098988
16263,17,652,-77.201872,39.099144
16263,17,4002,-77.202753,39.098909
16263,17,3086,-77.204374,39.098255
16263,17,646,-77.201141,39.099972
16263,17,17146,-77.200272,39.101597
16263,17,17551,-77.199913,39.103199
16266,17,17419,-77.199592,39.097976
16266,17,4018,-77.199577,39.09818
16266,17,14546,-77.200562,39.097294
16268,17,14547,-77.197727,39.096368
16268,17,4014,-77.195316,39.097196
16268,17,4016,-77.19537,39.097495
16268,17,17581,-77.197516,39.096712
16268,17,9472,-77.195084,39.099174
16268,17,4000,-77.195367,39.099122
16268,17,10022,-77.195897,39.097721
16676,17,7802,-77.195954,39.092846
16676,17,2960,-77.19452,39.091529
16676,17,7604,-77.193858,39.08996
16676,17,7606,-77.193129,39.088861
16676,17,17092,-77.196103,39.094525
16676,17,7664,-77.193718,39.09
16676,17,2958,-77.194387,39.091909
16676,17,1661,-77.196024,39.093729
16676,17,14558,-77.197568,39.091341
16676,17,14542,-77.196865,39.092733
16676,17,7662,-77.193077,39.088978
16274,17,7608,-77.191494,39.087483
16274,17,7610,-77.189288,39.086786
16274,17,7658,-77.188817,39.086823
16274,17,7660,-77.191082,39.08744
16275,17,7612,-77.187202,39.085286
16275,17,7656,-77.187042,39.084965
16815,17,7614,-77.185614,39.080714
16815,17,7654,-77.185555,39.080853
16815,17,17027,-77.180889,39.084382
16815,17,17028,-77.181923,39.083321
16815,17,17029,-77.183283,39.082312
16815,17,17030,-77.184239,39.081492
16815,17,3344,-77.184441,39.081233
16815,17,3346,-77.18289,39.082479
16815,17,3348,-77.181801,39.083267
16815,17,3350,-77.180401,39.084718
16277,17,7616,-77.183447,39.079277
16277,17,7652,-77.183371,39.079376
16278,17,7618,-77.182023,39.076351
16278,17,7620,-77.182347,39.074621
16278,17,7648,-77.182191,39.07475
16278,17,7650,-77.181916,39.077638
16280,17,7624,-77.175259,39.07096
16280,17,7626,-77.173144,39.070536
16280,17,7642,-77.172813,39.070618
16280,17,7644,-77.174874,39.071002
16283,17,2090,-77.169357,39.070065
16283,17,2092,-77.167424,39.071285
16283,17,2094,-77.167838,39.071335
16283,17,7640,-77.170476,39.070249
16283,17,7628,-77.16954,39.069252
16286,17,3006,-77.16256,39.076844
16286,17,14890,-77.161903,39.0783
16286,17,3008,-77.160805,39.080536
16286,17,3018,-77.161201,39.080132
16286,17,14889,-77.161669,39.079299
16286,17,3020,-77.162865,39.076568
16286,17,3892,-77.162283,39.076239
16286,17,3878,-77.162184,39.076044
16287,17,3010,-77.159338,39.082374
16287,17,3016,-77.159576,39.082325
16293,17,17641,-77.249092,39.058737
16308,17,7646,-77.178311,39.07186
16308,17,7622,-77.178784,39.071837
16342,17,26,-77.047821,39.043213
16342,17,28,-77.047855,39.044733
16342,17,30,-77.048459,39.046961
16342,17,32,-77.048582,39.046696
16342,17,34,-77.048134,39.045125
16342,17,36,-77.047943,39.043488
16343,17,58,-77.04284,39.047176
16343,17,60,-77.040684,39.047229
16343,17,90,-77.04078,39.047328
16343,17,92,-77.04277,39.047295
16345,17,62,-77.037025,39.046986
16345,17,88,-77.037071,39.047104
16346,17,9226,-77.031376,39.046506
16346,17,9228,-77.029756,39.04702
16346,17,9242,-77.030052,39.047066
16346,17,86,-77.032484,39.04622
16346,17,64,-77.032433,39.04604
16348,17,9230,-77.025215,39.048566
16348,17,9240,-77.025427,39.048568
16349,17,10025,-77.024632,39.052263
16349,17,10026,-77.024784,39.052251
16349,17,9238,-77.024803,39.051605
16350,17,9234,-77.023403,39.055725
16350,17,9236,-77.023579,39.055687
16351,17,8084,-77.025895,39.061081
16351,17,8086,-77.026715,39.062126
16352,17,8572,-77.03078,39.066612
16352,17,8484,-77.029874,39.066377
16353,17,8574,-77.034384,39.066214
16353,17,8482,-77.033845,39.065976
16354,17,30002,-77.034504,39.070048
16354,17,30003,-77.034652,39.070133
16355,17,30004,-77.030502,39.075763
16355,17,30005,-77.030591,39.07613
16356,17,30007,-77.034395,39.079219
16356,17,30006,-77.034867,39.079145
17032,17,3576,-77.046223,39.077034
17032,17,3548,-77.04599,39.077259
17032,17,3550,-77.046622,39.079621
17032,17,3552,-77.046881,39.08145
17032,17,3572,-77.047043,39.080731
17032,17,3574,-77.046691,39.078778
16358,17,3578,-77.045799,39.074463
16358,17,3580,-77.045639,39.072941
16358,17,3544,-77.045317,39.072518
16358,17,3546,-77.045558,39.074841
16360,17,3582,-77.046217,39.068635
16360,17,3542,-77.045387,39.069576
16361,17,3583,-77.047994,39.065602
16361,17,10000,-77.047699,39.065456
16362,17,3584,-77.049828,39.06403
16362,17,3540,-77.049665,39.063661
16389,17,17572,-77.194554,38.97584
16389,17,7752,-77.194603,38.977562
16389,17,7754,-77.194282,38.977563
16390,17,7748,-77.206413,38.978512
16390,17,7758,-77.20615,38.9786
16391,17,7750,-77.197296,38.978138
16391,17,7756,-77.19709,38.978252
16393,17,3748,-77.18697,38.975927
16393,17,3802,-77.187241,38.976093
16394,17,9424,-77.182528,38.976553
16394,17,17284,-77.181562,38.977069
16394,17,3800,-77.182861,38.976181
16396,17,9428,-77.173515,38.982151
16397,17,14566,-77.171966,38.980321
16397,17,9422,-77.171109,38.97894
16399,17,9420,-77.169859,38.976955
16401,17,3752,-77.167981,38.974246
16401,17,3754,-77.165564,38.974637
16401,17,3756,-77.163571,38.97485
16401,17,3758,-77.161434,38.974321
16401,17,3794,-77.162743,38.974743
16401,17,3796,-77.165986,38.974565
16401,17,3798,-77.167991,38.974306
16404,17,3760,-77.158944,38.973611
16404,17,3790,-77.158882,38.97374
16405,17,3762,-77.156186,38.973489
16405,17,3788,-77.156113,38.973557
16406,17,3764,-77.153278,38.9728
16406,17,3786,-77.153002,38.972883
16407,17,3768,-77.14698,38.972801
16407,17,3782,-77.14724,38.972919
16408,17,7260,-77.143989,38.975255
16408,17,7354,-77.14479,38.974845
16409,17,7262,-77.142914,38.977196
16409,17,7264,-77.142455,38.978932
16409,17,7350,-77.142715,38.978348
16409,17,7352,-77.142998,38.977211
16411,17,7266,-77.140472,38.981396
16411,17,7348,-77.140679,38.981399
16414,17,7268,-77.136864,38.98391
16414,17,7270,-77.135649,38.985045
16414,17,7272,-77.133877,38.986552
16414,17,7274,-77.132321,38.986931
16414,17,17438,-77.131912,38.987188
16414,17,7342,-77.133809,38.986657
16414,17,7344,-77.135521,38.985367
16414,17,17439,-77.137564,38.9838
16449,17,3440,-77.074064,39.006858
16450,17,3442,-77.0737,39.011463
16450,17,3472,-77.074898,39.012768
16450,17,3474,-77.07391,39.011103
16451,17,3446,-77.076483,39.01492
16451,17,3470,-77.07668,39.015436
16452,17,3448,-77.076363,39.017952
16452,17,3468,-77.076469,39.01801
16453,17,3450,-77.074366,39.019495
16453,17,3466,-77.074585,39.019517
16464,17,4506,-77.072586,39.036564
16464,17,4508,-77.071571,39.037735
16464,17,4530,-77.071451,39.037996
16464,17,4532,-77.072746,39.036568
16466,17,4510,-77.070015,39.039696
16466,17,4528,-77.070061,39.039925
16467,17,4512,-77.06967,39.041755
16467,17,4514,-77.068909,39.042535
16467,17,4524,-77.068669,39.042828
16467,17,4526,-77.069816,39.041781
16470,17,6812,-77.067241,39.0468
16470,17,6832,-77.067732,39.046845
16475,17,30012,-77.067066,39.053557
16477,17,30013,-77.065009,39.05512
16477,17,30014,-77.065367,39.057122
16477,17,30064,-77.066425,39.056291
16477,17,30065,-77.066282,39.056462
16477,17,30021,-77.065238,39.057006
19273,17,30015,-77.069486,39.05679
19273,17,30016,-77.068793,39.060192
19273,17,30019,-77.06906,39.060254
19273,17,30020,-77.069589,39.057271
19273,17,8596,-77.068685,39.059231
19273,17,8598,-77.070924,39.058646
19273,17,8600,-77.074117,39.057372
19273,17,8456,-77.073976,39.057114
19273,17,8458,-77.071432,39.057998
19273,17,8460,-77.069431,39.058978
19273,17,1366,-77.073448,39.05859
19273,17,1368,-77.073652,39.057454
16481,17,30017,-77.064126,39.06283
16481,17,30018,-77.064206,39.062985
16526,17,4544,-77.101883,39.048716
16526,17,322,-77.100789,39.048124
16526,17,324,-77.098381,39.047237
16526,17,326,-77.098022,39.047569
16526,17,328,-77.100112,39.048224
16526,17,4546,-77.102013,39.048443
16527,17,5806,-77.097647,39.04526
16527,17,5804,-77.097511,39.045185
16528,17,5808,-77.094925,39.041549
16528,17,5802,-77.094616,39.041596
16529,17,5810,-77.091461,39.04018
16529,17,5800,-77.091553,39.04047
16567,17,2756,-77.087089,39.041733
16567,17,1790,-77.085585,39.043195
16567,17,17351,-77.08564,39.042419
16567,17,2758,-77.087377,39.041771
16531,17,1778,-77.087287,39.045508
16531,17,1788,-77.087448,39.045601
16532,17,1780,-77.088468,39.048352
16532,17,1786,-77.088586,39.048434
16533,17,1782,-77.088737,39.050346
16533,17,3804,-77.087147,39.050698
16533,17,2242,-77.086578,39.050819
16533,17,1784,-77.088997,39.050507
16535,17,2232,-77.084259,39.051762
16535,17,2240,-77.084001,39.052108
16536,17,2234,-77.080735,39.052382
16536,17,2238,-77.080476,39.052501
16542,17,17544,-77.063819,39.052836
16543,17,17542,-77.062773,39.050502
16544,17,17543,-77.060369,39.049669
16544,17,17547,-77.05941,39.04884
16546,17,4814,-77.061943,39.047371
16580,17,7168,-77.147885,39.026679
16580,17,7166,-77.147839,39.026405
16580,17,7174,-77.145963,39.026791
16581,17,7170,-77.149419,39.024621
16581,17,7172,-77.149994,39.02335
16581,17,7162,-77.14983,39.023295
16581,17,7164,-77.149277,39.024487
16583,17,1740,-77.154175,39.023294
16583,17,1742,-77.156129,39.023323
16583,17,1726,-77.155975,39.023052
16583,17,1728,-77.153679,39.02301
20270,17,1744,-77.163986,39.023265
20270,17,1722,-77.164024,39.02306
20270,17,1724,-77.161711,39.023108
20270,17,5874,-77.162368,39.023981
20270,17,5876,-77.16198,39.026417
20270,17,5878,-77.161749,39.027618
20270,17,5880,-77.161591,39.030281
20270,17,5882,-77.161406,39.031212
20270,17,5934,-77.161589,39.031367
20270,17,5935,-77.161877,39.02927
20270,17,5936,-77.161919,39.027897
20270,17,5938,-77.162149,39.026359
20270,17,5940,-77.162673,39.024835
16586,17,1746,-77.16741,39.022466
16586,17,2710,-77.168004,39.023381
16586,17,2712,-77.168063,39.024435
16586,17,2746,-77.168112,39.02463
16586,17,2750,-77.167892,39.022701
16589,17,2714,-77.168972,39.027421
16589,17,2716,-77.17023,39.028835
16589,17,2742,-77.170078,39.028526
16589,17,2744,-77.16925,39.027657
16591,17,2718,-77.172531,39.030396
16591,17,2720,-77.173084,39.031746
16591,17,2738,-77.173279,39.031704
16591,17,2740,-77.172915,39.030798
16593,17,2722,-77.174096,39.036048
16593,17,2736,-77.174216,39.035629
16594,17,2726,-77.172567,39.040767
16594,17,2732,-77.172947,39.0414
16594,17,2734,-77.172652,39.040046
16594,17,6512,-77.172447,39.041111
16594,17,6432,-77.17242,39.040985
16595,17,2728,-77.171379,39.044041
16595,17,6854,-77.171623,39.045116
16595,17,6852,-77.171181,39.044739
16595,17,2730,-77.171669,39.043972
16597,17,6856,-77.17391,39.046917
16597,17,6850,-77.173875,39.046534
16598,17,6858,-77.176247,39.049095
16598,17,6860,-77.177762,39.050151
16598,17,5010,-77.176926,39.051155
16598,17,5032,-77.17692,39.051286
16598,17,6846,-77.177656,39.049973
16598,17,6848,-77.176313,39.04896
16601,17,5012,-77.174806,39.052246
16601,17,5030,-77.174644,39.052418
16602,17,5014,-77.172078,39.052743
16602,17,5016,-77.170032,39.05282
16602,17,5018,-77.167999,39.052643
16602,17,5024,-77.167684,39.052742
16602,17,5026,-77.169731,39.052937
16602,17,5028,-77.172264,39.052846
16606,17,5020,-77.165105,39.052381
16606,17,5898,-77.163162,39.054008
16606,17,5900,-77.162232,39.055482
16606,17,5916,-77.162595,39.055198
16606,17,5918,-77.16364,39.053475
16606,17,5022,-77.165143,39.052478
16606,17,5896,-77.163967,39.051885
16606,17,5920,-77.164131,39.052048
16608,17,5902,-77.161293,39.058407
16608,17,5914,-77.161484,39.058408
16608,17,17501,-77.160217,39.059517
16608,17,17502,-77.160252,39.0597
16608,17,16085,-77.161568,39.057419
20281,17,5904,-77.160667,39.062305
20281,17,17538,-77.159223,39.06227
20281,17,17504,-77.157935,39.06167
20281,17,17503,-77.157768,39.061588
20281,17,17539,-77.159103,39.062359
20281,17,5912,-77.160927,39.06213
20281,17,5906,-77.160804,39.064297
20281,17,5910,-77.160976,39.063545
16612,17,17660,-77.157331,39.058977
16612,17,17659,-77.157469,39.058914
16613,17,4290,-77.14699,39.055138
16613,17,4292,-77.145096,39.054642
16613,17,17111,-77.143508,39.05424
16613,17,4320,-77.142967,39.054531
16613,17,4322,-77.146852,39.055285
16616,17,4294,-77.13843,39.053964
16616,17,4318,-77.137794,39.054035
16617,17,4296,-77.132103,39.053211
16617,17,4298,-77.13002,39.052994
16617,17,4314,-77.130081,39.053177
16617,17,4316,-77.132145,39.053375
16624,17,17575,-77.109528,39.049538
16673,17,14972,-77.202408,39.092743
16673,17,14979,-77.204186,39.091527
16673,17,17081,-77.204002,39.090706
16673,17,14557,-77.202459,39.090104
16673,17,14548,-77.202376,39.09031
16673,17,14977,-77.203991,39.091519
16679,17,9474,-77.195351,39.101509
16679,17,3998,-77.1956,39.101457
17254,17,9476,-77.196157,39.103209
17254,17,8806,-77.195919,39.105221
17254,17,3500,-77.192901,39.104384
17254,17,5952,-77.190121,39.105212
17254,17,5998,-77.190681,39.104744
17254,17,3502,-77.192792,39.104584
17254,17,8808,-77.196678,39.105011
17254,17,3996,-77.196598,39.103576
17254,17,5254,-77.185842,39.104016
17254,17,5256,-77.18745,39.104518
17254,17,5258,-77.188977,39.104964
17254,17,5260,-77.191032,39.105259
17254,17,5261,-77.193717,39.10643
17254,17,5262,-77.194879,39.106931
17254,17,5264,-77.19339,39.106123
17254,17,5266,-77.190728,39.105015
17254,17,5268,-77.189167,39.104844
17254,17,5270,-77.187412,39.10432
17254,17,5272,-77.185973,39.103845
17254,17,9478,-77.195943,39.1067
17254,17,9568,-77.195992,39.106308
16684,17,5954,-77.189392,39.107316
16684,17,5996,-77.18975,39.107361
16685,17,5956,-77.18573,39.114315
16685,17,5994,-77.18579,39.114854
16686,17,5958,-77.183487,39.117214
16686,17,5992,-77.183669,39.117652
16686,17,2752,-77.181638,39.116717
16686,17,7784,-77.185334,39.117581
16686,17,7792,-77.185394,39.117424
16686,17,2754,-77.181676,39.116605
16687,17,5960,-77.181744,39.119536
16687,17,5990,-77.18235,39.11945
16688,17,5962,-77.178741,39.121283
16688,17,5988,-77.178486,39.12211
16688,17,2490,-77.177994,39.123037
16688,17,2658,-77.177273,39.122133
16689,17,5964,-77.175133,39.124809
16689,17,5986,-77.175424,39.124999
17793,17,5966,-77.172936,39.127002
17793,17,5984,-77.173487,39.127039
17793,17,14428,-77.174149,39.1283
17793,17,14429,-77.174475,39.129734
17793,17,14430,-77.17508,39.131928
17793,17,10031,-77.17514,39.13163
17793,17,14424,-77.174711,39.13006
17793,17,14426,-77.174244,39.128064
16691,17,5968,-77.167748,39.128572
16691,17,5982,-77.167313,39.128998
16723,17,624,-77.128881,39.073347
16723,17,612,-77.128734,39.073323
16731,17,1964,-77.144562,39.071323
16731,17,1966,-77.146445,39.071321
16731,17,1968,-77.148151,39.071549
16731,17,1948,-77.148186,39.071438
16731,17,1950,-77.146565,39.071242
16731,17,1952,-77.145142,39.071167
16734,17,1970,-77.150525,39.072249
16734,17,714,-77.15097,39.07262
16735,17,708,-77.151413,39.074991
16735,17,710,-77.152757,39.075511
16735,17,4160,-77.152959,39.075721
16735,17,712,-77.151411,39.074861
16775,17,6532,-77.114559,39.066593
16775,17,6534,-77.114125,39.067611
16775,17,6572,-77.114273,39.068184
16775,17,6574,-77.114789,39.066598
16777,17,6536,-77.113914,39.070084
16777,17,6570,-77.114066,39.07045
16781,17,6544,-77.112396,39.078415
16781,17,6562,-77.112549,39.078369
16783,17,6546,-77.113457,39.080799
16783,17,6548,-77.114765,39.082379
16783,17,6558,-77.114799,39.082211
16783,17,6560,-77.113571,39.080635
16784,17,6552,-77.117456,39.084304
16784,17,216,-77.118858,39.084427
16784,17,218,-77.119961,39.083699
16784,17,212,-77.120238,39.083406
16784,17,214,-77.119156,39.084103
16784,17,6554,-77.117981,39.084476
16787,17,220,-77.127448,39.084324
16787,17,210,-77.12789,39.084073
16788,17,222,-77.130658,39.083909
16788,17,208,-77.13062,39.083805
16789,17,224,-77.133103,39.084175
16789,17,226,-77.135352,39.084548
16789,17,228,-77.137624,39.084657
16789,17,230,-77.139329,39.084547
16789,17,200,-77.139412,39.084332
16789,17,202,-77.138113,39.084634
16789,17,204,-77.134824,39.0844
16789,17,206,-77.133164,39.084109
16789,17,4553,-77.136269,39.084919
16789,17,4601,-77.135975,39.085021
16804,17,1182,-77.164435,39.099332
16804,17,1168,-77.164917,39.098971
16806,17,1184,-77.166982,39.096947
16806,17,1186,-77.168098,39.095261
16806,17,4440,-77.170113,39.094811
16806,17,4442,-77.172029,39.093986
16806,17,4444,-77.173204,39.093293
16806,17,4434,-77.173111,39.093216
16806,17,4436,-77.172615,39.093586
16806,17,4438,-77.170749,39.094428
16806,17,1164,-77.167791,39.095513
16806,17,1166,-77.166679,39.097038
16810,17,4446,-77.17279,39.088711
16810,17,4448,-77.171883,39.087544
16810,17,4430,-77.171529,39.087352
16810,17,4432,-77.172509,39.088557
16812,17,3358,-77.178443,39.089009
16812,17,3360,-77.179146,39.088055
16812,17,17026,-77.179355,39.086593
16812,17,3352,-77.179131,39.086716
16812,17,3354,-77.178983,39.087694
16812,17,3356,-77.178009,39.088985
16812,17,1660,-77.177799,39.089482
16812,17,1658,-77.178109,39.089326
16820,17,17093,-77.190483,39.100453
16820,17,14984,-77.189919,39.098972
16822,17,14985,-77.191551,39.096897
16823,17,194,-77.175049,39.095715
16823,17,196,-77.175248,39.095534
16824,17,195,-77.176827,39.099945
16879,17,5512,-77.097865,39.011894
16879,17,5514,-77.098442,39.012882
16879,17,5516,-77.099458,39.014763
16879,17,5634,-77.099506,39.014375
16879,17,5636,-77.098722,39.013015
16879,17,5638,-77.098045,39.011559
16879,17,4996,-77.100422,39.014902
16881,17,5518,-77.102668,39.022099
16881,17,5520,-77.103004,39.024699
16881,17,5522,-77.103323,39.026265
16881,17,5628,-77.103683,39.026253
16881,17,5630,-77.103121,39.024313
16881,17,5632,-77.103139,39.022808
16881,17,3144,-77.105232,39.022864
16881,17,3146,-77.106422,39.024113
16881,17,3158,-77.105256,39.022736
16885,17,5528,-77.106171,39.033344
16885,17,5530,-77.106964,39.035412
16885,17,5624,-77.106941,39.034396
16886,17,5532,-77.108412,39.038275
16886,17,5534,-77.108893,39.039224
16886,17,5620,-77.109155,39.039037
16886,17,5622,-77.108635,39.038021
16895,17,5558,-77.126317,39.06489
16895,17,5592,-77.127007,39.065216
16896,17,5562,-77.129745,39.068798
16896,17,5588,-77.130539,39.069187
16954,17,8188,-77.090141,39.064159
16954,17,7870,-77.090416,39.064194
16955,17,8190,-77.088457,39.066481
16955,17,7868,-77.088668,39.067073
16956,17,8192,-77.087997,39.0695
16956,17,7866,-77.087967,39.070187
16957,17,8194,-77.08696,39.072609
16957,17,7864,-77.0872,39.073011
19882,17,8196,-77.0868,39.077314
19882,17,8198,-77.087063,39.079047
19882,17,8200,-77.087049,39.080974
19882,17,7856,-77.087173,39.081081
19882,17,7858,-77.087233,39.079326
19882,17,7862,-77.087019,39.07764
19882,17,162,-77.091343,39.077717
19882,17,164,-77.089672,39.078986
19882,17,166,-77.087613,39.079093
19882,17,176,-77.087521,39.07921
19882,17,178,-77.090759,39.078518
19882,17,9062,-77.091377,39.077892
16961,17,8202,-77.086936,39.083179
16961,17,7854,-77.087036,39.083607
16962,17,8204,-77.086754,39.085678
16962,17,8206,-77.087728,39.086066
16962,17,8020,-77.088279,39.086819
16962,17,8022,-77.089834,39.087561
16962,17,7844,-77.089739,39.087435
16962,17,7846,-77.088466,39.086761
16962,17,7848,-77.087991,39.086213
16962,17,7852,-77.086994,39.085847
16966,17,8024,-77.09407,39.088825
16966,17,8026,-77.095467,39.089367
16966,17,8028,-77.097458,39.090195
16966,17,7838,-77.09757,39.090102
16966,17,7840,-77.095779,39.08936
16966,17,7842,-77.094505,39.08884
16969,17,8030,-77.10154,39.091034
16969,17,7836,-77.101723,39.090927
16970,17,8032,-77.104208,39.089999
16970,17,8034,-77.105438,39.08989
16970,17,7832,-77.105446,39.089765
16970,17,7834,-77.104401,39.089794
16972,17,8036,-77.108235,39.090861
16972,17,7830,-77.108563,39.091029
16974,17,8038,-77.108955,39.093525
16974,17,8040,-77.109383,39.095341
16974,17,7826,-77.109413,39.094601
16974,17,7828,-77.109207,39.09377
16974,17,4594,-77.109664,39.096355
16974,17,4560,-77.109336,39.096191
16974,17,4562,-77.107825,39.096716
16975,17,4596,-77.112267,39.095473
16975,17,4558,-77.112802,39.094986
16976,17,4598,-77.123389,39.092839
16976,17,4556,-77.123283,39.092503
16977,17,8260,-77.130375,39.09168
16977,17,7850,-77.130191,39.091261
16977,17,4600,-77.1305,39.089712
16977,17,4554,-77.129117,39.089945
16978,17,6316,-77.133049,39.094044
16978,17,6318,-77.134619,39.093637
16978,17,6312,-77.134521,39.093563
16978,17,8908,-77.13227,39.093901
16978,17,6314,-77.132596,39.094613
16980,17,6320,-77.137275,39.094062
16980,17,6310,-77.137329,39.093922
16981,17,3704,-77.140747,39.09391
16981,17,3702,-77.140442,39.093678
17034,17,3554,-77.046288,39.08359
17034,17,3556,-77.045507,39.085684
17034,17,3568,-77.045986,39.085219
17034,17,3570,-77.046675,39.083373
19900,17,3558,-77.044643,39.088082
19900,17,288,-77.045859,39.090645
19900,17,9998,-77.045479,39.090477
19900,17,3564,-77.044726,39.089808
19900,17,3566,-77.044809,39.088691
19900,17,8232,-77.045078,39.094591
19900,17,3562,-77.045069,39.091853
19900,17,3560,-77.0448,39.091328
19900,17,8230,-77.044999,39.093522
19900,17,330,-77.044326,39.090614
19900,17,366,-77.042892,39.091408
17037,17,290,-77.048256,39.09061
17037,17,9096,-77.048178,39.090421
17038,17,292,-77.050925,39.090537
17038,17,294,-77.053222,39.090482
17038,17,9092,-77.05317,39.090356
17038,17,9094,-77.050859,39.090367
17038,17,9390,-77.053717,39.090138
17040,17,9100,-77.058853,39.09071
17040,17,9090,-77.059396,39.090603
17041,17,296,-77.063255,39.09148
17041,17,9088,-77.062637,39.091202
17041,17,3288,-77.062599,39.091812
17042,17,298,-77.065895,39.091465
17042,17,286,-77.066139,39.091286
19889,17,9102,-77.069931,39.091873
19889,17,9086,-77.070702,39.092026
19889,17,284,-77.0688,39.091315
19889,17,9128,-77.071541,39.089748
19889,17,9130,-77.07048,39.091503
19889,17,1336,-77.070884,39.091353
19889,17,1338,-77.071747,39.089737
17050,17,9110,-77.085648,39.092797
17050,17,9112,-77.088109,39.093709
17050,17,9076,-77.088053,39.093573
17050,17,9078,-77.085983,39.092784
17051,17,9114,-77.090939,39.094799
17051,17,9074,-77.091614,39.094948
17055,17,9116,-77.094877,39.096326
17055,17,9118,-77.096809,39.097049
17055,17,9120,-77.098539,39.098034
17055,17,4590,-77.100304,39.099389
17055,17,9310,-77.100121,39.099197
17055,17,9068,-77.098923,39.098164
17055,17,9070,-77.097267,39.097084
17055,17,9072,-77.095335,39.09637
17055,17,4566,-77.098992,39.099526
17056,17,4592,-77.10453,39.098107
17056,17,4564,-77.104859,39.097805
17093,17,17145,-77.123978,39.097374
17095,17,4568,-77.093796,39.101051
17095,17,4588,-77.094331,39.101054
17096,17,4570,-77.090631,39.102518
17096,17,4586,-77.090931,39.102628
17097,17,4572,-77.087471,39.104057
17097,17,4584,-77.088636,39.103706
17098,17,4574,-77.084183,39.106537
17098,17,4582,-77.084534,39.106621
17099,17,4576,-77.080734,39.10855
17099,17,4580,-77.08084,39.108746
17116,17,14489,-77.057266,39.150864
17118,17,30075,-77.046073,39.141284
17120,17,8234,-77.061637,39.158645
17120,17,9370,-77.063622,39.158955
17120,17,9450,-77.064397,39.158921
17120,17,5048,-77.063766,39.158817
17122,17,17510,-77.067617,39.16073
17123,17,17531,-77.071205,39.161694
17124,17,17507,-77.077796,39.159141
17124,17,14451,-77.076765,39.159487
17125,17,17505,-77.080007,39.153787
17126,17,4334,-77.077011,39.15276
17127,17,4336,-77.072174,39.152706
17128,17,4338,-77.069482,39.151524
17133,17,3270,-77.072358,39.142753
17134,17,3272,-77.075128,39.141894
17135,17,3274,-77.07827,39.141508
17136,17,3276,-77.081366,39.141389
17137,17,3278,-77.084934,39.141525
17138,17,3280,-77.088631,39.14136
17138,17,3282,-77.08991,39.140338
17140,17,820,-77.086427,39.13638
17141,17,822,-77.08592,39.13447
17142,17,824,-77.084007,39.131951
17143,17,826,-77.081578,39.129245
17144,17,17350,-77.080175,39.126824
17145,17,8746,-77.088922,39.124934
17146,17,17116,-77.094422,39.121232
17147,17,1988,-77.095886,39.119736
17148,17,7966,-77.097608,39.115428
17149,17,7968,-77.093102,39.113831
17150,17,7970,-77.086027,39.111462
17157,17,5040,-77.064269,39.140155
17157,17,5056,-77.064079,39.140289
17158,17,5042,-77.06152,39.141938
17158,17,5054,-77.061638,39.141972
17159,17,5044,-77.058858,39.14345
17159,17,5052,-77.058989,39.143443
17162,17,5046,-77.057001,39.145857
17162,17,9122,-77.055411,39.145883
17162,17,17077,-77.053217,39.145212
17162,17,17076,-77.053466,39.145461
17162,17,9124,-77.054869,39.145765
17162,17,9126,-77.056729,39.146145
17163,17,9322,-77.050011,39.146854
17163,17,9344,-77.049818,39.147194
17163,17,14500,-77.050955,39.146535
17164,17,9326,-77.050194,39.151245
17164,17,9340,-77.050674,39.151489
17165,17,9330,-77.04942,39.155379
17165,17,9336,-77.049977,39.155221
17166,17,9332,-77.04892,39.157837
17166,17,9334,-77.049049,39.157784
17167,17,9258,-77.050523,39.160672
17167,17,9256,-77.050007,39.160554
17168,17,9260,-77.053895,39.160918
17168,17,9254,-77.054375,39.160759
17169,17,9264,-77.058964,39.159756
17169,17,9250,-77.058518,39.15995
17171,17,14441,-77.060384,39.165394
17172,17,17512,-77.055869,39.170253
17173,17,14443,-77.061539,39.172332
17173,17,14444,-77.063703,39.171779
17175,17,2964,-77.065281,39.168598
17175,17,14445,-77.063245,39.168898
17177,17,14446,-77.060424,39.168895
17181,17,14450,-77.074032,39.158147
17183,17,14452,-77.07962,39.161324
17184,17,14453,-77.084364,39.165114
17185,17,14454,-77.086905,39.164377
17186,17,14455,-77.094658,39.163883
17187,17,14456,-77.09566,39.160158
17188,17,14457,-77.094361,39.158161
17189,17,14459,-77.095084,39.155036
17190,17,8958,-77.100911,39.151806
17191,17,392,-77.106384,39.150288
17192,17,394,-77.112595,39.148632
17193,17,8220,-77.117627,39.146313
17194,17,396,-77.119606,39.139027
17195,17,398,-77.121208,39.135353
17196,17,9290,-77.13392,39.140022
17197,17,9292,-77.138008,39.141594
17200,17,9294,-77.142525,39.144749
17200,17,5212,-77.144447,39.145111
17200,17,5214,-77.144308,39.14326
17200,17,5208,-77.143911,39.142758
17200,17,5210,-77.144609,39.144166
17200,17,4408,-77.144406,39.145964
17201,17,17238,-77.14363,39.13976
17201,17,5216,-77.143883,39.138878
17201,17,5206,-77.14385,39.138642
17203,17,5218,-77.14537,39.136639
17203,17,5204,-77.145248,39.136688
17204,17,5220,-77.149101,39.1297
17204,17,5202,-77.148842,39.12991
17205,17,5222,-77.150058,39.127375
17205,17,5200,-77.149939,39.127362
17206,17,5224,-77.15204,39.125931
17206,17,5198,-77.152159,39.12574
17207,17,5226,-77.15474,39.124335
17207,17,5196,-77.154506,39.124273
17208,17,5228,-77.15695,39.122885
17208,17,5194,-77.156709,39.122864
17209,17,5230,-77.159004,39.120659
17209,17,5192,-77.158642,39.120766
17209,17,17376,-77.158143,39.121338
17242,17,4190,-77.166916,39.085556
17242,17,4192,-77.169654,39.085845
17242,17,4168,-77.168937,39.08566
17242,17,4170,-77.166861,39.085473
17244,17,5242,-77.178597,39.092159
17244,17,5284,-77.178772,39.092079
17245,17,5244,-77.180135,39.094637
17245,17,5282,-77.180457,39.09479
17248,17,5246,-77.181181,39.097496
17248,17,5248,-77.181243,39.099006
17248,17,5250,-77.18251,39.101254
17248,17,5252,-77.183815,39.10263
17248,17,5274,-77.183807,39.102394
17248,17,5276,-77.182758,39.101201
17248,17,5278,-77.18184,39.099704
17248,17,5280,-77.18147,39.096886
17256,17,4790,-77.193069,39.108608
17256,17,4792,-77.192999,39.109018
17257,17,17590,-77.192376,39.112453
17257,17,9032,-77.193068,39.113724
17257,17,9034,-77.193561,39.113668
17257,17,17591,-77.192703,39.112259
17260,17,6988,-77.196434,39.114063
17260,17,7810,-77.198239,39.115471
17260,17,6990,-77.199265,39.116529
17260,17,6992,-77.199478,39.116352
17260,17,7812,-77.198293,39.115037
17260,17,6994,-77.196401,39.113824
17262,17,9572,-77.201649,39.1174
17262,17,9574,-77.203527,39.11768
17262,17,9714,-77.203308,39.11758
17262,17,9728,-77.201821,39.117291
17262,17,3730,-77.202572,39.116107
17264,17,1832,-77.211539,39.115218
17264,17,6220,-77.212144,39.116662
17264,17,6216,-77.212322,39.11659
17264,17,1834,-77.21225,39.115284
17264,17,1836,-77.214178,39.115259
17264,17,14392,-77.215821,39.114773
17264,17,1830,-77.211427,39.115009
17264,17,1828,-77.214674,39.115105
17267,17,6218,-77.212518,39.118916
17267,17,5794,-77.214844,39.118343
17267,17,5796,-77.216468,39.117783
17267,17,5788,-77.216362,39.117714
17267,17,5790,-77.215023,39.118116
17267,17,5792,-77.213059,39.119015
17269,17,4360,-77.215982,39.121591
17269,17,4362,-77.215299,39.122809
17269,17,4388,-77.215775,39.122769
17269,17,4390,-77.216323,39.121681
17271,17,4364,-77.213706,39.124592
17271,17,4386,-77.213966,39.124794
17272,17,4366,-77.211697,39.125937
17272,17,4368,-77.210396,39.126763
17272,17,4382,-77.209661,39.127764
17272,17,4384,-77.211927,39.12616
17274,17,4370,-77.207502,39.129516
17274,17,4380,-77.20801,39.129488
17275,17,4372,-77.205765,39.133961
17275,17,4378,-77.205989,39.133988
17275,17,1718,-77.205177,39.134811
17275,17,1688,-77.20506,39.134606
17276,17,4374,-77.205482,39.136898
17276,17,4376,-77.205831,39.136908
17277,17,1824,-77.206146,39.140358
17277,17,1808,-77.205952,39.140112
17281,17,1826,-77.209052,39.140618
17281,17,4832,-77.209335,39.141537
17281,17,4834,-77.209442,39.142371
17281,17,4836,-77.211301,39.143611
17281,17,8812,-77.212509,39.143818
17281,17,4846,-77.210555,39.143207
17281,17,4848,-77.209526,39.141968
17281,17,1806,-77.209129,39.140366
17282,17,4838,-77.212617,39.14866
17282,17,4844,-77.213387,39.148553
17363,17,4840,-77.209963,39.149263
17363,17,3528,-77.208379,39.150407
17363,17,5712,-77.206825,39.151086
17363,17,4644,-77.203111,39.150852
17363,17,4648,-77.202001,39.151504
17363,17,5702,-77.204826,39.151031
17363,17,3530,-77.208176,39.150906
17363,17,4842,-77.209949,39.149551
17363,17,2514,-77.20577,39.147534
17363,17,4640,-77.20648,39.148614
17363,17,4642,-77.204666,39.150009
17363,17,4650,-77.204793,39.150145
17363,17,4652,-77.206777,39.148635
17363,17,2634,-77.206043,39.147465
17363,17,5714,-77.203719,39.150382
17363,17,2516,-77.208349,39.149735
17363,17,2518,-77.209641,39.150818
17363,17,2632,-77.20964,39.15057
17288,17,4426,-77.214478,39.136168
17314,17,14393,-77.215139,39.112043
17314,17,4356,-77.21681,39.11102
17314,17,4358,-77.21616,39.112656
17314,17,3042,-77.218375,39.110873
17314,17,16064,-77.218027,39.110494
17314,17,4392,-77.216573,39.112639
17315,17,14395,-77.212479,39.1134
17351,17,2486,-77.170668,39.118429
17351,17,14535,-77.171539,39.119072
17351,17,14530,-77.172113,39.119274
17354,17,2496,-77.184926,39.127892
17354,17,2652,-77.185705,39.128281
17356,17,2498,-77.186913,39.130145
17356,17,2500,-77.189064,39.132622
17356,17,2502,-77.189958,39.133634
17356,17,2648,-77.189178,39.132286
17356,17,2650,-77.187841,39.130938
17356,17,1704,-77.189392,39.132011
17356,17,1706,-77.190939,39.130676
17356,17,1700,-77.190652,39.130713
17356,17,1702,-77.18924,39.13187
17358,17,2504,-77.191902,39.135853
17358,17,2646,-77.19196,39.135603
17362,17,2508,-77.200485,39.143162
17362,17,2510,-77.201901,39.144354
17362,17,2512,-77.203938,39.146023
17362,17,2636,-77.204144,39.145869
17362,17,2638,-77.202672,39.144671
17362,17,2640,-77.200851,39.143188
17367,17,1458,-77.196693,39.154377
17373,17,1002,-77.210524,39.159438
17373,17,992,-77.21049,39.159231
17378,17,1001,-77.213218,39.15805
17378,17,5704,-77.214207,39.158377
17378,17,5706,-77.215877,39.159642
17378,17,17455,-77.215058,39.160252
17378,17,6410,-77.214879,39.16223
17378,17,6412,-77.2169,39.16244
17378,17,6406,-77.217461,39.162487
17378,17,7056,-77.214476,39.161738
17378,17,17454,-77.215249,39.160389
17378,17,5708,-77.216171,39.159721
17378,17,5710,-77.214851,39.158497
17378,17,991,-77.212892,39.158042
17380,17,6414,-77.220466,39.162608
17380,17,6404,-77.220182,39.162556
17381,17,17594,-77.223228,39.16169
17382,17,2526,-77.226682,39.164202
17382,17,2624,-77.226226,39.163201
17383,17,2528,-77.230026,39.167797
17383,17,2622,-77.231144,39.167983
17384,17,2530,-77.234121,39.169119
17384,17,2620,-77.234368,39.168916
17385,17,2532,-77.235725,39.171532
17385,17,2618,-77.236337,39.171914
17388,17,2534,-77.237869,39.175331
17388,17,2536,-77.238251,39.176568
17388,17,2538,-77.238297,39.178677
17388,17,8804,-77.238258,39.182171
17388,17,2612,-77.238629,39.180307
17388,17,17406,-77.238505,39.178625
17388,17,2614,-77.238707,39.177333
17388,17,2616,-77.238201,39.175643
17388,17,4118,-77.23896,39.181103
17390,17,2540,-77.238959,39.184123
17390,17,2542,-77.239439,39.185316
17390,17,2608,-77.239677,39.185158
17390,17,2610,-77.239218,39.184007
17392,17,2544,-77.240349,39.187481
17392,17,2606,-77.240667,39.187542
17394,17,2546,-77.2416,39.190331
17394,17,8008,-77.242683,39.192688
17394,17,2550,-77.243437,39.194333
17394,17,8856,-77.243489,39.193657
17394,17,2602,-77.242571,39.191694
17394,17,2604,-77.241608,39.189636
17396,17,8834,-77.245726,39.198327
17396,17,8844,-77.24672,39.197782
17396,17,9056,-77.244784,39.197599
17396,17,9132,-77.244759,39.198651
17397,17,8836,-77.249316,39.197523
17397,17,8842,-77.249553,39.197259
17398,17,8838,-77.252824,39.197542
17398,17,8840,-77.25232,39.197334
17399,17,17398,-77.255241,39.19632
17399,17,17399,-77.254903,39.196312
17404,17,9320,-77.250962,39.194443
17404,17,8846,-77.248797,39.193562
17404,17,8848,-77.248206,39.192541
17404,17,4636,-77.248598,39.190622
17404,17,8258,-77.248519,39.190285
17404,17,8852,-77.24809,39.192061
17404,17,8854,-77.248634,39.193668
17404,17,8850,-77.250069,39.19445
17405,17,4194,-77.249488,39.187903
17405,17,7958,-77.251532,39.18888
17405,17,2892,-77.251259,39.188652
17453,17,2656,-77.180184,39.124111
17466,17,3888,-77.156479,39.078822
17466,17,3882,-77.155882,39.078961
17467,17,3890,-77.158883,39.077712
17467,17,3880,-77.158985,39.077535
17469,17,1662,-77.206833,39.097073
17469,17,30060,-77.206882,39.09687
17470,17,1664,-77.211422,39.099221
17470,17,1654,-77.211483,39.099071
17471,17,1666,-77.216023,39.101287
17471,17,1650,-77.21769,39.101494
17471,17,1652,-77.216172,39.10098
17472,17,1668,-77.221482,39.103047
17472,17,1670,-77.223589,39.103399
17472,17,1648,-77.220199,39.102363
17472,17,9648,-77.221298,39.101593
17472,17,9650,-77.219834,39.104253
17474,17,1672,-77.226054,39.103499
17474,17,1644,-77.22622,39.103321
17475,17,1674,-77.233502,39.106673
17475,17,1642,-77.233147,39.106281
17476,17,1676,-77.23766,39.109797
17476,17,1640,-77.238211,39.109889
17477,17,17256,-77.236397,39.113322
17478,17,17283,-77.234565,39.114506
17479,17,1678,-77.240723,39.112483
17479,17,1638,-77.240433,39.111897
17480,17,1680,-77.243009,39.113963
17480,17,1636,-77.243316,39.113795
18212,17,1682,-77.246915,39.116056
18212,17,1684,-77.250099,39.117168
18212,17,8890,-77.251831,39.118534
18212,17,8892,-77.244581,39.126219
18212,17,8372,-77.242821,39.12505
18212,17,8110,-77.242628,39.125281
18212,17,5166,-77.244638,39.126526
18212,17,1630,-77.251343,39.117306
18212,17,17401,-77.248754,39.116532
18212,17,1634,-77.246906,39.115863
18212,17,9542,-77.243477,39.125069
18212,17,9544,-77.243919,39.12408
18212,17,9546,-77.244747,39.123336
18212,17,9548,-77.244187,39.121306
18212,17,9550,-77.244331,39.120415
18212,17,9552,-77.244972,39.118584
18212,17,9554,-77.245353,39.117543
18212,17,9830,-77.245309,39.117113
18212,17,9832,-77.244873,39.118257
18212,17,9834,-77.244176,39.120206
18212,17,9836,-77.243988,39.121117
18212,17,9838,-77.243867,39.122353
18212,17,9840,-77.24295,39.12381
18212,17,9842,-77.24358,39.124679
17484,17,5136,-77.250609,39.120075
17484,17,5172,-77.250858,39.12027
17485,17,5138,-77.248802,39.12307
17485,17,5140,-77.247419,39.124187
17485,17,5168,-77.246877,39.125055
17485,17,5170,-77.248993,39.123368
17489,17,8374,-77.240137,39.123793
17489,17,8108,-77.239952,39.124004
17490,17,8376,-77.236768,39.123091
17490,17,8106,-77.236277,39.1233
17491,17,8379,-77.233456,39.122931
17491,17,16013,-77.23201,39.124241
17491,17,9570,-77.23352,39.123162
17491,17,17474,-77.231148,39.123423
17493,17,17075,-77.234792,39.126304
17493,17,8012,-77.234654,39.125916
17494,17,5144,-77.236592,39.128711
17494,17,3044,-77.238029,39.129059
17494,17,3084,-77.238022,39.128806
17495,17,5146,-77.232795,39.129115
17495,17,5160,-77.231071,39.129292
17495,17,5162,-77.234115,39.129353
17496,17,5150,-77.225296,39.131804
17496,17,5156,-77.225959,39.131496
17496,17,5158,-77.226951,39.130455
17498,17,5108,-77.22435,39.134651
17498,17,5110,-77.226852,39.134621
17498,17,5132,-77.226363,39.134586
17498,17,5134,-77.224464,39.13448
17499,17,5112,-77.229489,39.134801
17499,17,5130,-77.229988,39.135098
17500,17,5114,-77.230189,39.137911
17500,17,5128,-77.230209,39.138092
17501,17,5116,-77.228721,39.139684
17501,17,5126,-77.22892,39.139708
17509,17,4200,-77.212097,39.152298
17509,17,4202,-77.210608,39.153408
17509,17,4268,-77.210483,39.153933
17509,17,4270,-77.212928,39.152238
17559,17,5190,-77.161293,39.11911
17559,17,5232,-77.161398,39.119253
17572,17,4410,-77.146292,39.148309
17572,17,7954,-77.147401,39.149272
17572,17,7956,-77.147568,39.14904
17572,17,4404,-77.146507,39.148041
17574,17,4412,-77.150329,39.151713
17574,17,17101,-77.151256,39.152399
17574,17,8780,-77.153053,39.153435
17574,17,4400,-77.15377,39.153744
17574,17,8274,-77.151509,39.152341
17574,17,4402,-77.149529,39.150906
17577,17,4416,-77.15773,39.157116
17577,17,4418,-77.159332,39.158253
17577,17,7596,-77.161047,39.158661
17577,17,4396,-77.159791,39.158352
17577,17,4398,-77.157768,39.156998
17577,17,8386,-77.159394,39.160059
17580,17,2350,-77.16518,39.155864
17580,17,17064,-77.164032,39.154774
17580,17,2354,-77.163956,39.154957
17580,17,2356,-77.165017,39.156018
17582,17,6974,-77.164852,39.152424
17582,17,6972,-77.164894,39.151905
17586,17,6976,-77.16802,39.148633
17586,17,6978,-77.169701,39.147171
17586,17,6980,-77.171796,39.145254
17586,17,6982,-77.173516,39.14393
17586,17,6962,-77.173363,39.143902
17586,17,6964,-77.171736,39.145167
17586,17,6966,-77.170302,39.146316
17586,17,6968,-77.168525,39.147998
17586,17,6970,-77.166886,39.149064
17586,17,4066,-77.168701,39.146973
17586,17,2010,-77.168465,39.149445
17586,17,2008,-77.168434,39.149288
17587,17,16032,-77.177551,39.14196
17587,17,6960,-77.17818,39.141167
17587,17,16033,-77.177315,39.142135
17798,17,6986,-77.179787,39.13945
17798,17,1816,-77.181899,39.139733
17798,17,1814,-77.183678,39.140186
17798,17,6958,-77.179618,39.139386
17798,17,16031,-77.179496,39.138514
17798,17,17228,-77.183095,39.140707
17798,17,2918,-77.18253,39.142913
17798,17,2944,-77.182785,39.142857
17798,17,17456,-77.183067,39.141384
17590,17,1818,-77.185779,39.141596
17590,17,1812,-77.1866,39.141808
17596,17,5696,-77.198112,39.146297
17596,17,5698,-77.199072,39.148207
17596,17,5716,-77.19992,39.148646
17596,17,5718,-77.198529,39.146896
17596,17,5720,-77.198151,39.146123
17636,17,3200,-77.134042,39.096114
17636,17,3198,-77.134176,39.095973
17637,17,3202,-77.137077,39.098321
17637,17,3196,-77.136094,39.097361
17638,17,3204,-77.139104,39.099711
17638,17,3194,-77.139503,39.099758
17639,17,3206,-77.142807,39.103931
17639,17,3192,-77.142634,39.103317
17640,17,3208,-77.144903,39.1059
17640,17,3190,-77.145223,39.105849
17647,17,3210,-77.149582,39.10659
17647,17,7732,-77.151968,39.106611
17647,17,1468,-77.152065,39.107846
17647,17,1470,-77.153028,39.109522
17647,17,1472,-77.154953,39.110897
17647,17,1474,-77.156417,39.112647
17647,17,1476,-77.156891,39.114594
17647,17,1478,-77.156868,39.11631
17647,17,1484,-77.157051,39.116234
17647,17,1486,-77.157082,39.114346
17647,17,1488,-77.156372,39.112213
17647,17,1490,-77.155046,39.110748
17647,17,1492,-77.153565,39.109658
17647,17,1494,-77.152336,39.108372
17647,17,3188,-77.151367,39.106285
17647,17,3189,-77.148621,39.106381
17649,17,1480,-77.15686,39.119576
17649,17,1482,-77.157012,39.119415
17652,17,1708,-77.192648,39.128874
17652,17,1698,-77.192175,39.128987
17653,17,1709,-77.195677,39.128003
17653,17,1710,-77.197403,39.127655
17653,17,1696,-77.196715,39.127595
17655,17,1712,-77.201048,39.129554
17655,17,1714,-77.201599,39.130711
17655,17,1692,-77.201635,39.130174
17655,17,1694,-77.200947,39.129096
17657,17,1716,-77.203153,39.133531
17657,17,1690,-77.203238,39.133351
17659,17,17378,-77.20179,39.140661
17659,17,17379,-77.201791,39.140836
17662,17,4208,-77.204583,39.165591
17662,17,4260,-77.20493,39.165563
17662,17,6878,-77.205041,39.164395
17662,17,6880,-77.204527,39.163
17662,17,6882,-77.204541,39.16187
17669,17,4210,-77.204862,39.167822
17669,17,6152,-77.205251,39.16995
17669,17,6154,-77.20738,39.17036
17669,17,6156,-77.208555,39.170596
17669,17,1080,-77.205513,39.174381
17669,17,4254,-77.203858,39.172255
17669,17,4256,-77.20449,39.169911
17669,17,4258,-77.205069,39.168174
17669,17,6158,-77.209457,39.170757
17669,17,17288,-77.2115,39.171199
17669,17,902,-77.202972,39.172493
17669,17,904,-77.201826,39.172438
17669,17,906,-77.20005,39.172058
17669,17,908,-77.19839,39.171209
17669,17,910,-77.19709,39.170658
17669,17,912,-77.195505,39.170042
17669,17,4212,-77.203964,39.17054
17669,17,4213,-77.203523,39.172269
17669,17,4216,-77.203426,39.174136
17669,17,4252,-77.203706,39.174851
17937,17,7042,-77.208206,39.172741
17937,17,6168,-77.210456,39.175644
17937,17,8237,-77.209595,39.175797
17937,17,1078,-77.207864,39.174108
17937,17,8236,-77.209938,39.177967
17937,17,16009,-77.208347,39.174586
17937,17,7044,-77.209967,39.176608
17937,17,8238,-77.209732,39.177872
17676,17,14572,-77.202217,39.161423
17676,17,4206,-77.201682,39.161758
17676,17,4264,-77.202147,39.162236
17716,17,5482,-77.12812,39.026535
17716,17,5484,-77.127853,39.026852
17721,17,3122,-77.118978,39.022444
17721,17,3124,-77.116081,39.022511
17721,17,3126,-77.113775,39.02257
17721,17,3128,-77.111151,39.022601
17721,17,3134,-77.111487,39.022716
17721,17,3136,-77.113249,39.022693
17721,17,3138,-77.116109,39.022637
17721,17,3140,-77.118337,39.022572
17722,17,3130,-77.108001,39.022664
17722,17,3132,-77.107895,39.022721
17729,17,4274,-77.100342,39.026764
17729,17,4286,-77.100734,39.026209
17730,17,4276,-77.096146,39.028584
17730,17,4284,-77.096123,39.028744
17731,17,4278,-77.094613,39.030311
17731,17,4280,-77.09333,39.0312
17731,17,4282,-77.094504,39.03048
17736,17,6472,-77.101137,39.029932
17756,17,6160,-77.215302,39.171172
17757,17,6162,-77.216543,39.173286
17757,17,6164,-77.214995,39.17424
17757,17,6166,-77.212968,39.174317
17769,17,914,-77.193259,39.169377
17772,17,916,-77.189888,39.169189
17772,17,918,-77.188721,39.169243
17772,17,920,-77.18538,39.169785
17772,17,936,-77.185675,39.169989
17772,17,938,-77.187857,39.169671
17772,17,940,-77.190419,39.169464
17772,17,17418,-77.190354,39.170494
17774,17,922,-77.183105,39.169373
17774,17,924,-77.180711,39.169816
17774,17,926,-77.179305,39.16997
17774,17,5078,-77.184174,39.167521
17774,17,6262,-77.179459,39.169029
17774,17,932,-77.180917,39.169917
17774,17,934,-77.18271,39.16965
17774,17,6264,-77.179586,39.169062
17774,17,5080,-77.18396,39.167798
17776,17,6098,-77.175976,39.168916
17776,17,16063,-77.175797,39.169041
18787,17,6100,-77.173262,39.167223
18787,17,2334,-77.173409,39.166424
18787,17,6102,-77.170731,39.166206
18787,17,6082,-77.17106,39.166566
18787,17,6084,-77.172751,39.167239
17779,17,2336,-77.174139,39.164697
17780,17,2338,-77.173798,39.162834
17780,17,2340,-77.172684,39.161625
17782,17,2342,-77.172127,39.159187
17783,17,2344,-77.170804,39.157427
17783,17,2346,-77.168609,39.157235
17783,17,2348,-77.166841,39.157184
17787,17,4068,-77.163512,39.144368
17787,17,4078,-77.162764,39.144419
17788,17,4070,-77.159371,39.143119
17788,17,4076,-77.158719,39.14326
17789,17,5978,-77.153843,39.138117
17789,17,5972,-77.153198,39.138363
17790,17,5980,-77.158287,39.133884
17790,17,5970,-77.157889,39.133816
17794,17,10030,-77.174938,39.135026
17794,17,10033,-77.175183,39.134977
17801,17,2920,-77.18343,39.144629
17801,17,2922,-77.184688,39.146348
17801,17,2924,-77.185843,39.147981
17801,17,2938,-77.186236,39.148195
17801,17,2940,-77.185154,39.14665
17801,17,2942,-77.183932,39.144697
17802,17,2926,-77.18924,39.150028
17802,17,2928,-77.190841,39.150495
17802,17,2934,-77.192201,39.150868
17802,17,2932,-77.192098,39.150666
17802,17,2930,-77.190906,39.150293
17802,17,2936,-77.18907,39.149764
17809,17,30166,-77.2142,39.154485
17809,17,30165,-77.216356,39.156236
17809,17,30160,-77.215805,39.155375
17809,17,30161,-77.214412,39.154232
17810,17,87287,-77.220762,39.158493
17810,17,17491,-77.221012,39.158255
17811,17,30163,-77.230847,39.153739
17811,17,30158,-77.230197,39.153842
17812,17,30162,-77.23302,39.147857
17812,17,1056,-77.233283,39.147712
17812,17,30157,-77.232695,39.147969
17812,17,1038,-77.23259,39.14742
17814,17,1058,-77.237198,39.148323
17814,17,1036,-77.237299,39.148217
17815,17,1060,-77.241087,39.149255
17815,17,1034,-77.241013,39.149143
17816,17,1062,-77.246441,39.151335
17816,17,1032,-77.246353,39.151093
17817,17,1066,-77.260811,39.155441
17817,17,1028,-77.26075,39.1553
18067,17,1068,-77.264359,39.156194
18067,17,1070,-77.266278,39.156569
18067,17,1024,-77.266241,39.156422
18067,17,1026,-77.264259,39.155972
18067,17,9874,-77.270927,39.163132
18067,17,3986,-77.269989,39.162308
18067,17,9876,-77.269196,39.161755
18067,17,9878,-77.26815,39.160572
18067,17,9880,-77.266942,39.158822
18067,17,9882,-77.26641,39.15763
18067,17,16015,-77.266807,39.156146
18067,17,9860,-77.266229,39.157638
18067,17,9862,-77.266915,39.159093
18067,17,9864,-77.26812,39.160759
18067,17,17514,-77.268766,39.162544
18067,17,17515,-77.267197,39.162762
18067,17,17516,-77.265068,39.162209
18067,17,17518,-77.264191,39.157009
18116,17,1072,-77.270927,39.157848
18116,17,1074,-77.273034,39.158157
18116,17,1077,-77.275906,39.159396
18116,17,1018,-77.274792,39.158708
18116,17,1020,-77.272636,39.15794
18116,17,1022,-77.270988,39.157695
18116,17,9756,-77.275047,39.159325
18116,17,9758,-77.274522,39.1611
18116,17,9760,-77.27472,39.161598
18116,17,9762,-77.275343,39.159784
17823,17,8072,-77.279437,39.161091
17823,17,8070,-77.280547,39.161761
17823,17,7782,-77.280155,39.16132
17823,17,17452,-77.280583,39.161121
17823,17,15032,-77.279356,39.160556
17823,17,15034,-77.279602,39.160599
17825,17,9434,-77.280801,39.166447
17825,17,2913,-77.281021,39.166748
17826,17,2876,-77.279564,39.168381
17826,17,2912,-77.279607,39.168934
17827,17,2878,-77.276782,39.171747
17827,17,2910,-77.27787,39.171182
17827,17,9895,-77.276686,39.171086
17828,17,2880,-77.272374,39.174993
17828,17,2908,-77.272478,39.175339
18530,17,2884,-77.269617,39.17705
18530,17,2906,-77.270132,39.176865
18530,17,7462,-77.269017,39.176361
18530,17,7463,-77.271347,39.177769
18530,17,14560,-77.273369,39.17896
18530,17,14559,-77.273293,39.178708
18538,17,2886,-77.266607,39.179074
18538,17,2902,-77.262986,39.181007
18538,17,15030,-77.264832,39.180213
18538,17,2904,-77.267911,39.178706
18538,17,4130,-77.263983,39.176834
18538,17,1518,-77.263565,39.177223
18538,17,1520,-77.261932,39.177494
18538,17,1522,-77.261665,39.178908
18538,17,1524,-77.261848,39.180622
18538,17,1536,-77.261746,39.180232
18538,17,1538,-77.261527,39.179367
18538,17,1540,-77.262112,39.177482
18538,17,1542,-77.263342,39.177376
18538,17,4104,-77.263975,39.176573
18538,17,15018,-77.266975,39.181038
18538,17,15016,-77.266075,39.181549
18538,17,15014,-77.265296,39.182025
17851,17,30159,-77.227443,39.155181
17888,17,14400,-77.171243,39.112874
17888,17,9944,-77.174286,39.110802
17888,17,2751,-77.175102,39.111993
17888,17,2755,-77.17569,39.112587
17888,17,14401,-77.17693,39.109952
17888,17,5234,-77.179886,39.109276
17888,17,4876,-77.181645,39.108321
17888,17,4874,-77.18119,39.108078
17888,17,5186,-77.179619,39.109179
17888,17,14396,-77.177711,39.109614
17888,17,14397,-77.175489,39.110193
17888,17,9970,-77.173306,39.110931
17888,17,14398,-77.171826,39.111931
17888,17,14399,-77.171082,39.112777
17875,17,17462,-77.178121,39.115047
17875,17,17241,-77.178177,39.114914
17879,17,7786,-77.189323,39.117622
17879,17,7794,-77.192028,39.117184
17879,17,7796,-77.190903,39.116173
17879,17,7788,-77.191496,39.117616
17879,17,7790,-77.189919,39.117432
17890,17,4878,-77.180107,39.106434
17890,17,4872,-77.179861,39.106251
17892,17,4880,-77.178696,39.104323
17892,17,4882,-77.177505,39.102371
17892,17,4868,-77.177277,39.102367
17892,17,4870,-77.178299,39.103984
17898,17,2012,-77.170494,39.150761
17898,17,2006,-77.170898,39.150944
17899,17,2014,-77.173698,39.153305
17899,17,2016,-77.174743,39.154539
17899,17,2018,-77.176331,39.15574
17899,17,2000,-77.176384,39.155598
17899,17,2002,-77.174895,39.154476
17899,17,2004,-77.173867,39.153282
17905,17,2020,-77.179184,39.157032
17905,17,2022,-77.18087,39.158257
17905,17,2024,-77.182846,39.158974
17905,17,6258,-77.185272,39.160309
17905,17,5066,-77.185005,39.161812
17905,17,5068,-77.186935,39.160679
17905,17,5070,-77.18924,39.160832
17905,17,5088,-77.189236,39.160679
17905,17,5090,-77.187007,39.160532
17905,17,5092,-77.184898,39.161659
17905,17,6268,-77.185654,39.159672
17905,17,1994,-77.183745,39.158953
17905,17,1996,-77.180906,39.158133
17905,17,1998,-77.179213,39.156878
17909,17,5072,-77.190205,39.163858
17909,17,5086,-77.190316,39.163942
17911,17,5074,-77.188255,39.165173
17911,17,5076,-77.18589,39.164928
17911,17,5082,-77.185638,39.165199
17911,17,5084,-77.187786,39.165229
17913,17,6260,-77.180923,39.166603
17913,17,6266,-77.180977,39.166833
17920,17,3022,-77.18932,39.173757
17920,17,3038,-77.189488,39.173329
17921,17,3024,-77.189369,39.175812
17921,17,3026,-77.189445,39.177289
17921,17,3034,-77.189573,39.177204
17921,17,3036,-77.189632,39.175873
17923,17,3028,-77.188812,39.180893
17923,17,3032,-77.189276,39.180293
17924,17,5676,-77.187828,39.185413
17924,17,5674,-77.187819,39.185188
18770,17,5678,-77.191467,39.185684
18770,17,5680,-77.193783,39.185313
18770,17,146,-77.195198,39.18639
18770,17,148,-77.196617,39.187488
18770,17,4240,-77.198372,39.187027
18770,17,8914,-77.199287,39.187222
18770,17,46,-77.199177,39.187043
18770,17,4230,-77.197373,39.187702
18770,17,150,-77.19577,39.186657
18770,17,5670,-77.193577,39.185267
18770,17,5672,-77.191528,39.185557
18770,17,4228,-77.198223,39.186625
18770,17,4232,-77.195252,39.189167
18770,17,4236,-77.195709,39.189232
18770,17,4238,-77.197343,39.188168
17931,17,48,-77.202393,39.186006
17931,17,44,-77.202415,39.185814
17933,17,50,-77.206776,39.185157
17933,17,52,-77.209182,39.185138
17933,17,7050,-77.210933,39.184038
17933,17,7048,-77.210789,39.184204
17933,17,40,-77.209167,39.184983
17933,17,42,-77.206938,39.185069
17935,17,7052,-77.21037,39.18173
17935,17,7964,-77.210119,39.180335
17935,17,7962,-77.209868,39.180315
17935,17,7046,-77.210198,39.181908
17980,17,17476,-77.203652,39.104513
17981,17,17463,-77.205688,39.101654
17982,17,14980,-77.206457,39.092208
17983,17,14549,-77.211424,39.087663
17984,17,15168,-77.213449,39.086377
17984,17,14550,-77.214773,39.08572
17984,17,14551,-77.215829,39.084144
17984,17,14552,-77.21685,39.082885
17989,17,9628,-77.246116,39.084562
17990,17,9630,-77.242378,39.084866
17991,17,9632,-77.23938,39.086071
17992,17,9634,-77.237465,39.087215
17993,17,9636,-77.23597,39.088749
17994,17,9638,-77.234676,39.090899
17995,17,9640,-77.233024,39.093606
17996,17,9642,-77.231668,39.095447
17996,17,9644,-77.230148,39.096653
17998,17,17549,-77.228302,39.097866
17999,17,9646,-77.223869,39.100522
18002,17,9652,-77.218092,39.108055
18016,17,3384,-77.03561,39.030385
18016,17,3386,-77.035367,39.028811
18018,17,3388,-77.035503,39.026403
18019,17,3390,-77.035309,39.023922
18020,17,2424,-77.037979,39.020775
18020,17,2426,-77.039138,39.019386
18043,17,8776,-77.284317,39.163609
18043,17,9514,-77.284935,39.163601
18044,17,9522,-77.287506,39.165012
18044,17,9512,-77.287485,39.164808
18045,17,9524,-77.29231,39.167403
18045,17,9510,-77.292318,39.167267
18047,17,8320,-77.296242,39.169781
18047,17,9526,-77.296638,39.172554
18047,17,16091,-77.296745,39.169667
18047,17,16090,-77.297249,39.169566
18047,17,9504,-77.296701,39.172618
18047,17,9506,-77.297874,39.17126
18047,17,9508,-77.296966,39.170066
18048,17,8322,-77.293861,39.173916
18048,17,9502,-77.293942,39.174045
18054,17,8324,-77.29129,39.173325
18054,17,8326,-77.289206,39.172137
18054,17,8328,-77.289304,39.170357
18054,17,9528,-77.288864,39.169209
18054,17,8098,-77.287201,39.168762
18054,17,9530,-77.284888,39.168619
18054,17,9488,-77.283101,39.169504
18054,17,9490,-77.284882,39.168766
18054,17,9492,-77.287056,39.168902
18054,17,9494,-77.289199,39.169346
18054,17,9496,-77.288952,39.170945
18054,17,9498,-77.289322,39.172429
18054,17,9500,-77.290914,39.173318
18055,17,9534,-77.283516,39.171345
18055,17,9486,-77.283795,39.171418
18056,17,9536,-77.283257,39.173194
18057,17,9538,-77.28022,39.172482
18059,17,9896,-77.274613,39.169917
18060,17,3984,-77.271233,39.167197
18060,17,8078,-77.27133,39.16654
18060,17,3056,-77.270229,39.166706
18062,17,17451,-77.272835,39.164204
18062,17,8076,-77.2734,39.164266
18062,17,3072,-77.273894,39.164096
18075,17,7778,-77.246007,39.205272
18075,17,7780,-77.246552,39.206434
18075,17,8888,-77.247201,39.204634
18075,17,9050,-77.247128,39.20426
18076,17,8794,-77.246881,39.208638
18076,17,8796,-77.247203,39.20865
18077,17,2554,-77.253484,39.216309
18077,17,2598,-77.253544,39.216293
18078,17,10023,-77.257305,39.219812
18078,17,10024,-77.257277,39.219605
18079,17,2556,-77.260378,39.223022
18079,17,16066,-77.260493,39.22265
18080,17,14941,-77.262512,39.225231
18081,17,2592,-77.268367,39.230146
18082,17,17096,-77.272331,39.227678
18083,17,14834,-77.277176,39.226597
18084,17,14835,-77.279091,39.228124
18085,17,14836,-77.280455,39.231801
18086,17,17465,-77.280882,39.234508
18086,17,17366,-77.282893,39.23475
18086,17,17191,-77.280379,39.235665
18086,17,17190,-77.280913,39.234805
18088,17,30022,-77.290255,39.224374
18089,17,30105,-77.288715,39.222948
18090,17,30108,-77.28628,39.219338
18091,17,30110,-77.286484,39.214769
18092,17,30024,-77.265839,39.21473
18093,17,30035,-77.261278,39.2152
18097,17,9058,-77.253899,39.20182
18097,17,8938,-77.253387,39.202366
18097,17,8952,-77.254676,39.203142
18097,17,9048,-77.252562,39.202011
18098,17,17589,-77.206474,39.116093
18100,17,9566,-77.199554,39.105595
18100,17,9564,-77.199029,39.105455
18101,17,9576,-77.203215,39.10703
18101,17,9562,-77.202994,39.106928
18102,17,9578,-77.206167,39.106535
18102,17,9560,-77.206741,39.106372
18104,17,16067,-77.223006,39.115614
18104,17,16068,-77.22328,39.115626
18105,17,10004,-77.225628,39.121153
18105,17,10006,-77.226117,39.121182
18107,17,3046,-77.240387,39.131092
18107,17,3082,-77.240291,39.130777
18108,17,3048,-77.245739,39.133586
18108,17,3080,-77.245845,39.13344
18109,17,3050,-77.25188,39.136934
18109,17,3078,-77.251839,39.136688
18261,17,8074,-77.274803,39.146492
18261,17,8080,-77.274974,39.146399
18261,17,9888,-77.270428,39.148025
18261,17,17089,-77.27172,39.147476
18261,17,9890,-77.273017,39.146927
18261,17,9852,-77.273854,39.146365
18261,17,17088,-77.271414,39.147383
18261,17,9854,-77.270636,39.147692
18111,17,8358,-77.276554,39.149043
18111,17,8360,-77.276736,39.148974
18111,17,15078,-77.278463,39.148411
18111,17,15076,-77.27905,39.148351
18112,17,3052,-77.278077,39.153157
18112,17,8970,-77.278395,39.153277
18113,17,15036,-77.27719,39.156037
18113,17,15042,-77.277,39.155827
18114,17,15038,-77.278973,39.158378
18114,17,15040,-77.278959,39.158267
18119,17,3058,-77.267646,39.167666
18119,17,3070,-77.267882,39.167861
18121,17,3060,-77.263557,39.169766
18121,17,3062,-77.262421,39.171516
18121,17,3066,-77.263306,39.170586
18121,17,3068,-77.264737,39.169234
18121,17,7458,-77.262543,39.170959
18122,17,4128,-77.26192,39.175367
18158,17,14536,-77.253751,39.189818
18158,17,14541,-77.253817,39.189649
18159,17,15160,-77.25837,39.191472
18159,17,15162,-77.258669,39.191511
18160,17,14537,-77.259534,39.194926
18160,17,14540,-77.259691,39.19478
18161,17,14538,-77.257546,39.197212
18161,17,17556,-77.256171,39.198349
18161,17,17555,-77.255564,39.198468
18161,17,14539,-77.258025,39.197245
18164,17,9134,-77.245103,39.200681
18164,17,9052,-77.245552,39.201904
18165,17,30026,-77.255551,39.226792
18165,17,30027,-77.255751,39.226927
18166,17,30054,-77.253257,39.229282
18166,17,30055,-77.254062,39.228683
18167,17,30137,-77.249633,39.231723
18168,17,17561,-77.247156,39.231996
18168,17,30029,-77.246739,39.232032
18168,17,30030,-77.246681,39.231861
18169,17,30032,-77.249875,39.228536
18169,17,30031,-77.25002,39.228648
18170,17,30073,-77.258342,39.231833
18170,17,30074,-77.258847,39.231758
18189,17,17404,-77.263789,39.24442
18189,17,17629,-77.265758,39.245418
18189,17,17403,-77.264197,39.244451
18172,17,17628,-77.268487,39.247451
18172,17,17176,-77.270272,39.248004
18172,17,17177,-77.270447,39.24757
18174,17,17368,-77.271259,39.245844
18174,17,14925,-77.271065,39.24538
18175,17,17367,-77.269211,39.243366
18175,17,14926,-77.269139,39.243463
18176,17,30044,-77.270261,39.240628
18176,17,30045,-77.269211,39.241406
18178,17,16089,-77.276618,39.238453
18178,17,17627,-77.278451,39.237294
18178,17,16088,-77.27642,39.238344
18178,17,8748,-77.278893,39.238453
18180,17,17651,-77.288119,39.230118
18180,17,17650,-77.288351,39.2301
18181,17,14832,-77.29232,39.237946
18205,17,30099,-77.271524,39.170982
18214,17,8916,-77.255285,39.11833
18215,17,9770,-77.261803,39.117699
18215,17,9784,-77.261649,39.117551
18216,17,9772,-77.268346,39.113526
18216,17,17400,-77.269453,39.113121
18216,17,9782,-77.268124,39.11346
18217,17,14462,-77.279798,39.110002
18217,17,14461,-77.279599,39.109978
18218,17,9774,-77.286437,39.103915
18218,17,9780,-77.286354,39.103863
18219,17,9776,-77.292581,39.103911
18219,17,9778,-77.292709,39.103764
18220,17,9986,-77.301435,39.109588
18220,17,9984,-77.30222,39.10953
18221,17,9987,-77.312628,39.116106
18221,17,9983,-77.312675,39.115925
18222,17,9790,-77.34737,39.128338
18222,17,9793,-77.347206,39.128265
18223,17,9789,-77.365564,39.124148
18223,17,9792,-77.365967,39.123997
18224,17,17113,-77.397913,39.133207
18225,17,9794,-77.402358,39.134469
18225,17,9800,-77.403282,39.134781
18226,17,9796,-77.40691,39.139945
18227,17,30033,-77.407364,39.14222
18227,17,9820,-77.407706,39.142284
18228,17,17630,-77.410708,39.14473
18228,17,17631,-77.412377,39.145002
18230,17,30068,-77.414737,39.145584
18231,17,9828,-77.418659,39.145311
18231,17,9822,-77.417766,39.144263
18233,17,9824,-77.415558,39.14365
18234,17,9814,-77.413273,39.143025
18234,17,9816,-77.41193,39.142688
18234,17,9818,-77.410589,39.142354
18249,17,9786,-77.258668,39.11816
18259,17,9884,-77.267484,39.153237
18259,17,9858,-77.268186,39.152329
18260,17,9886,-77.268637,39.150156
18260,17,9856,-77.268616,39.14983
18265,17,15080,-77.281638,39.151338
18265,17,15082,-77.283139,39.151782
18265,17,15072,-77.283723,39.151776
18265,17,15074,-77.281601,39.151097
18267,17,15084,-77.285764,39.153373
18267,17,15070,-77.285927,39.153229
18268,17,15086,-77.289581,39.154472
18268,17,15088,-77.291154,39.153205
18268,17,15090,-77.292152,39.152126
18268,17,15092,-77.293938,39.151489
18268,17,16069,-77.295881,39.152253
18268,17,15094,-77.296638,39.153103
18268,17,15096,-77.297348,39.154133
18268,17,15058,-77.297714,39.154324
18268,17,15060,-77.296508,39.152555
18268,17,15062,-77.294884,39.15139
18268,17,15064,-77.292274,39.151725
18268,17,15066,-77.291205,39.152789
18268,17,15068,-77.289483,39.154283
18268,17,17519,-77.295765,39.152557
18275,17,15100,-77.295547,39.159008
18275,17,15054,-77.295625,39.159423
18275,17,15056,-77.296745,39.157616
18276,17,15102,-77.295896,39.164174
18276,17,15052,-77.296392,39.16447
18277,17,15104,-77.298065,39.16742
18277,17,15050,-77.29825,39.1674
18306,17,30052,-77.280508,39.241447
18307,17,17371,-77.278479,39.244308
18308,17,30047,-77.274361,39.248294
18310,17,30039,-77.245466,39.234217
18311,17,17361,-77.242821,39.233897
18312,17,17359,-77.239728,39.233563
18313,17,9996,-77.237256,39.231522
18314,17,17564,-77.23692,39.225208
18315,17,17374,-77.238602,39.206131
18316,17,17340,-77.240612,39.204222
18316,17,17385,-77.241742,39.203186
18316,17,14949,-77.241257,39.202049
18319,17,14952,-77.239024,39.201349
18319,17,14951,-77.238681,39.200294
18319,17,14953,-77.239117,39.198736
18322,17,14950,-77.233648,39.191852
18322,17,8342,-77.23416,39.190098
18324,17,8344,-77.232482,39.185607
18325,17,8350,-77.232027,39.183191
18326,17,8354,-77.234557,39.181732
18328,17,4120,-77.242252,39.178348
18331,17,950,-77.259597,39.18615
18331,17,15010,-77.260427,39.187167
18331,17,952,-77.26162,39.188568
18331,17,954,-77.262092,39.188815
18331,17,15008,-77.260573,39.187177
18331,17,956,-77.260098,39.186455
18334,17,15020,-77.265748,39.190945
18334,17,15022,-77.265187,39.190937
18342,17,7018,-77.274933,39.192946
18342,17,7020,-77.277038,39.192773
18342,17,7022,-77.278398,39.192008
18342,17,7024,-77.28086,39.191529
18342,17,7026,-77.282067,39.192721
18342,17,6996,-77.281942,39.19221
18342,17,6998,-77.28091,39.191427
18342,17,7000,-77.278706,39.191783
18342,17,7002,-77.277406,39.192452
18342,17,7004,-77.274888,39.192858
18344,17,7028,-77.284325,39.194141
18344,17,15134,-77.284598,39.195062
18344,17,7030,-77.284186,39.196652
18344,17,7032,-77.282616,39.197327
18344,17,7034,-77.280759,39.196809
18344,17,7036,-77.279221,39.196331
18344,17,15122,-77.278708,39.196374
18344,17,15124,-77.280739,39.196896
18344,17,15126,-77.282326,39.197388
18344,17,15128,-77.284299,39.196689
18344,17,15130,-77.284772,39.194992
18344,17,15132,-77.284323,39.193976
18350,17,7038,-77.276045,39.196181
18350,17,15136,-77.273911,39.196831
18350,17,15118,-77.27404,39.196873
18350,17,15120,-77.276237,39.196316
18352,17,1530,-77.272304,39.1955
18352,17,15024,-77.272148,39.195599
18360,17,8940,-77.257156,39.203884
18360,17,8942,-77.259674,39.204071
18360,17,16007,-77.262062,39.201384
18360,17,17114,-77.260406,39.20237
18360,17,16008,-77.259842,39.203689
18360,17,8950,-77.25782,39.203686
18356,17,8944,-77.262693,39.204484
18357,17,9680,-77.265353,39.205335
18358,17,8954,-77.266578,39.203508
18358,17,16006,-77.265592,39.202842
18367,17,30061,-77.251868,39.186496
18367,17,30063,-77.251637,39.18641
18368,17,17578,-77.242572,39.181519
18371,17,30167,-77.274607,39.202398
18371,17,30168,-77.272433,39.202189
18373,17,30169,-77.269023,39.198754
18395,17,17582,-77.246329,39.18429
18396,17,5974,-77.149979,39.144941
18396,17,5976,-77.1502,39.14534
18398,17,8388,-77.157242,39.164055
18399,17,8392,-77.155402,39.167128
18401,17,16,-77.155258,39.169899
18401,17,18,-77.158023,39.171301
18401,17,20,-77.159958,39.170414
18401,17,5094,-77.161587,39.169807
18401,17,960,-77.159789,39.171002
18401,17,6,-77.157423,39.171065
18401,17,8,-77.155664,39.169907
18404,17,5096,-77.164921,39.171798
18405,17,958,-77.162224,39.172615
18409,17,7480,-77.152128,39.172662
18410,17,7482,-77.151276,39.17506
18410,17,7592,-77.151452,39.174999
18411,17,7484,-77.150617,39.177827
18411,17,7590,-77.150768,39.177746
18412,17,7488,-77.150498,39.182594
18412,17,7586,-77.150731,39.182552
18413,17,8884,-77.151878,39.185352
18413,17,7584,-77.150918,39.18489
18414,17,8862,-77.155594,39.185493
18414,17,8872,-77.155716,39.185421
18415,17,8864,-77.156762,39.187752
18415,17,8866,-77.158164,39.188964
18415,17,8874,-77.157616,39.18997
18415,17,8882,-77.157636,39.190205
18415,17,8868,-77.157788,39.188613
18415,17,8870,-77.156854,39.187546
18419,17,8876,-77.154005,39.191573
18419,17,7495,-77.152749,39.19369
18419,17,7579,-77.152834,39.193544
18419,17,8878,-77.15269,39.191907
18419,17,8880,-77.155107,39.191578
18420,17,7496,-77.154342,39.197286
18420,17,7578,-77.154479,39.197261
18421,17,7498,-77.157901,39.200524
18421,17,14574,-77.159203,39.201728
18421,17,14575,-77.15921,39.201603
18421,17,7576,-77.157589,39.200105
18423,17,7500,-77.163082,39.204533
18423,17,7574,-77.163022,39.204368
18424,17,7502,-77.169319,39.208691
18424,17,7572,-77.169632,39.208847
18425,17,7504,-77.171815,39.2127
18425,17,7570,-77.172057,39.21285
18426,17,7506,-77.173023,39.216237
18426,17,7568,-77.173209,39.216244
18427,17,7508,-77.176033,39.223384
18427,17,7566,-77.176643,39.224808
18428,17,7510,-77.178235,39.23056
18428,17,7564,-77.178366,39.230525
18429,17,7512,-77.182014,39.238716
18429,17,7562,-77.18219,39.238842
18430,17,7514,-77.187257,39.244619
18430,17,7515,-77.189186,39.245537
18430,17,7516,-77.190681,39.246799
18430,17,7558,-77.190789,39.246799
18430,17,7559,-77.188877,39.245159
18430,17,7560,-77.185658,39.2437
18433,17,7518,-77.194542,39.250443
18433,17,7556,-77.194595,39.250303
18434,17,8832,-77.197121,39.253068
18434,17,8830,-77.197372,39.253148
18435,17,7520,-77.20062,39.256592
18435,17,7554,-77.200638,39.256378
18436,17,7522,-77.202177,39.259058
18436,17,6300,-77.203185,39.260097
18436,17,7552,-77.202332,39.259207
18438,17,6302,-77.208161,39.260498
18439,17,6304,-77.213288,39.259774
18440,17,6306,-77.216552,39.26049
18441,17,6308,-77.219948,39.261467
18441,17,9662,-77.221093,39.262326
18443,17,5300,-77.218262,39.265209
18443,17,5302,-77.21798,39.266515
18445,17,5304,-77.216775,39.270362
18446,17,5306,-77.214489,39.275301
18447,17,5308,-77.212313,39.278475
18447,17,5310,-77.21178,39.279881
18449,17,5312,-77.210997,39.283359
18450,17,5314,-77.208922,39.285901
18451,17,5316,-77.206947,39.287727
18451,17,5318,-77.205245,39.288396
18451,17,9752,-77.203177,39.288049
18454,17,7538,-77.20195,39.286251
18455,17,7540,-77.201973,39.283905
18456,17,7541,-77.203087,39.280243
18457,17,7542,-77.203841,39.278102
18458,17,7544,-77.204298,39.274787
18459,17,7546,-77.204557,39.272782
18460,17,7548,-77.205143,39.267248
18461,17,7550,-77.204389,39.263717
18488,17,7588,-77.150575,39.180194
18491,17,10,-77.153583,39.16864
18492,17,10027,-77.144828,39.160527
18495,17,6478,-77.112425,39.029881
18495,17,6466,-77.112597,39.029795
18496,17,6480,-77.115762,39.031122
18496,17,6482,-77.117775,39.031887
18496,17,6462,-77.11815,39.031915
18496,17,6464,-77.115945,39.031094
18498,17,6484,-77.12153,39.033294
18498,17,6460,-77.121521,39.033186
18700,17,4708,-77.125366,39.034121
18700,17,6458,-77.124339,39.034314
18700,17,6488,-77.127243,39.035206
18700,17,6456,-77.127188,39.035075
18700,17,4682,-77.124578,39.034908
18509,17,4110,-77.259483,39.174843
18509,17,4112,-77.257713,39.175062
18511,17,4114,-77.254368,39.175283
18511,17,6908,-77.25376,39.173715
18513,17,6910,-77.251897,39.171682
18514,17,6912,-77.249566,39.169832
18514,17,6914,-77.247695,39.169
18516,17,6916,-77.246314,39.166124
18517,17,6918,-77.24926,39.163181
18517,17,7444,-77.251119,39.16217
18519,17,7446,-77.253943,39.1618
18520,17,7448,-77.258465,39.163092
18521,17,7450,-77.259064,39.165489
18521,17,7452,-77.259262,39.166573
18521,17,7454,-77.259931,39.168126
18521,17,7456,-77.260934,39.169342
18526,17,7460,-77.26436,39.172782
18527,17,7744,-77.266636,39.175059
18531,17,7770,-77.275068,39.180336
18532,17,2136,-77.274534,39.182234
18532,17,2138,-77.273679,39.183436
18532,17,4094,-77.272954,39.183772
18532,17,4096,-77.27102,39.183026
18532,17,4098,-77.269896,39.181802
18532,17,15046,-77.269334,39.180939
18546,17,17369,-77.273827,39.190178
18546,17,2146,-77.273502,39.189554
18546,17,2142,-77.273201,39.189426
18550,17,7682,-77.274666,39.186333
18550,17,7684,-77.276739,39.186157
18550,17,7686,-77.279022,39.185726
18550,17,7688,-77.281174,39.185429
18550,17,15138,-77.28264,39.185836
18550,17,6888,-77.282997,39.185642
18550,17,7674,-77.281082,39.18528
18550,17,7676,-77.279091,39.185612
18550,17,7678,-77.27712,39.185778
18550,17,7680,-77.275261,39.186203
18550,17,2140,-77.273552,39.186581
18555,17,15114,-77.284615,39.183678
18555,17,6892,-77.286507,39.183408
18555,17,6894,-77.289711,39.182498
18555,17,7474,-77.289785,39.181857
18555,17,15112,-77.28946,39.182938
18555,17,6884,-77.288533,39.183521
18555,17,6886,-77.286453,39.183285
18555,17,15110,-77.28418,39.183884
18556,17,7412,-77.287506,39.180176
18556,17,7472,-77.286827,39.18
18557,17,7414,-77.283818,39.180146
18557,17,7470,-77.284094,39.180224
18558,17,7416,-77.280759,39.181214
18558,17,7418,-77.279045,39.181778
18558,17,7420,-77.277241,39.182035
18558,17,7464,-77.277092,39.18214
18558,17,7466,-77.278639,39.182068
18558,17,7468,-77.280995,39.181231
18562,17,17099,-77.277473,39.177971
18562,17,17098,-77.278195,39.178006
18563,17,17537,-77.282609,39.176694
18563,17,17536,-77.282302,39.176654
18577,17,17520,-77.294052,39.154182
18577,17,17521,-77.294236,39.154241
18578,17,17524,-77.292756,39.155934
18578,17,17525,-77.292874,39.155914
18579,17,17522,-77.290512,39.158775
18579,17,17523,-77.29061,39.158909
18580,17,17526,-77.287327,39.162053
18580,17,17527,-77.287413,39.162161
18587,17,17517,-77.262978,39.16031
18637,17,10014,-77.253263,39.116046
18642,17,3874,-77.121009,38.944849
18642,17,3872,-77.120468,38.945343
18644,17,5292,-77.121666,38.942406
18644,17,5294,-77.120439,38.94012
18644,17,5296,-77.118858,38.939008
18644,17,600,-77.119217,38.940552
18644,17,602,-77.120056,38.942059
18677,17,17393,-77.052487,39.029349
18678,17,4972,-77.055619,39.029821
18679,17,4974,-77.058206,39.029733
18680,17,4976,-77.061257,39.029598
18681,17,4978,-77.065735,39.029408
18681,17,4980,-77.066587,39.02937
18690,17,3522,-77.084213,39.030078
18690,17,3504,-77.084684,39.030151
18696,17,6240,-77.08986,39.03368
18696,17,6242,-77.091461,39.0341
18696,17,6244,-77.092957,39.034477
18696,17,6246,-77.094398,39.034718
18696,17,6248,-77.096261,39.034912
18696,17,6250,-77.098591,39.034715
18696,17,6252,-77.100495,39.034649
18696,17,6254,-77.102158,39.034615
18696,17,6256,-77.103924,39.034709
18696,17,6222,-77.103818,39.034544
18696,17,6224,-77.10211,39.034501
18696,17,6226,-77.100515,39.034529
18696,17,6228,-77.098297,39.034645
18696,17,6230,-77.096207,39.034809
18696,17,6232,-77.094784,39.034678
18696,17,6234,-77.093141,39.034436
18696,17,6236,-77.091866,39.034099
18696,17,6238,-77.09019,39.033682
18701,17,6490,-77.130424,39.03587
18701,17,6492,-77.132141,39.036246
18701,17,6452,-77.132191,39.036181
18701,17,6454,-77.130286,39.035748
18703,17,6494,-77.135277,39.036947
18703,17,6496,-77.137124,39.03715
18703,17,6448,-77.137535,39.036976
18703,17,6450,-77.134582,39.036732
18705,17,6498,-77.141317,39.037501
18705,17,6446,-77.141223,39.037401
18706,17,6500,-77.151055,39.036656
18706,17,6444,-77.151272,39.036602
18707,17,6502,-77.156975,39.039864
18707,17,6442,-77.157577,39.04008
18708,17,6504,-77.161835,39.041252
18708,17,6440,-77.161781,39.041134
18709,17,6506,-77.164757,39.041489
18709,17,6508,-77.166601,39.041528
18709,17,6510,-77.168839,39.041596
18709,17,6434,-77.168977,39.041531
18709,17,6436,-77.166702,39.041382
18709,17,6438,-77.164777,39.041356
18714,17,6514,-77.176017,39.041358
18714,17,6516,-77.178031,39.042413
18714,17,6428,-77.178137,39.042378
18714,17,6430,-77.176323,39.041367
18715,17,6518,-77.179932,39.04467
18715,17,15106,-77.180351,39.045029
18715,17,6426,-77.179609,39.04394
18716,17,6520,-77.182236,39.047085
18716,17,6522,-77.183189,39.04798
18716,17,6524,-77.184242,39.048801
18716,17,6420,-77.184341,39.048782
18716,17,6422,-77.183324,39.048026
18716,17,6424,-77.18206,39.046783
18719,17,6526,-77.186343,39.049749
18719,17,2112,-77.188393,39.050133
18719,17,6418,-77.187703,39.050259
18721,17,2114,-77.190422,39.047623
18721,17,2116,-77.191099,39.046696
18721,17,17355,-77.193411,39.046636
18721,17,2950,-77.192808,39.046476
18721,17,2074,-77.190323,39.047554
18723,17,2118,-77.192892,39.044121
18724,17,5034,-77.191826,39.04076
18725,17,1980,-77.194088,39.038077
18726,17,1982,-77.196378,39.038522
18727,17,1984,-77.198959,39.039016
18728,17,1986,-77.202217,39.039948
18728,17,608,-77.203872,39.039628
18730,17,254,-77.204041,39.041439
18731,17,256,-77.205014,39.04536
18732,17,2945,-77.20332,39.046933
18732,17,2946,-77.201322,39.046961
18734,17,2948,-77.19893,39.046997
18734,17,8966,-77.197105,39.047034
18764,17,4218,-77.20258,39.177519
18764,17,4250,-77.202877,39.177631
18766,17,4220,-77.201025,39.17933
18766,17,4222,-77.199928,39.181034
18766,17,4246,-77.200333,39.180969
18766,17,4248,-77.201256,39.179413
18767,17,4224,-77.198844,39.183113
18767,17,4226,-77.198659,39.184819
18767,17,4242,-77.198975,39.184795
18767,17,4244,-77.199085,39.183568
18774,17,4234,-77.192363,39.190485
18774,17,7232,-77.191024,39.189344
18774,17,7234,-77.189271,39.188533
18774,17,3030,-77.186462,39.187999
18774,17,7224,-77.187736,39.188228
18774,17,7226,-77.189224,39.188624
18774,17,7228,-77.190564,39.189216
18774,17,7230,-77.191635,39.190281
18775,17,1866,-77.182721,39.18919
18775,17,1882,-77.182678,39.189404
18776,17,1868,-77.180294,39.187733
18776,17,1870,-77.178709,39.18767
18776,17,1878,-77.178602,39.187884
18776,17,1880,-77.180366,39.187964
18778,17,1872,-77.176835,39.186603
18778,17,1874,-77.176187,39.185277
18778,17,3632,-77.176044,39.184844
18778,17,1876,-77.176587,39.186622
18780,17,3634,-77.178433,39.184148
18780,17,3636,-77.180175,39.183887
18780,17,3638,-77.182044,39.183182
18780,17,6092,-77.182094,39.182919
18780,17,3628,-77.180626,39.183686
18780,17,3630,-77.178357,39.184055
18783,17,6094,-77.17957,39.178645
18783,17,6090,-77.179413,39.178681
18784,17,6096,-77.179138,39.176815
18784,17,6088,-77.178783,39.175869
18785,17,30001,-77.172291,39.175414
18786,17,17593,-77.178619,39.172164
18786,17,17592,-77.178534,39.172309
18788,17,6104,-77.168175,39.164814
18788,17,6080,-77.167738,39.164764
18789,17,6106,-77.165947,39.162613
18789,17,6078,-77.165794,39.162815
18790,17,6108,-77.163168,39.160712
18790,17,6076,-77.163055,39.160882
18832,17,4062,-77.198489,39.159177
18833,17,4064,-77.17402,39.150457
18836,17,14405,-77.145547,39.069257
18836,17,14416,-77.145529,39.069054
18837,17,17080,-77.150526,39.06701
18837,17,17115,-77.150784,39.066673
18838,17,14414,-77.15416,39.068732
18839,17,14415,-77.156541,39.067611
18840,17,17344,-77.154404,39.065746
18840,17,17343,-77.154465,39.065266
18841,17,14412,-77.155179,39.062228
18842,17,14408,-77.152718,39.05875
18842,17,14411,-77.151932,39.05851
18843,17,14409,-77.15049,39.056931
18843,17,14410,-77.149828,39.056547
18847,17,2040,-77.121735,39.048653
18847,17,2048,-77.120354,39.048927
18847,17,2050,-77.122056,39.048888
18848,17,4694,-77.117126,39.048859
18848,17,4696,-77.116626,39.049211
18864,17,1222,-77.077026,38.969234
18864,17,1224,-77.077027,38.970956
18864,17,1450,-77.077267,38.971357
18864,17,1452,-77.077263,38.969536
18867,17,1226,-77.07704,38.973552
18867,17,1228,-77.077042,38.975621
18867,17,1446,-77.077248,38.97583
18867,17,1448,-77.077271,38.974033
18907,17,3594,-77.068146,38.985741
18907,17,3596,-77.066618,38.984389
18907,17,3598,-77.064781,38.984061
18907,17,3600,-77.062981,38.984218
18907,17,3602,-77.061562,38.985115
18907,17,3604,-77.061882,38.98534
18907,17,3606,-77.062912,38.984379
18907,17,3608,-77.064383,38.984093
18907,17,3610,-77.066628,38.984478
18907,17,3614,-77.068352,38.986103
18911,17,248,-77.063118,38.987499
18911,17,252,-77.063226,38.987419
18974,17,17533,-77.054365,39.000735
18974,17,640,-77.054968,39.000336
18974,17,642,-77.0563,38.998825
18974,17,634,-77.057,38.998525
18974,17,636,-77.055908,38.998859
18974,17,638,-77.05483,39.000231
18972,17,9712,-77.053127,39.004225
18993,17,5818,-77.035659,38.999116
18993,17,5820,-77.037344,39.000676
18993,17,5822,-77.038519,39.001786
18993,17,5824,-77.040892,39.003986
18993,17,5826,-77.041641,39.004711
18993,17,5828,-77.042816,39.005864
18993,17,5830,-77.043297,39.007305
18993,17,5832,-77.043813,39.008766
18993,17,9699,-77.044612,39.009047
18993,17,5834,-77.043602,39.007543
18993,17,5836,-77.04302,39.006021
18993,17,5838,-77.041983,39.004881
18993,17,5840,-77.040487,39.003469
18993,17,5842,-77.038534,39.00162
18993,17,5844,-77.037727,39.000831
18993,17,5846,-77.036001,38.999311
18993,17,7712,-77.039971,39.001774
18993,17,5864,-77.044776,39.009873
18993,17,5862,-77.044624,39.009705
18993,17,7720,-77.040169,39.002034
18999,17,17579,-77.048748,39.009464
18999,17,17347,-77.052,39.009743
18999,17,17346,-77.051496,39.009599
18999,17,17348,-77.049306,39.009547
18999,17,5866,-77.048546,39.010735
18999,17,5868,-77.049928,39.01125
18999,17,5858,-77.049629,39.010949
18999,17,17407,-77.048604,39.010629
18999,17,5860,-77.047843,39.010466
19000,17,14421,-77.054767,39.009935
19000,17,14420,-77.054403,39.009796
19001,17,3676,-77.057216,39.011285
19001,17,2435,-77.058838,39.011461
19001,17,2434,-77.05904,39.011504
19001,17,3656,-77.05682,39.010946
19003,17,2436,-77.062233,39.012554
19003,17,6200,-77.06378,39.012773
19003,17,6202,-77.063786,39.014111
19003,17,6212,-77.063894,39.014012
19003,17,6214,-77.063824,39.012214
19003,17,2432,-77.061989,39.012597
19006,17,6204,-77.063416,39.016541
19006,17,6210,-77.063568,39.016487
19007,17,6206,-77.064354,39.018892
19007,17,3490,-77.064855,39.020045
19007,17,3488,-77.064606,39.019806
19007,17,6208,-77.064392,39.01873
19036,17,7708,-77.03878,38.998142
19036,17,7710,-77.039606,38.999042
19036,17,7722,-77.039852,38.999241
19042,17,5870,-77.052193,39.012859
19042,17,5856,-77.052289,39.012707
19044,17,5872,-77.054489,39.014439
19044,17,728,-77.057762,39.016133
19044,17,8002,-77.05606,39.01546
19044,17,5854,-77.054626,39.014324
19045,17,730,-77.058973,39.018607
19045,17,724,-77.059067,39.018494
19047,17,732,-77.060829,39.020644
19047,17,734,-77.062309,39.022259
19047,17,736,-77.062443,39.023301
19047,17,720,-77.062082,39.021255
19047,17,722,-77.060844,39.020523
19049,17,738,-77.065163,39.023304
19049,17,740,-77.066086,39.023129
19049,17,716,-77.066185,39.023045
19049,17,718,-77.064946,39.023229
19107,17,654,-77.021681,39.010898
19107,17,656,-77.021713,39.012646
19107,17,664,-77.021736,39.012257
19107,17,666,-77.021858,39.010303
19111,17,658,-77.021145,39.015446
19111,17,660,-77.021639,39.017088
19111,17,2392,-77.024375,39.017759
19111,17,2394,-77.025799,39.018028
19111,17,2386,-77.025848,39.017921
19111,17,2388,-77.024063,39.017586
19111,17,2390,-77.022017,39.017197
19111,17,662,-77.021574,39.015849
19113,17,2396,-77.0289,39.018402
19113,17,2384,-77.028435,39.018331
19116,17,2398,-77.031292,39.016872
19116,17,2400,-77.033172,39.016186
19116,17,2402,-77.036552,39.016033
19116,17,2378,-77.036949,39.015862
19116,17,17386,-77.035584,39.015199
19116,17,2380,-77.03363,39.016029
19116,17,6334,-77.031373,39.017341
19116,17,2382,-77.030725,39.017163
19128,17,6336,-77.031004,39.020664
19128,17,6338,-77.028862,39.021778
19128,17,6340,-77.029067,39.023419
19128,17,6342,-77.028297,39.025414
19128,17,6344,-77.027963,39.026623
19128,17,6346,-77.027671,39.028142
19128,17,6348,-77.027443,39.0294
19128,17,6350,-77.028212,39.030927
19128,17,6352,-77.028412,39.032482
19128,17,2708,-77.028249,39.032737
19128,17,6354,-77.027877,39.030614
19128,17,6356,-77.027632,39.029177
19128,17,6358,-77.027786,39.028233
19128,17,6360,-77.028108,39.026445
19128,17,6362,-77.028379,39.025532
19128,17,6364,-77.028999,39.023895
19128,17,6366,-77.02912,39.021617
19128,17,6368,-77.03166,39.019196
19138,17,100,-77.030487,39.039045
19193,17,82,-77.028839,39.04097
19193,17,68,-77.02935,39.041428
19194,17,84,-77.030464,39.043537
19194,17,66,-77.030746,39.043701
19238,17,8540,-76.968807,39.064386
19238,17,8542,-76.973267,39.065712
19238,17,8516,-76.973381,39.065563
19238,17,17040,-76.971554,39.064968
19238,17,8518,-76.969469,39.064402
19239,17,10016,-76.977821,39.065437
19239,17,10015,-76.97779,39.065231
19240,17,8544,-76.982635,39.06641
19240,17,8514,-76.983137,39.066292
19241,17,8546,-76.986021,39.068146
19241,17,9396,-76.985573,39.067509
19241,17,15382,-76.985508,39.068064
19241,17,17013,-76.986518,39.067372
19241,17,17011,-76.987709,39.066863
19241,17,17009,-76.988294,39.067961
19244,17,8548,-76.98777,39.070507
19244,17,8550,-76.988415,39.071896
19244,17,8552,-76.989819,39.073525
19244,17,8508,-76.989914,39.073368
19244,17,9378,-76.989044,39.072334
19244,17,8510,-76.987984,39.070465
19244,17,17007,-76.989953,39.070148
19247,17,8554,-76.992036,39.074599
19247,17,8556,-76.993668,39.075478
19247,17,8558,-76.998005,39.075739
19247,17,15568,-77.000289,39.075783
19247,17,8500,-77.000919,39.075653
19247,17,8502,-76.998419,39.075434
19247,17,17033,-76.996816,39.075339
19247,17,8504,-76.99491,39.075452
19247,17,8506,-76.992596,39.074648
19249,17,8560,-77.003277,39.075789
19249,17,8498,-77.004487,39.075013
19250,17,8562,-77.00737,39.073826
19250,17,8496,-77.006805,39.073795
19252,17,8564,-77.011206,39.071732
19252,17,8566,-77.013031,39.070538
19252,17,8492,-77.012723,39.070376
19252,17,8494,-77.011414,39.071285
19253,17,8568,-77.014954,39.069096
19253,17,8490,-77.014589,39.068956
19254,17,9380,-77.016998,39.068008
19254,17,8488,-77.016663,39.067833
19255,17,8570,-77.019615,39.06675
19255,17,8487,-77.019434,39.066489
19256,17,9382,-77.022209,39.066212
19256,17,8486,-77.022155,39.065929
19257,17,8576,-77.039215,39.0644
19257,17,8480,-77.039442,39.063881
19258,17,8578,-77.042379,39.062412
19258,17,8478,-77.041955,39.062224
19259,17,8580,-77.045471,39.06041
19259,17,8476,-77.044434,39.060646
19267,17,8588,-77.055174,39.058421
19267,17,8468,-77.055699,39.058308
19268,17,8590,-77.058289,39.059246
19268,17,8466,-77.058884,39.059181
19269,17,8592,-77.062505,39.059333
19269,17,8464,-77.06226,39.059202
19270,17,8594,-77.065409,39.059187
19270,17,8462,-77.065285,39.058979
19371,17,746,-77.01004,38.97517
19371,17,9684,-77.009033,38.975863
19371,17,800,-77.009079,38.97599
19371,17,802,-77.010201,38.975258
19376,17,752,-77.003998,38.980385
19376,17,754,-77.00327,38.981358
19376,17,756,-77.001287,38.982254
19376,17,790,-77.001701,38.982262
19376,17,792,-77.003112,38.981698
19376,17,7762,-77.003965,38.980691
19376,17,794,-77.004616,38.979893
19851,17,758,-76.999954,38.983783
19851,17,2274,-76.998863,38.985336
19851,17,2278,-77.000661,38.988125
19851,17,2280,-77.001351,38.989621
19851,17,2282,-77.001797,38.990959
19851,17,2284,-77.002158,38.992475
19851,17,2285,-77.002136,38.993644
19851,17,2321,-77.00224,38.993835
19851,17,2322,-77.002234,38.992633
19851,17,2324,-77.001961,38.99121
19851,17,2326,-77.001514,38.989741
19851,17,2328,-77.000745,38.988055
19851,17,2332,-76.998892,38.985194
19851,17,788,-76.999907,38.984033
19851,17,786,-76.998161,38.985069
19851,17,6956,-77.00338,38.98629
19851,17,3856,-77.003803,38.985307
19851,17,3854,-77.00365,38.985219
19851,17,6950,-77.003334,38.986194
19851,17,6952,-77.000936,38.985506
19851,17,760,-76.998024,38.985002
19851,17,6954,-77.001242,38.985851
19851,17,3298,-77.005242,38.989045
19851,17,3300,-77.004776,38.989735
19851,17,3302,-77.00354,38.99078
19851,17,3304,-77.002075,38.991047
19851,17,2330,-77.000244,38.987072
19851,17,2276,-76.999931,38.986771
19851,17,17222,-77.003574,38.990883
19851,17,17223,-77.00475,38.98984
19436,17,2294,-77.004515,39.001608
19436,17,7082,-77.006048,39.002835
19436,17,7084,-77.008096,39.001455
19436,17,7086,-77.010425,38.999712
19436,17,7076,-77.009404,38.999739
19436,17,7078,-77.007706,39.001644
19436,17,7080,-77.005663,39.002826
19436,17,2312,-77.004637,39.001563
19436,17,3816,-77.010052,39.001146
19436,17,3818,-77.010999,39.002078
19436,17,3820,-77.011488,39.003862
19436,17,4822,-77.013141,39.004868
19436,17,6402,-77.014442,39.004944
19436,17,6400,-77.014305,39.004906
19436,17,4824,-77.013163,39.004774
19436,17,3822,-77.011566,39.003742
19436,17,3824,-77.011108,39.002064
19436,17,3826,-77.010136,39.001099
19436,17,3814,-77.009327,38.999249
19436,17,7074,-77.009992,38.999583
19436,17,3828,-77.009132,38.999059
19607,17,778,-76.993636,38.989727
19607,17,17221,-76.99353,38.989674
19608,17,16012,-76.994421,38.987981
19608,17,764,-76.994553,38.987663
19609,17,17219,-76.996305,38.986231
19609,17,17377,-76.996177,38.986247
19613,17,3858,-77.005546,38.983954
19613,17,3860,-77.00724,38.982944
19613,17,3850,-77.007101,38.982887
19613,17,3852,-77.005422,38.983858
19646,17,6322,-77.02037,38.980681
19646,17,6324,-77.020393,38.98064
19647,17,2154,-77.021285,38.982992
19647,17,2192,-77.02108,38.982738
19676,17,1618,-77.023025,39.01962
19676,17,1620,-77.02256,39.021183
19678,17,5060,-77.023499,39.02367
19681,17,1758,-77.016316,39.027648
19682,17,3696,-77.012665,39.029969
19682,17,3698,-77.011678,39.031548
19682,17,3700,-77.013596,39.029285
19682,17,1762,-77.014156,39.028406
19690,17,2306,-77.008278,39.00835
19690,17,2308,-77.007759,39.006866
19692,17,2310,-77.006516,39.004704
19696,17,6378,-77.017196,38.993275
19696,17,6380,-77.015495,38.993553
19696,17,6382,-77.013298,38.993561
19696,17,6384,-77.011681,38.993762
19696,17,6388,-77.013407,38.993658
19696,17,6390,-77.016014,38.993668
19696,17,6392,-77.017167,38.993384
19720,17,5784,-76.990875,39.028919
19720,17,5772,-76.990681,39.028773
19721,17,5786,-76.990944,39.02645
19721,17,5770,-76.990823,39.026411
19730,17,4632,-76.981155,39.015736
19731,17,4634,-76.983643,39.015499
19732,17,3640,-76.986218,39.015518
19733,17,3642,-76.984263,39.012548
19752,17,9064,-76.939001,39.076958
19752,17,9066,-76.94085,39.076122
19754,17,16055,-76.938836,39.072635
19755,17,17617,-76.937668,39.070486
19756,17,16053,-76.937257,39.068157
19757,17,16050,-76.939826,39.065307
19758,17,16048,-76.942273,39.065671
19759,17,16057,-76.946198,39.068024
19759,17,16058,-76.944984,39.069485
19761,17,16059,-76.947395,39.070332
19761,17,16060,-76.949104,39.070992
19761,17,16061,-76.950325,39.071892
19764,17,16062,-76.953293,39.071743
19764,17,14861,-76.954399,39.071988
19768,17,14866,-76.961487,39.077831
19769,17,14868,-76.965523,39.077881
19770,17,14870,-76.968268,39.077104
19771,17,14871,-76.970838,39.076534
19772,17,15404,-76.979765,39.077801
19772,17,15400,-76.980328,39.077354
19774,17,15396,-76.983158,39.07553
19775,17,15392,-76.981053,39.072883
19776,17,15388,-76.980964,39.070541
19782,17,17005,-76.993623,39.069535
19782,17,17003,-76.99559,39.069765
19784,17,17001,-76.999037,39.070095
19785,17,16098,-77.001508,39.070275
19785,17,16097,-77.001663,39.071312
19785,17,17041,-77.001837,39.072951
19785,17,8712,-77.003342,39.071606
19789,17,8714,-77.003136,39.068989
19790,17,8716,-77.000747,39.06615
19791,17,8718,-76.99981,39.064479
19792,17,8720,-76.998399,39.06099
19793,17,14754,-76.997842,39.058792
19794,17,8724,-76.995414,39.054908
19795,17,8726,-76.993966,39.052215
19795,17,8728,-76.993481,39.050715
19797,17,8730,-76.992891,39.047844
19803,17,17020,-76.996635,39.041874
19803,17,17021,-76.997749,39.043068
19803,17,17022,-76.999954,39.042938
19803,17,17025,-76.998918,39.039733
19803,17,1202,-76.997745,39.039171
19803,17,1210,-76.999181,39.037817
19803,17,1212,-77.000215,39.036444
19803,17,1198,-76.999891,39.036391
19803,17,1200,-76.999114,39.03744
19803,17,1204,-76.996061,39.040596
19803,17,1206,-76.996357,39.040734
19803,17,1208,-76.997729,39.039633
19801,17,17023,-77.002022,39.041905
19801,17,17024,-77.00164,39.040286
19828,17,632,-76.992371,39.01952
19828,17,1496,-76.990067,39.019558
19849,17,3844,-77.011991,38.978779
19849,17,3866,-77.012048,38.978868
19868,17,4686,-77.12233,39.039429
19868,17,4688,-77.121788,39.04126
19868,17,4690,-77.121425,39.042534
19868,17,4692,-77.120537,39.04438
19868,17,4698,-77.120843,39.044274
19868,17,4700,-77.121579,39.042983
19868,17,4702,-77.122082,39.041419
19868,17,4704,-77.122391,39.040294
19869,17,2046,-77.116651,39.045419
19869,17,7746,-77.116158,39.046227
19869,17,2044,-77.116943,39.045288
19872,17,9224,-77.128783,39.062074
19872,17,1218,-77.130371,39.061008
19874,17,1220,-77.130411,39.058691
19877,17,154,-77.102104,39.070911
19877,17,186,-77.101757,39.071105
19878,17,156,-77.098535,39.071332
19878,17,184,-77.098603,39.07145
19879,17,158,-77.094966,39.073892
19879,17,182,-77.095101,39.073924
19880,17,160,-77.093437,39.075489
19880,17,180,-77.09362,39.075581
19886,17,168,-77.084149,39.079392
19886,17,170,-77.082382,39.080006
19886,17,1328,-77.079559,39.081829
19886,17,1346,-77.080414,39.080975
19886,17,172,-77.08174,39.080251
19886,17,174,-77.083593,39.079733
19886,17,1348,-77.080926,39.079308
19886,17,1326,-77.080513,39.079338
19888,17,1334,-77.073469,39.087279
19888,17,1340,-77.074302,39.086239
19888,17,8044,-77.074767,39.087739
19888,17,8046,-77.075493,39.088963
19892,17,3290,-77.061913,39.094055
19892,17,9220,-77.062065,39.093922
19893,17,3292,-77.060818,39.097607
19893,17,9218,-77.060982,39.097389
19894,17,3294,-77.058896,39.100192
19894,17,9216,-77.058746,39.100895
19895,17,3296,-77.054665,39.103287
19895,17,9214,-77.054856,39.103317
19896,17,9266,-77.051921,39.101095
19896,17,9274,-77.051839,39.1012
19897,17,3706,-77.047676,39.099167
19897,17,3708,-77.046913,39.097706
19897,17,3710,-77.046288,39.096671
19897,17,9268,-77.045951,39.096535
19897,17,9270,-77.046776,39.097775
19897,17,9272,-77.048257,39.099575
19950,17,3338,-77.11118,38.991983
19950,17,3332,-77.111107,38.991783
19951,17,3340,-77.113884,38.992237
19951,17,3330,-77.115161,38.992296
20106,17,3342,-77.117758,38.993016
20106,17,528,-77.119132,38.99418
20106,17,530,-77.118958,38.996118
20106,17,532,-77.119362,38.997723
20106,17,544,-77.119926,38.998013
20106,17,546,-77.119121,38.996548
20106,17,548,-77.119368,38.994385
20106,17,550,-77.119027,38.993348
20106,17,3328,-77.117834,38.992847
20106,17,490,-77.117601,38.991266
20106,17,492,-77.11837,38.992682
20106,17,494,-77.120369,38.99329
20106,17,496,-77.122955,38.994282
20106,17,498,-77.124159,38.995006
20106,17,436,-77.124001,38.994816
20106,17,438,-77.122415,38.993721
20106,17,440,-77.120728,38.993149
20106,17,442,-77.117681,38.991217
19961,17,534,-77.121193,39.000805
19961,17,536,-77.121155,39.001835
19961,17,538,-77.123098,39.003018
19961,17,2026,-77.123299,39.004941
19961,17,2028,-77.123344,39.005913
19961,17,2030,-77.123434,39.007721
19961,17,7256,-77.123772,39.008015
19961,17,2032,-77.12351,39.006099
19961,17,2034,-77.123386,39.004445
19961,17,2036,-77.123344,39.003235
19961,17,540,-77.121563,39.002035
19961,17,542,-77.121292,39.000793
19961,17,3112,-77.120865,39.001041
19961,17,3094,-77.121006,39.000933
19962,17,680,-77.126179,39.00875
19962,17,696,-77.126392,39.008783
19964,17,682,-77.125114,39.01038
19964,17,684,-77.123602,39.011834
19964,17,686,-77.122999,39.013068
19964,17,688,-77.123154,39.014234
19964,17,6036,-77.123428,39.01442
19964,17,690,-77.123428,39.012734
19964,17,692,-77.123962,39.011826
19964,17,694,-77.125069,39.010731
19967,17,6032,-77.120633,39.014645
19967,17,6034,-77.120415,39.01474
19977,17,5064,-77.107109,39.017216
20016,17,7358,-77.087028,38.963669
20016,17,7360,-77.087685,38.965057
20016,17,7404,-77.087784,38.964794
20016,17,7406,-77.087417,38.963952
20019,17,7362,-77.088562,38.967484
20019,17,7364,-77.088947,38.969586
20019,17,7366,-77.089232,38.971226
20019,17,7398,-77.089507,38.971408
20019,17,7400,-77.089256,38.969701
20019,17,15558,-77.088928,38.967869
20023,17,7368,-77.089626,38.973806
20023,17,7370,-77.089867,38.975224
20023,17,7372,-77.090714,38.977538
20023,17,7374,-77.091121,38.97834
20023,17,7390,-77.09139,38.978216
20023,17,15556,-77.090589,38.976627
20023,17,7394,-77.090253,38.975643
20023,17,7396,-77.089879,38.973735
20025,17,7376,-77.092163,38.980415
20025,17,7388,-77.09262,38.980685
20034,17,834,-77.094795,39.007954
20034,17,836,-77.092419,39.008831
20034,17,838,-77.091532,39.010267
20034,17,872,-77.091577,39.010551
20034,17,870,-77.092051,39.009519
20034,17,874,-77.094445,39.008187
20036,17,840,-77.09065,39.01277
20036,17,868,-77.09076,39.012887
20042,17,842,-77.089004,39.015044
20042,17,844,-77.087906,39.016548
20042,17,846,-77.086844,39.018573
20042,17,848,-77.086273,39.019527
20042,17,850,-77.085626,39.020641
20042,17,852,-77.084167,39.022556
20042,17,856,-77.084748,39.022068
20042,17,858,-77.085763,39.020583
20042,17,860,-77.086172,39.01991
20042,17,862,-77.086914,39.018661
20042,17,864,-77.087814,39.016979
20042,17,866,-77.088981,39.015318
20044,17,854,-77.081457,39.022949
20044,17,6270,-77.080694,39.024791
20044,17,6276,-77.080887,39.024696
20044,17,6278,-77.08118,39.023558
20050,17,6602,-77.060812,39.036983
20050,17,6772,-77.061292,39.037059
20056,17,1350,-77.080692,39.076485
20056,17,1324,-77.080307,39.076252
20057,17,1352,-77.078046,39.072756
20057,17,1322,-77.077797,39.072947
20063,17,1364,-77.073349,39.060799
20066,17,1370,-77.074322,39.054508
20108,17,500,-77.126587,38.995861
20108,17,434,-77.126507,38.995776
20109,17,502,-77.129212,38.99664
20110,17,504,-77.130966,38.998131
20110,17,430,-77.131178,38.998168
20111,17,506,-77.1323,39.001153
20111,17,428,-77.132416,39.001007
20112,17,508,-77.134784,39.003254
20112,17,426,-77.135048,39.003216
20113,17,510,-77.137501,39.003869
20113,17,424,-77.137442,39.003757
20114,17,512,-77.14032,39.005383
20114,17,423,-77.140233,39.005225
20115,17,514,-77.145366,39.005205
20115,17,420,-77.145612,39.005149
20117,17,516,-77.147895,39.006764
20117,17,518,-77.149803,39.008236
20117,17,416,-77.150215,39.008244
20117,17,418,-77.148355,39.00692
20118,17,520,-77.153325,39.010181
20118,17,414,-77.153569,39.010068
20119,17,522,-77.15543,39.011795
20119,17,523,-77.156926,39.012573
20119,17,412,-77.155425,39.011632
20121,17,5942,-77.160072,39.01111
20121,17,410,-77.159519,39.011993
20122,17,5944,-77.159687,39.006839
20123,17,5946,-77.159796,39.003257
20123,17,5947,-77.159775,39.001923
20125,17,5948,-77.160118,38.999474
20126,17,5950,-77.160559,38.996006
20127,17,5452,-77.162392,38.993176
20127,17,5454,-77.163826,38.994061
20129,17,5456,-77.169592,38.99718
20130,17,5458,-77.1745,38.999447
20130,17,5460,-77.176496,39.000348
20132,17,400,-77.180428,39.002502
20133,17,402,-77.174077,39.00693
20134,17,406,-77.171219,39.008629
20135,17,408,-77.164474,39.010406
20156,17,452,-77.112991,38.981709
20156,17,454,-77.111789,38.980604
20156,17,456,-77.110654,38.979536
20156,17,458,-77.109489,38.978149
20160,17,460,-77.107084,38.977124
20160,17,462,-77.105201,38.977044
20162,17,464,-77.101228,38.977556
20163,17,14847,-77.097686,38.976943
20163,17,128,-77.098646,38.978371
20164,17,3248,-77.099279,38.975183
20164,17,3250,-77.099768,38.974076
20164,17,126,-77.099761,38.975948
20172,17,334,-77.027161,39.094257
20172,17,362,-77.027238,39.094458
20173,17,336,-77.022789,39.094147
20173,17,360,-77.022903,39.094268
20174,17,338,-77.018273,39.093206
20174,17,358,-77.018936,39.093666
20176,17,340,-77.015542,39.092866
20176,17,342,-77.012549,39.092964
20176,17,354,-77.013536,39.093049
20176,17,356,-77.015623,39.093062
20177,17,344,-77.009436,39.092981
20177,17,352,-77.009384,39.093126
20178,17,346,-77.005173,39.094261
20178,17,350,-77.005463,39.094208
20179,17,2986,-77.001579,39.095966
20179,17,348,-77.002678,39.095826
20180,17,2988,-76.992906,39.093821
20180,17,3004,-76.992965,39.093955
20182,17,2990,-76.987179,39.096348
20182,17,2992,-76.985249,39.097727
20182,17,2994,-76.984261,39.098923
20182,17,2998,-76.984146,39.099335
20182,17,3000,-76.985275,39.097851
20182,17,3002,-76.986824,39.096573
20186,17,17341,-76.981612,39.101897
20186,17,552,-76.976936,39.100221
20186,17,554,-76.973442,39.098915
20186,17,8068,-76.975353,39.09977
20186,17,594,-76.978554,39.100938
20186,17,596,-76.980408,39.101616
20187,17,556,-76.971313,39.097065
20187,17,590,-76.97114,39.097063
20188,17,558,-76.969304,39.095202
20188,17,588,-76.969005,39.095095
20189,17,560,-76.968048,39.093388
20189,17,586,-76.967628,39.092953
20190,17,562,-76.966789,39.091114
20190,17,584,-76.96653,39.090989
20192,17,564,-76.96121,39.087295
20192,17,566,-76.958403,39.086876
20192,17,580,-76.958845,39.087018
20192,17,582,-76.960616,39.087281
20250,17,3106,-77.112125,39.000339
20250,17,3100,-77.112378,39.000267
20250,17,3102,-77.110327,39.000092
20250,17,14968,-77.109661,38.999718
20251,17,3108,-77.115524,39.000942
20251,17,3098,-77.115936,39.000946
20252,17,3110,-77.118279,39.001297
20252,17,3096,-77.118282,39.001206
20254,17,3114,-77.125291,39.00132
20254,17,3092,-77.125622,39.001179
20255,17,3116,-77.129586,39.002339
20255,17,3090,-77.129543,39.002217
20256,17,3118,-77.132447,39.003995
20256,17,3088,-77.131742,39.003168
20257,17,2194,-77.133194,39.007824
20257,17,2196,-77.133201,39.009407
20257,17,2224,-77.133307,39.00941
20257,17,2226,-77.133315,39.008308
20259,17,9438,-77.133194,39.011677
20259,17,9436,-77.133348,39.011523
20260,17,2198,-77.133202,39.015339
20260,17,2200,-77.133095,39.016433
20260,17,2202,-77.133171,39.018105
20260,17,2218,-77.133655,39.01865
20260,17,2220,-77.133191,39.016944
20260,17,2222,-77.133321,39.015243
20272,17,5884,-77.160004,39.034027
20272,17,5932,-77.160162,39.034083
20273,17,5886,-77.158935,39.037005
20273,17,5930,-77.159078,39.036299
20274,17,5888,-77.15923,39.041637
20274,17,5928,-77.159453,39.041614
20278,17,5890,-77.159932,39.043675
20278,17,5892,-77.160729,39.045762
20278,17,5894,-77.161881,39.047671
20278,17,8754,-77.163391,39.049661
20278,17,8756,-77.163567,39.049621
20278,17,5922,-77.162458,39.048202
20278,17,5924,-77.161049,39.046032
20278,17,5926,-77.160283,39.044098
20282,17,7634,-77.162148,39.066959
20282,17,5908,-77.161572,39.066537
20283,17,7636,-77.164523,39.066618
20283,17,7632,-77.165074,39.066569
20284,17,7638,-77.167371,39.067916
20284,17,7630,-77.16773,39.067837
20336,17,9198,-77.064805,39.079671
20336,17,9210,-77.065002,39.079758
20337,17,9200,-77.062081,39.080033
20337,17,9208,-77.062025,39.080138
20338,17,9202,-77.059002,39.080671
20338,17,9206,-77.058488,39.081017
20339,17,9204,-77.056135,39.08114
20339,17,9394,-77.056007,39.081345
20340,17,9388,-77.054952,39.085339
20340,17,9392,-77.05513,39.085353
20341,17,9362,-77.042694,39.101322
20341,17,9364,-77.044494,39.101621
20341,17,9358,-77.04409,39.101337
20343,17,9366,-77.05108,39.105985
20343,17,9356,-77.050735,39.105595
20344,17,9368,-77.052971,39.107304
20344,17,9354,-77.053037,39.10724
20345,17,9410,-77.054985,39.108757
20345,17,9408,-77.055486,39.108959
20346,17,9412,-77.057412,39.110627
20346,17,9406,-77.057343,39.11039
20347,17,9318,-77.065327,39.112545
20347,17,9312,-77.065282,39.11237
20348,17,30042,-77.069938,39.112608
20348,17,30041,-77.070461,39.112396
20352,17,9314,-77.06206,39.112276
20353,17,9404,-77.059006,39.112072
20956,18,1665,-77.08186,38.79624
20956,18,2830,-77.083629,38.797773
20956,18,277,-77.081707,38.79782
20956,18,2829,-77.083173,38.797962
20956,18,2133,-77.08094,38.79707
20376,18,1659,-77.08341,38.79401
20376,18,1658,-77.08282,38.79424
20377,18,2434,-77.0849,38.79191
20377,18,2428,-77.08475,38.79166
20378,18,1660,-77.08722,38.78877
20378,18,1648,-77.08845,38.78812
20378,18,20,-77.08964,38.7875
20378,18,1672,-77.08604,38.7895
20378,18,2435,-77.0896,38.78741
20381,18,1667,-77.094018,38.785854
20381,18,1261,-77.09527,38.78472
20381,18,1668,-77.09366,38.78579
20381,18,1262,-77.09513,38.78476
20383,18,1263,-77.09544,38.7826
20383,18,1239,-77.09538,38.78237
20384,18,1246,-77.09597,38.78037
20384,18,1252,-77.09592,38.78001
20387,18,1253,-77.09907,38.77634
20387,18,1243,-77.09957,38.7747
20387,18,1257,-77.09927,38.77273
20387,18,1455,-77.10067,38.77203
20387,18,1459,-77.10186,38.7716
20387,18,1256,-77.09916,38.77281
20387,18,1244,-77.09937,38.7743
20387,18,1254,-77.0986,38.77673
20389,18,1452,-77.11317,38.76942
20389,18,895,-77.11327,38.76925
20390,18,1453,-77.11965,38.76776
20390,18,2998,-77.11978,38.767637
20391,18,1653,-77.1265,38.76493
20391,18,1654,-77.12625,38.76479
20392,18,1663,-77.128819,38.763658
20392,18,1855,-77.130569,38.762579
20392,18,1675,-77.13017,38.76265
20392,18,3016,-77.128935,38.763364
20394,18,1656,-77.13303,38.76097
20394,18,1657,-77.13286,38.76089
20395,18,1661,-77.13523,38.75902
20396,18,1651,-77.13659,38.75729
20396,18,2426,-77.13634,38.75718
20397,18,770,-77.13745,38.75546
20397,18,2283,-77.13709,38.75525
20397,18,768,-77.138253,38.755456
20397,18,765,-77.137963,38.755291
20397,18,3168,-77.138567,38.753682
20398,18,1649,-77.14246,38.74908
20398,18,3029,-77.14224,38.74858
20399,18,78,-77.142503,38.743881
20400,18,267,-77.13979,38.74678
20401,18,2407,-77.13711,38.74534
20402,18,2417,-77.13502,38.74637
20403,18,207,-77.13275,38.74832
20403,18,897,-77.13227,38.7496
20405,18,2418,-77.12984,38.75088
20406,18,769,-77.131498,38.752376
20407,18,2281,-77.13453,38.75377
20410,18,766,-77.141076,38.755459
20410,18,767,-77.140814,38.755126
22258,18,250,-77.14602,38.75687
22258,18,919,-77.14522,38.75674
22258,18,924,-77.14418,38.75793
22258,18,916,-77.14493,38.75734
22258,18,275,-77.146284,38.756699
22258,18,3018,-77.145531,38.756066
22258,18,3019,-77.147175,38.755745
22258,18,912,-77.14935,38.75511
22258,18,913,-77.14903,38.75505
22258,18,3020,-77.14707,38.755485
20412,18,764,-77.14977,38.76158
20412,18,763,-77.15034,38.76177
21334,18,1065,-77.154298,38.765066
21334,18,2970,-77.154322,38.764751
21334,18,167,-77.156289,38.763521
21334,18,150,-77.156374,38.764193
20415,18,1885,-77.415286,38.832958
20415,18,1934,-77.413601,38.832555
20417,18,3128,-77.413731,38.830405
20433,18,2033,-77.426058,38.828688
20433,18,2034,-77.428184,38.828346
20433,18,3093,-77.43037,38.82803
20433,18,2099,-77.43099,38.82894
20433,18,1897,-77.42259,38.834793
20433,18,2031,-77.423691,38.833589
20433,18,2025,-77.424361,38.832879
20433,18,2029,-77.425103,38.831409
20433,18,2030,-77.42489,38.83013
20433,18,2028,-77.420089,38.834348
20433,18,1932,-77.420682,38.835282
20422,18,3110,-77.431773,38.831731
20423,18,3107,-77.431231,38.834375
20424,18,1933,-77.428571,38.836086
20425,18,1886,-77.425208,38.835486
20431,18,2026,-77.422088,38.83034
20431,18,2027,-77.421147,38.83189
20435,18,2041,-77.422205,38.836997
20436,18,1974,-77.411428,38.840511
20437,18,1978,-77.413265,38.843877
20437,18,1988,-77.413168,38.845408
20439,18,1992,-77.410054,38.848438
20440,18,1989,-77.404882,38.848433
20441,18,2072,-77.402413,38.850587
20442,18,1879,-77.404172,38.853413
20442,18,3312,-77.404056,38.853044
20442,18,3199,-77.404089,38.853205
20444,18,3236,-77.440446,38.876558
20445,18,2036,-77.437788,38.876359
20446,18,2035,-77.434479,38.871245
20447,18,1282,-77.43702,38.870843
20452,18,3154,-77.237419,38.923559
20452,18,3161,-77.237131,38.923461
20455,18,2134,-77.23859,38.92198
20455,18,3155,-77.238973,38.919794
20455,18,3156,-77.238783,38.917937
20455,18,3157,-77.237866,38.916591
20455,18,2221,-77.238315,38.916218
20455,18,2220,-77.236224,38.915757
20455,18,2833,-77.239746,38.915459
20455,18,2213,-77.236769,38.91575
20455,18,2374,-77.240641,38.917684
20455,18,3158,-77.2378,38.9169
20455,18,3159,-77.238494,38.918195
20455,18,3160,-77.238709,38.920472
20455,18,3178,-77.238336,38.9219
20458,18,2201,-77.24329,38.91413
20458,18,2212,-77.244126,38.913508
20459,18,2202,-77.24677,38.91254
20459,18,2211,-77.246704,38.912328
20461,18,2203,-77.24999,38.91107
20461,18,2204,-77.25229,38.91058
20461,18,2205,-77.25399,38.91032
20461,18,1052,-77.25548,38.90945
20461,18,2209,-77.252613,38.910338
20461,18,2210,-77.250306,38.910729
20461,18,1053,-77.255766,38.908984
20461,18,1054,-77.254915,38.909654
20467,18,1048,-77.25791,38.90752
20467,18,1055,-77.26057,38.90536
20467,18,1060,-77.26197,38.90431
20467,18,1050,-77.2651,38.90178
20467,18,1051,-77.264401,38.902093
20467,18,1061,-77.263236,38.903033
20467,18,1062,-77.261814,38.904162
20467,18,1049,-77.259126,38.90631
20467,18,3048,-77.257726,38.907441
20469,18,1056,-77.26727,38.90003
20469,18,2206,-77.26978,38.89804
20469,18,3046,-77.269575,38.898006
20469,18,2208,-77.268022,38.899209
20470,18,2207,-77.27213,38.89616
20470,18,3047,-77.272244,38.895759
20471,18,3051,-77.273756,38.893994
20471,18,1201,-77.27273,38.89277
20471,18,1202,-77.272574,38.892927
20471,18,303,-77.27443,38.89435
20471,18,301,-77.27597,38.89316
20473,18,1198,-77.27132,38.89095
20473,18,1197,-77.271137,38.891062
20474,18,1203,-77.26942,38.88652
20474,18,1204,-77.26905,38.88626
20474,18,1630,-77.267574,38.887287
20475,18,1199,-77.26832,38.884
20475,18,1200,-77.26798,38.88377
20478,18,1005,-77.217644,38.703962
20478,18,998,-77.21686,38.70412
20479,18,1045,-77.21112,38.70585
20479,18,1044,-77.21132,38.70571
20479,18,1001,-77.21136,38.70476
20480,18,997,-77.2119,38.70833
20480,18,1043,-77.21203,38.70804
20489,18,568,-77.249655,38.906519
20489,18,569,-77.24922,38.906341
20490,18,562,-77.246299,38.903974
20490,18,570,-77.245667,38.903668
20492,18,456,-77.24367,38.90186
20492,18,455,-77.24101,38.90128
20492,18,454,-77.24185,38.90117
20493,18,477,-77.23344,38.90053
20493,18,476,-77.23343,38.90073
20494,18,2819,-77.237765,38.893792
20494,18,2818,-77.236722,38.894915
20495,18,2817,-77.239528,38.891575
20495,18,2816,-77.239956,38.890924
20496,18,2383,-77.242676,38.887691
20496,18,3162,-77.2433,38.8866
20496,18,3163,-77.24412,38.884953
20496,18,3165,-77.24401,38.884681
20496,18,3166,-77.2428,38.8868
20499,18,3164,-77.245548,38.882414
20499,18,3177,-77.2452,38.8826
20500,18,3173,-77.2445,38.8778
20500,18,3174,-77.2446,38.878
20501,18,3175,-77.2415,38.8767
20501,18,3176,-77.242005,38.87709
20503,18,3139,-77.238054,38.875659
20503,18,3142,-77.2364,38.8771
20503,18,3141,-77.236617,38.876897
20503,18,3180,-77.237864,38.875804
20504,18,3143,-77.236074,38.879198
20504,18,3140,-77.236316,38.879303
20507,18,1042,-77.20865,38.716156
20507,18,1041,-77.209186,38.716471
20508,18,1840,-77.204965,38.715237
20511,18,1839,-77.201312,38.713305
20511,18,1285,-77.19894,38.71192
20511,18,3147,-77.195913,38.712023
20511,18,3144,-77.19375,38.71232
20511,18,3146,-77.194296,38.712451
20511,18,3145,-77.196103,38.712077
20511,18,2996,-77.197952,38.711303
20511,18,1291,-77.19957,38.71261
20511,18,1838,-77.20082,38.713358
20513,18,2836,-77.19375,38.7149
20513,18,2432,-77.19433,38.71549
20514,18,1669,-77.19208,38.71859
20514,18,2431,-77.192338,38.718745
20514,18,2280,-77.193623,38.7173
20515,18,2929,-77.188419,38.722019
20515,18,2928,-77.188541,38.722214
20516,18,70,-77.162215,38.721032
20517,18,2222,-77.160334,38.708359
20517,18,2,-77.160438,38.708875
20518,18,2936,-77.143169,38.711606
20518,18,2935,-77.143546,38.71195
20523,18,2515,-77.11699,38.72451
20523,18,1331,-77.11722,38.72461
20524,18,2516,-77.11497,38.72546
20524,18,1357,-77.11463,38.72589
20530,18,1346,-77.10004,38.73311
20530,18,1337,-77.097821,38.734283
20530,18,1350,-77.095019,38.735885
20530,18,1333,-77.0936,38.73689
20530,18,1345,-77.09628,38.73544
20530,18,1347,-77.099363,38.733776
20536,18,2487,-77.083054,38.751113
20536,18,1358,-77.08339,38.75143
20536,18,58,-77.084199,38.750881
20536,18,60,-77.084034,38.751002
20539,18,1330,-77.08403,38.76297
20539,18,1325,-77.084389,38.76301
20541,18,2505,-77.08332,38.76671
20541,18,2506,-77.08219,38.76859
20541,18,2958,-77.082725,38.768506
20541,18,4,-77.08365,38.76697
20545,18,2510,-77.079925,38.77771
20545,18,10,-77.08026,38.77779
20547,18,2511,-77.07236,38.78437
20547,18,9,-77.07383,38.78415
20548,18,2512,-77.069702,38.78547
20548,18,8,-77.06866,38.78665
20555,18,119,-77.1845,38.76631
20556,18,3007,-77.184337,38.761472
20556,18,2748,-77.182785,38.761356
20556,18,2747,-77.182546,38.760783
20556,18,3006,-77.183955,38.761606
21436,18,2364,-77.184414,38.75695
21436,18,1817,-77.182912,38.75843
21436,18,2751,-77.183141,38.75626
21436,18,1000,-77.18277,38.75814
20558,18,1787,-77.18581,38.75058
20558,18,2743,-77.185536,38.750505
20559,18,2347,-77.188177,38.746813
20559,18,631,-77.18924,38.74528
20559,18,632,-77.189821,38.745314
20561,18,198,-77.19884,38.7403
20561,18,199,-77.199923,38.739367
20561,18,3045,-77.201038,38.739776
20561,18,200,-77.199878,38.739223
20561,18,2319,-77.199121,38.741411
20561,18,2320,-77.198681,38.741001
20566,18,2358,-77.203543,38.742736
20566,18,2815,-77.203468,38.742642
20567,18,2337,-77.208536,38.742454
20567,18,2336,-77.208297,38.742334
20568,18,1364,-77.21152,38.74008
20568,18,1363,-77.21129,38.73845
20568,18,2335,-77.21134,38.739841
20570,18,1362,-77.20923,38.73568
20570,18,2334,-77.208546,38.734881
20571,18,1366,-77.20922,38.73083
20571,18,1150,-77.20966,38.73071
20571,18,2784,-77.211488,38.731243
20572,18,2356,-77.209561,38.723532
20572,18,3065,-77.209189,38.723726
20572,18,87,-77.208711,38.724932
20573,18,3274,-77.20789,38.718913
20573,18,3275,-77.207611,38.71901
20582,18,2328,-77.227271,38.704765
20582,18,1004,-77.226846,38.704595
20585,18,1445,-77.22848,38.70652
20585,18,1443,-77.2284,38.709177
20585,18,2258,-77.228838,38.711104
20585,18,1441,-77.22902,38.71014
20585,18,1442,-77.22888,38.70846
20585,18,1444,-77.22895,38.70685
20586,18,3066,-77.226149,38.713883
20587,18,976,-77.226846,38.716398
20588,18,68,-77.229339,38.717166
20588,18,977,-77.230929,38.717726
20590,18,979,-77.235374,38.717723
20590,18,2330,-77.235228,38.717152
20590,18,2329,-77.236033,38.718036
20591,18,623,-77.19588,38.76487
20591,18,622,-77.19644,38.76454
20592,18,582,-77.22469,38.75851
20592,18,481,-77.225146,38.757971
20593,18,2968,-77.25114,38.74169
20593,18,38,-77.250289,38.740019
20593,18,1134,-77.2504,38.74023
20593,18,1808,-77.25114,38.74088
20595,18,1136,-77.24654,38.73819
20595,18,2986,-77.247338,38.738602
20596,18,1129,-77.24276,38.73849
20596,18,1128,-77.24261,38.73876
20596,18,2985,-77.243576,38.738388
20597,18,1133,-77.24019,38.74043
20597,18,2984,-77.240486,38.740247
20598,18,1131,-77.2398,38.743
20598,18,1295,-77.2396,38.74369
20598,18,2983,-77.240074,38.743199
20602,18,3015,-77.233704,38.742998
20602,18,1289,-77.23277,38.74212
20602,18,1293,-77.23147,38.74057
20602,18,1294,-77.23093,38.74042
20602,18,1301,-77.2323,38.74185
20602,18,3014,-77.233442,38.743109
20603,18,1300,-77.22594,38.73617
20603,18,1528,-77.22652,38.73539
20603,18,2982,-77.226163,38.735397
20603,18,3012,-77.226219,38.736633
20603,18,1286,-77.227011,38.736962
20605,18,1520,-77.22795,38.73146
20605,18,2981,-77.227551,38.731693
20607,18,1524,-77.22996,38.7294
20607,18,1521,-77.23449,38.7283
20607,18,1518,-77.23506,38.7279
20607,18,2980,-77.233754,38.728317
20607,18,1531,-77.23152,38.7287
20608,18,1532,-77.23837,38.72705
20608,18,1519,-77.24032,38.7276
20608,18,3013,-77.242058,38.72831
20608,18,1525,-77.24066,38.72762
20608,18,1533,-77.23829,38.72691
20610,18,52,-77.24548,38.72845
20610,18,1446,-77.24657,38.72723
20610,18,2979,-77.244717,38.728441
20611,18,2333,-77.23986,38.721677
20611,18,2331,-77.239478,38.72164
20613,18,3216,-77.233145,38.715074
20613,18,3215,-77.233009,38.715113
20614,18,3238,-77.231582,38.713058
20614,18,3237,-77.231604,38.713495
20709,18,2951,-77.359546,38.956875
20709,18,188,-77.35575,38.95751
20709,18,187,-77.35789,38.95715
20709,18,189,-77.35522,38.95725
20709,18,2952,-77.359345,38.956916
20709,18,2945,-77.359064,38.957021
20709,18,2950,-77.359803,38.956811
20709,18,2295,-77.359707,38.956868
20709,18,2953,-77.359115,38.956972
20709,18,2949,-77.35949,38.95692
20709,18,2944,-77.359275,38.956966
21190,18,1644,-77.36299,38.96014
21190,18,1643,-77.36276,38.96124
21190,18,1637,-77.36196,38.96254
21190,18,1638,-77.36118,38.96358
21190,18,2802,-77.35967,38.96426
21190,18,2825,-77.359102,38.965258
21190,18,2927,-77.362699,38.957072
21190,18,1122,-77.36057,38.96044
21190,18,3085,-77.361,38.960652
21190,18,2265,-77.363407,38.958493
21190,18,3227,-77.362908,38.961565
21190,18,1636,-77.36032,38.96528
21190,18,1641,-77.36141,38.96365
21190,18,1647,-77.36221,38.96262
21190,18,1639,-77.36022,38.96487
21196,18,270,-77.35858,38.96212
21196,18,3106,-77.357201,38.9622
21196,18,273,-77.35475,38.96226
21196,18,1666,-77.35326,38.96009
21196,18,3077,-77.351442,38.959987
21196,18,2804,-77.356342,38.962999
21196,18,565,-77.35682,38.96189
21196,18,1126,-77.35494,38.96005
21196,18,1124,-77.35719,38.96041
21196,18,1179,-77.35043,38.95991
21196,18,1157,-77.34885,38.95893
21196,18,1166,-77.34732,38.95725
21196,18,3062,-77.345105,38.956328
21196,18,1171,-77.34232,38.95601
21196,18,566,-77.35664,38.96185
21196,18,3061,-77.356318,38.962554
21196,18,1123,-77.35743,38.96066
21196,18,1664,-77.353827,38.960299
21196,18,271,-77.35541,38.96237
21196,18,272,-77.35721,38.96231
21196,18,269,-77.35882,38.96227
21196,18,1170,-77.34291,38.95637
21196,18,1163,-77.34513,38.95658
21196,18,1167,-77.34705,38.95725
21196,18,1165,-77.34816,38.95849
21196,18,1156,-77.34883,38.95913
21196,18,1178,-77.35032,38.95996
21196,18,1125,-77.35548,38.9604
20664,18,1196,-77.35025,38.96334
20664,18,1194,-77.34875,38.96384
20664,18,1154,-77.34673,38.9641
20664,18,1155,-77.34581,38.96487
20664,18,1159,-77.3443,38.96536
20664,18,1186,-77.34293,38.96643
20664,18,1164,-77.3431,38.96653
20664,18,1158,-77.34471,38.96546
20664,18,1177,-77.34635,38.96454
20664,18,1193,-77.34957,38.96384
20664,18,1195,-77.35083,38.96295
20664,18,3179,-77.351126,38.961791
20670,18,1175,-77.3434,38.96843
20670,18,1191,-77.34214,38.96913
20670,18,1185,-77.3404,38.9701
20670,18,1172,-77.33853,38.96933
20670,18,1152,-77.33921,38.96941
20670,18,1153,-77.34012,38.97003
20670,18,1190,-77.34209,38.9694
20670,18,1174,-77.34358,38.9683
20670,18,1192,-77.34275,38.96951
20675,18,1176,-77.33549,38.96997
20675,18,1189,-77.33267,38.96967
20675,18,1151,-77.33117,38.9699
20675,18,1160,-77.33137,38.96995
20675,18,1765,-77.33351,38.96928
20675,18,1188,-77.33443,38.96992
20675,18,1149,-77.33613,38.97023
20675,18,1161,-77.32988,38.97034
20677,18,176,-77.32995,38.96806
20677,18,175,-77.32991,38.9682
20678,18,152,-77.32901,38.96629
20678,18,3086,-77.328188,38.965416
20683,18,1758,-77.33273,38.96566
20683,18,3169,-77.332511,38.96597
20684,18,1756,-77.333909,38.96291
20684,18,1755,-77.33372,38.96302
21197,18,1769,-77.334796,38.957406
21197,18,1169,-77.33794,38.95835
21197,18,1181,-77.33621,38.95822
21197,18,1768,-77.33433,38.95834
21197,18,1187,-77.33577,38.95826
21197,18,1168,-77.33882,38.95797
20686,18,1753,-77.33474,38.95469
20686,18,1752,-77.33451,38.95502
20687,18,1757,-77.33537,38.95179
20687,18,3040,-77.335041,38.951966
20729,18,1558,-77.34169,38.94529
20729,18,1551,-77.34471,38.94512
20729,18,1622,-77.34268,38.94518
20690,18,1617,-77.3469,38.94571
20690,18,1500,-77.348078,38.944373
20690,18,1616,-77.34757,38.94582
20690,18,1501,-77.348351,38.944035
20691,18,1590,-77.34914,38.94769
20691,18,1604,-77.35067,38.94827
20691,18,1605,-77.35106,38.9482
20691,18,1589,-77.34923,38.94738
20695,18,1606,-77.35438,38.94912
20695,18,1607,-77.35616,38.94822
20695,18,349,-77.35783,38.94488
20695,18,346,-77.35826,38.94321
20695,18,1379,-77.35875,38.94636
20695,18,1608,-77.35673,38.94659
20695,18,1563,-77.35826,38.94586
20695,18,1611,-77.36017,38.94657
20695,18,1380,-77.35975,38.94555
20695,18,335,-77.35799,38.94333
20695,18,1564,-77.35744,38.94575
20695,18,1565,-77.35564,38.94838
20697,18,337,-77.35982,38.94115
20697,18,336,-77.35972,38.94093
21653,18,340,-77.3621,38.93826
21653,18,3132,-77.361983,38.935955
21653,18,871,-77.36207,38.93748
21653,18,339,-77.36381,38.93579
21653,18,715,-77.36537,38.9348
21653,18,704,-77.36746,38.937
21653,18,1370,-77.36741,38.93456
21653,18,338,-77.36088,38.93921
21653,18,702,-77.36777,38.93588
21653,18,347,-77.362628,38.932101
21653,18,343,-77.362241,38.933429
21653,18,695,-77.361396,38.934533
21653,18,705,-77.36782,38.93673
21653,18,703,-77.36796,38.93592
21653,18,719,-77.36565,38.93458
21653,18,342,-77.36197,38.938171
21653,18,1371,-77.36686,38.93476
21653,18,341,-77.363622,38.935855
21653,18,870,-77.36106,38.93708
20707,18,711,-77.36618,38.93945
20707,18,1279,-77.36689,38.94105
20707,18,1473,-77.36487,38.94284
20707,18,1478,-77.36231,38.9432
20707,18,1377,-77.36119,38.9435
20707,18,706,-77.36807,38.94163
20707,18,1477,-77.362053,38.943313
20707,18,1481,-77.36403,38.94295
20707,18,1277,-77.36622,38.942
20707,18,710,-77.36639,38.93937
20707,18,1378,-77.36138,38.94261
20707,18,701,-77.36859,38.94164
20826,18,3197,-77.372192,38.926065
20826,18,1374,-77.37358,38.92565
20826,18,936,-77.37416,38.92281
20826,18,951,-77.37386,38.92285
20826,18,945,-77.37337,38.92424
20826,18,1843,-77.372258,38.925897
20826,18,1842,-77.372342,38.925775
20712,18,954,-77.36933,38.924473
20712,18,937,-77.370051,38.924687
20713,18,953,-77.362671,38.92383
20713,18,952,-77.362142,38.923938
20714,18,932,-77.358208,38.922794
20714,18,931,-77.358251,38.923004
20715,18,934,-77.354558,38.922391
20715,18,933,-77.354194,38.922468
20716,18,949,-77.350318,38.921163
20716,18,940,-77.351187,38.921592
20717,18,1506,-77.346399,38.920997
20717,18,3056,-77.346575,38.921462
20718,18,1497,-77.344475,38.923336
20718,18,1496,-77.344841,38.923177
20719,18,1514,-77.343982,38.927019
20719,18,1504,-77.344082,38.928399
20719,18,721,-77.344945,38.926172
20719,18,1846,-77.344328,38.928373
20719,18,1847,-77.3442,38.92716
20719,18,2519,-77.344596,38.925776
20721,18,1505,-77.346108,38.930666
20721,18,1845,-77.346291,38.930555
21415,18,1513,-77.346851,38.93246
21415,18,1508,-77.345568,38.93483
21415,18,1460,-77.34329,38.93195
21415,18,1472,-77.34507,38.93304
21415,18,1483,-77.34621,38.93384
21415,18,1469,-77.34815,38.93467
21415,18,1466,-77.34994,38.93549
21415,18,1474,-77.35145,38.93722
21415,18,1471,-77.351353,38.936613
21415,18,1485,-77.35011,38.935357
21415,18,1465,-77.347922,38.934344
21415,18,1484,-77.346103,38.933515
21415,18,1461,-77.343593,38.931835
21415,18,2938,-77.345978,38.934529
21415,18,1512,-77.347162,38.932735
20727,18,1503,-77.345369,38.93671
20727,18,1509,-77.34504,38.938811
20727,18,1507,-77.3456,38.940096
20727,18,1498,-77.346903,38.941787
20727,18,1499,-77.346664,38.941189
20727,18,1502,-77.345466,38.939618
20727,18,1850,-77.345205,38.93824
20727,18,1849,-77.345512,38.936701
20741,18,3264,-77.14891,38.802168
20741,18,3261,-77.148759,38.80223
20743,18,3263,-77.149772,38.799333
20743,18,196,-77.15252,38.798508
20743,18,197,-77.151847,38.798567
20743,18,3262,-77.149318,38.799457
20744,18,43,-77.155095,38.797573
20744,18,42,-77.157191,38.797019
20744,18,195,-77.154868,38.79758
20745,18,1418,-77.157133,38.799628
20745,18,1400,-77.156451,38.800967
20745,18,1793,-77.156585,38.801206
20745,18,1417,-77.15727,38.79965
20747,18,165,-77.158854,38.802276
20747,18,1799,-77.160976,38.802094
20747,18,166,-77.158862,38.802124
20749,18,422,-77.16824,38.80486
20749,18,3010,-77.171274,38.806429
20749,18,3011,-77.172318,38.806468
20749,18,429,-77.16972,38.80539
20750,18,45,-77.17581,38.80707
20750,18,49,-77.17628,38.80687
20751,18,424,-77.17968,38.80709
20751,18,421,-77.181524,38.80702
20751,18,425,-77.18,38.80688
20758,18,144,-77.18439,38.80597
20758,18,130,-77.18404,38.80405
20758,18,132,-77.18414,38.80263
20758,18,105,-77.18472,38.80116
20758,18,124,-77.1853,38.79996
20758,18,41,-77.18218,38.79903
20758,18,369,-77.18274,38.79991
20758,18,106,-77.18463,38.80082
20758,18,131,-77.18399,38.80239
20758,18,129,-77.18381,38.80431
20758,18,145,-77.184,38.80522
20759,18,872,-77.17959,38.79844
20760,18,1798,-77.176814,38.798376
20761,18,367,-77.17769,38.80064
20762,18,368,-77.18004,38.80117
21277,18,112,-77.18645,38.79378
21277,18,98,-77.18687,38.79202
21277,18,772,-77.18802,38.7912
21277,18,774,-77.19054,38.79161
21277,18,776,-77.19222,38.79232
21277,18,97,-77.18745,38.78945
21277,18,2942,-77.19275,38.79246
21277,18,775,-77.19054,38.79148
21277,18,773,-77.18841,38.79109
21277,18,123,-77.18652,38.79151
21277,18,113,-77.1862,38.79384
21277,18,118,-77.18638,38.78978
20770,18,777,-77.19541,38.79351
20770,18,2941,-77.19581,38.793375
20771,18,1807,-77.195761,38.791073
20771,18,2940,-77.19569,38.79145
20772,18,758,-77.19505,38.78884
20772,18,759,-77.1945,38.78823
20774,18,754,-77.19369,38.78652
20774,18,753,-77.19411,38.78356
20774,18,752,-77.1937,38.78409
20774,18,755,-77.19324,38.78575
20775,18,757,-77.19485,38.78111
20775,18,756,-77.19456,38.78159
20918,18,46,-77.19499,38.77923
20918,18,2999,-77.197241,38.777168
20918,18,1219,-77.19518,38.77741
20918,18,1218,-77.19528,38.7777
20918,18,2972,-77.1973,38.777449
20918,18,51,-77.19477,38.77873
20777,18,374,-77.1915,38.77913
20777,18,353,-77.1917,38.77991
20777,18,375,-77.192261,38.778271
20778,18,376,-77.18974,38.78245
20778,18,351,-77.18772,38.78256
20778,18,94,-77.18706,38.7838
20778,18,352,-77.18935,38.7829
20778,18,114,-77.18557,38.78331
20779,18,358,-77.182033,38.782101
20779,18,357,-77.18327,38.78239
20780,18,364,-77.17704,38.78008
20780,18,356,-77.17725,38.78047
21708,18,999,-77.17735,38.77534
21708,18,3321,-77.178416,38.775197
21708,18,3327,-77.178411,38.777005
21708,18,3328,-77.177819,38.776994
21708,18,3322,-77.178532,38.776331
21708,18,3329,-77.178582,38.775114
21708,18,1002,-77.17682,38.77537
20782,18,3026,-77.179299,38.77217
20782,18,3028,-77.178809,38.77229
20783,18,1495,-77.17457,38.77131
20783,18,1848,-77.17519,38.77184
20783,18,1494,-77.17454,38.77156
20786,18,1064,-77.148354,38.764261
20787,18,1074,-77.145173,38.768002
20788,18,1077,-77.149328,38.767178
20789,18,1079,-77.150997,38.764636
20793,18,925,-77.143483,38.760183
20793,18,921,-77.14372,38.76038
20793,18,1534,-77.14124,38.76056
20793,18,2975,-77.14186,38.76043
20794,18,918,-77.14231,38.76268
20794,18,920,-77.14193,38.76312
22251,18,922,-77.14028,38.76749
22251,18,3008,-77.140446,38.767353
22251,18,892,-77.13789,38.76824
22251,18,893,-77.138388,38.76769
20796,18,905,-77.137847,38.770097
20796,18,904,-77.139229,38.76971
20798,18,44,-77.13541,38.77148
20798,18,1725,-77.13351,38.77386
20798,18,1726,-77.13379,38.77367
20798,18,50,-77.13469,38.77222
20799,18,1717,-77.135333,38.778839
20799,18,1727,-77.135647,38.778507
20940,18,1724,-77.13551,38.78302
20940,18,594,-77.1402,38.78317
20940,18,618,-77.13845,38.78352
20940,18,617,-77.137656,38.783973
20940,18,616,-77.14111,38.78328
20940,18,1723,-77.136042,38.783477
20801,18,1732,-77.1362,38.78662
20801,18,1720,-77.136376,38.788
20801,18,1716,-77.136534,38.789369
20801,18,1719,-77.136752,38.788472
20801,18,1718,-77.13653,38.78627
20801,18,2401,-77.138523,38.788484
20804,18,1729,-77.136718,38.791424
20804,18,1728,-77.13723,38.79217
20808,18,1406,-77.368227,38.954705
20808,18,2273,-77.368497,38.955362
20809,18,1407,-77.363189,38.953855
20809,18,1646,-77.362745,38.954434
20809,18,1432,-77.364783,38.954161
20814,18,1427,-77.354588,38.954904
20814,18,1426,-77.356294,38.955507
20815,18,1424,-77.34842,38.95323
20815,18,1429,-77.347015,38.953117
20816,18,1413,-77.339673,38.951028
20816,18,1439,-77.336857,38.95024
20816,18,1438,-77.337443,38.950584
20816,18,1412,-77.33991,38.951242
20816,18,2359,-77.340908,38.951456
20816,18,2294,-77.338716,38.951082
20820,18,2348,-77.195935,38.755546
20821,18,2349,-77.209763,38.745788
20821,18,3201,-77.209373,38.746009
20821,18,3200,-77.209593,38.745881
20825,18,1376,-77.36962,38.93134
20825,18,1375,-77.36938,38.93107
21637,18,2925,-77.377116,38.917254
21637,18,955,-77.37565,38.91914
21637,18,1737,-77.376724,38.919321
21637,18,935,-77.37592,38.91817
20828,18,948,-77.37836,38.91513
20828,18,939,-77.37842,38.91454
20829,18,3217,-77.380916,38.909641
20829,18,3082,-77.380436,38.909535
20830,18,2267,-77.382579,38.90596
20830,18,507,-77.383811,38.90612
20831,18,3105,-77.382401,38.902699
20831,18,3113,-77.382004,38.9021
20832,18,3124,-77.381337,38.899262
20832,18,3123,-77.381065,38.899278
20833,18,3091,-77.380578,38.895528
20833,18,3198,-77.380257,38.895524
20834,18,3094,-77.379097,38.8909
20834,18,3104,-77.3787,38.890701
20835,18,1236,-77.37932,38.88825
20835,18,1238,-77.37863,38.88832
20836,18,1815,-77.380251,38.885414
20837,18,3088,-77.382099,38.88394
20837,18,3090,-77.382047,38.883104
20837,18,891,-77.38194,38.88266
20837,18,3089,-77.381925,38.883897
20839,18,1905,-77.395032,38.8803
20839,18,986,-77.393933,38.879524
20840,18,987,-77.397277,38.881158
20841,18,984,-77.400953,38.882584
20841,18,985,-77.39984,38.881747
20842,18,992,-77.406756,38.883054
20842,18,1538,-77.407497,38.881868
20842,18,2022,-77.406263,38.884644
20842,18,988,-77.404995,38.884184
20842,18,1544,-77.407192,38.881824
20842,18,989,-77.405134,38.883834
20844,18,3278,-77.409004,38.878178
20844,18,1547,-77.408818,38.878058
20845,18,1543,-77.408097,38.871516
20845,18,1542,-77.407942,38.871952
20846,18,1539,-77.40655,38.864231
20846,18,1851,-77.406415,38.864384
20847,18,1541,-77.406006,38.862382
20847,18,1540,-77.405626,38.862067
20848,18,2772,-77.402059,38.855963
20848,18,541,-77.401302,38.856005
20849,18,554,-77.397306,38.856585
20849,18,553,-77.39753,38.856749
20850,18,536,-77.39291,38.85839
20850,18,552,-77.392252,38.858971
20851,18,537,-77.389883,38.860538
20853,18,555,-77.387782,38.859476
20853,18,557,-77.385584,38.858103
20853,18,551,-77.385916,38.858464
20853,18,556,-77.38756,38.859586
20856,18,558,-77.381557,38.858105
20856,18,549,-77.379457,38.858956
20856,18,538,-77.377901,38.860354
20856,18,550,-77.381149,38.858428
20856,18,2740,-77.379452,38.859438
20857,18,545,-77.37503,38.85959
20857,18,544,-77.375,38.8599
20859,18,1272,-77.367977,38.85589
20859,18,1274,-77.364451,38.855026
20859,18,1273,-77.363778,38.855023
20859,18,1270,-77.366061,38.855399
20859,18,1271,-77.368152,38.856154
20864,18,1828,-77.349489,38.854268
20864,18,1108,-77.349915,38.853992
20865,18,1826,-77.351287,38.856344
20865,18,688,-77.353546,38.856578
20865,18,1104,-77.353918,38.856306
20865,18,1103,-77.351479,38.856076
20867,18,1097,-77.357041,38.856522
20867,18,1098,-77.356356,38.856235
20873,18,1702,-77.23917,38.93136
20893,18,1754,-77.33641,38.98112
20893,18,330,-77.33914,38.97993
20893,18,333,-77.33748,38.98106
20885,18,1767,-77.3387,38.98409
20885,18,1766,-77.34046,38.98493
20887,18,1381,-77.34304,38.98648
20888,18,1369,-77.34607,38.9838
20889,18,1372,-77.34756,38.982
20890,18,329,-77.34647,38.98006
20890,18,331,-77.34483,38.97956
20892,18,334,-77.34265,38.97879
20895,18,1759,-77.33474,38.97645
20896,18,3331,-77.334038,38.974196
20896,18,1762,-77.33365,38.97263
20899,18,1880,-77.455111,38.835759
20901,18,1388,-77.262687,38.775823
20902,18,1224,-77.25918,38.7734
20902,18,2789,-77.25918,38.77365
20903,18,1213,-77.25528,38.77294
20903,18,2786,-77.25534,38.77322
20904,18,1220,-77.24842,38.77415
20904,18,2787,-77.2498,38.77412
20905,18,1232,-77.24374,38.7765
20905,18,2788,-77.24376,38.77683
20907,18,1212,-77.239289,38.777733
20907,18,1226,-77.23695,38.77829
20907,18,1228,-77.23487,38.77877
20907,18,2791,-77.23479,38.77903
20907,18,2790,-77.237405,38.778445
20907,18,2785,-77.2412,38.77807
20909,18,1229,-77.23145,38.77949
20909,18,1227,-77.231714,38.779693
20911,18,1210,-77.22843,38.78014
20911,18,1206,-77.22611,38.78046
20911,18,1205,-77.226406,38.78069
20911,18,1209,-77.228978,38.780271
20912,18,2971,-77.222226,38.77924
20912,18,1223,-77.22067,38.77833
20912,18,1222,-77.220463,38.778487
20912,18,1207,-77.222958,38.780111
20914,18,1215,-77.21564,38.77562
20914,18,1214,-77.21641,38.77618
20915,18,1217,-77.21014,38.77411
20915,18,1216,-77.21018,38.77437
20916,18,1221,-77.20574,38.77439
20916,18,1230,-77.20626,38.77456
20917,18,1231,-77.20193,38.77575
20917,18,1208,-77.20219,38.77593
20921,18,3239,-77.185507,38.777736
20921,18,93,-77.18516,38.777656
20922,18,3240,-77.184529,38.775441
20923,18,136,-77.18407,38.77307
20923,18,137,-77.18382,38.7727
20924,18,142,-77.18415,38.77091
20924,18,2101,-77.183879,38.769729
20925,18,2276,-77.170686,38.77074
20926,18,629,-77.17141,38.77565
20926,18,628,-77.17175,38.77611
20927,18,624,-77.17171,38.77887
20927,18,589,-77.173061,38.777723
20927,18,625,-77.17188,38.77895
20927,18,3064,-77.174779,38.77839
20928,18,627,-77.17167,38.78131
20928,18,626,-77.17182,38.78162
20929,18,592,-77.1716,38.78396
20929,18,386,-77.17126,38.78415
20930,18,2393,-77.1664,38.78344
20930,18,2433,-77.1665,38.78359
20931,18,1677,-77.16391,38.78164
20931,18,1678,-77.16375,38.78163
20932,18,1680,-77.1638,38.77936
20932,18,604,-77.16293,38.7787
20932,18,1679,-77.16355,38.77966
20935,18,621,-77.16,38.77926
20935,18,596,-77.15733,38.77969
20935,18,2992,-77.155848,38.779892
20935,18,3232,-77.155927,38.780243
20935,18,620,-77.159253,38.779722
20937,18,601,-77.15123,38.78098
20937,18,595,-77.151587,38.781193
22247,18,619,-77.14819,38.78156
22247,18,2397,-77.14526,38.78214
22247,18,2430,-77.146479,38.782249
22247,18,2964,-77.14849,38.77636
22247,18,2976,-77.147243,38.777965
22247,18,1790,-77.145789,38.78077
22247,18,1791,-77.146047,38.780537
22247,18,3022,-77.146411,38.779626
22247,18,1789,-77.147855,38.777663
22247,18,1788,-77.149059,38.776225
20942,18,54,-77.13302,38.78397
20942,18,75,-77.13179,38.78418
20943,18,603,-77.12908,38.78398
20943,18,602,-77.12948,38.78419
21991,18,2406,-77.123062,38.785911
21991,18,606,-77.12035,38.78695
21991,18,2424,-77.123563,38.785906
21991,18,2400,-77.12119,38.78515
21991,18,1322,-77.120755,38.783809
21991,18,1312,-77.119187,38.782281
21991,18,1306,-77.117928,38.780903
21991,18,1324,-77.11709,38.77963
21991,18,1323,-77.117067,38.779812
21991,18,1305,-77.117812,38.780976
21991,18,1335,-77.119231,38.782716
21991,18,1321,-77.12066,38.784451
21991,18,1327,-77.120908,38.785332
20945,18,610,-77.11776,38.78841
20945,18,609,-77.11801,38.788548
20946,18,591,-77.11328,38.78871
20946,18,590,-77.113775,38.788958
20948,18,612,-77.11052,38.78925
20948,18,588,-77.1083,38.79014
20948,18,587,-77.108983,38.79002
20948,18,611,-77.11076,38.789317
20949,18,613,-77.105687,38.791097
20949,18,586,-77.105968,38.791224
20950,18,585,-77.100234,38.791547
20950,18,584,-77.10033,38.79165
20951,18,615,-77.096836,38.791442
20951,18,614,-77.09687,38.79163
20952,18,77,-77.093656,38.792558
20952,18,35,-77.09391,38.79209
20953,18,1146,-77.09325,38.7946
20953,18,1147,-77.09343,38.79451
20954,18,2782,-77.092747,38.796892
20954,18,2826,-77.092355,38.797297
20955,18,2827,-77.088251,38.797884
20955,18,2828,-77.088062,38.797941
20968,18,480,-77.23127,38.899786
20987,18,2923,-77.222525,38.927798
20987,18,1748,-77.222721,38.927692
20988,18,2922,-77.226689,38.92899
20988,18,1749,-77.225567,38.928739
20989,18,3230,-77.232125,38.929937
20996,18,1778,-77.367284,38.865713
20996,18,1781,-77.367027,38.865359
20996,18,1915,-77.3652,38.865015
22237,18,1107,-77.367306,38.862526
22237,18,1776,-77.369804,38.863315
22237,18,1773,-77.370763,38.861753
22237,18,1772,-77.370357,38.861759
22237,18,1783,-77.369708,38.86277
22237,18,3188,-77.367539,38.863303
21000,18,993,-77.359148,38.979218
21001,18,991,-77.355419,38.98033
21001,18,994,-77.354025,38.979452
21003,18,990,-77.352054,38.977885
21003,18,3618,-77.350599,38.977615
21003,18,1373,-77.34883,38.97775
21003,18,1859,-77.34971,38.979345
21005,18,1367,-77.35144,38.9742
21005,18,287,-77.35334,38.97417
21005,18,290,-77.35544,38.97399
21008,18,288,-77.35798,38.97283
21008,18,286,-77.35743,38.97219
21008,18,2259,-77.358342,38.973778
21009,18,292,-77.35748,38.9699
21009,18,170,-77.35736,38.97013
21010,18,291,-77.35899,38.96824
21010,18,2306,-77.358787,38.96765
21010,18,2305,-77.357311,38.96736
21010,18,2307,-77.357151,38.967372
21010,18,289,-77.35877,38.9682
21013,18,2310,-77.356177,38.965286
21013,18,573,-77.35608,38.9655
21017,18,1233,-77.35231,38.95805
21018,18,1234,-77.35167,38.95586
21018,18,1423,-77.351672,38.95507
21019,18,1414,-77.34374,38.952242
21019,18,2275,-77.344045,38.952208
21020,18,2476,-77.08723,38.71125
21020,18,1117,-77.08884,38.71225
21020,18,1118,-77.088104,38.711607
21022,18,16,-77.0892,38.71788
21022,18,17,-77.08993,38.72093
21022,18,14,-77.09004,38.72053
21022,18,13,-77.08968,38.71889
21022,18,1112,-77.08924,38.7175
21023,18,1111,-77.09032,38.7235
21023,18,1110,-77.09048,38.72368
21024,18,18,-77.09095,38.72761
21024,18,12,-77.09113,38.72749
21025,18,1109,-77.09218,38.73359
21025,18,11,-77.09242,38.73347
21026,18,19,-77.09146,38.73552
21026,18,1119,-77.0915,38.73581
21031,18,1255,-77.07633,38.74215
21031,18,2394,-77.07445,38.73945
21031,18,1173,-77.07611,38.74049
21031,18,3002,-77.075935,38.741998
21032,18,771,-77.07747,38.73795
21032,18,1682,-77.07801,38.7376
21032,18,1681,-77.07837,38.73626
21033,18,780,-77.07885,38.73943
21036,18,2396,-77.0742,38.74409
21036,18,1405,-77.07463,38.74411
21037,18,1422,-77.0719,38.74492
21037,18,1402,-77.07015,38.74555
21037,18,1416,-77.06953,38.74596
21037,18,1401,-77.07201,38.74506
21039,18,2395,-77.06631,38.74691
21039,18,1437,-77.06425,38.7477
21039,18,1436,-77.0643,38.74786
21039,18,1420,-77.06649,38.74696
21041,18,1425,-77.06077,38.75001
21041,18,1440,-77.06107,38.74999
21042,18,2392,-77.05861,38.75162
21042,18,2438,-77.05715,38.75284
21042,18,1410,-77.05871,38.75175
21042,18,2482,-77.05737,38.75167
21042,18,508,-77.05733,38.74999
21042,18,2480,-77.05776,38.74839
21042,18,509,-77.05811,38.74712
21042,18,2436,-77.05811,38.74668
21042,18,523,-77.05761,38.74845
21042,18,2437,-77.05716,38.74983
21048,18,518,-77.05742,38.75674
21048,18,2439,-77.05842,38.75885
21048,18,521,-77.05921,38.76012
21048,18,512,-77.05953,38.76194
21048,18,532,-77.05977,38.764
21048,18,2475,-77.0604,38.76469
21048,18,2478,-77.05978,38.76325
21048,18,2479,-77.05965,38.76147
21048,18,520,-77.05931,38.76004
21048,18,516,-77.05845,38.75855
21048,18,517,-77.05766,38.75692
21048,18,2481,-77.05752,38.7556
21049,18,2440,-77.05979,38.76764
21049,18,530,-77.05986,38.76817
21055,18,531,-77.06234,38.77338
21055,18,284,-77.0616,38.775002
21055,18,1746,-77.06066,38.77456
21055,18,2455,-77.05697,38.77493
21055,18,2456,-77.05811,38.77517
21055,18,285,-77.05985,38.77519
21055,18,2457,-77.0615,38.77519
21055,18,2458,-77.0635,38.77512
21055,18,283,-77.064,38.77502
21055,18,2474,-77.06268,38.77469
21055,18,510,-77.06254,38.77316
21055,18,2441,-77.06252,38.77563
21053,18,1747,-77.05857,38.7727
21053,18,2125,-77.05745,38.77278
21065,18,2459,-77.06809,38.77218
21065,18,2462,-77.06852,38.77089
21065,18,1303,-77.06751,38.76989
21065,18,2411,-77.06718,38.76882
21065,18,21,-77.06896,38.76806
21065,18,22,-77.07129,38.76846
21065,18,1067,-77.07347,38.76839
21065,18,1068,-77.07314,38.76822
21065,18,24,-77.07125,38.76837
21065,18,25,-77.06939,38.76848
21065,18,26,-77.06847,38.76815
21065,18,27,-77.06654,38.76912
21065,18,2420,-77.06709,38.76974
21065,18,2421,-77.06796,38.77051
21065,18,2408,-77.06805,38.77207
21065,18,2409,-77.06708,38.77234
21067,18,23,-77.07382,38.77029
21067,18,2460,-77.07579,38.77056
21067,18,179,-77.07498,38.77024
21074,18,1857,-77.08626,38.77341
21074,18,2111,-77.08635,38.77234
21074,18,2249,-77.08621,38.77041
21074,18,981,-77.086223,38.770724
21074,18,2110,-77.086195,38.772154
21074,18,1856,-77.086016,38.773666
21075,18,1071,-77.090738,38.773624
21075,18,3024,-77.092932,38.773551
21075,18,1070,-77.090871,38.773681
21076,18,1456,-77.088861,38.774856
21076,18,3271,-77.0887,38.775151
21077,18,2264,-77.085321,38.77724
21077,18,1448,-77.08638,38.77674
21091,18,1428,-77.35953,38.9541
21093,18,843,-77.37513,38.95838
21093,18,845,-77.373435,38.959347
21093,18,842,-77.373395,38.959769
21094,18,818,-77.37843,38.95621
21094,18,814,-77.3799,38.95491
21096,18,816,-77.38437,38.95506
21097,18,817,-77.38654,38.95595
21097,18,1711,-77.388517,38.955861
21097,18,1712,-77.388485,38.954415
21097,18,1713,-77.388045,38.954595
21097,18,1770,-77.390089,38.95537
21097,18,1779,-77.392126,38.95517
21097,18,1785,-77.394324,38.955063
21100,18,1555,-77.38986,38.94776
21100,18,1554,-77.38966,38.94802
21101,18,1598,-77.38553,38.949
21101,18,1597,-77.38554,38.94941
21105,18,2152,-77.20114,38.926709
21105,18,2193,-77.20101,38.926893
21106,18,2192,-77.198359,38.928208
21106,18,2191,-77.198763,38.928075
21107,18,2285,-77.196098,38.929298
21107,18,2153,-77.19487,38.929427
21107,18,2189,-77.194341,38.929633
21107,18,2190,-77.195999,38.929441
21109,18,2154,-77.191355,38.929665
21109,18,2188,-77.191459,38.929864
21110,18,2155,-77.18844,38.92955
21110,18,2187,-77.18841,38.929736
21111,18,2156,-77.184836,38.929664
21111,18,2186,-77.185048,38.929785
21111,18,2182,-77.184099,38.928982
21111,18,2157,-77.184304,38.928943
21118,18,2811,-77.179788,38.938494
21119,18,2812,-77.177544,38.939101
22589,18,1258,-77.403648,38.960398
22589,18,1249,-77.405119,38.961281
22589,18,1250,-77.407145,38.962574
22589,18,1516,-77.405993,38.963337
22589,18,1515,-77.404578,38.962917
22589,18,1517,-77.40348,38.961248
22589,18,2284,-77.402199,38.959099
22589,18,478,-77.401266,38.959613
22589,18,479,-77.400357,38.960858
22589,18,1771,-77.3991,38.957356
22589,18,1786,-77.400534,38.958606
22589,18,461,-77.40035,38.961252
21128,18,3287,-77.407365,38.953789
21128,18,3286,-77.407249,38.953512
21129,18,1852,-77.41,38.95297
21129,18,3130,-77.410989,38.95374
21129,18,326,-77.410455,38.953012
21129,18,418,-77.41315,38.9531
21133,18,417,-77.41375,38.95667
21133,18,419,-77.41553,38.95574
21133,18,412,-77.41635,38.95396
21133,18,414,-77.41561,38.95546
21133,18,415,-77.41375,38.95653
21133,18,413,-77.41604,38.95373
21135,18,373,-77.411349,38.947462
21135,18,1073,-77.40876,38.94776
21135,18,1689,-77.40784,38.94826
21135,18,1685,-77.4066,38.94742
21135,18,1684,-77.40645,38.947478
21135,18,1688,-77.40788,38.94843
21135,18,1072,-77.40963,38.94705
21135,18,372,-77.41091,38.94759
21135,18,309,-77.41337,38.947543
21135,18,310,-77.412908,38.947558
21139,18,1690,-77.40651,38.9453
21139,18,1687,-77.40836,38.94413
21139,18,1691,-77.40857,38.94236
21139,18,1686,-77.40844,38.94256
21139,18,1692,-77.4081,38.94408
21139,18,1683,-77.40644,38.94512
21141,18,575,-77.40568,38.94242
21141,18,574,-77.40526,38.9428
21142,18,578,-77.40216,38.94344
21142,18,581,-77.401697,38.943862
21143,18,580,-77.39911,38.94462
21143,18,579,-77.39856,38.94516
21152,18,299,-77.27795,38.89158
21153,18,524,-77.280762,38.892516
21154,18,525,-77.283284,38.895579
21155,18,528,-77.284987,38.897815
21156,18,1059,-77.282489,38.899189
21156,18,1058,-77.281088,38.900007
21158,18,1057,-77.277611,38.902049
21159,18,946,-77.273403,38.903877
21159,18,957,-77.271282,38.903481
21161,18,956,-77.269269,38.902335
21164,18,2821,-77.257894,38.899633
21165,18,2822,-77.255049,38.897441
21165,18,2385,-77.254006,38.89657
21165,18,2823,-77.253372,38.895597
21168,18,2824,-77.257846,38.891996
21168,18,3167,-77.259736,38.891196
21168,18,1629,-77.261075,38.890592
21171,18,1631,-77.264746,38.888594
21177,18,2375,-77.247108,38.919757
21178,18,2820,-77.255802,38.923149
21179,18,2376,-77.258125,38.92296
21180,18,3270,-77.257464,38.917815
21181,18,2377,-77.257946,38.90962
21182,18,2378,-77.260526,38.908991
21183,18,3268,-77.263818,38.910983
21184,18,2379,-77.26902,38.920084
21185,18,2380,-77.270162,38.921689
21186,18,2381,-77.270813,38.93034
21187,18,2382,-77.266344,38.932543
21206,18,149,-77.32026,38.97456
21206,18,3057,-77.319598,38.974054
21206,18,148,-77.31923,38.97491
21207,18,147,-77.31639,38.97599
21207,18,146,-77.31639,38.97657
21208,18,1013,-77.30357,38.97351
21208,18,1011,-77.304248,38.974351
21209,18,1008,-77.2981,38.97044
21210,18,1009,-77.29166,38.96726
21210,18,1012,-77.29121,38.96741
21211,18,1021,-77.28546,38.96504
21211,18,1015,-77.28501,38.96517
21212,18,1818,-77.27987,38.96154
21212,18,1020,-77.28015,38.9621
21213,18,1007,-77.27459,38.95771
21213,18,1016,-77.27493,38.95832
21214,18,1019,-77.26858,38.95381
21214,18,1006,-77.26922,38.95453
21215,18,1027,-77.26519,38.95163
21215,18,1026,-77.26483,38.95177
21216,18,1030,-77.25803,38.94551
21216,18,1029,-77.25791,38.94588
21217,18,1018,-77.25506,38.94252
21217,18,1017,-77.25551,38.94348
21218,18,980,-77.252,38.93936
21227,18,2943,-77.225528,38.910976
21227,18,662,-77.225426,38.911112
21228,18,664,-77.22258,38.90807
21228,18,640,-77.221833,38.907199
21228,18,654,-77.222792,38.908885
21229,18,661,-77.22289,38.90439
21229,18,660,-77.222472,38.90495
21230,18,680,-77.22361,38.90164
21230,18,665,-77.22404,38.9002
21230,18,666,-77.223719,38.900282
21230,18,678,-77.223225,38.90213
21232,18,646,-77.22454,38.89827
21232,18,645,-77.22425,38.89836
21233,18,647,-77.22514,38.89581
21233,18,648,-77.22485,38.89594
21234,18,637,-77.22557,38.89097
21234,18,657,-77.22486,38.892
21235,18,642,-77.22726,38.88697
21235,18,641,-77.22699,38.88698
21245,18,2934,-77.225272,38.854672
21245,18,2954,-77.225079,38.854503
21248,18,677,-77.21823,38.85281
21248,18,656,-77.21786,38.85282
21249,18,636,-77.214323,38.851395
21249,18,655,-77.21473,38.85168
21253,18,863,-77.20455,38.84449
21253,18,864,-77.20471,38.84412
21254,18,1812,-77.20725,38.841429
21254,18,869,-77.20727,38.84106
21255,18,866,-77.208503,38.838772
21255,18,867,-77.20841,38.83843
21268,18,116,-77.19465,38.82722
21268,18,125,-77.19439,38.82724
21269,18,138,-77.19325,38.82481
21269,18,121,-77.19333,38.82538
21272,18,104,-77.19201,38.82264
21272,18,108,-77.19121,38.82113
21272,18,126,-77.19018,38.81942
21272,18,127,-77.19004,38.8196
21272,18,111,-77.19205,38.82313
21273,18,140,-77.18898,38.81769
21273,18,139,-77.18884,38.81783
21274,18,143,-77.18758,38.81609
21274,18,141,-77.18684,38.81556
21275,18,110,-77.18658,38.81274
21275,18,201,-77.18449,38.81201
21275,18,202,-77.18818,38.81199
21275,18,109,-77.18635,38.81229
21276,18,128,-77.18576,38.80936
21276,18,133,-77.18538,38.80923
21278,18,95,-77.18737,38.78588
21278,18,117,-77.18584,38.78572
21282,18,630,-77.17175,38.77251
21282,18,3326,-77.173325,38.773212
21287,18,576,-77.39599,38.94598
22431,18,1891,-77.415546,38.948833
22431,18,2960,-77.419793,38.94805
22431,18,1889,-77.417958,38.947933
22431,18,1890,-77.416594,38.948611
21305,18,460,-77.39864,38.963199
21305,18,1867,-77.398059,38.96404
21305,18,804,-77.40018,38.96339
21305,18,809,-77.39817,38.96207
21305,18,1866,-77.397859,38.964685
21305,18,459,-77.398998,38.963136
21307,18,449,-77.396447,38.966302
21308,18,467,-77.39518,38.968171
21309,18,1242,-77.390006,38.97571
21310,18,732,-77.38875,38.97396
21310,18,1241,-77.38702,38.97421
21311,18,3314,-77.145893,38.94776
21312,18,2323,-77.15891,38.722231
21312,18,2322,-77.159124,38.722477
21313,18,2338,-77.149854,38.715927
21314,18,3114,-77.146994,38.714053
21315,18,2325,-77.152159,38.711665
21315,18,2324,-77.151933,38.712051
21316,18,2321,-77.148833,38.704097
21317,18,2339,-77.144482,38.695836
21318,18,3115,-77.136977,38.68777
21319,18,2340,-77.136502,38.691977
21321,18,3044,-77.144909,38.70564
21325,18,159,-77.16392,38.74083
21325,18,1740,-77.16737,38.74303
21325,18,169,-77.16583,38.74333
21325,18,160,-77.1649,38.74142
21325,18,3138,-77.165279,38.742899
21326,18,1733,-77.170403,38.742872
21327,18,1120,-77.16959,38.74557
21328,18,1116,-77.17092,38.74857
21328,18,1115,-77.17101,38.74975
21329,18,1121,-77.16957,38.75145
22264,18,156,-77.1656,38.7524
22264,18,914,-77.165214,38.751212
22264,18,379,-77.165919,38.75461
22264,18,384,-77.16604,38.75454
22264,18,154,-77.165248,38.75365
22264,18,915,-77.16557,38.75122
21331,18,161,-77.16365,38.75594
21331,18,162,-77.164016,38.755957
21332,18,168,-77.16149,38.75823
21332,18,157,-77.161635,38.758502
21333,18,158,-77.1589,38.76058
21337,18,410,-77.37458,39.00948
21337,18,411,-77.374501,39.009087
21338,18,387,-77.37507,39.00412
21338,18,392,-77.37559,39.00267
21338,18,393,-77.375407,39.002358
21338,18,388,-77.374917,39.00371
21340,18,402,-77.37675,38.99968
21340,18,403,-77.376502,38.999375
21341,18,404,-77.37686,38.9965
21341,18,405,-77.376555,38.996206
21342,18,396,-77.37688,38.99391
21342,18,391,-77.376616,38.993567
21343,18,398,-77.37691,38.99096
21343,18,397,-77.376595,38.991184
21344,18,3284,-77.377158,38.988205
21344,18,3285,-77.376856,38.988187
21345,18,389,-77.37755,38.9861
21345,18,390,-77.377378,38.985609
22595,18,394,-77.37829,38.98304
22595,18,407,-77.378427,38.981194
22595,18,395,-77.378199,38.982512
22595,18,401,-77.377884,38.983757
22595,18,3235,-77.377586,38.98279
22595,18,406,-77.37866,38.98155
21347,18,822,-77.38194,38.98236
21348,18,832,-77.38563,38.98297
21349,18,841,-77.38946,38.97996
21350,18,820,-77.39267,38.97898
21351,18,802,-77.39894,38.97799
21352,18,795,-77.40408,38.976376
21352,18,839,-77.404868,38.974884
21354,18,807,-77.4057,38.97301
21355,18,849,-77.40668,38.97002
21356,18,848,-77.40486,38.96733
21356,18,810,-77.40323,38.96625
21360,18,827,-77.39669,38.9606
21360,18,799,-77.39484,38.95987
21362,18,806,-77.39219,38.95888
21363,18,831,-77.38973,38.95805
21379,18,1945,-77.28139,38.88884
21380,18,3037,-77.283106,38.887489
21381,18,1956,-77.28561,38.88572
21382,18,1951,-77.28875,38.88448
21383,18,3151,-77.293438,38.882797
21384,18,1953,-77.2973,38.88256
21385,18,1958,-77.30041,38.8813
21385,18,1949,-77.30174,38.88063
21387,18,1948,-77.30573,38.87735
21388,18,2097,-77.305846,38.874344
21388,18,2287,-77.305325,38.873017
21388,18,2002,-77.303544,38.872154
21393,18,1936,-77.29692,38.87178
21393,18,1937,-77.29512,38.87192
21399,18,1962,-77.275568,38.878622
21401,18,1620,-77.33785,38.94392
21401,18,1557,-77.337239,38.943821
22661,18,1621,-77.33324,38.94208
22661,18,1595,-77.33122,38.94178
22661,18,1490,-77.32916,38.94031
22661,18,1488,-77.32926,38.938187
22661,18,1487,-77.328637,38.938954
22661,18,1489,-77.328935,38.94045
22661,18,1594,-77.33108,38.942082
22661,18,1556,-77.333096,38.942315
22661,18,1552,-77.324584,38.940948
22661,18,1601,-77.326763,38.941451
22661,18,1614,-77.328854,38.94181
22661,18,1492,-77.32951,38.93957
22661,18,1634,-77.328072,38.938245
21406,18,1475,-77.33325,38.93421
21406,18,1463,-77.33451,38.93293
21406,18,1493,-77.3356,38.93221
21406,18,1462,-77.335841,38.931823
21406,18,1464,-77.33428,38.932811
21406,18,1476,-77.333015,38.934113
21409,18,1480,-77.3387,38.93126
21409,18,1491,-77.340869,38.931056
21409,18,1486,-77.33848,38.931059
21416,18,1468,-77.35318,38.9397
21416,18,1470,-77.352894,38.939101
21417,18,1482,-77.35736,38.94123
21417,18,1467,-77.357058,38.94076
21421,18,717,-77.37239,38.9425
21421,18,718,-77.37249,38.94239
21422,18,708,-77.37479,38.94454
21422,18,707,-77.3751,38.94484
21844,18,698,-77.37432,38.94696
21844,18,1585,-77.37503,38.94857
21844,18,1615,-77.37327,38.95049
21844,18,1584,-77.37406,38.94931
21844,18,1586,-77.37472,38.94846
21844,18,699,-77.37454,38.94689
21425,18,1618,-77.38005,38.95012
21425,18,1619,-77.37998,38.94988
21431,18,3333,-77.178503,38.769029
21431,18,3332,-77.178166,38.768957
21432,18,3316,-77.173815,38.766558
21432,18,3317,-77.173761,38.766795
21433,18,1398,-77.177011,38.762758
21434,18,1396,-77.181946,38.765393
21434,18,1816,-77.18235,38.764487
21434,18,1397,-77.182048,38.765121
21438,18,2744,-77.187605,38.740561
21438,18,2746,-77.187351,38.739733
21438,18,2745,-77.187485,38.742323
21439,18,2738,-77.189895,38.734543
21440,18,3315,-77.169704,38.722059
21441,18,2736,-77.188943,38.726817
21442,18,295,-77.19345,38.72576
21442,18,296,-77.19491,38.72528
21442,18,297,-77.19477,38.72517
21442,18,298,-77.1934,38.7256
21446,18,2362,-77.184027,38.734491
21447,18,3241,-77.185111,38.738728
21450,18,2749,-77.185621,38.746917
21451,18,2750,-77.183571,38.753053
21456,18,3313,-77.174784,38.763845
21578,18,1310,-77.090805,38.738346
21578,18,2261,-77.09155,38.739329
21578,18,281,-77.0917,38.73942
21595,18,3318,-77.173248,38.721345
21612,18,1395,-77.12759,38.72255
21612,18,1390,-77.12881,38.72408
21612,18,1389,-77.129249,38.725372
21612,18,1391,-77.13061,38.72719
21612,18,1288,-77.12869,38.72804
21612,18,1284,-77.12697,38.72845
21612,18,1292,-77.12337,38.72944
21612,18,3214,-77.123131,38.729618
21612,18,1299,-77.12506,38.72915
21612,18,1283,-77.1269,38.72867
21612,18,1287,-77.12889,38.72815
21612,18,2995,-77.130477,38.726776
21612,18,1392,-77.129239,38.725224
21612,18,1393,-77.12894,38.72387
21612,18,1394,-77.12809,38.72271
21613,18,2990,-77.12028,38.73024
21613,18,1297,-77.12052,38.73024
21614,18,2368,-77.11588,38.73131
21614,18,1290,-77.11624,38.73133
21615,18,600,-77.11398,38.7334
21615,18,599,-77.11427,38.73364
21624,18,2327,-77.11488,38.7358
21624,18,2332,-77.11533,38.73751
21624,18,942,-77.11311,38.73794
21624,18,944,-77.11138,38.73819
21624,18,2344,-77.10964,38.73853
21624,18,2346,-77.10766,38.73907
21624,18,2405,-77.10538,38.7399
21624,18,1386,-77.10447,38.73886
21624,18,2404,-77.10339,38.73718
21624,18,2250,-77.10202,38.73584
21624,18,282,-77.10232,38.73585
21624,18,1385,-77.10335,38.73733
21624,18,1387,-77.10432,38.73888
21624,18,1642,-77.10556,38.73993
21624,18,947,-77.1075,38.73924
21624,18,950,-77.10975,38.73861
21624,18,943,-77.11093,38.73835
21624,18,941,-77.11314,38.73803
21624,18,938,-77.11525,38.73777
21624,18,607,-77.11494,38.73556
21630,18,1626,-77.09842,38.73818
21630,18,2254,-77.09875,38.73932
21630,18,2256,-77.09891,38.74081
21630,18,1628,-77.09817,38.7415
21630,18,3001,-77.096068,38.740634
21630,18,2257,-77.095549,38.739137
21630,18,2402,-77.09435,38.73912
21630,18,2403,-77.09703,38.74111
21630,18,1627,-77.09912,38.74074
21630,18,1625,-77.09882,38.73899
21630,18,1624,-77.0985,38.73802
21639,18,1735,-77.378948,38.919885
21639,18,1741,-77.381039,38.92042
21641,18,1742,-77.383184,38.921409
21642,18,1743,-77.384234,38.923078
21643,18,1739,-77.384548,38.925418
21643,18,1734,-77.383977,38.927158
21645,18,1738,-77.382941,38.929899
21646,18,1281,-77.383028,38.93183
21646,18,1280,-77.381091,38.932414
21648,18,1278,-77.378732,38.932937
21649,18,561,-77.375328,38.928881
21650,18,345,-77.369691,38.928805
21651,18,348,-77.365825,38.92855
21652,18,344,-77.363289,38.930315
21656,18,694,-77.357283,38.931008
21657,18,720,-77.353765,38.929585
21658,18,724,-77.351874,38.927667
21659,18,716,-77.348589,38.926657
21661,18,735,-77.340178,38.925612
21662,18,714,-77.336473,38.925771
21662,18,693,-77.33442,38.925971
21663,18,727,-77.329994,38.927395
21664,18,1633,-77.326513,38.935449
21670,18,1881,-77.450303,38.87078
21670,18,2124,-77.450446,38.871127
21671,18,2095,-77.44852,38.866529
21671,18,2114,-77.450117,38.867026
21671,18,2094,-77.448327,38.867113
21673,18,2115,-77.45338,38.86904
21674,18,2116,-77.45644,38.86895
21675,18,2117,-77.459309,38.866678
21676,18,2118,-77.45996,38.86483
21677,18,3095,-77.45626,38.86088
21678,18,1900,-77.454188,38.855633
21679,18,2059,-77.457661,38.852468
21679,18,2062,-77.457244,38.850744
21679,18,2058,-77.455267,38.850145
21682,18,2071,-77.451312,38.852709
21683,18,1935,-77.447979,38.853851
21684,18,1931,-77.443823,38.851213
21685,18,2038,-77.439647,38.846626
21685,18,2039,-77.440837,38.845342
21687,18,2037,-77.443092,38.844733
21688,18,1921,-77.445284,38.847268
21689,18,1920,-77.447799,38.848361
21690,18,1922,-77.449872,38.8497
21691,18,2070,-77.452712,38.850123
21691,18,1914,-77.452395,38.850165
21692,18,2064,-77.45375,38.84596
21692,18,2065,-77.453624,38.845376
21693,18,3565,-77.458109,38.83697
21693,18,3097,-77.45915,38.83786
21693,18,2004,-77.459106,38.839144
21693,18,2003,-77.458674,38.840621
21693,18,3092,-77.457687,38.841594
21693,18,1902,-77.457847,38.843099
21693,18,2098,-77.456377,38.843236
21701,18,153,-77.15502,38.76705
21701,18,3323,-77.154384,38.769279
21701,18,1792,-77.155183,38.767796
21702,18,3325,-77.16054,38.768511
21703,18,3324,-77.156695,38.769303
21720,18,81,-77.192989,38.73977
21720,18,82,-77.193059,38.73905
21721,18,83,-77.194769,38.735882
21722,18,2109,-77.196113,38.733818
21722,18,2107,-77.196405,38.733313
21723,18,79,-77.198518,38.731101
21723,18,80,-77.19959,38.72995
21723,18,88,-77.19963,38.72972
21725,18,92,-77.20374,38.72879
21725,18,2361,-77.204331,38.728527
21726,18,90,-77.20651,38.72702
21726,18,91,-77.20635,38.72691
21727,18,3035,-77.209567,38.703503
21727,18,1304,-77.209103,38.702222
21727,18,2803,-77.209491,38.703605
21730,18,1313,-77.210865,38.700768
21730,18,1320,-77.21285,38.69875
21730,18,3034,-77.213277,38.698
21730,18,3033,-77.211258,38.699978
21731,18,3038,-77.215398,38.696282
21731,18,1329,-77.21554,38.69575
21732,18,2272,-77.218454,38.693082
21732,18,3067,-77.219511,38.693263
21732,18,2318,-77.218054,38.69332
21734,18,385,-77.21974,38.69531
21734,18,381,-77.220034,38.695405
21735,18,692,-77.220058,38.697528
21735,18,2271,-77.220516,38.698926
21735,18,2270,-77.221952,38.700304
21735,18,2269,-77.22183,38.699871
21735,18,3031,-77.220199,38.69772
21738,18,1874,-77.221295,38.702594
21738,18,33,-77.222213,38.703928
21738,18,1873,-77.22103,38.703472
21743,18,1853,-77.41197,38.95808
21744,18,1573,-77.42155,38.96028
21745,18,1569,-77.42273,38.95856
21746,18,1568,-77.42407,38.95672
21746,18,1570,-77.42511,38.95523
21746,18,1561,-77.42609,38.95377
21746,18,3119,-77.426686,38.952297
21746,18,1576,-77.42588,38.95142
21751,18,1591,-77.42216,38.94935
21752,18,3170,-77.422858,38.916422
21753,18,2355,-77.420526,38.915485
21811,18,2100,-77.3698,38.870556
21811,18,983,-77.369098,38.869894
21812,18,2012,-77.376539,38.873163
21812,18,2017,-77.378384,38.873495
21812,18,2013,-77.375597,38.872389
21812,18,2299,-77.376309,38.870816
21813,18,2741,-77.387303,38.877378
21813,18,3102,-77.387604,38.8787
21813,18,2799,-77.38914,38.877632
21815,18,2018,-77.414019,38.887565
21815,18,2005,-77.413685,38.886766
21815,18,2019,-77.413185,38.886959
21816,18,2015,-77.418086,38.889254
21816,18,2016,-77.418659,38.889074
21816,18,1904,-77.418104,38.887856
21817,18,2010,-77.422265,38.890852
21817,18,2011,-77.42231,38.890497
21986,18,2021,-77.424985,38.891955
21986,18,2020,-77.42745,38.892872
21986,18,2014,-77.426568,38.892168
21819,18,3109,-77.432116,38.892516
21819,18,1906,-77.434072,38.892203
21819,18,2077,-77.434617,38.891041
21821,18,2073,-77.434944,38.893968
21821,18,2075,-77.436539,38.894448
21823,18,2076,-77.439905,38.892735
21824,18,2797,-77.43899,38.890131
21826,18,2288,-77.433772,38.888868
21827,18,2293,-77.435987,38.887266
21828,18,2292,-77.442028,38.885807
21829,18,2317,-77.451711,38.887284
21829,18,2291,-77.451419,38.888714
21831,18,2290,-77.449948,38.891461
21832,18,2289,-77.447935,38.89596
21833,18,1883,-77.447077,38.897884
21833,18,3108,-77.446796,38.898473
21835,18,2009,-77.449096,38.901652
21835,18,2008,-77.449812,38.901547
21836,18,1884,-77.448871,38.904522
21837,18,1923,-77.449653,38.908281
21837,18,1917,-77.451298,38.90906
21839,18,1924,-77.45466,38.908043
21840,18,1918,-77.456952,38.90768
21842,18,1579,-77.36414,38.94887
21843,18,1580,-77.36654,38.95006
21848,18,322,-77.413699,38.945635
21848,18,324,-77.413945,38.944124
21848,18,327,-77.413563,38.943625
21848,18,323,-77.413296,38.945199
21850,18,3222,-77.42785,38.9398
21851,18,3223,-77.42771,38.93659
21852,18,3224,-77.42757,38.9343
21853,18,3225,-77.42602,38.93278
21853,18,1264,-77.42448,38.93167
21853,18,3226,-77.42544,38.93049
21853,18,3219,-77.42589,38.92942
21853,18,435,-77.42533,38.92784
21858,18,433,-77.426478,38.925936
21859,18,434,-77.423469,38.923784
21860,18,2771,-77.41867,38.919782
21860,18,898,-77.41735,38.92013
21860,18,316,-77.41776,38.92103
21861,18,901,-77.41894,38.91712
21862,18,896,-77.41627,38.91513
21862,18,907,-77.41542,38.91474
21864,18,903,-77.413,38.91436
21865,18,900,-77.40964,38.91371
21866,18,910,-77.4073,38.91465
21867,18,909,-77.4069,38.91695
21867,18,899,-77.40798,38.91795
21869,18,911,-77.41088,38.91817
21870,18,906,-77.4135,38.91802
21870,18,908,-77.41535,38.91906
21874,18,321,-77.416895,38.923141
21875,18,312,-77.41523,38.92762
21876,18,308,-77.41463,38.93075
21877,18,315,-77.41346,38.93413
21890,18,3343,-77.168079,38.89655
21890,18,3349,-77.168707,38.898115
21890,18,3340,-77.169264,38.899689
21890,18,3336,-77.170264,38.901085
21890,18,3338,-77.171779,38.903354
21890,18,2170,-77.172205,38.905165
21890,18,2171,-77.172574,38.907165
21890,18,2172,-77.172534,38.908418
21890,18,2173,-77.17263,38.910269
21890,18,2166,-77.172789,38.910026
21890,18,2167,-77.17273,38.907449
21890,18,2168,-77.172595,38.905787
21890,18,2169,-77.172013,38.903661
21890,18,3339,-77.170956,38.901704
21890,18,3337,-77.169381,38.899517
21890,18,3348,-77.168985,38.898412
21890,18,3347,-77.168467,38.897017
21891,18,2174,-77.173679,38.912328
21891,18,2175,-77.175347,38.913503
21891,18,2164,-77.175284,38.913215
21891,18,2165,-77.174111,38.912489
21893,18,2176,-77.177486,38.915396
21893,18,2163,-77.177553,38.915211
21896,18,2177,-77.179242,38.917823
21896,18,2178,-77.180274,38.919269
21896,18,2179,-77.181196,38.9213
21896,18,2160,-77.181297,38.920941
21896,18,2161,-77.180608,38.919524
21896,18,2162,-77.17941,38.917721
21897,18,2180,-77.181681,38.924335
21897,18,2159,-77.181911,38.924297
21898,18,2181,-77.182361,38.926128
21898,18,2158,-77.182828,38.926522
21902,18,3555,-77.17504,38.93859
21902,18,3556,-77.17479,38.93979
21902,18,3298,-77.17316,38.94085
21902,18,3597,-77.174786,38.939868
21902,18,3557,-77.17537,38.93823
21905,18,3299,-77.16961,38.94185
21905,18,3310,-77.16975,38.94208
21906,18,3300,-77.16575,38.94249
21906,18,3309,-77.1657,38.94276
21908,18,3301,-77.16081,38.94197
21908,18,3302,-77.15752,38.94234
21908,18,3307,-77.15859,38.94241
21908,18,3308,-77.15982,38.94229
21909,18,3303,-77.15459,38.94282
21909,18,3304,-77.15247,38.94313
21909,18,3305,-77.15109,38.943702
21909,18,3306,-77.15474,38.9431
21911,18,3566,-77.452575,38.877857
21912,18,2006,-77.45296,38.88021
21913,18,1963,-77.455117,38.88161
21914,18,1969,-77.459049,38.88029
21915,18,1970,-77.462053,38.879184
21916,18,1965,-77.465336,38.876012
21917,18,1964,-77.463238,38.874856
21918,18,1971,-77.456456,38.875763
22719,18,1872,-77.232676,38.755807
22719,18,791,-77.23604,38.75585
22719,18,789,-77.23507,38.75632
22719,18,790,-77.23417,38.75664
21921,18,1895,-77.436671,38.831143
21922,18,1980,-77.43946,38.832042
21922,18,1981,-77.437584,38.833032
21923,18,1986,-77.440316,38.829981
21924,18,1975,-77.441011,38.827649
21924,18,1998,-77.441649,38.828396
21925,18,1882,-77.438629,38.825681
21935,18,3469,-77.26726,38.83683
21936,18,3467,-77.26777,38.83424
21936,18,3465,-77.26672,38.83337
21938,18,3463,-77.26571,38.83085
21938,18,3461,-77.26435,38.82996
21940,18,3626,-77.262178,38.827657
21940,18,3457,-77.26139,38.82695
21940,18,3456,-77.26105,38.82585
21943,18,3454,-77.2605,38.82171
21944,18,3450,-77.25819,38.82212
21944,18,3449,-77.256747,38.821832
21944,18,3448,-77.25549,38.82218
21947,18,3446,-77.25307,38.8225
21948,18,3444,-77.25039,38.82271
21949,18,3612,-77.245705,38.823415
21949,18,3441,-77.24444,38.82217
21949,18,3440,-77.243,38.82089
21952,18,3438,-77.24063,38.82009
21952,18,3436,-77.23848,38.82045
21954,18,3434,-77.23925,38.82297
21955,18,3432,-77.23925,38.82646
21955,18,3428,-77.2373,38.82568
21957,18,3427,-77.23409,38.82443
21958,18,3425,-77.23052,38.82514
21958,18,3422,-77.22982,38.8258
21958,18,3421,-77.22964,38.82678
21961,18,3418,-77.22871,38.82904
21962,18,3417,-77.22963,38.83163
21967,18,1479,-77.36948,38.9486
21969,18,2780,-77.09688,38.71617
21970,18,2471,-77.10074,38.7142
21970,18,1080,-77.102221,38.713399
21970,18,1081,-77.10203,38.71318
21970,18,1090,-77.10088,38.71394
21972,18,1095,-77.10601,38.71083
21972,18,1096,-77.10545,38.71102
21973,18,1082,-77.11079,38.70864
21973,18,1083,-77.11088,38.70846
21974,18,1089,-77.11686,38.70772
21974,18,1084,-77.1177,38.70759
21975,18,1091,-77.12242,38.70836
21975,18,1092,-77.12283,38.7083
21976,18,1085,-77.1256,38.7092
21976,18,1086,-77.12572,38.70907
21977,18,1088,-77.12847,38.71054
21977,18,1087,-77.1287,38.71055
21978,18,1114,-77.13099,38.71413
21978,18,1113,-77.131266,38.714165
21987,18,1909,-77.43258,38.894961
21987,18,2023,-77.432352,38.894406
21994,18,1317,-77.114912,38.778258
21994,18,1318,-77.114881,38.778344
21995,18,1355,-77.11247,38.776477
21995,18,1356,-77.11227,38.776279
21995,18,2485,-77.112645,38.777289
21996,18,76,-77.110801,38.774721
21996,18,39,-77.11085,38.77486
21997,18,2427,-77.10877,38.77677
21997,18,1676,-77.10897,38.77686
21998,18,1674,-77.10684,38.77925
21998,18,1652,-77.10677,38.77947
21999,18,2792,-77.10464,38.78127
21999,18,2988,-77.10459,38.78125
22000,18,2946,-77.102359,38.782556
22000,18,1671,-77.10106,38.78304
22000,18,1670,-77.10075,38.78329
22000,18,1673,-77.10269,38.78253
22002,18,2989,-77.098,38.78422
22002,18,2987,-77.097955,38.784358
22010,18,1365,-77.20969,38.72761
22757,18,2719,-77.21557,38.75377
22757,18,332,-77.21604,38.75137
22757,18,2809,-77.216149,38.752451
22016,18,3053,-77.223087,38.925857
22017,18,3054,-77.227253,38.926466
22033,18,3041,-77.360816,38.975392
22046,18,1449,-77.08348,38.77864
22049,18,761,-77.093788,38.770378
22049,18,760,-77.093632,38.770498
22050,18,3025,-77.094449,38.765426
22050,18,3005,-77.094056,38.765482
22051,18,57,-77.095461,38.761555
22051,18,61,-77.095343,38.761294
22052,18,965,-77.090851,38.759777
22052,18,29,-77.08886,38.75953
22052,18,28,-77.08867,38.75967
22052,18,1003,-77.091542,38.75999
22054,18,564,-77.086041,38.753852
22054,18,2390,-77.086023,38.754229
22077,18,232,-77.16425,38.8208
22078,18,237,-77.16499,38.81899
22079,18,244,-77.16844,38.81638
22080,18,261,-77.17045,38.81408
22081,18,205,-77.17314,38.81203
22082,18,211,-77.17597,38.812
22083,18,216,-77.17946,38.81202
22086,18,206,-77.19103,38.81192
22087,18,220,-77.19587,38.8118
22088,18,1796,-77.19973,38.81167
22089,18,228,-77.2034,38.81164
22090,18,253,-77.20983,38.81153
22091,18,241,-77.22141,38.81147
22092,18,230,-77.22866,38.81138
22092,18,231,-77.22793,38.81099
22093,18,224,-77.23106,38.81131
22093,18,225,-77.23106,38.81096
22094,18,266,-77.23584,38.81115
22094,18,215,-77.23545,38.81081
22095,18,259,-77.24066,38.81113
22095,18,260,-77.2396,38.81081
22096,18,255,-77.24549,38.81091
22096,18,256,-77.24449,38.81064
22097,18,183,-77.25306,38.80922
22097,18,190,-77.25462,38.80817
22097,18,191,-77.25628,38.80707
22097,18,193,-77.25773,38.80608
22097,18,2132,-77.253549,38.810558
22097,18,246,-77.2539,38.81089
22101,18,185,-77.26577,38.80075
22101,18,964,-77.2674,38.80167
22101,18,968,-77.2673,38.80341
22104,18,961,-77.26721,38.80544
22104,18,969,-77.26848,38.80604
22104,18,971,-77.27056,38.80561
22107,18,973,-77.27421,38.80554
22108,18,974,-77.27511,38.80187
22108,18,958,-77.27643,38.8013
22108,18,278,-77.27686,38.80161
22111,18,280,-77.278267,38.803741
22111,18,276,-77.27894,38.80467
22113,18,741,-77.27823,38.80915
22113,18,740,-77.27827,38.80955
22114,18,1696,-77.27498,38.81399
22115,18,265,-77.27486,38.81813
22115,18,239,-77.276243,38.819435
22117,18,204,-77.2804,38.82286
22117,18,227,-77.28183,38.82417
22119,18,208,-77.28651,38.82642
22120,18,251,-77.29193,38.82667
22121,18,263,-77.29468,38.82674
22122,18,222,-77.29996,38.82636
22123,18,213,-77.30514,38.82457
22124,18,257,-77.30844,38.82426
22125,18,247,-77.313,38.82602
22135,18,2365,-77.199842,38.932433
22135,18,2366,-77.202343,38.932098
22135,18,2240,-77.203194,38.934168
22135,18,2238,-77.202604,38.933638
22135,18,2239,-77.200454,38.932445
22136,18,2241,-77.206126,38.935095
22136,18,2237,-77.206199,38.934991
22137,18,2242,-77.209146,38.936606
22137,18,2236,-77.210374,38.937023
22138,18,2243,-77.213053,38.939558
22138,18,2235,-77.212589,38.938877
22139,18,3099,-77.215781,38.940892
22139,18,2234,-77.215813,38.940742
22143,18,2244,-77.218612,38.941119
22143,18,2245,-77.221135,38.941909
22143,18,2246,-77.223151,38.9418
22143,18,2247,-77.22571,38.941035
22143,18,2230,-77.224792,38.941112
22143,18,2231,-77.223039,38.941619
22143,18,2232,-77.220991,38.941667
22143,18,2233,-77.218904,38.941045
22144,18,2248,-77.228458,38.940229
22144,18,2229,-77.228439,38.94001
22145,18,3100,-77.232468,38.93629
22145,18,1434,-77.232286,38.936286
22187,18,2043,-77.439278,38.871748
22188,18,2042,-77.440029,38.873638
22189,18,1894,-77.433532,38.877319
22190,18,2093,-77.43178,38.875885
22191,18,2088,-77.430509,38.874339
22192,18,2089,-77.429832,38.872462
22193,18,1910,-77.428699,38.870403
22194,18,2050,-77.426666,38.871616
22195,18,2048,-77.423261,38.873645
22196,18,2052,-77.418507,38.875232
22197,18,2045,-77.413481,38.875138
22198,18,2053,-77.409234,38.875349
22198,18,1545,-77.408338,38.874529
22199,18,1912,-77.40305,38.861316
22200,18,1999,-77.398459,38.860296
22208,18,1662,-77.14044,38.75129
22209,18,3017,-77.144967,38.746877
22216,18,1655,-77.12426,38.76579
22219,18,1458,-77.10749,38.77045
22219,18,1710,-77.10727,38.76972
22219,18,2410,-77.10712,38.76969
22221,18,1709,-77.10871,38.76828
22221,18,1383,-77.108457,38.766514
22221,18,1708,-77.10905,38.76764
22222,18,2419,-77.10797,38.76413
22222,18,1382,-77.106034,38.764169
22224,18,1384,-77.106056,38.766054
22242,18,1800,-77.153677,38.772169
22242,18,598,-77.15423,38.77352
22242,18,597,-77.15236,38.77444
22242,18,593,-77.1511,38.77444
22242,18,2967,-77.15225,38.77459
22242,18,605,-77.15405,38.77404
22242,18,2977,-77.153896,38.772153
22249,18,3021,-77.131922,38.771951
22249,18,3023,-77.131652,38.77261
22250,18,894,-77.134066,38.769427
22250,18,2969,-77.13271,38.769613
22254,18,1523,-77.13903,38.76483
22254,18,1522,-77.13748,38.76372
22254,18,1527,-77.13673,38.76167
22254,18,40,-77.13728,38.76034
22254,18,1535,-77.1372,38.76025
22254,18,2974,-77.13667,38.76232
22254,18,2973,-77.13711,38.76351
22259,18,928,-77.15144,38.7537
22259,18,929,-77.15138,38.75352
22260,18,927,-77.15773,38.75145
22260,18,923,-77.15904,38.75046
22260,18,930,-77.15846,38.75079
22262,18,917,-77.16161,38.74973
22262,18,926,-77.16249,38.74985
22265,18,382,-77.168139,38.75583
22265,18,380,-77.168799,38.756563
22265,18,1795,-77.170728,38.756917
22265,18,1794,-77.169659,38.75656
22265,18,383,-77.16848,38.75589
22324,18,485,-77.420183,38.91279
22325,18,498,-77.417603,38.910484
22326,18,501,-77.414255,38.910518
22326,18,493,-77.413335,38.909656
22328,18,496,-77.41053,38.907829
22328,18,489,-77.408519,38.907048
22330,18,486,-77.405131,38.906695
22331,18,491,-77.400362,38.906847
22332,18,503,-77.39803,38.905454
22333,18,505,-77.393145,38.904894
22334,18,495,-77.387136,38.90693
22364,18,1995,-77.444684,38.828486
22365,18,1996,-77.448023,38.830509
22366,18,1997,-77.450205,38.831863
22367,18,2054,-77.447858,38.835366
22368,18,2055,-77.446009,38.836527
22368,18,2056,-77.443942,38.837282
22370,18,1898,-77.44157,38.837002
22371,18,3269,-77.439751,38.835225
22373,18,1985,-77.436464,38.836139
22374,18,1896,-77.435789,38.840388
22375,18,2084,-77.435702,38.842343
22376,18,2085,-77.43855,38.84277
22377,18,3129,-77.44103,38.840876
22423,18,1599,-77.39233,38.94865
22423,18,1623,-77.39406,38.94852
22424,18,1567,-77.397269,38.94972
22424,18,1596,-77.39681,38.94909
22425,18,560,-77.40076,38.95171
22425,18,1553,-77.40237,38.95169
22425,18,1854,-77.401593,38.95143
22428,18,1610,-77.405243,38.950884
22428,18,1559,-77.407636,38.951606
22428,18,1581,-77.407715,38.951174
22428,18,1583,-77.40608,38.95058
22465,18,3103,-77.379898,38.892601
22472,18,115,-77.18611,38.7876
22522,18,85,-77.392578,38.963224
22522,18,533,-77.391656,38.964036
22522,18,534,-77.389849,38.965057
22522,18,313,-77.389539,38.965332
22522,18,535,-77.391892,38.963966
22522,18,84,-77.392711,38.963401
23030,18,306,-77.388563,38.967068
23030,18,318,-77.387846,38.968587
23030,18,470,-77.384089,38.969609
23030,18,475,-77.38108,38.96901
23030,18,458,-77.37887,38.96853
23030,18,3117,-77.375426,38.967643
23030,18,465,-77.37393,38.96741
23030,18,2937,-77.371755,38.9669
23030,18,453,-77.388018,38.969435
23030,18,1106,-77.383699,38.97061
23030,18,462,-77.373899,38.96756
23030,18,471,-77.376392,38.968179
23030,18,457,-77.37846,38.9686
23030,18,464,-77.38143,38.96925
23030,18,469,-77.38317,38.96967
23030,18,317,-77.387964,38.969086
23030,18,2260,-77.388746,38.967042
23030,18,796,-77.37191,38.96517
23030,18,851,-77.371211,38.967744
23030,18,801,-77.37162,38.967748
23030,18,3080,-77.375568,38.965395
23030,18,3084,-77.375418,38.966772
23030,18,3078,-77.375597,38.966802
23030,18,3079,-77.375686,38.965234
23030,18,3118,-77.386179,38.970279
22533,18,451,-77.36838,38.96632
22533,18,466,-77.367307,38.966496
22533,18,450,-77.368817,38.966585
22561,18,164,-77.16724,38.74689
22564,18,3256,-77.149833,38.743961
22564,18,3259,-77.150096,38.744321
22565,18,3272,-77.136613,38.72333
22565,18,3273,-77.136099,38.723101
22566,18,3257,-77.13472,38.72018
22566,18,3258,-77.13458,38.720287
22569,18,1137,-77.301034,38.799686
22569,18,2351,-77.300745,38.799761
22570,18,750,-77.29253,38.79929
22570,18,742,-77.292,38.79956
22570,18,3039,-77.293343,38.799382
22571,18,745,-77.28526,38.80119
22571,18,744,-77.28506,38.80166
22572,18,747,-77.28233,38.80439
22572,18,748,-77.28276,38.80422
22573,18,749,-77.27298,38.81021
22573,18,2106,-77.27374,38.81037
22574,18,746,-77.26845,38.81043
22574,18,743,-77.26886,38.81061
22575,18,2130,-77.26316,38.81073
22575,18,219,-77.26126,38.81062
22575,18,2128,-77.26185,38.81088
22575,18,2129,-77.26347,38.81101
22577,18,2131,-77.25778,38.81071
22577,18,2127,-77.25777,38.811
22579,18,234,-77.2483,38.81043
22579,18,268,-77.24926,38.81079
22593,18,1248,-77.380517,38.976501
22593,18,1247,-77.38057,38.97657
22594,18,1245,-77.378665,38.977737
22594,18,408,-77.37852,38.97925
22611,18,2357,-77.193705,38.742619
22629,18,2966,-77.139126,38.791014
22651,18,1419,-77.333503,38.949293
22652,18,1430,-77.330675,38.947826
22653,18,1431,-77.327742,38.946975
22653,18,1399,-77.325717,38.947032
22655,18,3060,-77.318679,38.9478
22656,18,1409,-77.31293,38.948573
22657,18,868,-77.312722,38.943453
22658,18,1600,-77.315558,38.943207
22659,18,1549,-77.319735,38.943314
22660,18,1609,-77.321713,38.942011
22704,18,1296,-77.23698,38.74391
22712,18,783,-77.24991,38.74514
22712,18,788,-77.24787,38.74592
22714,18,781,-77.24445,38.75014
22715,18,786,-77.24481,38.7521
22716,18,784,-77.24262,38.75409
22717,18,785,-77.23978,38.7556
22717,18,792,-77.238429,38.756
22737,18,2079,-77.417892,38.884928
22737,18,2078,-77.41623,38.884012
22747,18,2783,-77.215019,38.733983
22747,18,1148,-77.21521,38.73538
22749,18,2775,-77.218138,38.735654
22750,18,2776,-77.220317,38.73919
22750,18,2774,-77.220153,38.74083
22752,18,1022,-77.2179,38.74196
22752,18,2777,-77.217062,38.742642
22752,18,2779,-77.217408,38.743713
22752,18,2778,-77.216953,38.745236
22752,18,1066,-77.21689,38.74669
22761,18,2793,-77.341406,38.949649
22761,18,2773,-77.342341,38.94976
22809,18,3049,-77.323308,38.970974
22809,18,1361,-77.3242,38.97237
22811,18,1359,-77.3267,38.97192
22812,18,1182,-77.32723,38.97005
22817,18,3260,-77.16142,38.741523
22821,18,2472,-77.06085,38.78872
22821,18,2444,-77.06076,38.78781
22822,18,514,-77.061248,38.785195
22822,18,2443,-77.06112,38.78496
22823,18,2473,-77.06255,38.78073
22823,18,527,-77.06308,38.77913
22823,18,526,-77.06289,38.77923
22823,18,2442,-77.06246,38.78053
22829,18,513,-77.05733,38.744
22829,18,2469,-77.05705,38.74387
22832,18,2483,-77.05593,38.74189
22832,18,2484,-77.05514,38.74071
22832,18,2492,-77.05397,38.73897
22832,18,2467,-77.05388,38.73913
22832,18,515,-77.05485,38.74059
22832,18,2468,-77.05596,38.74221
22833,18,2493,-77.05452,38.73666
22833,18,2494,-77.0552,38.73499
22833,18,519,-77.05491,38.73528
22833,18,2466,-77.05433,38.73682
22835,18,2495,-77.05632,38.73184
22835,18,2464,-77.05613,38.73191
22835,18,2465,-77.05564,38.73321
22836,18,2496,-77.05713,38.72971
22836,18,2837,-77.05688,38.72991
22837,18,529,-77.05848,38.72659
22837,18,2497,-77.0595,38.72516
22837,18,522,-77.05922,38.72525
22837,18,2463,-77.05834,38.72633
22839,18,2498,-77.0608,38.72228
22839,18,3218,-77.06091,38.72114
22839,18,511,-77.06063,38.72229
22840,18,2499,-77.06158,38.71912
22840,18,3000,-77.06271,38.717752
22840,18,2490,-77.06268,38.71741
22840,18,2491,-77.06136,38.71906
22842,18,2500,-77.06287,38.71552
22842,18,2501,-77.06271,38.71449
22842,18,2489,-77.06256,38.71472
22844,18,2502,-77.06251,38.71262
22844,18,1745,-77.06228,38.71094
22844,18,751,-77.063,38.71027
22844,18,2488,-77.0622,38.71094
22844,18,1744,-77.06238,38.71254
22847,18,2470,-77.07185,38.71167
22847,18,2477,-77.0706,38.71077
22905,18,2024,-77.454417,38.903352
22907,18,2223,-77.428964,38.896993
22908,18,2224,-77.42594,38.90037
22909,18,2932,-77.424128,38.902584
22910,18,2225,-77.42326,38.9052
22911,18,1993,-77.40523,38.90018
22912,18,2066,-77.401439,38.896175
22913,18,1907,-77.404004,38.892517
22914,18,2068,-77.40563,38.88687
22935,18,729,-77.327638,38.92926
22936,18,730,-77.325314,38.931282
22954,18,846,-77.371939,38.961625
22954,18,825,-77.371501,38.963197
22954,18,826,-77.37233,38.9616
22958,18,1809,-77.369777,38.970171
22958,18,838,-77.37011,38.97019
22959,18,829,-77.370223,38.974286
22959,18,828,-77.370195,38.973449
22960,18,837,-77.37094,38.97672
22960,18,2939,-77.371142,38.977111
22961,18,800,-77.370679,38.98019
22961,18,798,-77.37107,38.98025
22967,18,3081,-77.387281,38.972286
22975,18,2386,-77.44314,38.91075
23018,18,1265,-77.355575,38.865559
23019,18,1268,-77.358857,38.868441
23020,18,1269,-77.362591,38.870372
23021,18,1266,-77.364092,38.872634
23021,18,1267,-77.36507,38.873597
23023,18,1782,-77.36732,38.873091
23024,18,1101,-77.37185,38.866368
23025,18,2297,-77.377663,38.866319
23026,18,2296,-77.378289,38.868567
23028,18,2298,-77.372949,38.869941
23029,18,583,-77.370625,38.868537
23032,18,472,-77.37431,38.96941
23033,18,473,-77.37634,38.97034
23036,18,2742,-77.454889,38.84107
23039,18,2044,-77.449806,38.857333
23042,18,540,-77.38704,38.86179
23053,18,1014,-77.30998,38.97616
23065,18,1797,-77.22505,38.81142
23074,18,2105,-77.281,38.80599
23091,19,254,-76.967392,38.958255
23091,19,251,-76.968381,38.960135
23091,19,252,-76.968752,38.959993
23091,19,253,-76.967958,38.958756
23092,19,255,-76.9695,38.962148
23092,19,256,-76.969628,38.961792
23094,19,258,-76.972054,38.964532
23094,19,259,-76.973699,38.96599
23094,19,250,-76.974777,38.967015
23094,19,261,-76.974981,38.966839
23094,19,260,-76.973456,38.965441
23094,19,257,-76.971767,38.963902
23112,19,109,-76.947044,38.948755
23112,19,108,-76.947152,38.948689
23154,19,614,-76.962808,38.949773
23154,19,323,-76.96302078,38.94798321
23172,19,795,-76.951665,38.944641
23207,19,761,-76.904144,38.971959
23207,19,771,-76.907307,38.972048
23207,19,770,-76.909268,38.971817
23207,19,769,-76.906292,38.971845
23207,19,768,-76.902793,38.971908
23262,19,929,-76.880319,38.965278
23262,19,930,-76.880576,38.965971
23268,19,773,-76.880386,38.976125
23268,19,759,-76.878254,38.976694
23268,19,760,-76.87839,38.976817
23268,19,772,-76.880302,38.976371
23270,19,762,-76.869297,38.979747
23270,19,763,-76.869589,38.979867
23290,19,1231,-76.910805,38.991782
23290,19,1235,-76.912947,38.992279
23290,19,1240,-76.914538,38.993218
23290,19,173,-76.911401,38.99402
23290,19,672,-76.911968,38.9934
23290,19,1241,-76.914498,38.993323
23290,19,1234,-76.913347,38.992259
23290,19,1230,-76.910827,38.991675
23287,19,167,-76.915896,38.990803
23287,19,409,-76.916217,38.990696
23288,19,158,-76.917092,38.992468
23288,19,159,-76.917144,38.992592
23437,19,631,-76.886174,38.917187
23437,19,641,-76.886171,38.917054
23438,19,647,-76.888741,38.917546
23438,19,642,-76.890206,38.917577
23439,19,640,-76.892635,38.918032
23439,19,639,-76.893017,38.917951
23440,19,644,-76.896299,38.918412
23440,19,643,-76.896198,38.918257
23442,19,646,-76.900736,38.918061
23442,19,638,-76.903339,38.917578
23442,19,633,-76.905555,38.917184
23442,19,635,-76.907003,38.916914
23442,19,157,-76.908155,38.91673
23442,19,161,-76.907268,38.916729
23442,19,634,-76.905584,38.916992
23442,19,637,-76.903417,38.917411
23442,19,645,-76.901067,38.917831
23442,19,520,-76.906215,38.916657
23446,19,629,-76.910521,38.916588
23446,19,630,-76.910546,38.916452
23608,19,1206,-76.877364,38.841645
23608,19,1207,-76.876672,38.841895
23609,19,1208,-76.862737,38.837672
23610,19,1211,-76.857998,38.831486
23611,19,1018,-76.847295,38.818899
23611,19,1019,-76.847141,38.818976
23612,19,1013,-76.842141,38.816694
23612,19,1014,-76.841978,38.816797
23613,19,1011,-76.833417,38.813732
23613,19,1012,-76.83341,38.8139
23614,19,1579,-76.82451,38.810926
23614,19,1577,-76.824917,38.811123
23615,19,1136,-76.823408,38.815302
23615,19,1137,-76.82343,38.815519
23616,19,1134,-76.818619,38.812273
23616,19,1135,-76.818187,38.812326
23617,19,1147,-76.812018,38.813242
23617,19,1148,-76.812514,38.813173
23618,19,1122,-76.807861,38.814956
23619,19,1124,-76.80558429,38.81596114
23619,19,1125,-76.805065,38.816294
23620,19,1126,-76.792844,38.815016
23620,19,1155,-76.790938,38.814737
23620,19,1156,-76.791291,38.814943
23620,19,1127,-76.793537,38.81521
23622,19,1143,-76.779,38.815493
23622,19,1144,-76.776985,38.815621
23622,19,1146,-76.777061,38.815754
23622,19,1145,-76.779126,38.815623
23624,19,1149,-76.773626,38.815908
23624,19,1150,-76.77365,38.816037
23626,19,1151,-76.771169,38.816392
23626,19,1153,-76.767301,38.817735
23626,19,1154,-76.767972,38.817687
23626,19,1131,-76.769391,38.81719
23626,19,1152,-76.77134,38.816448
24440,19,1128,-76.7618479,38.81951348
24440,19,1130,-76.761287,38.819627
24440,19,888,-76.76166611,38.82092288
24440,19,884,-76.76073209,38.82236825
24440,19,886,-76.761572,38.824098
24440,19,882,-76.761816,38.823968
24440,19,885,-76.761024,38.822381
24440,19,889,-76.76209,38.820514
23628,19,1133,-76.758178,38.818468
23628,19,1138,-76.756883,38.817913
23628,19,1139,-76.756902,38.818034
23628,19,1132,-76.758058,38.81856
23630,19,890,-76.74865,38.816728
23631,19,661,-76.749702,38.814771
23632,19,1564,-76.75151556,38.81591152
23632,19,722,-76.752194,38.817126
23632,19,775,-76.751703,38.818106
23672,19,705,-76.849853,38.816642
23672,19,704,-76.84965595,38.81652702
23673,19,153,-76.8465,38.810917
23673,19,1157,-76.848779,38.810844
23677,19,725,-76.748366,38.812154
23678,19,950,-76.745954,38.821352
23678,19,951,-76.746281,38.821451
23679,19,958,-76.755409,38.836308
23679,19,959,-76.755538,38.836227
23680,19,953,-76.758451,38.841735
23680,19,954,-76.758579,38.841615
23681,19,961,-76.76363279,38.8461832
23681,19,948,-76.76482004,38.84707403
23681,19,949,-76.764951,38.846941
23681,19,962,-76.763189,38.84567
23683,19,968,-76.77069372,38.85619521
23683,19,969,-76.770883,38.856023
23684,19,971,-76.776371,38.865959
23684,19,972,-76.776252,38.865078
23685,19,955,-76.780229,38.871164
23685,19,956,-76.780309,38.87068
23686,19,973,-76.78273195,38.8731146
23686,19,974,-76.782944,38.872763
23687,19,966,-76.791017,38.874707
23688,19,963,-76.795286,38.875023
23688,19,964,-76.79534,38.874622
23689,19,975,-76.803199,38.876482
23689,19,976,-76.8049,38.876411
23691,19,957,-76.812698,38.882258
23691,19,176,-76.812634,38.881028
23693,19,627,-76.82144,38.887682
23693,19,1221,-76.820964,38.887755
23697,19,945,-76.832872,38.902618
23697,19,941,-76.833336,38.902148
23698,19,1042,-76.83738,38.907378
23698,19,1041,-76.837173,38.907447
23698,19,14,-76.8374465,38.90869759
23708,19,989,-76.841277,38.907619
23708,19,10,-76.842928,38.908368
23708,19,9,-76.84305,38.908226
23708,19,990,-76.841658,38.907463
23710,19,16,-76.84613,38.909831
23710,19,13,-76.845566,38.90893
23711,19,1039,-76.846157,38.91225
23711,19,1040,-76.846341,38.91225
23712,19,223,-76.843471,38.91319
23713,19,1037,-76.845928,38.914262
23713,19,1038,-76.84612652,38.91428184
23726,19,317,-76.865981,38.941691
23726,19,316,-76.86745173,38.94205334
23726,19,315,-76.867638,38.941879
23726,19,214,-76.866029,38.941481
23728,19,309,-76.87018,38.942871
23728,19,308,-76.870718,38.942833
23729,19,207,-76.864823,38.946731
23729,19,210,-76.864921,38.946872
23730,19,216,-76.862239,38.946948
23730,19,215,-76.862486,38.947065
23731,19,211,-76.863086,38.94997
23731,19,212,-76.862979,38.949835
23732,19,205,-76.865749,38.950187
23732,19,204,-76.865916,38.950069
23740,19,1074,-76.82856,38.897202
23742,19,1072,-76.867522,38.893161
23742,19,754,-76.865817,38.895646
23742,19,758,-76.866383,38.894913
23742,19,756,-76.866046,38.893254
23742,19,755,-76.865717,38.893427
23742,19,1071,-76.867384,38.892943
23743,19,757,-76.865255,38.898211
23743,19,1298,-76.86401065,38.89818042
23744,19,1537,-76.864476,38.901863
23745,19,1538,-76.861957,38.902876
23745,19,1539,-76.860331,38.902534
23747,19,1540,-76.861666,38.899463
23747,19,581,-76.860779,38.898362
23748,19,583,-76.858453,38.897408
23749,19,582,-76.855873,38.898102
23754,19,731,-76.862416,38.893913
23764,19,218,-76.857053,38.908527
23764,19,217,-76.857113,38.907863
23765,19,880,-76.854085,38.909793
23765,19,881,-76.854115,38.909939
23766,19,473,-76.853205,38.91276
23766,19,474,-76.853422,38.912875
23769,19,208,-76.864101,38.91431
23769,19,206,-76.866123,38.913962
23769,19,1239,-76.867803,38.911884
23769,19,203,-76.866294,38.913709
23769,19,209,-76.863841,38.914169
23769,19,1388,-76.868208,38.913363
23769,19,213,-76.868454,38.913564
23772,19,471,-76.8602049,38.9161592
23772,19,472,-76.860475,38.916987
23794,19,1212,-76.885554,38.890323
23794,19,1213,-76.885896,38.890587
23795,19,1217,-76.886185,38.892832
23795,19,1216,-76.886447,38.894574
23795,19,842,-76.885878,38.894775
23795,19,1218,-76.886371,38.893042
23802,19,1238,-76.868231,38.885529
23807,19,1077,-76.876565,38.898122
23807,19,1078,-76.876718,38.898133
23808,19,1080,-76.874501,38.89936
23808,19,1082,-76.872379,38.899421
23808,19,1083,-76.872511,38.900959
23808,19,1079,-76.872244,38.899944
23808,19,1081,-76.874585,38.899481
23810,19,1084,-76.87330574,38.90323988
23810,19,1085,-76.873444,38.903169
23811,19,1075,-76.87452195,38.90499799
23811,19,1076,-76.874652,38.904907
23812,19,1087,-76.8772562,38.90754165
23812,19,403,-76.879008,38.907695
23812,19,400,-76.879496,38.909126
23812,19,404,-76.879888,38.910267
23812,19,1552,-76.8789481,38.91189007
23812,19,1384,-76.877882,38.912688
23812,19,1385,-76.877312,38.912888
23812,19,1392,-76.8795661,38.91292539
23812,19,1379,-76.881173,38.912937
23812,19,1378,-76.881006,38.912729
23812,19,1391,-76.879162,38.912708
23812,19,1550,-76.879069,38.912097
23812,19,1551,-76.88007,38.911318
23812,19,401,-76.880044,38.91003
23812,19,402,-76.879229,38.907699
23812,19,1086,-76.876409,38.907204
23818,19,1394,-76.873139,38.912618
23818,19,196,-76.871374,38.912793
23818,19,197,-76.87146,38.912977
23818,19,1395,-76.873032,38.91281
23830,19,181,-76.897998,38.908456
23830,19,177,-76.898557,38.908143
23831,19,1387,-76.903318,38.907255
23831,19,1382,-76.905356,38.906823
23831,19,675,-76.905363,38.905253
23831,19,1381,-76.905128,38.90669
23831,19,1386,-76.90368377,38.90700321
23833,19,553,-76.908355,38.904988
23833,19,552,-76.908342,38.903259
23835,19,551,-76.908322,38.900442
23836,19,673,-76.905331,38.901356
23836,19,674,-76.90533453,38.90270905
23841,19,22,-76.90453055,38.91157141
23841,19,23,-76.904648,38.911441
23876,19,140,-76.902778,38.881686
23876,19,118,-76.902651,38.881948
23877,19,1368,-76.901779,38.877667
23877,19,1367,-76.901692,38.8778
23878,19,1370,-76.901265,38.875488
23878,19,1369,-76.901122,38.875432
23879,19,678,-76.903237,38.873932
23879,19,680,-76.90413,38.875075
23879,19,679,-76.904203,38.874672
23882,19,1374,-76.903039,38.87158
23882,19,1373,-76.902886,38.871681
23884,19,15,-76.90408,38.869622
23884,19,21,-76.905782,38.868232
23884,19,20,-76.905189,38.868287
23887,19,1557,-76.911525,38.864978
23887,19,1562,-76.910923,38.864643
23890,19,1209,-76.914133,38.85608
23890,19,1210,-76.913934,38.856439
23896,19,903,-76.894034,38.854217
23896,19,653,-76.893997,38.854415
23904,19,688,-76.883717,38.862091
23904,19,689,-76.884036,38.862095
23904,19,692,-76.881849,38.86189
23905,19,908,-76.880531,38.860188
23905,19,904,-76.87970762,38.86079351
23905,19,906,-76.878308,38.861294
23905,19,914,-76.876256,38.861696
23905,19,901,-76.874685,38.862001
23905,19,902,-76.87494,38.86208
23905,19,915,-76.87596623,38.86187652
23905,19,907,-76.877981,38.861482
23905,19,905,-76.879486,38.861053
23905,19,909,-76.88064,38.860265
23910,19,912,-76.87071,38.862082
23910,19,1322,-76.87125,38.860869
23910,19,1304,-76.871203,38.860586
23910,19,913,-76.871018,38.862192
23912,19,1311,-76.871911,38.857891
23912,19,1316,-76.871768,38.857944
23913,19,1327,-76.870711,38.852624
23913,19,1326,-76.870536,38.852805
23914,19,1308,-76.871485,38.849109
23914,19,1319,-76.871666,38.848263
23921,19,1314,-76.867956,38.86394
23921,19,1312,-76.866771,38.864529
23921,19,1313,-76.86657602,38.86476672
23921,19,1315,-76.868045,38.864039
23923,19,1305,-76.86447,38.866138
23923,19,1306,-76.864127,38.866391
23924,19,1323,-76.861402,38.866968
23924,19,1300,-76.859781,38.867552
23924,19,1301,-76.85938,38.867937
23924,19,1299,-76.861375,38.867181
23926,19,1309,-76.856679,38.868809
23926,19,1310,-76.857074,38.868912
23927,19,1328,-76.856016,38.871293
23927,19,1320,-76.856364,38.871388
23928,19,1317,-76.85702398,38.87468393
23928,19,1318,-76.857366,38.874534
23929,19,200,-76.857942,38.877761
23929,19,1307,-76.858534,38.878525
23931,19,718,-76.857836,38.880262
23931,19,706,-76.85564,38.881231
23931,19,325,-76.857137,38.882368
23931,19,327,-76.858657,38.882026
23931,19,326,-76.858546,38.881904
23931,19,324,-76.856877,38.882314
23931,19,707,-76.855843,38.88125
23931,19,719,-76.85804,38.88037
23993,19,812,-76.851481,38.881638
23993,19,811,-76.851271,38.882259
23993,19,809,-76.851292,38.883885
23994,19,8,-76.851104,38.874069
23994,19,5,-76.850815,38.873946
23995,19,808,-76.850192,38.870977
23995,19,807,-76.8499,38.870898
23996,19,1383,-76.850403,38.866457
23996,19,1321,-76.85007,38.866561
23998,19,1329,-76.838817,38.86728
23998,19,1330,-76.837057,38.867034
23999,19,831,-76.828224,38.87081
23999,19,832,-76.828843,38.870019
24000,19,838,-76.826658,38.874678
24000,19,836,-76.826598,38.87587
24000,19,837,-76.826956,38.875717
24000,19,839,-76.827161,38.874021
24009,19,529,-76.822874,38.897793
24010,19,534,-76.823045,38.894756
24032,19,74,-76.884386,38.936193
24032,19,1204,-76.882742,38.935654
24032,19,1205,-76.882878,38.935826
24032,19,73,-76.884417,38.936378
24034,19,72,-76.882945,38.933032
24034,19,75,-76.882792,38.932948
24035,19,69,-76.88437406,38.93124511
24035,19,64,-76.885229,38.929722
24035,19,63,-76.884998,38.929783
24035,19,68,-76.884127,38.931269
24040,19,77,-76.880108,38.931125
24040,19,696,-76.87769,38.931951
24040,19,697,-76.878277,38.931791
24040,19,76,-76.880368,38.931195
24041,19,863,-76.874885,38.930702
24041,19,864,-76.874906,38.930853
24042,19,865,-76.871546,38.930082
24042,19,866,-76.871528,38.930286
24068,19,792,-76.883075,39.006409
24068,19,791,-76.883203,39.006367
24069,19,793,-76.88217622,39.00818396
24069,19,794,-76.882308,39.0082
24081,19,790,-76.874072,38.988157
24082,19,787,-76.871322,38.988159
24110,19,619,-76.969177,38.952164
24110,19,618,-76.969219,38.951967
24111,19,613,-76.973657,38.953531
24111,19,612,-76.97454,38.953511
24115,19,27,-76.978076,38.958529
24115,19,29,-76.978223,38.95855
24116,19,1273,-76.97890044,38.96088553
24116,19,994,-76.979295,38.960887
24117,19,1272,-76.981151,38.96272
24118,19,1377,-76.984857,38.962743
24119,19,993,-76.983769,38.960449
24120,19,995,-76.981452,38.959965
24128,19,622,-76.854133,38.986566
24128,19,623,-76.85426581,38.98686939
24130,19,1572,-76.84660576,38.99298711
24132,19,1116075,-76.9165599346161,39.0019518842122
24132,19,1116076,-76.9175738096237,39.0007387469595
24165,19,967,-76.788332,38.874303
24183,19,848,-76.907936,38.877868
24183,19,847,-76.909189,38.877011
24183,19,846,-76.910594,38.876363
24190,19,549,-76.917086,38.876223
24190,19,548,-76.91702,38.876116
24191,19,545,-76.91853,38.873459
24191,19,544,-76.91851,38.873267
24200,19,1420,-76.928334,38.87802
24200,19,1421,-76.928493,38.878082
24201,19,1413,-76.920942,38.883783
24201,19,1410,-76.91934924,38.88500806
24201,19,1411,-76.919295,38.885252
24201,19,1414,-76.921065,38.883868
24204,19,543,-76.913559,38.887168
24204,19,540,-76.913754,38.887198
24233,19,1375,-76.846317,38.923142
24233,19,1376,-76.846475,38.922983
24234,19,526,-76.838037,38.923654
24234,19,527,-76.837626,38.92379
24235,19,522,-76.835428,38.921485
24235,19,521,-76.834785,38.921125
24236,19,525,-76.833685,38.918795
24236,19,523,-76.833441,38.919046
24237,19,528,-76.831466,38.915479
24237,19,524,-76.830175,38.914127
24268,19,1492,-76.92381864,38.77795222
24268,19,1491,-76.92365,38.777939
24269,19,1498,-76.926058,38.77275
24269,19,1497,-76.92596,38.772591
24270,19,220,-76.927039,38.76987
24270,19,219,-76.926809,38.769949
24271,19,1511,-76.92741069,38.76763701
24271,19,1506,-76.927269,38.767214
24272,19,1499,-76.922699,38.759902
24272,19,1479,-76.922754,38.760246
24273,19,1505,-76.919764,38.756212
24273,19,1504,-76.919485,38.756113
24274,19,1228,-76.91305,38.761903
24274,19,1229,-76.913102,38.762042
24275,19,1225,-76.906283,38.763791
24275,19,1226,-76.905433,38.764145
24276,19,1222,-76.902779,38.764457
24276,19,1223,-76.90273,38.764611
24277,19,1224,-76.899364,38.764941
24277,19,1227,-76.899396,38.765077
24278,19,1578,-76.889645,38.766617
24278,19,1582,-76.889613,38.766858
24279,19,1574,-76.88673,38.766347
24279,19,625,-76.885142,38.766071
24279,19,1573,-76.886643,38.766567
24281,19,1466,-76.883096,38.751757
24282,19,1638,-76.877217,38.74885
24283,19,1467,-76.881993,38.754061
24318,19,530,-76.94771,38.860375
24319,19,113,-76.938195,38.85578
24319,19,114,-76.938166,38.857451
24319,19,115,-76.938379,38.856758
24319,19,112,-76.938689,38.855391
24319,19,119,-76.937966,38.853885
24319,19,120,-76.938144,38.854237
24321,19,117,-76.935538,38.860024
24321,19,1567,-76.936074,38.860013
24322,19,122,-76.934778,38.861812
24327,19,133,-76.933667,38.852381
24327,19,134,-76.933295,38.852454
24358,19,1565,-77.015804,38.785517
24359,19,1465,-77.016687,38.779546
24370,19,183,-76.978046,38.797724
24370,19,422,-76.97780746,38.79772626
24371,19,185,-76.976135,38.795569
24371,19,184,-76.976118,38.795826
24373,19,418,-76.974638,38.793881
24373,19,1428,-76.97368,38.792205
24373,19,421,-76.97421,38.793671
24392,19,504,-76.924168,38.801833
24392,19,505,-76.924452,38.801919
24393,19,500,-76.921153,38.802478
24393,19,484,-76.91906,38.802577
24393,19,488,-76.91928489,38.80267719
24393,19,501,-76.921868,38.8025
24395,19,489,-76.916686,38.802605
24395,19,495,-76.916563,38.802736
24396,19,481,-76.913254,38.801796
24396,19,496,-76.913261,38.801932
24429,19,1543,-76.709027,38.839973
24430,19,1541,-76.715163,38.836459
24430,19,1542,-76.715154,38.83629
24431,19,1544,-76.717479,38.838451
24431,19,1545,-76.71770728,38.83841036
24432,19,1546,-76.719899,38.840813
24432,19,1547,-76.719889,38.840612
24433,19,1548,-76.725087,38.841121
24433,19,1028,-76.727116,38.840535
24433,19,1117,-76.726951,38.840599
24433,19,1549,-76.724902,38.84097
24435,19,81,-76.726754,38.836194
24435,19,82,-76.726631,38.836395
24436,19,1026,-76.734681,38.824031
24436,19,1027,-76.734373,38.823856
24437,19,1141,-76.743067,38.821808
24437,19,1142,-76.74263,38.822044
24443,19,887,-76.765107,38.825957
24443,19,883,-76.76726,38.825759
24443,19,682,-76.76948712,38.82513153
24443,19,681,-76.769169,38.825085
24443,19,983,-76.764858,38.826212
24444,19,683,-76.772224,38.823157
24446,19,982,-76.770032,38.82911
24447,19,985,-76.767698,38.830081
24448,19,984,-76.766075,38.82877
24461,19,1045,-76.882081,38.7704
24461,19,424,-76.881917,38.771705
24461,19,624,-76.882086,38.772356
24461,19,1046,-76.882331,38.770481
24465,19,1576,-76.875705,38.771431
24465,19,1575,-76.875444,38.771765
24466,19,1580,-76.870724,38.775018
24466,19,1581,-76.871135,38.774918
24467,19,1105,-76.868273,38.776727
24467,19,1106,-76.86815,38.776468
24468,19,1093,-76.872225,38.778628
24468,19,1094,-76.872041,38.778326
24469,19,1103,-76.875758,38.780424
24469,19,1104,-76.876352,38.780519
24470,19,1097,-76.878882,38.782452
24470,19,1098,-76.879091,38.782368
24471,19,1101,-76.88308,38.783802
24471,19,1102,-76.883401,38.783708
24472,19,1095,-76.888174,38.783941
24472,19,1096,-76.887899,38.783792
24473,19,1099,-76.890743,38.783685
24473,19,1100,-76.890565,38.783522
24474,19,663,-76.893482,38.784147
24474,19,662,-76.893165,38.78409
24475,19,1112,-76.898414,38.783201
24475,19,1113,-76.898569,38.7833
24476,19,1110,-76.897794,38.785589
24476,19,1111,-76.897923,38.786046
24477,19,1114,-76.90057417,38.79597152
24477,19,1109,-76.900733,38.795988
24486,19,1482,-76.93253028,38.80399037
24486,19,1483,-76.932357,38.803642
24487,19,1516,-76.934552,38.805784
24487,19,1517,-76.934721,38.805731
24488,19,1489,-76.936501,38.807624
24488,19,1490,-76.936551,38.807417
24489,19,1502,-76.93717,38.81002
24489,19,1503,-76.937278,38.809778
24490,19,1500,-76.938222,38.813099
24490,19,1501,-76.938311,38.812979
24491,19,1496,-76.941429,38.813644
24491,19,1495,-76.941477,38.813508
24496,19,1518,-76.946697,38.821754
24500,19,1266,-76.95087951,38.82623449
24500,19,1268,-76.950857,38.828245
24500,19,1269,-76.950972,38.827958
24500,19,1267,-76.951052,38.826164
24510,19,56,-76.956302,38.84313
24510,19,54,-76.957394,38.844468
24510,19,71,-76.959018,38.845197
24510,19,50,-76.960428,38.845876
24510,19,52,-76.961378,38.846342
24510,19,53,-76.961451,38.846236
24510,19,51,-76.960554,38.845794
24510,19,70,-76.95901,38.845049
24510,19,55,-76.957764,38.844341
24510,19,57,-76.95605,38.842364
24515,19,1199,-76.960803,38.848235
24515,19,1200,-76.960991,38.84827
24611,19,436,-76.897449,38.763692
24611,19,435,-76.89740667,38.76392023
24612,19,427,-76.895994,38.760433
24612,19,426,-76.895927,38.7606
24613,19,441,-76.895111,38.756201
24613,19,440,-76.894913,38.755793
24614,19,430,-76.89740781,38.74646741
24614,19,437,-76.897129,38.746795
24615,19,428,-76.896512,38.741593
24615,19,429,-76.896672,38.742946
24616,19,425,-76.895187,38.736555
24616,19,439,-76.894985,38.736572
24617,19,432,-76.895673,38.732199
24617,19,431,-76.895479,38.731822
24618,19,277,-76.892529,38.720176
24618,19,267,-76.892497,38.720344
24619,19,452,-76.890318,38.717498
24619,19,438,-76.890076,38.717503
24620,19,434,-76.87201927,38.7010288
24621,19,1519,-76.873093,38.674904
24621,19,1520,-76.872682,38.675031
24622,19,1030,-76.872649,38.671638
24622,19,1029,-76.872664,38.671493
24639,19,1585,-76.935716,38.790313
24640,19,1586,-76.937447,38.788964
24640,19,1587,-76.938713,38.787465
24642,19,1588,-76.940084,38.785382
24643,19,1589,-76.943185,38.782685
24644,19,1590,-76.945675,38.781241
24645,19,1591,-76.948545,38.779423
24645,19,1592,-76.949993,38.778257
24645,19,1593,-76.950748,38.777598
24648,19,1594,-76.952778,38.776276
24649,19,1595,-76.955958,38.775807
24650,19,1596,-76.958276,38.775307
24651,19,1597,-76.961921,38.773084
24652,19,1598,-76.965047,38.772366
24653,19,1599,-76.972644,38.774749
24654,19,1600,-76.980393,38.770427
24654,19,1601,-76.98219,38.769453
24654,19,1602,-76.983145,38.768927
24657,19,1603,-76.985896,38.767747
24658,19,1604,-76.988529,38.767268
24659,19,1605,-76.992968,38.766452
