path_id,o_zone_id,d_zone_id,link_sequence
1,1,2,1;382;523;438;462;490;414;387
2,1,2,2;384;525;440;464;492;416;389
3,1,3,5;604;615
4,1,3,6;606;617
5,1,4,1;382;523;438;462;490;414;388;399
6,1,4,2;384;525;440;464;492;416;390;401
7,1,5,5;604;616;676;721;694;670;739;704;646;688;709;698;625
8,1,5,6;606;618;678;723;696;672;741;706;648;690;711;700;626
9,1,6,7;752;758;818;763
10,1,6,8;754;760;820;765
11,1,7,1;382;523;438;462;490;414;388;400;444;407
12,1,7,2;384;525;440;464;492;416;390;402;446;409
13,1,8,10;859;880;876;867;119;988;1014;981
14,1,8,10;859;879;208;587;583;575;119;988;1014;981
15,1,9,10;859;880;876;867;119;988;1014;982;1002;1016;1020;996;1024;1008;984
16,1,9,10;859;880;876;867;119;988;1014;981;78;865;877;200;1002;1016;1020;996;1024;1008;984
17,1,10,10;859;880;876;867;119;988;1014;981;74;570;571
18,1,10,10;859;879;208;587;583;576;593;570;571
19,1,11,1;382;523;438;461;238;554;556;538
20,1,11,2;384;525;440;463;238;554;556;538
21,1,12,1;382;523;438;462;490;414;388;400;444;408;432;419
22,1,12,2;384;525;440;464;492;416;390;402;446;410;434;421
23,1,13,10;859;880;876;867
24,1,13,10;859;879;208;587;583;575
25,1,14,5;604;616;676;721;694;670;739;703;273;702;643
26,1,14,6;606;618;678;723;696;672;741;705;273;702;643
27,1,15,1;382;523;438;462;490;414;388;400;444;408;431
28,1,15,2;384;525;440;464;492;416;390;402;446;410;433
29,1,16,7;752;758;818;764;783
30,1,16,8;754;760;820;766;785
31,1,17,7;752;758;818;764;784;826;831;286;1110;1095
32,1,17,8;754;760;820;766;786;828;833;286;1110;1095
33,1,18,10;859;880;876;867;119;988;1014;981;74;570;572;595;579
34,1,18,10;859;879;208;587;583;576;593;570;572;595;579
35,1,19,1;382;523;437
36,1,19,2;384;525;439
37,1,20,10;859;880;876;867;119;988;1014;981;78;865;878;894;896;873
38,1,20,10;859;880;876;867;119;988;1014;982;1002;1016;1020;995
39,1,21,10;859;880;875
40,1,21,10;859;879;208;587;582
41,1,22,1;382;523;438;462;490;414;388;400;443
42,1,22,2;384;525;440;464;492;416;390;402;445
43,1,23,10;859;880;876;867;119;988;1014;981;78;865;877
44,1,23,10;859;880;876;867;119;988;1014;982;1001
45,1,24,5;604;616;676;721;694;669
46,1,24,6;606;618;678;723;696;671
47,1,25,10;859;879
48,1,25,5;604;615;35;861;859;879
49,1,26,5;604;616;675
50,1,26,6;606;618;677
51,1,27,11;1028;1074;1050;1057;1063;1040;1030;1034;1052;1038;1044;1042;1072;1067;1069;1055
52,1,27,1;382;523;438;461;238;554;556;538;100;1040;1030;1034;1052;1038;1044;1042;1072;1067;1069;1055
53,1,28,10;859;880;876;867;119;988;1014;981;78;865;878;894;896;874;898;883
54,1,28,10;859;880;876;867;119;988;1014;982;1002;1016;1020;996;1024;1007
55,1,29,1;382;523;438;461
56,1,29,2;384;525;440;463
57,1,30,7;752;758;818;764;784;825
58,1,30,8;754;760;820;766;786;827
59,1,31,5;604;616;676;721;694;670;739;704;646;687
60,1,31,6;606;618;678;723;696;672;741;706;648;689
61,1,32,10;859;880;876;867;112;749;750
62,1,32,10;859;879;208;587;583;575;112;749;750
63,1,33,5;604;616;676;721;693
64,1,33,6;606;618;678;723;695
65,1,34,5;604;616;676;721;694;670;739;704;646;688;709;697
66,1,34,6;606;618;678;723;696;672;741;706;648;690;711;699
67,1,35,5;604;616;676;721;694;670;739;703
68,1,35,6;606;618;678;723;696;672;741;705
69,1,36,5;604;616;676;721;694;670;739;704;646;688;708
70,1,36,6;606;618;678;723;696;672;741;706;648;690;710
71,1,37,7;752;758;818;764;784;826;831
72,1,37,8;754;760;820;766;786;828;833
73,1,38,1;382;523;438;462;489
74,1,38,2;384;525;440;464;491
75,1,39,7;752;758;818;764;784;826;831;286;1110;1096;1113
76,1,39,8;754;760;820;766;786;828;833;286;1110;1096;1113
77,1,40,5;604;616;676;720
78,1,40,6;606;618;678;722
79,1,41,10;859;879;208;587;583;576;592
80,1,41,10;859;880;875;173;583;576;592
81,1,42,1;382;523;438;462;490;414;388;400;444;408;432;420;511;501
82,1,42,2;384;525;440;464;492;416;390;402;446;410;434;422;513;503
83,1,43,1;382;523;438;462;490;414;388;400;444;408;432;420;511;502;507
84,1,43,2;384;525;440;464;492;416;390;402;446;410;434;422;513;504;508
85,1,44,10;859;880;876;867;119;988;1014;981;78;865;878;893
86,1,44,10;859;880;876;867;119;988;1014;982;1002;1015
87,1,45,1;382;523;438;462;490;414;388;400;444;408;432;420;510
88,1,45,2;384;525;440;464;492;416;390;402;446;410;434;422;512
89,1,46,10;859;880;876;867;119;988;1014;981;78;865;878;894;895
90,1,46,10;859;880;876;867;119;988;1014;982;1002;1016;1019
91,1,47,10;859;880;876;867;119;988;1014;981;78;865;878;894;896;874;897
92,1,47,10;859;880;876;867;119;988;1014;982;1002;1016;1020;996;1023
93,1,48,5;604;616;676;721;694;669;204;668;736
94,1,48,6;606;618;678;723;696;671;204;668;736
95,1,49,10;859;880;876;867;119;988;1014;981;74;570;572;594
96,1,49,10;859;879;208;587;583;576;593;570;572;594
97,1,50,1;382;522
98,1,50,2;384;524
99,2,1,25;1078;1088;1112;1105;240;680;656;743;601
100,2,1,25;1078;1087;94;634;713;680;656;743;601
101,2,3,25;1078;1088;1112;1106;1098;1122;1076;1079
102,2,3,25;1078;1088;1112;1105;240;680;656;742;374;745;604;615
103,2,4,13;388;399
104,2,4,14;390;401
105,2,5,25;1078;1088;1112;1106;1098;1122;1076;1080;1101;219;674;719;692;668;737;702;643;124;646;688;709;698;625
106,2,5,25;1078;1088;1112;1106;1098;1122;1076;1080;1101;219;674;719;692;668;737;702;643;125;648;690;711;700;626
107,2,6,25;1078;1088;1112;1106;1098;1122;1076;1080;1102;1083
108,2,6,25;1078;1088;1112;1105;240;680;656;742;380;1122;1076;1080;1102;1083
109,2,7,13;388;400;444;407
110,2,7,14;390;402;446;409
111,2,8,25;1078;1088;1112;1105;245;1010;992;1026;1004;998;988;1014;981
112,2,8,23;976;986;1012;1010;992;1026;1004;998;988;1014;981
113,2,9,25;1078;1088;1112;1105;245;1010;992;1026;1004;998;988;1014;982;1002;1016;1020;996;1024;1008;984
114,2,9,23;976;986;1012;1010;992;1026;1004;998;988;1014;982;1002;1016;1020;996;1024;1008;984
115,2,10,25;1078;1088;1112;1105;240;680;656;742;372;597;587;583;576;593;570;571
116,2,10,25;1078;1088;1112;1105;245;1010;992;1025;372;597;587;583;576;593;570;571
117,2,11,23;976;985
118,2,11,25;1078;1087
119,2,12,13;388;400;444;408;432;419
120,2,12,14;390;402;446;410;434;421
121,2,13,25;1078;1088;1112;1105;240;680;656;742;372;597;587;583;575
122,2,13,25;1078;1088;1112;1105;245;1010;992;1025;372;597;587;583;575
123,2,14,25;1078;1088;1112;1106;1098;1122;1076;1080;1101;219;674;719;692;668;737;702;643
124,2,14,25;1078;1088;1112;1106;1098;1122;1076;1079;29;614;674;719;692;668;737;702;643
125,2,15,13;388;400;444;408;431
126,2,15,14;390;402;446;410;433
127,2,16,25;1078;1088;1112;1106;1098;1122;1076;1080;1102;1084;1093
128,2,16,25;1078;1088;1112;1105;240;680;656;742;380;1122;1076;1080;1102;1084;1093
129,2,17,25;1078;1088;1112;1106;1098;1122;1076;1080;1102;1084;1094;1108;1110;1095
130,2,17,25;1078;1088;1112;1105;240;680;656;743;601;7;752;758;818;764;784;826;831;286;1110;1095
131,2,18,25;1078;1088;1112;1105;240;680;656;742;372;597;587;583;576;593;570;572;595;579
132,2,18,25;1078;1088;1112;1105;245;1010;992;1025;372;597;587;583;576;593;570;572;595;579
133,2,19,25;1078;1088;1112;1105;240;680;655
134,2,19,25;1078;1088;1112;1105;245;1010;991
135,2,20,25;1078;1088;1112;1105;245;1010;992;1026;1004;998;988;1014;981;78;865;878;894;896;873
136,2,20,25;1078;1088;1112;1105;245;1010;992;1026;1004;998;988;1014;982;1002;1016;1020;995
137,2,21,25;1078;1088;1112;1105;245;1010;992;1026;1004;997
138,2,21,23;976;986;1012;1010;992;1026;1004;997
139,2,22,13;388;400;443
140,2,22,14;390;402;445
141,2,23,25;1078;1088;1112;1105;245;1010;992;1026;1004;998;988;1014;981;78;865;877
142,2,23,25;1078;1088;1112;1105;245;1010;992;1026;1004;998;988;1014;982;1001
143,2,24,25;1078;1088;1112;1105;240;680;656;742;374;745;604;616;676;721;694;669
144,2,24,25;1078;1088;1112;1105;240;680;656;742;375;747;606;618;678;723;696;671
145,2,25,25;1078;1088;1112;1105;245;1010;992;1026;1003
146,2,25,23;976;986;1012;1010;992;1026;1003
147,2,26,25;1078;1088;1112;1106;1098;1122;1076;1080;1101
148,2,26,25;1078;1088;1112;1105;240;680;656;742;374;745;604;616;675
149,2,27,24;1030;1034;1052;1038;1044;1042;1072;1067;1069;1055
150,2,27,13;388;399;49;1034;1052;1038;1044;1042;1072;1067;1069;1055
151,2,28,25;1078;1088;1112;1105;245;1010;992;1026;1004;998;988;1014;981;78;865;878;894;896;874;898;883
152,2,28,25;1078;1088;1112;1105;245;1010;992;1026;1004;998;988;1014;982;1002;1016;1020;996;1024;1007
153,2,29,25;1078;1088;1112;1105
154,2,29,23;976;985;93;574;590;299;1112;1105
155,2,30,25;1078;1088;1112;1106;1098;1122;1076;1080;1102;1084;1094;1107
156,2,30,25;1078;1088;1112;1105;240;680;656;742;380;1122;1076;1080;1102;1084;1094;1107
157,2,31,25;1078;1088;1112;1106;1098;1122;1076;1080;1101;219;674;719;692;668;737;702;643;124;646;687
158,2,31,25;1078;1088;1112;1106;1098;1122;1076;1080;1101;219;674;719;692;668;737;702;643;125;648;689
159,2,32,25;1078;1088;1112;1105;240;680;656;742;372;597;587;583;575;112;749;750
160,2,32,25;1078;1088;1112;1105;245;1010;992;1025;372;597;587;583;575;112;749;750
161,2,33,25;1078;1088;1112;1105;240;680;656;742;374;745;604;616;676;721;693
162,2,33,25;1078;1088;1112;1105;245;1010;992;1025;374;745;604;616;676;721;693
163,2,34,25;1078;1088;1112;1106;1098;1122;1076;1080;1101;219;674;719;692;668;737;702;643;124;646;688;709;697
164,2,34,25;1078;1088;1112;1106;1098;1122;1076;1080;1101;219;674;719;692;668;737;702;643;125;648;690;711;699
165,2,35,25;1078;1088;1112;1106;1098;1122;1076;1080;1101;219;674;719;692;668;736;364;739;703
166,2,35,25;1078;1088;1112;1106;1098;1122;1076;1080;1101;219;674;719;692;668;736;365;741;705
167,2,36,25;1078;1088;1112;1106;1098;1122;1076;1080;1101;219;674;719;692;668;737;702;643;124;646;688;708
168,2,36,25;1078;1088;1112;1106;1098;1122;1076;1080;1101;219;674;719;692;668;737;702;643;125;648;690;710
169,2,37,25;1078;1088;1112;1105;240;680;656;743;601;7;752;758;818;764;784;826;831
170,2,37,25;1078;1088;1112;1105;240;680;656;743;601;8;754;760;820;766;786;828;833
171,2,38,23;976;985;93;574;590
172,2,38,25;1078;1087;93;574;590
173,2,39,25;1078;1088;1112;1106;1098;1122;1076;1080;1102;1084;1094;1108;1110;1096;1113
174,2,39,25;1078;1088;1112;1105;240;680;656;743;601;7;752;758;818;764;784;826;831;286;1110;1096;1113
175,2,40,25;1078;1088;1112;1105;240;680;656;742;374;745;604;616;676;720
176,2,40,25;1078;1088;1112;1105;245;1010;992;1025;374;745;604;616;676;720
177,2,41,25;1078;1088;1112;1105;240;680;656;742;372;597;587;583;576;592
178,2,41,25;1078;1088;1112;1105;245;1010;992;1025;372;597;587;583;576;592
179,2,42,13;388;400;444;408;432;420;511;501
180,2,42,14;390;402;446;410;434;422;513;503
181,2,43,13;388;400;444;408;432;420;511;502;507
182,2,43,14;390;402;446;410;434;422;513;504;508
183,2,44,25;1078;1088;1112;1105;245;1010;992;1026;1004;998;988;1014;981;78;865;878;893
184,2,44,25;1078;1088;1112;1105;245;1010;992;1026;1004;998;988;1014;982;1002;1015
185,2,45,13;388;400;444;408;432;420;510
186,2,45,14;390;402;446;410;434;422;512
187,2,46,25;1078;1088;1112;1105;245;1010;992;1026;1004;998;988;1014;981;78;865;878;894;895
188,2,46,25;1078;1088;1112;1105;245;1010;992;1026;1004;998;988;1014;982;1002;1016;1019
189,2,47,25;1078;1088;1112;1105;245;1010;992;1026;1004;998;988;1014;981;78;865;878;894;896;874;897
190,2,47,25;1078;1088;1112;1105;245;1010;992;1026;1004;998;988;1014;982;1002;1016;1020;996;1023
191,2,48,25;1078;1088;1112;1106;1098;1122;1076;1080;1101;219;674;719;692;668;736
192,2,48,25;1078;1088;1112;1106;1098;1122;1076;1079;29;614;674;719;692;668;736
193,2,49,25;1078;1088;1112;1105;240;680;656;742;372;597;587;583;576;593;570;572;594
194,2,49,25;1078;1088;1112;1105;245;1010;992;1025;372;597;587;583;576;593;570;572;594
195,2,50,25;1078;1088;1112;1105;240;680;656;742
196,2,50,25;1078;1088;1112;1105;245;1010;992;1025
197,3,1,26;394;381
198,3,1,27;396;383
199,3,2,26;394;382;523;438;462;490;414;387
200,3,2,27;396;384;525;440;464;492;416;389
201,3,4,26;394;382;523;438;462;490;414;388;399
202,3,4,27;396;384;525;440;464;492;416;390;401
203,3,5,29;614;674;719;692;668;737;702;643;124;646;688;709;698;625
204,3,5,29;614;674;719;692;668;737;702;643;125;648;690;711;700;626
205,3,6,32;758;818;763
206,3,6,33;760;820;765
207,3,7,26;394;382;523;438;462;490;414;388;400;444;407
208,3,7,27;396;384;525;440;464;492;416;390;402;446;409
209,3,8,26;394;381;10;859;880;876;867;119;988;1014;981
210,3,8,27;396;383;10;859;880;876;867;119;988;1014;981
211,3,9,26;394;381;10;859;880;876;867;119;988;1014;982;1002;1016;1020;996;1024;1008;984
212,3,9,27;396;383;10;859;880;876;867;119;988;1014;982;1002;1016;1020;996;1024;1008;984
213,3,10,26;394;381;10;859;880;876;867;119;988;1014;981;74;570;571
214,3,10,27;396;383;10;859;880;876;867;119;988;1014;981;74;570;571
215,3,11,26;394;382;523;438;461;238;554;556;538
216,3,11,27;396;384;525;440;463;238;554;556;538
217,3,12,26;394;382;523;438;462;490;414;388;400;444;408;432;419
218,3,12,27;396;384;525;440;464;492;416;390;402;446;410;434;421
219,3,13,26;394;381;10;859;880;876;867
220,3,13,27;396;383;10;859;880;876;867
221,3,14,29;614;674;719;692;668;737;702;643
222,3,14,29;614;674;719;692;668;736;364;739;703;273;702;643
223,3,15,26;394;382;523;438;462;490;414;388;400;444;408;431
224,3,15,27;396;384;525;440;464;492;416;390;402;446;410;433
225,3,16,32;758;818;764;783
226,3,16,33;760;820;766;785
227,3,17,32;758;818;764;784;826;831;286;1110;1095
228,3,17,33;760;820;766;786;828;833;286;1110;1095
229,3,18,26;394;381;10;859;880;876;867;119;988;1014;981;74;570;572;595;579
230,3,18,27;396;383;10;859;880;876;867;119;988;1014;981;74;570;572;595;579
231,3,19,26;394;382;523;437
232,3,19,27;396;384;525;439
233,3,20,26;394;381;10;859;880;876;867;119;988;1014;981;78;865;878;894;896;873
234,3,20,27;396;383;10;859;880;876;867;119;988;1014;981;78;865;878;894;896;873
235,3,21,26;394;381;10;859;880;875
236,3,21,27;396;383;10;859;880;875
237,3,22,26;394;382;523;438;462;490;414;388;400;443
238,3,22,27;396;384;525;440;464;492;416;390;402;445
239,3,23,26;394;381;10;859;880;876;867;119;988;1014;981;78;865;877
240,3,23,27;396;383;10;859;880;876;867;119;988;1014;981;78;865;877
241,3,24,29;614;674;719;692;667
242,3,24,30;616;676;721;694;669
243,3,25,26;394;381;10;859;879
244,3,25,27;396;383;10;859;879
245,3,26,29;614;673
246,3,26,30;616;675
247,3,27,26;394;382;523;438;461;238;554;556;538;100;1040;1030;1034;1052;1038;1044;1042;1072;1067;1069;1055
248,3,27,27;396;384;525;440;463;238;554;556;538;100;1040;1030;1034;1052;1038;1044;1042;1072;1067;1069;1055
249,3,28,26;394;381;10;859;880;876;867;119;988;1014;981;78;865;878;894;896;874;898;883
250,3,28,27;396;383;10;859;880;876;867;119;988;1014;981;78;865;878;894;896;874;898;883
251,3,29,26;394;382;523;438;461
252,3,29,27;396;384;525;440;463
253,3,30,32;758;818;764;784;825
254,3,30,33;760;820;766;786;827
255,3,31,29;614;674;719;692;668;737;702;643;124;646;687
256,3,31,29;614;674;719;692;668;737;702;643;125;648;689
257,3,32,26;394;381;10;859;880;876;867;112;749;750
258,3,32,27;396;383;10;859;880;876;867;112;749;750
259,3,33,29;614;674;719;691
260,3,33,30;616;676;721;693
261,3,34,29;614;674;719;692;668;737;702;643;124;646;688;709;697
262,3,34,29;614;674;719;692;668;737;702;643;125;648;690;711;699
263,3,35,29;614;674;719;692;668;736;364;739;703
264,3,35,29;614;674;719;692;668;736;365;741;705
265,3,36,29;614;674;719;692;668;737;702;643;124;646;688;708
266,3,36,29;614;674;719;692;668;737;702;643;125;648;690;710
267,3,37,32;758;818;764;784;826;831
268,3,37,33;760;820;766;786;828;833
269,3,38,26;394;382;523;438;462;489
270,3,38,27;396;384;525;440;464;491
271,3,39,32;758;818;764;784;826;831;286;1110;1096;1113
272,3,39,33;760;820;766;786;828;833;286;1110;1096;1113
273,3,40,29;614;674;718
274,3,40,30;616;676;720
275,3,41,26;394;381;10;859;879;208;587;583;576;592
276,3,41,27;396;383;10;859;879;208;587;583;576;592
277,3,42,26;394;382;523;438;462;490;414;388;400;444;408;432;420;511;501
278,3,42,27;396;384;525;440;464;492;416;390;402;446;410;434;422;513;503
279,3,43,26;394;382;523;438;462;490;414;388;400;444;408;432;420;511;502;507
280,3,43,27;396;384;525;440;464;492;416;390;402;446;410;434;422;513;504;508
281,3,44,26;394;381;10;859;880;876;867;119;988;1014;981;78;865;878;893
282,3,44,27;396;383;10;859;880;876;867;119;988;1014;981;78;865;878;893
283,3,45,26;394;382;523;438;462;490;414;388;400;444;408;432;420;510
284,3,45,27;396;384;525;440;464;492;416;390;402;446;410;434;422;512
285,3,46,26;394;381;10;859;880;876;867;119;988;1014;981;78;865;878;894;895
286,3,46,27;396;383;10;859;880;876;867;119;988;1014;981;78;865;878;894;895
287,3,47,26;394;381;10;859;880;876;867;119;988;1014;981;78;865;878;894;896;874;897
288,3,47,27;396;383;10;859;880;876;867;119;988;1014;981;78;865;878;894;896;874;897
289,3,48,29;614;674;719;692;668;736
290,3,48,30;616;676;721;694;669;204;668;736
291,3,49,26;394;381;10;859;880;876;867;119;988;1014;981;74;570;572;594
292,3,49,27;396;383;10;859;880;876;867;119;988;1014;981;74;570;572;594
293,3,50,26;394;382;522
294,3,50,27;396;384;524
295,4,1,50;1082;1078;1088;1112;1105;240;680;656;743;601
296,4,1,50;1082;1078;1087;94;634;713;680;656;743;601
297,4,2,42;566;563
298,4,2,43;620;607
299,4,3,50;1082;1078;1088;1112;1106;1098;1122;1076;1079
300,4,3,50;1082;1078;1088;1112;1105;240;680;656;742;374;745;604;615
301,4,5,50;1082;1078;1088;1112;1106;1098;1122;1076;1080;1101;219;674;719;692;668;737;702;643;124;646;688;709;698;625
302,4,5,50;1082;1078;1088;1112;1106;1098;1122;1076;1080;1101;219;674;719;692;668;737;702;643;125;648;690;711;700;626
303,4,6,50;1082;1078;1088;1112;1106;1098;1122;1076;1080;1102;1083
304,4,6,50;1082;1078;1088;1112;1105;240;680;656;742;380;1122;1076;1080;1102;1083
305,4,7,38;400;444;407
306,4,7,39;402;446;409
307,4,8,50;1082;1078;1088;1112;1105;245;1010;992;1026;1004;998;988;1014;981
308,4,8,48;978;976;986;1012;1010;992;1026;1004;998;988;1014;981
309,4,9,50;1082;1078;1088;1112;1105;245;1010;992;1026;1004;998;988;1014;982;1002;1016;1020;996;1024;1008;984
310,4,9,48;978;976;986;1012;1010;992;1026;1004;998;988;1014;982;1002;1016;1020;996;1024;1008;984
311,4,10,50;1082;1078;1088;1112;1105;240;680;656;742;372;597;587;583;576;593;570;571
312,4,10,50;1082;1078;1088;1112;1105;245;1010;992;1025;372;597;587;583;576;593;570;571
313,4,11,48;978;976;985
314,4,11,50;1082;1078;1087
315,4,12,38;400;444;408;432;419
316,4,12,39;402;446;410;434;421
317,4,13,50;1082;1078;1088;1112;1105;240;680;656;742;372;597;587;583;575
318,4,13,50;1082;1078;1088;1112;1105;245;1010;992;1025;372;597;587;583;575
319,4,14,50;1082;1078;1088;1112;1106;1098;1122;1076;1080;1101;219;674;719;692;668;737;702;643
320,4,14,50;1082;1078;1088;1112;1106;1098;1122;1076;1079;29;614;674;719;692;668;737;702;643
321,4,15,38;400;444;408;431
322,4,15,39;402;446;410;433
323,4,16,50;1082;1078;1088;1112;1106;1098;1122;1076;1080;1102;1084;1093
324,4,16,50;1082;1078;1088;1112;1105;240;680;656;742;380;1122;1076;1080;1102;1084;1093
325,4,17,50;1082;1078;1088;1112;1106;1098;1122;1076;1080;1102;1084;1094;1108;1110;1095
326,4,17,50;1082;1078;1088;1112;1105;240;680;656;743;601;7;752;758;818;764;784;826;831;286;1110;1095
327,4,18,50;1082;1078;1088;1112;1105;240;680;656;742;372;597;587;583;576;593;570;572;595;579
328,4,18,50;1082;1078;1088;1112;1105;245;1010;992;1025;372;597;587;583;576;593;570;572;595;579
329,4,19,50;1082;1078;1088;1112;1105;240;680;655
330,4,19,50;1082;1078;1088;1112;1105;245;1010;991
331,4,20,50;1082;1078;1088;1112;1105;245;1010;992;1026;1004;998;988;1014;981;78;865;878;894;896;873
332,4,20,50;1082;1078;1088;1112;1105;245;1010;992;1026;1004;998;988;1014;982;1002;1016;1020;995
333,4,21,50;1082;1078;1088;1112;1105;245;1010;992;1026;1004;997
334,4,21,48;978;976;986;1012;1010;992;1026;1004;997
335,4,22,38;400;443
336,4,22,39;402;445
337,4,23,50;1082;1078;1088;1112;1105;245;1010;992;1026;1004;998;988;1014;981;78;865;877
338,4,23,50;1082;1078;1088;1112;1105;245;1010;992;1026;1004;998;988;1014;982;1001
339,4,24,50;1082;1078;1088;1112;1105;240;680;656;742;374;745;604;616;676;721;694;669
340,4,24,50;1082;1078;1088;1112;1105;240;680;656;742;375;747;606;618;678;723;696;671
341,4,25,50;1082;1078;1088;1112;1105;245;1010;992;1026;1003
342,4,25,48;978;976;986;1012;1010;992;1026;1003
343,4,26,50;1082;1078;1088;1112;1106;1098;1122;1076;1080;1101
344,4,26,50;1082;1078;1088;1112;1105;240;680;656;742;374;745;604;616;675
345,4,27,49;1034;1052;1038;1044;1042;1072;1067;1069;1055
346,4,27,38;400;443;192;1052;1038;1044;1042;1072;1067;1069;1055
347,4,28,50;1082;1078;1088;1112;1105;245;1010;992;1026;1004;998;988;1014;981;78;865;878;894;896;874;898;883
348,4,28,50;1082;1078;1088;1112;1105;245;1010;992;1026;1004;998;988;1014;982;1002;1016;1020;996;1024;1007
349,4,29,50;1082;1078;1088;1112;1105
350,4,29,48;978;976;985;93;574;590;299;1112;1105
351,4,30,50;1082;1078;1088;1112;1106;1098;1122;1076;1080;1102;1084;1094;1107
352,4,30,50;1082;1078;1088;1112;1105;240;680;656;742;380;1122;1076;1080;1102;1084;1094;1107
353,4,31,50;1082;1078;1088;1112;1106;1098;1122;1076;1080;1101;219;674;719;692;668;737;702;643;124;646;687
354,4,31,50;1082;1078;1088;1112;1106;1098;1122;1076;1080;1101;219;674;719;692;668;737;702;643;125;648;689
355,4,32,50;1082;1078;1088;1112;1105;240;680;656;742;372;597;587;583;575;112;749;750
356,4,32,50;1082;1078;1088;1112;1105;245;1010;992;1025;372;597;587;583;575;112;749;750
357,4,33,50;1082;1078;1088;1112;1105;240;680;656;742;374;745;604;616;676;721;693
358,4,33,50;1082;1078;1088;1112;1105;245;1010;992;1025;374;745;604;616;676;721;693
359,4,34,50;1082;1078;1088;1112;1106;1098;1122;1076;1080;1101;219;674;719;692;668;737;702;643;124;646;688;709;697
360,4,34,50;1082;1078;1088;1112;1106;1098;1122;1076;1080;1101;219;674;719;692;668;737;702;643;125;648;690;711;699
361,4,35,50;1082;1078;1088;1112;1106;1098;1122;1076;1080;1101;219;674;719;692;668;736;364;739;703
362,4,35,50;1082;1078;1088;1112;1106;1098;1122;1076;1080;1101;219;674;719;692;668;736;365;741;705
363,4,36,50;1082;1078;1088;1112;1106;1098;1122;1076;1080;1101;219;674;719;692;668;737;702;643;124;646;688;708
364,4,36,50;1082;1078;1088;1112;1106;1098;1122;1076;1080;1101;219;674;719;692;668;737;702;643;125;648;690;710
365,4,37,50;1082;1078;1088;1112;1105;240;680;656;743;601;7;752;758;818;764;784;826;831
366,4,37,50;1082;1078;1088;1112;1105;240;680;656;743;601;8;754;760;820;766;786;828;833
367,4,38,48;978;976;985;93;574;590
368,4,38,50;1082;1078;1087;93;574;590
369,4,39,50;1082;1078;1088;1112;1106;1098;1122;1076;1080;1102;1084;1094;1108;1110;1096;1113
370,4,39,50;1082;1078;1088;1112;1105;240;680;656;743;601;7;752;758;818;764;784;826;831;286;1110;1096;1113
371,4,40,50;1082;1078;1088;1112;1105;240;680;656;742;374;745;604;616;676;720
372,4,40,50;1082;1078;1088;1112;1105;245;1010;992;1025;374;745;604;616;676;720
373,4,41,50;1082;1078;1088;1112;1105;240;680;656;742;372;597;587;583;576;592
374,4,41,50;1082;1078;1088;1112;1105;245;1010;992;1025;372;597;587;583;576;592
375,4,42,38;400;444;408;432;420;511;501
376,4,42,39;402;446;410;434;422;513;503
377,4,43,38;400;444;408;432;420;511;502;507
378,4,43,39;402;446;410;434;422;513;504;508
379,4,44,50;1082;1078;1088;1112;1105;245;1010;992;1026;1004;998;988;1014;981;78;865;878;893
380,4,44,50;1082;1078;1088;1112;1105;245;1010;992;1026;1004;998;988;1014;982;1002;1015
381,4,45,38;400;444;408;432;420;510
382,4,45,39;402;446;410;434;422;512
383,4,46,50;1082;1078;1088;1112;1105;245;1010;992;1026;1004;998;988;1014;981;78;865;878;894;895
384,4,46,50;1082;1078;1088;1112;1105;245;1010;992;1026;1004;998;988;1014;982;1002;1016;1019
385,4,47,50;1082;1078;1088;1112;1105;245;1010;992;1026;1004;998;988;1014;981;78;865;878;894;896;874;897
386,4,47,50;1082;1078;1088;1112;1105;245;1010;992;1026;1004;998;988;1014;982;1002;1016;1020;996;1023
387,4,48,50;1082;1078;1088;1112;1106;1098;1122;1076;1080;1101;219;674;719;692;668;736
388,4,48,50;1082;1078;1088;1112;1106;1098;1122;1076;1079;29;614;674;719;692;668;736
389,4,49,50;1082;1078;1088;1112;1105;240;680;656;742;372;597;587;583;576;593;570;572;594
390,4,49,50;1082;1078;1088;1112;1105;245;1010;992;1025;372;597;587;583;576;593;570;572;594
391,4,50,50;1082;1078;1088;1112;1105;240;680;656;742
392,4,50,50;1082;1078;1088;1112;1105;245;1010;992;1025
393,5,1,51;406;478;486;468;426;480;517;450;472;496;456;394;381
394,5,1,51;406;478;485;277;488;470;428;482;519;452;473;261;472;496;456;394;381
395,5,2,51;406;478;486;468;426;480;517;450;472;496;456;394;382;523;438;462;490;414;387
396,5,2,51;406;478;485;277;488;470;428;482;519;452;473;261;472;496;456;394;382;523;438;462;490;414;387
397,5,3,51;406;478;486;468;426;480;517;450;472;496;455;226;1054;1031
398,5,3,51;406;478;486;468;426;480;517;450;472;496;456;393
399,5,4,51;406;478;486;468;426;480;517;450;472;496;456;394;382;523;438;462;490;414;388;399
400,5,4,51;406;478;485;277;488;470;428;482;519;452;473;261;472;496;456;394;382;523;438;462;490;414;388;399
401,5,6,51;406;478;486;468;426;480;517;450;472;496;455;222;818;763
402,5,6,51;406;478;486;468;426;480;517;450;472;496;455;223;820;765
403,5,7,51;406;478;486;468;426;480;517;450;472;496;456;394;382;523;438;462;490;414;388;400;444;407
404,5,7,51;406;478;485;277;488;470;428;482;519;452;473;261;472;496;456;394;382;523;438;462;490;414;388;400;444;407
405,5,8,51;406;478;486;468;426;480;517;450;472;496;456;394;381;10;859;880;876;867;119;988;1014;981
406,5,8,51;406;478;485;277;488;470;428;482;519;452;473;261;472;496;456;394;381;10;859;880;876;867;119;988;1014;981
407,5,9,51;406;478;486;468;426;480;517;450;472;496;456;394;381;10;859;880;876;867;119;988;1014;982;1002;1016;1020;996;1024;1008;984
408,5,9,51;406;478;485;277;488;470;428;482;519;452;473;261;472;496;456;394;381;10;859;880;876;867;119;988;1014;982;1002;1016;1020;996;1024;1008;984
409,5,10,51;406;478;486;468;426;480;517;450;472;496;456;394;381;10;859;880;876;867;119;988;1014;981;74;570;571
410,5,10,51;406;478;486;468;426;480;517;450;472;496;456;394;381;10;859;879;208;587;583;576;593;570;571
411,5,11,51;406;478;486;468;426;480;517;450;472;496;456;394;382;523;438;461;238;554;556;538
412,5,11,51;406;478;486;468;426;480;517;450;472;496;456;394;382;523;438;462;489;290;556;538
413,5,12,51;406;478;486;468;426;480;517;450;472;496;456;394;382;523;438;462;490;414;388;400;444;408;432;419
414,5,12,51;406;478;485;277;488;470;428;482;519;452;473;261;472;496;456;394;382;523;438;462;490;414;388;400;444;408;432;419
415,5,13,51;406;478;486;468;426;480;517;450;472;496;456;394;381;10;859;880;876;867
416,5,13,51;406;478;485;277;488;470;428;482;519;452;473;261;472;496;456;394;381;10;859;880;876;867
417,5,14,51;406;478;486;468;425
418,5,14,51;406;478;485;277;488;470;427
419,5,15,51;406;478;486;468;426;480;517;450;472;496;456;394;382;523;438;462;490;414;388;400;444;408;431
420,5,15,51;406;478;485;277;488;470;428;482;519;452;473;261;472;496;456;394;382;523;438;462;490;414;388;400;444;408;431
421,5,16,51;406;478;486;468;426;480;517;450;472;496;455;222;818;764;783
422,5,16,51;406;478;486;468;426;480;517;450;472;496;455;223;820;766;785
423,5,17,51;406;478;486;468;426;480;517;450;472;496;455;222;818;764;784;826;831;286;1110;1095
424,5,17,51;406;478;486;468;426;480;517;450;472;496;455;223;820;766;786;828;833;286;1110;1095
425,5,18,51;406;478;486;468;426;480;517;450;472;496;456;394;381;10;859;880;876;867;119;988;1014;981;74;570;572;595;579
426,5,18,51;406;478;486;468;426;480;517;450;472;496;456;394;381;10;859;879;208;587;583;576;593;570;572;595;579
427,5,19,51;406;478;486;468;426;480;517;450;472;496;456;394;382;523;437
428,5,19,51;406;478;485;277;488;470;428;482;519;452;473;261;472;496;456;394;382;523;437
429,5,20,51;406;478;486;468;426;480;517;450;472;496;456;394;381;10;859;880;876;867;119;988;1014;981;78;865;878;894;896;873
430,5,20,51;406;478;486;468;426;480;517;450;472;496;456;394;381;10;859;880;876;867;119;988;1014;982;1002;1016;1020;995
431,5,21,51;406;478;486;468;426;480;517;450;472;496;456;394;381;10;859;880;875
432,5,21,51;406;478;485;277;488;470;428;482;519;452;473;261;472;496;456;394;381;10;859;880;875
433,5,22,51;406;478;486;468;426;480;517;450;472;496;456;394;382;523;438;462;490;414;388;400;443
434,5,22,51;406;478;485;277;488;470;428;482;519;452;473;261;472;496;456;394;382;523;438;462;490;414;388;400;443
435,5,23,51;406;478;486;468;426;480;517;450;472;496;456;394;381;10;859;880;876;867;119;988;1014;981;78;865;877
436,5,23,51;406;478;486;468;426;480;517;450;472;496;456;394;381;10;859;880;876;867;119;988;1014;982;1001
437,5,24,51;406;478;486;468;426;480;517;449
438,5,24,51;406;478;485;277;488;470;428;482;519;451
439,5,25,51;406;478;486;468;426;480;517;450;472;496;456;394;381;10;859;879
440,5,25,51;406;478;485;277;488;470;428;482;519;452;473;261;472;496;456;394;381;10;859;879
441,5,26,51;406;478;486;468;426;480;517;450;472;496;455
442,5,26,51;406;478;485;277;488;470;428;482;519;452;473;261;472;496;455
443,5,27,51;406;478;486;468;426;480;517;450;472;496;456;394;382;523;438;461;238;554;556;538;100;1040;1030;1034;1052;1038;1044;1042;1072;1067;1069;1055
444,5,27,51;406;478;486;468;426;480;517;450;472;496;456;394;382;523;438;462;489;290;556;538;100;1040;1030;1034;1052;1038;1044;1042;1072;1067;1069;1055
445,5,28,51;406;478;486;468;426;480;517;450;472;496;456;394;381;10;859;880;876;867;119;988;1014;981;78;865;878;894;896;874;898;883
446,5,28,51;406;478;486;468;426;480;517;450;472;496;456;394;381;10;859;880;876;867;119;988;1014;982;1002;1016;1020;996;1024;1007
447,5,29,51;406;478;486;468;426;480;517;450;472;496;456;394;382;523;438;461
448,5,29,51;406;478;485;277;488;470;428;482;519;452;473;261;472;496;456;394;382;523;438;461
449,5,30,51;406;478;486;468;426;480;517;450;472;496;455;222;818;764;784;825
450,5,30,51;406;478;486;468;426;480;517;450;472;496;455;223;820;766;786;827
451,5,31,51;406;478;486;467
452,5,31,51;406;478;485;277;488;469
453,5,32,51;406;478;486;468;426;480;517;450;472;496;456;394;381;10;859;880;876;867;112;749;750
454,5,32,51;406;478;485;277;488;470;428;482;519;452;473;261;472;496;456;394;381;10;859;880;876;867;112;749;750
455,5,33,51;406;478;485;277;488;470;428;482;519;452;473
456,5,33,51;406;478;486;467;255;470;428;482;519;452;473
457,5,34,51;406;477
458,5,34,51;406;478;485;279;709;697
459,5,35,51;406;478;486;468;426;479
460,5,35,51;406;478;485;277;488;470;428;481
461,5,36,51;406;478;485
462,5,36,51;406;478;486;467;256;686;707
463,5,37,51;406;478;486;468;426;480;517;450;472;496;455;222;818;764;784;826;831
464,5,37,51;406;478;486;468;426;480;517;450;472;496;455;223;820;766;786;828;833
465,5,38,51;406;478;486;468;426;480;517;450;472;496;456;394;382;523;438;462;489
466,5,38,51;406;478;485;277;488;470;428;482;519;452;473;261;472;496;456;394;382;523;438;462;489
467,5,39,51;406;478;486;468;426;480;517;450;472;496;455;222;818;764;784;826;831;286;1110;1096;1113
468,5,39,51;406;478;486;468;426;480;517;450;472;496;455;223;820;766;786;828;833;286;1110;1096;1113
469,5,40,51;406;478;486;468;426;480;517;450;472;495
470,5,40,51;406;478;485;277;488;470;428;482;519;452;473;261;472;495
471,5,41,51;406;478;486;468;426;480;517;450;472;496;456;394;381;10;859;879;208;587;583;576;592
472,5,41,51;406;478;486;468;426;480;517;450;472;496;456;394;381;10;859;880;875;173;583;576;592
473,5,42,51;406;478;486;468;426;480;517;450;472;496;456;394;382;523;438;462;490;414;388;400;444;408;432;420;511;501
474,5,42,51;406;478;485;277;488;470;428;482;519;452;473;261;472;496;456;394;382;523;438;462;490;414;388;400;444;408;432;420;511;501
475,5,43,51;406;478;486;468;426;480;517;450;472;496;456;394;382;523;438;462;490;414;388;400;444;408;432;420;511;502;507
476,5,43,51;406;478;485;277;488;470;428;482;519;452;473;261;472;496;456;394;382;523;438;462;490;414;388;400;444;408;432;420;511;502;507
477,5,44,51;406;478;486;468;426;480;517;450;472;496;456;394;381;10;859;880;876;867;119;988;1014;981;78;865;878;893
478,5,44,51;406;478;486;468;426;480;517;450;472;496;456;394;381;10;859;880;876;867;119;988;1014;982;1002;1015
479,5,45,51;406;478;486;468;426;480;517;450;472;496;456;394;382;523;438;462;490;414;388;400;444;408;432;420;510
480,5,45,51;406;478;485;277;488;470;428;482;519;452;473;261;472;496;456;394;382;523;438;462;490;414;388;400;444;408;432;420;510
481,5,46,51;406;478;486;468;426;480;517;450;472;496;456;394;381;10;859;880;876;867;119;988;1014;981;78;865;878;894;895
482,5,46,51;406;478;486;468;426;480;517;450;472;496;456;394;381;10;859;880;876;867;119;988;1014;982;1002;1016;1019
483,5,47,51;406;478;486;468;426;480;517;450;472;496;456;394;381;10;859;880;876;867;119;988;1014;981;78;865;878;894;896;874;897
484,5,47,51;406;478;486;468;426;480;517;450;472;496;456;394;381;10;859;880;876;867;119;988;1014;982;1002;1016;1020;996;1023
485,5,48,51;406;478;486;468;426;480;516
486,5,48,51;406;478;485;277;488;470;428;482;518
487,5,49,51;406;478;486;468;426;480;517;450;472;496;456;394;381;10;859;880;876;867;119;988;1014;981;74;570;572;594
488,5,49,51;406;478;486;468;426;480;517;450;472;496;456;394;381;10;859;879;208;587;583;576;593;570;572;594
489,5,50,51;406;478;486;468;426;480;517;450;472;496;456;394;382;522
490,5,50,51;406;478;485;277;488;470;428;482;519;452;473;261;472;496;456;394;382;522
491,6,1,57;863;881;226;1054;1031;26;394;381
492,6,1,57;863;881;226;1054;1031;27;396;383
493,6,2,57;863;881;226;1054;1031;26;394;382;523;438;462;490;414;387
494,6,2,57;863;881;226;1054;1031;27;396;384;525;440;464;492;416;389
495,6,3,57;863;881;226;1054;1031
496,6,3,58;1036;1054;1031
497,6,4,57;863;881;226;1054;1031;26;394;382;523;438;462;490;414;388;399
498,6,4,57;863;881;226;1054;1031;27;396;384;525;440;464;492;416;390;401
499,6,5,57;863;881;219;674;719;692;668;737;702;643;124;646;688;709;698;625
500,6,5,57;863;881;219;674;719;692;668;737;702;643;125;648;690;711;700;626
501,6,7,57;863;881;226;1054;1031;26;394;382;523;438;462;490;414;388;400;444;407
502,6,7,57;863;881;226;1054;1031;27;396;384;525;440;464;492;416;390;402;446;409
503,6,8,57;863;881;226;1054;1031;26;394;381;10;859;880;876;867;119;988;1014;981
504,6,8,57;863;881;226;1054;1031;27;396;383;10;859;880;876;867;119;988;1014;981
505,6,9,57;863;881;226;1054;1031;26;394;381;10;859;880;876;867;119;988;1014;982;1002;1016;1020;996;1024;1008;984
506,6,9,57;863;881;226;1054;1031;27;396;383;10;859;880;876;867;119;988;1014;982;1002;1016;1020;996;1024;1008;984
507,6,10,57;863;881;226;1054;1031;26;394;381;10;859;880;876;867;119;988;1014;981;74;570;571
508,6,10,57;863;881;226;1054;1031;27;396;383;10;859;880;876;867;119;988;1014;981;74;570;571
509,6,11,57;863;881;226;1054;1031;26;394;382;523;438;461;238;554;556;538
510,6,11,57;863;881;226;1054;1031;27;396;384;525;440;463;238;554;556;538
511,6,12,57;863;881;226;1054;1031;26;394;382;523;438;462;490;414;388;400;444;408;432;419
512,6,12,57;863;881;226;1054;1031;27;396;384;525;440;464;492;416;390;402;446;410;434;421
513,6,13,57;863;881;226;1054;1031;26;394;381;10;859;880;876;867
514,6,13,57;863;881;226;1054;1031;27;396;383;10;859;880;876;867
515,6,14,57;863;881;219;674;719;692;668;737;702;643
516,6,14,57;863;881;219;674;719;692;668;736;364;739;703;273;702;643
517,6,15,57;863;881;226;1054;1031;26;394;382;523;438;462;490;414;388;400;444;408;431
518,6,15,57;863;881;226;1054;1031;27;396;384;525;440;464;492;416;390;402;446;410;433
519,6,16,54;764;783
520,6,16,55;766;785
521,6,17,54;764;784;826;831;286;1110;1095
522,6,17,55;766;786;828;833;286;1110;1095
523,6,18,57;863;881;226;1054;1031;26;394;381;10;859;880;876;867;119;988;1014;981;74;570;572;595;579
524,6,18,57;863;881;226;1054;1031;27;396;383;10;859;880;876;867;119;988;1014;981;74;570;572;595;579
525,6,19,57;863;881;226;1054;1031;26;394;382;523;437
526,6,19,57;863;881;226;1054;1031;27;396;384;525;439
527,6,20,57;863;881;226;1054;1031;26;394;381;10;859;880;876;867;119;988;1014;981;78;865;878;894;896;873
528,6,20,57;863;881;226;1054;1031;27;396;383;10;859;880;876;867;119;988;1014;981;78;865;878;894;896;873
529,6,21,57;863;881;226;1054;1031;26;394;381;10;859;880;875
530,6,21,57;863;881;226;1054;1031;27;396;383;10;859;880;875
531,6,22,57;863;881;226;1054;1031;26;394;382;523;438;462;490;414;388;400;443
532,6,22,57;863;881;226;1054;1031;27;396;384;525;440;464;492;416;390;402;445
533,6,23,57;863;881;226;1054;1031;26;394;381;10;859;880;876;867;119;988;1014;981;78;865;877
534,6,23,57;863;881;226;1054;1031;27;396;383;10;859;880;876;867;119;988;1014;981;78;865;877
535,6,24,57;863;881;219;674;719;692;667
536,6,24,57;863;881;220;676;721;694;669
537,6,25,57;863;881;226;1054;1031;26;394;381;10;859;879
538,6,25,57;863;881;226;1054;1031;27;396;383;10;859;879
539,6,26,57;863;881
540,6,26,58;1036;1053
541,6,27,57;863;881;226;1054;1032;1028;1074;1050;1057;1063;1040;1030;1034;1052;1038;1044;1042;1072;1067;1069;1055
542,6,27,58;1036;1054;1032;1028;1074;1050;1057;1063;1040;1030;1034;1052;1038;1044;1042;1072;1067;1069;1055
543,6,28,57;863;881;226;1054;1031;26;394;381;10;859;880;876;867;119;988;1014;981;78;865;878;894;896;874;898;883
544,6,28,57;863;881;226;1054;1031;27;396;383;10;859;880;876;867;119;988;1014;981;78;865;878;894;896;874;898;883
545,6,29,57;863;881;226;1054;1031;26;394;382;523;438;461
546,6,29,57;863;881;226;1054;1031;27;396;384;525;440;463
547,6,30,54;764;784;825
548,6,30,55;766;786;827
549,6,31,57;863;881;219;674;719;692;668;737;702;643;124;646;687
550,6,31,57;863;881;219;674;719;692;668;737;702;643;125;648;689
551,6,32,57;863;881;226;1054;1031;26;394;381;10;859;880;876;867;112;749;750
552,6,32,57;863;881;226;1054;1031;27;396;383;10;859;880;876;867;112;749;750
553,6,33,57;863;881;219;674;719;691
554,6,33,57;863;881;220;676;721;693
555,6,34,57;863;881;219;674;719;692;668;737;702;643;124;646;688;709;697
556,6,34,57;863;881;219;674;719;692;668;737;702;643;125;648;690;711;699
557,6,35,57;863;881;219;674;719;692;668;736;364;739;703
558,6,35,57;863;881;219;674;719;692;668;736;365;741;705
559,6,36,57;863;881;219;674;719;692;668;737;702;643;124;646;688;708
560,6,36,57;863;881;219;674;719;692;668;737;702;643;125;648;690;710
561,6,37,54;764;784;826;831
562,6,37,55;766;786;828;833
563,6,38,57;863;881;226;1054;1031;26;394;382;523;438;462;489
564,6,38,57;863;881;226;1054;1031;27;396;384;525;440;464;491
565,6,39,54;764;784;826;831;286;1110;1096;1113
566,6,39,55;766;786;828;833;286;1110;1096;1113
567,6,40,57;863;881;219;674;718
568,6,40,57;863;881;220;676;720
569,6,41,57;863;881;226;1054;1031;26;394;381;10;859;879;208;587;583;576;592
570,6,41,57;863;881;226;1054;1031;27;396;383;10;859;879;208;587;583;576;592
571,6,42,57;863;881;226;1054;1031;26;394;382;523;438;462;490;414;388;400;444;408;432;420;511;501
572,6,42,57;863;881;226;1054;1031;27;396;384;525;440;464;492;416;390;402;446;410;434;422;513;503
573,6,43,57;863;881;226;1054;1031;26;394;382;523;438;462;490;414;388;400;444;408;432;420;511;502;507
574,6,43,57;863;881;226;1054;1031;27;396;384;525;440;464;492;416;390;402;446;410;434;422;513;504;508
575,6,44,57;863;881;226;1054;1031;26;394;381;10;859;880;876;867;119;988;1014;981;78;865;878;893
576,6,44,57;863;881;226;1054;1031;27;396;383;10;859;880;876;867;119;988;1014;981;78;865;878;893
577,6,45,57;863;881;226;1054;1031;26;394;382;523;438;462;490;414;388;400;444;408;432;420;510
578,6,45,57;863;881;226;1054;1031;27;396;384;525;440;464;492;416;390;402;446;410;434;422;512
579,6,46,57;863;881;226;1054;1031;26;394;381;10;859;880;876;867;119;988;1014;981;78;865;878;894;895
580,6,46,57;863;881;226;1054;1031;27;396;383;10;859;880;876;867;119;988;1014;981;78;865;878;894;895
581,6,47,57;863;881;226;1054;1031;26;394;381;10;859;880;876;867;119;988;1014;981;78;865;878;894;896;874;897
582,6,47,57;863;881;226;1054;1031;27;396;383;10;859;880;876;867;119;988;1014;981;78;865;878;894;896;874;897
583,6,48,57;863;881;219;674;719;692;668;736
584,6,48,57;863;881;220;676;721;694;669;204;668;736
585,6,49,57;863;881;226;1054;1031;26;394;381;10;859;880;876;867;119;988;1014;981;74;570;572;594
586,6,49,57;863;881;226;1054;1031;27;396;383;10;859;880;876;867;119;988;1014;981;74;570;572;594
587,6,50,57;863;881;226;1054;1031;26;394;382;522
588,6,50,57;863;881;226;1054;1031;27;396;384;524
589,7,1,72;1086;1100;1082;1078;1088;1112;1105;240;680;656;743;601
590,7,1,70;980;1000;978;976;985;94;634;713;680;656;743;601
591,7,2,65;628;661;185;585;566;563
592,7,2,70;980;999;185;585;566;563
593,7,3,72;1086;1100;1082;1078;1088;1112;1106;1098;1122;1076;1079
594,7,3,72;1086;1100;1082;1078;1088;1112;1105;240;680;656;742;374;745;604;615
595,7,4,65;628;661;185;585;565
596,7,4,70;980;999;185;585;565
597,7,5,72;1086;1100;1082;1078;1088;1112;1106;1098;1122;1076;1080;1101;219;674;719;692;668;737;702;643;124;646;688;709;698;625
598,7,5,72;1086;1100;1082;1078;1088;1112;1106;1098;1122;1076;1080;1101;219;674;719;692;668;737;702;643;125;648;690;711;700;626
599,7,6,72;1086;1100;1082;1078;1088;1112;1106;1098;1122;1076;1080;1102;1083
600,7,6,72;1086;1100;1082;1078;1088;1112;1105;240;680;656;742;380;1122;1076;1080;1102;1083
601,7,8,72;1086;1100;1082;1078;1088;1112;1105;245;1010;992;1026;1004;998;988;1014;981
602,7,8,70;980;1000;978;976;986;1012;1010;992;1026;1004;998;988;1014;981
603,7,9,72;1086;1100;1082;1078;1088;1112;1105;245;1010;992;1026;1004;998;988;1014;982;1002;1016;1020;996;1024;1008;984
604,7,9,70;980;1000;978;976;986;1012;1010;992;1026;1004;998;988;1014;982;1002;1016;1020;996;1024;1008;984
605,7,10,72;1086;1100;1082;1078;1088;1112;1105;240;680;656;742;372;597;587;583;576;593;570;571
606,7,10,72;1086;1100;1082;1078;1088;1112;1105;245;1010;992;1025;372;597;587;583;576;593;570;571
607,7,11,70;980;1000;978;976;985
608,7,11,72;1086;1100;1082;1078;1087
609,7,12,60;408;432;419
610,7,12,61;410;434;421
611,7,13,72;1086;1100;1082;1078;1088;1112;1105;240;680;656;742;372;597;587;583;575
612,7,13,72;1086;1100;1082;1078;1088;1112;1105;245;1010;992;1025;372;597;587;583;575
613,7,14,72;1086;1100;1082;1078;1088;1112;1106;1098;1122;1076;1080;1101;219;674;719;692;668;737;702;643
614,7,14,72;1086;1100;1082;1078;1088;1112;1106;1098;1122;1076;1079;29;614;674;719;692;668;737;702;643
615,7,15,60;408;431
616,7,15,61;410;433
617,7,16,72;1086;1100;1082;1078;1088;1112;1106;1098;1122;1076;1080;1102;1084;1093
618,7,16,72;1086;1100;1082;1078;1088;1112;1105;240;680;656;742;380;1122;1076;1080;1102;1084;1093
619,7,17,72;1086;1100;1082;1078;1088;1112;1106;1098;1122;1076;1080;1102;1084;1094;1108;1110;1095
620,7,17,72;1086;1100;1082;1078;1088;1112;1105;240;680;656;743;601;7;752;758;818;764;784;826;831;286;1110;1095
621,7,18,72;1086;1100;1082;1078;1088;1112;1105;240;680;656;742;372;597;587;583;576;593;570;572;595;579
622,7,18,72;1086;1100;1082;1078;1088;1112;1105;245;1010;992;1025;372;597;587;583;576;593;570;572;595;579
623,7,19,72;1086;1100;1082;1078;1088;1112;1105;240;680;655
624,7,19,72;1086;1100;1082;1078;1088;1112;1105;245;1010;991
625,7,20,72;1086;1100;1082;1078;1088;1112;1105;245;1010;992;1026;1004;998;988;1014;981;78;865;878;894;896;873
626,7,20,72;1086;1100;1082;1078;1088;1112;1105;245;1010;992;1026;1004;998;988;1014;982;1002;1016;1020;995
627,7,21,72;1086;1100;1082;1078;1088;1112;1105;245;1010;992;1026;1004;997
628,7,21,70;980;1000;978;976;986;1012;1010;992;1026;1004;997
629,7,22,65;628;661
630,7,22,70;980;999
631,7,23,72;1086;1100;1082;1078;1088;1112;1105;245;1010;992;1026;1004;998;988;1014;981;78;865;877
632,7,23,72;1086;1100;1082;1078;1088;1112;1105;245;1010;992;1026;1004;998;988;1014;982;1001
633,7,24,72;1086;1100;1082;1078;1088;1112;1105;240;680;656;742;374;745;604;616;676;721;694;669
634,7,24,72;1086;1100;1082;1078;1088;1112;1105;240;680;656;742;375;747;606;618;678;723;696;671
635,7,25,72;1086;1100;1082;1078;1088;1112;1105;245;1010;992;1026;1003
636,7,25,70;980;1000;978;976;986;1012;1010;992;1026;1003
637,7,26,72;1086;1100;1082;1078;1088;1112;1106;1098;1122;1076;1080;1101
638,7,26,72;1086;1100;1082;1078;1088;1112;1105;240;680;656;742;374;745;604;616;675
639,7,27,71;1038;1044;1042;1072;1067;1069;1055
640,7,27,60;408;431;137;1044;1042;1072;1067;1069;1055
641,7,28,72;1086;1100;1082;1078;1088;1112;1105;245;1010;992;1026;1004;998;988;1014;981;78;865;878;894;896;874;898;883
642,7,28,72;1086;1100;1082;1078;1088;1112;1105;245;1010;992;1026;1004;998;988;1014;982;1002;1016;1020;996;1024;1007
643,7,29,72;1086;1100;1082;1078;1088;1112;1105
644,7,29,70;980;1000;978;976;985;93;574;590;299;1112;1105
645,7,30,72;1086;1100;1082;1078;1088;1112;1106;1098;1122;1076;1080;1102;1084;1094;1107
646,7,30,72;1086;1100;1082;1078;1088;1112;1105;240;680;656;742;380;1122;1076;1080;1102;1084;1094;1107
647,7,31,72;1086;1100;1082;1078;1088;1112;1106;1098;1122;1076;1080;1101;219;674;719;692;668;737;702;643;124;646;687
648,7,31,72;1086;1100;1082;1078;1088;1112;1106;1098;1122;1076;1080;1101;219;674;719;692;668;737;702;643;125;648;689
649,7,32,72;1086;1100;1082;1078;1088;1112;1105;240;680;656;742;372;597;587;583;575;112;749;750
650,7,32,72;1086;1100;1082;1078;1088;1112;1105;245;1010;992;1025;372;597;587;583;575;112;749;750
651,7,33,72;1086;1100;1082;1078;1088;1112;1105;240;680;656;742;374;745;604;616;676;721;693
652,7,33,72;1086;1100;1082;1078;1088;1112;1105;245;1010;992;1025;374;745;604;616;676;721;693
653,7,34,72;1086;1100;1082;1078;1088;1112;1106;1098;1122;1076;1080;1101;219;674;719;692;668;737;702;643;124;646;688;709;697
654,7,34,72;1086;1100;1082;1078;1088;1112;1106;1098;1122;1076;1080;1101;219;674;719;692;668;737;702;643;125;648;690;711;699
655,7,35,72;1086;1100;1082;1078;1088;1112;1106;1098;1122;1076;1080;1101;219;674;719;692;668;736;364;739;703
656,7,35,72;1086;1100;1082;1078;1088;1112;1106;1098;1122;1076;1080;1101;219;674;719;692;668;736;365;741;705
657,7,36,72;1086;1100;1082;1078;1088;1112;1106;1098;1122;1076;1080;1101;219;674;719;692;668;737;702;643;124;646;688;708
658,7,36,72;1086;1100;1082;1078;1088;1112;1106;1098;1122;1076;1080;1101;219;674;719;692;668;737;702;643;125;648;690;710
659,7,37,72;1086;1100;1082;1078;1088;1112;1105;240;680;656;743;601;7;752;758;818;764;784;826;831
660,7,37,72;1086;1100;1082;1078;1088;1112;1105;240;680;656;743;601;8;754;760;820;766;786;828;833
661,7,38,70;980;1000;978;976;985;93;574;590
662,7,38,70;980;1000;978;976;985;94;634;712
663,7,39,72;1086;1100;1082;1078;1088;1112;1106;1098;1122;1076;1080;1102;1084;1094;1108;1110;1096;1113
664,7,39,72;1086;1100;1082;1078;1088;1112;1105;240;680;656;743;601;7;752;758;818;764;784;826;831;286;1110;1096;1113
665,7,40,72;1086;1100;1082;1078;1088;1112;1105;240;680;656;742;374;745;604;616;676;720
666,7,40,72;1086;1100;1082;1078;1088;1112;1105;245;1010;992;1025;374;745;604;616;676;720
667,7,41,72;1086;1100;1082;1078;1088;1112;1105;240;680;656;742;372;597;587;583;576;592
668,7,41,72;1086;1100;1082;1078;1088;1112;1105;245;1010;992;1025;372;597;587;583;576;592
669,7,42,60;408;432;420;511;501
670,7,42,61;410;434;422;513;503
671,7,43,60;408;432;420;511;502;507
672,7,43,61;410;434;422;513;504;508
673,7,44,72;1086;1100;1082;1078;1088;1112;1105;245;1010;992;1026;1004;998;988;1014;981;78;865;878;893
674,7,44,72;1086;1100;1082;1078;1088;1112;1105;245;1010;992;1026;1004;998;988;1014;982;1002;1015
675,7,45,60;408;432;420;510
676,7,45,61;410;434;422;512
677,7,46,72;1086;1100;1082;1078;1088;1112;1105;245;1010;992;1026;1004;998;988;1014;981;78;865;878;894;895
678,7,46,72;1086;1100;1082;1078;1088;1112;1105;245;1010;992;1026;1004;998;988;1014;982;1002;1016;1019
679,7,47,72;1086;1100;1082;1078;1088;1112;1105;245;1010;992;1026;1004;998;988;1014;981;78;865;878;894;896;874;897
680,7,47,72;1086;1100;1082;1078;1088;1112;1105;245;1010;992;1026;1004;998;988;1014;982;1002;1016;1020;996;1023
681,7,48,72;1086;1100;1082;1078;1088;1112;1106;1098;1122;1076;1080;1101;219;674;719;692;668;736
682,7,48,72;1086;1100;1082;1078;1088;1112;1106;1098;1122;1076;1079;29;614;674;719;692;668;736
683,7,49,72;1086;1100;1082;1078;1088;1112;1105;240;680;656;742;372;597;587;583;576;593;570;572;594
684,7,49,72;1086;1100;1082;1078;1088;1112;1105;245;1010;992;1025;372;597;587;583;576;593;570;572;594
685,7,50,72;1086;1100;1082;1078;1088;1112;1105;240;680;656;742
686,7,50,72;1086;1100;1082;1078;1088;1112;1105;245;1010;992;1025
687,8,1,75;770;841;778;800;812;751
688,8,1,76;772;843;780;802;814;753
689,8,2,79;912;960;922;934;946;972;928;952;956;918;899
690,8,2,80;914;962;924;936;948;974;930;954;958;920;901
691,8,3,75;770;841;778;800;812;752;757
692,8,3,76;772;843;780;802;814;754;759
693,8,4,79;912;960;922;934;946;972;928;952;956;918;900;903
694,8,4,80;914;962;924;936;948;974;930;954;958;920;902;905
695,8,5,75;770;841;778;800;812;752;758;817;219;674;719;692;668;737;702;643;124;646;688;709;698;625
696,8,5,75;770;841;778;800;812;752;758;817;219;674;719;692;668;737;702;643;125;648;690;711;700;626
697,8,6,75;770;841;778;800;812;752;758;818;763
698,8,6,76;772;843;780;802;814;754;760;820;765
699,8,7,79;912;960;922;934;946;972;928;952;956;918;900;904;938;907
700,8,7,80;914;962;924;936;948;974;930;954;958;920;902;906;940;909
701,8,9,78;865;877;200;1002;1016;1020;996;1024;1008;984
702,8,9,78;865;878;893;341;1016;1020;996;1024;1008;984
703,8,10,74;570;571
704,8,10,75;770;840;313;593;570;571
705,8,11,75;770;841;778;800;811;207;552;562;546;554;556;538
706,8,11,76;772;843;780;802;813;207;552;562;546;554;556;538
707,8,12,75;770;841;778;800;811;207;552;561;368;523;438;462;490;414;388;400;444;408;432;419
708,8,12,76;772;843;780;802;813;207;552;561;368;523;438;462;490;414;388;400;444;408;432;419
709,8,13,75;770;841;777
710,8,13,76;772;843;779
711,8,14,75;770;841;778;800;812;752;758;817;219;674;719;692;668;737;702;643
712,8,14,76;772;843;780;802;814;754;760;819;219;674;719;692;668;737;702;643
713,8,15,79;912;960;922;934;946;972;928;952;956;918;900;904;938;908;925
714,8,15,80;914;962;924;936;948;974;930;954;958;920;902;906;940;910;926
715,8,16,75;770;841;778;800;812;752;758;818;764;783
716,8,16,76;772;843;780;802;814;754;760;820;766;785
717,8,17,75;770;841;778;800;812;752;758;818;764;784;826;831;286;1110;1095
718,8,17,76;772;843;780;802;814;754;760;820;766;786;828;833;286;1110;1095
719,8,18,74;570;572;595;579
720,8,18,75;770;840;313;593;570;572;595;579
721,8,19,75;770;841;778;800;811;207;552;562;545
722,8,19,76;772;843;780;802;813;207;552;562;545
723,8,20,78;865;878;894;896;873
724,8,20,78;865;877;200;1002;1016;1020;995
725,8,21,75;770;841;778;799
726,8,21,76;772;843;780;801
727,8,22,79;912;960;922;934;946;972;928;952;956;918;900;904;937
728,8,22,80;914;962;924;936;948;974;930;954;958;920;902;906;939
729,8,23,78;865;877
730,8,23,81;982;1001
731,8,24,75;770;841;778;800;812;752;758;817;219;674;719;692;667
732,8,24,76;772;843;780;802;814;754;760;819;219;674;719;692;667
733,8,25,75;770;841;778;800;811
734,8,25,76;772;843;780;802;813
735,8,26,75;770;841;778;800;812;752;758;817
736,8,26,76;772;843;780;802;814;754;760;819
737,8,27,75;770;841;778;800;811;207;552;561;379;1074;1050;1057;1063;1040;1030;1034;1052;1038;1044;1042;1072;1067;1069;1055
738,8,27,76;772;843;780;802;813;207;552;561;379;1074;1050;1057;1063;1040;1030;1034;1052;1038;1044;1042;1072;1067;1069;1055
739,8,28,78;865;878;894;896;874;898;883
740,8,28,78;865;877;200;1002;1016;1020;996;1024;1007
741,8,29,79;912;960;922;934;946;972;928;951
742,8,29,80;914;962;924;936;948;974;930;953
743,8,30,75;770;841;778;800;812;752;758;818;764;784;825
744,8,30,76;772;843;780;802;814;754;760;820;766;786;827
745,8,31,75;770;841;778;800;812;752;758;817;219;674;719;692;668;737;702;643;124;646;687
746,8,31,76;772;843;780;802;814;754;760;819;219;674;719;692;668;737;702;643;124;646;687
747,8,32,75;770;841;777;112;749;750
748,8,32,76;772;843;779;112;749;750
749,8,33,75;770;841;778;800;812;752;758;817;219;674;719;691
750,8,33,76;772;843;780;802;814;754;760;819;219;674;719;691
751,8,34,75;770;841;778;800;812;752;758;817;219;674;719;692;668;737;702;643;124;646;688;709;697
752,8,34,76;772;843;780;802;814;754;760;819;219;674;719;692;668;737;702;643;124;646;688;709;697
753,8,35,75;770;841;778;800;812;752;758;817;219;674;719;692;668;736;364;739;703
754,8,35,76;772;843;780;802;814;754;760;819;219;674;719;692;668;736;364;739;703
755,8,36,75;770;841;778;800;812;752;758;817;219;674;719;692;668;737;702;643;124;646;688;708
756,8,36,75;770;841;778;800;812;752;758;817;219;674;719;692;668;737;702;643;125;648;690;710
757,8,37,75;770;841;778;800;812;752;758;818;764;784;826;831
758,8,37,76;772;843;780;802;814;754;760;820;766;786;828;833
759,8,38,79;912;960;922;934;946;972;928;952;955
760,8,38,80;914;962;924;936;948;974;930;954;957
761,8,39,75;770;841;778;800;812;752;758;818;764;784;826;831;286;1110;1096;1113
762,8,39,76;772;843;780;802;814;754;760;820;766;786;828;833;286;1110;1096;1113
763,8,40,75;770;841;778;800;812;752;758;817;219;674;718
764,8,40,76;772;843;780;802;814;754;760;819;219;674;718
765,8,41,75;770;840
766,8,41,76;772;842
767,8,42,75;770;841;778;800;811;207;552;561;368;523;438;462;490;414;388;400;444;408;432;420;511;501
768,8,42,76;772;843;780;802;813;207;552;561;368;523;438;462;490;414;388;400;444;408;432;420;511;501
769,8,43,75;770;841;778;800;811;207;552;561;368;523;438;462;490;414;388;400;444;408;432;420;511;502;507
770,8,43,76;772;843;780;802;813;207;552;561;368;523;438;462;490;414;388;400;444;408;432;420;511;502;507
771,8,44,78;865;878;893
772,8,44,78;865;877;200;1002;1015
773,8,45,75;770;841;778;800;811;207;552;561;368;523;438;462;490;414;388;400;444;408;432;420;510
774,8,45,76;772;843;780;802;813;207;552;561;368;523;438;462;490;414;388;400;444;408;432;420;510
775,8,46,78;865;878;894;895
776,8,46,78;865;877;200;1002;1016;1019
777,8,47,78;865;878;894;896;874;897
778,8,47,78;865;877;200;1002;1016;1020;996;1023
779,8,48,75;770;841;778;800;812;752;758;817;219;674;719;692;668;736
780,8,48,76;772;843;780;802;814;754;760;819;219;674;719;692;668;736
781,8,49,74;570;572;594
782,8,49,74;570;572;595;579;151;544;559
783,8,50,75;770;841;778;800;811;207;552;561
784,8,50,76;772;843;780;802;813;207;552;561
785,9,1,82;776;824;857;796;853;849;808;772;843;780;802;814;753
786,9,1,84;916;950;970;932;968;966;944;914;962;924;936;947;209;812;751
787,9,2,84;916;950;970;932;968;966;944;914;962;924;936;948;974;930;954;958;920;901
788,9,2,82;776;824;857;796;853;849;808;772;843;780;802;813;207;552;561;368;523;438;462;490;414;387
789,9,3,82;776;824;857;796;853;849;808;772;843;780;802;814;754;759
790,9,3,82;776;824;857;796;853;849;808;772;843;780;802;814;753;5;604;615
791,9,4,84;916;950;970;932;968;966;944;914;962;924;936;948;974;930;954;958;920;902;905
792,9,4,82;776;824;857;796;853;849;808;772;843;780;802;813;207;552;561;368;523;438;462;490;414;388;399
793,9,5,82;776;824;857;796;853;849;808;772;843;780;802;814;754;760;819;219;674;719;692;668;737;702;643;124;646;688;709;698;625
794,9,5,82;776;824;857;796;853;849;808;772;843;780;802;814;754;760;819;219;674;719;692;668;737;702;643;125;648;690;711;700;626
795,9,6,82;776;824;857;796;853;849;808;772;843;780;802;814;754;760;820;765
796,9,6,82;776;824;857;796;853;849;808;772;843;780;802;814;754;760;819;222;818;763
797,9,7,84;916;950;970;932;968;966;944;914;962;924;936;948;974;930;954;958;920;902;906;940;909
798,9,7,82;776;824;857;796;853;849;808;772;843;780;802;813;207;552;561;368;523;438;462;490;414;388;400;444;407
799,9,8,82;776;824;857;796;853;849;808;771
800,9,8,84;916;950;970;932;968;966;944;913
801,9,10,82;776;824;857;796;853;849;808;771;74;570;571
802,9,10,84;916;950;970;932;968;966;944;913;74;570;571
803,9,11,82;776;824;857;796;853;849;808;772;843;780;802;813;207;552;562;546;554;556;538
804,9,11,84;916;950;970;932;968;966;944;914;962;924;936;947;207;552;562;546;554;556;538
805,9,12,82;776;824;857;796;853;849;808;772;843;780;802;813;207;552;561;368;523;438;462;490;414;388;400;444;408;432;419
806,9,12,84;916;950;970;932;968;966;944;914;962;924;936;947;207;552;561;368;523;438;462;490;414;388;400;444;408;432;419
807,9,13,82;776;824;857;796;853;849;808;772;843;779
808,9,13,84;916;950;970;932;968;966;944;914;962;923
809,9,14,82;776;824;857;796;853;849;808;772;843;780;802;814;754;760;819;219;674;719;692;668;737;702;643
810,9,14,82;776;824;857;796;853;849;808;772;843;780;802;814;754;759;29;614;674;719;692;668;737;702;643
811,9,15,84;916;950;970;932;968;966;944;914;962;924;936;948;974;930;954;958;920;902;906;940;910;926
812,9,15,82;776;824;857;796;853;849;808;772;843;780;802;813;207;552;561;368;523;438;462;490;414;388;400;444;408;431
813,9,16,82;776;824;857;796;853;849;808;772;843;780;802;814;754;760;820;766;785
814,9,16,82;776;824;857;796;853;849;808;772;843;780;802;814;754;760;820;765;54;764;783
815,9,17,82;776;824;857;796;853;849;808;772;843;780;802;814;754;760;820;766;786;828;833;286;1110;1095
816,9,17,82;776;824;857;796;853;849;808;772;843;780;802;814;754;760;820;766;786;828;834;791
817,9,18,82;776;824;857;796;853;849;808;771;74;570;572;595;579
818,9,18,84;916;950;970;932;968;966;944;913;74;570;572;595;579
819,9,19,82;776;824;857;796;853;849;808;772;843;780;802;813;207;552;562;545
820,9,19,84;916;950;970;932;968;966;944;914;962;924;936;947;207;552;562;545
821,9,20,82;776;824;857;795
822,9,20,84;916;950;970;931
823,9,21,82;776;824;857;796;853;849;808;772;843;780;801
824,9,21,84;916;950;970;932;968;966;944;914;962;924;935
825,9,22,84;916;950;970;932;968;966;944;914;962;924;936;948;974;930;954;958;920;902;906;939
826,9,22,82;776;824;857;796;853;849;808;772;843;780;802;813;207;552;561;368;523;438;462;490;414;388;400;443
827,9,23,82;776;824;857;796;853;849;807
828,9,23,84;916;950;970;932;968;966;943
829,9,24,82;776;824;857;796;853;849;808;772;843;780;802;814;754;760;819;219;674;719;692;667
830,9,24,82;776;824;857;796;853;849;808;772;843;780;802;814;754;760;819;220;676;721;694;669
831,9,25,82;776;824;857;796;853;849;808;772;843;780;802;813
832,9,25,84;916;950;970;932;968;966;944;914;962;924;936;947
833,9,26,82;776;824;857;796;853;849;808;772;843;780;802;814;754;760;819
834,9,26,82;776;824;857;796;853;849;808;772;843;780;802;814;754;759;29;614;673
835,9,27,82;776;824;857;796;853;849;808;772;843;780;802;813;207;552;561;379;1074;1050;1057;1063;1040;1030;1034;1052;1038;1044;1042;1072;1067;1069;1055
836,9,27,84;916;950;970;932;968;966;944;914;962;924;936;947;207;552;561;379;1074;1050;1057;1063;1040;1030;1034;1052;1038;1044;1042;1072;1067;1069;1055
837,9,28,82;776;823
838,9,28,84;916;949
839,9,29,84;916;950;970;932;968;966;944;914;962;924;936;948;974;930;953
840,9,29,82;776;824;857;796;853;849;808;772;843;780;802;813;207;552;561;368;523;438;461
841,9,30,82;776;824;857;796;853;849;808;772;843;780;802;814;754;760;820;766;786;827
842,9,30,82;776;824;857;796;853;849;808;772;843;780;802;814;754;760;820;766;785;139;784;825
843,9,31,82;776;824;857;796;853;849;808;772;843;780;802;814;754;760;819;219;674;719;692;668;737;702;643;124;646;687
844,9,31,82;776;824;857;796;853;849;808;772;843;780;802;814;754;760;819;219;674;719;692;668;737;702;643;125;648;689
845,9,32,82;776;824;857;796;853;849;808;772;843;779;112;749;750
846,9,32,84;916;950;970;932;968;966;944;914;962;923;112;749;750
847,9,33,82;776;824;857;796;853;849;808;772;843;780;802;814;754;760;819;219;674;719;691
848,9,33,82;776;824;857;796;853;849;808;772;843;780;802;814;754;760;819;220;676;721;693
849,9,34,82;776;824;857;796;853;849;808;772;843;780;802;814;754;760;819;219;674;719;692;668;737;702;643;124;646;688;709;697
850,9,34,82;776;824;857;796;853;849;808;772;843;780;802;814;754;760;819;219;674;719;692;668;737;702;643;125;648;690;711;699
851,9,35,82;776;824;857;796;853;849;808;772;843;780;802;814;754;760;819;219;674;719;692;668;736;364;739;703
852,9,35,82;776;824;857;796;853;849;808;772;843;780;802;814;754;760;819;219;674;719;692;668;736;365;741;705
853,9,36,82;776;824;857;796;853;849;808;772;843;780;802;814;754;760;819;219;674;719;692;668;737;702;643;124;646;688;708
854,9,36,82;776;824;857;796;853;849;808;772;843;780;802;814;754;760;819;219;674;719;692;668;737;702;643;125;648;690;710
855,9,37,82;776;824;857;796;853;849;808;772;843;780;802;814;754;760;820;766;786;828;833
856,9,37,82;776;824;857;796;853;849;808;772;843;780;802;814;754;760;820;766;786;827;248;826;831
857,9,38,84;916;950;970;932;968;966;944;914;962;924;936;948;974;930;954;957
858,9,38,82;776;824;857;796;853;849;808;772;843;780;802;813;207;552;561;368;523;438;462;489
859,9,39,82;776;824;857;796;853;849;808;772;843;780;802;814;754;760;820;766;786;828;833;286;1110;1096;1113
860,9,39,82;776;824;857;796;853;849;808;772;843;780;802;814;754;760;820;766;786;828;834;792;838
861,9,40,82;776;824;857;796;853;849;808;772;843;780;802;814;754;760;819;219;674;718
862,9,40,82;776;824;857;796;853;849;808;772;843;780;802;814;754;760;819;220;676;720
863,9,41,82;776;824;857;796;853;849;808;772;842
864,9,41,84;916;950;970;932;968;966;944;914;961
865,9,42,82;776;824;857;796;853;849;808;772;843;780;802;813;207;552;561;368;523;438;462;490;414;388;400;444;408;432;420;511;501
866,9,42,84;916;950;970;932;968;966;944;914;962;924;936;947;207;552;561;368;523;438;462;490;414;388;400;444;408;432;420;511;501
867,9,43,82;776;824;857;796;853;849;808;772;843;780;802;813;207;552;561;368;523;438;462;490;414;388;400;444;408;432;420;511;502;507
868,9,43,84;916;950;970;932;968;966;944;914;962;924;936;947;207;552;561;368;523;438;462;490;414;388;400;444;408;432;420;511;502;507
869,9,44,82;776;824;857;796;853;848
870,9,44,84;916;950;970;932;968;965
871,9,45,82;776;824;857;796;853;849;808;772;843;780;802;813;207;552;561;368;523;438;462;490;414;388;400;444;408;432;420;510
872,9,45,84;916;950;970;932;968;966;944;914;962;924;936;947;207;552;561;368;523;438;462;490;414;388;400;444;408;432;420;510
873,9,46,82;776;824;857;796;852
874,9,46,84;916;950;970;932;967
875,9,47,82;776;824;856
876,9,47,84;916;950;969
877,9,48,82;776;824;857;796;853;849;808;772;843;780;802;814;754;760;819;219;674;719;692;668;736
878,9,48,82;776;824;857;796;853;849;808;772;843;780;802;814;754;759;29;614;674;719;692;668;736
879,9,49,82;776;824;857;796;853;849;808;771;74;570;572;594
880,9,49,84;916;950;970;932;968;966;944;913;74;570;572;594
881,9,50,82;776;824;857;796;853;849;808;772;843;780;802;813;207;552;561
882,9,50,84;916;950;970;932;968;966;944;914;962;924;936;947;207;552;561
883,10,1,87;537;534;75;770;841;778;800;812;751
884,10,1,87;537;534;76;772;843;780;802;814;753
885,10,2,87;537;535;558;541;548;552;561;368;523;438;462;490;414;387
886,10,2,87;537;535;558;541;548;552;561;369;525;440;464;492;416;389
887,10,3,87;537;534;75;770;841;778;800;812;752;757
888,10,3,87;537;534;76;772;843;780;802;814;754;759
889,10,4,87;537;535;558;541;548;552;561;368;523;438;462;490;414;388;399
890,10,4,87;537;535;558;541;548;552;561;369;525;440;464;492;416;390;401
891,10,5,87;537;534;75;770;841;778;800;812;752;758;817;219;674;719;692;668;737;702;643;124;646;688;709;698;625
892,10,5,87;537;534;75;770;841;778;800;812;752;758;817;219;674;719;692;668;737;702;643;125;648;690;711;700;626
893,10,6,87;537;534;75;770;841;778;800;812;752;758;818;763
894,10,6,87;537;534;76;772;843;780;802;814;754;760;820;765
895,10,7,87;537;535;558;541;548;552;561;368;523;438;462;490;414;388;400;444;407
896,10,7,87;537;535;558;541;548;552;561;369;525;440;464;492;416;390;402;446;409
897,10,8,87;537;534
898,10,8,87;537;535;557;320;1014;981
899,10,9,87;537;534;78;865;877;200;1002;1016;1020;996;1024;1008;984
900,10,9,87;537;534;78;865;878;893;341;1016;1020;996;1024;1008;984
901,10,11,87;537;535;558;541;548;552;562;546;554;556;538
902,10,11,87;537;535;558;541;548;552;561;368;523;438;461;238;554;556;538
903,10,12,87;537;535;558;541;548;552;561;368;523;438;462;490;414;388;400;444;408;432;419
904,10,12,87;537;535;558;541;548;552;561;369;525;440;464;492;416;390;402;446;410;434;421
905,10,13,87;537;534;75;770;841;777
906,10,13,87;537;534;76;772;843;779
907,10,14,87;537;534;75;770;841;778;800;812;752;758;817;219;674;719;692;668;737;702;643
908,10,14,87;537;534;76;772;843;780;802;814;754;760;819;219;674;719;692;668;737;702;643
909,10,15,87;537;535;558;541;548;552;561;368;523;438;462;490;414;388;400;444;408;431
910,10,15,87;537;535;558;541;548;552;561;369;525;440;464;492;416;390;402;446;410;433
911,10,16,87;537;534;75;770;841;778;800;812;752;758;818;764;783
912,10,16,87;537;534;76;772;843;780;802;814;754;760;820;766;785
913,10,17,87;537;534;75;770;841;778;800;812;752;758;818;764;784;826;831;286;1110;1095
914,10,17,87;537;534;76;772;843;780;802;814;754;760;820;766;786;828;833;286;1110;1095
915,10,18,88;572;595;579
916,10,18,87;537;534;74;570;572;595;579
917,10,19,87;537;535;558;541;548;552;562;545
918,10,19,87;537;534;75;770;841;778;800;811;207;552;562;545
919,10,20,87;537;534;78;865;878;894;896;873
920,10,20,87;537;534;78;865;877;200;1002;1016;1020;995
921,10,21,87;537;534;75;770;841;778;799
922,10,21,87;537;534;76;772;843;780;801
923,10,22,87;537;535;558;541;548;552;561;368;523;438;462;490;414;388;400;443
924,10,22,87;537;535;558;541;548;552;561;369;525;440;464;492;416;390;402;445
925,10,23,87;537;534;78;865;877
926,10,23,87;537;534;81;982;1001
927,10,24,87;537;534;75;770;841;778;800;812;752;758;817;219;674;719;692;667
928,10,24,87;537;534;76;772;843;780;802;814;754;760;819;219;674;719;692;667
929,10,25,87;537;534;75;770;841;778;800;811
930,10,25,87;537;534;76;772;843;780;802;813
931,10,26,87;537;534;75;770;841;778;800;812;752;758;817
932,10,26,87;537;534;76;772;843;780;802;814;754;760;819
933,10,27,87;537;535;558;541;548;552;561;379;1074;1050;1057;1063;1040;1030;1034;1052;1038;1044;1042;1072;1067;1069;1055
934,10,27,87;537;535;558;541;548;552;562;545;164;1050;1057;1063;1040;1030;1034;1052;1038;1044;1042;1072;1067;1069;1055
935,10,28,87;537;534;78;865;878;894;896;874;898;883
936,10,28,87;537;534;78;865;877;200;1002;1016;1020;996;1024;1007
937,10,29,87;537;535;558;541;548;552;561;368;523;438;461
938,10,29,87;537;535;558;541;548;552;561;369;525;440;463
939,10,30,87;537;534;75;770;841;778;800;812;752;758;818;764;784;825
940,10,30,87;537;534;76;772;843;780;802;814;754;760;820;766;786;827
941,10,31,87;537;534;75;770;841;778;800;812;752;758;817;219;674;719;692;668;737;702;643;124;646;687
942,10,31,87;537;534;76;772;843;780;802;814;754;760;819;219;674;719;692;668;737;702;643;124;646;687
943,10,32,87;537;534;75;770;841;777;112;749;750
944,10,32,87;537;534;76;772;843;779;112;749;750
945,10,33,87;537;534;75;770;841;778;800;812;752;758;817;219;674;719;691
946,10,33,87;537;534;76;772;843;780;802;814;754;760;819;219;674;719;691
947,10,34,87;537;534;75;770;841;778;800;812;752;758;817;219;674;719;692;668;737;702;643;124;646;688;709;697
948,10,34,87;537;534;76;772;843;780;802;814;754;760;819;219;674;719;692;668;737;702;643;124;646;688;709;697
949,10,35,87;537;534;75;770;841;778;800;812;752;758;817;219;674;719;692;668;736;364;739;703
950,10,35,87;537;534;76;772;843;780;802;814;754;760;819;219;674;719;692;668;736;364;739;703
951,10,36,87;537;534;75;770;841;778;800;812;752;758;817;219;674;719;692;668;737;702;643;124;646;688;708
952,10,36,87;537;534;75;770;841;778;800;812;752;758;817;219;674;719;692;668;737;702;643;125;648;690;710
953,10,37,87;537;534;75;770;841;778;800;812;752;758;818;764;784;826;831
954,10,37,87;537;534;76;772;843;780;802;814;754;760;820;766;786;828;833
955,10,38,87;537;535;558;541;548;552;561;368;523;438;462;489
956,10,38,87;537;535;558;541;548;552;561;369;525;440;464;491
957,10,39,87;537;534;75;770;841;778;800;812;752;758;818;764;784;826;831;286;1110;1096;1113
958,10,39,87;537;534;76;772;843;780;802;814;754;760;820;766;786;828;833;286;1110;1096;1113
959,10,40,87;537;534;75;770;841;778;800;812;752;758;817;219;674;718
960,10,40,87;537;534;76;772;843;780;802;814;754;760;819;219;674;718
961,10,41,87;537;534;75;770;840
962,10,41,87;537;534;76;772;842
963,10,42,87;537;535;558;541;548;552;561;368;523;438;462;490;414;388;400;444;408;432;420;511;501
964,10,42,87;537;535;558;541;548;552;561;369;525;440;464;492;416;390;402;446;410;434;422;513;503
965,10,43,87;537;535;558;541;548;552;561;368;523;438;462;490;414;388;400;444;408;432;420;511;502;507
966,10,43,87;537;535;558;541;548;552;561;369;525;440;464;492;416;390;402;446;410;434;422;513;504;508
967,10,44,87;537;534;78;865;878;893
968,10,44,87;537;534;78;865;877;200;1002;1015
969,10,45,87;537;535;558;541;548;552;561;368;523;438;462;490;414;388;400;444;408;432;420;510
970,10,45,87;537;535;558;541;548;552;561;369;525;440;464;492;416;390;402;446;410;434;422;512
971,10,46,87;537;534;78;865;878;894;895
972,10,46,87;537;534;78;865;877;200;1002;1016;1019
973,10,47,87;537;534;78;865;878;894;896;874;897
974,10,47,87;537;534;78;865;877;200;1002;1016;1020;996;1023
975,10,48,87;537;534;75;770;841;778;800;812;752;758;817;219;674;719;692;668;736
976,10,48,87;537;534;76;772;843;780;802;814;754;760;819;219;674;719;692;668;736
977,10,49,88;572;594
978,10,49,88;572;595;579;151;544;559
979,10,50,87;537;535;558;541;548;552;561
980,10,50,87;537;534;75;770;841;778;800;811;207;552;561
981,11,1,94;634;713;680;656;743;601
982,11,1,93;574;590;299;1112;1105;240;680;656;743;601
983,11,2,89;414;387
984,11,2,90;416;389
985,11,3,94;634;713;680;656;742;374;745;604;615
986,11,3,94;634;713;680;656;742;375;747;606;617
987,11,4,89;414;388;399
988,11,4,90;416;390;401
989,11,5,94;634;713;680;656;743;602;614;674;719;692;668;737;702;643;124;646;688;709;698;625
990,11,5,94;634;713;680;656;743;602;614;674;719;692;668;737;702;643;125;648;690;711;700;626
991,11,6,94;634;713;680;656;742;380;1122;1076;1080;1102;1083
992,11,6,94;634;713;680;656;743;601;7;752;758;818;763
993,11,7,89;414;388;400;444;407
994,11,7,90;416;390;402;446;409
995,11,8,93;574;590;299;1112;1105;245;1010;992;1026;1004;998;988;1014;981
996,11,8,94;634;712;299;1112;1105;245;1010;992;1026;1004;998;988;1014;981
997,11,9,93;574;590;299;1112;1105;245;1010;992;1026;1004;998;988;1014;982;1002;1016;1020;996;1024;1008;984
998,11,9,94;634;712;299;1112;1105;245;1010;992;1026;1004;998;988;1014;982;1002;1016;1020;996;1024;1008;984
999,11,10,94;634;713;680;656;742;372;597;587;583;576;593;570;571
1000,11,10,94;634;713;680;655;157;581;597;587;583;576;593;570;571
1001,11,12,89;414;388;400;444;408;432;419
1002,11,12,90;416;390;402;446;410;434;421
1003,11,13,94;634;713;680;656;742;372;597;587;583;575
1004,11,13,94;634;713;680;655;157;581;597;587;583;575
1005,11,14,94;634;713;680;656;743;602;614;674;719;692;668;737;702;643
1006,11,14,94;634;713;680;656;743;602;614;674;719;692;668;736;364;739;703;273;702;643
1007,11,15,89;414;388;400;444;408;431
1008,11,15,90;416;390;402;446;410;433
1009,11,16,94;634;713;680;656;742;380;1122;1076;1080;1102;1084;1093
1010,11,16,94;634;713;680;656;743;601;7;752;758;818;764;783
1011,11,17,94;634;713;680;656;743;601;7;752;758;818;764;784;826;831;286;1110;1095
1012,11,17,94;634;713;680;656;743;601;8;754;760;820;766;786;828;833;286;1110;1095
1013,11,18,94;634;713;680;656;742;372;597;587;583;576;593;570;572;595;579
1014,11,18,94;634;713;680;655;157;581;597;587;583;576;593;570;572;595;579
1015,11,19,94;634;713;680;655
1016,11,19,93;574;590;299;1112;1105;240;680;655
1017,11,20,93;574;590;299;1112;1105;245;1010;992;1026;1004;998;988;1014;981;78;865;878;894;896;873
1018,11,20,94;634;712;299;1112;1105;245;1010;992;1026;1004;998;988;1014;981;78;865;878;894;896;873
1019,11,21,93;574;590;299;1112;1105;245;1010;992;1026;1004;997
1020,11,21,94;634;712;299;1112;1105;245;1010;992;1026;1004;997
1021,11,22,89;414;388;400;443
1022,11,22,90;416;390;402;445
1023,11,23,93;574;590;299;1112;1105;245;1010;992;1026;1004;998;988;1014;981;78;865;877
1024,11,23,94;634;712;299;1112;1105;245;1010;992;1026;1004;998;988;1014;981;78;865;877
1025,11,24,94;634;713;680;656;742;374;745;604;616;676;721;694;669
1026,11,24,94;634;713;680;656;742;375;747;606;618;678;723;696;671
1027,11,25,93;574;590;299;1112;1105;245;1010;992;1026;1003
1028,11,25,94;634;712;299;1112;1105;245;1010;992;1026;1003
1029,11,26,94;634;713;680;656;742;374;745;604;616;675
1030,11,26,94;634;713;680;656;742;375;747;606;618;677
1031,11,27,100;1040;1030;1034;1052;1038;1044;1042;1072;1067;1069;1055
1032,11,27,89;414;387;24;1030;1034;1052;1038;1044;1042;1072;1067;1069;1055
1033,11,28,93;574;590;299;1112;1105;245;1010;992;1026;1004;998;988;1014;981;78;865;878;894;896;874;898;883
1034,11,28,94;634;712;299;1112;1105;245;1010;992;1026;1004;998;988;1014;981;78;865;878;894;896;874;898;883
1035,11,29,93;574;590;299;1112;1105
1036,11,29,94;634;712;299;1112;1105
1037,11,30,94;634;713;680;656;742;380;1122;1076;1080;1102;1084;1094;1107
1038,11,30,94;634;713;680;656;743;601;7;752;758;818;764;784;825
1039,11,31,94;634;713;680;656;743;602;614;674;719;692;668;737;702;643;124;646;687
1040,11,31,94;634;713;680;656;743;602;614;674;719;692;668;737;702;643;125;648;689
1041,11,32,94;634;713;680;656;742;372;597;587;583;575;112;749;750
1042,11,32,94;634;713;680;655;157;581;597;587;583;575;112;749;750
1043,11,33,94;634;713;680;656;742;374;745;604;616;676;721;693
1044,11,33,94;634;713;680;656;742;375;747;606;618;678;723;695
1045,11,34,94;634;713;680;656;743;602;614;674;719;692;668;737;702;643;124;646;688;709;697
1046,11,34,94;634;713;680;656;743;602;614;674;719;692;668;737;702;643;125;648;690;711;699
1047,11,35,94;634;713;680;656;743;602;614;674;719;692;668;736;364;739;703
1048,11,35,94;634;713;680;656;743;602;614;674;719;692;668;736;365;741;705
1049,11,36,94;634;713;680;656;743;602;614;674;719;692;668;737;702;643;124;646;688;708
1050,11,36,94;634;713;680;656;743;602;614;674;719;692;668;737;702;643;125;648;690;710
1051,11,37,94;634;713;680;656;743;601;7;752;758;818;764;784;826;831
1052,11,37,94;634;713;680;656;743;601;8;754;760;820;766;786;828;833
1053,11,38,93;574;590
1054,11,38,94;634;712
1055,11,39,94;634;713;680;656;743;601;7;752;758;818;764;784;826;831;286;1110;1096;1113
1056,11,39,94;634;713;680;656;743;601;8;754;760;820;766;786;828;833;286;1110;1096;1113
1057,11,40,94;634;713;680;656;742;374;745;604;616;676;720
1058,11,40,94;634;713;680;656;742;375;747;606;618;678;722
1059,11,41,94;634;713;680;656;742;372;597;587;583;576;592
1060,11,41,94;634;713;680;655;157;581;597;587;583;576;592
1061,11,42,89;414;388;400;444;408;432;420;511;501
1062,11,42,90;416;390;402;446;410;434;422;513;503
1063,11,43,89;414;388;400;444;408;432;420;511;502;507
1064,11,43,90;416;390;402;446;410;434;422;513;504;508
1065,11,44,93;574;590;299;1112;1105;245;1010;992;1026;1004;998;988;1014;981;78;865;878;893
1066,11,44,94;634;712;299;1112;1105;245;1010;992;1026;1004;998;988;1014;981;78;865;878;893
1067,11,45,89;414;388;400;444;408;432;420;510
1068,11,45,90;416;390;402;446;410;434;422;512
1069,11,46,93;574;590;299;1112;1105;245;1010;992;1026;1004;998;988;1014;981;78;865;878;894;895
1070,11,46,94;634;712;299;1112;1105;245;1010;992;1026;1004;998;988;1014;981;78;865;878;894;895
1071,11,47,93;574;590;299;1112;1105;245;1010;992;1026;1004;998;988;1014;981;78;865;878;894;896;874;897
1072,11,47,94;634;712;299;1112;1105;245;1010;992;1026;1004;998;988;1014;981;78;865;878;894;896;874;897
1073,11,48,94;634;713;680;656;743;602;614;674;719;692;668;736
1074,11,48,94;634;713;680;656;742;374;745;604;616;676;721;694;669;204;668;736
1075,11,49,94;634;713;680;656;742;372;597;587;583;576;593;570;572;594
1076,11,49,94;634;713;680;655;157;581;597;587;583;576;593;570;572;594
1077,11,50,94;634;713;680;656;742
1078,11,50,93;574;590;299;1112;1105;240;680;656;742
1079,12,1,105;640;649;136;990;980;1000;978;976;985;94;634;713;680;656;743;601
1080,12,1,106;642;651;136;990;980;1000;978;976;985;94;634;713;680;656;743;601
1081,12,2,105;640;649;136;990;980;999;185;585;566;563
1082,12,2,106;642;651;136;990;980;999;185;585;566;563
1083,12,3,105;640;649;136;990;980;1000;978;976;985;94;634;713;680;656;742;374;745;604;615
1084,12,3,106;642;651;136;990;980;1000;978;976;985;94;634;713;680;656;742;374;745;604;615
1085,12,4,105;640;649;136;990;980;999;185;585;565
1086,12,4,106;642;651;136;990;980;999;185;585;565
1087,12,5,105;640;649;136;990;980;1000;978;976;985;94;634;713;680;656;743;602;614;674;719;692;668;737;702;643;124;646;688;709;698;625
1088,12,5,106;642;651;136;990;980;1000;978;976;985;94;634;713;680;656;743;602;614;674;719;692;668;737;702;643;124;646;688;709;698;625
1089,12,6,105;640;649;136;990;980;1000;978;976;985;94;634;713;680;656;742;380;1122;1076;1080;1102;1083
1090,12,6,106;642;651;136;990;980;1000;978;976;985;94;634;713;680;656;742;380;1122;1076;1080;1102;1083
1091,12,7,105;640;649;130;578;567
1092,12,7,106;642;651;130;578;567
1093,12,8,105;640;649;136;990;980;1000;978;976;986;1012;1010;992;1026;1004;998;988;1014;981
1094,12,8,106;642;651;136;990;980;1000;978;976;986;1012;1010;992;1026;1004;998;988;1014;981
1095,12,9,105;640;649;136;990;980;1000;978;976;986;1012;1010;992;1026;1004;998;988;1014;982;1002;1016;1020;996;1024;1008;984
1096,12,9,106;642;651;136;990;980;1000;978;976;986;1012;1010;992;1026;1004;998;988;1014;982;1002;1016;1020;996;1024;1008;984
1097,12,10,105;640;649;136;990;980;1000;978;976;985;94;634;713;680;656;742;372;597;587;583;576;593;570;571
1098,12,10,106;642;651;136;990;980;1000;978;976;985;94;634;713;680;656;742;372;597;587;583;576;593;570;571
1099,12,11,105;640;649;136;990;980;1000;978;976;985
1100,12,11,106;642;651;136;990;980;1000;978;976;985
1101,12,13,105;640;649;136;990;980;1000;978;976;985;94;634;713;680;656;742;372;597;587;583;575
1102,12,13,106;642;651;136;990;980;1000;978;976;985;94;634;713;680;656;742;372;597;587;583;575
1103,12,14,105;640;649;136;990;980;1000;978;976;985;94;634;713;680;656;743;602;614;674;719;692;668;737;702;643
1104,12,14,106;642;651;136;990;980;1000;978;976;985;94;634;713;680;656;743;602;614;674;719;692;668;737;702;643
1105,12,15,105;640;649
1106,12,15,106;642;651
1107,12,16,105;640;649;136;990;980;1000;978;976;985;94;634;713;680;656;742;380;1122;1076;1080;1102;1084;1093
1108,12,16,106;642;651;136;990;980;1000;978;976;985;94;634;713;680;656;742;380;1122;1076;1080;1102;1084;1093
1109,12,17,105;640;649;136;990;980;1000;978;976;985;94;634;713;680;656;743;601;7;752;758;818;764;784;826;831;286;1110;1095
1110,12,17,106;642;651;136;990;980;1000;978;976;985;94;634;713;680;656;743;601;7;752;758;818;764;784;826;831;286;1110;1095
1111,12,18,105;640;649;136;990;980;1000;978;976;985;94;634;713;680;656;742;372;597;587;583;576;593;570;572;595;579
1112,12,18,106;642;651;136;990;980;1000;978;976;985;94;634;713;680;656;742;372;597;587;583;576;593;570;572;595;579
1113,12,19,105;640;649;136;990;980;1000;978;976;985;94;634;713;680;655
1114,12,19,106;642;651;136;990;980;1000;978;976;985;94;634;713;680;655
1115,12,20,105;640;649;136;990;980;1000;978;976;986;1012;1010;992;1026;1004;998;988;1014;981;78;865;878;894;896;873
1116,12,20,106;642;651;136;990;980;1000;978;976;986;1012;1010;992;1026;1004;998;988;1014;981;78;865;878;894;896;873
1117,12,21,105;640;649;136;990;980;1000;978;976;986;1012;1010;992;1026;1004;997
1118,12,21,106;642;651;136;990;980;1000;978;976;986;1012;1010;992;1026;1004;997
1119,12,22,105;640;649;136;990;980;999
1120,12,22,106;642;651;136;990;980;999
1121,12,23,105;640;649;136;990;980;1000;978;976;986;1012;1010;992;1026;1004;998;988;1014;981;78;865;877
1122,12,23,106;642;651;136;990;980;1000;978;976;986;1012;1010;992;1026;1004;998;988;1014;981;78;865;877
1123,12,24,105;640;649;136;990;980;1000;978;976;985;94;634;713;680;656;742;374;745;604;616;676;721;694;669
1124,12,24,106;642;651;136;990;980;1000;978;976;985;94;634;713;680;656;742;374;745;604;616;676;721;694;669
1125,12,25,105;640;649;136;990;980;1000;978;976;986;1012;1010;992;1026;1003
1126,12,25,106;642;651;136;990;980;1000;978;976;986;1012;1010;992;1026;1003
1127,12,26,105;640;649;136;990;980;1000;978;976;985;94;634;713;680;656;742;374;745;604;616;675
1128,12,26,106;642;651;136;990;980;1000;978;976;985;94;634;713;680;656;742;374;745;604;616;675
1129,12,27,107;1042;1072;1067;1069;1055
1130,12,27,102;420;510;347;1072;1067;1069;1055
1131,12,28,105;640;649;136;990;980;1000;978;976;986;1012;1010;992;1026;1004;998;988;1014;981;78;865;878;894;896;874;898;883
1132,12,28,106;642;651;136;990;980;1000;978;976;986;1012;1010;992;1026;1004;998;988;1014;981;78;865;878;894;896;874;898;883
1133,12,29,105;640;649;136;990;980;1000;978;976;985;93;574;590;299;1112;1105
1134,12,29,106;642;651;136;990;980;1000;978;976;985;93;574;590;299;1112;1105
1135,12,30,105;640;649;136;990;980;1000;978;976;985;94;634;713;680;656;742;380;1122;1076;1080;1102;1084;1094;1107
1136,12,30,106;642;651;136;990;980;1000;978;976;985;94;634;713;680;656;742;380;1122;1076;1080;1102;1084;1094;1107
1137,12,31,105;640;649;136;990;980;1000;978;976;985;94;634;713;680;656;743;602;614;674;719;692;668;737;702;643;124;646;687
1138,12,31,106;642;651;136;990;980;1000;978;976;985;94;634;713;680;656;743;602;614;674;719;692;668;737;702;643;124;646;687
1139,12,32,105;640;649;136;990;980;1000;978;976;985;94;634;713;680;656;742;372;597;587;583;575;112;749;750
1140,12,32,106;642;651;136;990;980;1000;978;976;985;94;634;713;680;656;742;372;597;587;583;575;112;749;750
1141,12,33,105;640;649;136;990;980;1000;978;976;985;94;634;713;680;656;742;374;745;604;616;676;721;693
1142,12,33,106;642;651;136;990;980;1000;978;976;985;94;634;713;680;656;742;374;745;604;616;676;721;693
1143,12,34,105;640;649;136;990;980;1000;978;976;985;94;634;713;680;656;743;602;614;674;719;692;668;737;702;643;124;646;688;709;697
1144,12,34,106;642;651;136;990;980;1000;978;976;985;94;634;713;680;656;743;602;614;674;719;692;668;737;702;643;124;646;688;709;697
1145,12,35,105;640;649;136;990;980;1000;978;976;985;94;634;713;680;656;743;602;614;674;719;692;668;736;364;739;703
1146,12,35,106;642;651;136;990;980;1000;978;976;985;94;634;713;680;656;743;602;614;674;719;692;668;736;364;739;703
1147,12,36,105;640;649;136;990;980;1000;978;976;985;94;634;713;680;656;743;602;614;674;719;692;668;737;702;643;124;646;688;708
1148,12,36,106;642;651;136;990;980;1000;978;976;985;94;634;713;680;656;743;602;614;674;719;692;668;737;702;643;124;646;688;708
1149,12,37,105;640;649;136;990;980;1000;978;976;985;94;634;713;680;656;743;601;7;752;758;818;764;784;826;831
1150,12,37,106;642;651;136;990;980;1000;978;976;985;94;634;713;680;656;743;601;7;752;758;818;764;784;826;831
1151,12,38,105;640;649;136;990;980;1000;978;976;985;93;574;590
1152,12,38,106;642;651;136;990;980;1000;978;976;985;93;574;590
1153,12,39,105;640;649;136;990;980;1000;978;976;985;94;634;713;680;656;743;601;7;752;758;818;764;784;826;831;286;1110;1096;1113
1154,12,39,106;642;651;136;990;980;1000;978;976;985;94;634;713;680;656;743;601;7;752;758;818;764;784;826;831;286;1110;1096;1113
1155,12,40,105;640;649;136;990;980;1000;978;976;985;94;634;713;680;656;742;374;745;604;616;676;720
1156,12,40,106;642;651;136;990;980;1000;978;976;985;94;634;713;680;656;742;374;745;604;616;676;720
1157,12,41,105;640;649;136;990;980;1000;978;976;985;94;634;713;680;656;742;372;597;587;583;576;592
1158,12,41,106;642;651;136;990;980;1000;978;976;985;94;634;713;680;656;742;372;597;587;583;576;592
1159,12,42,102;420;511;501
1160,12,42,103;422;513;503
1161,12,43,102;420;511;502;507
1162,12,43,103;422;513;504;508
1163,12,44,105;640;649;136;990;980;1000;978;976;986;1012;1010;992;1026;1004;998;988;1014;981;78;865;878;893
1164,12,44,106;642;651;136;990;980;1000;978;976;986;1012;1010;992;1026;1004;998;988;1014;981;78;865;878;893
1165,12,45,102;420;510
1166,12,45,103;422;512
1167,12,46,105;640;649;136;990;980;1000;978;976;986;1012;1010;992;1026;1004;998;988;1014;981;78;865;878;894;895
1168,12,46,106;642;651;136;990;980;1000;978;976;986;1012;1010;992;1026;1004;998;988;1014;981;78;865;878;894;895
1169,12,47,105;640;649;136;990;980;1000;978;976;986;1012;1010;992;1026;1004;998;988;1014;981;78;865;878;894;896;874;897
1170,12,47,106;642;651;136;990;980;1000;978;976;986;1012;1010;992;1026;1004;998;988;1014;981;78;865;878;894;896;874;897
1171,12,48,105;640;649;136;990;980;1000;978;976;985;94;634;713;680;656;743;602;614;674;719;692;668;736
1172,12,48,106;642;651;136;990;980;1000;978;976;985;94;634;713;680;656;743;602;614;674;719;692;668;736
1173,12,49,105;640;649;136;990;980;1000;978;976;985;94;634;713;680;656;742;372;597;587;583;576;593;570;572;594
1174,12,49,106;642;651;136;990;980;1000;978;976;985;94;634;713;680;656;742;372;597;587;583;576;593;570;572;594
1175,12,50,105;640;649;136;990;980;1000;978;976;985;94;634;713;680;656;742
1176,12,50,106;642;651;136;990;980;1000;978;976;985;94;634;713;680;656;742
1177,13,1,113;778;800;812;751
1178,13,1,114;780;802;814;753
1179,13,2,109;541;548;552;561;368;523;438;462;490;414;387
1180,13,2,109;541;548;552;561;369;525;440;464;492;416;389
1181,13,3,113;778;800;812;752;757
1182,13,3,114;780;802;814;754;759
1183,13,4,109;541;548;552;561;368;523;438;462;490;414;388;399
1184,13,4,109;541;548;552;561;369;525;440;464;492;416;390;401
1185,13,5,113;778;800;812;752;758;817;219;674;719;692;668;737;702;643;124;646;688;709;698;625
1186,13,5,114;780;802;814;754;760;819;219;674;719;692;668;737;702;643;124;646;688;709;698;625
1187,13,6,113;778;800;812;752;758;818;763
1188,13,6,114;780;802;814;754;760;820;765
1189,13,7,109;541;548;552;561;368;523;438;462;490;414;388;400;444;407
1190,13,7,109;541;548;552;561;369;525;440;464;492;416;390;402;446;409
1191,13,8,119;988;1014;981
1192,13,8,110;576;592;320;1014;981
1193,13,9,119;988;1014;982;1002;1016;1020;996;1024;1008;984
1194,13,9,119;988;1014;981;78;865;877;200;1002;1016;1020;996;1024;1008;984
1195,13,10,119;988;1014;981;74;570;571
1196,13,10,110;576;593;570;571
1197,13,11,109;541;548;552;562;546;554;556;538
1198,13,11,109;541;548;552;561;368;523;438;461;238;554;556;538
1199,13,12,109;541;548;552;561;368;523;438;462;490;414;388;400;444;408;432;419
1200,13,12,109;541;548;552;561;369;525;440;464;492;416;390;402;446;410;434;421
1201,13,14,113;778;800;812;752;758;817;219;674;719;692;668;737;702;643
1202,13,14,114;780;802;814;754;760;819;219;674;719;692;668;737;702;643
1203,13,15,109;541;548;552;561;368;523;438;462;490;414;388;400;444;408;431
1204,13,15,109;541;548;552;561;369;525;440;464;492;416;390;402;446;410;433
1205,13,16,113;778;800;812;752;758;818;764;783
1206,13,16,114;780;802;814;754;760;820;766;785
1207,13,17,113;778;800;812;752;758;818;764;784;826;831;286;1110;1095
1208,13,17,114;780;802;814;754;760;820;766;786;828;833;286;1110;1095
1209,13,18,119;988;1014;981;74;570;572;595;579
1210,13,18,110;576;593;570;572;595;579
1211,13,19,109;541;548;552;562;545
1212,13,19,109;541;548;552;561;368;523;437
1213,13,20,119;988;1014;981;78;865;878;894;896;873
1214,13,20,119;988;1014;982;1002;1016;1020;995
1215,13,21,109;541;547
1216,13,21,113;778;799
1217,13,22,109;541;548;552;561;368;523;438;462;490;414;388;400;443
1218,13,22,109;541;548;552;561;369;525;440;464;492;416;390;402;445
1219,13,23,119;988;1014;981;78;865;877
1220,13,23,119;988;1014;982;1001
1221,13,24,113;778;800;812;752;758;817;219;674;719;692;667
1222,13,24,114;780;802;814;754;760;819;219;674;719;692;667
1223,13,25,109;541;548;551
1224,13,25,113;778;800;811
1225,13,26,113;778;800;812;752;758;817
1226,13,26,114;780;802;814;754;760;819
1227,13,27,109;541;548;552;561;379;1074;1050;1057;1063;1040;1030;1034;1052;1038;1044;1042;1072;1067;1069;1055
1228,13,27,109;541;548;552;562;545;164;1050;1057;1063;1040;1030;1034;1052;1038;1044;1042;1072;1067;1069;1055
1229,13,28,119;988;1014;981;78;865;878;894;896;874;898;883
1230,13,28,119;988;1014;982;1002;1016;1020;996;1024;1007
1231,13,29,109;541;548;552;561;368;523;438;461
1232,13,29,109;541;548;552;561;369;525;440;463
1233,13,30,113;778;800;812;752;758;818;764;784;825
1234,13,30,114;780;802;814;754;760;820;766;786;827
1235,13,31,113;778;800;812;752;758;817;219;674;719;692;668;737;702;643;124;646;687
1236,13,31,114;780;802;814;754;760;819;219;674;719;692;668;737;702;643;124;646;687
1237,13,32,112;749;750
1238,13,33,113;778;800;812;752;758;817;219;674;719;691
1239,13,33,114;780;802;814;754;760;819;219;674;719;691
1240,13,34,113;778;800;812;752;758;817;219;674;719;692;668;737;702;643;124;646;688;709;697
1241,13,34,113;778;800;812;752;758;817;219;674;719;692;668;737;702;643;125;648;690;711;699
1242,13,35,113;778;800;812;752;758;817;219;674;719;692;668;736;364;739;703
1243,13,35,114;780;802;814;754;760;819;219;674;719;692;668;736;364;739;703
1244,13,36,113;778;800;812;752;758;817;219;674;719;692;668;737;702;643;124;646;688;708
1245,13,36,113;778;800;812;752;758;817;219;674;719;692;668;737;702;643;125;648;690;710
1246,13,37,113;778;800;812;752;758;818;764;784;826;831
1247,13,37,114;780;802;814;754;760;820;766;786;828;833
1248,13,38,109;541;548;552;561;368;523;438;462;489
1249,13,38,109;541;548;552;561;369;525;440;464;491
1250,13,39,113;778;800;812;752;758;818;764;784;826;831;286;1110;1096;1113
1251,13,39,114;780;802;814;754;760;820;766;786;828;833;286;1110;1096;1113
1252,13,40,113;778;800;812;752;758;817;219;674;718
1253,13,40,114;780;802;814;754;760;819;219;674;718
1254,13,41,110;576;592
1255,13,41,119;988;1013
1256,13,42,109;541;548;552;561;368;523;438;462;490;414;388;400;444;408;432;420;511;501
1257,13,42,109;541;548;552;561;369;525;440;464;492;416;390;402;446;410;434;422;513;503
1258,13,43,109;541;548;552;561;368;523;438;462;490;414;388;400;444;408;432;420;511;502;507
1259,13,43,109;541;548;552;561;369;525;440;464;492;416;390;402;446;410;434;422;513;504;508
1260,13,44,119;988;1014;981;78;865;878;893
1261,13,44,119;988;1014;982;1002;1015
1262,13,45,109;541;548;552;561;368;523;438;462;490;414;388;400;444;408;432;420;510
1263,13,45,109;541;548;552;561;369;525;440;464;492;416;390;402;446;410;434;422;512
1264,13,46,119;988;1014;981;78;865;878;894;895
1265,13,46,119;988;1014;982;1002;1016;1019
1266,13,47,119;988;1014;981;78;865;878;894;896;874;897
1267,13,47,119;988;1014;982;1002;1016;1020;996;1023
1268,13,48,113;778;800;812;752;758;817;219;674;719;692;668;736
1269,13,48,114;780;802;814;754;760;819;219;674;719;692;668;736
1270,13,49,119;988;1014;981;74;570;572;594
1271,13,49,110;576;593;570;572;594
1272,13,50,109;541;548;552;561
1273,13,50,113;778;800;811;207;552;561
1274,14,1,121;428;482;519;452;473;261;472;496;456;394;381
1275,14,1,121;428;482;519;452;473;263;476;500;460;398;385
1276,14,2,121;428;482;519;452;473;261;472;496;456;394;382;523;438;462;490;414;387
1277,14,2,121;428;482;519;452;473;263;476;500;460;398;386;527;442;466;494;418;391
1278,14,3,121;428;482;519;452;473;261;472;496;455;226;1054;1031
1279,14,3,121;428;482;519;452;473;263;476;500;459;226;1054;1031
1280,14,4,121;428;482;519;452;473;261;472;496;456;394;382;523;438;462;490;414;388;399
1281,14,4,121;428;482;519;452;473;263;476;500;460;398;386;527;442;466;494;418;392;403
1282,14,5,124;646;688;709;698;625
1283,14,5,125;648;690;711;700;626
1284,14,6,121;428;482;519;452;473;261;472;496;455;222;818;763
1285,14,6,121;428;482;519;452;473;263;476;500;459;222;818;763
1286,14,7,121;428;482;519;452;473;261;472;496;456;394;382;523;438;462;490;414;388;400;444;407
1287,14,7,121;428;482;519;452;473;263;476;500;460;398;386;527;442;466;494;418;392;404;448;411
1288,14,8,121;428;482;519;452;473;261;472;496;456;394;381;10;859;880;876;867;119;988;1014;981
1289,14,8,121;428;482;519;452;473;263;476;500;460;398;385;10;859;880;876;867;119;988;1014;981
1290,14,9,121;428;482;519;452;473;261;472;496;456;394;381;10;859;880;876;867;119;988;1014;982;1002;1016;1020;996;1024;1008;984
1291,14,9,121;428;482;519;452;473;263;476;500;460;398;385;10;859;880;876;867;119;988;1014;982;1002;1016;1020;996;1024;1008;984
1292,14,10,121;428;482;519;452;473;261;472;496;456;394;381;10;859;880;876;867;119;988;1014;981;74;570;571
1293,14,10,121;428;482;519;452;473;263;476;500;460;398;385;10;859;880;876;867;119;988;1014;981;74;570;571
1294,14,11,121;428;482;519;452;473;261;472;496;456;394;382;523;438;461;238;554;556;538
1295,14,11,121;428;482;519;452;473;263;476;500;460;398;386;527;442;465;238;554;556;538
1296,14,12,121;428;482;519;452;473;261;472;496;456;394;382;523;438;462;490;414;388;400;444;408;432;419
1297,14,12,121;428;482;519;452;473;263;476;500;460;398;386;527;442;466;494;418;392;404;448;412;436;423
1298,14,13,121;428;482;519;452;473;261;472;496;456;394;381;10;859;880;876;867
1299,14,13,121;428;482;519;452;473;263;476;500;460;398;385;10;859;880;876;867
1300,14,15,121;428;482;519;452;473;261;472;496;456;394;382;523;438;462;490;414;388;400;444;408;431
1301,14,15,121;428;482;519;452;473;263;476;500;460;398;386;527;442;466;494;418;392;404;448;412;435
1302,14,16,121;428;482;519;452;473;261;472;496;455;222;818;764;783
1303,14,16,121;428;482;519;452;473;263;476;500;459;222;818;764;783
1304,14,17,121;428;482;519;452;473;261;472;496;455;222;818;764;784;826;831;286;1110;1095
1305,14,17,121;428;482;519;452;473;263;476;500;459;222;818;764;784;826;831;286;1110;1095
1306,14,18,121;428;482;519;452;473;261;472;496;456;394;381;10;859;880;876;867;119;988;1014;981;74;570;572;595;579
1307,14,18,121;428;482;519;452;473;263;476;500;460;398;385;10;859;880;876;867;119;988;1014;981;74;570;572;595;579
1308,14,19,121;428;482;519;452;473;261;472;496;456;394;382;523;437
1309,14,19,121;428;482;519;452;473;263;476;500;460;398;386;527;441
1310,14,20,121;428;482;519;452;473;261;472;496;456;394;381;10;859;880;876;867;119;988;1014;981;78;865;878;894;896;873
1311,14,20,121;428;482;519;452;473;263;476;500;460;398;385;10;859;880;876;867;119;988;1014;981;78;865;878;894;896;873
1312,14,21,121;428;482;519;452;473;261;472;496;456;394;381;10;859;880;875
1313,14,21,121;428;482;519;452;473;263;476;500;460;398;385;10;859;880;875
1314,14,22,121;428;482;519;452;473;261;472;496;456;394;382;523;438;462;490;414;388;400;443
1315,14,22,121;428;482;519;452;473;263;476;500;460;398;386;527;442;466;494;418;392;404;447
1316,14,23,121;428;482;519;452;473;261;472;496;456;394;381;10;859;880;876;867;119;988;1014;981;78;865;877
1317,14,23,121;428;482;519;452;473;263;476;500;460;398;385;10;859;880;876;867;119;988;1014;981;78;865;877
1318,14,24,120;426;480;517;449
1319,14,24,121;428;482;519;451
1320,14,25,121;428;482;519;452;473;261;472;496;456;394;381;10;859;879
1321,14,25,121;428;482;519;452;473;263;476;500;460;398;385;10;859;879
1322,14,26,121;428;482;519;452;473;261;472;496;455
1323,14,26,121;428;482;519;452;473;263;476;500;459
1324,14,27,121;428;482;519;452;473;261;472;496;456;394;382;523;438;461;238;554;556;538;100;1040;1030;1034;1052;1038;1044;1042;1072;1067;1069;1055
1325,14,27,121;428;482;519;452;473;263;476;500;460;398;386;527;442;465;238;554;556;538;100;1040;1030;1034;1052;1038;1044;1042;1072;1067;1069;1055
1326,14,28,121;428;482;519;452;473;261;472;496;456;394;381;10;859;880;876;867;119;988;1014;981;78;865;878;894;896;874;898;883
1327,14,28,121;428;482;519;452;473;263;476;500;460;398;385;10;859;880;876;867;119;988;1014;981;78;865;878;894;896;874;898;883
1328,14,29,121;428;482;519;452;473;261;472;496;456;394;382;523;438;461
1329,14,29,121;428;482;519;452;473;263;476;500;460;398;386;527;442;465
1330,14,30,121;428;482;519;452;473;261;472;496;455;222;818;764;784;825
1331,14,30,121;428;482;519;452;473;263;476;500;459;222;818;764;784;825
1332,14,31,124;646;687
1333,14,31,125;648;689
1334,14,32,121;428;482;519;452;473;261;472;496;456;394;381;10;859;880;876;867;112;749;750
1335,14,32,121;428;482;519;452;473;263;476;500;460;398;385;10;859;880;876;867;112;749;750
1336,14,33,121;428;482;519;452;473
1337,14,33,120;426;479;271;482;519;452;473
1338,14,34,124;646;688;709;697
1339,14,34,125;648;690;711;699
1340,14,35,120;426;479
1341,14,35,121;428;481
1342,14,36,124;646;688;708
1343,14,36,125;648;690;710
1344,14,37,121;428;482;519;452;473;261;472;496;455;222;818;764;784;826;831
1345,14,37,121;428;482;519;452;473;263;476;500;459;222;818;764;784;826;831
1346,14,38,121;428;482;519;452;473;261;472;496;456;394;382;523;438;462;489
1347,14,38,121;428;482;519;452;473;263;476;500;460;398;386;527;442;466;493
1348,14,39,121;428;482;519;452;473;261;472;496;455;222;818;764;784;826;831;286;1110;1096;1113
1349,14,39,121;428;482;519;452;473;263;476;500;459;222;818;764;784;826;831;286;1110;1096;1113
1350,14,40,121;428;482;519;452;473;261;472;495
1351,14,40,121;428;482;519;452;473;263;476;499
1352,14,41,121;428;482;519;452;473;261;472;496;456;394;381;10;859;879;208;587;583;576;592
1353,14,41,121;428;482;519;452;473;263;476;500;460;398;385;10;859;879;208;587;583;576;592
1354,14,42,121;428;482;519;452;473;261;472;496;456;394;382;523;438;462;490;414;388;400;444;408;432;420;511;501
1355,14,42,121;428;482;519;452;473;263;476;500;460;398;386;527;442;466;494;418;392;404;448;412;436;424;515;505
1356,14,43,121;428;482;519;452;473;261;472;496;456;394;382;523;438;462;490;414;388;400;444;408;432;420;511;502;507
1357,14,43,121;428;482;519;452;473;263;476;500;460;398;386;527;442;466;494;418;392;404;448;412;436;424;515;506;509
1358,14,44,121;428;482;519;452;473;261;472;496;456;394;381;10;859;880;876;867;119;988;1014;981;78;865;878;893
1359,14,44,121;428;482;519;452;473;263;476;500;460;398;385;10;859;880;876;867;119;988;1014;981;78;865;878;893
1360,14,45,121;428;482;519;452;473;261;472;496;456;394;382;523;438;462;490;414;388;400;444;408;432;420;510
1361,14,45,121;428;482;519;452;473;263;476;500;460;398;386;527;442;466;494;418;392;404;448;412;436;424;514
1362,14,46,121;428;482;519;452;473;261;472;496;456;394;381;10;859;880;876;867;119;988;1014;981;78;865;878;894;895
1363,14,46,121;428;482;519;452;473;263;476;500;460;398;385;10;859;880;876;867;119;988;1014;981;78;865;878;894;895
1364,14,47,121;428;482;519;452;473;261;472;496;456;394;381;10;859;880;876;867;119;988;1014;981;78;865;878;894;896;874;897
1365,14,47,121;428;482;519;452;473;263;476;500;460;398;385;10;859;880;876;867;119;988;1014;981;78;865;878;894;896;874;897
1366,14,48,120;426;480;516
1367,14,48,121;428;482;518
1368,14,49,121;428;482;519;452;473;261;472;496;456;394;381;10;859;880;876;867;119;988;1014;981;74;570;572;594
1369,14,49,121;428;482;519;452;473;263;476;500;460;398;385;10;859;880;876;867;119;988;1014;981;74;570;572;594
1370,14,50,121;428;482;519;452;473;261;472;496;456;394;382;522
1371,14,50,121;428;482;519;452;473;263;476;500;460;398;386;526
1372,15,1,136;990;980;1000;978;976;985;94;634;713;680;656;743;601
1373,15,1,136;990;980;1000;978;976;985;93;574;590;299;1112;1105;240;680;656;743;601
1374,15,2,136;990;980;999;185;585;566;563
1375,15,2,136;990;980;999;187;664;622;609
1376,15,3,136;990;980;1000;978;976;985;94;634;713;680;656;742;374;745;604;615
1377,15,3,136;990;980;1000;978;976;985;94;634;713;680;656;742;375;747;606;617
1378,15,4,136;990;980;999;185;585;565
1379,15,4,136;990;980;999;187;664;621
1380,15,5,136;990;980;1000;978;976;985;94;634;713;680;656;743;602;614;674;719;692;668;737;702;643;124;646;688;709;698;625
1381,15,5,136;990;980;1000;978;976;985;94;634;713;680;656;743;602;614;674;719;692;668;737;702;643;125;648;690;711;700;626
1382,15,6,136;990;980;1000;978;976;985;94;634;713;680;656;742;380;1122;1076;1080;1102;1083
1383,15,6,136;990;980;1000;978;976;985;94;634;713;680;656;743;601;7;752;758;818;763
1384,15,7,130;578;567
1385,15,7,136;990;979
1386,15,8,136;990;980;1000;978;976;986;1012;1010;992;1026;1004;998;988;1014;981
1387,15,8,136;990;980;1000;978;976;985;93;574;590;299;1112;1105;245;1010;992;1026;1004;998;988;1014;981
1388,15,9,136;990;980;1000;978;976;986;1012;1010;992;1026;1004;998;988;1014;982;1002;1016;1020;996;1024;1008;984
1389,15,9,136;990;980;1000;978;976;985;93;574;590;299;1112;1105;245;1010;992;1026;1004;998;988;1014;982;1002;1016;1020;996;1024;1008;984
1390,15,10,136;990;980;1000;978;976;985;94;634;713;680;656;742;372;597;587;583;576;593;570;571
1391,15,10,136;990;980;1000;978;976;985;94;634;713;680;655;157;581;597;587;583;576;593;570;571
1392,15,11,136;990;980;1000;978;976;985
1393,15,11,136;990;980;999;185;585;566;563;23;976;985
1394,15,12,126;432;419
1395,15,12,127;434;421
1396,15,13,136;990;980;1000;978;976;985;94;634;713;680;656;742;372;597;587;583;575
1397,15,13,136;990;980;1000;978;976;985;94;634;713;680;655;157;581;597;587;583;575
1398,15,14,136;990;980;1000;978;976;985;94;634;713;680;656;743;602;614;674;719;692;668;737;702;643
1399,15,14,136;990;980;1000;978;976;985;94;634;713;680;656;743;602;614;674;719;692;668;736;364;739;703;273;702;643
1400,15,16,136;990;980;1000;978;976;985;94;634;713;680;656;742;380;1122;1076;1080;1102;1084;1093
1401,15,16,136;990;980;1000;978;976;985;94;634;713;680;656;743;601;7;752;758;818;764;783
1402,15,17,136;990;980;1000;978;976;985;94;634;713;680;656;743;601;7;752;758;818;764;784;826;831;286;1110;1095
1403,15,17,136;990;980;1000;978;976;985;94;634;713;680;656;743;601;8;754;760;820;766;786;828;833;286;1110;1095
1404,15,18,136;990;980;1000;978;976;985;94;634;713;680;656;742;372;597;587;583;576;593;570;572;595;579
1405,15,18,136;990;980;1000;978;976;985;94;634;713;680;655;157;581;597;587;583;576;593;570;572;595;579
1406,15,19,136;990;980;1000;978;976;985;94;634;713;680;655
1407,15,19,136;990;980;1000;978;976;986;1012;1010;991
1408,15,20,136;990;980;1000;978;976;986;1012;1010;992;1026;1004;998;988;1014;981;78;865;878;894;896;873
1409,15,20,136;990;980;1000;978;976;986;1012;1010;992;1026;1004;998;988;1014;982;1002;1016;1020;995
1410,15,21,136;990;980;1000;978;976;986;1012;1010;992;1026;1004;997
1411,15,21,136;990;980;1000;978;976;985;93;574;590;299;1112;1105;245;1010;992;1026;1004;997
1412,15,22,136;990;980;999
1413,15,22,130;578;567;65;628;661
1414,15,23,136;990;980;1000;978;976;986;1012;1010;992;1026;1004;998;988;1014;981;78;865;877
1415,15,23,136;990;980;1000;978;976;986;1012;1010;992;1026;1004;998;988;1014;982;1001
1416,15,24,136;990;980;1000;978;976;985;94;634;713;680;656;742;374;745;604;616;676;721;694;669
1417,15,24,136;990;980;1000;978;976;985;94;634;713;680;656;742;375;747;606;618;678;723;696;671
1418,15,25,136;990;980;1000;978;976;986;1012;1010;992;1026;1003
1419,15,25,136;990;980;1000;978;976;985;93;574;590;299;1112;1105;245;1010;992;1026;1003
1420,15,26,136;990;980;1000;978;976;985;94;634;713;680;656;742;374;745;604;616;675
1421,15,26,136;990;980;1000;978;976;985;94;634;713;680;656;742;375;747;606;618;677
1422,15,27,137;1044;1042;1072;1067;1069;1055
1423,15,27,126;432;419;107;1042;1072;1067;1069;1055
1424,15,28,136;990;980;1000;978;976;986;1012;1010;992;1026;1004;998;988;1014;981;78;865;878;894;896;874;898;883
1425,15,28,136;990;980;1000;978;976;986;1012;1010;992;1026;1004;998;988;1014;982;1002;1016;1020;996;1024;1007
1426,15,29,136;990;980;1000;978;976;985;93;574;590;299;1112;1105
1427,15,29,136;990;980;1000;978;976;985;94;634;712;299;1112;1105
1428,15,30,136;990;980;1000;978;976;985;94;634;713;680;656;742;380;1122;1076;1080;1102;1084;1094;1107
1429,15,30,136;990;980;1000;978;976;985;94;634;713;680;656;743;601;7;752;758;818;764;784;825
1430,15,31,136;990;980;1000;978;976;985;94;634;713;680;656;743;602;614;674;719;692;668;737;702;643;124;646;687
1431,15,31,136;990;980;1000;978;976;985;94;634;713;680;656;743;602;614;674;719;692;668;737;702;643;125;648;689
1432,15,32,136;990;980;1000;978;976;985;94;634;713;680;656;742;372;597;587;583;575;112;749;750
1433,15,32,136;990;980;1000;978;976;985;94;634;713;680;655;157;581;597;587;583;575;112;749;750
1434,15,33,136;990;980;1000;978;976;985;94;634;713;680;656;742;374;745;604;616;676;721;693
1435,15,33,136;990;980;1000;978;976;985;94;634;713;680;656;742;375;747;606;618;678;723;695
1436,15,34,136;990;980;1000;978;976;985;94;634;713;680;656;743;602;614;674;719;692;668;737;702;643;124;646;688;709;697
1437,15,34,136;990;980;1000;978;976;985;94;634;713;680;656;743;602;614;674;719;692;668;737;702;643;125;648;690;711;699
1438,15,35,136;990;980;1000;978;976;985;94;634;713;680;656;743;602;614;674;719;692;668;736;364;739;703
1439,15,35,136;990;980;1000;978;976;985;94;634;713;680;656;743;602;614;674;719;692;668;736;365;741;705
1440,15,36,136;990;980;1000;978;976;985;94;634;713;680;656;743;602;614;674;719;692;668;737;702;643;124;646;688;708
1441,15,36,136;990;980;1000;978;976;985;94;634;713;680;656;743;602;614;674;719;692;668;737;702;643;125;648;690;710
1442,15,37,136;990;980;1000;978;976;985;94;634;713;680;656;743;601;7;752;758;818;764;784;826;831
1443,15,37,136;990;980;1000;978;976;985;94;634;713;680;656;743;601;8;754;760;820;766;786;828;833
1444,15,38,136;990;980;1000;978;976;985;93;574;590
1445,15,38,136;990;980;1000;978;976;985;94;634;712
1446,15,39,136;990;980;1000;978;976;985;94;634;713;680;656;743;601;7;752;758;818;764;784;826;831;286;1110;1096;1113
1447,15,39,136;990;980;1000;978;976;985;94;634;713;680;656;743;601;8;754;760;820;766;786;828;833;286;1110;1096;1113
1448,15,40,136;990;980;1000;978;976;985;94;634;713;680;656;742;374;745;604;616;676;720
1449,15,40,136;990;980;1000;978;976;985;94;634;713;680;656;742;375;747;606;618;678;722
1450,15,41,136;990;980;1000;978;976;985;94;634;713;680;656;742;372;597;587;583;576;592
1451,15,41,136;990;980;1000;978;976;985;94;634;713;680;655;157;581;597;587;583;576;592
1452,15,42,126;432;420;511;501
1453,15,42,127;434;422;513;503
1454,15,43,126;432;420;511;502;507
1455,15,43,127;434;422;513;504;508
1456,15,44,136;990;980;1000;978;976;986;1012;1010;992;1026;1004;998;988;1014;981;78;865;878;893
1457,15,44,136;990;980;1000;978;976;986;1012;1010;992;1026;1004;998;988;1014;982;1002;1015
1458,15,45,126;432;420;510
1459,15,45,127;434;422;512
1460,15,46,136;990;980;1000;978;976;986;1012;1010;992;1026;1004;998;988;1014;981;78;865;878;894;895
1461,15,46,136;990;980;1000;978;976;986;1012;1010;992;1026;1004;998;988;1014;982;1002;1016;1019
1462,15,47,136;990;980;1000;978;976;986;1012;1010;992;1026;1004;998;988;1014;981;78;865;878;894;896;874;897
1463,15,47,136;990;980;1000;978;976;986;1012;1010;992;1026;1004;998;988;1014;982;1002;1016;1020;996;1023
1464,15,48,136;990;980;1000;978;976;985;94;634;713;680;656;743;602;614;674;719;692;668;736
1465,15,48,136;990;980;1000;978;976;985;94;634;713;680;656;742;374;745;604;616;676;721;694;669;204;668;736
1466,15,49,136;990;980;1000;978;976;985;94;634;713;680;656;742;372;597;587;583;576;593;570;572;594
1467,15,49,136;990;980;1000;978;976;985;94;634;713;680;655;157;581;597;587;583;576;593;570;572;594
1468,15,50,136;990;980;1000;978;976;985;94;634;713;680;656;742
1469,15,50,136;990;980;1000;978;976;986;1012;1010;992;1025
1470,16,1,142;870;863;881;226;1054;1031;26;394;381
1471,16,1,142;870;863;881;226;1054;1031;27;396;383
1472,16,2,142;870;863;881;226;1054;1031;26;394;382;523;438;462;490;414;387
1473,16,2,142;870;863;881;226;1054;1031;27;396;384;525;440;464;492;416;389
1474,16,3,142;870;863;881;226;1054;1031
1475,16,3,143;1046;1036;1054;1031
1476,16,4,142;870;863;881;226;1054;1031;26;394;382;523;438;462;490;414;388;399
1477,16,4,142;870;863;881;226;1054;1031;27;396;384;525;440;464;492;416;390;401
1478,16,5,142;870;863;881;219;674;719;692;668;737;702;643;124;646;688;709;698;625
1479,16,5,142;870;863;881;219;674;719;692;668;737;702;643;125;648;690;711;700;626
1480,16,6,142;870;862
1481,16,6,143;1046;1035
1482,16,7,142;870;863;881;226;1054;1031;26;394;382;523;438;462;490;414;388;400;444;407
1483,16,7,142;870;863;881;226;1054;1031;27;396;384;525;440;464;492;416;390;402;446;409
1484,16,8,142;870;863;881;226;1054;1031;26;394;381;10;859;880;876;867;119;988;1014;981
1485,16,8,142;870;863;881;226;1054;1031;27;396;383;10;859;880;876;867;119;988;1014;981
1486,16,9,142;870;863;881;226;1054;1031;26;394;381;10;859;880;876;867;119;988;1014;982;1002;1016;1020;996;1024;1008;984
1487,16,9,142;870;863;881;226;1054;1031;27;396;383;10;859;880;876;867;119;988;1014;982;1002;1016;1020;996;1024;1008;984
1488,16,10,142;870;863;881;226;1054;1031;26;394;381;10;859;880;876;867;119;988;1014;981;74;570;571
1489,16,10,142;870;863;881;226;1054;1031;27;396;383;10;859;880;876;867;119;988;1014;981;74;570;571
1490,16,11,142;870;863;881;226;1054;1031;26;394;382;523;438;461;238;554;556;538
1491,16,11,142;870;863;881;226;1054;1031;27;396;384;525;440;463;238;554;556;538
1492,16,12,142;870;863;881;226;1054;1031;26;394;382;523;438;462;490;414;388;400;444;408;432;419
1493,16,12,142;870;863;881;226;1054;1031;27;396;384;525;440;464;492;416;390;402;446;410;434;421
1494,16,13,142;870;863;881;226;1054;1031;26;394;381;10;859;880;876;867
1495,16,13,142;870;863;881;226;1054;1031;27;396;383;10;859;880;876;867
1496,16,14,142;870;863;881;219;674;719;692;668;737;702;643
1497,16,14,142;870;863;881;219;674;719;692;668;736;364;739;703;273;702;643
1498,16,15,142;870;863;881;226;1054;1031;26;394;382;523;438;462;490;414;388;400;444;408;431
1499,16,15,142;870;863;881;226;1054;1031;27;396;384;525;440;464;492;416;390;402;446;410;433
1500,16,17,139;784;826;831;286;1110;1095
1501,16,17,140;786;828;833;286;1110;1095
1502,16,18,142;870;863;881;226;1054;1031;26;394;381;10;859;880;876;867;119;988;1014;981;74;570;572;595;579
1503,16,18,142;870;863;881;226;1054;1031;27;396;383;10;859;880;876;867;119;988;1014;981;74;570;572;595;579
1504,16,19,142;870;863;881;226;1054;1031;26;394;382;523;437
1505,16,19,142;870;863;881;226;1054;1031;27;396;384;525;439
1506,16,20,142;870;863;881;226;1054;1031;26;394;381;10;859;880;876;867;119;988;1014;981;78;865;878;894;896;873
1507,16,20,142;870;863;881;226;1054;1031;27;396;383;10;859;880;876;867;119;988;1014;981;78;865;878;894;896;873
1508,16,21,142;870;863;881;226;1054;1031;26;394;381;10;859;880;875
1509,16,21,142;870;863;881;226;1054;1031;27;396;383;10;859;880;875
1510,16,22,142;870;863;881;226;1054;1031;26;394;382;523;438;462;490;414;388;400;443
1511,16,22,142;870;863;881;226;1054;1031;27;396;384;525;440;464;492;416;390;402;445
1512,16,23,142;870;863;881;226;1054;1031;26;394;381;10;859;880;876;867;119;988;1014;981;78;865;877
1513,16,23,142;870;863;881;226;1054;1031;27;396;383;10;859;880;876;867;119;988;1014;981;78;865;877
1514,16,24,142;870;863;881;219;674;719;692;667
1515,16,24,142;870;863;881;220;676;721;694;669
1516,16,25,142;870;863;881;226;1054;1031;26;394;381;10;859;879
1517,16,25,142;870;863;881;226;1054;1031;27;396;383;10;859;879
1518,16,26,142;870;863;881
1519,16,26,143;1046;1035;57;863;881
1520,16,27,142;870;863;881;226;1054;1032;1028;1074;1050;1057;1063;1040;1030;1034;1052;1038;1044;1042;1072;1067;1069;1055
1521,16,27,143;1046;1036;1054;1032;1028;1074;1050;1057;1063;1040;1030;1034;1052;1038;1044;1042;1072;1067;1069;1055
1522,16,28,142;870;863;881;226;1054;1031;26;394;381;10;859;880;876;867;119;988;1014;981;78;865;878;894;896;874;898;883
1523,16,28,142;870;863;881;226;1054;1031;27;396;383;10;859;880;876;867;119;988;1014;981;78;865;878;894;896;874;898;883
1524,16,29,142;870;863;881;226;1054;1031;26;394;382;523;438;461
1525,16,29,142;870;863;881;226;1054;1031;27;396;384;525;440;463
1526,16,30,139;784;825
1527,16,30,140;786;827
1528,16,31,142;870;863;881;219;674;719;692;668;737;702;643;124;646;687
1529,16,31,142;870;863;881;219;674;719;692;668;737;702;643;125;648;689
1530,16,32,142;870;863;881;226;1054;1031;26;394;381;10;859;880;876;867;112;749;750
1531,16,32,142;870;863;881;226;1054;1031;27;396;383;10;859;880;876;867;112;749;750
1532,16,33,142;870;863;881;219;674;719;691
1533,16,33,142;870;863;881;220;676;721;693
1534,16,34,142;870;863;881;219;674;719;692;668;737;702;643;124;646;688;709;697
1535,16,34,142;870;863;881;219;674;719;692;668;737;702;643;125;648;690;711;699
1536,16,35,142;870;863;881;219;674;719;692;668;736;364;739;703
1537,16,35,142;870;863;881;219;674;719;692;668;736;365;741;705
1538,16,36,142;870;863;881;219;674;719;692;668;737;702;643;124;646;688;708
1539,16,36,142;870;863;881;219;674;719;692;668;737;702;643;125;648;690;710
1540,16,37,139;784;826;831
1541,16,37,140;786;828;833
1542,16,38,142;870;863;881;226;1054;1031;26;394;382;523;438;462;489
1543,16,38,142;870;863;881;226;1054;1031;27;396;384;525;440;464;491
1544,16,39,139;784;826;831;286;1110;1096;1113
1545,16,39,140;786;828;833;286;1110;1096;1113
1546,16,40,142;870;863;881;219;674;718
1547,16,40,142;870;863;881;220;676;720
1548,16,41,142;870;863;881;226;1054;1031;26;394;381;10;859;879;208;587;583;576;592
1549,16,41,142;870;863;881;226;1054;1031;27;396;383;10;859;879;208;587;583;576;592
1550,16,42,142;870;863;881;226;1054;1031;26;394;382;523;438;462;490;414;388;400;444;408;432;420;511;501
1551,16,42,142;870;863;881;226;1054;1031;27;396;384;525;440;464;492;416;390;402;446;410;434;422;513;503
1552,16,43,142;870;863;881;226;1054;1031;26;394;382;523;438;462;490;414;388;400;444;408;432;420;511;502;507
1553,16,43,142;870;863;881;226;1054;1031;27;396;384;525;440;464;492;416;390;402;446;410;434;422;513;504;508
1554,16,44,142;870;863;881;226;1054;1031;26;394;381;10;859;880;876;867;119;988;1014;981;78;865;878;893
1555,16,44,142;870;863;881;226;1054;1031;27;396;383;10;859;880;876;867;119;988;1014;981;78;865;878;893
1556,16,45,142;870;863;881;226;1054;1031;26;394;382;523;438;462;490;414;388;400;444;408;432;420;510
1557,16,45,142;870;863;881;226;1054;1031;27;396;384;525;440;464;492;416;390;402;446;410;434;422;512
1558,16,46,142;870;863;881;226;1054;1031;26;394;381;10;859;880;876;867;119;988;1014;981;78;865;878;894;895
1559,16,46,142;870;863;881;226;1054;1031;27;396;383;10;859;880;876;867;119;988;1014;981;78;865;878;894;895
1560,16,47,142;870;863;881;226;1054;1031;26;394;381;10;859;880;876;867;119;988;1014;981;78;865;878;894;896;874;897
1561,16,47,142;870;863;881;226;1054;1031;27;396;383;10;859;880;876;867;119;988;1014;981;78;865;878;894;896;874;897
1562,16,48,142;870;863;881;219;674;719;692;668;736
1563,16,48,142;870;863;881;220;676;721;694;669;204;668;736
1564,16,49,142;870;863;881;226;1054;1031;26;394;381;10;859;880;876;867;119;988;1014;981;74;570;572;594
1565,16,49,142;870;863;881;226;1054;1031;27;396;383;10;859;880;876;867;119;988;1014;981;74;570;572;594
1566,16,50,142;870;863;881;226;1054;1031;26;394;382;522
1567,16,50,142;870;863;881;226;1054;1031;27;396;384;524
1568,17,1,148;872;888;885;252;1059;1046;1036;1054;1031;26;394;381
1569,17,1,148;872;888;885;252;1059;1046;1036;1054;1031;27;396;383
1570,17,2,148;872;888;885;252;1059;1046;1036;1054;1031;26;394;382;523;438;462;490;414;387
1571,17,2,148;872;888;885;252;1059;1046;1036;1054;1031;27;396;384;525;440;464;492;416;389
1572,17,3,148;872;888;885;252;1059;1046;1036;1054;1031
1573,17,3,148;872;888;886;870;863;881;226;1054;1031
1574,17,4,148;872;888;885;252;1059;1046;1036;1054;1031;26;394;382;523;438;462;490;414;388;399
1575,17,4,148;872;888;885;252;1059;1046;1036;1054;1031;27;396;384;525;440;464;492;416;390;401
1576,17,5,148;872;888;886;870;863;881;219;674;719;692;668;737;702;643;124;646;688;709;698;625
1577,17,5,148;872;888;886;870;863;881;219;674;719;692;668;737;702;643;125;648;690;711;700;626
1578,17,6,148;872;888;885;252;1059;1046;1035
1579,17,6,148;872;888;886;870;862
1580,17,7,148;872;888;885;252;1059;1046;1036;1054;1031;26;394;382;523;438;462;490;414;388;400;444;407
1581,17,7,148;872;888;885;252;1059;1046;1036;1054;1031;27;396;384;525;440;464;492;416;390;402;446;409
1582,17,8,148;872;888;885;252;1059;1046;1036;1054;1031;26;394;381;10;859;880;876;867;119;988;1014;981
1583,17,8,148;872;888;885;252;1059;1046;1036;1054;1031;27;396;383;10;859;880;876;867;119;988;1014;981
1584,17,9,148;872;888;885;252;1059;1046;1036;1054;1031;26;394;381;10;859;880;876;867;119;988;1014;982;1002;1016;1020;996;1024;1008;984
1585,17,9,148;872;888;885;252;1059;1046;1036;1054;1031;27;396;383;10;859;880;876;867;119;988;1014;982;1002;1016;1020;996;1024;1008;984
1586,17,10,148;872;888;885;252;1059;1046;1036;1054;1031;26;394;381;10;859;880;876;867;119;988;1014;981;74;570;571
1587,17,10,148;872;888;885;252;1059;1046;1036;1054;1031;27;396;383;10;859;880;876;867;119;988;1014;981;74;570;571
1588,17,11,148;872;888;885;252;1059;1046;1036;1054;1031;26;394;382;523;438;461;238;554;556;538
1589,17,11,148;872;888;885;252;1059;1046;1036;1054;1031;27;396;384;525;440;463;238;554;556;538
1590,17,12,148;872;888;885;252;1059;1046;1036;1054;1031;26;394;382;523;438;462;490;414;388;400;444;408;432;419
1591,17,12,148;872;888;885;252;1059;1046;1036;1054;1031;27;396;384;525;440;464;492;416;390;402;446;410;434;421
1592,17,13,148;872;888;885;252;1059;1046;1036;1054;1031;26;394;381;10;859;880;876;867
1593,17,13,148;872;888;885;252;1059;1046;1036;1054;1031;27;396;383;10;859;880;876;867
1594,17,14,148;872;888;886;870;863;881;219;674;719;692;668;737;702;643
1595,17,14,148;872;888;886;870;863;881;219;674;719;692;668;736;364;739;703;273;702;643
1596,17,15,148;872;888;885;252;1059;1046;1036;1054;1031;26;394;382;523;438;462;490;414;388;400;444;408;431
1597,17,15,148;872;888;885;252;1059;1046;1036;1054;1031;27;396;384;525;440;464;492;416;390;402;446;410;433
1598,17,16,148;872;888;885;252;1059;1045
1599,17,16,148;872;888;886;869
1600,17,18,148;872;888;885;252;1059;1046;1036;1054;1031;26;394;381;10;859;880;876;867;119;988;1014;981;74;570;572;595;579
1601,17,18,148;872;888;885;252;1059;1046;1036;1054;1031;27;396;383;10;859;880;876;867;119;988;1014;981;74;570;572;595;579
1602,17,19,148;872;888;885;252;1059;1046;1036;1054;1031;26;394;382;523;437
1603,17,19,148;872;888;885;252;1059;1046;1036;1054;1031;27;396;384;525;439
1604,17,20,148;872;888;885;252;1059;1046;1036;1054;1031;26;394;381;10;859;880;876;867;119;988;1014;981;78;865;878;894;896;873
1605,17,20,148;872;888;885;252;1059;1046;1036;1054;1031;27;396;383;10;859;880;876;867;119;988;1014;981;78;865;878;894;896;873
1606,17,21,148;872;888;885;252;1059;1046;1036;1054;1031;26;394;381;10;859;880;875
1607,17,21,148;872;888;885;252;1059;1046;1036;1054;1031;27;396;383;10;859;880;875
1608,17,22,148;872;888;885;252;1059;1046;1036;1054;1031;26;394;382;523;438;462;490;414;388;400;443
1609,17,22,148;872;888;885;252;1059;1046;1036;1054;1031;27;396;384;525;440;464;492;416;390;402;445
1610,17,23,148;872;888;885;252;1059;1046;1036;1054;1031;26;394;381;10;859;880;876;867;119;988;1014;981;78;865;877
1611,17,23,148;872;888;885;252;1059;1046;1036;1054;1031;27;396;383;10;859;880;876;867;119;988;1014;981;78;865;877
1612,17,24,148;872;888;886;870;863;881;219;674;719;692;667
1613,17,24,148;872;888;886;870;863;881;220;676;721;694;669
1614,17,25,148;872;888;885;252;1059;1046;1036;1054;1031;26;394;381;10;859;879
1615,17,25,148;872;888;885;252;1059;1046;1036;1054;1031;27;396;383;10;859;879
1616,17,26,148;872;888;886;870;863;881
1617,17,26,148;872;888;885;252;1059;1045;142;870;863;881
1618,17,27,148;872;888;885;252;1059;1046;1036;1054;1032;1028;1074;1050;1057;1063;1040;1030;1034;1052;1038;1044;1042;1072;1067;1069;1055
1619,17,27,148;872;888;886;870;863;881;226;1054;1032;1028;1074;1050;1057;1063;1040;1030;1034;1052;1038;1044;1042;1072;1067;1069;1055
1620,17,28,148;872;888;885;252;1059;1046;1036;1054;1031;26;394;381;10;859;880;876;867;119;988;1014;981;78;865;878;894;896;874;898;883
1621,17,28,148;872;888;885;252;1059;1046;1036;1054;1031;27;396;383;10;859;880;876;867;119;988;1014;981;78;865;878;894;896;874;898;883
1622,17,29,148;872;888;885;252;1059;1046;1036;1054;1031;26;394;382;523;438;461
1623,17,29,148;872;888;885;252;1059;1046;1036;1054;1031;27;396;384;525;440;463
1624,17,30,148;872;888;885
1625,17,30,149;1048;1060;284;888;885
1626,17,31,148;872;888;886;870;863;881;219;674;719;692;668;737;702;643;124;646;687
1627,17,31,148;872;888;886;870;863;881;219;674;719;692;668;737;702;643;125;648;689
1628,17,32,148;872;888;885;252;1059;1046;1036;1054;1031;26;394;381;10;859;880;876;867;112;749;750
1629,17,32,148;872;888;885;252;1059;1046;1036;1054;1031;27;396;383;10;859;880;876;867;112;749;750
1630,17,33,148;872;888;886;870;863;881;219;674;719;691
1631,17,33,148;872;888;886;870;863;881;220;676;721;693
1632,17,34,148;872;888;886;870;863;881;219;674;719;692;668;737;702;643;124;646;688;709;697
1633,17,34,148;872;888;886;870;863;881;219;674;719;692;668;737;702;643;125;648;690;711;699
1634,17,35,148;872;888;886;870;863;881;219;674;719;692;668;736;364;739;703
1635,17,35,148;872;888;886;870;863;881;219;674;719;692;668;736;365;741;705
1636,17,36,148;872;888;886;870;863;881;219;674;719;692;668;737;702;643;124;646;688;708
1637,17,36,148;872;888;886;870;863;881;219;674;719;692;668;737;702;643;125;648;690;710
1638,17,37,148;872;887
1639,17,37,149;1048;1060
1640,17,38,148;872;888;885;252;1059;1046;1036;1054;1031;26;394;382;523;438;462;489
1641,17,38,148;872;888;885;252;1059;1046;1036;1054;1031;27;396;384;525;440;464;491
1642,17,39,145;790;837
1643,17,39,146;792;838
1644,17,40,148;872;888;886;870;863;881;219;674;718
1645,17,40,148;872;888;886;870;863;881;220;676;720
1646,17,41,148;872;888;885;252;1059;1046;1036;1054;1031;26;394;381;10;859;879;208;587;583;576;592
1647,17,41,148;872;888;885;252;1059;1046;1036;1054;1031;27;396;383;10;859;879;208;587;583;576;592
1648,17,42,148;872;888;885;252;1059;1046;1036;1054;1031;26;394;382;523;438;462;490;414;388;400;444;408;432;420;511;501
1649,17,42,148;872;888;885;252;1059;1046;1036;1054;1031;27;396;384;525;440;464;492;416;390;402;446;410;434;422;513;503
1650,17,43,148;872;888;885;252;1059;1046;1036;1054;1031;26;394;382;523;438;462;490;414;388;400;444;408;432;420;511;502;507
1651,17,43,148;872;888;885;252;1059;1046;1036;1054;1031;27;396;384;525;440;464;492;416;390;402;446;410;434;422;513;504;508
1652,17,44,148;872;888;885;252;1059;1046;1036;1054;1031;26;394;381;10;859;880;876;867;119;988;1014;981;78;865;878;893
1653,17,44,148;872;888;885;252;1059;1046;1036;1054;1031;27;396;383;10;859;880;876;867;119;988;1014;981;78;865;878;893
1654,17,45,148;872;888;885;252;1059;1046;1036;1054;1031;26;394;382;523;438;462;490;414;388;400;444;408;432;420;510
1655,17,45,148;872;888;885;252;1059;1046;1036;1054;1031;27;396;384;525;440;464;492;416;390;402;446;410;434;422;512
1656,17,46,148;872;888;885;252;1059;1046;1036;1054;1031;26;394;381;10;859;880;876;867;119;988;1014;981;78;865;878;894;895
1657,17,46,148;872;888;885;252;1059;1046;1036;1054;1031;27;396;383;10;859;880;876;867;119;988;1014;981;78;865;878;894;895
1658,17,47,148;872;888;885;252;1059;1046;1036;1054;1031;26;394;381;10;859;880;876;867;119;988;1014;981;78;865;878;894;896;874;897
1659,17,47,148;872;888;885;252;1059;1046;1036;1054;1031;27;396;383;10;859;880;876;867;119;988;1014;981;78;865;878;894;896;874;897
1660,17,48,148;872;888;886;870;863;881;219;674;719;692;668;736
1661,17,48,148;872;888;885;252;1059;1045;142;870;863;881;219;674;719;692;668;736
1662,17,49,148;872;888;885;252;1059;1046;1036;1054;1031;26;394;381;10;859;880;876;867;119;988;1014;981;74;570;572;594
1663,17,49,148;872;888;885;252;1059;1046;1036;1054;1031;27;396;383;10;859;880;876;867;119;988;1014;981;74;570;572;594
1664,17,50,148;872;888;885;252;1059;1046;1036;1054;1031;26;394;382;522
1665,17,50,148;872;888;885;252;1059;1046;1036;1054;1031;27;396;384;524
1666,18,1,151;544;560;537;534;75;770;841;778;800;812;751
1667,18,1,151;544;560;537;534;76;772;843;780;802;814;753
1668,18,2,151;544;560;537;535;558;541;548;552;561;368;523;438;462;490;414;387
1669,18,2,151;544;560;537;535;558;541;548;552;561;369;525;440;464;492;416;389
1670,18,3,151;544;560;537;534;75;770;841;778;800;812;752;757
1671,18,3,151;544;560;537;534;76;772;843;780;802;814;754;759
1672,18,4,151;544;560;537;535;558;541;548;552;561;368;523;438;462;490;414;388;399
1673,18,4,151;544;560;537;535;558;541;548;552;561;369;525;440;464;492;416;390;401
1674,18,5,151;544;560;537;534;75;770;841;778;800;812;752;758;817;219;674;719;692;668;737;702;643;124;646;688;709;698;625
1675,18,5,151;544;560;537;534;75;770;841;778;800;812;752;758;817;219;674;719;692;668;737;702;643;125;648;690;711;700;626
1676,18,6,151;544;560;537;534;75;770;841;778;800;812;752;758;818;763
1677,18,6,151;544;560;537;534;76;772;843;780;802;814;754;760;820;765
1678,18,7,151;544;560;537;535;558;541;548;552;561;368;523;438;462;490;414;388;400;444;407
1679,18,7,151;544;560;537;535;558;541;548;552;561;369;525;440;464;492;416;390;402;446;409
1680,18,8,151;544;560;537;534
1681,18,8,151;544;560;537;535;557;320;1014;981
1682,18,9,151;544;560;537;534;78;865;877;200;1002;1016;1020;996;1024;1008;984
1683,18,9,151;544;560;537;534;78;865;878;893;341;1016;1020;996;1024;1008;984
1684,18,10,151;544;560;536
1685,18,10,151;544;560;537;534;74;570;571
1686,18,11,151;544;560;537;535;558;541;548;552;562;546;554;556;538
1687,18,11,151;544;560;537;535;558;541;548;552;561;368;523;438;461;238;554;556;538
1688,18,12,151;544;560;537;535;558;541;548;552;561;368;523;438;462;490;414;388;400;444;408;432;419
1689,18,12,151;544;560;537;535;558;541;548;552;561;369;525;440;464;492;416;390;402;446;410;434;421
1690,18,13,151;544;560;537;534;75;770;841;777
1691,18,13,151;544;560;537;534;76;772;843;779
1692,18,14,151;544;560;537;534;75;770;841;778;800;812;752;758;817;219;674;719;692;668;737;702;643
1693,18,14,151;544;560;537;534;76;772;843;780;802;814;754;760;819;219;674;719;692;668;737;702;643
1694,18,15,151;544;560;537;535;558;541;548;552;561;368;523;438;462;490;414;388;400;444;408;431
1695,18,15,151;544;560;537;535;558;541;548;552;561;369;525;440;464;492;416;390;402;446;410;433
1696,18,16,151;544;560;537;534;75;770;841;778;800;812;752;758;818;764;783
1697,18,16,151;544;560;537;534;76;772;843;780;802;814;754;760;820;766;785
1698,18,17,151;544;560;537;534;75;770;841;778;800;812;752;758;818;764;784;826;831;286;1110;1095
1699,18,17,151;544;560;537;534;76;772;843;780;802;814;754;760;820;766;786;828;833;286;1110;1095
1700,18,19,151;544;560;537;535;558;541;548;552;562;545
1701,18,19,151;544;560;537;534;75;770;841;778;800;811;207;552;562;545
1702,18,20,151;544;560;537;534;78;865;878;894;896;873
1703,18,20,151;544;560;537;534;78;865;877;200;1002;1016;1020;995
1704,18,21,151;544;560;537;534;75;770;841;778;799
1705,18,21,151;544;560;537;534;76;772;843;780;801
1706,18,22,151;544;560;537;535;558;541;548;552;561;368;523;438;462;490;414;388;400;443
1707,18,22,151;544;560;537;535;558;541;548;552;561;369;525;440;464;492;416;390;402;445
1708,18,23,151;544;560;537;534;78;865;877
1709,18,23,151;544;560;537;534;81;982;1001
1710,18,24,151;544;560;537;534;75;770;841;778;800;812;752;758;817;219;674;719;692;667
1711,18,24,151;544;560;537;534;76;772;843;780;802;814;754;760;819;219;674;719;692;667
1712,18,25,151;544;560;537;534;75;770;841;778;800;811
1713,18,25,151;544;560;537;534;76;772;843;780;802;813
1714,18,26,151;544;560;537;534;75;770;841;778;800;812;752;758;817
1715,18,26,151;544;560;537;534;76;772;843;780;802;814;754;760;819
1716,18,27,151;544;560;537;535;558;541;548;552;561;379;1074;1050;1057;1063;1040;1030;1034;1052;1038;1044;1042;1072;1067;1069;1055
1717,18,27,151;544;560;537;535;558;541;548;552;562;545;164;1050;1057;1063;1040;1030;1034;1052;1038;1044;1042;1072;1067;1069;1055
1718,18,28,151;544;560;537;534;78;865;878;894;896;874;898;883
1719,18,28,151;544;560;537;534;78;865;877;200;1002;1016;1020;996;1024;1007
1720,18,29,151;544;560;537;535;558;541;548;552;561;368;523;438;461
1721,18,29,151;544;560;537;535;558;541;548;552;561;369;525;440;463
1722,18,30,151;544;560;537;534;75;770;841;778;800;812;752;758;818;764;784;825
1723,18,30,151;544;560;537;534;76;772;843;780;802;814;754;760;820;766;786;827
1724,18,31,151;544;560;537;534;75;770;841;778;800;812;752;758;817;219;674;719;692;668;737;702;643;124;646;687
1725,18,31,151;544;560;537;534;76;772;843;780;802;814;754;760;819;219;674;719;692;668;737;702;643;124;646;687
1726,18,32,151;544;560;537;534;75;770;841;777;112;749;750
1727,18,32,151;544;560;537;534;76;772;843;779;112;749;750
1728,18,33,151;544;560;537;534;75;770;841;778;800;812;752;758;817;219;674;719;691
1729,18,33,151;544;560;537;534;75;770;841;778;800;812;752;758;817;220;676;721;693
1730,18,34,151;544;560;537;534;75;770;841;778;800;812;752;758;817;219;674;719;692;668;737;702;643;124;646;688;709;697
1731,18,34,151;544;560;537;534;76;772;843;780;802;814;754;760;819;219;674;719;692;668;737;702;643;124;646;688;709;697
1732,18,35,151;544;560;537;534;75;770;841;778;800;812;752;758;817;219;674;719;692;668;736;364;739;703
1733,18,35,151;544;560;537;534;76;772;843;780;802;814;754;760;819;219;674;719;692;668;736;364;739;703
1734,18,36,151;544;560;537;534;75;770;841;778;800;812;752;758;817;219;674;719;692;668;737;702;643;124;646;688;708
1735,18,36,151;544;560;537;534;75;770;841;778;800;812;752;758;817;219;674;719;692;668;737;702;643;125;648;690;710
1736,18,37,151;544;560;537;534;75;770;841;778;800;812;752;758;818;764;784;826;831
1737,18,37,151;544;560;537;534;76;772;843;780;802;814;754;760;820;766;786;828;833
1738,18,38,151;544;560;537;535;558;541;548;552;561;368;523;438;462;489
1739,18,38,151;544;560;537;535;558;541;548;552;561;369;525;440;464;491
1740,18,39,151;544;560;537;534;75;770;841;778;800;812;752;758;818;764;784;826;831;286;1110;1096;1113
1741,18,39,151;544;560;537;534;76;772;843;780;802;814;754;760;820;766;786;828;833;286;1110;1096;1113
1742,18,40,151;544;560;537;534;75;770;841;778;800;812;752;758;817;219;674;718
1743,18,40,151;544;560;537;534;76;772;843;780;802;814;754;760;819;219;674;718
1744,18,41,151;544;560;537;534;75;770;840
1745,18,41,151;544;560;537;534;76;772;842
1746,18,42,151;544;560;537;535;558;541;548;552;561;368;523;438;462;490;414;388;400;444;408;432;420;511;501
1747,18,42,151;544;560;537;535;558;541;548;552;561;369;525;440;464;492;416;390;402;446;410;434;422;513;503
1748,18,43,151;544;560;537;535;558;541;548;552;561;368;523;438;462;490;414;388;400;444;408;432;420;511;502;507
1749,18,43,151;544;560;537;535;558;541;548;552;561;369;525;440;464;492;416;390;402;446;410;434;422;513;504;508
1750,18,44,151;544;560;537;534;78;865;878;893
1751,18,44,151;544;560;537;534;78;865;877;200;1002;1015
1752,18,45,151;544;560;537;535;558;541;548;552;561;368;523;438;462;490;414;388;400;444;408;432;420;510
1753,18,45,151;544;560;537;535;558;541;548;552;561;369;525;440;464;492;416;390;402;446;410;434;422;512
1754,18,46,151;544;560;537;534;78;865;878;894;895
1755,18,46,151;544;560;537;534;78;865;877;200;1002;1016;1019
1756,18,47,151;544;560;537;534;78;865;878;894;896;874;897
1757,18,47,151;544;560;537;534;78;865;877;200;1002;1016;1020;996;1023
1758,18,48,151;544;560;537;534;75;770;841;778;800;812;752;758;817;219;674;719;692;668;736
1759,18,48,151;544;560;537;534;76;772;843;780;802;814;754;760;819;219;674;719;692;668;736
1760,18,49,151;544;559
1761,18,49,151;544;560;536;88;572;594
1762,18,50,151;544;560;537;535;558;541;548;552;561
1763,18,50,151;544;560;537;534;75;770;841;778;800;811;207;552;561
1764,19,1,158;656;743;601
1765,19,1,159;658;745;603
1766,19,2,153;438;462;490;414;387
1767,19,2,154;440;464;492;416;389
1768,19,3,159;658;745;604;615
1769,19,3,160;660;747;606;617
1770,19,4,153;438;462;490;414;388;399
1771,19,4,154;440;464;492;416;390;401
1772,19,5,159;658;745;604;616;676;721;694;670;739;704;646;688;709;698;625
1773,19,5,160;660;747;606;618;678;723;696;672;741;706;648;690;711;700;626
1774,19,6,165;1098;1122;1076;1080;1102;1083
1775,19,6,159;658;745;604;616;675;222;818;763
1776,19,7,153;438;462;490;414;388;400;444;407
1777,19,7,154;440;464;492;416;390;402;446;409
1778,19,8,157;581;597;587;583;575;119;988;1014;981
1779,19,8,157;581;597;587;583;576;592;320;1014;981
1780,19,9,157;581;597;587;583;575;119;988;1014;982;1002;1016;1020;996;1024;1008;984
1781,19,9,157;581;597;587;583;576;592;320;1014;982;1002;1016;1020;996;1024;1008;984
1782,19,10,157;581;597;587;583;576;593;570;571
1783,19,10,157;581;597;587;583;575;119;988;1014;981;74;570;571
1784,19,11,153;438;461;238;554;556;538
1785,19,11,154;440;463;238;554;556;538
1786,19,12,153;438;462;490;414;388;400;444;408;432;419
1787,19,12,154;440;464;492;416;390;402;446;410;434;421
1788,19,13,157;581;597;587;583;575
1789,19,13,158;656;742;372;597;587;583;575
1790,19,14,159;658;745;604;616;676;721;694;670;739;703;273;702;643
1791,19,14,160;660;747;606;618;678;723;696;672;741;705;273;702;643
1792,19,15,153;438;462;490;414;388;400;444;408;431
1793,19,15,154;440;464;492;416;390;402;446;410;433
1794,19,16,165;1098;1122;1076;1080;1102;1084;1093
1795,19,16,165;1098;1122;1076;1080;1102;1083;54;764;783
1796,19,17,165;1098;1122;1076;1080;1102;1084;1094;1108;1110;1095
1797,19,17,165;1098;1122;1076;1080;1102;1084;1094;1107;248;826;831;286;1110;1095
1798,19,18,157;581;597;587;583;576;593;570;572;595;579
1799,19,18,157;581;597;587;583;575;119;988;1014;981;74;570;572;595;579
1800,19,20,157;581;597;587;583;575;119;988;1014;981;78;865;878;894;896;873
1801,19,20,157;581;597;587;583;576;592;320;1014;981;78;865;878;894;896;873
1802,19,21,157;581;597;587;582
1803,19,21,163;992;1026;1004;997
1804,19,22,153;438;462;490;414;388;400;443
1805,19,22,154;440;464;492;416;390;402;445
1806,19,23,157;581;597;587;583;575;119;988;1014;981;78;865;877
1807,19,23,157;581;597;587;583;576;592;320;1014;981;78;865;877
1808,19,24,159;658;745;604;616;676;721;694;669
1809,19,24,160;660;747;606;618;678;723;696;671
1810,19,25,157;581;597;586
1811,19,25,163;992;1026;1003
1812,19,26,159;658;745;604;616;675
1813,19,26,160;660;747;606;618;677
1814,19,27,164;1050;1057;1063;1040;1030;1034;1052;1038;1044;1042;1072;1067;1069;1055
1815,19,27,153;438;461;238;554;556;538;100;1040;1030;1034;1052;1038;1044;1042;1072;1067;1069;1055
1816,19,28,157;581;597;587;583;575;119;988;1014;981;78;865;878;894;896;874;898;883
1817,19,28,157;581;597;587;583;576;592;320;1014;981;78;865;878;894;896;874;898;883
1818,19,29,153;438;461
1819,19,29,154;440;463
1820,19,30,165;1098;1122;1076;1080;1102;1084;1094;1107
1821,19,30,165;1098;1122;1076;1080;1102;1084;1093;139;784;825
1822,19,31,159;658;745;604;616;676;721;694;670;739;704;646;687
1823,19,31,160;660;747;606;618;678;723;696;672;741;706;648;689
1824,19,32,157;581;597;587;583;575;112;749;750
1825,19,32,158;656;742;372;597;587;583;575;112;749;750
1826,19,33,159;658;745;604;616;676;721;693
1827,19,33,160;660;747;606;618;678;723;695
1828,19,34,159;658;745;604;616;676;721;694;670;739;704;646;688;709;697
1829,19,34,160;660;747;606;618;678;723;696;672;741;706;648;690;711;699
1830,19,35,159;658;745;604;616;676;721;694;670;739;703
1831,19,35,160;660;747;606;618;678;723;696;672;741;705
1832,19,36,159;658;745;604;616;676;721;694;670;739;704;646;688;708
1833,19,36,160;660;747;606;618;678;723;696;672;741;706;648;690;710
1834,19,37,165;1098;1122;1076;1080;1102;1084;1094;1107;248;826;831
1835,19,37,165;1098;1122;1076;1080;1102;1084;1094;1107;249;828;833
1836,19,38,153;438;462;489
1837,19,38,154;440;464;491
1838,19,39,165;1098;1122;1076;1080;1102;1084;1094;1108;1110;1096;1113
1839,19,39,165;1098;1122;1076;1080;1102;1084;1094;1107;248;826;831;286;1110;1096;1113
1840,19,40,159;658;745;604;616;676;720
1841,19,40,160;660;747;606;618;678;722
1842,19,41,157;581;597;587;583;576;592
1843,19,41,158;656;742;372;597;587;583;576;592
1844,19,42,153;438;462;490;414;388;400;444;408;432;420;511;501
1845,19,42,154;440;464;492;416;390;402;446;410;434;422;513;503
1846,19,43,153;438;462;490;414;388;400;444;408;432;420;511;502;507
1847,19,43,154;440;464;492;416;390;402;446;410;434;422;513;504;508
1848,19,44,157;581;597;587;583;575;119;988;1014;981;78;865;878;893
1849,19,44,157;581;597;587;583;576;592;320;1014;981;78;865;878;893
1850,19,45,153;438;462;490;414;388;400;444;408;432;420;510
1851,19,45,154;440;464;492;416;390;402;446;410;434;422;512
1852,19,46,157;581;597;587;583;575;119;988;1014;981;78;865;878;894;895
1853,19,46,157;581;597;587;583;576;592;320;1014;981;78;865;878;894;895
1854,19,47,157;581;597;587;583;575;119;988;1014;981;78;865;878;894;896;874;897
1855,19,47,157;581;597;587;583;576;592;320;1014;981;78;865;878;894;896;874;897
1856,19,48,159;658;745;604;616;676;721;694;669;204;668;736
1857,19,48,160;660;747;606;618;678;723;696;671;204;668;736
1858,19,49,157;581;597;587;583;576;593;570;572;594
1859,19,49,157;581;597;587;583;575;119;988;1014;981;74;570;572;594
1860,19,50,157;581;596
1861,19,50,158;656;742
1862,20,1,166;796;853;849;808;772;843;780;802;814;753
1863,20,1,167;798;855;851;810;774;845;782;804;816;755
1864,20,2,169;932;968;966;944;914;962;924;936;948;974;930;954;958;920;901
1865,20,2,166;796;853;849;808;772;843;780;802;813;207;552;561;368;523;438;462;490;414;387
1866,20,3,166;796;853;849;808;772;843;780;802;814;754;759
1867,20,3,167;798;855;851;810;774;845;782;804;816;756;761
1868,20,4,169;932;968;966;944;914;962;924;936;948;974;930;954;958;920;902;905
1869,20,4,166;796;853;849;808;772;843;780;802;813;207;552;561;368;523;438;462;490;414;388;399
1870,20,5,166;796;853;849;808;772;843;780;802;814;754;760;819;219;674;719;692;668;737;702;643;124;646;688;709;698;625
1871,20,5,166;796;853;849;808;772;843;780;802;814;754;760;819;219;674;719;692;668;737;702;643;125;648;690;711;700;626
1872,20,6,166;796;853;849;808;772;843;780;802;814;754;760;820;765
1873,20,6,167;798;855;851;810;774;845;782;804;816;756;762;822;767
1874,20,7,169;932;968;966;944;914;962;924;936;948;974;930;954;958;920;902;906;940;909
1875,20,7,166;796;853;849;808;772;843;780;802;813;207;552;561;368;523;438;462;490;414;388;400;444;407
1876,20,8,166;796;853;849;808;771
1877,20,8,167;798;855;851;810;773
1878,20,9,170;994;1022;1006;983
1879,20,9,171;996;1024;1008;984
1880,20,10,166;796;853;849;808;771;74;570;571
1881,20,10,167;798;855;851;810;773;74;570;571
1882,20,11,166;796;853;849;808;772;843;780;802;813;207;552;562;546;554;556;538
1883,20,11,167;798;855;851;810;774;845;782;804;815;207;552;562;546;554;556;538
1884,20,12,166;796;853;849;808;772;843;780;802;813;207;552;561;368;523;438;462;490;414;388;400;444;408;432;419
1885,20,12,167;798;855;851;810;774;845;782;804;815;207;552;561;368;523;438;462;490;414;388;400;444;408;432;419
1886,20,13,166;796;853;849;808;772;843;779
1887,20,13,167;798;855;851;810;774;845;781
1888,20,14,166;796;853;849;808;772;843;780;802;814;754;760;819;219;674;719;692;668;737;702;643
1889,20,14,167;798;855;851;810;774;845;782;804;816;756;762;821;219;674;719;692;668;737;702;643
1890,20,15,169;932;968;966;944;914;962;924;936;948;974;930;954;958;920;902;906;940;910;926
1891,20,15,166;796;853;849;808;772;843;780;802;813;207;552;561;368;523;438;462;490;414;388;400;444;408;431
1892,20,16,166;796;853;849;808;772;843;780;802;814;754;760;820;766;785
1893,20,16,167;798;855;851;810;774;845;782;804;816;756;762;822;768;787
1894,20,17,166;796;853;849;808;772;843;780;802;814;754;760;820;766;786;828;833;286;1110;1095
1895,20,17,167;798;855;851;810;774;845;782;804;816;756;762;822;768;788;830;835;286;1110;1095
1896,20,18,166;796;853;849;808;771;74;570;572;595;579
1897,20,18,167;798;855;851;810;773;74;570;572;595;579
1898,20,19,166;796;853;849;808;772;843;780;802;813;207;552;562;545
1899,20,19,167;798;855;851;810;774;845;782;804;815;207;552;562;545
1900,20,21,166;796;853;849;808;772;843;780;801
1901,20,21,167;798;855;851;810;774;845;782;803
1902,20,22,169;932;968;966;944;914;962;924;936;948;974;930;954;958;920;902;906;939
1903,20,22,166;796;853;849;808;772;843;780;802;813;207;552;561;368;523;438;462;490;414;388;400;443
1904,20,23,166;796;853;849;807
1905,20,23,167;798;855;851;809
1906,20,24,166;796;853;849;808;772;843;780;802;814;754;760;819;219;674;719;692;667
1907,20,24,167;798;855;851;810;774;845;782;804;816;756;762;821;219;674;719;692;667
1908,20,25,166;796;853;849;808;772;843;780;802;813
1909,20,25,167;798;855;851;810;774;845;782;804;815
1910,20,26,166;796;853;849;808;772;843;780;802;814;754;760;819
1911,20,26,167;798;855;851;810;774;845;782;804;816;756;762;821
1912,20,27,166;796;853;849;808;772;843;780;802;813;207;552;561;379;1074;1050;1057;1063;1040;1030;1034;1052;1038;1044;1042;1072;1067;1069;1055
1913,20,27,167;798;855;851;810;774;845;782;804;815;207;552;561;379;1074;1050;1057;1063;1040;1030;1034;1052;1038;1044;1042;1072;1067;1069;1055
1914,20,28,168;874;898;883
1915,20,28,170;994;1022;1005
1916,20,29,169;932;968;966;944;914;962;924;936;948;974;930;953
1917,20,29,166;796;853;849;808;772;843;780;802;813;207;552;561;368;523;438;461
1918,20,30,166;796;853;849;808;772;843;780;802;814;754;760;820;766;786;827
1919,20,30,167;798;855;851;810;774;845;782;804;816;756;762;822;768;788;829
1920,20,31,166;796;853;849;808;772;843;780;802;814;754;760;819;219;674;719;692;668;737;702;643;124;646;687
1921,20,31,167;798;855;851;810;774;845;782;804;816;756;762;821;219;674;719;692;668;737;702;643;124;646;687
1922,20,32,166;796;853;849;808;772;843;779;112;749;750
1923,20,32,167;798;855;851;810;774;845;781;112;749;750
1924,20,33,166;796;853;849;808;772;843;780;802;814;754;760;819;219;674;719;691
1925,20,33,167;798;855;851;810;774;845;782;804;816;756;762;821;219;674;719;691
1926,20,34,166;796;853;849;808;772;843;780;802;814;754;760;819;219;674;719;692;668;737;702;643;124;646;688;709;697
1927,20,34,167;798;855;851;810;774;845;782;804;816;756;762;821;219;674;719;692;668;737;702;643;124;646;688;709;697
1928,20,35,166;796;853;849;808;772;843;780;802;814;754;760;819;219;674;719;692;668;736;364;739;703
1929,20,35,167;798;855;851;810;774;845;782;804;816;756;762;821;219;674;719;692;668;736;364;739;703
1930,20,36,166;796;853;849;808;772;843;780;802;814;754;760;819;219;674;719;692;668;737;702;643;124;646;688;708
1931,20,36,166;796;853;849;808;772;843;780;802;814;754;760;819;219;674;719;692;668;737;702;643;125;648;690;710
1932,20,37,166;796;853;849;808;772;843;780;802;814;754;760;820;766;786;828;833
1933,20,37,167;798;855;851;810;774;845;782;804;816;756;762;822;768;788;830;835
1934,20,38,169;932;968;966;944;914;962;924;936;948;974;930;954;957
1935,20,38,166;796;853;849;808;772;843;780;802;813;207;552;561;368;523;438;462;489
1936,20,39,166;796;853;849;808;772;843;780;802;814;754;760;820;766;786;828;833;286;1110;1096;1113
1937,20,39,167;798;855;851;810;774;845;782;804;816;756;762;822;768;788;830;835;286;1110;1096;1113
1938,20,40,166;796;853;849;808;772;843;780;802;814;754;760;819;219;674;718
1939,20,40,167;798;855;851;810;774;845;782;804;816;756;762;821;219;674;718
1940,20,41,166;796;853;849;808;772;842
1941,20,41,167;798;855;851;810;774;844
1942,20,42,166;796;853;849;808;772;843;780;802;813;207;552;561;368;523;438;462;490;414;388;400;444;408;432;420;511;501
1943,20,42,167;798;855;851;810;774;845;782;804;815;207;552;561;368;523;438;462;490;414;388;400;444;408;432;420;511;501
1944,20,43,166;796;853;849;808;772;843;780;802;813;207;552;561;368;523;438;462;490;414;388;400;444;408;432;420;511;502;507
1945,20,43,167;798;855;851;810;774;845;782;804;815;207;552;561;368;523;438;462;490;414;388;400;444;408;432;420;511;502;507
1946,20,44,166;796;853;848
1947,20,44,167;798;855;850
1948,20,45,166;796;853;849;808;772;843;780;802;813;207;552;561;368;523;438;462;490;414;388;400;444;408;432;420;510
1949,20,45,167;798;855;851;810;774;845;782;804;815;207;552;561;368;523;438;462;490;414;388;400;444;408;432;420;510
1950,20,46,166;796;852
1951,20,46,167;798;854
1952,20,47,168;874;897
1953,20,47,170;994;1021
1954,20,48,166;796;853;849;808;772;843;780;802;814;754;760;819;219;674;719;692;668;736
1955,20,48,167;798;855;851;810;774;845;782;804;816;756;762;821;219;674;719;692;668;736
1956,20,49,166;796;853;849;808;771;74;570;572;594
1957,20,49,167;798;855;851;810;773;74;570;572;594
1958,20,50,166;796;853;849;808;772;843;780;802;813;207;552;561
1959,20,50,167;798;855;851;810;774;845;782;804;815;207;552;561
1960,21,1,174;800;812;751
1961,21,1,175;802;814;753
1962,21,2,172;548;552;561;368;523;438;462;490;414;387
1963,21,2,172;548;552;561;369;525;440;464;492;416;389
1964,21,3,174;800;812;752;757
1965,21,3,175;802;814;754;759
1966,21,4,172;548;552;561;368;523;438;462;490;414;388;399
1967,21,4,172;548;552;561;369;525;440;464;492;416;390;401
1968,21,5,174;800;812;752;758;817;219;674;719;692;668;737;702;643;124;646;688;709;698;625
1969,21,5,174;800;812;752;758;817;219;674;719;692;668;737;702;643;125;648;690;711;700;626
1970,21,6,174;800;812;752;758;818;763
1971,21,6,175;802;814;754;760;820;765
1972,21,7,172;548;552;561;368;523;438;462;490;414;388;400;444;407
1973,21,7,172;548;552;561;369;525;440;464;492;416;390;402;446;409
1974,21,8,173;583;575;119;988;1014;981
1975,21,8,177;876;867;119;988;1014;981
1976,21,9,173;583;575;119;988;1014;982;1002;1016;1020;996;1024;1008;984
1977,21,9,177;876;867;119;988;1014;982;1002;1016;1020;996;1024;1008;984
1978,21,10,173;583;576;593;570;571
1979,21,10,177;876;867;119;988;1014;981;74;570;571
1980,21,11,172;548;552;562;546;554;556;538
1981,21,11,172;548;552;561;368;523;438;461;238;554;556;538
1982,21,12,172;548;552;561;368;523;438;462;490;414;388;400;444;408;432;419
1983,21,12,172;548;552;561;369;525;440;464;492;416;390;402;446;410;434;421
1984,21,13,173;583;575
1985,21,13,177;876;867
1986,21,14,174;800;812;752;758;817;219;674;719;692;668;737;702;643
1987,21,14,175;802;814;754;760;819;219;674;719;692;668;737;702;643
1988,21,15,172;548;552;561;368;523;438;462;490;414;388;400;444;408;431
1989,21,15,172;548;552;561;369;525;440;464;492;416;390;402;446;410;433
1990,21,16,174;800;812;752;758;818;764;783
1991,21,16,175;802;814;754;760;820;766;785
1992,21,17,174;800;812;752;758;818;764;784;826;831;286;1110;1095
1993,21,17,175;802;814;754;760;820;766;786;828;833;286;1110;1095
1994,21,18,173;583;576;593;570;572;595;579
1995,21,18,177;876;867;119;988;1014;981;74;570;572;595;579
1996,21,19,172;548;552;562;545
1997,21,19,172;548;552;561;368;523;437
1998,21,20,173;583;575;119;988;1014;981;78;865;878;894;896;873
1999,21,20,177;876;867;119;988;1014;981;78;865;878;894;896;873
2000,21,22,172;548;552;561;368;523;438;462;490;414;388;400;443
2001,21,22,172;548;552;561;369;525;440;464;492;416;390;402;445
2002,21,23,173;583;575;119;988;1014;981;78;865;877
2003,21,23,177;876;867;119;988;1014;981;78;865;877
2004,21,24,174;800;812;752;758;817;219;674;719;692;667
2005,21,24,175;802;814;754;760;819;219;674;719;692;667
2006,21,25,172;548;551
2007,21,25,174;800;811
2008,21,26,174;800;812;752;758;817
2009,21,26,175;802;814;754;760;819
2010,21,27,172;548;552;561;379;1074;1050;1057;1063;1040;1030;1034;1052;1038;1044;1042;1072;1067;1069;1055
2011,21,27,172;548;552;562;545;164;1050;1057;1063;1040;1030;1034;1052;1038;1044;1042;1072;1067;1069;1055
2012,21,28,173;583;575;119;988;1014;981;78;865;878;894;896;874;898;883
2013,21,28,177;876;867;119;988;1014;981;78;865;878;894;896;874;898;883
2014,21,29,172;548;552;561;368;523;438;461
2015,21,29,172;548;552;561;369;525;440;463
2016,21,30,174;800;812;752;758;818;764;784;825
2017,21,30,175;802;814;754;760;820;766;786;827
2018,21,31,174;800;812;752;758;817;219;674;719;692;668;737;702;643;124;646;687
2019,21,31,175;802;814;754;760;819;219;674;719;692;668;737;702;643;124;646;687
2020,21,32,173;583;575;112;749;750
2021,21,32,177;876;867;112;749;750
2022,21,33,174;800;812;752;758;817;219;674;719;691
2023,21,33,175;802;814;754;760;819;219;674;719;691
2024,21,34,174;800;812;752;758;817;219;674;719;692;668;737;702;643;124;646;688;709;697
2025,21,34,175;802;814;754;760;819;219;674;719;692;668;737;702;643;124;646;688;709;697
2026,21,35,174;800;812;752;758;817;219;674;719;692;668;736;364;739;703
2027,21,35,175;802;814;754;760;819;219;674;719;692;668;736;364;739;703
2028,21,36,174;800;812;752;758;817;219;674;719;692;668;737;702;643;124;646;688;708
2029,21,36,174;800;812;752;758;817;219;674;719;692;668;737;702;643;125;648;690;710
2030,21,37,174;800;812;752;758;818;764;784;826;831
2031,21,37,175;802;814;754;760;820;766;786;828;833
2032,21,38,172;548;552;561;368;523;438;462;489
2033,21,38,172;548;552;561;369;525;440;464;491
2034,21,39,174;800;812;752;758;818;764;784;826;831;286;1110;1096;1113
2035,21,39,175;802;814;754;760;820;766;786;828;833;286;1110;1096;1113
2036,21,40,174;800;812;752;758;817;219;674;718
2037,21,40,175;802;814;754;760;819;219;674;718
2038,21,41,173;583;576;592
2039,21,41,173;583;575;119;988;1013
2040,21,42,172;548;552;561;368;523;438;462;490;414;388;400;444;408;432;420;511;501
2041,21,42,172;548;552;561;369;525;440;464;492;416;390;402;446;410;434;422;513;503
2042,21,43,172;548;552;561;368;523;438;462;490;414;388;400;444;408;432;420;511;502;507
2043,21,43,172;548;552;561;369;525;440;464;492;416;390;402;446;410;434;422;513;504;508
2044,21,44,173;583;575;119;988;1014;981;78;865;878;893
2045,21,44,177;876;867;119;988;1014;981;78;865;878;893
2046,21,45,172;548;552;561;368;523;438;462;490;414;388;400;444;408;432;420;510
2047,21,45,172;548;552;561;369;525;440;464;492;416;390;402;446;410;434;422;512
2048,21,46,173;583;575;119;988;1014;981;78;865;878;894;895
2049,21,46,177;876;867;119;988;1014;981;78;865;878;894;895
2050,21,47,173;583;575;119;988;1014;981;78;865;878;894;896;874;897
2051,21,47,177;876;867;119;988;1014;981;78;865;878;894;896;874;897
2052,21,48,174;800;812;752;758;817;219;674;719;692;668;736
2053,21,48,175;802;814;754;760;819;219;674;719;692;668;736
2054,21,49,173;583;576;593;570;572;594
2055,21,49,177;876;867;119;988;1014;981;74;570;572;594
2056,21,50,172;548;552;561
2057,21,50,174;800;811;207;552;561
2058,22,1,185;585;566;564;574;590;299;1112;1105;240;680;656;743;601
2059,22,1,187;664;622;610;636;714;299;1112;1105;240;680;656;743;601
2060,22,2,185;585;566;563
2061,22,2,187;664;622;609
2062,22,3,185;585;566;564;574;590;299;1112;1106;1098;1122;1076;1079
2063,22,3,187;664;622;610;636;714;299;1112;1106;1098;1122;1076;1079
2064,22,4,185;585;565
2065,22,4,187;664;621
2066,22,5,187;664;622;610;636;715;682;658;745;604;616;676;721;694;670;739;704;646;688;709;698;625
2067,22,5,188;666;624;612;638;717;684;660;747;606;618;678;723;696;672;741;706;648;690;711;700;626
2068,22,6,185;585;566;564;574;590;299;1112;1106;1098;1122;1076;1080;1102;1083
2069,22,6,187;664;622;610;636;714;299;1112;1106;1098;1122;1076;1080;1102;1083
2070,22,7,181;444;407
2071,22,7,182;446;409
2072,22,8,185;585;566;564;574;590;299;1112;1105;245;1010;992;1026;1004;998;988;1014;981
2073,22,8,187;664;622;610;636;714;299;1112;1105;245;1010;992;1026;1004;998;988;1014;981
2074,22,9,185;585;566;564;574;590;299;1112;1105;245;1010;992;1026;1004;998;988;1014;982;1002;1016;1020;996;1024;1008;984
2075,22,9,187;664;622;610;636;714;299;1112;1105;245;1010;992;1026;1004;998;988;1014;982;1002;1016;1020;996;1024;1008;984
2076,22,10,185;585;566;564;574;591;589;581;597;587;583;576;593;570;571
2077,22,10,187;664;622;610;636;714;299;1112;1105;240;680;656;742;372;597;587;583;576;593;570;571
2078,22,11,185;585;566;563;23;976;985
2079,22,11,187;664;622;609;23;976;985
2080,22,12,181;444;408;432;419
2081,22,12,182;446;410;434;421
2082,22,13,185;585;566;564;574;591;589;581;597;587;583;575
2083,22,13,187;664;622;610;636;714;299;1112;1105;240;680;656;742;372;597;587;583;575
2084,22,14,185;585;566;564;574;590;299;1112;1106;1098;1122;1076;1080;1101;219;674;719;692;668;737;702;643
2085,22,14,187;664;622;610;636;714;299;1112;1106;1098;1122;1076;1080;1101;219;674;719;692;668;737;702;643
2086,22,15,181;444;408;431
2087,22,15,182;446;410;433
2088,22,16,185;585;566;564;574;590;299;1112;1106;1098;1122;1076;1080;1102;1084;1093
2089,22,16,187;664;622;610;636;714;299;1112;1106;1098;1122;1076;1080;1102;1084;1093
2090,22,17,185;585;566;564;574;590;299;1112;1106;1098;1122;1076;1080;1102;1084;1094;1108;1110;1095
2091,22,17,187;664;622;610;636;714;299;1112;1106;1098;1122;1076;1080;1102;1084;1094;1108;1110;1095
2092,22,18,185;585;566;564;574;591;589;581;597;587;583;576;593;570;572;595;579
2093,22,18,187;664;622;610;636;714;299;1112;1105;240;680;656;742;372;597;587;583;576;593;570;572;595;579
2094,22,19,185;585;566;564;574;590;299;1112;1105;240;680;655
2095,22,19,187;664;622;610;636;714;299;1112;1105;240;680;655
2096,22,20,185;585;566;564;574;590;299;1112;1105;245;1010;992;1026;1004;998;988;1014;981;78;865;878;894;896;873
2097,22,20,187;664;622;610;636;714;299;1112;1105;245;1010;992;1026;1004;998;988;1014;981;78;865;878;894;896;873
2098,22,21,185;585;566;564;574;590;299;1112;1105;245;1010;992;1026;1004;997
2099,22,21,187;664;622;610;636;714;299;1112;1105;245;1010;992;1026;1004;997
2100,22,23,185;585;566;564;574;590;299;1112;1105;245;1010;992;1026;1004;998;988;1014;981;78;865;877
2101,22,23,187;664;622;610;636;714;299;1112;1105;245;1010;992;1026;1004;998;988;1014;981;78;865;877
2102,22,24,187;664;622;610;636;715;682;658;745;604;616;676;721;694;669
2103,22,24,188;666;624;612;638;717;684;660;747;606;618;678;723;696;671
2104,22,25,185;585;566;564;574;590;299;1112;1105;245;1010;992;1026;1003
2105,22,25,187;664;622;610;636;714;299;1112;1105;245;1010;992;1026;1003
2106,22,26,185;585;566;564;574;590;299;1112;1106;1098;1122;1076;1080;1101
2107,22,26,187;664;622;610;636;714;299;1112;1106;1098;1122;1076;1080;1101
2108,22,27,192;1052;1038;1044;1042;1072;1067;1069;1055
2109,22,27,181;444;407;71;1038;1044;1042;1072;1067;1069;1055
2110,22,28,185;585;566;564;574;590;299;1112;1105;245;1010;992;1026;1004;998;988;1014;981;78;865;878;894;896;874;898;883
2111,22,28,187;664;622;610;636;714;299;1112;1105;245;1010;992;1026;1004;998;988;1014;981;78;865;878;894;896;874;898;883
2112,22,29,185;585;566;564;574;590;299;1112;1105
2113,22,29,187;664;622;610;636;714;299;1112;1105
2114,22,30,185;585;566;564;574;590;299;1112;1106;1098;1122;1076;1080;1102;1084;1094;1107
2115,22,30,187;664;622;610;636;714;299;1112;1106;1098;1122;1076;1080;1102;1084;1094;1107
2116,22,31,187;664;622;610;636;715;682;658;745;604;616;676;721;694;670;739;704;646;687
2117,22,31,188;666;624;612;638;717;684;660;747;606;618;678;723;696;672;741;706;648;689
2118,22,32,185;585;566;564;574;591;589;581;597;587;583;575;112;749;750
2119,22,32,187;664;622;610;636;714;299;1112;1105;240;680;656;742;372;597;587;583;575;112;749;750
2120,22,33,187;664;622;610;636;715;682;658;745;604;616;676;721;693
2121,22,33,188;666;624;612;638;717;684;660;747;606;618;678;723;695
2122,22,34,187;664;622;610;636;715;682;658;745;604;616;676;721;694;670;739;704;646;688;709;697
2123,22,34,188;666;624;612;638;717;684;660;747;606;618;678;723;696;672;741;706;648;690;711;699
2124,22,35,187;664;622;610;636;715;682;658;745;604;616;676;721;694;670;739;703
2125,22,35,188;666;624;612;638;717;684;660;747;606;618;678;723;696;672;741;705
2126,22,36,187;664;622;610;636;715;682;658;745;604;616;676;721;694;670;739;704;646;688;708
2127,22,36,188;666;624;612;638;717;684;660;747;606;618;678;723;696;672;741;706;648;690;710
2128,22,37,185;585;566;564;574;590;299;1112;1105;240;680;656;743;601;7;752;758;818;764;784;826;831
2129,22,37,187;664;622;610;636;714;299;1112;1105;240;680;656;743;601;7;752;758;818;764;784;826;831
2130,22,38,185;585;566;564;574;590
2131,22,38,187;664;622;610;636;714
2132,22,39,185;585;566;564;574;590;299;1112;1106;1098;1122;1076;1080;1102;1084;1094;1108;1110;1096;1113
2133,22,39,187;664;622;610;636;714;299;1112;1106;1098;1122;1076;1080;1102;1084;1094;1108;1110;1096;1113
2134,22,40,187;664;622;610;636;715;682;658;745;604;616;676;720
2135,22,40,188;666;624;612;638;717;684;660;747;606;618;678;722
2136,22,41,185;585;566;564;574;591;589;581;597;587;583;576;592
2137,22,41,187;664;622;610;636;714;299;1112;1105;240;680;656;742;372;597;587;583;576;592
2138,22,42,181;444;408;432;420;511;501
2139,22,42,182;446;410;434;422;513;503
2140,22,43,181;444;408;432;420;511;502;507
2141,22,43,182;446;410;434;422;513;504;508
2142,22,44,185;585;566;564;574;590;299;1112;1105;245;1010;992;1026;1004;998;988;1014;981;78;865;878;893
2143,22,44,187;664;622;610;636;714;299;1112;1105;245;1010;992;1026;1004;998;988;1014;981;78;865;878;893
2144,22,45,181;444;408;432;420;510
2145,22,45,182;446;410;434;422;512
2146,22,46,185;585;566;564;574;590;299;1112;1105;245;1010;992;1026;1004;998;988;1014;981;78;865;878;894;895
2147,22,46,187;664;622;610;636;714;299;1112;1105;245;1010;992;1026;1004;998;988;1014;981;78;865;878;894;895
2148,22,47,185;585;566;564;574;590;299;1112;1105;245;1010;992;1026;1004;998;988;1014;981;78;865;878;894;896;874;897
2149,22,47,187;664;622;610;636;714;299;1112;1105;245;1010;992;1026;1004;998;988;1014;981;78;865;878;894;896;874;897
2150,22,48,185;585;566;564;574;590;299;1112;1106;1098;1122;1076;1080;1101;219;674;719;692;668;736
2151,22,48,187;664;622;610;636;714;299;1112;1106;1098;1122;1076;1080;1101;219;674;719;692;668;736
2152,22,49,185;585;566;564;574;591;589;581;597;587;583;576;593;570;572;594
2153,22,49,187;664;622;610;636;714;299;1112;1105;240;680;656;742;372;597;587;583;576;593;570;572;594
2154,22,50,185;585;566;564;574;590;299;1112;1105;240;680;656;742
2155,22,50,187;664;622;610;636;714;299;1112;1105;240;680;656;742
2156,23,1,194;806;770;841;778;800;812;751
2157,23,1,195;808;772;843;780;802;814;753
2158,23,2,198;942;912;960;922;934;946;972;928;952;956;918;899
2159,23,2,199;944;914;962;924;936;948;974;930;954;958;920;901
2160,23,3,194;806;770;841;778;800;812;752;757
2161,23,3,195;808;772;843;780;802;814;754;759
2162,23,4,198;942;912;960;922;934;946;972;928;952;956;918;900;903
2163,23,4,199;944;914;962;924;936;948;974;930;954;958;920;902;905
2164,23,5,194;806;770;841;778;800;812;752;758;817;219;674;719;692;668;737;702;643;124;646;688;709;698;625
2165,23,5,194;806;770;841;778;800;812;752;758;817;219;674;719;692;668;737;702;643;125;648;690;711;700;626
2166,23,6,194;806;770;841;778;800;812;752;758;818;763
2167,23,6,195;808;772;843;780;802;814;754;760;820;765
2168,23,7,198;942;912;960;922;934;946;972;928;952;956;918;900;904;938;907
2169,23,7,199;944;914;962;924;936;948;974;930;954;958;920;902;906;940;909
2170,23,8,194;806;769
2171,23,8,195;808;771
2172,23,9,200;1002;1016;1020;996;1024;1008;984
2173,23,9,197;878;893;341;1016;1020;996;1024;1008;984
2174,23,10,194;806;769;74;570;571
2175,23,10,195;808;771;74;570;571
2176,23,11,194;806;770;841;778;800;811;207;552;562;546;554;556;538
2177,23,11,195;808;772;843;780;802;813;207;552;562;546;554;556;538
2178,23,12,194;806;770;841;778;800;811;207;552;561;368;523;438;462;490;414;388;400;444;408;432;419
2179,23,12,195;808;772;843;780;802;813;207;552;561;368;523;438;462;490;414;388;400;444;408;432;419
2180,23,13,194;806;770;841;777
2181,23,13,195;808;772;843;779
2182,23,14,194;806;770;841;778;800;812;752;758;817;219;674;719;692;668;737;702;643
2183,23,14,195;808;772;843;780;802;814;754;760;819;219;674;719;692;668;737;702;643
2184,23,15,198;942;912;960;922;934;946;972;928;952;956;918;900;904;938;908;925
2185,23,15,199;944;914;962;924;936;948;974;930;954;958;920;902;906;940;910;926
2186,23,16,194;806;770;841;778;800;812;752;758;818;764;783
2187,23,16,195;808;772;843;780;802;814;754;760;820;766;785
2188,23,17,194;806;770;841;778;800;812;752;758;818;764;784;826;831;286;1110;1095
2189,23,17,195;808;772;843;780;802;814;754;760;820;766;786;828;833;286;1110;1095
2190,23,18,194;806;769;74;570;572;595;579
2191,23,18,195;808;771;74;570;572;595;579
2192,23,19,194;806;770;841;778;800;811;207;552;562;545
2193,23,19,195;808;772;843;780;802;813;207;552;562;545
2194,23,20,197;878;894;896;873
2195,23,20,200;1002;1016;1020;995
2196,23,21,194;806;770;841;778;799
2197,23,21,195;808;772;843;780;801
2198,23,22,198;942;912;960;922;934;946;972;928;952;956;918;900;904;937
2199,23,22,199;944;914;962;924;936;948;974;930;954;958;920;902;906;939
2200,23,24,194;806;770;841;778;800;812;752;758;817;219;674;719;692;667
2201,23,24,195;808;772;843;780;802;814;754;760;819;219;674;719;692;667
2202,23,25,194;806;770;841;778;800;811
2203,23,25,195;808;772;843;780;802;813
2204,23,26,194;806;770;841;778;800;812;752;758;817
2205,23,26,195;808;772;843;780;802;814;754;760;819
2206,23,27,194;806;770;841;778;800;811;207;552;561;379;1074;1050;1057;1063;1040;1030;1034;1052;1038;1044;1042;1072;1067;1069;1055
2207,23,27,195;808;772;843;780;802;813;207;552;561;379;1074;1050;1057;1063;1040;1030;1034;1052;1038;1044;1042;1072;1067;1069;1055
2208,23,28,197;878;894;896;874;898;883
2209,23,28,200;1002;1016;1020;996;1024;1007
2210,23,29,198;942;912;960;922;934;946;972;928;951
2211,23,29,199;944;914;962;924;936;948;974;930;953
2212,23,30,194;806;770;841;778;800;812;752;758;818;764;784;825
2213,23,30,195;808;772;843;780;802;814;754;760;820;766;786;827
2214,23,31,194;806;770;841;778;800;812;752;758;817;219;674;719;692;668;737;702;643;124;646;687
2215,23,31,195;808;772;843;780;802;814;754;760;819;219;674;719;692;668;737;702;643;124;646;687
2216,23,32,194;806;770;841;777;112;749;750
2217,23,32,195;808;772;843;779;112;749;750
2218,23,33,194;806;770;841;778;800;812;752;758;817;219;674;719;691
2219,23,33,195;808;772;843;780;802;814;754;760;819;219;674;719;691
2220,23,34,194;806;770;841;778;800;812;752;758;817;219;674;719;692;668;737;702;643;124;646;688;709;697
2221,23,34,195;808;772;843;780;802;814;754;760;819;219;674;719;692;668;737;702;643;124;646;688;709;697
2222,23,35,194;806;770;841;778;800;812;752;758;817;219;674;719;692;668;736;364;739;703
2223,23,35,195;808;772;843;780;802;814;754;760;819;219;674;719;692;668;736;364;739;703
2224,23,36,194;806;770;841;778;800;812;752;758;817;219;674;719;692;668;737;702;643;124;646;688;708
2225,23,36,194;806;770;841;778;800;812;752;758;817;219;674;719;692;668;737;702;643;125;648;690;710
2226,23,37,194;806;770;841;778;800;812;752;758;818;764;784;826;831
2227,23,37,195;808;772;843;780;802;814;754;760;820;766;786;828;833
2228,23,38,198;942;912;960;922;934;946;972;928;952;955
2229,23,38,199;944;914;962;924;936;948;974;930;954;957
2230,23,39,194;806;770;841;778;800;812;752;758;818;764;784;826;831;286;1110;1096;1113
2231,23,39,195;808;772;843;780;802;814;754;760;820;766;786;828;833;286;1110;1096;1113
2232,23,40,194;806;770;841;778;800;812;752;758;817;219;674;718
2233,23,40,194;806;770;841;778;800;812;752;758;817;220;676;720
2234,23,41,194;806;770;840
2235,23,41,195;808;772;842
2236,23,42,194;806;770;841;778;800;811;207;552;561;368;523;438;462;490;414;388;400;444;408;432;420;511;501
2237,23,42,195;808;772;843;780;802;813;207;552;561;368;523;438;462;490;414;388;400;444;408;432;420;511;501
2238,23,43,194;806;770;841;778;800;811;207;552;561;368;523;438;462;490;414;388;400;444;408;432;420;511;502;507
2239,23,43,195;808;772;843;780;802;813;207;552;561;368;523;438;462;490;414;388;400;444;408;432;420;511;502;507
2240,23,44,197;878;893
2241,23,44,200;1002;1015
2242,23,45,194;806;770;841;778;800;811;207;552;561;368;523;438;462;490;414;388;400;444;408;432;420;510
2243,23,45,195;808;772;843;780;802;813;207;552;561;368;523;438;462;490;414;388;400;444;408;432;420;510
2244,23,46,197;878;894;895
2245,23,46,200;1002;1016;1019
2246,23,47,197;878;894;896;874;897
2247,23,47,200;1002;1016;1020;996;1023
2248,23,48,194;806;770;841;778;800;812;752;758;817;219;674;719;692;668;736
2249,23,48,195;808;772;843;780;802;814;754;760;819;219;674;719;692;668;736
2250,23,49,194;806;769;74;570;572;594
2251,23,49,195;808;771;74;570;572;594
2252,23,50,194;806;770;841;778;800;811;207;552;561
2253,23,50,195;808;772;843;780;802;813;207;552;561
2254,24,1,202;452;473;261;472;496;456;394;381
2255,24,1,202;452;473;263;476;500;460;398;385
2256,24,2,202;452;473;261;472;496;456;394;382;523;438;462;490;414;387
2257,24,2,202;452;473;263;476;500;460;398;386;527;442;466;494;418;391
2258,24,3,202;452;473;261;472;496;455;226;1054;1031
2259,24,3,202;452;473;263;476;500;459;226;1054;1031
2260,24,4,202;452;473;261;472;496;456;394;382;523;438;462;490;414;388;399
2261,24,4,202;452;473;263;476;500;460;398;386;527;442;466;494;418;392;403
2262,24,5,204;668;737;702;643;124;646;688;709;698;625
2263,24,5,204;668;737;702;643;125;648;690;711;700;626
2264,24,6,202;452;473;261;472;496;455;222;818;763
2265,24,6,202;452;473;263;476;500;459;222;818;763
2266,24,7,202;452;473;261;472;496;456;394;382;523;438;462;490;414;388;400;444;407
2267,24,7,202;452;473;263;476;500;460;398;386;527;442;466;494;418;392;404;448;411
2268,24,8,202;452;473;261;472;496;456;394;381;10;859;880;876;867;119;988;1014;981
2269,24,8,202;452;473;263;476;500;460;398;385;10;859;880;876;867;119;988;1014;981
2270,24,9,202;452;473;261;472;496;456;394;381;10;859;880;876;867;119;988;1014;982;1002;1016;1020;996;1024;1008;984
2271,24,9,202;452;473;263;476;500;460;398;385;10;859;880;876;867;119;988;1014;982;1002;1016;1020;996;1024;1008;984
2272,24,10,202;452;473;261;472;496;456;394;381;10;859;880;876;867;119;988;1014;981;74;570;571
2273,24,10,202;452;473;263;476;500;460;398;385;10;859;880;876;867;119;988;1014;981;74;570;571
2274,24,11,202;452;473;261;472;496;456;394;382;523;438;461;238;554;556;538
2275,24,11,202;452;473;263;476;500;460;398;386;527;442;465;238;554;556;538
2276,24,12,202;452;473;261;472;496;456;394;382;523;438;462;490;414;388;400;444;408;432;419
2277,24,12,202;452;473;263;476;500;460;398;386;527;442;466;494;418;392;404;448;412;436;423
2278,24,13,202;452;473;261;472;496;456;394;381;10;859;880;876;867
2279,24,13,202;452;473;263;476;500;460;398;385;10;859;880;876;867
2280,24,14,204;668;737;702;643
2281,24,14,204;668;736;364;739;703;273;702;643
2282,24,15,202;452;473;261;472;496;456;394;382;523;438;462;490;414;388;400;444;408;431
2283,24,15,202;452;473;263;476;500;460;398;386;527;442;466;494;418;392;404;448;412;435
2284,24,16,202;452;473;261;472;496;455;222;818;764;783
2285,24,16,202;452;473;263;476;500;459;222;818;764;783
2286,24,17,202;452;473;261;472;496;455;222;818;764;784;826;831;286;1110;1095
2287,24,17,202;452;473;263;476;500;459;222;818;764;784;826;831;286;1110;1095
2288,24,18,202;452;473;261;472;496;456;394;381;10;859;880;876;867;119;988;1014;981;74;570;572;595;579
2289,24,18,202;452;473;263;476;500;460;398;385;10;859;880;876;867;119;988;1014;981;74;570;572;595;579
2290,24,19,202;452;473;261;472;496;456;394;382;523;437
2291,24,19,202;452;473;263;476;500;460;398;386;527;441
2292,24,20,202;452;473;261;472;496;456;394;381;10;859;880;876;867;119;988;1014;981;78;865;878;894;896;873
2293,24,20,202;452;473;263;476;500;460;398;385;10;859;880;876;867;119;988;1014;981;78;865;878;894;896;873
2294,24,21,202;452;473;261;472;496;456;394;381;10;859;880;875
2295,24,21,202;452;473;263;476;500;460;398;385;10;859;880;875
2296,24,22,202;452;473;261;472;496;456;394;382;523;438;462;490;414;388;400;443
2297,24,22,202;452;473;263;476;500;460;398;386;527;442;466;494;418;392;404;447
2298,24,23,202;452;473;261;472;496;456;394;381;10;859;880;876;867;119;988;1014;981;78;865;877
2299,24,23,202;452;473;263;476;500;460;398;385;10;859;880;876;867;119;988;1014;981;78;865;877
2300,24,25,202;452;473;261;472;496;456;394;381;10;859;879
2301,24,25,202;452;473;263;476;500;460;398;385;10;859;879
2302,24,26,202;452;473;261;472;496;455
2303,24,26,202;452;473;263;476;500;459
2304,24,27,202;452;473;261;472;496;456;394;382;523;438;461;238;554;556;538;100;1040;1030;1034;1052;1038;1044;1042;1072;1067;1069;1055
2305,24,27,202;452;473;263;476;500;460;398;386;527;442;465;238;554;556;538;100;1040;1030;1034;1052;1038;1044;1042;1072;1067;1069;1055
2306,24,28,202;452;473;261;472;496;456;394;381;10;859;880;876;867;119;988;1014;981;78;865;878;894;896;874;898;883
2307,24,28,202;452;473;263;476;500;460;398;385;10;859;880;876;867;119;988;1014;981;78;865;878;894;896;874;898;883
2308,24,29,202;452;473;261;472;496;456;394;382;523;438;461
2309,24,29,202;452;473;263;476;500;460;398;386;527;442;465
2310,24,30,202;452;473;261;472;496;455;222;818;764;784;825
2311,24,30,202;452;473;263;476;500;459;222;818;764;784;825
2312,24,31,204;668;737;702;643;124;646;687
2313,24,31,204;668;737;702;643;125;648;689
2314,24,32,202;452;473;261;472;496;456;394;381;10;859;880;876;867;112;749;750
2315,24,32,202;452;473;263;476;500;460;398;385;10;859;880;876;867;112;749;750
2316,24,33,202;452;473
2317,24,33,201;450;471
2318,24,34,204;668;737;702;643;124;646;688;709;697
2319,24,34,204;668;737;702;643;125;648;690;711;699
2320,24,35,204;668;736;364;739;703
2321,24,35,204;668;736;365;741;705
2322,24,36,204;668;737;702;643;124;646;688;708
2323,24,36,204;668;737;702;643;125;648;690;710
2324,24,37,202;452;473;261;472;496;455;222;818;764;784;826;831
2325,24,37,202;452;473;263;476;500;459;222;818;764;784;826;831
2326,24,38,202;452;473;261;472;496;456;394;382;523;438;462;489
2327,24,38,202;452;473;263;476;500;460;398;386;527;442;466;493
2328,24,39,202;452;473;261;472;496;455;222;818;764;784;826;831;286;1110;1096;1113
2329,24,39,202;452;473;263;476;500;459;222;818;764;784;826;831;286;1110;1096;1113
2330,24,40,202;452;473;261;472;495
2331,24,40,202;452;473;263;476;499
2332,24,41,202;452;473;261;472;496;456;394;381;10;859;879;208;587;583;576;592
2333,24,41,202;452;473;263;476;500;460;398;385;10;859;879;208;587;583;576;592
2334,24,42,202;452;473;261;472;496;456;394;382;523;438;462;490;414;388;400;444;408;432;420;511;501
2335,24,42,202;452;473;263;476;500;460;398;386;527;442;466;494;418;392;404;448;412;436;424;515;505
2336,24,43,202;452;473;261;472;496;456;394;382;523;438;462;490;414;388;400;444;408;432;420;511;502;507
2337,24,43,202;452;473;263;476;500;460;398;386;527;442;466;494;418;392;404;448;412;436;424;515;506;509
2338,24,44,202;452;473;261;472;496;456;394;381;10;859;880;876;867;119;988;1014;981;78;865;878;893
2339,24,44,202;452;473;263;476;500;460;398;385;10;859;880;876;867;119;988;1014;981;78;865;878;893
2340,24,45,202;452;473;261;472;496;456;394;382;523;438;462;490;414;388;400;444;408;432;420;510
2341,24,45,202;452;473;263;476;500;460;398;386;527;442;466;494;418;392;404;448;412;436;424;514
2342,24,46,202;452;473;261;472;496;456;394;381;10;859;880;876;867;119;988;1014;981;78;865;878;894;895
2343,24,46,202;452;473;263;476;500;460;398;385;10;859;880;876;867;119;988;1014;981;78;865;878;894;895
2344,24,47,202;452;473;261;472;496;456;394;381;10;859;880;876;867;119;988;1014;981;78;865;878;894;896;874;897
2345,24,47,202;452;473;263;476;500;460;398;385;10;859;880;876;867;119;988;1014;981;78;865;878;894;896;874;897
2346,24,48,204;668;736
2347,24,48,205;670;738
2348,24,49,202;452;473;261;472;496;456;394;381;10;859;880;876;867;119;988;1014;981;74;570;572;594
2349,24,49,202;452;473;263;476;500;460;398;385;10;859;880;876;867;119;988;1014;981;74;570;572;594
2350,24,50,202;452;473;261;472;496;456;394;382;522
2351,24,50,202;452;473;263;476;500;460;398;386;526
2352,25,1,209;812;751
2353,25,1,210;814;753
2354,25,2,207;552;561;368;523;438;462;490;414;387
2355,25,2,207;552;561;369;525;440;464;492;416;389
2356,25,3,209;812;752;757
2357,25,3,210;814;754;759
2358,25,4,207;552;561;368;523;438;462;490;414;388;399
2359,25,4,207;552;561;369;525;440;464;492;416;390;401
2360,25,5,209;812;752;758;817;219;674;719;692;668;737;702;643;124;646;688;709;698;625
2361,25,5,209;812;752;758;817;219;674;719;692;668;737;702;643;125;648;690;711;700;626
2362,25,6,209;812;752;758;818;763
2363,25,6,210;814;754;760;820;765
2364,25,7,207;552;561;368;523;438;462;490;414;388;400;444;407
2365,25,7,207;552;561;369;525;440;464;492;416;390;402;446;409
2366,25,8,208;587;583;575;119;988;1014;981
2367,25,8,212;880;876;867;119;988;1014;981
2368,25,9,208;587;583;575;119;988;1014;982;1002;1016;1020;996;1024;1008;984
2369,25,9,212;880;876;867;119;988;1014;982;1002;1016;1020;996;1024;1008;984
2370,25,10,208;587;583;576;593;570;571
2371,25,10,208;587;583;575;119;988;1014;981;74;570;571
2372,25,11,207;552;562;546;554;556;538
2373,25,11,207;552;561;368;523;438;461;238;554;556;538
2374,25,12,207;552;561;368;523;438;462;490;414;388;400;444;408;432;419
2375,25,12,207;552;561;369;525;440;464;492;416;390;402;446;410;434;421
2376,25,13,208;587;583;575
2377,25,13,212;880;876;867
2378,25,14,209;812;752;758;817;219;674;719;692;668;737;702;643
2379,25,14,210;814;754;760;819;219;674;719;692;668;737;702;643
2380,25,15,207;552;561;368;523;438;462;490;414;388;400;444;408;431
2381,25,15,207;552;561;369;525;440;464;492;416;390;402;446;410;433
2382,25,16,209;812;752;758;818;764;783
2383,25,16,210;814;754;760;820;766;785
2384,25,17,209;812;752;758;818;764;784;826;831;286;1110;1095
2385,25,17,210;814;754;760;820;766;786;828;833;286;1110;1095
2386,25,18,208;587;583;576;593;570;572;595;579
2387,25,18,212;880;876;867;119;988;1014;981;74;570;572;595;579
2388,25,19,207;552;562;545
2389,25,19,207;552;561;368;523;437
2390,25,20,208;587;583;575;119;988;1014;981;78;865;878;894;896;873
2391,25,20,212;880;876;867;119;988;1014;981;78;865;878;894;896;873
2392,25,21,208;587;582
2393,25,21,212;880;875
2394,25,22,207;552;561;368;523;438;462;490;414;388;400;443
2395,25,22,207;552;561;369;525;440;464;492;416;390;402;445
2396,25,23,208;587;583;575;119;988;1014;981;78;865;877
2397,25,23,212;880;876;867;119;988;1014;981;78;865;877
2398,25,24,209;812;752;758;817;219;674;719;692;667
2399,25,24,210;814;754;760;819;219;674;719;692;667
2400,25,26,209;812;752;758;817
2401,25,26,210;814;754;760;819
2402,25,27,207;552;561;379;1074;1050;1057;1063;1040;1030;1034;1052;1038;1044;1042;1072;1067;1069;1055
2403,25,27,207;552;562;545;164;1050;1057;1063;1040;1030;1034;1052;1038;1044;1042;1072;1067;1069;1055
2404,25,28,208;587;583;575;119;988;1014;981;78;865;878;894;896;874;898;883
2405,25,28,212;880;876;867;119;988;1014;981;78;865;878;894;896;874;898;883
2406,25,29,207;552;561;368;523;438;461
2407,25,29,207;552;561;369;525;440;463
2408,25,30,209;812;752;758;818;764;784;825
2409,25,30,210;814;754;760;820;766;786;827
2410,25,31,209;812;752;758;817;219;674;719;692;668;737;702;643;124;646;687
2411,25,31,210;814;754;760;819;219;674;719;692;668;737;702;643;124;646;687
2412,25,32,208;587;583;575;112;749;750
2413,25,32,212;880;876;867;112;749;750
2414,25,33,209;812;752;758;817;219;674;719;691
2415,25,33,210;814;754;760;819;219;674;719;691
2416,25,34,209;812;752;758;817;219;674;719;692;668;737;702;643;124;646;688;709;697
2417,25,34,209;812;752;758;817;219;674;719;692;668;737;702;643;125;648;690;711;699
2418,25,35,209;812;752;758;817;219;674;719;692;668;736;364;739;703
2419,25,35,209;812;752;758;817;219;674;719;692;668;736;365;741;705
2420,25,36,209;812;752;758;817;219;674;719;692;668;737;702;643;124;646;688;708
2421,25,36,209;812;752;758;817;219;674;719;692;668;737;702;643;125;648;690;710
2422,25,37,209;812;752;758;818;764;784;826;831
2423,25,37,210;814;754;760;820;766;786;828;833
2424,25,38,207;552;561;368;523;438;462;489
2425,25,38,207;552;561;369;525;440;464;491
2426,25,39,209;812;752;758;818;764;784;826;831;286;1110;1096;1113
2427,25,39,210;814;754;760;820;766;786;828;833;286;1110;1096;1113
2428,25,40,209;812;752;758;817;219;674;718
2429,25,40,210;814;754;760;819;219;674;718
2430,25,41,208;587;583;576;592
2431,25,41,212;880;875;173;583;576;592
2432,25,42,207;552;561;368;523;438;462;490;414;388;400;444;408;432;420;511;501
2433,25,42,207;552;561;369;525;440;464;492;416;390;402;446;410;434;422;513;503
2434,25,43,207;552;561;368;523;438;462;490;414;388;400;444;408;432;420;511;502;507
2435,25,43,207;552;561;369;525;440;464;492;416;390;402;446;410;434;422;513;504;508
2436,25,44,208;587;583;575;119;988;1014;981;78;865;878;893
2437,25,44,212;880;876;867;119;988;1014;981;78;865;878;893
2438,25,45,207;552;561;368;523;438;462;490;414;388;400;444;408;432;420;510
2439,25,45,207;552;561;369;525;440;464;492;416;390;402;446;410;434;422;512
2440,25,46,208;587;583;575;119;988;1014;981;78;865;878;894;895
2441,25,46,212;880;876;867;119;988;1014;981;78;865;878;894;895
2442,25,47,208;587;583;575;119;988;1014;981;78;865;878;894;896;874;897
2443,25,47,212;880;876;867;119;988;1014;981;78;865;878;894;896;874;897
2444,25,48,209;812;752;758;817;219;674;719;692;668;736
2445,25,48,210;814;754;760;819;219;674;719;692;668;736
2446,25,49,208;587;583;576;593;570;572;594
2447,25,49,212;880;876;867;119;988;1014;981;74;570;572;594
2448,25,50,207;552;561
2449,25,50,213;946;971
2450,26,1,226;1054;1031;26;394;381
2451,26,1,226;1054;1031;27;396;383
2452,26,2,226;1054;1031;26;394;382;523;438;462;490;414;387
2453,26,2,226;1054;1031;27;396;384;525;440;464;492;416;389
2454,26,3,226;1054;1031
2455,26,3,216;456;393
2456,26,4,226;1054;1031;26;394;382;523;438;462;490;414;388;399
2457,26,4,226;1054;1031;27;396;384;525;440;464;492;416;390;401
2458,26,5,219;674;719;692;668;737;702;643;124;646;688;709;698;625
2459,26,5,219;674;719;692;668;737;702;643;125;648;690;711;700;626
2460,26,6,222;818;763
2461,26,6,223;820;765
2462,26,7,226;1054;1031;26;394;382;523;438;462;490;414;388;400;444;407
2463,26,7,226;1054;1031;27;396;384;525;440;464;492;416;390;402;446;409
2464,26,8,226;1054;1031;26;394;381;10;859;880;876;867;119;988;1014;981
2465,26,8,226;1054;1031;27;396;383;10;859;880;876;867;119;988;1014;981
2466,26,9,226;1054;1031;26;394;381;10;859;880;876;867;119;988;1014;982;1002;1016;1020;996;1024;1008;984
2467,26,9,226;1054;1031;27;396;383;10;859;880;876;867;119;988;1014;982;1002;1016;1020;996;1024;1008;984
2468,26,10,226;1054;1031;26;394;381;10;859;880;876;867;119;988;1014;981;74;570;571
2469,26,10,226;1054;1031;27;396;383;10;859;880;876;867;119;988;1014;981;74;570;571
2470,26,11,226;1054;1031;26;394;382;523;438;461;238;554;556;538
2471,26,11,226;1054;1031;27;396;384;525;440;463;238;554;556;538
2472,26,12,226;1054;1031;26;394;382;523;438;462;490;414;388;400;444;408;432;419
2473,26,12,226;1054;1031;27;396;384;525;440;464;492;416;390;402;446;410;434;421
2474,26,13,226;1054;1031;26;394;381;10;859;880;876;867
2475,26,13,226;1054;1031;27;396;383;10;859;880;876;867
2476,26,14,219;674;719;692;668;737;702;643
2477,26,14,219;674;719;692;668;736;364;739;703;273;702;643
2478,26,15,226;1054;1031;26;394;382;523;438;462;490;414;388;400;444;408;431
2479,26,15,226;1054;1031;27;396;384;525;440;464;492;416;390;402;446;410;433
2480,26,16,222;818;764;783
2481,26,16,223;820;766;785
2482,26,17,222;818;764;784;826;831;286;1110;1095
2483,26,17,223;820;766;786;828;833;286;1110;1095
2484,26,18,226;1054;1031;26;394;381;10;859;880;876;867;119;988;1014;981;74;570;572;595;579
2485,26,18,226;1054;1031;27;396;383;10;859;880;876;867;119;988;1014;981;74;570;572;595;579
2486,26,19,226;1054;1031;26;394;382;523;437
2487,26,19,226;1054;1031;27;396;384;525;439
2488,26,20,226;1054;1031;26;394;381;10;859;880;876;867;119;988;1014;981;78;865;878;894;896;873
2489,26,20,226;1054;1031;27;396;383;10;859;880;876;867;119;988;1014;981;78;865;878;894;896;873
2490,26,21,226;1054;1031;26;394;381;10;859;880;875
2491,26,21,226;1054;1031;27;396;383;10;859;880;875
2492,26,22,226;1054;1031;26;394;382;523;438;462;490;414;388;400;443
2493,26,22,226;1054;1031;27;396;384;525;440;464;492;416;390;402;445
2494,26,23,226;1054;1031;26;394;381;10;859;880;876;867;119;988;1014;981;78;865;877
2495,26,23,226;1054;1031;27;396;383;10;859;880;876;867;119;988;1014;981;78;865;877
2496,26,24,219;674;719;692;667
2497,26,24,220;676;721;694;669
2498,26,25,226;1054;1031;26;394;381;10;859;879
2499,26,25,226;1054;1031;27;396;383;10;859;879
2500,26,27,226;1054;1032;1028;1074;1050;1057;1063;1040;1030;1034;1052;1038;1044;1042;1072;1067;1069;1055
2501,26,27,226;1054;1031;26;394;382;523;438;461;238;554;556;538;100;1040;1030;1034;1052;1038;1044;1042;1072;1067;1069;1055
2502,26,28,226;1054;1031;26;394;381;10;859;880;876;867;119;988;1014;981;78;865;878;894;896;874;898;883
2503,26,28,226;1054;1031;27;396;383;10;859;880;876;867;119;988;1014;981;78;865;878;894;896;874;898;883
2504,26,29,226;1054;1031;26;394;382;523;438;461
2505,26,29,226;1054;1031;27;396;384;525;440;463
2506,26,30,222;818;764;784;825
2507,26,30,223;820;766;786;827
2508,26,31,219;674;719;692;668;737;702;643;124;646;687
2509,26,31,219;674;719;692;668;737;702;643;125;648;689
2510,26,32,226;1054;1031;26;394;381;10;859;880;876;867;112;749;750
2511,26,32,226;1054;1031;27;396;383;10;859;880;876;867;112;749;750
2512,26,33,219;674;719;691
2513,26,33,220;676;721;693
2514,26,34,219;674;719;692;668;737;702;643;124;646;688;709;697
2515,26,34,219;674;719;692;668;737;702;643;125;648;690;711;699
2516,26,35,219;674;719;692;668;736;364;739;703
2517,26,35,219;674;719;692;668;736;365;741;705
2518,26,36,219;674;719;692;668;737;702;643;124;646;688;708
2519,26,36,219;674;719;692;668;737;702;643;125;648;690;710
2520,26,37,222;818;764;784;826;831
2521,26,37,223;820;766;786;828;833
2522,26,38,226;1054;1031;26;394;382;523;438;462;489
2523,26,38,226;1054;1031;27;396;384;525;440;464;491
2524,26,39,222;818;764;784;826;831;286;1110;1096;1113
2525,26,39,223;820;766;786;828;833;286;1110;1096;1113
2526,26,40,219;674;718
2527,26,40,220;676;720
2528,26,41,226;1054;1031;26;394;381;10;859;879;208;587;583;576;592
2529,26,41,226;1054;1031;27;396;383;10;859;879;208;587;583;576;592
2530,26,42,226;1054;1031;26;394;382;523;438;462;490;414;388;400;444;408;432;420;511;501
2531,26,42,226;1054;1031;27;396;384;525;440;464;492;416;390;402;446;410;434;422;513;503
2532,26,43,226;1054;1031;26;394;382;523;438;462;490;414;388;400;444;408;432;420;511;502;507
2533,26,43,226;1054;1031;27;396;384;525;440;464;492;416;390;402;446;410;434;422;513;504;508
2534,26,44,226;1054;1031;26;394;381;10;859;880;876;867;119;988;1014;981;78;865;878;893
2535,26,44,226;1054;1031;27;396;383;10;859;880;876;867;119;988;1014;981;78;865;878;893
2536,26,45,226;1054;1031;26;394;382;523;438;462;490;414;388;400;444;408;432;420;510
2537,26,45,226;1054;1031;27;396;384;525;440;464;492;416;390;402;446;410;434;422;512
2538,26,46,226;1054;1031;26;394;381;10;859;880;876;867;119;988;1014;981;78;865;878;894;895
2539,26,46,226;1054;1031;27;396;383;10;859;880;876;867;119;988;1014;981;78;865;878;894;895
2540,26,47,226;1054;1031;26;394;381;10;859;880;876;867;119;988;1014;981;78;865;878;894;896;874;897
2541,26,47,226;1054;1031;27;396;383;10;859;880;876;867;119;988;1014;981;78;865;878;894;896;874;897
2542,26,48,219;674;719;692;668;736
2543,26,48,220;676;721;694;669;204;668;736
2544,26,49,226;1054;1031;26;394;381;10;859;880;876;867;119;988;1014;981;74;570;572;594
2545,26,49,226;1054;1031;27;396;383;10;859;880;876;867;119;988;1014;981;74;570;572;594
2546,26,50,226;1054;1031;26;394;382;522
2547,26,50,226;1054;1031;27;396;384;524
2548,27,1,229;1104;1117;1115;1120;1090;1091;136;990;980;1000;978;976;985;94;634;713;680;656;743;601
2549,27,1,229;1104;1117;1115;1120;1090;1091;136;990;980;1000;978;976;985;94;634;712;299;1112;1105;240;680;656;743;601
2550,27,2,229;1104;1117;1115;1120;1090;1091;136;990;980;999;185;585;566;563
2551,27,2,229;1104;1117;1115;1120;1090;1091;136;990;980;999;187;664;622;609
2552,27,3,229;1104;1117;1115;1120;1090;1091;136;990;980;1000;978;976;985;94;634;713;680;656;742;374;745;604;615
2553,27,3,229;1104;1117;1115;1120;1090;1091;136;990;980;1000;978;976;985;94;634;713;680;656;742;375;747;606;617
2554,27,4,229;1104;1117;1115;1120;1090;1091;136;990;980;999;185;585;565
2555,27,4,229;1104;1117;1115;1120;1090;1091;136;990;980;999;187;664;621
2556,27,5,229;1104;1117;1115;1120;1090;1091;136;990;980;1000;978;976;985;94;634;713;680;656;743;602;614;674;719;692;668;737;702;643;124;646;688;709;698;625
2557,27,5,229;1104;1117;1115;1120;1090;1091;136;990;980;1000;978;976;985;94;634;713;680;656;743;602;614;674;719;692;668;737;702;643;125;648;690;711;700;626
2558,27,6,229;1104;1117;1115;1120;1090;1091;136;990;980;1000;978;976;985;94;634;713;680;656;742;380;1122;1076;1080;1102;1083
2559,27,6,229;1104;1117;1115;1120;1090;1091;136;990;980;1000;978;976;985;94;634;713;680;656;743;601;7;752;758;818;763
2560,27,7,229;1104;1117;1115;1120;1090;1091;130;578;567
2561,27,7,229;1104;1117;1115;1120;1090;1091;136;990;979
2562,27,8,229;1104;1117;1115;1120;1090;1091;136;990;980;1000;978;976;986;1012;1010;992;1026;1004;998;988;1014;981
2563,27,8,229;1104;1117;1115;1120;1090;1091;136;990;980;1000;978;976;985;93;574;590;299;1112;1105;245;1010;992;1026;1004;998;988;1014;981
2564,27,9,229;1104;1117;1115;1120;1090;1091;136;990;980;1000;978;976;986;1012;1010;992;1026;1004;998;988;1014;982;1002;1016;1020;996;1024;1008;984
2565,27,9,229;1104;1117;1115;1120;1090;1091;136;990;980;1000;978;976;985;93;574;590;299;1112;1105;245;1010;992;1026;1004;998;988;1014;982;1002;1016;1020;996;1024;1008;984
2566,27,10,229;1104;1117;1115;1120;1090;1091;136;990;980;1000;978;976;985;94;634;713;680;656;742;372;597;587;583;576;593;570;571
2567,27,10,229;1104;1117;1115;1120;1090;1091;136;990;980;1000;978;976;985;94;634;713;680;655;157;581;597;587;583;576;593;570;571
2568,27,11,229;1104;1117;1115;1120;1090;1091;136;990;980;1000;978;976;985
2569,27,11,229;1104;1117;1115;1120;1090;1091;136;990;980;999;185;585;566;563;23;976;985
2570,27,12,229;1104;1117;1115;1120;1089
2571,27,12,229;1104;1116;331;729;725;732;346;735;641
2572,27,13,229;1104;1117;1115;1120;1090;1091;136;990;980;1000;978;976;985;94;634;713;680;656;742;372;597;587;583;575
2573,27,13,229;1104;1117;1115;1120;1090;1091;136;990;980;1000;978;976;985;94;634;713;680;655;157;581;597;587;583;575
2574,27,14,229;1104;1117;1115;1120;1090;1091;136;990;980;1000;978;976;985;94;634;713;680;656;743;602;614;674;719;692;668;737;702;643
2575,27,14,229;1104;1117;1115;1120;1090;1091;136;990;980;1000;978;976;985;94;634;713;680;656;743;602;614;674;719;692;668;736;364;739;703;273;702;643
2576,27,15,229;1104;1117;1115;1120;1090;1091
2577,27,15,229;1104;1116;331;729;725;732;346;735;642;651
2578,27,16,229;1104;1117;1115;1120;1090;1091;136;990;980;1000;978;976;985;94;634;713;680;656;742;380;1122;1076;1080;1102;1084;1093
2579,27,16,229;1104;1117;1115;1120;1090;1091;136;990;980;1000;978;976;985;94;634;713;680;656;743;601;7;752;758;818;764;783
2580,27,17,229;1104;1117;1115;1120;1090;1091;136;990;980;1000;978;976;985;94;634;713;680;656;743;601;7;752;758;818;764;784;826;831;286;1110;1095
2581,27,17,229;1104;1117;1115;1120;1090;1091;136;990;980;1000;978;976;985;94;634;713;680;656;743;601;8;754;760;820;766;786;828;833;286;1110;1095
2582,27,18,229;1104;1117;1115;1120;1090;1091;136;990;980;1000;978;976;985;94;634;713;680;656;742;372;597;587;583;576;593;570;572;595;579
2583,27,18,229;1104;1117;1115;1120;1090;1091;136;990;980;1000;978;976;985;94;634;713;680;655;157;581;597;587;583;576;593;570;572;595;579
2584,27,19,229;1104;1117;1115;1120;1090;1091;136;990;980;1000;978;976;985;94;634;713;680;655
2585,27,19,229;1104;1117;1115;1120;1090;1091;136;990;980;1000;978;976;986;1012;1010;991
2586,27,20,229;1104;1117;1115;1120;1090;1091;136;990;980;1000;978;976;986;1012;1010;992;1026;1004;998;988;1014;981;78;865;878;894;896;873
2587,27,20,229;1104;1117;1115;1120;1090;1091;136;990;980;1000;978;976;986;1012;1010;992;1026;1004;998;988;1014;982;1002;1016;1020;995
2588,27,21,229;1104;1117;1115;1120;1090;1091;136;990;980;1000;978;976;986;1012;1010;992;1026;1004;997
2589,27,21,229;1104;1117;1115;1120;1090;1091;136;990;980;1000;978;976;985;93;574;590;299;1112;1105;245;1010;992;1026;1004;997
2590,27,22,229;1104;1117;1115;1120;1090;1091;136;990;980;999
2591,27,22,229;1104;1116;331;729;725;732;346;735;642;651;136;990;980;999
2592,27,23,229;1104;1117;1115;1120;1090;1091;136;990;980;1000;978;976;986;1012;1010;992;1026;1004;998;988;1014;981;78;865;877
2593,27,23,229;1104;1117;1115;1120;1090;1091;136;990;980;1000;978;976;986;1012;1010;992;1026;1004;998;988;1014;982;1001
2594,27,24,229;1104;1117;1115;1120;1090;1091;136;990;980;1000;978;976;985;94;634;713;680;656;742;374;745;604;616;676;721;694;669
2595,27,24,229;1104;1117;1115;1120;1090;1091;136;990;980;1000;978;976;985;94;634;713;680;656;742;375;747;606;618;678;723;696;671
2596,27,25,229;1104;1117;1115;1120;1090;1091;136;990;980;1000;978;976;986;1012;1010;992;1026;1003
2597,27,25,229;1104;1117;1115;1120;1090;1091;136;990;980;1000;978;976;985;93;574;590;299;1112;1105;245;1010;992;1026;1003
2598,27,26,229;1104;1117;1115;1120;1090;1091;136;990;980;1000;978;976;985;94;634;713;680;656;742;374;745;604;616;675
2599,27,26,229;1104;1117;1115;1120;1090;1091;136;990;980;1000;978;976;985;94;634;713;680;656;742;375;747;606;618;677
2600,27,28,229;1104;1117;1115;1120;1090;1091;136;990;980;1000;978;976;986;1012;1010;992;1026;1004;998;988;1014;981;78;865;878;894;896;874;898;883
2601,27,28,229;1104;1117;1115;1120;1090;1091;136;990;980;1000;978;976;986;1012;1010;992;1026;1004;998;988;1014;982;1002;1016;1020;996;1024;1007
2602,27,29,229;1104;1117;1115;1120;1090;1091;136;990;980;1000;978;976;985;93;574;590;299;1112;1105
2603,27,29,229;1104;1117;1115;1120;1090;1091;136;990;980;1000;978;976;985;94;634;712;299;1112;1105
2604,27,30,229;1104;1117;1115;1120;1090;1091;136;990;980;1000;978;976;985;94;634;713;680;656;742;380;1122;1076;1080;1102;1084;1094;1107
2605,27,30,229;1104;1117;1115;1120;1090;1091;136;990;980;1000;978;976;985;94;634;713;680;656;743;601;7;752;758;818;764;784;825
2606,27,31,229;1104;1117;1115;1120;1090;1091;136;990;980;1000;978;976;985;94;634;713;680;656;743;602;614;674;719;692;668;737;702;643;124;646;687
2607,27,31,229;1104;1117;1115;1120;1090;1091;136;990;980;1000;978;976;985;94;634;713;680;656;743;602;614;674;719;692;668;737;702;643;125;648;689
2608,27,32,229;1104;1117;1115;1120;1090;1091;136;990;980;1000;978;976;985;94;634;713;680;656;742;372;597;587;583;575;112;749;750
2609,27,32,229;1104;1117;1115;1120;1090;1091;136;990;980;1000;978;976;985;94;634;713;680;655;157;581;597;587;583;575;112;749;750
2610,27,33,229;1104;1117;1115;1120;1090;1091;136;990;980;1000;978;976;985;94;634;713;680;656;742;374;745;604;616;676;721;693
2611,27,33,229;1104;1117;1115;1120;1090;1091;136;990;980;1000;978;976;985;94;634;713;680;656;742;375;747;606;618;678;723;695
2612,27,34,229;1104;1117;1115;1120;1090;1091;136;990;980;1000;978;976;985;94;634;713;680;656;743;602;614;674;719;692;668;737;702;643;124;646;688;709;697
2613,27,34,229;1104;1117;1115;1120;1090;1091;136;990;980;1000;978;976;985;94;634;713;680;656;743;602;614;674;719;692;668;737;702;643;125;648;690;711;699
2614,27,35,229;1104;1117;1115;1120;1090;1091;136;990;980;1000;978;976;985;94;634;713;680;656;743;602;614;674;719;692;668;736;364;739;703
2615,27,35,229;1104;1117;1115;1120;1090;1091;136;990;980;1000;978;976;985;94;634;713;680;656;743;602;614;674;719;692;668;736;365;741;705
2616,27,36,229;1104;1117;1115;1120;1090;1091;136;990;980;1000;978;976;985;94;634;713;680;656;743;602;614;674;719;692;668;737;702;643;124;646;688;708
2617,27,36,229;1104;1117;1115;1120;1090;1091;136;990;980;1000;978;976;985;94;634;713;680;656;743;602;614;674;719;692;668;737;702;643;125;648;690;710
2618,27,37,229;1104;1117;1115;1120;1090;1091;136;990;980;1000;978;976;985;94;634;713;680;656;743;601;7;752;758;818;764;784;826;831
2619,27,37,229;1104;1117;1115;1120;1090;1091;136;990;980;1000;978;976;985;94;634;713;680;656;743;601;8;754;760;820;766;786;828;833
2620,27,38,229;1104;1117;1115;1120;1090;1091;136;990;980;1000;978;976;985;93;574;590
2621,27,38,229;1104;1117;1115;1120;1090;1091;136;990;980;1000;978;976;985;94;634;712
2622,27,39,229;1104;1117;1115;1120;1090;1091;136;990;980;1000;978;976;985;94;634;713;680;656;743;601;7;752;758;818;764;784;826;831;286;1110;1096;1113
2623,27,39,229;1104;1117;1115;1120;1090;1091;136;990;980;1000;978;976;985;94;634;713;680;656;743;601;8;754;760;820;766;786;828;833;286;1110;1096;1113
2624,27,40,229;1104;1117;1115;1120;1090;1091;136;990;980;1000;978;976;985;94;634;713;680;656;742;374;745;604;616;676;720
2625,27,40,229;1104;1117;1115;1120;1090;1091;136;990;980;1000;978;976;985;94;634;713;680;656;742;375;747;606;618;678;722
2626,27,41,229;1104;1117;1115;1120;1090;1091;136;990;980;1000;978;976;985;94;634;713;680;656;742;372;597;587;583;576;592
2627,27,41,229;1104;1117;1115;1120;1090;1091;136;990;980;1000;978;976;985;94;634;713;680;655;157;581;597;587;583;576;592
2628,27,42,229;1104;1116;331;729;724
2629,27,42,229;1104;1117;1114
2630,27,43,229;1104;1116
2631,27,43,229;1104;1117;1114;321;502;507
2632,27,44,229;1104;1117;1115;1120;1090;1091;136;990;980;1000;978;976;986;1012;1010;992;1026;1004;998;988;1014;981;78;865;878;893
2633,27,44,229;1104;1117;1115;1120;1090;1091;136;990;980;1000;978;976;986;1012;1010;992;1026;1004;998;988;1014;982;1002;1015
2634,27,45,229;1104;1116;331;729;725;732
2635,27,45,229;1104;1117;1115;1119
2636,27,46,229;1104;1117;1115;1120;1090;1091;136;990;980;1000;978;976;986;1012;1010;992;1026;1004;998;988;1014;981;78;865;878;894;895
2637,27,46,229;1104;1117;1115;1120;1090;1091;136;990;980;1000;978;976;986;1012;1010;992;1026;1004;998;988;1014;982;1002;1016;1019
2638,27,47,229;1104;1117;1115;1120;1090;1091;136;990;980;1000;978;976;986;1012;1010;992;1026;1004;998;988;1014;981;78;865;878;894;896;874;897
2639,27,47,229;1104;1117;1115;1120;1090;1091;136;990;980;1000;978;976;986;1012;1010;992;1026;1004;998;988;1014;982;1002;1016;1020;996;1023
2640,27,48,229;1104;1117;1115;1120;1090;1091;136;990;980;1000;978;976;985;94;634;713;680;656;743;602;614;674;719;692;668;736
2641,27,48,229;1104;1117;1115;1120;1090;1091;136;990;980;1000;978;976;985;94;634;713;680;656;742;374;745;604;616;676;721;694;669;204;668;736
2642,27,49,229;1104;1117;1115;1120;1090;1091;136;990;980;1000;978;976;985;94;634;713;680;656;742;372;597;587;583;576;593;570;572;594
2643,27,49,229;1104;1117;1115;1120;1090;1091;136;990;980;1000;978;976;985;94;634;713;680;655;157;581;597;587;583;576;593;570;572;594
2644,27,50,229;1104;1117;1115;1120;1090;1091;136;990;980;1000;978;976;985;94;634;713;680;656;742
2645,27,50,229;1104;1117;1115;1120;1090;1091;136;990;980;1000;978;976;986;1012;1010;992;1025
2646,28,1,230;824;857;796;853;849;808;772;843;780;802;814;753
2647,28,1,232;950;970;932;968;966;944;914;962;924;936;947;209;812;751
2648,28,2,232;950;970;932;968;966;944;914;962;924;936;948;974;930;954;958;920;901
2649,28,2,230;824;857;796;853;849;808;772;843;780;802;813;207;552;561;368;523;438;462;490;414;387
2650,28,3,230;824;857;796;853;849;808;772;843;780;802;814;754;759
2651,28,3,230;824;857;796;853;849;808;772;843;780;802;814;753;5;604;615
2652,28,4,232;950;970;932;968;966;944;914;962;924;936;948;974;930;954;958;920;902;905
2653,28,4,230;824;857;796;853;849;808;772;843;780;802;813;207;552;561;368;523;438;462;490;414;388;399
2654,28,5,230;824;857;796;853;849;808;772;843;780;802;814;754;760;819;219;674;719;692;668;737;702;643;124;646;688;709;698;625
2655,28,5,230;824;857;796;853;849;808;772;843;780;802;814;754;760;819;219;674;719;692;668;737;702;643;125;648;690;711;700;626
2656,28,6,230;824;857;796;853;849;808;772;843;780;802;814;754;760;820;765
2657,28,6,230;824;857;796;853;849;808;772;843;780;802;814;754;760;819;222;818;763
2658,28,7,232;950;970;932;968;966;944;914;962;924;936;948;974;930;954;958;920;902;906;940;909
2659,28,7,230;824;857;796;853;849;808;772;843;780;802;813;207;552;561;368;523;438;462;490;414;388;400;444;407
2660,28,8,230;824;857;796;853;849;808;771
2661,28,8,232;950;970;932;968;966;944;913
2662,28,9,233;1006;983
2663,28,9,234;1008;984
2664,28,10,230;824;857;796;853;849;808;771;74;570;571
2665,28,10,232;950;970;932;968;966;944;913;74;570;571
2666,28,11,230;824;857;796;853;849;808;772;843;780;802;813;207;552;562;546;554;556;538
2667,28,11,232;950;970;932;968;966;944;914;962;924;936;947;207;552;562;546;554;556;538
2668,28,12,230;824;857;796;853;849;808;772;843;780;802;813;207;552;561;368;523;438;462;490;414;388;400;444;408;432;419
2669,28,12,232;950;970;932;968;966;944;914;962;924;936;947;207;552;561;368;523;438;462;490;414;388;400;444;408;432;419
2670,28,13,230;824;857;796;853;849;808;772;843;779
2671,28,13,232;950;970;932;968;966;944;914;962;923
2672,28,14,230;824;857;796;853;849;808;772;843;780;802;814;754;760;819;219;674;719;692;668;737;702;643
2673,28,14,230;824;857;796;853;849;808;772;843;780;802;814;754;759;29;614;674;719;692;668;737;702;643
2674,28,15,232;950;970;932;968;966;944;914;962;924;936;948;974;930;954;958;920;902;906;940;910;926
2675,28,15,230;824;857;796;853;849;808;772;843;780;802;813;207;552;561;368;523;438;462;490;414;388;400;444;408;431
2676,28,16,230;824;857;796;853;849;808;772;843;780;802;814;754;760;820;766;785
2677,28,16,230;824;857;796;853;849;808;772;843;780;802;814;754;760;820;765;54;764;783
2678,28,17,230;824;857;796;853;849;808;772;843;780;802;814;754;760;820;766;786;828;833;286;1110;1095
2679,28,17,230;824;857;796;853;849;808;772;843;780;802;814;754;760;820;766;786;828;834;791
2680,28,18,230;824;857;796;853;849;808;771;74;570;572;595;579
2681,28,18,232;950;970;932;968;966;944;913;74;570;572;595;579
2682,28,19,230;824;857;796;853;849;808;772;843;780;802;813;207;552;562;545
2683,28,19,232;950;970;932;968;966;944;914;962;924;936;947;207;552;562;545
2684,28,20,230;824;857;795
2685,28,20,232;950;970;931
2686,28,21,230;824;857;796;853;849;808;772;843;780;801
2687,28,21,232;950;970;932;968;966;944;914;962;924;935
2688,28,22,232;950;970;932;968;966;944;914;962;924;936;948;974;930;954;958;920;902;906;939
2689,28,22,230;824;857;796;853;849;808;772;843;780;802;813;207;552;561;368;523;438;462;490;414;388;400;443
2690,28,23,230;824;857;796;853;849;807
2691,28,23,232;950;970;932;968;966;943
2692,28,24,230;824;857;796;853;849;808;772;843;780;802;814;754;760;819;219;674;719;692;667
2693,28,24,230;824;857;796;853;849;808;772;843;780;802;814;754;760;819;220;676;721;694;669
2694,28,25,230;824;857;796;853;849;808;772;843;780;802;813
2695,28,25,232;950;970;932;968;966;944;914;962;924;936;947
2696,28,26,230;824;857;796;853;849;808;772;843;780;802;814;754;760;819
2697,28,26,230;824;857;796;853;849;808;772;843;780;802;814;754;759;29;614;673
2698,28,27,230;824;857;796;853;849;808;772;843;780;802;813;207;552;561;379;1074;1050;1057;1063;1040;1030;1034;1052;1038;1044;1042;1072;1067;1069;1055
2699,28,27,232;950;970;932;968;966;944;914;962;924;936;947;207;552;561;379;1074;1050;1057;1063;1040;1030;1034;1052;1038;1044;1042;1072;1067;1069;1055
2700,28,29,232;950;970;932;968;966;944;914;962;924;936;948;974;930;953
2701,28,29,230;824;857;796;853;849;808;772;843;780;802;813;207;552;561;368;523;438;461
2702,28,30,230;824;857;796;853;849;808;772;843;780;802;814;754;760;820;766;786;827
2703,28,30,230;824;857;796;853;849;808;772;843;780;802;814;754;760;820;766;785;139;784;825
2704,28,31,230;824;857;796;853;849;808;772;843;780;802;814;754;760;819;219;674;719;692;668;737;702;643;124;646;687
2705,28,31,230;824;857;796;853;849;808;772;843;780;802;814;754;760;819;219;674;719;692;668;737;702;643;125;648;689
2706,28,32,230;824;857;796;853;849;808;772;843;779;112;749;750
2707,28,32,232;950;970;932;968;966;944;914;962;923;112;749;750
2708,28,33,230;824;857;796;853;849;808;772;843;780;802;814;754;760;819;219;674;719;691
2709,28,33,230;824;857;796;853;849;808;772;843;780;802;814;754;760;819;220;676;721;693
2710,28,34,230;824;857;796;853;849;808;772;843;780;802;814;754;760;819;219;674;719;692;668;737;702;643;124;646;688;709;697
2711,28,34,230;824;857;796;853;849;808;772;843;780;802;814;754;760;819;219;674;719;692;668;737;702;643;125;648;690;711;699
2712,28,35,230;824;857;796;853;849;808;772;843;780;802;814;754;760;819;219;674;719;692;668;736;364;739;703
2713,28,35,230;824;857;796;853;849;808;772;843;780;802;814;754;760;819;219;674;719;692;668;736;365;741;705
2714,28,36,230;824;857;796;853;849;808;772;843;780;802;814;754;760;819;219;674;719;692;668;737;702;643;124;646;688;708
2715,28,36,230;824;857;796;853;849;808;772;843;780;802;814;754;760;819;219;674;719;692;668;737;702;643;125;648;690;710
2716,28,37,230;824;857;796;853;849;808;772;843;780;802;814;754;760;820;766;786;828;833
2717,28,37,230;824;857;796;853;849;808;772;843;780;802;814;754;760;820;766;786;827;248;826;831
2718,28,38,232;950;970;932;968;966;944;914;962;924;936;948;974;930;954;957
2719,28,38,230;824;857;796;853;849;808;772;843;780;802;813;207;552;561;368;523;438;462;489
2720,28,39,230;824;857;796;853;849;808;772;843;780;802;814;754;760;820;766;786;828;833;286;1110;1096;1113
2721,28,39,230;824;857;796;853;849;808;772;843;780;802;814;754;760;820;766;786;828;834;792;838
2722,28,40,230;824;857;796;853;849;808;772;843;780;802;814;754;760;819;219;674;718
2723,28,40,230;824;857;796;853;849;808;772;843;780;802;814;754;760;819;220;676;720
2724,28,41,230;824;857;796;853;849;808;772;842
2725,28,41,232;950;970;932;968;966;944;914;961
2726,28,42,230;824;857;796;853;849;808;772;843;780;802;813;207;552;561;368;523;438;462;490;414;388;400;444;408;432;420;511;501
2727,28,42,232;950;970;932;968;966;944;914;962;924;936;947;207;552;561;368;523;438;462;490;414;388;400;444;408;432;420;511;501
2728,28,43,230;824;857;796;853;849;808;772;843;780;802;813;207;552;561;368;523;438;462;490;414;388;400;444;408;432;420;511;502;507
2729,28,43,232;950;970;932;968;966;944;914;962;924;936;947;207;552;561;368;523;438;462;490;414;388;400;444;408;432;420;511;502;507
2730,28,44,230;824;857;796;853;848
2731,28,44,232;950;970;932;968;965
2732,28,45,230;824;857;796;853;849;808;772;843;780;802;813;207;552;561;368;523;438;462;490;414;388;400;444;408;432;420;510
2733,28,45,232;950;970;932;968;966;944;914;962;924;936;947;207;552;561;368;523;438;462;490;414;388;400;444;408;432;420;510
2734,28,46,230;824;857;796;852
2735,28,46,232;950;970;932;967
2736,28,47,230;824;856
2737,28,47,232;950;969
2738,28,48,230;824;857;796;853;849;808;772;843;780;802;814;754;760;819;219;674;719;692;668;736
2739,28,48,230;824;857;796;853;849;808;772;843;780;802;814;754;759;29;614;674;719;692;668;736
2740,28,49,230;824;857;796;853;849;808;771;74;570;572;594
2741,28,49,232;950;970;932;968;966;944;913;74;570;572;594
2742,28,50,230;824;857;796;853;849;808;772;843;780;802;813;207;552;561
2743,28,50,232;950;970;932;968;966;944;914;962;924;936;947;207;552;561
2744,29,1,240;680;656;743;601
2745,29,1,245;1010;992;1025;373;743;601
2746,29,2,238;554;556;538;89;414;387
2747,29,2,238;554;556;538;90;416;389
2748,29,3,240;680;656;742;374;745;604;615
2749,29,3,245;1010;992;1025;374;745;604;615
2750,29,4,238;554;556;538;89;414;388;399
2751,29,4,238;554;556;538;90;416;390;401
2752,29,5,240;680;656;743;602;614;674;719;692;668;737;702;643;124;646;688;709;698;625
2753,29,5,240;680;656;743;602;614;674;719;692;668;737;702;643;125;648;690;711;700;626
2754,29,6,240;680;656;742;380;1122;1076;1080;1102;1083
2755,29,6,245;1010;992;1025;380;1122;1076;1080;1102;1083
2756,29,7,238;554;556;538;89;414;388;400;444;407
2757,29,7,238;554;556;538;90;416;390;402;446;409
2758,29,8,245;1010;992;1026;1004;998;988;1014;981
2759,29,8,240;680;656;742;372;597;587;583;575;119;988;1014;981
2760,29,9,245;1010;992;1026;1004;998;988;1014;982;1002;1016;1020;996;1024;1008;984
2761,29,9,240;680;656;742;372;597;587;583;575;119;988;1014;982;1002;1016;1020;996;1024;1008;984
2762,29,10,240;680;656;742;372;597;587;583;576;593;570;571
2763,29,10,245;1010;992;1025;372;597;587;583;576;593;570;571
2764,29,11,238;554;556;538
2765,29,11,235;462;489;290;556;538
2766,29,12,238;554;556;538;89;414;388;400;444;408;432;419
2767,29,12,238;554;556;538;90;416;390;402;446;410;434;421
2768,29,13,240;680;656;742;372;597;587;583;575
2769,29,13,245;1010;992;1025;372;597;587;583;575
2770,29,14,240;680;656;743;602;614;674;719;692;668;737;702;643
2771,29,14,240;680;656;743;602;614;674;719;692;668;736;364;739;703;273;702;643
2772,29,15,238;554;556;538;89;414;388;400;444;408;431
2773,29,15,238;554;556;538;90;416;390;402;446;410;433
2774,29,16,240;680;656;742;380;1122;1076;1080;1102;1084;1093
2775,29,16,245;1010;992;1025;380;1122;1076;1080;1102;1084;1093
2776,29,17,240;680;656;743;601;7;752;758;818;764;784;826;831;286;1110;1095
2777,29,17,240;680;656;743;601;8;754;760;820;766;786;828;833;286;1110;1095
2778,29,18,240;680;656;742;372;597;587;583;576;593;570;572;595;579
2779,29,18,245;1010;992;1025;372;597;587;583;576;593;570;572;595;579
2780,29,19,240;680;655
2781,29,19,245;1010;991
2782,29,20,245;1010;992;1026;1004;998;988;1014;981;78;865;878;894;896;873
2783,29,20,245;1010;992;1026;1004;998;988;1014;982;1002;1016;1020;995
2784,29,21,245;1010;992;1026;1004;997
2785,29,21,240;680;656;742;372;597;587;582
2786,29,22,238;554;556;538;89;414;388;400;443
2787,29,22,238;554;556;538;90;416;390;402;445
2788,29,23,245;1010;992;1026;1004;998;988;1014;981;78;865;877
2789,29,23,245;1010;992;1026;1004;998;988;1014;982;1001
2790,29,24,240;680;656;742;374;745;604;616;676;721;694;669
2791,29,24,240;680;656;742;375;747;606;618;678;723;696;671
2792,29,25,245;1010;992;1026;1003
2793,29,25,240;680;656;742;372;597;586
2794,29,26,240;680;656;742;374;745;604;616;675
2795,29,26,245;1010;992;1025;374;745;604;616;675
2796,29,27,238;554;556;538;100;1040;1030;1034;1052;1038;1044;1042;1072;1067;1069;1055
2797,29,27,246;1057;1063;1040;1030;1034;1052;1038;1044;1042;1072;1067;1069;1055
2798,29,28,245;1010;992;1026;1004;998;988;1014;981;78;865;878;894;896;874;898;883
2799,29,28,245;1010;992;1026;1004;998;988;1014;982;1002;1016;1020;996;1024;1007
2800,29,30,240;680;656;742;380;1122;1076;1080;1102;1084;1094;1107
2801,29,30,245;1010;992;1025;380;1122;1076;1080;1102;1084;1094;1107
2802,29,31,240;680;656;743;602;614;674;719;692;668;737;702;643;124;646;687
2803,29,31,240;680;656;743;602;614;674;719;692;668;737;702;643;125;648;689
2804,29,32,240;680;656;742;372;597;587;583;575;112;749;750
2805,29,32,245;1010;992;1025;372;597;587;583;575;112;749;750
2806,29,33,240;680;656;742;374;745;604;616;676;721;693
2807,29,33,245;1010;992;1025;374;745;604;616;676;721;693
2808,29,34,240;680;656;743;602;614;674;719;692;668;737;702;643;124;646;688;709;697
2809,29,34,240;680;656;743;602;614;674;719;692;668;737;702;643;125;648;690;711;699
2810,29,35,240;680;656;743;602;614;674;719;692;668;736;364;739;703
2811,29,35,240;680;656;743;602;614;674;719;692;668;736;365;741;705
2812,29,36,240;680;656;743;602;614;674;719;692;668;737;702;643;124;646;688;708
2813,29,36,240;680;656;743;602;614;674;719;692;668;737;702;643;125;648;690;710
2814,29,37,240;680;656;743;601;7;752;758;818;764;784;826;831
2815,29,37,240;680;656;743;601;8;754;760;820;766;786;828;833
2816,29,38,235;462;489
2817,29,38,236;464;491
2818,29,39,240;680;656;743;601;7;752;758;818;764;784;826;831;286;1110;1096;1113
2819,29,39,240;680;656;743;601;8;754;760;820;766;786;828;833;286;1110;1096;1113
2820,29,40,240;680;656;742;374;745;604;616;676;720
2821,29,40,245;1010;992;1025;374;745;604;616;676;720
2822,29,41,240;680;656;742;372;597;587;583;576;592
2823,29,41,245;1010;992;1025;372;597;587;583;576;592
2824,29,42,238;554;556;538;89;414;388;400;444;408;432;420;511;501
2825,29,42,238;554;556;538;90;416;390;402;446;410;434;422;513;503
2826,29,43,238;554;556;538;89;414;388;400;444;408;432;420;511;502;507
2827,29,43,238;554;556;538;90;416;390;402;446;410;434;422;513;504;508
2828,29,44,245;1010;992;1026;1004;998;988;1014;981;78;865;878;893
2829,29,44,245;1010;992;1026;1004;998;988;1014;982;1002;1015
2830,29,45,238;554;556;538;89;414;388;400;444;408;432;420;510
2831,29,45,238;554;556;538;90;416;390;402;446;410;434;422;512
2832,29,46,245;1010;992;1026;1004;998;988;1014;981;78;865;878;894;895
2833,29,46,245;1010;992;1026;1004;998;988;1014;982;1002;1016;1019
2834,29,47,245;1010;992;1026;1004;998;988;1014;981;78;865;878;894;896;874;897
2835,29,47,245;1010;992;1026;1004;998;988;1014;982;1002;1016;1020;996;1023
2836,29,48,240;680;656;743;602;614;674;719;692;668;736
2837,29,48,240;680;656;742;374;745;604;616;676;721;694;669;204;668;736
2838,29,49,240;680;656;742;372;597;587;583;576;593;570;572;594
2839,29,49,245;1010;992;1025;372;597;587;583;576;593;570;572;594
2840,29,50,240;680;656;742
2841,29,50,245;1010;992;1025
2842,30,1,252;1059;1046;1036;1054;1031;26;394;381
2843,30,1,252;1059;1046;1036;1054;1031;27;396;383
2844,30,2,252;1059;1046;1036;1054;1031;26;394;382;523;438;462;490;414;387
2845,30,2,252;1059;1046;1036;1054;1031;27;396;384;525;440;464;492;416;389
2846,30,3,252;1059;1046;1036;1054;1031
2847,30,3,252;1059;1045;142;870;863;881;226;1054;1031
2848,30,4,252;1059;1046;1036;1054;1031;26;394;382;523;438;462;490;414;388;399
2849,30,4,252;1059;1046;1036;1054;1031;27;396;384;525;440;464;492;416;390;401
2850,30,5,252;1059;1045;142;870;863;881;219;674;719;692;668;737;702;643;124;646;688;709;698;625
2851,30,5,252;1059;1045;142;870;863;881;219;674;719;692;668;737;702;643;125;648;690;711;700;626
2852,30,6,252;1059;1046;1035
2853,30,6,252;1059;1045;142;870;862
2854,30,7,252;1059;1046;1036;1054;1031;26;394;382;523;438;462;490;414;388;400;444;407
2855,30,7,252;1059;1046;1036;1054;1031;27;396;384;525;440;464;492;416;390;402;446;409
2856,30,8,252;1059;1046;1036;1054;1031;26;394;381;10;859;880;876;867;119;988;1014;981
2857,30,8,252;1059;1046;1036;1054;1031;27;396;383;10;859;880;876;867;119;988;1014;981
2858,30,9,252;1059;1046;1036;1054;1031;26;394;381;10;859;880;876;867;119;988;1014;982;1002;1016;1020;996;1024;1008;984
2859,30,9,252;1059;1046;1036;1054;1031;27;396;383;10;859;880;876;867;119;988;1014;982;1002;1016;1020;996;1024;1008;984
2860,30,10,252;1059;1046;1036;1054;1031;26;394;381;10;859;880;876;867;119;988;1014;981;74;570;571
2861,30,10,252;1059;1046;1036;1054;1031;27;396;383;10;859;880;876;867;119;988;1014;981;74;570;571
2862,30,11,252;1059;1046;1036;1054;1031;26;394;382;523;438;461;238;554;556;538
2863,30,11,252;1059;1046;1036;1054;1031;27;396;384;525;440;463;238;554;556;538
2864,30,12,252;1059;1046;1036;1054;1031;26;394;382;523;438;462;490;414;388;400;444;408;432;419
2865,30,12,252;1059;1046;1036;1054;1031;27;396;384;525;440;464;492;416;390;402;446;410;434;421
2866,30,13,252;1059;1046;1036;1054;1031;26;394;381;10;859;880;876;867
2867,30,13,252;1059;1046;1036;1054;1031;27;396;383;10;859;880;876;867
2868,30,14,252;1059;1045;142;870;863;881;219;674;719;692;668;737;702;643
2869,30,14,252;1059;1046;1035;57;863;881;219;674;719;692;668;737;702;643
2870,30,15,252;1059;1046;1036;1054;1031;26;394;382;523;438;462;490;414;388;400;444;408;431
2871,30,15,252;1059;1046;1036;1054;1031;27;396;384;525;440;464;492;416;390;402;446;410;433
2872,30,16,252;1059;1045
2873,30,16,251;886;869
2874,30,17,248;826;831;286;1110;1095
2875,30,17,249;828;833;286;1110;1095
2876,30,18,252;1059;1046;1036;1054;1031;26;394;381;10;859;880;876;867;119;988;1014;981;74;570;572;595;579
2877,30,18,252;1059;1046;1036;1054;1031;27;396;383;10;859;880;876;867;119;988;1014;981;74;570;572;595;579
2878,30,19,252;1059;1046;1036;1054;1031;26;394;382;523;437
2879,30,19,252;1059;1046;1036;1054;1031;27;396;384;525;439
2880,30,20,252;1059;1046;1036;1054;1031;26;394;381;10;859;880;876;867;119;988;1014;981;78;865;878;894;896;873
2881,30,20,252;1059;1046;1036;1054;1031;27;396;383;10;859;880;876;867;119;988;1014;981;78;865;878;894;896;873
2882,30,21,252;1059;1046;1036;1054;1031;26;394;381;10;859;880;875
2883,30,21,252;1059;1046;1036;1054;1031;27;396;383;10;859;880;875
2884,30,22,252;1059;1046;1036;1054;1031;26;394;382;523;438;462;490;414;388;400;443
2885,30,22,252;1059;1046;1036;1054;1031;27;396;384;525;440;464;492;416;390;402;445
2886,30,23,252;1059;1046;1036;1054;1031;26;394;381;10;859;880;876;867;119;988;1014;981;78;865;877
2887,30,23,252;1059;1046;1036;1054;1031;27;396;383;10;859;880;876;867;119;988;1014;981;78;865;877
2888,30,24,252;1059;1045;142;870;863;881;219;674;719;692;667
2889,30,24,252;1059;1045;142;870;863;881;220;676;721;694;669
2890,30,25,252;1059;1046;1036;1054;1031;26;394;381;10;859;879
2891,30,25,252;1059;1046;1036;1054;1031;27;396;383;10;859;879
2892,30,26,252;1059;1045;142;870;863;881
2893,30,26,252;1059;1046;1035;57;863;881
2894,30,27,252;1059;1046;1036;1054;1032;1028;1074;1050;1057;1063;1040;1030;1034;1052;1038;1044;1042;1072;1067;1069;1055
2895,30,27,252;1059;1046;1036;1054;1031;26;394;382;523;438;461;238;554;556;538;100;1040;1030;1034;1052;1038;1044;1042;1072;1067;1069;1055
2896,30,28,252;1059;1046;1036;1054;1031;26;394;381;10;859;880;876;867;119;988;1014;981;78;865;878;894;896;874;898;883
2897,30,28,252;1059;1046;1036;1054;1031;27;396;383;10;859;880;876;867;119;988;1014;981;78;865;878;894;896;874;898;883
2898,30,29,252;1059;1046;1036;1054;1031;26;394;382;523;438;461
2899,30,29,252;1059;1046;1036;1054;1031;27;396;384;525;440;463
2900,30,31,252;1059;1045;142;870;863;881;219;674;719;692;668;737;702;643;124;646;687
2901,30,31,252;1059;1045;142;870;863;881;219;674;719;692;668;737;702;643;125;648;689
2902,30,32,252;1059;1046;1036;1054;1031;26;394;381;10;859;880;876;867;112;749;750
2903,30,32,252;1059;1046;1036;1054;1031;27;396;383;10;859;880;876;867;112;749;750
2904,30,33,252;1059;1045;142;870;863;881;219;674;719;691
2905,30,33,252;1059;1045;142;870;863;881;220;676;721;693
2906,30,34,252;1059;1045;142;870;863;881;219;674;719;692;668;737;702;643;124;646;688;709;697
2907,30,34,252;1059;1045;142;870;863;881;219;674;719;692;668;737;702;643;125;648;690;711;699
2908,30,35,252;1059;1045;142;870;863;881;219;674;719;692;668;736;364;739;703
2909,30,35,252;1059;1045;142;870;863;881;219;674;719;692;668;736;365;741;705
2910,30,36,252;1059;1045;142;870;863;881;219;674;719;692;668;737;702;643;124;646;688;708
2911,30,36,252;1059;1045;142;870;863;881;219;674;719;692;668;737;702;643;125;648;690;710
2912,30,37,248;826;831
2913,30,37,249;828;833
2914,30,38,252;1059;1046;1036;1054;1031;26;394;382;523;438;462;489
2915,30,38,252;1059;1046;1036;1054;1031;27;396;384;525;440;464;491
2916,30,39,248;826;831;286;1110;1096;1113
2917,30,39,249;828;833;286;1110;1096;1113
2918,30,40,252;1059;1045;142;870;863;881;219;674;718
2919,30,40,252;1059;1045;142;870;863;881;220;676;720
2920,30,41,252;1059;1046;1036;1054;1031;26;394;381;10;859;879;208;587;583;576;592
2921,30,41,252;1059;1046;1036;1054;1031;27;396;383;10;859;879;208;587;583;576;592
2922,30,42,252;1059;1046;1036;1054;1031;26;394;382;523;438;462;490;414;388;400;444;408;432;420;511;501
2923,30,42,252;1059;1046;1036;1054;1031;27;396;384;525;440;464;492;416;390;402;446;410;434;422;513;503
2924,30,43,252;1059;1046;1036;1054;1031;26;394;382;523;438;462;490;414;388;400;444;408;432;420;511;502;507
2925,30,43,252;1059;1046;1036;1054;1031;27;396;384;525;440;464;492;416;390;402;446;410;434;422;513;504;508
2926,30,44,252;1059;1046;1036;1054;1031;26;394;381;10;859;880;876;867;119;988;1014;981;78;865;878;893
2927,30,44,252;1059;1046;1036;1054;1031;27;396;383;10;859;880;876;867;119;988;1014;981;78;865;878;893
2928,30,45,252;1059;1046;1036;1054;1031;26;394;382;523;438;462;490;414;388;400;444;408;432;420;510
2929,30,45,252;1059;1046;1036;1054;1031;27;396;384;525;440;464;492;416;390;402;446;410;434;422;512
2930,30,46,252;1059;1046;1036;1054;1031;26;394;381;10;859;880;876;867;119;988;1014;981;78;865;878;894;895
2931,30,46,252;1059;1046;1036;1054;1031;27;396;383;10;859;880;876;867;119;988;1014;981;78;865;878;894;895
2932,30,47,252;1059;1046;1036;1054;1031;26;394;381;10;859;880;876;867;119;988;1014;981;78;865;878;894;896;874;897
2933,30,47,252;1059;1046;1036;1054;1031;27;396;383;10;859;880;876;867;119;988;1014;981;78;865;878;894;896;874;897
2934,30,48,252;1059;1045;142;870;863;881;219;674;719;692;668;736
2935,30,48,252;1059;1046;1035;57;863;881;219;674;719;692;668;736
2936,30,49,252;1059;1046;1036;1054;1031;26;394;381;10;859;880;876;867;119;988;1014;981;74;570;572;594
2937,30,49,252;1059;1046;1036;1054;1031;27;396;383;10;859;880;876;867;119;988;1014;981;74;570;572;594
2938,30,50,252;1059;1046;1036;1054;1031;26;394;382;522
2939,30,50,252;1059;1046;1036;1054;1031;27;396;384;524
2940,31,1,255;470;428;482;519;452;473;261;472;496;456;394;381
2941,31,1,255;470;428;482;519;452;473;263;476;500;460;398;385
2942,31,2,255;470;428;482;519;452;473;261;472;496;456;394;382;523;438;462;490;414;387
2943,31,2,255;470;428;482;519;452;473;263;476;500;460;398;386;527;442;466;494;418;391
2944,31,3,255;470;428;482;519;452;473;261;472;496;455;226;1054;1031
2945,31,3,255;470;428;482;519;452;473;263;476;500;459;226;1054;1031
2946,31,4,255;470;428;482;519;452;473;261;472;496;456;394;382;523;438;462;490;414;388;399
2947,31,4,255;470;428;482;519;452;473;263;476;500;460;398;386;527;442;466;494;418;392;403
2948,31,5,257;688;709;698;625
2949,31,5,258;690;711;700;626
2950,31,6,255;470;428;482;519;452;473;261;472;496;455;222;818;763
2951,31,6,255;470;428;482;519;452;473;263;476;500;459;222;818;763
2952,31,7,255;470;428;482;519;452;473;261;472;496;456;394;382;523;438;462;490;414;388;400;444;407
2953,31,7,255;470;428;482;519;452;473;263;476;500;460;398;386;527;442;466;494;418;392;404;448;411
2954,31,8,255;470;428;482;519;452;473;261;472;496;456;394;381;10;859;880;876;867;119;988;1014;981
2955,31,8,255;470;428;482;519;452;473;263;476;500;460;398;385;10;859;880;876;867;119;988;1014;981
2956,31,9,255;470;428;482;519;452;473;261;472;496;456;394;381;10;859;880;876;867;119;988;1014;982;1002;1016;1020;996;1024;1008;984
2957,31,9,255;470;428;482;519;452;473;263;476;500;460;398;385;10;859;880;876;867;119;988;1014;982;1002;1016;1020;996;1024;1008;984
2958,31,10,255;470;428;482;519;452;473;261;472;496;456;394;381;10;859;880;876;867;119;988;1014;981;74;570;571
2959,31,10,255;470;428;482;519;452;473;263;476;500;460;398;385;10;859;880;876;867;119;988;1014;981;74;570;571
2960,31,11,255;470;428;482;519;452;473;261;472;496;456;394;382;523;438;461;238;554;556;538
2961,31,11,255;470;428;482;519;452;473;263;476;500;460;398;386;527;442;465;238;554;556;538
2962,31,12,255;470;428;482;519;452;473;261;472;496;456;394;382;523;438;462;490;414;388;400;444;408;432;419
2963,31,12,255;470;428;482;519;452;473;263;476;500;460;398;386;527;442;466;494;418;392;404;448;412;436;423
2964,31,13,255;470;428;482;519;452;473;261;472;496;456;394;381;10;859;880;876;867
2965,31,13,255;470;428;482;519;452;473;263;476;500;460;398;385;10;859;880;876;867
2966,31,14,254;468;425
2967,31,14,255;470;427
2968,31,15,255;470;428;482;519;452;473;261;472;496;456;394;382;523;438;462;490;414;388;400;444;408;431
2969,31,15,255;470;428;482;519;452;473;263;476;500;460;398;386;527;442;466;494;418;392;404;448;412;435
2970,31,16,255;470;428;482;519;452;473;261;472;496;455;222;818;764;783
2971,31,16,255;470;428;482;519;452;473;263;476;500;459;222;818;764;783
2972,31,17,255;470;428;482;519;452;473;261;472;496;455;222;818;764;784;826;831;286;1110;1095
2973,31,17,255;470;428;482;519;452;473;263;476;500;459;222;818;764;784;826;831;286;1110;1095
2974,31,18,255;470;428;482;519;452;473;261;472;496;456;394;381;10;859;880;876;867;119;988;1014;981;74;570;572;595;579
2975,31,18,255;470;428;482;519;452;473;263;476;500;460;398;385;10;859;880;876;867;119;988;1014;981;74;570;572;595;579
2976,31,19,255;470;428;482;519;452;473;261;472;496;456;394;382;523;437
2977,31,19,255;470;428;482;519;452;473;263;476;500;460;398;386;527;441
2978,31,20,255;470;428;482;519;452;473;261;472;496;456;394;381;10;859;880;876;867;119;988;1014;981;78;865;878;894;896;873
2979,31,20,255;470;428;482;519;452;473;263;476;500;460;398;385;10;859;880;876;867;119;988;1014;981;78;865;878;894;896;873
2980,31,21,255;470;428;482;519;452;473;261;472;496;456;394;381;10;859;880;875
2981,31,21,255;470;428;482;519;452;473;263;476;500;460;398;385;10;859;880;875
2982,31,22,255;470;428;482;519;452;473;261;472;496;456;394;382;523;438;462;490;414;388;400;443
2983,31,22,255;470;428;482;519;452;473;263;476;500;460;398;386;527;442;466;494;418;392;404;447
2984,31,23,255;470;428;482;519;452;473;261;472;496;456;394;381;10;859;880;876;867;119;988;1014;981;78;865;877
2985,31,23,255;470;428;482;519;452;473;263;476;500;460;398;385;10;859;880;876;867;119;988;1014;981;78;865;877
2986,31,24,254;468;426;480;517;449
2987,31,24,255;470;428;482;519;451
2988,31,25,255;470;428;482;519;452;473;261;472;496;456;394;381;10;859;879
2989,31,25,255;470;428;482;519;452;473;263;476;500;460;398;385;10;859;879
2990,31,26,255;470;428;482;519;452;473;261;472;496;455
2991,31,26,255;470;428;482;519;452;473;263;476;500;459
2992,31,27,255;470;428;482;519;452;473;261;472;496;456;394;382;523;438;461;238;554;556;538;100;1040;1030;1034;1052;1038;1044;1042;1072;1067;1069;1055
2993,31,27,255;470;428;482;519;452;473;263;476;500;460;398;386;527;442;465;238;554;556;538;100;1040;1030;1034;1052;1038;1044;1042;1072;1067;1069;1055
2994,31,28,255;470;428;482;519;452;473;261;472;496;456;394;381;10;859;880;876;867;119;988;1014;981;78;865;878;894;896;874;898;883
2995,31,28,255;470;428;482;519;452;473;263;476;500;460;398;385;10;859;880;876;867;119;988;1014;981;78;865;878;894;896;874;898;883
2996,31,29,255;470;428;482;519;452;473;261;472;496;456;394;382;523;438;461
2997,31,29,255;470;428;482;519;452;473;263;476;500;460;398;386;527;442;465
2998,31,30,255;470;428;482;519;452;473;261;472;496;455;222;818;764;784;825
2999,31,30,255;470;428;482;519;452;473;263;476;500;459;222;818;764;784;825
3000,31,32,255;470;428;482;519;452;473;261;472;496;456;394;381;10;859;880;876;867;112;749;750
3001,31,32,255;470;428;482;519;452;473;263;476;500;460;398;385;10;859;880;876;867;112;749;750
3002,31,33,255;470;428;482;519;452;473
3003,31,33,254;468;425;121;428;482;519;452;473
3004,31,34,257;688;709;697
3005,31,34,258;690;711;699
3006,31,35,254;468;426;479
3007,31,35,255;470;428;481
3008,31,36,256;686;707
3009,31,36,257;688;708
3010,31,37,255;470;428;482;519;452;473;261;472;496;455;222;818;764;784;826;831
3011,31,37,255;470;428;482;519;452;473;263;476;500;459;222;818;764;784;826;831
3012,31,38,255;470;428;482;519;452;473;261;472;496;456;394;382;523;438;462;489
3013,31,38,255;470;428;482;519;452;473;263;476;500;460;398;386;527;442;466;493
3014,31,39,255;470;428;482;519;452;473;261;472;496;455;222;818;764;784;826;831;286;1110;1096;1113
3015,31,39,255;470;428;482;519;452;473;263;476;500;459;222;818;764;784;826;831;286;1110;1096;1113
3016,31,40,255;470;428;482;519;452;473;261;472;495
3017,31,40,255;470;428;482;519;452;473;263;476;499
3018,31,41,255;470;428;482;519;452;473;261;472;496;456;394;381;10;859;879;208;587;583;576;592
3019,31,41,255;470;428;482;519;452;473;263;476;500;460;398;385;10;859;879;208;587;583;576;592
3020,31,42,255;470;428;482;519;452;473;261;472;496;456;394;382;523;438;462;490;414;388;400;444;408;432;420;511;501
3021,31,42,255;470;428;482;519;452;473;263;476;500;460;398;386;527;442;466;494;418;392;404;448;412;436;424;515;505
3022,31,43,255;470;428;482;519;452;473;261;472;496;456;394;382;523;438;462;490;414;388;400;444;408;432;420;511;502;507
3023,31,43,255;470;428;482;519;452;473;263;476;500;460;398;386;527;442;466;494;418;392;404;448;412;436;424;515;506;509
3024,31,44,255;470;428;482;519;452;473;261;472;496;456;394;381;10;859;880;876;867;119;988;1014;981;78;865;878;893
3025,31,44,255;470;428;482;519;452;473;263;476;500;460;398;385;10;859;880;876;867;119;988;1014;981;78;865;878;893
3026,31,45,255;470;428;482;519;452;473;261;472;496;456;394;382;523;438;462;490;414;388;400;444;408;432;420;510
3027,31,45,255;470;428;482;519;452;473;263;476;500;460;398;386;527;442;466;494;418;392;404;448;412;436;424;514
3028,31,46,255;470;428;482;519;452;473;261;472;496;456;394;381;10;859;880;876;867;119;988;1014;981;78;865;878;894;895
3029,31,46,255;470;428;482;519;452;473;263;476;500;460;398;385;10;859;880;876;867;119;988;1014;981;78;865;878;894;895
3030,31,47,255;470;428;482;519;452;473;261;472;496;456;394;381;10;859;880;876;867;119;988;1014;981;78;865;878;894;896;874;897
3031,31,47,255;470;428;482;519;452;473;263;476;500;460;398;385;10;859;880;876;867;119;988;1014;981;78;865;878;894;896;874;897
3032,31,48,254;468;426;480;516
3033,31,48,255;470;428;482;518
3034,31,49,255;470;428;482;519;452;473;261;472;496;456;394;381;10;859;880;876;867;119;988;1014;981;74;570;572;594
3035,31,49,255;470;428;482;519;452;473;263;476;500;460;398;385;10;859;880;876;867;119;988;1014;981;74;570;572;594
3036,31,50,255;470;428;482;519;452;473;261;472;496;456;394;382;522
3037,31,50,255;470;428;482;519;452;473;263;476;500;460;398;386;526
3038,32,1,259;600;598;113;778;800;812;751
3039,32,1,259;600;598;114;780;802;814;753
3040,32,2,259;600;598;109;541;548;552;561;368;523;438;462;490;414;387
3041,32,2,259;600;598;109;541;548;552;561;369;525;440;464;492;416;389
3042,32,3,259;600;598;113;778;800;812;752;757
3043,32,3,259;600;598;114;780;802;814;754;759
3044,32,4,259;600;598;109;541;548;552;561;368;523;438;462;490;414;388;399
3045,32,4,259;600;598;109;541;548;552;561;369;525;440;464;492;416;390;401
3046,32,5,259;600;598;113;778;800;812;752;758;817;219;674;719;692;668;737;702;643;124;646;688;709;698;625
3047,32,5,259;600;598;114;780;802;814;754;760;819;219;674;719;692;668;737;702;643;124;646;688;709;698;625
3048,32,6,259;600;598;113;778;800;812;752;758;818;763
3049,32,6,259;600;598;114;780;802;814;754;760;820;765
3050,32,7,259;600;598;109;541;548;552;561;368;523;438;462;490;414;388;400;444;407
3051,32,7,259;600;598;109;541;548;552;561;369;525;440;464;492;416;390;402;446;409
3052,32,8,259;600;598;119;988;1014;981
3053,32,8,259;600;598;110;576;592;320;1014;981
3054,32,9,259;600;598;119;988;1014;982;1002;1016;1020;996;1024;1008;984
3055,32,9,259;600;598;119;988;1014;981;78;865;877;200;1002;1016;1020;996;1024;1008;984
3056,32,10,259;600;598;119;988;1014;981;74;570;571
3057,32,10,259;600;598;110;576;593;570;571
3058,32,11,259;600;598;109;541;548;552;562;546;554;556;538
3059,32,11,259;600;598;109;541;548;552;561;368;523;438;461;238;554;556;538
3060,32,12,259;600;598;109;541;548;552;561;368;523;438;462;490;414;388;400;444;408;432;419
3061,32,12,259;600;598;109;541;548;552;561;369;525;440;464;492;416;390;402;446;410;434;421
3062,32,13,259;600;598
3063,32,14,259;600;598;113;778;800;812;752;758;817;219;674;719;692;668;737;702;643
3064,32,14,259;600;598;114;780;802;814;754;760;819;219;674;719;692;668;737;702;643
3065,32,15,259;600;598;109;541;548;552;561;368;523;438;462;490;414;388;400;444;408;431
3066,32,15,259;600;598;109;541;548;552;561;369;525;440;464;492;416;390;402;446;410;433
3067,32,16,259;600;598;113;778;800;812;752;758;818;764;783
3068,32,16,259;600;598;114;780;802;814;754;760;820;766;785
3069,32,17,259;600;598;113;778;800;812;752;758;818;764;784;826;831;286;1110;1095
3070,32,17,259;600;598;114;780;802;814;754;760;820;766;786;828;833;286;1110;1095
3071,32,18,259;600;598;119;988;1014;981;74;570;572;595;579
3072,32,18,259;600;598;110;576;593;570;572;595;579
3073,32,19,259;600;598;109;541;548;552;562;545
3074,32,19,259;600;598;109;541;548;552;561;368;523;437
3075,32,20,259;600;598;119;988;1014;981;78;865;878;894;896;873
3076,32,20,259;600;598;119;988;1014;982;1002;1016;1020;995
3077,32,21,259;600;598;109;541;547
3078,32,21,259;600;598;113;778;799
3079,32,22,259;600;598;109;541;548;552;561;368;523;438;462;490;414;388;400;443
3080,32,22,259;600;598;109;541;548;552;561;369;525;440;464;492;416;390;402;445
3081,32,23,259;600;598;119;988;1014;981;78;865;877
3082,32,23,259;600;598;119;988;1014;982;1001
3083,32,24,259;600;598;113;778;800;812;752;758;817;219;674;719;692;667
3084,32,24,259;600;598;114;780;802;814;754;760;819;219;674;719;692;667
3085,32,25,259;600;598;109;541;548;551
3086,32,25,259;600;598;113;778;800;811
3087,32,26,259;600;598;113;778;800;812;752;758;817
3088,32,26,259;600;598;114;780;802;814;754;760;819
3089,32,27,259;600;598;109;541;548;552;561;379;1074;1050;1057;1063;1040;1030;1034;1052;1038;1044;1042;1072;1067;1069;1055
3090,32,27,259;600;598;109;541;548;552;562;545;164;1050;1057;1063;1040;1030;1034;1052;1038;1044;1042;1072;1067;1069;1055
3091,32,28,259;600;598;119;988;1014;981;78;865;878;894;896;874;898;883
3092,32,28,259;600;598;119;988;1014;982;1002;1016;1020;996;1024;1007
3093,32,29,259;600;598;109;541;548;552;561;368;523;438;461
3094,32,29,259;600;598;109;541;548;552;561;369;525;440;463
3095,32,30,259;600;598;113;778;800;812;752;758;818;764;784;825
3096,32,30,259;600;598;114;780;802;814;754;760;820;766;786;827
3097,32,31,259;600;598;113;778;800;812;752;758;817;219;674;719;692;668;737;702;643;124;646;687
3098,32,31,259;600;598;114;780;802;814;754;760;819;219;674;719;692;668;737;702;643;124;646;687
3099,32,33,259;600;598;113;778;800;812;752;758;817;219;674;719;691
3100,32,33,259;600;598;114;780;802;814;754;760;819;219;674;719;691
3101,32,34,259;600;598;113;778;800;812;752;758;817;219;674;719;692;668;737;702;643;124;646;688;709;697
3102,32,34,259;600;598;113;778;800;812;752;758;817;219;674;719;692;668;737;702;643;125;648;690;711;699
3103,32,35,259;600;598;113;778;800;812;752;758;817;219;674;719;692;668;736;364;739;703
3104,32,35,259;600;598;114;780;802;814;754;760;819;219;674;719;692;668;736;364;739;703
3105,32,36,259;600;598;113;778;800;812;752;758;817;219;674;719;692;668;737;702;643;124;646;688;708
3106,32,36,259;600;598;113;778;800;812;752;758;817;219;674;719;692;668;737;702;643;125;648;690;710
3107,32,37,259;600;598;113;778;800;812;752;758;818;764;784;826;831
3108,32,37,259;600;598;114;780;802;814;754;760;820;766;786;828;833
3109,32,38,259;600;598;109;541;548;552;561;368;523;438;462;489
3110,32,38,259;600;598;109;541;548;552;561;369;525;440;464;491
3111,32,39,259;600;598;113;778;800;812;752;758;818;764;784;826;831;286;1110;1096;1113
3112,32,39,259;600;598;114;780;802;814;754;760;820;766;786;828;833;286;1110;1096;1113
3113,32,40,259;600;598;113;778;800;812;752;758;817;219;674;718
3114,32,40,259;600;598;113;778;800;812;752;758;817;220;676;720
3115,32,41,259;600;598;110;576;592
3116,32,41,259;600;598;119;988;1013
3117,32,42,259;600;598;109;541;548;552;561;368;523;438;462;490;414;388;400;444;408;432;420;511;501
3118,32,42,259;600;598;109;541;548;552;561;369;525;440;464;492;416;390;402;446;410;434;422;513;503
3119,32,43,259;600;598;109;541;548;552;561;368;523;438;462;490;414;388;400;444;408;432;420;511;502;507
3120,32,43,259;600;598;109;541;548;552;561;369;525;440;464;492;416;390;402;446;410;434;422;513;504;508
3121,32,44,259;600;598;119;988;1014;981;78;865;878;893
3122,32,44,259;600;598;119;988;1014;982;1002;1015
3123,32,45,259;600;598;109;541;548;552;561;368;523;438;462;490;414;388;400;444;408;432;420;510
3124,32,45,259;600;598;109;541;548;552;561;369;525;440;464;492;416;390;402;446;410;434;422;512
3125,32,46,259;600;598;119;988;1014;981;78;865;878;894;895
3126,32,46,259;600;598;119;988;1014;982;1002;1016;1019
3127,32,47,259;600;598;119;988;1014;981;78;865;878;894;896;874;897
3128,32,47,259;600;598;119;988;1014;982;1002;1016;1020;996;1023
3129,32,48,259;600;598;113;778;800;812;752;758;817;219;674;719;692;668;736
3130,32,48,259;600;598;114;780;802;814;754;760;819;219;674;719;692;668;736
3131,32,49,259;600;598;119;988;1014;981;74;570;572;594
3132,32,49,259;600;598;110;576;593;570;572;594
3133,32,50,259;600;598;109;541;548;552;561
3134,32,50,259;600;598;113;778;800;811;207;552;561
3135,33,1,261;472;496;456;394;381
3136,33,1,263;476;500;460;398;385
3137,33,2,261;472;496;456;394;382;523;438;462;490;414;387
3138,33,2,263;476;500;460;398;386;527;442;466;494;418;391
3139,33,3,261;472;496;455;226;1054;1031
3140,33,3,263;476;500;459;226;1054;1031
3141,33,4,261;472;496;456;394;382;523;438;462;490;414;388;399
3142,33,4,263;476;500;460;398;386;527;442;466;494;418;392;403
3143,33,5,264;692;668;737;702;643;124;646;688;709;698;625
3144,33,5,264;692;668;737;702;643;125;648;690;711;700;626
3145,33,6,261;472;496;455;222;818;763
3146,33,6,263;476;500;459;222;818;763
3147,33,7,261;472;496;456;394;382;523;438;462;490;414;388;400;444;407
3148,33,7,263;476;500;460;398;386;527;442;466;494;418;392;404;448;411
3149,33,8,261;472;496;456;394;381;10;859;880;876;867;119;988;1014;981
3150,33,8,263;476;500;460;398;385;10;859;880;876;867;119;988;1014;981
3151,33,9,261;472;496;456;394;381;10;859;880;876;867;119;988;1014;982;1002;1016;1020;996;1024;1008;984
3152,33,9,263;476;500;460;398;385;10;859;880;876;867;119;988;1014;982;1002;1016;1020;996;1024;1008;984
3153,33,10,261;472;496;456;394;381;10;859;880;876;867;119;988;1014;981;74;570;571
3154,33,10,263;476;500;460;398;385;10;859;880;876;867;119;988;1014;981;74;570;571
3155,33,11,261;472;496;456;394;382;523;438;461;238;554;556;538
3156,33,11,263;476;500;460;398;386;527;442;465;238;554;556;538
3157,33,12,261;472;496;456;394;382;523;438;462;490;414;388;400;444;408;432;419
3158,33,12,263;476;500;460;398;386;527;442;466;494;418;392;404;448;412;436;423
3159,33,13,261;472;496;456;394;381;10;859;880;876;867
3160,33,13,263;476;500;460;398;385;10;859;880;876;867
3161,33,14,264;692;668;737;702;643
3162,33,14,264;692;668;736;364;739;703;273;702;643
3163,33,15,261;472;496;456;394;382;523;438;462;490;414;388;400;444;408;431
3164,33,15,263;476;500;460;398;386;527;442;466;494;418;392;404;448;412;435
3165,33,16,261;472;496;455;222;818;764;783
3166,33,16,263;476;500;459;222;818;764;783
3167,33,17,261;472;496;455;222;818;764;784;826;831;286;1110;1095
3168,33,17,263;476;500;459;222;818;764;784;826;831;286;1110;1095
3169,33,18,261;472;496;456;394;381;10;859;880;876;867;119;988;1014;981;74;570;572;595;579
3170,33,18,263;476;500;460;398;385;10;859;880;876;867;119;988;1014;981;74;570;572;595;579
3171,33,19,261;472;496;456;394;382;523;437
3172,33,19,263;476;500;460;398;386;527;441
3173,33,20,261;472;496;456;394;381;10;859;880;876;867;119;988;1014;981;78;865;878;894;896;873
3174,33,20,263;476;500;460;398;385;10;859;880;876;867;119;988;1014;981;78;865;878;894;896;873
3175,33,21,261;472;496;456;394;381;10;859;880;875
3176,33,21,263;476;500;460;398;385;10;859;880;875
3177,33,22,261;472;496;456;394;382;523;438;462;490;414;388;400;443
3178,33,22,263;476;500;460;398;386;527;442;466;494;418;392;404;447
3179,33,23,261;472;496;456;394;381;10;859;880;876;867;119;988;1014;981;78;865;877
3180,33,23,263;476;500;460;398;385;10;859;880;876;867;119;988;1014;981;78;865;877
3181,33,24,264;692;667
3182,33,24,265;694;669
3183,33,25,261;472;496;456;394;381;10;859;879
3184,33,25,263;476;500;460;398;385;10;859;879
3185,33,26,261;472;496;455
3186,33,26,263;476;500;459
3187,33,27,261;472;496;456;394;382;523;438;461;238;554;556;538;100;1040;1030;1034;1052;1038;1044;1042;1072;1067;1069;1055
3188,33,27,263;476;500;460;398;386;527;442;465;238;554;556;538;100;1040;1030;1034;1052;1038;1044;1042;1072;1067;1069;1055
3189,33,28,261;472;496;456;394;381;10;859;880;876;867;119;988;1014;981;78;865;878;894;896;874;898;883
3190,33,28,263;476;500;460;398;385;10;859;880;876;867;119;988;1014;981;78;865;878;894;896;874;898;883
3191,33,29,261;472;496;456;394;382;523;438;461
3192,33,29,263;476;500;460;398;386;527;442;465
3193,33,30,261;472;496;455;222;818;764;784;825
3194,33,30,263;476;500;459;222;818;764;784;825
3195,33,31,264;692;668;737;702;643;124;646;687
3196,33,31,264;692;668;737;702;643;125;648;689
3197,33,32,261;472;496;456;394;381;10;859;880;876;867;112;749;750
3198,33,32,263;476;500;460;398;385;10;859;880;876;867;112;749;750
3199,33,34,264;692;668;737;702;643;124;646;688;709;697
3200,33,34,264;692;668;737;702;643;125;648;690;711;699
3201,33,35,264;692;668;736;364;739;703
3202,33,35,264;692;668;736;365;741;705
3203,33,36,264;692;668;737;702;643;124;646;688;708
3204,33,36,264;692;668;737;702;643;125;648;690;710
3205,33,37,261;472;496;455;222;818;764;784;826;831
3206,33,37,263;476;500;459;222;818;764;784;826;831
3207,33,38,261;472;496;456;394;382;523;438;462;489
3208,33,38,263;476;500;460;398;386;527;442;466;493
3209,33,39,261;472;496;455;222;818;764;784;826;831;286;1110;1096;1113
3210,33,39,263;476;500;459;222;818;764;784;826;831;286;1110;1096;1113
3211,33,40,261;472;495
3212,33,40,263;476;499
3213,33,41,261;472;496;456;394;381;10;859;879;208;587;583;576;592
3214,33,41,263;476;500;460;398;385;10;859;879;208;587;583;576;592
3215,33,42,261;472;496;456;394;382;523;438;462;490;414;388;400;444;408;432;420;511;501
3216,33,42,263;476;500;460;398;386;527;442;466;494;418;392;404;448;412;436;424;515;505
3217,33,43,261;472;496;456;394;382;523;438;462;490;414;388;400;444;408;432;420;511;502;507
3218,33,43,263;476;500;460;398;386;527;442;466;494;418;392;404;448;412;436;424;515;506;509
3219,33,44,261;472;496;456;394;381;10;859;880;876;867;119;988;1014;981;78;865;878;893
3220,33,44,263;476;500;460;398;385;10;859;880;876;867;119;988;1014;981;78;865;878;893
3221,33,45,261;472;496;456;394;382;523;438;462;490;414;388;400;444;408;432;420;510
3222,33,45,263;476;500;460;398;386;527;442;466;494;418;392;404;448;412;436;424;514
3223,33,46,261;472;496;456;394;381;10;859;880;876;867;119;988;1014;981;78;865;878;894;895
3224,33,46,263;476;500;460;398;385;10;859;880;876;867;119;988;1014;981;78;865;878;894;895
3225,33,47,261;472;496;456;394;381;10;859;880;876;867;119;988;1014;981;78;865;878;894;896;874;897
3226,33,47,263;476;500;460;398;385;10;859;880;876;867;119;988;1014;981;78;865;878;894;896;874;897
3227,33,48,264;692;668;736
3228,33,48,265;694;669;204;668;736
3229,33,49,261;472;496;456;394;381;10;859;880;876;867;119;988;1014;981;74;570;572;594
3230,33,49,263;476;500;460;398;385;10;859;880;876;867;119;988;1014;981;74;570;572;594
3231,33,50,261;472;496;456;394;382;522
3232,33,50,263;476;500;460;398;386;526
3233,34,1,267;478;486;468;426;480;517;450;472;496;456;394;381
3234,34,1,267;478;485;277;488;470;428;482;519;452;473;261;472;496;456;394;381
3235,34,2,267;478;486;468;426;480;517;450;472;496;456;394;382;523;438;462;490;414;387
3236,34,2,267;478;485;277;488;470;428;482;519;452;473;261;472;496;456;394;382;523;438;462;490;414;387
3237,34,3,267;478;486;468;426;480;517;450;472;496;455;226;1054;1031
3238,34,3,267;478;486;468;426;480;517;450;472;496;456;393
3239,34,4,267;478;486;468;426;480;517;450;472;496;456;394;382;523;438;462;490;414;388;399
3240,34,4,267;478;485;277;488;470;428;482;519;452;473;261;472;496;456;394;382;523;438;462;490;414;388;399
3241,34,5,268;698;625
3242,34,5,269;700;626
3243,34,6,267;478;486;468;426;480;517;450;472;496;455;222;818;763
3244,34,6,267;478;486;468;426;480;517;450;472;496;455;223;820;765
3245,34,7,267;478;486;468;426;480;517;450;472;496;456;394;382;523;438;462;490;414;388;400;444;407
3246,34,7,267;478;485;277;488;470;428;482;519;452;473;261;472;496;456;394;382;523;438;462;490;414;388;400;444;407
3247,34,8,267;478;486;468;426;480;517;450;472;496;456;394;381;10;859;880;876;867;119;988;1014;981
3248,34,8,267;478;485;277;488;470;428;482;519;452;473;261;472;496;456;394;381;10;859;880;876;867;119;988;1014;981
3249,34,9,267;478;486;468;426;480;517;450;472;496;456;394;381;10;859;880;876;867;119;988;1014;982;1002;1016;1020;996;1024;1008;984
3250,34,9,267;478;485;277;488;470;428;482;519;452;473;261;472;496;456;394;381;10;859;880;876;867;119;988;1014;982;1002;1016;1020;996;1024;1008;984
3251,34,10,267;478;486;468;426;480;517;450;472;496;456;394;381;10;859;880;876;867;119;988;1014;981;74;570;571
3252,34,10,267;478;486;468;426;480;517;450;472;496;456;394;381;10;859;879;208;587;583;576;593;570;571
3253,34,11,267;478;486;468;426;480;517;450;472;496;456;394;382;523;438;461;238;554;556;538
3254,34,11,267;478;486;468;426;480;517;450;472;496;456;394;382;523;438;462;489;290;556;538
3255,34,12,267;478;486;468;426;480;517;450;472;496;456;394;382;523;438;462;490;414;388;400;444;408;432;419
3256,34,12,267;478;485;277;488;470;428;482;519;452;473;261;472;496;456;394;382;523;438;462;490;414;388;400;444;408;432;419
3257,34,13,267;478;486;468;426;480;517;450;472;496;456;394;381;10;859;880;876;867
3258,34,13,267;478;485;277;488;470;428;482;519;452;473;261;472;496;456;394;381;10;859;880;876;867
3259,34,14,267;478;486;468;425
3260,34,14,267;478;485;277;488;470;427
3261,34,15,267;478;486;468;426;480;517;450;472;496;456;394;382;523;438;462;490;414;388;400;444;408;431
3262,34,15,267;478;485;277;488;470;428;482;519;452;473;261;472;496;456;394;382;523;438;462;490;414;388;400;444;408;431
3263,34,16,267;478;486;468;426;480;517;450;472;496;455;222;818;764;783
3264,34,16,267;478;486;468;426;480;517;450;472;496;455;223;820;766;785
3265,34,17,267;478;486;468;426;480;517;450;472;496;455;222;818;764;784;826;831;286;1110;1095
3266,34,17,267;478;486;468;426;480;517;450;472;496;455;223;820;766;786;828;833;286;1110;1095
3267,34,18,267;478;486;468;426;480;517;450;472;496;456;394;381;10;859;880;876;867;119;988;1014;981;74;570;572;595;579
3268,34,18,267;478;486;468;426;480;517;450;472;496;456;394;381;10;859;879;208;587;583;576;593;570;572;595;579
3269,34,19,267;478;486;468;426;480;517;450;472;496;456;394;382;523;437
3270,34,19,267;478;485;277;488;470;428;482;519;452;473;261;472;496;456;394;382;523;437
3271,34,20,267;478;486;468;426;480;517;450;472;496;456;394;381;10;859;880;876;867;119;988;1014;981;78;865;878;894;896;873
3272,34,20,267;478;486;468;426;480;517;450;472;496;456;394;381;10;859;880;876;867;119;988;1014;982;1002;1016;1020;995
3273,34,21,267;478;486;468;426;480;517;450;472;496;456;394;381;10;859;880;875
3274,34,21,267;478;485;277;488;470;428;482;519;452;473;261;472;496;456;394;381;10;859;880;875
3275,34,22,267;478;486;468;426;480;517;450;472;496;456;394;382;523;438;462;490;414;388;400;443
3276,34,22,267;478;485;277;488;470;428;482;519;452;473;261;472;496;456;394;382;523;438;462;490;414;388;400;443
3277,34,23,267;478;486;468;426;480;517;450;472;496;456;394;381;10;859;880;876;867;119;988;1014;981;78;865;877
3278,34,23,267;478;486;468;426;480;517;450;472;496;456;394;381;10;859;880;876;867;119;988;1014;982;1001
3279,34,24,267;478;486;468;426;480;517;449
3280,34,24,267;478;485;277;488;470;428;482;519;451
3281,34,25,267;478;486;468;426;480;517;450;472;496;456;394;381;10;859;879
3282,34,25,267;478;485;277;488;470;428;482;519;452;473;261;472;496;456;394;381;10;859;879
3283,34,26,267;478;486;468;426;480;517;450;472;496;455
3284,34,26,267;478;485;277;488;470;428;482;519;452;473;261;472;496;455
3285,34,27,267;478;486;468;426;480;517;450;472;496;456;394;382;523;438;461;238;554;556;538;100;1040;1030;1034;1052;1038;1044;1042;1072;1067;1069;1055
3286,34,27,267;478;486;468;426;480;517;450;472;496;456;394;382;523;438;462;489;290;556;538;100;1040;1030;1034;1052;1038;1044;1042;1072;1067;1069;1055
3287,34,28,267;478;486;468;426;480;517;450;472;496;456;394;381;10;859;880;876;867;119;988;1014;981;78;865;878;894;896;874;898;883
3288,34,28,267;478;486;468;426;480;517;450;472;496;456;394;381;10;859;880;876;867;119;988;1014;982;1002;1016;1020;996;1024;1007
3289,34,29,267;478;486;468;426;480;517;450;472;496;456;394;382;523;438;461
3290,34,29,267;478;485;277;488;470;428;482;519;452;473;261;472;496;456;394;382;523;438;461
3291,34,30,267;478;486;468;426;480;517;450;472;496;455;222;818;764;784;825
3292,34,30,267;478;486;468;426;480;517;450;472;496;455;223;820;766;786;827
3293,34,31,267;478;486;467
3294,34,31,267;478;485;277;488;469
3295,34,32,267;478;486;468;426;480;517;450;472;496;456;394;381;10;859;880;876;867;112;749;750
3296,34,32,267;478;485;277;488;470;428;482;519;452;473;261;472;496;456;394;381;10;859;880;876;867;112;749;750
3297,34,33,267;478;485;277;488;470;428;482;519;452;473
3298,34,33,267;478;486;467;255;470;428;482;519;452;473
3299,34,35,267;478;486;468;426;479
3300,34,35,267;478;485;277;488;470;428;481
3301,34,36,267;478;485
3302,34,36,267;478;486;467;256;686;707
3303,34,37,267;478;486;468;426;480;517;450;472;496;455;222;818;764;784;826;831
3304,34,37,267;478;486;468;426;480;517;450;472;496;455;223;820;766;786;828;833
3305,34,38,267;478;486;468;426;480;517;450;472;496;456;394;382;523;438;462;489
3306,34,38,267;478;485;277;488;470;428;482;519;452;473;261;472;496;456;394;382;523;438;462;489
3307,34,39,267;478;486;468;426;480;517;450;472;496;455;222;818;764;784;826;831;286;1110;1096;1113
3308,34,39,267;478;486;468;426;480;517;450;472;496;455;223;820;766;786;828;833;286;1110;1096;1113
3309,34,40,267;478;486;468;426;480;517;450;472;495
3310,34,40,267;478;485;277;488;470;428;482;519;452;473;261;472;495
3311,34,41,267;478;486;468;426;480;517;450;472;496;456;394;381;10;859;879;208;587;583;576;592
3312,34,41,267;478;486;468;426;480;517;450;472;496;456;394;381;10;859;880;875;173;583;576;592
3313,34,42,267;478;486;468;426;480;517;450;472;496;456;394;382;523;438;462;490;414;388;400;444;408;432;420;511;501
3314,34,42,267;478;485;277;488;470;428;482;519;452;473;261;472;496;456;394;382;523;438;462;490;414;388;400;444;408;432;420;511;501
3315,34,43,267;478;486;468;426;480;517;450;472;496;456;394;382;523;438;462;490;414;388;400;444;408;432;420;511;502;507
3316,34,43,267;478;485;277;488;470;428;482;519;452;473;261;472;496;456;394;382;523;438;462;490;414;388;400;444;408;432;420;511;502;507
3317,34,44,267;478;486;468;426;480;517;450;472;496;456;394;381;10;859;880;876;867;119;988;1014;981;78;865;878;893
3318,34,44,267;478;486;468;426;480;517;450;472;496;456;394;381;10;859;880;876;867;119;988;1014;982;1002;1015
3319,34,45,267;478;486;468;426;480;517;450;472;496;456;394;382;523;438;462;490;414;388;400;444;408;432;420;510
3320,34,45,267;478;485;277;488;470;428;482;519;452;473;261;472;496;456;394;382;523;438;462;490;414;388;400;444;408;432;420;510
3321,34,46,267;478;486;468;426;480;517;450;472;496;456;394;381;10;859;880;876;867;119;988;1014;981;78;865;878;894;895
3322,34,46,267;478;486;468;426;480;517;450;472;496;456;394;381;10;859;880;876;867;119;988;1014;982;1002;1016;1019
3323,34,47,267;478;486;468;426;480;517;450;472;496;456;394;381;10;859;880;876;867;119;988;1014;981;78;865;878;894;896;874;897
3324,34,47,267;478;486;468;426;480;517;450;472;496;456;394;381;10;859;880;876;867;119;988;1014;982;1002;1016;1020;996;1023
3325,34,48,267;478;486;468;426;480;516
3326,34,48,267;478;485;277;488;470;428;482;518
3327,34,49,267;478;486;468;426;480;517;450;472;496;456;394;381;10;859;880;876;867;119;988;1014;981;74;570;572;594
3328,34,49,267;478;486;468;426;480;517;450;472;496;456;394;381;10;859;879;208;587;583;576;593;570;572;594
3329,34,50,267;478;486;468;426;480;517;450;472;496;456;394;382;522
3330,34,50,267;478;485;277;488;470;428;482;519;452;473;261;472;496;456;394;382;522
3331,35,1,271;482;519;452;473;261;472;496;456;394;381
3332,35,1,271;482;519;452;473;263;476;500;460;398;385
3333,35,2,271;482;519;452;473;261;472;496;456;394;382;523;438;462;490;414;387
3334,35,2,271;482;519;452;473;263;476;500;460;398;386;527;442;466;494;418;391
3335,35,3,271;482;519;452;473;261;472;496;455;226;1054;1031
3336,35,3,271;482;519;452;473;263;476;500;459;226;1054;1031
3337,35,4,271;482;519;452;473;261;472;496;456;394;382;523;438;462;490;414;388;399
3338,35,4,271;482;519;452;473;263;476;500;460;398;386;527;442;466;494;418;392;403
3339,35,5,273;702;643;124;646;688;709;698;625
3340,35,5,273;702;643;125;648;690;711;700;626
3341,35,6,271;482;519;452;473;261;472;496;455;222;818;763
3342,35,6,271;482;519;452;473;263;476;500;459;222;818;763
3343,35,7,271;482;519;452;473;261;472;496;456;394;382;523;438;462;490;414;388;400;444;407
3344,35,7,271;482;519;452;473;263;476;500;460;398;386;527;442;466;494;418;392;404;448;411
3345,35,8,271;482;519;452;473;261;472;496;456;394;381;10;859;880;876;867;119;988;1014;981
3346,35,8,271;482;519;452;473;263;476;500;460;398;385;10;859;880;876;867;119;988;1014;981
3347,35,9,271;482;519;452;473;261;472;496;456;394;381;10;859;880;876;867;119;988;1014;982;1002;1016;1020;996;1024;1008;984
3348,35,9,271;482;519;452;473;263;476;500;460;398;385;10;859;880;876;867;119;988;1014;982;1002;1016;1020;996;1024;1008;984
3349,35,10,271;482;519;452;473;261;472;496;456;394;381;10;859;880;876;867;119;988;1014;981;74;570;571
3350,35,10,271;482;519;452;473;263;476;500;460;398;385;10;859;880;876;867;119;988;1014;981;74;570;571
3351,35,11,271;482;519;452;473;261;472;496;456;394;382;523;438;461;238;554;556;538
3352,35,11,271;482;519;452;473;263;476;500;460;398;386;527;442;465;238;554;556;538
3353,35,12,271;482;519;452;473;261;472;496;456;394;382;523;438;462;490;414;388;400;444;408;432;419
3354,35,12,271;482;519;452;473;263;476;500;460;398;386;527;442;466;494;418;392;404;448;412;436;423
3355,35,13,271;482;519;452;473;261;472;496;456;394;381;10;859;880;876;867
3356,35,13,271;482;519;452;473;263;476;500;460;398;385;10;859;880;876;867
3357,35,14,273;702;643
3358,35,14,274;704;645
3359,35,15,271;482;519;452;473;261;472;496;456;394;382;523;438;462;490;414;388;400;444;408;431
3360,35,15,271;482;519;452;473;263;476;500;460;398;386;527;442;466;494;418;392;404;448;412;435
3361,35,16,271;482;519;452;473;261;472;496;455;222;818;764;783
3362,35,16,271;482;519;452;473;263;476;500;459;222;818;764;783
3363,35,17,271;482;519;452;473;261;472;496;455;222;818;764;784;826;831;286;1110;1095
3364,35,17,271;482;519;452;473;263;476;500;459;222;818;764;784;826;831;286;1110;1095
3365,35,18,271;482;519;452;473;261;472;496;456;394;381;10;859;880;876;867;119;988;1014;981;74;570;572;595;579
3366,35,18,271;482;519;452;473;263;476;500;460;398;385;10;859;880;876;867;119;988;1014;981;74;570;572;595;579
3367,35,19,271;482;519;452;473;261;472;496;456;394;382;523;437
3368,35,19,271;482;519;452;473;263;476;500;460;398;386;527;441
3369,35,20,271;482;519;452;473;261;472;496;456;394;381;10;859;880;876;867;119;988;1014;981;78;865;878;894;896;873
3370,35,20,271;482;519;452;473;263;476;500;460;398;385;10;859;880;876;867;119;988;1014;981;78;865;878;894;896;873
3371,35,21,271;482;519;452;473;261;472;496;456;394;381;10;859;880;875
3372,35,21,271;482;519;452;473;263;476;500;460;398;385;10;859;880;875
3373,35,22,271;482;519;452;473;261;472;496;456;394;382;523;438;462;490;414;388;400;443
3374,35,22,271;482;519;452;473;263;476;500;460;398;386;527;442;466;494;418;392;404;447
3375,35,23,271;482;519;452;473;261;472;496;456;394;381;10;859;880;876;867;119;988;1014;981;78;865;877
3376,35,23,271;482;519;452;473;263;476;500;460;398;385;10;859;880;876;867;119;988;1014;981;78;865;877
3377,35,24,270;480;517;449
3378,35,24,271;482;519;451
3379,35,25,271;482;519;452;473;261;472;496;456;394;381;10;859;879
3380,35,25,271;482;519;452;473;263;476;500;460;398;385;10;859;879
3381,35,26,271;482;519;452;473;261;472;496;455
3382,35,26,271;482;519;452;473;263;476;500;459
3383,35,27,271;482;519;452;473;261;472;496;456;394;382;523;438;461;238;554;556;538;100;1040;1030;1034;1052;1038;1044;1042;1072;1067;1069;1055
3384,35,27,271;482;519;452;473;263;476;500;460;398;386;527;442;465;238;554;556;538;100;1040;1030;1034;1052;1038;1044;1042;1072;1067;1069;1055
3385,35,28,271;482;519;452;473;261;472;496;456;394;381;10;859;880;876;867;119;988;1014;981;78;865;878;894;896;874;898;883
3386,35,28,271;482;519;452;473;263;476;500;460;398;385;10;859;880;876;867;119;988;1014;981;78;865;878;894;896;874;898;883
3387,35,29,271;482;519;452;473;261;472;496;456;394;382;523;438;461
3388,35,29,271;482;519;452;473;263;476;500;460;398;386;527;442;465
3389,35,30,271;482;519;452;473;261;472;496;455;222;818;764;784;825
3390,35,30,271;482;519;452;473;263;476;500;459;222;818;764;784;825
3391,35,31,273;702;643;124;646;687
3392,35,31,273;702;643;125;648;689
3393,35,32,271;482;519;452;473;261;472;496;456;394;381;10;859;880;876;867;112;749;750
3394,35,32,271;482;519;452;473;263;476;500;460;398;385;10;859;880;876;867;112;749;750
3395,35,33,271;482;519;452;473
3396,35,33,270;480;516;361;519;452;473
3397,35,34,273;702;643;124;646;688;709;697
3398,35,34,273;702;643;125;648;690;711;699
3399,35,36,273;702;643;124;646;688;708
3400,35,36,273;702;643;125;648;690;710
3401,35,37,271;482;519;452;473;261;472;496;455;222;818;764;784;826;831
3402,35,37,271;482;519;452;473;263;476;500;459;222;818;764;784;826;831
3403,35,38,271;482;519;452;473;261;472;496;456;394;382;523;438;462;489
3404,35,38,271;482;519;452;473;263;476;500;460;398;386;527;442;466;493
3405,35,39,271;482;519;452;473;261;472;496;455;222;818;764;784;826;831;286;1110;1096;1113
3406,35,39,271;482;519;452;473;263;476;500;459;222;818;764;784;826;831;286;1110;1096;1113
3407,35,40,271;482;519;452;473;261;472;495
3408,35,40,271;482;519;452;473;263;476;499
3409,35,41,271;482;519;452;473;261;472;496;456;394;381;10;859;879;208;587;583;576;592
3410,35,41,271;482;519;452;473;263;476;500;460;398;385;10;859;879;208;587;583;576;592
3411,35,42,271;482;519;452;473;261;472;496;456;394;382;523;438;462;490;414;388;400;444;408;432;420;511;501
3412,35,42,271;482;519;452;473;263;476;500;460;398;386;527;442;466;494;418;392;404;448;412;436;424;515;505
3413,35,43,271;482;519;452;473;261;472;496;456;394;382;523;438;462;490;414;388;400;444;408;432;420;511;502;507
3414,35,43,271;482;519;452;473;263;476;500;460;398;386;527;442;466;494;418;392;404;448;412;436;424;515;506;509
3415,35,44,271;482;519;452;473;261;472;496;456;394;381;10;859;880;876;867;119;988;1014;981;78;865;878;893
3416,35,44,271;482;519;452;473;263;476;500;460;398;385;10;859;880;876;867;119;988;1014;981;78;865;878;893
3417,35,45,271;482;519;452;473;261;472;496;456;394;382;523;438;462;490;414;388;400;444;408;432;420;510
3418,35,45,271;482;519;452;473;263;476;500;460;398;386;527;442;466;494;418;392;404;448;412;436;424;514
3419,35,46,271;482;519;452;473;261;472;496;456;394;381;10;859;880;876;867;119;988;1014;981;78;865;878;894;895
3420,35,46,271;482;519;452;473;263;476;500;460;398;385;10;859;880;876;867;119;988;1014;981;78;865;878;894;895
3421,35,47,271;482;519;452;473;261;472;496;456;394;381;10;859;880;876;867;119;988;1014;981;78;865;878;894;896;874;897
3422,35,47,271;482;519;452;473;263;476;500;460;398;385;10;859;880;876;867;119;988;1014;981;78;865;878;894;896;874;897
3423,35,48,270;480;516
3424,35,48,271;482;518
3425,35,49,271;482;519;452;473;261;472;496;456;394;381;10;859;880;876;867;119;988;1014;981;74;570;572;594
3426,35,49,271;482;519;452;473;263;476;500;460;398;385;10;859;880;876;867;119;988;1014;981;74;570;572;594
3427,35,50,271;482;519;452;473;261;472;496;456;394;382;522
3428,35,50,271;482;519;452;473;263;476;500;460;398;386;526
3429,36,1,277;488;470;428;482;519;452;473;261;472;496;456;394;381
3430,36,1,277;488;470;428;482;519;452;473;263;476;500;460;398;385
3431,36,2,277;488;470;428;482;519;452;473;261;472;496;456;394;382;523;438;462;490;414;387
3432,36,2,277;488;470;428;482;519;452;473;263;476;500;460;398;386;527;442;466;494;418;391
3433,36,3,277;488;470;428;482;519;452;473;261;472;496;455;226;1054;1031
3434,36,3,277;488;470;428;482;519;452;473;263;476;500;459;226;1054;1031
3435,36,4,277;488;470;428;482;519;452;473;261;472;496;456;394;382;523;438;462;490;414;388;399
3436,36,4,277;488;470;428;482;519;452;473;263;476;500;460;398;386;527;442;466;494;418;392;403
3437,36,5,279;709;698;625
3438,36,5,280;711;700;626
3439,36,6,277;488;470;428;482;519;452;473;261;472;496;455;222;818;763
3440,36,6,277;488;470;428;482;519;452;473;263;476;500;459;222;818;763
3441,36,7,277;488;470;428;482;519;452;473;261;472;496;456;394;382;523;438;462;490;414;388;400;444;407
3442,36,7,277;488;470;428;482;519;452;473;263;476;500;460;398;386;527;442;466;494;418;392;404;448;411
3443,36,8,277;488;470;428;482;519;452;473;261;472;496;456;394;381;10;859;880;876;867;119;988;1014;981
3444,36,8,277;488;470;428;482;519;452;473;263;476;500;460;398;385;10;859;880;876;867;119;988;1014;981
3445,36,9,277;488;470;428;482;519;452;473;261;472;496;456;394;381;10;859;880;876;867;119;988;1014;982;1002;1016;1020;996;1024;1008;984
3446,36,9,277;488;470;428;482;519;452;473;263;476;500;460;398;385;10;859;880;876;867;119;988;1014;982;1002;1016;1020;996;1024;1008;984
3447,36,10,277;488;470;428;482;519;452;473;261;472;496;456;394;381;10;859;880;876;867;119;988;1014;981;74;570;571
3448,36,10,277;488;470;428;482;519;452;473;263;476;500;460;398;385;10;859;880;876;867;119;988;1014;981;74;570;571
3449,36,11,277;488;470;428;482;519;452;473;261;472;496;456;394;382;523;438;461;238;554;556;538
3450,36,11,277;488;470;428;482;519;452;473;263;476;500;460;398;386;527;442;465;238;554;556;538
3451,36,12,277;488;470;428;482;519;452;473;261;472;496;456;394;382;523;438;462;490;414;388;400;444;408;432;419
3452,36,12,277;488;470;428;482;519;452;473;263;476;500;460;398;386;527;442;466;494;418;392;404;448;412;436;423
3453,36,13,277;488;470;428;482;519;452;473;261;472;496;456;394;381;10;859;880;876;867
3454,36,13,277;488;470;428;482;519;452;473;263;476;500;460;398;385;10;859;880;876;867
3455,36,14,276;486;468;425
3456,36,14,277;488;470;427
3457,36,15,277;488;470;428;482;519;452;473;261;472;496;456;394;382;523;438;462;490;414;388;400;444;408;431
3458,36,15,277;488;470;428;482;519;452;473;263;476;500;460;398;386;527;442;466;494;418;392;404;448;412;435
3459,36,16,277;488;470;428;482;519;452;473;261;472;496;455;222;818;764;783
3460,36,16,277;488;470;428;482;519;452;473;263;476;500;459;222;818;764;783
3461,36,17,277;488;470;428;482;519;452;473;261;472;496;455;222;818;764;784;826;831;286;1110;1095
3462,36,17,277;488;470;428;482;519;452;473;263;476;500;459;222;818;764;784;826;831;286;1110;1095
3463,36,18,277;488;470;428;482;519;452;473;261;472;496;456;394;381;10;859;880;876;867;119;988;1014;981;74;570;572;595;579
3464,36,18,277;488;470;428;482;519;452;473;263;476;500;460;398;385;10;859;880;876;867;119;988;1014;981;74;570;572;595;579
3465,36,19,277;488;470;428;482;519;452;473;261;472;496;456;394;382;523;437
3466,36,19,277;488;470;428;482;519;452;473;263;476;500;460;398;386;527;441
3467,36,20,277;488;470;428;482;519;452;473;261;472;496;456;394;381;10;859;880;876;867;119;988;1014;981;78;865;878;894;896;873
3468,36,20,277;488;470;428;482;519;452;473;263;476;500;460;398;385;10;859;880;876;867;119;988;1014;981;78;865;878;894;896;873
3469,36,21,277;488;470;428;482;519;452;473;261;472;496;456;394;381;10;859;880;875
3470,36,21,277;488;470;428;482;519;452;473;263;476;500;460;398;385;10;859;880;875
3471,36,22,277;488;470;428;482;519;452;473;261;472;496;456;394;382;523;438;462;490;414;388;400;443
3472,36,22,277;488;470;428;482;519;452;473;263;476;500;460;398;386;527;442;466;494;418;392;404;447
3473,36,23,277;488;470;428;482;519;452;473;261;472;496;456;394;381;10;859;880;876;867;119;988;1014;981;78;865;877
3474,36,23,277;488;470;428;482;519;452;473;263;476;500;460;398;385;10;859;880;876;867;119;988;1014;981;78;865;877
3475,36,24,276;486;468;426;480;517;449
3476,36,24,277;488;470;428;482;519;451
3477,36,25,277;488;470;428;482;519;452;473;261;472;496;456;394;381;10;859;879
3478,36,25,277;488;470;428;482;519;452;473;263;476;500;460;398;385;10;859;879
3479,36,26,277;488;470;428;482;519;452;473;261;472;496;455
3480,36,26,277;488;470;428;482;519;452;473;263;476;500;459
3481,36,27,277;488;470;428;482;519;452;473;261;472;496;456;394;382;523;438;461;238;554;556;538;100;1040;1030;1034;1052;1038;1044;1042;1072;1067;1069;1055
3482,36,27,277;488;470;428;482;519;452;473;263;476;500;460;398;386;527;442;465;238;554;556;538;100;1040;1030;1034;1052;1038;1044;1042;1072;1067;1069;1055
3483,36,28,277;488;470;428;482;519;452;473;261;472;496;456;394;381;10;859;880;876;867;119;988;1014;981;78;865;878;894;896;874;898;883
3484,36,28,277;488;470;428;482;519;452;473;263;476;500;460;398;385;10;859;880;876;867;119;988;1014;981;78;865;878;894;896;874;898;883
3485,36,29,277;488;470;428;482;519;452;473;261;472;496;456;394;382;523;438;461
3486,36,29,277;488;470;428;482;519;452;473;263;476;500;460;398;386;527;442;465
3487,36,30,277;488;470;428;482;519;452;473;261;472;496;455;222;818;764;784;825
3488,36,30,277;488;470;428;482;519;452;473;263;476;500;459;222;818;764;784;825
3489,36,31,276;486;467
3490,36,31,277;488;469
3491,36,32,277;488;470;428;482;519;452;473;261;472;496;456;394;381;10;859;880;876;867;112;749;750
3492,36,32,277;488;470;428;482;519;452;473;263;476;500;460;398;385;10;859;880;876;867;112;749;750
3493,36,33,277;488;470;428;482;519;452;473
3494,36,33,276;486;467;255;470;428;482;519;452;473
3495,36,34,279;709;697
3496,36,34,280;711;699
3497,36,35,276;486;468;426;479
3498,36,35,277;488;470;428;481
3499,36,37,277;488;470;428;482;519;452;473;261;472;496;455;222;818;764;784;826;831
3500,36,37,277;488;470;428;482;519;452;473;263;476;500;459;222;818;764;784;826;831
3501,36,38,277;488;470;428;482;519;452;473;261;472;496;456;394;382;523;438;462;489
3502,36,38,277;488;470;428;482;519;452;473;263;476;500;460;398;386;527;442;466;493
3503,36,39,277;488;470;428;482;519;452;473;261;472;496;455;222;818;764;784;826;831;286;1110;1096;1113
3504,36,39,277;488;470;428;482;519;452;473;263;476;500;459;222;818;764;784;826;831;286;1110;1096;1113
3505,36,40,277;488;470;428;482;519;452;473;261;472;495
3506,36,40,277;488;470;428;482;519;452;473;263;476;499
3507,36,41,277;488;470;428;482;519;452;473;261;472;496;456;394;381;10;859;879;208;587;583;576;592
3508,36,41,277;488;470;428;482;519;452;473;263;476;500;460;398;385;10;859;879;208;587;583;576;592
3509,36,42,277;488;470;428;482;519;452;473;261;472;496;456;394;382;523;438;462;490;414;388;400;444;408;432;420;511;501
3510,36,42,277;488;470;428;482;519;452;473;263;476;500;460;398;386;527;442;466;494;418;392;404;448;412;436;424;515;505
3511,36,43,277;488;470;428;482;519;452;473;261;472;496;456;394;382;523;438;462;490;414;388;400;444;408;432;420;511;502;507
3512,36,43,277;488;470;428;482;519;452;473;263;476;500;460;398;386;527;442;466;494;418;392;404;448;412;436;424;515;506;509
3513,36,44,277;488;470;428;482;519;452;473;261;472;496;456;394;381;10;859;880;876;867;119;988;1014;981;78;865;878;893
3514,36,44,277;488;470;428;482;519;452;473;263;476;500;460;398;385;10;859;880;876;867;119;988;1014;981;78;865;878;893
3515,36,45,277;488;470;428;482;519;452;473;261;472;496;456;394;382;523;438;462;490;414;388;400;444;408;432;420;510
3516,36,45,277;488;470;428;482;519;452;473;263;476;500;460;398;386;527;442;466;494;418;392;404;448;412;436;424;514
3517,36,46,277;488;470;428;482;519;452;473;261;472;496;456;394;381;10;859;880;876;867;119;988;1014;981;78;865;878;894;895
3518,36,46,277;488;470;428;482;519;452;473;263;476;500;460;398;385;10;859;880;876;867;119;988;1014;981;78;865;878;894;895
3519,36,47,277;488;470;428;482;519;452;473;261;472;496;456;394;381;10;859;880;876;867;119;988;1014;981;78;865;878;894;896;874;897
3520,36,47,277;488;470;428;482;519;452;473;263;476;500;460;398;385;10;859;880;876;867;119;988;1014;981;78;865;878;894;896;874;897
3521,36,48,276;486;468;426;480;516
3522,36,48,277;488;470;428;482;518
3523,36,49,277;488;470;428;482;519;452;473;261;472;496;456;394;381;10;859;880;876;867;119;988;1014;981;74;570;572;594
3524,36,49,277;488;470;428;482;519;452;473;263;476;500;460;398;385;10;859;880;876;867;119;988;1014;981;74;570;572;594
3525,36,50,277;488;470;428;482;519;452;473;261;472;496;456;394;382;522
3526,36,50,277;488;470;428;482;519;452;473;263;476;500;460;398;386;526
3527,37,1,284;888;885;252;1059;1046;1036;1054;1031;26;394;381
3528,37,1,284;888;885;252;1059;1046;1036;1054;1031;27;396;383
3529,37,2,284;888;885;252;1059;1046;1036;1054;1031;26;394;382;523;438;462;490;414;387
3530,37,2,284;888;885;252;1059;1046;1036;1054;1031;27;396;384;525;440;464;492;416;389
3531,37,3,284;888;885;252;1059;1046;1036;1054;1031
3532,37,3,284;888;886;870;863;881;226;1054;1031
3533,37,4,284;888;885;252;1059;1046;1036;1054;1031;26;394;382;523;438;462;490;414;388;399
3534,37,4,284;888;885;252;1059;1046;1036;1054;1031;27;396;384;525;440;464;492;416;390;401
3535,37,5,284;888;886;870;863;881;219;674;719;692;668;737;702;643;124;646;688;709;698;625
3536,37,5,284;888;886;870;863;881;219;674;719;692;668;737;702;643;125;648;690;711;700;626
3537,37,6,284;888;885;252;1059;1046;1035
3538,37,6,284;888;886;870;862
3539,37,7,284;888;885;252;1059;1046;1036;1054;1031;26;394;382;523;438;462;490;414;388;400;444;407
3540,37,7,284;888;885;252;1059;1046;1036;1054;1031;27;396;384;525;440;464;492;416;390;402;446;409
3541,37,8,284;888;885;252;1059;1046;1036;1054;1031;26;394;381;10;859;880;876;867;119;988;1014;981
3542,37,8,284;888;885;252;1059;1046;1036;1054;1031;27;396;383;10;859;880;876;867;119;988;1014;981
3543,37,9,284;888;885;252;1059;1046;1036;1054;1031;26;394;381;10;859;880;876;867;119;988;1014;982;1002;1016;1020;996;1024;1008;984
3544,37,9,284;888;885;252;1059;1046;1036;1054;1031;27;396;383;10;859;880;876;867;119;988;1014;982;1002;1016;1020;996;1024;1008;984
3545,37,10,284;888;885;252;1059;1046;1036;1054;1031;26;394;381;10;859;880;876;867;119;988;1014;981;74;570;571
3546,37,10,284;888;885;252;1059;1046;1036;1054;1031;27;396;383;10;859;880;876;867;119;988;1014;981;74;570;571
3547,37,11,284;888;885;252;1059;1046;1036;1054;1031;26;394;382;523;438;461;238;554;556;538
3548,37,11,284;888;885;252;1059;1046;1036;1054;1031;27;396;384;525;440;463;238;554;556;538
3549,37,12,284;888;885;252;1059;1046;1036;1054;1031;26;394;382;523;438;462;490;414;388;400;444;408;432;419
3550,37,12,284;888;885;252;1059;1046;1036;1054;1031;27;396;384;525;440;464;492;416;390;402;446;410;434;421
3551,37,13,284;888;885;252;1059;1046;1036;1054;1031;26;394;381;10;859;880;876;867
3552,37,13,284;888;885;252;1059;1046;1036;1054;1031;27;396;383;10;859;880;876;867
3553,37,14,284;888;886;870;863;881;219;674;719;692;668;737;702;643
3554,37,14,284;888;886;870;863;881;219;674;719;692;668;736;364;739;703;273;702;643
3555,37,15,284;888;885;252;1059;1046;1036;1054;1031;26;394;382;523;438;462;490;414;388;400;444;408;431
3556,37,15,284;888;885;252;1059;1046;1036;1054;1031;27;396;384;525;440;464;492;416;390;402;446;410;433
3557,37,16,284;888;885;252;1059;1045
3558,37,16,284;888;886;869
3559,37,17,286;1110;1095
3560,37,17,281;832;789
3561,37,18,284;888;885;252;1059;1046;1036;1054;1031;26;394;381;10;859;880;876;867;119;988;1014;981;74;570;572;595;579
3562,37,18,284;888;885;252;1059;1046;1036;1054;1031;27;396;383;10;859;880;876;867;119;988;1014;981;74;570;572;595;579
3563,37,19,284;888;885;252;1059;1046;1036;1054;1031;26;394;382;523;437
3564,37,19,284;888;885;252;1059;1046;1036;1054;1031;27;396;384;525;439
3565,37,20,284;888;885;252;1059;1046;1036;1054;1031;26;394;381;10;859;880;876;867;119;988;1014;981;78;865;878;894;896;873
3566,37,20,284;888;885;252;1059;1046;1036;1054;1031;27;396;383;10;859;880;876;867;119;988;1014;981;78;865;878;894;896;873
3567,37,21,284;888;885;252;1059;1046;1036;1054;1031;26;394;381;10;859;880;875
3568,37,21,284;888;885;252;1059;1046;1036;1054;1031;27;396;383;10;859;880;875
3569,37,22,284;888;885;252;1059;1046;1036;1054;1031;26;394;382;523;438;462;490;414;388;400;443
3570,37,22,284;888;885;252;1059;1046;1036;1054;1031;27;396;384;525;440;464;492;416;390;402;445
3571,37,23,284;888;885;252;1059;1046;1036;1054;1031;26;394;381;10;859;880;876;867;119;988;1014;981;78;865;877
3572,37,23,284;888;885;252;1059;1046;1036;1054;1031;27;396;383;10;859;880;876;867;119;988;1014;981;78;865;877
3573,37,24,284;888;886;870;863;881;219;674;719;692;667
3574,37,24,284;888;886;870;863;881;220;676;721;694;669
3575,37,25,284;888;885;252;1059;1046;1036;1054;1031;26;394;381;10;859;879
3576,37,25,284;888;885;252;1059;1046;1036;1054;1031;27;396;383;10;859;879
3577,37,26,284;888;886;870;863;881
3578,37,26,284;888;885;252;1059;1045;142;870;863;881
3579,37,27,284;888;885;252;1059;1046;1036;1054;1032;1028;1074;1050;1057;1063;1040;1030;1034;1052;1038;1044;1042;1072;1067;1069;1055
3580,37,27,284;888;886;870;863;881;226;1054;1032;1028;1074;1050;1057;1063;1040;1030;1034;1052;1038;1044;1042;1072;1067;1069;1055
3581,37,28,284;888;885;252;1059;1046;1036;1054;1031;26;394;381;10;859;880;876;867;119;988;1014;981;78;865;878;894;896;874;898;883
3582,37,28,284;888;885;252;1059;1046;1036;1054;1031;27;396;383;10;859;880;876;867;119;988;1014;981;78;865;878;894;896;874;898;883
3583,37,29,284;888;885;252;1059;1046;1036;1054;1031;26;394;382;523;438;461
3584,37,29,284;888;885;252;1059;1046;1036;1054;1031;27;396;384;525;440;463
3585,37,30,284;888;885
3586,37,30,285;1061;1058
3587,37,31,284;888;886;870;863;881;219;674;719;692;668;737;702;643;124;646;687
3588,37,31,284;888;886;870;863;881;219;674;719;692;668;737;702;643;125;648;689
3589,37,32,284;888;885;252;1059;1046;1036;1054;1031;26;394;381;10;859;880;876;867;112;749;750
3590,37,32,284;888;885;252;1059;1046;1036;1054;1031;27;396;383;10;859;880;876;867;112;749;750
3591,37,33,284;888;886;870;863;881;219;674;719;691
3592,37,33,284;888;886;870;863;881;220;676;721;693
3593,37,34,284;888;886;870;863;881;219;674;719;692;668;737;702;643;124;646;688;709;697
3594,37,34,284;888;886;870;863;881;219;674;719;692;668;737;702;643;125;648;690;711;699
3595,37,35,284;888;886;870;863;881;219;674;719;692;668;736;364;739;703
3596,37,35,284;888;886;870;863;881;219;674;719;692;668;736;365;741;705
3597,37,36,284;888;886;870;863;881;219;674;719;692;668;737;702;643;124;646;688;708
3598,37,36,284;888;886;870;863;881;219;674;719;692;668;737;702;643;125;648;690;710
3599,37,38,284;888;885;252;1059;1046;1036;1054;1031;26;394;382;523;438;462;489
3600,37,38,284;888;885;252;1059;1046;1036;1054;1031;27;396;384;525;440;464;491
3601,37,39,286;1110;1096;1113
3602,37,39,286;1110;1095;145;790;837
3603,37,40,284;888;886;870;863;881;219;674;718
3604,37,40,284;888;886;870;863;881;220;676;720
3605,37,41,284;888;885;252;1059;1046;1036;1054;1031;26;394;381;10;859;879;208;587;583;576;592
3606,37,41,284;888;885;252;1059;1046;1036;1054;1031;27;396;383;10;859;879;208;587;583;576;592
3607,37,42,284;888;885;252;1059;1046;1036;1054;1031;26;394;382;523;438;462;490;414;388;400;444;408;432;420;511;501
3608,37,42,284;888;885;252;1059;1046;1036;1054;1031;27;396;384;525;440;464;492;416;390;402;446;410;434;422;513;503
3609,37,43,284;888;885;252;1059;1046;1036;1054;1031;26;394;382;523;438;462;490;414;388;400;444;408;432;420;511;502;507
3610,37,43,284;888;885;252;1059;1046;1036;1054;1031;27;396;384;525;440;464;492;416;390;402;446;410;434;422;513;504;508
3611,37,44,284;888;885;252;1059;1046;1036;1054;1031;26;394;381;10;859;880;876;867;119;988;1014;981;78;865;878;893
3612,37,44,284;888;885;252;1059;1046;1036;1054;1031;27;396;383;10;859;880;876;867;119;988;1014;981;78;865;878;893
3613,37,45,284;888;885;252;1059;1046;1036;1054;1031;26;394;382;523;438;462;490;414;388;400;444;408;432;420;510
3614,37,45,284;888;885;252;1059;1046;1036;1054;1031;27;396;384;525;440;464;492;416;390;402;446;410;434;422;512
3615,37,46,284;888;885;252;1059;1046;1036;1054;1031;26;394;381;10;859;880;876;867;119;988;1014;981;78;865;878;894;895
3616,37,46,284;888;885;252;1059;1046;1036;1054;1031;27;396;383;10;859;880;876;867;119;988;1014;981;78;865;878;894;895
3617,37,47,284;888;885;252;1059;1046;1036;1054;1031;26;394;381;10;859;880;876;867;119;988;1014;981;78;865;878;894;896;874;897
3618,37,47,284;888;885;252;1059;1046;1036;1054;1031;27;396;383;10;859;880;876;867;119;988;1014;981;78;865;878;894;896;874;897
3619,37,48,284;888;886;870;863;881;219;674;719;692;668;736
3620,37,48,284;888;885;252;1059;1045;142;870;863;881;219;674;719;692;668;736
3621,37,49,284;888;885;252;1059;1046;1036;1054;1031;26;394;381;10;859;880;876;867;119;988;1014;981;74;570;572;594
3622,37,49,284;888;885;252;1059;1046;1036;1054;1031;27;396;383;10;859;880;876;867;119;988;1014;981;74;570;572;594
3623,37,50,284;888;885;252;1059;1046;1036;1054;1031;26;394;382;522
3624,37,50,284;888;885;252;1059;1046;1036;1054;1031;27;396;384;524
3625,38,1,299;1112;1105;240;680;656;743;601
3626,38,1,292;713;680;656;743;601
3627,38,2,290;556;538;89;414;387
3628,38,2,290;556;538;90;416;389
3629,38,3,299;1112;1106;1098;1122;1076;1079
3630,38,3,299;1112;1105;240;680;656;742;374;745;604;615
3631,38,4,290;556;538;89;414;388;399
3632,38,4,290;556;538;90;416;390;401
3633,38,5,299;1112;1106;1098;1122;1076;1080;1101;219;674;719;692;668;737;702;643;124;646;688;709;698;625
3634,38,5,299;1112;1106;1098;1122;1076;1080;1101;219;674;719;692;668;737;702;643;125;648;690;711;700;626
3635,38,6,299;1112;1106;1098;1122;1076;1080;1102;1083
3636,38,6,299;1112;1105;240;680;656;742;380;1122;1076;1080;1102;1083
3637,38,7,290;556;538;89;414;388;400;444;407
3638,38,7,290;556;538;90;416;390;402;446;409
3639,38,8,299;1112;1105;245;1010;992;1026;1004;998;988;1014;981
3640,38,8,297;1012;1010;992;1026;1004;998;988;1014;981
3641,38,9,299;1112;1105;245;1010;992;1026;1004;998;988;1014;982;1002;1016;1020;996;1024;1008;984
3642,38,9,297;1012;1010;992;1026;1004;998;988;1014;982;1002;1016;1020;996;1024;1008;984
3643,38,10,299;1112;1105;240;680;656;742;372;597;587;583;576;593;570;571
3644,38,10,299;1112;1105;245;1010;992;1025;372;597;587;583;576;593;570;571
3645,38,11,290;556;538
3646,38,11,287;490;413
3647,38,12,290;556;538;89;414;388;400;444;408;432;419
3648,38,12,290;556;538;90;416;390;402;446;410;434;421
3649,38,13,299;1112;1105;240;680;656;742;372;597;587;583;575
3650,38,13,299;1112;1105;245;1010;992;1025;372;597;587;583;575
3651,38,14,299;1112;1106;1098;1122;1076;1080;1101;219;674;719;692;668;737;702;643
3652,38,14,299;1112;1106;1098;1122;1076;1079;29;614;674;719;692;668;737;702;643
3653,38,15,290;556;538;89;414;388;400;444;408;431
3654,38,15,290;556;538;90;416;390;402;446;410;433
3655,38,16,299;1112;1106;1098;1122;1076;1080;1102;1084;1093
3656,38,16,299;1112;1105;240;680;656;742;380;1122;1076;1080;1102;1084;1093
3657,38,17,299;1112;1106;1098;1122;1076;1080;1102;1084;1094;1108;1110;1095
3658,38,17,299;1112;1105;240;680;656;743;601;7;752;758;818;764;784;826;831;286;1110;1095
3659,38,18,299;1112;1105;240;680;656;742;372;597;587;583;576;593;570;572;595;579
3660,38,18,299;1112;1105;245;1010;992;1025;372;597;587;583;576;593;570;572;595;579
3661,38,19,299;1112;1105;240;680;655
3662,38,19,299;1112;1105;245;1010;991
3663,38,20,299;1112;1105;245;1010;992;1026;1004;998;988;1014;981;78;865;878;894;896;873
3664,38,20,299;1112;1105;245;1010;992;1026;1004;998;988;1014;982;1002;1016;1020;995
3665,38,21,299;1112;1105;245;1010;992;1026;1004;997
3666,38,21,297;1012;1010;992;1026;1004;997
3667,38,22,290;556;538;89;414;388;400;443
3668,38,22,290;556;538;90;416;390;402;445
3669,38,23,299;1112;1105;245;1010;992;1026;1004;998;988;1014;981;78;865;877
3670,38,23,299;1112;1105;245;1010;992;1026;1004;998;988;1014;982;1001
3671,38,24,299;1112;1105;240;680;656;742;374;745;604;616;676;721;694;669
3672,38,24,299;1112;1105;245;1010;992;1025;374;745;604;616;676;721;694;669
3673,38,25,299;1112;1105;245;1010;992;1026;1003
3674,38,25,297;1012;1010;992;1026;1003
3675,38,26,299;1112;1106;1098;1122;1076;1080;1101
3676,38,26,299;1112;1105;240;680;656;742;374;745;604;616;675
3677,38,27,290;556;538;100;1040;1030;1034;1052;1038;1044;1042;1072;1067;1069;1055
3678,38,27,298;1063;1040;1030;1034;1052;1038;1044;1042;1072;1067;1069;1055
3679,38,28,299;1112;1105;245;1010;992;1026;1004;998;988;1014;981;78;865;878;894;896;874;898;883
3680,38,28,299;1112;1105;245;1010;992;1026;1004;998;988;1014;982;1002;1016;1020;996;1024;1007
3681,38,29,299;1112;1105
3682,38,29,291;591;588
3683,38,30,299;1112;1106;1098;1122;1076;1080;1102;1084;1094;1107
3684,38,30,299;1112;1105;240;680;656;742;380;1122;1076;1080;1102;1084;1094;1107
3685,38,31,299;1112;1106;1098;1122;1076;1080;1101;219;674;719;692;668;737;702;643;124;646;687
3686,38,31,299;1112;1106;1098;1122;1076;1080;1101;219;674;719;692;668;737;702;643;125;648;689
3687,38,32,299;1112;1105;240;680;656;742;372;597;587;583;575;112;749;750
3688,38,32,299;1112;1105;245;1010;992;1025;372;597;587;583;575;112;749;750
3689,38,33,299;1112;1105;240;680;656;742;374;745;604;616;676;721;693
3690,38,33,299;1112;1105;245;1010;992;1025;374;745;604;616;676;721;693
3691,38,34,299;1112;1106;1098;1122;1076;1080;1101;219;674;719;692;668;737;702;643;124;646;688;709;697
3692,38,34,299;1112;1106;1098;1122;1076;1080;1101;219;674;719;692;668;737;702;643;125;648;690;711;699
3693,38,35,299;1112;1106;1098;1122;1076;1080;1101;219;674;719;692;668;736;364;739;703
3694,38,35,299;1112;1106;1098;1122;1076;1080;1101;219;674;719;692;668;736;365;741;705
3695,38,36,299;1112;1106;1098;1122;1076;1080;1101;219;674;719;692;668;737;702;643;124;646;688;708
3696,38,36,299;1112;1106;1098;1122;1076;1080;1101;219;674;719;692;668;737;702;643;125;648;690;710
3697,38,37,299;1112;1105;240;680;656;743;601;7;752;758;818;764;784;826;831
3698,38,37,299;1112;1105;240;680;656;743;601;8;754;760;820;766;786;828;833
3699,38,39,299;1112;1106;1098;1122;1076;1080;1102;1084;1094;1108;1110;1096;1113
3700,38,39,299;1112;1105;240;680;656;743;601;7;752;758;818;764;784;826;831;286;1110;1096;1113
3701,38,40,299;1112;1105;240;680;656;742;374;745;604;616;676;720
3702,38,40,299;1112;1105;245;1010;992;1025;374;745;604;616;676;720
3703,38,41,299;1112;1105;240;680;656;742;372;597;587;583;576;592
3704,38,41,299;1112;1105;245;1010;992;1025;372;597;587;583;576;592
3705,38,42,290;556;538;89;414;388;400;444;408;432;420;511;501
3706,38,42,290;556;538;90;416;390;402;446;410;434;422;513;503
3707,38,43,290;556;538;89;414;388;400;444;408;432;420;511;502;507
3708,38,43,290;556;538;90;416;390;402;446;410;434;422;513;504;508
3709,38,44,299;1112;1105;245;1010;992;1026;1004;998;988;1014;981;78;865;878;893
3710,38,44,299;1112;1105;245;1010;992;1026;1004;998;988;1014;982;1002;1015
3711,38,45,290;556;538;89;414;388;400;444;408;432;420;510
3712,38,45,290;556;538;90;416;390;402;446;410;434;422;512
3713,38,46,299;1112;1105;245;1010;992;1026;1004;998;988;1014;981;78;865;878;894;895
3714,38,46,299;1112;1105;245;1010;992;1026;1004;998;988;1014;982;1002;1016;1019
3715,38,47,299;1112;1105;245;1010;992;1026;1004;998;988;1014;981;78;865;878;894;896;874;897
3716,38,47,299;1112;1105;245;1010;992;1026;1004;998;988;1014;982;1002;1016;1020;996;1023
3717,38,48,299;1112;1106;1098;1122;1076;1080;1101;219;674;719;692;668;736
3718,38,48,299;1112;1106;1098;1122;1076;1079;29;614;674;719;692;668;736
3719,38,49,299;1112;1105;240;680;656;742;372;597;587;583;576;593;570;572;594
3720,38,49,299;1112;1105;245;1010;992;1025;372;597;587;583;576;593;570;572;594
3721,38,50,299;1112;1105;240;680;656;742
3722,38,50,299;1112;1105;245;1010;992;1025
3723,39,1,303;890;872;888;885;252;1059;1046;1036;1054;1031;26;394;381
3724,39,1,303;890;872;888;885;252;1059;1046;1036;1054;1031;27;396;383
3725,39,2,303;890;872;888;885;252;1059;1046;1036;1054;1031;26;394;382;523;438;462;490;414;387
3726,39,2,303;890;872;888;885;252;1059;1046;1036;1054;1031;27;396;384;525;440;464;492;416;389
3727,39,3,303;890;872;888;885;252;1059;1046;1036;1054;1031
3728,39,3,303;890;872;888;886;870;863;881;226;1054;1031
3729,39,4,303;890;872;888;885;252;1059;1046;1036;1054;1031;26;394;382;523;438;462;490;414;388;399
3730,39,4,303;890;872;888;885;252;1059;1046;1036;1054;1031;27;396;384;525;440;464;492;416;390;401
3731,39,5,303;890;872;888;886;870;863;881;219;674;719;692;668;737;702;643;124;646;688;709;698;625
3732,39,5,303;890;872;888;886;870;863;881;219;674;719;692;668;737;702;643;125;648;690;711;700;626
3733,39,6,303;890;872;888;885;252;1059;1046;1035
3734,39,6,303;890;872;888;886;870;862
3735,39,7,303;890;872;888;885;252;1059;1046;1036;1054;1031;26;394;382;523;438;462;490;414;388;400;444;407
3736,39,7,303;890;872;888;885;252;1059;1046;1036;1054;1031;27;396;384;525;440;464;492;416;390;402;446;409
3737,39,8,303;890;872;888;885;252;1059;1046;1036;1054;1031;26;394;381;10;859;880;876;867;119;988;1014;981
3738,39,8,303;890;872;888;885;252;1059;1046;1036;1054;1031;27;396;383;10;859;880;876;867;119;988;1014;981
3739,39,9,303;890;872;888;885;252;1059;1046;1036;1054;1031;26;394;381;10;859;880;876;867;119;988;1014;982;1002;1016;1020;996;1024;1008;984
3740,39,9,303;890;872;888;885;252;1059;1046;1036;1054;1031;27;396;383;10;859;880;876;867;119;988;1014;982;1002;1016;1020;996;1024;1008;984
3741,39,10,303;890;872;888;885;252;1059;1046;1036;1054;1031;26;394;381;10;859;880;876;867;119;988;1014;981;74;570;571
3742,39,10,303;890;872;888;885;252;1059;1046;1036;1054;1031;27;396;383;10;859;880;876;867;119;988;1014;981;74;570;571
3743,39,11,303;890;872;888;885;252;1059;1046;1036;1054;1031;26;394;382;523;438;461;238;554;556;538
3744,39,11,303;890;872;888;885;252;1059;1046;1036;1054;1031;27;396;384;525;440;463;238;554;556;538
3745,39,12,303;890;872;888;885;252;1059;1046;1036;1054;1031;26;394;382;523;438;462;490;414;388;400;444;408;432;419
3746,39,12,303;890;872;888;885;252;1059;1046;1036;1054;1031;27;396;384;525;440;464;492;416;390;402;446;410;434;421
3747,39,13,303;890;872;888;885;252;1059;1046;1036;1054;1031;26;394;381;10;859;880;876;867
3748,39,13,303;890;872;888;885;252;1059;1046;1036;1054;1031;27;396;383;10;859;880;876;867
3749,39,14,303;890;872;888;886;870;863;881;219;674;719;692;668;737;702;643
3750,39,14,303;890;872;888;886;870;863;881;219;674;719;692;668;736;364;739;703;273;702;643
3751,39,15,303;890;872;888;885;252;1059;1046;1036;1054;1031;26;394;382;523;438;462;490;414;388;400;444;408;431
3752,39,15,303;890;872;888;885;252;1059;1046;1036;1054;1031;27;396;384;525;440;464;492;416;390;402;446;410;433
3753,39,16,303;890;872;888;885;252;1059;1045
3754,39,16,303;890;872;888;886;869
3755,39,17,303;890;871
3756,39,17,304;1065;1047
3757,39,18,303;890;872;888;885;252;1059;1046;1036;1054;1031;26;394;381;10;859;880;876;867;119;988;1014;981;74;570;572;595;579
3758,39,18,303;890;872;888;885;252;1059;1046;1036;1054;1031;27;396;383;10;859;880;876;867;119;988;1014;981;74;570;572;595;579
3759,39,19,303;890;872;888;885;252;1059;1046;1036;1054;1031;26;394;382;523;437
3760,39,19,303;890;872;888;885;252;1059;1046;1036;1054;1031;27;396;384;525;439
3761,39,20,303;890;872;888;885;252;1059;1046;1036;1054;1031;26;394;381;10;859;880;876;867;119;988;1014;981;78;865;878;894;896;873
3762,39,20,303;890;872;888;885;252;1059;1046;1036;1054;1031;27;396;383;10;859;880;876;867;119;988;1014;981;78;865;878;894;896;873
3763,39,21,303;890;872;888;885;252;1059;1046;1036;1054;1031;26;394;381;10;859;880;875
3764,39,21,303;890;872;888;885;252;1059;1046;1036;1054;1031;27;396;383;10;859;880;875
3765,39,22,303;890;872;888;885;252;1059;1046;1036;1054;1031;26;394;382;523;438;462;490;414;388;400;443
3766,39,22,303;890;872;888;885;252;1059;1046;1036;1054;1031;27;396;384;525;440;464;492;416;390;402;445
3767,39,23,303;890;872;888;885;252;1059;1046;1036;1054;1031;26;394;381;10;859;880;876;867;119;988;1014;981;78;865;877
3768,39,23,303;890;872;888;885;252;1059;1046;1036;1054;1031;27;396;383;10;859;880;876;867;119;988;1014;981;78;865;877
3769,39,24,303;890;872;888;886;870;863;881;219;674;719;692;667
3770,39,24,303;890;872;888;886;870;863;881;220;676;721;694;669
3771,39,25,303;890;872;888;885;252;1059;1046;1036;1054;1031;26;394;381;10;859;879
3772,39,25,303;890;872;888;885;252;1059;1046;1036;1054;1031;27;396;383;10;859;879
3773,39,26,303;890;872;888;886;870;863;881
3774,39,26,303;890;872;888;885;252;1059;1045;142;870;863;881
3775,39,27,303;890;872;888;885;252;1059;1046;1036;1054;1032;1028;1074;1050;1057;1063;1040;1030;1034;1052;1038;1044;1042;1072;1067;1069;1055
3776,39,27,303;890;872;888;886;870;863;881;226;1054;1032;1028;1074;1050;1057;1063;1040;1030;1034;1052;1038;1044;1042;1072;1067;1069;1055
3777,39,28,303;890;872;888;885;252;1059;1046;1036;1054;1031;26;394;381;10;859;880;876;867;119;988;1014;981;78;865;878;894;896;874;898;883
3778,39,28,303;890;872;888;885;252;1059;1046;1036;1054;1031;27;396;383;10;859;880;876;867;119;988;1014;981;78;865;878;894;896;874;898;883
3779,39,29,303;890;872;888;885;252;1059;1046;1036;1054;1031;26;394;382;523;438;461
3780,39,29,303;890;872;888;885;252;1059;1046;1036;1054;1031;27;396;384;525;440;463
3781,39,30,303;890;872;888;885
3782,39,30,304;1065;1047;148;872;888;885
3783,39,31,303;890;872;888;886;870;863;881;219;674;719;692;668;737;702;643;124;646;687
3784,39,31,303;890;872;888;886;870;863;881;219;674;719;692;668;737;702;643;125;648;689
3785,39,32,303;890;872;888;885;252;1059;1046;1036;1054;1031;26;394;381;10;859;880;876;867;112;749;750
3786,39,32,303;890;872;888;885;252;1059;1046;1036;1054;1031;27;396;383;10;859;880;876;867;112;749;750
3787,39,33,303;890;872;888;886;870;863;881;219;674;719;691
3788,39,33,303;890;872;888;886;870;863;881;220;676;721;693
3789,39,34,303;890;872;888;886;870;863;881;219;674;719;692;668;737;702;643;124;646;688;709;697
3790,39,34,303;890;872;888;886;870;863;881;219;674;719;692;668;737;702;643;125;648;690;711;699
3791,39,35,303;890;872;888;886;870;863;881;219;674;719;692;668;736;364;739;703
3792,39,35,303;890;872;888;886;870;863;881;219;674;719;692;668;736;365;741;705
3793,39,36,303;890;872;888;886;870;863;881;219;674;719;692;668;737;702;643;124;646;688;708
3794,39,36,303;890;872;888;886;870;863;881;219;674;719;692;668;737;702;643;125;648;690;710
3795,39,37,303;890;872;887
3796,39,37,304;1065;1048;1060
3797,39,38,303;890;872;888;885;252;1059;1046;1036;1054;1031;26;394;382;523;438;462;489
3798,39,38,303;890;872;888;885;252;1059;1046;1036;1054;1031;27;396;384;525;440;464;491
3799,39,40,303;890;872;888;886;870;863;881;219;674;718
3800,39,40,303;890;872;888;886;870;863;881;220;676;720
3801,39,41,303;890;872;888;885;252;1059;1046;1036;1054;1031;26;394;381;10;859;879;208;587;583;576;592
3802,39,41,303;890;872;888;885;252;1059;1046;1036;1054;1031;27;396;383;10;859;879;208;587;583;576;592
3803,39,42,303;890;872;888;885;252;1059;1046;1036;1054;1031;26;394;382;523;438;462;490;414;388;400;444;408;432;420;511;501
3804,39,42,303;890;872;888;885;252;1059;1046;1036;1054;1031;27;396;384;525;440;464;492;416;390;402;446;410;434;422;513;503
3805,39,43,303;890;872;888;885;252;1059;1046;1036;1054;1031;26;394;382;523;438;462;490;414;388;400;444;408;432;420;511;502;507
3806,39,43,303;890;872;888;885;252;1059;1046;1036;1054;1031;27;396;384;525;440;464;492;416;390;402;446;410;434;422;513;504;508
3807,39,44,303;890;872;888;885;252;1059;1046;1036;1054;1031;26;394;381;10;859;880;876;867;119;988;1014;981;78;865;878;893
3808,39,44,303;890;872;888;885;252;1059;1046;1036;1054;1031;27;396;383;10;859;880;876;867;119;988;1014;981;78;865;878;893
3809,39,45,303;890;872;888;885;252;1059;1046;1036;1054;1031;26;394;382;523;438;462;490;414;388;400;444;408;432;420;510
3810,39,45,303;890;872;888;885;252;1059;1046;1036;1054;1031;27;396;384;525;440;464;492;416;390;402;446;410;434;422;512
3811,39,46,303;890;872;888;885;252;1059;1046;1036;1054;1031;26;394;381;10;859;880;876;867;119;988;1014;981;78;865;878;894;895
3812,39,46,303;890;872;888;885;252;1059;1046;1036;1054;1031;27;396;383;10;859;880;876;867;119;988;1014;981;78;865;878;894;895
3813,39,47,303;890;872;888;885;252;1059;1046;1036;1054;1031;26;394;381;10;859;880;876;867;119;988;1014;981;78;865;878;894;896;874;897
3814,39,47,303;890;872;888;885;252;1059;1046;1036;1054;1031;27;396;383;10;859;880;876;867;119;988;1014;981;78;865;878;894;896;874;897
3815,39,48,303;890;872;888;886;870;863;881;219;674;719;692;668;736
3816,39,48,303;890;872;888;885;252;1059;1045;142;870;863;881;219;674;719;692;668;736
3817,39,49,303;890;872;888;885;252;1059;1046;1036;1054;1031;26;394;381;10;859;880;876;867;119;988;1014;981;74;570;572;594
3818,39,49,303;890;872;888;885;252;1059;1046;1036;1054;1031;27;396;383;10;859;880;876;867;119;988;1014;981;74;570;572;594
3819,39,50,303;890;872;888;885;252;1059;1046;1036;1054;1031;26;394;382;522
3820,39,50,303;890;872;888;885;252;1059;1046;1036;1054;1031;27;396;384;524
3821,40,1,306;496;456;394;381
3822,40,1,307;498;458;396;383
3823,40,2,306;496;456;394;382;523;438;462;490;414;387
3824,40,2,307;498;458;396;384;525;440;464;492;416;389
3825,40,3,306;496;455;226;1054;1031
3826,40,3,307;498;457;226;1054;1031
3827,40,4,306;496;456;394;382;523;438;462;490;414;388;399
3828,40,4,307;498;458;396;384;525;440;464;492;416;390;401
3829,40,5,309;719;692;668;737;702;643;124;646;688;709;698;625
3830,40,5,309;719;692;668;737;702;643;125;648;690;711;700;626
3831,40,6,306;496;455;222;818;763
3832,40,6,307;498;457;222;818;763
3833,40,7,306;496;456;394;382;523;438;462;490;414;388;400;444;407
3834,40,7,307;498;458;396;384;525;440;464;492;416;390;402;446;409
3835,40,8,306;496;456;394;381;10;859;880;876;867;119;988;1014;981
3836,40,8,307;498;458;396;383;10;859;880;876;867;119;988;1014;981
3837,40,9,306;496;456;394;381;10;859;880;876;867;119;988;1014;982;1002;1016;1020;996;1024;1008;984
3838,40,9,307;498;458;396;383;10;859;880;876;867;119;988;1014;982;1002;1016;1020;996;1024;1008;984
3839,40,10,306;496;456;394;381;10;859;880;876;867;119;988;1014;981;74;570;571
3840,40,10,307;498;458;396;383;10;859;880;876;867;119;988;1014;981;74;570;571
3841,40,11,306;496;456;394;382;523;438;461;238;554;556;538
3842,40,11,307;498;458;396;384;525;440;463;238;554;556;538
3843,40,12,306;496;456;394;382;523;438;462;490;414;388;400;444;408;432;419
3844,40,12,307;498;458;396;384;525;440;464;492;416;390;402;446;410;434;421
3845,40,13,306;496;456;394;381;10;859;880;876;867
3846,40,13,307;498;458;396;383;10;859;880;876;867
3847,40,14,309;719;692;668;737;702;643
3848,40,14,309;719;692;668;736;364;739;703;273;702;643
3849,40,15,306;496;456;394;382;523;438;462;490;414;388;400;444;408;431
3850,40,15,307;498;458;396;384;525;440;464;492;416;390;402;446;410;433
3851,40,16,306;496;455;222;818;764;783
3852,40,16,307;498;457;222;818;764;783
3853,40,17,306;496;455;222;818;764;784;826;831;286;1110;1095
3854,40,17,307;498;457;222;818;764;784;826;831;286;1110;1095
3855,40,18,306;496;456;394;381;10;859;880;876;867;119;988;1014;981;74;570;572;595;579
3856,40,18,307;498;458;396;383;10;859;880;876;867;119;988;1014;981;74;570;572;595;579
3857,40,19,306;496;456;394;382;523;437
3858,40,19,307;498;458;396;384;525;439
3859,40,20,306;496;456;394;381;10;859;880;876;867;119;988;1014;981;78;865;878;894;896;873
3860,40,20,307;498;458;396;383;10;859;880;876;867;119;988;1014;981;78;865;878;894;896;873
3861,40,21,306;496;456;394;381;10;859;880;875
3862,40,21,307;498;458;396;383;10;859;880;875
3863,40,22,306;496;456;394;382;523;438;462;490;414;388;400;443
3864,40,22,307;498;458;396;384;525;440;464;492;416;390;402;445
3865,40,23,306;496;456;394;381;10;859;880;876;867;119;988;1014;981;78;865;877
3866,40,23,307;498;458;396;383;10;859;880;876;867;119;988;1014;981;78;865;877
3867,40,24,309;719;692;667
3868,40,24,310;721;694;669
3869,40,25,306;496;456;394;381;10;859;879
3870,40,25,307;498;458;396;383;10;859;879
3871,40,26,306;496;455
3872,40,26,307;498;457
3873,40,27,306;496;456;394;382;523;438;461;238;554;556;538;100;1040;1030;1034;1052;1038;1044;1042;1072;1067;1069;1055
3874,40,27,307;498;458;396;384;525;440;463;238;554;556;538;100;1040;1030;1034;1052;1038;1044;1042;1072;1067;1069;1055
3875,40,28,306;496;456;394;381;10;859;880;876;867;119;988;1014;981;78;865;878;894;896;874;898;883
3876,40,28,307;498;458;396;383;10;859;880;876;867;119;988;1014;981;78;865;878;894;896;874;898;883
3877,40,29,306;496;456;394;382;523;438;461
3878,40,29,307;498;458;396;384;525;440;463
3879,40,30,306;496;455;222;818;764;784;825
3880,40,30,306;496;455;223;820;766;786;827
3881,40,31,309;719;692;668;737;702;643;124;646;687
3882,40,31,309;719;692;668;737;702;643;125;648;689
3883,40,32,306;496;456;394;381;10;859;880;876;867;112;749;750
3884,40,32,307;498;458;396;383;10;859;880;876;867;112;749;750
3885,40,33,309;719;691
3886,40,33,310;721;693
3887,40,34,309;719;692;668;737;702;643;124;646;688;709;697
3888,40,34,309;719;692;668;737;702;643;125;648;690;711;699
3889,40,35,309;719;692;668;736;364;739;703
3890,40,35,309;719;692;668;736;365;741;705
3891,40,36,309;719;692;668;737;702;643;124;646;688;708
3892,40,36,309;719;692;668;737;702;643;125;648;690;710
3893,40,37,306;496;455;222;818;764;784;826;831
3894,40,37,307;498;457;222;818;764;784;826;831
3895,40,38,306;496;456;394;382;523;438;462;489
3896,40,38,307;498;458;396;384;525;440;464;491
3897,40,39,306;496;455;222;818;764;784;826;831;286;1110;1096;1113
3898,40,39,307;498;457;222;818;764;784;826;831;286;1110;1096;1113
3899,40,41,306;496;456;394;381;10;859;879;208;587;583;576;592
3900,40,41,307;498;458;396;383;10;859;879;208;587;583;576;592
3901,40,42,306;496;456;394;382;523;438;462;490;414;388;400;444;408;432;420;511;501
3902,40,42,307;498;458;396;384;525;440;464;492;416;390;402;446;410;434;422;513;503
3903,40,43,306;496;456;394;382;523;438;462;490;414;388;400;444;408;432;420;511;502;507
3904,40,43,307;498;458;396;384;525;440;464;492;416;390;402;446;410;434;422;513;504;508
3905,40,44,306;496;456;394;381;10;859;880;876;867;119;988;1014;981;78;865;878;893
3906,40,44,307;498;458;396;383;10;859;880;876;867;119;988;1014;981;78;865;878;893
3907,40,45,306;496;456;394;382;523;438;462;490;414;388;400;444;408;432;420;510
3908,40,45,307;498;458;396;384;525;440;464;492;416;390;402;446;410;434;422;512
3909,40,46,306;496;456;394;381;10;859;880;876;867;119;988;1014;981;78;865;878;894;895
3910,40,46,307;498;458;396;383;10;859;880;876;867;119;988;1014;981;78;865;878;894;895
3911,40,47,306;496;456;394;381;10;859;880;876;867;119;988;1014;981;78;865;878;894;896;874;897
3912,40,47,307;498;458;396;383;10;859;880;876;867;119;988;1014;981;78;865;878;894;896;874;897
3913,40,48,309;719;692;668;736
3914,40,48,310;721;694;669;204;668;736
3915,40,49,306;496;456;394;381;10;859;880;876;867;119;988;1014;981;74;570;572;594
3916,40,49,307;498;458;396;383;10;859;880;876;867;119;988;1014;981;74;570;572;594
3917,40,50,306;496;456;394;382;522
3918,40,50,307;498;458;396;384;524
3919,41,1,314;841;778;800;812;751
3920,41,1,315;843;780;802;814;753
3921,41,2,312;558;541;548;552;561;368;523;438;462;490;414;387
3922,41,2,312;558;541;548;552;561;369;525;440;464;492;416;389
3923,41,3,314;841;778;800;812;752;757
3924,41,3,315;843;780;802;814;754;759
3925,41,4,312;558;541;548;552;561;368;523;438;462;490;414;388;399
3926,41,4,312;558;541;548;552;561;369;525;440;464;492;416;390;401
3927,41,5,314;841;778;800;812;752;758;817;219;674;719;692;668;737;702;643;124;646;688;709;698;625
3928,41,5,314;841;778;800;812;752;758;817;219;674;719;692;668;737;702;643;125;648;690;711;700;626
3929,41,6,314;841;778;800;812;752;758;818;763
3930,41,6,315;843;780;802;814;754;760;820;765
3931,41,7,312;558;541;548;552;561;368;523;438;462;490;414;388;400;444;407
3932,41,7,312;558;541;548;552;561;369;525;440;464;492;416;390;402;446;409
3933,41,8,320;1014;981
3934,41,8,313;593;569
3935,41,9,320;1014;982;1002;1016;1020;996;1024;1008;984
3936,41,9,320;1014;981;78;865;877;200;1002;1016;1020;996;1024;1008;984
3937,41,10,320;1014;981;74;570;571
3938,41,10,313;593;570;571
3939,41,11,312;558;541;548;552;562;546;554;556;538
3940,41,11,312;558;541;548;552;561;368;523;438;461;238;554;556;538
3941,41,12,312;558;541;548;552;561;368;523;438;462;490;414;388;400;444;408;432;419
3942,41,12,312;558;541;548;552;561;369;525;440;464;492;416;390;402;446;410;434;421
3943,41,13,312;558;540
3944,41,13,314;841;777
3945,41,14,314;841;778;800;812;752;758;817;219;674;719;692;668;737;702;643
3946,41,14,315;843;780;802;814;754;760;819;219;674;719;692;668;737;702;643
3947,41,15,312;558;541;548;552;561;368;523;438;462;490;414;388;400;444;408;431
3948,41,15,312;558;541;548;552;561;369;525;440;464;492;416;390;402;446;410;433
3949,41,16,314;841;778;800;812;752;758;818;764;783
3950,41,16,315;843;780;802;814;754;760;820;766;785
3951,41,17,314;841;778;800;812;752;758;818;764;784;826;831;286;1110;1095
3952,41,17,315;843;780;802;814;754;760;820;766;786;828;833;286;1110;1095
3953,41,18,320;1014;981;74;570;572;595;579
3954,41,18,313;593;570;572;595;579
3955,41,19,312;558;541;548;552;562;545
3956,41,19,312;558;541;548;552;561;368;523;437
3957,41,20,320;1014;981;78;865;878;894;896;873
3958,41,20,317;892;865;878;894;896;873
3959,41,21,312;558;541;547
3960,41,21,314;841;778;799
3961,41,22,312;558;541;548;552;561;368;523;438;462;490;414;388;400;443
3962,41,22,312;558;541;548;552;561;369;525;440;464;492;416;390;402;445
3963,41,23,320;1014;981;78;865;877
3964,41,23,317;892;865;877
3965,41,24,314;841;778;800;812;752;758;817;219;674;719;692;667
3966,41,24,315;843;780;802;814;754;760;819;219;674;719;692;667
3967,41,25,312;558;541;548;551
3968,41,25,314;841;778;800;811
3969,41,26,314;841;778;800;812;752;758;817
3970,41,26,315;843;780;802;814;754;760;819
3971,41,27,312;558;541;548;552;561;379;1074;1050;1057;1063;1040;1030;1034;1052;1038;1044;1042;1072;1067;1069;1055
3972,41,27,312;558;541;548;552;562;545;164;1050;1057;1063;1040;1030;1034;1052;1038;1044;1042;1072;1067;1069;1055
3973,41,28,320;1014;981;78;865;878;894;896;874;898;883
3974,41,28,317;892;865;878;894;896;874;898;883
3975,41,29,312;558;541;548;552;561;368;523;438;461
3976,41,29,312;558;541;548;552;561;369;525;440;463
3977,41,30,314;841;778;800;812;752;758;818;764;784;825
3978,41,30,315;843;780;802;814;754;760;820;766;786;827
3979,41,31,314;841;778;800;812;752;758;817;219;674;719;692;668;737;702;643;124;646;687
3980,41,31,315;843;780;802;814;754;760;819;219;674;719;692;668;737;702;643;124;646;687
3981,41,32,312;558;540;112;749;750
3982,41,32,314;841;777;112;749;750
3983,41,33,314;841;778;800;812;752;758;817;219;674;719;691
3984,41,33,315;843;780;802;814;754;760;819;219;674;719;691
3985,41,34,314;841;778;800;812;752;758;817;219;674;719;692;668;737;702;643;124;646;688;709;697
3986,41,34,314;841;778;800;812;752;758;817;219;674;719;692;668;737;702;643;125;648;690;711;699
3987,41,35,314;841;778;800;812;752;758;817;219;674;719;692;668;736;364;739;703
3988,41,35,315;843;780;802;814;754;760;819;219;674;719;692;668;736;364;739;703
3989,41,36,314;841;778;800;812;752;758;817;219;674;719;692;668;737;702;643;124;646;688;708
3990,41,36,314;841;778;800;812;752;758;817;219;674;719;692;668;737;702;643;125;648;690;710
3991,41,37,314;841;778;800;812;752;758;818;764;784;826;831
3992,41,37,315;843;780;802;814;754;760;820;766;786;828;833
3993,41,38,312;558;541;548;552;561;368;523;438;462;489
3994,41,38,312;558;541;548;552;561;369;525;440;464;491
3995,41,39,314;841;778;800;812;752;758;818;764;784;826;831;286;1110;1096;1113
3996,41,39,315;843;780;802;814;754;760;820;766;786;828;833;286;1110;1096;1113
3997,41,40,314;841;778;800;812;752;758;817;219;674;718
3998,41,40,315;843;780;802;814;754;760;819;219;674;718
3999,41,42,312;558;541;548;552;561;368;523;438;462;490;414;388;400;444;408;432;420;511;501
4000,41,42,312;558;541;548;552;561;369;525;440;464;492;416;390;402;446;410;434;422;513;503
4001,41,43,312;558;541;548;552;561;368;523;438;462;490;414;388;400;444;408;432;420;511;502;507
4002,41,43,312;558;541;548;552;561;369;525;440;464;492;416;390;402;446;410;434;422;513;504;508
4003,41,44,320;1014;981;78;865;878;893
4004,41,44,317;892;865;878;893
4005,41,45,312;558;541;548;552;561;368;523;438;462;490;414;388;400;444;408;432;420;510
4006,41,45,312;558;541;548;552;561;369;525;440;464;492;416;390;402;446;410;434;422;512
4007,41,46,320;1014;981;78;865;878;894;895
4008,41,46,317;892;865;878;894;895
4009,41,47,320;1014;981;78;865;878;894;896;874;897
4010,41,47,317;892;865;878;894;896;874;897
4011,41,48,314;841;778;800;812;752;758;817;219;674;719;692;668;736
4012,41,48,315;843;780;802;814;754;760;819;219;674;719;692;668;736
4013,41,49,320;1014;981;74;570;572;594
4014,41,49,313;593;570;572;594
4015,41,50,312;558;541;548;552;561
4016,41,50,314;841;778;800;811;207;552;561
4017,42,1,325;727;735;642;651;136;990;980;1000;978;976;985;94;634;713;680;656;743;601
4018,42,1,327;1115;1120;1090;1091;136;990;980;1000;978;976;985;94;634;713;680;656;743;601
4019,42,2,325;727;735;642;651;136;990;980;999;185;585;566;563
4020,42,2,327;1115;1120;1090;1091;136;990;980;999;185;585;566;563
4021,42,3,325;727;735;642;651;136;990;980;1000;978;976;985;94;634;713;680;656;742;374;745;604;615
4022,42,3,327;1115;1120;1090;1091;136;990;980;1000;978;976;985;94;634;713;680;656;742;374;745;604;615
4023,42,4,325;727;735;642;651;136;990;980;999;185;585;565
4024,42,4,327;1115;1120;1090;1091;136;990;980;999;185;585;565
4025,42,5,325;727;735;642;651;136;990;980;1000;978;976;985;94;634;713;680;656;743;602;614;674;719;692;668;737;702;643;124;646;688;709;698;625
4026,42,5,327;1115;1120;1090;1091;136;990;980;1000;978;976;985;94;634;713;680;656;743;602;614;674;719;692;668;737;702;643;124;646;688;709;698;625
4027,42,6,325;727;735;642;651;136;990;980;1000;978;976;985;94;634;713;680;656;742;380;1122;1076;1080;1102;1083
4028,42,6,327;1115;1120;1090;1091;136;990;980;1000;978;976;985;94;634;713;680;656;742;380;1122;1076;1080;1102;1083
4029,42,7,325;727;735;642;651;130;578;567
4030,42,7,327;1115;1120;1090;1091;130;578;567
4031,42,8,325;727;735;642;651;136;990;980;1000;978;976;986;1012;1010;992;1026;1004;998;988;1014;981
4032,42,8,327;1115;1120;1090;1091;136;990;980;1000;978;976;986;1012;1010;992;1026;1004;998;988;1014;981
4033,42,9,325;727;735;642;651;136;990;980;1000;978;976;986;1012;1010;992;1026;1004;998;988;1014;982;1002;1016;1020;996;1024;1008;984
4034,42,9,327;1115;1120;1090;1091;136;990;980;1000;978;976;986;1012;1010;992;1026;1004;998;988;1014;982;1002;1016;1020;996;1024;1008;984
4035,42,10,325;727;735;642;651;136;990;980;1000;978;976;985;94;634;713;680;656;742;372;597;587;583;576;593;570;571
4036,42,10,327;1115;1120;1090;1091;136;990;980;1000;978;976;985;94;634;713;680;656;742;372;597;587;583;576;593;570;571
4037,42,11,325;727;735;642;651;136;990;980;1000;978;976;985
4038,42,11,327;1115;1120;1090;1091;136;990;980;1000;978;976;985
4039,42,12,325;727;735;641
4040,42,12,327;1115;1120;1089
4041,42,13,325;727;735;642;651;136;990;980;1000;978;976;985;94;634;713;680;656;742;372;597;587;583;575
4042,42,13,327;1115;1120;1090;1091;136;990;980;1000;978;976;985;94;634;713;680;656;742;372;597;587;583;575
4043,42,14,325;727;735;642;651;136;990;980;1000;978;976;985;94;634;713;680;656;743;602;614;674;719;692;668;737;702;643
4044,42,14,327;1115;1120;1090;1091;136;990;980;1000;978;976;985;94;634;713;680;656;743;602;614;674;719;692;668;737;702;643
4045,42,15,325;727;735;642;651
4046,42,15,327;1115;1120;1090;1091
4047,42,16,325;727;735;642;651;136;990;980;1000;978;976;985;94;634;713;680;656;742;380;1122;1076;1080;1102;1084;1093
4048,42,16,327;1115;1120;1090;1091;136;990;980;1000;978;976;985;94;634;713;680;656;742;380;1122;1076;1080;1102;1084;1093
4049,42,17,325;727;735;642;651;136;990;980;1000;978;976;985;94;634;713;680;656;743;601;7;752;758;818;764;784;826;831;286;1110;1095
4050,42,17,327;1115;1120;1090;1091;136;990;980;1000;978;976;985;94;634;713;680;656;743;601;7;752;758;818;764;784;826;831;286;1110;1095
4051,42,18,325;727;735;642;651;136;990;980;1000;978;976;985;94;634;713;680;656;742;372;597;587;583;576;593;570;572;595;579
4052,42,18,327;1115;1120;1090;1091;136;990;980;1000;978;976;985;94;634;713;680;656;742;372;597;587;583;576;593;570;572;595;579
4053,42,19,325;727;735;642;651;136;990;980;1000;978;976;985;94;634;713;680;655
4054,42,19,327;1115;1120;1090;1091;136;990;980;1000;978;976;985;94;634;713;680;655
4055,42,20,325;727;735;642;651;136;990;980;1000;978;976;986;1012;1010;992;1026;1004;998;988;1014;981;78;865;878;894;896;873
4056,42,20,327;1115;1120;1090;1091;136;990;980;1000;978;976;986;1012;1010;992;1026;1004;998;988;1014;981;78;865;878;894;896;873
4057,42,21,325;727;735;642;651;136;990;980;1000;978;976;986;1012;1010;992;1026;1004;997
4058,42,21,327;1115;1120;1090;1091;136;990;980;1000;978;976;986;1012;1010;992;1026;1004;997
4059,42,22,325;727;735;642;651;136;990;980;999
4060,42,22,327;1115;1120;1090;1091;136;990;980;999
4061,42,23,325;727;735;642;651;136;990;980;1000;978;976;986;1012;1010;992;1026;1004;998;988;1014;981;78;865;877
4062,42,23,327;1115;1120;1090;1091;136;990;980;1000;978;976;986;1012;1010;992;1026;1004;998;988;1014;981;78;865;877
4063,42,24,325;727;735;642;651;136;990;980;1000;978;976;985;94;634;713;680;656;742;374;745;604;616;676;721;694;669
4064,42,24,327;1115;1120;1090;1091;136;990;980;1000;978;976;985;94;634;713;680;656;742;374;745;604;616;676;721;694;669
4065,42,25,325;727;735;642;651;136;990;980;1000;978;976;986;1012;1010;992;1026;1003
4066,42,25,327;1115;1120;1090;1091;136;990;980;1000;978;976;986;1012;1010;992;1026;1003
4067,42,26,325;727;735;642;651;136;990;980;1000;978;976;985;94;634;713;680;656;742;374;745;604;616;675
4068,42,26,327;1115;1120;1090;1091;136;990;980;1000;978;976;985;94;634;713;680;656;742;374;745;604;616;675
4069,42,27,326;1067;1069;1055
4070,42,27,321;502;507;333;1069;1055
4071,42,28,325;727;735;642;651;136;990;980;1000;978;976;986;1012;1010;992;1026;1004;998;988;1014;981;78;865;878;894;896;874;898;883
4072,42,28,327;1115;1120;1090;1091;136;990;980;1000;978;976;986;1012;1010;992;1026;1004;998;988;1014;981;78;865;878;894;896;874;898;883
4073,42,29,325;727;735;642;651;136;990;980;1000;978;976;985;93;574;590;299;1112;1105
4074,42,29,325;727;735;642;651;136;990;980;1000;978;976;985;94;634;712;299;1112;1105
4075,42,30,325;727;735;642;651;136;990;980;1000;978;976;985;94;634;713;680;656;742;380;1122;1076;1080;1102;1084;1094;1107
4076,42,30,327;1115;1120;1090;1091;136;990;980;1000;978;976;985;94;634;713;680;656;742;380;1122;1076;1080;1102;1084;1094;1107
4077,42,31,325;727;735;642;651;136;990;980;1000;978;976;985;94;634;713;680;656;743;602;614;674;719;692;668;737;702;643;124;646;687
4078,42,31,327;1115;1120;1090;1091;136;990;980;1000;978;976;985;94;634;713;680;656;743;602;614;674;719;692;668;737;702;643;124;646;687
4079,42,32,325;727;735;642;651;136;990;980;1000;978;976;985;94;634;713;680;656;742;372;597;587;583;575;112;749;750
4080,42,32,327;1115;1120;1090;1091;136;990;980;1000;978;976;985;94;634;713;680;656;742;372;597;587;583;575;112;749;750
4081,42,33,325;727;735;642;651;136;990;980;1000;978;976;985;94;634;713;680;656;742;374;745;604;616;676;721;693
4082,42,33,327;1115;1120;1090;1091;136;990;980;1000;978;976;985;94;634;713;680;656;742;374;745;604;616;676;721;693
4083,42,34,325;727;735;642;651;136;990;980;1000;978;976;985;94;634;713;680;656;743;602;614;674;719;692;668;737;702;643;124;646;688;709;697
4084,42,34,327;1115;1120;1090;1091;136;990;980;1000;978;976;985;94;634;713;680;656;743;602;614;674;719;692;668;737;702;643;124;646;688;709;697
4085,42,35,325;727;735;642;651;136;990;980;1000;978;976;985;94;634;713;680;656;743;602;614;674;719;692;668;736;364;739;703
4086,42,35,327;1115;1120;1090;1091;136;990;980;1000;978;976;985;94;634;713;680;656;743;602;614;674;719;692;668;736;364;739;703
4087,42,36,325;727;735;642;651;136;990;980;1000;978;976;985;94;634;713;680;656;743;602;614;674;719;692;668;737;702;643;124;646;688;708
4088,42,36,327;1115;1120;1090;1091;136;990;980;1000;978;976;985;94;634;713;680;656;743;602;614;674;719;692;668;737;702;643;124;646;688;708
4089,42,37,325;727;735;642;651;136;990;980;1000;978;976;985;94;634;713;680;656;743;601;7;752;758;818;764;784;826;831
4090,42,37,327;1115;1120;1090;1091;136;990;980;1000;978;976;985;94;634;713;680;656;743;601;7;752;758;818;764;784;826;831
4091,42,38,325;727;735;642;651;136;990;980;1000;978;976;985;93;574;590
4092,42,38,327;1115;1120;1090;1091;136;990;980;1000;978;976;985;93;574;590
4093,42,39,325;727;735;642;651;136;990;980;1000;978;976;985;94;634;713;680;656;743;601;7;752;758;818;764;784;826;831;286;1110;1096;1113
4094,42,39,327;1115;1120;1090;1091;136;990;980;1000;978;976;985;94;634;713;680;656;743;601;7;752;758;818;764;784;826;831;286;1110;1096;1113
4095,42,40,325;727;735;642;651;136;990;980;1000;978;976;985;94;634;713;680;656;742;374;745;604;616;676;720
4096,42,40,327;1115;1120;1090;1091;136;990;980;1000;978;976;985;94;634;713;680;656;742;374;745;604;616;676;720
4097,42,41,325;727;735;642;651;136;990;980;1000;978;976;985;94;634;713;680;656;742;372;597;587;583;576;592
4098,42,41,327;1115;1120;1090;1091;136;990;980;1000;978;976;985;94;634;713;680;656;742;372;597;587;583;576;592
4099,42,43,321;502;507
4100,42,43,322;504;508
4101,42,44,325;727;735;642;651;136;990;980;1000;978;976;986;1012;1010;992;1026;1004;998;988;1014;981;78;865;878;893
4102,42,44,327;1115;1120;1090;1091;136;990;980;1000;978;976;986;1012;1010;992;1026;1004;998;988;1014;981;78;865;878;893
4103,42,45,324;725;732
4104,42,45,325;727;734
4105,42,46,325;727;735;642;651;136;990;980;1000;978;976;986;1012;1010;992;1026;1004;998;988;1014;981;78;865;878;894;895
4106,42,46,327;1115;1120;1090;1091;136;990;980;1000;978;976;986;1012;1010;992;1026;1004;998;988;1014;981;78;865;878;894;895
4107,42,47,325;727;735;642;651;136;990;980;1000;978;976;986;1012;1010;992;1026;1004;998;988;1014;981;78;865;878;894;896;874;897
4108,42,47,327;1115;1120;1090;1091;136;990;980;1000;978;976;986;1012;1010;992;1026;1004;998;988;1014;981;78;865;878;894;896;874;897
4109,42,48,325;727;735;642;651;136;990;980;1000;978;976;985;94;634;713;680;656;743;602;614;674;719;692;668;736
4110,42,48,327;1115;1120;1090;1091;136;990;980;1000;978;976;985;94;634;713;680;656;743;602;614;674;719;692;668;736
4111,42,49,325;727;735;642;651;136;990;980;1000;978;976;985;94;634;713;680;656;742;372;597;587;583;576;593;570;572;594
4112,42,49,327;1115;1120;1090;1091;136;990;980;1000;978;976;985;94;634;713;680;656;742;372;597;587;583;576;593;570;572;594
4113,42,50,325;727;735;642;651;136;990;980;1000;978;976;985;94;634;713;680;656;742
4114,42,50,327;1115;1120;1090;1091;136;990;980;1000;978;976;985;94;634;713;680;656;742
4115,43,1,331;729;725;732;346;735;642;651;136;990;980;1000;978;976;985;94;634;713;680;656;743;601
4116,43,1,331;729;725;732;348;1120;1090;1091;136;990;980;1000;978;976;985;94;634;713;680;656;743;601
4117,43,2,331;729;725;732;346;735;642;651;136;990;980;999;185;585;566;563
4118,43,2,331;729;725;732;348;1120;1090;1091;136;990;980;999;185;585;566;563
4119,43,3,331;729;725;732;346;735;642;651;136;990;980;1000;978;976;985;94;634;713;680;656;742;374;745;604;615
4120,43,3,331;729;725;732;348;1120;1090;1091;136;990;980;1000;978;976;985;94;634;713;680;656;742;374;745;604;615
4121,43,4,331;729;725;732;346;735;642;651;136;990;980;999;185;585;565
4122,43,4,331;729;725;732;348;1120;1090;1091;136;990;980;999;185;585;565
4123,43,5,331;729;725;732;346;735;642;651;136;990;980;1000;978;976;985;94;634;713;680;656;743;602;614;674;719;692;668;737;702;643;124;646;688;709;698;625
4124,43,5,331;729;725;732;346;735;642;651;136;990;980;1000;978;976;985;94;634;713;680;656;743;602;614;674;719;692;668;737;702;643;125;648;690;711;700;626
4125,43,6,331;729;725;732;346;735;642;651;136;990;980;1000;978;976;985;94;634;713;680;656;742;380;1122;1076;1080;1102;1083
4126,43,6,331;729;725;732;348;1120;1090;1091;136;990;980;1000;978;976;985;94;634;713;680;656;742;380;1122;1076;1080;1102;1083
4127,43,7,331;729;725;732;346;735;642;651;130;578;567
4128,43,7,331;729;725;732;348;1120;1090;1091;130;578;567
4129,43,8,331;729;725;732;346;735;642;651;136;990;980;1000;978;976;986;1012;1010;992;1026;1004;998;988;1014;981
4130,43,8,331;729;725;732;348;1120;1090;1091;136;990;980;1000;978;976;986;1012;1010;992;1026;1004;998;988;1014;981
4131,43,9,331;729;725;732;346;735;642;651;136;990;980;1000;978;976;986;1012;1010;992;1026;1004;998;988;1014;982;1002;1016;1020;996;1024;1008;984
4132,43,9,331;729;725;732;348;1120;1090;1091;136;990;980;1000;978;976;986;1012;1010;992;1026;1004;998;988;1014;982;1002;1016;1020;996;1024;1008;984
4133,43,10,331;729;725;732;346;735;642;651;136;990;980;1000;978;976;985;94;634;713;680;656;742;372;597;587;583;576;593;570;571
4134,43,10,331;729;725;732;348;1120;1090;1091;136;990;980;1000;978;976;985;94;634;713;680;656;742;372;597;587;583;576;593;570;571
4135,43,11,331;729;725;732;346;735;642;651;136;990;980;1000;978;976;985
4136,43,11,331;729;725;732;348;1120;1090;1091;136;990;980;1000;978;976;985
4137,43,12,331;729;725;732;346;735;641
4138,43,12,331;729;725;732;348;1120;1089
4139,43,13,331;729;725;732;346;735;642;651;136;990;980;1000;978;976;985;94;634;713;680;656;742;372;597;587;583;575
4140,43,13,331;729;725;732;348;1120;1090;1091;136;990;980;1000;978;976;985;94;634;713;680;656;742;372;597;587;583;575
4141,43,14,331;729;725;732;346;735;642;651;136;990;980;1000;978;976;985;94;634;713;680;656;743;602;614;674;719;692;668;737;702;643
4142,43,14,331;729;725;732;348;1120;1090;1091;136;990;980;1000;978;976;985;94;634;713;680;656;743;602;614;674;719;692;668;737;702;643
4143,43,15,331;729;725;732;346;735;642;651
4144,43,15,331;729;725;732;348;1120;1090;1091
4145,43,16,331;729;725;732;346;735;642;651;136;990;980;1000;978;976;985;94;634;713;680;656;742;380;1122;1076;1080;1102;1084;1093
4146,43,16,331;729;725;732;348;1120;1090;1091;136;990;980;1000;978;976;985;94;634;713;680;656;742;380;1122;1076;1080;1102;1084;1093
4147,43,17,331;729;725;732;346;735;642;651;136;990;980;1000;978;976;985;94;634;713;680;656;743;601;7;752;758;818;764;784;826;831;286;1110;1095
4148,43,17,331;729;725;732;348;1120;1090;1091;136;990;980;1000;978;976;985;94;634;713;680;656;743;601;7;752;758;818;764;784;826;831;286;1110;1095
4149,43,18,331;729;725;732;346;735;642;651;136;990;980;1000;978;976;985;94;634;713;680;656;742;372;597;587;583;576;593;570;572;595;579
4150,43,18,331;729;725;732;348;1120;1090;1091;136;990;980;1000;978;976;985;94;634;713;680;656;742;372;597;587;583;576;593;570;572;595;579
4151,43,19,331;729;725;732;346;735;642;651;136;990;980;1000;978;976;985;94;634;713;680;655
4152,43,19,331;729;725;732;348;1120;1090;1091;136;990;980;1000;978;976;985;94;634;713;680;655
4153,43,20,331;729;725;732;346;735;642;651;136;990;980;1000;978;976;986;1012;1010;992;1026;1004;998;988;1014;981;78;865;878;894;896;873
4154,43,20,331;729;725;732;348;1120;1090;1091;136;990;980;1000;978;976;986;1012;1010;992;1026;1004;998;988;1014;981;78;865;878;894;896;873
4155,43,21,331;729;725;732;346;735;642;651;136;990;980;1000;978;976;986;1012;1010;992;1026;1004;997
4156,43,21,331;729;725;732;348;1120;1090;1091;136;990;980;1000;978;976;986;1012;1010;992;1026;1004;997
4157,43,22,331;729;725;732;346;735;642;651;136;990;980;999
4158,43,22,331;729;725;732;348;1120;1090;1091;136;990;980;999
4159,43,23,331;729;725;732;346;735;642;651;136;990;980;1000;978;976;986;1012;1010;992;1026;1004;998;988;1014;981;78;865;877
4160,43,23,331;729;725;732;348;1120;1090;1091;136;990;980;1000;978;976;986;1012;1010;992;1026;1004;998;988;1014;981;78;865;877
4161,43,24,331;729;725;732;346;735;642;651;136;990;980;1000;978;976;985;94;634;713;680;656;742;374;745;604;616;676;721;694;669
4162,43,24,331;729;725;732;348;1120;1090;1091;136;990;980;1000;978;976;985;94;634;713;680;656;742;374;745;604;616;676;721;694;669
4163,43,25,331;729;725;732;346;735;642;651;136;990;980;1000;978;976;986;1012;1010;992;1026;1003
4164,43,25,331;729;725;732;348;1120;1090;1091;136;990;980;1000;978;976;986;1012;1010;992;1026;1003
4165,43,26,331;729;725;732;346;735;642;651;136;990;980;1000;978;976;985;94;634;713;680;656;742;374;745;604;616;675
4166,43,26,331;729;725;732;348;1120;1090;1091;136;990;980;1000;978;976;985;94;634;713;680;656;742;374;745;604;616;675
4167,43,27,333;1069;1055
4168,43,27,331;729;724;326;1067;1069;1055
4169,43,28,331;729;725;732;346;735;642;651;136;990;980;1000;978;976;986;1012;1010;992;1026;1004;998;988;1014;981;78;865;878;894;896;874;898;883
4170,43,28,331;729;725;732;348;1120;1090;1091;136;990;980;1000;978;976;986;1012;1010;992;1026;1004;998;988;1014;981;78;865;878;894;896;874;898;883
4171,43,29,331;729;725;732;346;735;642;651;136;990;980;1000;978;976;985;93;574;590;299;1112;1105
4172,43,29,331;729;725;732;348;1120;1090;1091;136;990;980;1000;978;976;985;93;574;590;299;1112;1105
4173,43,30,331;729;725;732;346;735;642;651;136;990;980;1000;978;976;985;94;634;713;680;656;742;380;1122;1076;1080;1102;1084;1094;1107
4174,43,30,331;729;725;732;348;1120;1090;1091;136;990;980;1000;978;976;985;94;634;713;680;656;742;380;1122;1076;1080;1102;1084;1094;1107
4175,43,31,331;729;725;732;346;735;642;651;136;990;980;1000;978;976;985;94;634;713;680;656;743;602;614;674;719;692;668;737;702;643;124;646;687
4176,43,31,331;729;725;732;348;1120;1090;1091;136;990;980;1000;978;976;985;94;634;713;680;656;743;602;614;674;719;692;668;737;702;643;124;646;687
4177,43,32,331;729;725;732;346;735;642;651;136;990;980;1000;978;976;985;94;634;713;680;656;742;372;597;587;583;575;112;749;750
4178,43,32,331;729;725;732;348;1120;1090;1091;136;990;980;1000;978;976;985;94;634;713;680;656;742;372;597;587;583;575;112;749;750
4179,43,33,331;729;725;732;346;735;642;651;136;990;980;1000;978;976;985;94;634;713;680;656;742;374;745;604;616;676;721;693
4180,43,33,331;729;725;732;348;1120;1090;1091;136;990;980;1000;978;976;985;94;634;713;680;656;742;374;745;604;616;676;721;693
4181,43,34,331;729;725;732;346;735;642;651;136;990;980;1000;978;976;985;94;634;713;680;656;743;602;614;674;719;692;668;737;702;643;124;646;688;709;697
4182,43,34,331;729;725;732;346;735;642;651;136;990;980;1000;978;976;985;94;634;713;680;656;743;602;614;674;719;692;668;737;702;643;125;648;690;711;699
4183,43,35,331;729;725;732;346;735;642;651;136;990;980;1000;978;976;985;94;634;713;680;656;743;602;614;674;719;692;668;736;364;739;703
4184,43,35,331;729;725;732;348;1120;1090;1091;136;990;980;1000;978;976;985;94;634;713;680;656;743;602;614;674;719;692;668;736;364;739;703
4185,43,36,331;729;725;732;346;735;642;651;136;990;980;1000;978;976;985;94;634;713;680;656;743;602;614;674;719;692;668;737;702;643;124;646;688;708
4186,43,36,331;729;725;732;346;735;642;651;136;990;980;1000;978;976;985;94;634;713;680;656;743;602;614;674;719;692;668;737;702;643;125;648;690;710
4187,43,37,331;729;725;732;346;735;642;651;136;990;980;1000;978;976;985;94;634;713;680;656;743;601;7;752;758;818;764;784;826;831
4188,43,37,331;729;725;732;348;1120;1090;1091;136;990;980;1000;978;976;985;94;634;713;680;656;743;601;7;752;758;818;764;784;826;831
4189,43,38,331;729;725;732;346;735;642;651;136;990;980;1000;978;976;985;93;574;590
4190,43,38,331;729;725;732;348;1120;1090;1091;136;990;980;1000;978;976;985;93;574;590
4191,43,39,331;729;725;732;346;735;642;651;136;990;980;1000;978;976;985;94;634;713;680;656;743;601;7;752;758;818;764;784;826;831;286;1110;1096;1113
4192,43,39,331;729;725;732;348;1120;1090;1091;136;990;980;1000;978;976;985;94;634;713;680;656;743;601;7;752;758;818;764;784;826;831;286;1110;1096;1113
4193,43,40,331;729;725;732;346;735;642;651;136;990;980;1000;978;976;985;94;634;713;680;656;742;374;745;604;616;676;720
4194,43,40,331;729;725;732;348;1120;1090;1091;136;990;980;1000;978;976;985;94;634;713;680;656;742;374;745;604;616;676;720
4195,43,41,331;729;725;732;346;735;642;651;136;990;980;1000;978;976;985;94;634;713;680;656;742;372;597;587;583;576;592
4196,43,41,331;729;725;732;348;1120;1090;1091;136;990;980;1000;978;976;985;94;634;713;680;656;742;372;597;587;583;576;592
4197,43,42,331;729;724
4198,43,42,332;731;726
4199,43,44,331;729;725;732;346;735;642;651;136;990;980;1000;978;976;986;1012;1010;992;1026;1004;998;988;1014;981;78;865;878;893
4200,43,44,331;729;725;732;348;1120;1090;1091;136;990;980;1000;978;976;986;1012;1010;992;1026;1004;998;988;1014;981;78;865;878;893
4201,43,45,331;729;725;732
4202,43,45,331;729;724;325;727;734
4203,43,46,331;729;725;732;346;735;642;651;136;990;980;1000;978;976;986;1012;1010;992;1026;1004;998;988;1014;981;78;865;878;894;895
4204,43,46,331;729;725;732;348;1120;1090;1091;136;990;980;1000;978;976;986;1012;1010;992;1026;1004;998;988;1014;981;78;865;878;894;895
4205,43,47,331;729;725;732;346;735;642;651;136;990;980;1000;978;976;986;1012;1010;992;1026;1004;998;988;1014;981;78;865;878;894;896;874;897
4206,43,47,331;729;725;732;348;1120;1090;1091;136;990;980;1000;978;976;986;1012;1010;992;1026;1004;998;988;1014;981;78;865;878;894;896;874;897
4207,43,48,331;729;725;732;346;735;642;651;136;990;980;1000;978;976;985;94;634;713;680;656;743;602;614;674;719;692;668;736
4208,43,48,331;729;725;732;348;1120;1090;1091;136;990;980;1000;978;976;985;94;634;713;680;656;743;602;614;674;719;692;668;736
4209,43,49,331;729;725;732;346;735;642;651;136;990;980;1000;978;976;985;94;634;713;680;656;742;372;597;587;583;576;593;570;572;594
4210,43,49,331;729;725;732;348;1120;1090;1091;136;990;980;1000;978;976;985;94;634;713;680;656;742;372;597;587;583;576;593;570;572;594
4211,43,50,331;729;725;732;346;735;642;651;136;990;980;1000;978;976;985;94;634;713;680;656;742
4212,43,50,331;729;725;732;348;1120;1090;1091;136;990;980;1000;978;976;985;94;634;713;680;656;742
4213,44,1,335;847;806;770;841;778;800;812;751
4214,44,1,336;849;808;772;843;780;802;814;753
4215,44,2,339;964;942;912;960;922;934;946;972;928;952;956;918;899
4216,44,2,340;966;944;914;962;924;936;948;974;930;954;958;920;901
4217,44,3,335;847;806;770;841;778;800;812;752;757
4218,44,3,336;849;808;772;843;780;802;814;754;759
4219,44,4,339;964;942;912;960;922;934;946;972;928;952;956;918;900;903
4220,44,4,340;966;944;914;962;924;936;948;974;930;954;958;920;902;905
4221,44,5,335;847;806;770;841;778;800;812;752;758;817;219;674;719;692;668;737;702;643;124;646;688;709;698;625
4222,44,5,336;849;808;772;843;780;802;814;754;760;819;219;674;719;692;668;737;702;643;124;646;688;709;698;625
4223,44,6,335;847;806;770;841;778;800;812;752;758;818;763
4224,44,6,336;849;808;772;843;780;802;814;754;760;820;765
4225,44,7,339;964;942;912;960;922;934;946;972;928;952;956;918;900;904;938;907
4226,44,7,340;966;944;914;962;924;936;948;974;930;954;958;920;902;906;940;909
4227,44,8,335;847;806;769
4228,44,8,336;849;808;771
4229,44,9,341;1016;1020;996;1024;1008;984
4230,44,9,338;894;895;353;1018;994;1022;1006;983
4231,44,10,335;847;806;769;74;570;571
4232,44,10,336;849;808;771;74;570;571
4233,44,11,335;847;806;770;841;778;800;811;207;552;562;546;554;556;538
4234,44,11,336;849;808;772;843;780;802;813;207;552;562;546;554;556;538
4235,44,12,335;847;806;770;841;778;800;811;207;552;561;368;523;438;462;490;414;388;400;444;408;432;419
4236,44,12,336;849;808;772;843;780;802;813;207;552;561;368;523;438;462;490;414;388;400;444;408;432;419
4237,44,13,335;847;806;770;841;777
4238,44,13,336;849;808;772;843;779
4239,44,14,335;847;806;770;841;778;800;812;752;758;817;219;674;719;692;668;737;702;643
4240,44,14,336;849;808;772;843;780;802;814;754;760;819;219;674;719;692;668;737;702;643
4241,44,15,339;964;942;912;960;922;934;946;972;928;952;956;918;900;904;938;908;925
4242,44,15,340;966;944;914;962;924;936;948;974;930;954;958;920;902;906;940;910;926
4243,44,16,335;847;806;770;841;778;800;812;752;758;818;764;783
4244,44,16,336;849;808;772;843;780;802;814;754;760;820;766;785
4245,44,17,335;847;806;770;841;778;800;812;752;758;818;764;784;826;831;286;1110;1095
4246,44,17,336;849;808;772;843;780;802;814;754;760;820;766;786;828;833;286;1110;1095
4247,44,18,335;847;806;769;74;570;572;595;579
4248,44,18,336;849;808;771;74;570;572;595;579
4249,44,19,335;847;806;770;841;778;800;811;207;552;562;545
4250,44,19,336;849;808;772;843;780;802;813;207;552;562;545
4251,44,20,338;894;896;873
4252,44,20,341;1016;1020;995
4253,44,21,335;847;806;770;841;778;799
4254,44,21,336;849;808;772;843;780;801
4255,44,22,339;964;942;912;960;922;934;946;972;928;952;956;918;900;904;937
4256,44,22,340;966;944;914;962;924;936;948;974;930;954;958;920;902;906;939
4257,44,23,335;847;805
4258,44,23,336;849;807
4259,44,24,335;847;806;770;841;778;800;812;752;758;817;219;674;719;692;667
4260,44,24,336;849;808;772;843;780;802;814;754;760;819;219;674;719;692;667
4261,44,25,335;847;806;770;841;778;800;811
4262,44,25,336;849;808;772;843;780;802;813
4263,44,26,335;847;806;770;841;778;800;812;752;758;817
4264,44,26,336;849;808;772;843;780;802;814;754;760;819
4265,44,27,335;847;806;770;841;778;800;811;207;552;561;379;1074;1050;1057;1063;1040;1030;1034;1052;1038;1044;1042;1072;1067;1069;1055
4266,44,27,336;849;808;772;843;780;802;813;207;552;561;379;1074;1050;1057;1063;1040;1030;1034;1052;1038;1044;1042;1072;1067;1069;1055
4267,44,28,338;894;896;874;898;883
4268,44,28,341;1016;1020;996;1024;1007
4269,44,29,339;964;942;912;960;922;934;946;972;928;951
4270,44,29,340;966;944;914;962;924;936;948;974;930;953
4271,44,30,335;847;806;770;841;778;800;812;752;758;818;764;784;825
4272,44,30,336;849;808;772;843;780;802;814;754;760;820;766;786;827
4273,44,31,335;847;806;770;841;778;800;812;752;758;817;219;674;719;692;668;737;702;643;124;646;687
4274,44,31,336;849;808;772;843;780;802;814;754;760;819;219;674;719;692;668;737;702;643;124;646;687
4275,44,32,335;847;806;770;841;777;112;749;750
4276,44,32,336;849;808;772;843;779;112;749;750
4277,44,33,335;847;806;770;841;778;800;812;752;758;817;219;674;719;691
4278,44,33,336;849;808;772;843;780;802;814;754;760;819;219;674;719;691
4279,44,34,335;847;806;770;841;778;800;812;752;758;817;219;674;719;692;668;737;702;643;124;646;688;709;697
4280,44,34,336;849;808;772;843;780;802;814;754;760;819;219;674;719;692;668;737;702;643;124;646;688;709;697
4281,44,35,335;847;806;770;841;778;800;812;752;758;817;219;674;719;692;668;736;364;739;703
4282,44,35,336;849;808;772;843;780;802;814;754;760;819;219;674;719;692;668;736;364;739;703
4283,44,36,335;847;806;770;841;778;800;812;752;758;817;219;674;719;692;668;737;702;643;124;646;688;708
4284,44,36,336;849;808;772;843;780;802;814;754;760;819;219;674;719;692;668;737;702;643;124;646;688;708
4285,44,37,335;847;806;770;841;778;800;812;752;758;818;764;784;826;831
4286,44,37,336;849;808;772;843;780;802;814;754;760;820;766;786;828;833
4287,44,38,339;964;942;912;960;922;934;946;972;928;952;955
4288,44,38,340;966;944;914;962;924;936;948;974;930;954;957
4289,44,39,335;847;806;770;841;778;800;812;752;758;818;764;784;826;831;286;1110;1096;1113
4290,44,39,336;849;808;772;843;780;802;814;754;760;820;766;786;828;833;286;1110;1096;1113
4291,44,40,335;847;806;770;841;778;800;812;752;758;817;219;674;718
4292,44,40,336;849;808;772;843;780;802;814;754;760;819;219;674;718
4293,44,41,335;847;806;770;840
4294,44,41,336;849;808;772;842
4295,44,42,335;847;806;770;841;778;800;811;207;552;561;368;523;438;462;490;414;388;400;444;408;432;420;511;501
4296,44,42,336;849;808;772;843;780;802;813;207;552;561;368;523;438;462;490;414;388;400;444;408;432;420;511;501
4297,44,43,335;847;806;770;841;778;800;811;207;552;561;368;523;438;462;490;414;388;400;444;408;432;420;511;502;507
4298,44,43,336;849;808;772;843;780;802;813;207;552;561;368;523;438;462;490;414;388;400;444;408;432;420;511;502;507
4299,44,45,335;847;806;770;841;778;800;811;207;552;561;368;523;438;462;490;414;388;400;444;408;432;420;510
4300,44,45,336;849;808;772;843;780;802;813;207;552;561;368;523;438;462;490;414;388;400;444;408;432;420;510
4301,44,46,338;894;895
4302,44,46,341;1016;1019
4303,44,47,338;894;896;874;897
4304,44,47,341;1016;1020;996;1023
4305,44,48,335;847;806;770;841;778;800;812;752;758;817;219;674;719;692;668;736
4306,44,48,336;849;808;772;843;780;802;814;754;760;819;219;674;719;692;668;736
4307,44,49,335;847;806;769;74;570;572;594
4308,44,49,336;849;808;771;74;570;572;594
4309,44,50,335;847;806;770;841;778;800;811;207;552;561
4310,44,50,336;849;808;772;843;780;802;813;207;552;561
4311,45,1,346;735;642;651;136;990;980;1000;978;976;985;94;634;713;680;656;743;601
4312,45,1,348;1120;1090;1091;136;990;980;1000;978;976;985;94;634;713;680;656;743;601
4313,45,2,346;735;642;651;136;990;980;999;185;585;566;563
4314,45,2,348;1120;1090;1091;136;990;980;999;185;585;566;563
4315,45,3,346;735;642;651;136;990;980;1000;978;976;985;94;634;713;680;656;742;374;745;604;615
4316,45,3,348;1120;1090;1091;136;990;980;1000;978;976;985;94;634;713;680;656;742;374;745;604;615
4317,45,4,346;735;642;651;136;990;980;999;185;585;565
4318,45,4,348;1120;1090;1091;136;990;980;999;185;585;565
4319,45,5,346;735;642;651;136;990;980;1000;978;976;985;94;634;713;680;656;743;602;614;674;719;692;668;737;702;643;124;646;688;709;698;625
4320,45,5,346;735;642;651;136;990;980;1000;978;976;985;94;634;713;680;656;743;602;614;674;719;692;668;737;702;643;125;648;690;711;700;626
4321,45,6,346;735;642;651;136;990;980;1000;978;976;985;94;634;713;680;656;742;380;1122;1076;1080;1102;1083
4322,45,6,348;1120;1090;1091;136;990;980;1000;978;976;985;94;634;713;680;656;742;380;1122;1076;1080;1102;1083
4323,45,7,346;735;642;651;130;578;567
4324,45,7,348;1120;1090;1091;130;578;567
4325,45,8,346;735;642;651;136;990;980;1000;978;976;986;1012;1010;992;1026;1004;998;988;1014;981
4326,45,8,348;1120;1090;1091;136;990;980;1000;978;976;986;1012;1010;992;1026;1004;998;988;1014;981
4327,45,9,346;735;642;651;136;990;980;1000;978;976;986;1012;1010;992;1026;1004;998;988;1014;982;1002;1016;1020;996;1024;1008;984
4328,45,9,348;1120;1090;1091;136;990;980;1000;978;976;986;1012;1010;992;1026;1004;998;988;1014;982;1002;1016;1020;996;1024;1008;984
4329,45,10,346;735;642;651;136;990;980;1000;978;976;985;94;634;713;680;656;742;372;597;587;583;576;593;570;571
4330,45,10,348;1120;1090;1091;136;990;980;1000;978;976;985;94;634;713;680;656;742;372;597;587;583;576;593;570;571
4331,45,11,346;735;642;651;136;990;980;1000;978;976;985
4332,45,11,348;1120;1090;1091;136;990;980;1000;978;976;985
4333,45,12,346;735;641
4334,45,12,348;1120;1089
4335,45,13,346;735;642;651;136;990;980;1000;978;976;985;94;634;713;680;656;742;372;597;587;583;575
4336,45,13,348;1120;1090;1091;136;990;980;1000;978;976;985;94;634;713;680;656;742;372;597;587;583;575
4337,45,14,346;735;642;651;136;990;980;1000;978;976;985;94;634;713;680;656;743;602;614;674;719;692;668;737;702;643
4338,45,14,348;1120;1090;1091;136;990;980;1000;978;976;985;94;634;713;680;656;743;602;614;674;719;692;668;737;702;643
4339,45,15,346;735;642;651
4340,45,15,348;1120;1090;1091
4341,45,16,346;735;642;651;136;990;980;1000;978;976;985;94;634;713;680;656;742;380;1122;1076;1080;1102;1084;1093
4342,45,16,348;1120;1090;1091;136;990;980;1000;978;976;985;94;634;713;680;656;742;380;1122;1076;1080;1102;1084;1093
4343,45,17,346;735;642;651;136;990;980;1000;978;976;985;94;634;713;680;656;743;601;7;752;758;818;764;784;826;831;286;1110;1095
4344,45,17,346;735;642;651;136;990;980;1000;978;976;985;94;634;713;680;656;743;601;8;754;760;820;766;786;828;833;286;1110;1095
4345,45,18,346;735;642;651;136;990;980;1000;978;976;985;94;634;713;680;656;742;372;597;587;583;576;593;570;572;595;579
4346,45,18,348;1120;1090;1091;136;990;980;1000;978;976;985;94;634;713;680;656;742;372;597;587;583;576;593;570;572;595;579
4347,45,19,346;735;642;651;136;990;980;1000;978;976;985;94;634;713;680;655
4348,45,19,348;1120;1090;1091;136;990;980;1000;978;976;985;94;634;713;680;655
4349,45,20,346;735;642;651;136;990;980;1000;978;976;986;1012;1010;992;1026;1004;998;988;1014;981;78;865;878;894;896;873
4350,45,20,348;1120;1090;1091;136;990;980;1000;978;976;986;1012;1010;992;1026;1004;998;988;1014;981;78;865;878;894;896;873
4351,45,21,346;735;642;651;136;990;980;1000;978;976;986;1012;1010;992;1026;1004;997
4352,45,21,348;1120;1090;1091;136;990;980;1000;978;976;986;1012;1010;992;1026;1004;997
4353,45,22,346;735;642;651;136;990;980;999
4354,45,22,348;1120;1090;1091;136;990;980;999
4355,45,23,346;735;642;651;136;990;980;1000;978;976;986;1012;1010;992;1026;1004;998;988;1014;981;78;865;877
4356,45,23,348;1120;1090;1091;136;990;980;1000;978;976;986;1012;1010;992;1026;1004;998;988;1014;981;78;865;877
4357,45,24,346;735;642;651;136;990;980;1000;978;976;985;94;634;713;680;656;742;374;745;604;616;676;721;694;669
4358,45,24,348;1120;1090;1091;136;990;980;1000;978;976;985;94;634;713;680;656;742;374;745;604;616;676;721;694;669
4359,45,25,346;735;642;651;136;990;980;1000;978;976;986;1012;1010;992;1026;1003
4360,45,25,348;1120;1090;1091;136;990;980;1000;978;976;986;1012;1010;992;1026;1003
4361,45,26,346;735;642;651;136;990;980;1000;978;976;985;94;634;713;680;656;742;374;745;604;616;675
4362,45,26,348;1120;1090;1091;136;990;980;1000;978;976;985;94;634;713;680;656;742;374;745;604;616;675
4363,45,27,347;1072;1067;1069;1055
4364,45,27,342;511;501;326;1067;1069;1055
4365,45,28,346;735;642;651;136;990;980;1000;978;976;986;1012;1010;992;1026;1004;998;988;1014;981;78;865;878;894;896;874;898;883
4366,45,28,348;1120;1090;1091;136;990;980;1000;978;976;986;1012;1010;992;1026;1004;998;988;1014;981;78;865;878;894;896;874;898;883
4367,45,29,346;735;642;651;136;990;980;1000;978;976;985;93;574;590;299;1112;1105
4368,45,29,348;1120;1090;1091;136;990;980;1000;978;976;985;93;574;590;299;1112;1105
4369,45,30,346;735;642;651;136;990;980;1000;978;976;985;94;634;713;680;656;742;380;1122;1076;1080;1102;1084;1094;1107
4370,45,30,348;1120;1090;1091;136;990;980;1000;978;976;985;94;634;713;680;656;742;380;1122;1076;1080;1102;1084;1094;1107
4371,45,31,346;735;642;651;136;990;980;1000;978;976;985;94;634;713;680;656;743;602;614;674;719;692;668;737;702;643;124;646;687
4372,45,31,348;1120;1090;1091;136;990;980;1000;978;976;985;94;634;713;680;656;743;602;614;674;719;692;668;737;702;643;124;646;687
4373,45,32,346;735;642;651;136;990;980;1000;978;976;985;94;634;713;680;656;742;372;597;587;583;575;112;749;750
4374,45,32,348;1120;1090;1091;136;990;980;1000;978;976;985;94;634;713;680;656;742;372;597;587;583;575;112;749;750
4375,45,33,346;735;642;651;136;990;980;1000;978;976;985;94;634;713;680;656;742;374;745;604;616;676;721;693
4376,45,33,348;1120;1090;1091;136;990;980;1000;978;976;985;94;634;713;680;656;742;374;745;604;616;676;721;693
4377,45,34,346;735;642;651;136;990;980;1000;978;976;985;94;634;713;680;656;743;602;614;674;719;692;668;737;702;643;124;646;688;709;697
4378,45,34,348;1120;1090;1091;136;990;980;1000;978;976;985;94;634;713;680;656;743;602;614;674;719;692;668;737;702;643;124;646;688;709;697
4379,45,35,346;735;642;651;136;990;980;1000;978;976;985;94;634;713;680;656;743;602;614;674;719;692;668;736;364;739;703
4380,45,35,348;1120;1090;1091;136;990;980;1000;978;976;985;94;634;713;680;656;743;602;614;674;719;692;668;736;364;739;703
4381,45,36,346;735;642;651;136;990;980;1000;978;976;985;94;634;713;680;656;743;602;614;674;719;692;668;737;702;643;124;646;688;708
4382,45,36,346;735;642;651;136;990;980;1000;978;976;985;94;634;713;680;656;743;602;614;674;719;692;668;737;702;643;125;648;690;710
4383,45,37,346;735;642;651;136;990;980;1000;978;976;985;94;634;713;680;656;743;601;7;752;758;818;764;784;826;831
4384,45,37,348;1120;1090;1091;136;990;980;1000;978;976;985;94;634;713;680;656;743;601;7;752;758;818;764;784;826;831
4385,45,38,346;735;642;651;136;990;980;1000;978;976;985;93;574;590
4386,45,38,348;1120;1090;1091;136;990;980;1000;978;976;985;93;574;590
4387,45,39,346;735;642;651;136;990;980;1000;978;976;985;94;634;713;680;656;743;601;7;752;758;818;764;784;826;831;286;1110;1096;1113
4388,45,39,346;735;642;651;136;990;980;1000;978;976;985;94;634;713;680;656;743;601;8;754;760;820;766;786;828;833;286;1110;1096;1113
4389,45,40,346;735;642;651;136;990;980;1000;978;976;985;94;634;713;680;656;742;374;745;604;616;676;720
4390,45,40,348;1120;1090;1091;136;990;980;1000;978;976;985;94;634;713;680;656;742;374;745;604;616;676;720
4391,45,41,346;735;642;651;136;990;980;1000;978;976;985;94;634;713;680;656;742;372;597;587;583;576;592
4392,45,41,348;1120;1090;1091;136;990;980;1000;978;976;985;94;634;713;680;656;742;372;597;587;583;576;592
4393,45,42,342;511;501
4394,45,42,343;513;503
4395,45,43,342;511;502;507
4396,45,43,343;513;504;508
4397,45,44,346;735;642;651;136;990;980;1000;978;976;986;1012;1010;992;1026;1004;998;988;1014;981;78;865;878;893
4398,45,44,348;1120;1090;1091;136;990;980;1000;978;976;986;1012;1010;992;1026;1004;998;988;1014;981;78;865;878;893
4399,45,46,346;735;642;651;136;990;980;1000;978;976;986;1012;1010;992;1026;1004;998;988;1014;981;78;865;878;894;895
4400,45,46,348;1120;1090;1091;136;990;980;1000;978;976;986;1012;1010;992;1026;1004;998;988;1014;981;78;865;878;894;895
4401,45,47,346;735;642;651;136;990;980;1000;978;976;986;1012;1010;992;1026;1004;998;988;1014;981;78;865;878;894;896;874;897
4402,45,47,348;1120;1090;1091;136;990;980;1000;978;976;986;1012;1010;992;1026;1004;998;988;1014;981;78;865;878;894;896;874;897
4403,45,48,346;735;642;651;136;990;980;1000;978;976;985;94;634;713;680;656;743;602;614;674;719;692;668;736
4404,45,48,348;1120;1090;1091;136;990;980;1000;978;976;985;94;634;713;680;656;743;602;614;674;719;692;668;736
4405,45,49,346;735;642;651;136;990;980;1000;978;976;985;94;634;713;680;656;742;372;597;587;583;576;593;570;572;594
4406,45,49,348;1120;1090;1091;136;990;980;1000;978;976;985;94;634;713;680;656;742;372;597;587;583;576;593;570;572;594
4407,45,50,346;735;642;651;136;990;980;1000;978;976;985;94;634;713;680;656;742
4408,45,50,348;1120;1090;1091;136;990;980;1000;978;976;985;94;634;713;680;656;742
4409,46,1,349;853;849;808;772;843;780;802;814;753
4410,46,1,350;855;851;810;774;845;782;804;816;755
4411,46,2,352;968;966;944;914;962;924;936;948;974;930;954;958;920;901
4412,46,2,349;853;849;808;772;843;780;802;813;207;552;561;368;523;438;462;490;414;387
4413,46,3,349;853;849;808;772;843;780;802;814;754;759
4414,46,3,350;855;851;810;774;845;782;804;816;756;761
4415,46,4,352;968;966;944;914;962;924;936;948;974;930;954;958;920;902;905
4416,46,4,349;853;849;808;772;843;780;802;813;207;552;561;368;523;438;462;490;414;388;399
4417,46,5,349;853;849;808;772;843;780;802;814;754;760;819;219;674;719;692;668;737;702;643;124;646;688;709;698;625
4418,46,5,349;853;849;808;772;843;780;802;814;754;760;819;219;674;719;692;668;737;702;643;125;648;690;711;700;626
4419,46,6,349;853;849;808;772;843;780;802;814;754;760;820;765
4420,46,6,350;855;851;810;774;845;782;804;816;756;762;822;767
4421,46,7,352;968;966;944;914;962;924;936;948;974;930;954;958;920;902;906;940;909
4422,46,7,349;853;849;808;772;843;780;802;813;207;552;561;368;523;438;462;490;414;388;400;444;407
4423,46,8,349;853;849;808;771
4424,46,8,350;855;851;810;773
4425,46,9,353;1018;994;1022;1006;983
4426,46,9,354;1020;996;1024;1008;984
4427,46,10,349;853;849;808;771;74;570;571
4428,46,10,350;855;851;810;773;74;570;571
4429,46,11,349;853;849;808;772;843;780;802;813;207;552;562;546;554;556;538
4430,46,11,350;855;851;810;774;845;782;804;815;207;552;562;546;554;556;538
4431,46,12,349;853;849;808;772;843;780;802;813;207;552;561;368;523;438;462;490;414;388;400;444;408;432;419
4432,46,12,350;855;851;810;774;845;782;804;815;207;552;561;368;523;438;462;490;414;388;400;444;408;432;419
4433,46,13,349;853;849;808;772;843;779
4434,46,13,350;855;851;810;774;845;781
4435,46,14,349;853;849;808;772;843;780;802;814;754;760;819;219;674;719;692;668;737;702;643
4436,46,14,350;855;851;810;774;845;782;804;816;756;762;821;219;674;719;692;668;737;702;643
4437,46,15,352;968;966;944;914;962;924;936;948;974;930;954;958;920;902;906;940;910;926
4438,46,15,349;853;849;808;772;843;780;802;813;207;552;561;368;523;438;462;490;414;388;400;444;408;431
4439,46,16,349;853;849;808;772;843;780;802;814;754;760;820;766;785
4440,46,16,350;855;851;810;774;845;782;804;816;756;762;822;768;787
4441,46,17,349;853;849;808;772;843;780;802;814;754;760;820;766;786;828;833;286;1110;1095
4442,46,17,350;855;851;810;774;845;782;804;816;756;762;822;768;788;830;835;286;1110;1095
4443,46,18,349;853;849;808;771;74;570;572;595;579
4444,46,18,350;855;851;810;773;74;570;572;595;579
4445,46,19,349;853;849;808;772;843;780;802;813;207;552;562;545
4446,46,19,350;855;851;810;774;845;782;804;815;207;552;562;545
4447,46,20,351;896;873
4448,46,20,353;1018;993
4449,46,21,349;853;849;808;772;843;780;801
4450,46,21,350;855;851;810;774;845;782;803
4451,46,22,352;968;966;944;914;962;924;936;948;974;930;954;958;920;902;906;939
4452,46,22,349;853;849;808;772;843;780;802;813;207;552;561;368;523;438;462;490;414;388;400;443
4453,46,23,349;853;849;807
4454,46,23,350;855;851;809
4455,46,24,349;853;849;808;772;843;780;802;814;754;760;819;219;674;719;692;667
4456,46,24,350;855;851;810;774;845;782;804;816;756;762;821;219;674;719;692;667
4457,46,25,349;853;849;808;772;843;780;802;813
4458,46,25,350;855;851;810;774;845;782;804;815
4459,46,26,349;853;849;808;772;843;780;802;814;754;760;819
4460,46,26,350;855;851;810;774;845;782;804;816;756;762;821
4461,46,27,349;853;849;808;772;843;780;802;813;207;552;561;379;1074;1050;1057;1063;1040;1030;1034;1052;1038;1044;1042;1072;1067;1069;1055
4462,46,27,350;855;851;810;774;845;782;804;815;207;552;561;379;1074;1050;1057;1063;1040;1030;1034;1052;1038;1044;1042;1072;1067;1069;1055
4463,46,28,351;896;874;898;883
4464,46,28,353;1018;994;1022;1005
4465,46,29,352;968;966;944;914;962;924;936;948;974;930;953
4466,46,29,352;968;966;944;914;962;924;936;947;207;552;561;368;523;438;461
4467,46,30,349;853;849;808;772;843;780;802;814;754;760;820;766;786;827
4468,46,30,350;855;851;810;774;845;782;804;816;756;762;822;768;788;829
4469,46,31,349;853;849;808;772;843;780;802;814;754;760;819;219;674;719;692;668;737;702;643;124;646;687
4470,46,31,350;855;851;810;774;845;782;804;816;756;762;821;219;674;719;692;668;737;702;643;124;646;687
4471,46,32,349;853;849;808;772;843;779;112;749;750
4472,46,32,350;855;851;810;774;845;781;112;749;750
4473,46,33,349;853;849;808;772;843;780;802;814;754;760;819;219;674;719;691
4474,46,33,349;853;849;808;772;843;780;802;814;754;760;819;220;676;721;693
4475,46,34,349;853;849;808;772;843;780;802;814;754;760;819;219;674;719;692;668;737;702;643;124;646;688;709;697
4476,46,34,350;855;851;810;774;845;782;804;816;756;762;821;219;674;719;692;668;737;702;643;124;646;688;709;697
4477,46,35,349;853;849;808;772;843;780;802;814;754;760;819;219;674;719;692;668;736;364;739;703
4478,46,35,350;855;851;810;774;845;782;804;816;756;762;821;219;674;719;692;668;736;364;739;703
4479,46,36,349;853;849;808;772;843;780;802;814;754;760;819;219;674;719;692;668;737;702;643;124;646;688;708
4480,46,36,349;853;849;808;772;843;780;802;814;754;760;819;219;674;719;692;668;737;702;643;125;648;690;710
4481,46,37,349;853;849;808;772;843;780;802;814;754;760;820;766;786;828;833
4482,46,37,350;855;851;810;774;845;782;804;816;756;762;822;768;788;830;835
4483,46,38,352;968;966;944;914;962;924;936;948;974;930;954;957
4484,46,38,349;853;849;808;772;843;780;802;813;207;552;561;368;523;438;462;489
4485,46,39,349;853;849;808;772;843;780;802;814;754;760;820;766;786;828;833;286;1110;1096;1113
4486,46,39,350;855;851;810;774;845;782;804;816;756;762;822;768;788;830;835;286;1110;1096;1113
4487,46,40,349;853;849;808;772;843;780;802;814;754;760;819;219;674;718
4488,46,40,350;855;851;810;774;845;782;804;816;756;762;821;219;674;718
4489,46,41,349;853;849;808;772;842
4490,46,41,350;855;851;810;774;844
4491,46,42,349;853;849;808;772;843;780;802;813;207;552;561;368;523;438;462;490;414;388;400;444;408;432;420;511;501
4492,46,42,350;855;851;810;774;845;782;804;815;207;552;561;368;523;438;462;490;414;388;400;444;408;432;420;511;501
4493,46,43,349;853;849;808;772;843;780;802;813;207;552;561;368;523;438;462;490;414;388;400;444;408;432;420;511;502;507
4494,46,43,350;855;851;810;774;845;782;804;815;207;552;561;368;523;438;462;490;414;388;400;444;408;432;420;511;502;507
4495,46,44,349;853;848
4496,46,44,350;855;850
4497,46,45,349;853;849;808;772;843;780;802;813;207;552;561;368;523;438;462;490;414;388;400;444;408;432;420;510
4498,46,45,350;855;851;810;774;845;782;804;815;207;552;561;368;523;438;462;490;414;388;400;444;408;432;420;510
4499,46,47,351;896;874;897
4500,46,47,353;1018;994;1021
4501,46,48,349;853;849;808;772;843;780;802;814;754;760;819;219;674;719;692;668;736
4502,46,48,350;855;851;810;774;845;782;804;816;756;762;821;219;674;719;692;668;736
4503,46,49,349;853;849;808;771;74;570;572;594
4504,46,49,350;855;851;810;773;74;570;572;594
4505,46,50,349;853;849;808;772;843;780;802;813;207;552;561
4506,46,50,350;855;851;810;774;845;782;804;815;207;552;561
4507,47,1,355;857;796;853;849;808;772;843;780;802;814;753
4508,47,1,357;970;932;968;966;944;914;962;924;936;947;209;812;751
4509,47,2,357;970;932;968;966;944;914;962;924;936;948;974;930;954;958;920;901
4510,47,2,355;857;796;853;849;808;772;843;780;802;813;207;552;561;368;523;438;462;490;414;387
4511,47,3,355;857;796;853;849;808;772;843;780;802;814;754;759
4512,47,3,355;857;796;853;849;808;772;843;780;802;814;753;5;604;615
4513,47,4,357;970;932;968;966;944;914;962;924;936;948;974;930;954;958;920;902;905
4514,47,4,355;857;796;853;849;808;772;843;780;802;813;207;552;561;368;523;438;462;490;414;388;399
4515,47,5,355;857;796;853;849;808;772;843;780;802;814;754;760;819;219;674;719;692;668;737;702;643;124;646;688;709;698;625
4516,47,5,355;857;796;853;849;808;772;843;780;802;814;754;760;819;219;674;719;692;668;737;702;643;125;648;690;711;700;626
4517,47,6,355;857;796;853;849;808;772;843;780;802;814;754;760;820;765
4518,47,6,355;857;796;853;849;808;772;843;780;802;814;754;760;819;222;818;763
4519,47,7,357;970;932;968;966;944;914;962;924;936;948;974;930;954;958;920;902;906;940;909
4520,47,7,355;857;796;853;849;808;772;843;780;802;813;207;552;561;368;523;438;462;490;414;388;400;444;407
4521,47,8,355;857;796;853;849;808;771
4522,47,8,357;970;932;968;966;944;913
4523,47,9,358;1022;1006;983
4524,47,9,359;1024;1008;984
4525,47,10,355;857;796;853;849;808;771;74;570;571
4526,47,10,357;970;932;968;966;944;913;74;570;571
4527,47,11,355;857;796;853;849;808;772;843;780;802;813;207;552;562;546;554;556;538
4528,47,11,357;970;932;968;966;944;914;962;924;936;947;207;552;562;546;554;556;538
4529,47,12,355;857;796;853;849;808;772;843;780;802;813;207;552;561;368;523;438;462;490;414;388;400;444;408;432;419
4530,47,12,357;970;932;968;966;944;914;962;924;936;947;207;552;561;368;523;438;462;490;414;388;400;444;408;432;419
4531,47,13,355;857;796;853;849;808;772;843;779
4532,47,13,357;970;932;968;966;944;914;962;923
4533,47,14,355;857;796;853;849;808;772;843;780;802;814;754;760;819;219;674;719;692;668;737;702;643
4534,47,14,355;857;796;853;849;808;772;843;780;802;814;754;759;29;614;674;719;692;668;737;702;643
4535,47,15,357;970;932;968;966;944;914;962;924;936;948;974;930;954;958;920;902;906;940;910;926
4536,47,15,355;857;796;853;849;808;772;843;780;802;813;207;552;561;368;523;438;462;490;414;388;400;444;408;431
4537,47,16,355;857;796;853;849;808;772;843;780;802;814;754;760;820;766;785
4538,47,16,355;857;796;853;849;808;772;843;780;802;814;754;760;820;765;54;764;783
4539,47,17,355;857;796;853;849;808;772;843;780;802;814;754;760;820;766;786;828;833;286;1110;1095
4540,47,17,355;857;796;853;849;808;772;843;780;802;814;754;760;820;766;786;828;834;791
4541,47,18,355;857;796;853;849;808;771;74;570;572;595;579
4542,47,18,357;970;932;968;966;944;913;74;570;572;595;579
4543,47,19,355;857;796;853;849;808;772;843;780;802;813;207;552;562;545
4544,47,19,357;970;932;968;966;944;914;962;924;936;947;207;552;562;545
4545,47,20,355;857;795
4546,47,20,357;970;931
4547,47,21,355;857;796;853;849;808;772;843;780;801
4548,47,21,357;970;932;968;966;944;914;962;924;935
4549,47,22,357;970;932;968;966;944;914;962;924;936;948;974;930;954;958;920;902;906;939
4550,47,22,355;857;796;853;849;808;772;843;780;802;813;207;552;561;368;523;438;462;490;414;388;400;443
4551,47,23,355;857;796;853;849;807
4552,47,23,357;970;932;968;966;943
4553,47,24,355;857;796;853;849;808;772;843;780;802;814;754;760;819;219;674;719;692;667
4554,47,24,355;857;796;853;849;808;772;843;780;802;814;754;760;819;220;676;721;694;669
4555,47,25,355;857;796;853;849;808;772;843;780;802;813
4556,47,25,357;970;932;968;966;944;914;962;924;936;947
4557,47,26,355;857;796;853;849;808;772;843;780;802;814;754;760;819
4558,47,26,355;857;796;853;849;808;772;843;780;802;814;754;759;29;614;673
4559,47,27,355;857;796;853;849;808;772;843;780;802;813;207;552;561;379;1074;1050;1057;1063;1040;1030;1034;1052;1038;1044;1042;1072;1067;1069;1055
4560,47,27,357;970;932;968;966;944;914;962;924;936;947;207;552;561;379;1074;1050;1057;1063;1040;1030;1034;1052;1038;1044;1042;1072;1067;1069;1055
4561,47,28,356;898;883
4562,47,28,358;1022;1005
4563,47,29,357;970;932;968;966;944;914;962;924;936;948;974;930;953
4564,47,29,355;857;796;853;849;808;772;843;780;802;813;207;552;561;368;523;438;461
4565,47,30,355;857;796;853;849;808;772;843;780;802;814;754;760;820;766;786;827
4566,47,30,355;857;796;853;849;808;772;843;780;802;814;754;760;820;766;785;139;784;825
4567,47,31,355;857;796;853;849;808;772;843;780;802;814;754;760;819;219;674;719;692;668;737;702;643;124;646;687
4568,47,31,355;857;796;853;849;808;772;843;780;802;814;754;760;819;219;674;719;692;668;737;702;643;125;648;689
4569,47,32,355;857;796;853;849;808;772;843;779;112;749;750
4570,47,32,357;970;932;968;966;944;914;962;923;112;749;750
4571,47,33,355;857;796;853;849;808;772;843;780;802;814;754;760;819;219;674;719;691
4572,47,33,355;857;796;853;849;808;772;843;780;802;814;754;760;819;220;676;721;693
4573,47,34,355;857;796;853;849;808;772;843;780;802;814;754;760;819;219;674;719;692;668;737;702;643;124;646;688;709;697
4574,47,34,355;857;796;853;849;808;772;843;780;802;814;754;760;819;219;674;719;692;668;737;702;643;125;648;690;711;699
4575,47,35,355;857;796;853;849;808;772;843;780;802;814;754;760;819;219;674;719;692;668;736;364;739;703
4576,47,35,355;857;796;853;849;808;772;843;780;802;814;754;760;819;219;674;719;692;668;736;365;741;705
4577,47,36,355;857;796;853;849;808;772;843;780;802;814;754;760;819;219;674;719;692;668;737;702;643;124;646;688;708
4578,47,36,355;857;796;853;849;808;772;843;780;802;814;754;760;819;219;674;719;692;668;737;702;643;125;648;690;710
4579,47,37,355;857;796;853;849;808;772;843;780;802;814;754;760;820;766;786;828;833
4580,47,37,355;857;796;853;849;808;772;843;780;802;814;754;760;820;766;786;827;248;826;831
4581,47,38,357;970;932;968;966;944;914;962;924;936;948;974;930;954;957
4582,47,38,355;857;796;853;849;808;772;843;780;802;813;207;552;561;368;523;438;462;489
4583,47,39,355;857;796;853;849;808;772;843;780;802;814;754;760;820;766;786;828;833;286;1110;1096;1113
4584,47,39,355;857;796;853;849;808;772;843;780;802;814;754;760;820;766;786;828;834;792;838
4585,47,40,355;857;796;853;849;808;772;843;780;802;814;754;760;819;219;674;718
4586,47,40,355;857;796;853;849;808;772;843;780;802;814;754;760;819;220;676;720
4587,47,41,355;857;796;853;849;808;772;842
4588,47,41,357;970;932;968;966;944;914;961
4589,47,42,355;857;796;853;849;808;772;843;780;802;813;207;552;561;368;523;438;462;490;414;388;400;444;408;432;420;511;501
4590,47,42,357;970;932;968;966;944;914;962;924;936;947;207;552;561;368;523;438;462;490;414;388;400;444;408;432;420;511;501
4591,47,43,355;857;796;853;849;808;772;843;780;802;813;207;552;561;368;523;438;462;490;414;388;400;444;408;432;420;511;502;507
4592,47,43,357;970;932;968;966;944;914;962;924;936;947;207;552;561;368;523;438;462;490;414;388;400;444;408;432;420;511;502;507
4593,47,44,355;857;796;853;848
4594,47,44,357;970;932;968;965
4595,47,45,355;857;796;853;849;808;772;843;780;802;813;207;552;561;368;523;438;462;490;414;388;400;444;408;432;420;510
4596,47,45,357;970;932;968;966;944;914;962;924;936;947;207;552;561;368;523;438;462;490;414;388;400;444;408;432;420;510
4597,47,46,355;857;796;852
4598,47,46,357;970;932;967
4599,47,48,355;857;796;853;849;808;772;843;780;802;814;754;760;819;219;674;719;692;668;736
4600,47,48,355;857;796;853;849;808;772;843;780;802;814;754;759;29;614;674;719;692;668;736
4601,47,49,355;857;796;853;849;808;771;74;570;572;594
4602,47,49,357;970;932;968;966;944;913;74;570;572;594
4603,47,50,355;857;796;853;849;808;772;843;780;802;813;207;552;561
4604,47,50,357;970;932;968;966;944;914;962;924;936;947;207;552;561
4605,48,1,361;519;452;473;261;472;496;456;394;381
4606,48,1,361;519;452;473;263;476;500;460;398;385
4607,48,2,361;519;452;473;261;472;496;456;394;382;523;438;462;490;414;387
4608,48,2,361;519;452;473;263;476;500;460;398;386;527;442;466;494;418;391
4609,48,3,361;519;452;473;261;472;496;455;226;1054;1031
4610,48,3,361;519;452;473;263;476;500;459;226;1054;1031
4611,48,4,361;519;452;473;261;472;496;456;394;382;523;438;462;490;414;388;399
4612,48,4,361;519;452;473;263;476;500;460;398;386;527;442;466;494;418;392;403
4613,48,5,364;739;704;646;688;709;698;625
4614,48,5,365;741;706;648;690;711;700;626
4615,48,6,361;519;452;473;261;472;496;455;222;818;763
4616,48,6,361;519;452;473;263;476;500;459;222;818;763
4617,48,7,361;519;452;473;261;472;496;456;394;382;523;438;462;490;414;388;400;444;407
4618,48,7,361;519;452;473;263;476;500;460;398;386;527;442;466;494;418;392;404;448;411
4619,48,8,361;519;452;473;261;472;496;456;394;381;10;859;880;876;867;119;988;1014;981
4620,48,8,361;519;452;473;263;476;500;460;398;385;10;859;880;876;867;119;988;1014;981
4621,48,9,361;519;452;473;261;472;496;456;394;381;10;859;880;876;867;119;988;1014;982;1002;1016;1020;996;1024;1008;984
4622,48,9,361;519;452;473;263;476;500;460;398;385;10;859;880;876;867;119;988;1014;982;1002;1016;1020;996;1024;1008;984
4623,48,10,361;519;452;473;261;472;496;456;394;381;10;859;880;876;867;119;988;1014;981;74;570;571
4624,48,10,361;519;452;473;263;476;500;460;398;385;10;859;880;876;867;119;988;1014;981;74;570;571
4625,48,11,361;519;452;473;261;472;496;456;394;382;523;438;461;238;554;556;538
4626,48,11,361;519;452;473;263;476;500;460;398;386;527;442;465;238;554;556;538
4627,48,12,361;519;452;473;261;472;496;456;394;382;523;438;462;490;414;388;400;444;408;432;419
4628,48,12,361;519;452;473;263;476;500;460;398;386;527;442;466;494;418;392;404;448;412;436;423
4629,48,13,361;519;452;473;261;472;496;456;394;381;10;859;880;876;867
4630,48,13,361;519;452;473;263;476;500;460;398;385;10;859;880;876;867
4631,48,14,364;739;703;273;702;643
4632,48,14,365;741;705;273;702;643
4633,48,15,361;519;452;473;261;472;496;456;394;382;523;438;462;490;414;388;400;444;408;431
4634,48,15,361;519;452;473;263;476;500;460;398;386;527;442;466;494;418;392;404;448;412;435
4635,48,16,361;519;452;473;261;472;496;455;222;818;764;783
4636,48,16,361;519;452;473;263;476;500;459;222;818;764;783
4637,48,17,361;519;452;473;261;472;496;455;222;818;764;784;826;831;286;1110;1095
4638,48,17,361;519;452;473;263;476;500;459;222;818;764;784;826;831;286;1110;1095
4639,48,18,361;519;452;473;261;472;496;456;394;381;10;859;880;876;867;119;988;1014;981;74;570;572;595;579
4640,48,18,361;519;452;473;263;476;500;460;398;385;10;859;880;876;867;119;988;1014;981;74;570;572;595;579
4641,48,19,361;519;452;473;261;472;496;456;394;382;523;437
4642,48,19,361;519;452;473;263;476;500;460;398;386;527;441
4643,48,20,361;519;452;473;261;472;496;456;394;381;10;859;880;876;867;119;988;1014;981;78;865;878;894;896;873
4644,48,20,361;519;452;473;263;476;500;460;398;385;10;859;880;876;867;119;988;1014;981;78;865;878;894;896;873
4645,48,21,361;519;452;473;261;472;496;456;394;381;10;859;880;875
4646,48,21,361;519;452;473;263;476;500;460;398;385;10;859;880;875
4647,48,22,361;519;452;473;261;472;496;456;394;382;523;438;462;490;414;388;400;443
4648,48,22,361;519;452;473;263;476;500;460;398;386;527;442;466;494;418;392;404;447
4649,48,23,361;519;452;473;261;472;496;456;394;381;10;859;880;876;867;119;988;1014;981;78;865;877
4650,48,23,361;519;452;473;263;476;500;460;398;385;10;859;880;876;867;119;988;1014;981;78;865;877
4651,48,24,360;517;449
4652,48,24,361;519;451
4653,48,25,361;519;452;473;261;472;496;456;394;381;10;859;879
4654,48,25,361;519;452;473;263;476;500;460;398;385;10;859;879
4655,48,26,361;519;452;473;261;472;496;455
4656,48,26,361;519;452;473;263;476;500;459
4657,48,27,361;519;452;473;261;472;496;456;394;382;523;438;461;238;554;556;538;100;1040;1030;1034;1052;1038;1044;1042;1072;1067;1069;1055
4658,48,27,361;519;452;473;263;476;500;460;398;386;527;442;465;238;554;556;538;100;1040;1030;1034;1052;1038;1044;1042;1072;1067;1069;1055
4659,48,28,361;519;452;473;261;472;496;456;394;381;10;859;880;876;867;119;988;1014;981;78;865;878;894;896;874;898;883
4660,48,28,361;519;452;473;263;476;500;460;398;385;10;859;880;876;867;119;988;1014;981;78;865;878;894;896;874;898;883
4661,48,29,361;519;452;473;261;472;496;456;394;382;523;438;461
4662,48,29,361;519;452;473;263;476;500;460;398;386;527;442;465
4663,48,30,361;519;452;473;261;472;496;455;222;818;764;784;825
4664,48,30,361;519;452;473;263;476;500;459;222;818;764;784;825
4665,48,31,364;739;704;646;687
4666,48,31,365;741;706;648;689
4667,48,32,361;519;452;473;261;472;496;456;394;381;10;859;880;876;867;112;749;750
4668,48,32,361;519;452;473;263;476;500;460;398;385;10;859;880;876;867;112;749;750
4669,48,33,361;519;452;473
4670,48,33,360;517;449;202;452;473
4671,48,34,364;739;704;646;688;709;697
4672,48,34,365;741;706;648;690;711;699
4673,48,35,364;739;703
4674,48,35,365;741;705
4675,48,36,364;739;704;646;688;708
4676,48,36,365;741;706;648;690;710
4677,48,37,361;519;452;473;261;472;496;455;222;818;764;784;826;831
4678,48,37,361;519;452;473;263;476;500;459;222;818;764;784;826;831
4679,48,38,361;519;452;473;261;472;496;456;394;382;523;438;462;489
4680,48,38,361;519;452;473;263;476;500;460;398;386;527;442;466;493
4681,48,39,361;519;452;473;261;472;496;455;222;818;764;784;826;831;286;1110;1096;1113
4682,48,39,361;519;452;473;263;476;500;459;222;818;764;784;826;831;286;1110;1096;1113
4683,48,40,361;519;452;473;261;472;495
4684,48,40,361;519;452;473;263;476;499
4685,48,41,361;519;452;473;261;472;496;456;394;381;10;859;879;208;587;583;576;592
4686,48,41,361;519;452;473;263;476;500;460;398;385;10;859;879;208;587;583;576;592
4687,48,42,361;519;452;473;261;472;496;456;394;382;523;438;462;490;414;388;400;444;408;432;420;511;501
4688,48,42,361;519;452;473;263;476;500;460;398;386;527;442;466;494;418;392;404;448;412;436;424;515;505
4689,48,43,361;519;452;473;261;472;496;456;394;382;523;438;462;490;414;388;400;444;408;432;420;511;502;507
4690,48,43,361;519;452;473;263;476;500;460;398;386;527;442;466;494;418;392;404;448;412;436;424;515;506;509
4691,48,44,361;519;452;473;261;472;496;456;394;381;10;859;880;876;867;119;988;1014;981;78;865;878;893
4692,48,44,361;519;452;473;263;476;500;460;398;385;10;859;880;876;867;119;988;1014;981;78;865;878;893
4693,48,45,361;519;452;473;261;472;496;456;394;382;523;438;462;490;414;388;400;444;408;432;420;510
4694,48,45,361;519;452;473;263;476;500;460;398;386;527;442;466;494;418;392;404;448;412;436;424;514
4695,48,46,361;519;452;473;261;472;496;456;394;381;10;859;880;876;867;119;988;1014;981;78;865;878;894;895
4696,48,46,361;519;452;473;263;476;500;460;398;385;10;859;880;876;867;119;988;1014;981;78;865;878;894;895
4697,48,47,361;519;452;473;261;472;496;456;394;381;10;859;880;876;867;119;988;1014;981;78;865;878;894;896;874;897
4698,48,47,361;519;452;473;263;476;500;460;398;385;10;859;880;876;867;119;988;1014;981;78;865;878;894;896;874;897
4699,48,49,361;519;452;473;261;472;496;456;394;381;10;859;880;876;867;119;988;1014;981;74;570;572;594
4700,48,49,361;519;452;473;263;476;500;460;398;385;10;859;880;876;867;119;988;1014;981;74;570;572;594
4701,48,50,361;519;452;473;261;472;496;456;394;382;522
4702,48,50,361;519;452;473;263;476;500;460;398;386;526
4703,49,1,366;560;537;534;75;770;841;778;800;812;751
4704,49,1,366;560;537;534;76;772;843;780;802;814;753
4705,49,2,366;560;537;535;558;541;548;552;561;368;523;438;462;490;414;387
4706,49,2,366;560;537;535;558;541;548;552;561;369;525;440;464;492;416;389
4707,49,3,366;560;537;534;75;770;841;778;800;812;752;757
4708,49,3,366;560;537;534;76;772;843;780;802;814;754;759
4709,49,4,366;560;537;535;558;541;548;552;561;368;523;438;462;490;414;388;399
4710,49,4,366;560;537;535;558;541;548;552;561;369;525;440;464;492;416;390;401
4711,49,5,366;560;537;534;75;770;841;778;800;812;752;758;817;219;674;719;692;668;737;702;643;124;646;688;709;698;625
4712,49,5,366;560;537;534;75;770;841;778;800;812;752;758;817;219;674;719;692;668;737;702;643;125;648;690;711;700;626
4713,49,6,366;560;537;534;75;770;841;778;800;812;752;758;818;763
4714,49,6,366;560;537;534;76;772;843;780;802;814;754;760;820;765
4715,49,7,366;560;537;535;558;541;548;552;561;368;523;438;462;490;414;388;400;444;407
4716,49,7,366;560;537;535;558;541;548;552;561;369;525;440;464;492;416;390;402;446;409
4717,49,8,366;560;537;534
4718,49,8,367;595;579;151;544;560;537;534
4719,49,9,366;560;537;534;78;865;877;200;1002;1016;1020;996;1024;1008;984
4720,49,9,366;560;537;534;78;865;878;893;341;1016;1020;996;1024;1008;984
4721,49,10,366;560;536
4722,49,10,367;595;579;151;544;560;536
4723,49,11,366;560;537;535;558;541;548;552;562;546;554;556;538
4724,49,11,366;560;537;535;558;541;548;552;561;368;523;438;461;238;554;556;538
4725,49,12,366;560;537;535;558;541;548;552;561;368;523;438;462;490;414;388;400;444;408;432;419
4726,49,12,366;560;537;535;558;541;548;552;561;369;525;440;464;492;416;390;402;446;410;434;421
4727,49,13,366;560;537;534;75;770;841;777
4728,49,13,366;560;537;534;76;772;843;779
4729,49,14,366;560;537;534;75;770;841;778;800;812;752;758;817;219;674;719;692;668;737;702;643
4730,49,14,366;560;537;534;76;772;843;780;802;814;754;760;819;219;674;719;692;668;737;702;643
4731,49,15,366;560;537;535;558;541;548;552;561;368;523;438;462;490;414;388;400;444;408;431
4732,49,15,366;560;537;535;558;541;548;552;561;369;525;440;464;492;416;390;402;446;410;433
4733,49,16,366;560;537;534;75;770;841;778;800;812;752;758;818;764;783
4734,49,16,366;560;537;534;76;772;843;780;802;814;754;760;820;766;785
4735,49,17,366;560;537;534;75;770;841;778;800;812;752;758;818;764;784;826;831;286;1110;1095
4736,49,17,366;560;537;534;76;772;843;780;802;814;754;760;820;766;786;828;833;286;1110;1095
4737,49,18,367;595;579
4738,49,18,366;560;536;88;572;595;579
4739,49,19,366;560;537;535;558;541;548;552;562;545
4740,49,19,366;560;537;534;75;770;841;778;800;811;207;552;562;545
4741,49,20,366;560;537;534;78;865;878;894;896;873
4742,49,20,366;560;537;534;78;865;877;200;1002;1016;1020;995
4743,49,21,366;560;537;534;75;770;841;778;799
4744,49,21,366;560;537;534;76;772;843;780;801
4745,49,22,366;560;537;535;558;541;548;552;561;368;523;438;462;490;414;388;400;443
4746,49,22,366;560;537;535;558;541;548;552;561;369;525;440;464;492;416;390;402;445
4747,49,23,366;560;537;534;78;865;877
4748,49,23,366;560;537;534;81;982;1001
4749,49,24,366;560;537;534;75;770;841;778;800;812;752;758;817;219;674;719;692;667
4750,49,24,366;560;537;534;76;772;843;780;802;814;754;760;819;219;674;719;692;667
4751,49,25,366;560;537;534;75;770;841;778;800;811
4752,49,25,366;560;537;534;76;772;843;780;802;813
4753,49,26,366;560;537;534;75;770;841;778;800;812;752;758;817
4754,49,26,366;560;537;534;76;772;843;780;802;814;754;760;819
4755,49,27,366;560;537;535;558;541;548;552;561;379;1074;1050;1057;1063;1040;1030;1034;1052;1038;1044;1042;1072;1067;1069;1055
4756,49,27,366;560;537;535;558;541;548;552;562;545;164;1050;1057;1063;1040;1030;1034;1052;1038;1044;1042;1072;1067;1069;1055
4757,49,28,366;560;537;534;78;865;878;894;896;874;898;883
4758,49,28,366;560;537;534;78;865;877;200;1002;1016;1020;996;1024;1007
4759,49,29,366;560;537;535;558;541;548;552;561;368;523;438;461
4760,49,29,366;560;537;535;558;541;548;552;561;369;525;440;463
4761,49,30,366;560;537;534;75;770;841;778;800;812;752;758;818;764;784;825
4762,49,30,366;560;537;534;76;772;843;780;802;814;754;760;820;766;786;827
4763,49,31,366;560;537;534;75;770;841;778;800;812;752;758;817;219;674;719;692;668;737;702;643;124;646;687
4764,49,31,366;560;537;534;76;772;843;780;802;814;754;760;819;219;674;719;692;668;737;702;643;124;646;687
4765,49,32,366;560;537;534;75;770;841;777;112;749;750
4766,49,32,366;560;537;534;76;772;843;779;112;749;750
4767,49,33,366;560;537;534;75;770;841;778;800;812;752;758;817;219;674;719;691
4768,49,33,366;560;537;534;75;770;841;778;800;812;752;758;817;220;676;721;693
4769,49,34,366;560;537;534;75;770;841;778;800;812;752;758;817;219;674;719;692;668;737;702;643;124;646;688;709;697
4770,49,34,366;560;537;534;75;770;841;778;800;812;752;758;817;219;674;719;692;668;737;702;643;125;648;690;711;699
4771,49,35,366;560;537;534;75;770;841;778;800;812;752;758;817;219;674;719;692;668;736;364;739;703
4772,49,35,366;560;537;534;76;772;843;780;802;814;754;760;819;219;674;719;692;668;736;364;739;703
4773,49,36,366;560;537;534;75;770;841;778;800;812;752;758;817;219;674;719;692;668;737;702;643;124;646;688;708
4774,49,36,366;560;537;534;75;770;841;778;800;812;752;758;817;219;674;719;692;668;737;702;643;125;648;690;710
4775,49,37,366;560;537;534;75;770;841;778;800;812;752;758;818;764;784;826;831
4776,49,37,366;560;537;534;76;772;843;780;802;814;754;760;820;766;786;828;833
4777,49,38,366;560;537;535;558;541;548;552;561;368;523;438;462;489
4778,49,38,366;560;537;535;558;541;548;552;561;369;525;440;464;491
4779,49,39,366;560;537;534;75;770;841;778;800;812;752;758;818;764;784;826;831;286;1110;1096;1113
4780,49,39,366;560;537;534;76;772;843;780;802;814;754;760;820;766;786;828;833;286;1110;1096;1113
4781,49,40,366;560;537;534;75;770;841;778;800;812;752;758;817;219;674;718
4782,49,40,366;560;537;534;76;772;843;780;802;814;754;760;819;219;674;718
4783,49,41,366;560;537;534;75;770;840
4784,49,41,366;560;537;534;76;772;842
4785,49,42,366;560;537;535;558;541;548;552;561;368;523;438;462;490;414;388;400;444;408;432;420;511;501
4786,49,42,366;560;537;535;558;541;548;552;561;369;525;440;464;492;416;390;402;446;410;434;422;513;503
4787,49,43,366;560;537;535;558;541;548;552;561;368;523;438;462;490;414;388;400;444;408;432;420;511;502;507
4788,49,43,366;560;537;535;558;541;548;552;561;369;525;440;464;492;416;390;402;446;410;434;422;513;504;508
4789,49,44,366;560;537;534;78;865;878;893
4790,49,44,366;560;537;534;78;865;877;200;1002;1015
4791,49,45,366;560;537;535;558;541;548;552;561;368;523;438;462;490;414;388;400;444;408;432;420;510
4792,49,45,366;560;537;535;558;541;548;552;561;369;525;440;464;492;416;390;402;446;410;434;422;512
4793,49,46,366;560;537;534;78;865;878;894;895
4794,49,46,366;560;537;534;78;865;877;200;1002;1016;1019
4795,49,47,366;560;537;534;78;865;878;894;896;874;897
4796,49,47,366;560;537;534;78;865;877;200;1002;1016;1020;996;1023
4797,49,48,366;560;537;534;75;770;841;778;800;812;752;758;817;219;674;719;692;668;736
4798,49,48,366;560;537;534;76;772;843;780;802;814;754;760;819;219;674;719;692;668;736
4799,49,50,366;560;537;535;558;541;548;552;561
4800,49,50,366;560;537;534;75;770;841;778;800;811;207;552;561
4801,50,1,373;743;601
4802,50,1,374;745;603
4803,50,2,368;523;438;462;490;414;387
4804,50,2,369;525;440;464;492;416;389
4805,50,3,374;745;604;615
4806,50,3,375;747;606;617
4807,50,4,368;523;438;462;490;414;388;399
4808,50,4,369;525;440;464;492;416;390;401
4809,50,5,374;745;604;616;676;721;694;670;739;704;646;688;709;698;625
4810,50,5,375;747;606;618;678;723;696;672;741;706;648;690;711;700;626
4811,50,6,380;1122;1076;1080;1102;1083
4812,50,6,374;745;604;616;675;222;818;763
4813,50,7,368;523;438;462;490;414;388;400;444;407
4814,50,7,369;525;440;464;492;416;390;402;446;409
4815,50,8,372;597;587;583;575;119;988;1014;981
4816,50,8,372;597;587;583;576;592;320;1014;981
4817,50,9,372;597;587;583;575;119;988;1014;982;1002;1016;1020;996;1024;1008;984
4818,50,9,372;597;587;583;576;592;320;1014;982;1002;1016;1020;996;1024;1008;984
4819,50,10,372;597;587;583;576;593;570;571
4820,50,10,372;597;587;583;575;119;988;1014;981;74;570;571
4821,50,11,368;523;438;461;238;554;556;538
4822,50,11,369;525;440;463;238;554;556;538
4823,50,12,368;523;438;462;490;414;388;400;444;408;432;419
4824,50,12,369;525;440;464;492;416;390;402;446;410;434;421
4825,50,13,372;597;587;583;575
4826,50,13,378;1026;1003;208;587;583;575
4827,50,14,374;745;604;616;676;721;694;670;739;703;273;702;643
4828,50,14,375;747;606;618;678;723;696;672;741;705;273;702;643
4829,50,15,368;523;438;462;490;414;388;400;444;408;431
4830,50,15,369;525;440;464;492;416;390;402;446;410;433
4831,50,16,380;1122;1076;1080;1102;1084;1093
4832,50,16,380;1122;1076;1080;1102;1083;54;764;783
4833,50,17,380;1122;1076;1080;1102;1084;1094;1108;1110;1095
4834,50,17,380;1122;1076;1080;1102;1084;1094;1107;248;826;831;286;1110;1095
4835,50,18,372;597;587;583;576;593;570;572;595;579
4836,50,18,372;597;587;583;575;119;988;1014;981;74;570;572;595;579
4837,50,19,368;523;437
4838,50,19,369;525;439
4839,50,20,372;597;587;583;575;119;988;1014;981;78;865;878;894;896;873
4840,50,20,372;597;587;583;576;592;320;1014;981;78;865;878;894;896;873
4841,50,21,372;597;587;582
4842,50,21,378;1026;1004;997
4843,50,22,368;523;438;462;490;414;388;400;443
4844,50,22,369;525;440;464;492;416;390;402;445
4845,50,23,372;597;587;583;575;119;988;1014;981;78;865;877
4846,50,23,372;597;587;583;576;592;320;1014;981;78;865;877
4847,50,24,374;745;604;616;676;721;694;669
4848,50,24,375;747;606;618;678;723;696;671
4849,50,25,372;597;586
4850,50,25,378;1026;1003
4851,50,26,374;745;604;616;675
4852,50,26,375;747;606;618;677
4853,50,27,379;1074;1050;1057;1063;1040;1030;1034;1052;1038;1044;1042;1072;1067;1069;1055
4854,50,27,368;523;438;461;238;554;556;538;100;1040;1030;1034;1052;1038;1044;1042;1072;1067;1069;1055
4855,50,28,372;597;587;583;575;119;988;1014;981;78;865;878;894;896;874;898;883
4856,50,28,372;597;587;583;576;592;320;1014;981;78;865;878;894;896;874;898;883
4857,50,29,368;523;438;461
4858,50,29,369;525;440;463
4859,50,30,380;1122;1076;1080;1102;1084;1094;1107
4860,50,30,380;1122;1076;1080;1102;1084;1093;139;784;825
4861,50,31,374;745;604;616;676;721;694;670;739;704;646;687
4862,50,31,375;747;606;618;678;723;696;672;741;706;648;689
4863,50,32,372;597;587;583;575;112;749;750
4864,50,32,378;1026;1003;208;587;583;575;112;749;750
4865,50,33,374;745;604;616;676;721;693
4866,50,33,375;747;606;618;678;723;695
4867,50,34,374;745;604;616;676;721;694;670;739;704;646;688;709;697
4868,50,34,375;747;606;618;678;723;696;672;741;706;648;690;711;699
4869,50,35,374;745;604;616;676;721;694;670;739;703
4870,50,35,375;747;606;618;678;723;696;672;741;705
4871,50,36,374;745;604;616;676;721;694;670;739;704;646;688;708
4872,50,36,375;747;606;618;678;723;696;672;741;706;648;690;710
4873,50,37,380;1122;1076;1080;1102;1084;1094;1107;248;826;831
4874,50,37,380;1122;1076;1080;1102;1084;1094;1107;249;828;833
4875,50,38,368;523;438;462;489
4876,50,38,369;525;440;464;491
4877,50,39,380;1122;1076;1080;1102;1084;1094;1108;1110;1096;1113
4878,50,39,380;1122;1076;1080;1102;1084;1094;1107;248;826;831;286;1110;1096;1113
4879,50,40,374;745;604;616;676;720
4880,50,40,375;747;606;618;678;722
4881,50,41,372;597;587;583;576;592
4882,50,41,378;1026;1003;208;587;583;576;592
4883,50,42,368;523;438;462;490;414;388;400;444;408;432;420;511;501
4884,50,42,369;525;440;464;492;416;390;402;446;410;434;422;513;503
4885,50,43,368;523;438;462;490;414;388;400;444;408;432;420;511;502;507
4886,50,43,369;525;440;464;492;416;390;402;446;410;434;422;513;504;508
4887,50,44,372;597;587;583;575;119;988;1014;981;78;865;878;893
4888,50,44,372;597;587;583;576;592;320;1014;981;78;865;878;893
4889,50,45,368;523;438;462;490;414;388;400;444;408;432;420;510
4890,50,45,369;525;440;464;492;416;390;402;446;410;434;422;512
4891,50,46,372;597;587;583;575;119;988;1014;981;78;865;878;894;895
4892,50,46,372;597;587;583;576;592;320;1014;981;78;865;878;894;895
4893,50,47,372;597;587;583;575;119;988;1014;981;78;865;878;894;896;874;897
4894,50,47,372;597;587;583;576;592;320;1014;981;78;865;878;894;896;874;897
4895,50,48,374;745;604;616;676;721;694;669;204;668;736
4896,50,48,375;747;606;618;678;723;696;671;204;668;736
4897,50,49,372;597;587;583;576;593;570;572;594
4898,50,49,372;597;587;583;575;119;988;1014;981;74;570;572;594
