link_id,directed_route_id,hour,num_trips,vehicle_capacity,period_capacity
382,1.1,0,0,750.0,0.0
382,1.1,1,0,750.0,0.0
382,1.1,4,4,750.0,3000.0
382,1.1,5,6,750.0,4500.0
382,1.1,6,6,750.0,4500.0
382,1.1,7,6,750.0,4500.0
382,1.1,8,6,750.0,4500.0
382,1.1,9,6,750.0,4500.0
382,1.1,10,6,750.0,4500.0
382,1.1,11,6,750.0,4500.0
382,1.1,12,6,750.0,4500.0
382,1.1,13,6,750.0,4500.0
382,1.1,14,6,750.0,4500.0
382,1.1,15,6,750.0,4500.0
382,1.1,16,6,750.0,4500.0
382,1.1,17,6,750.0,4500.0
382,1.1,18,6,750.0,4500.0
382,1.1,19,6,750.0,4500.0
382,1.1,20,6,750.0,4500.0
382,1.1,21,4,750.0,3000.0
382,1.1,22,3,750.0,2250.0
382,1.1,23,3,750.0,2250.0
384,1.1,0,0,750.0,0.0
384,1.1,1,0,750.0,0.0
384,1.1,4,4,750.0,3000.0
384,1.1,5,6,750.0,4500.0
384,1.1,6,6,750.0,4500.0
384,1.1,7,6,750.0,4500.0
384,1.1,8,6,750.0,4500.0
384,1.1,9,6,750.0,4500.0
384,1.1,10,6,750.0,4500.0
384,1.1,11,6,750.0,4500.0
384,1.1,12,6,750.0,4500.0
384,1.1,13,6,750.0,4500.0
384,1.1,14,6,750.0,4500.0
384,1.1,15,6,750.0,4500.0
384,1.1,16,6,750.0,4500.0
384,1.1,17,6,750.0,4500.0
384,1.1,18,6,750.0,4500.0
384,1.1,19,6,750.0,4500.0
384,1.1,20,6,750.0,4500.0
384,1.1,21,4,750.0,3000.0
384,1.1,22,3,750.0,2250.0
384,1.1,23,3,750.0,2250.0
386,1.1,0,0,750.0,0.0
386,1.1,1,0,750.0,0.0
386,1.1,4,4,750.0,3000.0
386,1.1,5,6,750.0,4500.0
386,1.1,6,6,750.0,4500.0
386,1.1,7,6,750.0,4500.0
386,1.1,8,6,750.0,4500.0
386,1.1,9,6,750.0,4500.0
386,1.1,10,6,750.0,4500.0
386,1.1,11,6,750.0,4500.0
386,1.1,12,6,750.0,4500.0
386,1.1,13,6,750.0,4500.0
386,1.1,14,6,750.0,4500.0
386,1.1,15,6,750.0,4500.0
386,1.1,16,6,750.0,4500.0
386,1.1,17,6,750.0,4500.0
386,1.1,18,6,750.0,4500.0
386,1.1,19,6,750.0,4500.0
386,1.1,20,6,750.0,4500.0
386,1.1,21,4,750.0,3000.0
386,1.1,22,3,750.0,2250.0
386,1.1,23,3,750.0,2250.0
388,1.1,0,0,750.0,0.0
388,1.1,1,0,750.0,0.0
388,1.1,4,4,750.0,3000.0
388,1.1,5,6,750.0,4500.0
388,1.1,6,6,750.0,4500.0
388,1.1,7,6,750.0,4500.0
388,1.1,8,6,750.0,4500.0
388,1.1,9,6,750.0,4500.0
388,1.1,10,6,750.0,4500.0
388,1.1,11,6,750.0,4500.0
388,1.1,12,6,750.0,4500.0
388,1.1,13,6,750.0,4500.0
388,1.1,14,6,750.0,4500.0
388,1.1,15,6,750.0,4500.0
388,1.1,16,6,750.0,4500.0
388,1.1,17,6,750.0,4500.0
388,1.1,18,6,750.0,4500.0
388,1.1,19,6,750.0,4500.0
388,1.1,20,6,750.0,4500.0
388,1.1,21,4,750.0,3000.0
388,1.1,22,3,750.0,2250.0
388,1.1,23,3,750.0,2250.0
390,1.1,0,0,750.0,0.0
390,1.1,1,0,750.0,0.0
390,1.1,4,4,750.0,3000.0
390,1.1,5,6,750.0,4500.0
390,1.1,6,6,750.0,4500.0
390,1.1,7,6,750.0,4500.0
390,1.1,8,6,750.0,4500.0
390,1.1,9,6,750.0,4500.0
390,1.1,10,6,750.0,4500.0
390,1.1,11,6,750.0,4500.0
390,1.1,12,6,750.0,4500.0
390,1.1,13,6,750.0,4500.0
390,1.1,14,6,750.0,4500.0
390,1.1,15,6,750.0,4500.0
390,1.1,16,6,750.0,4500.0
390,1.1,17,6,750.0,4500.0
390,1.1,18,6,750.0,4500.0
390,1.1,19,6,750.0,4500.0
390,1.1,20,6,750.0,4500.0
390,1.1,21,4,750.0,3000.0
390,1.1,22,3,750.0,2250.0
390,1.1,23,3,750.0,2250.0
392,1.1,0,0,750.0,0.0
392,1.1,1,0,750.0,0.0
392,1.1,4,4,750.0,3000.0
392,1.1,5,6,750.0,4500.0
392,1.1,6,6,750.0,4500.0
392,1.1,7,6,750.0,4500.0
392,1.1,8,6,750.0,4500.0
392,1.1,9,6,750.0,4500.0
392,1.1,10,6,750.0,4500.0
392,1.1,11,6,750.0,4500.0
392,1.1,12,6,750.0,4500.0
392,1.1,13,6,750.0,4500.0
392,1.1,14,6,750.0,4500.0
392,1.1,15,6,750.0,4500.0
392,1.1,16,6,750.0,4500.0
392,1.1,17,6,750.0,4500.0
392,1.1,18,6,750.0,4500.0
392,1.1,19,6,750.0,4500.0
392,1.1,20,6,750.0,4500.0
392,1.1,21,4,750.0,3000.0
392,1.1,22,3,750.0,2250.0
392,1.1,23,3,750.0,2250.0
394,1.1,0,0,750.0,0.0
394,1.1,1,0,750.0,0.0
394,1.1,4,4,750.0,3000.0
394,1.1,5,6,750.0,4500.0
394,1.1,6,6,750.0,4500.0
394,1.1,7,6,750.0,4500.0
394,1.1,8,6,750.0,4500.0
394,1.1,9,6,750.0,4500.0
394,1.1,10,6,750.0,4500.0
394,1.1,11,6,750.0,4500.0
394,1.1,12,6,750.0,4500.0
394,1.1,13,6,750.0,4500.0
394,1.1,14,6,750.0,4500.0
394,1.1,15,6,750.0,4500.0
394,1.1,16,6,750.0,4500.0
394,1.1,17,6,750.0,4500.0
394,1.1,18,6,750.0,4500.0
394,1.1,19,6,750.0,4500.0
394,1.1,20,6,750.0,4500.0
394,1.1,21,4,750.0,3000.0
394,1.1,22,3,750.0,2250.0
394,1.1,23,3,750.0,2250.0
396,1.1,0,0,750.0,0.0
396,1.1,1,0,750.0,0.0
396,1.1,4,4,750.0,3000.0
396,1.1,5,6,750.0,4500.0
396,1.1,6,6,750.0,4500.0
396,1.1,7,6,750.0,4500.0
396,1.1,8,6,750.0,4500.0
396,1.1,9,6,750.0,4500.0
396,1.1,10,6,750.0,4500.0
396,1.1,11,6,750.0,4500.0
396,1.1,12,6,750.0,4500.0
396,1.1,13,6,750.0,4500.0
396,1.1,14,6,750.0,4500.0
396,1.1,15,6,750.0,4500.0
396,1.1,16,6,750.0,4500.0
396,1.1,17,6,750.0,4500.0
396,1.1,18,6,750.0,4500.0
396,1.1,19,6,750.0,4500.0
396,1.1,20,6,750.0,4500.0
396,1.1,21,4,750.0,3000.0
396,1.1,22,3,750.0,2250.0
396,1.1,23,3,750.0,2250.0
398,1.1,0,0,750.0,0.0
398,1.1,1,0,750.0,0.0
398,1.1,4,4,750.0,3000.0
398,1.1,5,6,750.0,4500.0
398,1.1,6,6,750.0,4500.0
398,1.1,7,6,750.0,4500.0
398,1.1,8,6,750.0,4500.0
398,1.1,9,6,750.0,4500.0
398,1.1,10,6,750.0,4500.0
398,1.1,11,6,750.0,4500.0
398,1.1,12,6,750.0,4500.0
398,1.1,13,6,750.0,4500.0
398,1.1,14,6,750.0,4500.0
398,1.1,15,6,750.0,4500.0
398,1.1,16,6,750.0,4500.0
398,1.1,17,6,750.0,4500.0
398,1.1,18,6,750.0,4500.0
398,1.1,19,6,750.0,4500.0
398,1.1,20,6,750.0,4500.0
398,1.1,21,4,750.0,3000.0
398,1.1,22,3,750.0,2250.0
398,1.1,23,3,750.0,2250.0
400,1.1,0,0,750.0,0.0
400,1.1,1,0,750.0,0.0
400,1.1,4,4,750.0,3000.0
400,1.1,5,6,750.0,4500.0
400,1.1,6,6,750.0,4500.0
400,1.1,7,6,750.0,4500.0
400,1.1,8,6,750.0,4500.0
400,1.1,9,6,750.0,4500.0
400,1.1,10,6,750.0,4500.0
400,1.1,11,6,750.0,4500.0
400,1.1,12,6,750.0,4500.0
400,1.1,13,6,750.0,4500.0
400,1.1,14,6,750.0,4500.0
400,1.1,15,6,750.0,4500.0
400,1.1,16,6,750.0,4500.0
400,1.1,17,6,750.0,4500.0
400,1.1,18,6,750.0,4500.0
400,1.1,19,6,750.0,4500.0
400,1.1,20,6,750.0,4500.0
400,1.1,21,4,750.0,3000.0
400,1.1,22,3,750.0,2250.0
400,1.1,23,3,750.0,2250.0
402,1.1,0,0,750.0,0.0
402,1.1,1,0,750.0,0.0
402,1.1,4,4,750.0,3000.0
402,1.1,5,6,750.0,4500.0
402,1.1,6,6,750.0,4500.0
402,1.1,7,6,750.0,4500.0
402,1.1,8,6,750.0,4500.0
402,1.1,9,6,750.0,4500.0
402,1.1,10,6,750.0,4500.0
402,1.1,11,6,750.0,4500.0
402,1.1,12,6,750.0,4500.0
402,1.1,13,6,750.0,4500.0
402,1.1,14,6,750.0,4500.0
402,1.1,15,6,750.0,4500.0
402,1.1,16,6,750.0,4500.0
402,1.1,17,6,750.0,4500.0
402,1.1,18,6,750.0,4500.0
402,1.1,19,6,750.0,4500.0
402,1.1,20,6,750.0,4500.0
402,1.1,21,4,750.0,3000.0
402,1.1,22,3,750.0,2250.0
402,1.1,23,3,750.0,2250.0
404,1.1,0,0,750.0,0.0
404,1.1,1,0,750.0,0.0
404,1.1,4,4,750.0,3000.0
404,1.1,5,6,750.0,4500.0
404,1.1,6,6,750.0,4500.0
404,1.1,7,6,750.0,4500.0
404,1.1,8,6,750.0,4500.0
404,1.1,9,6,750.0,4500.0
404,1.1,10,6,750.0,4500.0
404,1.1,11,6,750.0,4500.0
404,1.1,12,6,750.0,4500.0
404,1.1,13,6,750.0,4500.0
404,1.1,14,6,750.0,4500.0
404,1.1,15,6,750.0,4500.0
404,1.1,16,6,750.0,4500.0
404,1.1,17,6,750.0,4500.0
404,1.1,18,6,750.0,4500.0
404,1.1,19,6,750.0,4500.0
404,1.1,20,6,750.0,4500.0
404,1.1,21,4,750.0,3000.0
404,1.1,22,3,750.0,2250.0
404,1.1,23,3,750.0,2250.0
406,1.1,0,0,750.0,0.0
406,1.1,1,0,750.0,0.0
406,1.1,4,4,750.0,3000.0
406,1.1,5,6,750.0,4500.0
406,1.1,6,6,750.0,4500.0
406,1.1,7,6,750.0,4500.0
406,1.1,8,6,750.0,4500.0
406,1.1,9,6,750.0,4500.0
406,1.1,10,6,750.0,4500.0
406,1.1,11,6,750.0,4500.0
406,1.1,12,6,750.0,4500.0
406,1.1,13,6,750.0,4500.0
406,1.1,14,6,750.0,4500.0
406,1.1,15,6,750.0,4500.0
406,1.1,16,6,750.0,4500.0
406,1.1,17,6,750.0,4500.0
406,1.1,18,6,750.0,4500.0
406,1.1,19,6,750.0,4500.0
406,1.1,20,6,750.0,4500.0
406,1.1,21,4,750.0,3000.0
406,1.1,22,3,750.0,2250.0
406,1.1,23,3,750.0,2250.0
408,1.1,0,0,750.0,0.0
408,1.1,1,0,750.0,0.0
408,1.1,4,4,750.0,3000.0
408,1.1,5,6,750.0,4500.0
408,1.1,6,6,750.0,4500.0
408,1.1,7,6,750.0,4500.0
408,1.1,8,6,750.0,4500.0
408,1.1,9,6,750.0,4500.0
408,1.1,10,6,750.0,4500.0
408,1.1,11,6,750.0,4500.0
408,1.1,12,6,750.0,4500.0
408,1.1,13,6,750.0,4500.0
408,1.1,14,6,750.0,4500.0
408,1.1,15,6,750.0,4500.0
408,1.1,16,6,750.0,4500.0
408,1.1,17,6,750.0,4500.0
408,1.1,18,6,750.0,4500.0
408,1.1,19,6,750.0,4500.0
408,1.1,20,6,750.0,4500.0
408,1.1,21,4,750.0,3000.0
408,1.1,22,3,750.0,2250.0
408,1.1,23,3,750.0,2250.0
410,1.1,0,0,750.0,0.0
410,1.1,1,0,750.0,0.0
410,1.1,4,4,750.0,3000.0
410,1.1,5,6,750.0,4500.0
410,1.1,6,6,750.0,4500.0
410,1.1,7,6,750.0,4500.0
410,1.1,8,6,750.0,4500.0
410,1.1,9,6,750.0,4500.0
410,1.1,10,6,750.0,4500.0
410,1.1,11,6,750.0,4500.0
410,1.1,12,6,750.0,4500.0
410,1.1,13,6,750.0,4500.0
410,1.1,14,6,750.0,4500.0
410,1.1,15,6,750.0,4500.0
410,1.1,16,6,750.0,4500.0
410,1.1,17,6,750.0,4500.0
410,1.1,18,6,750.0,4500.0
410,1.1,19,6,750.0,4500.0
410,1.1,20,6,750.0,4500.0
410,1.1,21,4,750.0,3000.0
410,1.1,22,3,750.0,2250.0
410,1.1,23,3,750.0,2250.0
412,1.1,0,0,750.0,0.0
412,1.1,1,0,750.0,0.0
412,1.1,4,4,750.0,3000.0
412,1.1,5,6,750.0,4500.0
412,1.1,6,6,750.0,4500.0
412,1.1,7,6,750.0,4500.0
412,1.1,8,6,750.0,4500.0
412,1.1,9,6,750.0,4500.0
412,1.1,10,6,750.0,4500.0
412,1.1,11,6,750.0,4500.0
412,1.1,12,6,750.0,4500.0
412,1.1,13,6,750.0,4500.0
412,1.1,14,6,750.0,4500.0
412,1.1,15,6,750.0,4500.0
412,1.1,16,6,750.0,4500.0
412,1.1,17,6,750.0,4500.0
412,1.1,18,6,750.0,4500.0
412,1.1,19,6,750.0,4500.0
412,1.1,20,6,750.0,4500.0
412,1.1,21,4,750.0,3000.0
412,1.1,22,3,750.0,2250.0
412,1.1,23,3,750.0,2250.0
414,1.1,0,0,750.0,0.0
414,1.1,1,0,750.0,0.0
414,1.1,4,4,750.0,3000.0
414,1.1,5,6,750.0,4500.0
414,1.1,6,6,750.0,4500.0
414,1.1,7,6,750.0,4500.0
414,1.1,8,6,750.0,4500.0
414,1.1,9,6,750.0,4500.0
414,1.1,10,6,750.0,4500.0
414,1.1,11,6,750.0,4500.0
414,1.1,12,6,750.0,4500.0
414,1.1,13,6,750.0,4500.0
414,1.1,14,6,750.0,4500.0
414,1.1,15,6,750.0,4500.0
414,1.1,16,6,750.0,4500.0
414,1.1,17,6,750.0,4500.0
414,1.1,18,6,750.0,4500.0
414,1.1,19,6,750.0,4500.0
414,1.1,20,6,750.0,4500.0
414,1.1,21,4,750.0,3000.0
414,1.1,22,3,750.0,2250.0
414,1.1,23,3,750.0,2250.0
416,1.1,0,0,750.0,0.0
416,1.1,1,0,750.0,0.0
416,1.1,4,4,750.0,3000.0
416,1.1,5,6,750.0,4500.0
416,1.1,6,6,750.0,4500.0
416,1.1,7,6,750.0,4500.0
416,1.1,8,6,750.0,4500.0
416,1.1,9,6,750.0,4500.0
416,1.1,10,6,750.0,4500.0
416,1.1,11,6,750.0,4500.0
416,1.1,12,6,750.0,4500.0
416,1.1,13,6,750.0,4500.0
416,1.1,14,6,750.0,4500.0
416,1.1,15,6,750.0,4500.0
416,1.1,16,6,750.0,4500.0
416,1.1,17,6,750.0,4500.0
416,1.1,18,6,750.0,4500.0
416,1.1,19,6,750.0,4500.0
416,1.1,20,6,750.0,4500.0
416,1.1,21,4,750.0,3000.0
416,1.1,22,3,750.0,2250.0
416,1.1,23,3,750.0,2250.0
418,1.1,0,0,750.0,0.0
418,1.1,1,0,750.0,0.0
418,1.1,4,4,750.0,3000.0
418,1.1,5,6,750.0,4500.0
418,1.1,6,6,750.0,4500.0
418,1.1,7,6,750.0,4500.0
418,1.1,8,6,750.0,4500.0
418,1.1,9,6,750.0,4500.0
418,1.1,10,6,750.0,4500.0
418,1.1,11,6,750.0,4500.0
418,1.1,12,6,750.0,4500.0
418,1.1,13,6,750.0,4500.0
418,1.1,14,6,750.0,4500.0
418,1.1,15,6,750.0,4500.0
418,1.1,16,6,750.0,4500.0
418,1.1,17,6,750.0,4500.0
418,1.1,18,6,750.0,4500.0
418,1.1,19,6,750.0,4500.0
418,1.1,20,6,750.0,4500.0
418,1.1,21,4,750.0,3000.0
418,1.1,22,3,750.0,2250.0
418,1.1,23,3,750.0,2250.0
420,1.1,0,0,750.0,0.0
420,1.1,1,0,750.0,0.0
420,1.1,4,4,750.0,3000.0
420,1.1,5,6,750.0,4500.0
420,1.1,6,6,750.0,4500.0
420,1.1,7,6,750.0,4500.0
420,1.1,8,6,750.0,4500.0
420,1.1,9,6,750.0,4500.0
420,1.1,10,6,750.0,4500.0
420,1.1,11,6,750.0,4500.0
420,1.1,12,6,750.0,4500.0
420,1.1,13,6,750.0,4500.0
420,1.1,14,6,750.0,4500.0
420,1.1,15,6,750.0,4500.0
420,1.1,16,6,750.0,4500.0
420,1.1,17,6,750.0,4500.0
420,1.1,18,6,750.0,4500.0
420,1.1,19,6,750.0,4500.0
420,1.1,20,6,750.0,4500.0
420,1.1,21,4,750.0,3000.0
420,1.1,22,3,750.0,2250.0
420,1.1,23,3,750.0,2250.0
422,1.1,0,0,750.0,0.0
422,1.1,1,0,750.0,0.0
422,1.1,4,4,750.0,3000.0
422,1.1,5,6,750.0,4500.0
422,1.1,6,6,750.0,4500.0
422,1.1,7,6,750.0,4500.0
422,1.1,8,6,750.0,4500.0
422,1.1,9,6,750.0,4500.0
422,1.1,10,6,750.0,4500.0
422,1.1,11,6,750.0,4500.0
422,1.1,12,6,750.0,4500.0
422,1.1,13,6,750.0,4500.0
422,1.1,14,6,750.0,4500.0
422,1.1,15,6,750.0,4500.0
422,1.1,16,6,750.0,4500.0
422,1.1,17,6,750.0,4500.0
422,1.1,18,6,750.0,4500.0
422,1.1,19,6,750.0,4500.0
422,1.1,20,6,750.0,4500.0
422,1.1,21,4,750.0,3000.0
422,1.1,22,3,750.0,2250.0
422,1.1,23,3,750.0,2250.0
424,1.1,0,0,750.0,0.0
424,1.1,1,0,750.0,0.0
424,1.1,4,4,750.0,3000.0
424,1.1,5,6,750.0,4500.0
424,1.1,6,6,750.0,4500.0
424,1.1,7,6,750.0,4500.0
424,1.1,8,6,750.0,4500.0
424,1.1,9,6,750.0,4500.0
424,1.1,10,6,750.0,4500.0
424,1.1,11,6,750.0,4500.0
424,1.1,12,6,750.0,4500.0
424,1.1,13,6,750.0,4500.0
424,1.1,14,6,750.0,4500.0
424,1.1,15,6,750.0,4500.0
424,1.1,16,6,750.0,4500.0
424,1.1,17,6,750.0,4500.0
424,1.1,18,6,750.0,4500.0
424,1.1,19,6,750.0,4500.0
424,1.1,20,6,750.0,4500.0
424,1.1,21,4,750.0,3000.0
424,1.1,22,3,750.0,2250.0
424,1.1,23,3,750.0,2250.0
426,1.1,0,0,750.0,0.0
426,1.1,1,0,750.0,0.0
426,1.1,4,4,750.0,3000.0
426,1.1,5,6,750.0,4500.0
426,1.1,6,6,750.0,4500.0
426,1.1,7,6,750.0,4500.0
426,1.1,8,6,750.0,4500.0
426,1.1,9,6,750.0,4500.0
426,1.1,10,6,750.0,4500.0
426,1.1,11,6,750.0,4500.0
426,1.1,12,6,750.0,4500.0
426,1.1,13,6,750.0,4500.0
426,1.1,14,6,750.0,4500.0
426,1.1,15,6,750.0,4500.0
426,1.1,16,6,750.0,4500.0
426,1.1,17,6,750.0,4500.0
426,1.1,18,6,750.0,4500.0
426,1.1,19,6,750.0,4500.0
426,1.1,20,6,750.0,4500.0
426,1.1,21,4,750.0,3000.0
426,1.1,22,3,750.0,2250.0
426,1.1,23,3,750.0,2250.0
428,1.1,0,0,750.0,0.0
428,1.1,1,0,750.0,0.0
428,1.1,4,4,750.0,3000.0
428,1.1,5,6,750.0,4500.0
428,1.1,6,6,750.0,4500.0
428,1.1,7,6,750.0,4500.0
428,1.1,8,6,750.0,4500.0
428,1.1,9,6,750.0,4500.0
428,1.1,10,6,750.0,4500.0
428,1.1,11,6,750.0,4500.0
428,1.1,12,6,750.0,4500.0
428,1.1,13,6,750.0,4500.0
428,1.1,14,6,750.0,4500.0
428,1.1,15,6,750.0,4500.0
428,1.1,16,6,750.0,4500.0
428,1.1,17,6,750.0,4500.0
428,1.1,18,6,750.0,4500.0
428,1.1,19,6,750.0,4500.0
428,1.1,20,6,750.0,4500.0
428,1.1,21,4,750.0,3000.0
428,1.1,22,3,750.0,2250.0
428,1.1,23,3,750.0,2250.0
430,1.1,0,0,750.0,0.0
430,1.1,1,0,750.0,0.0
430,1.1,4,4,750.0,3000.0
430,1.1,5,6,750.0,4500.0
430,1.1,6,6,750.0,4500.0
430,1.1,7,6,750.0,4500.0
430,1.1,8,6,750.0,4500.0
430,1.1,9,6,750.0,4500.0
430,1.1,10,6,750.0,4500.0
430,1.1,11,6,750.0,4500.0
430,1.1,12,6,750.0,4500.0
430,1.1,13,6,750.0,4500.0
430,1.1,14,6,750.0,4500.0
430,1.1,15,6,750.0,4500.0
430,1.1,16,6,750.0,4500.0
430,1.1,17,6,750.0,4500.0
430,1.1,18,6,750.0,4500.0
430,1.1,19,6,750.0,4500.0
430,1.1,20,6,750.0,4500.0
430,1.1,21,4,750.0,3000.0
430,1.1,22,3,750.0,2250.0
430,1.1,23,3,750.0,2250.0
432,1.1,0,0,750.0,0.0
432,1.1,1,0,750.0,0.0
432,1.1,4,4,750.0,3000.0
432,1.1,5,6,750.0,4500.0
432,1.1,6,6,750.0,4500.0
432,1.1,7,6,750.0,4500.0
432,1.1,8,6,750.0,4500.0
432,1.1,9,6,750.0,4500.0
432,1.1,10,6,750.0,4500.0
432,1.1,11,6,750.0,4500.0
432,1.1,12,6,750.0,4500.0
432,1.1,13,6,750.0,4500.0
432,1.1,14,6,750.0,4500.0
432,1.1,15,6,750.0,4500.0
432,1.1,16,6,750.0,4500.0
432,1.1,17,6,750.0,4500.0
432,1.1,18,6,750.0,4500.0
432,1.1,19,6,750.0,4500.0
432,1.1,20,6,750.0,4500.0
432,1.1,21,4,750.0,3000.0
432,1.1,22,3,750.0,2250.0
432,1.1,23,3,750.0,2250.0
434,1.1,0,0,750.0,0.0
434,1.1,1,0,750.0,0.0
434,1.1,4,4,750.0,3000.0
434,1.1,5,6,750.0,4500.0
434,1.1,6,6,750.0,4500.0
434,1.1,7,6,750.0,4500.0
434,1.1,8,6,750.0,4500.0
434,1.1,9,6,750.0,4500.0
434,1.1,10,6,750.0,4500.0
434,1.1,11,6,750.0,4500.0
434,1.1,12,6,750.0,4500.0
434,1.1,13,6,750.0,4500.0
434,1.1,14,6,750.0,4500.0
434,1.1,15,6,750.0,4500.0
434,1.1,16,6,750.0,4500.0
434,1.1,17,6,750.0,4500.0
434,1.1,18,6,750.0,4500.0
434,1.1,19,6,750.0,4500.0
434,1.1,20,6,750.0,4500.0
434,1.1,21,4,750.0,3000.0
434,1.1,22,3,750.0,2250.0
434,1.1,23,3,750.0,2250.0
436,1.1,0,0,750.0,0.0
436,1.1,1,0,750.0,0.0
436,1.1,4,4,750.0,3000.0
436,1.1,5,6,750.0,4500.0
436,1.1,6,6,750.0,4500.0
436,1.1,7,6,750.0,4500.0
436,1.1,8,6,750.0,4500.0
436,1.1,9,6,750.0,4500.0
436,1.1,10,6,750.0,4500.0
436,1.1,11,6,750.0,4500.0
436,1.1,12,6,750.0,4500.0
436,1.1,13,6,750.0,4500.0
436,1.1,14,6,750.0,4500.0
436,1.1,15,6,750.0,4500.0
436,1.1,16,6,750.0,4500.0
436,1.1,17,6,750.0,4500.0
436,1.1,18,6,750.0,4500.0
436,1.1,19,6,750.0,4500.0
436,1.1,20,6,750.0,4500.0
436,1.1,21,4,750.0,3000.0
436,1.1,22,3,750.0,2250.0
436,1.1,23,3,750.0,2250.0
438,1.1,0,0,750.0,0.0
438,1.1,1,0,750.0,0.0
438,1.1,4,4,750.0,3000.0
438,1.1,5,6,750.0,4500.0
438,1.1,6,6,750.0,4500.0
438,1.1,7,6,750.0,4500.0
438,1.1,8,6,750.0,4500.0
438,1.1,9,6,750.0,4500.0
438,1.1,10,6,750.0,4500.0
438,1.1,11,6,750.0,4500.0
438,1.1,12,6,750.0,4500.0
438,1.1,13,6,750.0,4500.0
438,1.1,14,6,750.0,4500.0
438,1.1,15,6,750.0,4500.0
438,1.1,16,6,750.0,4500.0
438,1.1,17,6,750.0,4500.0
438,1.1,18,6,750.0,4500.0
438,1.1,19,6,750.0,4500.0
438,1.1,20,6,750.0,4500.0
438,1.1,21,4,750.0,3000.0
438,1.1,22,3,750.0,2250.0
438,1.1,23,3,750.0,2250.0
440,1.1,0,0,750.0,0.0
440,1.1,1,0,750.0,0.0
440,1.1,4,4,750.0,3000.0
440,1.1,5,6,750.0,4500.0
440,1.1,6,6,750.0,4500.0
440,1.1,7,6,750.0,4500.0
440,1.1,8,6,750.0,4500.0
440,1.1,9,6,750.0,4500.0
440,1.1,10,6,750.0,4500.0
440,1.1,11,6,750.0,4500.0
440,1.1,12,6,750.0,4500.0
440,1.1,13,6,750.0,4500.0
440,1.1,14,6,750.0,4500.0
440,1.1,15,6,750.0,4500.0
440,1.1,16,6,750.0,4500.0
440,1.1,17,6,750.0,4500.0
440,1.1,18,6,750.0,4500.0
440,1.1,19,6,750.0,4500.0
440,1.1,20,6,750.0,4500.0
440,1.1,21,4,750.0,3000.0
440,1.1,22,3,750.0,2250.0
440,1.1,23,3,750.0,2250.0
442,1.1,0,0,750.0,0.0
442,1.1,1,0,750.0,0.0
442,1.1,4,4,750.0,3000.0
442,1.1,5,6,750.0,4500.0
442,1.1,6,6,750.0,4500.0
442,1.1,7,6,750.0,4500.0
442,1.1,8,6,750.0,4500.0
442,1.1,9,6,750.0,4500.0
442,1.1,10,6,750.0,4500.0
442,1.1,11,6,750.0,4500.0
442,1.1,12,6,750.0,4500.0
442,1.1,13,6,750.0,4500.0
442,1.1,14,6,750.0,4500.0
442,1.1,15,6,750.0,4500.0
442,1.1,16,6,750.0,4500.0
442,1.1,17,6,750.0,4500.0
442,1.1,18,6,750.0,4500.0
442,1.1,19,6,750.0,4500.0
442,1.1,20,6,750.0,4500.0
442,1.1,21,4,750.0,3000.0
442,1.1,22,3,750.0,2250.0
442,1.1,23,3,750.0,2250.0
444,1.1,0,0,750.0,0.0
444,1.1,1,0,750.0,0.0
444,1.1,4,4,750.0,3000.0
444,1.1,5,6,750.0,4500.0
444,1.1,6,6,750.0,4500.0
444,1.1,7,6,750.0,4500.0
444,1.1,8,6,750.0,4500.0
444,1.1,9,6,750.0,4500.0
444,1.1,10,6,750.0,4500.0
444,1.1,11,6,750.0,4500.0
444,1.1,12,6,750.0,4500.0
444,1.1,13,6,750.0,4500.0
444,1.1,14,6,750.0,4500.0
444,1.1,15,6,750.0,4500.0
444,1.1,16,6,750.0,4500.0
444,1.1,17,6,750.0,4500.0
444,1.1,18,6,750.0,4500.0
444,1.1,19,6,750.0,4500.0
444,1.1,20,6,750.0,4500.0
444,1.1,21,4,750.0,3000.0
444,1.1,22,3,750.0,2250.0
444,1.1,23,3,750.0,2250.0
446,1.1,0,0,750.0,0.0
446,1.1,1,0,750.0,0.0
446,1.1,4,4,750.0,3000.0
446,1.1,5,6,750.0,4500.0
446,1.1,6,6,750.0,4500.0
446,1.1,7,6,750.0,4500.0
446,1.1,8,6,750.0,4500.0
446,1.1,9,6,750.0,4500.0
446,1.1,10,6,750.0,4500.0
446,1.1,11,6,750.0,4500.0
446,1.1,12,6,750.0,4500.0
446,1.1,13,6,750.0,4500.0
446,1.1,14,6,750.0,4500.0
446,1.1,15,6,750.0,4500.0
446,1.1,16,6,750.0,4500.0
446,1.1,17,6,750.0,4500.0
446,1.1,18,6,750.0,4500.0
446,1.1,19,6,750.0,4500.0
446,1.1,20,6,750.0,4500.0
446,1.1,21,4,750.0,3000.0
446,1.1,22,3,750.0,2250.0
446,1.1,23,3,750.0,2250.0
448,1.1,0,0,750.0,0.0
448,1.1,1,0,750.0,0.0
448,1.1,4,4,750.0,3000.0
448,1.1,5,6,750.0,4500.0
448,1.1,6,6,750.0,4500.0
448,1.1,7,6,750.0,4500.0
448,1.1,8,6,750.0,4500.0
448,1.1,9,6,750.0,4500.0
448,1.1,10,6,750.0,4500.0
448,1.1,11,6,750.0,4500.0
448,1.1,12,6,750.0,4500.0
448,1.1,13,6,750.0,4500.0
448,1.1,14,6,750.0,4500.0
448,1.1,15,6,750.0,4500.0
448,1.1,16,6,750.0,4500.0
448,1.1,17,6,750.0,4500.0
448,1.1,18,6,750.0,4500.0
448,1.1,19,6,750.0,4500.0
448,1.1,20,6,750.0,4500.0
448,1.1,21,4,750.0,3000.0
448,1.1,22,3,750.0,2250.0
448,1.1,23,3,750.0,2250.0
450,1.1,0,0,750.0,0.0
450,1.1,1,0,750.0,0.0
450,1.1,4,4,750.0,3000.0
450,1.1,5,6,750.0,4500.0
450,1.1,6,6,750.0,4500.0
450,1.1,7,6,750.0,4500.0
450,1.1,8,6,750.0,4500.0
450,1.1,9,6,750.0,4500.0
450,1.1,10,6,750.0,4500.0
450,1.1,11,6,750.0,4500.0
450,1.1,12,6,750.0,4500.0
450,1.1,13,6,750.0,4500.0
450,1.1,14,6,750.0,4500.0
450,1.1,15,6,750.0,4500.0
450,1.1,16,6,750.0,4500.0
450,1.1,17,6,750.0,4500.0
450,1.1,18,6,750.0,4500.0
450,1.1,19,6,750.0,4500.0
450,1.1,20,6,750.0,4500.0
450,1.1,21,4,750.0,3000.0
450,1.1,22,3,750.0,2250.0
450,1.1,23,3,750.0,2250.0
452,1.1,0,0,750.0,0.0
452,1.1,1,0,750.0,0.0
452,1.1,4,4,750.0,3000.0
452,1.1,5,6,750.0,4500.0
452,1.1,6,6,750.0,4500.0
452,1.1,7,6,750.0,4500.0
452,1.1,8,6,750.0,4500.0
452,1.1,9,6,750.0,4500.0
452,1.1,10,6,750.0,4500.0
452,1.1,11,6,750.0,4500.0
452,1.1,12,6,750.0,4500.0
452,1.1,13,6,750.0,4500.0
452,1.1,14,6,750.0,4500.0
452,1.1,15,6,750.0,4500.0
452,1.1,16,6,750.0,4500.0
452,1.1,17,6,750.0,4500.0
452,1.1,18,6,750.0,4500.0
452,1.1,19,6,750.0,4500.0
452,1.1,20,6,750.0,4500.0
452,1.1,21,4,750.0,3000.0
452,1.1,22,3,750.0,2250.0
452,1.1,23,3,750.0,2250.0
454,1.1,0,0,750.0,0.0
454,1.1,1,0,750.0,0.0
454,1.1,4,4,750.0,3000.0
454,1.1,5,6,750.0,4500.0
454,1.1,6,6,750.0,4500.0
454,1.1,7,6,750.0,4500.0
454,1.1,8,6,750.0,4500.0
454,1.1,9,6,750.0,4500.0
454,1.1,10,6,750.0,4500.0
454,1.1,11,6,750.0,4500.0
454,1.1,12,6,750.0,4500.0
454,1.1,13,6,750.0,4500.0
454,1.1,14,6,750.0,4500.0
454,1.1,15,6,750.0,4500.0
454,1.1,16,6,750.0,4500.0
454,1.1,17,6,750.0,4500.0
454,1.1,18,6,750.0,4500.0
454,1.1,19,6,750.0,4500.0
454,1.1,20,6,750.0,4500.0
454,1.1,21,4,750.0,3000.0
454,1.1,22,3,750.0,2250.0
454,1.1,23,3,750.0,2250.0
456,1.1,0,0,750.0,0.0
456,1.1,1,0,750.0,0.0
456,1.1,4,4,750.0,3000.0
456,1.1,5,6,750.0,4500.0
456,1.1,6,6,750.0,4500.0
456,1.1,7,6,750.0,4500.0
456,1.1,8,6,750.0,4500.0
456,1.1,9,6,750.0,4500.0
456,1.1,10,6,750.0,4500.0
456,1.1,11,6,750.0,4500.0
456,1.1,12,6,750.0,4500.0
456,1.1,13,6,750.0,4500.0
456,1.1,14,6,750.0,4500.0
456,1.1,15,6,750.0,4500.0
456,1.1,16,6,750.0,4500.0
456,1.1,17,6,750.0,4500.0
456,1.1,18,6,750.0,4500.0
456,1.1,19,6,750.0,4500.0
456,1.1,20,6,750.0,4500.0
456,1.1,21,4,750.0,3000.0
456,1.1,22,3,750.0,2250.0
456,1.1,23,3,750.0,2250.0
458,1.1,0,0,750.0,0.0
458,1.1,1,0,750.0,0.0
458,1.1,4,4,750.0,3000.0
458,1.1,5,6,750.0,4500.0
458,1.1,6,6,750.0,4500.0
458,1.1,7,6,750.0,4500.0
458,1.1,8,6,750.0,4500.0
458,1.1,9,6,750.0,4500.0
458,1.1,10,6,750.0,4500.0
458,1.1,11,6,750.0,4500.0
458,1.1,12,6,750.0,4500.0
458,1.1,13,6,750.0,4500.0
458,1.1,14,6,750.0,4500.0
458,1.1,15,6,750.0,4500.0
458,1.1,16,6,750.0,4500.0
458,1.1,17,6,750.0,4500.0
458,1.1,18,6,750.0,4500.0
458,1.1,19,6,750.0,4500.0
458,1.1,20,6,750.0,4500.0
458,1.1,21,4,750.0,3000.0
458,1.1,22,3,750.0,2250.0
458,1.1,23,3,750.0,2250.0
460,1.1,0,0,750.0,0.0
460,1.1,1,0,750.0,0.0
460,1.1,4,4,750.0,3000.0
460,1.1,5,6,750.0,4500.0
460,1.1,6,6,750.0,4500.0
460,1.1,7,6,750.0,4500.0
460,1.1,8,6,750.0,4500.0
460,1.1,9,6,750.0,4500.0
460,1.1,10,6,750.0,4500.0
460,1.1,11,6,750.0,4500.0
460,1.1,12,6,750.0,4500.0
460,1.1,13,6,750.0,4500.0
460,1.1,14,6,750.0,4500.0
460,1.1,15,6,750.0,4500.0
460,1.1,16,6,750.0,4500.0
460,1.1,17,6,750.0,4500.0
460,1.1,18,6,750.0,4500.0
460,1.1,19,6,750.0,4500.0
460,1.1,20,6,750.0,4500.0
460,1.1,21,4,750.0,3000.0
460,1.1,22,3,750.0,2250.0
460,1.1,23,3,750.0,2250.0
462,1.1,0,0,750.0,0.0
462,1.1,1,0,750.0,0.0
462,1.1,4,4,750.0,3000.0
462,1.1,5,6,750.0,4500.0
462,1.1,6,6,750.0,4500.0
462,1.1,7,6,750.0,4500.0
462,1.1,8,6,750.0,4500.0
462,1.1,9,6,750.0,4500.0
462,1.1,10,6,750.0,4500.0
462,1.1,11,6,750.0,4500.0
462,1.1,12,6,750.0,4500.0
462,1.1,13,6,750.0,4500.0
462,1.1,14,6,750.0,4500.0
462,1.1,15,6,750.0,4500.0
462,1.1,16,6,750.0,4500.0
462,1.1,17,6,750.0,4500.0
462,1.1,18,6,750.0,4500.0
462,1.1,19,6,750.0,4500.0
462,1.1,20,6,750.0,4500.0
462,1.1,21,4,750.0,3000.0
462,1.1,22,3,750.0,2250.0
462,1.1,23,3,750.0,2250.0
464,1.1,0,0,750.0,0.0
464,1.1,1,0,750.0,0.0
464,1.1,4,4,750.0,3000.0
464,1.1,5,6,750.0,4500.0
464,1.1,6,6,750.0,4500.0
464,1.1,7,6,750.0,4500.0
464,1.1,8,6,750.0,4500.0
464,1.1,9,6,750.0,4500.0
464,1.1,10,6,750.0,4500.0
464,1.1,11,6,750.0,4500.0
464,1.1,12,6,750.0,4500.0
464,1.1,13,6,750.0,4500.0
464,1.1,14,6,750.0,4500.0
464,1.1,15,6,750.0,4500.0
464,1.1,16,6,750.0,4500.0
464,1.1,17,6,750.0,4500.0
464,1.1,18,6,750.0,4500.0
464,1.1,19,6,750.0,4500.0
464,1.1,20,6,750.0,4500.0
464,1.1,21,4,750.0,3000.0
464,1.1,22,3,750.0,2250.0
464,1.1,23,3,750.0,2250.0
466,1.1,0,0,750.0,0.0
466,1.1,1,0,750.0,0.0
466,1.1,4,4,750.0,3000.0
466,1.1,5,6,750.0,4500.0
466,1.1,6,6,750.0,4500.0
466,1.1,7,6,750.0,4500.0
466,1.1,8,6,750.0,4500.0
466,1.1,9,6,750.0,4500.0
466,1.1,10,6,750.0,4500.0
466,1.1,11,6,750.0,4500.0
466,1.1,12,6,750.0,4500.0
466,1.1,13,6,750.0,4500.0
466,1.1,14,6,750.0,4500.0
466,1.1,15,6,750.0,4500.0
466,1.1,16,6,750.0,4500.0
466,1.1,17,6,750.0,4500.0
466,1.1,18,6,750.0,4500.0
466,1.1,19,6,750.0,4500.0
466,1.1,20,6,750.0,4500.0
466,1.1,21,4,750.0,3000.0
466,1.1,22,3,750.0,2250.0
466,1.1,23,3,750.0,2250.0
468,1.1,0,0,750.0,0.0
468,1.1,1,0,750.0,0.0
468,1.1,4,4,750.0,3000.0
468,1.1,5,6,750.0,4500.0
468,1.1,6,6,750.0,4500.0
468,1.1,7,6,750.0,4500.0
468,1.1,8,6,750.0,4500.0
468,1.1,9,6,750.0,4500.0
468,1.1,10,6,750.0,4500.0
468,1.1,11,6,750.0,4500.0
468,1.1,12,6,750.0,4500.0
468,1.1,13,6,750.0,4500.0
468,1.1,14,6,750.0,4500.0
468,1.1,15,6,750.0,4500.0
468,1.1,16,6,750.0,4500.0
468,1.1,17,6,750.0,4500.0
468,1.1,18,6,750.0,4500.0
468,1.1,19,6,750.0,4500.0
468,1.1,20,6,750.0,4500.0
468,1.1,21,4,750.0,3000.0
468,1.1,22,3,750.0,2250.0
468,1.1,23,3,750.0,2250.0
470,1.1,0,0,750.0,0.0
470,1.1,1,0,750.0,0.0
470,1.1,4,4,750.0,3000.0
470,1.1,5,6,750.0,4500.0
470,1.1,6,6,750.0,4500.0
470,1.1,7,6,750.0,4500.0
470,1.1,8,6,750.0,4500.0
470,1.1,9,6,750.0,4500.0
470,1.1,10,6,750.0,4500.0
470,1.1,11,6,750.0,4500.0
470,1.1,12,6,750.0,4500.0
470,1.1,13,6,750.0,4500.0
470,1.1,14,6,750.0,4500.0
470,1.1,15,6,750.0,4500.0
470,1.1,16,6,750.0,4500.0
470,1.1,17,6,750.0,4500.0
470,1.1,18,6,750.0,4500.0
470,1.1,19,6,750.0,4500.0
470,1.1,20,6,750.0,4500.0
470,1.1,21,4,750.0,3000.0
470,1.1,22,3,750.0,2250.0
470,1.1,23,3,750.0,2250.0
472,1.1,0,0,750.0,0.0
472,1.1,1,0,750.0,0.0
472,1.1,4,4,750.0,3000.0
472,1.1,5,6,750.0,4500.0
472,1.1,6,6,750.0,4500.0
472,1.1,7,6,750.0,4500.0
472,1.1,8,6,750.0,4500.0
472,1.1,9,6,750.0,4500.0
472,1.1,10,6,750.0,4500.0
472,1.1,11,6,750.0,4500.0
472,1.1,12,6,750.0,4500.0
472,1.1,13,6,750.0,4500.0
472,1.1,14,6,750.0,4500.0
472,1.1,15,6,750.0,4500.0
472,1.1,16,6,750.0,4500.0
472,1.1,17,6,750.0,4500.0
472,1.1,18,6,750.0,4500.0
472,1.1,19,6,750.0,4500.0
472,1.1,20,6,750.0,4500.0
472,1.1,21,4,750.0,3000.0
472,1.1,22,3,750.0,2250.0
472,1.1,23,3,750.0,2250.0
474,1.1,0,0,750.0,0.0
474,1.1,1,0,750.0,0.0
474,1.1,4,4,750.0,3000.0
474,1.1,5,6,750.0,4500.0
474,1.1,6,6,750.0,4500.0
474,1.1,7,6,750.0,4500.0
474,1.1,8,6,750.0,4500.0
474,1.1,9,6,750.0,4500.0
474,1.1,10,6,750.0,4500.0
474,1.1,11,6,750.0,4500.0
474,1.1,12,6,750.0,4500.0
474,1.1,13,6,750.0,4500.0
474,1.1,14,6,750.0,4500.0
474,1.1,15,6,750.0,4500.0
474,1.1,16,6,750.0,4500.0
474,1.1,17,6,750.0,4500.0
474,1.1,18,6,750.0,4500.0
474,1.1,19,6,750.0,4500.0
474,1.1,20,6,750.0,4500.0
474,1.1,21,4,750.0,3000.0
474,1.1,22,3,750.0,2250.0
474,1.1,23,3,750.0,2250.0
476,1.1,0,0,750.0,0.0
476,1.1,1,0,750.0,0.0
476,1.1,4,4,750.0,3000.0
476,1.1,5,6,750.0,4500.0
476,1.1,6,6,750.0,4500.0
476,1.1,7,6,750.0,4500.0
476,1.1,8,6,750.0,4500.0
476,1.1,9,6,750.0,4500.0
476,1.1,10,6,750.0,4500.0
476,1.1,11,6,750.0,4500.0
476,1.1,12,6,750.0,4500.0
476,1.1,13,6,750.0,4500.0
476,1.1,14,6,750.0,4500.0
476,1.1,15,6,750.0,4500.0
476,1.1,16,6,750.0,4500.0
476,1.1,17,6,750.0,4500.0
476,1.1,18,6,750.0,4500.0
476,1.1,19,6,750.0,4500.0
476,1.1,20,6,750.0,4500.0
476,1.1,21,4,750.0,3000.0
476,1.1,22,3,750.0,2250.0
476,1.1,23,3,750.0,2250.0
478,1.1,0,0,750.0,0.0
478,1.1,1,0,750.0,0.0
478,1.1,4,4,750.0,3000.0
478,1.1,5,6,750.0,4500.0
478,1.1,6,6,750.0,4500.0
478,1.1,7,6,750.0,4500.0
478,1.1,8,6,750.0,4500.0
478,1.1,9,6,750.0,4500.0
478,1.1,10,6,750.0,4500.0
478,1.1,11,6,750.0,4500.0
478,1.1,12,6,750.0,4500.0
478,1.1,13,6,750.0,4500.0
478,1.1,14,6,750.0,4500.0
478,1.1,15,6,750.0,4500.0
478,1.1,16,6,750.0,4500.0
478,1.1,17,6,750.0,4500.0
478,1.1,18,6,750.0,4500.0
478,1.1,19,6,750.0,4500.0
478,1.1,20,6,750.0,4500.0
478,1.1,21,4,750.0,3000.0
478,1.1,22,3,750.0,2250.0
478,1.1,23,3,750.0,2250.0
480,1.1,0,0,750.0,0.0
480,1.1,1,0,750.0,0.0
480,1.1,4,4,750.0,3000.0
480,1.1,5,6,750.0,4500.0
480,1.1,6,6,750.0,4500.0
480,1.1,7,6,750.0,4500.0
480,1.1,8,6,750.0,4500.0
480,1.1,9,6,750.0,4500.0
480,1.1,10,6,750.0,4500.0
480,1.1,11,6,750.0,4500.0
480,1.1,12,6,750.0,4500.0
480,1.1,13,6,750.0,4500.0
480,1.1,14,6,750.0,4500.0
480,1.1,15,6,750.0,4500.0
480,1.1,16,6,750.0,4500.0
480,1.1,17,6,750.0,4500.0
480,1.1,18,6,750.0,4500.0
480,1.1,19,6,750.0,4500.0
480,1.1,20,6,750.0,4500.0
480,1.1,21,4,750.0,3000.0
480,1.1,22,3,750.0,2250.0
480,1.1,23,3,750.0,2250.0
482,1.1,0,0,750.0,0.0
482,1.1,1,0,750.0,0.0
482,1.1,4,4,750.0,3000.0
482,1.1,5,6,750.0,4500.0
482,1.1,6,6,750.0,4500.0
482,1.1,7,6,750.0,4500.0
482,1.1,8,6,750.0,4500.0
482,1.1,9,6,750.0,4500.0
482,1.1,10,6,750.0,4500.0
482,1.1,11,6,750.0,4500.0
482,1.1,12,6,750.0,4500.0
482,1.1,13,6,750.0,4500.0
482,1.1,14,6,750.0,4500.0
482,1.1,15,6,750.0,4500.0
482,1.1,16,6,750.0,4500.0
482,1.1,17,6,750.0,4500.0
482,1.1,18,6,750.0,4500.0
482,1.1,19,6,750.0,4500.0
482,1.1,20,6,750.0,4500.0
482,1.1,21,4,750.0,3000.0
482,1.1,22,3,750.0,2250.0
482,1.1,23,3,750.0,2250.0
484,1.1,0,0,750.0,0.0
484,1.1,1,0,750.0,0.0
484,1.1,4,4,750.0,3000.0
484,1.1,5,6,750.0,4500.0
484,1.1,6,6,750.0,4500.0
484,1.1,7,6,750.0,4500.0
484,1.1,8,6,750.0,4500.0
484,1.1,9,6,750.0,4500.0
484,1.1,10,6,750.0,4500.0
484,1.1,11,6,750.0,4500.0
484,1.1,12,6,750.0,4500.0
484,1.1,13,6,750.0,4500.0
484,1.1,14,6,750.0,4500.0
484,1.1,15,6,750.0,4500.0
484,1.1,16,6,750.0,4500.0
484,1.1,17,6,750.0,4500.0
484,1.1,18,6,750.0,4500.0
484,1.1,19,6,750.0,4500.0
484,1.1,20,6,750.0,4500.0
484,1.1,21,4,750.0,3000.0
484,1.1,22,3,750.0,2250.0
484,1.1,23,3,750.0,2250.0
486,1.1,0,0,750.0,0.0
486,1.1,1,0,750.0,0.0
486,1.1,4,4,750.0,3000.0
486,1.1,5,6,750.0,4500.0
486,1.1,6,6,750.0,4500.0
486,1.1,7,6,750.0,4500.0
486,1.1,8,6,750.0,4500.0
486,1.1,9,6,750.0,4500.0
486,1.1,10,6,750.0,4500.0
486,1.1,11,6,750.0,4500.0
486,1.1,12,6,750.0,4500.0
486,1.1,13,6,750.0,4500.0
486,1.1,14,6,750.0,4500.0
486,1.1,15,6,750.0,4500.0
486,1.1,16,6,750.0,4500.0
486,1.1,17,6,750.0,4500.0
486,1.1,18,6,750.0,4500.0
486,1.1,19,6,750.0,4500.0
486,1.1,20,6,750.0,4500.0
486,1.1,21,4,750.0,3000.0
486,1.1,22,3,750.0,2250.0
486,1.1,23,3,750.0,2250.0
488,1.1,0,0,750.0,0.0
488,1.1,1,0,750.0,0.0
488,1.1,4,4,750.0,3000.0
488,1.1,5,6,750.0,4500.0
488,1.1,6,6,750.0,4500.0
488,1.1,7,6,750.0,4500.0
488,1.1,8,6,750.0,4500.0
488,1.1,9,6,750.0,4500.0
488,1.1,10,6,750.0,4500.0
488,1.1,11,6,750.0,4500.0
488,1.1,12,6,750.0,4500.0
488,1.1,13,6,750.0,4500.0
488,1.1,14,6,750.0,4500.0
488,1.1,15,6,750.0,4500.0
488,1.1,16,6,750.0,4500.0
488,1.1,17,6,750.0,4500.0
488,1.1,18,6,750.0,4500.0
488,1.1,19,6,750.0,4500.0
488,1.1,20,6,750.0,4500.0
488,1.1,21,4,750.0,3000.0
488,1.1,22,3,750.0,2250.0
488,1.1,23,3,750.0,2250.0
490,1.1,0,0,750.0,0.0
490,1.1,1,0,750.0,0.0
490,1.1,4,4,750.0,3000.0
490,1.1,5,6,750.0,4500.0
490,1.1,6,6,750.0,4500.0
490,1.1,7,6,750.0,4500.0
490,1.1,8,6,750.0,4500.0
490,1.1,9,6,750.0,4500.0
490,1.1,10,6,750.0,4500.0
490,1.1,11,6,750.0,4500.0
490,1.1,12,6,750.0,4500.0
490,1.1,13,6,750.0,4500.0
490,1.1,14,6,750.0,4500.0
490,1.1,15,6,750.0,4500.0
490,1.1,16,6,750.0,4500.0
490,1.1,17,6,750.0,4500.0
490,1.1,18,6,750.0,4500.0
490,1.1,19,6,750.0,4500.0
490,1.1,20,6,750.0,4500.0
490,1.1,21,4,750.0,3000.0
490,1.1,22,3,750.0,2250.0
490,1.1,23,3,750.0,2250.0
492,1.1,0,0,750.0,0.0
492,1.1,1,0,750.0,0.0
492,1.1,4,4,750.0,3000.0
492,1.1,5,6,750.0,4500.0
492,1.1,6,6,750.0,4500.0
492,1.1,7,6,750.0,4500.0
492,1.1,8,6,750.0,4500.0
492,1.1,9,6,750.0,4500.0
492,1.1,10,6,750.0,4500.0
492,1.1,11,6,750.0,4500.0
492,1.1,12,6,750.0,4500.0
492,1.1,13,6,750.0,4500.0
492,1.1,14,6,750.0,4500.0
492,1.1,15,6,750.0,4500.0
492,1.1,16,6,750.0,4500.0
492,1.1,17,6,750.0,4500.0
492,1.1,18,6,750.0,4500.0
492,1.1,19,6,750.0,4500.0
492,1.1,20,6,750.0,4500.0
492,1.1,21,4,750.0,3000.0
492,1.1,22,3,750.0,2250.0
492,1.1,23,3,750.0,2250.0
494,1.1,0,0,750.0,0.0
494,1.1,1,0,750.0,0.0
494,1.1,4,4,750.0,3000.0
494,1.1,5,6,750.0,4500.0
494,1.1,6,6,750.0,4500.0
494,1.1,7,6,750.0,4500.0
494,1.1,8,6,750.0,4500.0
494,1.1,9,6,750.0,4500.0
494,1.1,10,6,750.0,4500.0
494,1.1,11,6,750.0,4500.0
494,1.1,12,6,750.0,4500.0
494,1.1,13,6,750.0,4500.0
494,1.1,14,6,750.0,4500.0
494,1.1,15,6,750.0,4500.0
494,1.1,16,6,750.0,4500.0
494,1.1,17,6,750.0,4500.0
494,1.1,18,6,750.0,4500.0
494,1.1,19,6,750.0,4500.0
494,1.1,20,6,750.0,4500.0
494,1.1,21,4,750.0,3000.0
494,1.1,22,3,750.0,2250.0
494,1.1,23,3,750.0,2250.0
496,1.1,0,0,750.0,0.0
496,1.1,1,0,750.0,0.0
496,1.1,4,4,750.0,3000.0
496,1.1,5,6,750.0,4500.0
496,1.1,6,6,750.0,4500.0
496,1.1,7,6,750.0,4500.0
496,1.1,8,6,750.0,4500.0
496,1.1,9,6,750.0,4500.0
496,1.1,10,6,750.0,4500.0
496,1.1,11,6,750.0,4500.0
496,1.1,12,6,750.0,4500.0
496,1.1,13,6,750.0,4500.0
496,1.1,14,6,750.0,4500.0
496,1.1,15,6,750.0,4500.0
496,1.1,16,6,750.0,4500.0
496,1.1,17,6,750.0,4500.0
496,1.1,18,6,750.0,4500.0
496,1.1,19,6,750.0,4500.0
496,1.1,20,6,750.0,4500.0
496,1.1,21,4,750.0,3000.0
496,1.1,22,3,750.0,2250.0
496,1.1,23,3,750.0,2250.0
498,1.1,0,0,750.0,0.0
498,1.1,1,0,750.0,0.0
498,1.1,4,4,750.0,3000.0
498,1.1,5,6,750.0,4500.0
498,1.1,6,6,750.0,4500.0
498,1.1,7,6,750.0,4500.0
498,1.1,8,6,750.0,4500.0
498,1.1,9,6,750.0,4500.0
498,1.1,10,6,750.0,4500.0
498,1.1,11,6,750.0,4500.0
498,1.1,12,6,750.0,4500.0
498,1.1,13,6,750.0,4500.0
498,1.1,14,6,750.0,4500.0
498,1.1,15,6,750.0,4500.0
498,1.1,16,6,750.0,4500.0
498,1.1,17,6,750.0,4500.0
498,1.1,18,6,750.0,4500.0
498,1.1,19,6,750.0,4500.0
498,1.1,20,6,750.0,4500.0
498,1.1,21,4,750.0,3000.0
498,1.1,22,3,750.0,2250.0
498,1.1,23,3,750.0,2250.0
500,1.1,0,0,750.0,0.0
500,1.1,1,0,750.0,0.0
500,1.1,4,4,750.0,3000.0
500,1.1,5,6,750.0,4500.0
500,1.1,6,6,750.0,4500.0
500,1.1,7,6,750.0,4500.0
500,1.1,8,6,750.0,4500.0
500,1.1,9,6,750.0,4500.0
500,1.1,10,6,750.0,4500.0
500,1.1,11,6,750.0,4500.0
500,1.1,12,6,750.0,4500.0
500,1.1,13,6,750.0,4500.0
500,1.1,14,6,750.0,4500.0
500,1.1,15,6,750.0,4500.0
500,1.1,16,6,750.0,4500.0
500,1.1,17,6,750.0,4500.0
500,1.1,18,6,750.0,4500.0
500,1.1,19,6,750.0,4500.0
500,1.1,20,6,750.0,4500.0
500,1.1,21,4,750.0,3000.0
500,1.1,22,3,750.0,2250.0
500,1.1,23,3,750.0,2250.0
502,1.1,0,0,750.0,0.0
502,1.1,1,0,750.0,0.0
502,1.1,4,4,750.0,3000.0
502,1.1,5,6,750.0,4500.0
502,1.1,6,6,750.0,4500.0
502,1.1,7,6,750.0,4500.0
502,1.1,8,6,750.0,4500.0
502,1.1,9,6,750.0,4500.0
502,1.1,10,6,750.0,4500.0
502,1.1,11,6,750.0,4500.0
502,1.1,12,6,750.0,4500.0
502,1.1,13,6,750.0,4500.0
502,1.1,14,6,750.0,4500.0
502,1.1,15,6,750.0,4500.0
502,1.1,16,6,750.0,4500.0
502,1.1,17,6,750.0,4500.0
502,1.1,18,6,750.0,4500.0
502,1.1,19,6,750.0,4500.0
502,1.1,20,6,750.0,4500.0
502,1.1,21,4,750.0,3000.0
502,1.1,22,3,750.0,2250.0
502,1.1,23,3,750.0,2250.0
504,1.1,0,0,750.0,0.0
504,1.1,1,0,750.0,0.0
504,1.1,4,4,750.0,3000.0
504,1.1,5,6,750.0,4500.0
504,1.1,6,6,750.0,4500.0
504,1.1,7,6,750.0,4500.0
504,1.1,8,6,750.0,4500.0
504,1.1,9,6,750.0,4500.0
504,1.1,10,6,750.0,4500.0
504,1.1,11,6,750.0,4500.0
504,1.1,12,6,750.0,4500.0
504,1.1,13,6,750.0,4500.0
504,1.1,14,6,750.0,4500.0
504,1.1,15,6,750.0,4500.0
504,1.1,16,6,750.0,4500.0
504,1.1,17,6,750.0,4500.0
504,1.1,18,6,750.0,4500.0
504,1.1,19,6,750.0,4500.0
504,1.1,20,6,750.0,4500.0
504,1.1,21,4,750.0,3000.0
504,1.1,22,3,750.0,2250.0
504,1.1,23,3,750.0,2250.0
506,1.1,0,0,750.0,0.0
506,1.1,1,0,750.0,0.0
506,1.1,4,4,750.0,3000.0
506,1.1,5,6,750.0,4500.0
506,1.1,6,6,750.0,4500.0
506,1.1,7,6,750.0,4500.0
506,1.1,8,6,750.0,4500.0
506,1.1,9,6,750.0,4500.0
506,1.1,10,6,750.0,4500.0
506,1.1,11,6,750.0,4500.0
506,1.1,12,6,750.0,4500.0
506,1.1,13,6,750.0,4500.0
506,1.1,14,6,750.0,4500.0
506,1.1,15,6,750.0,4500.0
506,1.1,16,6,750.0,4500.0
506,1.1,17,6,750.0,4500.0
506,1.1,18,6,750.0,4500.0
506,1.1,19,6,750.0,4500.0
506,1.1,20,6,750.0,4500.0
506,1.1,21,4,750.0,3000.0
506,1.1,22,3,750.0,2250.0
506,1.1,23,3,750.0,2250.0
511,1.1,0,0,750.0,0.0
511,1.1,1,0,750.0,0.0
511,1.1,4,4,750.0,3000.0
511,1.1,5,6,750.0,4500.0
511,1.1,6,6,750.0,4500.0
511,1.1,7,6,750.0,4500.0
511,1.1,8,6,750.0,4500.0
511,1.1,9,6,750.0,4500.0
511,1.1,10,6,750.0,4500.0
511,1.1,11,6,750.0,4500.0
511,1.1,12,6,750.0,4500.0
511,1.1,13,6,750.0,4500.0
511,1.1,14,6,750.0,4500.0
511,1.1,15,6,750.0,4500.0
511,1.1,16,6,750.0,4500.0
511,1.1,17,6,750.0,4500.0
511,1.1,18,6,750.0,4500.0
511,1.1,19,6,750.0,4500.0
511,1.1,20,6,750.0,4500.0
511,1.1,21,4,750.0,3000.0
511,1.1,22,3,750.0,2250.0
511,1.1,23,3,750.0,2250.0
513,1.1,0,0,750.0,0.0
513,1.1,1,0,750.0,0.0
513,1.1,4,4,750.0,3000.0
513,1.1,5,6,750.0,4500.0
513,1.1,6,6,750.0,4500.0
513,1.1,7,6,750.0,4500.0
513,1.1,8,6,750.0,4500.0
513,1.1,9,6,750.0,4500.0
513,1.1,10,6,750.0,4500.0
513,1.1,11,6,750.0,4500.0
513,1.1,12,6,750.0,4500.0
513,1.1,13,6,750.0,4500.0
513,1.1,14,6,750.0,4500.0
513,1.1,15,6,750.0,4500.0
513,1.1,16,6,750.0,4500.0
513,1.1,17,6,750.0,4500.0
513,1.1,18,6,750.0,4500.0
513,1.1,19,6,750.0,4500.0
513,1.1,20,6,750.0,4500.0
513,1.1,21,4,750.0,3000.0
513,1.1,22,3,750.0,2250.0
513,1.1,23,3,750.0,2250.0
515,1.1,0,0,750.0,0.0
515,1.1,1,0,750.0,0.0
515,1.1,4,4,750.0,3000.0
515,1.1,5,6,750.0,4500.0
515,1.1,6,6,750.0,4500.0
515,1.1,7,6,750.0,4500.0
515,1.1,8,6,750.0,4500.0
515,1.1,9,6,750.0,4500.0
515,1.1,10,6,750.0,4500.0
515,1.1,11,6,750.0,4500.0
515,1.1,12,6,750.0,4500.0
515,1.1,13,6,750.0,4500.0
515,1.1,14,6,750.0,4500.0
515,1.1,15,6,750.0,4500.0
515,1.1,16,6,750.0,4500.0
515,1.1,17,6,750.0,4500.0
515,1.1,18,6,750.0,4500.0
515,1.1,19,6,750.0,4500.0
515,1.1,20,6,750.0,4500.0
515,1.1,21,4,750.0,3000.0
515,1.1,22,3,750.0,2250.0
515,1.1,23,3,750.0,2250.0
517,1.1,0,0,750.0,0.0
517,1.1,1,0,750.0,0.0
517,1.1,4,4,750.0,3000.0
517,1.1,5,6,750.0,4500.0
517,1.1,6,6,750.0,4500.0
517,1.1,7,6,750.0,4500.0
517,1.1,8,6,750.0,4500.0
517,1.1,9,6,750.0,4500.0
517,1.1,10,6,750.0,4500.0
517,1.1,11,6,750.0,4500.0
517,1.1,12,6,750.0,4500.0
517,1.1,13,6,750.0,4500.0
517,1.1,14,6,750.0,4500.0
517,1.1,15,6,750.0,4500.0
517,1.1,16,6,750.0,4500.0
517,1.1,17,6,750.0,4500.0
517,1.1,18,6,750.0,4500.0
517,1.1,19,6,750.0,4500.0
517,1.1,20,6,750.0,4500.0
517,1.1,21,4,750.0,3000.0
517,1.1,22,3,750.0,2250.0
517,1.1,23,3,750.0,2250.0
519,1.1,0,0,750.0,0.0
519,1.1,1,0,750.0,0.0
519,1.1,4,4,750.0,3000.0
519,1.1,5,6,750.0,4500.0
519,1.1,6,6,750.0,4500.0
519,1.1,7,6,750.0,4500.0
519,1.1,8,6,750.0,4500.0
519,1.1,9,6,750.0,4500.0
519,1.1,10,6,750.0,4500.0
519,1.1,11,6,750.0,4500.0
519,1.1,12,6,750.0,4500.0
519,1.1,13,6,750.0,4500.0
519,1.1,14,6,750.0,4500.0
519,1.1,15,6,750.0,4500.0
519,1.1,16,6,750.0,4500.0
519,1.1,17,6,750.0,4500.0
519,1.1,18,6,750.0,4500.0
519,1.1,19,6,750.0,4500.0
519,1.1,20,6,750.0,4500.0
519,1.1,21,4,750.0,3000.0
519,1.1,22,3,750.0,2250.0
519,1.1,23,3,750.0,2250.0
521,1.1,0,0,750.0,0.0
521,1.1,1,0,750.0,0.0
521,1.1,4,4,750.0,3000.0
521,1.1,5,6,750.0,4500.0
521,1.1,6,6,750.0,4500.0
521,1.1,7,6,750.0,4500.0
521,1.1,8,6,750.0,4500.0
521,1.1,9,6,750.0,4500.0
521,1.1,10,6,750.0,4500.0
521,1.1,11,6,750.0,4500.0
521,1.1,12,6,750.0,4500.0
521,1.1,13,6,750.0,4500.0
521,1.1,14,6,750.0,4500.0
521,1.1,15,6,750.0,4500.0
521,1.1,16,6,750.0,4500.0
521,1.1,17,6,750.0,4500.0
521,1.1,18,6,750.0,4500.0
521,1.1,19,6,750.0,4500.0
521,1.1,20,6,750.0,4500.0
521,1.1,21,4,750.0,3000.0
521,1.1,22,3,750.0,2250.0
521,1.1,23,3,750.0,2250.0
523,1.1,0,0,750.0,0.0
523,1.1,1,0,750.0,0.0
523,1.1,4,4,750.0,3000.0
523,1.1,5,6,750.0,4500.0
523,1.1,6,6,750.0,4500.0
523,1.1,7,6,750.0,4500.0
523,1.1,8,6,750.0,4500.0
523,1.1,9,6,750.0,4500.0
523,1.1,10,6,750.0,4500.0
523,1.1,11,6,750.0,4500.0
523,1.1,12,6,750.0,4500.0
523,1.1,13,6,750.0,4500.0
523,1.1,14,6,750.0,4500.0
523,1.1,15,6,750.0,4500.0
523,1.1,16,6,750.0,4500.0
523,1.1,17,6,750.0,4500.0
523,1.1,18,6,750.0,4500.0
523,1.1,19,6,750.0,4500.0
523,1.1,20,6,750.0,4500.0
523,1.1,21,4,750.0,3000.0
523,1.1,22,3,750.0,2250.0
523,1.1,23,3,750.0,2250.0
525,1.1,0,0,750.0,0.0
525,1.1,1,0,750.0,0.0
525,1.1,4,4,750.0,3000.0
525,1.1,5,6,750.0,4500.0
525,1.1,6,6,750.0,4500.0
525,1.1,7,6,750.0,4500.0
525,1.1,8,6,750.0,4500.0
525,1.1,9,6,750.0,4500.0
525,1.1,10,6,750.0,4500.0
525,1.1,11,6,750.0,4500.0
525,1.1,12,6,750.0,4500.0
525,1.1,13,6,750.0,4500.0
525,1.1,14,6,750.0,4500.0
525,1.1,15,6,750.0,4500.0
525,1.1,16,6,750.0,4500.0
525,1.1,17,6,750.0,4500.0
525,1.1,18,6,750.0,4500.0
525,1.1,19,6,750.0,4500.0
525,1.1,20,6,750.0,4500.0
525,1.1,21,4,750.0,3000.0
525,1.1,22,3,750.0,2250.0
525,1.1,23,3,750.0,2250.0
527,1.1,0,0,750.0,0.0
527,1.1,1,0,750.0,0.0
527,1.1,4,4,750.0,3000.0
527,1.1,5,6,750.0,4500.0
527,1.1,6,6,750.0,4500.0
527,1.1,7,6,750.0,4500.0
527,1.1,8,6,750.0,4500.0
527,1.1,9,6,750.0,4500.0
527,1.1,10,6,750.0,4500.0
527,1.1,11,6,750.0,4500.0
527,1.1,12,6,750.0,4500.0
527,1.1,13,6,750.0,4500.0
527,1.1,14,6,750.0,4500.0
527,1.1,15,6,750.0,4500.0
527,1.1,16,6,750.0,4500.0
527,1.1,17,6,750.0,4500.0
527,1.1,18,6,750.0,4500.0
527,1.1,19,6,750.0,4500.0
527,1.1,20,6,750.0,4500.0
527,1.1,21,4,750.0,3000.0
527,1.1,22,3,750.0,2250.0
527,1.1,23,3,750.0,2250.0
529,11.1,0,2,450.0,900.0
529,11.1,1,0,450.0,0.0
529,11.1,4,2,450.0,900.0
529,11.1,5,3,450.0,1350.0
529,11.1,6,3,450.0,1350.0
529,11.1,7,3,450.0,1350.0
529,11.1,8,3,450.0,1350.0
529,11.1,9,3,450.0,1350.0
529,11.1,10,3,450.0,1350.0
529,11.1,11,3,450.0,1350.0
529,11.1,12,3,450.0,1350.0
529,11.1,13,3,450.0,1350.0
529,11.1,14,3,450.0,1350.0
529,11.1,15,3,450.0,1350.0
529,11.1,16,3,450.0,1350.0
529,11.1,17,3,450.0,1350.0
529,11.1,18,3,450.0,1350.0
529,11.1,19,3,450.0,1350.0
529,11.1,20,3,450.0,1350.0
529,11.1,21,2,450.0,900.0
529,11.1,22,3,450.0,1350.0
529,11.1,23,3,450.0,1350.0
531,11.1,0,2,450.0,900.0
531,11.1,1,0,450.0,0.0
531,11.1,4,2,450.0,900.0
531,11.1,5,3,450.0,1350.0
531,11.1,6,3,450.0,1350.0
531,11.1,7,3,450.0,1350.0
531,11.1,8,3,450.0,1350.0
531,11.1,9,3,450.0,1350.0
531,11.1,10,3,450.0,1350.0
531,11.1,11,3,450.0,1350.0
531,11.1,12,3,450.0,1350.0
531,11.1,13,3,450.0,1350.0
531,11.1,14,3,450.0,1350.0
531,11.1,15,3,450.0,1350.0
531,11.1,16,3,450.0,1350.0
531,11.1,17,3,450.0,1350.0
531,11.1,18,3,450.0,1350.0
531,11.1,19,3,450.0,1350.0
531,11.1,20,3,450.0,1350.0
531,11.1,21,2,450.0,900.0
531,11.1,22,3,450.0,1350.0
531,11.1,23,3,450.0,1350.0
533,11.1,0,2,450.0,900.0
533,11.1,1,0,450.0,0.0
533,11.1,4,2,450.0,900.0
533,11.1,5,3,450.0,1350.0
533,11.1,6,3,450.0,1350.0
533,11.1,7,3,450.0,1350.0
533,11.1,8,3,450.0,1350.0
533,11.1,9,3,450.0,1350.0
533,11.1,10,3,450.0,1350.0
533,11.1,11,3,450.0,1350.0
533,11.1,12,3,450.0,1350.0
533,11.1,13,3,450.0,1350.0
533,11.1,14,3,450.0,1350.0
533,11.1,15,3,450.0,1350.0
533,11.1,16,3,450.0,1350.0
533,11.1,17,3,450.0,1350.0
533,11.1,18,3,450.0,1350.0
533,11.1,19,3,450.0,1350.0
533,11.1,20,3,450.0,1350.0
533,11.1,21,2,450.0,900.0
533,11.1,22,3,450.0,1350.0
533,11.1,23,3,450.0,1350.0
535,11.1,0,2,450.0,900.0
535,11.1,1,0,450.0,0.0
535,11.1,4,2,450.0,900.0
535,11.1,5,3,450.0,1350.0
535,11.1,6,3,450.0,1350.0
535,11.1,7,3,450.0,1350.0
535,11.1,8,3,450.0,1350.0
535,11.1,9,3,450.0,1350.0
535,11.1,10,3,450.0,1350.0
535,11.1,11,3,450.0,1350.0
535,11.1,12,3,450.0,1350.0
535,11.1,13,3,450.0,1350.0
535,11.1,14,3,450.0,1350.0
535,11.1,15,3,450.0,1350.0
535,11.1,16,3,450.0,1350.0
535,11.1,17,3,450.0,1350.0
535,11.1,18,3,450.0,1350.0
535,11.1,19,3,450.0,1350.0
535,11.1,20,3,450.0,1350.0
535,11.1,21,2,450.0,900.0
535,11.1,22,3,450.0,1350.0
535,11.1,23,3,450.0,1350.0
537,11.1,0,2,450.0,900.0
537,11.1,1,0,450.0,0.0
537,11.1,4,2,450.0,900.0
537,11.1,5,3,450.0,1350.0
537,11.1,6,3,450.0,1350.0
537,11.1,7,3,450.0,1350.0
537,11.1,8,3,450.0,1350.0
537,11.1,9,3,450.0,1350.0
537,11.1,10,3,450.0,1350.0
537,11.1,11,3,450.0,1350.0
537,11.1,12,3,450.0,1350.0
537,11.1,13,3,450.0,1350.0
537,11.1,14,3,450.0,1350.0
537,11.1,15,3,450.0,1350.0
537,11.1,16,3,450.0,1350.0
537,11.1,17,3,450.0,1350.0
537,11.1,18,3,450.0,1350.0
537,11.1,19,3,450.0,1350.0
537,11.1,20,3,450.0,1350.0
537,11.1,21,2,450.0,900.0
537,11.1,22,3,450.0,1350.0
537,11.1,23,3,450.0,1350.0
539,11.1,0,2,450.0,900.0
539,11.1,1,0,450.0,0.0
539,11.1,4,2,450.0,900.0
539,11.1,5,3,450.0,1350.0
539,11.1,6,3,450.0,1350.0
539,11.1,7,3,450.0,1350.0
539,11.1,8,3,450.0,1350.0
539,11.1,9,3,450.0,1350.0
539,11.1,10,3,450.0,1350.0
539,11.1,11,3,450.0,1350.0
539,11.1,12,3,450.0,1350.0
539,11.1,13,3,450.0,1350.0
539,11.1,14,3,450.0,1350.0
539,11.1,15,3,450.0,1350.0
539,11.1,16,3,450.0,1350.0
539,11.1,17,3,450.0,1350.0
539,11.1,18,3,450.0,1350.0
539,11.1,19,3,450.0,1350.0
539,11.1,20,3,450.0,1350.0
539,11.1,21,2,450.0,900.0
539,11.1,22,3,450.0,1350.0
539,11.1,23,3,450.0,1350.0
541,11.1,0,2,450.0,900.0
541,11.1,1,0,450.0,0.0
541,11.1,4,2,450.0,900.0
541,11.1,5,3,450.0,1350.0
541,11.1,6,3,450.0,1350.0
541,11.1,7,3,450.0,1350.0
541,11.1,8,3,450.0,1350.0
541,11.1,9,3,450.0,1350.0
541,11.1,10,3,450.0,1350.0
541,11.1,11,3,450.0,1350.0
541,11.1,12,3,450.0,1350.0
541,11.1,13,3,450.0,1350.0
541,11.1,14,3,450.0,1350.0
541,11.1,15,3,450.0,1350.0
541,11.1,16,3,450.0,1350.0
541,11.1,17,3,450.0,1350.0
541,11.1,18,3,450.0,1350.0
541,11.1,19,3,450.0,1350.0
541,11.1,20,3,450.0,1350.0
541,11.1,21,2,450.0,900.0
541,11.1,22,3,450.0,1350.0
541,11.1,23,3,450.0,1350.0
544,11.1,0,2,450.0,900.0
544,11.1,1,0,450.0,0.0
544,11.1,4,2,450.0,900.0
544,11.1,5,3,450.0,1350.0
544,11.1,6,3,450.0,1350.0
544,11.1,7,3,450.0,1350.0
544,11.1,8,3,450.0,1350.0
544,11.1,9,3,450.0,1350.0
544,11.1,10,3,450.0,1350.0
544,11.1,11,3,450.0,1350.0
544,11.1,12,3,450.0,1350.0
544,11.1,13,3,450.0,1350.0
544,11.1,14,3,450.0,1350.0
544,11.1,15,3,450.0,1350.0
544,11.1,16,3,450.0,1350.0
544,11.1,17,3,450.0,1350.0
544,11.1,18,3,450.0,1350.0
544,11.1,19,3,450.0,1350.0
544,11.1,20,3,450.0,1350.0
544,11.1,21,2,450.0,900.0
544,11.1,22,3,450.0,1350.0
544,11.1,23,3,450.0,1350.0
546,11.1,0,2,450.0,900.0
546,11.1,1,0,450.0,0.0
546,11.1,4,2,450.0,900.0
546,11.1,5,3,450.0,1350.0
546,11.1,6,3,450.0,1350.0
546,11.1,7,3,450.0,1350.0
546,11.1,8,3,450.0,1350.0
546,11.1,9,3,450.0,1350.0
546,11.1,10,3,450.0,1350.0
546,11.1,11,3,450.0,1350.0
546,11.1,12,3,450.0,1350.0
546,11.1,13,3,450.0,1350.0
546,11.1,14,3,450.0,1350.0
546,11.1,15,3,450.0,1350.0
546,11.1,16,3,450.0,1350.0
546,11.1,17,3,450.0,1350.0
546,11.1,18,3,450.0,1350.0
546,11.1,19,3,450.0,1350.0
546,11.1,20,3,450.0,1350.0
546,11.1,21,2,450.0,900.0
546,11.1,22,3,450.0,1350.0
546,11.1,23,3,450.0,1350.0
548,11.1,0,2,450.0,900.0
548,11.1,1,0,450.0,0.0
548,11.1,4,2,450.0,900.0
548,11.1,5,3,450.0,1350.0
548,11.1,6,3,450.0,1350.0
548,11.1,7,3,450.0,1350.0
548,11.1,8,3,450.0,1350.0
548,11.1,9,3,450.0,1350.0
548,11.1,10,3,450.0,1350.0
548,11.1,11,3,450.0,1350.0
548,11.1,12,3,450.0,1350.0
548,11.1,13,3,450.0,1350.0
548,11.1,14,3,450.0,1350.0
548,11.1,15,3,450.0,1350.0
548,11.1,16,3,450.0,1350.0
548,11.1,17,3,450.0,1350.0
548,11.1,18,3,450.0,1350.0
548,11.1,19,3,450.0,1350.0
548,11.1,20,3,450.0,1350.0
548,11.1,21,2,450.0,900.0
548,11.1,22,3,450.0,1350.0
548,11.1,23,3,450.0,1350.0
550,11.1,0,2,450.0,900.0
550,11.1,1,0,450.0,0.0
550,11.1,4,2,450.0,900.0
550,11.1,5,3,450.0,1350.0
550,11.1,6,3,450.0,1350.0
550,11.1,7,3,450.0,1350.0
550,11.1,8,3,450.0,1350.0
550,11.1,9,3,450.0,1350.0
550,11.1,10,3,450.0,1350.0
550,11.1,11,3,450.0,1350.0
550,11.1,12,3,450.0,1350.0
550,11.1,13,3,450.0,1350.0
550,11.1,14,3,450.0,1350.0
550,11.1,15,3,450.0,1350.0
550,11.1,16,3,450.0,1350.0
550,11.1,17,3,450.0,1350.0
550,11.1,18,3,450.0,1350.0
550,11.1,19,3,450.0,1350.0
550,11.1,20,3,450.0,1350.0
550,11.1,21,2,450.0,900.0
550,11.1,22,3,450.0,1350.0
550,11.1,23,3,450.0,1350.0
552,11.1,0,2,450.0,900.0
552,11.1,1,0,450.0,0.0
552,11.1,4,2,450.0,900.0
552,11.1,5,3,450.0,1350.0
552,11.1,6,3,450.0,1350.0
552,11.1,7,3,450.0,1350.0
552,11.1,8,3,450.0,1350.0
552,11.1,9,3,450.0,1350.0
552,11.1,10,3,450.0,1350.0
552,11.1,11,3,450.0,1350.0
552,11.1,12,3,450.0,1350.0
552,11.1,13,3,450.0,1350.0
552,11.1,14,3,450.0,1350.0
552,11.1,15,3,450.0,1350.0
552,11.1,16,3,450.0,1350.0
552,11.1,17,3,450.0,1350.0
552,11.1,18,3,450.0,1350.0
552,11.1,19,3,450.0,1350.0
552,11.1,20,3,450.0,1350.0
552,11.1,21,2,450.0,900.0
552,11.1,22,3,450.0,1350.0
552,11.1,23,3,450.0,1350.0
554,11.1,0,2,450.0,900.0
554,11.1,1,0,450.0,0.0
554,11.1,4,2,450.0,900.0
554,11.1,5,3,450.0,1350.0
554,11.1,6,3,450.0,1350.0
554,11.1,7,3,450.0,1350.0
554,11.1,8,3,450.0,1350.0
554,11.1,9,3,450.0,1350.0
554,11.1,10,3,450.0,1350.0
554,11.1,11,3,450.0,1350.0
554,11.1,12,3,450.0,1350.0
554,11.1,13,3,450.0,1350.0
554,11.1,14,3,450.0,1350.0
554,11.1,15,3,450.0,1350.0
554,11.1,16,3,450.0,1350.0
554,11.1,17,3,450.0,1350.0
554,11.1,18,3,450.0,1350.0
554,11.1,19,3,450.0,1350.0
554,11.1,20,3,450.0,1350.0
554,11.1,21,2,450.0,900.0
554,11.1,22,3,450.0,1350.0
554,11.1,23,3,450.0,1350.0
556,11.1,0,2,450.0,900.0
556,11.1,1,0,450.0,0.0
556,11.1,4,2,450.0,900.0
556,11.1,5,3,450.0,1350.0
556,11.1,6,3,450.0,1350.0
556,11.1,7,3,450.0,1350.0
556,11.1,8,3,450.0,1350.0
556,11.1,9,3,450.0,1350.0
556,11.1,10,3,450.0,1350.0
556,11.1,11,3,450.0,1350.0
556,11.1,12,3,450.0,1350.0
556,11.1,13,3,450.0,1350.0
556,11.1,14,3,450.0,1350.0
556,11.1,15,3,450.0,1350.0
556,11.1,16,3,450.0,1350.0
556,11.1,17,3,450.0,1350.0
556,11.1,18,3,450.0,1350.0
556,11.1,19,3,450.0,1350.0
556,11.1,20,3,450.0,1350.0
556,11.1,21,2,450.0,900.0
556,11.1,22,3,450.0,1350.0
556,11.1,23,3,450.0,1350.0
558,11.1,0,2,450.0,900.0
558,11.1,1,0,450.0,0.0
558,11.1,4,2,450.0,900.0
558,11.1,5,3,450.0,1350.0
558,11.1,6,3,450.0,1350.0
558,11.1,7,3,450.0,1350.0
558,11.1,8,3,450.0,1350.0
558,11.1,9,3,450.0,1350.0
558,11.1,10,3,450.0,1350.0
558,11.1,11,3,450.0,1350.0
558,11.1,12,3,450.0,1350.0
558,11.1,13,3,450.0,1350.0
558,11.1,14,3,450.0,1350.0
558,11.1,15,3,450.0,1350.0
558,11.1,16,3,450.0,1350.0
558,11.1,17,3,450.0,1350.0
558,11.1,18,3,450.0,1350.0
558,11.1,19,3,450.0,1350.0
558,11.1,20,3,450.0,1350.0
558,11.1,21,2,450.0,900.0
558,11.1,22,3,450.0,1350.0
558,11.1,23,3,450.0,1350.0
560,11.1,0,2,450.0,900.0
560,11.1,1,0,450.0,0.0
560,11.1,4,2,450.0,900.0
560,11.1,5,3,450.0,1350.0
560,11.1,6,3,450.0,1350.0
560,11.1,7,3,450.0,1350.0
560,11.1,8,3,450.0,1350.0
560,11.1,9,3,450.0,1350.0
560,11.1,10,3,450.0,1350.0
560,11.1,11,3,450.0,1350.0
560,11.1,12,3,450.0,1350.0
560,11.1,13,3,450.0,1350.0
560,11.1,14,3,450.0,1350.0
560,11.1,15,3,450.0,1350.0
560,11.1,16,3,450.0,1350.0
560,11.1,17,3,450.0,1350.0
560,11.1,18,3,450.0,1350.0
560,11.1,19,3,450.0,1350.0
560,11.1,20,3,450.0,1350.0
560,11.1,21,2,450.0,900.0
560,11.1,22,3,450.0,1350.0
560,11.1,23,3,450.0,1350.0
562,11.1,0,2,450.0,900.0
562,11.1,1,0,450.0,0.0
562,11.1,4,2,450.0,900.0
562,11.1,5,3,450.0,1350.0
562,11.1,6,3,450.0,1350.0
562,11.1,7,3,450.0,1350.0
562,11.1,8,3,450.0,1350.0
562,11.1,9,3,450.0,1350.0
562,11.1,10,3,450.0,1350.0
562,11.1,11,3,450.0,1350.0
562,11.1,12,3,450.0,1350.0
562,11.1,13,3,450.0,1350.0
562,11.1,14,3,450.0,1350.0
562,11.1,15,3,450.0,1350.0
562,11.1,16,3,450.0,1350.0
562,11.1,17,3,450.0,1350.0
562,11.1,18,3,450.0,1350.0
562,11.1,19,3,450.0,1350.0
562,11.1,20,3,450.0,1350.0
562,11.1,21,2,450.0,900.0
562,11.1,22,3,450.0,1350.0
562,11.1,23,3,450.0,1350.0
564,12.2,0,1,450.0,450.0
564,12.2,1,1,450.0,450.0
564,12.2,4,0,450.0,0.0
564,12.2,5,3,450.0,1350.0
564,12.2,6,3,450.0,1350.0
564,12.2,7,3,450.0,1350.0
564,12.2,8,3,450.0,1350.0
564,12.2,9,3,450.0,1350.0
564,12.2,10,3,450.0,1350.0
564,12.2,11,3,450.0,1350.0
564,12.2,12,3,450.0,1350.0
564,12.2,13,3,450.0,1350.0
564,12.2,14,3,450.0,1350.0
564,12.2,15,3,450.0,1350.0
564,12.2,16,3,450.0,1350.0
564,12.2,17,3,450.0,1350.0
564,12.2,18,3,450.0,1350.0
564,12.2,19,4,450.0,1800.0
564,12.2,20,3,450.0,1350.0
564,12.2,21,3,450.0,1350.0
564,12.2,22,3,450.0,1350.0
564,12.2,23,3,450.0,1350.0
566,12.2,0,1,450.0,450.0
566,12.2,1,1,450.0,450.0
566,12.2,4,0,450.0,0.0
566,12.2,5,3,450.0,1350.0
566,12.2,6,3,450.0,1350.0
566,12.2,7,3,450.0,1350.0
566,12.2,8,3,450.0,1350.0
566,12.2,9,3,450.0,1350.0
566,12.2,10,3,450.0,1350.0
566,12.2,11,3,450.0,1350.0
566,12.2,12,3,450.0,1350.0
566,12.2,13,3,450.0,1350.0
566,12.2,14,3,450.0,1350.0
566,12.2,15,3,450.0,1350.0
566,12.2,16,3,450.0,1350.0
566,12.2,17,3,450.0,1350.0
566,12.2,18,3,450.0,1350.0
566,12.2,19,4,450.0,1800.0
566,12.2,20,3,450.0,1350.0
566,12.2,21,3,450.0,1350.0
566,12.2,22,3,450.0,1350.0
566,12.2,23,3,450.0,1350.0
568,12.2,0,1,450.0,450.0
568,12.2,1,1,450.0,450.0
568,12.2,4,0,450.0,0.0
568,12.2,5,3,450.0,1350.0
568,12.2,6,3,450.0,1350.0
568,12.2,7,3,450.0,1350.0
568,12.2,8,3,450.0,1350.0
568,12.2,9,3,450.0,1350.0
568,12.2,10,3,450.0,1350.0
568,12.2,11,3,450.0,1350.0
568,12.2,12,3,450.0,1350.0
568,12.2,13,3,450.0,1350.0
568,12.2,14,3,450.0,1350.0
568,12.2,15,3,450.0,1350.0
568,12.2,16,3,450.0,1350.0
568,12.2,17,3,450.0,1350.0
568,12.2,18,3,450.0,1350.0
568,12.2,19,4,450.0,1800.0
568,12.2,20,3,450.0,1350.0
568,12.2,21,3,450.0,1350.0
568,12.2,22,3,450.0,1350.0
568,12.2,23,3,450.0,1350.0
570,12.2,0,1,450.0,450.0
570,12.2,1,1,450.0,450.0
570,12.2,4,0,450.0,0.0
570,12.2,5,3,450.0,1350.0
570,12.2,6,3,450.0,1350.0
570,12.2,7,3,450.0,1350.0
570,12.2,8,3,450.0,1350.0
570,12.2,9,3,450.0,1350.0
570,12.2,10,3,450.0,1350.0
570,12.2,11,3,450.0,1350.0
570,12.2,12,3,450.0,1350.0
570,12.2,13,3,450.0,1350.0
570,12.2,14,3,450.0,1350.0
570,12.2,15,3,450.0,1350.0
570,12.2,16,3,450.0,1350.0
570,12.2,17,3,450.0,1350.0
570,12.2,18,3,450.0,1350.0
570,12.2,19,4,450.0,1800.0
570,12.2,20,3,450.0,1350.0
570,12.2,21,3,450.0,1350.0
570,12.2,22,3,450.0,1350.0
570,12.2,23,3,450.0,1350.0
572,12.2,0,1,450.0,450.0
572,12.2,1,1,450.0,450.0
572,12.2,4,0,450.0,0.0
572,12.2,5,3,450.0,1350.0
572,12.2,6,3,450.0,1350.0
572,12.2,7,3,450.0,1350.0
572,12.2,8,3,450.0,1350.0
572,12.2,9,3,450.0,1350.0
572,12.2,10,3,450.0,1350.0
572,12.2,11,3,450.0,1350.0
572,12.2,12,3,450.0,1350.0
572,12.2,13,3,450.0,1350.0
572,12.2,14,3,450.0,1350.0
572,12.2,15,3,450.0,1350.0
572,12.2,16,3,450.0,1350.0
572,12.2,17,3,450.0,1350.0
572,12.2,18,3,450.0,1350.0
572,12.2,19,4,450.0,1800.0
572,12.2,20,3,450.0,1350.0
572,12.2,21,3,450.0,1350.0
572,12.2,22,3,450.0,1350.0
572,12.2,23,3,450.0,1350.0
574,12.2,0,1,450.0,450.0
574,12.2,1,1,450.0,450.0
574,12.2,4,0,450.0,0.0
574,12.2,5,3,450.0,1350.0
574,12.2,6,3,450.0,1350.0
574,12.2,7,3,450.0,1350.0
574,12.2,8,3,450.0,1350.0
574,12.2,9,3,450.0,1350.0
574,12.2,10,3,450.0,1350.0
574,12.2,11,3,450.0,1350.0
574,12.2,12,3,450.0,1350.0
574,12.2,13,3,450.0,1350.0
574,12.2,14,3,450.0,1350.0
574,12.2,15,3,450.0,1350.0
574,12.2,16,3,450.0,1350.0
574,12.2,17,3,450.0,1350.0
574,12.2,18,3,450.0,1350.0
574,12.2,19,4,450.0,1800.0
574,12.2,20,3,450.0,1350.0
574,12.2,21,3,450.0,1350.0
574,12.2,22,3,450.0,1350.0
574,12.2,23,3,450.0,1350.0
576,12.2,0,1,450.0,450.0
576,12.2,1,1,450.0,450.0
576,12.2,4,0,450.0,0.0
576,12.2,5,3,450.0,1350.0
576,12.2,6,3,450.0,1350.0
576,12.2,7,3,450.0,1350.0
576,12.2,8,3,450.0,1350.0
576,12.2,9,3,450.0,1350.0
576,12.2,10,3,450.0,1350.0
576,12.2,11,3,450.0,1350.0
576,12.2,12,3,450.0,1350.0
576,12.2,13,3,450.0,1350.0
576,12.2,14,3,450.0,1350.0
576,12.2,15,3,450.0,1350.0
576,12.2,16,3,450.0,1350.0
576,12.2,17,3,450.0,1350.0
576,12.2,18,3,450.0,1350.0
576,12.2,19,4,450.0,1800.0
576,12.2,20,3,450.0,1350.0
576,12.2,21,3,450.0,1350.0
576,12.2,22,3,450.0,1350.0
576,12.2,23,3,450.0,1350.0
578,12.2,0,1,450.0,450.0
578,12.2,1,1,450.0,450.0
578,12.2,4,0,450.0,0.0
578,12.2,5,3,450.0,1350.0
578,12.2,6,3,450.0,1350.0
578,12.2,7,3,450.0,1350.0
578,12.2,8,3,450.0,1350.0
578,12.2,9,3,450.0,1350.0
578,12.2,10,3,450.0,1350.0
578,12.2,11,3,450.0,1350.0
578,12.2,12,3,450.0,1350.0
578,12.2,13,3,450.0,1350.0
578,12.2,14,3,450.0,1350.0
578,12.2,15,3,450.0,1350.0
578,12.2,16,3,450.0,1350.0
578,12.2,17,3,450.0,1350.0
578,12.2,18,3,450.0,1350.0
578,12.2,19,4,450.0,1800.0
578,12.2,20,3,450.0,1350.0
578,12.2,21,3,450.0,1350.0
578,12.2,22,3,450.0,1350.0
578,12.2,23,3,450.0,1350.0
581,12.2,0,1,450.0,450.0
581,12.2,1,1,450.0,450.0
581,12.2,4,0,450.0,0.0
581,12.2,5,3,450.0,1350.0
581,12.2,6,3,450.0,1350.0
581,12.2,7,3,450.0,1350.0
581,12.2,8,3,450.0,1350.0
581,12.2,9,3,450.0,1350.0
581,12.2,10,3,450.0,1350.0
581,12.2,11,3,450.0,1350.0
581,12.2,12,3,450.0,1350.0
581,12.2,13,3,450.0,1350.0
581,12.2,14,3,450.0,1350.0
581,12.2,15,3,450.0,1350.0
581,12.2,16,3,450.0,1350.0
581,12.2,17,3,450.0,1350.0
581,12.2,18,3,450.0,1350.0
581,12.2,19,4,450.0,1800.0
581,12.2,20,3,450.0,1350.0
581,12.2,21,3,450.0,1350.0
581,12.2,22,3,450.0,1350.0
581,12.2,23,3,450.0,1350.0
583,12.2,0,1,450.0,450.0
583,12.2,1,1,450.0,450.0
583,12.2,4,0,450.0,0.0
583,12.2,5,3,450.0,1350.0
583,12.2,6,3,450.0,1350.0
583,12.2,7,3,450.0,1350.0
583,12.2,8,3,450.0,1350.0
583,12.2,9,3,450.0,1350.0
583,12.2,10,3,450.0,1350.0
583,12.2,11,3,450.0,1350.0
583,12.2,12,3,450.0,1350.0
583,12.2,13,3,450.0,1350.0
583,12.2,14,3,450.0,1350.0
583,12.2,15,3,450.0,1350.0
583,12.2,16,3,450.0,1350.0
583,12.2,17,3,450.0,1350.0
583,12.2,18,3,450.0,1350.0
583,12.2,19,4,450.0,1800.0
583,12.2,20,3,450.0,1350.0
583,12.2,21,3,450.0,1350.0
583,12.2,22,3,450.0,1350.0
583,12.2,23,3,450.0,1350.0
585,12.2,0,1,450.0,450.0
585,12.2,1,1,450.0,450.0
585,12.2,4,0,450.0,0.0
585,12.2,5,3,450.0,1350.0
585,12.2,6,3,450.0,1350.0
585,12.2,7,3,450.0,1350.0
585,12.2,8,3,450.0,1350.0
585,12.2,9,3,450.0,1350.0
585,12.2,10,3,450.0,1350.0
585,12.2,11,3,450.0,1350.0
585,12.2,12,3,450.0,1350.0
585,12.2,13,3,450.0,1350.0
585,12.2,14,3,450.0,1350.0
585,12.2,15,3,450.0,1350.0
585,12.2,16,3,450.0,1350.0
585,12.2,17,3,450.0,1350.0
585,12.2,18,3,450.0,1350.0
585,12.2,19,4,450.0,1800.0
585,12.2,20,3,450.0,1350.0
585,12.2,21,3,450.0,1350.0
585,12.2,22,3,450.0,1350.0
585,12.2,23,3,450.0,1350.0
587,12.2,0,1,450.0,450.0
587,12.2,1,1,450.0,450.0
587,12.2,4,0,450.0,0.0
587,12.2,5,3,450.0,1350.0
587,12.2,6,3,450.0,1350.0
587,12.2,7,3,450.0,1350.0
587,12.2,8,3,450.0,1350.0
587,12.2,9,3,450.0,1350.0
587,12.2,10,3,450.0,1350.0
587,12.2,11,3,450.0,1350.0
587,12.2,12,3,450.0,1350.0
587,12.2,13,3,450.0,1350.0
587,12.2,14,3,450.0,1350.0
587,12.2,15,3,450.0,1350.0
587,12.2,16,3,450.0,1350.0
587,12.2,17,3,450.0,1350.0
587,12.2,18,3,450.0,1350.0
587,12.2,19,4,450.0,1800.0
587,12.2,20,3,450.0,1350.0
587,12.2,21,3,450.0,1350.0
587,12.2,22,3,450.0,1350.0
587,12.2,23,3,450.0,1350.0
589,12.2,0,1,450.0,450.0
589,12.2,1,1,450.0,450.0
589,12.2,4,0,450.0,0.0
589,12.2,5,3,450.0,1350.0
589,12.2,6,3,450.0,1350.0
589,12.2,7,3,450.0,1350.0
589,12.2,8,3,450.0,1350.0
589,12.2,9,3,450.0,1350.0
589,12.2,10,3,450.0,1350.0
589,12.2,11,3,450.0,1350.0
589,12.2,12,3,450.0,1350.0
589,12.2,13,3,450.0,1350.0
589,12.2,14,3,450.0,1350.0
589,12.2,15,3,450.0,1350.0
589,12.2,16,3,450.0,1350.0
589,12.2,17,3,450.0,1350.0
589,12.2,18,3,450.0,1350.0
589,12.2,19,4,450.0,1800.0
589,12.2,20,3,450.0,1350.0
589,12.2,21,3,450.0,1350.0
589,12.2,22,3,450.0,1350.0
589,12.2,23,3,450.0,1350.0
591,12.2,0,1,450.0,450.0
591,12.2,1,1,450.0,450.0
591,12.2,4,0,450.0,0.0
591,12.2,5,3,450.0,1350.0
591,12.2,6,3,450.0,1350.0
591,12.2,7,3,450.0,1350.0
591,12.2,8,3,450.0,1350.0
591,12.2,9,3,450.0,1350.0
591,12.2,10,3,450.0,1350.0
591,12.2,11,3,450.0,1350.0
591,12.2,12,3,450.0,1350.0
591,12.2,13,3,450.0,1350.0
591,12.2,14,3,450.0,1350.0
591,12.2,15,3,450.0,1350.0
591,12.2,16,3,450.0,1350.0
591,12.2,17,3,450.0,1350.0
591,12.2,18,3,450.0,1350.0
591,12.2,19,4,450.0,1800.0
591,12.2,20,3,450.0,1350.0
591,12.2,21,3,450.0,1350.0
591,12.2,22,3,450.0,1350.0
591,12.2,23,3,450.0,1350.0
593,12.2,0,1,450.0,450.0
593,12.2,1,1,450.0,450.0
593,12.2,4,0,450.0,0.0
593,12.2,5,3,450.0,1350.0
593,12.2,6,3,450.0,1350.0
593,12.2,7,3,450.0,1350.0
593,12.2,8,3,450.0,1350.0
593,12.2,9,3,450.0,1350.0
593,12.2,10,3,450.0,1350.0
593,12.2,11,3,450.0,1350.0
593,12.2,12,3,450.0,1350.0
593,12.2,13,3,450.0,1350.0
593,12.2,14,3,450.0,1350.0
593,12.2,15,3,450.0,1350.0
593,12.2,16,3,450.0,1350.0
593,12.2,17,3,450.0,1350.0
593,12.2,18,3,450.0,1350.0
593,12.2,19,4,450.0,1800.0
593,12.2,20,3,450.0,1350.0
593,12.2,21,3,450.0,1350.0
593,12.2,22,3,450.0,1350.0
593,12.2,23,3,450.0,1350.0
595,12.2,0,1,450.0,450.0
595,12.2,1,1,450.0,450.0
595,12.2,4,0,450.0,0.0
595,12.2,5,3,450.0,1350.0
595,12.2,6,3,450.0,1350.0
595,12.2,7,3,450.0,1350.0
595,12.2,8,3,450.0,1350.0
595,12.2,9,3,450.0,1350.0
595,12.2,10,3,450.0,1350.0
595,12.2,11,3,450.0,1350.0
595,12.2,12,3,450.0,1350.0
595,12.2,13,3,450.0,1350.0
595,12.2,14,3,450.0,1350.0
595,12.2,15,3,450.0,1350.0
595,12.2,16,3,450.0,1350.0
595,12.2,17,3,450.0,1350.0
595,12.2,18,3,450.0,1350.0
595,12.2,19,4,450.0,1800.0
595,12.2,20,3,450.0,1350.0
595,12.2,21,3,450.0,1350.0
595,12.2,22,3,450.0,1350.0
595,12.2,23,3,450.0,1350.0
597,12.2,0,1,450.0,450.0
597,12.2,1,1,450.0,450.0
597,12.2,4,0,450.0,0.0
597,12.2,5,3,450.0,1350.0
597,12.2,6,3,450.0,1350.0
597,12.2,7,3,450.0,1350.0
597,12.2,8,3,450.0,1350.0
597,12.2,9,3,450.0,1350.0
597,12.2,10,3,450.0,1350.0
597,12.2,11,3,450.0,1350.0
597,12.2,12,3,450.0,1350.0
597,12.2,13,3,450.0,1350.0
597,12.2,14,3,450.0,1350.0
597,12.2,15,3,450.0,1350.0
597,12.2,16,3,450.0,1350.0
597,12.2,17,3,450.0,1350.0
597,12.2,18,3,450.0,1350.0
597,12.2,19,4,450.0,1800.0
597,12.2,20,3,450.0,1350.0
597,12.2,21,3,450.0,1350.0
597,12.2,22,3,450.0,1350.0
597,12.2,23,3,450.0,1350.0
600,19.2,0,3,450.0,1350.0
600,19.2,1,0,450.0,0.0
600,19.2,4,1,450.0,450.0
600,19.2,5,9,450.0,4050.0
600,19.2,6,10,450.0,4500.0
600,19.2,7,10,450.0,4500.0
600,19.2,8,9,450.0,4050.0
600,19.2,9,10,450.0,4500.0
600,19.2,10,10,450.0,4500.0
600,19.2,11,9,450.0,4050.0
600,19.2,12,10,450.0,4500.0
600,19.2,13,10,450.0,4500.0
600,19.2,14,9,450.0,4050.0
600,19.2,15,10,450.0,4500.0
600,19.2,16,10,450.0,4500.0
600,19.2,17,9,450.0,4050.0
600,19.2,18,10,450.0,4500.0
600,19.2,19,10,450.0,4500.0
600,19.2,20,10,450.0,4500.0
600,19.2,21,9,450.0,4050.0
600,19.2,22,10,450.0,4500.0
600,19.2,23,3,450.0,1350.0
602,2.2,0,0,750.0,0.0
602,2.2,1,0,750.0,0.0
602,2.2,4,3,750.0,2250.0
602,2.2,5,7,750.0,5250.0
602,2.2,6,6,750.0,4500.0
602,2.2,7,6,750.0,4500.0
602,2.2,8,6,750.0,4500.0
602,2.2,9,6,750.0,4500.0
602,2.2,10,6,750.0,4500.0
602,2.2,11,6,750.0,4500.0
602,2.2,12,6,750.0,4500.0
602,2.2,13,6,750.0,4500.0
602,2.2,14,6,750.0,4500.0
602,2.2,15,6,750.0,4500.0
602,2.2,16,6,750.0,4500.0
602,2.2,17,6,750.0,4500.0
602,2.2,18,6,750.0,4500.0
602,2.2,19,6,750.0,4500.0
602,2.2,20,5,750.0,3750.0
602,2.2,21,4,750.0,3000.0
602,2.2,22,3,750.0,2250.0
602,2.2,23,4,750.0,3000.0
604,2.2,0,0,750.0,0.0
604,2.2,1,0,750.0,0.0
604,2.2,4,3,750.0,2250.0
604,2.2,5,7,750.0,5250.0
604,2.2,6,6,750.0,4500.0
604,2.2,7,6,750.0,4500.0
604,2.2,8,6,750.0,4500.0
604,2.2,9,6,750.0,4500.0
604,2.2,10,6,750.0,4500.0
604,2.2,11,6,750.0,4500.0
604,2.2,12,6,750.0,4500.0
604,2.2,13,6,750.0,4500.0
604,2.2,14,6,750.0,4500.0
604,2.2,15,6,750.0,4500.0
604,2.2,16,6,750.0,4500.0
604,2.2,17,6,750.0,4500.0
604,2.2,18,6,750.0,4500.0
604,2.2,19,6,750.0,4500.0
604,2.2,20,5,750.0,3750.0
604,2.2,21,4,750.0,3000.0
604,2.2,22,3,750.0,2250.0
604,2.2,23,4,750.0,3000.0
606,2.2,0,0,750.0,0.0
606,2.2,1,0,750.0,0.0
606,2.2,4,3,750.0,2250.0
606,2.2,5,7,750.0,5250.0
606,2.2,6,6,750.0,4500.0
606,2.2,7,6,750.0,4500.0
606,2.2,8,6,750.0,4500.0
606,2.2,9,6,750.0,4500.0
606,2.2,10,6,750.0,4500.0
606,2.2,11,6,750.0,4500.0
606,2.2,12,6,750.0,4500.0
606,2.2,13,6,750.0,4500.0
606,2.2,14,6,750.0,4500.0
606,2.2,15,6,750.0,4500.0
606,2.2,16,6,750.0,4500.0
606,2.2,17,6,750.0,4500.0
606,2.2,18,6,750.0,4500.0
606,2.2,19,6,750.0,4500.0
606,2.2,20,5,750.0,3750.0
606,2.2,21,4,750.0,3000.0
606,2.2,22,3,750.0,2250.0
606,2.2,23,4,750.0,3000.0
608,2.2,0,0,750.0,0.0
608,2.2,1,0,750.0,0.0
608,2.2,4,3,750.0,2250.0
608,2.2,5,7,750.0,5250.0
608,2.2,6,6,750.0,4500.0
608,2.2,7,6,750.0,4500.0
608,2.2,8,6,750.0,4500.0
608,2.2,9,6,750.0,4500.0
608,2.2,10,6,750.0,4500.0
608,2.2,11,6,750.0,4500.0
608,2.2,12,6,750.0,4500.0
608,2.2,13,6,750.0,4500.0
608,2.2,14,6,750.0,4500.0
608,2.2,15,6,750.0,4500.0
608,2.2,16,6,750.0,4500.0
608,2.2,17,6,750.0,4500.0
608,2.2,18,6,750.0,4500.0
608,2.2,19,6,750.0,4500.0
608,2.2,20,5,750.0,3750.0
608,2.2,21,4,750.0,3000.0
608,2.2,22,3,750.0,2250.0
608,2.2,23,4,750.0,3000.0
610,2.2,0,0,750.0,0.0
610,2.2,1,0,750.0,0.0
610,2.2,4,3,750.0,2250.0
610,2.2,5,7,750.0,5250.0
610,2.2,6,6,750.0,4500.0
610,2.2,7,6,750.0,4500.0
610,2.2,8,6,750.0,4500.0
610,2.2,9,6,750.0,4500.0
610,2.2,10,6,750.0,4500.0
610,2.2,11,6,750.0,4500.0
610,2.2,12,6,750.0,4500.0
610,2.2,13,6,750.0,4500.0
610,2.2,14,6,750.0,4500.0
610,2.2,15,6,750.0,4500.0
610,2.2,16,6,750.0,4500.0
610,2.2,17,6,750.0,4500.0
610,2.2,18,6,750.0,4500.0
610,2.2,19,6,750.0,4500.0
610,2.2,20,5,750.0,3750.0
610,2.2,21,4,750.0,3000.0
610,2.2,22,3,750.0,2250.0
610,2.2,23,4,750.0,3000.0
612,2.2,0,0,750.0,0.0
612,2.2,1,0,750.0,0.0
612,2.2,4,3,750.0,2250.0
612,2.2,5,7,750.0,5250.0
612,2.2,6,6,750.0,4500.0
612,2.2,7,6,750.0,4500.0
612,2.2,8,6,750.0,4500.0
612,2.2,9,6,750.0,4500.0
612,2.2,10,6,750.0,4500.0
612,2.2,11,6,750.0,4500.0
612,2.2,12,6,750.0,4500.0
612,2.2,13,6,750.0,4500.0
612,2.2,14,6,750.0,4500.0
612,2.2,15,6,750.0,4500.0
612,2.2,16,6,750.0,4500.0
612,2.2,17,6,750.0,4500.0
612,2.2,18,6,750.0,4500.0
612,2.2,19,6,750.0,4500.0
612,2.2,20,5,750.0,3750.0
612,2.2,21,4,750.0,3000.0
612,2.2,22,3,750.0,2250.0
612,2.2,23,4,750.0,3000.0
614,2.2,0,0,750.0,0.0
614,2.2,1,0,750.0,0.0
614,2.2,4,3,750.0,2250.0
614,2.2,5,7,750.0,5250.0
614,2.2,6,6,750.0,4500.0
614,2.2,7,6,750.0,4500.0
614,2.2,8,6,750.0,4500.0
614,2.2,9,6,750.0,4500.0
614,2.2,10,6,750.0,4500.0
614,2.2,11,6,750.0,4500.0
614,2.2,12,6,750.0,4500.0
614,2.2,13,6,750.0,4500.0
614,2.2,14,6,750.0,4500.0
614,2.2,15,6,750.0,4500.0
614,2.2,16,6,750.0,4500.0
614,2.2,17,6,750.0,4500.0
614,2.2,18,6,750.0,4500.0
614,2.2,19,6,750.0,4500.0
614,2.2,20,5,750.0,3750.0
614,2.2,21,4,750.0,3000.0
614,2.2,22,3,750.0,2250.0
614,2.2,23,4,750.0,3000.0
616,2.2,0,0,750.0,0.0
616,2.2,1,0,750.0,0.0
616,2.2,4,3,750.0,2250.0
616,2.2,5,7,750.0,5250.0
616,2.2,6,6,750.0,4500.0
616,2.2,7,6,750.0,4500.0
616,2.2,8,6,750.0,4500.0
616,2.2,9,6,750.0,4500.0
616,2.2,10,6,750.0,4500.0
616,2.2,11,6,750.0,4500.0
616,2.2,12,6,750.0,4500.0
616,2.2,13,6,750.0,4500.0
616,2.2,14,6,750.0,4500.0
616,2.2,15,6,750.0,4500.0
616,2.2,16,6,750.0,4500.0
616,2.2,17,6,750.0,4500.0
616,2.2,18,6,750.0,4500.0
616,2.2,19,6,750.0,4500.0
616,2.2,20,5,750.0,3750.0
616,2.2,21,4,750.0,3000.0
616,2.2,22,3,750.0,2250.0
616,2.2,23,4,750.0,3000.0
618,2.2,0,0,750.0,0.0
618,2.2,1,0,750.0,0.0
618,2.2,4,3,750.0,2250.0
618,2.2,5,7,750.0,5250.0
618,2.2,6,6,750.0,4500.0
618,2.2,7,6,750.0,4500.0
618,2.2,8,6,750.0,4500.0
618,2.2,9,6,750.0,4500.0
618,2.2,10,6,750.0,4500.0
618,2.2,11,6,750.0,4500.0
618,2.2,12,6,750.0,4500.0
618,2.2,13,6,750.0,4500.0
618,2.2,14,6,750.0,4500.0
618,2.2,15,6,750.0,4500.0
618,2.2,16,6,750.0,4500.0
618,2.2,17,6,750.0,4500.0
618,2.2,18,6,750.0,4500.0
618,2.2,19,6,750.0,4500.0
618,2.2,20,5,750.0,3750.0
618,2.2,21,4,750.0,3000.0
618,2.2,22,3,750.0,2250.0
618,2.2,23,4,750.0,3000.0
620,2.2,0,0,750.0,0.0
620,2.2,1,0,750.0,0.0
620,2.2,4,3,750.0,2250.0
620,2.2,5,7,750.0,5250.0
620,2.2,6,6,750.0,4500.0
620,2.2,7,6,750.0,4500.0
620,2.2,8,6,750.0,4500.0
620,2.2,9,6,750.0,4500.0
620,2.2,10,6,750.0,4500.0
620,2.2,11,6,750.0,4500.0
620,2.2,12,6,750.0,4500.0
620,2.2,13,6,750.0,4500.0
620,2.2,14,6,750.0,4500.0
620,2.2,15,6,750.0,4500.0
620,2.2,16,6,750.0,4500.0
620,2.2,17,6,750.0,4500.0
620,2.2,18,6,750.0,4500.0
620,2.2,19,6,750.0,4500.0
620,2.2,20,5,750.0,3750.0
620,2.2,21,4,750.0,3000.0
620,2.2,22,3,750.0,2250.0
620,2.2,23,4,750.0,3000.0
622,2.2,0,0,750.0,0.0
622,2.2,1,0,750.0,0.0
622,2.2,4,3,750.0,2250.0
622,2.2,5,7,750.0,5250.0
622,2.2,6,6,750.0,4500.0
622,2.2,7,6,750.0,4500.0
622,2.2,8,6,750.0,4500.0
622,2.2,9,6,750.0,4500.0
622,2.2,10,6,750.0,4500.0
622,2.2,11,6,750.0,4500.0
622,2.2,12,6,750.0,4500.0
622,2.2,13,6,750.0,4500.0
622,2.2,14,6,750.0,4500.0
622,2.2,15,6,750.0,4500.0
622,2.2,16,6,750.0,4500.0
622,2.2,17,6,750.0,4500.0
622,2.2,18,6,750.0,4500.0
622,2.2,19,6,750.0,4500.0
622,2.2,20,5,750.0,3750.0
622,2.2,21,4,750.0,3000.0
622,2.2,22,3,750.0,2250.0
622,2.2,23,4,750.0,3000.0
624,2.2,0,0,750.0,0.0
624,2.2,1,0,750.0,0.0
624,2.2,4,3,750.0,2250.0
624,2.2,5,7,750.0,5250.0
624,2.2,6,6,750.0,4500.0
624,2.2,7,6,750.0,4500.0
624,2.2,8,6,750.0,4500.0
624,2.2,9,6,750.0,4500.0
624,2.2,10,6,750.0,4500.0
624,2.2,11,6,750.0,4500.0
624,2.2,12,6,750.0,4500.0
624,2.2,13,6,750.0,4500.0
624,2.2,14,6,750.0,4500.0
624,2.2,15,6,750.0,4500.0
624,2.2,16,6,750.0,4500.0
624,2.2,17,6,750.0,4500.0
624,2.2,18,6,750.0,4500.0
624,2.2,19,6,750.0,4500.0
624,2.2,20,5,750.0,3750.0
624,2.2,21,4,750.0,3000.0
624,2.2,22,3,750.0,2250.0
624,2.2,23,4,750.0,3000.0
628,2.2,0,0,750.0,0.0
628,2.2,1,0,750.0,0.0
628,2.2,4,3,750.0,2250.0
628,2.2,5,7,750.0,5250.0
628,2.2,6,6,750.0,4500.0
628,2.2,7,6,750.0,4500.0
628,2.2,8,6,750.0,4500.0
628,2.2,9,6,750.0,4500.0
628,2.2,10,6,750.0,4500.0
628,2.2,11,6,750.0,4500.0
628,2.2,12,6,750.0,4500.0
628,2.2,13,6,750.0,4500.0
628,2.2,14,6,750.0,4500.0
628,2.2,15,6,750.0,4500.0
628,2.2,16,6,750.0,4500.0
628,2.2,17,6,750.0,4500.0
628,2.2,18,6,750.0,4500.0
628,2.2,19,6,750.0,4500.0
628,2.2,20,5,750.0,3750.0
628,2.2,21,4,750.0,3000.0
628,2.2,22,3,750.0,2250.0
628,2.2,23,4,750.0,3000.0
630,2.2,0,0,750.0,0.0
630,2.2,1,0,750.0,0.0
630,2.2,4,3,750.0,2250.0
630,2.2,5,7,750.0,5250.0
630,2.2,6,6,750.0,4500.0
630,2.2,7,6,750.0,4500.0
630,2.2,8,6,750.0,4500.0
630,2.2,9,6,750.0,4500.0
630,2.2,10,6,750.0,4500.0
630,2.2,11,6,750.0,4500.0
630,2.2,12,6,750.0,4500.0
630,2.2,13,6,750.0,4500.0
630,2.2,14,6,750.0,4500.0
630,2.2,15,6,750.0,4500.0
630,2.2,16,6,750.0,4500.0
630,2.2,17,6,750.0,4500.0
630,2.2,18,6,750.0,4500.0
630,2.2,19,6,750.0,4500.0
630,2.2,20,5,750.0,3750.0
630,2.2,21,4,750.0,3000.0
630,2.2,22,3,750.0,2250.0
630,2.2,23,4,750.0,3000.0
632,2.2,0,0,750.0,0.0
632,2.2,1,0,750.0,0.0
632,2.2,4,3,750.0,2250.0
632,2.2,5,7,750.0,5250.0
632,2.2,6,6,750.0,4500.0
632,2.2,7,6,750.0,4500.0
632,2.2,8,6,750.0,4500.0
632,2.2,9,6,750.0,4500.0
632,2.2,10,6,750.0,4500.0
632,2.2,11,6,750.0,4500.0
632,2.2,12,6,750.0,4500.0
632,2.2,13,6,750.0,4500.0
632,2.2,14,6,750.0,4500.0
632,2.2,15,6,750.0,4500.0
632,2.2,16,6,750.0,4500.0
632,2.2,17,6,750.0,4500.0
632,2.2,18,6,750.0,4500.0
632,2.2,19,6,750.0,4500.0
632,2.2,20,5,750.0,3750.0
632,2.2,21,4,750.0,3000.0
632,2.2,22,3,750.0,2250.0
632,2.2,23,4,750.0,3000.0
634,2.2,0,0,750.0,0.0
634,2.2,1,0,750.0,0.0
634,2.2,4,3,750.0,2250.0
634,2.2,5,7,750.0,5250.0
634,2.2,6,6,750.0,4500.0
634,2.2,7,6,750.0,4500.0
634,2.2,8,6,750.0,4500.0
634,2.2,9,6,750.0,4500.0
634,2.2,10,6,750.0,4500.0
634,2.2,11,6,750.0,4500.0
634,2.2,12,6,750.0,4500.0
634,2.2,13,6,750.0,4500.0
634,2.2,14,6,750.0,4500.0
634,2.2,15,6,750.0,4500.0
634,2.2,16,6,750.0,4500.0
634,2.2,17,6,750.0,4500.0
634,2.2,18,6,750.0,4500.0
634,2.2,19,6,750.0,4500.0
634,2.2,20,5,750.0,3750.0
634,2.2,21,4,750.0,3000.0
634,2.2,22,3,750.0,2250.0
634,2.2,23,4,750.0,3000.0
636,2.2,0,0,750.0,0.0
636,2.2,1,0,750.0,0.0
636,2.2,4,3,750.0,2250.0
636,2.2,5,7,750.0,5250.0
636,2.2,6,6,750.0,4500.0
636,2.2,7,6,750.0,4500.0
636,2.2,8,6,750.0,4500.0
636,2.2,9,6,750.0,4500.0
636,2.2,10,6,750.0,4500.0
636,2.2,11,6,750.0,4500.0
636,2.2,12,6,750.0,4500.0
636,2.2,13,6,750.0,4500.0
636,2.2,14,6,750.0,4500.0
636,2.2,15,6,750.0,4500.0
636,2.2,16,6,750.0,4500.0
636,2.2,17,6,750.0,4500.0
636,2.2,18,6,750.0,4500.0
636,2.2,19,6,750.0,4500.0
636,2.2,20,5,750.0,3750.0
636,2.2,21,4,750.0,3000.0
636,2.2,22,3,750.0,2250.0
636,2.2,23,4,750.0,3000.0
638,2.2,0,0,750.0,0.0
638,2.2,1,0,750.0,0.0
638,2.2,4,3,750.0,2250.0
638,2.2,5,7,750.0,5250.0
638,2.2,6,6,750.0,4500.0
638,2.2,7,6,750.0,4500.0
638,2.2,8,6,750.0,4500.0
638,2.2,9,6,750.0,4500.0
638,2.2,10,6,750.0,4500.0
638,2.2,11,6,750.0,4500.0
638,2.2,12,6,750.0,4500.0
638,2.2,13,6,750.0,4500.0
638,2.2,14,6,750.0,4500.0
638,2.2,15,6,750.0,4500.0
638,2.2,16,6,750.0,4500.0
638,2.2,17,6,750.0,4500.0
638,2.2,18,6,750.0,4500.0
638,2.2,19,6,750.0,4500.0
638,2.2,20,5,750.0,3750.0
638,2.2,21,4,750.0,3000.0
638,2.2,22,3,750.0,2250.0
638,2.2,23,4,750.0,3000.0
640,2.2,0,0,750.0,0.0
640,2.2,1,0,750.0,0.0
640,2.2,4,3,750.0,2250.0
640,2.2,5,7,750.0,5250.0
640,2.2,6,6,750.0,4500.0
640,2.2,7,6,750.0,4500.0
640,2.2,8,6,750.0,4500.0
640,2.2,9,6,750.0,4500.0
640,2.2,10,6,750.0,4500.0
640,2.2,11,6,750.0,4500.0
640,2.2,12,6,750.0,4500.0
640,2.2,13,6,750.0,4500.0
640,2.2,14,6,750.0,4500.0
640,2.2,15,6,750.0,4500.0
640,2.2,16,6,750.0,4500.0
640,2.2,17,6,750.0,4500.0
640,2.2,18,6,750.0,4500.0
640,2.2,19,6,750.0,4500.0
640,2.2,20,5,750.0,3750.0
640,2.2,21,4,750.0,3000.0
640,2.2,22,3,750.0,2250.0
640,2.2,23,4,750.0,3000.0
642,2.2,0,0,750.0,0.0
642,2.2,1,0,750.0,0.0
642,2.2,4,3,750.0,2250.0
642,2.2,5,7,750.0,5250.0
642,2.2,6,6,750.0,4500.0
642,2.2,7,6,750.0,4500.0
642,2.2,8,6,750.0,4500.0
642,2.2,9,6,750.0,4500.0
642,2.2,10,6,750.0,4500.0
642,2.2,11,6,750.0,4500.0
642,2.2,12,6,750.0,4500.0
642,2.2,13,6,750.0,4500.0
642,2.2,14,6,750.0,4500.0
642,2.2,15,6,750.0,4500.0
642,2.2,16,6,750.0,4500.0
642,2.2,17,6,750.0,4500.0
642,2.2,18,6,750.0,4500.0
642,2.2,19,6,750.0,4500.0
642,2.2,20,5,750.0,3750.0
642,2.2,21,4,750.0,3000.0
642,2.2,22,3,750.0,2250.0
642,2.2,23,4,750.0,3000.0
644,2.2,0,0,750.0,0.0
644,2.2,1,0,750.0,0.0
644,2.2,4,3,750.0,2250.0
644,2.2,5,7,750.0,5250.0
644,2.2,6,6,750.0,4500.0
644,2.2,7,6,750.0,4500.0
644,2.2,8,6,750.0,4500.0
644,2.2,9,6,750.0,4500.0
644,2.2,10,6,750.0,4500.0
644,2.2,11,6,750.0,4500.0
644,2.2,12,6,750.0,4500.0
644,2.2,13,6,750.0,4500.0
644,2.2,14,6,750.0,4500.0
644,2.2,15,6,750.0,4500.0
644,2.2,16,6,750.0,4500.0
644,2.2,17,6,750.0,4500.0
644,2.2,18,6,750.0,4500.0
644,2.2,19,6,750.0,4500.0
644,2.2,20,5,750.0,3750.0
644,2.2,21,4,750.0,3000.0
644,2.2,22,3,750.0,2250.0
644,2.2,23,4,750.0,3000.0
646,2.2,0,0,750.0,0.0
646,2.2,1,0,750.0,0.0
646,2.2,4,3,750.0,2250.0
646,2.2,5,7,750.0,5250.0
646,2.2,6,6,750.0,4500.0
646,2.2,7,6,750.0,4500.0
646,2.2,8,6,750.0,4500.0
646,2.2,9,6,750.0,4500.0
646,2.2,10,6,750.0,4500.0
646,2.2,11,6,750.0,4500.0
646,2.2,12,6,750.0,4500.0
646,2.2,13,6,750.0,4500.0
646,2.2,14,6,750.0,4500.0
646,2.2,15,6,750.0,4500.0
646,2.2,16,6,750.0,4500.0
646,2.2,17,6,750.0,4500.0
646,2.2,18,6,750.0,4500.0
646,2.2,19,6,750.0,4500.0
646,2.2,20,5,750.0,3750.0
646,2.2,21,4,750.0,3000.0
646,2.2,22,3,750.0,2250.0
646,2.2,23,4,750.0,3000.0
648,2.2,0,0,750.0,0.0
648,2.2,1,0,750.0,0.0
648,2.2,4,3,750.0,2250.0
648,2.2,5,7,750.0,5250.0
648,2.2,6,6,750.0,4500.0
648,2.2,7,6,750.0,4500.0
648,2.2,8,6,750.0,4500.0
648,2.2,9,6,750.0,4500.0
648,2.2,10,6,750.0,4500.0
648,2.2,11,6,750.0,4500.0
648,2.2,12,6,750.0,4500.0
648,2.2,13,6,750.0,4500.0
648,2.2,14,6,750.0,4500.0
648,2.2,15,6,750.0,4500.0
648,2.2,16,6,750.0,4500.0
648,2.2,17,6,750.0,4500.0
648,2.2,18,6,750.0,4500.0
648,2.2,19,6,750.0,4500.0
648,2.2,20,5,750.0,3750.0
648,2.2,21,4,750.0,3000.0
648,2.2,22,3,750.0,2250.0
648,2.2,23,4,750.0,3000.0
650,2.2,0,0,750.0,0.0
650,2.2,1,0,750.0,0.0
650,2.2,4,3,750.0,2250.0
650,2.2,5,7,750.0,5250.0
650,2.2,6,6,750.0,4500.0
650,2.2,7,6,750.0,4500.0
650,2.2,8,6,750.0,4500.0
650,2.2,9,6,750.0,4500.0
650,2.2,10,6,750.0,4500.0
650,2.2,11,6,750.0,4500.0
650,2.2,12,6,750.0,4500.0
650,2.2,13,6,750.0,4500.0
650,2.2,14,6,750.0,4500.0
650,2.2,15,6,750.0,4500.0
650,2.2,16,6,750.0,4500.0
650,2.2,17,6,750.0,4500.0
650,2.2,18,6,750.0,4500.0
650,2.2,19,6,750.0,4500.0
650,2.2,20,5,750.0,3750.0
650,2.2,21,4,750.0,3000.0
650,2.2,22,3,750.0,2250.0
650,2.2,23,4,750.0,3000.0
652,2.2,0,0,750.0,0.0
652,2.2,1,0,750.0,0.0
652,2.2,4,3,750.0,2250.0
652,2.2,5,7,750.0,5250.0
652,2.2,6,6,750.0,4500.0
652,2.2,7,6,750.0,4500.0
652,2.2,8,6,750.0,4500.0
652,2.2,9,6,750.0,4500.0
652,2.2,10,6,750.0,4500.0
652,2.2,11,6,750.0,4500.0
652,2.2,12,6,750.0,4500.0
652,2.2,13,6,750.0,4500.0
652,2.2,14,6,750.0,4500.0
652,2.2,15,6,750.0,4500.0
652,2.2,16,6,750.0,4500.0
652,2.2,17,6,750.0,4500.0
652,2.2,18,6,750.0,4500.0
652,2.2,19,6,750.0,4500.0
652,2.2,20,5,750.0,3750.0
652,2.2,21,4,750.0,3000.0
652,2.2,22,3,750.0,2250.0
652,2.2,23,4,750.0,3000.0
654,2.2,0,0,750.0,0.0
654,2.2,1,0,750.0,0.0
654,2.2,4,3,750.0,2250.0
654,2.2,5,7,750.0,5250.0
654,2.2,6,6,750.0,4500.0
654,2.2,7,6,750.0,4500.0
654,2.2,8,6,750.0,4500.0
654,2.2,9,6,750.0,4500.0
654,2.2,10,6,750.0,4500.0
654,2.2,11,6,750.0,4500.0
654,2.2,12,6,750.0,4500.0
654,2.2,13,6,750.0,4500.0
654,2.2,14,6,750.0,4500.0
654,2.2,15,6,750.0,4500.0
654,2.2,16,6,750.0,4500.0
654,2.2,17,6,750.0,4500.0
654,2.2,18,6,750.0,4500.0
654,2.2,19,6,750.0,4500.0
654,2.2,20,5,750.0,3750.0
654,2.2,21,4,750.0,3000.0
654,2.2,22,3,750.0,2250.0
654,2.2,23,4,750.0,3000.0
656,2.2,0,0,750.0,0.0
656,2.2,1,0,750.0,0.0
656,2.2,4,3,750.0,2250.0
656,2.2,5,7,750.0,5250.0
656,2.2,6,6,750.0,4500.0
656,2.2,7,6,750.0,4500.0
656,2.2,8,6,750.0,4500.0
656,2.2,9,6,750.0,4500.0
656,2.2,10,6,750.0,4500.0
656,2.2,11,6,750.0,4500.0
656,2.2,12,6,750.0,4500.0
656,2.2,13,6,750.0,4500.0
656,2.2,14,6,750.0,4500.0
656,2.2,15,6,750.0,4500.0
656,2.2,16,6,750.0,4500.0
656,2.2,17,6,750.0,4500.0
656,2.2,18,6,750.0,4500.0
656,2.2,19,6,750.0,4500.0
656,2.2,20,5,750.0,3750.0
656,2.2,21,4,750.0,3000.0
656,2.2,22,3,750.0,2250.0
656,2.2,23,4,750.0,3000.0
658,2.2,0,0,750.0,0.0
658,2.2,1,0,750.0,0.0
658,2.2,4,3,750.0,2250.0
658,2.2,5,7,750.0,5250.0
658,2.2,6,6,750.0,4500.0
658,2.2,7,6,750.0,4500.0
658,2.2,8,6,750.0,4500.0
658,2.2,9,6,750.0,4500.0
658,2.2,10,6,750.0,4500.0
658,2.2,11,6,750.0,4500.0
658,2.2,12,6,750.0,4500.0
658,2.2,13,6,750.0,4500.0
658,2.2,14,6,750.0,4500.0
658,2.2,15,6,750.0,4500.0
658,2.2,16,6,750.0,4500.0
658,2.2,17,6,750.0,4500.0
658,2.2,18,6,750.0,4500.0
658,2.2,19,6,750.0,4500.0
658,2.2,20,5,750.0,3750.0
658,2.2,21,4,750.0,3000.0
658,2.2,22,3,750.0,2250.0
658,2.2,23,4,750.0,3000.0
660,2.2,0,0,750.0,0.0
660,2.2,1,0,750.0,0.0
660,2.2,4,3,750.0,2250.0
660,2.2,5,7,750.0,5250.0
660,2.2,6,6,750.0,4500.0
660,2.2,7,6,750.0,4500.0
660,2.2,8,6,750.0,4500.0
660,2.2,9,6,750.0,4500.0
660,2.2,10,6,750.0,4500.0
660,2.2,11,6,750.0,4500.0
660,2.2,12,6,750.0,4500.0
660,2.2,13,6,750.0,4500.0
660,2.2,14,6,750.0,4500.0
660,2.2,15,6,750.0,4500.0
660,2.2,16,6,750.0,4500.0
660,2.2,17,6,750.0,4500.0
660,2.2,18,6,750.0,4500.0
660,2.2,19,6,750.0,4500.0
660,2.2,20,5,750.0,3750.0
660,2.2,21,4,750.0,3000.0
660,2.2,22,3,750.0,2250.0
660,2.2,23,4,750.0,3000.0
662,2.2,0,0,750.0,0.0
662,2.2,1,0,750.0,0.0
662,2.2,4,3,750.0,2250.0
662,2.2,5,7,750.0,5250.0
662,2.2,6,6,750.0,4500.0
662,2.2,7,6,750.0,4500.0
662,2.2,8,6,750.0,4500.0
662,2.2,9,6,750.0,4500.0
662,2.2,10,6,750.0,4500.0
662,2.2,11,6,750.0,4500.0
662,2.2,12,6,750.0,4500.0
662,2.2,13,6,750.0,4500.0
662,2.2,14,6,750.0,4500.0
662,2.2,15,6,750.0,4500.0
662,2.2,16,6,750.0,4500.0
662,2.2,17,6,750.0,4500.0
662,2.2,18,6,750.0,4500.0
662,2.2,19,6,750.0,4500.0
662,2.2,20,5,750.0,3750.0
662,2.2,21,4,750.0,3000.0
662,2.2,22,3,750.0,2250.0
662,2.2,23,4,750.0,3000.0
664,2.2,0,0,750.0,0.0
664,2.2,1,0,750.0,0.0
664,2.2,4,3,750.0,2250.0
664,2.2,5,7,750.0,5250.0
664,2.2,6,6,750.0,4500.0
664,2.2,7,6,750.0,4500.0
664,2.2,8,6,750.0,4500.0
664,2.2,9,6,750.0,4500.0
664,2.2,10,6,750.0,4500.0
664,2.2,11,6,750.0,4500.0
664,2.2,12,6,750.0,4500.0
664,2.2,13,6,750.0,4500.0
664,2.2,14,6,750.0,4500.0
664,2.2,15,6,750.0,4500.0
664,2.2,16,6,750.0,4500.0
664,2.2,17,6,750.0,4500.0
664,2.2,18,6,750.0,4500.0
664,2.2,19,6,750.0,4500.0
664,2.2,20,5,750.0,3750.0
664,2.2,21,4,750.0,3000.0
664,2.2,22,3,750.0,2250.0
664,2.2,23,4,750.0,3000.0
666,2.2,0,0,750.0,0.0
666,2.2,1,0,750.0,0.0
666,2.2,4,3,750.0,2250.0
666,2.2,5,7,750.0,5250.0
666,2.2,6,6,750.0,4500.0
666,2.2,7,6,750.0,4500.0
666,2.2,8,6,750.0,4500.0
666,2.2,9,6,750.0,4500.0
666,2.2,10,6,750.0,4500.0
666,2.2,11,6,750.0,4500.0
666,2.2,12,6,750.0,4500.0
666,2.2,13,6,750.0,4500.0
666,2.2,14,6,750.0,4500.0
666,2.2,15,6,750.0,4500.0
666,2.2,16,6,750.0,4500.0
666,2.2,17,6,750.0,4500.0
666,2.2,18,6,750.0,4500.0
666,2.2,19,6,750.0,4500.0
666,2.2,20,5,750.0,3750.0
666,2.2,21,4,750.0,3000.0
666,2.2,22,3,750.0,2250.0
666,2.2,23,4,750.0,3000.0
668,2.2,0,0,750.0,0.0
668,2.2,1,0,750.0,0.0
668,2.2,4,3,750.0,2250.0
668,2.2,5,7,750.0,5250.0
668,2.2,6,6,750.0,4500.0
668,2.2,7,6,750.0,4500.0
668,2.2,8,6,750.0,4500.0
668,2.2,9,6,750.0,4500.0
668,2.2,10,6,750.0,4500.0
668,2.2,11,6,750.0,4500.0
668,2.2,12,6,750.0,4500.0
668,2.2,13,6,750.0,4500.0
668,2.2,14,6,750.0,4500.0
668,2.2,15,6,750.0,4500.0
668,2.2,16,6,750.0,4500.0
668,2.2,17,6,750.0,4500.0
668,2.2,18,6,750.0,4500.0
668,2.2,19,6,750.0,4500.0
668,2.2,20,5,750.0,3750.0
668,2.2,21,4,750.0,3000.0
668,2.2,22,3,750.0,2250.0
668,2.2,23,4,750.0,3000.0
670,2.2,0,0,750.0,0.0
670,2.2,1,0,750.0,0.0
670,2.2,4,3,750.0,2250.0
670,2.2,5,7,750.0,5250.0
670,2.2,6,6,750.0,4500.0
670,2.2,7,6,750.0,4500.0
670,2.2,8,6,750.0,4500.0
670,2.2,9,6,750.0,4500.0
670,2.2,10,6,750.0,4500.0
670,2.2,11,6,750.0,4500.0
670,2.2,12,6,750.0,4500.0
670,2.2,13,6,750.0,4500.0
670,2.2,14,6,750.0,4500.0
670,2.2,15,6,750.0,4500.0
670,2.2,16,6,750.0,4500.0
670,2.2,17,6,750.0,4500.0
670,2.2,18,6,750.0,4500.0
670,2.2,19,6,750.0,4500.0
670,2.2,20,5,750.0,3750.0
670,2.2,21,4,750.0,3000.0
670,2.2,22,3,750.0,2250.0
670,2.2,23,4,750.0,3000.0
672,2.2,0,0,750.0,0.0
672,2.2,1,0,750.0,0.0
672,2.2,4,3,750.0,2250.0
672,2.2,5,7,750.0,5250.0
672,2.2,6,6,750.0,4500.0
672,2.2,7,6,750.0,4500.0
672,2.2,8,6,750.0,4500.0
672,2.2,9,6,750.0,4500.0
672,2.2,10,6,750.0,4500.0
672,2.2,11,6,750.0,4500.0
672,2.2,12,6,750.0,4500.0
672,2.2,13,6,750.0,4500.0
672,2.2,14,6,750.0,4500.0
672,2.2,15,6,750.0,4500.0
672,2.2,16,6,750.0,4500.0
672,2.2,17,6,750.0,4500.0
672,2.2,18,6,750.0,4500.0
672,2.2,19,6,750.0,4500.0
672,2.2,20,5,750.0,3750.0
672,2.2,21,4,750.0,3000.0
672,2.2,22,3,750.0,2250.0
672,2.2,23,4,750.0,3000.0
674,2.2,0,0,750.0,0.0
674,2.2,1,0,750.0,0.0
674,2.2,4,3,750.0,2250.0
674,2.2,5,7,750.0,5250.0
674,2.2,6,6,750.0,4500.0
674,2.2,7,6,750.0,4500.0
674,2.2,8,6,750.0,4500.0
674,2.2,9,6,750.0,4500.0
674,2.2,10,6,750.0,4500.0
674,2.2,11,6,750.0,4500.0
674,2.2,12,6,750.0,4500.0
674,2.2,13,6,750.0,4500.0
674,2.2,14,6,750.0,4500.0
674,2.2,15,6,750.0,4500.0
674,2.2,16,6,750.0,4500.0
674,2.2,17,6,750.0,4500.0
674,2.2,18,6,750.0,4500.0
674,2.2,19,6,750.0,4500.0
674,2.2,20,5,750.0,3750.0
674,2.2,21,4,750.0,3000.0
674,2.2,22,3,750.0,2250.0
674,2.2,23,4,750.0,3000.0
676,2.2,0,0,750.0,0.0
676,2.2,1,0,750.0,0.0
676,2.2,4,3,750.0,2250.0
676,2.2,5,7,750.0,5250.0
676,2.2,6,6,750.0,4500.0
676,2.2,7,6,750.0,4500.0
676,2.2,8,6,750.0,4500.0
676,2.2,9,6,750.0,4500.0
676,2.2,10,6,750.0,4500.0
676,2.2,11,6,750.0,4500.0
676,2.2,12,6,750.0,4500.0
676,2.2,13,6,750.0,4500.0
676,2.2,14,6,750.0,4500.0
676,2.2,15,6,750.0,4500.0
676,2.2,16,6,750.0,4500.0
676,2.2,17,6,750.0,4500.0
676,2.2,18,6,750.0,4500.0
676,2.2,19,6,750.0,4500.0
676,2.2,20,5,750.0,3750.0
676,2.2,21,4,750.0,3000.0
676,2.2,22,3,750.0,2250.0
676,2.2,23,4,750.0,3000.0
678,2.2,0,0,750.0,0.0
678,2.2,1,0,750.0,0.0
678,2.2,4,3,750.0,2250.0
678,2.2,5,7,750.0,5250.0
678,2.2,6,6,750.0,4500.0
678,2.2,7,6,750.0,4500.0
678,2.2,8,6,750.0,4500.0
678,2.2,9,6,750.0,4500.0
678,2.2,10,6,750.0,4500.0
678,2.2,11,6,750.0,4500.0
678,2.2,12,6,750.0,4500.0
678,2.2,13,6,750.0,4500.0
678,2.2,14,6,750.0,4500.0
678,2.2,15,6,750.0,4500.0
678,2.2,16,6,750.0,4500.0
678,2.2,17,6,750.0,4500.0
678,2.2,18,6,750.0,4500.0
678,2.2,19,6,750.0,4500.0
678,2.2,20,5,750.0,3750.0
678,2.2,21,4,750.0,3000.0
678,2.2,22,3,750.0,2250.0
678,2.2,23,4,750.0,3000.0
680,2.2,0,0,750.0,0.0
680,2.2,1,0,750.0,0.0
680,2.2,4,3,750.0,2250.0
680,2.2,5,7,750.0,5250.0
680,2.2,6,6,750.0,4500.0
680,2.2,7,6,750.0,4500.0
680,2.2,8,6,750.0,4500.0
680,2.2,9,6,750.0,4500.0
680,2.2,10,6,750.0,4500.0
680,2.2,11,6,750.0,4500.0
680,2.2,12,6,750.0,4500.0
680,2.2,13,6,750.0,4500.0
680,2.2,14,6,750.0,4500.0
680,2.2,15,6,750.0,4500.0
680,2.2,16,6,750.0,4500.0
680,2.2,17,6,750.0,4500.0
680,2.2,18,6,750.0,4500.0
680,2.2,19,6,750.0,4500.0
680,2.2,20,5,750.0,3750.0
680,2.2,21,4,750.0,3000.0
680,2.2,22,3,750.0,2250.0
680,2.2,23,4,750.0,3000.0
682,2.2,0,0,750.0,0.0
682,2.2,1,0,750.0,0.0
682,2.2,4,3,750.0,2250.0
682,2.2,5,7,750.0,5250.0
682,2.2,6,6,750.0,4500.0
682,2.2,7,6,750.0,4500.0
682,2.2,8,6,750.0,4500.0
682,2.2,9,6,750.0,4500.0
682,2.2,10,6,750.0,4500.0
682,2.2,11,6,750.0,4500.0
682,2.2,12,6,750.0,4500.0
682,2.2,13,6,750.0,4500.0
682,2.2,14,6,750.0,4500.0
682,2.2,15,6,750.0,4500.0
682,2.2,16,6,750.0,4500.0
682,2.2,17,6,750.0,4500.0
682,2.2,18,6,750.0,4500.0
682,2.2,19,6,750.0,4500.0
682,2.2,20,5,750.0,3750.0
682,2.2,21,4,750.0,3000.0
682,2.2,22,3,750.0,2250.0
682,2.2,23,4,750.0,3000.0
684,2.2,0,0,750.0,0.0
684,2.2,1,0,750.0,0.0
684,2.2,4,3,750.0,2250.0
684,2.2,5,7,750.0,5250.0
684,2.2,6,6,750.0,4500.0
684,2.2,7,6,750.0,4500.0
684,2.2,8,6,750.0,4500.0
684,2.2,9,6,750.0,4500.0
684,2.2,10,6,750.0,4500.0
684,2.2,11,6,750.0,4500.0
684,2.2,12,6,750.0,4500.0
684,2.2,13,6,750.0,4500.0
684,2.2,14,6,750.0,4500.0
684,2.2,15,6,750.0,4500.0
684,2.2,16,6,750.0,4500.0
684,2.2,17,6,750.0,4500.0
684,2.2,18,6,750.0,4500.0
684,2.2,19,6,750.0,4500.0
684,2.2,20,5,750.0,3750.0
684,2.2,21,4,750.0,3000.0
684,2.2,22,3,750.0,2250.0
684,2.2,23,4,750.0,3000.0
686,2.2,0,0,750.0,0.0
686,2.2,1,0,750.0,0.0
686,2.2,4,3,750.0,2250.0
686,2.2,5,7,750.0,5250.0
686,2.2,6,6,750.0,4500.0
686,2.2,7,6,750.0,4500.0
686,2.2,8,6,750.0,4500.0
686,2.2,9,6,750.0,4500.0
686,2.2,10,6,750.0,4500.0
686,2.2,11,6,750.0,4500.0
686,2.2,12,6,750.0,4500.0
686,2.2,13,6,750.0,4500.0
686,2.2,14,6,750.0,4500.0
686,2.2,15,6,750.0,4500.0
686,2.2,16,6,750.0,4500.0
686,2.2,17,6,750.0,4500.0
686,2.2,18,6,750.0,4500.0
686,2.2,19,6,750.0,4500.0
686,2.2,20,5,750.0,3750.0
686,2.2,21,4,750.0,3000.0
686,2.2,22,3,750.0,2250.0
686,2.2,23,4,750.0,3000.0
688,2.2,0,0,750.0,0.0
688,2.2,1,0,750.0,0.0
688,2.2,4,3,750.0,2250.0
688,2.2,5,7,750.0,5250.0
688,2.2,6,6,750.0,4500.0
688,2.2,7,6,750.0,4500.0
688,2.2,8,6,750.0,4500.0
688,2.2,9,6,750.0,4500.0
688,2.2,10,6,750.0,4500.0
688,2.2,11,6,750.0,4500.0
688,2.2,12,6,750.0,4500.0
688,2.2,13,6,750.0,4500.0
688,2.2,14,6,750.0,4500.0
688,2.2,15,6,750.0,4500.0
688,2.2,16,6,750.0,4500.0
688,2.2,17,6,750.0,4500.0
688,2.2,18,6,750.0,4500.0
688,2.2,19,6,750.0,4500.0
688,2.2,20,5,750.0,3750.0
688,2.2,21,4,750.0,3000.0
688,2.2,22,3,750.0,2250.0
688,2.2,23,4,750.0,3000.0
690,2.2,0,0,750.0,0.0
690,2.2,1,0,750.0,0.0
690,2.2,4,3,750.0,2250.0
690,2.2,5,7,750.0,5250.0
690,2.2,6,6,750.0,4500.0
690,2.2,7,6,750.0,4500.0
690,2.2,8,6,750.0,4500.0
690,2.2,9,6,750.0,4500.0
690,2.2,10,6,750.0,4500.0
690,2.2,11,6,750.0,4500.0
690,2.2,12,6,750.0,4500.0
690,2.2,13,6,750.0,4500.0
690,2.2,14,6,750.0,4500.0
690,2.2,15,6,750.0,4500.0
690,2.2,16,6,750.0,4500.0
690,2.2,17,6,750.0,4500.0
690,2.2,18,6,750.0,4500.0
690,2.2,19,6,750.0,4500.0
690,2.2,20,5,750.0,3750.0
690,2.2,21,4,750.0,3000.0
690,2.2,22,3,750.0,2250.0
690,2.2,23,4,750.0,3000.0
692,2.2,0,0,750.0,0.0
692,2.2,1,0,750.0,0.0
692,2.2,4,3,750.0,2250.0
692,2.2,5,7,750.0,5250.0
692,2.2,6,6,750.0,4500.0
692,2.2,7,6,750.0,4500.0
692,2.2,8,6,750.0,4500.0
692,2.2,9,6,750.0,4500.0
692,2.2,10,6,750.0,4500.0
692,2.2,11,6,750.0,4500.0
692,2.2,12,6,750.0,4500.0
692,2.2,13,6,750.0,4500.0
692,2.2,14,6,750.0,4500.0
692,2.2,15,6,750.0,4500.0
692,2.2,16,6,750.0,4500.0
692,2.2,17,6,750.0,4500.0
692,2.2,18,6,750.0,4500.0
692,2.2,19,6,750.0,4500.0
692,2.2,20,5,750.0,3750.0
692,2.2,21,4,750.0,3000.0
692,2.2,22,3,750.0,2250.0
692,2.2,23,4,750.0,3000.0
694,2.2,0,0,750.0,0.0
694,2.2,1,0,750.0,0.0
694,2.2,4,3,750.0,2250.0
694,2.2,5,7,750.0,5250.0
694,2.2,6,6,750.0,4500.0
694,2.2,7,6,750.0,4500.0
694,2.2,8,6,750.0,4500.0
694,2.2,9,6,750.0,4500.0
694,2.2,10,6,750.0,4500.0
694,2.2,11,6,750.0,4500.0
694,2.2,12,6,750.0,4500.0
694,2.2,13,6,750.0,4500.0
694,2.2,14,6,750.0,4500.0
694,2.2,15,6,750.0,4500.0
694,2.2,16,6,750.0,4500.0
694,2.2,17,6,750.0,4500.0
694,2.2,18,6,750.0,4500.0
694,2.2,19,6,750.0,4500.0
694,2.2,20,5,750.0,3750.0
694,2.2,21,4,750.0,3000.0
694,2.2,22,3,750.0,2250.0
694,2.2,23,4,750.0,3000.0
696,2.2,0,0,750.0,0.0
696,2.2,1,0,750.0,0.0
696,2.2,4,3,750.0,2250.0
696,2.2,5,7,750.0,5250.0
696,2.2,6,6,750.0,4500.0
696,2.2,7,6,750.0,4500.0
696,2.2,8,6,750.0,4500.0
696,2.2,9,6,750.0,4500.0
696,2.2,10,6,750.0,4500.0
696,2.2,11,6,750.0,4500.0
696,2.2,12,6,750.0,4500.0
696,2.2,13,6,750.0,4500.0
696,2.2,14,6,750.0,4500.0
696,2.2,15,6,750.0,4500.0
696,2.2,16,6,750.0,4500.0
696,2.2,17,6,750.0,4500.0
696,2.2,18,6,750.0,4500.0
696,2.2,19,6,750.0,4500.0
696,2.2,20,5,750.0,3750.0
696,2.2,21,4,750.0,3000.0
696,2.2,22,3,750.0,2250.0
696,2.2,23,4,750.0,3000.0
698,2.2,0,0,750.0,0.0
698,2.2,1,0,750.0,0.0
698,2.2,4,3,750.0,2250.0
698,2.2,5,7,750.0,5250.0
698,2.2,6,6,750.0,4500.0
698,2.2,7,6,750.0,4500.0
698,2.2,8,6,750.0,4500.0
698,2.2,9,6,750.0,4500.0
698,2.2,10,6,750.0,4500.0
698,2.2,11,6,750.0,4500.0
698,2.2,12,6,750.0,4500.0
698,2.2,13,6,750.0,4500.0
698,2.2,14,6,750.0,4500.0
698,2.2,15,6,750.0,4500.0
698,2.2,16,6,750.0,4500.0
698,2.2,17,6,750.0,4500.0
698,2.2,18,6,750.0,4500.0
698,2.2,19,6,750.0,4500.0
698,2.2,20,5,750.0,3750.0
698,2.2,21,4,750.0,3000.0
698,2.2,22,3,750.0,2250.0
698,2.2,23,4,750.0,3000.0
700,2.2,0,0,750.0,0.0
700,2.2,1,0,750.0,0.0
700,2.2,4,3,750.0,2250.0
700,2.2,5,7,750.0,5250.0
700,2.2,6,6,750.0,4500.0
700,2.2,7,6,750.0,4500.0
700,2.2,8,6,750.0,4500.0
700,2.2,9,6,750.0,4500.0
700,2.2,10,6,750.0,4500.0
700,2.2,11,6,750.0,4500.0
700,2.2,12,6,750.0,4500.0
700,2.2,13,6,750.0,4500.0
700,2.2,14,6,750.0,4500.0
700,2.2,15,6,750.0,4500.0
700,2.2,16,6,750.0,4500.0
700,2.2,17,6,750.0,4500.0
700,2.2,18,6,750.0,4500.0
700,2.2,19,6,750.0,4500.0
700,2.2,20,5,750.0,3750.0
700,2.2,21,4,750.0,3000.0
700,2.2,22,3,750.0,2250.0
700,2.2,23,4,750.0,3000.0
702,2.2,0,0,750.0,0.0
702,2.2,1,0,750.0,0.0
702,2.2,4,3,750.0,2250.0
702,2.2,5,7,750.0,5250.0
702,2.2,6,6,750.0,4500.0
702,2.2,7,6,750.0,4500.0
702,2.2,8,6,750.0,4500.0
702,2.2,9,6,750.0,4500.0
702,2.2,10,6,750.0,4500.0
702,2.2,11,6,750.0,4500.0
702,2.2,12,6,750.0,4500.0
702,2.2,13,6,750.0,4500.0
702,2.2,14,6,750.0,4500.0
702,2.2,15,6,750.0,4500.0
702,2.2,16,6,750.0,4500.0
702,2.2,17,6,750.0,4500.0
702,2.2,18,6,750.0,4500.0
702,2.2,19,6,750.0,4500.0
702,2.2,20,5,750.0,3750.0
702,2.2,21,4,750.0,3000.0
702,2.2,22,3,750.0,2250.0
702,2.2,23,4,750.0,3000.0
704,2.2,0,0,750.0,0.0
704,2.2,1,0,750.0,0.0
704,2.2,4,3,750.0,2250.0
704,2.2,5,7,750.0,5250.0
704,2.2,6,6,750.0,4500.0
704,2.2,7,6,750.0,4500.0
704,2.2,8,6,750.0,4500.0
704,2.2,9,6,750.0,4500.0
704,2.2,10,6,750.0,4500.0
704,2.2,11,6,750.0,4500.0
704,2.2,12,6,750.0,4500.0
704,2.2,13,6,750.0,4500.0
704,2.2,14,6,750.0,4500.0
704,2.2,15,6,750.0,4500.0
704,2.2,16,6,750.0,4500.0
704,2.2,17,6,750.0,4500.0
704,2.2,18,6,750.0,4500.0
704,2.2,19,6,750.0,4500.0
704,2.2,20,5,750.0,3750.0
704,2.2,21,4,750.0,3000.0
704,2.2,22,3,750.0,2250.0
704,2.2,23,4,750.0,3000.0
706,2.2,0,0,750.0,0.0
706,2.2,1,0,750.0,0.0
706,2.2,4,3,750.0,2250.0
706,2.2,5,7,750.0,5250.0
706,2.2,6,6,750.0,4500.0
706,2.2,7,6,750.0,4500.0
706,2.2,8,6,750.0,4500.0
706,2.2,9,6,750.0,4500.0
706,2.2,10,6,750.0,4500.0
706,2.2,11,6,750.0,4500.0
706,2.2,12,6,750.0,4500.0
706,2.2,13,6,750.0,4500.0
706,2.2,14,6,750.0,4500.0
706,2.2,15,6,750.0,4500.0
706,2.2,16,6,750.0,4500.0
706,2.2,17,6,750.0,4500.0
706,2.2,18,6,750.0,4500.0
706,2.2,19,6,750.0,4500.0
706,2.2,20,5,750.0,3750.0
706,2.2,21,4,750.0,3000.0
706,2.2,22,3,750.0,2250.0
706,2.2,23,4,750.0,3000.0
709,2.2,0,0,750.0,0.0
709,2.2,1,0,750.0,0.0
709,2.2,4,3,750.0,2250.0
709,2.2,5,7,750.0,5250.0
709,2.2,6,6,750.0,4500.0
709,2.2,7,6,750.0,4500.0
709,2.2,8,6,750.0,4500.0
709,2.2,9,6,750.0,4500.0
709,2.2,10,6,750.0,4500.0
709,2.2,11,6,750.0,4500.0
709,2.2,12,6,750.0,4500.0
709,2.2,13,6,750.0,4500.0
709,2.2,14,6,750.0,4500.0
709,2.2,15,6,750.0,4500.0
709,2.2,16,6,750.0,4500.0
709,2.2,17,6,750.0,4500.0
709,2.2,18,6,750.0,4500.0
709,2.2,19,6,750.0,4500.0
709,2.2,20,5,750.0,3750.0
709,2.2,21,4,750.0,3000.0
709,2.2,22,3,750.0,2250.0
709,2.2,23,4,750.0,3000.0
711,2.2,0,0,750.0,0.0
711,2.2,1,0,750.0,0.0
711,2.2,4,3,750.0,2250.0
711,2.2,5,7,750.0,5250.0
711,2.2,6,6,750.0,4500.0
711,2.2,7,6,750.0,4500.0
711,2.2,8,6,750.0,4500.0
711,2.2,9,6,750.0,4500.0
711,2.2,10,6,750.0,4500.0
711,2.2,11,6,750.0,4500.0
711,2.2,12,6,750.0,4500.0
711,2.2,13,6,750.0,4500.0
711,2.2,14,6,750.0,4500.0
711,2.2,15,6,750.0,4500.0
711,2.2,16,6,750.0,4500.0
711,2.2,17,6,750.0,4500.0
711,2.2,18,6,750.0,4500.0
711,2.2,19,6,750.0,4500.0
711,2.2,20,5,750.0,3750.0
711,2.2,21,4,750.0,3000.0
711,2.2,22,3,750.0,2250.0
711,2.2,23,4,750.0,3000.0
713,2.2,0,0,750.0,0.0
713,2.2,1,0,750.0,0.0
713,2.2,4,3,750.0,2250.0
713,2.2,5,7,750.0,5250.0
713,2.2,6,6,750.0,4500.0
713,2.2,7,6,750.0,4500.0
713,2.2,8,6,750.0,4500.0
713,2.2,9,6,750.0,4500.0
713,2.2,10,6,750.0,4500.0
713,2.2,11,6,750.0,4500.0
713,2.2,12,6,750.0,4500.0
713,2.2,13,6,750.0,4500.0
713,2.2,14,6,750.0,4500.0
713,2.2,15,6,750.0,4500.0
713,2.2,16,6,750.0,4500.0
713,2.2,17,6,750.0,4500.0
713,2.2,18,6,750.0,4500.0
713,2.2,19,6,750.0,4500.0
713,2.2,20,5,750.0,3750.0
713,2.2,21,4,750.0,3000.0
713,2.2,22,3,750.0,2250.0
713,2.2,23,4,750.0,3000.0
715,2.2,0,0,750.0,0.0
715,2.2,1,0,750.0,0.0
715,2.2,4,3,750.0,2250.0
715,2.2,5,7,750.0,5250.0
715,2.2,6,6,750.0,4500.0
715,2.2,7,6,750.0,4500.0
715,2.2,8,6,750.0,4500.0
715,2.2,9,6,750.0,4500.0
715,2.2,10,6,750.0,4500.0
715,2.2,11,6,750.0,4500.0
715,2.2,12,6,750.0,4500.0
715,2.2,13,6,750.0,4500.0
715,2.2,14,6,750.0,4500.0
715,2.2,15,6,750.0,4500.0
715,2.2,16,6,750.0,4500.0
715,2.2,17,6,750.0,4500.0
715,2.2,18,6,750.0,4500.0
715,2.2,19,6,750.0,4500.0
715,2.2,20,5,750.0,3750.0
715,2.2,21,4,750.0,3000.0
715,2.2,22,3,750.0,2250.0
715,2.2,23,4,750.0,3000.0
717,2.2,0,0,750.0,0.0
717,2.2,1,0,750.0,0.0
717,2.2,4,3,750.0,2250.0
717,2.2,5,7,750.0,5250.0
717,2.2,6,6,750.0,4500.0
717,2.2,7,6,750.0,4500.0
717,2.2,8,6,750.0,4500.0
717,2.2,9,6,750.0,4500.0
717,2.2,10,6,750.0,4500.0
717,2.2,11,6,750.0,4500.0
717,2.2,12,6,750.0,4500.0
717,2.2,13,6,750.0,4500.0
717,2.2,14,6,750.0,4500.0
717,2.2,15,6,750.0,4500.0
717,2.2,16,6,750.0,4500.0
717,2.2,17,6,750.0,4500.0
717,2.2,18,6,750.0,4500.0
717,2.2,19,6,750.0,4500.0
717,2.2,20,5,750.0,3750.0
717,2.2,21,4,750.0,3000.0
717,2.2,22,3,750.0,2250.0
717,2.2,23,4,750.0,3000.0
719,2.2,0,0,750.0,0.0
719,2.2,1,0,750.0,0.0
719,2.2,4,3,750.0,2250.0
719,2.2,5,7,750.0,5250.0
719,2.2,6,6,750.0,4500.0
719,2.2,7,6,750.0,4500.0
719,2.2,8,6,750.0,4500.0
719,2.2,9,6,750.0,4500.0
719,2.2,10,6,750.0,4500.0
719,2.2,11,6,750.0,4500.0
719,2.2,12,6,750.0,4500.0
719,2.2,13,6,750.0,4500.0
719,2.2,14,6,750.0,4500.0
719,2.2,15,6,750.0,4500.0
719,2.2,16,6,750.0,4500.0
719,2.2,17,6,750.0,4500.0
719,2.2,18,6,750.0,4500.0
719,2.2,19,6,750.0,4500.0
719,2.2,20,5,750.0,3750.0
719,2.2,21,4,750.0,3000.0
719,2.2,22,3,750.0,2250.0
719,2.2,23,4,750.0,3000.0
721,2.2,0,0,750.0,0.0
721,2.2,1,0,750.0,0.0
721,2.2,4,3,750.0,2250.0
721,2.2,5,7,750.0,5250.0
721,2.2,6,6,750.0,4500.0
721,2.2,7,6,750.0,4500.0
721,2.2,8,6,750.0,4500.0
721,2.2,9,6,750.0,4500.0
721,2.2,10,6,750.0,4500.0
721,2.2,11,6,750.0,4500.0
721,2.2,12,6,750.0,4500.0
721,2.2,13,6,750.0,4500.0
721,2.2,14,6,750.0,4500.0
721,2.2,15,6,750.0,4500.0
721,2.2,16,6,750.0,4500.0
721,2.2,17,6,750.0,4500.0
721,2.2,18,6,750.0,4500.0
721,2.2,19,6,750.0,4500.0
721,2.2,20,5,750.0,3750.0
721,2.2,21,4,750.0,3000.0
721,2.2,22,3,750.0,2250.0
721,2.2,23,4,750.0,3000.0
723,2.2,0,0,750.0,0.0
723,2.2,1,0,750.0,0.0
723,2.2,4,3,750.0,2250.0
723,2.2,5,7,750.0,5250.0
723,2.2,6,6,750.0,4500.0
723,2.2,7,6,750.0,4500.0
723,2.2,8,6,750.0,4500.0
723,2.2,9,6,750.0,4500.0
723,2.2,10,6,750.0,4500.0
723,2.2,11,6,750.0,4500.0
723,2.2,12,6,750.0,4500.0
723,2.2,13,6,750.0,4500.0
723,2.2,14,6,750.0,4500.0
723,2.2,15,6,750.0,4500.0
723,2.2,16,6,750.0,4500.0
723,2.2,17,6,750.0,4500.0
723,2.2,18,6,750.0,4500.0
723,2.2,19,6,750.0,4500.0
723,2.2,20,5,750.0,3750.0
723,2.2,21,4,750.0,3000.0
723,2.2,22,3,750.0,2250.0
723,2.2,23,4,750.0,3000.0
725,2.2,0,0,750.0,0.0
725,2.2,1,0,750.0,0.0
725,2.2,4,3,750.0,2250.0
725,2.2,5,7,750.0,5250.0
725,2.2,6,6,750.0,4500.0
725,2.2,7,6,750.0,4500.0
725,2.2,8,6,750.0,4500.0
725,2.2,9,6,750.0,4500.0
725,2.2,10,6,750.0,4500.0
725,2.2,11,6,750.0,4500.0
725,2.2,12,6,750.0,4500.0
725,2.2,13,6,750.0,4500.0
725,2.2,14,6,750.0,4500.0
725,2.2,15,6,750.0,4500.0
725,2.2,16,6,750.0,4500.0
725,2.2,17,6,750.0,4500.0
725,2.2,18,6,750.0,4500.0
725,2.2,19,6,750.0,4500.0
725,2.2,20,5,750.0,3750.0
725,2.2,21,4,750.0,3000.0
725,2.2,22,3,750.0,2250.0
725,2.2,23,4,750.0,3000.0
727,2.2,0,0,750.0,0.0
727,2.2,1,0,750.0,0.0
727,2.2,4,3,750.0,2250.0
727,2.2,5,7,750.0,5250.0
727,2.2,6,6,750.0,4500.0
727,2.2,7,6,750.0,4500.0
727,2.2,8,6,750.0,4500.0
727,2.2,9,6,750.0,4500.0
727,2.2,10,6,750.0,4500.0
727,2.2,11,6,750.0,4500.0
727,2.2,12,6,750.0,4500.0
727,2.2,13,6,750.0,4500.0
727,2.2,14,6,750.0,4500.0
727,2.2,15,6,750.0,4500.0
727,2.2,16,6,750.0,4500.0
727,2.2,17,6,750.0,4500.0
727,2.2,18,6,750.0,4500.0
727,2.2,19,6,750.0,4500.0
727,2.2,20,5,750.0,3750.0
727,2.2,21,4,750.0,3000.0
727,2.2,22,3,750.0,2250.0
727,2.2,23,4,750.0,3000.0
729,2.2,0,0,750.0,0.0
729,2.2,1,0,750.0,0.0
729,2.2,4,3,750.0,2250.0
729,2.2,5,7,750.0,5250.0
729,2.2,6,6,750.0,4500.0
729,2.2,7,6,750.0,4500.0
729,2.2,8,6,750.0,4500.0
729,2.2,9,6,750.0,4500.0
729,2.2,10,6,750.0,4500.0
729,2.2,11,6,750.0,4500.0
729,2.2,12,6,750.0,4500.0
729,2.2,13,6,750.0,4500.0
729,2.2,14,6,750.0,4500.0
729,2.2,15,6,750.0,4500.0
729,2.2,16,6,750.0,4500.0
729,2.2,17,6,750.0,4500.0
729,2.2,18,6,750.0,4500.0
729,2.2,19,6,750.0,4500.0
729,2.2,20,5,750.0,3750.0
729,2.2,21,4,750.0,3000.0
729,2.2,22,3,750.0,2250.0
729,2.2,23,4,750.0,3000.0
731,2.2,0,0,750.0,0.0
731,2.2,1,0,750.0,0.0
731,2.2,4,3,750.0,2250.0
731,2.2,5,7,750.0,5250.0
731,2.2,6,6,750.0,4500.0
731,2.2,7,6,750.0,4500.0
731,2.2,8,6,750.0,4500.0
731,2.2,9,6,750.0,4500.0
731,2.2,10,6,750.0,4500.0
731,2.2,11,6,750.0,4500.0
731,2.2,12,6,750.0,4500.0
731,2.2,13,6,750.0,4500.0
731,2.2,14,6,750.0,4500.0
731,2.2,15,6,750.0,4500.0
731,2.2,16,6,750.0,4500.0
731,2.2,17,6,750.0,4500.0
731,2.2,18,6,750.0,4500.0
731,2.2,19,6,750.0,4500.0
731,2.2,20,5,750.0,3750.0
731,2.2,21,4,750.0,3000.0
731,2.2,22,3,750.0,2250.0
731,2.2,23,4,750.0,3000.0
733,2.2,0,0,750.0,0.0
733,2.2,1,0,750.0,0.0
733,2.2,4,3,750.0,2250.0
733,2.2,5,7,750.0,5250.0
733,2.2,6,6,750.0,4500.0
733,2.2,7,6,750.0,4500.0
733,2.2,8,6,750.0,4500.0
733,2.2,9,6,750.0,4500.0
733,2.2,10,6,750.0,4500.0
733,2.2,11,6,750.0,4500.0
733,2.2,12,6,750.0,4500.0
733,2.2,13,6,750.0,4500.0
733,2.2,14,6,750.0,4500.0
733,2.2,15,6,750.0,4500.0
733,2.2,16,6,750.0,4500.0
733,2.2,17,6,750.0,4500.0
733,2.2,18,6,750.0,4500.0
733,2.2,19,6,750.0,4500.0
733,2.2,20,5,750.0,3750.0
733,2.2,21,4,750.0,3000.0
733,2.2,22,3,750.0,2250.0
733,2.2,23,4,750.0,3000.0
735,2.2,0,0,750.0,0.0
735,2.2,1,0,750.0,0.0
735,2.2,4,3,750.0,2250.0
735,2.2,5,7,750.0,5250.0
735,2.2,6,6,750.0,4500.0
735,2.2,7,6,750.0,4500.0
735,2.2,8,6,750.0,4500.0
735,2.2,9,6,750.0,4500.0
735,2.2,10,6,750.0,4500.0
735,2.2,11,6,750.0,4500.0
735,2.2,12,6,750.0,4500.0
735,2.2,13,6,750.0,4500.0
735,2.2,14,6,750.0,4500.0
735,2.2,15,6,750.0,4500.0
735,2.2,16,6,750.0,4500.0
735,2.2,17,6,750.0,4500.0
735,2.2,18,6,750.0,4500.0
735,2.2,19,6,750.0,4500.0
735,2.2,20,5,750.0,3750.0
735,2.2,21,4,750.0,3000.0
735,2.2,22,3,750.0,2250.0
735,2.2,23,4,750.0,3000.0
737,2.2,0,0,750.0,0.0
737,2.2,1,0,750.0,0.0
737,2.2,4,3,750.0,2250.0
737,2.2,5,7,750.0,5250.0
737,2.2,6,6,750.0,4500.0
737,2.2,7,6,750.0,4500.0
737,2.2,8,6,750.0,4500.0
737,2.2,9,6,750.0,4500.0
737,2.2,10,6,750.0,4500.0
737,2.2,11,6,750.0,4500.0
737,2.2,12,6,750.0,4500.0
737,2.2,13,6,750.0,4500.0
737,2.2,14,6,750.0,4500.0
737,2.2,15,6,750.0,4500.0
737,2.2,16,6,750.0,4500.0
737,2.2,17,6,750.0,4500.0
737,2.2,18,6,750.0,4500.0
737,2.2,19,6,750.0,4500.0
737,2.2,20,5,750.0,3750.0
737,2.2,21,4,750.0,3000.0
737,2.2,22,3,750.0,2250.0
737,2.2,23,4,750.0,3000.0
739,2.2,0,0,750.0,0.0
739,2.2,1,0,750.0,0.0
739,2.2,4,3,750.0,2250.0
739,2.2,5,7,750.0,5250.0
739,2.2,6,6,750.0,4500.0
739,2.2,7,6,750.0,4500.0
739,2.2,8,6,750.0,4500.0
739,2.2,9,6,750.0,4500.0
739,2.2,10,6,750.0,4500.0
739,2.2,11,6,750.0,4500.0
739,2.2,12,6,750.0,4500.0
739,2.2,13,6,750.0,4500.0
739,2.2,14,6,750.0,4500.0
739,2.2,15,6,750.0,4500.0
739,2.2,16,6,750.0,4500.0
739,2.2,17,6,750.0,4500.0
739,2.2,18,6,750.0,4500.0
739,2.2,19,6,750.0,4500.0
739,2.2,20,5,750.0,3750.0
739,2.2,21,4,750.0,3000.0
739,2.2,22,3,750.0,2250.0
739,2.2,23,4,750.0,3000.0
741,2.2,0,0,750.0,0.0
741,2.2,1,0,750.0,0.0
741,2.2,4,3,750.0,2250.0
741,2.2,5,7,750.0,5250.0
741,2.2,6,6,750.0,4500.0
741,2.2,7,6,750.0,4500.0
741,2.2,8,6,750.0,4500.0
741,2.2,9,6,750.0,4500.0
741,2.2,10,6,750.0,4500.0
741,2.2,11,6,750.0,4500.0
741,2.2,12,6,750.0,4500.0
741,2.2,13,6,750.0,4500.0
741,2.2,14,6,750.0,4500.0
741,2.2,15,6,750.0,4500.0
741,2.2,16,6,750.0,4500.0
741,2.2,17,6,750.0,4500.0
741,2.2,18,6,750.0,4500.0
741,2.2,19,6,750.0,4500.0
741,2.2,20,5,750.0,3750.0
741,2.2,21,4,750.0,3000.0
741,2.2,22,3,750.0,2250.0
741,2.2,23,4,750.0,3000.0
743,2.2,0,0,750.0,0.0
743,2.2,1,0,750.0,0.0
743,2.2,4,3,750.0,2250.0
743,2.2,5,7,750.0,5250.0
743,2.2,6,6,750.0,4500.0
743,2.2,7,6,750.0,4500.0
743,2.2,8,6,750.0,4500.0
743,2.2,9,6,750.0,4500.0
743,2.2,10,6,750.0,4500.0
743,2.2,11,6,750.0,4500.0
743,2.2,12,6,750.0,4500.0
743,2.2,13,6,750.0,4500.0
743,2.2,14,6,750.0,4500.0
743,2.2,15,6,750.0,4500.0
743,2.2,16,6,750.0,4500.0
743,2.2,17,6,750.0,4500.0
743,2.2,18,6,750.0,4500.0
743,2.2,19,6,750.0,4500.0
743,2.2,20,5,750.0,3750.0
743,2.2,21,4,750.0,3000.0
743,2.2,22,3,750.0,2250.0
743,2.2,23,4,750.0,3000.0
745,2.2,0,0,750.0,0.0
745,2.2,1,0,750.0,0.0
745,2.2,4,3,750.0,2250.0
745,2.2,5,7,750.0,5250.0
745,2.2,6,6,750.0,4500.0
745,2.2,7,6,750.0,4500.0
745,2.2,8,6,750.0,4500.0
745,2.2,9,6,750.0,4500.0
745,2.2,10,6,750.0,4500.0
745,2.2,11,6,750.0,4500.0
745,2.2,12,6,750.0,4500.0
745,2.2,13,6,750.0,4500.0
745,2.2,14,6,750.0,4500.0
745,2.2,15,6,750.0,4500.0
745,2.2,16,6,750.0,4500.0
745,2.2,17,6,750.0,4500.0
745,2.2,18,6,750.0,4500.0
745,2.2,19,6,750.0,4500.0
745,2.2,20,5,750.0,3750.0
745,2.2,21,4,750.0,3000.0
745,2.2,22,3,750.0,2250.0
745,2.2,23,4,750.0,3000.0
747,2.2,0,0,750.0,0.0
747,2.2,1,0,750.0,0.0
747,2.2,4,3,750.0,2250.0
747,2.2,5,7,750.0,5250.0
747,2.2,6,6,750.0,4500.0
747,2.2,7,6,750.0,4500.0
747,2.2,8,6,750.0,4500.0
747,2.2,9,6,750.0,4500.0
747,2.2,10,6,750.0,4500.0
747,2.2,11,6,750.0,4500.0
747,2.2,12,6,750.0,4500.0
747,2.2,13,6,750.0,4500.0
747,2.2,14,6,750.0,4500.0
747,2.2,15,6,750.0,4500.0
747,2.2,16,6,750.0,4500.0
747,2.2,17,6,750.0,4500.0
747,2.2,18,6,750.0,4500.0
747,2.2,19,6,750.0,4500.0
747,2.2,20,5,750.0,3750.0
747,2.2,21,4,750.0,3000.0
747,2.2,22,3,750.0,2250.0
747,2.2,23,4,750.0,3000.0
749,20.1,0,2,450.0,900.0
749,20.1,1,1,450.0,450.0
749,20.1,4,0,450.0,0.0
749,20.1,5,9,450.0,4050.0
749,20.1,6,9,450.0,4050.0
749,20.1,7,10,450.0,4500.0
749,20.1,8,10,450.0,4500.0
749,20.1,9,10,450.0,4500.0
749,20.1,10,9,450.0,4050.0
749,20.1,11,10,450.0,4500.0
749,20.1,12,10,450.0,4500.0
749,20.1,13,9,450.0,4050.0
749,20.1,14,10,450.0,4500.0
749,20.1,15,10,450.0,4500.0
749,20.1,16,9,450.0,4050.0
749,20.1,17,10,450.0,4500.0
749,20.1,18,10,450.0,4500.0
749,20.1,19,9,450.0,4050.0
749,20.1,20,10,450.0,4500.0
749,20.1,21,10,450.0,4500.0
749,20.1,22,9,450.0,4050.0
749,20.1,23,3,450.0,1350.0
752,3.2,0,0,450.0,0.0
752,3.2,1,0,450.0,0.0
752,3.2,4,3,450.0,1350.0
752,3.2,5,3,450.0,1350.0
752,3.2,6,3,450.0,1350.0
752,3.2,7,3,450.0,1350.0
752,3.2,8,3,450.0,1350.0
752,3.2,9,3,450.0,1350.0
752,3.2,10,3,450.0,1350.0
752,3.2,11,3,450.0,1350.0
752,3.2,12,3,450.0,1350.0
752,3.2,13,3,450.0,1350.0
752,3.2,14,3,450.0,1350.0
752,3.2,15,3,450.0,1350.0
752,3.2,16,3,450.0,1350.0
752,3.2,17,3,450.0,1350.0
752,3.2,18,3,450.0,1350.0
752,3.2,19,3,450.0,1350.0
752,3.2,20,3,450.0,1350.0
752,3.2,21,3,450.0,1350.0
752,3.2,22,3,450.0,1350.0
752,3.2,23,3,450.0,1350.0
754,3.2,0,0,450.0,0.0
754,3.2,1,0,450.0,0.0
754,3.2,4,3,450.0,1350.0
754,3.2,5,3,450.0,1350.0
754,3.2,6,3,450.0,1350.0
754,3.2,7,3,450.0,1350.0
754,3.2,8,3,450.0,1350.0
754,3.2,9,3,450.0,1350.0
754,3.2,10,3,450.0,1350.0
754,3.2,11,3,450.0,1350.0
754,3.2,12,3,450.0,1350.0
754,3.2,13,3,450.0,1350.0
754,3.2,14,3,450.0,1350.0
754,3.2,15,3,450.0,1350.0
754,3.2,16,3,450.0,1350.0
754,3.2,17,3,450.0,1350.0
754,3.2,18,3,450.0,1350.0
754,3.2,19,3,450.0,1350.0
754,3.2,20,3,450.0,1350.0
754,3.2,21,3,450.0,1350.0
754,3.2,22,3,450.0,1350.0
754,3.2,23,3,450.0,1350.0
756,3.2,0,0,450.0,0.0
756,3.2,1,0,450.0,0.0
756,3.2,4,3,450.0,1350.0
756,3.2,5,3,450.0,1350.0
756,3.2,6,3,450.0,1350.0
756,3.2,7,3,450.0,1350.0
756,3.2,8,3,450.0,1350.0
756,3.2,9,3,450.0,1350.0
756,3.2,10,3,450.0,1350.0
756,3.2,11,3,450.0,1350.0
756,3.2,12,3,450.0,1350.0
756,3.2,13,3,450.0,1350.0
756,3.2,14,3,450.0,1350.0
756,3.2,15,3,450.0,1350.0
756,3.2,16,3,450.0,1350.0
756,3.2,17,3,450.0,1350.0
756,3.2,18,3,450.0,1350.0
756,3.2,19,3,450.0,1350.0
756,3.2,20,3,450.0,1350.0
756,3.2,21,3,450.0,1350.0
756,3.2,22,3,450.0,1350.0
756,3.2,23,3,450.0,1350.0
758,3.2,0,0,450.0,0.0
758,3.2,1,0,450.0,0.0
758,3.2,4,3,450.0,1350.0
758,3.2,5,3,450.0,1350.0
758,3.2,6,3,450.0,1350.0
758,3.2,7,3,450.0,1350.0
758,3.2,8,3,450.0,1350.0
758,3.2,9,3,450.0,1350.0
758,3.2,10,3,450.0,1350.0
758,3.2,11,3,450.0,1350.0
758,3.2,12,3,450.0,1350.0
758,3.2,13,3,450.0,1350.0
758,3.2,14,3,450.0,1350.0
758,3.2,15,3,450.0,1350.0
758,3.2,16,3,450.0,1350.0
758,3.2,17,3,450.0,1350.0
758,3.2,18,3,450.0,1350.0
758,3.2,19,3,450.0,1350.0
758,3.2,20,3,450.0,1350.0
758,3.2,21,3,450.0,1350.0
758,3.2,22,3,450.0,1350.0
758,3.2,23,3,450.0,1350.0
760,3.2,0,0,450.0,0.0
760,3.2,1,0,450.0,0.0
760,3.2,4,3,450.0,1350.0
760,3.2,5,3,450.0,1350.0
760,3.2,6,3,450.0,1350.0
760,3.2,7,3,450.0,1350.0
760,3.2,8,3,450.0,1350.0
760,3.2,9,3,450.0,1350.0
760,3.2,10,3,450.0,1350.0
760,3.2,11,3,450.0,1350.0
760,3.2,12,3,450.0,1350.0
760,3.2,13,3,450.0,1350.0
760,3.2,14,3,450.0,1350.0
760,3.2,15,3,450.0,1350.0
760,3.2,16,3,450.0,1350.0
760,3.2,17,3,450.0,1350.0
760,3.2,18,3,450.0,1350.0
760,3.2,19,3,450.0,1350.0
760,3.2,20,3,450.0,1350.0
760,3.2,21,3,450.0,1350.0
760,3.2,22,3,450.0,1350.0
760,3.2,23,3,450.0,1350.0
762,3.2,0,0,450.0,0.0
762,3.2,1,0,450.0,0.0
762,3.2,4,3,450.0,1350.0
762,3.2,5,3,450.0,1350.0
762,3.2,6,3,450.0,1350.0
762,3.2,7,3,450.0,1350.0
762,3.2,8,3,450.0,1350.0
762,3.2,9,3,450.0,1350.0
762,3.2,10,3,450.0,1350.0
762,3.2,11,3,450.0,1350.0
762,3.2,12,3,450.0,1350.0
762,3.2,13,3,450.0,1350.0
762,3.2,14,3,450.0,1350.0
762,3.2,15,3,450.0,1350.0
762,3.2,16,3,450.0,1350.0
762,3.2,17,3,450.0,1350.0
762,3.2,18,3,450.0,1350.0
762,3.2,19,3,450.0,1350.0
762,3.2,20,3,450.0,1350.0
762,3.2,21,3,450.0,1350.0
762,3.2,22,3,450.0,1350.0
762,3.2,23,3,450.0,1350.0
764,3.2,0,0,450.0,0.0
764,3.2,1,0,450.0,0.0
764,3.2,4,3,450.0,1350.0
764,3.2,5,3,450.0,1350.0
764,3.2,6,3,450.0,1350.0
764,3.2,7,3,450.0,1350.0
764,3.2,8,3,450.0,1350.0
764,3.2,9,3,450.0,1350.0
764,3.2,10,3,450.0,1350.0
764,3.2,11,3,450.0,1350.0
764,3.2,12,3,450.0,1350.0
764,3.2,13,3,450.0,1350.0
764,3.2,14,3,450.0,1350.0
764,3.2,15,3,450.0,1350.0
764,3.2,16,3,450.0,1350.0
764,3.2,17,3,450.0,1350.0
764,3.2,18,3,450.0,1350.0
764,3.2,19,3,450.0,1350.0
764,3.2,20,3,450.0,1350.0
764,3.2,21,3,450.0,1350.0
764,3.2,22,3,450.0,1350.0
764,3.2,23,3,450.0,1350.0
766,3.2,0,0,450.0,0.0
766,3.2,1,0,450.0,0.0
766,3.2,4,3,450.0,1350.0
766,3.2,5,3,450.0,1350.0
766,3.2,6,3,450.0,1350.0
766,3.2,7,3,450.0,1350.0
766,3.2,8,3,450.0,1350.0
766,3.2,9,3,450.0,1350.0
766,3.2,10,3,450.0,1350.0
766,3.2,11,3,450.0,1350.0
766,3.2,12,3,450.0,1350.0
766,3.2,13,3,450.0,1350.0
766,3.2,14,3,450.0,1350.0
766,3.2,15,3,450.0,1350.0
766,3.2,16,3,450.0,1350.0
766,3.2,17,3,450.0,1350.0
766,3.2,18,3,450.0,1350.0
766,3.2,19,3,450.0,1350.0
766,3.2,20,3,450.0,1350.0
766,3.2,21,3,450.0,1350.0
766,3.2,22,3,450.0,1350.0
766,3.2,23,3,450.0,1350.0
768,3.2,0,0,450.0,0.0
768,3.2,1,0,450.0,0.0
768,3.2,4,3,450.0,1350.0
768,3.2,5,3,450.0,1350.0
768,3.2,6,3,450.0,1350.0
768,3.2,7,3,450.0,1350.0
768,3.2,8,3,450.0,1350.0
768,3.2,9,3,450.0,1350.0
768,3.2,10,3,450.0,1350.0
768,3.2,11,3,450.0,1350.0
768,3.2,12,3,450.0,1350.0
768,3.2,13,3,450.0,1350.0
768,3.2,14,3,450.0,1350.0
768,3.2,15,3,450.0,1350.0
768,3.2,16,3,450.0,1350.0
768,3.2,17,3,450.0,1350.0
768,3.2,18,3,450.0,1350.0
768,3.2,19,3,450.0,1350.0
768,3.2,20,3,450.0,1350.0
768,3.2,21,3,450.0,1350.0
768,3.2,22,3,450.0,1350.0
768,3.2,23,3,450.0,1350.0
770,3.2,0,0,450.0,0.0
770,3.2,1,0,450.0,0.0
770,3.2,4,3,450.0,1350.0
770,3.2,5,3,450.0,1350.0
770,3.2,6,3,450.0,1350.0
770,3.2,7,3,450.0,1350.0
770,3.2,8,3,450.0,1350.0
770,3.2,9,3,450.0,1350.0
770,3.2,10,3,450.0,1350.0
770,3.2,11,3,450.0,1350.0
770,3.2,12,3,450.0,1350.0
770,3.2,13,3,450.0,1350.0
770,3.2,14,3,450.0,1350.0
770,3.2,15,3,450.0,1350.0
770,3.2,16,3,450.0,1350.0
770,3.2,17,3,450.0,1350.0
770,3.2,18,3,450.0,1350.0
770,3.2,19,3,450.0,1350.0
770,3.2,20,3,450.0,1350.0
770,3.2,21,3,450.0,1350.0
770,3.2,22,3,450.0,1350.0
770,3.2,23,3,450.0,1350.0
772,3.2,0,0,450.0,0.0
772,3.2,1,0,450.0,0.0
772,3.2,4,3,450.0,1350.0
772,3.2,5,3,450.0,1350.0
772,3.2,6,3,450.0,1350.0
772,3.2,7,3,450.0,1350.0
772,3.2,8,3,450.0,1350.0
772,3.2,9,3,450.0,1350.0
772,3.2,10,3,450.0,1350.0
772,3.2,11,3,450.0,1350.0
772,3.2,12,3,450.0,1350.0
772,3.2,13,3,450.0,1350.0
772,3.2,14,3,450.0,1350.0
772,3.2,15,3,450.0,1350.0
772,3.2,16,3,450.0,1350.0
772,3.2,17,3,450.0,1350.0
772,3.2,18,3,450.0,1350.0
772,3.2,19,3,450.0,1350.0
772,3.2,20,3,450.0,1350.0
772,3.2,21,3,450.0,1350.0
772,3.2,22,3,450.0,1350.0
772,3.2,23,3,450.0,1350.0
774,3.2,0,0,450.0,0.0
774,3.2,1,0,450.0,0.0
774,3.2,4,3,450.0,1350.0
774,3.2,5,3,450.0,1350.0
774,3.2,6,3,450.0,1350.0
774,3.2,7,3,450.0,1350.0
774,3.2,8,3,450.0,1350.0
774,3.2,9,3,450.0,1350.0
774,3.2,10,3,450.0,1350.0
774,3.2,11,3,450.0,1350.0
774,3.2,12,3,450.0,1350.0
774,3.2,13,3,450.0,1350.0
774,3.2,14,3,450.0,1350.0
774,3.2,15,3,450.0,1350.0
774,3.2,16,3,450.0,1350.0
774,3.2,17,3,450.0,1350.0
774,3.2,18,3,450.0,1350.0
774,3.2,19,3,450.0,1350.0
774,3.2,20,3,450.0,1350.0
774,3.2,21,3,450.0,1350.0
774,3.2,22,3,450.0,1350.0
774,3.2,23,3,450.0,1350.0
776,3.2,0,0,450.0,0.0
776,3.2,1,0,450.0,0.0
776,3.2,4,3,450.0,1350.0
776,3.2,5,3,450.0,1350.0
776,3.2,6,3,450.0,1350.0
776,3.2,7,3,450.0,1350.0
776,3.2,8,3,450.0,1350.0
776,3.2,9,3,450.0,1350.0
776,3.2,10,3,450.0,1350.0
776,3.2,11,3,450.0,1350.0
776,3.2,12,3,450.0,1350.0
776,3.2,13,3,450.0,1350.0
776,3.2,14,3,450.0,1350.0
776,3.2,15,3,450.0,1350.0
776,3.2,16,3,450.0,1350.0
776,3.2,17,3,450.0,1350.0
776,3.2,18,3,450.0,1350.0
776,3.2,19,3,450.0,1350.0
776,3.2,20,3,450.0,1350.0
776,3.2,21,3,450.0,1350.0
776,3.2,22,3,450.0,1350.0
776,3.2,23,3,450.0,1350.0
778,3.2,0,0,450.0,0.0
778,3.2,1,0,450.0,0.0
778,3.2,4,3,450.0,1350.0
778,3.2,5,3,450.0,1350.0
778,3.2,6,3,450.0,1350.0
778,3.2,7,3,450.0,1350.0
778,3.2,8,3,450.0,1350.0
778,3.2,9,3,450.0,1350.0
778,3.2,10,3,450.0,1350.0
778,3.2,11,3,450.0,1350.0
778,3.2,12,3,450.0,1350.0
778,3.2,13,3,450.0,1350.0
778,3.2,14,3,450.0,1350.0
778,3.2,15,3,450.0,1350.0
778,3.2,16,3,450.0,1350.0
778,3.2,17,3,450.0,1350.0
778,3.2,18,3,450.0,1350.0
778,3.2,19,3,450.0,1350.0
778,3.2,20,3,450.0,1350.0
778,3.2,21,3,450.0,1350.0
778,3.2,22,3,450.0,1350.0
778,3.2,23,3,450.0,1350.0
780,3.2,0,0,450.0,0.0
780,3.2,1,0,450.0,0.0
780,3.2,4,3,450.0,1350.0
780,3.2,5,3,450.0,1350.0
780,3.2,6,3,450.0,1350.0
780,3.2,7,3,450.0,1350.0
780,3.2,8,3,450.0,1350.0
780,3.2,9,3,450.0,1350.0
780,3.2,10,3,450.0,1350.0
780,3.2,11,3,450.0,1350.0
780,3.2,12,3,450.0,1350.0
780,3.2,13,3,450.0,1350.0
780,3.2,14,3,450.0,1350.0
780,3.2,15,3,450.0,1350.0
780,3.2,16,3,450.0,1350.0
780,3.2,17,3,450.0,1350.0
780,3.2,18,3,450.0,1350.0
780,3.2,19,3,450.0,1350.0
780,3.2,20,3,450.0,1350.0
780,3.2,21,3,450.0,1350.0
780,3.2,22,3,450.0,1350.0
780,3.2,23,3,450.0,1350.0
782,3.2,0,0,450.0,0.0
782,3.2,1,0,450.0,0.0
782,3.2,4,3,450.0,1350.0
782,3.2,5,3,450.0,1350.0
782,3.2,6,3,450.0,1350.0
782,3.2,7,3,450.0,1350.0
782,3.2,8,3,450.0,1350.0
782,3.2,9,3,450.0,1350.0
782,3.2,10,3,450.0,1350.0
782,3.2,11,3,450.0,1350.0
782,3.2,12,3,450.0,1350.0
782,3.2,13,3,450.0,1350.0
782,3.2,14,3,450.0,1350.0
782,3.2,15,3,450.0,1350.0
782,3.2,16,3,450.0,1350.0
782,3.2,17,3,450.0,1350.0
782,3.2,18,3,450.0,1350.0
782,3.2,19,3,450.0,1350.0
782,3.2,20,3,450.0,1350.0
782,3.2,21,3,450.0,1350.0
782,3.2,22,3,450.0,1350.0
782,3.2,23,3,450.0,1350.0
784,3.2,0,0,450.0,0.0
784,3.2,1,0,450.0,0.0
784,3.2,4,3,450.0,1350.0
784,3.2,5,3,450.0,1350.0
784,3.2,6,3,450.0,1350.0
784,3.2,7,3,450.0,1350.0
784,3.2,8,3,450.0,1350.0
784,3.2,9,3,450.0,1350.0
784,3.2,10,3,450.0,1350.0
784,3.2,11,3,450.0,1350.0
784,3.2,12,3,450.0,1350.0
784,3.2,13,3,450.0,1350.0
784,3.2,14,3,450.0,1350.0
784,3.2,15,3,450.0,1350.0
784,3.2,16,3,450.0,1350.0
784,3.2,17,3,450.0,1350.0
784,3.2,18,3,450.0,1350.0
784,3.2,19,3,450.0,1350.0
784,3.2,20,3,450.0,1350.0
784,3.2,21,3,450.0,1350.0
784,3.2,22,3,450.0,1350.0
784,3.2,23,3,450.0,1350.0
786,3.2,0,0,450.0,0.0
786,3.2,1,0,450.0,0.0
786,3.2,4,3,450.0,1350.0
786,3.2,5,3,450.0,1350.0
786,3.2,6,3,450.0,1350.0
786,3.2,7,3,450.0,1350.0
786,3.2,8,3,450.0,1350.0
786,3.2,9,3,450.0,1350.0
786,3.2,10,3,450.0,1350.0
786,3.2,11,3,450.0,1350.0
786,3.2,12,3,450.0,1350.0
786,3.2,13,3,450.0,1350.0
786,3.2,14,3,450.0,1350.0
786,3.2,15,3,450.0,1350.0
786,3.2,16,3,450.0,1350.0
786,3.2,17,3,450.0,1350.0
786,3.2,18,3,450.0,1350.0
786,3.2,19,3,450.0,1350.0
786,3.2,20,3,450.0,1350.0
786,3.2,21,3,450.0,1350.0
786,3.2,22,3,450.0,1350.0
786,3.2,23,3,450.0,1350.0
788,3.2,0,0,450.0,0.0
788,3.2,1,0,450.0,0.0
788,3.2,4,3,450.0,1350.0
788,3.2,5,3,450.0,1350.0
788,3.2,6,3,450.0,1350.0
788,3.2,7,3,450.0,1350.0
788,3.2,8,3,450.0,1350.0
788,3.2,9,3,450.0,1350.0
788,3.2,10,3,450.0,1350.0
788,3.2,11,3,450.0,1350.0
788,3.2,12,3,450.0,1350.0
788,3.2,13,3,450.0,1350.0
788,3.2,14,3,450.0,1350.0
788,3.2,15,3,450.0,1350.0
788,3.2,16,3,450.0,1350.0
788,3.2,17,3,450.0,1350.0
788,3.2,18,3,450.0,1350.0
788,3.2,19,3,450.0,1350.0
788,3.2,20,3,450.0,1350.0
788,3.2,21,3,450.0,1350.0
788,3.2,22,3,450.0,1350.0
788,3.2,23,3,450.0,1350.0
790,3.2,0,0,450.0,0.0
790,3.2,1,0,450.0,0.0
790,3.2,4,3,450.0,1350.0
790,3.2,5,3,450.0,1350.0
790,3.2,6,3,450.0,1350.0
790,3.2,7,3,450.0,1350.0
790,3.2,8,3,450.0,1350.0
790,3.2,9,3,450.0,1350.0
790,3.2,10,3,450.0,1350.0
790,3.2,11,3,450.0,1350.0
790,3.2,12,3,450.0,1350.0
790,3.2,13,3,450.0,1350.0
790,3.2,14,3,450.0,1350.0
790,3.2,15,3,450.0,1350.0
790,3.2,16,3,450.0,1350.0
790,3.2,17,3,450.0,1350.0
790,3.2,18,3,450.0,1350.0
790,3.2,19,3,450.0,1350.0
790,3.2,20,3,450.0,1350.0
790,3.2,21,3,450.0,1350.0
790,3.2,22,3,450.0,1350.0
790,3.2,23,3,450.0,1350.0
792,3.2,0,0,450.0,0.0
792,3.2,1,0,450.0,0.0
792,3.2,4,3,450.0,1350.0
792,3.2,5,3,450.0,1350.0
792,3.2,6,3,450.0,1350.0
792,3.2,7,3,450.0,1350.0
792,3.2,8,3,450.0,1350.0
792,3.2,9,3,450.0,1350.0
792,3.2,10,3,450.0,1350.0
792,3.2,11,3,450.0,1350.0
792,3.2,12,3,450.0,1350.0
792,3.2,13,3,450.0,1350.0
792,3.2,14,3,450.0,1350.0
792,3.2,15,3,450.0,1350.0
792,3.2,16,3,450.0,1350.0
792,3.2,17,3,450.0,1350.0
792,3.2,18,3,450.0,1350.0
792,3.2,19,3,450.0,1350.0
792,3.2,20,3,450.0,1350.0
792,3.2,21,3,450.0,1350.0
792,3.2,22,3,450.0,1350.0
792,3.2,23,3,450.0,1350.0
794,3.2,0,0,450.0,0.0
794,3.2,1,0,450.0,0.0
794,3.2,4,3,450.0,1350.0
794,3.2,5,3,450.0,1350.0
794,3.2,6,3,450.0,1350.0
794,3.2,7,3,450.0,1350.0
794,3.2,8,3,450.0,1350.0
794,3.2,9,3,450.0,1350.0
794,3.2,10,3,450.0,1350.0
794,3.2,11,3,450.0,1350.0
794,3.2,12,3,450.0,1350.0
794,3.2,13,3,450.0,1350.0
794,3.2,14,3,450.0,1350.0
794,3.2,15,3,450.0,1350.0
794,3.2,16,3,450.0,1350.0
794,3.2,17,3,450.0,1350.0
794,3.2,18,3,450.0,1350.0
794,3.2,19,3,450.0,1350.0
794,3.2,20,3,450.0,1350.0
794,3.2,21,3,450.0,1350.0
794,3.2,22,3,450.0,1350.0
794,3.2,23,3,450.0,1350.0
796,3.2,0,0,450.0,0.0
796,3.2,1,0,450.0,0.0
796,3.2,4,3,450.0,1350.0
796,3.2,5,3,450.0,1350.0
796,3.2,6,3,450.0,1350.0
796,3.2,7,3,450.0,1350.0
796,3.2,8,3,450.0,1350.0
796,3.2,9,3,450.0,1350.0
796,3.2,10,3,450.0,1350.0
796,3.2,11,3,450.0,1350.0
796,3.2,12,3,450.0,1350.0
796,3.2,13,3,450.0,1350.0
796,3.2,14,3,450.0,1350.0
796,3.2,15,3,450.0,1350.0
796,3.2,16,3,450.0,1350.0
796,3.2,17,3,450.0,1350.0
796,3.2,18,3,450.0,1350.0
796,3.2,19,3,450.0,1350.0
796,3.2,20,3,450.0,1350.0
796,3.2,21,3,450.0,1350.0
796,3.2,22,3,450.0,1350.0
796,3.2,23,3,450.0,1350.0
798,3.2,0,0,450.0,0.0
798,3.2,1,0,450.0,0.0
798,3.2,4,3,450.0,1350.0
798,3.2,5,3,450.0,1350.0
798,3.2,6,3,450.0,1350.0
798,3.2,7,3,450.0,1350.0
798,3.2,8,3,450.0,1350.0
798,3.2,9,3,450.0,1350.0
798,3.2,10,3,450.0,1350.0
798,3.2,11,3,450.0,1350.0
798,3.2,12,3,450.0,1350.0
798,3.2,13,3,450.0,1350.0
798,3.2,14,3,450.0,1350.0
798,3.2,15,3,450.0,1350.0
798,3.2,16,3,450.0,1350.0
798,3.2,17,3,450.0,1350.0
798,3.2,18,3,450.0,1350.0
798,3.2,19,3,450.0,1350.0
798,3.2,20,3,450.0,1350.0
798,3.2,21,3,450.0,1350.0
798,3.2,22,3,450.0,1350.0
798,3.2,23,3,450.0,1350.0
800,3.2,0,0,450.0,0.0
800,3.2,1,0,450.0,0.0
800,3.2,4,3,450.0,1350.0
800,3.2,5,3,450.0,1350.0
800,3.2,6,3,450.0,1350.0
800,3.2,7,3,450.0,1350.0
800,3.2,8,3,450.0,1350.0
800,3.2,9,3,450.0,1350.0
800,3.2,10,3,450.0,1350.0
800,3.2,11,3,450.0,1350.0
800,3.2,12,3,450.0,1350.0
800,3.2,13,3,450.0,1350.0
800,3.2,14,3,450.0,1350.0
800,3.2,15,3,450.0,1350.0
800,3.2,16,3,450.0,1350.0
800,3.2,17,3,450.0,1350.0
800,3.2,18,3,450.0,1350.0
800,3.2,19,3,450.0,1350.0
800,3.2,20,3,450.0,1350.0
800,3.2,21,3,450.0,1350.0
800,3.2,22,3,450.0,1350.0
800,3.2,23,3,450.0,1350.0
802,3.2,0,0,450.0,0.0
802,3.2,1,0,450.0,0.0
802,3.2,4,3,450.0,1350.0
802,3.2,5,3,450.0,1350.0
802,3.2,6,3,450.0,1350.0
802,3.2,7,3,450.0,1350.0
802,3.2,8,3,450.0,1350.0
802,3.2,9,3,450.0,1350.0
802,3.2,10,3,450.0,1350.0
802,3.2,11,3,450.0,1350.0
802,3.2,12,3,450.0,1350.0
802,3.2,13,3,450.0,1350.0
802,3.2,14,3,450.0,1350.0
802,3.2,15,3,450.0,1350.0
802,3.2,16,3,450.0,1350.0
802,3.2,17,3,450.0,1350.0
802,3.2,18,3,450.0,1350.0
802,3.2,19,3,450.0,1350.0
802,3.2,20,3,450.0,1350.0
802,3.2,21,3,450.0,1350.0
802,3.2,22,3,450.0,1350.0
802,3.2,23,3,450.0,1350.0
804,3.2,0,0,450.0,0.0
804,3.2,1,0,450.0,0.0
804,3.2,4,3,450.0,1350.0
804,3.2,5,3,450.0,1350.0
804,3.2,6,3,450.0,1350.0
804,3.2,7,3,450.0,1350.0
804,3.2,8,3,450.0,1350.0
804,3.2,9,3,450.0,1350.0
804,3.2,10,3,450.0,1350.0
804,3.2,11,3,450.0,1350.0
804,3.2,12,3,450.0,1350.0
804,3.2,13,3,450.0,1350.0
804,3.2,14,3,450.0,1350.0
804,3.2,15,3,450.0,1350.0
804,3.2,16,3,450.0,1350.0
804,3.2,17,3,450.0,1350.0
804,3.2,18,3,450.0,1350.0
804,3.2,19,3,450.0,1350.0
804,3.2,20,3,450.0,1350.0
804,3.2,21,3,450.0,1350.0
804,3.2,22,3,450.0,1350.0
804,3.2,23,3,450.0,1350.0
806,3.2,0,0,450.0,0.0
806,3.2,1,0,450.0,0.0
806,3.2,4,3,450.0,1350.0
806,3.2,5,3,450.0,1350.0
806,3.2,6,3,450.0,1350.0
806,3.2,7,3,450.0,1350.0
806,3.2,8,3,450.0,1350.0
806,3.2,9,3,450.0,1350.0
806,3.2,10,3,450.0,1350.0
806,3.2,11,3,450.0,1350.0
806,3.2,12,3,450.0,1350.0
806,3.2,13,3,450.0,1350.0
806,3.2,14,3,450.0,1350.0
806,3.2,15,3,450.0,1350.0
806,3.2,16,3,450.0,1350.0
806,3.2,17,3,450.0,1350.0
806,3.2,18,3,450.0,1350.0
806,3.2,19,3,450.0,1350.0
806,3.2,20,3,450.0,1350.0
806,3.2,21,3,450.0,1350.0
806,3.2,22,3,450.0,1350.0
806,3.2,23,3,450.0,1350.0
808,3.2,0,0,450.0,0.0
808,3.2,1,0,450.0,0.0
808,3.2,4,3,450.0,1350.0
808,3.2,5,3,450.0,1350.0
808,3.2,6,3,450.0,1350.0
808,3.2,7,3,450.0,1350.0
808,3.2,8,3,450.0,1350.0
808,3.2,9,3,450.0,1350.0
808,3.2,10,3,450.0,1350.0
808,3.2,11,3,450.0,1350.0
808,3.2,12,3,450.0,1350.0
808,3.2,13,3,450.0,1350.0
808,3.2,14,3,450.0,1350.0
808,3.2,15,3,450.0,1350.0
808,3.2,16,3,450.0,1350.0
808,3.2,17,3,450.0,1350.0
808,3.2,18,3,450.0,1350.0
808,3.2,19,3,450.0,1350.0
808,3.2,20,3,450.0,1350.0
808,3.2,21,3,450.0,1350.0
808,3.2,22,3,450.0,1350.0
808,3.2,23,3,450.0,1350.0
810,3.2,0,0,450.0,0.0
810,3.2,1,0,450.0,0.0
810,3.2,4,3,450.0,1350.0
810,3.2,5,3,450.0,1350.0
810,3.2,6,3,450.0,1350.0
810,3.2,7,3,450.0,1350.0
810,3.2,8,3,450.0,1350.0
810,3.2,9,3,450.0,1350.0
810,3.2,10,3,450.0,1350.0
810,3.2,11,3,450.0,1350.0
810,3.2,12,3,450.0,1350.0
810,3.2,13,3,450.0,1350.0
810,3.2,14,3,450.0,1350.0
810,3.2,15,3,450.0,1350.0
810,3.2,16,3,450.0,1350.0
810,3.2,17,3,450.0,1350.0
810,3.2,18,3,450.0,1350.0
810,3.2,19,3,450.0,1350.0
810,3.2,20,3,450.0,1350.0
810,3.2,21,3,450.0,1350.0
810,3.2,22,3,450.0,1350.0
810,3.2,23,3,450.0,1350.0
812,3.2,0,0,450.0,0.0
812,3.2,1,0,450.0,0.0
812,3.2,4,3,450.0,1350.0
812,3.2,5,3,450.0,1350.0
812,3.2,6,3,450.0,1350.0
812,3.2,7,3,450.0,1350.0
812,3.2,8,3,450.0,1350.0
812,3.2,9,3,450.0,1350.0
812,3.2,10,3,450.0,1350.0
812,3.2,11,3,450.0,1350.0
812,3.2,12,3,450.0,1350.0
812,3.2,13,3,450.0,1350.0
812,3.2,14,3,450.0,1350.0
812,3.2,15,3,450.0,1350.0
812,3.2,16,3,450.0,1350.0
812,3.2,17,3,450.0,1350.0
812,3.2,18,3,450.0,1350.0
812,3.2,19,3,450.0,1350.0
812,3.2,20,3,450.0,1350.0
812,3.2,21,3,450.0,1350.0
812,3.2,22,3,450.0,1350.0
812,3.2,23,3,450.0,1350.0
814,3.2,0,0,450.0,0.0
814,3.2,1,0,450.0,0.0
814,3.2,4,3,450.0,1350.0
814,3.2,5,3,450.0,1350.0
814,3.2,6,3,450.0,1350.0
814,3.2,7,3,450.0,1350.0
814,3.2,8,3,450.0,1350.0
814,3.2,9,3,450.0,1350.0
814,3.2,10,3,450.0,1350.0
814,3.2,11,3,450.0,1350.0
814,3.2,12,3,450.0,1350.0
814,3.2,13,3,450.0,1350.0
814,3.2,14,3,450.0,1350.0
814,3.2,15,3,450.0,1350.0
814,3.2,16,3,450.0,1350.0
814,3.2,17,3,450.0,1350.0
814,3.2,18,3,450.0,1350.0
814,3.2,19,3,450.0,1350.0
814,3.2,20,3,450.0,1350.0
814,3.2,21,3,450.0,1350.0
814,3.2,22,3,450.0,1350.0
814,3.2,23,3,450.0,1350.0
816,3.2,0,0,450.0,0.0
816,3.2,1,0,450.0,0.0
816,3.2,4,3,450.0,1350.0
816,3.2,5,3,450.0,1350.0
816,3.2,6,3,450.0,1350.0
816,3.2,7,3,450.0,1350.0
816,3.2,8,3,450.0,1350.0
816,3.2,9,3,450.0,1350.0
816,3.2,10,3,450.0,1350.0
816,3.2,11,3,450.0,1350.0
816,3.2,12,3,450.0,1350.0
816,3.2,13,3,450.0,1350.0
816,3.2,14,3,450.0,1350.0
816,3.2,15,3,450.0,1350.0
816,3.2,16,3,450.0,1350.0
816,3.2,17,3,450.0,1350.0
816,3.2,18,3,450.0,1350.0
816,3.2,19,3,450.0,1350.0
816,3.2,20,3,450.0,1350.0
816,3.2,21,3,450.0,1350.0
816,3.2,22,3,450.0,1350.0
816,3.2,23,3,450.0,1350.0
818,3.2,0,0,450.0,0.0
818,3.2,1,0,450.0,0.0
818,3.2,4,3,450.0,1350.0
818,3.2,5,3,450.0,1350.0
818,3.2,6,3,450.0,1350.0
818,3.2,7,3,450.0,1350.0
818,3.2,8,3,450.0,1350.0
818,3.2,9,3,450.0,1350.0
818,3.2,10,3,450.0,1350.0
818,3.2,11,3,450.0,1350.0
818,3.2,12,3,450.0,1350.0
818,3.2,13,3,450.0,1350.0
818,3.2,14,3,450.0,1350.0
818,3.2,15,3,450.0,1350.0
818,3.2,16,3,450.0,1350.0
818,3.2,17,3,450.0,1350.0
818,3.2,18,3,450.0,1350.0
818,3.2,19,3,450.0,1350.0
818,3.2,20,3,450.0,1350.0
818,3.2,21,3,450.0,1350.0
818,3.2,22,3,450.0,1350.0
818,3.2,23,3,450.0,1350.0
820,3.2,0,0,450.0,0.0
820,3.2,1,0,450.0,0.0
820,3.2,4,3,450.0,1350.0
820,3.2,5,3,450.0,1350.0
820,3.2,6,3,450.0,1350.0
820,3.2,7,3,450.0,1350.0
820,3.2,8,3,450.0,1350.0
820,3.2,9,3,450.0,1350.0
820,3.2,10,3,450.0,1350.0
820,3.2,11,3,450.0,1350.0
820,3.2,12,3,450.0,1350.0
820,3.2,13,3,450.0,1350.0
820,3.2,14,3,450.0,1350.0
820,3.2,15,3,450.0,1350.0
820,3.2,16,3,450.0,1350.0
820,3.2,17,3,450.0,1350.0
820,3.2,18,3,450.0,1350.0
820,3.2,19,3,450.0,1350.0
820,3.2,20,3,450.0,1350.0
820,3.2,21,3,450.0,1350.0
820,3.2,22,3,450.0,1350.0
820,3.2,23,3,450.0,1350.0
822,3.2,0,0,450.0,0.0
822,3.2,1,0,450.0,0.0
822,3.2,4,3,450.0,1350.0
822,3.2,5,3,450.0,1350.0
822,3.2,6,3,450.0,1350.0
822,3.2,7,3,450.0,1350.0
822,3.2,8,3,450.0,1350.0
822,3.2,9,3,450.0,1350.0
822,3.2,10,3,450.0,1350.0
822,3.2,11,3,450.0,1350.0
822,3.2,12,3,450.0,1350.0
822,3.2,13,3,450.0,1350.0
822,3.2,14,3,450.0,1350.0
822,3.2,15,3,450.0,1350.0
822,3.2,16,3,450.0,1350.0
822,3.2,17,3,450.0,1350.0
822,3.2,18,3,450.0,1350.0
822,3.2,19,3,450.0,1350.0
822,3.2,20,3,450.0,1350.0
822,3.2,21,3,450.0,1350.0
822,3.2,22,3,450.0,1350.0
822,3.2,23,3,450.0,1350.0
824,3.2,0,0,450.0,0.0
824,3.2,1,0,450.0,0.0
824,3.2,4,3,450.0,1350.0
824,3.2,5,3,450.0,1350.0
824,3.2,6,3,450.0,1350.0
824,3.2,7,3,450.0,1350.0
824,3.2,8,3,450.0,1350.0
824,3.2,9,3,450.0,1350.0
824,3.2,10,3,450.0,1350.0
824,3.2,11,3,450.0,1350.0
824,3.2,12,3,450.0,1350.0
824,3.2,13,3,450.0,1350.0
824,3.2,14,3,450.0,1350.0
824,3.2,15,3,450.0,1350.0
824,3.2,16,3,450.0,1350.0
824,3.2,17,3,450.0,1350.0
824,3.2,18,3,450.0,1350.0
824,3.2,19,3,450.0,1350.0
824,3.2,20,3,450.0,1350.0
824,3.2,21,3,450.0,1350.0
824,3.2,22,3,450.0,1350.0
824,3.2,23,3,450.0,1350.0
826,3.2,0,0,450.0,0.0
826,3.2,1,0,450.0,0.0
826,3.2,4,3,450.0,1350.0
826,3.2,5,3,450.0,1350.0
826,3.2,6,3,450.0,1350.0
826,3.2,7,3,450.0,1350.0
826,3.2,8,3,450.0,1350.0
826,3.2,9,3,450.0,1350.0
826,3.2,10,3,450.0,1350.0
826,3.2,11,3,450.0,1350.0
826,3.2,12,3,450.0,1350.0
826,3.2,13,3,450.0,1350.0
826,3.2,14,3,450.0,1350.0
826,3.2,15,3,450.0,1350.0
826,3.2,16,3,450.0,1350.0
826,3.2,17,3,450.0,1350.0
826,3.2,18,3,450.0,1350.0
826,3.2,19,3,450.0,1350.0
826,3.2,20,3,450.0,1350.0
826,3.2,21,3,450.0,1350.0
826,3.2,22,3,450.0,1350.0
826,3.2,23,3,450.0,1350.0
828,3.2,0,0,450.0,0.0
828,3.2,1,0,450.0,0.0
828,3.2,4,3,450.0,1350.0
828,3.2,5,3,450.0,1350.0
828,3.2,6,3,450.0,1350.0
828,3.2,7,3,450.0,1350.0
828,3.2,8,3,450.0,1350.0
828,3.2,9,3,450.0,1350.0
828,3.2,10,3,450.0,1350.0
828,3.2,11,3,450.0,1350.0
828,3.2,12,3,450.0,1350.0
828,3.2,13,3,450.0,1350.0
828,3.2,14,3,450.0,1350.0
828,3.2,15,3,450.0,1350.0
828,3.2,16,3,450.0,1350.0
828,3.2,17,3,450.0,1350.0
828,3.2,18,3,450.0,1350.0
828,3.2,19,3,450.0,1350.0
828,3.2,20,3,450.0,1350.0
828,3.2,21,3,450.0,1350.0
828,3.2,22,3,450.0,1350.0
828,3.2,23,3,450.0,1350.0
830,3.2,0,0,450.0,0.0
830,3.2,1,0,450.0,0.0
830,3.2,4,3,450.0,1350.0
830,3.2,5,3,450.0,1350.0
830,3.2,6,3,450.0,1350.0
830,3.2,7,3,450.0,1350.0
830,3.2,8,3,450.0,1350.0
830,3.2,9,3,450.0,1350.0
830,3.2,10,3,450.0,1350.0
830,3.2,11,3,450.0,1350.0
830,3.2,12,3,450.0,1350.0
830,3.2,13,3,450.0,1350.0
830,3.2,14,3,450.0,1350.0
830,3.2,15,3,450.0,1350.0
830,3.2,16,3,450.0,1350.0
830,3.2,17,3,450.0,1350.0
830,3.2,18,3,450.0,1350.0
830,3.2,19,3,450.0,1350.0
830,3.2,20,3,450.0,1350.0
830,3.2,21,3,450.0,1350.0
830,3.2,22,3,450.0,1350.0
830,3.2,23,3,450.0,1350.0
832,3.2,0,0,450.0,0.0
832,3.2,1,0,450.0,0.0
832,3.2,4,3,450.0,1350.0
832,3.2,5,3,450.0,1350.0
832,3.2,6,3,450.0,1350.0
832,3.2,7,3,450.0,1350.0
832,3.2,8,3,450.0,1350.0
832,3.2,9,3,450.0,1350.0
832,3.2,10,3,450.0,1350.0
832,3.2,11,3,450.0,1350.0
832,3.2,12,3,450.0,1350.0
832,3.2,13,3,450.0,1350.0
832,3.2,14,3,450.0,1350.0
832,3.2,15,3,450.0,1350.0
832,3.2,16,3,450.0,1350.0
832,3.2,17,3,450.0,1350.0
832,3.2,18,3,450.0,1350.0
832,3.2,19,3,450.0,1350.0
832,3.2,20,3,450.0,1350.0
832,3.2,21,3,450.0,1350.0
832,3.2,22,3,450.0,1350.0
832,3.2,23,3,450.0,1350.0
834,3.2,0,0,450.0,0.0
834,3.2,1,0,450.0,0.0
834,3.2,4,3,450.0,1350.0
834,3.2,5,3,450.0,1350.0
834,3.2,6,3,450.0,1350.0
834,3.2,7,3,450.0,1350.0
834,3.2,8,3,450.0,1350.0
834,3.2,9,3,450.0,1350.0
834,3.2,10,3,450.0,1350.0
834,3.2,11,3,450.0,1350.0
834,3.2,12,3,450.0,1350.0
834,3.2,13,3,450.0,1350.0
834,3.2,14,3,450.0,1350.0
834,3.2,15,3,450.0,1350.0
834,3.2,16,3,450.0,1350.0
834,3.2,17,3,450.0,1350.0
834,3.2,18,3,450.0,1350.0
834,3.2,19,3,450.0,1350.0
834,3.2,20,3,450.0,1350.0
834,3.2,21,3,450.0,1350.0
834,3.2,22,3,450.0,1350.0
834,3.2,23,3,450.0,1350.0
836,3.2,0,0,450.0,0.0
836,3.2,1,0,450.0,0.0
836,3.2,4,3,450.0,1350.0
836,3.2,5,3,450.0,1350.0
836,3.2,6,3,450.0,1350.0
836,3.2,7,3,450.0,1350.0
836,3.2,8,3,450.0,1350.0
836,3.2,9,3,450.0,1350.0
836,3.2,10,3,450.0,1350.0
836,3.2,11,3,450.0,1350.0
836,3.2,12,3,450.0,1350.0
836,3.2,13,3,450.0,1350.0
836,3.2,14,3,450.0,1350.0
836,3.2,15,3,450.0,1350.0
836,3.2,16,3,450.0,1350.0
836,3.2,17,3,450.0,1350.0
836,3.2,18,3,450.0,1350.0
836,3.2,19,3,450.0,1350.0
836,3.2,20,3,450.0,1350.0
836,3.2,21,3,450.0,1350.0
836,3.2,22,3,450.0,1350.0
836,3.2,23,3,450.0,1350.0
841,3.2,0,0,450.0,0.0
841,3.2,1,0,450.0,0.0
841,3.2,4,3,450.0,1350.0
841,3.2,5,3,450.0,1350.0
841,3.2,6,3,450.0,1350.0
841,3.2,7,3,450.0,1350.0
841,3.2,8,3,450.0,1350.0
841,3.2,9,3,450.0,1350.0
841,3.2,10,3,450.0,1350.0
841,3.2,11,3,450.0,1350.0
841,3.2,12,3,450.0,1350.0
841,3.2,13,3,450.0,1350.0
841,3.2,14,3,450.0,1350.0
841,3.2,15,3,450.0,1350.0
841,3.2,16,3,450.0,1350.0
841,3.2,17,3,450.0,1350.0
841,3.2,18,3,450.0,1350.0
841,3.2,19,3,450.0,1350.0
841,3.2,20,3,450.0,1350.0
841,3.2,21,3,450.0,1350.0
841,3.2,22,3,450.0,1350.0
841,3.2,23,3,450.0,1350.0
843,3.2,0,0,450.0,0.0
843,3.2,1,0,450.0,0.0
843,3.2,4,3,450.0,1350.0
843,3.2,5,3,450.0,1350.0
843,3.2,6,3,450.0,1350.0
843,3.2,7,3,450.0,1350.0
843,3.2,8,3,450.0,1350.0
843,3.2,9,3,450.0,1350.0
843,3.2,10,3,450.0,1350.0
843,3.2,11,3,450.0,1350.0
843,3.2,12,3,450.0,1350.0
843,3.2,13,3,450.0,1350.0
843,3.2,14,3,450.0,1350.0
843,3.2,15,3,450.0,1350.0
843,3.2,16,3,450.0,1350.0
843,3.2,17,3,450.0,1350.0
843,3.2,18,3,450.0,1350.0
843,3.2,19,3,450.0,1350.0
843,3.2,20,3,450.0,1350.0
843,3.2,21,3,450.0,1350.0
843,3.2,22,3,450.0,1350.0
843,3.2,23,3,450.0,1350.0
845,3.2,0,0,450.0,0.0
845,3.2,1,0,450.0,0.0
845,3.2,4,3,450.0,1350.0
845,3.2,5,3,450.0,1350.0
845,3.2,6,3,450.0,1350.0
845,3.2,7,3,450.0,1350.0
845,3.2,8,3,450.0,1350.0
845,3.2,9,3,450.0,1350.0
845,3.2,10,3,450.0,1350.0
845,3.2,11,3,450.0,1350.0
845,3.2,12,3,450.0,1350.0
845,3.2,13,3,450.0,1350.0
845,3.2,14,3,450.0,1350.0
845,3.2,15,3,450.0,1350.0
845,3.2,16,3,450.0,1350.0
845,3.2,17,3,450.0,1350.0
845,3.2,18,3,450.0,1350.0
845,3.2,19,3,450.0,1350.0
845,3.2,20,3,450.0,1350.0
845,3.2,21,3,450.0,1350.0
845,3.2,22,3,450.0,1350.0
845,3.2,23,3,450.0,1350.0
847,3.2,0,0,450.0,0.0
847,3.2,1,0,450.0,0.0
847,3.2,4,3,450.0,1350.0
847,3.2,5,3,450.0,1350.0
847,3.2,6,3,450.0,1350.0
847,3.2,7,3,450.0,1350.0
847,3.2,8,3,450.0,1350.0
847,3.2,9,3,450.0,1350.0
847,3.2,10,3,450.0,1350.0
847,3.2,11,3,450.0,1350.0
847,3.2,12,3,450.0,1350.0
847,3.2,13,3,450.0,1350.0
847,3.2,14,3,450.0,1350.0
847,3.2,15,3,450.0,1350.0
847,3.2,16,3,450.0,1350.0
847,3.2,17,3,450.0,1350.0
847,3.2,18,3,450.0,1350.0
847,3.2,19,3,450.0,1350.0
847,3.2,20,3,450.0,1350.0
847,3.2,21,3,450.0,1350.0
847,3.2,22,3,450.0,1350.0
847,3.2,23,3,450.0,1350.0
849,3.2,0,0,450.0,0.0
849,3.2,1,0,450.0,0.0
849,3.2,4,3,450.0,1350.0
849,3.2,5,3,450.0,1350.0
849,3.2,6,3,450.0,1350.0
849,3.2,7,3,450.0,1350.0
849,3.2,8,3,450.0,1350.0
849,3.2,9,3,450.0,1350.0
849,3.2,10,3,450.0,1350.0
849,3.2,11,3,450.0,1350.0
849,3.2,12,3,450.0,1350.0
849,3.2,13,3,450.0,1350.0
849,3.2,14,3,450.0,1350.0
849,3.2,15,3,450.0,1350.0
849,3.2,16,3,450.0,1350.0
849,3.2,17,3,450.0,1350.0
849,3.2,18,3,450.0,1350.0
849,3.2,19,3,450.0,1350.0
849,3.2,20,3,450.0,1350.0
849,3.2,21,3,450.0,1350.0
849,3.2,22,3,450.0,1350.0
849,3.2,23,3,450.0,1350.0
851,3.2,0,0,450.0,0.0
851,3.2,1,0,450.0,0.0
851,3.2,4,3,450.0,1350.0
851,3.2,5,3,450.0,1350.0
851,3.2,6,3,450.0,1350.0
851,3.2,7,3,450.0,1350.0
851,3.2,8,3,450.0,1350.0
851,3.2,9,3,450.0,1350.0
851,3.2,10,3,450.0,1350.0
851,3.2,11,3,450.0,1350.0
851,3.2,12,3,450.0,1350.0
851,3.2,13,3,450.0,1350.0
851,3.2,14,3,450.0,1350.0
851,3.2,15,3,450.0,1350.0
851,3.2,16,3,450.0,1350.0
851,3.2,17,3,450.0,1350.0
851,3.2,18,3,450.0,1350.0
851,3.2,19,3,450.0,1350.0
851,3.2,20,3,450.0,1350.0
851,3.2,21,3,450.0,1350.0
851,3.2,22,3,450.0,1350.0
851,3.2,23,3,450.0,1350.0
853,3.2,0,0,450.0,0.0
853,3.2,1,0,450.0,0.0
853,3.2,4,3,450.0,1350.0
853,3.2,5,3,450.0,1350.0
853,3.2,6,3,450.0,1350.0
853,3.2,7,3,450.0,1350.0
853,3.2,8,3,450.0,1350.0
853,3.2,9,3,450.0,1350.0
853,3.2,10,3,450.0,1350.0
853,3.2,11,3,450.0,1350.0
853,3.2,12,3,450.0,1350.0
853,3.2,13,3,450.0,1350.0
853,3.2,14,3,450.0,1350.0
853,3.2,15,3,450.0,1350.0
853,3.2,16,3,450.0,1350.0
853,3.2,17,3,450.0,1350.0
853,3.2,18,3,450.0,1350.0
853,3.2,19,3,450.0,1350.0
853,3.2,20,3,450.0,1350.0
853,3.2,21,3,450.0,1350.0
853,3.2,22,3,450.0,1350.0
853,3.2,23,3,450.0,1350.0
855,3.2,0,0,450.0,0.0
855,3.2,1,0,450.0,0.0
855,3.2,4,3,450.0,1350.0
855,3.2,5,3,450.0,1350.0
855,3.2,6,3,450.0,1350.0
855,3.2,7,3,450.0,1350.0
855,3.2,8,3,450.0,1350.0
855,3.2,9,3,450.0,1350.0
855,3.2,10,3,450.0,1350.0
855,3.2,11,3,450.0,1350.0
855,3.2,12,3,450.0,1350.0
855,3.2,13,3,450.0,1350.0
855,3.2,14,3,450.0,1350.0
855,3.2,15,3,450.0,1350.0
855,3.2,16,3,450.0,1350.0
855,3.2,17,3,450.0,1350.0
855,3.2,18,3,450.0,1350.0
855,3.2,19,3,450.0,1350.0
855,3.2,20,3,450.0,1350.0
855,3.2,21,3,450.0,1350.0
855,3.2,22,3,450.0,1350.0
855,3.2,23,3,450.0,1350.0
857,3.2,0,0,450.0,0.0
857,3.2,1,0,450.0,0.0
857,3.2,4,3,450.0,1350.0
857,3.2,5,3,450.0,1350.0
857,3.2,6,3,450.0,1350.0
857,3.2,7,3,450.0,1350.0
857,3.2,8,3,450.0,1350.0
857,3.2,9,3,450.0,1350.0
857,3.2,10,3,450.0,1350.0
857,3.2,11,3,450.0,1350.0
857,3.2,12,3,450.0,1350.0
857,3.2,13,3,450.0,1350.0
857,3.2,14,3,450.0,1350.0
857,3.2,15,3,450.0,1350.0
857,3.2,16,3,450.0,1350.0
857,3.2,17,3,450.0,1350.0
857,3.2,18,3,450.0,1350.0
857,3.2,19,3,450.0,1350.0
857,3.2,20,3,450.0,1350.0
857,3.2,21,3,450.0,1350.0
857,3.2,22,3,450.0,1350.0
857,3.2,23,3,450.0,1350.0
859,4.1,0,2,450.0,900.0
859,4.1,1,0,450.0,0.0
859,4.1,4,1,450.0,450.0
859,4.1,5,3,450.0,1350.0
859,4.1,6,3,450.0,1350.0
859,4.1,7,3,450.0,1350.0
859,4.1,8,3,450.0,1350.0
859,4.1,9,3,450.0,1350.0
859,4.1,10,3,450.0,1350.0
859,4.1,11,3,450.0,1350.0
859,4.1,12,3,450.0,1350.0
859,4.1,13,3,450.0,1350.0
859,4.1,14,3,450.0,1350.0
859,4.1,15,3,450.0,1350.0
859,4.1,16,3,450.0,1350.0
859,4.1,17,3,450.0,1350.0
859,4.1,18,3,450.0,1350.0
859,4.1,19,3,450.0,1350.0
859,4.1,20,3,450.0,1350.0
859,4.1,21,3,450.0,1350.0
859,4.1,22,3,450.0,1350.0
859,4.1,23,3,450.0,1350.0
861,4.1,0,2,450.0,900.0
861,4.1,1,0,450.0,0.0
861,4.1,4,1,450.0,450.0
861,4.1,5,3,450.0,1350.0
861,4.1,6,3,450.0,1350.0
861,4.1,7,3,450.0,1350.0
861,4.1,8,3,450.0,1350.0
861,4.1,9,3,450.0,1350.0
861,4.1,10,3,450.0,1350.0
861,4.1,11,3,450.0,1350.0
861,4.1,12,3,450.0,1350.0
861,4.1,13,3,450.0,1350.0
861,4.1,14,3,450.0,1350.0
861,4.1,15,3,450.0,1350.0
861,4.1,16,3,450.0,1350.0
861,4.1,17,3,450.0,1350.0
861,4.1,18,3,450.0,1350.0
861,4.1,19,3,450.0,1350.0
861,4.1,20,3,450.0,1350.0
861,4.1,21,3,450.0,1350.0
861,4.1,22,3,450.0,1350.0
861,4.1,23,3,450.0,1350.0
863,4.1,0,2,450.0,900.0
863,4.1,1,0,450.0,0.0
863,4.1,4,1,450.0,450.0
863,4.1,5,3,450.0,1350.0
863,4.1,6,3,450.0,1350.0
863,4.1,7,3,450.0,1350.0
863,4.1,8,3,450.0,1350.0
863,4.1,9,3,450.0,1350.0
863,4.1,10,3,450.0,1350.0
863,4.1,11,3,450.0,1350.0
863,4.1,12,3,450.0,1350.0
863,4.1,13,3,450.0,1350.0
863,4.1,14,3,450.0,1350.0
863,4.1,15,3,450.0,1350.0
863,4.1,16,3,450.0,1350.0
863,4.1,17,3,450.0,1350.0
863,4.1,18,3,450.0,1350.0
863,4.1,19,3,450.0,1350.0
863,4.1,20,3,450.0,1350.0
863,4.1,21,3,450.0,1350.0
863,4.1,22,3,450.0,1350.0
863,4.1,23,3,450.0,1350.0
865,4.1,0,2,450.0,900.0
865,4.1,1,0,450.0,0.0
865,4.1,4,1,450.0,450.0
865,4.1,5,3,450.0,1350.0
865,4.1,6,3,450.0,1350.0
865,4.1,7,3,450.0,1350.0
865,4.1,8,3,450.0,1350.0
865,4.1,9,3,450.0,1350.0
865,4.1,10,3,450.0,1350.0
865,4.1,11,3,450.0,1350.0
865,4.1,12,3,450.0,1350.0
865,4.1,13,3,450.0,1350.0
865,4.1,14,3,450.0,1350.0
865,4.1,15,3,450.0,1350.0
865,4.1,16,3,450.0,1350.0
865,4.1,17,3,450.0,1350.0
865,4.1,18,3,450.0,1350.0
865,4.1,19,3,450.0,1350.0
865,4.1,20,3,450.0,1350.0
865,4.1,21,3,450.0,1350.0
865,4.1,22,3,450.0,1350.0
865,4.1,23,3,450.0,1350.0
868,4.1,0,2,450.0,900.0
868,4.1,1,0,450.0,0.0
868,4.1,4,1,450.0,450.0
868,4.1,5,3,450.0,1350.0
868,4.1,6,3,450.0,1350.0
868,4.1,7,3,450.0,1350.0
868,4.1,8,3,450.0,1350.0
868,4.1,9,3,450.0,1350.0
868,4.1,10,3,450.0,1350.0
868,4.1,11,3,450.0,1350.0
868,4.1,12,3,450.0,1350.0
868,4.1,13,3,450.0,1350.0
868,4.1,14,3,450.0,1350.0
868,4.1,15,3,450.0,1350.0
868,4.1,16,3,450.0,1350.0
868,4.1,17,3,450.0,1350.0
868,4.1,18,3,450.0,1350.0
868,4.1,19,3,450.0,1350.0
868,4.1,20,3,450.0,1350.0
868,4.1,21,3,450.0,1350.0
868,4.1,22,3,450.0,1350.0
868,4.1,23,3,450.0,1350.0
870,4.1,0,2,450.0,900.0
870,4.1,1,0,450.0,0.0
870,4.1,4,1,450.0,450.0
870,4.1,5,3,450.0,1350.0
870,4.1,6,3,450.0,1350.0
870,4.1,7,3,450.0,1350.0
870,4.1,8,3,450.0,1350.0
870,4.1,9,3,450.0,1350.0
870,4.1,10,3,450.0,1350.0
870,4.1,11,3,450.0,1350.0
870,4.1,12,3,450.0,1350.0
870,4.1,13,3,450.0,1350.0
870,4.1,14,3,450.0,1350.0
870,4.1,15,3,450.0,1350.0
870,4.1,16,3,450.0,1350.0
870,4.1,17,3,450.0,1350.0
870,4.1,18,3,450.0,1350.0
870,4.1,19,3,450.0,1350.0
870,4.1,20,3,450.0,1350.0
870,4.1,21,3,450.0,1350.0
870,4.1,22,3,450.0,1350.0
870,4.1,23,3,450.0,1350.0
872,4.1,0,2,450.0,900.0
872,4.1,1,0,450.0,0.0
872,4.1,4,1,450.0,450.0
872,4.1,5,3,450.0,1350.0
872,4.1,6,3,450.0,1350.0
872,4.1,7,3,450.0,1350.0
872,4.1,8,3,450.0,1350.0
872,4.1,9,3,450.0,1350.0
872,4.1,10,3,450.0,1350.0
872,4.1,11,3,450.0,1350.0
872,4.1,12,3,450.0,1350.0
872,4.1,13,3,450.0,1350.0
872,4.1,14,3,450.0,1350.0
872,4.1,15,3,450.0,1350.0
872,4.1,16,3,450.0,1350.0
872,4.1,17,3,450.0,1350.0
872,4.1,18,3,450.0,1350.0
872,4.1,19,3,450.0,1350.0
872,4.1,20,3,450.0,1350.0
872,4.1,21,3,450.0,1350.0
872,4.1,22,3,450.0,1350.0
872,4.1,23,3,450.0,1350.0
874,4.1,0,2,450.0,900.0
874,4.1,1,0,450.0,0.0
874,4.1,4,1,450.0,450.0
874,4.1,5,3,450.0,1350.0
874,4.1,6,3,450.0,1350.0
874,4.1,7,3,450.0,1350.0
874,4.1,8,3,450.0,1350.0
874,4.1,9,3,450.0,1350.0
874,4.1,10,3,450.0,1350.0
874,4.1,11,3,450.0,1350.0
874,4.1,12,3,450.0,1350.0
874,4.1,13,3,450.0,1350.0
874,4.1,14,3,450.0,1350.0
874,4.1,15,3,450.0,1350.0
874,4.1,16,3,450.0,1350.0
874,4.1,17,3,450.0,1350.0
874,4.1,18,3,450.0,1350.0
874,4.1,19,3,450.0,1350.0
874,4.1,20,3,450.0,1350.0
874,4.1,21,3,450.0,1350.0
874,4.1,22,3,450.0,1350.0
874,4.1,23,3,450.0,1350.0
876,4.1,0,2,450.0,900.0
876,4.1,1,0,450.0,0.0
876,4.1,4,1,450.0,450.0
876,4.1,5,3,450.0,1350.0
876,4.1,6,3,450.0,1350.0
876,4.1,7,3,450.0,1350.0
876,4.1,8,3,450.0,1350.0
876,4.1,9,3,450.0,1350.0
876,4.1,10,3,450.0,1350.0
876,4.1,11,3,450.0,1350.0
876,4.1,12,3,450.0,1350.0
876,4.1,13,3,450.0,1350.0
876,4.1,14,3,450.0,1350.0
876,4.1,15,3,450.0,1350.0
876,4.1,16,3,450.0,1350.0
876,4.1,17,3,450.0,1350.0
876,4.1,18,3,450.0,1350.0
876,4.1,19,3,450.0,1350.0
876,4.1,20,3,450.0,1350.0
876,4.1,21,3,450.0,1350.0
876,4.1,22,3,450.0,1350.0
876,4.1,23,3,450.0,1350.0
878,4.1,0,2,450.0,900.0
878,4.1,1,0,450.0,0.0
878,4.1,4,1,450.0,450.0
878,4.1,5,3,450.0,1350.0
878,4.1,6,3,450.0,1350.0
878,4.1,7,3,450.0,1350.0
878,4.1,8,3,450.0,1350.0
878,4.1,9,3,450.0,1350.0
878,4.1,10,3,450.0,1350.0
878,4.1,11,3,450.0,1350.0
878,4.1,12,3,450.0,1350.0
878,4.1,13,3,450.0,1350.0
878,4.1,14,3,450.0,1350.0
878,4.1,15,3,450.0,1350.0
878,4.1,16,3,450.0,1350.0
878,4.1,17,3,450.0,1350.0
878,4.1,18,3,450.0,1350.0
878,4.1,19,3,450.0,1350.0
878,4.1,20,3,450.0,1350.0
878,4.1,21,3,450.0,1350.0
878,4.1,22,3,450.0,1350.0
878,4.1,23,3,450.0,1350.0
880,4.1,0,2,450.0,900.0
880,4.1,1,0,450.0,0.0
880,4.1,4,1,450.0,450.0
880,4.1,5,3,450.0,1350.0
880,4.1,6,3,450.0,1350.0
880,4.1,7,3,450.0,1350.0
880,4.1,8,3,450.0,1350.0
880,4.1,9,3,450.0,1350.0
880,4.1,10,3,450.0,1350.0
880,4.1,11,3,450.0,1350.0
880,4.1,12,3,450.0,1350.0
880,4.1,13,3,450.0,1350.0
880,4.1,14,3,450.0,1350.0
880,4.1,15,3,450.0,1350.0
880,4.1,16,3,450.0,1350.0
880,4.1,17,3,450.0,1350.0
880,4.1,18,3,450.0,1350.0
880,4.1,19,3,450.0,1350.0
880,4.1,20,3,450.0,1350.0
880,4.1,21,3,450.0,1350.0
880,4.1,22,3,450.0,1350.0
880,4.1,23,3,450.0,1350.0
882,4.1,0,2,450.0,900.0
882,4.1,1,0,450.0,0.0
882,4.1,4,1,450.0,450.0
882,4.1,5,3,450.0,1350.0
882,4.1,6,3,450.0,1350.0
882,4.1,7,3,450.0,1350.0
882,4.1,8,3,450.0,1350.0
882,4.1,9,3,450.0,1350.0
882,4.1,10,3,450.0,1350.0
882,4.1,11,3,450.0,1350.0
882,4.1,12,3,450.0,1350.0
882,4.1,13,3,450.0,1350.0
882,4.1,14,3,450.0,1350.0
882,4.1,15,3,450.0,1350.0
882,4.1,16,3,450.0,1350.0
882,4.1,17,3,450.0,1350.0
882,4.1,18,3,450.0,1350.0
882,4.1,19,3,450.0,1350.0
882,4.1,20,3,450.0,1350.0
882,4.1,21,3,450.0,1350.0
882,4.1,22,3,450.0,1350.0
882,4.1,23,3,450.0,1350.0
884,4.1,0,2,450.0,900.0
884,4.1,1,0,450.0,0.0
884,4.1,4,1,450.0,450.0
884,4.1,5,3,450.0,1350.0
884,4.1,6,3,450.0,1350.0
884,4.1,7,3,450.0,1350.0
884,4.1,8,3,450.0,1350.0
884,4.1,9,3,450.0,1350.0
884,4.1,10,3,450.0,1350.0
884,4.1,11,3,450.0,1350.0
884,4.1,12,3,450.0,1350.0
884,4.1,13,3,450.0,1350.0
884,4.1,14,3,450.0,1350.0
884,4.1,15,3,450.0,1350.0
884,4.1,16,3,450.0,1350.0
884,4.1,17,3,450.0,1350.0
884,4.1,18,3,450.0,1350.0
884,4.1,19,3,450.0,1350.0
884,4.1,20,3,450.0,1350.0
884,4.1,21,3,450.0,1350.0
884,4.1,22,3,450.0,1350.0
884,4.1,23,3,450.0,1350.0
886,4.1,0,2,450.0,900.0
886,4.1,1,0,450.0,0.0
886,4.1,4,1,450.0,450.0
886,4.1,5,3,450.0,1350.0
886,4.1,6,3,450.0,1350.0
886,4.1,7,3,450.0,1350.0
886,4.1,8,3,450.0,1350.0
886,4.1,9,3,450.0,1350.0
886,4.1,10,3,450.0,1350.0
886,4.1,11,3,450.0,1350.0
886,4.1,12,3,450.0,1350.0
886,4.1,13,3,450.0,1350.0
886,4.1,14,3,450.0,1350.0
886,4.1,15,3,450.0,1350.0
886,4.1,16,3,450.0,1350.0
886,4.1,17,3,450.0,1350.0
886,4.1,18,3,450.0,1350.0
886,4.1,19,3,450.0,1350.0
886,4.1,20,3,450.0,1350.0
886,4.1,21,3,450.0,1350.0
886,4.1,22,3,450.0,1350.0
886,4.1,23,3,450.0,1350.0
888,4.1,0,2,450.0,900.0
888,4.1,1,0,450.0,0.0
888,4.1,4,1,450.0,450.0
888,4.1,5,3,450.0,1350.0
888,4.1,6,3,450.0,1350.0
888,4.1,7,3,450.0,1350.0
888,4.1,8,3,450.0,1350.0
888,4.1,9,3,450.0,1350.0
888,4.1,10,3,450.0,1350.0
888,4.1,11,3,450.0,1350.0
888,4.1,12,3,450.0,1350.0
888,4.1,13,3,450.0,1350.0
888,4.1,14,3,450.0,1350.0
888,4.1,15,3,450.0,1350.0
888,4.1,16,3,450.0,1350.0
888,4.1,17,3,450.0,1350.0
888,4.1,18,3,450.0,1350.0
888,4.1,19,3,450.0,1350.0
888,4.1,20,3,450.0,1350.0
888,4.1,21,3,450.0,1350.0
888,4.1,22,3,450.0,1350.0
888,4.1,23,3,450.0,1350.0
890,4.1,0,2,450.0,900.0
890,4.1,1,0,450.0,0.0
890,4.1,4,1,450.0,450.0
890,4.1,5,3,450.0,1350.0
890,4.1,6,3,450.0,1350.0
890,4.1,7,3,450.0,1350.0
890,4.1,8,3,450.0,1350.0
890,4.1,9,3,450.0,1350.0
890,4.1,10,3,450.0,1350.0
890,4.1,11,3,450.0,1350.0
890,4.1,12,3,450.0,1350.0
890,4.1,13,3,450.0,1350.0
890,4.1,14,3,450.0,1350.0
890,4.1,15,3,450.0,1350.0
890,4.1,16,3,450.0,1350.0
890,4.1,17,3,450.0,1350.0
890,4.1,18,3,450.0,1350.0
890,4.1,19,3,450.0,1350.0
890,4.1,20,3,450.0,1350.0
890,4.1,21,3,450.0,1350.0
890,4.1,22,3,450.0,1350.0
890,4.1,23,3,450.0,1350.0
892,4.1,0,2,450.0,900.0
892,4.1,1,0,450.0,0.0
892,4.1,4,1,450.0,450.0
892,4.1,5,3,450.0,1350.0
892,4.1,6,3,450.0,1350.0
892,4.1,7,3,450.0,1350.0
892,4.1,8,3,450.0,1350.0
892,4.1,9,3,450.0,1350.0
892,4.1,10,3,450.0,1350.0
892,4.1,11,3,450.0,1350.0
892,4.1,12,3,450.0,1350.0
892,4.1,13,3,450.0,1350.0
892,4.1,14,3,450.0,1350.0
892,4.1,15,3,450.0,1350.0
892,4.1,16,3,450.0,1350.0
892,4.1,17,3,450.0,1350.0
892,4.1,18,3,450.0,1350.0
892,4.1,19,3,450.0,1350.0
892,4.1,20,3,450.0,1350.0
892,4.1,21,3,450.0,1350.0
892,4.1,22,3,450.0,1350.0
892,4.1,23,3,450.0,1350.0
894,4.1,0,2,450.0,900.0
894,4.1,1,0,450.0,0.0
894,4.1,4,1,450.0,450.0
894,4.1,5,3,450.0,1350.0
894,4.1,6,3,450.0,1350.0
894,4.1,7,3,450.0,1350.0
894,4.1,8,3,450.0,1350.0
894,4.1,9,3,450.0,1350.0
894,4.1,10,3,450.0,1350.0
894,4.1,11,3,450.0,1350.0
894,4.1,12,3,450.0,1350.0
894,4.1,13,3,450.0,1350.0
894,4.1,14,3,450.0,1350.0
894,4.1,15,3,450.0,1350.0
894,4.1,16,3,450.0,1350.0
894,4.1,17,3,450.0,1350.0
894,4.1,18,3,450.0,1350.0
894,4.1,19,3,450.0,1350.0
894,4.1,20,3,450.0,1350.0
894,4.1,21,3,450.0,1350.0
894,4.1,22,3,450.0,1350.0
894,4.1,23,3,450.0,1350.0
896,4.1,0,2,450.0,900.0
896,4.1,1,0,450.0,0.0
896,4.1,4,1,450.0,450.0
896,4.1,5,3,450.0,1350.0
896,4.1,6,3,450.0,1350.0
896,4.1,7,3,450.0,1350.0
896,4.1,8,3,450.0,1350.0
896,4.1,9,3,450.0,1350.0
896,4.1,10,3,450.0,1350.0
896,4.1,11,3,450.0,1350.0
896,4.1,12,3,450.0,1350.0
896,4.1,13,3,450.0,1350.0
896,4.1,14,3,450.0,1350.0
896,4.1,15,3,450.0,1350.0
896,4.1,16,3,450.0,1350.0
896,4.1,17,3,450.0,1350.0
896,4.1,18,3,450.0,1350.0
896,4.1,19,3,450.0,1350.0
896,4.1,20,3,450.0,1350.0
896,4.1,21,3,450.0,1350.0
896,4.1,22,3,450.0,1350.0
896,4.1,23,3,450.0,1350.0
898,4.1,0,2,450.0,900.0
898,4.1,1,0,450.0,0.0
898,4.1,4,1,450.0,450.0
898,4.1,5,3,450.0,1350.0
898,4.1,6,3,450.0,1350.0
898,4.1,7,3,450.0,1350.0
898,4.1,8,3,450.0,1350.0
898,4.1,9,3,450.0,1350.0
898,4.1,10,3,450.0,1350.0
898,4.1,11,3,450.0,1350.0
898,4.1,12,3,450.0,1350.0
898,4.1,13,3,450.0,1350.0
898,4.1,14,3,450.0,1350.0
898,4.1,15,3,450.0,1350.0
898,4.1,16,3,450.0,1350.0
898,4.1,17,3,450.0,1350.0
898,4.1,18,3,450.0,1350.0
898,4.1,19,3,450.0,1350.0
898,4.1,20,3,450.0,1350.0
898,4.1,21,3,450.0,1350.0
898,4.1,22,3,450.0,1350.0
898,4.1,23,3,450.0,1350.0
900,5.1,0,0,450.0,0.0
900,5.1,1,0,450.0,0.0
900,5.1,4,3,450.0,1350.0
900,5.1,5,3,450.0,1350.0
900,5.1,6,3,450.0,1350.0
900,5.1,7,3,450.0,1350.0
900,5.1,8,3,450.0,1350.0
900,5.1,9,3,450.0,1350.0
900,5.1,10,3,450.0,1350.0
900,5.1,11,3,450.0,1350.0
900,5.1,12,3,450.0,1350.0
900,5.1,13,3,450.0,1350.0
900,5.1,14,3,450.0,1350.0
900,5.1,15,3,450.0,1350.0
900,5.1,16,3,450.0,1350.0
900,5.1,17,3,450.0,1350.0
900,5.1,18,3,450.0,1350.0
900,5.1,19,0,450.0,0.0
900,5.1,20,0,450.0,0.0
900,5.1,21,0,450.0,0.0
900,5.1,22,0,450.0,0.0
900,5.1,23,0,450.0,0.0
902,5.1,0,0,450.0,0.0
902,5.1,1,0,450.0,0.0
902,5.1,4,3,450.0,1350.0
902,5.1,5,3,450.0,1350.0
902,5.1,6,3,450.0,1350.0
902,5.1,7,3,450.0,1350.0
902,5.1,8,3,450.0,1350.0
902,5.1,9,3,450.0,1350.0
902,5.1,10,3,450.0,1350.0
902,5.1,11,3,450.0,1350.0
902,5.1,12,3,450.0,1350.0
902,5.1,13,3,450.0,1350.0
902,5.1,14,3,450.0,1350.0
902,5.1,15,3,450.0,1350.0
902,5.1,16,3,450.0,1350.0
902,5.1,17,3,450.0,1350.0
902,5.1,18,3,450.0,1350.0
902,5.1,19,0,450.0,0.0
902,5.1,20,0,450.0,0.0
902,5.1,21,0,450.0,0.0
902,5.1,22,0,450.0,0.0
902,5.1,23,0,450.0,0.0
904,5.1,0,0,450.0,0.0
904,5.1,1,0,450.0,0.0
904,5.1,4,3,450.0,1350.0
904,5.1,5,3,450.0,1350.0
904,5.1,6,3,450.0,1350.0
904,5.1,7,3,450.0,1350.0
904,5.1,8,3,450.0,1350.0
904,5.1,9,3,450.0,1350.0
904,5.1,10,3,450.0,1350.0
904,5.1,11,3,450.0,1350.0
904,5.1,12,3,450.0,1350.0
904,5.1,13,3,450.0,1350.0
904,5.1,14,3,450.0,1350.0
904,5.1,15,3,450.0,1350.0
904,5.1,16,3,450.0,1350.0
904,5.1,17,3,450.0,1350.0
904,5.1,18,3,450.0,1350.0
904,5.1,19,0,450.0,0.0
904,5.1,20,0,450.0,0.0
904,5.1,21,0,450.0,0.0
904,5.1,22,0,450.0,0.0
904,5.1,23,0,450.0,0.0
906,5.1,0,0,450.0,0.0
906,5.1,1,0,450.0,0.0
906,5.1,4,3,450.0,1350.0
906,5.1,5,3,450.0,1350.0
906,5.1,6,3,450.0,1350.0
906,5.1,7,3,450.0,1350.0
906,5.1,8,3,450.0,1350.0
906,5.1,9,3,450.0,1350.0
906,5.1,10,3,450.0,1350.0
906,5.1,11,3,450.0,1350.0
906,5.1,12,3,450.0,1350.0
906,5.1,13,3,450.0,1350.0
906,5.1,14,3,450.0,1350.0
906,5.1,15,3,450.0,1350.0
906,5.1,16,3,450.0,1350.0
906,5.1,17,3,450.0,1350.0
906,5.1,18,3,450.0,1350.0
906,5.1,19,0,450.0,0.0
906,5.1,20,0,450.0,0.0
906,5.1,21,0,450.0,0.0
906,5.1,22,0,450.0,0.0
906,5.1,23,0,450.0,0.0
908,5.1,0,0,450.0,0.0
908,5.1,1,0,450.0,0.0
908,5.1,4,3,450.0,1350.0
908,5.1,5,3,450.0,1350.0
908,5.1,6,3,450.0,1350.0
908,5.1,7,3,450.0,1350.0
908,5.1,8,3,450.0,1350.0
908,5.1,9,3,450.0,1350.0
908,5.1,10,3,450.0,1350.0
908,5.1,11,3,450.0,1350.0
908,5.1,12,3,450.0,1350.0
908,5.1,13,3,450.0,1350.0
908,5.1,14,3,450.0,1350.0
908,5.1,15,3,450.0,1350.0
908,5.1,16,3,450.0,1350.0
908,5.1,17,3,450.0,1350.0
908,5.1,18,3,450.0,1350.0
908,5.1,19,0,450.0,0.0
908,5.1,20,0,450.0,0.0
908,5.1,21,0,450.0,0.0
908,5.1,22,0,450.0,0.0
908,5.1,23,0,450.0,0.0
910,5.1,0,0,450.0,0.0
910,5.1,1,0,450.0,0.0
910,5.1,4,3,450.0,1350.0
910,5.1,5,3,450.0,1350.0
910,5.1,6,3,450.0,1350.0
910,5.1,7,3,450.0,1350.0
910,5.1,8,3,450.0,1350.0
910,5.1,9,3,450.0,1350.0
910,5.1,10,3,450.0,1350.0
910,5.1,11,3,450.0,1350.0
910,5.1,12,3,450.0,1350.0
910,5.1,13,3,450.0,1350.0
910,5.1,14,3,450.0,1350.0
910,5.1,15,3,450.0,1350.0
910,5.1,16,3,450.0,1350.0
910,5.1,17,3,450.0,1350.0
910,5.1,18,3,450.0,1350.0
910,5.1,19,0,450.0,0.0
910,5.1,20,0,450.0,0.0
910,5.1,21,0,450.0,0.0
910,5.1,22,0,450.0,0.0
910,5.1,23,0,450.0,0.0
912,5.1,0,0,450.0,0.0
912,5.1,1,0,450.0,0.0
912,5.1,4,3,450.0,1350.0
912,5.1,5,3,450.0,1350.0
912,5.1,6,3,450.0,1350.0
912,5.1,7,3,450.0,1350.0
912,5.1,8,3,450.0,1350.0
912,5.1,9,3,450.0,1350.0
912,5.1,10,3,450.0,1350.0
912,5.1,11,3,450.0,1350.0
912,5.1,12,3,450.0,1350.0
912,5.1,13,3,450.0,1350.0
912,5.1,14,3,450.0,1350.0
912,5.1,15,3,450.0,1350.0
912,5.1,16,3,450.0,1350.0
912,5.1,17,3,450.0,1350.0
912,5.1,18,3,450.0,1350.0
912,5.1,19,0,450.0,0.0
912,5.1,20,0,450.0,0.0
912,5.1,21,0,450.0,0.0
912,5.1,22,0,450.0,0.0
912,5.1,23,0,450.0,0.0
914,5.1,0,0,450.0,0.0
914,5.1,1,0,450.0,0.0
914,5.1,4,3,450.0,1350.0
914,5.1,5,3,450.0,1350.0
914,5.1,6,3,450.0,1350.0
914,5.1,7,3,450.0,1350.0
914,5.1,8,3,450.0,1350.0
914,5.1,9,3,450.0,1350.0
914,5.1,10,3,450.0,1350.0
914,5.1,11,3,450.0,1350.0
914,5.1,12,3,450.0,1350.0
914,5.1,13,3,450.0,1350.0
914,5.1,14,3,450.0,1350.0
914,5.1,15,3,450.0,1350.0
914,5.1,16,3,450.0,1350.0
914,5.1,17,3,450.0,1350.0
914,5.1,18,3,450.0,1350.0
914,5.1,19,0,450.0,0.0
914,5.1,20,0,450.0,0.0
914,5.1,21,0,450.0,0.0
914,5.1,22,0,450.0,0.0
914,5.1,23,0,450.0,0.0
916,5.1,0,0,450.0,0.0
916,5.1,1,0,450.0,0.0
916,5.1,4,3,450.0,1350.0
916,5.1,5,3,450.0,1350.0
916,5.1,6,3,450.0,1350.0
916,5.1,7,3,450.0,1350.0
916,5.1,8,3,450.0,1350.0
916,5.1,9,3,450.0,1350.0
916,5.1,10,3,450.0,1350.0
916,5.1,11,3,450.0,1350.0
916,5.1,12,3,450.0,1350.0
916,5.1,13,3,450.0,1350.0
916,5.1,14,3,450.0,1350.0
916,5.1,15,3,450.0,1350.0
916,5.1,16,3,450.0,1350.0
916,5.1,17,3,450.0,1350.0
916,5.1,18,3,450.0,1350.0
916,5.1,19,0,450.0,0.0
916,5.1,20,0,450.0,0.0
916,5.1,21,0,450.0,0.0
916,5.1,22,0,450.0,0.0
916,5.1,23,0,450.0,0.0
918,5.1,0,0,450.0,0.0
918,5.1,1,0,450.0,0.0
918,5.1,4,3,450.0,1350.0
918,5.1,5,3,450.0,1350.0
918,5.1,6,3,450.0,1350.0
918,5.1,7,3,450.0,1350.0
918,5.1,8,3,450.0,1350.0
918,5.1,9,3,450.0,1350.0
918,5.1,10,3,450.0,1350.0
918,5.1,11,3,450.0,1350.0
918,5.1,12,3,450.0,1350.0
918,5.1,13,3,450.0,1350.0
918,5.1,14,3,450.0,1350.0
918,5.1,15,3,450.0,1350.0
918,5.1,16,3,450.0,1350.0
918,5.1,17,3,450.0,1350.0
918,5.1,18,3,450.0,1350.0
918,5.1,19,0,450.0,0.0
918,5.1,20,0,450.0,0.0
918,5.1,21,0,450.0,0.0
918,5.1,22,0,450.0,0.0
918,5.1,23,0,450.0,0.0
920,5.1,0,0,450.0,0.0
920,5.1,1,0,450.0,0.0
920,5.1,4,3,450.0,1350.0
920,5.1,5,3,450.0,1350.0
920,5.1,6,3,450.0,1350.0
920,5.1,7,3,450.0,1350.0
920,5.1,8,3,450.0,1350.0
920,5.1,9,3,450.0,1350.0
920,5.1,10,3,450.0,1350.0
920,5.1,11,3,450.0,1350.0
920,5.1,12,3,450.0,1350.0
920,5.1,13,3,450.0,1350.0
920,5.1,14,3,450.0,1350.0
920,5.1,15,3,450.0,1350.0
920,5.1,16,3,450.0,1350.0
920,5.1,17,3,450.0,1350.0
920,5.1,18,3,450.0,1350.0
920,5.1,19,0,450.0,0.0
920,5.1,20,0,450.0,0.0
920,5.1,21,0,450.0,0.0
920,5.1,22,0,450.0,0.0
920,5.1,23,0,450.0,0.0
922,5.1,0,0,450.0,0.0
922,5.1,1,0,450.0,0.0
922,5.1,4,3,450.0,1350.0
922,5.1,5,3,450.0,1350.0
922,5.1,6,3,450.0,1350.0
922,5.1,7,3,450.0,1350.0
922,5.1,8,3,450.0,1350.0
922,5.1,9,3,450.0,1350.0
922,5.1,10,3,450.0,1350.0
922,5.1,11,3,450.0,1350.0
922,5.1,12,3,450.0,1350.0
922,5.1,13,3,450.0,1350.0
922,5.1,14,3,450.0,1350.0
922,5.1,15,3,450.0,1350.0
922,5.1,16,3,450.0,1350.0
922,5.1,17,3,450.0,1350.0
922,5.1,18,3,450.0,1350.0
922,5.1,19,0,450.0,0.0
922,5.1,20,0,450.0,0.0
922,5.1,21,0,450.0,0.0
922,5.1,22,0,450.0,0.0
922,5.1,23,0,450.0,0.0
924,5.1,0,0,450.0,0.0
924,5.1,1,0,450.0,0.0
924,5.1,4,3,450.0,1350.0
924,5.1,5,3,450.0,1350.0
924,5.1,6,3,450.0,1350.0
924,5.1,7,3,450.0,1350.0
924,5.1,8,3,450.0,1350.0
924,5.1,9,3,450.0,1350.0
924,5.1,10,3,450.0,1350.0
924,5.1,11,3,450.0,1350.0
924,5.1,12,3,450.0,1350.0
924,5.1,13,3,450.0,1350.0
924,5.1,14,3,450.0,1350.0
924,5.1,15,3,450.0,1350.0
924,5.1,16,3,450.0,1350.0
924,5.1,17,3,450.0,1350.0
924,5.1,18,3,450.0,1350.0
924,5.1,19,0,450.0,0.0
924,5.1,20,0,450.0,0.0
924,5.1,21,0,450.0,0.0
924,5.1,22,0,450.0,0.0
924,5.1,23,0,450.0,0.0
928,5.1,0,0,450.0,0.0
928,5.1,1,0,450.0,0.0
928,5.1,4,3,450.0,1350.0
928,5.1,5,3,450.0,1350.0
928,5.1,6,3,450.0,1350.0
928,5.1,7,3,450.0,1350.0
928,5.1,8,3,450.0,1350.0
928,5.1,9,3,450.0,1350.0
928,5.1,10,3,450.0,1350.0
928,5.1,11,3,450.0,1350.0
928,5.1,12,3,450.0,1350.0
928,5.1,13,3,450.0,1350.0
928,5.1,14,3,450.0,1350.0
928,5.1,15,3,450.0,1350.0
928,5.1,16,3,450.0,1350.0
928,5.1,17,3,450.0,1350.0
928,5.1,18,3,450.0,1350.0
928,5.1,19,0,450.0,0.0
928,5.1,20,0,450.0,0.0
928,5.1,21,0,450.0,0.0
928,5.1,22,0,450.0,0.0
928,5.1,23,0,450.0,0.0
930,5.1,0,0,450.0,0.0
930,5.1,1,0,450.0,0.0
930,5.1,4,3,450.0,1350.0
930,5.1,5,3,450.0,1350.0
930,5.1,6,3,450.0,1350.0
930,5.1,7,3,450.0,1350.0
930,5.1,8,3,450.0,1350.0
930,5.1,9,3,450.0,1350.0
930,5.1,10,3,450.0,1350.0
930,5.1,11,3,450.0,1350.0
930,5.1,12,3,450.0,1350.0
930,5.1,13,3,450.0,1350.0
930,5.1,14,3,450.0,1350.0
930,5.1,15,3,450.0,1350.0
930,5.1,16,3,450.0,1350.0
930,5.1,17,3,450.0,1350.0
930,5.1,18,3,450.0,1350.0
930,5.1,19,0,450.0,0.0
930,5.1,20,0,450.0,0.0
930,5.1,21,0,450.0,0.0
930,5.1,22,0,450.0,0.0
930,5.1,23,0,450.0,0.0
932,5.1,0,0,450.0,0.0
932,5.1,1,0,450.0,0.0
932,5.1,4,3,450.0,1350.0
932,5.1,5,3,450.0,1350.0
932,5.1,6,3,450.0,1350.0
932,5.1,7,3,450.0,1350.0
932,5.1,8,3,450.0,1350.0
932,5.1,9,3,450.0,1350.0
932,5.1,10,3,450.0,1350.0
932,5.1,11,3,450.0,1350.0
932,5.1,12,3,450.0,1350.0
932,5.1,13,3,450.0,1350.0
932,5.1,14,3,450.0,1350.0
932,5.1,15,3,450.0,1350.0
932,5.1,16,3,450.0,1350.0
932,5.1,17,3,450.0,1350.0
932,5.1,18,3,450.0,1350.0
932,5.1,19,0,450.0,0.0
932,5.1,20,0,450.0,0.0
932,5.1,21,0,450.0,0.0
932,5.1,22,0,450.0,0.0
932,5.1,23,0,450.0,0.0
934,5.1,0,0,450.0,0.0
934,5.1,1,0,450.0,0.0
934,5.1,4,3,450.0,1350.0
934,5.1,5,3,450.0,1350.0
934,5.1,6,3,450.0,1350.0
934,5.1,7,3,450.0,1350.0
934,5.1,8,3,450.0,1350.0
934,5.1,9,3,450.0,1350.0
934,5.1,10,3,450.0,1350.0
934,5.1,11,3,450.0,1350.0
934,5.1,12,3,450.0,1350.0
934,5.1,13,3,450.0,1350.0
934,5.1,14,3,450.0,1350.0
934,5.1,15,3,450.0,1350.0
934,5.1,16,3,450.0,1350.0
934,5.1,17,3,450.0,1350.0
934,5.1,18,3,450.0,1350.0
934,5.1,19,0,450.0,0.0
934,5.1,20,0,450.0,0.0
934,5.1,21,0,450.0,0.0
934,5.1,22,0,450.0,0.0
934,5.1,23,0,450.0,0.0
936,5.1,0,0,450.0,0.0
936,5.1,1,0,450.0,0.0
936,5.1,4,3,450.0,1350.0
936,5.1,5,3,450.0,1350.0
936,5.1,6,3,450.0,1350.0
936,5.1,7,3,450.0,1350.0
936,5.1,8,3,450.0,1350.0
936,5.1,9,3,450.0,1350.0
936,5.1,10,3,450.0,1350.0
936,5.1,11,3,450.0,1350.0
936,5.1,12,3,450.0,1350.0
936,5.1,13,3,450.0,1350.0
936,5.1,14,3,450.0,1350.0
936,5.1,15,3,450.0,1350.0
936,5.1,16,3,450.0,1350.0
936,5.1,17,3,450.0,1350.0
936,5.1,18,3,450.0,1350.0
936,5.1,19,0,450.0,0.0
936,5.1,20,0,450.0,0.0
936,5.1,21,0,450.0,0.0
936,5.1,22,0,450.0,0.0
936,5.1,23,0,450.0,0.0
938,5.1,0,0,450.0,0.0
938,5.1,1,0,450.0,0.0
938,5.1,4,3,450.0,1350.0
938,5.1,5,3,450.0,1350.0
938,5.1,6,3,450.0,1350.0
938,5.1,7,3,450.0,1350.0
938,5.1,8,3,450.0,1350.0
938,5.1,9,3,450.0,1350.0
938,5.1,10,3,450.0,1350.0
938,5.1,11,3,450.0,1350.0
938,5.1,12,3,450.0,1350.0
938,5.1,13,3,450.0,1350.0
938,5.1,14,3,450.0,1350.0
938,5.1,15,3,450.0,1350.0
938,5.1,16,3,450.0,1350.0
938,5.1,17,3,450.0,1350.0
938,5.1,18,3,450.0,1350.0
938,5.1,19,0,450.0,0.0
938,5.1,20,0,450.0,0.0
938,5.1,21,0,450.0,0.0
938,5.1,22,0,450.0,0.0
938,5.1,23,0,450.0,0.0
940,5.1,0,0,450.0,0.0
940,5.1,1,0,450.0,0.0
940,5.1,4,3,450.0,1350.0
940,5.1,5,3,450.0,1350.0
940,5.1,6,3,450.0,1350.0
940,5.1,7,3,450.0,1350.0
940,5.1,8,3,450.0,1350.0
940,5.1,9,3,450.0,1350.0
940,5.1,10,3,450.0,1350.0
940,5.1,11,3,450.0,1350.0
940,5.1,12,3,450.0,1350.0
940,5.1,13,3,450.0,1350.0
940,5.1,14,3,450.0,1350.0
940,5.1,15,3,450.0,1350.0
940,5.1,16,3,450.0,1350.0
940,5.1,17,3,450.0,1350.0
940,5.1,18,3,450.0,1350.0
940,5.1,19,0,450.0,0.0
940,5.1,20,0,450.0,0.0
940,5.1,21,0,450.0,0.0
940,5.1,22,0,450.0,0.0
940,5.1,23,0,450.0,0.0
942,5.1,0,0,450.0,0.0
942,5.1,1,0,450.0,0.0
942,5.1,4,3,450.0,1350.0
942,5.1,5,3,450.0,1350.0
942,5.1,6,3,450.0,1350.0
942,5.1,7,3,450.0,1350.0
942,5.1,8,3,450.0,1350.0
942,5.1,9,3,450.0,1350.0
942,5.1,10,3,450.0,1350.0
942,5.1,11,3,450.0,1350.0
942,5.1,12,3,450.0,1350.0
942,5.1,13,3,450.0,1350.0
942,5.1,14,3,450.0,1350.0
942,5.1,15,3,450.0,1350.0
942,5.1,16,3,450.0,1350.0
942,5.1,17,3,450.0,1350.0
942,5.1,18,3,450.0,1350.0
942,5.1,19,0,450.0,0.0
942,5.1,20,0,450.0,0.0
942,5.1,21,0,450.0,0.0
942,5.1,22,0,450.0,0.0
942,5.1,23,0,450.0,0.0
944,5.1,0,0,450.0,0.0
944,5.1,1,0,450.0,0.0
944,5.1,4,3,450.0,1350.0
944,5.1,5,3,450.0,1350.0
944,5.1,6,3,450.0,1350.0
944,5.1,7,3,450.0,1350.0
944,5.1,8,3,450.0,1350.0
944,5.1,9,3,450.0,1350.0
944,5.1,10,3,450.0,1350.0
944,5.1,11,3,450.0,1350.0
944,5.1,12,3,450.0,1350.0
944,5.1,13,3,450.0,1350.0
944,5.1,14,3,450.0,1350.0
944,5.1,15,3,450.0,1350.0
944,5.1,16,3,450.0,1350.0
944,5.1,17,3,450.0,1350.0
944,5.1,18,3,450.0,1350.0
944,5.1,19,0,450.0,0.0
944,5.1,20,0,450.0,0.0
944,5.1,21,0,450.0,0.0
944,5.1,22,0,450.0,0.0
944,5.1,23,0,450.0,0.0
946,5.1,0,0,450.0,0.0
946,5.1,1,0,450.0,0.0
946,5.1,4,3,450.0,1350.0
946,5.1,5,3,450.0,1350.0
946,5.1,6,3,450.0,1350.0
946,5.1,7,3,450.0,1350.0
946,5.1,8,3,450.0,1350.0
946,5.1,9,3,450.0,1350.0
946,5.1,10,3,450.0,1350.0
946,5.1,11,3,450.0,1350.0
946,5.1,12,3,450.0,1350.0
946,5.1,13,3,450.0,1350.0
946,5.1,14,3,450.0,1350.0
946,5.1,15,3,450.0,1350.0
946,5.1,16,3,450.0,1350.0
946,5.1,17,3,450.0,1350.0
946,5.1,18,3,450.0,1350.0
946,5.1,19,0,450.0,0.0
946,5.1,20,0,450.0,0.0
946,5.1,21,0,450.0,0.0
946,5.1,22,0,450.0,0.0
946,5.1,23,0,450.0,0.0
948,5.1,0,0,450.0,0.0
948,5.1,1,0,450.0,0.0
948,5.1,4,3,450.0,1350.0
948,5.1,5,3,450.0,1350.0
948,5.1,6,3,450.0,1350.0
948,5.1,7,3,450.0,1350.0
948,5.1,8,3,450.0,1350.0
948,5.1,9,3,450.0,1350.0
948,5.1,10,3,450.0,1350.0
948,5.1,11,3,450.0,1350.0
948,5.1,12,3,450.0,1350.0
948,5.1,13,3,450.0,1350.0
948,5.1,14,3,450.0,1350.0
948,5.1,15,3,450.0,1350.0
948,5.1,16,3,450.0,1350.0
948,5.1,17,3,450.0,1350.0
948,5.1,18,3,450.0,1350.0
948,5.1,19,0,450.0,0.0
948,5.1,20,0,450.0,0.0
948,5.1,21,0,450.0,0.0
948,5.1,22,0,450.0,0.0
948,5.1,23,0,450.0,0.0
950,5.1,0,0,450.0,0.0
950,5.1,1,0,450.0,0.0
950,5.1,4,3,450.0,1350.0
950,5.1,5,3,450.0,1350.0
950,5.1,6,3,450.0,1350.0
950,5.1,7,3,450.0,1350.0
950,5.1,8,3,450.0,1350.0
950,5.1,9,3,450.0,1350.0
950,5.1,10,3,450.0,1350.0
950,5.1,11,3,450.0,1350.0
950,5.1,12,3,450.0,1350.0
950,5.1,13,3,450.0,1350.0
950,5.1,14,3,450.0,1350.0
950,5.1,15,3,450.0,1350.0
950,5.1,16,3,450.0,1350.0
950,5.1,17,3,450.0,1350.0
950,5.1,18,3,450.0,1350.0
950,5.1,19,0,450.0,0.0
950,5.1,20,0,450.0,0.0
950,5.1,21,0,450.0,0.0
950,5.1,22,0,450.0,0.0
950,5.1,23,0,450.0,0.0
952,5.1,0,0,450.0,0.0
952,5.1,1,0,450.0,0.0
952,5.1,4,3,450.0,1350.0
952,5.1,5,3,450.0,1350.0
952,5.1,6,3,450.0,1350.0
952,5.1,7,3,450.0,1350.0
952,5.1,8,3,450.0,1350.0
952,5.1,9,3,450.0,1350.0
952,5.1,10,3,450.0,1350.0
952,5.1,11,3,450.0,1350.0
952,5.1,12,3,450.0,1350.0
952,5.1,13,3,450.0,1350.0
952,5.1,14,3,450.0,1350.0
952,5.1,15,3,450.0,1350.0
952,5.1,16,3,450.0,1350.0
952,5.1,17,3,450.0,1350.0
952,5.1,18,3,450.0,1350.0
952,5.1,19,0,450.0,0.0
952,5.1,20,0,450.0,0.0
952,5.1,21,0,450.0,0.0
952,5.1,22,0,450.0,0.0
952,5.1,23,0,450.0,0.0
954,5.1,0,0,450.0,0.0
954,5.1,1,0,450.0,0.0
954,5.1,4,3,450.0,1350.0
954,5.1,5,3,450.0,1350.0
954,5.1,6,3,450.0,1350.0
954,5.1,7,3,450.0,1350.0
954,5.1,8,3,450.0,1350.0
954,5.1,9,3,450.0,1350.0
954,5.1,10,3,450.0,1350.0
954,5.1,11,3,450.0,1350.0
954,5.1,12,3,450.0,1350.0
954,5.1,13,3,450.0,1350.0
954,5.1,14,3,450.0,1350.0
954,5.1,15,3,450.0,1350.0
954,5.1,16,3,450.0,1350.0
954,5.1,17,3,450.0,1350.0
954,5.1,18,3,450.0,1350.0
954,5.1,19,0,450.0,0.0
954,5.1,20,0,450.0,0.0
954,5.1,21,0,450.0,0.0
954,5.1,22,0,450.0,0.0
954,5.1,23,0,450.0,0.0
956,5.1,0,0,450.0,0.0
956,5.1,1,0,450.0,0.0
956,5.1,4,3,450.0,1350.0
956,5.1,5,3,450.0,1350.0
956,5.1,6,3,450.0,1350.0
956,5.1,7,3,450.0,1350.0
956,5.1,8,3,450.0,1350.0
956,5.1,9,3,450.0,1350.0
956,5.1,10,3,450.0,1350.0
956,5.1,11,3,450.0,1350.0
956,5.1,12,3,450.0,1350.0
956,5.1,13,3,450.0,1350.0
956,5.1,14,3,450.0,1350.0
956,5.1,15,3,450.0,1350.0
956,5.1,16,3,450.0,1350.0
956,5.1,17,3,450.0,1350.0
956,5.1,18,3,450.0,1350.0
956,5.1,19,0,450.0,0.0
956,5.1,20,0,450.0,0.0
956,5.1,21,0,450.0,0.0
956,5.1,22,0,450.0,0.0
956,5.1,23,0,450.0,0.0
958,5.1,0,0,450.0,0.0
958,5.1,1,0,450.0,0.0
958,5.1,4,3,450.0,1350.0
958,5.1,5,3,450.0,1350.0
958,5.1,6,3,450.0,1350.0
958,5.1,7,3,450.0,1350.0
958,5.1,8,3,450.0,1350.0
958,5.1,9,3,450.0,1350.0
958,5.1,10,3,450.0,1350.0
958,5.1,11,3,450.0,1350.0
958,5.1,12,3,450.0,1350.0
958,5.1,13,3,450.0,1350.0
958,5.1,14,3,450.0,1350.0
958,5.1,15,3,450.0,1350.0
958,5.1,16,3,450.0,1350.0
958,5.1,17,3,450.0,1350.0
958,5.1,18,3,450.0,1350.0
958,5.1,19,0,450.0,0.0
958,5.1,20,0,450.0,0.0
958,5.1,21,0,450.0,0.0
958,5.1,22,0,450.0,0.0
958,5.1,23,0,450.0,0.0
960,5.1,0,0,450.0,0.0
960,5.1,1,0,450.0,0.0
960,5.1,4,3,450.0,1350.0
960,5.1,5,3,450.0,1350.0
960,5.1,6,3,450.0,1350.0
960,5.1,7,3,450.0,1350.0
960,5.1,8,3,450.0,1350.0
960,5.1,9,3,450.0,1350.0
960,5.1,10,3,450.0,1350.0
960,5.1,11,3,450.0,1350.0
960,5.1,12,3,450.0,1350.0
960,5.1,13,3,450.0,1350.0
960,5.1,14,3,450.0,1350.0
960,5.1,15,3,450.0,1350.0
960,5.1,16,3,450.0,1350.0
960,5.1,17,3,450.0,1350.0
960,5.1,18,3,450.0,1350.0
960,5.1,19,0,450.0,0.0
960,5.1,20,0,450.0,0.0
960,5.1,21,0,450.0,0.0
960,5.1,22,0,450.0,0.0
960,5.1,23,0,450.0,0.0
962,5.1,0,0,450.0,0.0
962,5.1,1,0,450.0,0.0
962,5.1,4,3,450.0,1350.0
962,5.1,5,3,450.0,1350.0
962,5.1,6,3,450.0,1350.0
962,5.1,7,3,450.0,1350.0
962,5.1,8,3,450.0,1350.0
962,5.1,9,3,450.0,1350.0
962,5.1,10,3,450.0,1350.0
962,5.1,11,3,450.0,1350.0
962,5.1,12,3,450.0,1350.0
962,5.1,13,3,450.0,1350.0
962,5.1,14,3,450.0,1350.0
962,5.1,15,3,450.0,1350.0
962,5.1,16,3,450.0,1350.0
962,5.1,17,3,450.0,1350.0
962,5.1,18,3,450.0,1350.0
962,5.1,19,0,450.0,0.0
962,5.1,20,0,450.0,0.0
962,5.1,21,0,450.0,0.0
962,5.1,22,0,450.0,0.0
962,5.1,23,0,450.0,0.0
964,5.1,0,0,450.0,0.0
964,5.1,1,0,450.0,0.0
964,5.1,4,3,450.0,1350.0
964,5.1,5,3,450.0,1350.0
964,5.1,6,3,450.0,1350.0
964,5.1,7,3,450.0,1350.0
964,5.1,8,3,450.0,1350.0
964,5.1,9,3,450.0,1350.0
964,5.1,10,3,450.0,1350.0
964,5.1,11,3,450.0,1350.0
964,5.1,12,3,450.0,1350.0
964,5.1,13,3,450.0,1350.0
964,5.1,14,3,450.0,1350.0
964,5.1,15,3,450.0,1350.0
964,5.1,16,3,450.0,1350.0
964,5.1,17,3,450.0,1350.0
964,5.1,18,3,450.0,1350.0
964,5.1,19,0,450.0,0.0
964,5.1,20,0,450.0,0.0
964,5.1,21,0,450.0,0.0
964,5.1,22,0,450.0,0.0
964,5.1,23,0,450.0,0.0
966,5.1,0,0,450.0,0.0
966,5.1,1,0,450.0,0.0
966,5.1,4,3,450.0,1350.0
966,5.1,5,3,450.0,1350.0
966,5.1,6,3,450.0,1350.0
966,5.1,7,3,450.0,1350.0
966,5.1,8,3,450.0,1350.0
966,5.1,9,3,450.0,1350.0
966,5.1,10,3,450.0,1350.0
966,5.1,11,3,450.0,1350.0
966,5.1,12,3,450.0,1350.0
966,5.1,13,3,450.0,1350.0
966,5.1,14,3,450.0,1350.0
966,5.1,15,3,450.0,1350.0
966,5.1,16,3,450.0,1350.0
966,5.1,17,3,450.0,1350.0
966,5.1,18,3,450.0,1350.0
966,5.1,19,0,450.0,0.0
966,5.1,20,0,450.0,0.0
966,5.1,21,0,450.0,0.0
966,5.1,22,0,450.0,0.0
966,5.1,23,0,450.0,0.0
968,5.1,0,0,450.0,0.0
968,5.1,1,0,450.0,0.0
968,5.1,4,3,450.0,1350.0
968,5.1,5,3,450.0,1350.0
968,5.1,6,3,450.0,1350.0
968,5.1,7,3,450.0,1350.0
968,5.1,8,3,450.0,1350.0
968,5.1,9,3,450.0,1350.0
968,5.1,10,3,450.0,1350.0
968,5.1,11,3,450.0,1350.0
968,5.1,12,3,450.0,1350.0
968,5.1,13,3,450.0,1350.0
968,5.1,14,3,450.0,1350.0
968,5.1,15,3,450.0,1350.0
968,5.1,16,3,450.0,1350.0
968,5.1,17,3,450.0,1350.0
968,5.1,18,3,450.0,1350.0
968,5.1,19,0,450.0,0.0
968,5.1,20,0,450.0,0.0
968,5.1,21,0,450.0,0.0
968,5.1,22,0,450.0,0.0
968,5.1,23,0,450.0,0.0
970,5.1,0,0,450.0,0.0
970,5.1,1,0,450.0,0.0
970,5.1,4,3,450.0,1350.0
970,5.1,5,3,450.0,1350.0
970,5.1,6,3,450.0,1350.0
970,5.1,7,3,450.0,1350.0
970,5.1,8,3,450.0,1350.0
970,5.1,9,3,450.0,1350.0
970,5.1,10,3,450.0,1350.0
970,5.1,11,3,450.0,1350.0
970,5.1,12,3,450.0,1350.0
970,5.1,13,3,450.0,1350.0
970,5.1,14,3,450.0,1350.0
970,5.1,15,3,450.0,1350.0
970,5.1,16,3,450.0,1350.0
970,5.1,17,3,450.0,1350.0
970,5.1,18,3,450.0,1350.0
970,5.1,19,0,450.0,0.0
970,5.1,20,0,450.0,0.0
970,5.1,21,0,450.0,0.0
970,5.1,22,0,450.0,0.0
970,5.1,23,0,450.0,0.0
972,5.1,0,0,450.0,0.0
972,5.1,1,0,450.0,0.0
972,5.1,4,3,450.0,1350.0
972,5.1,5,3,450.0,1350.0
972,5.1,6,3,450.0,1350.0
972,5.1,7,3,450.0,1350.0
972,5.1,8,3,450.0,1350.0
972,5.1,9,3,450.0,1350.0
972,5.1,10,3,450.0,1350.0
972,5.1,11,3,450.0,1350.0
972,5.1,12,3,450.0,1350.0
972,5.1,13,3,450.0,1350.0
972,5.1,14,3,450.0,1350.0
972,5.1,15,3,450.0,1350.0
972,5.1,16,3,450.0,1350.0
972,5.1,17,3,450.0,1350.0
972,5.1,18,3,450.0,1350.0
972,5.1,19,0,450.0,0.0
972,5.1,20,0,450.0,0.0
972,5.1,21,0,450.0,0.0
972,5.1,22,0,450.0,0.0
972,5.1,23,0,450.0,0.0
974,5.1,0,0,450.0,0.0
974,5.1,1,0,450.0,0.0
974,5.1,4,3,450.0,1350.0
974,5.1,5,3,450.0,1350.0
974,5.1,6,3,450.0,1350.0
974,5.1,7,3,450.0,1350.0
974,5.1,8,3,450.0,1350.0
974,5.1,9,3,450.0,1350.0
974,5.1,10,3,450.0,1350.0
974,5.1,11,3,450.0,1350.0
974,5.1,12,3,450.0,1350.0
974,5.1,13,3,450.0,1350.0
974,5.1,14,3,450.0,1350.0
974,5.1,15,3,450.0,1350.0
974,5.1,16,3,450.0,1350.0
974,5.1,17,3,450.0,1350.0
974,5.1,18,3,450.0,1350.0
974,5.1,19,0,450.0,0.0
974,5.1,20,0,450.0,0.0
974,5.1,21,0,450.0,0.0
974,5.1,22,0,450.0,0.0
974,5.1,23,0,450.0,0.0
976,6.2,0,0,450.0,0.0
976,6.2,1,0,450.0,0.0
976,6.2,4,2,450.0,900.0
976,6.2,5,5,450.0,2250.0
976,6.2,6,3,450.0,1350.0
976,6.2,7,3,450.0,1350.0
976,6.2,8,3,450.0,1350.0
976,6.2,9,3,450.0,1350.0
976,6.2,10,3,450.0,1350.0
976,6.2,11,3,450.0,1350.0
976,6.2,12,3,450.0,1350.0
976,6.2,13,3,450.0,1350.0
976,6.2,14,3,450.0,1350.0
976,6.2,15,3,450.0,1350.0
976,6.2,16,3,450.0,1350.0
976,6.2,17,3,450.0,1350.0
976,6.2,18,3,450.0,1350.0
976,6.2,19,2,450.0,900.0
976,6.2,20,0,450.0,0.0
976,6.2,21,0,450.0,0.0
976,6.2,22,0,450.0,0.0
976,6.2,23,0,450.0,0.0
978,6.2,0,0,450.0,0.0
978,6.2,1,0,450.0,0.0
978,6.2,4,2,450.0,900.0
978,6.2,5,5,450.0,2250.0
978,6.2,6,3,450.0,1350.0
978,6.2,7,3,450.0,1350.0
978,6.2,8,3,450.0,1350.0
978,6.2,9,3,450.0,1350.0
978,6.2,10,3,450.0,1350.0
978,6.2,11,3,450.0,1350.0
978,6.2,12,3,450.0,1350.0
978,6.2,13,3,450.0,1350.0
978,6.2,14,3,450.0,1350.0
978,6.2,15,3,450.0,1350.0
978,6.2,16,3,450.0,1350.0
978,6.2,17,3,450.0,1350.0
978,6.2,18,3,450.0,1350.0
978,6.2,19,2,450.0,900.0
978,6.2,20,0,450.0,0.0
978,6.2,21,0,450.0,0.0
978,6.2,22,0,450.0,0.0
978,6.2,23,0,450.0,0.0
980,6.2,0,0,450.0,0.0
980,6.2,1,0,450.0,0.0
980,6.2,4,2,450.0,900.0
980,6.2,5,5,450.0,2250.0
980,6.2,6,3,450.0,1350.0
980,6.2,7,3,450.0,1350.0
980,6.2,8,3,450.0,1350.0
980,6.2,9,3,450.0,1350.0
980,6.2,10,3,450.0,1350.0
980,6.2,11,3,450.0,1350.0
980,6.2,12,3,450.0,1350.0
980,6.2,13,3,450.0,1350.0
980,6.2,14,3,450.0,1350.0
980,6.2,15,3,450.0,1350.0
980,6.2,16,3,450.0,1350.0
980,6.2,17,3,450.0,1350.0
980,6.2,18,3,450.0,1350.0
980,6.2,19,2,450.0,900.0
980,6.2,20,0,450.0,0.0
980,6.2,21,0,450.0,0.0
980,6.2,22,0,450.0,0.0
980,6.2,23,0,450.0,0.0
982,6.2,0,0,450.0,0.0
982,6.2,1,0,450.0,0.0
982,6.2,4,2,450.0,900.0
982,6.2,5,5,450.0,2250.0
982,6.2,6,3,450.0,1350.0
982,6.2,7,3,450.0,1350.0
982,6.2,8,3,450.0,1350.0
982,6.2,9,3,450.0,1350.0
982,6.2,10,3,450.0,1350.0
982,6.2,11,3,450.0,1350.0
982,6.2,12,3,450.0,1350.0
982,6.2,13,3,450.0,1350.0
982,6.2,14,3,450.0,1350.0
982,6.2,15,3,450.0,1350.0
982,6.2,16,3,450.0,1350.0
982,6.2,17,3,450.0,1350.0
982,6.2,18,3,450.0,1350.0
982,6.2,19,2,450.0,900.0
982,6.2,20,0,450.0,0.0
982,6.2,21,0,450.0,0.0
982,6.2,22,0,450.0,0.0
982,6.2,23,0,450.0,0.0
986,6.2,0,0,450.0,0.0
986,6.2,1,0,450.0,0.0
986,6.2,4,2,450.0,900.0
986,6.2,5,5,450.0,2250.0
986,6.2,6,3,450.0,1350.0
986,6.2,7,3,450.0,1350.0
986,6.2,8,3,450.0,1350.0
986,6.2,9,3,450.0,1350.0
986,6.2,10,3,450.0,1350.0
986,6.2,11,3,450.0,1350.0
986,6.2,12,3,450.0,1350.0
986,6.2,13,3,450.0,1350.0
986,6.2,14,3,450.0,1350.0
986,6.2,15,3,450.0,1350.0
986,6.2,16,3,450.0,1350.0
986,6.2,17,3,450.0,1350.0
986,6.2,18,3,450.0,1350.0
986,6.2,19,2,450.0,900.0
986,6.2,20,0,450.0,0.0
986,6.2,21,0,450.0,0.0
986,6.2,22,0,450.0,0.0
986,6.2,23,0,450.0,0.0
988,6.2,0,0,450.0,0.0
988,6.2,1,0,450.0,0.0
988,6.2,4,2,450.0,900.0
988,6.2,5,5,450.0,2250.0
988,6.2,6,3,450.0,1350.0
988,6.2,7,3,450.0,1350.0
988,6.2,8,3,450.0,1350.0
988,6.2,9,3,450.0,1350.0
988,6.2,10,3,450.0,1350.0
988,6.2,11,3,450.0,1350.0
988,6.2,12,3,450.0,1350.0
988,6.2,13,3,450.0,1350.0
988,6.2,14,3,450.0,1350.0
988,6.2,15,3,450.0,1350.0
988,6.2,16,3,450.0,1350.0
988,6.2,17,3,450.0,1350.0
988,6.2,18,3,450.0,1350.0
988,6.2,19,2,450.0,900.0
988,6.2,20,0,450.0,0.0
988,6.2,21,0,450.0,0.0
988,6.2,22,0,450.0,0.0
988,6.2,23,0,450.0,0.0
990,6.2,0,0,450.0,0.0
990,6.2,1,0,450.0,0.0
990,6.2,4,2,450.0,900.0
990,6.2,5,5,450.0,2250.0
990,6.2,6,3,450.0,1350.0
990,6.2,7,3,450.0,1350.0
990,6.2,8,3,450.0,1350.0
990,6.2,9,3,450.0,1350.0
990,6.2,10,3,450.0,1350.0
990,6.2,11,3,450.0,1350.0
990,6.2,12,3,450.0,1350.0
990,6.2,13,3,450.0,1350.0
990,6.2,14,3,450.0,1350.0
990,6.2,15,3,450.0,1350.0
990,6.2,16,3,450.0,1350.0
990,6.2,17,3,450.0,1350.0
990,6.2,18,3,450.0,1350.0
990,6.2,19,2,450.0,900.0
990,6.2,20,0,450.0,0.0
990,6.2,21,0,450.0,0.0
990,6.2,22,0,450.0,0.0
990,6.2,23,0,450.0,0.0
992,6.2,0,0,450.0,0.0
992,6.2,1,0,450.0,0.0
992,6.2,4,2,450.0,900.0
992,6.2,5,5,450.0,2250.0
992,6.2,6,3,450.0,1350.0
992,6.2,7,3,450.0,1350.0
992,6.2,8,3,450.0,1350.0
992,6.2,9,3,450.0,1350.0
992,6.2,10,3,450.0,1350.0
992,6.2,11,3,450.0,1350.0
992,6.2,12,3,450.0,1350.0
992,6.2,13,3,450.0,1350.0
992,6.2,14,3,450.0,1350.0
992,6.2,15,3,450.0,1350.0
992,6.2,16,3,450.0,1350.0
992,6.2,17,3,450.0,1350.0
992,6.2,18,3,450.0,1350.0
992,6.2,19,2,450.0,900.0
992,6.2,20,0,450.0,0.0
992,6.2,21,0,450.0,0.0
992,6.2,22,0,450.0,0.0
992,6.2,23,0,450.0,0.0
994,6.2,0,0,450.0,0.0
994,6.2,1,0,450.0,0.0
994,6.2,4,2,450.0,900.0
994,6.2,5,5,450.0,2250.0
994,6.2,6,3,450.0,1350.0
994,6.2,7,3,450.0,1350.0
994,6.2,8,3,450.0,1350.0
994,6.2,9,3,450.0,1350.0
994,6.2,10,3,450.0,1350.0
994,6.2,11,3,450.0,1350.0
994,6.2,12,3,450.0,1350.0
994,6.2,13,3,450.0,1350.0
994,6.2,14,3,450.0,1350.0
994,6.2,15,3,450.0,1350.0
994,6.2,16,3,450.0,1350.0
994,6.2,17,3,450.0,1350.0
994,6.2,18,3,450.0,1350.0
994,6.2,19,2,450.0,900.0
994,6.2,20,0,450.0,0.0
994,6.2,21,0,450.0,0.0
994,6.2,22,0,450.0,0.0
994,6.2,23,0,450.0,0.0
996,6.2,0,0,450.0,0.0
996,6.2,1,0,450.0,0.0
996,6.2,4,2,450.0,900.0
996,6.2,5,5,450.0,2250.0
996,6.2,6,3,450.0,1350.0
996,6.2,7,3,450.0,1350.0
996,6.2,8,3,450.0,1350.0
996,6.2,9,3,450.0,1350.0
996,6.2,10,3,450.0,1350.0
996,6.2,11,3,450.0,1350.0
996,6.2,12,3,450.0,1350.0
996,6.2,13,3,450.0,1350.0
996,6.2,14,3,450.0,1350.0
996,6.2,15,3,450.0,1350.0
996,6.2,16,3,450.0,1350.0
996,6.2,17,3,450.0,1350.0
996,6.2,18,3,450.0,1350.0
996,6.2,19,2,450.0,900.0
996,6.2,20,0,450.0,0.0
996,6.2,21,0,450.0,0.0
996,6.2,22,0,450.0,0.0
996,6.2,23,0,450.0,0.0
998,6.2,0,0,450.0,0.0
998,6.2,1,0,450.0,0.0
998,6.2,4,2,450.0,900.0
998,6.2,5,5,450.0,2250.0
998,6.2,6,3,450.0,1350.0
998,6.2,7,3,450.0,1350.0
998,6.2,8,3,450.0,1350.0
998,6.2,9,3,450.0,1350.0
998,6.2,10,3,450.0,1350.0
998,6.2,11,3,450.0,1350.0
998,6.2,12,3,450.0,1350.0
998,6.2,13,3,450.0,1350.0
998,6.2,14,3,450.0,1350.0
998,6.2,15,3,450.0,1350.0
998,6.2,16,3,450.0,1350.0
998,6.2,17,3,450.0,1350.0
998,6.2,18,3,450.0,1350.0
998,6.2,19,2,450.0,900.0
998,6.2,20,0,450.0,0.0
998,6.2,21,0,450.0,0.0
998,6.2,22,0,450.0,0.0
998,6.2,23,0,450.0,0.0
1000,6.2,0,0,450.0,0.0
1000,6.2,1,0,450.0,0.0
1000,6.2,4,2,450.0,900.0
1000,6.2,5,5,450.0,2250.0
1000,6.2,6,3,450.0,1350.0
1000,6.2,7,3,450.0,1350.0
1000,6.2,8,3,450.0,1350.0
1000,6.2,9,3,450.0,1350.0
1000,6.2,10,3,450.0,1350.0
1000,6.2,11,3,450.0,1350.0
1000,6.2,12,3,450.0,1350.0
1000,6.2,13,3,450.0,1350.0
1000,6.2,14,3,450.0,1350.0
1000,6.2,15,3,450.0,1350.0
1000,6.2,16,3,450.0,1350.0
1000,6.2,17,3,450.0,1350.0
1000,6.2,18,3,450.0,1350.0
1000,6.2,19,2,450.0,900.0
1000,6.2,20,0,450.0,0.0
1000,6.2,21,0,450.0,0.0
1000,6.2,22,0,450.0,0.0
1000,6.2,23,0,450.0,0.0
1002,6.2,0,0,450.0,0.0
1002,6.2,1,0,450.0,0.0
1002,6.2,4,2,450.0,900.0
1002,6.2,5,5,450.0,2250.0
1002,6.2,6,3,450.0,1350.0
1002,6.2,7,3,450.0,1350.0
1002,6.2,8,3,450.0,1350.0
1002,6.2,9,3,450.0,1350.0
1002,6.2,10,3,450.0,1350.0
1002,6.2,11,3,450.0,1350.0
1002,6.2,12,3,450.0,1350.0
1002,6.2,13,3,450.0,1350.0
1002,6.2,14,3,450.0,1350.0
1002,6.2,15,3,450.0,1350.0
1002,6.2,16,3,450.0,1350.0
1002,6.2,17,3,450.0,1350.0
1002,6.2,18,3,450.0,1350.0
1002,6.2,19,2,450.0,900.0
1002,6.2,20,0,450.0,0.0
1002,6.2,21,0,450.0,0.0
1002,6.2,22,0,450.0,0.0
1002,6.2,23,0,450.0,0.0
1004,6.2,0,0,450.0,0.0
1004,6.2,1,0,450.0,0.0
1004,6.2,4,2,450.0,900.0
1004,6.2,5,5,450.0,2250.0
1004,6.2,6,3,450.0,1350.0
1004,6.2,7,3,450.0,1350.0
1004,6.2,8,3,450.0,1350.0
1004,6.2,9,3,450.0,1350.0
1004,6.2,10,3,450.0,1350.0
1004,6.2,11,3,450.0,1350.0
1004,6.2,12,3,450.0,1350.0
1004,6.2,13,3,450.0,1350.0
1004,6.2,14,3,450.0,1350.0
1004,6.2,15,3,450.0,1350.0
1004,6.2,16,3,450.0,1350.0
1004,6.2,17,3,450.0,1350.0
1004,6.2,18,3,450.0,1350.0
1004,6.2,19,2,450.0,900.0
1004,6.2,20,0,450.0,0.0
1004,6.2,21,0,450.0,0.0
1004,6.2,22,0,450.0,0.0
1004,6.2,23,0,450.0,0.0
1006,6.2,0,0,450.0,0.0
1006,6.2,1,0,450.0,0.0
1006,6.2,4,2,450.0,900.0
1006,6.2,5,5,450.0,2250.0
1006,6.2,6,3,450.0,1350.0
1006,6.2,7,3,450.0,1350.0
1006,6.2,8,3,450.0,1350.0
1006,6.2,9,3,450.0,1350.0
1006,6.2,10,3,450.0,1350.0
1006,6.2,11,3,450.0,1350.0
1006,6.2,12,3,450.0,1350.0
1006,6.2,13,3,450.0,1350.0
1006,6.2,14,3,450.0,1350.0
1006,6.2,15,3,450.0,1350.0
1006,6.2,16,3,450.0,1350.0
1006,6.2,17,3,450.0,1350.0
1006,6.2,18,3,450.0,1350.0
1006,6.2,19,2,450.0,900.0
1006,6.2,20,0,450.0,0.0
1006,6.2,21,0,450.0,0.0
1006,6.2,22,0,450.0,0.0
1006,6.2,23,0,450.0,0.0
1008,6.2,0,0,450.0,0.0
1008,6.2,1,0,450.0,0.0
1008,6.2,4,2,450.0,900.0
1008,6.2,5,5,450.0,2250.0
1008,6.2,6,3,450.0,1350.0
1008,6.2,7,3,450.0,1350.0
1008,6.2,8,3,450.0,1350.0
1008,6.2,9,3,450.0,1350.0
1008,6.2,10,3,450.0,1350.0
1008,6.2,11,3,450.0,1350.0
1008,6.2,12,3,450.0,1350.0
1008,6.2,13,3,450.0,1350.0
1008,6.2,14,3,450.0,1350.0
1008,6.2,15,3,450.0,1350.0
1008,6.2,16,3,450.0,1350.0
1008,6.2,17,3,450.0,1350.0
1008,6.2,18,3,450.0,1350.0
1008,6.2,19,2,450.0,900.0
1008,6.2,20,0,450.0,0.0
1008,6.2,21,0,450.0,0.0
1008,6.2,22,0,450.0,0.0
1008,6.2,23,0,450.0,0.0
1010,6.2,0,0,450.0,0.0
1010,6.2,1,0,450.0,0.0
1010,6.2,4,2,450.0,900.0
1010,6.2,5,5,450.0,2250.0
1010,6.2,6,3,450.0,1350.0
1010,6.2,7,3,450.0,1350.0
1010,6.2,8,3,450.0,1350.0
1010,6.2,9,3,450.0,1350.0
1010,6.2,10,3,450.0,1350.0
1010,6.2,11,3,450.0,1350.0
1010,6.2,12,3,450.0,1350.0
1010,6.2,13,3,450.0,1350.0
1010,6.2,14,3,450.0,1350.0
1010,6.2,15,3,450.0,1350.0
1010,6.2,16,3,450.0,1350.0
1010,6.2,17,3,450.0,1350.0
1010,6.2,18,3,450.0,1350.0
1010,6.2,19,2,450.0,900.0
1010,6.2,20,0,450.0,0.0
1010,6.2,21,0,450.0,0.0
1010,6.2,22,0,450.0,0.0
1010,6.2,23,0,450.0,0.0
1012,6.2,0,0,450.0,0.0
1012,6.2,1,0,450.0,0.0
1012,6.2,4,2,450.0,900.0
1012,6.2,5,5,450.0,2250.0
1012,6.2,6,3,450.0,1350.0
1012,6.2,7,3,450.0,1350.0
1012,6.2,8,3,450.0,1350.0
1012,6.2,9,3,450.0,1350.0
1012,6.2,10,3,450.0,1350.0
1012,6.2,11,3,450.0,1350.0
1012,6.2,12,3,450.0,1350.0
1012,6.2,13,3,450.0,1350.0
1012,6.2,14,3,450.0,1350.0
1012,6.2,15,3,450.0,1350.0
1012,6.2,16,3,450.0,1350.0
1012,6.2,17,3,450.0,1350.0
1012,6.2,18,3,450.0,1350.0
1012,6.2,19,2,450.0,900.0
1012,6.2,20,0,450.0,0.0
1012,6.2,21,0,450.0,0.0
1012,6.2,22,0,450.0,0.0
1012,6.2,23,0,450.0,0.0
1014,6.2,0,0,450.0,0.0
1014,6.2,1,0,450.0,0.0
1014,6.2,4,2,450.0,900.0
1014,6.2,5,5,450.0,2250.0
1014,6.2,6,3,450.0,1350.0
1014,6.2,7,3,450.0,1350.0
1014,6.2,8,3,450.0,1350.0
1014,6.2,9,3,450.0,1350.0
1014,6.2,10,3,450.0,1350.0
1014,6.2,11,3,450.0,1350.0
1014,6.2,12,3,450.0,1350.0
1014,6.2,13,3,450.0,1350.0
1014,6.2,14,3,450.0,1350.0
1014,6.2,15,3,450.0,1350.0
1014,6.2,16,3,450.0,1350.0
1014,6.2,17,3,450.0,1350.0
1014,6.2,18,3,450.0,1350.0
1014,6.2,19,2,450.0,900.0
1014,6.2,20,0,450.0,0.0
1014,6.2,21,0,450.0,0.0
1014,6.2,22,0,450.0,0.0
1014,6.2,23,0,450.0,0.0
1016,6.2,0,0,450.0,0.0
1016,6.2,1,0,450.0,0.0
1016,6.2,4,2,450.0,900.0
1016,6.2,5,5,450.0,2250.0
1016,6.2,6,3,450.0,1350.0
1016,6.2,7,3,450.0,1350.0
1016,6.2,8,3,450.0,1350.0
1016,6.2,9,3,450.0,1350.0
1016,6.2,10,3,450.0,1350.0
1016,6.2,11,3,450.0,1350.0
1016,6.2,12,3,450.0,1350.0
1016,6.2,13,3,450.0,1350.0
1016,6.2,14,3,450.0,1350.0
1016,6.2,15,3,450.0,1350.0
1016,6.2,16,3,450.0,1350.0
1016,6.2,17,3,450.0,1350.0
1016,6.2,18,3,450.0,1350.0
1016,6.2,19,2,450.0,900.0
1016,6.2,20,0,450.0,0.0
1016,6.2,21,0,450.0,0.0
1016,6.2,22,0,450.0,0.0
1016,6.2,23,0,450.0,0.0
1018,6.2,0,0,450.0,0.0
1018,6.2,1,0,450.0,0.0
1018,6.2,4,2,450.0,900.0
1018,6.2,5,5,450.0,2250.0
1018,6.2,6,3,450.0,1350.0
1018,6.2,7,3,450.0,1350.0
1018,6.2,8,3,450.0,1350.0
1018,6.2,9,3,450.0,1350.0
1018,6.2,10,3,450.0,1350.0
1018,6.2,11,3,450.0,1350.0
1018,6.2,12,3,450.0,1350.0
1018,6.2,13,3,450.0,1350.0
1018,6.2,14,3,450.0,1350.0
1018,6.2,15,3,450.0,1350.0
1018,6.2,16,3,450.0,1350.0
1018,6.2,17,3,450.0,1350.0
1018,6.2,18,3,450.0,1350.0
1018,6.2,19,2,450.0,900.0
1018,6.2,20,0,450.0,0.0
1018,6.2,21,0,450.0,0.0
1018,6.2,22,0,450.0,0.0
1018,6.2,23,0,450.0,0.0
1020,6.2,0,0,450.0,0.0
1020,6.2,1,0,450.0,0.0
1020,6.2,4,2,450.0,900.0
1020,6.2,5,5,450.0,2250.0
1020,6.2,6,3,450.0,1350.0
1020,6.2,7,3,450.0,1350.0
1020,6.2,8,3,450.0,1350.0
1020,6.2,9,3,450.0,1350.0
1020,6.2,10,3,450.0,1350.0
1020,6.2,11,3,450.0,1350.0
1020,6.2,12,3,450.0,1350.0
1020,6.2,13,3,450.0,1350.0
1020,6.2,14,3,450.0,1350.0
1020,6.2,15,3,450.0,1350.0
1020,6.2,16,3,450.0,1350.0
1020,6.2,17,3,450.0,1350.0
1020,6.2,18,3,450.0,1350.0
1020,6.2,19,2,450.0,900.0
1020,6.2,20,0,450.0,0.0
1020,6.2,21,0,450.0,0.0
1020,6.2,22,0,450.0,0.0
1020,6.2,23,0,450.0,0.0
1022,6.2,0,0,450.0,0.0
1022,6.2,1,0,450.0,0.0
1022,6.2,4,2,450.0,900.0
1022,6.2,5,5,450.0,2250.0
1022,6.2,6,3,450.0,1350.0
1022,6.2,7,3,450.0,1350.0
1022,6.2,8,3,450.0,1350.0
1022,6.2,9,3,450.0,1350.0
1022,6.2,10,3,450.0,1350.0
1022,6.2,11,3,450.0,1350.0
1022,6.2,12,3,450.0,1350.0
1022,6.2,13,3,450.0,1350.0
1022,6.2,14,3,450.0,1350.0
1022,6.2,15,3,450.0,1350.0
1022,6.2,16,3,450.0,1350.0
1022,6.2,17,3,450.0,1350.0
1022,6.2,18,3,450.0,1350.0
1022,6.2,19,2,450.0,900.0
1022,6.2,20,0,450.0,0.0
1022,6.2,21,0,450.0,0.0
1022,6.2,22,0,450.0,0.0
1022,6.2,23,0,450.0,0.0
1024,6.2,0,0,450.0,0.0
1024,6.2,1,0,450.0,0.0
1024,6.2,4,2,450.0,900.0
1024,6.2,5,5,450.0,2250.0
1024,6.2,6,3,450.0,1350.0
1024,6.2,7,3,450.0,1350.0
1024,6.2,8,3,450.0,1350.0
1024,6.2,9,3,450.0,1350.0
1024,6.2,10,3,450.0,1350.0
1024,6.2,11,3,450.0,1350.0
1024,6.2,12,3,450.0,1350.0
1024,6.2,13,3,450.0,1350.0
1024,6.2,14,3,450.0,1350.0
1024,6.2,15,3,450.0,1350.0
1024,6.2,16,3,450.0,1350.0
1024,6.2,17,3,450.0,1350.0
1024,6.2,18,3,450.0,1350.0
1024,6.2,19,2,450.0,900.0
1024,6.2,20,0,450.0,0.0
1024,6.2,21,0,450.0,0.0
1024,6.2,22,0,450.0,0.0
1024,6.2,23,0,450.0,0.0
1026,6.2,0,0,450.0,0.0
1026,6.2,1,0,450.0,0.0
1026,6.2,4,2,450.0,900.0
1026,6.2,5,5,450.0,2250.0
1026,6.2,6,3,450.0,1350.0
1026,6.2,7,3,450.0,1350.0
1026,6.2,8,3,450.0,1350.0
1026,6.2,9,3,450.0,1350.0
1026,6.2,10,3,450.0,1350.0
1026,6.2,11,3,450.0,1350.0
1026,6.2,12,3,450.0,1350.0
1026,6.2,13,3,450.0,1350.0
1026,6.2,14,3,450.0,1350.0
1026,6.2,15,3,450.0,1350.0
1026,6.2,16,3,450.0,1350.0
1026,6.2,17,3,450.0,1350.0
1026,6.2,18,3,450.0,1350.0
1026,6.2,19,2,450.0,900.0
1026,6.2,20,0,450.0,0.0
1026,6.2,21,0,450.0,0.0
1026,6.2,22,0,450.0,0.0
1026,6.2,23,0,450.0,0.0
1028,7.1,0,0,450.0,0.0
1028,7.1,1,0,450.0,0.0
1028,7.1,4,1,450.0,450.0
1028,7.1,5,3,450.0,1350.0
1028,7.1,6,3,450.0,1350.0
1028,7.1,7,3,450.0,1350.0
1028,7.1,8,3,450.0,1350.0
1028,7.1,9,3,450.0,1350.0
1028,7.1,10,3,450.0,1350.0
1028,7.1,11,3,450.0,1350.0
1028,7.1,12,3,450.0,1350.0
1028,7.1,13,3,450.0,1350.0
1028,7.1,14,3,450.0,1350.0
1028,7.1,15,3,450.0,1350.0
1028,7.1,16,3,450.0,1350.0
1028,7.1,17,3,450.0,1350.0
1028,7.1,18,3,450.0,1350.0
1028,7.1,19,2,450.0,900.0
1028,7.1,20,0,450.0,0.0
1028,7.1,21,0,450.0,0.0
1028,7.1,22,0,450.0,0.0
1028,7.1,23,0,450.0,0.0
1030,7.1,0,0,450.0,0.0
1030,7.1,1,0,450.0,0.0
1030,7.1,4,1,450.0,450.0
1030,7.1,5,3,450.0,1350.0
1030,7.1,6,3,450.0,1350.0
1030,7.1,7,3,450.0,1350.0
1030,7.1,8,3,450.0,1350.0
1030,7.1,9,3,450.0,1350.0
1030,7.1,10,3,450.0,1350.0
1030,7.1,11,3,450.0,1350.0
1030,7.1,12,3,450.0,1350.0
1030,7.1,13,3,450.0,1350.0
1030,7.1,14,3,450.0,1350.0
1030,7.1,15,3,450.0,1350.0
1030,7.1,16,3,450.0,1350.0
1030,7.1,17,3,450.0,1350.0
1030,7.1,18,3,450.0,1350.0
1030,7.1,19,2,450.0,900.0
1030,7.1,20,0,450.0,0.0
1030,7.1,21,0,450.0,0.0
1030,7.1,22,0,450.0,0.0
1030,7.1,23,0,450.0,0.0
1032,7.1,0,0,450.0,0.0
1032,7.1,1,0,450.0,0.0
1032,7.1,4,1,450.0,450.0
1032,7.1,5,3,450.0,1350.0
1032,7.1,6,3,450.0,1350.0
1032,7.1,7,3,450.0,1350.0
1032,7.1,8,3,450.0,1350.0
1032,7.1,9,3,450.0,1350.0
1032,7.1,10,3,450.0,1350.0
1032,7.1,11,3,450.0,1350.0
1032,7.1,12,3,450.0,1350.0
1032,7.1,13,3,450.0,1350.0
1032,7.1,14,3,450.0,1350.0
1032,7.1,15,3,450.0,1350.0
1032,7.1,16,3,450.0,1350.0
1032,7.1,17,3,450.0,1350.0
1032,7.1,18,3,450.0,1350.0
1032,7.1,19,2,450.0,900.0
1032,7.1,20,0,450.0,0.0
1032,7.1,21,0,450.0,0.0
1032,7.1,22,0,450.0,0.0
1032,7.1,23,0,450.0,0.0
1034,7.1,0,0,450.0,0.0
1034,7.1,1,0,450.0,0.0
1034,7.1,4,1,450.0,450.0
1034,7.1,5,3,450.0,1350.0
1034,7.1,6,3,450.0,1350.0
1034,7.1,7,3,450.0,1350.0
1034,7.1,8,3,450.0,1350.0
1034,7.1,9,3,450.0,1350.0
1034,7.1,10,3,450.0,1350.0
1034,7.1,11,3,450.0,1350.0
1034,7.1,12,3,450.0,1350.0
1034,7.1,13,3,450.0,1350.0
1034,7.1,14,3,450.0,1350.0
1034,7.1,15,3,450.0,1350.0
1034,7.1,16,3,450.0,1350.0
1034,7.1,17,3,450.0,1350.0
1034,7.1,18,3,450.0,1350.0
1034,7.1,19,2,450.0,900.0
1034,7.1,20,0,450.0,0.0
1034,7.1,21,0,450.0,0.0
1034,7.1,22,0,450.0,0.0
1034,7.1,23,0,450.0,0.0
1036,7.1,0,0,450.0,0.0
1036,7.1,1,0,450.0,0.0
1036,7.1,4,1,450.0,450.0
1036,7.1,5,3,450.0,1350.0
1036,7.1,6,3,450.0,1350.0
1036,7.1,7,3,450.0,1350.0
1036,7.1,8,3,450.0,1350.0
1036,7.1,9,3,450.0,1350.0
1036,7.1,10,3,450.0,1350.0
1036,7.1,11,3,450.0,1350.0
1036,7.1,12,3,450.0,1350.0
1036,7.1,13,3,450.0,1350.0
1036,7.1,14,3,450.0,1350.0
1036,7.1,15,3,450.0,1350.0
1036,7.1,16,3,450.0,1350.0
1036,7.1,17,3,450.0,1350.0
1036,7.1,18,3,450.0,1350.0
1036,7.1,19,2,450.0,900.0
1036,7.1,20,0,450.0,0.0
1036,7.1,21,0,450.0,0.0
1036,7.1,22,0,450.0,0.0
1036,7.1,23,0,450.0,0.0
1038,7.1,0,0,450.0,0.0
1038,7.1,1,0,450.0,0.0
1038,7.1,4,1,450.0,450.0
1038,7.1,5,3,450.0,1350.0
1038,7.1,6,3,450.0,1350.0
1038,7.1,7,3,450.0,1350.0
1038,7.1,8,3,450.0,1350.0
1038,7.1,9,3,450.0,1350.0
1038,7.1,10,3,450.0,1350.0
1038,7.1,11,3,450.0,1350.0
1038,7.1,12,3,450.0,1350.0
1038,7.1,13,3,450.0,1350.0
1038,7.1,14,3,450.0,1350.0
1038,7.1,15,3,450.0,1350.0
1038,7.1,16,3,450.0,1350.0
1038,7.1,17,3,450.0,1350.0
1038,7.1,18,3,450.0,1350.0
1038,7.1,19,2,450.0,900.0
1038,7.1,20,0,450.0,0.0
1038,7.1,21,0,450.0,0.0
1038,7.1,22,0,450.0,0.0
1038,7.1,23,0,450.0,0.0
1040,7.1,0,0,450.0,0.0
1040,7.1,1,0,450.0,0.0
1040,7.1,4,1,450.0,450.0
1040,7.1,5,3,450.0,1350.0
1040,7.1,6,3,450.0,1350.0
1040,7.1,7,3,450.0,1350.0
1040,7.1,8,3,450.0,1350.0
1040,7.1,9,3,450.0,1350.0
1040,7.1,10,3,450.0,1350.0
1040,7.1,11,3,450.0,1350.0
1040,7.1,12,3,450.0,1350.0
1040,7.1,13,3,450.0,1350.0
1040,7.1,14,3,450.0,1350.0
1040,7.1,15,3,450.0,1350.0
1040,7.1,16,3,450.0,1350.0
1040,7.1,17,3,450.0,1350.0
1040,7.1,18,3,450.0,1350.0
1040,7.1,19,2,450.0,900.0
1040,7.1,20,0,450.0,0.0
1040,7.1,21,0,450.0,0.0
1040,7.1,22,0,450.0,0.0
1040,7.1,23,0,450.0,0.0
1042,7.1,0,0,450.0,0.0
1042,7.1,1,0,450.0,0.0
1042,7.1,4,1,450.0,450.0
1042,7.1,5,3,450.0,1350.0
1042,7.1,6,3,450.0,1350.0
1042,7.1,7,3,450.0,1350.0
1042,7.1,8,3,450.0,1350.0
1042,7.1,9,3,450.0,1350.0
1042,7.1,10,3,450.0,1350.0
1042,7.1,11,3,450.0,1350.0
1042,7.1,12,3,450.0,1350.0
1042,7.1,13,3,450.0,1350.0
1042,7.1,14,3,450.0,1350.0
1042,7.1,15,3,450.0,1350.0
1042,7.1,16,3,450.0,1350.0
1042,7.1,17,3,450.0,1350.0
1042,7.1,18,3,450.0,1350.0
1042,7.1,19,2,450.0,900.0
1042,7.1,20,0,450.0,0.0
1042,7.1,21,0,450.0,0.0
1042,7.1,22,0,450.0,0.0
1042,7.1,23,0,450.0,0.0
1044,7.1,0,0,450.0,0.0
1044,7.1,1,0,450.0,0.0
1044,7.1,4,1,450.0,450.0
1044,7.1,5,3,450.0,1350.0
1044,7.1,6,3,450.0,1350.0
1044,7.1,7,3,450.0,1350.0
1044,7.1,8,3,450.0,1350.0
1044,7.1,9,3,450.0,1350.0
1044,7.1,10,3,450.0,1350.0
1044,7.1,11,3,450.0,1350.0
1044,7.1,12,3,450.0,1350.0
1044,7.1,13,3,450.0,1350.0
1044,7.1,14,3,450.0,1350.0
1044,7.1,15,3,450.0,1350.0
1044,7.1,16,3,450.0,1350.0
1044,7.1,17,3,450.0,1350.0
1044,7.1,18,3,450.0,1350.0
1044,7.1,19,2,450.0,900.0
1044,7.1,20,0,450.0,0.0
1044,7.1,21,0,450.0,0.0
1044,7.1,22,0,450.0,0.0
1044,7.1,23,0,450.0,0.0
1046,7.1,0,0,450.0,0.0
1046,7.1,1,0,450.0,0.0
1046,7.1,4,1,450.0,450.0
1046,7.1,5,3,450.0,1350.0
1046,7.1,6,3,450.0,1350.0
1046,7.1,7,3,450.0,1350.0
1046,7.1,8,3,450.0,1350.0
1046,7.1,9,3,450.0,1350.0
1046,7.1,10,3,450.0,1350.0
1046,7.1,11,3,450.0,1350.0
1046,7.1,12,3,450.0,1350.0
1046,7.1,13,3,450.0,1350.0
1046,7.1,14,3,450.0,1350.0
1046,7.1,15,3,450.0,1350.0
1046,7.1,16,3,450.0,1350.0
1046,7.1,17,3,450.0,1350.0
1046,7.1,18,3,450.0,1350.0
1046,7.1,19,2,450.0,900.0
1046,7.1,20,0,450.0,0.0
1046,7.1,21,0,450.0,0.0
1046,7.1,22,0,450.0,0.0
1046,7.1,23,0,450.0,0.0
1048,7.1,0,0,450.0,0.0
1048,7.1,1,0,450.0,0.0
1048,7.1,4,1,450.0,450.0
1048,7.1,5,3,450.0,1350.0
1048,7.1,6,3,450.0,1350.0
1048,7.1,7,3,450.0,1350.0
1048,7.1,8,3,450.0,1350.0
1048,7.1,9,3,450.0,1350.0
1048,7.1,10,3,450.0,1350.0
1048,7.1,11,3,450.0,1350.0
1048,7.1,12,3,450.0,1350.0
1048,7.1,13,3,450.0,1350.0
1048,7.1,14,3,450.0,1350.0
1048,7.1,15,3,450.0,1350.0
1048,7.1,16,3,450.0,1350.0
1048,7.1,17,3,450.0,1350.0
1048,7.1,18,3,450.0,1350.0
1048,7.1,19,2,450.0,900.0
1048,7.1,20,0,450.0,0.0
1048,7.1,21,0,450.0,0.0
1048,7.1,22,0,450.0,0.0
1048,7.1,23,0,450.0,0.0
1050,7.1,0,0,450.0,0.0
1050,7.1,1,0,450.0,0.0
1050,7.1,4,1,450.0,450.0
1050,7.1,5,3,450.0,1350.0
1050,7.1,6,3,450.0,1350.0
1050,7.1,7,3,450.0,1350.0
1050,7.1,8,3,450.0,1350.0
1050,7.1,9,3,450.0,1350.0
1050,7.1,10,3,450.0,1350.0
1050,7.1,11,3,450.0,1350.0
1050,7.1,12,3,450.0,1350.0
1050,7.1,13,3,450.0,1350.0
1050,7.1,14,3,450.0,1350.0
1050,7.1,15,3,450.0,1350.0
1050,7.1,16,3,450.0,1350.0
1050,7.1,17,3,450.0,1350.0
1050,7.1,18,3,450.0,1350.0
1050,7.1,19,2,450.0,900.0
1050,7.1,20,0,450.0,0.0
1050,7.1,21,0,450.0,0.0
1050,7.1,22,0,450.0,0.0
1050,7.1,23,0,450.0,0.0
1052,7.1,0,0,450.0,0.0
1052,7.1,1,0,450.0,0.0
1052,7.1,4,1,450.0,450.0
1052,7.1,5,3,450.0,1350.0
1052,7.1,6,3,450.0,1350.0
1052,7.1,7,3,450.0,1350.0
1052,7.1,8,3,450.0,1350.0
1052,7.1,9,3,450.0,1350.0
1052,7.1,10,3,450.0,1350.0
1052,7.1,11,3,450.0,1350.0
1052,7.1,12,3,450.0,1350.0
1052,7.1,13,3,450.0,1350.0
1052,7.1,14,3,450.0,1350.0
1052,7.1,15,3,450.0,1350.0
1052,7.1,16,3,450.0,1350.0
1052,7.1,17,3,450.0,1350.0
1052,7.1,18,3,450.0,1350.0
1052,7.1,19,2,450.0,900.0
1052,7.1,20,0,450.0,0.0
1052,7.1,21,0,450.0,0.0
1052,7.1,22,0,450.0,0.0
1052,7.1,23,0,450.0,0.0
1054,7.1,0,0,450.0,0.0
1054,7.1,1,0,450.0,0.0
1054,7.1,4,1,450.0,450.0
1054,7.1,5,3,450.0,1350.0
1054,7.1,6,3,450.0,1350.0
1054,7.1,7,3,450.0,1350.0
1054,7.1,8,3,450.0,1350.0
1054,7.1,9,3,450.0,1350.0
1054,7.1,10,3,450.0,1350.0
1054,7.1,11,3,450.0,1350.0
1054,7.1,12,3,450.0,1350.0
1054,7.1,13,3,450.0,1350.0
1054,7.1,14,3,450.0,1350.0
1054,7.1,15,3,450.0,1350.0
1054,7.1,16,3,450.0,1350.0
1054,7.1,17,3,450.0,1350.0
1054,7.1,18,3,450.0,1350.0
1054,7.1,19,2,450.0,900.0
1054,7.1,20,0,450.0,0.0
1054,7.1,21,0,450.0,0.0
1054,7.1,22,0,450.0,0.0
1054,7.1,23,0,450.0,0.0
1057,7.1,0,0,450.0,0.0
1057,7.1,1,0,450.0,0.0
1057,7.1,4,1,450.0,450.0
1057,7.1,5,3,450.0,1350.0
1057,7.1,6,3,450.0,1350.0
1057,7.1,7,3,450.0,1350.0
1057,7.1,8,3,450.0,1350.0
1057,7.1,9,3,450.0,1350.0
1057,7.1,10,3,450.0,1350.0
1057,7.1,11,3,450.0,1350.0
1057,7.1,12,3,450.0,1350.0
1057,7.1,13,3,450.0,1350.0
1057,7.1,14,3,450.0,1350.0
1057,7.1,15,3,450.0,1350.0
1057,7.1,16,3,450.0,1350.0
1057,7.1,17,3,450.0,1350.0
1057,7.1,18,3,450.0,1350.0
1057,7.1,19,2,450.0,900.0
1057,7.1,20,0,450.0,0.0
1057,7.1,21,0,450.0,0.0
1057,7.1,22,0,450.0,0.0
1057,7.1,23,0,450.0,0.0
1059,7.1,0,0,450.0,0.0
1059,7.1,1,0,450.0,0.0
1059,7.1,4,1,450.0,450.0
1059,7.1,5,3,450.0,1350.0
1059,7.1,6,3,450.0,1350.0
1059,7.1,7,3,450.0,1350.0
1059,7.1,8,3,450.0,1350.0
1059,7.1,9,3,450.0,1350.0
1059,7.1,10,3,450.0,1350.0
1059,7.1,11,3,450.0,1350.0
1059,7.1,12,3,450.0,1350.0
1059,7.1,13,3,450.0,1350.0
1059,7.1,14,3,450.0,1350.0
1059,7.1,15,3,450.0,1350.0
1059,7.1,16,3,450.0,1350.0
1059,7.1,17,3,450.0,1350.0
1059,7.1,18,3,450.0,1350.0
1059,7.1,19,2,450.0,900.0
1059,7.1,20,0,450.0,0.0
1059,7.1,21,0,450.0,0.0
1059,7.1,22,0,450.0,0.0
1059,7.1,23,0,450.0,0.0
1061,7.1,0,0,450.0,0.0
1061,7.1,1,0,450.0,0.0
1061,7.1,4,1,450.0,450.0
1061,7.1,5,3,450.0,1350.0
1061,7.1,6,3,450.0,1350.0
1061,7.1,7,3,450.0,1350.0
1061,7.1,8,3,450.0,1350.0
1061,7.1,9,3,450.0,1350.0
1061,7.1,10,3,450.0,1350.0
1061,7.1,11,3,450.0,1350.0
1061,7.1,12,3,450.0,1350.0
1061,7.1,13,3,450.0,1350.0
1061,7.1,14,3,450.0,1350.0
1061,7.1,15,3,450.0,1350.0
1061,7.1,16,3,450.0,1350.0
1061,7.1,17,3,450.0,1350.0
1061,7.1,18,3,450.0,1350.0
1061,7.1,19,2,450.0,900.0
1061,7.1,20,0,450.0,0.0
1061,7.1,21,0,450.0,0.0
1061,7.1,22,0,450.0,0.0
1061,7.1,23,0,450.0,0.0
1063,7.1,0,0,450.0,0.0
1063,7.1,1,0,450.0,0.0
1063,7.1,4,1,450.0,450.0
1063,7.1,5,3,450.0,1350.0
1063,7.1,6,3,450.0,1350.0
1063,7.1,7,3,450.0,1350.0
1063,7.1,8,3,450.0,1350.0
1063,7.1,9,3,450.0,1350.0
1063,7.1,10,3,450.0,1350.0
1063,7.1,11,3,450.0,1350.0
1063,7.1,12,3,450.0,1350.0
1063,7.1,13,3,450.0,1350.0
1063,7.1,14,3,450.0,1350.0
1063,7.1,15,3,450.0,1350.0
1063,7.1,16,3,450.0,1350.0
1063,7.1,17,3,450.0,1350.0
1063,7.1,18,3,450.0,1350.0
1063,7.1,19,2,450.0,900.0
1063,7.1,20,0,450.0,0.0
1063,7.1,21,0,450.0,0.0
1063,7.1,22,0,450.0,0.0
1063,7.1,23,0,450.0,0.0
1065,7.1,0,0,450.0,0.0
1065,7.1,1,0,450.0,0.0
1065,7.1,4,1,450.0,450.0
1065,7.1,5,3,450.0,1350.0
1065,7.1,6,3,450.0,1350.0
1065,7.1,7,3,450.0,1350.0
1065,7.1,8,3,450.0,1350.0
1065,7.1,9,3,450.0,1350.0
1065,7.1,10,3,450.0,1350.0
1065,7.1,11,3,450.0,1350.0
1065,7.1,12,3,450.0,1350.0
1065,7.1,13,3,450.0,1350.0
1065,7.1,14,3,450.0,1350.0
1065,7.1,15,3,450.0,1350.0
1065,7.1,16,3,450.0,1350.0
1065,7.1,17,3,450.0,1350.0
1065,7.1,18,3,450.0,1350.0
1065,7.1,19,2,450.0,900.0
1065,7.1,20,0,450.0,0.0
1065,7.1,21,0,450.0,0.0
1065,7.1,22,0,450.0,0.0
1065,7.1,23,0,450.0,0.0
1067,7.1,0,0,450.0,0.0
1067,7.1,1,0,450.0,0.0
1067,7.1,4,1,450.0,450.0
1067,7.1,5,3,450.0,1350.0
1067,7.1,6,3,450.0,1350.0
1067,7.1,7,3,450.0,1350.0
1067,7.1,8,3,450.0,1350.0
1067,7.1,9,3,450.0,1350.0
1067,7.1,10,3,450.0,1350.0
1067,7.1,11,3,450.0,1350.0
1067,7.1,12,3,450.0,1350.0
1067,7.1,13,3,450.0,1350.0
1067,7.1,14,3,450.0,1350.0
1067,7.1,15,3,450.0,1350.0
1067,7.1,16,3,450.0,1350.0
1067,7.1,17,3,450.0,1350.0
1067,7.1,18,3,450.0,1350.0
1067,7.1,19,2,450.0,900.0
1067,7.1,20,0,450.0,0.0
1067,7.1,21,0,450.0,0.0
1067,7.1,22,0,450.0,0.0
1067,7.1,23,0,450.0,0.0
1069,7.1,0,0,450.0,0.0
1069,7.1,1,0,450.0,0.0
1069,7.1,4,1,450.0,450.0
1069,7.1,5,3,450.0,1350.0
1069,7.1,6,3,450.0,1350.0
1069,7.1,7,3,450.0,1350.0
1069,7.1,8,3,450.0,1350.0
1069,7.1,9,3,450.0,1350.0
1069,7.1,10,3,450.0,1350.0
1069,7.1,11,3,450.0,1350.0
1069,7.1,12,3,450.0,1350.0
1069,7.1,13,3,450.0,1350.0
1069,7.1,14,3,450.0,1350.0
1069,7.1,15,3,450.0,1350.0
1069,7.1,16,3,450.0,1350.0
1069,7.1,17,3,450.0,1350.0
1069,7.1,18,3,450.0,1350.0
1069,7.1,19,2,450.0,900.0
1069,7.1,20,0,450.0,0.0
1069,7.1,21,0,450.0,0.0
1069,7.1,22,0,450.0,0.0
1069,7.1,23,0,450.0,0.0
1070,7.1,0,0,450.0,0.0
1070,7.1,1,0,450.0,0.0
1070,7.1,4,1,450.0,450.0
1070,7.1,5,3,450.0,1350.0
1070,7.1,6,3,450.0,1350.0
1070,7.1,7,3,450.0,1350.0
1070,7.1,8,3,450.0,1350.0
1070,7.1,9,3,450.0,1350.0
1070,7.1,10,3,450.0,1350.0
1070,7.1,11,3,450.0,1350.0
1070,7.1,12,3,450.0,1350.0
1070,7.1,13,3,450.0,1350.0
1070,7.1,14,3,450.0,1350.0
1070,7.1,15,3,450.0,1350.0
1070,7.1,16,3,450.0,1350.0
1070,7.1,17,3,450.0,1350.0
1070,7.1,18,3,450.0,1350.0
1070,7.1,19,2,450.0,900.0
1070,7.1,20,0,450.0,0.0
1070,7.1,21,0,450.0,0.0
1070,7.1,22,0,450.0,0.0
1070,7.1,23,0,450.0,0.0
1072,7.1,0,0,450.0,0.0
1072,7.1,1,0,450.0,0.0
1072,7.1,4,1,450.0,450.0
1072,7.1,5,3,450.0,1350.0
1072,7.1,6,3,450.0,1350.0
1072,7.1,7,3,450.0,1350.0
1072,7.1,8,3,450.0,1350.0
1072,7.1,9,3,450.0,1350.0
1072,7.1,10,3,450.0,1350.0
1072,7.1,11,3,450.0,1350.0
1072,7.1,12,3,450.0,1350.0
1072,7.1,13,3,450.0,1350.0
1072,7.1,14,3,450.0,1350.0
1072,7.1,15,3,450.0,1350.0
1072,7.1,16,3,450.0,1350.0
1072,7.1,17,3,450.0,1350.0
1072,7.1,18,3,450.0,1350.0
1072,7.1,19,2,450.0,900.0
1072,7.1,20,0,450.0,0.0
1072,7.1,21,0,450.0,0.0
1072,7.1,22,0,450.0,0.0
1072,7.1,23,0,450.0,0.0
1074,7.1,0,0,450.0,0.0
1074,7.1,1,0,450.0,0.0
1074,7.1,4,1,450.0,450.0
1074,7.1,5,3,450.0,1350.0
1074,7.1,6,3,450.0,1350.0
1074,7.1,7,3,450.0,1350.0
1074,7.1,8,3,450.0,1350.0
1074,7.1,9,3,450.0,1350.0
1074,7.1,10,3,450.0,1350.0
1074,7.1,11,3,450.0,1350.0
1074,7.1,12,3,450.0,1350.0
1074,7.1,13,3,450.0,1350.0
1074,7.1,14,3,450.0,1350.0
1074,7.1,15,3,450.0,1350.0
1074,7.1,16,3,450.0,1350.0
1074,7.1,17,3,450.0,1350.0
1074,7.1,18,3,450.0,1350.0
1074,7.1,19,2,450.0,900.0
1074,7.1,20,0,450.0,0.0
1074,7.1,21,0,450.0,0.0
1074,7.1,22,0,450.0,0.0
1074,7.1,23,0,450.0,0.0
1076,8.2,0,0,450.0,0.0
1076,8.2,1,0,450.0,0.0
1076,8.2,4,0,450.0,0.0
1076,8.2,5,0,450.0,0.0
1076,8.2,6,3,450.0,1350.0
1076,8.2,7,3,450.0,1350.0
1076,8.2,8,3,450.0,1350.0
1076,8.2,9,3,450.0,1350.0
1076,8.2,10,3,450.0,1350.0
1076,8.2,11,3,450.0,1350.0
1076,8.2,12,3,450.0,1350.0
1076,8.2,13,3,450.0,1350.0
1076,8.2,14,3,450.0,1350.0
1076,8.2,15,3,450.0,1350.0
1076,8.2,16,3,450.0,1350.0
1076,8.2,17,3,450.0,1350.0
1076,8.2,18,3,450.0,1350.0
1076,8.2,19,3,450.0,1350.0
1076,8.2,20,3,450.0,1350.0
1076,8.2,21,0,450.0,0.0
1076,8.2,22,0,450.0,0.0
1076,8.2,23,0,450.0,0.0
1078,8.2,0,0,450.0,0.0
1078,8.2,1,0,450.0,0.0
1078,8.2,4,0,450.0,0.0
1078,8.2,5,0,450.0,0.0
1078,8.2,6,3,450.0,1350.0
1078,8.2,7,3,450.0,1350.0
1078,8.2,8,3,450.0,1350.0
1078,8.2,9,3,450.0,1350.0
1078,8.2,10,3,450.0,1350.0
1078,8.2,11,3,450.0,1350.0
1078,8.2,12,3,450.0,1350.0
1078,8.2,13,3,450.0,1350.0
1078,8.2,14,3,450.0,1350.0
1078,8.2,15,3,450.0,1350.0
1078,8.2,16,3,450.0,1350.0
1078,8.2,17,3,450.0,1350.0
1078,8.2,18,3,450.0,1350.0
1078,8.2,19,3,450.0,1350.0
1078,8.2,20,3,450.0,1350.0
1078,8.2,21,0,450.0,0.0
1078,8.2,22,0,450.0,0.0
1078,8.2,23,0,450.0,0.0
1080,8.2,0,0,450.0,0.0
1080,8.2,1,0,450.0,0.0
1080,8.2,4,0,450.0,0.0
1080,8.2,5,0,450.0,0.0
1080,8.2,6,3,450.0,1350.0
1080,8.2,7,3,450.0,1350.0
1080,8.2,8,3,450.0,1350.0
1080,8.2,9,3,450.0,1350.0
1080,8.2,10,3,450.0,1350.0
1080,8.2,11,3,450.0,1350.0
1080,8.2,12,3,450.0,1350.0
1080,8.2,13,3,450.0,1350.0
1080,8.2,14,3,450.0,1350.0
1080,8.2,15,3,450.0,1350.0
1080,8.2,16,3,450.0,1350.0
1080,8.2,17,3,450.0,1350.0
1080,8.2,18,3,450.0,1350.0
1080,8.2,19,3,450.0,1350.0
1080,8.2,20,3,450.0,1350.0
1080,8.2,21,0,450.0,0.0
1080,8.2,22,0,450.0,0.0
1080,8.2,23,0,450.0,0.0
1082,8.2,0,0,450.0,0.0
1082,8.2,1,0,450.0,0.0
1082,8.2,4,0,450.0,0.0
1082,8.2,5,0,450.0,0.0
1082,8.2,6,3,450.0,1350.0
1082,8.2,7,3,450.0,1350.0
1082,8.2,8,3,450.0,1350.0
1082,8.2,9,3,450.0,1350.0
1082,8.2,10,3,450.0,1350.0
1082,8.2,11,3,450.0,1350.0
1082,8.2,12,3,450.0,1350.0
1082,8.2,13,3,450.0,1350.0
1082,8.2,14,3,450.0,1350.0
1082,8.2,15,3,450.0,1350.0
1082,8.2,16,3,450.0,1350.0
1082,8.2,17,3,450.0,1350.0
1082,8.2,18,3,450.0,1350.0
1082,8.2,19,3,450.0,1350.0
1082,8.2,20,3,450.0,1350.0
1082,8.2,21,0,450.0,0.0
1082,8.2,22,0,450.0,0.0
1082,8.2,23,0,450.0,0.0
1084,8.2,0,0,450.0,0.0
1084,8.2,1,0,450.0,0.0
1084,8.2,4,0,450.0,0.0
1084,8.2,5,0,450.0,0.0
1084,8.2,6,3,450.0,1350.0
1084,8.2,7,3,450.0,1350.0
1084,8.2,8,3,450.0,1350.0
1084,8.2,9,3,450.0,1350.0
1084,8.2,10,3,450.0,1350.0
1084,8.2,11,3,450.0,1350.0
1084,8.2,12,3,450.0,1350.0
1084,8.2,13,3,450.0,1350.0
1084,8.2,14,3,450.0,1350.0
1084,8.2,15,3,450.0,1350.0
1084,8.2,16,3,450.0,1350.0
1084,8.2,17,3,450.0,1350.0
1084,8.2,18,3,450.0,1350.0
1084,8.2,19,3,450.0,1350.0
1084,8.2,20,3,450.0,1350.0
1084,8.2,21,0,450.0,0.0
1084,8.2,22,0,450.0,0.0
1084,8.2,23,0,450.0,0.0
1086,8.2,0,0,450.0,0.0
1086,8.2,1,0,450.0,0.0
1086,8.2,4,0,450.0,0.0
1086,8.2,5,0,450.0,0.0
1086,8.2,6,3,450.0,1350.0
1086,8.2,7,3,450.0,1350.0
1086,8.2,8,3,450.0,1350.0
1086,8.2,9,3,450.0,1350.0
1086,8.2,10,3,450.0,1350.0
1086,8.2,11,3,450.0,1350.0
1086,8.2,12,3,450.0,1350.0
1086,8.2,13,3,450.0,1350.0
1086,8.2,14,3,450.0,1350.0
1086,8.2,15,3,450.0,1350.0
1086,8.2,16,3,450.0,1350.0
1086,8.2,17,3,450.0,1350.0
1086,8.2,18,3,450.0,1350.0
1086,8.2,19,3,450.0,1350.0
1086,8.2,20,3,450.0,1350.0
1086,8.2,21,0,450.0,0.0
1086,8.2,22,0,450.0,0.0
1086,8.2,23,0,450.0,0.0
1088,8.2,0,0,450.0,0.0
1088,8.2,1,0,450.0,0.0
1088,8.2,4,0,450.0,0.0
1088,8.2,5,0,450.0,0.0
1088,8.2,6,3,450.0,1350.0
1088,8.2,7,3,450.0,1350.0
1088,8.2,8,3,450.0,1350.0
1088,8.2,9,3,450.0,1350.0
1088,8.2,10,3,450.0,1350.0
1088,8.2,11,3,450.0,1350.0
1088,8.2,12,3,450.0,1350.0
1088,8.2,13,3,450.0,1350.0
1088,8.2,14,3,450.0,1350.0
1088,8.2,15,3,450.0,1350.0
1088,8.2,16,3,450.0,1350.0
1088,8.2,17,3,450.0,1350.0
1088,8.2,18,3,450.0,1350.0
1088,8.2,19,3,450.0,1350.0
1088,8.2,20,3,450.0,1350.0
1088,8.2,21,0,450.0,0.0
1088,8.2,22,0,450.0,0.0
1088,8.2,23,0,450.0,0.0
1090,8.2,0,0,450.0,0.0
1090,8.2,1,0,450.0,0.0
1090,8.2,4,0,450.0,0.0
1090,8.2,5,0,450.0,0.0
1090,8.2,6,3,450.0,1350.0
1090,8.2,7,3,450.0,1350.0
1090,8.2,8,3,450.0,1350.0
1090,8.2,9,3,450.0,1350.0
1090,8.2,10,3,450.0,1350.0
1090,8.2,11,3,450.0,1350.0
1090,8.2,12,3,450.0,1350.0
1090,8.2,13,3,450.0,1350.0
1090,8.2,14,3,450.0,1350.0
1090,8.2,15,3,450.0,1350.0
1090,8.2,16,3,450.0,1350.0
1090,8.2,17,3,450.0,1350.0
1090,8.2,18,3,450.0,1350.0
1090,8.2,19,3,450.0,1350.0
1090,8.2,20,3,450.0,1350.0
1090,8.2,21,0,450.0,0.0
1090,8.2,22,0,450.0,0.0
1090,8.2,23,0,450.0,0.0
1092,8.2,0,0,450.0,0.0
1092,8.2,1,0,450.0,0.0
1092,8.2,4,0,450.0,0.0
1092,8.2,5,0,450.0,0.0
1092,8.2,6,3,450.0,1350.0
1092,8.2,7,3,450.0,1350.0
1092,8.2,8,3,450.0,1350.0
1092,8.2,9,3,450.0,1350.0
1092,8.2,10,3,450.0,1350.0
1092,8.2,11,3,450.0,1350.0
1092,8.2,12,3,450.0,1350.0
1092,8.2,13,3,450.0,1350.0
1092,8.2,14,3,450.0,1350.0
1092,8.2,15,3,450.0,1350.0
1092,8.2,16,3,450.0,1350.0
1092,8.2,17,3,450.0,1350.0
1092,8.2,18,3,450.0,1350.0
1092,8.2,19,3,450.0,1350.0
1092,8.2,20,3,450.0,1350.0
1092,8.2,21,0,450.0,0.0
1092,8.2,22,0,450.0,0.0
1092,8.2,23,0,450.0,0.0
1094,8.2,0,0,450.0,0.0
1094,8.2,1,0,450.0,0.0
1094,8.2,4,0,450.0,0.0
1094,8.2,5,0,450.0,0.0
1094,8.2,6,3,450.0,1350.0
1094,8.2,7,3,450.0,1350.0
1094,8.2,8,3,450.0,1350.0
1094,8.2,9,3,450.0,1350.0
1094,8.2,10,3,450.0,1350.0
1094,8.2,11,3,450.0,1350.0
1094,8.2,12,3,450.0,1350.0
1094,8.2,13,3,450.0,1350.0
1094,8.2,14,3,450.0,1350.0
1094,8.2,15,3,450.0,1350.0
1094,8.2,16,3,450.0,1350.0
1094,8.2,17,3,450.0,1350.0
1094,8.2,18,3,450.0,1350.0
1094,8.2,19,3,450.0,1350.0
1094,8.2,20,3,450.0,1350.0
1094,8.2,21,0,450.0,0.0
1094,8.2,22,0,450.0,0.0
1094,8.2,23,0,450.0,0.0
1096,8.2,0,0,450.0,0.0
1096,8.2,1,0,450.0,0.0
1096,8.2,4,0,450.0,0.0
1096,8.2,5,0,450.0,0.0
1096,8.2,6,3,450.0,1350.0
1096,8.2,7,3,450.0,1350.0
1096,8.2,8,3,450.0,1350.0
1096,8.2,9,3,450.0,1350.0
1096,8.2,10,3,450.0,1350.0
1096,8.2,11,3,450.0,1350.0
1096,8.2,12,3,450.0,1350.0
1096,8.2,13,3,450.0,1350.0
1096,8.2,14,3,450.0,1350.0
1096,8.2,15,3,450.0,1350.0
1096,8.2,16,3,450.0,1350.0
1096,8.2,17,3,450.0,1350.0
1096,8.2,18,3,450.0,1350.0
1096,8.2,19,3,450.0,1350.0
1096,8.2,20,3,450.0,1350.0
1096,8.2,21,0,450.0,0.0
1096,8.2,22,0,450.0,0.0
1096,8.2,23,0,450.0,0.0
1098,8.2,0,0,450.0,0.0
1098,8.2,1,0,450.0,0.0
1098,8.2,4,0,450.0,0.0
1098,8.2,5,0,450.0,0.0
1098,8.2,6,3,450.0,1350.0
1098,8.2,7,3,450.0,1350.0
1098,8.2,8,3,450.0,1350.0
1098,8.2,9,3,450.0,1350.0
1098,8.2,10,3,450.0,1350.0
1098,8.2,11,3,450.0,1350.0
1098,8.2,12,3,450.0,1350.0
1098,8.2,13,3,450.0,1350.0
1098,8.2,14,3,450.0,1350.0
1098,8.2,15,3,450.0,1350.0
1098,8.2,16,3,450.0,1350.0
1098,8.2,17,3,450.0,1350.0
1098,8.2,18,3,450.0,1350.0
1098,8.2,19,3,450.0,1350.0
1098,8.2,20,3,450.0,1350.0
1098,8.2,21,0,450.0,0.0
1098,8.2,22,0,450.0,0.0
1098,8.2,23,0,450.0,0.0
1100,8.2,0,0,450.0,0.0
1100,8.2,1,0,450.0,0.0
1100,8.2,4,0,450.0,0.0
1100,8.2,5,0,450.0,0.0
1100,8.2,6,3,450.0,1350.0
1100,8.2,7,3,450.0,1350.0
1100,8.2,8,3,450.0,1350.0
1100,8.2,9,3,450.0,1350.0
1100,8.2,10,3,450.0,1350.0
1100,8.2,11,3,450.0,1350.0
1100,8.2,12,3,450.0,1350.0
1100,8.2,13,3,450.0,1350.0
1100,8.2,14,3,450.0,1350.0
1100,8.2,15,3,450.0,1350.0
1100,8.2,16,3,450.0,1350.0
1100,8.2,17,3,450.0,1350.0
1100,8.2,18,3,450.0,1350.0
1100,8.2,19,3,450.0,1350.0
1100,8.2,20,3,450.0,1350.0
1100,8.2,21,0,450.0,0.0
1100,8.2,22,0,450.0,0.0
1100,8.2,23,0,450.0,0.0
1102,8.2,0,0,450.0,0.0
1102,8.2,1,0,450.0,0.0
1102,8.2,4,0,450.0,0.0
1102,8.2,5,0,450.0,0.0
1102,8.2,6,3,450.0,1350.0
1102,8.2,7,3,450.0,1350.0
1102,8.2,8,3,450.0,1350.0
1102,8.2,9,3,450.0,1350.0
1102,8.2,10,3,450.0,1350.0
1102,8.2,11,3,450.0,1350.0
1102,8.2,12,3,450.0,1350.0
1102,8.2,13,3,450.0,1350.0
1102,8.2,14,3,450.0,1350.0
1102,8.2,15,3,450.0,1350.0
1102,8.2,16,3,450.0,1350.0
1102,8.2,17,3,450.0,1350.0
1102,8.2,18,3,450.0,1350.0
1102,8.2,19,3,450.0,1350.0
1102,8.2,20,3,450.0,1350.0
1102,8.2,21,0,450.0,0.0
1102,8.2,22,0,450.0,0.0
1102,8.2,23,0,450.0,0.0
1104,8.2,0,0,450.0,0.0
1104,8.2,1,0,450.0,0.0
1104,8.2,4,0,450.0,0.0
1104,8.2,5,0,450.0,0.0
1104,8.2,6,3,450.0,1350.0
1104,8.2,7,3,450.0,1350.0
1104,8.2,8,3,450.0,1350.0
1104,8.2,9,3,450.0,1350.0
1104,8.2,10,3,450.0,1350.0
1104,8.2,11,3,450.0,1350.0
1104,8.2,12,3,450.0,1350.0
1104,8.2,13,3,450.0,1350.0
1104,8.2,14,3,450.0,1350.0
1104,8.2,15,3,450.0,1350.0
1104,8.2,16,3,450.0,1350.0
1104,8.2,17,3,450.0,1350.0
1104,8.2,18,3,450.0,1350.0
1104,8.2,19,3,450.0,1350.0
1104,8.2,20,3,450.0,1350.0
1104,8.2,21,0,450.0,0.0
1104,8.2,22,0,450.0,0.0
1104,8.2,23,0,450.0,0.0
1106,8.2,0,0,450.0,0.0
1106,8.2,1,0,450.0,0.0
1106,8.2,4,0,450.0,0.0
1106,8.2,5,0,450.0,0.0
1106,8.2,6,3,450.0,1350.0
1106,8.2,7,3,450.0,1350.0
1106,8.2,8,3,450.0,1350.0
1106,8.2,9,3,450.0,1350.0
1106,8.2,10,3,450.0,1350.0
1106,8.2,11,3,450.0,1350.0
1106,8.2,12,3,450.0,1350.0
1106,8.2,13,3,450.0,1350.0
1106,8.2,14,3,450.0,1350.0
1106,8.2,15,3,450.0,1350.0
1106,8.2,16,3,450.0,1350.0
1106,8.2,17,3,450.0,1350.0
1106,8.2,18,3,450.0,1350.0
1106,8.2,19,3,450.0,1350.0
1106,8.2,20,3,450.0,1350.0
1106,8.2,21,0,450.0,0.0
1106,8.2,22,0,450.0,0.0
1106,8.2,23,0,450.0,0.0
1108,8.2,0,0,450.0,0.0
1108,8.2,1,0,450.0,0.0
1108,8.2,4,0,450.0,0.0
1108,8.2,5,0,450.0,0.0
1108,8.2,6,3,450.0,1350.0
1108,8.2,7,3,450.0,1350.0
1108,8.2,8,3,450.0,1350.0
1108,8.2,9,3,450.0,1350.0
1108,8.2,10,3,450.0,1350.0
1108,8.2,11,3,450.0,1350.0
1108,8.2,12,3,450.0,1350.0
1108,8.2,13,3,450.0,1350.0
1108,8.2,14,3,450.0,1350.0
1108,8.2,15,3,450.0,1350.0
1108,8.2,16,3,450.0,1350.0
1108,8.2,17,3,450.0,1350.0
1108,8.2,18,3,450.0,1350.0
1108,8.2,19,3,450.0,1350.0
1108,8.2,20,3,450.0,1350.0
1108,8.2,21,0,450.0,0.0
1108,8.2,22,0,450.0,0.0
1108,8.2,23,0,450.0,0.0
1110,8.2,0,0,450.0,0.0
1110,8.2,1,0,450.0,0.0
1110,8.2,4,0,450.0,0.0
1110,8.2,5,0,450.0,0.0
1110,8.2,6,3,450.0,1350.0
1110,8.2,7,3,450.0,1350.0
1110,8.2,8,3,450.0,1350.0
1110,8.2,9,3,450.0,1350.0
1110,8.2,10,3,450.0,1350.0
1110,8.2,11,3,450.0,1350.0
1110,8.2,12,3,450.0,1350.0
1110,8.2,13,3,450.0,1350.0
1110,8.2,14,3,450.0,1350.0
1110,8.2,15,3,450.0,1350.0
1110,8.2,16,3,450.0,1350.0
1110,8.2,17,3,450.0,1350.0
1110,8.2,18,3,450.0,1350.0
1110,8.2,19,3,450.0,1350.0
1110,8.2,20,3,450.0,1350.0
1110,8.2,21,0,450.0,0.0
1110,8.2,22,0,450.0,0.0
1110,8.2,23,0,450.0,0.0
1112,8.2,0,0,450.0,0.0
1112,8.2,1,0,450.0,0.0
1112,8.2,4,0,450.0,0.0
1112,8.2,5,0,450.0,0.0
1112,8.2,6,3,450.0,1350.0
1112,8.2,7,3,450.0,1350.0
1112,8.2,8,3,450.0,1350.0
1112,8.2,9,3,450.0,1350.0
1112,8.2,10,3,450.0,1350.0
1112,8.2,11,3,450.0,1350.0
1112,8.2,12,3,450.0,1350.0
1112,8.2,13,3,450.0,1350.0
1112,8.2,14,3,450.0,1350.0
1112,8.2,15,3,450.0,1350.0
1112,8.2,16,3,450.0,1350.0
1112,8.2,17,3,450.0,1350.0
1112,8.2,18,3,450.0,1350.0
1112,8.2,19,3,450.0,1350.0
1112,8.2,20,3,450.0,1350.0
1112,8.2,21,0,450.0,0.0
1112,8.2,22,0,450.0,0.0
1112,8.2,23,0,450.0,0.0
1115,8.2,0,0,450.0,0.0
1115,8.2,1,0,450.0,0.0
1115,8.2,4,0,450.0,0.0
1115,8.2,5,0,450.0,0.0
1115,8.2,6,3,450.0,1350.0
1115,8.2,7,3,450.0,1350.0
1115,8.2,8,3,450.0,1350.0
1115,8.2,9,3,450.0,1350.0
1115,8.2,10,3,450.0,1350.0
1115,8.2,11,3,450.0,1350.0
1115,8.2,12,3,450.0,1350.0
1115,8.2,13,3,450.0,1350.0
1115,8.2,14,3,450.0,1350.0
1115,8.2,15,3,450.0,1350.0
1115,8.2,16,3,450.0,1350.0
1115,8.2,17,3,450.0,1350.0
1115,8.2,18,3,450.0,1350.0
1115,8.2,19,3,450.0,1350.0
1115,8.2,20,3,450.0,1350.0
1115,8.2,21,0,450.0,0.0
1115,8.2,22,0,450.0,0.0
1115,8.2,23,0,450.0,0.0
1117,8.2,0,0,450.0,0.0
1117,8.2,1,0,450.0,0.0
1117,8.2,4,0,450.0,0.0
1117,8.2,5,0,450.0,0.0
1117,8.2,6,3,450.0,1350.0
1117,8.2,7,3,450.0,1350.0
1117,8.2,8,3,450.0,1350.0
1117,8.2,9,3,450.0,1350.0
1117,8.2,10,3,450.0,1350.0
1117,8.2,11,3,450.0,1350.0
1117,8.2,12,3,450.0,1350.0
1117,8.2,13,3,450.0,1350.0
1117,8.2,14,3,450.0,1350.0
1117,8.2,15,3,450.0,1350.0
1117,8.2,16,3,450.0,1350.0
1117,8.2,17,3,450.0,1350.0
1117,8.2,18,3,450.0,1350.0
1117,8.2,19,3,450.0,1350.0
1117,8.2,20,3,450.0,1350.0
1117,8.2,21,0,450.0,0.0
1117,8.2,22,0,450.0,0.0
1117,8.2,23,0,450.0,0.0
1118,8.2,0,0,450.0,0.0
1118,8.2,1,0,450.0,0.0
1118,8.2,4,0,450.0,0.0
1118,8.2,5,0,450.0,0.0
1118,8.2,6,3,450.0,1350.0
1118,8.2,7,3,450.0,1350.0
1118,8.2,8,3,450.0,1350.0
1118,8.2,9,3,450.0,1350.0
1118,8.2,10,3,450.0,1350.0
1118,8.2,11,3,450.0,1350.0
1118,8.2,12,3,450.0,1350.0
1118,8.2,13,3,450.0,1350.0
1118,8.2,14,3,450.0,1350.0
1118,8.2,15,3,450.0,1350.0
1118,8.2,16,3,450.0,1350.0
1118,8.2,17,3,450.0,1350.0
1118,8.2,18,3,450.0,1350.0
1118,8.2,19,3,450.0,1350.0
1118,8.2,20,3,450.0,1350.0
1118,8.2,21,0,450.0,0.0
1118,8.2,22,0,450.0,0.0
1118,8.2,23,0,450.0,0.0
1120,8.2,0,0,450.0,0.0
1120,8.2,1,0,450.0,0.0
1120,8.2,4,0,450.0,0.0
1120,8.2,5,0,450.0,0.0
1120,8.2,6,3,450.0,1350.0
1120,8.2,7,3,450.0,1350.0
1120,8.2,8,3,450.0,1350.0
1120,8.2,9,3,450.0,1350.0
1120,8.2,10,3,450.0,1350.0
1120,8.2,11,3,450.0,1350.0
1120,8.2,12,3,450.0,1350.0
1120,8.2,13,3,450.0,1350.0
1120,8.2,14,3,450.0,1350.0
1120,8.2,15,3,450.0,1350.0
1120,8.2,16,3,450.0,1350.0
1120,8.2,17,3,450.0,1350.0
1120,8.2,18,3,450.0,1350.0
1120,8.2,19,3,450.0,1350.0
1120,8.2,20,3,450.0,1350.0
1120,8.2,21,0,450.0,0.0
1120,8.2,22,0,450.0,0.0
1120,8.2,23,0,450.0,0.0
1122,8.2,0,0,450.0,0.0
1122,8.2,1,0,450.0,0.0
1122,8.2,4,0,450.0,0.0
1122,8.2,5,0,450.0,0.0
1122,8.2,6,3,450.0,1350.0
1122,8.2,7,3,450.0,1350.0
1122,8.2,8,3,450.0,1350.0
1122,8.2,9,3,450.0,1350.0
1122,8.2,10,3,450.0,1350.0
1122,8.2,11,3,450.0,1350.0
1122,8.2,12,3,450.0,1350.0
1122,8.2,13,3,450.0,1350.0
1122,8.2,14,3,450.0,1350.0
1122,8.2,15,3,450.0,1350.0
1122,8.2,16,3,450.0,1350.0
1122,8.2,17,3,450.0,1350.0
1122,8.2,18,3,450.0,1350.0
1122,8.2,19,3,450.0,1350.0
1122,8.2,20,3,450.0,1350.0
1122,8.2,21,0,450.0,0.0
1122,8.2,22,0,450.0,0.0
1122,8.2,23,0,450.0,0.0
