link_id,directed_route_id,route_short_name,from_node_id,to_node_id,hour,load,num_trips,period_capacity,vc,state,empty_seats,excess_riders
382,1.1,Yellow-S,1001,1073,5.0,326.5,6.0,4500.0,0.07255555555555555,OVERSUPPLY,4173.5,0.0
382,1.1,Yellow-S,1001,1073,6.0,1251.0,6.0,4500.0,0.278,BALANCED,3249.0,0.0
382,1.1,Yellow-S,1001,1073,7.0,2245.5,6.0,4500.0,0.499,BALANCED,2254.5,0.0
382,1.1,Yellow-S,1001,1073,8.0,3178.8333333333335,6.0,4500.0,0.7064074074074075,BALANCED,1321.1666666666665,0.0
382,1.1,Yellow-S,1001,1073,9.0,2231.6666666666665,6.0,4500.0,0.4959259259259259,BALANCED,2268.3333333333335,0.0
382,1.1,Yellow-S,1001,1073,10.0,1050.5,6.0,4500.0,0.23344444444444445,BALANCED,3449.5,0.0
382,1.1,Yellow-S,1001,1073,11.0,734.6666666666666,6.0,4500.0,0.16325925925925924,OVERSUPPLY,3765.3333333333335,0.0
382,1.1,Yellow-S,1001,1073,12.0,537.1666666666666,6.0,4500.0,0.11937037037037036,OVERSUPPLY,3962.8333333333335,0.0
382,1.1,Yellow-S,1001,1073,13.0,461.1666666666667,6.0,4500.0,0.10248148148148148,OVERSUPPLY,4038.8333333333335,0.0
382,1.1,Yellow-S,1001,1073,14.0,450.5,6.0,4500.0,0.10011111111111111,OVERSUPPLY,4049.5,0.0
382,1.1,Yellow-S,1001,1073,15.0,408.8333333333333,6.0,4500.0,0.09085185185185185,OVERSUPPLY,4091.1666666666665,0.0
382,1.1,Yellow-S,1001,1073,16.0,515.5,6.0,4500.0,0.11455555555555555,OVERSUPPLY,3984.5,0.0
382,1.1,Yellow-S,1001,1073,17.0,715.5,6.0,4500.0,0.159,OVERSUPPLY,3784.5,0.0
382,1.1,Yellow-S,1001,1073,18.0,605.0,6.0,4500.0,0.13444444444444445,OVERSUPPLY,3895.0,0.0
382,1.1,Yellow-S,1001,1073,19.0,341.3333333333333,6.0,4500.0,0.07585185185185185,OVERSUPPLY,4158.666666666667,0.0
382,1.1,Yellow-S,1001,1073,20.0,184.5,6.0,4500.0,0.041,OVERSUPPLY,4315.5,0.0
382,1.1,Yellow-S,1001,1073,21.0,169.0,4.0,3000.0,0.05633333333333333,OVERSUPPLY,2831.0,0.0
382,1.1,Yellow-S,1001,1073,22.0,218.83333333333334,3.0,2250.0,0.09725925925925927,OVERSUPPLY,2031.1666666666667,0.0
382,1.1,Yellow-S,1001,1073,23.0,138.16666666666666,3.0,2250.0,0.061407407407407404,OVERSUPPLY,2111.8333333333335,0.0
384,1.1,Yellow-S,1002,1074,5.0,153.16666666666666,6.0,4500.0,0.03403703703703703,OVERSUPPLY,4346.833333333333,0.0
384,1.1,Yellow-S,1002,1074,6.0,452.0,6.0,4500.0,0.10044444444444445,OVERSUPPLY,4048.0,0.0
384,1.1,Yellow-S,1002,1074,7.0,1118.6666666666667,6.0,4500.0,0.24859259259259261,BALANCED,3381.333333333333,0.0
384,1.1,Yellow-S,1002,1074,8.0,1792.6666666666667,6.0,4500.0,0.3983703703703704,BALANCED,2707.333333333333,0.0
384,1.1,Yellow-S,1002,1074,9.0,1255.5,6.0,4500.0,0.279,BALANCED,3244.5,0.0
384,1.1,Yellow-S,1002,1074,10.0,649.5,6.0,4500.0,0.14433333333333334,OVERSUPPLY,3850.5,0.0
384,1.1,Yellow-S,1002,1074,11.0,449.8333333333333,6.0,4500.0,0.09996296296296296,OVERSUPPLY,4050.1666666666665,0.0
384,1.1,Yellow-S,1002,1074,12.0,377.6666666666667,6.0,4500.0,0.08392592592592593,OVERSUPPLY,4122.333333333333,0.0
384,1.1,Yellow-S,1002,1074,13.0,333.3333333333333,6.0,4500.0,0.07407407407407407,OVERSUPPLY,4166.666666666667,0.0
384,1.1,Yellow-S,1002,1074,14.0,314.0,6.0,4500.0,0.06977777777777777,OVERSUPPLY,4186.0,0.0
384,1.1,Yellow-S,1002,1074,15.0,316.6666666666667,6.0,4500.0,0.07037037037037037,OVERSUPPLY,4183.333333333333,0.0
384,1.1,Yellow-S,1002,1074,16.0,424.6666666666667,6.0,4500.0,0.09437037037037037,OVERSUPPLY,4075.3333333333335,0.0
384,1.1,Yellow-S,1002,1074,17.0,602.6666666666666,6.0,4500.0,0.13392592592592592,OVERSUPPLY,3897.3333333333335,0.0
384,1.1,Yellow-S,1002,1074,18.0,496.3333333333333,6.0,4500.0,0.1102962962962963,OVERSUPPLY,4003.6666666666665,0.0
384,1.1,Yellow-S,1002,1074,19.0,277.8333333333333,6.0,4500.0,0.061740740740740735,OVERSUPPLY,4222.166666666667,0.0
384,1.1,Yellow-S,1002,1074,20.0,138.16666666666666,6.0,4500.0,0.030703703703703702,OVERSUPPLY,4361.833333333333,0.0
384,1.1,Yellow-S,1002,1074,21.0,125.0,4.0,3000.0,0.041666666666666664,OVERSUPPLY,2875.0,0.0
384,1.1,Yellow-S,1002,1074,22.0,189.66666666666666,3.0,2250.0,0.08429629629629629,OVERSUPPLY,2060.3333333333335,0.0
384,1.1,Yellow-S,1002,1074,23.0,121.33333333333333,3.0,2250.0,0.053925925925925926,OVERSUPPLY,2128.6666666666665,0.0
386,1.1,Yellow-S,1003,1075,5.0,168.66666666666666,6.0,4500.0,0.03748148148148148,OVERSUPPLY,4331.333333333333,0.0
386,1.1,Yellow-S,1003,1075,6.0,460.5,6.0,4500.0,0.10233333333333333,OVERSUPPLY,4039.5,0.0
386,1.1,Yellow-S,1003,1075,7.0,809.5,6.0,4500.0,0.17988888888888888,OVERSUPPLY,3690.5,0.0
386,1.1,Yellow-S,1003,1075,8.0,1066.1666666666667,6.0,4500.0,0.23692592592592596,BALANCED,3433.833333333333,0.0
386,1.1,Yellow-S,1003,1075,9.0,768.1666666666666,6.0,4500.0,0.1707037037037037,OVERSUPPLY,3731.8333333333335,0.0
386,1.1,Yellow-S,1003,1075,10.0,336.6666666666667,6.0,4500.0,0.07481481481481482,OVERSUPPLY,4163.333333333333,0.0
386,1.1,Yellow-S,1003,1075,11.0,217.5,6.0,4500.0,0.04833333333333333,OVERSUPPLY,4282.5,0.0
386,1.1,Yellow-S,1003,1075,12.0,121.0,6.0,4500.0,0.02688888888888889,OVERSUPPLY,4379.0,0.0
386,1.1,Yellow-S,1003,1075,13.0,94.66666666666667,6.0,4500.0,0.021037037037037038,OVERSUPPLY,4405.333333333333,0.0
386,1.1,Yellow-S,1003,1075,14.0,102.5,6.0,4500.0,0.02277777777777778,OVERSUPPLY,4397.5,0.0
386,1.1,Yellow-S,1003,1075,15.0,70.0,6.0,4500.0,0.015555555555555555,OVERSUPPLY,4430.0,0.0
386,1.1,Yellow-S,1003,1075,16.0,76.33333333333333,6.0,4500.0,0.01696296296296296,OVERSUPPLY,4423.666666666667,0.0
386,1.1,Yellow-S,1003,1075,17.0,99.33333333333333,6.0,4500.0,0.022074074074074072,OVERSUPPLY,4400.666666666667,0.0
386,1.1,Yellow-S,1003,1075,18.0,91.33333333333333,6.0,4500.0,0.020296296296296295,OVERSUPPLY,4408.666666666667,0.0
386,1.1,Yellow-S,1003,1075,19.0,51.333333333333336,6.0,4500.0,0.011407407407407408,OVERSUPPLY,4448.666666666667,0.0
386,1.1,Yellow-S,1003,1075,20.0,35.333333333333336,6.0,4500.0,0.007851851851851853,OVERSUPPLY,4464.666666666667,0.0
386,1.1,Yellow-S,1003,1075,21.0,30.333333333333332,4.0,3000.0,0.01011111111111111,OVERSUPPLY,2969.6666666666665,0.0
386,1.1,Yellow-S,1003,1075,22.0,20.0,3.0,2250.0,0.008888888888888889,OVERSUPPLY,2230.0,0.0
386,1.1,Yellow-S,1003,1075,23.0,10.833333333333332,3.0,2250.0,0.004814814814814814,OVERSUPPLY,2239.1666666666665,0.0
388,1.1,Yellow-S,1004,1010,5.0,39.333333333333336,6.0,4500.0,0.008740740740740742,OVERSUPPLY,4460.666666666667,0.0
388,1.1,Yellow-S,1004,1010,6.0,392.1666666666667,6.0,4500.0,0.08714814814814816,OVERSUPPLY,4107.833333333333,0.0
388,1.1,Yellow-S,1004,1010,7.0,583.6666666666666,6.0,4500.0,0.12970370370370368,OVERSUPPLY,3916.3333333333335,0.0
388,1.1,Yellow-S,1004,1010,8.0,788.8333333333334,6.0,4500.0,0.1752962962962963,OVERSUPPLY,3711.1666666666665,0.0
388,1.1,Yellow-S,1004,1010,9.0,647.3333333333334,6.0,4500.0,0.14385185185185187,OVERSUPPLY,3852.6666666666665,0.0
388,1.1,Yellow-S,1004,1010,10.0,465.5,6.0,4500.0,0.10344444444444445,OVERSUPPLY,4034.5,0.0
388,1.1,Yellow-S,1004,1010,11.0,425.6666666666667,6.0,4500.0,0.0945925925925926,OVERSUPPLY,4074.3333333333335,0.0
388,1.1,Yellow-S,1004,1010,12.0,414.1666666666667,6.0,4500.0,0.09203703703703704,OVERSUPPLY,4085.8333333333335,0.0
388,1.1,Yellow-S,1004,1010,13.0,407.5,6.0,4500.0,0.09055555555555556,OVERSUPPLY,4092.5,0.0
388,1.1,Yellow-S,1004,1010,14.0,527.5,6.0,4500.0,0.11722222222222223,OVERSUPPLY,3972.5,0.0
388,1.1,Yellow-S,1004,1010,15.0,752.3333333333334,6.0,4500.0,0.1671851851851852,OVERSUPPLY,3747.6666666666665,0.0
388,1.1,Yellow-S,1004,1010,16.0,1206.5,6.0,4500.0,0.26811111111111113,BALANCED,3293.5,0.0
388,1.1,Yellow-S,1004,1010,17.0,1801.8333333333333,6.0,4500.0,0.4004074074074074,BALANCED,2698.166666666667,0.0
388,1.1,Yellow-S,1004,1010,18.0,1186.8333333333333,6.0,4500.0,0.2637407407407407,BALANCED,3313.166666666667,0.0
388,1.1,Yellow-S,1004,1010,19.0,609.1666666666666,6.0,4500.0,0.13537037037037036,OVERSUPPLY,3890.8333333333335,0.0
388,1.1,Yellow-S,1004,1010,20.0,366.8333333333333,6.0,4500.0,0.08151851851851852,OVERSUPPLY,4133.166666666667,0.0
388,1.1,Yellow-S,1004,1010,21.0,283.0,4.0,3000.0,0.09433333333333334,OVERSUPPLY,2717.0,0.0
388,1.1,Yellow-S,1004,1010,22.0,239.83333333333334,3.0,2250.0,0.1065925925925926,OVERSUPPLY,2010.1666666666667,0.0
388,1.1,Yellow-S,1004,1010,23.0,173.0,3.0,2250.0,0.0768888888888889,OVERSUPPLY,2077.0,0.0
390,1.1,Yellow-S,1005,1011,5.0,30.666666666666664,6.0,4500.0,0.006814814814814814,OVERSUPPLY,4469.333333333333,0.0
390,1.1,Yellow-S,1005,1011,6.0,219.66666666666666,6.0,4500.0,0.04881481481481481,OVERSUPPLY,4280.333333333333,0.0
390,1.1,Yellow-S,1005,1011,7.0,424.5,6.0,4500.0,0.09433333333333334,OVERSUPPLY,4075.5,0.0
390,1.1,Yellow-S,1005,1011,8.0,603.0,6.0,4500.0,0.134,OVERSUPPLY,3897.0,0.0
390,1.1,Yellow-S,1005,1011,9.0,499.0,6.0,4500.0,0.11088888888888888,OVERSUPPLY,4001.0,0.0
390,1.1,Yellow-S,1005,1011,10.0,363.6666666666667,6.0,4500.0,0.08081481481481483,OVERSUPPLY,4136.333333333333,0.0
390,1.1,Yellow-S,1005,1011,11.0,336.1666666666667,6.0,4500.0,0.0747037037037037,OVERSUPPLY,4163.833333333333,0.0
390,1.1,Yellow-S,1005,1011,12.0,350.5,6.0,4500.0,0.07788888888888888,OVERSUPPLY,4149.5,0.0
390,1.1,Yellow-S,1005,1011,13.0,360.6666666666667,6.0,4500.0,0.08014814814814815,OVERSUPPLY,4139.333333333333,0.0
390,1.1,Yellow-S,1005,1011,14.0,478.3333333333333,6.0,4500.0,0.10629629629629629,OVERSUPPLY,4021.6666666666665,0.0
390,1.1,Yellow-S,1005,1011,15.0,714.1666666666666,6.0,4500.0,0.1587037037037037,OVERSUPPLY,3785.8333333333335,0.0
390,1.1,Yellow-S,1005,1011,16.0,1166.3333333333333,6.0,4500.0,0.2591851851851852,BALANCED,3333.666666666667,0.0
390,1.1,Yellow-S,1005,1011,17.0,1747.3333333333333,6.0,4500.0,0.3882962962962963,BALANCED,2752.666666666667,0.0
390,1.1,Yellow-S,1005,1011,18.0,1136.3333333333333,6.0,4500.0,0.2525185185185185,BALANCED,3363.666666666667,0.0
390,1.1,Yellow-S,1005,1011,19.0,571.0,6.0,4500.0,0.12688888888888888,OVERSUPPLY,3929.0,0.0
390,1.1,Yellow-S,1005,1011,20.0,332.6666666666667,6.0,4500.0,0.07392592592592594,OVERSUPPLY,4167.333333333333,0.0
390,1.1,Yellow-S,1005,1011,21.0,251.83333333333334,4.0,3000.0,0.08394444444444445,OVERSUPPLY,2748.1666666666665,0.0
390,1.1,Yellow-S,1005,1011,22.0,227.16666666666666,3.0,2250.0,0.10096296296296296,OVERSUPPLY,2022.8333333333333,0.0
390,1.1,Yellow-S,1005,1011,23.0,167.16666666666666,3.0,2250.0,0.07429629629629629,OVERSUPPLY,2082.8333333333335,0.0
392,1.1,Yellow-S,1006,1012,5.0,8.666666666666666,6.0,4500.0,0.0019259259259259258,OVERSUPPLY,4491.333333333333,0.0
392,1.1,Yellow-S,1006,1012,6.0,76.83333333333333,6.0,4500.0,0.01707407407407407,OVERSUPPLY,4423.166666666667,0.0
392,1.1,Yellow-S,1006,1012,7.0,83.83333333333333,6.0,4500.0,0.018629629629629628,OVERSUPPLY,4416.166666666667,0.0
392,1.1,Yellow-S,1006,1012,8.0,93.83333333333333,6.0,4500.0,0.02085185185185185,OVERSUPPLY,4406.166666666667,0.0
392,1.1,Yellow-S,1006,1012,9.0,81.5,6.0,4500.0,0.018111111111111113,OVERSUPPLY,4418.5,0.0
392,1.1,Yellow-S,1006,1012,10.0,56.0,6.0,4500.0,0.012444444444444444,OVERSUPPLY,4444.0,0.0
392,1.1,Yellow-S,1006,1012,11.0,52.5,6.0,4500.0,0.011666666666666667,OVERSUPPLY,4447.5,0.0
392,1.1,Yellow-S,1006,1012,12.0,34.33333333333333,6.0,4500.0,0.007629629629629629,OVERSUPPLY,4465.666666666667,0.0
392,1.1,Yellow-S,1006,1012,13.0,22.833333333333332,6.0,4500.0,0.005074074074074074,OVERSUPPLY,4477.166666666667,0.0
392,1.1,Yellow-S,1006,1012,14.0,29.166666666666668,6.0,4500.0,0.006481481481481482,OVERSUPPLY,4470.833333333333,0.0
392,1.1,Yellow-S,1006,1012,15.0,19.666666666666668,6.0,4500.0,0.004370370370370371,OVERSUPPLY,4480.333333333333,0.0
392,1.1,Yellow-S,1006,1012,16.0,23.666666666666668,6.0,4500.0,0.0052592592592592595,OVERSUPPLY,4476.333333333333,0.0
392,1.1,Yellow-S,1006,1012,17.0,25.333333333333332,6.0,4500.0,0.005629629629629629,OVERSUPPLY,4474.666666666667,0.0
392,1.1,Yellow-S,1006,1012,18.0,23.666666666666668,6.0,4500.0,0.0052592592592592595,OVERSUPPLY,4476.333333333333,0.0
392,1.1,Yellow-S,1006,1012,19.0,16.0,6.0,4500.0,0.0035555555555555557,OVERSUPPLY,4484.0,0.0
392,1.1,Yellow-S,1006,1012,20.0,18.5,6.0,4500.0,0.004111111111111111,OVERSUPPLY,4481.5,0.0
392,1.1,Yellow-S,1006,1012,21.0,12.0,4.0,3000.0,0.004,OVERSUPPLY,2988.0,0.0
392,1.1,Yellow-S,1006,1012,22.0,6.166666666666667,3.0,2250.0,0.002740740740740741,OVERSUPPLY,2243.8333333333335,0.0
392,1.1,Yellow-S,1006,1012,23.0,3.6666666666666665,3.0,2250.0,0.0016296296296296295,OVERSUPPLY,2246.3333333333335,0.0
394,1.1,Yellow-S,1007,1001,5.0,363.1666666666667,6.0,4500.0,0.08070370370370371,OVERSUPPLY,4136.833333333333,0.0
394,1.1,Yellow-S,1007,1001,6.0,1398.3333333333333,6.0,4500.0,0.3107407407407407,BALANCED,3101.666666666667,0.0
394,1.1,Yellow-S,1007,1001,7.0,2456.5,6.0,4500.0,0.5458888888888889,BALANCED,2043.5,0.0
394,1.1,Yellow-S,1007,1001,8.0,3415.8333333333335,6.0,4500.0,0.7590740740740741,BALANCED,1084.1666666666665,0.0
394,1.1,Yellow-S,1007,1001,9.0,2355.8333333333335,6.0,4500.0,0.5235185185185186,BALANCED,2144.1666666666665,0.0
394,1.1,Yellow-S,1007,1001,10.0,1144.6666666666667,6.0,4500.0,0.2543703703703704,BALANCED,3355.333333333333,0.0
394,1.1,Yellow-S,1007,1001,11.0,801.0,6.0,4500.0,0.178,OVERSUPPLY,3699.0,0.0
394,1.1,Yellow-S,1007,1001,12.0,610.5,6.0,4500.0,0.13566666666666666,OVERSUPPLY,3889.5,0.0
394,1.1,Yellow-S,1007,1001,13.0,534.3333333333334,6.0,4500.0,0.11874074074074074,OVERSUPPLY,3965.6666666666665,0.0
394,1.1,Yellow-S,1007,1001,14.0,537.0,6.0,4500.0,0.11933333333333333,OVERSUPPLY,3963.0,0.0
394,1.1,Yellow-S,1007,1001,15.0,528.0,6.0,4500.0,0.11733333333333333,OVERSUPPLY,3972.0,0.0
394,1.1,Yellow-S,1007,1001,16.0,721.1666666666666,6.0,4500.0,0.16025925925925924,OVERSUPPLY,3778.8333333333335,0.0
394,1.1,Yellow-S,1007,1001,17.0,922.5,6.0,4500.0,0.205,BALANCED,3577.5,0.0
394,1.1,Yellow-S,1007,1001,18.0,798.8333333333334,6.0,4500.0,0.17751851851851852,OVERSUPPLY,3701.1666666666665,0.0
394,1.1,Yellow-S,1007,1001,19.0,444.0,6.0,4500.0,0.09866666666666667,OVERSUPPLY,4056.0,0.0
394,1.1,Yellow-S,1007,1001,20.0,248.0,6.0,4500.0,0.05511111111111111,OVERSUPPLY,4252.0,0.0
394,1.1,Yellow-S,1007,1001,21.0,212.0,4.0,3000.0,0.07066666666666667,OVERSUPPLY,2788.0,0.0
394,1.1,Yellow-S,1007,1001,22.0,266.0,3.0,2250.0,0.11822222222222223,OVERSUPPLY,1984.0,0.0
394,1.1,Yellow-S,1007,1001,23.0,176.66666666666666,3.0,2250.0,0.07851851851851852,OVERSUPPLY,2073.3333333333335,0.0
396,1.1,Yellow-S,1008,1002,5.0,167.33333333333334,6.0,4500.0,0.03718518518518519,OVERSUPPLY,4332.666666666667,0.0
396,1.1,Yellow-S,1008,1002,6.0,488.1666666666667,6.0,4500.0,0.10848148148148148,OVERSUPPLY,4011.8333333333335,0.0
396,1.1,Yellow-S,1008,1002,7.0,1174.5,6.0,4500.0,0.261,BALANCED,3325.5,0.0
396,1.1,Yellow-S,1008,1002,8.0,1847.6666666666667,6.0,4500.0,0.4105925925925926,BALANCED,2652.333333333333,0.0
396,1.1,Yellow-S,1008,1002,9.0,1278.3333333333333,6.0,4500.0,0.28407407407407403,BALANCED,3221.666666666667,0.0
396,1.1,Yellow-S,1008,1002,10.0,695.0,6.0,4500.0,0.15444444444444444,OVERSUPPLY,3805.0,0.0
396,1.1,Yellow-S,1008,1002,11.0,466.3333333333333,6.0,4500.0,0.10362962962962963,OVERSUPPLY,4033.6666666666665,0.0
396,1.1,Yellow-S,1008,1002,12.0,418.0,6.0,4500.0,0.09288888888888888,OVERSUPPLY,4082.0,0.0
396,1.1,Yellow-S,1008,1002,13.0,387.1666666666667,6.0,4500.0,0.08603703703703704,OVERSUPPLY,4112.833333333333,0.0
396,1.1,Yellow-S,1008,1002,14.0,373.6666666666667,6.0,4500.0,0.08303703703703705,OVERSUPPLY,4126.333333333333,0.0
396,1.1,Yellow-S,1008,1002,15.0,410.5,6.0,4500.0,0.09122222222222222,OVERSUPPLY,4089.5,0.0
396,1.1,Yellow-S,1008,1002,16.0,590.0,6.0,4500.0,0.13111111111111112,OVERSUPPLY,3910.0,0.0
396,1.1,Yellow-S,1008,1002,17.0,767.3333333333334,6.0,4500.0,0.1705185185185185,OVERSUPPLY,3732.6666666666665,0.0
396,1.1,Yellow-S,1008,1002,18.0,657.0,6.0,4500.0,0.146,OVERSUPPLY,3843.0,0.0
396,1.1,Yellow-S,1008,1002,19.0,356.8333333333333,6.0,4500.0,0.0792962962962963,OVERSUPPLY,4143.166666666667,0.0
396,1.1,Yellow-S,1008,1002,20.0,185.66666666666666,6.0,4500.0,0.04125925925925926,OVERSUPPLY,4314.333333333333,0.0
396,1.1,Yellow-S,1008,1002,21.0,155.33333333333334,4.0,3000.0,0.051777777777777784,OVERSUPPLY,2844.6666666666665,0.0
396,1.1,Yellow-S,1008,1002,22.0,227.16666666666666,3.0,2250.0,0.10096296296296296,OVERSUPPLY,2022.8333333333333,0.0
396,1.1,Yellow-S,1008,1002,23.0,151.16666666666666,3.0,2250.0,0.06718518518518518,OVERSUPPLY,2098.8333333333335,0.0
398,1.1,Yellow-S,1009,1003,5.0,182.83333333333334,6.0,4500.0,0.040629629629629634,OVERSUPPLY,4317.166666666667,0.0
398,1.1,Yellow-S,1009,1003,6.0,518.8333333333334,6.0,4500.0,0.1152962962962963,OVERSUPPLY,3981.1666666666665,0.0
398,1.1,Yellow-S,1009,1003,7.0,907.0,6.0,4500.0,0.20155555555555554,BALANCED,3593.0,0.0
398,1.1,Yellow-S,1009,1003,8.0,1180.0,6.0,4500.0,0.26222222222222225,BALANCED,3320.0,0.0
398,1.1,Yellow-S,1009,1003,9.0,833.0,6.0,4500.0,0.18511111111111112,OVERSUPPLY,3667.0,0.0
398,1.1,Yellow-S,1009,1003,10.0,367.5,6.0,4500.0,0.08166666666666667,OVERSUPPLY,4132.5,0.0
398,1.1,Yellow-S,1009,1003,11.0,248.66666666666666,6.0,4500.0,0.05525925925925926,OVERSUPPLY,4251.333333333333,0.0
398,1.1,Yellow-S,1009,1003,12.0,141.83333333333334,6.0,4500.0,0.03151851851851852,OVERSUPPLY,4358.166666666667,0.0
398,1.1,Yellow-S,1009,1003,13.0,108.66666666666667,6.0,4500.0,0.024148148148148148,OVERSUPPLY,4391.333333333333,0.0
398,1.1,Yellow-S,1009,1003,14.0,120.16666666666667,6.0,4500.0,0.026703703703703705,OVERSUPPLY,4379.833333333333,0.0
398,1.1,Yellow-S,1009,1003,15.0,89.33333333333333,6.0,4500.0,0.01985185185185185,OVERSUPPLY,4410.666666666667,0.0
398,1.1,Yellow-S,1009,1003,16.0,111.0,6.0,4500.0,0.024666666666666667,OVERSUPPLY,4389.0,0.0
398,1.1,Yellow-S,1009,1003,17.0,141.0,6.0,4500.0,0.03133333333333333,OVERSUPPLY,4359.0,0.0
398,1.1,Yellow-S,1009,1003,18.0,122.16666666666667,6.0,4500.0,0.02714814814814815,OVERSUPPLY,4377.833333333333,0.0
398,1.1,Yellow-S,1009,1003,19.0,69.16666666666667,6.0,4500.0,0.015370370370370371,OVERSUPPLY,4430.833333333333,0.0
398,1.1,Yellow-S,1009,1003,20.0,45.33333333333333,6.0,4500.0,0.010074074074074074,OVERSUPPLY,4454.666666666667,0.0
398,1.1,Yellow-S,1009,1003,21.0,38.0,4.0,3000.0,0.012666666666666666,OVERSUPPLY,2962.0,0.0
398,1.1,Yellow-S,1009,1003,22.0,25.666666666666668,3.0,2250.0,0.011407407407407408,OVERSUPPLY,2224.3333333333335,0.0
398,1.1,Yellow-S,1009,1003,23.0,15.833333333333332,3.0,2250.0,0.007037037037037036,OVERSUPPLY,2234.1666666666665,0.0
400,1.1,Yellow-S,1010,1032,5.0,25.5,6.0,4500.0,0.005666666666666667,OVERSUPPLY,4474.5,0.0
400,1.1,Yellow-S,1010,1032,6.0,325.0,6.0,4500.0,0.07222222222222222,OVERSUPPLY,4175.0,0.0
400,1.1,Yellow-S,1010,1032,7.0,468.1666666666667,6.0,4500.0,0.10403703703703704,OVERSUPPLY,4031.8333333333335,0.0
400,1.1,Yellow-S,1010,1032,8.0,690.3333333333334,6.0,4500.0,0.1534074074074074,OVERSUPPLY,3809.6666666666665,0.0
400,1.1,Yellow-S,1010,1032,9.0,563.6666666666666,6.0,4500.0,0.12525925925925926,OVERSUPPLY,3936.3333333333335,0.0
400,1.1,Yellow-S,1010,1032,10.0,409.6666666666667,6.0,4500.0,0.09103703703703704,OVERSUPPLY,4090.3333333333335,0.0
400,1.1,Yellow-S,1010,1032,11.0,381.0,6.0,4500.0,0.08466666666666667,OVERSUPPLY,4119.0,0.0
400,1.1,Yellow-S,1010,1032,12.0,353.5,6.0,4500.0,0.07855555555555556,OVERSUPPLY,4146.5,0.0
400,1.1,Yellow-S,1010,1032,13.0,343.8333333333333,6.0,4500.0,0.07640740740740741,OVERSUPPLY,4156.166666666667,0.0
400,1.1,Yellow-S,1010,1032,14.0,444.1666666666667,6.0,4500.0,0.09870370370370371,OVERSUPPLY,4055.8333333333335,0.0
400,1.1,Yellow-S,1010,1032,15.0,632.1666666666666,6.0,4500.0,0.14048148148148148,OVERSUPPLY,3867.8333333333335,0.0
400,1.1,Yellow-S,1010,1032,16.0,1018.6666666666666,6.0,4500.0,0.22637037037037036,BALANCED,3481.3333333333335,0.0
400,1.1,Yellow-S,1010,1032,17.0,1519.0,6.0,4500.0,0.33755555555555555,BALANCED,2981.0,0.0
400,1.1,Yellow-S,1010,1032,18.0,969.6666666666666,6.0,4500.0,0.21548148148148147,BALANCED,3530.3333333333335,0.0
400,1.1,Yellow-S,1010,1032,19.0,490.6666666666667,6.0,4500.0,0.10903703703703704,OVERSUPPLY,4009.3333333333335,0.0
400,1.1,Yellow-S,1010,1032,20.0,301.8333333333333,6.0,4500.0,0.06707407407407406,OVERSUPPLY,4198.166666666667,0.0
400,1.1,Yellow-S,1010,1032,21.0,240.66666666666666,4.0,3000.0,0.08022222222222222,OVERSUPPLY,2759.3333333333335,0.0
400,1.1,Yellow-S,1010,1032,22.0,185.83333333333334,3.0,2250.0,0.08259259259259259,OVERSUPPLY,2064.1666666666665,0.0
400,1.1,Yellow-S,1010,1032,23.0,135.33333333333334,3.0,2250.0,0.06014814814814815,OVERSUPPLY,2114.6666666666665,0.0
402,1.1,Yellow-S,1011,1033,5.0,21.166666666666668,6.0,4500.0,0.004703703703703704,OVERSUPPLY,4478.833333333333,0.0
402,1.1,Yellow-S,1011,1033,6.0,186.33333333333334,6.0,4500.0,0.04140740740740741,OVERSUPPLY,4313.666666666667,0.0
402,1.1,Yellow-S,1011,1033,7.0,346.6666666666667,6.0,4500.0,0.07703703703703704,OVERSUPPLY,4153.333333333333,0.0
402,1.1,Yellow-S,1011,1033,8.0,534.1666666666666,6.0,4500.0,0.1187037037037037,OVERSUPPLY,3965.8333333333335,0.0
402,1.1,Yellow-S,1011,1033,9.0,438.1666666666667,6.0,4500.0,0.09737037037037037,OVERSUPPLY,4061.8333333333335,0.0
402,1.1,Yellow-S,1011,1033,10.0,315.5,6.0,4500.0,0.07011111111111111,OVERSUPPLY,4184.5,0.0
402,1.1,Yellow-S,1011,1033,11.0,297.6666666666667,6.0,4500.0,0.06614814814814815,OVERSUPPLY,4202.333333333333,0.0
402,1.1,Yellow-S,1011,1033,12.0,296.0,6.0,4500.0,0.06577777777777778,OVERSUPPLY,4204.0,0.0
402,1.1,Yellow-S,1011,1033,13.0,303.3333333333333,6.0,4500.0,0.0674074074074074,OVERSUPPLY,4196.666666666667,0.0
402,1.1,Yellow-S,1011,1033,14.0,401.5,6.0,4500.0,0.08922222222222222,OVERSUPPLY,4098.5,0.0
402,1.1,Yellow-S,1011,1033,15.0,598.5,6.0,4500.0,0.133,OVERSUPPLY,3901.5,0.0
402,1.1,Yellow-S,1011,1033,16.0,987.3333333333334,6.0,4500.0,0.2194074074074074,BALANCED,3512.6666666666665,0.0
402,1.1,Yellow-S,1011,1033,17.0,1476.1666666666667,6.0,4500.0,0.32803703703703707,BALANCED,3023.833333333333,0.0
402,1.1,Yellow-S,1011,1033,18.0,928.6666666666666,6.0,4500.0,0.20637037037037037,BALANCED,3571.3333333333335,0.0
402,1.1,Yellow-S,1011,1033,19.0,456.1666666666667,6.0,4500.0,0.10137037037037037,OVERSUPPLY,4043.8333333333335,0.0
402,1.1,Yellow-S,1011,1033,20.0,273.0,6.0,4500.0,0.06066666666666667,OVERSUPPLY,4227.0,0.0
402,1.1,Yellow-S,1011,1033,21.0,212.66666666666666,4.0,3000.0,0.07088888888888889,OVERSUPPLY,2787.3333333333335,0.0
402,1.1,Yellow-S,1011,1033,22.0,174.66666666666666,3.0,2250.0,0.07762962962962963,OVERSUPPLY,2075.3333333333335,0.0
402,1.1,Yellow-S,1011,1033,23.0,130.66666666666666,3.0,2250.0,0.05807407407407407,OVERSUPPLY,2119.3333333333335,0.0
404,1.1,Yellow-S,1012,1034,5.0,4.333333333333333,6.0,4500.0,0.0009629629629629629,OVERSUPPLY,4495.666666666667,0.0
404,1.1,Yellow-S,1012,1034,6.0,58.833333333333336,6.0,4500.0,0.013074074074074075,OVERSUPPLY,4441.166666666667,0.0
404,1.1,Yellow-S,1012,1034,7.0,59.0,6.0,4500.0,0.013111111111111112,OVERSUPPLY,4441.0,0.0
404,1.1,Yellow-S,1012,1034,8.0,77.0,6.0,4500.0,0.01711111111111111,OVERSUPPLY,4423.0,0.0
404,1.1,Yellow-S,1012,1034,9.0,69.83333333333333,6.0,4500.0,0.015518518518518518,OVERSUPPLY,4430.166666666667,0.0
404,1.1,Yellow-S,1012,1034,10.0,51.166666666666664,6.0,4500.0,0.01137037037037037,OVERSUPPLY,4448.833333333333,0.0
404,1.1,Yellow-S,1012,1034,11.0,48.5,6.0,4500.0,0.010777777777777778,OVERSUPPLY,4451.5,0.0
404,1.1,Yellow-S,1012,1034,12.0,31.333333333333332,6.0,4500.0,0.0069629629629629625,OVERSUPPLY,4468.666666666667,0.0
404,1.1,Yellow-S,1012,1034,13.0,20.333333333333332,6.0,4500.0,0.004518518518518518,OVERSUPPLY,4479.666666666667,0.0
404,1.1,Yellow-S,1012,1034,14.0,25.333333333333332,6.0,4500.0,0.005629629629629629,OVERSUPPLY,4474.666666666667,0.0
404,1.1,Yellow-S,1012,1034,15.0,17.833333333333332,6.0,4500.0,0.003962962962962962,OVERSUPPLY,4482.166666666667,0.0
404,1.1,Yellow-S,1012,1034,16.0,19.5,6.0,4500.0,0.004333333333333333,OVERSUPPLY,4480.5,0.0
404,1.1,Yellow-S,1012,1034,17.0,21.666666666666668,6.0,4500.0,0.004814814814814815,OVERSUPPLY,4478.333333333333,0.0
404,1.1,Yellow-S,1012,1034,18.0,19.166666666666668,6.0,4500.0,0.0042592592592592595,OVERSUPPLY,4480.833333333333,0.0
404,1.1,Yellow-S,1012,1034,19.0,14.333333333333334,6.0,4500.0,0.0031851851851851854,OVERSUPPLY,4485.666666666667,0.0
404,1.1,Yellow-S,1012,1034,20.0,16.166666666666668,6.0,4500.0,0.003592592592592593,OVERSUPPLY,4483.833333333333,0.0
404,1.1,Yellow-S,1012,1034,21.0,11.166666666666666,4.0,3000.0,0.003722222222222222,OVERSUPPLY,2988.8333333333335,0.0
404,1.1,Yellow-S,1012,1034,22.0,5.5,3.0,2250.0,0.0024444444444444444,OVERSUPPLY,2244.5,0.0
404,1.1,Yellow-S,1012,1034,23.0,2.833333333333333,3.0,2250.0,0.0012592592592592592,OVERSUPPLY,2247.1666666666665,0.0
406,1.1,Yellow-S,1013,1049,5.0,28.333333333333332,6.0,4500.0,0.006296296296296296,OVERSUPPLY,4471.666666666667,0.0
406,1.1,Yellow-S,1013,1049,6.0,364.3333333333333,6.0,4500.0,0.08096296296296296,OVERSUPPLY,4135.666666666667,0.0
406,1.1,Yellow-S,1013,1049,7.0,438.0,6.0,4500.0,0.09733333333333333,OVERSUPPLY,4062.0,0.0
406,1.1,Yellow-S,1013,1049,8.0,422.6666666666667,6.0,4500.0,0.09392592592592593,OVERSUPPLY,4077.3333333333335,0.0
406,1.1,Yellow-S,1013,1049,9.0,257.0,6.0,4500.0,0.05711111111111111,OVERSUPPLY,4243.0,0.0
406,1.1,Yellow-S,1013,1049,10.0,98.66666666666667,6.0,4500.0,0.02192592592592593,OVERSUPPLY,4401.333333333333,0.0
406,1.1,Yellow-S,1013,1049,11.0,94.0,6.0,4500.0,0.020888888888888887,OVERSUPPLY,4406.0,0.0
406,1.1,Yellow-S,1013,1049,12.0,52.33333333333333,6.0,4500.0,0.011629629629629629,OVERSUPPLY,4447.666666666667,0.0
406,1.1,Yellow-S,1013,1049,13.0,49.333333333333336,6.0,4500.0,0.010962962962962964,OVERSUPPLY,4450.666666666667,0.0
406,1.1,Yellow-S,1013,1049,14.0,45.0,6.0,4500.0,0.01,OVERSUPPLY,4455.0,0.0
406,1.1,Yellow-S,1013,1049,15.0,41.666666666666664,6.0,4500.0,0.009259259259259259,OVERSUPPLY,4458.333333333333,0.0
406,1.1,Yellow-S,1013,1049,16.0,27.333333333333332,6.0,4500.0,0.006074074074074074,OVERSUPPLY,4472.666666666667,0.0
406,1.1,Yellow-S,1013,1049,17.0,23.666666666666664,6.0,4500.0,0.005259259259259259,OVERSUPPLY,4476.333333333333,0.0
406,1.1,Yellow-S,1013,1049,18.0,25.333333333333332,6.0,4500.0,0.005629629629629629,OVERSUPPLY,4474.666666666667,0.0
406,1.1,Yellow-S,1013,1049,19.0,26.0,6.0,4500.0,0.0057777777777777775,OVERSUPPLY,4474.0,0.0
406,1.1,Yellow-S,1013,1049,20.0,20.333333333333332,6.0,4500.0,0.004518518518518518,OVERSUPPLY,4479.666666666667,0.0
406,1.1,Yellow-S,1013,1049,21.0,22.333333333333332,4.0,3000.0,0.007444444444444444,OVERSUPPLY,2977.6666666666665,0.0
406,1.1,Yellow-S,1013,1049,22.0,17.666666666666668,3.0,2250.0,0.007851851851851853,OVERSUPPLY,2232.3333333333335,0.0
406,1.1,Yellow-S,1013,1049,23.0,8.333333333333332,3.0,2250.0,0.003703703703703703,OVERSUPPLY,2241.6666666666665,0.0
408,1.1,Yellow-S,1014,1026,5.0,15.5,6.0,4500.0,0.0034444444444444444,OVERSUPPLY,4484.5,0.0
408,1.1,Yellow-S,1014,1026,6.0,253.83333333333334,6.0,4500.0,0.056407407407407406,OVERSUPPLY,4246.166666666667,0.0
408,1.1,Yellow-S,1014,1026,7.0,322.1666666666667,6.0,4500.0,0.0715925925925926,OVERSUPPLY,4177.833333333333,0.0
408,1.1,Yellow-S,1014,1026,8.0,449.1666666666667,6.0,4500.0,0.09981481481481481,OVERSUPPLY,4050.8333333333335,0.0
408,1.1,Yellow-S,1014,1026,9.0,413.8333333333333,6.0,4500.0,0.09196296296296295,OVERSUPPLY,4086.1666666666665,0.0
408,1.1,Yellow-S,1014,1026,10.0,333.1666666666667,6.0,4500.0,0.07403703703703704,OVERSUPPLY,4166.833333333333,0.0
408,1.1,Yellow-S,1014,1026,11.0,303.8333333333333,6.0,4500.0,0.06751851851851852,OVERSUPPLY,4196.166666666667,0.0
408,1.1,Yellow-S,1014,1026,12.0,272.1666666666667,6.0,4500.0,0.06048148148148148,OVERSUPPLY,4227.833333333333,0.0
408,1.1,Yellow-S,1014,1026,13.0,254.33333333333334,6.0,4500.0,0.056518518518518523,OVERSUPPLY,4245.666666666667,0.0
408,1.1,Yellow-S,1014,1026,14.0,311.0,6.0,4500.0,0.06911111111111111,OVERSUPPLY,4189.0,0.0
408,1.1,Yellow-S,1014,1026,15.0,409.0,6.0,4500.0,0.0908888888888889,OVERSUPPLY,4091.0,0.0
408,1.1,Yellow-S,1014,1026,16.0,631.6666666666666,6.0,4500.0,0.14037037037037037,OVERSUPPLY,3868.3333333333335,0.0
408,1.1,Yellow-S,1014,1026,17.0,918.5,6.0,4500.0,0.2041111111111111,BALANCED,3581.5,0.0
408,1.1,Yellow-S,1014,1026,18.0,612.0,6.0,4500.0,0.136,OVERSUPPLY,3888.0,0.0
408,1.1,Yellow-S,1014,1026,19.0,315.1666666666667,6.0,4500.0,0.07003703703703704,OVERSUPPLY,4184.833333333333,0.0
408,1.1,Yellow-S,1014,1026,20.0,198.66666666666666,6.0,4500.0,0.044148148148148145,OVERSUPPLY,4301.333333333333,0.0
408,1.1,Yellow-S,1014,1026,21.0,156.33333333333334,4.0,3000.0,0.052111111111111115,OVERSUPPLY,2843.6666666666665,0.0
408,1.1,Yellow-S,1014,1026,22.0,100.33333333333333,3.0,2250.0,0.04459259259259259,OVERSUPPLY,2149.6666666666665,0.0
408,1.1,Yellow-S,1014,1026,23.0,77.83333333333333,3.0,2250.0,0.03459259259259259,OVERSUPPLY,2172.1666666666665,0.0
410,1.1,Yellow-S,1015,1027,5.0,12.333333333333332,6.0,4500.0,0.0027407407407407406,OVERSUPPLY,4487.666666666667,0.0
410,1.1,Yellow-S,1015,1027,6.0,146.66666666666666,6.0,4500.0,0.03259259259259259,OVERSUPPLY,4353.333333333333,0.0
410,1.1,Yellow-S,1015,1027,7.0,226.5,6.0,4500.0,0.050333333333333334,OVERSUPPLY,4273.5,0.0
410,1.1,Yellow-S,1015,1027,8.0,325.8333333333333,6.0,4500.0,0.0724074074074074,OVERSUPPLY,4174.166666666667,0.0
410,1.1,Yellow-S,1015,1027,9.0,314.1666666666667,6.0,4500.0,0.06981481481481482,OVERSUPPLY,4185.833333333333,0.0
410,1.1,Yellow-S,1015,1027,10.0,248.5,6.0,4500.0,0.05522222222222222,OVERSUPPLY,4251.5,0.0
410,1.1,Yellow-S,1015,1027,11.0,232.5,6.0,4500.0,0.051666666666666666,OVERSUPPLY,4267.5,0.0
410,1.1,Yellow-S,1015,1027,12.0,219.66666666666666,6.0,4500.0,0.04881481481481481,OVERSUPPLY,4280.333333333333,0.0
410,1.1,Yellow-S,1015,1027,13.0,218.16666666666666,6.0,4500.0,0.04848148148148148,OVERSUPPLY,4281.833333333333,0.0
410,1.1,Yellow-S,1015,1027,14.0,274.1666666666667,6.0,4500.0,0.06092592592592593,OVERSUPPLY,4225.833333333333,0.0
410,1.1,Yellow-S,1015,1027,15.0,379.8333333333333,6.0,4500.0,0.0844074074074074,OVERSUPPLY,4120.166666666667,0.0
410,1.1,Yellow-S,1015,1027,16.0,603.6666666666666,6.0,4500.0,0.13414814814814813,OVERSUPPLY,3896.3333333333335,0.0
410,1.1,Yellow-S,1015,1027,17.0,885.1666666666666,6.0,4500.0,0.1967037037037037,OVERSUPPLY,3614.8333333333335,0.0
410,1.1,Yellow-S,1015,1027,18.0,580.0,6.0,4500.0,0.1288888888888889,OVERSUPPLY,3920.0,0.0
410,1.1,Yellow-S,1015,1027,19.0,292.3333333333333,6.0,4500.0,0.06496296296296296,OVERSUPPLY,4207.666666666667,0.0
410,1.1,Yellow-S,1015,1027,20.0,176.0,6.0,4500.0,0.03911111111111111,OVERSUPPLY,4324.0,0.0
410,1.1,Yellow-S,1015,1027,21.0,133.5,4.0,3000.0,0.0445,OVERSUPPLY,2866.5,0.0
410,1.1,Yellow-S,1015,1027,22.0,90.33333333333333,3.0,2250.0,0.04014814814814815,OVERSUPPLY,2159.6666666666665,0.0
410,1.1,Yellow-S,1015,1027,23.0,74.33333333333333,3.0,2250.0,0.03303703703703704,OVERSUPPLY,2175.6666666666665,0.0
412,1.1,Yellow-S,1016,1028,5.0,3.1666666666666665,6.0,4500.0,0.0007037037037037037,OVERSUPPLY,4496.833333333333,0.0
412,1.1,Yellow-S,1016,1028,6.0,46.666666666666664,6.0,4500.0,0.01037037037037037,OVERSUPPLY,4453.333333333333,0.0
412,1.1,Yellow-S,1016,1028,7.0,46.166666666666664,6.0,4500.0,0.010259259259259258,OVERSUPPLY,4453.833333333333,0.0
412,1.1,Yellow-S,1016,1028,8.0,56.0,6.0,4500.0,0.012444444444444444,OVERSUPPLY,4444.0,0.0
412,1.1,Yellow-S,1016,1028,9.0,56.333333333333336,6.0,4500.0,0.012518518518518519,OVERSUPPLY,4443.666666666667,0.0
412,1.1,Yellow-S,1016,1028,10.0,47.166666666666664,6.0,4500.0,0.01048148148148148,OVERSUPPLY,4452.833333333333,0.0
412,1.1,Yellow-S,1016,1028,11.0,43.666666666666664,6.0,4500.0,0.009703703703703704,OVERSUPPLY,4456.333333333333,0.0
412,1.1,Yellow-S,1016,1028,12.0,28.333333333333332,6.0,4500.0,0.006296296296296296,OVERSUPPLY,4471.666666666667,0.0
412,1.1,Yellow-S,1016,1028,13.0,17.833333333333332,6.0,4500.0,0.003962962962962962,OVERSUPPLY,4482.166666666667,0.0
412,1.1,Yellow-S,1016,1028,14.0,22.166666666666668,6.0,4500.0,0.0049259259259259265,OVERSUPPLY,4477.833333333333,0.0
412,1.1,Yellow-S,1016,1028,15.0,15.166666666666668,6.0,4500.0,0.003370370370370371,OVERSUPPLY,4484.833333333333,0.0
412,1.1,Yellow-S,1016,1028,16.0,15.0,6.0,4500.0,0.0033333333333333335,OVERSUPPLY,4485.0,0.0
412,1.1,Yellow-S,1016,1028,17.0,16.333333333333332,6.0,4500.0,0.0036296296296296294,OVERSUPPLY,4483.666666666667,0.0
412,1.1,Yellow-S,1016,1028,18.0,14.833333333333334,6.0,4500.0,0.0032962962962962963,OVERSUPPLY,4485.166666666667,0.0
412,1.1,Yellow-S,1016,1028,19.0,9.833333333333334,6.0,4500.0,0.0021851851851851854,OVERSUPPLY,4490.166666666667,0.0
412,1.1,Yellow-S,1016,1028,20.0,14.166666666666666,6.0,4500.0,0.003148148148148148,OVERSUPPLY,4485.833333333333,0.0
412,1.1,Yellow-S,1016,1028,21.0,9.666666666666666,4.0,3000.0,0.0032222222222222222,OVERSUPPLY,2990.3333333333335,0.0
412,1.1,Yellow-S,1016,1028,22.0,5.333333333333333,3.0,2250.0,0.0023703703703703703,OVERSUPPLY,2244.6666666666665,0.0
412,1.1,Yellow-S,1016,1028,23.0,2.1666666666666665,3.0,2250.0,0.0009629629629629629,OVERSUPPLY,2247.8333333333335,0.0
414,1.1,Yellow-S,1017,1004,5.0,70.0,6.0,4500.0,0.015555555555555555,OVERSUPPLY,4430.0,0.0
414,1.1,Yellow-S,1017,1004,6.0,486.0,6.0,4500.0,0.108,OVERSUPPLY,4014.0,0.0
414,1.1,Yellow-S,1017,1004,7.0,758.6666666666666,6.0,4500.0,0.16859259259259257,OVERSUPPLY,3741.3333333333335,0.0
414,1.1,Yellow-S,1017,1004,8.0,994.6666666666666,6.0,4500.0,0.22103703703703703,BALANCED,3505.3333333333335,0.0
414,1.1,Yellow-S,1017,1004,9.0,799.5,6.0,4500.0,0.17766666666666667,OVERSUPPLY,3700.5,0.0
414,1.1,Yellow-S,1017,1004,10.0,536.3333333333334,6.0,4500.0,0.1191851851851852,OVERSUPPLY,3963.6666666666665,0.0
414,1.1,Yellow-S,1017,1004,11.0,490.1666666666667,6.0,4500.0,0.10892592592592593,OVERSUPPLY,4009.8333333333335,0.0
414,1.1,Yellow-S,1017,1004,12.0,461.0,6.0,4500.0,0.10244444444444445,OVERSUPPLY,4039.0,0.0
414,1.1,Yellow-S,1017,1004,13.0,457.3333333333333,6.0,4500.0,0.10162962962962963,OVERSUPPLY,4042.6666666666665,0.0
414,1.1,Yellow-S,1017,1004,14.0,594.8333333333334,6.0,4500.0,0.13218518518518518,OVERSUPPLY,3905.1666666666665,0.0
414,1.1,Yellow-S,1017,1004,15.0,831.5,6.0,4500.0,0.1847777777777778,OVERSUPPLY,3668.5,0.0
414,1.1,Yellow-S,1017,1004,16.0,1305.6666666666667,6.0,4500.0,0.29014814814814816,BALANCED,3194.333333333333,0.0
414,1.1,Yellow-S,1017,1004,17.0,1971.0,6.0,4500.0,0.438,BALANCED,2529.0,0.0
414,1.1,Yellow-S,1017,1004,18.0,1334.3333333333333,6.0,4500.0,0.2965185185185185,BALANCED,3165.666666666667,0.0
414,1.1,Yellow-S,1017,1004,19.0,679.3333333333334,6.0,4500.0,0.15096296296296297,OVERSUPPLY,3820.6666666666665,0.0
414,1.1,Yellow-S,1017,1004,20.0,398.0,6.0,4500.0,0.08844444444444445,OVERSUPPLY,4102.0,0.0
414,1.1,Yellow-S,1017,1004,21.0,299.8333333333333,4.0,3000.0,0.09994444444444443,OVERSUPPLY,2700.1666666666665,0.0
414,1.1,Yellow-S,1017,1004,22.0,272.5,3.0,2250.0,0.12111111111111111,OVERSUPPLY,1977.5,0.0
414,1.1,Yellow-S,1017,1004,23.0,198.33333333333334,3.0,2250.0,0.08814814814814816,OVERSUPPLY,2051.6666666666665,0.0
416,1.1,Yellow-S,1018,1005,5.0,51.333333333333336,6.0,4500.0,0.011407407407407408,OVERSUPPLY,4448.666666666667,0.0
416,1.1,Yellow-S,1018,1005,6.0,262.6666666666667,6.0,4500.0,0.05837037037037038,OVERSUPPLY,4237.333333333333,0.0
416,1.1,Yellow-S,1018,1005,7.0,542.1666666666666,6.0,4500.0,0.12048148148148147,OVERSUPPLY,3957.8333333333335,0.0
416,1.1,Yellow-S,1018,1005,8.0,748.5,6.0,4500.0,0.16633333333333333,OVERSUPPLY,3751.5,0.0
416,1.1,Yellow-S,1018,1005,9.0,612.5,6.0,4500.0,0.1361111111111111,OVERSUPPLY,3887.5,0.0
416,1.1,Yellow-S,1018,1005,10.0,417.8333333333333,6.0,4500.0,0.09285185185185185,OVERSUPPLY,4082.1666666666665,0.0
416,1.1,Yellow-S,1018,1005,11.0,387.6666666666667,6.0,4500.0,0.08614814814814815,OVERSUPPLY,4112.333333333333,0.0
416,1.1,Yellow-S,1018,1005,12.0,391.0,6.0,4500.0,0.08688888888888889,OVERSUPPLY,4109.0,0.0
416,1.1,Yellow-S,1018,1005,13.0,403.1666666666667,6.0,4500.0,0.0895925925925926,OVERSUPPLY,4096.833333333333,0.0
416,1.1,Yellow-S,1018,1005,14.0,538.1666666666666,6.0,4500.0,0.11959259259259258,OVERSUPPLY,3961.8333333333335,0.0
416,1.1,Yellow-S,1018,1005,15.0,785.1666666666666,6.0,4500.0,0.17448148148148146,OVERSUPPLY,3714.8333333333335,0.0
416,1.1,Yellow-S,1018,1005,16.0,1257.1666666666667,6.0,4500.0,0.2793703703703704,BALANCED,3242.833333333333,0.0
416,1.1,Yellow-S,1018,1005,17.0,1901.1666666666667,6.0,4500.0,0.4224814814814815,BALANCED,2598.833333333333,0.0
416,1.1,Yellow-S,1018,1005,18.0,1268.0,6.0,4500.0,0.2817777777777778,BALANCED,3232.0,0.0
416,1.1,Yellow-S,1018,1005,19.0,630.1666666666666,6.0,4500.0,0.14003703703703702,OVERSUPPLY,3869.8333333333335,0.0
416,1.1,Yellow-S,1018,1005,20.0,359.6666666666667,6.0,4500.0,0.07992592592592593,OVERSUPPLY,4140.333333333333,0.0
416,1.1,Yellow-S,1018,1005,21.0,266.8333333333333,4.0,3000.0,0.08894444444444444,OVERSUPPLY,2733.1666666666665,0.0
416,1.1,Yellow-S,1018,1005,22.0,255.83333333333334,3.0,2250.0,0.11370370370370371,OVERSUPPLY,1994.1666666666667,0.0
416,1.1,Yellow-S,1018,1005,23.0,189.5,3.0,2250.0,0.08422222222222223,OVERSUPPLY,2060.5,0.0
418,1.1,Yellow-S,1019,1006,5.0,17.333333333333332,6.0,4500.0,0.0038518518518518515,OVERSUPPLY,4482.666666666667,0.0
418,1.1,Yellow-S,1019,1006,6.0,99.5,6.0,4500.0,0.022111111111111113,OVERSUPPLY,4400.5,0.0
418,1.1,Yellow-S,1019,1006,7.0,118.33333333333333,6.0,4500.0,0.026296296296296297,OVERSUPPLY,4381.666666666667,0.0
418,1.1,Yellow-S,1019,1006,8.0,123.83333333333333,6.0,4500.0,0.02751851851851852,OVERSUPPLY,4376.166666666667,0.0
418,1.1,Yellow-S,1019,1006,9.0,105.33333333333333,6.0,4500.0,0.023407407407407408,OVERSUPPLY,4394.666666666667,0.0
418,1.1,Yellow-S,1019,1006,10.0,64.5,6.0,4500.0,0.014333333333333333,OVERSUPPLY,4435.5,0.0
418,1.1,Yellow-S,1019,1006,11.0,58.166666666666664,6.0,4500.0,0.012925925925925926,OVERSUPPLY,4441.833333333333,0.0
418,1.1,Yellow-S,1019,1006,12.0,37.0,6.0,4500.0,0.008222222222222223,OVERSUPPLY,4463.0,0.0
418,1.1,Yellow-S,1019,1006,13.0,27.166666666666668,6.0,4500.0,0.006037037037037037,OVERSUPPLY,4472.833333333333,0.0
418,1.1,Yellow-S,1019,1006,14.0,31.833333333333332,6.0,4500.0,0.007074074074074074,OVERSUPPLY,4468.166666666667,0.0
418,1.1,Yellow-S,1019,1006,15.0,23.166666666666668,6.0,4500.0,0.005148148148148148,OVERSUPPLY,4476.833333333333,0.0
418,1.1,Yellow-S,1019,1006,16.0,26.833333333333332,6.0,4500.0,0.0059629629629629624,OVERSUPPLY,4473.166666666667,0.0
418,1.1,Yellow-S,1019,1006,17.0,31.666666666666664,6.0,4500.0,0.007037037037037036,OVERSUPPLY,4468.333333333333,0.0
418,1.1,Yellow-S,1019,1006,18.0,30.666666666666668,6.0,4500.0,0.006814814814814815,OVERSUPPLY,4469.333333333333,0.0
418,1.1,Yellow-S,1019,1006,19.0,19.833333333333332,6.0,4500.0,0.004407407407407407,OVERSUPPLY,4480.166666666667,0.0
418,1.1,Yellow-S,1019,1006,20.0,20.166666666666668,6.0,4500.0,0.004481481481481482,OVERSUPPLY,4479.833333333333,0.0
418,1.1,Yellow-S,1019,1006,21.0,13.5,4.0,3000.0,0.0045,OVERSUPPLY,2986.5,0.0
418,1.1,Yellow-S,1019,1006,22.0,7.833333333333333,3.0,2250.0,0.0034814814814814812,OVERSUPPLY,2242.1666666666665,0.0
418,1.1,Yellow-S,1019,1006,23.0,3.6666666666666665,3.0,2250.0,0.0016296296296296295,OVERSUPPLY,2246.3333333333335,0.0
420,1.1,Yellow-S,1020,1067,5.0,3.5,6.0,4500.0,0.0007777777777777777,OVERSUPPLY,4496.5,0.0
420,1.1,Yellow-S,1020,1067,6.0,219.33333333333334,6.0,4500.0,0.048740740740740744,OVERSUPPLY,4280.666666666667,0.0
420,1.1,Yellow-S,1020,1067,7.0,222.5,6.0,4500.0,0.049444444444444444,OVERSUPPLY,4277.5,0.0
420,1.1,Yellow-S,1020,1067,8.0,265.3333333333333,6.0,4500.0,0.05896296296296296,OVERSUPPLY,4234.666666666667,0.0
420,1.1,Yellow-S,1020,1067,9.0,258.0,6.0,4500.0,0.05733333333333333,OVERSUPPLY,4242.0,0.0
420,1.1,Yellow-S,1020,1067,10.0,207.0,6.0,4500.0,0.046,OVERSUPPLY,4293.0,0.0
420,1.1,Yellow-S,1020,1067,11.0,201.33333333333334,6.0,4500.0,0.04474074074074074,OVERSUPPLY,4298.666666666667,0.0
420,1.1,Yellow-S,1020,1067,12.0,177.33333333333334,6.0,4500.0,0.03940740740740741,OVERSUPPLY,4322.666666666667,0.0
420,1.1,Yellow-S,1020,1067,13.0,160.33333333333334,6.0,4500.0,0.03562962962962963,OVERSUPPLY,4339.666666666667,0.0
420,1.1,Yellow-S,1020,1067,14.0,191.5,6.0,4500.0,0.042555555555555555,OVERSUPPLY,4308.5,0.0
420,1.1,Yellow-S,1020,1067,15.0,202.5,6.0,4500.0,0.045,OVERSUPPLY,4297.5,0.0
420,1.1,Yellow-S,1020,1067,16.0,256.3333333333333,6.0,4500.0,0.05696296296296296,OVERSUPPLY,4243.666666666667,0.0
420,1.1,Yellow-S,1020,1067,17.0,379.6666666666667,6.0,4500.0,0.08437037037037037,OVERSUPPLY,4120.333333333333,0.0
420,1.1,Yellow-S,1020,1067,18.0,286.8333333333333,6.0,4500.0,0.06374074074074074,OVERSUPPLY,4213.166666666667,0.0
420,1.1,Yellow-S,1020,1067,19.0,169.33333333333334,6.0,4500.0,0.03762962962962963,OVERSUPPLY,4330.666666666667,0.0
420,1.1,Yellow-S,1020,1067,20.0,118.33333333333334,6.0,4500.0,0.026296296296296297,OVERSUPPLY,4381.666666666667,0.0
420,1.1,Yellow-S,1020,1067,21.0,90.5,4.0,3000.0,0.030166666666666668,OVERSUPPLY,2909.5,0.0
420,1.1,Yellow-S,1020,1067,22.0,41.333333333333336,3.0,2250.0,0.01837037037037037,OVERSUPPLY,2208.6666666666665,0.0
420,1.1,Yellow-S,1020,1067,23.0,24.666666666666668,3.0,2250.0,0.010962962962962964,OVERSUPPLY,2225.3333333333335,0.0
422,1.1,Yellow-S,1021,1068,5.0,2.833333333333333,6.0,4500.0,0.0006296296296296296,OVERSUPPLY,4497.166666666667,0.0
422,1.1,Yellow-S,1021,1068,6.0,138.66666666666666,6.0,4500.0,0.030814814814814812,OVERSUPPLY,4361.333333333333,0.0
422,1.1,Yellow-S,1021,1068,7.0,164.0,6.0,4500.0,0.036444444444444446,OVERSUPPLY,4336.0,0.0
422,1.1,Yellow-S,1021,1068,8.0,197.16666666666666,6.0,4500.0,0.04381481481481481,OVERSUPPLY,4302.833333333333,0.0
422,1.1,Yellow-S,1021,1068,9.0,203.0,6.0,4500.0,0.04511111111111111,OVERSUPPLY,4297.0,0.0
422,1.1,Yellow-S,1021,1068,10.0,159.5,6.0,4500.0,0.035444444444444445,OVERSUPPLY,4340.5,0.0
422,1.1,Yellow-S,1021,1068,11.0,158.5,6.0,4500.0,0.035222222222222224,OVERSUPPLY,4341.5,0.0
422,1.1,Yellow-S,1021,1068,12.0,142.5,6.0,4500.0,0.03166666666666667,OVERSUPPLY,4357.5,0.0
422,1.1,Yellow-S,1021,1068,13.0,138.0,6.0,4500.0,0.030666666666666665,OVERSUPPLY,4362.0,0.0
422,1.1,Yellow-S,1021,1068,14.0,165.66666666666666,6.0,4500.0,0.036814814814814814,OVERSUPPLY,4334.333333333333,0.0
422,1.1,Yellow-S,1021,1068,15.0,184.83333333333334,6.0,4500.0,0.041074074074074075,OVERSUPPLY,4315.166666666667,0.0
422,1.1,Yellow-S,1021,1068,16.0,236.16666666666666,6.0,4500.0,0.052481481481481476,OVERSUPPLY,4263.833333333333,0.0
422,1.1,Yellow-S,1021,1068,17.0,357.5,6.0,4500.0,0.07944444444444444,OVERSUPPLY,4142.5,0.0
422,1.1,Yellow-S,1021,1068,18.0,264.3333333333333,6.0,4500.0,0.05874074074074074,OVERSUPPLY,4235.666666666667,0.0
422,1.1,Yellow-S,1021,1068,19.0,153.16666666666666,6.0,4500.0,0.03403703703703703,OVERSUPPLY,4346.833333333333,0.0
422,1.1,Yellow-S,1021,1068,20.0,98.16666666666667,6.0,4500.0,0.021814814814814815,OVERSUPPLY,4401.833333333333,0.0
422,1.1,Yellow-S,1021,1068,21.0,69.16666666666667,4.0,3000.0,0.02305555555555556,OVERSUPPLY,2930.8333333333335,0.0
422,1.1,Yellow-S,1021,1068,22.0,32.5,3.0,2250.0,0.014444444444444444,OVERSUPPLY,2217.5,0.0
422,1.1,Yellow-S,1021,1068,23.0,22.333333333333332,3.0,2250.0,0.009925925925925925,OVERSUPPLY,2227.6666666666665,0.0
424,1.1,Yellow-S,1022,1069,5.0,0.6666666666666666,6.0,4500.0,0.00014814814814814815,OVERSUPPLY,4499.333333333333,0.0
424,1.1,Yellow-S,1022,1069,6.0,39.333333333333336,6.0,4500.0,0.008740740740740742,OVERSUPPLY,4460.666666666667,0.0
424,1.1,Yellow-S,1022,1069,7.0,31.166666666666668,6.0,4500.0,0.0069259259259259265,OVERSUPPLY,4468.833333333333,0.0
424,1.1,Yellow-S,1022,1069,8.0,36.5,6.0,4500.0,0.00811111111111111,OVERSUPPLY,4463.5,0.0
424,1.1,Yellow-S,1022,1069,9.0,35.833333333333336,6.0,4500.0,0.007962962962962963,OVERSUPPLY,4464.166666666667,0.0
424,1.1,Yellow-S,1022,1069,10.0,30.0,6.0,4500.0,0.006666666666666667,OVERSUPPLY,4470.0,0.0
424,1.1,Yellow-S,1022,1069,11.0,29.333333333333332,6.0,4500.0,0.006518518518518518,OVERSUPPLY,4470.666666666667,0.0
424,1.1,Yellow-S,1022,1069,12.0,20.666666666666664,6.0,4500.0,0.004592592592592592,OVERSUPPLY,4479.333333333333,0.0
424,1.1,Yellow-S,1022,1069,13.0,13.0,6.0,4500.0,0.0028888888888888888,OVERSUPPLY,4487.0,0.0
424,1.1,Yellow-S,1022,1069,14.0,17.5,6.0,4500.0,0.0038888888888888888,OVERSUPPLY,4482.5,0.0
424,1.1,Yellow-S,1022,1069,15.0,10.833333333333334,6.0,4500.0,0.0024074074074074076,OVERSUPPLY,4489.166666666667,0.0
424,1.1,Yellow-S,1022,1069,16.0,11.833333333333334,6.0,4500.0,0.0026296296296296298,OVERSUPPLY,4488.166666666667,0.0
424,1.1,Yellow-S,1022,1069,17.0,12.166666666666666,6.0,4500.0,0.0027037037037037034,OVERSUPPLY,4487.833333333333,0.0
424,1.1,Yellow-S,1022,1069,18.0,9.333333333333334,6.0,4500.0,0.002074074074074074,OVERSUPPLY,4490.666666666667,0.0
424,1.1,Yellow-S,1022,1069,19.0,6.833333333333333,6.0,4500.0,0.0015185185185185184,OVERSUPPLY,4493.166666666667,0.0
424,1.1,Yellow-S,1022,1069,20.0,12.5,6.0,4500.0,0.002777777777777778,OVERSUPPLY,4487.5,0.0
424,1.1,Yellow-S,1022,1069,21.0,9.0,4.0,3000.0,0.003,OVERSUPPLY,2991.0,0.0
424,1.1,Yellow-S,1022,1069,22.0,4.666666666666667,3.0,2250.0,0.002074074074074074,OVERSUPPLY,2245.3333333333335,0.0
424,1.1,Yellow-S,1022,1069,23.0,1.3333333333333333,3.0,2250.0,0.0005925925925925926,OVERSUPPLY,2248.6666666666665,0.0
426,1.1,Yellow-S,1023,1050,5.0,26.333333333333332,6.0,4500.0,0.005851851851851852,OVERSUPPLY,4473.666666666667,0.0
426,1.1,Yellow-S,1023,1050,6.0,291.6666666666667,6.0,4500.0,0.06481481481481483,OVERSUPPLY,4208.333333333333,0.0
426,1.1,Yellow-S,1023,1050,7.0,350.6666666666667,6.0,4500.0,0.07792592592592593,OVERSUPPLY,4149.333333333333,0.0
426,1.1,Yellow-S,1023,1050,8.0,347.0,6.0,4500.0,0.07711111111111112,OVERSUPPLY,4153.0,0.0
426,1.1,Yellow-S,1023,1050,9.0,204.83333333333334,6.0,4500.0,0.04551851851851852,OVERSUPPLY,4295.166666666667,0.0
426,1.1,Yellow-S,1023,1050,10.0,81.83333333333333,6.0,4500.0,0.018185185185185183,OVERSUPPLY,4418.166666666667,0.0
426,1.1,Yellow-S,1023,1050,11.0,78.0,6.0,4500.0,0.017333333333333333,OVERSUPPLY,4422.0,0.0
426,1.1,Yellow-S,1023,1050,12.0,50.33333333333333,6.0,4500.0,0.011185185185185183,OVERSUPPLY,4449.666666666667,0.0
426,1.1,Yellow-S,1023,1050,13.0,47.166666666666664,6.0,4500.0,0.01048148148148148,OVERSUPPLY,4452.833333333333,0.0
426,1.1,Yellow-S,1023,1050,14.0,49.333333333333336,6.0,4500.0,0.010962962962962964,OVERSUPPLY,4450.666666666667,0.0
426,1.1,Yellow-S,1023,1050,15.0,44.666666666666664,6.0,4500.0,0.009925925925925925,OVERSUPPLY,4455.333333333333,0.0
426,1.1,Yellow-S,1023,1050,16.0,29.833333333333332,6.0,4500.0,0.006629629629629629,OVERSUPPLY,4470.166666666667,0.0
426,1.1,Yellow-S,1023,1050,17.0,27.333333333333332,6.0,4500.0,0.006074074074074074,OVERSUPPLY,4472.666666666667,0.0
426,1.1,Yellow-S,1023,1050,18.0,22.5,6.0,4500.0,0.005,OVERSUPPLY,4477.5,0.0
426,1.1,Yellow-S,1023,1050,19.0,17.333333333333332,6.0,4500.0,0.0038518518518518515,OVERSUPPLY,4482.666666666667,0.0
426,1.1,Yellow-S,1023,1050,20.0,16.166666666666664,6.0,4500.0,0.003592592592592592,OVERSUPPLY,4483.833333333333,0.0
426,1.1,Yellow-S,1023,1050,21.0,16.666666666666668,4.0,3000.0,0.005555555555555556,OVERSUPPLY,2983.3333333333335,0.0
426,1.1,Yellow-S,1023,1050,22.0,11.5,3.0,2250.0,0.005111111111111111,OVERSUPPLY,2238.5,0.0
426,1.1,Yellow-S,1023,1050,23.0,8.0,3.0,2250.0,0.0035555555555555557,OVERSUPPLY,2242.0,0.0
428,1.1,Yellow-S,1024,1051,5.0,216.66666666666666,6.0,4500.0,0.04814814814814815,OVERSUPPLY,4283.333333333333,0.0
428,1.1,Yellow-S,1024,1051,6.0,775.0,6.0,4500.0,0.17222222222222222,OVERSUPPLY,3725.0,0.0
428,1.1,Yellow-S,1024,1051,7.0,1059.6666666666667,6.0,4500.0,0.23548148148148149,BALANCED,3440.333333333333,0.0
428,1.1,Yellow-S,1024,1051,8.0,1092.0,6.0,4500.0,0.24266666666666667,BALANCED,3408.0,0.0
428,1.1,Yellow-S,1024,1051,9.0,758.5,6.0,4500.0,0.16855555555555554,OVERSUPPLY,3741.5,0.0
428,1.1,Yellow-S,1024,1051,10.0,325.8333333333333,6.0,4500.0,0.0724074074074074,OVERSUPPLY,4174.166666666667,0.0
428,1.1,Yellow-S,1024,1051,11.0,249.66666666666666,6.0,4500.0,0.05548148148148148,OVERSUPPLY,4250.333333333333,0.0
428,1.1,Yellow-S,1024,1051,12.0,164.0,6.0,4500.0,0.036444444444444446,OVERSUPPLY,4336.0,0.0
428,1.1,Yellow-S,1024,1051,13.0,145.16666666666666,6.0,4500.0,0.03225925925925926,OVERSUPPLY,4354.833333333333,0.0
428,1.1,Yellow-S,1024,1051,14.0,156.66666666666666,6.0,4500.0,0.03481481481481481,OVERSUPPLY,4343.333333333333,0.0
428,1.1,Yellow-S,1024,1051,15.0,128.0,6.0,4500.0,0.028444444444444446,OVERSUPPLY,4372.0,0.0
428,1.1,Yellow-S,1024,1051,16.0,124.16666666666667,6.0,4500.0,0.027592592592592592,OVERSUPPLY,4375.833333333333,0.0
428,1.1,Yellow-S,1024,1051,17.0,130.33333333333334,6.0,4500.0,0.028962962962962965,OVERSUPPLY,4369.666666666667,0.0
428,1.1,Yellow-S,1024,1051,18.0,108.16666666666667,6.0,4500.0,0.024037037037037037,OVERSUPPLY,4391.833333333333,0.0
428,1.1,Yellow-S,1024,1051,19.0,71.0,6.0,4500.0,0.01577777777777778,OVERSUPPLY,4429.0,0.0
428,1.1,Yellow-S,1024,1051,20.0,50.83333333333333,6.0,4500.0,0.011296296296296296,OVERSUPPLY,4449.166666666667,0.0
428,1.1,Yellow-S,1024,1051,21.0,52.0,4.0,3000.0,0.017333333333333333,OVERSUPPLY,2948.0,0.0
428,1.1,Yellow-S,1024,1051,22.0,35.166666666666664,3.0,2250.0,0.01562962962962963,OVERSUPPLY,2214.8333333333335,0.0
428,1.1,Yellow-S,1024,1051,23.0,18.0,3.0,2250.0,0.008,OVERSUPPLY,2232.0,0.0
432,1.1,Yellow-S,1026,1020,5.0,6.0,6.0,4500.0,0.0013333333333333333,OVERSUPPLY,4494.0,0.0
432,1.1,Yellow-S,1026,1020,6.0,224.16666666666666,6.0,4500.0,0.04981481481481481,OVERSUPPLY,4275.833333333333,0.0
432,1.1,Yellow-S,1026,1020,7.0,242.83333333333334,6.0,4500.0,0.05396296296296296,OVERSUPPLY,4257.166666666667,0.0
432,1.1,Yellow-S,1026,1020,8.0,287.3333333333333,6.0,4500.0,0.06385185185185185,OVERSUPPLY,4212.666666666667,0.0
432,1.1,Yellow-S,1026,1020,9.0,273.6666666666667,6.0,4500.0,0.06081481481481482,OVERSUPPLY,4226.333333333333,0.0
432,1.1,Yellow-S,1026,1020,10.0,224.0,6.0,4500.0,0.049777777777777775,OVERSUPPLY,4276.0,0.0
432,1.1,Yellow-S,1026,1020,11.0,224.33333333333334,6.0,4500.0,0.049851851851851856,OVERSUPPLY,4275.666666666667,0.0
432,1.1,Yellow-S,1026,1020,12.0,201.0,6.0,4500.0,0.04466666666666667,OVERSUPPLY,4299.0,0.0
432,1.1,Yellow-S,1026,1020,13.0,187.66666666666666,6.0,4500.0,0.0417037037037037,OVERSUPPLY,4312.333333333333,0.0
432,1.1,Yellow-S,1026,1020,14.0,224.5,6.0,4500.0,0.04988888888888889,OVERSUPPLY,4275.5,0.0
432,1.1,Yellow-S,1026,1020,15.0,265.6666666666667,6.0,4500.0,0.05903703703703704,OVERSUPPLY,4234.333333333333,0.0
432,1.1,Yellow-S,1026,1020,16.0,372.3333333333333,6.0,4500.0,0.08274074074074074,OVERSUPPLY,4127.666666666667,0.0
432,1.1,Yellow-S,1026,1020,17.0,541.5,6.0,4500.0,0.12033333333333333,OVERSUPPLY,3958.5,0.0
432,1.1,Yellow-S,1026,1020,18.0,384.8333333333333,6.0,4500.0,0.08551851851851851,OVERSUPPLY,4115.166666666667,0.0
432,1.1,Yellow-S,1026,1020,19.0,214.33333333333334,6.0,4500.0,0.04762962962962963,OVERSUPPLY,4285.666666666667,0.0
432,1.1,Yellow-S,1026,1020,20.0,140.0,6.0,4500.0,0.03111111111111111,OVERSUPPLY,4360.0,0.0
432,1.1,Yellow-S,1026,1020,21.0,103.83333333333333,4.0,3000.0,0.034611111111111106,OVERSUPPLY,2896.1666666666665,0.0
432,1.1,Yellow-S,1026,1020,22.0,51.333333333333336,3.0,2250.0,0.022814814814814816,OVERSUPPLY,2198.6666666666665,0.0
432,1.1,Yellow-S,1026,1020,23.0,37.333333333333336,3.0,2250.0,0.016592592592592593,OVERSUPPLY,2212.6666666666665,0.0
434,1.1,Yellow-S,1027,1021,5.0,5.0,6.0,4500.0,0.0011111111111111111,OVERSUPPLY,4495.0,0.0
434,1.1,Yellow-S,1027,1021,6.0,137.0,6.0,4500.0,0.030444444444444444,OVERSUPPLY,4363.0,0.0
434,1.1,Yellow-S,1027,1021,7.0,172.83333333333334,6.0,4500.0,0.03840740740740741,OVERSUPPLY,4327.166666666667,0.0
434,1.1,Yellow-S,1027,1021,8.0,210.16666666666666,6.0,4500.0,0.0467037037037037,OVERSUPPLY,4289.833333333333,0.0
434,1.1,Yellow-S,1027,1021,9.0,214.0,6.0,4500.0,0.04755555555555555,OVERSUPPLY,4286.0,0.0
434,1.1,Yellow-S,1027,1021,10.0,171.5,6.0,4500.0,0.03811111111111111,OVERSUPPLY,4328.5,0.0
434,1.1,Yellow-S,1027,1021,11.0,174.5,6.0,4500.0,0.03877777777777778,OVERSUPPLY,4325.5,0.0
434,1.1,Yellow-S,1027,1021,12.0,159.33333333333334,6.0,4500.0,0.03540740740740741,OVERSUPPLY,4340.666666666667,0.0
434,1.1,Yellow-S,1027,1021,13.0,159.5,6.0,4500.0,0.035444444444444445,OVERSUPPLY,4340.5,0.0
434,1.1,Yellow-S,1027,1021,14.0,188.66666666666666,6.0,4500.0,0.04192592592592592,OVERSUPPLY,4311.333333333333,0.0
434,1.1,Yellow-S,1027,1021,15.0,237.5,6.0,4500.0,0.05277777777777778,OVERSUPPLY,4262.5,0.0
434,1.1,Yellow-S,1027,1021,16.0,342.0,6.0,4500.0,0.076,OVERSUPPLY,4158.0,0.0
434,1.1,Yellow-S,1027,1021,17.0,510.6666666666667,6.0,4500.0,0.11348148148148149,OVERSUPPLY,3989.3333333333335,0.0
434,1.1,Yellow-S,1027,1021,18.0,353.8333333333333,6.0,4500.0,0.07862962962962962,OVERSUPPLY,4146.166666666667,0.0
434,1.1,Yellow-S,1027,1021,19.0,193.5,6.0,4500.0,0.043,OVERSUPPLY,4306.5,0.0
434,1.1,Yellow-S,1027,1021,20.0,118.16666666666667,6.0,4500.0,0.02625925925925926,OVERSUPPLY,4381.833333333333,0.0
434,1.1,Yellow-S,1027,1021,21.0,82.66666666666667,4.0,3000.0,0.02755555555555556,OVERSUPPLY,2917.3333333333335,0.0
434,1.1,Yellow-S,1027,1021,22.0,41.666666666666664,3.0,2250.0,0.018518518518518517,OVERSUPPLY,2208.3333333333335,0.0
434,1.1,Yellow-S,1027,1021,23.0,33.833333333333336,3.0,2250.0,0.015037037037037038,OVERSUPPLY,2216.1666666666665,0.0
436,1.1,Yellow-S,1028,1022,5.0,0.9999999999999999,6.0,4500.0,0.0002222222222222222,OVERSUPPLY,4499.0,0.0
436,1.1,Yellow-S,1028,1022,6.0,40.0,6.0,4500.0,0.008888888888888889,OVERSUPPLY,4460.0,0.0
436,1.1,Yellow-S,1028,1022,7.0,35.833333333333336,6.0,4500.0,0.007962962962962963,OVERSUPPLY,4464.166666666667,0.0
436,1.1,Yellow-S,1028,1022,8.0,37.833333333333336,6.0,4500.0,0.008407407407407409,OVERSUPPLY,4462.166666666667,0.0
436,1.1,Yellow-S,1028,1022,9.0,36.833333333333336,6.0,4500.0,0.008185185185185186,OVERSUPPLY,4463.166666666667,0.0
436,1.1,Yellow-S,1028,1022,10.0,31.5,6.0,4500.0,0.007,OVERSUPPLY,4468.5,0.0
436,1.1,Yellow-S,1028,1022,11.0,30.0,6.0,4500.0,0.006666666666666667,OVERSUPPLY,4470.0,0.0
436,1.1,Yellow-S,1028,1022,12.0,21.333333333333332,6.0,4500.0,0.004740740740740741,OVERSUPPLY,4478.666666666667,0.0
436,1.1,Yellow-S,1028,1022,13.0,13.0,6.0,4500.0,0.0028888888888888888,OVERSUPPLY,4487.0,0.0
436,1.1,Yellow-S,1028,1022,14.0,18.166666666666668,6.0,4500.0,0.004037037037037037,OVERSUPPLY,4481.833333333333,0.0
436,1.1,Yellow-S,1028,1022,15.0,11.166666666666668,6.0,4500.0,0.0024814814814814816,OVERSUPPLY,4488.833333333333,0.0
436,1.1,Yellow-S,1028,1022,16.0,13.0,6.0,4500.0,0.0028888888888888888,OVERSUPPLY,4487.0,0.0
436,1.1,Yellow-S,1028,1022,17.0,13.666666666666666,6.0,4500.0,0.003037037037037037,OVERSUPPLY,4486.333333333333,0.0
436,1.1,Yellow-S,1028,1022,18.0,11.5,6.0,4500.0,0.0025555555555555557,OVERSUPPLY,4488.5,0.0
436,1.1,Yellow-S,1028,1022,19.0,7.333333333333333,6.0,4500.0,0.0016296296296296295,OVERSUPPLY,4492.666666666667,0.0
436,1.1,Yellow-S,1028,1022,20.0,12.666666666666666,6.0,4500.0,0.0028148148148148147,OVERSUPPLY,4487.333333333333,0.0
436,1.1,Yellow-S,1028,1022,21.0,9.0,4.0,3000.0,0.003,OVERSUPPLY,2991.0,0.0
436,1.1,Yellow-S,1028,1022,22.0,4.833333333333333,3.0,2250.0,0.002148148148148148,OVERSUPPLY,2245.1666666666665,0.0
436,1.1,Yellow-S,1028,1022,23.0,1.6666666666666665,3.0,2250.0,0.0007407407407407407,OVERSUPPLY,2248.3333333333335,0.0
438,1.1,Yellow-S,1029,1041,5.0,363.5,6.0,4500.0,0.08077777777777778,OVERSUPPLY,4136.5,0.0
438,1.1,Yellow-S,1029,1041,6.0,1280.0,6.0,4500.0,0.28444444444444444,BALANCED,3220.0,0.0
438,1.1,Yellow-S,1029,1041,7.0,2413.6666666666665,6.0,4500.0,0.5363703703703704,BALANCED,2086.3333333333335,0.0
438,1.1,Yellow-S,1029,1041,8.0,3269.6666666666665,6.0,4500.0,0.7265925925925926,BALANCED,1230.3333333333335,0.0
438,1.1,Yellow-S,1029,1041,9.0,2360.8333333333335,6.0,4500.0,0.5246296296296297,BALANCED,2139.1666666666665,0.0
438,1.1,Yellow-S,1029,1041,10.0,1188.0,6.0,4500.0,0.264,BALANCED,3312.0,0.0
438,1.1,Yellow-S,1029,1041,11.0,821.5,6.0,4500.0,0.18255555555555555,OVERSUPPLY,3678.5,0.0
438,1.1,Yellow-S,1029,1041,12.0,668.0,6.0,4500.0,0.14844444444444443,OVERSUPPLY,3832.0,0.0
438,1.1,Yellow-S,1029,1041,13.0,601.6666666666666,6.0,4500.0,0.13370370370370369,OVERSUPPLY,3898.3333333333335,0.0
438,1.1,Yellow-S,1029,1041,14.0,634.3333333333334,6.0,4500.0,0.14096296296296298,OVERSUPPLY,3865.6666666666665,0.0
438,1.1,Yellow-S,1029,1041,15.0,683.5,6.0,4500.0,0.15188888888888888,OVERSUPPLY,3816.5,0.0
438,1.1,Yellow-S,1029,1041,16.0,934.8333333333334,6.0,4500.0,0.20774074074074075,BALANCED,3565.1666666666665,0.0
438,1.1,Yellow-S,1029,1041,17.0,1281.1666666666667,6.0,4500.0,0.28470370370370374,BALANCED,3218.833333333333,0.0
438,1.1,Yellow-S,1029,1041,18.0,1008.1666666666666,6.0,4500.0,0.22403703703703703,BALANCED,3491.8333333333335,0.0
438,1.1,Yellow-S,1029,1041,19.0,565.5,6.0,4500.0,0.12566666666666668,OVERSUPPLY,3934.5,0.0
438,1.1,Yellow-S,1029,1041,20.0,303.8333333333333,6.0,4500.0,0.06751851851851852,OVERSUPPLY,4196.166666666667,0.0
438,1.1,Yellow-S,1029,1041,21.0,244.16666666666666,4.0,3000.0,0.08138888888888889,OVERSUPPLY,2755.8333333333335,0.0
438,1.1,Yellow-S,1029,1041,22.0,271.3333333333333,3.0,2250.0,0.12059259259259258,OVERSUPPLY,1978.6666666666667,0.0
438,1.1,Yellow-S,1029,1041,23.0,167.83333333333334,3.0,2250.0,0.0745925925925926,OVERSUPPLY,2082.1666666666665,0.0
440,1.1,Yellow-S,1030,1042,5.0,219.33333333333334,6.0,4500.0,0.048740740740740744,OVERSUPPLY,4280.666666666667,0.0
440,1.1,Yellow-S,1030,1042,6.0,588.1666666666666,6.0,4500.0,0.13070370370370368,OVERSUPPLY,3911.8333333333335,0.0
440,1.1,Yellow-S,1030,1042,7.0,1420.5,6.0,4500.0,0.31566666666666665,BALANCED,3079.5,0.0
440,1.1,Yellow-S,1030,1042,8.0,2065.3333333333335,6.0,4500.0,0.458962962962963,BALANCED,2434.6666666666665,0.0
440,1.1,Yellow-S,1030,1042,9.0,1480.5,6.0,4500.0,0.329,BALANCED,3019.5,0.0
440,1.1,Yellow-S,1030,1042,10.0,791.6666666666666,6.0,4500.0,0.17592592592592593,OVERSUPPLY,3708.3333333333335,0.0
440,1.1,Yellow-S,1030,1042,11.0,543.8333333333334,6.0,4500.0,0.12085185185185186,OVERSUPPLY,3956.1666666666665,0.0
440,1.1,Yellow-S,1030,1042,12.0,485.8333333333333,6.0,4500.0,0.10796296296296296,OVERSUPPLY,4014.1666666666665,0.0
440,1.1,Yellow-S,1030,1042,13.0,451.3333333333333,6.0,4500.0,0.10029629629629629,OVERSUPPLY,4048.6666666666665,0.0
440,1.1,Yellow-S,1030,1042,14.0,488.5,6.0,4500.0,0.10855555555555556,OVERSUPPLY,4011.5,0.0
440,1.1,Yellow-S,1030,1042,15.0,565.6666666666666,6.0,4500.0,0.1257037037037037,OVERSUPPLY,3934.3333333333335,0.0
440,1.1,Yellow-S,1030,1042,16.0,801.5,6.0,4500.0,0.1781111111111111,OVERSUPPLY,3698.5,0.0
440,1.1,Yellow-S,1030,1042,17.0,1107.6666666666667,6.0,4500.0,0.24614814814814817,BALANCED,3392.333333333333,0.0
440,1.1,Yellow-S,1030,1042,18.0,838.5,6.0,4500.0,0.18633333333333332,OVERSUPPLY,3661.5,0.0
440,1.1,Yellow-S,1030,1042,19.0,460.8333333333333,6.0,4500.0,0.1024074074074074,OVERSUPPLY,4039.1666666666665,0.0
440,1.1,Yellow-S,1030,1042,20.0,233.83333333333334,6.0,4500.0,0.05196296296296297,OVERSUPPLY,4266.166666666667,0.0
440,1.1,Yellow-S,1030,1042,21.0,185.0,4.0,3000.0,0.06166666666666667,OVERSUPPLY,2815.0,0.0
440,1.1,Yellow-S,1030,1042,22.0,235.5,3.0,2250.0,0.10466666666666667,OVERSUPPLY,2014.5,0.0
440,1.1,Yellow-S,1030,1042,23.0,146.83333333333334,3.0,2250.0,0.06525925925925927,OVERSUPPLY,2103.1666666666665,0.0
442,1.1,Yellow-S,1031,1043,5.0,112.66666666666667,6.0,4500.0,0.025037037037037038,OVERSUPPLY,4387.333333333333,0.0
442,1.1,Yellow-S,1031,1043,6.0,312.6666666666667,6.0,4500.0,0.06948148148148149,OVERSUPPLY,4187.333333333333,0.0
442,1.1,Yellow-S,1031,1043,7.0,509.6666666666667,6.0,4500.0,0.11325925925925927,OVERSUPPLY,3990.3333333333335,0.0
442,1.1,Yellow-S,1031,1043,8.0,619.1666666666666,6.0,4500.0,0.13759259259259257,OVERSUPPLY,3880.8333333333335,0.0
442,1.1,Yellow-S,1031,1043,9.0,497.6666666666667,6.0,4500.0,0.1105925925925926,OVERSUPPLY,4002.3333333333335,0.0
442,1.1,Yellow-S,1031,1043,10.0,213.16666666666666,6.0,4500.0,0.04737037037037037,OVERSUPPLY,4286.833333333333,0.0
442,1.1,Yellow-S,1031,1043,11.0,137.5,6.0,4500.0,0.030555555555555555,OVERSUPPLY,4362.5,0.0
442,1.1,Yellow-S,1031,1043,12.0,89.5,6.0,4500.0,0.01988888888888889,OVERSUPPLY,4410.5,0.0
442,1.1,Yellow-S,1031,1043,13.0,70.5,6.0,4500.0,0.015666666666666666,OVERSUPPLY,4429.5,0.0
442,1.1,Yellow-S,1031,1043,14.0,74.33333333333333,6.0,4500.0,0.01651851851851852,OVERSUPPLY,4425.666666666667,0.0
442,1.1,Yellow-S,1031,1043,15.0,54.5,6.0,4500.0,0.01211111111111111,OVERSUPPLY,4445.5,0.0
442,1.1,Yellow-S,1031,1043,16.0,56.833333333333336,6.0,4500.0,0.01262962962962963,OVERSUPPLY,4443.166666666667,0.0
442,1.1,Yellow-S,1031,1043,17.0,71.5,6.0,4500.0,0.01588888888888889,OVERSUPPLY,4428.5,0.0
442,1.1,Yellow-S,1031,1043,18.0,74.83333333333333,6.0,4500.0,0.01662962962962963,OVERSUPPLY,4425.166666666667,0.0
442,1.1,Yellow-S,1031,1043,19.0,40.333333333333336,6.0,4500.0,0.008962962962962964,OVERSUPPLY,4459.666666666667,0.0
442,1.1,Yellow-S,1031,1043,20.0,32.333333333333336,6.0,4500.0,0.007185185185185186,OVERSUPPLY,4467.666666666667,0.0
442,1.1,Yellow-S,1031,1043,21.0,24.0,4.0,3000.0,0.008,OVERSUPPLY,2976.0,0.0
442,1.1,Yellow-S,1031,1043,22.0,17.5,3.0,2250.0,0.0077777777777777776,OVERSUPPLY,2232.5,0.0
442,1.1,Yellow-S,1031,1043,23.0,9.166666666666666,3.0,2250.0,0.004074074074074074,OVERSUPPLY,2240.8333333333335,0.0
444,1.1,Yellow-S,1032,1014,5.0,19.333333333333332,6.0,4500.0,0.004296296296296296,OVERSUPPLY,4480.666666666667,0.0
444,1.1,Yellow-S,1032,1014,6.0,283.3333333333333,6.0,4500.0,0.06296296296296296,OVERSUPPLY,4216.666666666667,0.0
444,1.1,Yellow-S,1032,1014,7.0,404.0,6.0,4500.0,0.08977777777777778,OVERSUPPLY,4096.0,0.0
444,1.1,Yellow-S,1032,1014,8.0,610.3333333333334,6.0,4500.0,0.13562962962962963,OVERSUPPLY,3889.6666666666665,0.0
444,1.1,Yellow-S,1032,1014,9.0,511.3333333333333,6.0,4500.0,0.11362962962962962,OVERSUPPLY,3988.6666666666665,0.0
444,1.1,Yellow-S,1032,1014,10.0,388.6666666666667,6.0,4500.0,0.08637037037037038,OVERSUPPLY,4111.333333333333,0.0
444,1.1,Yellow-S,1032,1014,11.0,351.8333333333333,6.0,4500.0,0.07818518518518518,OVERSUPPLY,4148.166666666667,0.0
444,1.1,Yellow-S,1032,1014,12.0,322.1666666666667,6.0,4500.0,0.0715925925925926,OVERSUPPLY,4177.833333333333,0.0
444,1.1,Yellow-S,1032,1014,13.0,300.1666666666667,6.0,4500.0,0.06670370370370371,OVERSUPPLY,4199.833333333333,0.0
444,1.1,Yellow-S,1032,1014,14.0,377.8333333333333,6.0,4500.0,0.08396296296296296,OVERSUPPLY,4122.166666666667,0.0
444,1.1,Yellow-S,1032,1014,15.0,530.5,6.0,4500.0,0.11788888888888889,OVERSUPPLY,3969.5,0.0
444,1.1,Yellow-S,1032,1014,16.0,841.0,6.0,4500.0,0.18688888888888888,OVERSUPPLY,3659.0,0.0
444,1.1,Yellow-S,1032,1014,17.0,1272.8333333333333,6.0,4500.0,0.28285185185185185,BALANCED,3227.166666666667,0.0
444,1.1,Yellow-S,1032,1014,18.0,809.0,6.0,4500.0,0.1797777777777778,OVERSUPPLY,3691.0,0.0
444,1.1,Yellow-S,1032,1014,19.0,403.3333333333333,6.0,4500.0,0.08962962962962963,OVERSUPPLY,4096.666666666667,0.0
444,1.1,Yellow-S,1032,1014,20.0,250.0,6.0,4500.0,0.05555555555555555,OVERSUPPLY,4250.0,0.0
444,1.1,Yellow-S,1032,1014,21.0,200.83333333333334,4.0,3000.0,0.06694444444444445,OVERSUPPLY,2799.1666666666665,0.0
444,1.1,Yellow-S,1032,1014,22.0,146.33333333333334,3.0,2250.0,0.06503703703703705,OVERSUPPLY,2103.6666666666665,0.0
444,1.1,Yellow-S,1032,1014,23.0,110.33333333333333,3.0,2250.0,0.04903703703703703,OVERSUPPLY,2139.6666666666665,0.0
446,1.1,Yellow-S,1033,1015,5.0,15.166666666666666,6.0,4500.0,0.0033703703703703704,OVERSUPPLY,4484.833333333333,0.0
446,1.1,Yellow-S,1033,1015,6.0,165.16666666666666,6.0,4500.0,0.036703703703703704,OVERSUPPLY,4334.833333333333,0.0
446,1.1,Yellow-S,1033,1015,7.0,296.6666666666667,6.0,4500.0,0.06592592592592593,OVERSUPPLY,4203.333333333333,0.0
446,1.1,Yellow-S,1033,1015,8.0,471.3333333333333,6.0,4500.0,0.10474074074074073,OVERSUPPLY,4028.6666666666665,0.0
446,1.1,Yellow-S,1033,1015,9.0,396.5,6.0,4500.0,0.08811111111111111,OVERSUPPLY,4103.5,0.0
446,1.1,Yellow-S,1033,1015,10.0,296.5,6.0,4500.0,0.06588888888888889,OVERSUPPLY,4203.5,0.0
446,1.1,Yellow-S,1033,1015,11.0,271.8333333333333,6.0,4500.0,0.0604074074074074,OVERSUPPLY,4228.166666666667,0.0
446,1.1,Yellow-S,1033,1015,12.0,266.1666666666667,6.0,4500.0,0.05914814814814815,OVERSUPPLY,4233.833333333333,0.0
446,1.1,Yellow-S,1033,1015,13.0,261.6666666666667,6.0,4500.0,0.05814814814814815,OVERSUPPLY,4238.333333333333,0.0
446,1.1,Yellow-S,1033,1015,14.0,338.5,6.0,4500.0,0.07522222222222222,OVERSUPPLY,4161.5,0.0
446,1.1,Yellow-S,1033,1015,15.0,499.16666666666663,6.0,4500.0,0.11092592592592591,OVERSUPPLY,4000.8333333333335,0.0
446,1.1,Yellow-S,1033,1015,16.0,814.5,6.0,4500.0,0.181,OVERSUPPLY,3685.5,0.0
446,1.1,Yellow-S,1033,1015,17.0,1235.8333333333333,6.0,4500.0,0.2746296296296296,BALANCED,3264.166666666667,0.0
446,1.1,Yellow-S,1033,1015,18.0,773.0,6.0,4500.0,0.17177777777777778,OVERSUPPLY,3727.0,0.0
446,1.1,Yellow-S,1033,1015,19.0,376.5,6.0,4500.0,0.08366666666666667,OVERSUPPLY,4123.5,0.0
446,1.1,Yellow-S,1033,1015,20.0,224.83333333333334,6.0,4500.0,0.049962962962962966,OVERSUPPLY,4275.166666666667,0.0
446,1.1,Yellow-S,1033,1015,21.0,175.16666666666666,4.0,3000.0,0.058388888888888886,OVERSUPPLY,2824.8333333333335,0.0
446,1.1,Yellow-S,1033,1015,22.0,136.33333333333334,3.0,2250.0,0.060592592592592594,OVERSUPPLY,2113.6666666666665,0.0
446,1.1,Yellow-S,1033,1015,23.0,106.5,3.0,2250.0,0.04733333333333333,OVERSUPPLY,2143.5,0.0
448,1.1,Yellow-S,1034,1016,5.0,4.166666666666666,6.0,4500.0,0.0009259259259259257,OVERSUPPLY,4495.833333333333,0.0
448,1.1,Yellow-S,1034,1016,6.0,52.33333333333333,6.0,4500.0,0.011629629629629629,OVERSUPPLY,4447.666666666667,0.0
448,1.1,Yellow-S,1034,1016,7.0,51.5,6.0,4500.0,0.011444444444444445,OVERSUPPLY,4448.5,0.0
448,1.1,Yellow-S,1034,1016,8.0,67.83333333333333,6.0,4500.0,0.015074074074074073,OVERSUPPLY,4432.166666666667,0.0
448,1.1,Yellow-S,1034,1016,9.0,63.333333333333336,6.0,4500.0,0.014074074074074074,OVERSUPPLY,4436.666666666667,0.0
448,1.1,Yellow-S,1034,1016,10.0,50.333333333333336,6.0,4500.0,0.011185185185185185,OVERSUPPLY,4449.666666666667,0.0
448,1.1,Yellow-S,1034,1016,11.0,47.666666666666664,6.0,4500.0,0.010592592592592593,OVERSUPPLY,4452.333333333333,0.0
448,1.1,Yellow-S,1034,1016,12.0,30.833333333333332,6.0,4500.0,0.006851851851851851,OVERSUPPLY,4469.166666666667,0.0
448,1.1,Yellow-S,1034,1016,13.0,19.0,6.0,4500.0,0.004222222222222222,OVERSUPPLY,4481.0,0.0
448,1.1,Yellow-S,1034,1016,14.0,24.0,6.0,4500.0,0.005333333333333333,OVERSUPPLY,4476.0,0.0
448,1.1,Yellow-S,1034,1016,15.0,17.166666666666668,6.0,4500.0,0.003814814814814815,OVERSUPPLY,4482.833333333333,0.0
448,1.1,Yellow-S,1034,1016,16.0,16.833333333333332,6.0,4500.0,0.0037407407407407407,OVERSUPPLY,4483.166666666667,0.0
448,1.1,Yellow-S,1034,1016,17.0,19.166666666666668,6.0,4500.0,0.0042592592592592595,OVERSUPPLY,4480.833333333333,0.0
448,1.1,Yellow-S,1034,1016,18.0,17.166666666666668,6.0,4500.0,0.003814814814814815,OVERSUPPLY,4482.833333333333,0.0
448,1.1,Yellow-S,1034,1016,19.0,12.666666666666666,6.0,4500.0,0.0028148148148148147,OVERSUPPLY,4487.333333333333,0.0
448,1.1,Yellow-S,1034,1016,20.0,15.666666666666666,6.0,4500.0,0.0034814814814814812,OVERSUPPLY,4484.333333333333,0.0
448,1.1,Yellow-S,1034,1016,21.0,10.0,4.0,3000.0,0.0033333333333333335,OVERSUPPLY,2990.0,0.0
448,1.1,Yellow-S,1034,1016,22.0,5.333333333333333,3.0,2250.0,0.0023703703703703703,OVERSUPPLY,2244.6666666666665,0.0
448,1.1,Yellow-S,1034,1016,23.0,2.333333333333333,3.0,2250.0,0.0010370370370370368,OVERSUPPLY,2247.6666666666665,0.0
450,1.1,Yellow-S,1035,1046,5.0,15.166666666666666,6.0,4500.0,0.0033703703703703704,OVERSUPPLY,4484.833333333333,0.0
450,1.1,Yellow-S,1035,1046,6.0,266.1666666666667,6.0,4500.0,0.05914814814814815,OVERSUPPLY,4233.833333333333,0.0
450,1.1,Yellow-S,1035,1046,7.0,288.0,6.0,4500.0,0.064,OVERSUPPLY,4212.0,0.0
450,1.1,Yellow-S,1035,1046,8.0,275.3333333333333,6.0,4500.0,0.06118518518518518,OVERSUPPLY,4224.666666666667,0.0
450,1.1,Yellow-S,1035,1046,9.0,174.66666666666666,6.0,4500.0,0.038814814814814816,OVERSUPPLY,4325.333333333333,0.0
450,1.1,Yellow-S,1035,1046,10.0,60.0,6.0,4500.0,0.013333333333333334,OVERSUPPLY,4440.0,0.0
450,1.1,Yellow-S,1035,1046,11.0,59.833333333333336,6.0,4500.0,0.013296296296296297,OVERSUPPLY,4440.166666666667,0.0
450,1.1,Yellow-S,1035,1046,12.0,37.833333333333336,6.0,4500.0,0.008407407407407409,OVERSUPPLY,4462.166666666667,0.0
450,1.1,Yellow-S,1035,1046,13.0,29.5,6.0,4500.0,0.006555555555555556,OVERSUPPLY,4470.5,0.0
450,1.1,Yellow-S,1035,1046,14.0,30.166666666666664,6.0,4500.0,0.006703703703703703,OVERSUPPLY,4469.833333333333,0.0
450,1.1,Yellow-S,1035,1046,15.0,22.0,6.0,4500.0,0.004888888888888889,OVERSUPPLY,4478.0,0.0
450,1.1,Yellow-S,1035,1046,16.0,16.5,6.0,4500.0,0.0036666666666666666,OVERSUPPLY,4483.5,0.0
450,1.1,Yellow-S,1035,1046,17.0,14.0,6.0,4500.0,0.003111111111111111,OVERSUPPLY,4486.0,0.0
450,1.1,Yellow-S,1035,1046,18.0,14.666666666666666,6.0,4500.0,0.003259259259259259,OVERSUPPLY,4485.333333333333,0.0
450,1.1,Yellow-S,1035,1046,19.0,13.333333333333332,6.0,4500.0,0.002962962962962963,OVERSUPPLY,4486.666666666667,0.0
450,1.1,Yellow-S,1035,1046,20.0,13.333333333333332,6.0,4500.0,0.002962962962962963,OVERSUPPLY,4486.666666666667,0.0
450,1.1,Yellow-S,1035,1046,21.0,12.166666666666666,4.0,3000.0,0.004055555555555555,OVERSUPPLY,2987.8333333333335,0.0
450,1.1,Yellow-S,1035,1046,22.0,10.0,3.0,2250.0,0.0044444444444444444,OVERSUPPLY,2240.0,0.0
450,1.1,Yellow-S,1035,1046,23.0,6.833333333333333,3.0,2250.0,0.003037037037037037,OVERSUPPLY,2243.1666666666665,0.0
452,1.1,Yellow-S,1036,1047,5.0,383.1666666666667,6.0,4500.0,0.08514814814814815,OVERSUPPLY,4116.833333333333,0.0
452,1.1,Yellow-S,1036,1047,6.0,1238.8333333333333,6.0,4500.0,0.27529629629629626,BALANCED,3261.166666666667,0.0
452,1.1,Yellow-S,1036,1047,7.0,2071.6666666666665,6.0,4500.0,0.4603703703703703,BALANCED,2428.3333333333335,0.0
452,1.1,Yellow-S,1036,1047,8.0,2526.0,6.0,4500.0,0.5613333333333334,BALANCED,1974.0,0.0
452,1.1,Yellow-S,1036,1047,9.0,1743.0,6.0,4500.0,0.3873333333333333,BALANCED,2757.0,0.0
452,1.1,Yellow-S,1036,1047,10.0,761.3333333333334,6.0,4500.0,0.1691851851851852,OVERSUPPLY,3738.6666666666665,0.0
452,1.1,Yellow-S,1036,1047,11.0,531.5,6.0,4500.0,0.11811111111111111,OVERSUPPLY,3968.5,0.0
452,1.1,Yellow-S,1036,1047,12.0,318.1666666666667,6.0,4500.0,0.07070370370370371,OVERSUPPLY,4181.833333333333,0.0
452,1.1,Yellow-S,1036,1047,13.0,259.8333333333333,6.0,4500.0,0.05774074074074074,OVERSUPPLY,4240.166666666667,0.0
452,1.1,Yellow-S,1036,1047,14.0,289.5,6.0,4500.0,0.06433333333333334,OVERSUPPLY,4210.5,0.0
452,1.1,Yellow-S,1036,1047,15.0,226.66666666666666,6.0,4500.0,0.05037037037037037,OVERSUPPLY,4273.333333333333,0.0
452,1.1,Yellow-S,1036,1047,16.0,301.1666666666667,6.0,4500.0,0.06692592592592593,OVERSUPPLY,4198.833333333333,0.0
452,1.1,Yellow-S,1036,1047,17.0,381.6666666666667,6.0,4500.0,0.08481481481481482,OVERSUPPLY,4118.333333333333,0.0
452,1.1,Yellow-S,1036,1047,18.0,333.3333333333333,6.0,4500.0,0.07407407407407407,OVERSUPPLY,4166.666666666667,0.0
452,1.1,Yellow-S,1036,1047,19.0,184.66666666666666,6.0,4500.0,0.04103703703703703,OVERSUPPLY,4315.333333333333,0.0
452,1.1,Yellow-S,1036,1047,20.0,119.66666666666666,6.0,4500.0,0.02659259259259259,OVERSUPPLY,4380.333333333333,0.0
452,1.1,Yellow-S,1036,1047,21.0,99.5,4.0,3000.0,0.033166666666666664,OVERSUPPLY,2900.5,0.0
452,1.1,Yellow-S,1036,1047,22.0,63.0,3.0,2250.0,0.028,OVERSUPPLY,2187.0,0.0
452,1.1,Yellow-S,1036,1047,23.0,40.5,3.0,2250.0,0.018,OVERSUPPLY,2209.5,0.0
456,1.1,Yellow-S,1038,1007,5.0,208.66666666666666,6.0,4500.0,0.04637037037037037,OVERSUPPLY,4291.333333333333,0.0
456,1.1,Yellow-S,1038,1007,6.0,950.5,6.0,4500.0,0.21122222222222223,BALANCED,3549.5,0.0
456,1.1,Yellow-S,1038,1007,7.0,1421.6666666666667,6.0,4500.0,0.31592592592592594,BALANCED,3078.333333333333,0.0
456,1.1,Yellow-S,1038,1007,8.0,1822.1666666666667,6.0,4500.0,0.40492592592592597,BALANCED,2677.833333333333,0.0
456,1.1,Yellow-S,1038,1007,9.0,1242.1666666666667,6.0,4500.0,0.2760370370370371,BALANCED,3257.833333333333,0.0
456,1.1,Yellow-S,1038,1007,10.0,535.6666666666666,6.0,4500.0,0.11903703703703702,OVERSUPPLY,3964.3333333333335,0.0
456,1.1,Yellow-S,1038,1007,11.0,388.6666666666667,6.0,4500.0,0.08637037037037038,OVERSUPPLY,4111.333333333333,0.0
456,1.1,Yellow-S,1038,1007,12.0,229.16666666666666,6.0,4500.0,0.05092592592592592,OVERSUPPLY,4270.833333333333,0.0
456,1.1,Yellow-S,1038,1007,13.0,178.16666666666666,6.0,4500.0,0.03959259259259259,OVERSUPPLY,4321.833333333333,0.0
456,1.1,Yellow-S,1038,1007,14.0,190.0,6.0,4500.0,0.042222222222222223,OVERSUPPLY,4310.0,0.0
456,1.1,Yellow-S,1038,1007,15.0,149.5,6.0,4500.0,0.03322222222222222,OVERSUPPLY,4350.5,0.0
456,1.1,Yellow-S,1038,1007,16.0,171.33333333333334,6.0,4500.0,0.03807407407407408,OVERSUPPLY,4328.666666666667,0.0
456,1.1,Yellow-S,1038,1007,17.0,207.33333333333334,6.0,4500.0,0.04607407407407407,OVERSUPPLY,4292.666666666667,0.0
456,1.1,Yellow-S,1038,1007,18.0,196.33333333333334,6.0,4500.0,0.04362962962962963,OVERSUPPLY,4303.666666666667,0.0
456,1.1,Yellow-S,1038,1007,19.0,118.5,6.0,4500.0,0.026333333333333334,OVERSUPPLY,4381.5,0.0
456,1.1,Yellow-S,1038,1007,20.0,80.66666666666667,6.0,4500.0,0.01792592592592593,OVERSUPPLY,4419.333333333333,0.0
456,1.1,Yellow-S,1038,1007,21.0,70.33333333333333,4.0,3000.0,0.02344444444444444,OVERSUPPLY,2929.6666666666665,0.0
456,1.1,Yellow-S,1038,1007,22.0,49.0,3.0,2250.0,0.021777777777777778,OVERSUPPLY,2201.0,0.0
456,1.1,Yellow-S,1038,1007,23.0,33.0,3.0,2250.0,0.014666666666666666,OVERSUPPLY,2217.0,0.0
458,1.1,Yellow-S,1039,1008,5.0,11.0,6.0,4500.0,0.0024444444444444444,OVERSUPPLY,4489.0,0.0
458,1.1,Yellow-S,1039,1008,6.0,34.166666666666664,6.0,4500.0,0.007592592592592592,OVERSUPPLY,4465.833333333333,0.0
458,1.1,Yellow-S,1039,1008,7.0,126.33333333333334,6.0,4500.0,0.028074074074074078,OVERSUPPLY,4373.666666666667,0.0
458,1.1,Yellow-S,1039,1008,8.0,239.83333333333334,6.0,4500.0,0.0532962962962963,OVERSUPPLY,4260.166666666667,0.0
458,1.1,Yellow-S,1039,1008,9.0,156.0,6.0,4500.0,0.034666666666666665,OVERSUPPLY,4344.0,0.0
458,1.1,Yellow-S,1039,1008,10.0,81.83333333333333,6.0,4500.0,0.018185185185185183,OVERSUPPLY,4418.166666666667,0.0
458,1.1,Yellow-S,1039,1008,11.0,52.333333333333336,6.0,4500.0,0.01162962962962963,OVERSUPPLY,4447.666666666667,0.0
458,1.1,Yellow-S,1039,1008,12.0,34.166666666666664,6.0,4500.0,0.007592592592592592,OVERSUPPLY,4465.833333333333,0.0
458,1.1,Yellow-S,1039,1008,13.0,28.666666666666668,6.0,4500.0,0.006370370370370371,OVERSUPPLY,4471.333333333333,0.0
458,1.1,Yellow-S,1039,1008,14.0,25.5,6.0,4500.0,0.005666666666666667,OVERSUPPLY,4474.5,0.0
458,1.1,Yellow-S,1039,1008,15.0,28.666666666666664,6.0,4500.0,0.00637037037037037,OVERSUPPLY,4471.333333333333,0.0
458,1.1,Yellow-S,1039,1008,16.0,37.5,6.0,4500.0,0.008333333333333333,OVERSUPPLY,4462.5,0.0
458,1.1,Yellow-S,1039,1008,17.0,42.5,6.0,4500.0,0.009444444444444445,OVERSUPPLY,4457.5,0.0
458,1.1,Yellow-S,1039,1008,18.0,51.0,6.0,4500.0,0.011333333333333334,OVERSUPPLY,4449.0,0.0
458,1.1,Yellow-S,1039,1008,19.0,27.666666666666668,6.0,4500.0,0.006148148148148148,OVERSUPPLY,4472.333333333333,0.0
458,1.1,Yellow-S,1039,1008,20.0,14.5,6.0,4500.0,0.0032222222222222222,OVERSUPPLY,4485.5,0.0
458,1.1,Yellow-S,1039,1008,21.0,13.333333333333334,4.0,3000.0,0.0044444444444444444,OVERSUPPLY,2986.6666666666665,0.0
458,1.1,Yellow-S,1039,1008,22.0,9.0,3.0,2250.0,0.004,OVERSUPPLY,2241.0,0.0
458,1.1,Yellow-S,1039,1008,23.0,7.5,3.0,2250.0,0.0033333333333333335,OVERSUPPLY,2242.5,0.0
460,1.1,Yellow-S,1040,1009,5.0,182.83333333333334,6.0,4500.0,0.040629629629629634,OVERSUPPLY,4317.166666666667,0.0
460,1.1,Yellow-S,1040,1009,6.0,518.8333333333334,6.0,4500.0,0.1152962962962963,OVERSUPPLY,3981.1666666666665,0.0
460,1.1,Yellow-S,1040,1009,7.0,907.0,6.0,4500.0,0.20155555555555554,BALANCED,3593.0,0.0
460,1.1,Yellow-S,1040,1009,8.0,1180.0,6.0,4500.0,0.26222222222222225,BALANCED,3320.0,0.0
460,1.1,Yellow-S,1040,1009,9.0,833.0,6.0,4500.0,0.18511111111111112,OVERSUPPLY,3667.0,0.0
460,1.1,Yellow-S,1040,1009,10.0,367.5,6.0,4500.0,0.08166666666666667,OVERSUPPLY,4132.5,0.0
460,1.1,Yellow-S,1040,1009,11.0,248.66666666666666,6.0,4500.0,0.05525925925925926,OVERSUPPLY,4251.333333333333,0.0
460,1.1,Yellow-S,1040,1009,12.0,141.83333333333334,6.0,4500.0,0.03151851851851852,OVERSUPPLY,4358.166666666667,0.0
460,1.1,Yellow-S,1040,1009,13.0,108.66666666666667,6.0,4500.0,0.024148148148148148,OVERSUPPLY,4391.333333333333,0.0
460,1.1,Yellow-S,1040,1009,14.0,120.16666666666667,6.0,4500.0,0.026703703703703705,OVERSUPPLY,4379.833333333333,0.0
460,1.1,Yellow-S,1040,1009,15.0,89.33333333333333,6.0,4500.0,0.01985185185185185,OVERSUPPLY,4410.666666666667,0.0
460,1.1,Yellow-S,1040,1009,16.0,111.0,6.0,4500.0,0.024666666666666667,OVERSUPPLY,4389.0,0.0
460,1.1,Yellow-S,1040,1009,17.0,141.0,6.0,4500.0,0.03133333333333333,OVERSUPPLY,4359.0,0.0
460,1.1,Yellow-S,1040,1009,18.0,122.16666666666667,6.0,4500.0,0.02714814814814815,OVERSUPPLY,4377.833333333333,0.0
460,1.1,Yellow-S,1040,1009,19.0,69.16666666666667,6.0,4500.0,0.015370370370370371,OVERSUPPLY,4430.833333333333,0.0
460,1.1,Yellow-S,1040,1009,20.0,45.33333333333333,6.0,4500.0,0.010074074074074074,OVERSUPPLY,4454.666666666667,0.0
460,1.1,Yellow-S,1040,1009,21.0,38.0,4.0,3000.0,0.012666666666666666,OVERSUPPLY,2962.0,0.0
460,1.1,Yellow-S,1040,1009,22.0,25.666666666666668,3.0,2250.0,0.011407407407407408,OVERSUPPLY,2224.3333333333335,0.0
460,1.1,Yellow-S,1040,1009,23.0,15.833333333333332,3.0,2250.0,0.007037037037037036,OVERSUPPLY,2234.1666666666665,0.0
462,1.1,Yellow-S,1041,1055,5.0,164.66666666666666,6.0,4500.0,0.03659259259259259,OVERSUPPLY,4335.333333333333,0.0
462,1.1,Yellow-S,1041,1055,6.0,691.8333333333334,6.0,4500.0,0.15374074074074076,OVERSUPPLY,3808.1666666666665,0.0
462,1.1,Yellow-S,1041,1055,7.0,1143.6666666666667,6.0,4500.0,0.2541481481481482,BALANCED,3356.333333333333,0.0
462,1.1,Yellow-S,1041,1055,8.0,1341.6666666666667,6.0,4500.0,0.29814814814814816,BALANCED,3158.333333333333,0.0
462,1.1,Yellow-S,1041,1055,9.0,1032.1666666666667,6.0,4500.0,0.2293703703703704,BALANCED,3467.833333333333,0.0
462,1.1,Yellow-S,1041,1055,10.0,613.8333333333334,6.0,4500.0,0.13640740740740742,OVERSUPPLY,3886.1666666666665,0.0
462,1.1,Yellow-S,1041,1055,11.0,496.5,6.0,4500.0,0.11033333333333334,OVERSUPPLY,4003.5,0.0
462,1.1,Yellow-S,1041,1055,12.0,420.0,6.0,4500.0,0.09333333333333334,OVERSUPPLY,4080.0,0.0
462,1.1,Yellow-S,1041,1055,13.0,378.3333333333333,6.0,4500.0,0.08407407407407406,OVERSUPPLY,4121.666666666667,0.0
462,1.1,Yellow-S,1041,1055,14.0,436.1666666666667,6.0,4500.0,0.09692592592592593,OVERSUPPLY,4063.8333333333335,0.0
462,1.1,Yellow-S,1041,1055,15.0,503.5,6.0,4500.0,0.11188888888888888,OVERSUPPLY,3996.5,0.0
462,1.1,Yellow-S,1041,1055,16.0,713.0,6.0,4500.0,0.15844444444444444,OVERSUPPLY,3787.0,0.0
462,1.1,Yellow-S,1041,1055,17.0,993.1666666666666,6.0,4500.0,0.2207037037037037,BALANCED,3506.8333333333335,0.0
462,1.1,Yellow-S,1041,1055,18.0,774.8333333333334,6.0,4500.0,0.1721851851851852,OVERSUPPLY,3725.1666666666665,0.0
462,1.1,Yellow-S,1041,1055,19.0,439.5,6.0,4500.0,0.09766666666666667,OVERSUPPLY,4060.5,0.0
462,1.1,Yellow-S,1041,1055,20.0,237.5,6.0,4500.0,0.05277777777777778,OVERSUPPLY,4262.5,0.0
462,1.1,Yellow-S,1041,1055,21.0,184.83333333333334,4.0,3000.0,0.061611111111111116,OVERSUPPLY,2815.1666666666665,0.0
462,1.1,Yellow-S,1041,1055,22.0,197.16666666666666,3.0,2250.0,0.08762962962962963,OVERSUPPLY,2052.8333333333335,0.0
462,1.1,Yellow-S,1041,1055,23.0,118.33333333333333,3.0,2250.0,0.052592592592592594,OVERSUPPLY,2131.6666666666665,0.0
464,1.1,Yellow-S,1042,1056,5.0,113.16666666666667,6.0,4500.0,0.02514814814814815,OVERSUPPLY,4386.833333333333,0.0
464,1.1,Yellow-S,1042,1056,6.0,327.0,6.0,4500.0,0.07266666666666667,OVERSUPPLY,4173.0,0.0
464,1.1,Yellow-S,1042,1056,7.0,738.0,6.0,4500.0,0.164,OVERSUPPLY,3762.0,0.0
464,1.1,Yellow-S,1042,1056,8.0,929.8333333333334,6.0,4500.0,0.20662962962962964,BALANCED,3570.1666666666665,0.0
464,1.1,Yellow-S,1042,1056,9.0,699.6666666666666,6.0,4500.0,0.15548148148148147,OVERSUPPLY,3800.3333333333335,0.0
464,1.1,Yellow-S,1042,1056,10.0,428.3333333333333,6.0,4500.0,0.09518518518518518,OVERSUPPLY,4071.6666666666665,0.0
464,1.1,Yellow-S,1042,1056,11.0,332.8333333333333,6.0,4500.0,0.07396296296296295,OVERSUPPLY,4167.166666666667,0.0
464,1.1,Yellow-S,1042,1056,12.0,311.1666666666667,6.0,4500.0,0.06914814814814815,OVERSUPPLY,4188.833333333333,0.0
464,1.1,Yellow-S,1042,1056,13.0,292.0,6.0,4500.0,0.06488888888888888,OVERSUPPLY,4208.0,0.0
464,1.1,Yellow-S,1042,1056,14.0,346.0,6.0,4500.0,0.0768888888888889,OVERSUPPLY,4154.0,0.0
464,1.1,Yellow-S,1042,1056,15.0,437.0,6.0,4500.0,0.0971111111111111,OVERSUPPLY,4063.0,0.0
464,1.1,Yellow-S,1042,1056,16.0,644.6666666666666,6.0,4500.0,0.14325925925925925,OVERSUPPLY,3855.3333333333335,0.0
464,1.1,Yellow-S,1042,1056,17.0,896.6666666666666,6.0,4500.0,0.19925925925925925,OVERSUPPLY,3603.3333333333335,0.0
464,1.1,Yellow-S,1042,1056,18.0,669.1666666666666,6.0,4500.0,0.1487037037037037,OVERSUPPLY,3830.8333333333335,0.0
464,1.1,Yellow-S,1042,1056,19.0,373.6666666666667,6.0,4500.0,0.08303703703703705,OVERSUPPLY,4126.333333333333,0.0
464,1.1,Yellow-S,1042,1056,20.0,189.33333333333334,6.0,4500.0,0.042074074074074076,OVERSUPPLY,4310.666666666667,0.0
464,1.1,Yellow-S,1042,1056,21.0,144.33333333333334,4.0,3000.0,0.04811111111111111,OVERSUPPLY,2855.6666666666665,0.0
464,1.1,Yellow-S,1042,1056,22.0,174.0,3.0,2250.0,0.07733333333333334,OVERSUPPLY,2076.0,0.0
464,1.1,Yellow-S,1042,1056,23.0,107.0,3.0,2250.0,0.04755555555555555,OVERSUPPLY,2143.0,0.0
466,1.1,Yellow-S,1043,1057,5.0,46.33333333333333,6.0,4500.0,0.010296296296296295,OVERSUPPLY,4453.666666666667,0.0
466,1.1,Yellow-S,1043,1057,6.0,145.0,6.0,4500.0,0.03222222222222222,OVERSUPPLY,4355.0,0.0
466,1.1,Yellow-S,1043,1057,7.0,208.83333333333334,6.0,4500.0,0.04640740740740741,OVERSUPPLY,4291.166666666667,0.0
466,1.1,Yellow-S,1043,1057,8.0,208.0,6.0,4500.0,0.04622222222222222,OVERSUPPLY,4292.0,0.0
466,1.1,Yellow-S,1043,1057,9.0,183.16666666666666,6.0,4500.0,0.0407037037037037,OVERSUPPLY,4316.833333333333,0.0
466,1.1,Yellow-S,1043,1057,10.0,105.33333333333333,6.0,4500.0,0.023407407407407408,OVERSUPPLY,4394.666666666667,0.0
466,1.1,Yellow-S,1043,1057,11.0,83.16666666666667,6.0,4500.0,0.018481481481481484,OVERSUPPLY,4416.833333333333,0.0
466,1.1,Yellow-S,1043,1057,12.0,55.83333333333333,6.0,4500.0,0.012407407407407407,OVERSUPPLY,4444.166666666667,0.0
466,1.1,Yellow-S,1043,1057,13.0,40.0,6.0,4500.0,0.008888888888888889,OVERSUPPLY,4460.0,0.0
466,1.1,Yellow-S,1043,1057,14.0,51.5,6.0,4500.0,0.011444444444444445,OVERSUPPLY,4448.5,0.0
466,1.1,Yellow-S,1043,1057,15.0,35.0,6.0,4500.0,0.0077777777777777776,OVERSUPPLY,4465.0,0.0
466,1.1,Yellow-S,1043,1057,16.0,39.166666666666664,6.0,4500.0,0.008703703703703703,OVERSUPPLY,4460.833333333333,0.0
466,1.1,Yellow-S,1043,1057,17.0,50.666666666666664,6.0,4500.0,0.011259259259259259,OVERSUPPLY,4449.333333333333,0.0
466,1.1,Yellow-S,1043,1057,18.0,54.333333333333336,6.0,4500.0,0.012074074074074074,OVERSUPPLY,4445.666666666667,0.0
466,1.1,Yellow-S,1043,1057,19.0,29.5,6.0,4500.0,0.006555555555555556,OVERSUPPLY,4470.5,0.0
466,1.1,Yellow-S,1043,1057,20.0,26.166666666666668,6.0,4500.0,0.005814814814814815,OVERSUPPLY,4473.833333333333,0.0
466,1.1,Yellow-S,1043,1057,21.0,18.0,4.0,3000.0,0.006,OVERSUPPLY,2982.0,0.0
466,1.1,Yellow-S,1043,1057,22.0,11.666666666666666,3.0,2250.0,0.005185185185185185,OVERSUPPLY,2238.3333333333335,0.0
466,1.1,Yellow-S,1043,1057,23.0,4.833333333333333,3.0,2250.0,0.002148148148148148,OVERSUPPLY,2245.1666666666665,0.0
468,1.1,Yellow-S,1044,1023,5.0,27.166666666666668,6.0,4500.0,0.006037037037037037,OVERSUPPLY,4472.833333333333,0.0
468,1.1,Yellow-S,1044,1023,6.0,295.6666666666667,6.0,4500.0,0.06570370370370371,OVERSUPPLY,4204.333333333333,0.0
468,1.1,Yellow-S,1044,1023,7.0,356.0,6.0,4500.0,0.0791111111111111,OVERSUPPLY,4144.0,0.0
468,1.1,Yellow-S,1044,1023,8.0,345.3333333333333,6.0,4500.0,0.07674074074074073,OVERSUPPLY,4154.666666666667,0.0
468,1.1,Yellow-S,1044,1023,9.0,203.5,6.0,4500.0,0.04522222222222222,OVERSUPPLY,4296.5,0.0
468,1.1,Yellow-S,1044,1023,10.0,84.83333333333333,6.0,4500.0,0.018851851851851852,OVERSUPPLY,4415.166666666667,0.0
468,1.1,Yellow-S,1044,1023,11.0,77.83333333333333,6.0,4500.0,0.017296296296296296,OVERSUPPLY,4422.166666666667,0.0
468,1.1,Yellow-S,1044,1023,12.0,49.0,6.0,4500.0,0.010888888888888889,OVERSUPPLY,4451.0,0.0
468,1.1,Yellow-S,1044,1023,13.0,44.5,6.0,4500.0,0.009888888888888888,OVERSUPPLY,4455.5,0.0
468,1.1,Yellow-S,1044,1023,14.0,44.833333333333336,6.0,4500.0,0.009962962962962963,OVERSUPPLY,4455.166666666667,0.0
468,1.1,Yellow-S,1044,1023,15.0,39.166666666666664,6.0,4500.0,0.008703703703703703,OVERSUPPLY,4460.833333333333,0.0
468,1.1,Yellow-S,1044,1023,16.0,28.833333333333332,6.0,4500.0,0.006407407407407407,OVERSUPPLY,4471.166666666667,0.0
468,1.1,Yellow-S,1044,1023,17.0,27.0,6.0,4500.0,0.006,OVERSUPPLY,4473.0,0.0
468,1.1,Yellow-S,1044,1023,18.0,21.166666666666668,6.0,4500.0,0.004703703703703704,OVERSUPPLY,4478.833333333333,0.0
468,1.1,Yellow-S,1044,1023,19.0,17.166666666666668,6.0,4500.0,0.003814814814814815,OVERSUPPLY,4482.833333333333,0.0
468,1.1,Yellow-S,1044,1023,20.0,15.666666666666666,6.0,4500.0,0.0034814814814814812,OVERSUPPLY,4484.333333333333,0.0
468,1.1,Yellow-S,1044,1023,21.0,16.0,4.0,3000.0,0.005333333333333333,OVERSUPPLY,2984.0,0.0
468,1.1,Yellow-S,1044,1023,22.0,13.166666666666666,3.0,2250.0,0.005851851851851852,OVERSUPPLY,2236.8333333333335,0.0
468,1.1,Yellow-S,1044,1023,23.0,7.5,3.0,2250.0,0.0033333333333333335,OVERSUPPLY,2242.5,0.0
470,1.1,Yellow-S,1045,1024,5.0,102.5,6.0,4500.0,0.02277777777777778,OVERSUPPLY,4397.5,0.0
470,1.1,Yellow-S,1045,1024,6.0,578.6666666666666,6.0,4500.0,0.1285925925925926,OVERSUPPLY,3921.3333333333335,0.0
470,1.1,Yellow-S,1045,1024,7.0,689.0,6.0,4500.0,0.15311111111111111,OVERSUPPLY,3811.0,0.0
470,1.1,Yellow-S,1045,1024,8.0,689.6666666666666,6.0,4500.0,0.15325925925925926,OVERSUPPLY,3810.3333333333335,0.0
470,1.1,Yellow-S,1045,1024,9.0,438.8333333333333,6.0,4500.0,0.09751851851851852,OVERSUPPLY,4061.1666666666665,0.0
470,1.1,Yellow-S,1045,1024,10.0,185.16666666666666,6.0,4500.0,0.04114814814814815,OVERSUPPLY,4314.833333333333,0.0
470,1.1,Yellow-S,1045,1024,11.0,160.16666666666666,6.0,4500.0,0.03559259259259259,OVERSUPPLY,4339.833333333333,0.0
470,1.1,Yellow-S,1045,1024,12.0,98.33333333333333,6.0,4500.0,0.02185185185185185,OVERSUPPLY,4401.666666666667,0.0
470,1.1,Yellow-S,1045,1024,13.0,89.5,6.0,4500.0,0.01988888888888889,OVERSUPPLY,4410.5,0.0
470,1.1,Yellow-S,1045,1024,14.0,90.16666666666667,6.0,4500.0,0.020037037037037037,OVERSUPPLY,4409.833333333333,0.0
470,1.1,Yellow-S,1045,1024,15.0,71.83333333333333,6.0,4500.0,0.015962962962962964,OVERSUPPLY,4428.166666666667,0.0
470,1.1,Yellow-S,1045,1024,16.0,57.83333333333333,6.0,4500.0,0.01285185185185185,OVERSUPPLY,4442.166666666667,0.0
470,1.1,Yellow-S,1045,1024,17.0,59.0,6.0,4500.0,0.013111111111111112,OVERSUPPLY,4441.0,0.0
470,1.1,Yellow-S,1045,1024,18.0,45.5,6.0,4500.0,0.01011111111111111,OVERSUPPLY,4454.5,0.0
470,1.1,Yellow-S,1045,1024,19.0,33.166666666666664,6.0,4500.0,0.00737037037037037,OVERSUPPLY,4466.833333333333,0.0
470,1.1,Yellow-S,1045,1024,20.0,26.333333333333332,6.0,4500.0,0.005851851851851852,OVERSUPPLY,4473.666666666667,0.0
470,1.1,Yellow-S,1045,1024,21.0,32.0,4.0,3000.0,0.010666666666666666,OVERSUPPLY,2968.0,0.0
470,1.1,Yellow-S,1045,1024,22.0,21.833333333333332,3.0,2250.0,0.009703703703703704,OVERSUPPLY,2228.1666666666665,0.0
470,1.1,Yellow-S,1045,1024,23.0,11.833333333333332,3.0,2250.0,0.005259259259259259,OVERSUPPLY,2238.1666666666665,0.0
472,1.1,Yellow-S,1046,1058,5.0,223.66666666666666,6.0,4500.0,0.0497037037037037,OVERSUPPLY,4276.333333333333,0.0
472,1.1,Yellow-S,1046,1058,6.0,1005.6666666666666,6.0,4500.0,0.22348148148148148,BALANCED,3494.3333333333335,0.0
472,1.1,Yellow-S,1046,1058,7.0,1494.8333333333333,6.0,4500.0,0.3321851851851852,BALANCED,3005.166666666667,0.0
472,1.1,Yellow-S,1046,1058,8.0,1802.3333333333333,6.0,4500.0,0.4005185185185185,BALANCED,2697.666666666667,0.0
472,1.1,Yellow-S,1046,1058,9.0,1209.8333333333333,6.0,4500.0,0.26885185185185184,BALANCED,3290.166666666667,0.0
472,1.1,Yellow-S,1046,1058,10.0,506.3333333333333,6.0,4500.0,0.11251851851851852,OVERSUPPLY,3993.6666666666665,0.0
472,1.1,Yellow-S,1046,1058,11.0,373.0,6.0,4500.0,0.08288888888888889,OVERSUPPLY,4127.0,0.0
472,1.1,Yellow-S,1046,1058,12.0,226.66666666666666,6.0,4500.0,0.05037037037037037,OVERSUPPLY,4273.333333333333,0.0
472,1.1,Yellow-S,1046,1058,13.0,180.83333333333334,6.0,4500.0,0.040185185185185185,OVERSUPPLY,4319.166666666667,0.0
472,1.1,Yellow-S,1046,1058,14.0,196.5,6.0,4500.0,0.043666666666666666,OVERSUPPLY,4303.5,0.0
472,1.1,Yellow-S,1046,1058,15.0,155.66666666666666,6.0,4500.0,0.03459259259259259,OVERSUPPLY,4344.333333333333,0.0
472,1.1,Yellow-S,1046,1058,16.0,189.16666666666666,6.0,4500.0,0.04203703703703703,OVERSUPPLY,4310.833333333333,0.0
472,1.1,Yellow-S,1046,1058,17.0,225.0,6.0,4500.0,0.05,OVERSUPPLY,4275.0,0.0
472,1.1,Yellow-S,1046,1058,18.0,202.83333333333334,6.0,4500.0,0.04507407407407408,OVERSUPPLY,4297.166666666667,0.0
472,1.1,Yellow-S,1046,1058,19.0,121.5,6.0,4500.0,0.027,OVERSUPPLY,4378.5,0.0
472,1.1,Yellow-S,1046,1058,20.0,80.66666666666667,6.0,4500.0,0.01792592592592593,OVERSUPPLY,4419.333333333333,0.0
472,1.1,Yellow-S,1046,1058,21.0,71.33333333333333,4.0,3000.0,0.023777777777777776,OVERSUPPLY,2928.6666666666665,0.0
472,1.1,Yellow-S,1046,1058,22.0,47.166666666666664,3.0,2250.0,0.02096296296296296,OVERSUPPLY,2202.8333333333335,0.0
472,1.1,Yellow-S,1046,1058,23.0,30.0,3.0,2250.0,0.013333333333333334,OVERSUPPLY,2220.0,0.0
476,1.1,Yellow-S,1048,1060,5.0,197.66666666666666,6.0,4500.0,0.043925925925925924,OVERSUPPLY,4302.333333333333,0.0
476,1.1,Yellow-S,1048,1060,6.0,575.6666666666666,6.0,4500.0,0.12792592592592592,OVERSUPPLY,3924.3333333333335,0.0
476,1.1,Yellow-S,1048,1060,7.0,1040.8333333333333,6.0,4500.0,0.23129629629629628,BALANCED,3459.166666666667,0.0
476,1.1,Yellow-S,1048,1060,8.0,1347.3333333333333,6.0,4500.0,0.2994074074074074,BALANCED,3152.666666666667,0.0
476,1.1,Yellow-S,1048,1060,9.0,925.5,6.0,4500.0,0.20566666666666666,BALANCED,3574.5,0.0
476,1.1,Yellow-S,1048,1060,10.0,407.6666666666667,6.0,4500.0,0.0905925925925926,OVERSUPPLY,4092.3333333333335,0.0
476,1.1,Yellow-S,1048,1060,11.0,274.0,6.0,4500.0,0.06088888888888889,OVERSUPPLY,4226.0,0.0
476,1.1,Yellow-S,1048,1060,12.0,168.66666666666666,6.0,4500.0,0.03748148148148148,OVERSUPPLY,4331.333333333333,0.0
476,1.1,Yellow-S,1048,1060,13.0,133.16666666666666,6.0,4500.0,0.02959259259259259,OVERSUPPLY,4366.833333333333,0.0
476,1.1,Yellow-S,1048,1060,14.0,148.16666666666666,6.0,4500.0,0.03292592592592592,OVERSUPPLY,4351.833333333333,0.0
476,1.1,Yellow-S,1048,1060,15.0,122.0,6.0,4500.0,0.02711111111111111,OVERSUPPLY,4378.0,0.0
476,1.1,Yellow-S,1048,1060,16.0,164.5,6.0,4500.0,0.036555555555555556,OVERSUPPLY,4335.5,0.0
476,1.1,Yellow-S,1048,1060,17.0,204.66666666666666,6.0,4500.0,0.04548148148148148,OVERSUPPLY,4295.333333333333,0.0
476,1.1,Yellow-S,1048,1060,18.0,180.16666666666666,6.0,4500.0,0.04003703703703704,OVERSUPPLY,4319.833333333333,0.0
476,1.1,Yellow-S,1048,1060,19.0,99.5,6.0,4500.0,0.022111111111111113,OVERSUPPLY,4400.5,0.0
476,1.1,Yellow-S,1048,1060,20.0,60.33333333333333,6.0,4500.0,0.013407407407407406,OVERSUPPLY,4439.666666666667,0.0
476,1.1,Yellow-S,1048,1060,21.0,49.666666666666664,4.0,3000.0,0.016555555555555556,OVERSUPPLY,2950.3333333333335,0.0
476,1.1,Yellow-S,1048,1060,22.0,30.833333333333332,3.0,2250.0,0.013703703703703702,OVERSUPPLY,2219.1666666666665,0.0
476,1.1,Yellow-S,1048,1060,23.0,19.333333333333332,3.0,2250.0,0.008592592592592593,OVERSUPPLY,2230.6666666666665,0.0
478,1.1,Yellow-S,1049,1053,5.0,42.5,6.0,4500.0,0.009444444444444445,OVERSUPPLY,4457.5,0.0
478,1.1,Yellow-S,1049,1053,6.0,470.8333333333333,6.0,4500.0,0.10462962962962963,OVERSUPPLY,4029.1666666666665,0.0
478,1.1,Yellow-S,1049,1053,7.0,542.3333333333334,6.0,4500.0,0.12051851851851852,OVERSUPPLY,3957.6666666666665,0.0
478,1.1,Yellow-S,1049,1053,8.0,538.0,6.0,4500.0,0.11955555555555555,OVERSUPPLY,3962.0,0.0
478,1.1,Yellow-S,1049,1053,9.0,319.1666666666667,6.0,4500.0,0.07092592592592593,OVERSUPPLY,4180.833333333333,0.0
478,1.1,Yellow-S,1049,1053,10.0,128.83333333333334,6.0,4500.0,0.028629629629629633,OVERSUPPLY,4371.166666666667,0.0
478,1.1,Yellow-S,1049,1053,11.0,117.66666666666667,6.0,4500.0,0.02614814814814815,OVERSUPPLY,4382.333333333333,0.0
478,1.1,Yellow-S,1049,1053,12.0,76.0,6.0,4500.0,0.016888888888888887,OVERSUPPLY,4424.0,0.0
478,1.1,Yellow-S,1049,1053,13.0,70.66666666666667,6.0,4500.0,0.015703703703703706,OVERSUPPLY,4429.333333333333,0.0
478,1.1,Yellow-S,1049,1053,14.0,65.0,6.0,4500.0,0.014444444444444444,OVERSUPPLY,4435.0,0.0
478,1.1,Yellow-S,1049,1053,15.0,59.833333333333336,6.0,4500.0,0.013296296296296297,OVERSUPPLY,4440.166666666667,0.0
478,1.1,Yellow-S,1049,1053,16.0,38.5,6.0,4500.0,0.008555555555555556,OVERSUPPLY,4461.5,0.0
478,1.1,Yellow-S,1049,1053,17.0,38.5,6.0,4500.0,0.008555555555555556,OVERSUPPLY,4461.5,0.0
478,1.1,Yellow-S,1049,1053,18.0,33.666666666666664,6.0,4500.0,0.007481481481481481,OVERSUPPLY,4466.333333333333,0.0
478,1.1,Yellow-S,1049,1053,19.0,30.833333333333332,6.0,4500.0,0.006851851851851851,OVERSUPPLY,4469.166666666667,0.0
478,1.1,Yellow-S,1049,1053,20.0,24.166666666666668,6.0,4500.0,0.005370370370370371,OVERSUPPLY,4475.833333333333,0.0
478,1.1,Yellow-S,1049,1053,21.0,27.333333333333332,4.0,3000.0,0.009111111111111111,OVERSUPPLY,2972.6666666666665,0.0
478,1.1,Yellow-S,1049,1053,22.0,21.5,3.0,2250.0,0.009555555555555555,OVERSUPPLY,2228.5,0.0
478,1.1,Yellow-S,1049,1053,23.0,11.0,3.0,2250.0,0.004888888888888889,OVERSUPPLY,2239.0,0.0
480,1.1,Yellow-S,1050,1070,5.0,22.5,6.0,4500.0,0.005,OVERSUPPLY,4477.5,0.0
480,1.1,Yellow-S,1050,1070,6.0,285.6666666666667,6.0,4500.0,0.06348148148148149,OVERSUPPLY,4214.333333333333,0.0
480,1.1,Yellow-S,1050,1070,7.0,334.1666666666667,6.0,4500.0,0.07425925925925926,OVERSUPPLY,4165.833333333333,0.0
480,1.1,Yellow-S,1050,1070,8.0,336.5,6.0,4500.0,0.07477777777777778,OVERSUPPLY,4163.5,0.0
480,1.1,Yellow-S,1050,1070,9.0,199.33333333333334,6.0,4500.0,0.0442962962962963,OVERSUPPLY,4300.666666666667,0.0
480,1.1,Yellow-S,1050,1070,10.0,79.0,6.0,4500.0,0.017555555555555557,OVERSUPPLY,4421.0,0.0
480,1.1,Yellow-S,1050,1070,11.0,78.16666666666667,6.0,4500.0,0.017370370370370373,OVERSUPPLY,4421.833333333333,0.0
480,1.1,Yellow-S,1050,1070,12.0,50.333333333333336,6.0,4500.0,0.011185185185185185,OVERSUPPLY,4449.666666666667,0.0
480,1.1,Yellow-S,1050,1070,13.0,44.333333333333336,6.0,4500.0,0.009851851851851853,OVERSUPPLY,4455.666666666667,0.0
480,1.1,Yellow-S,1050,1070,14.0,45.5,6.0,4500.0,0.01011111111111111,OVERSUPPLY,4454.5,0.0
480,1.1,Yellow-S,1050,1070,15.0,40.833333333333336,6.0,4500.0,0.009074074074074075,OVERSUPPLY,4459.166666666667,0.0
480,1.1,Yellow-S,1050,1070,16.0,29.833333333333332,6.0,4500.0,0.006629629629629629,OVERSUPPLY,4470.166666666667,0.0
480,1.1,Yellow-S,1050,1070,17.0,25.166666666666664,6.0,4500.0,0.005592592592592592,OVERSUPPLY,4474.833333333333,0.0
480,1.1,Yellow-S,1050,1070,18.0,21.833333333333332,6.0,4500.0,0.004851851851851852,OVERSUPPLY,4478.166666666667,0.0
480,1.1,Yellow-S,1050,1070,19.0,16.166666666666668,6.0,4500.0,0.003592592592592593,OVERSUPPLY,4483.833333333333,0.0
480,1.1,Yellow-S,1050,1070,20.0,16.166666666666668,6.0,4500.0,0.003592592592592593,OVERSUPPLY,4483.833333333333,0.0
480,1.1,Yellow-S,1050,1070,21.0,14.0,4.0,3000.0,0.004666666666666667,OVERSUPPLY,2986.0,0.0
480,1.1,Yellow-S,1050,1070,22.0,11.333333333333334,3.0,2250.0,0.005037037037037037,OVERSUPPLY,2238.6666666666665,0.0
480,1.1,Yellow-S,1050,1070,23.0,7.5,3.0,2250.0,0.0033333333333333335,OVERSUPPLY,2242.5,0.0
482,1.1,Yellow-S,1051,1071,5.0,281.5,6.0,4500.0,0.06255555555555556,OVERSUPPLY,4218.5,0.0
482,1.1,Yellow-S,1051,1071,6.0,975.0,6.0,4500.0,0.21666666666666667,BALANCED,3525.0,0.0
482,1.1,Yellow-S,1051,1071,7.0,1484.1666666666667,6.0,4500.0,0.32981481481481484,BALANCED,3015.833333333333,0.0
482,1.1,Yellow-S,1051,1071,8.0,1658.5,6.0,4500.0,0.3685555555555556,BALANCED,2841.5,0.0
482,1.1,Yellow-S,1051,1071,9.0,1183.0,6.0,4500.0,0.2628888888888889,BALANCED,3317.0,0.0
482,1.1,Yellow-S,1051,1071,10.0,487.6666666666667,6.0,4500.0,0.10837037037037038,OVERSUPPLY,4012.3333333333335,0.0
482,1.1,Yellow-S,1051,1071,11.0,357.8333333333333,6.0,4500.0,0.07951851851851852,OVERSUPPLY,4142.166666666667,0.0
482,1.1,Yellow-S,1051,1071,12.0,223.0,6.0,4500.0,0.049555555555555554,OVERSUPPLY,4277.0,0.0
482,1.1,Yellow-S,1051,1071,13.0,194.0,6.0,4500.0,0.043111111111111114,OVERSUPPLY,4306.0,0.0
482,1.1,Yellow-S,1051,1071,14.0,209.83333333333334,6.0,4500.0,0.04662962962962963,OVERSUPPLY,4290.166666666667,0.0
482,1.1,Yellow-S,1051,1071,15.0,163.83333333333334,6.0,4500.0,0.03640740740740741,OVERSUPPLY,4336.166666666667,0.0
482,1.1,Yellow-S,1051,1071,16.0,184.83333333333334,6.0,4500.0,0.041074074074074075,OVERSUPPLY,4315.166666666667,0.0
482,1.1,Yellow-S,1051,1071,17.0,212.83333333333334,6.0,4500.0,0.0472962962962963,OVERSUPPLY,4287.166666666667,0.0
482,1.1,Yellow-S,1051,1071,18.0,180.5,6.0,4500.0,0.04011111111111111,OVERSUPPLY,4319.5,0.0
482,1.1,Yellow-S,1051,1071,19.0,104.83333333333333,6.0,4500.0,0.023296296296296294,OVERSUPPLY,4395.166666666667,0.0
482,1.1,Yellow-S,1051,1071,20.0,65.5,6.0,4500.0,0.014555555555555556,OVERSUPPLY,4434.5,0.0
482,1.1,Yellow-S,1051,1071,21.0,63.0,4.0,3000.0,0.021,OVERSUPPLY,2937.0,0.0
482,1.1,Yellow-S,1051,1071,22.0,42.0,3.0,2250.0,0.018666666666666668,OVERSUPPLY,2208.0,0.0
482,1.1,Yellow-S,1051,1071,23.0,20.5,3.0,2250.0,0.009111111111111111,OVERSUPPLY,2229.5,0.0
486,1.1,Yellow-S,1053,1044,5.0,30.333333333333332,6.0,4500.0,0.006740740740740741,OVERSUPPLY,4469.666666666667,0.0
486,1.1,Yellow-S,1053,1044,6.0,301.5,6.0,4500.0,0.067,OVERSUPPLY,4198.5,0.0
486,1.1,Yellow-S,1053,1044,7.0,358.0,6.0,4500.0,0.07955555555555556,OVERSUPPLY,4142.0,0.0
486,1.1,Yellow-S,1053,1044,8.0,348.5,6.0,4500.0,0.07744444444444444,OVERSUPPLY,4151.5,0.0
486,1.1,Yellow-S,1053,1044,9.0,204.5,6.0,4500.0,0.04544444444444445,OVERSUPPLY,4295.5,0.0
486,1.1,Yellow-S,1053,1044,10.0,87.5,6.0,4500.0,0.019444444444444445,OVERSUPPLY,4412.5,0.0
486,1.1,Yellow-S,1053,1044,11.0,78.33333333333333,6.0,4500.0,0.017407407407407406,OVERSUPPLY,4421.666666666667,0.0
486,1.1,Yellow-S,1053,1044,12.0,50.33333333333333,6.0,4500.0,0.011185185185185183,OVERSUPPLY,4449.666666666667,0.0
486,1.1,Yellow-S,1053,1044,13.0,45.333333333333336,6.0,4500.0,0.010074074074074074,OVERSUPPLY,4454.666666666667,0.0
486,1.1,Yellow-S,1053,1044,14.0,44.666666666666664,6.0,4500.0,0.009925925925925925,OVERSUPPLY,4455.333333333333,0.0
486,1.1,Yellow-S,1053,1044,15.0,38.5,6.0,4500.0,0.008555555555555556,OVERSUPPLY,4461.5,0.0
486,1.1,Yellow-S,1053,1044,16.0,29.0,6.0,4500.0,0.0064444444444444445,OVERSUPPLY,4471.0,0.0
486,1.1,Yellow-S,1053,1044,17.0,28.166666666666664,6.0,4500.0,0.006259259259259259,OVERSUPPLY,4471.833333333333,0.0
486,1.1,Yellow-S,1053,1044,18.0,21.166666666666668,6.0,4500.0,0.004703703703703704,OVERSUPPLY,4478.833333333333,0.0
486,1.1,Yellow-S,1053,1044,19.0,17.833333333333332,6.0,4500.0,0.003962962962962962,OVERSUPPLY,4482.166666666667,0.0
486,1.1,Yellow-S,1053,1044,20.0,15.666666666666666,6.0,4500.0,0.0034814814814814812,OVERSUPPLY,4484.333333333333,0.0
486,1.1,Yellow-S,1053,1044,21.0,15.5,4.0,3000.0,0.005166666666666667,OVERSUPPLY,2984.5,0.0
486,1.1,Yellow-S,1053,1044,22.0,14.0,3.0,2250.0,0.006222222222222222,OVERSUPPLY,2236.0,0.0
486,1.1,Yellow-S,1053,1044,23.0,7.666666666666667,3.0,2250.0,0.0034074074074074076,OVERSUPPLY,2242.3333333333335,0.0
488,1.1,Yellow-S,1054,1045,5.0,96.33333333333333,6.0,4500.0,0.021407407407407406,OVERSUPPLY,4403.666666666667,0.0
488,1.1,Yellow-S,1054,1045,6.0,516.1666666666666,6.0,4500.0,0.1147037037037037,OVERSUPPLY,3983.8333333333335,0.0
488,1.1,Yellow-S,1054,1045,7.0,590.8333333333334,6.0,4500.0,0.1312962962962963,OVERSUPPLY,3909.1666666666665,0.0
488,1.1,Yellow-S,1054,1045,8.0,555.6666666666666,6.0,4500.0,0.12348148148148147,OVERSUPPLY,3944.3333333333335,0.0
488,1.1,Yellow-S,1054,1045,9.0,353.8333333333333,6.0,4500.0,0.07862962962962962,OVERSUPPLY,4146.166666666667,0.0
488,1.1,Yellow-S,1054,1045,10.0,148.5,6.0,4500.0,0.033,OVERSUPPLY,4351.5,0.0
488,1.1,Yellow-S,1054,1045,11.0,134.0,6.0,4500.0,0.029777777777777778,OVERSUPPLY,4366.0,0.0
488,1.1,Yellow-S,1054,1045,12.0,84.33333333333333,6.0,4500.0,0.01874074074074074,OVERSUPPLY,4415.666666666667,0.0
488,1.1,Yellow-S,1054,1045,13.0,76.33333333333333,6.0,4500.0,0.01696296296296296,OVERSUPPLY,4423.666666666667,0.0
488,1.1,Yellow-S,1054,1045,14.0,77.66666666666667,6.0,4500.0,0.01725925925925926,OVERSUPPLY,4422.333333333333,0.0
488,1.1,Yellow-S,1054,1045,15.0,56.666666666666664,6.0,4500.0,0.012592592592592593,OVERSUPPLY,4443.333333333333,0.0
488,1.1,Yellow-S,1054,1045,16.0,43.5,6.0,4500.0,0.009666666666666667,OVERSUPPLY,4456.5,0.0
488,1.1,Yellow-S,1054,1045,17.0,40.333333333333336,6.0,4500.0,0.008962962962962964,OVERSUPPLY,4459.666666666667,0.0
488,1.1,Yellow-S,1054,1045,18.0,27.5,6.0,4500.0,0.006111111111111111,OVERSUPPLY,4472.5,0.0
488,1.1,Yellow-S,1054,1045,19.0,25.0,6.0,4500.0,0.005555555555555556,OVERSUPPLY,4475.0,0.0
488,1.1,Yellow-S,1054,1045,20.0,22.166666666666664,6.0,4500.0,0.004925925925925926,OVERSUPPLY,4477.833333333333,0.0
488,1.1,Yellow-S,1054,1045,21.0,28.5,4.0,3000.0,0.0095,OVERSUPPLY,2971.5,0.0
488,1.1,Yellow-S,1054,1045,22.0,19.166666666666668,3.0,2250.0,0.008518518518518519,OVERSUPPLY,2230.8333333333335,0.0
488,1.1,Yellow-S,1054,1045,23.0,9.833333333333332,3.0,2250.0,0.00437037037037037,OVERSUPPLY,2240.1666666666665,0.0
490,1.1,Yellow-S,1055,1017,5.0,64.66666666666667,6.0,4500.0,0.014370370370370372,OVERSUPPLY,4435.333333333333,0.0
490,1.1,Yellow-S,1055,1017,6.0,421.8333333333333,6.0,4500.0,0.09374074074074074,OVERSUPPLY,4078.1666666666665,0.0
490,1.1,Yellow-S,1055,1017,7.0,648.8333333333334,6.0,4500.0,0.1441851851851852,OVERSUPPLY,3851.1666666666665,0.0
490,1.1,Yellow-S,1055,1017,8.0,797.8333333333334,6.0,4500.0,0.1772962962962963,OVERSUPPLY,3702.1666666666665,0.0
490,1.1,Yellow-S,1055,1017,9.0,628.1666666666666,6.0,4500.0,0.13959259259259257,OVERSUPPLY,3871.8333333333335,0.0
490,1.1,Yellow-S,1055,1017,10.0,383.1666666666667,6.0,4500.0,0.08514814814814815,OVERSUPPLY,4116.833333333333,0.0
490,1.1,Yellow-S,1055,1017,11.0,313.8333333333333,6.0,4500.0,0.06974074074074074,OVERSUPPLY,4186.166666666667,0.0
490,1.1,Yellow-S,1055,1017,12.0,268.5,6.0,4500.0,0.059666666666666666,OVERSUPPLY,4231.5,0.0
490,1.1,Yellow-S,1055,1017,13.0,249.0,6.0,4500.0,0.05533333333333333,OVERSUPPLY,4251.0,0.0
490,1.1,Yellow-S,1055,1017,14.0,300.8333333333333,6.0,4500.0,0.06685185185185184,OVERSUPPLY,4199.166666666667,0.0
490,1.1,Yellow-S,1055,1017,15.0,390.3333333333333,6.0,4500.0,0.08674074074074074,OVERSUPPLY,4109.666666666667,0.0
490,1.1,Yellow-S,1055,1017,16.0,567.0,6.0,4500.0,0.126,OVERSUPPLY,3933.0,0.0
490,1.1,Yellow-S,1055,1017,17.0,807.0,6.0,4500.0,0.17933333333333334,OVERSUPPLY,3693.0,0.0
490,1.1,Yellow-S,1055,1017,18.0,591.1666666666666,6.0,4500.0,0.13137037037037036,OVERSUPPLY,3908.8333333333335,0.0
490,1.1,Yellow-S,1055,1017,19.0,323.6666666666667,6.0,4500.0,0.07192592592592593,OVERSUPPLY,4176.333333333333,0.0
490,1.1,Yellow-S,1055,1017,20.0,186.16666666666666,6.0,4500.0,0.04137037037037037,OVERSUPPLY,4313.833333333333,0.0
490,1.1,Yellow-S,1055,1017,21.0,145.66666666666666,4.0,3000.0,0.04855555555555555,OVERSUPPLY,2854.3333333333335,0.0
490,1.1,Yellow-S,1055,1017,22.0,148.0,3.0,2250.0,0.06577777777777778,OVERSUPPLY,2102.0,0.0
490,1.1,Yellow-S,1055,1017,23.0,94.16666666666667,3.0,2250.0,0.041851851851851855,OVERSUPPLY,2155.8333333333335,0.0
492,1.1,Yellow-S,1056,1018,5.0,45.666666666666664,6.0,4500.0,0.010148148148148147,OVERSUPPLY,4454.333333333333,0.0
492,1.1,Yellow-S,1056,1018,6.0,199.0,6.0,4500.0,0.044222222222222225,OVERSUPPLY,4301.0,0.0
492,1.1,Yellow-S,1056,1018,7.0,431.3333333333333,6.0,4500.0,0.09585185185185184,OVERSUPPLY,4068.6666666666665,0.0
492,1.1,Yellow-S,1056,1018,8.0,554.3333333333334,6.0,4500.0,0.12318518518518519,OVERSUPPLY,3945.6666666666665,0.0
492,1.1,Yellow-S,1056,1018,9.0,441.6666666666667,6.0,4500.0,0.09814814814814815,OVERSUPPLY,4058.3333333333335,0.0
492,1.1,Yellow-S,1056,1018,10.0,264.8333333333333,6.0,4500.0,0.05885185185185185,OVERSUPPLY,4235.166666666667,0.0
492,1.1,Yellow-S,1056,1018,11.0,210.66666666666666,6.0,4500.0,0.046814814814814816,OVERSUPPLY,4289.333333333333,0.0
492,1.1,Yellow-S,1056,1018,12.0,197.66666666666666,6.0,4500.0,0.043925925925925924,OVERSUPPLY,4302.333333333333,0.0
492,1.1,Yellow-S,1056,1018,13.0,193.0,6.0,4500.0,0.042888888888888886,OVERSUPPLY,4307.0,0.0
492,1.1,Yellow-S,1056,1018,14.0,243.83333333333334,6.0,4500.0,0.05418518518518519,OVERSUPPLY,4256.166666666667,0.0
492,1.1,Yellow-S,1056,1018,15.0,342.5,6.0,4500.0,0.07611111111111112,OVERSUPPLY,4157.5,0.0
492,1.1,Yellow-S,1056,1018,16.0,522.0,6.0,4500.0,0.116,OVERSUPPLY,3978.0,0.0
492,1.1,Yellow-S,1056,1018,17.0,746.6666666666666,6.0,4500.0,0.16592592592592592,OVERSUPPLY,3753.3333333333335,0.0
492,1.1,Yellow-S,1056,1018,18.0,527.8333333333334,6.0,4500.0,0.1172962962962963,OVERSUPPLY,3972.1666666666665,0.0
492,1.1,Yellow-S,1056,1018,19.0,277.8333333333333,6.0,4500.0,0.061740740740740735,OVERSUPPLY,4222.166666666667,0.0
492,1.1,Yellow-S,1056,1018,20.0,149.5,6.0,4500.0,0.03322222222222222,OVERSUPPLY,4350.5,0.0
492,1.1,Yellow-S,1056,1018,21.0,113.83333333333333,4.0,3000.0,0.03794444444444444,OVERSUPPLY,2886.1666666666665,0.0
492,1.1,Yellow-S,1056,1018,22.0,133.0,3.0,2250.0,0.059111111111111114,OVERSUPPLY,2117.0,0.0
492,1.1,Yellow-S,1056,1018,23.0,86.5,3.0,2250.0,0.03844444444444445,OVERSUPPLY,2163.5,0.0
494,1.1,Yellow-S,1057,1019,5.0,17.333333333333332,6.0,4500.0,0.0038518518518518515,OVERSUPPLY,4482.666666666667,0.0
494,1.1,Yellow-S,1057,1019,6.0,99.5,6.0,4500.0,0.022111111111111113,OVERSUPPLY,4400.5,0.0
494,1.1,Yellow-S,1057,1019,7.0,118.33333333333333,6.0,4500.0,0.026296296296296297,OVERSUPPLY,4381.666666666667,0.0
494,1.1,Yellow-S,1057,1019,8.0,123.83333333333333,6.0,4500.0,0.02751851851851852,OVERSUPPLY,4376.166666666667,0.0
494,1.1,Yellow-S,1057,1019,9.0,105.33333333333333,6.0,4500.0,0.023407407407407408,OVERSUPPLY,4394.666666666667,0.0
494,1.1,Yellow-S,1057,1019,10.0,64.5,6.0,4500.0,0.014333333333333333,OVERSUPPLY,4435.5,0.0
494,1.1,Yellow-S,1057,1019,11.0,58.166666666666664,6.0,4500.0,0.012925925925925926,OVERSUPPLY,4441.833333333333,0.0
494,1.1,Yellow-S,1057,1019,12.0,37.0,6.0,4500.0,0.008222222222222223,OVERSUPPLY,4463.0,0.0
494,1.1,Yellow-S,1057,1019,13.0,27.166666666666668,6.0,4500.0,0.006037037037037037,OVERSUPPLY,4472.833333333333,0.0
494,1.1,Yellow-S,1057,1019,14.0,31.833333333333332,6.0,4500.0,0.007074074074074074,OVERSUPPLY,4468.166666666667,0.0
494,1.1,Yellow-S,1057,1019,15.0,23.166666666666668,6.0,4500.0,0.005148148148148148,OVERSUPPLY,4476.833333333333,0.0
494,1.1,Yellow-S,1057,1019,16.0,26.833333333333332,6.0,4500.0,0.0059629629629629624,OVERSUPPLY,4473.166666666667,0.0
494,1.1,Yellow-S,1057,1019,17.0,31.666666666666664,6.0,4500.0,0.007037037037037036,OVERSUPPLY,4468.333333333333,0.0
494,1.1,Yellow-S,1057,1019,18.0,30.666666666666668,6.0,4500.0,0.006814814814814815,OVERSUPPLY,4469.333333333333,0.0
494,1.1,Yellow-S,1057,1019,19.0,19.833333333333332,6.0,4500.0,0.004407407407407407,OVERSUPPLY,4480.166666666667,0.0
494,1.1,Yellow-S,1057,1019,20.0,20.166666666666668,6.0,4500.0,0.004481481481481482,OVERSUPPLY,4479.833333333333,0.0
494,1.1,Yellow-S,1057,1019,21.0,13.5,4.0,3000.0,0.0045,OVERSUPPLY,2986.5,0.0
494,1.1,Yellow-S,1057,1019,22.0,7.833333333333333,3.0,2250.0,0.0034814814814814812,OVERSUPPLY,2242.1666666666665,0.0
494,1.1,Yellow-S,1057,1019,23.0,3.6666666666666665,3.0,2250.0,0.0016296296296296295,OVERSUPPLY,2246.3333333333335,0.0
496,1.1,Yellow-S,1058,1038,5.0,230.0,6.0,4500.0,0.051111111111111114,OVERSUPPLY,4270.0,0.0
496,1.1,Yellow-S,1058,1038,6.0,1031.5,6.0,4500.0,0.22922222222222222,BALANCED,3468.5,0.0
496,1.1,Yellow-S,1058,1038,7.0,1589.5,6.0,4500.0,0.3532222222222222,BALANCED,2910.5,0.0
496,1.1,Yellow-S,1058,1038,8.0,2027.1666666666667,6.0,4500.0,0.4504814814814815,BALANCED,2472.833333333333,0.0
496,1.1,Yellow-S,1058,1038,9.0,1357.8333333333333,6.0,4500.0,0.3017407407407407,BALANCED,3142.166666666667,0.0
496,1.1,Yellow-S,1058,1038,10.0,575.0,6.0,4500.0,0.12777777777777777,OVERSUPPLY,3925.0,0.0
496,1.1,Yellow-S,1058,1038,11.0,419.5,6.0,4500.0,0.09322222222222222,OVERSUPPLY,4080.5,0.0
496,1.1,Yellow-S,1058,1038,12.0,256.5,6.0,4500.0,0.057,OVERSUPPLY,4243.5,0.0
496,1.1,Yellow-S,1058,1038,13.0,207.66666666666666,6.0,4500.0,0.046148148148148146,OVERSUPPLY,4292.333333333333,0.0
496,1.1,Yellow-S,1058,1038,14.0,219.0,6.0,4500.0,0.048666666666666664,OVERSUPPLY,4281.0,0.0
496,1.1,Yellow-S,1058,1038,15.0,183.83333333333334,6.0,4500.0,0.040851851851851854,OVERSUPPLY,4316.166666666667,0.0
496,1.1,Yellow-S,1058,1038,16.0,216.5,6.0,4500.0,0.04811111111111111,OVERSUPPLY,4283.5,0.0
496,1.1,Yellow-S,1058,1038,17.0,260.5,6.0,4500.0,0.057888888888888886,OVERSUPPLY,4239.5,0.0
496,1.1,Yellow-S,1058,1038,18.0,246.0,6.0,4500.0,0.05466666666666667,OVERSUPPLY,4254.0,0.0
496,1.1,Yellow-S,1058,1038,19.0,149.5,6.0,4500.0,0.03322222222222222,OVERSUPPLY,4350.5,0.0
496,1.1,Yellow-S,1058,1038,20.0,96.33333333333333,6.0,4500.0,0.021407407407407406,OVERSUPPLY,4403.666666666667,0.0
496,1.1,Yellow-S,1058,1038,21.0,83.5,4.0,3000.0,0.027833333333333335,OVERSUPPLY,2916.5,0.0
496,1.1,Yellow-S,1058,1038,22.0,56.33333333333333,3.0,2250.0,0.025037037037037035,OVERSUPPLY,2193.6666666666665,0.0
496,1.1,Yellow-S,1058,1038,23.0,39.166666666666664,3.0,2250.0,0.017407407407407406,OVERSUPPLY,2210.8333333333335,0.0
498,1.1,Yellow-S,1059,1039,5.0,11.0,6.0,4500.0,0.0024444444444444444,OVERSUPPLY,4489.0,0.0
498,1.1,Yellow-S,1059,1039,6.0,35.5,6.0,4500.0,0.00788888888888889,OVERSUPPLY,4464.5,0.0
498,1.1,Yellow-S,1059,1039,7.0,129.5,6.0,4500.0,0.028777777777777777,OVERSUPPLY,4370.5,0.0
498,1.1,Yellow-S,1059,1039,8.0,250.50000000000003,6.0,4500.0,0.05566666666666667,OVERSUPPLY,4249.5,0.0
498,1.1,Yellow-S,1059,1039,9.0,162.83333333333334,6.0,4500.0,0.03618518518518519,OVERSUPPLY,4337.166666666667,0.0
498,1.1,Yellow-S,1059,1039,10.0,84.83333333333333,6.0,4500.0,0.018851851851851852,OVERSUPPLY,4415.166666666667,0.0
498,1.1,Yellow-S,1059,1039,11.0,55.5,6.0,4500.0,0.012333333333333333,OVERSUPPLY,4444.5,0.0
498,1.1,Yellow-S,1059,1039,12.0,37.0,6.0,4500.0,0.008222222222222223,OVERSUPPLY,4463.0,0.0
498,1.1,Yellow-S,1059,1039,13.0,32.166666666666664,6.0,4500.0,0.007148148148148147,OVERSUPPLY,4467.833333333333,0.0
498,1.1,Yellow-S,1059,1039,14.0,29.833333333333332,6.0,4500.0,0.006629629629629629,OVERSUPPLY,4470.166666666667,0.0
498,1.1,Yellow-S,1059,1039,15.0,37.333333333333336,6.0,4500.0,0.008296296296296296,OVERSUPPLY,4462.666666666667,0.0
498,1.1,Yellow-S,1059,1039,16.0,45.833333333333336,6.0,4500.0,0.010185185185185186,OVERSUPPLY,4454.166666666667,0.0
498,1.1,Yellow-S,1059,1039,17.0,49.0,6.0,4500.0,0.010888888888888889,OVERSUPPLY,4451.0,0.0
498,1.1,Yellow-S,1059,1039,18.0,60.5,6.0,4500.0,0.013444444444444445,OVERSUPPLY,4439.5,0.0
498,1.1,Yellow-S,1059,1039,19.0,33.333333333333336,6.0,4500.0,0.007407407407407408,OVERSUPPLY,4466.666666666667,0.0
498,1.1,Yellow-S,1059,1039,20.0,18.333333333333332,6.0,4500.0,0.004074074074074074,OVERSUPPLY,4481.666666666667,0.0
498,1.1,Yellow-S,1059,1039,21.0,15.333333333333334,4.0,3000.0,0.005111111111111111,OVERSUPPLY,2984.6666666666665,0.0
498,1.1,Yellow-S,1059,1039,22.0,9.666666666666666,3.0,2250.0,0.004296296296296296,OVERSUPPLY,2240.3333333333335,0.0
498,1.1,Yellow-S,1059,1039,23.0,9.166666666666666,3.0,2250.0,0.004074074074074074,OVERSUPPLY,2240.8333333333335,0.0
500,1.1,Yellow-S,1060,1040,5.0,195.33333333333334,6.0,4500.0,0.04340740740740741,OVERSUPPLY,4304.666666666667,0.0
500,1.1,Yellow-S,1060,1040,6.0,570.6666666666666,6.0,4500.0,0.1268148148148148,OVERSUPPLY,3929.3333333333335,0.0
500,1.1,Yellow-S,1060,1040,7.0,1017.0,6.0,4500.0,0.226,BALANCED,3483.0,0.0
500,1.1,Yellow-S,1060,1040,8.0,1331.6666666666667,6.0,4500.0,0.2959259259259259,BALANCED,3168.333333333333,0.0
500,1.1,Yellow-S,1060,1040,9.0,915.3333333333334,6.0,4500.0,0.20340740740740743,BALANCED,3584.6666666666665,0.0
500,1.1,Yellow-S,1060,1040,10.0,395.8333333333333,6.0,4500.0,0.08796296296296297,OVERSUPPLY,4104.166666666667,0.0
500,1.1,Yellow-S,1060,1040,11.0,266.3333333333333,6.0,4500.0,0.05918518518518518,OVERSUPPLY,4233.666666666667,0.0
500,1.1,Yellow-S,1060,1040,12.0,162.5,6.0,4500.0,0.03611111111111111,OVERSUPPLY,4337.5,0.0
500,1.1,Yellow-S,1060,1040,13.0,127.83333333333333,6.0,4500.0,0.028407407407407406,OVERSUPPLY,4372.166666666667,0.0
500,1.1,Yellow-S,1060,1040,14.0,141.16666666666666,6.0,4500.0,0.03137037037037037,OVERSUPPLY,4358.833333333333,0.0
500,1.1,Yellow-S,1060,1040,15.0,112.5,6.0,4500.0,0.025,OVERSUPPLY,4387.5,0.0
500,1.1,Yellow-S,1060,1040,16.0,147.0,6.0,4500.0,0.03266666666666666,OVERSUPPLY,4353.0,0.0
500,1.1,Yellow-S,1060,1040,17.0,190.83333333333334,6.0,4500.0,0.04240740740740741,OVERSUPPLY,4309.166666666667,0.0
500,1.1,Yellow-S,1060,1040,18.0,163.5,6.0,4500.0,0.036333333333333336,OVERSUPPLY,4336.5,0.0
500,1.1,Yellow-S,1060,1040,19.0,95.16666666666667,6.0,4500.0,0.02114814814814815,OVERSUPPLY,4404.833333333333,0.0
500,1.1,Yellow-S,1060,1040,20.0,57.666666666666664,6.0,4500.0,0.012814814814814814,OVERSUPPLY,4442.333333333333,0.0
500,1.1,Yellow-S,1060,1040,21.0,47.166666666666664,4.0,3000.0,0.01572222222222222,OVERSUPPLY,2952.8333333333335,0.0
500,1.1,Yellow-S,1060,1040,22.0,30.333333333333332,3.0,2250.0,0.013481481481481481,OVERSUPPLY,2219.6666666666665,0.0
500,1.1,Yellow-S,1060,1040,23.0,19.333333333333332,3.0,2250.0,0.008592592592592593,OVERSUPPLY,2230.6666666666665,0.0
502,1.1,Yellow-S,1061,1064,5.0,5.166666666666667,6.0,4500.0,0.0011481481481481481,OVERSUPPLY,4494.833333333333,0.0
502,1.1,Yellow-S,1061,1064,6.0,163.66666666666666,6.0,4500.0,0.036370370370370365,OVERSUPPLY,4336.333333333333,0.0
502,1.1,Yellow-S,1061,1064,7.0,137.0,6.0,4500.0,0.030444444444444444,OVERSUPPLY,4363.0,0.0
502,1.1,Yellow-S,1061,1064,8.0,176.66666666666666,6.0,4500.0,0.03925925925925926,OVERSUPPLY,4323.333333333333,0.0
502,1.1,Yellow-S,1061,1064,9.0,204.66666666666666,6.0,4500.0,0.04548148148148148,OVERSUPPLY,4295.333333333333,0.0
502,1.1,Yellow-S,1061,1064,10.0,174.33333333333334,6.0,4500.0,0.03874074074074074,OVERSUPPLY,4325.666666666667,0.0
502,1.1,Yellow-S,1061,1064,11.0,173.16666666666666,6.0,4500.0,0.03848148148148148,OVERSUPPLY,4326.833333333333,0.0
502,1.1,Yellow-S,1061,1064,12.0,142.5,6.0,4500.0,0.03166666666666667,OVERSUPPLY,4357.5,0.0
502,1.1,Yellow-S,1061,1064,13.0,125.5,6.0,4500.0,0.02788888888888889,OVERSUPPLY,4374.5,0.0
502,1.1,Yellow-S,1061,1064,14.0,130.33333333333334,6.0,4500.0,0.028962962962962965,OVERSUPPLY,4369.666666666667,0.0
502,1.1,Yellow-S,1061,1064,15.0,103.5,6.0,4500.0,0.023,OVERSUPPLY,4396.5,0.0
502,1.1,Yellow-S,1061,1064,16.0,104.16666666666667,6.0,4500.0,0.02314814814814815,OVERSUPPLY,4395.833333333333,0.0
502,1.1,Yellow-S,1061,1064,17.0,110.83333333333333,6.0,4500.0,0.02462962962962963,OVERSUPPLY,4389.166666666667,0.0
502,1.1,Yellow-S,1061,1064,18.0,117.0,6.0,4500.0,0.026,OVERSUPPLY,4383.0,0.0
502,1.1,Yellow-S,1061,1064,19.0,87.33333333333333,6.0,4500.0,0.019407407407407408,OVERSUPPLY,4412.666666666667,0.0
502,1.1,Yellow-S,1061,1064,20.0,92.33333333333333,6.0,4500.0,0.020518518518518516,OVERSUPPLY,4407.666666666667,0.0
502,1.1,Yellow-S,1061,1064,21.0,67.66666666666667,4.0,3000.0,0.022555555555555558,OVERSUPPLY,2932.3333333333335,0.0
502,1.1,Yellow-S,1061,1064,22.0,31.333333333333332,3.0,2250.0,0.013925925925925925,OVERSUPPLY,2218.6666666666665,0.0
502,1.1,Yellow-S,1061,1064,23.0,8.5,3.0,2250.0,0.003777777777777778,OVERSUPPLY,2241.5,0.0
504,1.1,Yellow-S,1062,1065,6.0,103.5,6.0,4500.0,0.023,OVERSUPPLY,4396.5,0.0
504,1.1,Yellow-S,1062,1065,7.0,99.16666666666666,6.0,4500.0,0.022037037037037036,OVERSUPPLY,4400.833333333333,0.0
504,1.1,Yellow-S,1062,1065,8.0,127.0,6.0,4500.0,0.02822222222222222,OVERSUPPLY,4373.0,0.0
504,1.1,Yellow-S,1062,1065,9.0,152.16666666666666,6.0,4500.0,0.03381481481481481,OVERSUPPLY,4347.833333333333,0.0
504,1.1,Yellow-S,1062,1065,10.0,125.16666666666667,6.0,4500.0,0.027814814814814817,OVERSUPPLY,4374.833333333333,0.0
504,1.1,Yellow-S,1062,1065,11.0,129.5,6.0,4500.0,0.028777777777777777,OVERSUPPLY,4370.5,0.0
504,1.1,Yellow-S,1062,1065,12.0,104.5,6.0,4500.0,0.02322222222222222,OVERSUPPLY,4395.5,0.0
504,1.1,Yellow-S,1062,1065,13.0,97.83333333333333,6.0,4500.0,0.02174074074074074,OVERSUPPLY,4402.166666666667,0.0
504,1.1,Yellow-S,1062,1065,14.0,101.33333333333333,6.0,4500.0,0.022518518518518518,OVERSUPPLY,4398.666666666667,0.0
504,1.1,Yellow-S,1062,1065,15.0,82.5,6.0,4500.0,0.018333333333333333,OVERSUPPLY,4417.5,0.0
504,1.1,Yellow-S,1062,1065,16.0,80.0,6.0,4500.0,0.017777777777777778,OVERSUPPLY,4420.0,0.0
504,1.1,Yellow-S,1062,1065,17.0,88.83333333333333,6.0,4500.0,0.01974074074074074,OVERSUPPLY,4411.166666666667,0.0
504,1.1,Yellow-S,1062,1065,18.0,90.0,6.0,4500.0,0.02,OVERSUPPLY,4410.0,0.0
504,1.1,Yellow-S,1062,1065,19.0,67.33333333333333,6.0,4500.0,0.014962962962962963,OVERSUPPLY,4432.666666666667,0.0
504,1.1,Yellow-S,1062,1065,20.0,66.66666666666667,6.0,4500.0,0.014814814814814815,OVERSUPPLY,4433.333333333333,0.0
504,1.1,Yellow-S,1062,1065,21.0,42.666666666666664,4.0,3000.0,0.014222222222222221,OVERSUPPLY,2957.3333333333335,0.0
504,1.1,Yellow-S,1062,1065,22.0,22.0,3.0,2250.0,0.009777777777777778,OVERSUPPLY,2228.0,0.0
504,1.1,Yellow-S,1062,1065,23.0,5.833333333333333,3.0,2250.0,0.0025925925925925925,OVERSUPPLY,2244.1666666666665,0.0
506,1.1,Yellow-S,1063,1066,6.0,33.333333333333336,6.0,4500.0,0.007407407407407408,OVERSUPPLY,4466.666666666667,0.0
506,1.1,Yellow-S,1063,1066,7.0,20.5,6.0,4500.0,0.004555555555555556,OVERSUPPLY,4479.5,0.0
506,1.1,Yellow-S,1063,1066,8.0,27.666666666666664,6.0,4500.0,0.006148148148148147,OVERSUPPLY,4472.333333333333,0.0
506,1.1,Yellow-S,1063,1066,9.0,31.0,6.0,4500.0,0.006888888888888889,OVERSUPPLY,4469.0,0.0
506,1.1,Yellow-S,1063,1066,10.0,26.833333333333332,6.0,4500.0,0.0059629629629629624,OVERSUPPLY,4473.166666666667,0.0
506,1.1,Yellow-S,1063,1066,11.0,26.666666666666664,6.0,4500.0,0.005925925925925926,OVERSUPPLY,4473.333333333333,0.0
506,1.1,Yellow-S,1063,1066,12.0,18.333333333333332,6.0,4500.0,0.004074074074074074,OVERSUPPLY,4481.666666666667,0.0
506,1.1,Yellow-S,1063,1066,13.0,12.333333333333334,6.0,4500.0,0.002740740740740741,OVERSUPPLY,4487.666666666667,0.0
506,1.1,Yellow-S,1063,1066,14.0,15.666666666666668,6.0,4500.0,0.0034814814814814817,OVERSUPPLY,4484.333333333333,0.0
506,1.1,Yellow-S,1063,1066,15.0,8.833333333333334,6.0,4500.0,0.0019629629629629632,OVERSUPPLY,4491.166666666667,0.0
506,1.1,Yellow-S,1063,1066,16.0,10.5,6.0,4500.0,0.0023333333333333335,OVERSUPPLY,4489.5,0.0
506,1.1,Yellow-S,1063,1066,17.0,10.0,6.0,4500.0,0.0022222222222222222,OVERSUPPLY,4490.0,0.0
506,1.1,Yellow-S,1063,1066,18.0,6.5,6.0,4500.0,0.0014444444444444444,OVERSUPPLY,4493.5,0.0
506,1.1,Yellow-S,1063,1066,19.0,5.833333333333333,6.0,4500.0,0.0012962962962962963,OVERSUPPLY,4494.166666666667,0.0
506,1.1,Yellow-S,1063,1066,20.0,11.333333333333332,6.0,4500.0,0.0025185185185185185,OVERSUPPLY,4488.666666666667,0.0
506,1.1,Yellow-S,1063,1066,21.0,7.833333333333333,4.0,3000.0,0.002611111111111111,OVERSUPPLY,2992.1666666666665,0.0
506,1.1,Yellow-S,1063,1066,22.0,3.8333333333333335,3.0,2250.0,0.0017037037037037038,OVERSUPPLY,2246.1666666666665,0.0
506,1.1,Yellow-S,1063,1066,23.0,1.3333333333333333,3.0,2250.0,0.0005925925925925926,OVERSUPPLY,2248.6666666666665,0.0
511,1.1,Yellow-S,1067,1061,5.0,1.8333333333333333,6.0,4500.0,0.0004074074074074074,OVERSUPPLY,4498.166666666667,0.0
511,1.1,Yellow-S,1067,1061,6.0,197.5,6.0,4500.0,0.04388888888888889,OVERSUPPLY,4302.5,0.0
511,1.1,Yellow-S,1067,1061,7.0,175.5,6.0,4500.0,0.039,OVERSUPPLY,4324.5,0.0
511,1.1,Yellow-S,1067,1061,8.0,223.0,6.0,4500.0,0.049555555555555554,OVERSUPPLY,4277.0,0.0
511,1.1,Yellow-S,1067,1061,9.0,236.33333333333334,6.0,4500.0,0.05251851851851852,OVERSUPPLY,4263.666666666667,0.0
511,1.1,Yellow-S,1067,1061,10.0,192.83333333333334,6.0,4500.0,0.042851851851851856,OVERSUPPLY,4307.166666666667,0.0
511,1.1,Yellow-S,1067,1061,11.0,186.0,6.0,4500.0,0.04133333333333333,OVERSUPPLY,4314.0,0.0
511,1.1,Yellow-S,1067,1061,12.0,157.16666666666666,6.0,4500.0,0.03492592592592592,OVERSUPPLY,4342.833333333333,0.0
511,1.1,Yellow-S,1067,1061,13.0,140.33333333333334,6.0,4500.0,0.031185185185185187,OVERSUPPLY,4359.666666666667,0.0
511,1.1,Yellow-S,1067,1061,14.0,159.66666666666666,6.0,4500.0,0.03548148148148148,OVERSUPPLY,4340.333333333333,0.0
511,1.1,Yellow-S,1067,1061,15.0,150.83333333333334,6.0,4500.0,0.033518518518518524,OVERSUPPLY,4349.166666666667,0.0
511,1.1,Yellow-S,1067,1061,16.0,170.66666666666666,6.0,4500.0,0.037925925925925925,OVERSUPPLY,4329.333333333333,0.0
511,1.1,Yellow-S,1067,1061,17.0,229.0,6.0,4500.0,0.050888888888888886,OVERSUPPLY,4271.0,0.0
511,1.1,Yellow-S,1067,1061,18.0,188.16666666666666,6.0,4500.0,0.04181481481481481,OVERSUPPLY,4311.833333333333,0.0
511,1.1,Yellow-S,1067,1061,19.0,122.83333333333333,6.0,4500.0,0.027296296296296294,OVERSUPPLY,4377.166666666667,0.0
511,1.1,Yellow-S,1067,1061,20.0,101.0,6.0,4500.0,0.022444444444444444,OVERSUPPLY,4399.0,0.0
511,1.1,Yellow-S,1067,1061,21.0,75.0,4.0,3000.0,0.025,OVERSUPPLY,2925.0,0.0
511,1.1,Yellow-S,1067,1061,22.0,33.333333333333336,3.0,2250.0,0.014814814814814815,OVERSUPPLY,2216.6666666666665,0.0
511,1.1,Yellow-S,1067,1061,23.0,15.0,3.0,2250.0,0.006666666666666667,OVERSUPPLY,2235.0,0.0
513,1.1,Yellow-S,1068,1062,5.0,1.3333333333333333,6.0,4500.0,0.0002962962962962963,OVERSUPPLY,4498.666666666667,0.0
513,1.1,Yellow-S,1068,1062,6.0,127.33333333333333,6.0,4500.0,0.028296296296296295,OVERSUPPLY,4372.666666666667,0.0
513,1.1,Yellow-S,1068,1062,7.0,134.0,6.0,4500.0,0.029777777777777778,OVERSUPPLY,4366.0,0.0
513,1.1,Yellow-S,1068,1062,8.0,166.83333333333334,6.0,4500.0,0.03707407407407408,OVERSUPPLY,4333.166666666667,0.0
513,1.1,Yellow-S,1068,1062,9.0,184.16666666666666,6.0,4500.0,0.04092592592592592,OVERSUPPLY,4315.833333333333,0.0
513,1.1,Yellow-S,1068,1062,10.0,149.0,6.0,4500.0,0.03311111111111111,OVERSUPPLY,4351.0,0.0
513,1.1,Yellow-S,1068,1062,11.0,146.5,6.0,4500.0,0.03255555555555555,OVERSUPPLY,4353.5,0.0
513,1.1,Yellow-S,1068,1062,12.0,125.16666666666666,6.0,4500.0,0.027814814814814813,OVERSUPPLY,4374.833333333333,0.0
513,1.1,Yellow-S,1068,1062,13.0,118.5,6.0,4500.0,0.026333333333333334,OVERSUPPLY,4381.5,0.0
513,1.1,Yellow-S,1068,1062,14.0,136.5,6.0,4500.0,0.030333333333333334,OVERSUPPLY,4363.5,0.0
513,1.1,Yellow-S,1068,1062,15.0,135.16666666666666,6.0,4500.0,0.030037037037037036,OVERSUPPLY,4364.833333333333,0.0
513,1.1,Yellow-S,1068,1062,16.0,152.66666666666666,6.0,4500.0,0.03392592592592592,OVERSUPPLY,4347.333333333333,0.0
513,1.1,Yellow-S,1068,1062,17.0,208.0,6.0,4500.0,0.04622222222222222,OVERSUPPLY,4292.0,0.0
513,1.1,Yellow-S,1068,1062,18.0,168.5,6.0,4500.0,0.03744444444444445,OVERSUPPLY,4331.5,0.0
513,1.1,Yellow-S,1068,1062,19.0,108.5,6.0,4500.0,0.02411111111111111,OVERSUPPLY,4391.5,0.0
513,1.1,Yellow-S,1068,1062,20.0,82.33333333333333,6.0,4500.0,0.018296296296296297,OVERSUPPLY,4417.666666666667,0.0
513,1.1,Yellow-S,1068,1062,21.0,55.0,4.0,3000.0,0.018333333333333333,OVERSUPPLY,2945.0,0.0
513,1.1,Yellow-S,1068,1062,22.0,26.5,3.0,2250.0,0.011777777777777778,OVERSUPPLY,2223.5,0.0
513,1.1,Yellow-S,1068,1062,23.0,12.666666666666666,3.0,2250.0,0.005629629629629629,OVERSUPPLY,2237.3333333333335,0.0
515,1.1,Yellow-S,1069,1063,5.0,0.5,6.0,4500.0,0.00011111111111111112,OVERSUPPLY,4499.5,0.0
515,1.1,Yellow-S,1069,1063,6.0,36.666666666666664,6.0,4500.0,0.008148148148148147,OVERSUPPLY,4463.333333333333,0.0
515,1.1,Yellow-S,1069,1063,7.0,26.166666666666668,6.0,4500.0,0.005814814814814815,OVERSUPPLY,4473.833333333333,0.0
515,1.1,Yellow-S,1069,1063,8.0,32.5,6.0,4500.0,0.007222222222222222,OVERSUPPLY,4467.5,0.0
515,1.1,Yellow-S,1069,1063,9.0,34.333333333333336,6.0,4500.0,0.00762962962962963,OVERSUPPLY,4465.666666666667,0.0
515,1.1,Yellow-S,1069,1063,10.0,28.833333333333332,6.0,4500.0,0.006407407407407407,OVERSUPPLY,4471.166666666667,0.0
515,1.1,Yellow-S,1069,1063,11.0,28.333333333333336,6.0,4500.0,0.006296296296296297,OVERSUPPLY,4471.666666666667,0.0
515,1.1,Yellow-S,1069,1063,12.0,19.333333333333332,6.0,4500.0,0.004296296296296296,OVERSUPPLY,4480.666666666667,0.0
515,1.1,Yellow-S,1069,1063,13.0,12.5,6.0,4500.0,0.002777777777777778,OVERSUPPLY,4487.5,0.0
515,1.1,Yellow-S,1069,1063,14.0,16.833333333333332,6.0,4500.0,0.0037407407407407407,OVERSUPPLY,4483.166666666667,0.0
515,1.1,Yellow-S,1069,1063,15.0,9.833333333333334,6.0,4500.0,0.0021851851851851854,OVERSUPPLY,4490.166666666667,0.0
515,1.1,Yellow-S,1069,1063,16.0,11.0,6.0,4500.0,0.0024444444444444444,OVERSUPPLY,4489.0,0.0
515,1.1,Yellow-S,1069,1063,17.0,11.5,6.0,4500.0,0.0025555555555555557,OVERSUPPLY,4488.5,0.0
515,1.1,Yellow-S,1069,1063,18.0,8.833333333333332,6.0,4500.0,0.001962962962962963,OVERSUPPLY,4491.166666666667,0.0
515,1.1,Yellow-S,1069,1063,19.0,6.666666666666666,6.0,4500.0,0.0014814814814814814,OVERSUPPLY,4493.333333333333,0.0
515,1.1,Yellow-S,1069,1063,20.0,12.0,6.0,4500.0,0.0026666666666666666,OVERSUPPLY,4488.0,0.0
515,1.1,Yellow-S,1069,1063,21.0,8.333333333333334,4.0,3000.0,0.002777777777777778,OVERSUPPLY,2991.6666666666665,0.0
515,1.1,Yellow-S,1069,1063,22.0,3.8333333333333335,3.0,2250.0,0.0017037037037037038,OVERSUPPLY,2246.1666666666665,0.0
515,1.1,Yellow-S,1069,1063,23.0,1.3333333333333333,3.0,2250.0,0.0005925925925925926,OVERSUPPLY,2248.6666666666665,0.0
517,1.1,Yellow-S,1070,1035,5.0,16.5,6.0,4500.0,0.0036666666666666666,OVERSUPPLY,4483.5,0.0
517,1.1,Yellow-S,1070,1035,6.0,273.6666666666667,6.0,4500.0,0.06081481481481482,OVERSUPPLY,4226.333333333333,0.0
517,1.1,Yellow-S,1070,1035,7.0,305.1666666666667,6.0,4500.0,0.06781481481481481,OVERSUPPLY,4194.833333333333,0.0
517,1.1,Yellow-S,1070,1035,8.0,302.8333333333333,6.0,4500.0,0.0672962962962963,OVERSUPPLY,4197.166666666667,0.0
517,1.1,Yellow-S,1070,1035,9.0,182.66666666666666,6.0,4500.0,0.04059259259259259,OVERSUPPLY,4317.333333333333,0.0
517,1.1,Yellow-S,1070,1035,10.0,66.66666666666667,6.0,4500.0,0.014814814814814815,OVERSUPPLY,4433.333333333333,0.0
517,1.1,Yellow-S,1070,1035,11.0,67.66666666666667,6.0,4500.0,0.015037037037037038,OVERSUPPLY,4432.333333333333,0.0
517,1.1,Yellow-S,1070,1035,12.0,42.0,6.0,4500.0,0.009333333333333334,OVERSUPPLY,4458.0,0.0
517,1.1,Yellow-S,1070,1035,13.0,34.5,6.0,4500.0,0.007666666666666666,OVERSUPPLY,4465.5,0.0
517,1.1,Yellow-S,1070,1035,14.0,37.166666666666664,6.0,4500.0,0.00825925925925926,OVERSUPPLY,4462.833333333333,0.0
517,1.1,Yellow-S,1070,1035,15.0,30.833333333333332,6.0,4500.0,0.006851851851851851,OVERSUPPLY,4469.166666666667,0.0
517,1.1,Yellow-S,1070,1035,16.0,21.333333333333332,6.0,4500.0,0.004740740740740741,OVERSUPPLY,4478.666666666667,0.0
517,1.1,Yellow-S,1070,1035,17.0,18.666666666666664,6.0,4500.0,0.004148148148148147,OVERSUPPLY,4481.333333333333,0.0
517,1.1,Yellow-S,1070,1035,18.0,18.166666666666664,6.0,4500.0,0.004037037037037037,OVERSUPPLY,4481.833333333333,0.0
517,1.1,Yellow-S,1070,1035,19.0,15.833333333333332,6.0,4500.0,0.003518518518518518,OVERSUPPLY,4484.166666666667,0.0
517,1.1,Yellow-S,1070,1035,20.0,14.333333333333332,6.0,4500.0,0.003185185185185185,OVERSUPPLY,4485.666666666667,0.0
517,1.1,Yellow-S,1070,1035,21.0,12.666666666666666,4.0,3000.0,0.004222222222222222,OVERSUPPLY,2987.3333333333335,0.0
517,1.1,Yellow-S,1070,1035,22.0,10.833333333333334,3.0,2250.0,0.004814814814814815,OVERSUPPLY,2239.1666666666665,0.0
517,1.1,Yellow-S,1070,1035,23.0,7.0,3.0,2250.0,0.003111111111111111,OVERSUPPLY,2243.0,0.0
519,1.1,Yellow-S,1071,1036,5.0,344.1666666666667,6.0,4500.0,0.07648148148148148,OVERSUPPLY,4155.833333333333,0.0
519,1.1,Yellow-S,1071,1036,6.0,1131.3333333333333,6.0,4500.0,0.2514074074074074,BALANCED,3368.666666666667,0.0
519,1.1,Yellow-S,1071,1036,7.0,1825.1666666666667,6.0,4500.0,0.4055925925925926,BALANCED,2674.833333333333,0.0
519,1.1,Yellow-S,1071,1036,8.0,2147.5,6.0,4500.0,0.4772222222222222,BALANCED,2352.5,0.0
519,1.1,Yellow-S,1071,1036,9.0,1523.6666666666667,6.0,4500.0,0.3385925925925926,BALANCED,2976.333333333333,0.0
519,1.1,Yellow-S,1071,1036,10.0,644.3333333333334,6.0,4500.0,0.1431851851851852,OVERSUPPLY,3855.6666666666665,0.0
519,1.1,Yellow-S,1071,1036,11.0,464.3333333333333,6.0,4500.0,0.10318518518518519,OVERSUPPLY,4035.6666666666665,0.0
519,1.1,Yellow-S,1071,1036,12.0,280.3333333333333,6.0,4500.0,0.062296296296296294,OVERSUPPLY,4219.666666666667,0.0
519,1.1,Yellow-S,1071,1036,13.0,236.16666666666666,6.0,4500.0,0.052481481481481476,OVERSUPPLY,4263.833333333333,0.0
519,1.1,Yellow-S,1071,1036,14.0,264.1666666666667,6.0,4500.0,0.05870370370370371,OVERSUPPLY,4235.833333333333,0.0
519,1.1,Yellow-S,1071,1036,15.0,204.16666666666666,6.0,4500.0,0.045370370370370366,OVERSUPPLY,4295.833333333333,0.0
519,1.1,Yellow-S,1071,1036,16.0,262.6666666666667,6.0,4500.0,0.05837037037037038,OVERSUPPLY,4237.333333333333,0.0
519,1.1,Yellow-S,1071,1036,17.0,327.3333333333333,6.0,4500.0,0.07274074074074073,OVERSUPPLY,4172.666666666667,0.0
519,1.1,Yellow-S,1071,1036,18.0,286.5,6.0,4500.0,0.06366666666666666,OVERSUPPLY,4213.5,0.0
519,1.1,Yellow-S,1071,1036,19.0,161.5,6.0,4500.0,0.03588888888888889,OVERSUPPLY,4338.5,0.0
519,1.1,Yellow-S,1071,1036,20.0,103.66666666666667,6.0,4500.0,0.023037037037037036,OVERSUPPLY,4396.333333333333,0.0
519,1.1,Yellow-S,1071,1036,21.0,90.0,4.0,3000.0,0.03,OVERSUPPLY,2910.0,0.0
519,1.1,Yellow-S,1071,1036,22.0,55.5,3.0,2250.0,0.024666666666666667,OVERSUPPLY,2194.5,0.0
519,1.1,Yellow-S,1071,1036,23.0,37.0,3.0,2250.0,0.016444444444444446,OVERSUPPLY,2213.0,0.0
523,1.1,Yellow-S,1073,1029,5.0,495.5,6.0,4500.0,0.11011111111111112,OVERSUPPLY,4004.5,0.0
523,1.1,Yellow-S,1073,1029,6.0,1706.6666666666667,6.0,4500.0,0.3792592592592593,BALANCED,2793.333333333333,0.0
523,1.1,Yellow-S,1073,1029,7.0,3267.3333333333335,6.0,4500.0,0.7260740740740741,BALANCED,1232.6666666666665,0.0
523,1.1,Yellow-S,1073,1029,8.0,4659.5,6.0,4500.0,1.0354444444444444,UNDERSUPPLY,0.0,159.5
523,1.1,Yellow-S,1073,1029,9.0,3233.5,6.0,4500.0,0.7185555555555555,BALANCED,1266.5,0.0
523,1.1,Yellow-S,1073,1029,10.0,1562.6666666666667,6.0,4500.0,0.34725925925925927,BALANCED,2937.333333333333,0.0
523,1.1,Yellow-S,1073,1029,11.0,1068.0,6.0,4500.0,0.23733333333333334,BALANCED,3432.0,0.0
523,1.1,Yellow-S,1073,1029,12.0,778.5,6.0,4500.0,0.173,OVERSUPPLY,3721.5,0.0
523,1.1,Yellow-S,1073,1029,13.0,661.8333333333334,6.0,4500.0,0.14707407407407408,OVERSUPPLY,3838.1666666666665,0.0
523,1.1,Yellow-S,1073,1029,14.0,624.6666666666666,6.0,4500.0,0.1388148148148148,OVERSUPPLY,3875.3333333333335,0.0
523,1.1,Yellow-S,1073,1029,15.0,587.1666666666666,6.0,4500.0,0.13048148148148148,OVERSUPPLY,3912.8333333333335,0.0
523,1.1,Yellow-S,1073,1029,16.0,707.6666666666666,6.0,4500.0,0.15725925925925924,OVERSUPPLY,3792.3333333333335,0.0
523,1.1,Yellow-S,1073,1029,17.0,972.0,6.0,4500.0,0.216,BALANCED,3528.0,0.0
523,1.1,Yellow-S,1073,1029,18.0,837.3333333333334,6.0,4500.0,0.1860740740740741,OVERSUPPLY,3662.6666666666665,0.0
523,1.1,Yellow-S,1073,1029,19.0,482.6666666666667,6.0,4500.0,0.10725925925925926,OVERSUPPLY,4017.3333333333335,0.0
523,1.1,Yellow-S,1073,1029,20.0,265.6666666666667,6.0,4500.0,0.05903703703703704,OVERSUPPLY,4234.333333333333,0.0
523,1.1,Yellow-S,1073,1029,21.0,235.16666666666666,4.0,3000.0,0.07838888888888888,OVERSUPPLY,2764.8333333333335,0.0
523,1.1,Yellow-S,1073,1029,22.0,269.5,3.0,2250.0,0.11977777777777777,OVERSUPPLY,1980.5,0.0
523,1.1,Yellow-S,1073,1029,23.0,164.66666666666666,3.0,2250.0,0.07318518518518519,OVERSUPPLY,2085.3333333333335,0.0
525,1.1,Yellow-S,1074,1030,5.0,269.5,6.0,4500.0,0.05988888888888889,OVERSUPPLY,4230.5,0.0
525,1.1,Yellow-S,1074,1030,6.0,734.6666666666666,6.0,4500.0,0.16325925925925924,OVERSUPPLY,3765.3333333333335,0.0
525,1.1,Yellow-S,1074,1030,7.0,1783.6666666666667,6.0,4500.0,0.3963703703703704,BALANCED,2716.333333333333,0.0
525,1.1,Yellow-S,1074,1030,8.0,2729.6666666666665,6.0,4500.0,0.6065925925925926,BALANCED,1770.3333333333335,0.0
525,1.1,Yellow-S,1074,1030,9.0,1910.0,6.0,4500.0,0.42444444444444446,BALANCED,2590.0,0.0
525,1.1,Yellow-S,1074,1030,10.0,978.6666666666666,6.0,4500.0,0.21748148148148147,BALANCED,3521.3333333333335,0.0
525,1.1,Yellow-S,1074,1030,11.0,655.5,6.0,4500.0,0.14566666666666667,OVERSUPPLY,3844.5,0.0
525,1.1,Yellow-S,1074,1030,12.0,536.8333333333334,6.0,4500.0,0.1192962962962963,OVERSUPPLY,3963.1666666666665,0.0
525,1.1,Yellow-S,1074,1030,13.0,465.5,6.0,4500.0,0.10344444444444445,OVERSUPPLY,4034.5,0.0
525,1.1,Yellow-S,1074,1030,14.0,433.3333333333333,6.0,4500.0,0.0962962962962963,OVERSUPPLY,4066.6666666666665,0.0
525,1.1,Yellow-S,1074,1030,15.0,445.3333333333333,6.0,4500.0,0.09896296296296296,OVERSUPPLY,4054.6666666666665,0.0
525,1.1,Yellow-S,1074,1030,16.0,560.8333333333334,6.0,4500.0,0.12462962962962963,OVERSUPPLY,3939.1666666666665,0.0
525,1.1,Yellow-S,1074,1030,17.0,786.1666666666666,6.0,4500.0,0.1747037037037037,OVERSUPPLY,3713.8333333333335,0.0
525,1.1,Yellow-S,1074,1030,18.0,661.1666666666666,6.0,4500.0,0.1469259259259259,OVERSUPPLY,3838.8333333333335,0.0
525,1.1,Yellow-S,1074,1030,19.0,369.5,6.0,4500.0,0.08211111111111111,OVERSUPPLY,4130.5,0.0
525,1.1,Yellow-S,1074,1030,20.0,190.5,6.0,4500.0,0.042333333333333334,OVERSUPPLY,4309.5,0.0
525,1.1,Yellow-S,1074,1030,21.0,163.33333333333334,4.0,3000.0,0.05444444444444445,OVERSUPPLY,2836.6666666666665,0.0
525,1.1,Yellow-S,1074,1030,22.0,228.16666666666666,3.0,2250.0,0.1014074074074074,OVERSUPPLY,2021.8333333333333,0.0
525,1.1,Yellow-S,1074,1030,23.0,141.16666666666666,3.0,2250.0,0.06274074074074074,OVERSUPPLY,2108.8333333333335,0.0
527,1.1,Yellow-S,1075,1031,5.0,167.83333333333334,6.0,4500.0,0.0372962962962963,OVERSUPPLY,4332.166666666667,0.0
527,1.1,Yellow-S,1075,1031,6.0,456.0,6.0,4500.0,0.10133333333333333,OVERSUPPLY,4044.0,0.0
527,1.1,Yellow-S,1075,1031,7.0,806.0,6.0,4500.0,0.1791111111111111,OVERSUPPLY,3694.0,0.0
527,1.1,Yellow-S,1075,1031,8.0,1064.3333333333333,6.0,4500.0,0.2365185185185185,BALANCED,3435.666666666667,0.0
527,1.1,Yellow-S,1075,1031,9.0,767.1666666666666,6.0,4500.0,0.17048148148148148,OVERSUPPLY,3732.8333333333335,0.0
527,1.1,Yellow-S,1075,1031,10.0,336.0,6.0,4500.0,0.07466666666666667,OVERSUPPLY,4164.0,0.0
527,1.1,Yellow-S,1075,1031,11.0,216.5,6.0,4500.0,0.04811111111111111,OVERSUPPLY,4283.5,0.0
527,1.1,Yellow-S,1075,1031,12.0,120.5,6.0,4500.0,0.02677777777777778,OVERSUPPLY,4379.5,0.0
527,1.1,Yellow-S,1075,1031,13.0,94.0,6.0,4500.0,0.020888888888888887,OVERSUPPLY,4406.0,0.0
527,1.1,Yellow-S,1075,1031,14.0,102.33333333333333,6.0,4500.0,0.02274074074074074,OVERSUPPLY,4397.666666666667,0.0
527,1.1,Yellow-S,1075,1031,15.0,68.33333333333333,6.0,4500.0,0.015185185185185184,OVERSUPPLY,4431.666666666667,0.0
527,1.1,Yellow-S,1075,1031,16.0,75.16666666666667,6.0,4500.0,0.016703703703703703,OVERSUPPLY,4424.833333333333,0.0
527,1.1,Yellow-S,1075,1031,17.0,97.0,6.0,4500.0,0.021555555555555557,OVERSUPPLY,4403.0,0.0
527,1.1,Yellow-S,1075,1031,18.0,91.0,6.0,4500.0,0.02022222222222222,OVERSUPPLY,4409.0,0.0
527,1.1,Yellow-S,1075,1031,19.0,50.833333333333336,6.0,4500.0,0.011296296296296297,OVERSUPPLY,4449.166666666667,0.0
527,1.1,Yellow-S,1075,1031,20.0,34.666666666666664,6.0,4500.0,0.007703703703703703,OVERSUPPLY,4465.333333333333,0.0
527,1.1,Yellow-S,1075,1031,21.0,29.833333333333332,4.0,3000.0,0.009944444444444443,OVERSUPPLY,2970.1666666666665,0.0
527,1.1,Yellow-S,1075,1031,22.0,19.5,3.0,2250.0,0.008666666666666666,OVERSUPPLY,2230.5,0.0
527,1.1,Yellow-S,1075,1031,23.0,10.833333333333332,3.0,2250.0,0.004814814814814814,OVERSUPPLY,2239.1666666666665,0.0
535,11.1,Blue-S,1079,1091,5.0,90.5,3.0,1350.0,0.06703703703703703,OVERSUPPLY,1259.5,0.0
535,11.1,Blue-S,1079,1091,6.0,235.83333333333334,3.0,1350.0,0.17469135802469138,OVERSUPPLY,1114.1666666666667,0.0
535,11.1,Blue-S,1079,1091,7.0,486.8333333333333,3.0,1350.0,0.36061728395061726,BALANCED,863.1666666666667,0.0
535,11.1,Blue-S,1079,1091,8.0,721.8333333333334,3.0,1350.0,0.5346913580246914,BALANCED,628.1666666666666,0.0
535,11.1,Blue-S,1079,1091,9.0,609.1666666666666,3.0,1350.0,0.45123456790123456,BALANCED,740.8333333333334,0.0
535,11.1,Blue-S,1079,1091,10.0,261.8333333333333,3.0,1350.0,0.1939506172839506,OVERSUPPLY,1088.1666666666667,0.0
535,11.1,Blue-S,1079,1091,11.0,125.33333333333333,3.0,1350.0,0.09283950617283951,OVERSUPPLY,1224.6666666666667,0.0
535,11.1,Blue-S,1079,1091,12.0,88.33333333333333,3.0,1350.0,0.0654320987654321,OVERSUPPLY,1261.6666666666667,0.0
535,11.1,Blue-S,1079,1091,13.0,63.0,3.0,1350.0,0.04666666666666667,OVERSUPPLY,1287.0,0.0
535,11.1,Blue-S,1079,1091,14.0,53.33333333333333,3.0,1350.0,0.03950617283950617,OVERSUPPLY,1296.6666666666667,0.0
535,11.1,Blue-S,1079,1091,15.0,61.333333333333336,3.0,1350.0,0.045432098765432104,OVERSUPPLY,1288.6666666666667,0.0
535,11.1,Blue-S,1079,1091,16.0,75.0,3.0,1350.0,0.05555555555555555,OVERSUPPLY,1275.0,0.0
535,11.1,Blue-S,1079,1091,17.0,103.66666666666667,3.0,1350.0,0.07679012345679012,OVERSUPPLY,1246.3333333333333,0.0
535,11.1,Blue-S,1079,1091,18.0,105.66666666666667,3.0,1350.0,0.07827160493827161,OVERSUPPLY,1244.3333333333333,0.0
535,11.1,Blue-S,1079,1091,19.0,55.666666666666664,3.0,1350.0,0.041234567901234566,OVERSUPPLY,1294.3333333333333,0.0
535,11.1,Blue-S,1079,1091,20.0,33.833333333333336,3.0,1350.0,0.02506172839506173,OVERSUPPLY,1316.1666666666667,0.0
535,11.1,Blue-S,1079,1091,21.0,20.5,2.0,900.0,0.02277777777777778,OVERSUPPLY,879.5,0.0
535,11.1,Blue-S,1079,1091,22.0,14.666666666666666,3.0,1350.0,0.010864197530864197,OVERSUPPLY,1335.3333333333333,0.0
535,11.1,Blue-S,1079,1091,23.0,6.666666666666666,3.0,1350.0,0.0049382716049382715,OVERSUPPLY,1343.3333333333333,0.0
537,11.1,Blue-S,1080,1079,5.0,130.0,3.0,1350.0,0.0962962962962963,OVERSUPPLY,1220.0,0.0
537,11.1,Blue-S,1080,1079,6.0,390.6666666666667,3.0,1350.0,0.2893827160493827,BALANCED,959.3333333333333,0.0
537,11.1,Blue-S,1080,1079,7.0,790.8333333333334,3.0,1350.0,0.5858024691358025,BALANCED,559.1666666666666,0.0
537,11.1,Blue-S,1080,1079,8.0,1163.6666666666667,3.0,1350.0,0.8619753086419754,CROWDED,186.33333333333326,0.0
537,11.1,Blue-S,1080,1079,9.0,963.8333333333334,3.0,1350.0,0.7139506172839506,BALANCED,386.16666666666663,0.0
537,11.1,Blue-S,1080,1079,10.0,422.3333333333333,3.0,1350.0,0.3128395061728395,BALANCED,927.6666666666667,0.0
537,11.1,Blue-S,1080,1079,11.0,219.66666666666666,3.0,1350.0,0.16271604938271605,OVERSUPPLY,1130.3333333333333,0.0
537,11.1,Blue-S,1080,1079,12.0,157.16666666666666,3.0,1350.0,0.11641975308641975,OVERSUPPLY,1192.8333333333333,0.0
537,11.1,Blue-S,1080,1079,13.0,118.16666666666667,3.0,1350.0,0.08753086419753087,OVERSUPPLY,1231.8333333333333,0.0
537,11.1,Blue-S,1080,1079,14.0,126.0,3.0,1350.0,0.09333333333333334,OVERSUPPLY,1224.0,0.0
537,11.1,Blue-S,1080,1079,15.0,163.0,3.0,1350.0,0.12074074074074075,OVERSUPPLY,1187.0,0.0
537,11.1,Blue-S,1080,1079,16.0,205.0,3.0,1350.0,0.15185185185185185,OVERSUPPLY,1145.0,0.0
537,11.1,Blue-S,1080,1079,17.0,291.8333333333333,3.0,1350.0,0.21617283950617283,BALANCED,1058.1666666666667,0.0
537,11.1,Blue-S,1080,1079,18.0,270.6666666666667,3.0,1350.0,0.20049382716049385,BALANCED,1079.3333333333333,0.0
537,11.1,Blue-S,1080,1079,19.0,138.5,3.0,1350.0,0.1025925925925926,OVERSUPPLY,1211.5,0.0
537,11.1,Blue-S,1080,1079,20.0,82.0,3.0,1350.0,0.06074074074074074,OVERSUPPLY,1268.0,0.0
537,11.1,Blue-S,1080,1079,21.0,49.166666666666664,2.0,900.0,0.054629629629629625,OVERSUPPLY,850.8333333333334,0.0
537,11.1,Blue-S,1080,1079,22.0,42.333333333333336,3.0,1350.0,0.031358024691358025,OVERSUPPLY,1307.6666666666667,0.0
537,11.1,Blue-S,1080,1079,23.0,20.0,3.0,1350.0,0.014814814814814815,OVERSUPPLY,1330.0,0.0
541,11.1,Blue-S,1082,1086,5.0,186.66666666666666,3.0,1350.0,0.1382716049382716,OVERSUPPLY,1163.3333333333333,0.0
541,11.1,Blue-S,1082,1086,6.0,479.6666666666667,3.0,1350.0,0.35530864197530865,BALANCED,870.3333333333333,0.0
541,11.1,Blue-S,1082,1086,7.0,987.5,3.0,1350.0,0.7314814814814815,BALANCED,362.5,0.0
541,11.1,Blue-S,1082,1086,8.0,1348.0,3.0,1350.0,0.9985185185185185,CROWDED,2.0,0.0
541,11.1,Blue-S,1082,1086,9.0,968.6666666666666,3.0,1350.0,0.7175308641975309,BALANCED,381.33333333333337,0.0
541,11.1,Blue-S,1082,1086,10.0,465.8333333333333,3.0,1350.0,0.3450617283950617,BALANCED,884.1666666666667,0.0
541,11.1,Blue-S,1082,1086,11.0,268.3333333333333,3.0,1350.0,0.1987654320987654,OVERSUPPLY,1081.6666666666667,0.0
541,11.1,Blue-S,1082,1086,12.0,201.33333333333334,3.0,1350.0,0.1491358024691358,OVERSUPPLY,1148.6666666666667,0.0
541,11.1,Blue-S,1082,1086,13.0,166.16666666666666,3.0,1350.0,0.12308641975308642,OVERSUPPLY,1183.8333333333333,0.0
541,11.1,Blue-S,1082,1086,14.0,150.0,3.0,1350.0,0.1111111111111111,OVERSUPPLY,1200.0,0.0
541,11.1,Blue-S,1082,1086,15.0,158.5,3.0,1350.0,0.1174074074074074,OVERSUPPLY,1191.5,0.0
541,11.1,Blue-S,1082,1086,16.0,176.5,3.0,1350.0,0.13074074074074074,OVERSUPPLY,1173.5,0.0
541,11.1,Blue-S,1082,1086,17.0,213.66666666666666,3.0,1350.0,0.1582716049382716,OVERSUPPLY,1136.3333333333333,0.0
541,11.1,Blue-S,1082,1086,18.0,205.0,3.0,1350.0,0.15185185185185185,OVERSUPPLY,1145.0,0.0
541,11.1,Blue-S,1082,1086,19.0,118.83333333333333,3.0,1350.0,0.08802469135802468,OVERSUPPLY,1231.1666666666667,0.0
541,11.1,Blue-S,1082,1086,20.0,73.33333333333333,3.0,1350.0,0.05432098765432099,OVERSUPPLY,1276.6666666666667,0.0
541,11.1,Blue-S,1082,1086,21.0,55.666666666666664,2.0,900.0,0.06185185185185185,OVERSUPPLY,844.3333333333334,0.0
541,11.1,Blue-S,1082,1086,22.0,43.833333333333336,3.0,1350.0,0.032469135802469136,OVERSUPPLY,1306.1666666666667,0.0
541,11.1,Blue-S,1082,1086,23.0,21.0,3.0,1350.0,0.015555555555555555,OVERSUPPLY,1329.0,0.0
544,11.1,Blue-S,1084,1092,5.0,88.16666666666667,3.0,1350.0,0.06530864197530864,OVERSUPPLY,1261.8333333333333,0.0
544,11.1,Blue-S,1084,1092,6.0,216.0,3.0,1350.0,0.16,OVERSUPPLY,1134.0,0.0
544,11.1,Blue-S,1084,1092,7.0,428.0,3.0,1350.0,0.31703703703703706,BALANCED,922.0,0.0
544,11.1,Blue-S,1084,1092,8.0,656.3333333333334,3.0,1350.0,0.48617283950617285,BALANCED,693.6666666666666,0.0
544,11.1,Blue-S,1084,1092,9.0,545.6666666666666,3.0,1350.0,0.4041975308641975,BALANCED,804.3333333333334,0.0
544,11.1,Blue-S,1084,1092,10.0,270.5,3.0,1350.0,0.20037037037037037,BALANCED,1079.5,0.0
544,11.1,Blue-S,1084,1092,11.0,130.83333333333334,3.0,1350.0,0.09691358024691359,OVERSUPPLY,1219.1666666666667,0.0
544,11.1,Blue-S,1084,1092,12.0,99.83333333333333,3.0,1350.0,0.07395061728395061,OVERSUPPLY,1250.1666666666667,0.0
544,11.1,Blue-S,1084,1092,13.0,71.0,3.0,1350.0,0.052592592592592594,OVERSUPPLY,1279.0,0.0
544,11.1,Blue-S,1084,1092,14.0,72.5,3.0,1350.0,0.053703703703703705,OVERSUPPLY,1277.5,0.0
544,11.1,Blue-S,1084,1092,15.0,99.66666666666667,3.0,1350.0,0.07382716049382716,OVERSUPPLY,1250.3333333333333,0.0
544,11.1,Blue-S,1084,1092,16.0,127.0,3.0,1350.0,0.09407407407407407,OVERSUPPLY,1223.0,0.0
544,11.1,Blue-S,1084,1092,17.0,177.33333333333334,3.0,1350.0,0.13135802469135804,OVERSUPPLY,1172.6666666666667,0.0
544,11.1,Blue-S,1084,1092,18.0,153.66666666666666,3.0,1350.0,0.11382716049382716,OVERSUPPLY,1196.3333333333333,0.0
544,11.1,Blue-S,1084,1092,19.0,84.83333333333333,3.0,1350.0,0.0628395061728395,OVERSUPPLY,1265.1666666666667,0.0
544,11.1,Blue-S,1084,1092,20.0,54.0,3.0,1350.0,0.04,OVERSUPPLY,1296.0,0.0
544,11.1,Blue-S,1084,1092,21.0,31.5,2.0,900.0,0.035,OVERSUPPLY,868.5,0.0
544,11.1,Blue-S,1084,1092,22.0,27.5,3.0,1350.0,0.020370370370370372,OVERSUPPLY,1322.5,0.0
544,11.1,Blue-S,1084,1092,23.0,12.5,3.0,1350.0,0.009259259259259259,OVERSUPPLY,1337.5,0.0
546,11.1,Blue-S,1085,1089,5.0,38.666666666666664,3.0,1350.0,0.028641975308641973,OVERSUPPLY,1311.3333333333333,0.0
546,11.1,Blue-S,1085,1089,6.0,119.33333333333333,3.0,1350.0,0.08839506172839506,OVERSUPPLY,1230.6666666666667,0.0
546,11.1,Blue-S,1085,1089,7.0,272.6666666666667,3.0,1350.0,0.20197530864197533,BALANCED,1077.3333333333333,0.0
546,11.1,Blue-S,1085,1089,8.0,311.1666666666667,3.0,1350.0,0.23049382716049385,BALANCED,1038.8333333333333,0.0
546,11.1,Blue-S,1085,1089,9.0,174.33333333333334,3.0,1350.0,0.1291358024691358,OVERSUPPLY,1175.6666666666667,0.0
546,11.1,Blue-S,1085,1089,10.0,82.66666666666667,3.0,1350.0,0.06123456790123457,OVERSUPPLY,1267.3333333333333,0.0
546,11.1,Blue-S,1085,1089,11.0,44.666666666666664,3.0,1350.0,0.03308641975308642,OVERSUPPLY,1305.3333333333333,0.0
546,11.1,Blue-S,1085,1089,12.0,39.833333333333336,3.0,1350.0,0.029506172839506174,OVERSUPPLY,1310.1666666666667,0.0
546,11.1,Blue-S,1085,1089,13.0,34.666666666666664,3.0,1350.0,0.02567901234567901,OVERSUPPLY,1315.3333333333333,0.0
546,11.1,Blue-S,1085,1089,14.0,30.0,3.0,1350.0,0.022222222222222223,OVERSUPPLY,1320.0,0.0
546,11.1,Blue-S,1085,1089,15.0,26.833333333333336,3.0,1350.0,0.019876543209876547,OVERSUPPLY,1323.1666666666667,0.0
546,11.1,Blue-S,1085,1089,16.0,28.0,3.0,1350.0,0.02074074074074074,OVERSUPPLY,1322.0,0.0
546,11.1,Blue-S,1085,1089,17.0,42.5,3.0,1350.0,0.03148148148148148,OVERSUPPLY,1307.5,0.0
546,11.1,Blue-S,1085,1089,18.0,42.0,3.0,1350.0,0.03111111111111111,OVERSUPPLY,1308.0,0.0
546,11.1,Blue-S,1085,1089,19.0,26.166666666666668,3.0,1350.0,0.019382716049382718,OVERSUPPLY,1323.8333333333333,0.0
546,11.1,Blue-S,1085,1089,20.0,25.166666666666668,3.0,1350.0,0.018641975308641975,OVERSUPPLY,1324.8333333333333,0.0
546,11.1,Blue-S,1085,1089,21.0,15.0,2.0,900.0,0.016666666666666666,OVERSUPPLY,885.0,0.0
546,11.1,Blue-S,1085,1089,22.0,9.166666666666666,3.0,1350.0,0.006790123456790123,OVERSUPPLY,1340.8333333333333,0.0
546,11.1,Blue-S,1085,1089,23.0,9.666666666666666,3.0,1350.0,0.007160493827160493,OVERSUPPLY,1340.3333333333333,0.0
548,11.1,Blue-S,1086,1088,5.0,245.16666666666666,3.0,1350.0,0.18160493827160493,OVERSUPPLY,1104.8333333333333,0.0
548,11.1,Blue-S,1086,1088,6.0,633.0,3.0,1350.0,0.4688888888888889,BALANCED,717.0,0.0
548,11.1,Blue-S,1086,1088,7.0,1338.8333333333333,3.0,1350.0,0.9917283950617284,CROWDED,11.166666666666742,0.0
548,11.1,Blue-S,1086,1088,8.0,1782.6666666666667,3.0,1350.0,1.3204938271604938,UNDERSUPPLY,0.0,432.66666666666674
548,11.1,Blue-S,1086,1088,9.0,1263.1666666666667,3.0,1350.0,0.9356790123456791,CROWDED,86.83333333333326,0.0
548,11.1,Blue-S,1086,1088,10.0,614.1666666666666,3.0,1350.0,0.4549382716049382,BALANCED,735.8333333333334,0.0
548,11.1,Blue-S,1086,1088,11.0,371.3333333333333,3.0,1350.0,0.2750617283950617,BALANCED,978.6666666666667,0.0
548,11.1,Blue-S,1086,1088,12.0,292.5,3.0,1350.0,0.21666666666666667,BALANCED,1057.5,0.0
548,11.1,Blue-S,1086,1088,13.0,239.5,3.0,1350.0,0.1774074074074074,OVERSUPPLY,1110.5,0.0
548,11.1,Blue-S,1086,1088,14.0,206.0,3.0,1350.0,0.15259259259259259,OVERSUPPLY,1144.0,0.0
548,11.1,Blue-S,1086,1088,15.0,213.16666666666666,3.0,1350.0,0.15790123456790123,OVERSUPPLY,1136.8333333333333,0.0
548,11.1,Blue-S,1086,1088,16.0,237.16666666666666,3.0,1350.0,0.175679012345679,OVERSUPPLY,1112.8333333333333,0.0
548,11.1,Blue-S,1086,1088,17.0,270.0,3.0,1350.0,0.2,BALANCED,1080.0,0.0
548,11.1,Blue-S,1086,1088,18.0,264.6666666666667,3.0,1350.0,0.1960493827160494,OVERSUPPLY,1085.3333333333333,0.0
548,11.1,Blue-S,1086,1088,19.0,159.16666666666666,3.0,1350.0,0.11790123456790123,OVERSUPPLY,1190.8333333333333,0.0
548,11.1,Blue-S,1086,1088,20.0,97.83333333333333,3.0,1350.0,0.07246913580246914,OVERSUPPLY,1252.1666666666667,0.0
548,11.1,Blue-S,1086,1088,21.0,73.33333333333333,2.0,900.0,0.08148148148148147,OVERSUPPLY,826.6666666666666,0.0
548,11.1,Blue-S,1086,1088,22.0,56.833333333333336,3.0,1350.0,0.04209876543209877,OVERSUPPLY,1293.1666666666667,0.0
548,11.1,Blue-S,1086,1088,23.0,26.0,3.0,1350.0,0.01925925925925926,OVERSUPPLY,1324.0,0.0
552,11.1,Blue-S,1088,1093,5.0,380.8333333333333,3.0,1350.0,0.2820987654320988,BALANCED,969.1666666666667,0.0
552,11.1,Blue-S,1088,1093,6.0,1044.0,3.0,1350.0,0.7733333333333333,BALANCED,306.0,0.0
552,11.1,Blue-S,1088,1093,7.0,2189.3333333333335,3.0,1350.0,1.6217283950617285,UNDERSUPPLY,0.0,839.3333333333335
552,11.1,Blue-S,1088,1093,8.0,3183.1666666666665,3.0,1350.0,2.357901234567901,UNDERSUPPLY,0.0,1833.1666666666665
552,11.1,Blue-S,1088,1093,9.0,2325.8333333333335,3.0,1350.0,1.7228395061728397,UNDERSUPPLY,0.0,975.8333333333335
552,11.1,Blue-S,1088,1093,10.0,1105.8333333333333,3.0,1350.0,0.8191358024691358,CROWDED,244.16666666666674,0.0
552,11.1,Blue-S,1088,1093,11.0,649.6666666666666,3.0,1350.0,0.48123456790123453,BALANCED,700.3333333333334,0.0
552,11.1,Blue-S,1088,1093,12.0,473.3333333333333,3.0,1350.0,0.35061728395061725,BALANCED,876.6666666666667,0.0
552,11.1,Blue-S,1088,1093,13.0,364.6666666666667,3.0,1350.0,0.27012345679012345,BALANCED,985.3333333333333,0.0
552,11.1,Blue-S,1088,1093,14.0,319.6666666666667,3.0,1350.0,0.23679012345679012,BALANCED,1030.3333333333333,0.0
552,11.1,Blue-S,1088,1093,15.0,327.8333333333333,3.0,1350.0,0.2428395061728395,BALANCED,1022.1666666666667,0.0
552,11.1,Blue-S,1088,1093,16.0,370.8333333333333,3.0,1350.0,0.27469135802469136,BALANCED,979.1666666666667,0.0
552,11.1,Blue-S,1088,1093,17.0,467.6666666666667,3.0,1350.0,0.34641975308641976,BALANCED,882.3333333333333,0.0
552,11.1,Blue-S,1088,1093,18.0,414.6666666666667,3.0,1350.0,0.3071604938271605,BALANCED,935.3333333333333,0.0
552,11.1,Blue-S,1088,1093,19.0,250.0,3.0,1350.0,0.18518518518518517,OVERSUPPLY,1100.0,0.0
552,11.1,Blue-S,1088,1093,20.0,156.16666666666666,3.0,1350.0,0.11567901234567901,OVERSUPPLY,1193.8333333333333,0.0
552,11.1,Blue-S,1088,1093,21.0,123.16666666666667,2.0,900.0,0.13685185185185186,OVERSUPPLY,776.8333333333334,0.0
552,11.1,Blue-S,1088,1093,22.0,87.83333333333333,3.0,1350.0,0.06506172839506172,OVERSUPPLY,1262.1666666666667,0.0
552,11.1,Blue-S,1088,1093,23.0,45.166666666666664,3.0,1350.0,0.03345679012345679,OVERSUPPLY,1304.8333333333333,0.0
554,11.1,Blue-S,1089,1090,5.0,152.5,3.0,1350.0,0.11296296296296296,OVERSUPPLY,1197.5,0.0
554,11.1,Blue-S,1089,1090,6.0,486.3333333333333,3.0,1350.0,0.3602469135802469,BALANCED,863.6666666666667,0.0
554,11.1,Blue-S,1089,1090,7.0,1094.1666666666667,3.0,1350.0,0.8104938271604939,CROWDED,255.83333333333326,0.0
554,11.1,Blue-S,1089,1090,8.0,1316.5,3.0,1350.0,0.9751851851851852,CROWDED,33.5,0.0
554,11.1,Blue-S,1089,1090,9.0,847.0,3.0,1350.0,0.6274074074074074,BALANCED,503.0,0.0
554,11.1,Blue-S,1089,1090,10.0,411.3333333333333,3.0,1350.0,0.30469135802469133,BALANCED,938.6666666666667,0.0
554,11.1,Blue-S,1089,1090,11.0,295.1666666666667,3.0,1350.0,0.218641975308642,BALANCED,1054.8333333333333,0.0
554,11.1,Blue-S,1089,1090,12.0,300.3333333333333,3.0,1350.0,0.22246913580246913,BALANCED,1049.6666666666667,0.0
554,11.1,Blue-S,1089,1090,13.0,327.0,3.0,1350.0,0.24222222222222223,BALANCED,1023.0,0.0
554,11.1,Blue-S,1089,1090,14.0,360.5,3.0,1350.0,0.267037037037037,BALANCED,989.5,0.0
554,11.1,Blue-S,1089,1090,15.0,475.1666666666667,3.0,1350.0,0.35197530864197535,BALANCED,874.8333333333333,0.0
554,11.1,Blue-S,1089,1090,16.0,849.0,3.0,1350.0,0.6288888888888889,BALANCED,501.0,0.0
554,11.1,Blue-S,1089,1090,17.0,1434.0,3.0,1350.0,1.0622222222222222,UNDERSUPPLY,0.0,84.0
554,11.1,Blue-S,1089,1090,18.0,980.8333333333334,3.0,1350.0,0.7265432098765432,BALANCED,369.16666666666663,0.0
554,11.1,Blue-S,1089,1090,19.0,464.3333333333333,3.0,1350.0,0.3439506172839506,BALANCED,885.6666666666667,0.0
554,11.1,Blue-S,1089,1090,20.0,251.33333333333334,3.0,1350.0,0.18617283950617286,OVERSUPPLY,1098.6666666666667,0.0
554,11.1,Blue-S,1089,1090,21.0,175.5,2.0,900.0,0.195,OVERSUPPLY,724.5,0.0
554,11.1,Blue-S,1089,1090,22.0,149.66666666666666,3.0,1350.0,0.11086419753086418,OVERSUPPLY,1200.3333333333333,0.0
554,11.1,Blue-S,1089,1090,23.0,108.5,3.0,1350.0,0.08037037037037037,OVERSUPPLY,1241.5,0.0
556,11.1,Blue-S,1090,1081,5.0,159.33333333333334,3.0,1350.0,0.1180246913580247,OVERSUPPLY,1190.6666666666667,0.0
556,11.1,Blue-S,1090,1081,6.0,597.1666666666666,3.0,1350.0,0.44234567901234567,BALANCED,752.8333333333334,0.0
556,11.1,Blue-S,1090,1081,7.0,1245.1666666666667,3.0,1350.0,0.9223456790123458,CROWDED,104.83333333333326,0.0
556,11.1,Blue-S,1090,1081,8.0,1516.5,3.0,1350.0,1.1233333333333333,UNDERSUPPLY,0.0,166.5
556,11.1,Blue-S,1090,1081,9.0,1023.5,3.0,1350.0,0.7581481481481481,BALANCED,326.5,0.0
556,11.1,Blue-S,1090,1081,10.0,574.0,3.0,1350.0,0.42518518518518517,BALANCED,776.0,0.0
556,11.1,Blue-S,1090,1081,11.0,483.3333333333333,3.0,1350.0,0.35802469135802467,BALANCED,866.6666666666667,0.0
556,11.1,Blue-S,1090,1081,12.0,503.5,3.0,1350.0,0.37296296296296294,BALANCED,846.5,0.0
556,11.1,Blue-S,1090,1081,13.0,548.0,3.0,1350.0,0.4059259259259259,BALANCED,802.0,0.0
556,11.1,Blue-S,1090,1081,14.0,630.6666666666666,3.0,1350.0,0.46716049382716046,BALANCED,719.3333333333334,0.0
556,11.1,Blue-S,1090,1081,15.0,852.5,3.0,1350.0,0.6314814814814815,BALANCED,497.5,0.0
556,11.1,Blue-S,1090,1081,16.0,1389.3333333333333,3.0,1350.0,1.0291358024691357,UNDERSUPPLY,0.0,39.33333333333326
556,11.1,Blue-S,1090,1081,17.0,2149.5,3.0,1350.0,1.5922222222222222,UNDERSUPPLY,0.0,799.5
556,11.1,Blue-S,1090,1081,18.0,1551.1666666666667,3.0,1350.0,1.1490123456790124,UNDERSUPPLY,0.0,201.16666666666674
556,11.1,Blue-S,1090,1081,19.0,762.3333333333334,3.0,1350.0,0.5646913580246914,BALANCED,587.6666666666666,0.0
556,11.1,Blue-S,1090,1081,20.0,438.3333333333333,3.0,1350.0,0.32469135802469135,BALANCED,911.6666666666667,0.0
556,11.1,Blue-S,1090,1081,21.0,325.8333333333333,2.0,900.0,0.362037037037037,BALANCED,574.1666666666667,0.0
556,11.1,Blue-S,1090,1081,22.0,272.6666666666667,3.0,1350.0,0.20197530864197533,BALANCED,1077.3333333333333,0.0
556,11.1,Blue-S,1090,1081,23.0,230.0,3.0,1350.0,0.17037037037037037,OVERSUPPLY,1120.0,0.0
558,11.1,Blue-S,1091,1082,5.0,150.5,3.0,1350.0,0.11148148148148149,OVERSUPPLY,1199.5,0.0
558,11.1,Blue-S,1091,1082,6.0,391.3333333333333,3.0,1350.0,0.28987654320987655,BALANCED,958.6666666666667,0.0
558,11.1,Blue-S,1091,1082,7.0,820.0,3.0,1350.0,0.6074074074074074,BALANCED,530.0,0.0
558,11.1,Blue-S,1091,1082,8.0,1159.5,3.0,1350.0,0.8588888888888889,CROWDED,190.5,0.0
558,11.1,Blue-S,1091,1082,9.0,841.5,3.0,1350.0,0.6233333333333333,BALANCED,508.5,0.0
558,11.1,Blue-S,1091,1082,10.0,377.8333333333333,3.0,1350.0,0.27987654320987654,BALANCED,972.1666666666667,0.0
558,11.1,Blue-S,1091,1082,11.0,205.16666666666666,3.0,1350.0,0.1519753086419753,OVERSUPPLY,1144.8333333333333,0.0
558,11.1,Blue-S,1091,1082,12.0,148.5,3.0,1350.0,0.11,OVERSUPPLY,1201.5,0.0
558,11.1,Blue-S,1091,1082,13.0,117.0,3.0,1350.0,0.08666666666666667,OVERSUPPLY,1233.0,0.0
558,11.1,Blue-S,1091,1082,14.0,102.16666666666667,3.0,1350.0,0.07567901234567902,OVERSUPPLY,1247.8333333333333,0.0
558,11.1,Blue-S,1091,1082,15.0,109.0,3.0,1350.0,0.08074074074074074,OVERSUPPLY,1241.0,0.0
558,11.1,Blue-S,1091,1082,16.0,124.0,3.0,1350.0,0.09185185185185185,OVERSUPPLY,1226.0,0.0
558,11.1,Blue-S,1091,1082,17.0,159.33333333333334,3.0,1350.0,0.1180246913580247,OVERSUPPLY,1190.6666666666667,0.0
558,11.1,Blue-S,1091,1082,18.0,154.83333333333334,3.0,1350.0,0.11469135802469137,OVERSUPPLY,1195.1666666666667,0.0
558,11.1,Blue-S,1091,1082,19.0,81.16666666666667,3.0,1350.0,0.06012345679012346,OVERSUPPLY,1268.8333333333333,0.0
558,11.1,Blue-S,1091,1082,20.0,51.0,3.0,1350.0,0.03777777777777778,OVERSUPPLY,1299.0,0.0
558,11.1,Blue-S,1091,1082,21.0,37.0,2.0,900.0,0.04111111111111111,OVERSUPPLY,863.0,0.0
558,11.1,Blue-S,1091,1082,22.0,22.5,3.0,1350.0,0.016666666666666666,OVERSUPPLY,1327.5,0.0
558,11.1,Blue-S,1091,1082,23.0,12.333333333333334,3.0,1350.0,0.009135802469135803,OVERSUPPLY,1337.6666666666667,0.0
560,11.1,Blue-S,1092,1080,5.0,107.33333333333333,3.0,1350.0,0.07950617283950617,OVERSUPPLY,1242.6666666666667,0.0
560,11.1,Blue-S,1092,1080,6.0,285.8333333333333,3.0,1350.0,0.21172839506172839,BALANCED,1064.1666666666667,0.0
560,11.1,Blue-S,1092,1080,7.0,581.8333333333334,3.0,1350.0,0.4309876543209877,BALANCED,768.1666666666666,0.0
560,11.1,Blue-S,1092,1080,8.0,896.0,3.0,1350.0,0.6637037037037037,BALANCED,454.0,0.0
560,11.1,Blue-S,1092,1080,9.0,756.3333333333334,3.0,1350.0,0.5602469135802469,BALANCED,593.6666666666666,0.0
560,11.1,Blue-S,1092,1080,10.0,356.8333333333333,3.0,1350.0,0.264320987654321,BALANCED,993.1666666666667,0.0
560,11.1,Blue-S,1092,1080,11.0,179.16666666666666,3.0,1350.0,0.13271604938271606,OVERSUPPLY,1170.8333333333333,0.0
560,11.1,Blue-S,1092,1080,12.0,127.0,3.0,1350.0,0.09407407407407407,OVERSUPPLY,1223.0,0.0
560,11.1,Blue-S,1092,1080,13.0,89.66666666666667,3.0,1350.0,0.06641975308641976,OVERSUPPLY,1260.3333333333333,0.0
560,11.1,Blue-S,1092,1080,14.0,107.83333333333333,3.0,1350.0,0.07987654320987654,OVERSUPPLY,1242.1666666666667,0.0
560,11.1,Blue-S,1092,1080,15.0,132.5,3.0,1350.0,0.09814814814814815,OVERSUPPLY,1217.5,0.0
560,11.1,Blue-S,1092,1080,16.0,180.33333333333334,3.0,1350.0,0.13358024691358025,OVERSUPPLY,1169.6666666666667,0.0
560,11.1,Blue-S,1092,1080,17.0,255.33333333333334,3.0,1350.0,0.1891358024691358,OVERSUPPLY,1094.6666666666667,0.0
560,11.1,Blue-S,1092,1080,18.0,240.5,3.0,1350.0,0.17814814814814814,OVERSUPPLY,1109.5,0.0
560,11.1,Blue-S,1092,1080,19.0,122.5,3.0,1350.0,0.09074074074074075,OVERSUPPLY,1227.5,0.0
560,11.1,Blue-S,1092,1080,20.0,73.0,3.0,1350.0,0.05407407407407407,OVERSUPPLY,1277.0,0.0
560,11.1,Blue-S,1092,1080,21.0,42.833333333333336,2.0,900.0,0.047592592592592596,OVERSUPPLY,857.1666666666666,0.0
560,11.1,Blue-S,1092,1080,22.0,38.666666666666664,3.0,1350.0,0.028641975308641973,OVERSUPPLY,1311.3333333333333,0.0
560,11.1,Blue-S,1092,1080,23.0,18.5,3.0,1350.0,0.013703703703703704,OVERSUPPLY,1331.5,0.0
562,11.1,Blue-S,1093,1085,5.0,147.0,3.0,1350.0,0.10888888888888888,OVERSUPPLY,1203.0,0.0
562,11.1,Blue-S,1093,1085,6.0,441.6666666666667,3.0,1350.0,0.3271604938271605,BALANCED,908.3333333333333,0.0
562,11.1,Blue-S,1093,1085,7.0,889.5,3.0,1350.0,0.6588888888888889,BALANCED,460.5,0.0
562,11.1,Blue-S,1093,1085,8.0,1415.6666666666667,3.0,1350.0,1.048641975308642,UNDERSUPPLY,0.0,65.66666666666674
562,11.1,Blue-S,1093,1085,9.0,1114.5,3.0,1350.0,0.8255555555555556,CROWDED,235.5,0.0
562,11.1,Blue-S,1093,1085,10.0,471.8333333333333,3.0,1350.0,0.34950617283950614,BALANCED,878.1666666666667,0.0
562,11.1,Blue-S,1093,1085,11.0,251.66666666666666,3.0,1350.0,0.18641975308641975,OVERSUPPLY,1098.3333333333333,0.0
562,11.1,Blue-S,1093,1085,12.0,158.16666666666666,3.0,1350.0,0.11716049382716048,OVERSUPPLY,1191.8333333333333,0.0
562,11.1,Blue-S,1093,1085,13.0,100.66666666666667,3.0,1350.0,0.0745679012345679,OVERSUPPLY,1249.3333333333333,0.0
562,11.1,Blue-S,1093,1085,14.0,84.5,3.0,1350.0,0.06259259259259259,OVERSUPPLY,1265.5,0.0
562,11.1,Blue-S,1093,1085,15.0,88.16666666666667,3.0,1350.0,0.06530864197530864,OVERSUPPLY,1261.8333333333333,0.0
562,11.1,Blue-S,1093,1085,16.0,98.33333333333333,3.0,1350.0,0.0728395061728395,OVERSUPPLY,1251.6666666666667,0.0
562,11.1,Blue-S,1093,1085,17.0,132.33333333333334,3.0,1350.0,0.0980246913580247,OVERSUPPLY,1217.6666666666667,0.0
562,11.1,Blue-S,1093,1085,18.0,97.66666666666667,3.0,1350.0,0.07234567901234568,OVERSUPPLY,1252.3333333333333,0.0
562,11.1,Blue-S,1093,1085,19.0,53.833333333333336,3.0,1350.0,0.03987654320987655,OVERSUPPLY,1296.1666666666667,0.0
562,11.1,Blue-S,1093,1085,20.0,40.166666666666664,3.0,1350.0,0.029753086419753084,OVERSUPPLY,1309.8333333333333,0.0
562,11.1,Blue-S,1093,1085,21.0,29.333333333333332,2.0,900.0,0.03259259259259259,OVERSUPPLY,870.6666666666666,0.0
562,11.1,Blue-S,1093,1085,22.0,18.5,3.0,1350.0,0.013703703703703704,OVERSUPPLY,1331.5,0.0
562,11.1,Blue-S,1093,1085,23.0,11.666666666666666,3.0,1350.0,0.008641975308641974,OVERSUPPLY,1338.3333333333333,0.0
564,12.2,Blue-N,1094,1099,5.0,15.333333333333332,3.0,1350.0,0.011358024691358024,OVERSUPPLY,1334.6666666666667,0.0
564,12.2,Blue-N,1094,1099,6.0,41.666666666666664,3.0,1350.0,0.030864197530864196,OVERSUPPLY,1308.3333333333333,0.0
564,12.2,Blue-N,1094,1099,7.0,121.66666666666667,3.0,1350.0,0.09012345679012346,OVERSUPPLY,1228.3333333333333,0.0
564,12.2,Blue-N,1094,1099,8.0,237.33333333333334,3.0,1350.0,0.17580246913580247,OVERSUPPLY,1112.6666666666667,0.0
564,12.2,Blue-N,1094,1099,9.0,169.16666666666666,3.0,1350.0,0.12530864197530864,OVERSUPPLY,1180.8333333333333,0.0
564,12.2,Blue-N,1094,1099,10.0,74.5,3.0,1350.0,0.055185185185185184,OVERSUPPLY,1275.5,0.0
564,12.2,Blue-N,1094,1099,11.0,49.333333333333336,3.0,1350.0,0.03654320987654321,OVERSUPPLY,1300.6666666666667,0.0
564,12.2,Blue-N,1094,1099,12.0,44.666666666666664,3.0,1350.0,0.03308641975308642,OVERSUPPLY,1305.3333333333333,0.0
564,12.2,Blue-N,1094,1099,13.0,36.166666666666664,3.0,1350.0,0.026790123456790122,OVERSUPPLY,1313.8333333333333,0.0
564,12.2,Blue-N,1094,1099,14.0,40.666666666666664,3.0,1350.0,0.030123456790123456,OVERSUPPLY,1309.3333333333333,0.0
564,12.2,Blue-N,1094,1099,15.0,48.666666666666664,3.0,1350.0,0.036049382716049384,OVERSUPPLY,1301.3333333333333,0.0
564,12.2,Blue-N,1094,1099,16.0,65.16666666666667,3.0,1350.0,0.04827160493827161,OVERSUPPLY,1284.8333333333333,0.0
564,12.2,Blue-N,1094,1099,17.0,85.16666666666667,3.0,1350.0,0.06308641975308642,OVERSUPPLY,1264.8333333333333,0.0
564,12.2,Blue-N,1094,1099,18.0,76.83333333333333,3.0,1350.0,0.05691358024691358,OVERSUPPLY,1273.1666666666667,0.0
564,12.2,Blue-N,1094,1099,19.0,33.666666666666664,4.0,1800.0,0.0187037037037037,OVERSUPPLY,1766.3333333333333,0.0
564,12.2,Blue-N,1094,1099,20.0,14.5,3.0,1350.0,0.01074074074074074,OVERSUPPLY,1335.5,0.0
564,12.2,Blue-N,1094,1099,21.0,6.666666666666666,3.0,1350.0,0.0049382716049382715,OVERSUPPLY,1343.3333333333333,0.0
564,12.2,Blue-N,1094,1099,22.0,3.5,3.0,1350.0,0.0025925925925925925,OVERSUPPLY,1346.5,0.0
564,12.2,Blue-N,1094,1099,23.0,2.833333333333333,3.0,1350.0,0.002098765432098765,OVERSUPPLY,1347.1666666666667,0.0
566,12.2,Blue-N,1095,1094,5.0,32.333333333333336,3.0,1350.0,0.02395061728395062,OVERSUPPLY,1317.6666666666667,0.0
566,12.2,Blue-N,1095,1094,6.0,102.0,3.0,1350.0,0.07555555555555556,OVERSUPPLY,1248.0,0.0
566,12.2,Blue-N,1095,1094,7.0,328.1666666666667,3.0,1350.0,0.24308641975308642,BALANCED,1021.8333333333333,0.0
566,12.2,Blue-N,1095,1094,8.0,510.3333333333333,3.0,1350.0,0.3780246913580247,BALANCED,839.6666666666667,0.0
566,12.2,Blue-N,1095,1094,9.0,300.5,3.0,1350.0,0.2225925925925926,BALANCED,1049.5,0.0
566,12.2,Blue-N,1095,1094,10.0,137.83333333333334,3.0,1350.0,0.10209876543209877,OVERSUPPLY,1212.1666666666667,0.0
566,12.2,Blue-N,1095,1094,11.0,116.33333333333333,3.0,1350.0,0.08617283950617284,OVERSUPPLY,1233.6666666666667,0.0
566,12.2,Blue-N,1095,1094,12.0,118.66666666666667,3.0,1350.0,0.08790123456790123,OVERSUPPLY,1231.3333333333333,0.0
566,12.2,Blue-N,1095,1094,13.0,105.83333333333333,3.0,1350.0,0.07839506172839505,OVERSUPPLY,1244.1666666666667,0.0
566,12.2,Blue-N,1095,1094,14.0,109.66666666666667,3.0,1350.0,0.08123456790123457,OVERSUPPLY,1240.3333333333333,0.0
566,12.2,Blue-N,1095,1094,15.0,133.16666666666666,3.0,1350.0,0.09864197530864197,OVERSUPPLY,1216.8333333333333,0.0
566,12.2,Blue-N,1095,1094,16.0,177.16666666666666,3.0,1350.0,0.13123456790123456,OVERSUPPLY,1172.8333333333333,0.0
566,12.2,Blue-N,1095,1094,17.0,205.83333333333334,3.0,1350.0,0.15246913580246915,OVERSUPPLY,1144.1666666666667,0.0
566,12.2,Blue-N,1095,1094,18.0,187.0,3.0,1350.0,0.1385185185185185,OVERSUPPLY,1163.0,0.0
566,12.2,Blue-N,1095,1094,19.0,96.33333333333333,4.0,1800.0,0.053518518518518514,OVERSUPPLY,1703.6666666666667,0.0
566,12.2,Blue-N,1095,1094,20.0,49.166666666666664,3.0,1350.0,0.03641975308641975,OVERSUPPLY,1300.8333333333333,0.0
566,12.2,Blue-N,1095,1094,21.0,29.333333333333332,3.0,1350.0,0.021728395061728394,OVERSUPPLY,1320.6666666666667,0.0
566,12.2,Blue-N,1095,1094,22.0,26.166666666666668,3.0,1350.0,0.019382716049382718,OVERSUPPLY,1323.8333333333333,0.0
566,12.2,Blue-N,1095,1094,23.0,20.666666666666664,3.0,1350.0,0.01530864197530864,OVERSUPPLY,1329.3333333333333,0.0
570,12.2,Blue-N,1097,1098,5.0,1.0,3.0,1350.0,0.0007407407407407407,OVERSUPPLY,1349.0,0.0
570,12.2,Blue-N,1097,1098,6.0,116.66666666666667,3.0,1350.0,0.08641975308641976,OVERSUPPLY,1233.3333333333333,0.0
570,12.2,Blue-N,1097,1098,7.0,184.5,3.0,1350.0,0.13666666666666666,OVERSUPPLY,1165.5,0.0
570,12.2,Blue-N,1097,1098,8.0,234.33333333333334,3.0,1350.0,0.17358024691358026,OVERSUPPLY,1115.6666666666667,0.0
570,12.2,Blue-N,1097,1098,9.0,151.5,3.0,1350.0,0.11222222222222222,OVERSUPPLY,1198.5,0.0
570,12.2,Blue-N,1097,1098,10.0,124.0,3.0,1350.0,0.09185185185185185,OVERSUPPLY,1226.0,0.0
570,12.2,Blue-N,1097,1098,11.0,119.0,3.0,1350.0,0.08814814814814814,OVERSUPPLY,1231.0,0.0
570,12.2,Blue-N,1097,1098,12.0,123.5,3.0,1350.0,0.09148148148148148,OVERSUPPLY,1226.5,0.0
570,12.2,Blue-N,1097,1098,13.0,177.5,3.0,1350.0,0.13148148148148148,OVERSUPPLY,1172.5,0.0
570,12.2,Blue-N,1097,1098,14.0,292.0,3.0,1350.0,0.2162962962962963,BALANCED,1058.0,0.0
570,12.2,Blue-N,1097,1098,15.0,417.6666666666667,3.0,1350.0,0.3093827160493827,BALANCED,932.3333333333333,0.0
570,12.2,Blue-N,1097,1098,16.0,752.3333333333334,3.0,1350.0,0.557283950617284,BALANCED,597.6666666666666,0.0
570,12.2,Blue-N,1097,1098,17.0,1131.1666666666667,3.0,1350.0,0.8379012345679013,CROWDED,218.83333333333326,0.0
570,12.2,Blue-N,1097,1098,18.0,870.3333333333334,3.0,1350.0,0.6446913580246914,BALANCED,479.66666666666663,0.0
570,12.2,Blue-N,1097,1098,19.0,458.8333333333333,4.0,1800.0,0.2549074074074074,BALANCED,1341.1666666666667,0.0
570,12.2,Blue-N,1097,1098,20.0,208.33333333333334,3.0,1350.0,0.154320987654321,OVERSUPPLY,1141.6666666666667,0.0
570,12.2,Blue-N,1097,1098,21.0,110.83333333333333,3.0,1350.0,0.08209876543209876,OVERSUPPLY,1239.1666666666667,0.0
570,12.2,Blue-N,1097,1098,22.0,99.66666666666667,3.0,1350.0,0.07382716049382716,OVERSUPPLY,1250.3333333333333,0.0
570,12.2,Blue-N,1097,1098,23.0,67.0,3.0,1350.0,0.04962962962962963,OVERSUPPLY,1283.0,0.0
572,12.2,Blue-N,1098,1110,5.0,1.0,3.0,1350.0,0.0007407407407407407,OVERSUPPLY,1349.0,0.0
572,12.2,Blue-N,1098,1110,6.0,110.5,3.0,1350.0,0.08185185185185186,OVERSUPPLY,1239.5,0.0
572,12.2,Blue-N,1098,1110,7.0,167.16666666666666,3.0,1350.0,0.12382716049382715,OVERSUPPLY,1182.8333333333333,0.0
572,12.2,Blue-N,1098,1110,8.0,223.0,3.0,1350.0,0.16518518518518518,OVERSUPPLY,1127.0,0.0
572,12.2,Blue-N,1098,1110,9.0,131.0,3.0,1350.0,0.09703703703703703,OVERSUPPLY,1219.0,0.0
572,12.2,Blue-N,1098,1110,10.0,110.83333333333333,3.0,1350.0,0.08209876543209876,OVERSUPPLY,1239.1666666666667,0.0
572,12.2,Blue-N,1098,1110,11.0,100.16666666666667,3.0,1350.0,0.07419753086419753,OVERSUPPLY,1249.8333333333333,0.0
572,12.2,Blue-N,1098,1110,12.0,100.66666666666667,3.0,1350.0,0.0745679012345679,OVERSUPPLY,1249.3333333333333,0.0
572,12.2,Blue-N,1098,1110,13.0,140.66666666666666,3.0,1350.0,0.10419753086419753,OVERSUPPLY,1209.3333333333333,0.0
572,12.2,Blue-N,1098,1110,14.0,213.5,3.0,1350.0,0.15814814814814815,OVERSUPPLY,1136.5,0.0
572,12.2,Blue-N,1098,1110,15.0,335.8333333333333,3.0,1350.0,0.24876543209876542,BALANCED,1014.1666666666667,0.0
572,12.2,Blue-N,1098,1110,16.0,589.0,3.0,1350.0,0.4362962962962963,BALANCED,761.0,0.0
572,12.2,Blue-N,1098,1110,17.0,893.0,3.0,1350.0,0.6614814814814814,BALANCED,457.0,0.0
572,12.2,Blue-N,1098,1110,18.0,662.5,3.0,1350.0,0.49074074074074076,BALANCED,687.5,0.0
572,12.2,Blue-N,1098,1110,19.0,366.8333333333333,4.0,1800.0,0.20379629629629628,BALANCED,1433.1666666666667,0.0
572,12.2,Blue-N,1098,1110,20.0,167.0,3.0,1350.0,0.1237037037037037,OVERSUPPLY,1183.0,0.0
572,12.2,Blue-N,1098,1110,21.0,85.83333333333333,3.0,1350.0,0.06358024691358025,OVERSUPPLY,1264.1666666666667,0.0
572,12.2,Blue-N,1098,1110,22.0,74.66666666666667,3.0,1350.0,0.055308641975308645,OVERSUPPLY,1275.3333333333333,0.0
572,12.2,Blue-N,1098,1110,23.0,48.5,3.0,1350.0,0.035925925925925924,OVERSUPPLY,1301.5,0.0
574,12.2,Blue-N,1099,1108,5.0,112.33333333333333,3.0,1350.0,0.08320987654320987,OVERSUPPLY,1237.6666666666667,0.0
574,12.2,Blue-N,1099,1108,6.0,294.5,3.0,1350.0,0.21814814814814815,BALANCED,1055.5,0.0
574,12.2,Blue-N,1099,1108,7.0,755.8333333333334,3.0,1350.0,0.5598765432098766,BALANCED,594.1666666666666,0.0
574,12.2,Blue-N,1099,1108,8.0,1330.0,3.0,1350.0,0.9851851851851852,CROWDED,20.0,0.0
574,12.2,Blue-N,1099,1108,9.0,924.1666666666666,3.0,1350.0,0.6845679012345679,BALANCED,425.83333333333337,0.0
574,12.2,Blue-N,1099,1108,10.0,502.8333333333333,3.0,1350.0,0.3724691358024691,BALANCED,847.1666666666667,0.0
574,12.2,Blue-N,1099,1108,11.0,390.5,3.0,1350.0,0.28925925925925927,BALANCED,959.5,0.0
574,12.2,Blue-N,1099,1108,12.0,376.5,3.0,1350.0,0.2788888888888889,BALANCED,973.5,0.0
574,12.2,Blue-N,1099,1108,13.0,377.5,3.0,1350.0,0.2796296296296296,BALANCED,972.5,0.0
574,12.2,Blue-N,1099,1108,14.0,408.5,3.0,1350.0,0.3025925925925926,BALANCED,941.5,0.0
574,12.2,Blue-N,1099,1108,15.0,408.1666666666667,3.0,1350.0,0.3023456790123457,BALANCED,941.8333333333333,0.0
574,12.2,Blue-N,1099,1108,16.0,543.1666666666666,3.0,1350.0,0.40234567901234564,BALANCED,806.8333333333334,0.0
574,12.2,Blue-N,1099,1108,17.0,652.6666666666666,3.0,1350.0,0.48345679012345677,BALANCED,697.3333333333334,0.0
574,12.2,Blue-N,1099,1108,18.0,487.8333333333333,3.0,1350.0,0.361358024691358,BALANCED,862.1666666666667,0.0
574,12.2,Blue-N,1099,1108,19.0,281.3333333333333,4.0,1800.0,0.1562962962962963,OVERSUPPLY,1518.6666666666667,0.0
574,12.2,Blue-N,1099,1108,20.0,154.83333333333334,3.0,1350.0,0.11469135802469137,OVERSUPPLY,1195.1666666666667,0.0
574,12.2,Blue-N,1099,1108,21.0,117.5,3.0,1350.0,0.08703703703703704,OVERSUPPLY,1232.5,0.0
574,12.2,Blue-N,1099,1108,22.0,89.83333333333333,3.0,1350.0,0.0665432098765432,OVERSUPPLY,1260.1666666666667,0.0
574,12.2,Blue-N,1099,1108,23.0,58.333333333333336,3.0,1350.0,0.04320987654320988,OVERSUPPLY,1291.6666666666667,0.0
576,12.2,Blue-N,1100,1109,5.0,22.833333333333332,3.0,1350.0,0.01691358024691358,OVERSUPPLY,1327.1666666666667,0.0
576,12.2,Blue-N,1100,1109,6.0,98.0,3.0,1350.0,0.0725925925925926,OVERSUPPLY,1252.0,0.0
576,12.2,Blue-N,1100,1109,7.0,158.5,3.0,1350.0,0.1174074074074074,OVERSUPPLY,1191.5,0.0
576,12.2,Blue-N,1100,1109,8.0,214.16666666666666,3.0,1350.0,0.15864197530864196,OVERSUPPLY,1135.8333333333333,0.0
576,12.2,Blue-N,1100,1109,9.0,153.83333333333334,3.0,1350.0,0.11395061728395063,OVERSUPPLY,1196.1666666666667,0.0
576,12.2,Blue-N,1100,1109,10.0,123.0,3.0,1350.0,0.09111111111111111,OVERSUPPLY,1227.0,0.0
576,12.2,Blue-N,1100,1109,11.0,136.66666666666666,3.0,1350.0,0.10123456790123456,OVERSUPPLY,1213.3333333333333,0.0
576,12.2,Blue-N,1100,1109,12.0,158.0,3.0,1350.0,0.11703703703703704,OVERSUPPLY,1192.0,0.0
576,12.2,Blue-N,1100,1109,13.0,203.16666666666666,3.0,1350.0,0.1504938271604938,OVERSUPPLY,1146.8333333333333,0.0
576,12.2,Blue-N,1100,1109,14.0,343.5,3.0,1350.0,0.2544444444444444,BALANCED,1006.5,0.0
576,12.2,Blue-N,1100,1109,15.0,550.5,3.0,1350.0,0.4077777777777778,BALANCED,799.5,0.0
576,12.2,Blue-N,1100,1109,16.0,997.1666666666666,3.0,1350.0,0.738641975308642,BALANCED,352.83333333333337,0.0
576,12.2,Blue-N,1100,1109,17.0,1505.6666666666667,3.0,1350.0,1.1153086419753087,UNDERSUPPLY,0.0,155.66666666666674
576,12.2,Blue-N,1100,1109,18.0,1147.8333333333333,3.0,1350.0,0.8502469135802468,CROWDED,202.16666666666674,0.0
576,12.2,Blue-N,1100,1109,19.0,559.6666666666666,4.0,1800.0,0.3109259259259259,BALANCED,1240.3333333333335,0.0
576,12.2,Blue-N,1100,1109,20.0,264.8333333333333,3.0,1350.0,0.1961728395061728,OVERSUPPLY,1085.1666666666667,0.0
576,12.2,Blue-N,1100,1109,21.0,156.33333333333334,3.0,1350.0,0.11580246913580247,OVERSUPPLY,1193.6666666666667,0.0
576,12.2,Blue-N,1100,1109,22.0,127.66666666666667,3.0,1350.0,0.0945679012345679,OVERSUPPLY,1222.3333333333333,0.0
576,12.2,Blue-N,1100,1109,23.0,104.16666666666667,3.0,1350.0,0.0771604938271605,OVERSUPPLY,1245.8333333333333,0.0
578,12.2,Blue-N,1101,1096,5.0,2.0,3.0,1350.0,0.0014814814814814814,OVERSUPPLY,1348.0,0.0
578,12.2,Blue-N,1101,1096,6.0,12.166666666666668,3.0,1350.0,0.009012345679012346,OVERSUPPLY,1337.8333333333333,0.0
578,12.2,Blue-N,1101,1096,7.0,28.666666666666668,3.0,1350.0,0.02123456790123457,OVERSUPPLY,1321.3333333333333,0.0
578,12.2,Blue-N,1101,1096,8.0,38.166666666666664,3.0,1350.0,0.0282716049382716,OVERSUPPLY,1311.8333333333333,0.0
578,12.2,Blue-N,1101,1096,9.0,22.0,3.0,1350.0,0.016296296296296295,OVERSUPPLY,1328.0,0.0
578,12.2,Blue-N,1101,1096,10.0,16.5,3.0,1350.0,0.012222222222222223,OVERSUPPLY,1333.5,0.0
578,12.2,Blue-N,1101,1096,11.0,17.333333333333332,3.0,1350.0,0.012839506172839505,OVERSUPPLY,1332.6666666666667,0.0
578,12.2,Blue-N,1101,1096,12.0,16.666666666666668,3.0,1350.0,0.01234567901234568,OVERSUPPLY,1333.3333333333333,0.0
578,12.2,Blue-N,1101,1096,13.0,15.666666666666666,3.0,1350.0,0.011604938271604939,OVERSUPPLY,1334.3333333333333,0.0
578,12.2,Blue-N,1101,1096,14.0,14.833333333333334,3.0,1350.0,0.010987654320987654,OVERSUPPLY,1335.1666666666667,0.0
578,12.2,Blue-N,1101,1096,15.0,33.166666666666664,3.0,1350.0,0.0245679012345679,OVERSUPPLY,1316.8333333333333,0.0
578,12.2,Blue-N,1101,1096,16.0,33.166666666666664,3.0,1350.0,0.0245679012345679,OVERSUPPLY,1316.8333333333333,0.0
578,12.2,Blue-N,1101,1096,17.0,39.166666666666664,3.0,1350.0,0.029012345679012345,OVERSUPPLY,1310.8333333333333,0.0
578,12.2,Blue-N,1101,1096,18.0,34.166666666666664,3.0,1350.0,0.02530864197530864,OVERSUPPLY,1315.8333333333333,0.0
578,12.2,Blue-N,1101,1096,19.0,13.333333333333332,4.0,1800.0,0.007407407407407407,OVERSUPPLY,1786.6666666666667,0.0
578,12.2,Blue-N,1101,1096,20.0,14.5,3.0,1350.0,0.01074074074074074,OVERSUPPLY,1335.5,0.0
578,12.2,Blue-N,1101,1096,21.0,14.0,3.0,1350.0,0.01037037037037037,OVERSUPPLY,1336.0,0.0
578,12.2,Blue-N,1101,1096,22.0,8.166666666666666,3.0,1350.0,0.006049382716049382,OVERSUPPLY,1341.8333333333333,0.0
578,12.2,Blue-N,1101,1096,23.0,11.0,3.0,1350.0,0.008148148148148147,OVERSUPPLY,1339.0,0.0
581,12.2,Blue-N,1103,1111,5.0,3.5,3.0,1350.0,0.0025925925925925925,OVERSUPPLY,1346.5,0.0
581,12.2,Blue-N,1103,1111,6.0,22.333333333333332,3.0,1350.0,0.01654320987654321,OVERSUPPLY,1327.6666666666667,0.0
581,12.2,Blue-N,1103,1111,7.0,45.0,3.0,1350.0,0.03333333333333333,OVERSUPPLY,1305.0,0.0
581,12.2,Blue-N,1103,1111,8.0,70.33333333333333,3.0,1350.0,0.052098765432098765,OVERSUPPLY,1279.6666666666667,0.0
581,12.2,Blue-N,1103,1111,9.0,59.166666666666664,3.0,1350.0,0.04382716049382716,OVERSUPPLY,1290.8333333333333,0.0
581,12.2,Blue-N,1103,1111,10.0,43.833333333333336,3.0,1350.0,0.032469135802469136,OVERSUPPLY,1306.1666666666667,0.0
581,12.2,Blue-N,1103,1111,11.0,55.333333333333336,3.0,1350.0,0.04098765432098766,OVERSUPPLY,1294.6666666666667,0.0
581,12.2,Blue-N,1103,1111,12.0,78.66666666666667,3.0,1350.0,0.05827160493827161,OVERSUPPLY,1271.3333333333333,0.0
581,12.2,Blue-N,1103,1111,13.0,115.83333333333333,3.0,1350.0,0.08580246913580246,OVERSUPPLY,1234.1666666666667,0.0
581,12.2,Blue-N,1103,1111,14.0,240.66666666666666,3.0,1350.0,0.1782716049382716,OVERSUPPLY,1109.3333333333333,0.0
581,12.2,Blue-N,1103,1111,15.0,422.5,3.0,1350.0,0.31296296296296294,BALANCED,927.5,0.0
581,12.2,Blue-N,1103,1111,16.0,770.0,3.0,1350.0,0.5703703703703704,BALANCED,580.0,0.0
581,12.2,Blue-N,1103,1111,17.0,1165.8333333333333,3.0,1350.0,0.8635802469135802,CROWDED,184.16666666666674,0.0
581,12.2,Blue-N,1103,1111,18.0,843.5,3.0,1350.0,0.6248148148148148,BALANCED,506.5,0.0
581,12.2,Blue-N,1103,1111,19.0,392.5,4.0,1800.0,0.21805555555555556,BALANCED,1407.5,0.0
581,12.2,Blue-N,1103,1111,20.0,172.5,3.0,1350.0,0.12777777777777777,OVERSUPPLY,1177.5,0.0
581,12.2,Blue-N,1103,1111,21.0,93.5,3.0,1350.0,0.06925925925925926,OVERSUPPLY,1256.5,0.0
581,12.2,Blue-N,1103,1111,22.0,73.33333333333333,3.0,1350.0,0.05432098765432099,OVERSUPPLY,1276.6666666666667,0.0
581,12.2,Blue-N,1103,1111,23.0,53.0,3.0,1350.0,0.03925925925925926,OVERSUPPLY,1297.0,0.0
583,12.2,Blue-N,1104,1100,5.0,43.0,3.0,1350.0,0.03185185185185185,OVERSUPPLY,1307.0,0.0
583,12.2,Blue-N,1104,1100,6.0,169.66666666666666,3.0,1350.0,0.125679012345679,OVERSUPPLY,1180.3333333333333,0.0
583,12.2,Blue-N,1104,1100,7.0,290.8333333333333,3.0,1350.0,0.2154320987654321,BALANCED,1059.1666666666667,0.0
583,12.2,Blue-N,1104,1100,8.0,351.1666666666667,3.0,1350.0,0.2601234567901235,BALANCED,998.8333333333333,0.0
583,12.2,Blue-N,1104,1100,9.0,247.5,3.0,1350.0,0.18333333333333332,OVERSUPPLY,1102.5,0.0
583,12.2,Blue-N,1104,1100,10.0,201.66666666666666,3.0,1350.0,0.14938271604938272,OVERSUPPLY,1148.3333333333333,0.0
583,12.2,Blue-N,1104,1100,11.0,220.33333333333334,3.0,1350.0,0.16320987654320987,OVERSUPPLY,1129.6666666666667,0.0
583,12.2,Blue-N,1104,1100,12.0,252.0,3.0,1350.0,0.18666666666666668,OVERSUPPLY,1098.0,0.0
583,12.2,Blue-N,1104,1100,13.0,309.3333333333333,3.0,1350.0,0.22913580246913579,BALANCED,1040.6666666666667,0.0
583,12.2,Blue-N,1104,1100,14.0,524.5,3.0,1350.0,0.38851851851851854,BALANCED,825.5,0.0
583,12.2,Blue-N,1104,1100,15.0,856.0,3.0,1350.0,0.6340740740740741,BALANCED,494.0,0.0
583,12.2,Blue-N,1104,1100,16.0,1509.1666666666667,3.0,1350.0,1.1179012345679014,UNDERSUPPLY,0.0,159.16666666666674
583,12.2,Blue-N,1104,1100,17.0,2254.6666666666665,3.0,1350.0,1.6701234567901233,UNDERSUPPLY,0.0,904.6666666666665
583,12.2,Blue-N,1104,1100,18.0,1666.1666666666667,3.0,1350.0,1.2341975308641975,UNDERSUPPLY,0.0,316.16666666666674
583,12.2,Blue-N,1104,1100,19.0,810.0,4.0,1800.0,0.45,BALANCED,990.0,0.0
583,12.2,Blue-N,1104,1100,20.0,391.3333333333333,3.0,1350.0,0.28987654320987655,BALANCED,958.6666666666667,0.0
583,12.2,Blue-N,1104,1100,21.0,227.33333333333334,3.0,1350.0,0.16839506172839508,OVERSUPPLY,1122.6666666666667,0.0
583,12.2,Blue-N,1104,1100,22.0,181.5,3.0,1350.0,0.13444444444444445,OVERSUPPLY,1168.5,0.0
583,12.2,Blue-N,1104,1100,23.0,150.0,3.0,1350.0,0.1111111111111111,OVERSUPPLY,1200.0,0.0
585,12.2,Blue-N,1105,1095,5.0,37.0,3.0,1350.0,0.027407407407407408,OVERSUPPLY,1313.0,0.0
585,12.2,Blue-N,1105,1095,6.0,116.5,3.0,1350.0,0.0862962962962963,OVERSUPPLY,1233.5,0.0
585,12.2,Blue-N,1105,1095,7.0,388.6666666666667,3.0,1350.0,0.28790123456790123,BALANCED,961.3333333333333,0.0
585,12.2,Blue-N,1105,1095,8.0,590.8333333333334,3.0,1350.0,0.43765432098765433,BALANCED,759.1666666666666,0.0
585,12.2,Blue-N,1105,1095,9.0,366.8333333333333,3.0,1350.0,0.27172839506172836,BALANCED,983.1666666666667,0.0
585,12.2,Blue-N,1105,1095,10.0,180.0,3.0,1350.0,0.13333333333333333,OVERSUPPLY,1170.0,0.0
585,12.2,Blue-N,1105,1095,11.0,157.66666666666666,3.0,1350.0,0.11679012345679012,OVERSUPPLY,1192.3333333333333,0.0
585,12.2,Blue-N,1105,1095,12.0,161.16666666666666,3.0,1350.0,0.1193827160493827,OVERSUPPLY,1188.8333333333333,0.0
585,12.2,Blue-N,1105,1095,13.0,154.66666666666666,3.0,1350.0,0.11456790123456789,OVERSUPPLY,1195.3333333333333,0.0
585,12.2,Blue-N,1105,1095,14.0,156.0,3.0,1350.0,0.11555555555555555,OVERSUPPLY,1194.0,0.0
585,12.2,Blue-N,1105,1095,15.0,189.66666666666666,3.0,1350.0,0.14049382716049383,OVERSUPPLY,1160.3333333333333,0.0
585,12.2,Blue-N,1105,1095,16.0,247.33333333333334,3.0,1350.0,0.1832098765432099,OVERSUPPLY,1102.6666666666667,0.0
585,12.2,Blue-N,1105,1095,17.0,281.0,3.0,1350.0,0.20814814814814814,BALANCED,1069.0,0.0
585,12.2,Blue-N,1105,1095,18.0,249.33333333333334,3.0,1350.0,0.18469135802469136,OVERSUPPLY,1100.6666666666667,0.0
585,12.2,Blue-N,1105,1095,19.0,130.0,4.0,1800.0,0.07222222222222222,OVERSUPPLY,1670.0,0.0
585,12.2,Blue-N,1105,1095,20.0,67.0,3.0,1350.0,0.04962962962962963,OVERSUPPLY,1283.0,0.0
585,12.2,Blue-N,1105,1095,21.0,46.666666666666664,3.0,1350.0,0.0345679012345679,OVERSUPPLY,1303.3333333333333,0.0
585,12.2,Blue-N,1105,1095,22.0,35.333333333333336,3.0,1350.0,0.02617283950617284,OVERSUPPLY,1314.6666666666667,0.0
585,12.2,Blue-N,1105,1095,23.0,28.833333333333332,3.0,1350.0,0.021358024691358023,OVERSUPPLY,1321.1666666666667,0.0
587,12.2,Blue-N,1106,1104,5.0,31.0,3.0,1350.0,0.022962962962962963,OVERSUPPLY,1319.0,0.0
587,12.2,Blue-N,1106,1104,6.0,127.5,3.0,1350.0,0.09444444444444444,OVERSUPPLY,1222.5,0.0
587,12.2,Blue-N,1106,1104,7.0,203.83333333333334,3.0,1350.0,0.15098765432098765,OVERSUPPLY,1146.1666666666667,0.0
587,12.2,Blue-N,1106,1104,8.0,291.0,3.0,1350.0,0.21555555555555556,BALANCED,1059.0,0.0
587,12.2,Blue-N,1106,1104,9.0,203.66666666666666,3.0,1350.0,0.1508641975308642,OVERSUPPLY,1146.3333333333333,0.0
587,12.2,Blue-N,1106,1104,10.0,167.83333333333334,3.0,1350.0,0.124320987654321,OVERSUPPLY,1182.1666666666667,0.0
587,12.2,Blue-N,1106,1104,11.0,193.83333333333334,3.0,1350.0,0.14358024691358026,OVERSUPPLY,1156.1666666666667,0.0
587,12.2,Blue-N,1106,1104,12.0,231.33333333333334,3.0,1350.0,0.17135802469135802,OVERSUPPLY,1118.6666666666667,0.0
587,12.2,Blue-N,1106,1104,13.0,296.6666666666667,3.0,1350.0,0.2197530864197531,BALANCED,1053.3333333333333,0.0
587,12.2,Blue-N,1106,1104,14.0,512.0,3.0,1350.0,0.37925925925925924,BALANCED,838.0,0.0
587,12.2,Blue-N,1106,1104,15.0,856.0,3.0,1350.0,0.6340740740740741,BALANCED,494.0,0.0
587,12.2,Blue-N,1106,1104,16.0,1506.3333333333333,3.0,1350.0,1.1158024691358024,UNDERSUPPLY,0.0,156.33333333333326
587,12.2,Blue-N,1106,1104,17.0,2274.1666666666665,3.0,1350.0,1.6845679012345678,UNDERSUPPLY,0.0,924.1666666666665
587,12.2,Blue-N,1106,1104,18.0,1679.3333333333333,3.0,1350.0,1.2439506172839505,UNDERSUPPLY,0.0,329.33333333333326
587,12.2,Blue-N,1106,1104,19.0,813.3333333333334,4.0,1800.0,0.4518518518518519,BALANCED,986.6666666666666,0.0
587,12.2,Blue-N,1106,1104,20.0,391.1666666666667,3.0,1350.0,0.2897530864197531,BALANCED,958.8333333333333,0.0
587,12.2,Blue-N,1106,1104,21.0,225.0,3.0,1350.0,0.16666666666666666,OVERSUPPLY,1125.0,0.0
587,12.2,Blue-N,1106,1104,22.0,186.16666666666666,3.0,1350.0,0.13790123456790124,OVERSUPPLY,1163.8333333333333,0.0
587,12.2,Blue-N,1106,1104,23.0,151.33333333333334,3.0,1350.0,0.11209876543209878,OVERSUPPLY,1198.6666666666667,0.0
589,12.2,Blue-N,1107,1103,6.0,2.5,3.0,1350.0,0.001851851851851852,OVERSUPPLY,1347.5,0.0
589,12.2,Blue-N,1107,1103,7.0,2.5,3.0,1350.0,0.001851851851851852,OVERSUPPLY,1347.5,0.0
589,12.2,Blue-N,1107,1103,8.0,4.333333333333333,3.0,1350.0,0.0032098765432098763,OVERSUPPLY,1345.6666666666667,0.0
589,12.2,Blue-N,1107,1103,9.0,1.6666666666666665,3.0,1350.0,0.0012345679012345679,OVERSUPPLY,1348.3333333333333,0.0
589,12.2,Blue-N,1107,1103,10.0,2.1666666666666665,3.0,1350.0,0.0016049382716049382,OVERSUPPLY,1347.8333333333333,0.0
589,12.2,Blue-N,1107,1103,11.0,1.6666666666666665,3.0,1350.0,0.0012345679012345679,OVERSUPPLY,1348.3333333333333,0.0
589,12.2,Blue-N,1107,1103,12.0,0.3333333333333333,3.0,1350.0,0.0002469135802469136,OVERSUPPLY,1349.6666666666667,0.0
589,12.2,Blue-N,1107,1103,13.0,1.0,3.0,1350.0,0.0007407407407407407,OVERSUPPLY,1349.0,0.0
589,12.2,Blue-N,1107,1103,14.0,1.5,3.0,1350.0,0.0011111111111111111,OVERSUPPLY,1348.5,0.0
589,12.2,Blue-N,1107,1103,15.0,2.3333333333333335,3.0,1350.0,0.0017283950617283952,OVERSUPPLY,1347.6666666666667,0.0
589,12.2,Blue-N,1107,1103,16.0,8.166666666666666,3.0,1350.0,0.006049382716049382,OVERSUPPLY,1341.8333333333333,0.0
589,12.2,Blue-N,1107,1103,17.0,8.666666666666666,3.0,1350.0,0.006419753086419753,OVERSUPPLY,1341.3333333333333,0.0
589,12.2,Blue-N,1107,1103,18.0,6.5,3.0,1350.0,0.004814814814814815,OVERSUPPLY,1343.5,0.0
589,12.2,Blue-N,1107,1103,19.0,3.166666666666667,4.0,1800.0,0.0017592592592592595,OVERSUPPLY,1796.8333333333333,0.0
589,12.2,Blue-N,1107,1103,20.0,1.8333333333333333,3.0,1350.0,0.0013580246913580246,OVERSUPPLY,1348.1666666666667,0.0
589,12.2,Blue-N,1107,1103,21.0,0.3333333333333333,3.0,1350.0,0.0002469135802469136,OVERSUPPLY,1349.6666666666667,0.0
589,12.2,Blue-N,1107,1103,22.0,0.16666666666666666,3.0,1350.0,0.0001234567901234568,OVERSUPPLY,1349.8333333333333,0.0
589,12.2,Blue-N,1107,1103,23.0,0.5,3.0,1350.0,0.00037037037037037035,OVERSUPPLY,1349.5,0.0
591,12.2,Blue-N,1108,1107,6.0,3.666666666666667,3.0,1350.0,0.0027160493827160497,OVERSUPPLY,1346.3333333333333,0.0
591,12.2,Blue-N,1108,1107,7.0,4.0,3.0,1350.0,0.002962962962962963,OVERSUPPLY,1346.0,0.0
591,12.2,Blue-N,1108,1107,8.0,6.0,3.0,1350.0,0.0044444444444444444,OVERSUPPLY,1344.0,0.0
591,12.2,Blue-N,1108,1107,9.0,3.333333333333333,3.0,1350.0,0.0024691358024691358,OVERSUPPLY,1346.6666666666667,0.0
591,12.2,Blue-N,1108,1107,10.0,2.833333333333333,3.0,1350.0,0.002098765432098765,OVERSUPPLY,1347.1666666666667,0.0
591,12.2,Blue-N,1108,1107,11.0,4.5,3.0,1350.0,0.0033333333333333335,OVERSUPPLY,1345.5,0.0
591,12.2,Blue-N,1108,1107,12.0,2.5,3.0,1350.0,0.001851851851851852,OVERSUPPLY,1347.5,0.0
591,12.2,Blue-N,1108,1107,13.0,3.6666666666666665,3.0,1350.0,0.0027160493827160493,OVERSUPPLY,1346.3333333333333,0.0
591,12.2,Blue-N,1108,1107,14.0,3.8333333333333335,3.0,1350.0,0.0028395061728395065,OVERSUPPLY,1346.1666666666667,0.0
591,12.2,Blue-N,1108,1107,15.0,4.5,3.0,1350.0,0.0033333333333333335,OVERSUPPLY,1345.5,0.0
591,12.2,Blue-N,1108,1107,16.0,9.166666666666666,3.0,1350.0,0.006790123456790123,OVERSUPPLY,1340.8333333333333,0.0
591,12.2,Blue-N,1108,1107,17.0,10.333333333333332,3.0,1350.0,0.00765432098765432,OVERSUPPLY,1339.6666666666667,0.0
591,12.2,Blue-N,1108,1107,18.0,7.0,3.0,1350.0,0.005185185185185185,OVERSUPPLY,1343.0,0.0
591,12.2,Blue-N,1108,1107,19.0,4.0,4.0,1800.0,0.0022222222222222222,OVERSUPPLY,1796.0,0.0
591,12.2,Blue-N,1108,1107,20.0,2.5,3.0,1350.0,0.001851851851851852,OVERSUPPLY,1347.5,0.0
591,12.2,Blue-N,1108,1107,21.0,0.3333333333333333,3.0,1350.0,0.0002469135802469136,OVERSUPPLY,1349.6666666666667,0.0
591,12.2,Blue-N,1108,1107,22.0,0.6666666666666666,3.0,1350.0,0.0004938271604938272,OVERSUPPLY,1349.3333333333333,0.0
591,12.2,Blue-N,1108,1107,23.0,1.5,3.0,1350.0,0.0011111111111111111,OVERSUPPLY,1348.5,0.0
593,12.2,Blue-N,1109,1097,5.0,0.5,3.0,1350.0,0.00037037037037037035,OVERSUPPLY,1349.5,0.0
593,12.2,Blue-N,1109,1097,6.0,47.666666666666664,3.0,1350.0,0.03530864197530864,OVERSUPPLY,1302.3333333333333,0.0
593,12.2,Blue-N,1109,1097,7.0,77.5,3.0,1350.0,0.05740740740740741,OVERSUPPLY,1272.5,0.0
593,12.2,Blue-N,1109,1097,8.0,109.66666666666667,3.0,1350.0,0.08123456790123457,OVERSUPPLY,1240.3333333333333,0.0
593,12.2,Blue-N,1109,1097,9.0,74.16666666666667,3.0,1350.0,0.05493827160493828,OVERSUPPLY,1275.8333333333333,0.0
593,12.2,Blue-N,1109,1097,10.0,61.5,3.0,1350.0,0.04555555555555556,OVERSUPPLY,1288.5,0.0
593,12.2,Blue-N,1109,1097,11.0,67.0,3.0,1350.0,0.04962962962962963,OVERSUPPLY,1283.0,0.0
593,12.2,Blue-N,1109,1097,12.0,75.33333333333333,3.0,1350.0,0.05580246913580247,OVERSUPPLY,1274.6666666666667,0.0
593,12.2,Blue-N,1109,1097,13.0,112.5,3.0,1350.0,0.08333333333333333,OVERSUPPLY,1237.5,0.0
593,12.2,Blue-N,1109,1097,14.0,183.5,3.0,1350.0,0.13592592592592592,OVERSUPPLY,1166.5,0.0
593,12.2,Blue-N,1109,1097,15.0,271.1666666666667,3.0,1350.0,0.2008641975308642,BALANCED,1078.8333333333333,0.0
593,12.2,Blue-N,1109,1097,16.0,493.0,3.0,1350.0,0.36518518518518517,BALANCED,857.0,0.0
593,12.2,Blue-N,1109,1097,17.0,757.8333333333334,3.0,1350.0,0.5613580246913581,BALANCED,592.1666666666666,0.0
593,12.2,Blue-N,1109,1097,18.0,631.8333333333334,3.0,1350.0,0.4680246913580247,BALANCED,718.1666666666666,0.0
593,12.2,Blue-N,1109,1097,19.0,317.1666666666667,4.0,1800.0,0.17620370370370372,OVERSUPPLY,1482.8333333333333,0.0
593,12.2,Blue-N,1109,1097,20.0,152.0,3.0,1350.0,0.11259259259259259,OVERSUPPLY,1198.0,0.0
593,12.2,Blue-N,1109,1097,21.0,81.16666666666667,3.0,1350.0,0.06012345679012346,OVERSUPPLY,1268.8333333333333,0.0
593,12.2,Blue-N,1109,1097,22.0,70.33333333333333,3.0,1350.0,0.052098765432098765,OVERSUPPLY,1279.6666666666667,0.0
593,12.2,Blue-N,1109,1097,23.0,46.166666666666664,3.0,1350.0,0.03419753086419753,OVERSUPPLY,1303.8333333333333,0.0
595,12.2,Blue-N,1110,1102,5.0,0.5,3.0,1350.0,0.00037037037037037035,OVERSUPPLY,1349.5,0.0
595,12.2,Blue-N,1110,1102,6.0,81.33333333333333,3.0,1350.0,0.06024691358024691,OVERSUPPLY,1268.6666666666667,0.0
595,12.2,Blue-N,1110,1102,7.0,121.0,3.0,1350.0,0.08962962962962963,OVERSUPPLY,1229.0,0.0
595,12.2,Blue-N,1110,1102,8.0,151.0,3.0,1350.0,0.11185185185185186,OVERSUPPLY,1199.0,0.0
595,12.2,Blue-N,1110,1102,9.0,68.66666666666667,3.0,1350.0,0.0508641975308642,OVERSUPPLY,1281.3333333333333,0.0
595,12.2,Blue-N,1110,1102,10.0,69.83333333333333,3.0,1350.0,0.05172839506172839,OVERSUPPLY,1280.1666666666667,0.0
595,12.2,Blue-N,1110,1102,11.0,75.16666666666667,3.0,1350.0,0.05567901234567901,OVERSUPPLY,1274.8333333333333,0.0
595,12.2,Blue-N,1110,1102,12.0,76.16666666666667,3.0,1350.0,0.056419753086419756,OVERSUPPLY,1273.8333333333333,0.0
595,12.2,Blue-N,1110,1102,13.0,101.33333333333333,3.0,1350.0,0.07506172839506173,OVERSUPPLY,1248.6666666666667,0.0
595,12.2,Blue-N,1110,1102,14.0,160.16666666666666,3.0,1350.0,0.11864197530864197,OVERSUPPLY,1189.8333333333333,0.0
595,12.2,Blue-N,1110,1102,15.0,246.66666666666669,3.0,1350.0,0.18271604938271607,OVERSUPPLY,1103.3333333333333,0.0
595,12.2,Blue-N,1110,1102,16.0,441.0,3.0,1350.0,0.32666666666666666,BALANCED,909.0,0.0
595,12.2,Blue-N,1110,1102,17.0,648.3333333333334,3.0,1350.0,0.48024691358024696,BALANCED,701.6666666666666,0.0
595,12.2,Blue-N,1110,1102,18.0,481.0,3.0,1350.0,0.3562962962962963,BALANCED,869.0,0.0
595,12.2,Blue-N,1110,1102,19.0,278.1666666666667,4.0,1800.0,0.15453703703703706,OVERSUPPLY,1521.8333333333333,0.0
595,12.2,Blue-N,1110,1102,20.0,120.33333333333333,3.0,1350.0,0.0891358024691358,OVERSUPPLY,1229.6666666666667,0.0
595,12.2,Blue-N,1110,1102,21.0,58.166666666666664,3.0,1350.0,0.04308641975308642,OVERSUPPLY,1291.8333333333333,0.0
595,12.2,Blue-N,1110,1102,22.0,58.5,3.0,1350.0,0.043333333333333335,OVERSUPPLY,1291.5,0.0
595,12.2,Blue-N,1110,1102,23.0,32.833333333333336,3.0,1350.0,0.02432098765432099,OVERSUPPLY,1317.1666666666667,0.0
597,12.2,Blue-N,1111,1106,5.0,17.833333333333332,3.0,1350.0,0.013209876543209875,OVERSUPPLY,1332.1666666666667,0.0
597,12.2,Blue-N,1111,1106,6.0,87.83333333333333,3.0,1350.0,0.06506172839506172,OVERSUPPLY,1262.1666666666667,0.0
597,12.2,Blue-N,1111,1106,7.0,127.33333333333333,3.0,1350.0,0.09432098765432098,OVERSUPPLY,1222.6666666666667,0.0
597,12.2,Blue-N,1111,1106,8.0,200.83333333333334,3.0,1350.0,0.14876543209876544,OVERSUPPLY,1149.1666666666667,0.0
597,12.2,Blue-N,1111,1106,9.0,148.5,3.0,1350.0,0.11,OVERSUPPLY,1201.5,0.0
597,12.2,Blue-N,1111,1106,10.0,120.66666666666667,3.0,1350.0,0.08938271604938272,OVERSUPPLY,1229.3333333333333,0.0
597,12.2,Blue-N,1111,1106,11.0,155.0,3.0,1350.0,0.11481481481481481,OVERSUPPLY,1195.0,0.0
597,12.2,Blue-N,1111,1106,12.0,183.5,3.0,1350.0,0.13592592592592592,OVERSUPPLY,1166.5,0.0
597,12.2,Blue-N,1111,1106,13.0,253.5,3.0,1350.0,0.18777777777777777,OVERSUPPLY,1096.5,0.0
597,12.2,Blue-N,1111,1106,14.0,456.1666666666667,3.0,1350.0,0.3379012345679013,BALANCED,893.8333333333333,0.0
597,12.2,Blue-N,1111,1106,15.0,779.0,3.0,1350.0,0.577037037037037,BALANCED,571.0,0.0
597,12.2,Blue-N,1111,1106,16.0,1370.0,3.0,1350.0,1.0148148148148148,UNDERSUPPLY,0.0,20.0
597,12.2,Blue-N,1111,1106,17.0,2115.3333333333335,3.0,1350.0,1.5669135802469136,UNDERSUPPLY,0.0,765.3333333333335
597,12.2,Blue-N,1111,1106,18.0,1612.6666666666667,3.0,1350.0,1.194567901234568,UNDERSUPPLY,0.0,262.66666666666674
597,12.2,Blue-N,1111,1106,19.0,784.0,4.0,1800.0,0.43555555555555553,BALANCED,1016.0,0.0
597,12.2,Blue-N,1111,1106,20.0,371.6666666666667,3.0,1350.0,0.27530864197530863,BALANCED,978.3333333333333,0.0
597,12.2,Blue-N,1111,1106,21.0,209.33333333333334,3.0,1350.0,0.15506172839506174,OVERSUPPLY,1140.6666666666667,0.0
597,12.2,Blue-N,1111,1106,22.0,172.83333333333334,3.0,1350.0,0.1280246913580247,OVERSUPPLY,1177.1666666666667,0.0
597,12.2,Blue-N,1111,1106,23.0,143.0,3.0,1350.0,0.10592592592592592,OVERSUPPLY,1207.0,0.0
600,19.2,Beige-N,1113,1112,5.0,0.6666666666666666,9.0,4050.0,0.00016460905349794237,OVERSUPPLY,4049.3333333333335,0.0
600,19.2,Beige-N,1113,1112,6.0,1.3333333333333333,10.0,4500.0,0.0002962962962962963,OVERSUPPLY,4498.666666666667,0.0
600,19.2,Beige-N,1113,1112,7.0,5.0,10.0,4500.0,0.0011111111111111111,OVERSUPPLY,4495.0,0.0
600,19.2,Beige-N,1113,1112,8.0,37.666666666666664,9.0,4050.0,0.009300411522633745,OVERSUPPLY,4012.3333333333335,0.0
600,19.2,Beige-N,1113,1112,9.0,45.666666666666664,10.0,4500.0,0.010148148148148147,OVERSUPPLY,4454.333333333333,0.0
600,19.2,Beige-N,1113,1112,10.0,37.666666666666664,10.0,4500.0,0.00837037037037037,OVERSUPPLY,4462.333333333333,0.0
600,19.2,Beige-N,1113,1112,11.0,34.0,9.0,4050.0,0.008395061728395062,OVERSUPPLY,4016.0,0.0
600,19.2,Beige-N,1113,1112,12.0,23.666666666666668,10.0,4500.0,0.0052592592592592595,OVERSUPPLY,4476.333333333333,0.0
600,19.2,Beige-N,1113,1112,13.0,38.666666666666664,10.0,4500.0,0.008592592592592593,OVERSUPPLY,4461.333333333333,0.0
600,19.2,Beige-N,1113,1112,14.0,40.666666666666664,9.0,4050.0,0.010041152263374485,OVERSUPPLY,4009.3333333333335,0.0
600,19.2,Beige-N,1113,1112,15.0,47.333333333333336,10.0,4500.0,0.010518518518518519,OVERSUPPLY,4452.666666666667,0.0
600,19.2,Beige-N,1113,1112,16.0,30.333333333333332,10.0,4500.0,0.006740740740740741,OVERSUPPLY,4469.666666666667,0.0
600,19.2,Beige-N,1113,1112,17.0,48.666666666666664,9.0,4050.0,0.012016460905349793,OVERSUPPLY,4001.3333333333335,0.0
600,19.2,Beige-N,1113,1112,18.0,57.666666666666664,10.0,4500.0,0.012814814814814814,OVERSUPPLY,4442.333333333333,0.0
600,19.2,Beige-N,1113,1112,19.0,48.0,10.0,4500.0,0.010666666666666666,OVERSUPPLY,4452.0,0.0
600,19.2,Beige-N,1113,1112,20.0,28.666666666666664,10.0,4500.0,0.00637037037037037,OVERSUPPLY,4471.333333333333,0.0
600,19.2,Beige-N,1113,1112,21.0,30.333333333333332,9.0,4050.0,0.007489711934156379,OVERSUPPLY,4019.6666666666665,0.0
600,19.2,Beige-N,1113,1112,22.0,35.666666666666664,10.0,4500.0,0.007925925925925925,OVERSUPPLY,4464.333333333333,0.0
600,19.2,Beige-N,1113,1112,23.0,12.333333333333332,3.0,1350.0,0.009135802469135802,OVERSUPPLY,1337.6666666666667,0.0
602,2.2,Yellow-N,1114,1120,5.0,1.3333333333333333,7.0,5250.0,0.00025396825396825396,OVERSUPPLY,5248.666666666667,0.0
602,2.2,Yellow-N,1114,1120,6.0,19.666666666666664,6.0,4500.0,0.00437037037037037,OVERSUPPLY,4480.333333333333,0.0
602,2.2,Yellow-N,1114,1120,7.0,22.5,6.0,4500.0,0.005,OVERSUPPLY,4477.5,0.0
602,2.2,Yellow-N,1114,1120,8.0,42.833333333333336,6.0,4500.0,0.00951851851851852,OVERSUPPLY,4457.166666666667,0.0
602,2.2,Yellow-N,1114,1120,9.0,37.0,6.0,4500.0,0.008222222222222223,OVERSUPPLY,4463.0,0.0
602,2.2,Yellow-N,1114,1120,10.0,39.166666666666664,6.0,4500.0,0.008703703703703703,OVERSUPPLY,4460.833333333333,0.0
602,2.2,Yellow-N,1114,1120,11.0,51.833333333333336,6.0,4500.0,0.011518518518518518,OVERSUPPLY,4448.166666666667,0.0
602,2.2,Yellow-N,1114,1120,12.0,64.0,6.0,4500.0,0.014222222222222223,OVERSUPPLY,4436.0,0.0
602,2.2,Yellow-N,1114,1120,13.0,94.66666666666667,6.0,4500.0,0.021037037037037038,OVERSUPPLY,4405.333333333333,0.0
602,2.2,Yellow-N,1114,1120,14.0,141.66666666666666,6.0,4500.0,0.03148148148148148,OVERSUPPLY,4358.333333333333,0.0
602,2.2,Yellow-N,1114,1120,15.0,302.1666666666667,6.0,4500.0,0.06714814814814815,OVERSUPPLY,4197.833333333333,0.0
602,2.2,Yellow-N,1114,1120,16.0,554.8333333333334,6.0,4500.0,0.1232962962962963,OVERSUPPLY,3945.1666666666665,0.0
602,2.2,Yellow-N,1114,1120,17.0,793.0,6.0,4500.0,0.17622222222222222,OVERSUPPLY,3707.0,0.0
602,2.2,Yellow-N,1114,1120,18.0,756.0,6.0,4500.0,0.168,OVERSUPPLY,3744.0,0.0
602,2.2,Yellow-N,1114,1120,19.0,338.5,6.0,4500.0,0.07522222222222222,OVERSUPPLY,4161.5,0.0
602,2.2,Yellow-N,1114,1120,20.0,157.0,5.0,3750.0,0.04186666666666667,OVERSUPPLY,3593.0,0.0
602,2.2,Yellow-N,1114,1120,21.0,86.0,4.0,3000.0,0.028666666666666667,OVERSUPPLY,2914.0,0.0
602,2.2,Yellow-N,1114,1120,22.0,63.5,3.0,2250.0,0.02822222222222222,OVERSUPPLY,2186.5,0.0
602,2.2,Yellow-N,1114,1120,23.0,55.833333333333336,4.0,3000.0,0.018611111111111113,OVERSUPPLY,2944.1666666666665,0.0
604,2.2,Yellow-N,1115,1121,5.0,17.0,7.0,5250.0,0.0032380952380952383,OVERSUPPLY,5233.0,0.0
604,2.2,Yellow-N,1115,1121,6.0,55.666666666666664,6.0,4500.0,0.01237037037037037,OVERSUPPLY,4444.333333333333,0.0
604,2.2,Yellow-N,1115,1121,7.0,178.83333333333334,6.0,4500.0,0.03974074074074074,OVERSUPPLY,4321.166666666667,0.0
604,2.2,Yellow-N,1115,1121,8.0,275.3333333333333,6.0,4500.0,0.06118518518518518,OVERSUPPLY,4224.666666666667,0.0
604,2.2,Yellow-N,1115,1121,9.0,184.0,6.0,4500.0,0.04088888888888889,OVERSUPPLY,4316.0,0.0
604,2.2,Yellow-N,1115,1121,10.0,111.16666666666667,6.0,4500.0,0.024703703703703703,OVERSUPPLY,4388.833333333333,0.0
604,2.2,Yellow-N,1115,1121,11.0,131.33333333333334,6.0,4500.0,0.02918518518518519,OVERSUPPLY,4368.666666666667,0.0
604,2.2,Yellow-N,1115,1121,12.0,170.83333333333334,6.0,4500.0,0.03796296296296296,OVERSUPPLY,4329.166666666667,0.0
604,2.2,Yellow-N,1115,1121,13.0,249.16666666666666,6.0,4500.0,0.05537037037037037,OVERSUPPLY,4250.833333333333,0.0
604,2.2,Yellow-N,1115,1121,14.0,357.1666666666667,6.0,4500.0,0.07937037037037037,OVERSUPPLY,4142.833333333333,0.0
604,2.2,Yellow-N,1115,1121,15.0,624.3333333333334,6.0,4500.0,0.13874074074074075,OVERSUPPLY,3875.6666666666665,0.0
604,2.2,Yellow-N,1115,1121,16.0,1164.0,6.0,4500.0,0.25866666666666666,BALANCED,3336.0,0.0
604,2.2,Yellow-N,1115,1121,17.0,1717.1666666666667,6.0,4500.0,0.3815925925925926,BALANCED,2782.833333333333,0.0
604,2.2,Yellow-N,1115,1121,18.0,1357.6666666666667,6.0,4500.0,0.3017037037037037,BALANCED,3142.333333333333,0.0
604,2.2,Yellow-N,1115,1121,19.0,685.5,6.0,4500.0,0.15233333333333332,OVERSUPPLY,3814.5,0.0
604,2.2,Yellow-N,1115,1121,20.0,353.6666666666667,5.0,3750.0,0.09431111111111111,OVERSUPPLY,3396.3333333333335,0.0
604,2.2,Yellow-N,1115,1121,21.0,210.0,4.0,3000.0,0.07,OVERSUPPLY,2790.0,0.0
604,2.2,Yellow-N,1115,1121,22.0,178.16666666666666,3.0,2250.0,0.07918518518518518,OVERSUPPLY,2071.8333333333335,0.0
604,2.2,Yellow-N,1115,1121,23.0,130.5,4.0,3000.0,0.0435,OVERSUPPLY,2869.5,0.0
606,2.2,Yellow-N,1116,1122,5.0,6.5,7.0,5250.0,0.001238095238095238,OVERSUPPLY,5243.5,0.0
606,2.2,Yellow-N,1116,1122,6.0,19.0,6.0,4500.0,0.004222222222222222,OVERSUPPLY,4481.0,0.0
606,2.2,Yellow-N,1116,1122,7.0,68.33333333333333,6.0,4500.0,0.015185185185185184,OVERSUPPLY,4431.666666666667,0.0
606,2.2,Yellow-N,1116,1122,8.0,107.83333333333334,6.0,4500.0,0.023962962962962964,OVERSUPPLY,4392.166666666667,0.0
606,2.2,Yellow-N,1116,1122,9.0,72.16666666666667,6.0,4500.0,0.016037037037037037,OVERSUPPLY,4427.833333333333,0.0
606,2.2,Yellow-N,1116,1122,10.0,43.166666666666664,6.0,4500.0,0.009592592592592592,OVERSUPPLY,4456.833333333333,0.0
606,2.2,Yellow-N,1116,1122,11.0,54.166666666666664,6.0,4500.0,0.012037037037037037,OVERSUPPLY,4445.833333333333,0.0
606,2.2,Yellow-N,1116,1122,12.0,75.33333333333333,6.0,4500.0,0.01674074074074074,OVERSUPPLY,4424.666666666667,0.0
606,2.2,Yellow-N,1116,1122,13.0,115.33333333333333,6.0,4500.0,0.025629629629629627,OVERSUPPLY,4384.666666666667,0.0
606,2.2,Yellow-N,1116,1122,14.0,183.0,6.0,4500.0,0.04066666666666666,OVERSUPPLY,4317.0,0.0
606,2.2,Yellow-N,1116,1122,15.0,341.0,6.0,4500.0,0.07577777777777778,OVERSUPPLY,4159.0,0.0
606,2.2,Yellow-N,1116,1122,16.0,637.8333333333334,6.0,4500.0,0.14174074074074075,OVERSUPPLY,3862.1666666666665,0.0
606,2.2,Yellow-N,1116,1122,17.0,892.5,6.0,4500.0,0.19833333333333333,OVERSUPPLY,3607.5,0.0
606,2.2,Yellow-N,1116,1122,18.0,653.8333333333334,6.0,4500.0,0.1452962962962963,OVERSUPPLY,3846.1666666666665,0.0
606,2.2,Yellow-N,1116,1122,19.0,310.0,6.0,4500.0,0.06888888888888889,OVERSUPPLY,4190.0,0.0
606,2.2,Yellow-N,1116,1122,20.0,152.5,5.0,3750.0,0.04066666666666666,OVERSUPPLY,3597.5,0.0
606,2.2,Yellow-N,1116,1122,21.0,78.66666666666667,4.0,3000.0,0.026222222222222223,OVERSUPPLY,2921.3333333333335,0.0
606,2.2,Yellow-N,1116,1122,22.0,63.666666666666664,3.0,2250.0,0.028296296296296295,OVERSUPPLY,2186.3333333333335,0.0
606,2.2,Yellow-N,1116,1122,23.0,40.5,4.0,3000.0,0.0135,OVERSUPPLY,2959.5,0.0
610,2.2,Yellow-N,1118,1132,5.0,15.333333333333332,7.0,5250.0,0.0029206349206349204,OVERSUPPLY,5234.666666666667,0.0
610,2.2,Yellow-N,1118,1132,6.0,41.83333333333333,6.0,4500.0,0.009296296296296296,OVERSUPPLY,4458.166666666667,0.0
610,2.2,Yellow-N,1118,1132,7.0,123.83333333333334,6.0,4500.0,0.027518518518518522,OVERSUPPLY,4376.166666666667,0.0
610,2.2,Yellow-N,1118,1132,8.0,242.83333333333334,6.0,4500.0,0.05396296296296296,OVERSUPPLY,4257.166666666667,0.0
610,2.2,Yellow-N,1118,1132,9.0,171.83333333333334,6.0,4500.0,0.03818518518518519,OVERSUPPLY,4328.166666666667,0.0
610,2.2,Yellow-N,1118,1132,10.0,75.5,6.0,4500.0,0.016777777777777777,OVERSUPPLY,4424.5,0.0
610,2.2,Yellow-N,1118,1132,11.0,51.0,6.0,4500.0,0.011333333333333334,OVERSUPPLY,4449.0,0.0
610,2.2,Yellow-N,1118,1132,12.0,45.833333333333336,6.0,4500.0,0.010185185185185186,OVERSUPPLY,4454.166666666667,0.0
610,2.2,Yellow-N,1118,1132,13.0,37.833333333333336,6.0,4500.0,0.008407407407407409,OVERSUPPLY,4462.166666666667,0.0
610,2.2,Yellow-N,1118,1132,14.0,41.833333333333336,6.0,4500.0,0.009296296296296297,OVERSUPPLY,4458.166666666667,0.0
610,2.2,Yellow-N,1118,1132,15.0,53.333333333333336,6.0,4500.0,0.011851851851851853,OVERSUPPLY,4446.666666666667,0.0
610,2.2,Yellow-N,1118,1132,16.0,74.16666666666667,6.0,4500.0,0.016481481481481482,OVERSUPPLY,4425.833333333333,0.0
610,2.2,Yellow-N,1118,1132,17.0,102.83333333333333,6.0,4500.0,0.022851851851851852,OVERSUPPLY,4397.166666666667,0.0
610,2.2,Yellow-N,1118,1132,18.0,88.16666666666667,6.0,4500.0,0.019592592592592592,OVERSUPPLY,4411.833333333333,0.0
610,2.2,Yellow-N,1118,1132,19.0,38.166666666666664,6.0,4500.0,0.00848148148148148,OVERSUPPLY,4461.833333333333,0.0
610,2.2,Yellow-N,1118,1132,20.0,18.666666666666668,5.0,3750.0,0.004977777777777778,OVERSUPPLY,3731.3333333333335,0.0
610,2.2,Yellow-N,1118,1132,21.0,7.333333333333333,4.0,3000.0,0.0024444444444444444,OVERSUPPLY,2992.6666666666665,0.0
610,2.2,Yellow-N,1118,1132,22.0,4.0,3.0,2250.0,0.0017777777777777779,OVERSUPPLY,2246.0,0.0
610,2.2,Yellow-N,1118,1132,23.0,3.1666666666666665,4.0,3000.0,0.0010555555555555555,OVERSUPPLY,2996.8333333333335,0.0
612,2.2,Yellow-N,1119,1133,6.0,0.16666666666666666,6.0,4500.0,3.7037037037037037e-05,OVERSUPPLY,4499.833333333333,0.0
612,2.2,Yellow-N,1119,1133,7.0,2.1666666666666665,6.0,4500.0,0.00048148148148148144,OVERSUPPLY,4497.833333333333,0.0
612,2.2,Yellow-N,1119,1133,8.0,5.5,6.0,4500.0,0.0012222222222222222,OVERSUPPLY,4494.5,0.0
612,2.2,Yellow-N,1119,1133,9.0,2.666666666666667,6.0,4500.0,0.0005925925925925927,OVERSUPPLY,4497.333333333333,0.0
612,2.2,Yellow-N,1119,1133,10.0,1.0,6.0,4500.0,0.00022222222222222223,OVERSUPPLY,4499.0,0.0
612,2.2,Yellow-N,1119,1133,11.0,1.6666666666666667,6.0,4500.0,0.0003703703703703704,OVERSUPPLY,4498.333333333333,0.0
612,2.2,Yellow-N,1119,1133,12.0,1.1666666666666665,6.0,4500.0,0.0002592592592592592,OVERSUPPLY,4498.833333333333,0.0
612,2.2,Yellow-N,1119,1133,13.0,1.6666666666666665,6.0,4500.0,0.00037037037037037035,OVERSUPPLY,4498.333333333333,0.0
612,2.2,Yellow-N,1119,1133,14.0,1.1666666666666665,6.0,4500.0,0.0002592592592592592,OVERSUPPLY,4498.833333333333,0.0
612,2.2,Yellow-N,1119,1133,15.0,4.666666666666667,6.0,4500.0,0.001037037037037037,OVERSUPPLY,4495.333333333333,0.0
612,2.2,Yellow-N,1119,1133,16.0,9.0,6.0,4500.0,0.002,OVERSUPPLY,4491.0,0.0
612,2.2,Yellow-N,1119,1133,17.0,17.666666666666668,6.0,4500.0,0.0039259259259259265,OVERSUPPLY,4482.333333333333,0.0
612,2.2,Yellow-N,1119,1133,18.0,11.333333333333332,6.0,4500.0,0.0025185185185185185,OVERSUPPLY,4488.666666666667,0.0
612,2.2,Yellow-N,1119,1133,19.0,4.5,6.0,4500.0,0.001,OVERSUPPLY,4495.5,0.0
612,2.2,Yellow-N,1119,1133,20.0,4.166666666666667,5.0,3750.0,0.0011111111111111111,OVERSUPPLY,3745.8333333333335,0.0
612,2.2,Yellow-N,1119,1133,21.0,0.6666666666666666,4.0,3000.0,0.0002222222222222222,OVERSUPPLY,2999.3333333333335,0.0
612,2.2,Yellow-N,1119,1133,22.0,0.5,3.0,2250.0,0.00022222222222222223,OVERSUPPLY,2249.5,0.0
612,2.2,Yellow-N,1119,1133,23.0,0.3333333333333333,4.0,3000.0,0.0001111111111111111,OVERSUPPLY,2999.6666666666665,0.0
614,2.2,Yellow-N,1120,1151,5.0,5.5,7.0,5250.0,0.0010476190476190477,OVERSUPPLY,5244.5,0.0
614,2.2,Yellow-N,1120,1151,6.0,31.833333333333332,6.0,4500.0,0.007074074074074074,OVERSUPPLY,4468.166666666667,0.0
614,2.2,Yellow-N,1120,1151,7.0,46.0,6.0,4500.0,0.010222222222222223,OVERSUPPLY,4454.0,0.0
614,2.2,Yellow-N,1120,1151,8.0,75.83333333333333,6.0,4500.0,0.01685185185185185,OVERSUPPLY,4424.166666666667,0.0
614,2.2,Yellow-N,1120,1151,9.0,51.833333333333336,6.0,4500.0,0.011518518518518518,OVERSUPPLY,4448.166666666667,0.0
614,2.2,Yellow-N,1120,1151,10.0,51.833333333333336,6.0,4500.0,0.011518518518518518,OVERSUPPLY,4448.166666666667,0.0
614,2.2,Yellow-N,1120,1151,11.0,68.66666666666667,6.0,4500.0,0.01525925925925926,OVERSUPPLY,4431.333333333333,0.0
614,2.2,Yellow-N,1120,1151,12.0,84.0,6.0,4500.0,0.018666666666666668,OVERSUPPLY,4416.0,0.0
614,2.2,Yellow-N,1120,1151,13.0,127.33333333333333,6.0,4500.0,0.028296296296296295,OVERSUPPLY,4372.666666666667,0.0
614,2.2,Yellow-N,1120,1151,14.0,195.33333333333334,6.0,4500.0,0.04340740740740741,OVERSUPPLY,4304.666666666667,0.0
614,2.2,Yellow-N,1120,1151,15.0,380.5,6.0,4500.0,0.08455555555555555,OVERSUPPLY,4119.5,0.0
614,2.2,Yellow-N,1120,1151,16.0,719.3333333333334,6.0,4500.0,0.15985185185185186,OVERSUPPLY,3780.6666666666665,0.0
614,2.2,Yellow-N,1120,1151,17.0,1015.5,6.0,4500.0,0.22566666666666665,BALANCED,3484.5,0.0
614,2.2,Yellow-N,1120,1151,18.0,898.6666666666666,6.0,4500.0,0.1997037037037037,OVERSUPPLY,3601.3333333333335,0.0
614,2.2,Yellow-N,1120,1151,19.0,403.5,6.0,4500.0,0.08966666666666667,OVERSUPPLY,4096.5,0.0
614,2.2,Yellow-N,1120,1151,20.0,197.16666666666666,5.0,3750.0,0.05257777777777777,OVERSUPPLY,3552.8333333333335,0.0
614,2.2,Yellow-N,1120,1151,21.0,107.16666666666667,4.0,3000.0,0.035722222222222225,OVERSUPPLY,2892.8333333333335,0.0
614,2.2,Yellow-N,1120,1151,22.0,83.0,3.0,2250.0,0.03688888888888889,OVERSUPPLY,2167.0,0.0
614,2.2,Yellow-N,1120,1151,23.0,91.83333333333333,4.0,3000.0,0.03061111111111111,OVERSUPPLY,2908.1666666666665,0.0
616,2.2,Yellow-N,1121,1152,5.0,10.5,7.0,5250.0,0.002,OVERSUPPLY,5239.5,0.0
616,2.2,Yellow-N,1121,1152,6.0,37.5,6.0,4500.0,0.008333333333333333,OVERSUPPLY,4462.5,0.0
616,2.2,Yellow-N,1121,1152,7.0,97.5,6.0,4500.0,0.021666666666666667,OVERSUPPLY,4402.5,0.0
616,2.2,Yellow-N,1121,1152,8.0,127.66666666666667,6.0,4500.0,0.028370370370370372,OVERSUPPLY,4372.333333333333,0.0
616,2.2,Yellow-N,1121,1152,9.0,90.16666666666667,6.0,4500.0,0.020037037037037037,OVERSUPPLY,4409.833333333333,0.0
616,2.2,Yellow-N,1121,1152,10.0,75.33333333333333,6.0,4500.0,0.01674074074074074,OVERSUPPLY,4424.666666666667,0.0
616,2.2,Yellow-N,1121,1152,11.0,98.5,6.0,4500.0,0.02188888888888889,OVERSUPPLY,4401.5,0.0
616,2.2,Yellow-N,1121,1152,12.0,130.16666666666666,6.0,4500.0,0.028925925925925924,OVERSUPPLY,4369.833333333333,0.0
616,2.2,Yellow-N,1121,1152,13.0,199.66666666666666,6.0,4500.0,0.044370370370370366,OVERSUPPLY,4300.333333333333,0.0
616,2.2,Yellow-N,1121,1152,14.0,312.1666666666667,6.0,4500.0,0.06937037037037037,OVERSUPPLY,4187.833333333333,0.0
616,2.2,Yellow-N,1121,1152,15.0,540.0,6.0,4500.0,0.12,OVERSUPPLY,3960.0,0.0
616,2.2,Yellow-N,1121,1152,16.0,1014.5,6.0,4500.0,0.22544444444444445,BALANCED,3485.5,0.0
616,2.2,Yellow-N,1121,1152,17.0,1456.8333333333333,6.0,4500.0,0.3237407407407407,BALANCED,3043.166666666667,0.0
616,2.2,Yellow-N,1121,1152,18.0,1088.3333333333333,6.0,4500.0,0.24185185185185185,BALANCED,3411.666666666667,0.0
616,2.2,Yellow-N,1121,1152,19.0,528.8333333333334,6.0,4500.0,0.11751851851851852,OVERSUPPLY,3971.1666666666665,0.0
616,2.2,Yellow-N,1121,1152,20.0,269.1666666666667,5.0,3750.0,0.07177777777777779,OVERSUPPLY,3480.8333333333335,0.0
616,2.2,Yellow-N,1121,1152,21.0,162.83333333333334,4.0,3000.0,0.05427777777777778,OVERSUPPLY,2837.1666666666665,0.0
616,2.2,Yellow-N,1121,1152,22.0,142.0,3.0,2250.0,0.06311111111111112,OVERSUPPLY,2108.0,0.0
616,2.2,Yellow-N,1121,1152,23.0,114.66666666666667,4.0,3000.0,0.03822222222222223,OVERSUPPLY,2885.3333333333335,0.0
618,2.2,Yellow-N,1122,1153,5.0,4.333333333333333,7.0,5250.0,0.0008253968253968254,OVERSUPPLY,5245.666666666667,0.0
618,2.2,Yellow-N,1122,1153,6.0,15.0,6.0,4500.0,0.0033333333333333335,OVERSUPPLY,4485.0,0.0
618,2.2,Yellow-N,1122,1153,7.0,41.333333333333336,6.0,4500.0,0.009185185185185185,OVERSUPPLY,4458.666666666667,0.0
618,2.2,Yellow-N,1122,1153,8.0,55.5,6.0,4500.0,0.012333333333333333,OVERSUPPLY,4444.5,0.0
618,2.2,Yellow-N,1122,1153,9.0,36.833333333333336,6.0,4500.0,0.008185185185185186,OVERSUPPLY,4463.166666666667,0.0
618,2.2,Yellow-N,1122,1153,10.0,29.666666666666668,6.0,4500.0,0.006592592592592593,OVERSUPPLY,4470.333333333333,0.0
618,2.2,Yellow-N,1122,1153,11.0,41.0,6.0,4500.0,0.009111111111111111,OVERSUPPLY,4459.0,0.0
618,2.2,Yellow-N,1122,1153,12.0,55.0,6.0,4500.0,0.012222222222222223,OVERSUPPLY,4445.0,0.0
618,2.2,Yellow-N,1122,1153,13.0,94.0,6.0,4500.0,0.020888888888888887,OVERSUPPLY,4406.0,0.0
618,2.2,Yellow-N,1122,1153,14.0,161.33333333333334,6.0,4500.0,0.03585185185185186,OVERSUPPLY,4338.666666666667,0.0
618,2.2,Yellow-N,1122,1153,15.0,299.5,6.0,4500.0,0.06655555555555556,OVERSUPPLY,4200.5,0.0
618,2.2,Yellow-N,1122,1153,16.0,557.5,6.0,4500.0,0.1238888888888889,OVERSUPPLY,3942.5,0.0
618,2.2,Yellow-N,1122,1153,17.0,775.5,6.0,4500.0,0.17233333333333334,OVERSUPPLY,3724.5,0.0
618,2.2,Yellow-N,1122,1153,18.0,550.8333333333334,6.0,4500.0,0.12240740740740741,OVERSUPPLY,3949.1666666666665,0.0
618,2.2,Yellow-N,1122,1153,19.0,253.5,6.0,4500.0,0.05633333333333333,OVERSUPPLY,4246.5,0.0
618,2.2,Yellow-N,1122,1153,20.0,120.0,5.0,3750.0,0.032,OVERSUPPLY,3630.0,0.0
618,2.2,Yellow-N,1122,1153,21.0,63.33333333333333,4.0,3000.0,0.02111111111111111,OVERSUPPLY,2936.6666666666665,0.0
618,2.2,Yellow-N,1122,1153,22.0,52.166666666666664,3.0,2250.0,0.023185185185185184,OVERSUPPLY,2197.8333333333335,0.0
618,2.2,Yellow-N,1122,1153,23.0,33.666666666666664,4.0,3000.0,0.011222222222222222,OVERSUPPLY,2966.3333333333335,0.0
620,2.2,Yellow-N,1123,1117,5.0,0.16666666666666666,7.0,5250.0,3.1746031746031745e-05,OVERSUPPLY,5249.833333333333,0.0
620,2.2,Yellow-N,1123,1117,6.0,1.5,6.0,4500.0,0.0003333333333333333,OVERSUPPLY,4498.5,0.0
620,2.2,Yellow-N,1123,1117,7.0,3.5,6.0,4500.0,0.0007777777777777777,OVERSUPPLY,4496.5,0.0
620,2.2,Yellow-N,1123,1117,8.0,6.666666666666667,6.0,4500.0,0.0014814814814814816,OVERSUPPLY,4493.333333333333,0.0
620,2.2,Yellow-N,1123,1117,9.0,2.3333333333333335,6.0,4500.0,0.0005185185185185185,OVERSUPPLY,4497.666666666667,0.0
620,2.2,Yellow-N,1123,1117,10.0,1.1666666666666667,6.0,4500.0,0.00025925925925925926,OVERSUPPLY,4498.833333333333,0.0
620,2.2,Yellow-N,1123,1117,11.0,1.6666666666666667,6.0,4500.0,0.0003703703703703704,OVERSUPPLY,4498.333333333333,0.0
620,2.2,Yellow-N,1123,1117,12.0,3.0,6.0,4500.0,0.0006666666666666666,OVERSUPPLY,4497.0,0.0
620,2.2,Yellow-N,1123,1117,13.0,3.3333333333333335,6.0,4500.0,0.0007407407407407408,OVERSUPPLY,4496.666666666667,0.0
620,2.2,Yellow-N,1123,1117,14.0,4.666666666666667,6.0,4500.0,0.001037037037037037,OVERSUPPLY,4495.333333333333,0.0
620,2.2,Yellow-N,1123,1117,15.0,3.8333333333333335,6.0,4500.0,0.0008518518518518519,OVERSUPPLY,4496.166666666667,0.0
620,2.2,Yellow-N,1123,1117,16.0,2.5,6.0,4500.0,0.0005555555555555556,OVERSUPPLY,4497.5,0.0
620,2.2,Yellow-N,1123,1117,17.0,5.666666666666667,6.0,4500.0,0.0012592592592592592,OVERSUPPLY,4494.333333333333,0.0
620,2.2,Yellow-N,1123,1117,18.0,4.833333333333333,6.0,4500.0,0.001074074074074074,OVERSUPPLY,4495.166666666667,0.0
620,2.2,Yellow-N,1123,1117,19.0,3.6666666666666665,6.0,4500.0,0.0008148148148148148,OVERSUPPLY,4496.333333333333,0.0
620,2.2,Yellow-N,1123,1117,20.0,2.8333333333333335,5.0,3750.0,0.0007555555555555556,OVERSUPPLY,3747.1666666666665,0.0
620,2.2,Yellow-N,1123,1117,21.0,1.1666666666666667,4.0,3000.0,0.0003888888888888889,OVERSUPPLY,2998.8333333333335,0.0
620,2.2,Yellow-N,1123,1117,22.0,0.5,3.0,2250.0,0.00022222222222222223,OVERSUPPLY,2249.5,0.0
620,2.2,Yellow-N,1123,1117,23.0,0.3333333333333333,4.0,3000.0,0.0001111111111111111,OVERSUPPLY,2999.6666666666665,0.0
622,2.2,Yellow-N,1124,1118,5.0,19.833333333333332,7.0,5250.0,0.0037777777777777775,OVERSUPPLY,5230.166666666667,0.0
622,2.2,Yellow-N,1124,1118,6.0,55.666666666666664,6.0,4500.0,0.01237037037037037,OVERSUPPLY,4444.333333333333,0.0
622,2.2,Yellow-N,1124,1118,7.0,177.16666666666666,6.0,4500.0,0.03937037037037037,OVERSUPPLY,4322.833333333333,0.0
622,2.2,Yellow-N,1124,1118,8.0,334.1666666666667,6.0,4500.0,0.07425925925925926,OVERSUPPLY,4165.833333333333,0.0
622,2.2,Yellow-N,1124,1118,9.0,217.5,6.0,4500.0,0.04833333333333333,OVERSUPPLY,4282.5,0.0
622,2.2,Yellow-N,1124,1118,10.0,93.33333333333333,6.0,4500.0,0.02074074074074074,OVERSUPPLY,4406.666666666667,0.0
622,2.2,Yellow-N,1124,1118,11.0,68.33333333333333,6.0,4500.0,0.015185185185185184,OVERSUPPLY,4431.666666666667,0.0
622,2.2,Yellow-N,1124,1118,12.0,62.0,6.0,4500.0,0.013777777777777778,OVERSUPPLY,4438.0,0.0
622,2.2,Yellow-N,1124,1118,13.0,55.5,6.0,4500.0,0.012333333333333333,OVERSUPPLY,4444.5,0.0
622,2.2,Yellow-N,1124,1118,14.0,57.166666666666664,6.0,4500.0,0.012703703703703703,OVERSUPPLY,4442.833333333333,0.0
622,2.2,Yellow-N,1124,1118,15.0,75.66666666666667,6.0,4500.0,0.016814814814814817,OVERSUPPLY,4424.333333333333,0.0
622,2.2,Yellow-N,1124,1118,16.0,103.33333333333333,6.0,4500.0,0.022962962962962963,OVERSUPPLY,4396.666666666667,0.0
622,2.2,Yellow-N,1124,1118,17.0,140.66666666666666,6.0,4500.0,0.03125925925925926,OVERSUPPLY,4359.333333333333,0.0
622,2.2,Yellow-N,1124,1118,18.0,122.66666666666667,6.0,4500.0,0.02725925925925926,OVERSUPPLY,4377.333333333333,0.0
622,2.2,Yellow-N,1124,1118,19.0,55.333333333333336,6.0,4500.0,0.012296296296296296,OVERSUPPLY,4444.666666666667,0.0
622,2.2,Yellow-N,1124,1118,20.0,26.833333333333332,5.0,3750.0,0.007155555555555556,OVERSUPPLY,3723.1666666666665,0.0
622,2.2,Yellow-N,1124,1118,21.0,14.5,4.0,3000.0,0.004833333333333334,OVERSUPPLY,2985.5,0.0
622,2.2,Yellow-N,1124,1118,22.0,9.166666666666666,3.0,2250.0,0.004074074074074074,OVERSUPPLY,2240.8333333333335,0.0
622,2.2,Yellow-N,1124,1118,23.0,4.333333333333333,4.0,3000.0,0.0014444444444444444,OVERSUPPLY,2995.6666666666665,0.0
624,2.2,Yellow-N,1125,1119,6.0,0.16666666666666666,6.0,4500.0,3.7037037037037037e-05,OVERSUPPLY,4499.833333333333,0.0
624,2.2,Yellow-N,1125,1119,7.0,2.1666666666666665,6.0,4500.0,0.00048148148148148144,OVERSUPPLY,4497.833333333333,0.0
624,2.2,Yellow-N,1125,1119,8.0,5.5,6.0,4500.0,0.0012222222222222222,OVERSUPPLY,4494.5,0.0
624,2.2,Yellow-N,1125,1119,9.0,2.666666666666667,6.0,4500.0,0.0005925925925925927,OVERSUPPLY,4497.333333333333,0.0
624,2.2,Yellow-N,1125,1119,10.0,1.0,6.0,4500.0,0.00022222222222222223,OVERSUPPLY,4499.0,0.0
624,2.2,Yellow-N,1125,1119,11.0,1.6666666666666667,6.0,4500.0,0.0003703703703703704,OVERSUPPLY,4498.333333333333,0.0
624,2.2,Yellow-N,1125,1119,12.0,1.1666666666666665,6.0,4500.0,0.0002592592592592592,OVERSUPPLY,4498.833333333333,0.0
624,2.2,Yellow-N,1125,1119,13.0,1.6666666666666665,6.0,4500.0,0.00037037037037037035,OVERSUPPLY,4498.333333333333,0.0
624,2.2,Yellow-N,1125,1119,14.0,1.1666666666666665,6.0,4500.0,0.0002592592592592592,OVERSUPPLY,4498.833333333333,0.0
624,2.2,Yellow-N,1125,1119,15.0,4.666666666666667,6.0,4500.0,0.001037037037037037,OVERSUPPLY,4495.333333333333,0.0
624,2.2,Yellow-N,1125,1119,16.0,9.0,6.0,4500.0,0.002,OVERSUPPLY,4491.0,0.0
624,2.2,Yellow-N,1125,1119,17.0,17.666666666666668,6.0,4500.0,0.0039259259259259265,OVERSUPPLY,4482.333333333333,0.0
624,2.2,Yellow-N,1125,1119,18.0,11.333333333333332,6.0,4500.0,0.0025185185185185185,OVERSUPPLY,4488.666666666667,0.0
624,2.2,Yellow-N,1125,1119,19.0,4.5,6.0,4500.0,0.001,OVERSUPPLY,4495.5,0.0
624,2.2,Yellow-N,1125,1119,20.0,4.166666666666667,5.0,3750.0,0.0011111111111111111,OVERSUPPLY,3745.8333333333335,0.0
624,2.2,Yellow-N,1125,1119,21.0,0.6666666666666666,4.0,3000.0,0.0002222222222222222,OVERSUPPLY,2999.3333333333335,0.0
624,2.2,Yellow-N,1125,1119,22.0,0.5,3.0,2250.0,0.00022222222222222223,OVERSUPPLY,2249.5,0.0
624,2.2,Yellow-N,1125,1119,23.0,0.3333333333333333,4.0,3000.0,0.0001111111111111111,OVERSUPPLY,2999.6666666666665,0.0
628,2.2,Yellow-N,1128,1145,5.0,3.5,7.0,5250.0,0.0006666666666666666,OVERSUPPLY,5246.5,0.0
628,2.2,Yellow-N,1128,1145,6.0,9.5,6.0,4500.0,0.002111111111111111,OVERSUPPLY,4490.5,0.0
628,2.2,Yellow-N,1128,1145,7.0,40.166666666666664,6.0,4500.0,0.008925925925925926,OVERSUPPLY,4459.833333333333,0.0
628,2.2,Yellow-N,1128,1145,8.0,56.83333333333333,6.0,4500.0,0.012629629629629628,OVERSUPPLY,4443.166666666667,0.0
628,2.2,Yellow-N,1128,1145,9.0,30.5,6.0,4500.0,0.0067777777777777775,OVERSUPPLY,4469.5,0.0
628,2.2,Yellow-N,1128,1145,10.0,15.5,6.0,4500.0,0.0034444444444444444,OVERSUPPLY,4484.5,0.0
628,2.2,Yellow-N,1128,1145,11.0,16.0,6.0,4500.0,0.0035555555555555557,OVERSUPPLY,4484.0,0.0
628,2.2,Yellow-N,1128,1145,12.0,18.5,6.0,4500.0,0.004111111111111111,OVERSUPPLY,4481.5,0.0
628,2.2,Yellow-N,1128,1145,13.0,18.166666666666668,6.0,4500.0,0.004037037037037037,OVERSUPPLY,4481.833333333333,0.0
628,2.2,Yellow-N,1128,1145,14.0,20.0,6.0,4500.0,0.0044444444444444444,OVERSUPPLY,4480.0,0.0
628,2.2,Yellow-N,1128,1145,15.0,25.166666666666664,6.0,4500.0,0.005592592592592592,OVERSUPPLY,4474.833333333333,0.0
628,2.2,Yellow-N,1128,1145,16.0,29.666666666666664,6.0,4500.0,0.006592592592592592,OVERSUPPLY,4470.333333333333,0.0
628,2.2,Yellow-N,1128,1145,17.0,30.166666666666668,6.0,4500.0,0.006703703703703704,OVERSUPPLY,4469.833333333333,0.0
628,2.2,Yellow-N,1128,1145,18.0,23.833333333333332,6.0,4500.0,0.005296296296296296,OVERSUPPLY,4476.166666666667,0.0
628,2.2,Yellow-N,1128,1145,19.0,12.333333333333334,6.0,4500.0,0.002740740740740741,OVERSUPPLY,4487.666666666667,0.0
628,2.2,Yellow-N,1128,1145,20.0,7.5,5.0,3750.0,0.002,OVERSUPPLY,3742.5,0.0
628,2.2,Yellow-N,1128,1145,21.0,4.333333333333333,4.0,3000.0,0.0014444444444444444,OVERSUPPLY,2995.6666666666665,0.0
628,2.2,Yellow-N,1128,1145,22.0,1.6666666666666665,3.0,2250.0,0.0007407407407407407,OVERSUPPLY,2248.3333333333335,0.0
628,2.2,Yellow-N,1128,1145,23.0,1.3333333333333333,4.0,3000.0,0.0004444444444444444,OVERSUPPLY,2998.6666666666665,0.0
634,2.2,Yellow-N,1131,1171,5.0,94.5,7.0,5250.0,0.018,OVERSUPPLY,5155.5,0.0
634,2.2,Yellow-N,1131,1171,6.0,291.0,6.0,4500.0,0.06466666666666666,OVERSUPPLY,4209.0,0.0
634,2.2,Yellow-N,1131,1171,7.0,660.6666666666666,6.0,4500.0,0.14681481481481481,OVERSUPPLY,3839.3333333333335,0.0
634,2.2,Yellow-N,1131,1171,8.0,1122.3333333333333,6.0,4500.0,0.24940740740740738,BALANCED,3377.666666666667,0.0
634,2.2,Yellow-N,1131,1171,9.0,807.0,6.0,4500.0,0.17933333333333334,OVERSUPPLY,3693.0,0.0
634,2.2,Yellow-N,1131,1171,10.0,395.1666666666667,6.0,4500.0,0.08781481481481482,OVERSUPPLY,4104.833333333333,0.0
634,2.2,Yellow-N,1131,1171,11.0,381.8333333333333,6.0,4500.0,0.08485185185185184,OVERSUPPLY,4118.166666666667,0.0
634,2.2,Yellow-N,1131,1171,12.0,414.1666666666667,6.0,4500.0,0.09203703703703704,OVERSUPPLY,4085.8333333333335,0.0
634,2.2,Yellow-N,1131,1171,13.0,472.1666666666667,6.0,4500.0,0.10492592592592594,OVERSUPPLY,4027.8333333333335,0.0
634,2.2,Yellow-N,1131,1171,14.0,551.8333333333334,6.0,4500.0,0.12262962962962964,OVERSUPPLY,3948.1666666666665,0.0
634,2.2,Yellow-N,1131,1171,15.0,770.3333333333334,6.0,4500.0,0.1711851851851852,OVERSUPPLY,3729.6666666666665,0.0
634,2.2,Yellow-N,1131,1171,16.0,1350.8333333333333,6.0,4500.0,0.30018518518518517,BALANCED,3149.166666666667,0.0
634,2.2,Yellow-N,1131,1171,17.0,2001.3333333333333,6.0,4500.0,0.4447407407407407,BALANCED,2498.666666666667,0.0
634,2.2,Yellow-N,1131,1171,18.0,1599.1666666666667,6.0,4500.0,0.3553703703703704,BALANCED,2900.833333333333,0.0
634,2.2,Yellow-N,1131,1171,19.0,814.0,6.0,4500.0,0.18088888888888888,OVERSUPPLY,3686.0,0.0
634,2.2,Yellow-N,1131,1171,20.0,440.8333333333333,5.0,3750.0,0.11755555555555555,OVERSUPPLY,3309.1666666666665,0.0
634,2.2,Yellow-N,1131,1171,21.0,275.5,4.0,3000.0,0.09183333333333334,OVERSUPPLY,2724.5,0.0
634,2.2,Yellow-N,1131,1171,22.0,251.66666666666666,3.0,2250.0,0.11185185185185184,OVERSUPPLY,1998.3333333333333,0.0
634,2.2,Yellow-N,1131,1171,23.0,170.0,4.0,3000.0,0.056666666666666664,OVERSUPPLY,2830.0,0.0
636,2.2,Yellow-N,1132,1172,5.0,15.333333333333332,7.0,5250.0,0.0029206349206349204,OVERSUPPLY,5234.666666666667,0.0
636,2.2,Yellow-N,1132,1172,6.0,41.83333333333333,6.0,4500.0,0.009296296296296296,OVERSUPPLY,4458.166666666667,0.0
636,2.2,Yellow-N,1132,1172,7.0,123.83333333333334,6.0,4500.0,0.027518518518518522,OVERSUPPLY,4376.166666666667,0.0
636,2.2,Yellow-N,1132,1172,8.0,242.83333333333334,6.0,4500.0,0.05396296296296296,OVERSUPPLY,4257.166666666667,0.0
636,2.2,Yellow-N,1132,1172,9.0,171.83333333333334,6.0,4500.0,0.03818518518518519,OVERSUPPLY,4328.166666666667,0.0
636,2.2,Yellow-N,1132,1172,10.0,75.5,6.0,4500.0,0.016777777777777777,OVERSUPPLY,4424.5,0.0
636,2.2,Yellow-N,1132,1172,11.0,51.0,6.0,4500.0,0.011333333333333334,OVERSUPPLY,4449.0,0.0
636,2.2,Yellow-N,1132,1172,12.0,45.833333333333336,6.0,4500.0,0.010185185185185186,OVERSUPPLY,4454.166666666667,0.0
636,2.2,Yellow-N,1132,1172,13.0,37.833333333333336,6.0,4500.0,0.008407407407407409,OVERSUPPLY,4462.166666666667,0.0
636,2.2,Yellow-N,1132,1172,14.0,41.833333333333336,6.0,4500.0,0.009296296296296297,OVERSUPPLY,4458.166666666667,0.0
636,2.2,Yellow-N,1132,1172,15.0,53.333333333333336,6.0,4500.0,0.011851851851851853,OVERSUPPLY,4446.666666666667,0.0
636,2.2,Yellow-N,1132,1172,16.0,74.16666666666667,6.0,4500.0,0.016481481481481482,OVERSUPPLY,4425.833333333333,0.0
636,2.2,Yellow-N,1132,1172,17.0,102.83333333333333,6.0,4500.0,0.022851851851851852,OVERSUPPLY,4397.166666666667,0.0
636,2.2,Yellow-N,1132,1172,18.0,88.16666666666667,6.0,4500.0,0.019592592592592592,OVERSUPPLY,4411.833333333333,0.0
636,2.2,Yellow-N,1132,1172,19.0,38.166666666666664,6.0,4500.0,0.00848148148148148,OVERSUPPLY,4461.833333333333,0.0
636,2.2,Yellow-N,1132,1172,20.0,18.666666666666668,5.0,3750.0,0.004977777777777778,OVERSUPPLY,3731.3333333333335,0.0
636,2.2,Yellow-N,1132,1172,21.0,7.333333333333333,4.0,3000.0,0.0024444444444444444,OVERSUPPLY,2992.6666666666665,0.0
636,2.2,Yellow-N,1132,1172,22.0,4.0,3.0,2250.0,0.0017777777777777779,OVERSUPPLY,2246.0,0.0
636,2.2,Yellow-N,1132,1172,23.0,3.1666666666666665,4.0,3000.0,0.0010555555555555555,OVERSUPPLY,2996.8333333333335,0.0
638,2.2,Yellow-N,1133,1173,6.0,0.16666666666666666,6.0,4500.0,3.7037037037037037e-05,OVERSUPPLY,4499.833333333333,0.0
638,2.2,Yellow-N,1133,1173,7.0,2.1666666666666665,6.0,4500.0,0.00048148148148148144,OVERSUPPLY,4497.833333333333,0.0
638,2.2,Yellow-N,1133,1173,8.0,5.5,6.0,4500.0,0.0012222222222222222,OVERSUPPLY,4494.5,0.0
638,2.2,Yellow-N,1133,1173,9.0,2.666666666666667,6.0,4500.0,0.0005925925925925927,OVERSUPPLY,4497.333333333333,0.0
638,2.2,Yellow-N,1133,1173,10.0,1.0,6.0,4500.0,0.00022222222222222223,OVERSUPPLY,4499.0,0.0
638,2.2,Yellow-N,1133,1173,11.0,1.6666666666666667,6.0,4500.0,0.0003703703703703704,OVERSUPPLY,4498.333333333333,0.0
638,2.2,Yellow-N,1133,1173,12.0,1.1666666666666665,6.0,4500.0,0.0002592592592592592,OVERSUPPLY,4498.833333333333,0.0
638,2.2,Yellow-N,1133,1173,13.0,1.6666666666666665,6.0,4500.0,0.00037037037037037035,OVERSUPPLY,4498.333333333333,0.0
638,2.2,Yellow-N,1133,1173,14.0,1.1666666666666665,6.0,4500.0,0.0002592592592592592,OVERSUPPLY,4498.833333333333,0.0
638,2.2,Yellow-N,1133,1173,15.0,4.666666666666667,6.0,4500.0,0.001037037037037037,OVERSUPPLY,4495.333333333333,0.0
638,2.2,Yellow-N,1133,1173,16.0,9.0,6.0,4500.0,0.002,OVERSUPPLY,4491.0,0.0
638,2.2,Yellow-N,1133,1173,17.0,17.666666666666668,6.0,4500.0,0.0039259259259259265,OVERSUPPLY,4482.333333333333,0.0
638,2.2,Yellow-N,1133,1173,18.0,11.333333333333332,6.0,4500.0,0.0025185185185185185,OVERSUPPLY,4488.666666666667,0.0
638,2.2,Yellow-N,1133,1173,19.0,4.5,6.0,4500.0,0.001,OVERSUPPLY,4495.5,0.0
638,2.2,Yellow-N,1133,1173,20.0,4.166666666666667,5.0,3750.0,0.0011111111111111111,OVERSUPPLY,3745.8333333333335,0.0
638,2.2,Yellow-N,1133,1173,21.0,0.6666666666666666,4.0,3000.0,0.0002222222222222222,OVERSUPPLY,2999.3333333333335,0.0
638,2.2,Yellow-N,1133,1173,22.0,0.5,3.0,2250.0,0.00022222222222222223,OVERSUPPLY,2249.5,0.0
638,2.2,Yellow-N,1133,1173,23.0,0.3333333333333333,4.0,3000.0,0.0001111111111111111,OVERSUPPLY,2999.6666666666665,0.0
640,2.2,Yellow-N,1134,1139,5.0,14.333333333333334,7.0,5250.0,0.0027301587301587302,OVERSUPPLY,5235.666666666667,0.0
640,2.2,Yellow-N,1134,1139,6.0,58.666666666666664,6.0,4500.0,0.013037037037037036,OVERSUPPLY,4441.333333333333,0.0
640,2.2,Yellow-N,1134,1139,7.0,117.83333333333333,6.0,4500.0,0.026185185185185183,OVERSUPPLY,4382.166666666667,0.0
640,2.2,Yellow-N,1134,1139,8.0,157.16666666666666,6.0,4500.0,0.03492592592592592,OVERSUPPLY,4342.833333333333,0.0
640,2.2,Yellow-N,1134,1139,9.0,92.66666666666667,6.0,4500.0,0.020592592592592593,OVERSUPPLY,4407.333333333333,0.0
640,2.2,Yellow-N,1134,1139,10.0,37.166666666666664,6.0,4500.0,0.00825925925925926,OVERSUPPLY,4462.833333333333,0.0
640,2.2,Yellow-N,1134,1139,11.0,26.666666666666668,6.0,4500.0,0.0059259259259259265,OVERSUPPLY,4473.333333333333,0.0
640,2.2,Yellow-N,1134,1139,12.0,25.666666666666668,6.0,4500.0,0.005703703703703704,OVERSUPPLY,4474.333333333333,0.0
640,2.2,Yellow-N,1134,1139,13.0,24.666666666666668,6.0,4500.0,0.005481481481481482,OVERSUPPLY,4475.333333333333,0.0
640,2.2,Yellow-N,1134,1139,14.0,24.5,6.0,4500.0,0.0054444444444444445,OVERSUPPLY,4475.5,0.0
640,2.2,Yellow-N,1134,1139,15.0,23.333333333333332,6.0,4500.0,0.005185185185185185,OVERSUPPLY,4476.666666666667,0.0
640,2.2,Yellow-N,1134,1139,16.0,26.833333333333332,6.0,4500.0,0.0059629629629629624,OVERSUPPLY,4473.166666666667,0.0
640,2.2,Yellow-N,1134,1139,17.0,35.5,6.0,4500.0,0.00788888888888889,OVERSUPPLY,4464.5,0.0
640,2.2,Yellow-N,1134,1139,18.0,30.5,6.0,4500.0,0.0067777777777777775,OVERSUPPLY,4469.5,0.0
640,2.2,Yellow-N,1134,1139,19.0,20.5,6.0,4500.0,0.004555555555555556,OVERSUPPLY,4479.5,0.0
640,2.2,Yellow-N,1134,1139,20.0,10.666666666666666,5.0,3750.0,0.002844444444444444,OVERSUPPLY,3739.3333333333335,0.0
640,2.2,Yellow-N,1134,1139,21.0,9.333333333333334,4.0,3000.0,0.0031111111111111114,OVERSUPPLY,2990.6666666666665,0.0
640,2.2,Yellow-N,1134,1139,22.0,6.166666666666666,3.0,2250.0,0.0027407407407407406,OVERSUPPLY,2243.8333333333335,0.0
640,2.2,Yellow-N,1134,1139,23.0,4.5,4.0,3000.0,0.0015,OVERSUPPLY,2995.5,0.0
642,2.2,Yellow-N,1135,1140,5.0,43.66666666666667,7.0,5250.0,0.008317460317460319,OVERSUPPLY,5206.333333333333,0.0
642,2.2,Yellow-N,1135,1140,6.0,150.33333333333334,6.0,4500.0,0.033407407407407406,OVERSUPPLY,4349.666666666667,0.0
642,2.2,Yellow-N,1135,1140,7.0,346.0,6.0,4500.0,0.0768888888888889,OVERSUPPLY,4154.0,0.0
642,2.2,Yellow-N,1135,1140,8.0,531.6666666666666,6.0,4500.0,0.11814814814814814,OVERSUPPLY,3968.3333333333335,0.0
642,2.2,Yellow-N,1135,1140,9.0,361.6666666666667,6.0,4500.0,0.08037037037037037,OVERSUPPLY,4138.333333333333,0.0
642,2.2,Yellow-N,1135,1140,10.0,209.16666666666666,6.0,4500.0,0.04648148148148148,OVERSUPPLY,4290.833333333333,0.0
642,2.2,Yellow-N,1135,1140,11.0,204.33333333333334,6.0,4500.0,0.04540740740740741,OVERSUPPLY,4295.666666666667,0.0
642,2.2,Yellow-N,1135,1140,12.0,201.66666666666666,6.0,4500.0,0.044814814814814814,OVERSUPPLY,4298.333333333333,0.0
642,2.2,Yellow-N,1135,1140,13.0,217.33333333333334,6.0,4500.0,0.048296296296296296,OVERSUPPLY,4282.666666666667,0.0
642,2.2,Yellow-N,1135,1140,14.0,232.33333333333334,6.0,4500.0,0.05162962962962963,OVERSUPPLY,4267.666666666667,0.0
642,2.2,Yellow-N,1135,1140,15.0,232.83333333333334,6.0,4500.0,0.05174074074074074,OVERSUPPLY,4267.166666666667,0.0
642,2.2,Yellow-N,1135,1140,16.0,319.3333333333333,6.0,4500.0,0.07096296296296296,OVERSUPPLY,4180.666666666667,0.0
642,2.2,Yellow-N,1135,1140,17.0,386.0,6.0,4500.0,0.08577777777777777,OVERSUPPLY,4114.0,0.0
642,2.2,Yellow-N,1135,1140,18.0,350.5,6.0,4500.0,0.07788888888888888,OVERSUPPLY,4149.5,0.0
642,2.2,Yellow-N,1135,1140,19.0,211.5,6.0,4500.0,0.047,OVERSUPPLY,4288.5,0.0
642,2.2,Yellow-N,1135,1140,20.0,143.66666666666666,5.0,3750.0,0.03831111111111111,OVERSUPPLY,3606.3333333333335,0.0
642,2.2,Yellow-N,1135,1140,21.0,121.0,4.0,3000.0,0.04033333333333333,OVERSUPPLY,2879.0,0.0
642,2.2,Yellow-N,1135,1140,22.0,103.5,3.0,2250.0,0.046,OVERSUPPLY,2146.5,0.0
642,2.2,Yellow-N,1135,1140,23.0,86.5,4.0,3000.0,0.028833333333333332,OVERSUPPLY,2913.5,0.0
646,2.2,Yellow-N,1137,1158,5.0,2.5,7.0,5250.0,0.0004761904761904762,OVERSUPPLY,5247.5,0.0
646,2.2,Yellow-N,1137,1158,6.0,19.5,6.0,4500.0,0.004333333333333333,OVERSUPPLY,4480.5,0.0
646,2.2,Yellow-N,1137,1158,7.0,31.666666666666668,6.0,4500.0,0.007037037037037037,OVERSUPPLY,4468.333333333333,0.0
646,2.2,Yellow-N,1137,1158,8.0,38.5,6.0,4500.0,0.008555555555555556,OVERSUPPLY,4461.5,0.0
646,2.2,Yellow-N,1137,1158,9.0,31.833333333333332,6.0,4500.0,0.007074074074074074,OVERSUPPLY,4468.166666666667,0.0
646,2.2,Yellow-N,1137,1158,10.0,38.333333333333336,6.0,4500.0,0.008518518518518519,OVERSUPPLY,4461.666666666667,0.0
646,2.2,Yellow-N,1137,1158,11.0,38.833333333333336,6.0,4500.0,0.00862962962962963,OVERSUPPLY,4461.166666666667,0.0
646,2.2,Yellow-N,1137,1158,12.0,47.666666666666664,6.0,4500.0,0.010592592592592593,OVERSUPPLY,4452.333333333333,0.0
646,2.2,Yellow-N,1137,1158,13.0,62.83333333333333,6.0,4500.0,0.013962962962962962,OVERSUPPLY,4437.166666666667,0.0
646,2.2,Yellow-N,1137,1158,14.0,108.0,6.0,4500.0,0.024,OVERSUPPLY,4392.0,0.0
646,2.2,Yellow-N,1137,1158,15.0,210.66666666666666,6.0,4500.0,0.046814814814814816,OVERSUPPLY,4289.333333333333,0.0
646,2.2,Yellow-N,1137,1158,16.0,385.6666666666667,6.0,4500.0,0.08570370370370371,OVERSUPPLY,4114.333333333333,0.0
646,2.2,Yellow-N,1137,1158,17.0,579.6666666666666,6.0,4500.0,0.1288148148148148,OVERSUPPLY,3920.3333333333335,0.0
646,2.2,Yellow-N,1137,1158,18.0,498.6666666666667,6.0,4500.0,0.11081481481481482,OVERSUPPLY,4001.3333333333335,0.0
646,2.2,Yellow-N,1137,1158,19.0,260.6666666666667,6.0,4500.0,0.05792592592592593,OVERSUPPLY,4239.333333333333,0.0
646,2.2,Yellow-N,1137,1158,20.0,128.83333333333334,5.0,3750.0,0.034355555555555556,OVERSUPPLY,3621.1666666666665,0.0
646,2.2,Yellow-N,1137,1158,21.0,78.83333333333333,4.0,3000.0,0.026277777777777775,OVERSUPPLY,2921.1666666666665,0.0
646,2.2,Yellow-N,1137,1158,22.0,57.5,3.0,2250.0,0.025555555555555557,OVERSUPPLY,2192.5,0.0
646,2.2,Yellow-N,1137,1158,23.0,48.5,4.0,3000.0,0.016166666666666666,OVERSUPPLY,2951.5,0.0
648,2.2,Yellow-N,1138,1159,5.0,2.1666666666666665,7.0,5250.0,0.0004126984126984127,OVERSUPPLY,5247.833333333333,0.0
648,2.2,Yellow-N,1138,1159,6.0,13.5,6.0,4500.0,0.003,OVERSUPPLY,4486.5,0.0
648,2.2,Yellow-N,1138,1159,7.0,28.666666666666668,6.0,4500.0,0.006370370370370371,OVERSUPPLY,4471.333333333333,0.0
648,2.2,Yellow-N,1138,1159,8.0,33.833333333333336,6.0,4500.0,0.007518518518518519,OVERSUPPLY,4466.166666666667,0.0
648,2.2,Yellow-N,1138,1159,9.0,27.5,6.0,4500.0,0.006111111111111111,OVERSUPPLY,4472.5,0.0
648,2.2,Yellow-N,1138,1159,10.0,32.666666666666664,6.0,4500.0,0.007259259259259259,OVERSUPPLY,4467.333333333333,0.0
648,2.2,Yellow-N,1138,1159,11.0,34.833333333333336,6.0,4500.0,0.007740740740740742,OVERSUPPLY,4465.166666666667,0.0
648,2.2,Yellow-N,1138,1159,12.0,43.0,6.0,4500.0,0.009555555555555555,OVERSUPPLY,4457.0,0.0
648,2.2,Yellow-N,1138,1159,13.0,59.5,6.0,4500.0,0.013222222222222222,OVERSUPPLY,4440.5,0.0
648,2.2,Yellow-N,1138,1159,14.0,99.33333333333333,6.0,4500.0,0.022074074074074072,OVERSUPPLY,4400.666666666667,0.0
648,2.2,Yellow-N,1138,1159,15.0,196.66666666666666,6.0,4500.0,0.0437037037037037,OVERSUPPLY,4303.333333333333,0.0
648,2.2,Yellow-N,1138,1159,16.0,360.6666666666667,6.0,4500.0,0.08014814814814815,OVERSUPPLY,4139.333333333333,0.0
648,2.2,Yellow-N,1138,1159,17.0,552.3333333333334,6.0,4500.0,0.12274074074074075,OVERSUPPLY,3947.6666666666665,0.0
648,2.2,Yellow-N,1138,1159,18.0,470.3333333333333,6.0,4500.0,0.10451851851851851,OVERSUPPLY,4029.6666666666665,0.0
648,2.2,Yellow-N,1138,1159,19.0,241.0,6.0,4500.0,0.05355555555555556,OVERSUPPLY,4259.0,0.0
648,2.2,Yellow-N,1138,1159,20.0,115.16666666666667,5.0,3750.0,0.030711111111111113,OVERSUPPLY,3634.8333333333335,0.0
648,2.2,Yellow-N,1138,1159,21.0,67.16666666666667,4.0,3000.0,0.022388888888888892,OVERSUPPLY,2932.8333333333335,0.0
648,2.2,Yellow-N,1138,1159,22.0,53.166666666666664,3.0,2250.0,0.02362962962962963,OVERSUPPLY,2196.8333333333335,0.0
648,2.2,Yellow-N,1138,1159,23.0,43.83333333333333,4.0,3000.0,0.01461111111111111,OVERSUPPLY,2956.1666666666665,0.0
656,2.2,Yellow-N,1142,1186,5.0,50.166666666666664,7.0,5250.0,0.009555555555555555,OVERSUPPLY,5199.833333333333,0.0
656,2.2,Yellow-N,1142,1186,6.0,172.33333333333334,6.0,4500.0,0.0382962962962963,OVERSUPPLY,4327.666666666667,0.0
656,2.2,Yellow-N,1142,1186,7.0,485.1666666666667,6.0,4500.0,0.10781481481481482,OVERSUPPLY,4014.8333333333335,0.0
656,2.2,Yellow-N,1142,1186,8.0,825.5,6.0,4500.0,0.18344444444444444,OVERSUPPLY,3674.5,0.0
656,2.2,Yellow-N,1142,1186,9.0,645.5,6.0,4500.0,0.14344444444444446,OVERSUPPLY,3854.5,0.0
656,2.2,Yellow-N,1142,1186,10.0,387.0,6.0,4500.0,0.086,OVERSUPPLY,4113.0,0.0
656,2.2,Yellow-N,1142,1186,11.0,420.3333333333333,6.0,4500.0,0.0934074074074074,OVERSUPPLY,4079.6666666666665,0.0
656,2.2,Yellow-N,1142,1186,12.0,516.8333333333334,6.0,4500.0,0.11485185185185186,OVERSUPPLY,3983.1666666666665,0.0
656,2.2,Yellow-N,1142,1186,13.0,672.8333333333334,6.0,4500.0,0.14951851851851852,OVERSUPPLY,3827.1666666666665,0.0
656,2.2,Yellow-N,1142,1186,14.0,913.1666666666666,6.0,4500.0,0.20292592592592593,BALANCED,3586.8333333333335,0.0
656,2.2,Yellow-N,1142,1186,15.0,1540.8333333333333,6.0,4500.0,0.3424074074074074,BALANCED,2959.166666666667,0.0
656,2.2,Yellow-N,1142,1186,16.0,2735.1666666666665,6.0,4500.0,0.6078148148148148,BALANCED,1764.8333333333335,0.0
656,2.2,Yellow-N,1142,1186,17.0,4011.8333333333335,6.0,4500.0,0.8915185185185186,CROWDED,488.1666666666665,0.0
656,2.2,Yellow-N,1142,1186,18.0,3377.8333333333335,6.0,4500.0,0.7506296296296296,BALANCED,1122.1666666666665,0.0
656,2.2,Yellow-N,1142,1186,19.0,1745.0,6.0,4500.0,0.3877777777777778,BALANCED,2755.0,0.0
656,2.2,Yellow-N,1142,1186,20.0,936.5,5.0,3750.0,0.24973333333333333,BALANCED,2813.5,0.0
656,2.2,Yellow-N,1142,1186,21.0,581.8333333333334,4.0,3000.0,0.19394444444444445,OVERSUPPLY,2418.1666666666665,0.0
656,2.2,Yellow-N,1142,1186,22.0,491.8333333333333,3.0,2250.0,0.2185925925925926,BALANCED,1758.1666666666667,0.0
656,2.2,Yellow-N,1142,1186,23.0,388.5,4.0,3000.0,0.1295,OVERSUPPLY,2611.5,0.0
658,2.2,Yellow-N,1143,1187,5.0,2.3333333333333335,7.0,5250.0,0.00044444444444444447,OVERSUPPLY,5247.666666666667,0.0
658,2.2,Yellow-N,1143,1187,6.0,6.166666666666667,6.0,4500.0,0.0013703703703703705,OVERSUPPLY,4493.833333333333,0.0
658,2.2,Yellow-N,1143,1187,7.0,33.666666666666664,6.0,4500.0,0.007481481481481481,OVERSUPPLY,4466.333333333333,0.0
658,2.2,Yellow-N,1143,1187,8.0,69.0,6.0,4500.0,0.015333333333333332,OVERSUPPLY,4431.0,0.0
658,2.2,Yellow-N,1143,1187,9.0,52.5,6.0,4500.0,0.011666666666666667,OVERSUPPLY,4447.5,0.0
658,2.2,Yellow-N,1143,1187,10.0,27.333333333333332,6.0,4500.0,0.006074074074074074,OVERSUPPLY,4472.666666666667,0.0
658,2.2,Yellow-N,1143,1187,11.0,31.666666666666668,6.0,4500.0,0.007037037037037037,OVERSUPPLY,4468.333333333333,0.0
658,2.2,Yellow-N,1143,1187,12.0,51.83333333333333,6.0,4500.0,0.011518518518518518,OVERSUPPLY,4448.166666666667,0.0
658,2.2,Yellow-N,1143,1187,13.0,78.33333333333333,6.0,4500.0,0.017407407407407406,OVERSUPPLY,4421.666666666667,0.0
658,2.2,Yellow-N,1143,1187,14.0,138.66666666666666,6.0,4500.0,0.030814814814814812,OVERSUPPLY,4361.333333333333,0.0
658,2.2,Yellow-N,1143,1187,15.0,263.1666666666667,6.0,4500.0,0.05848148148148149,OVERSUPPLY,4236.833333333333,0.0
658,2.2,Yellow-N,1143,1187,16.0,491.16666666666663,6.0,4500.0,0.10914814814814813,OVERSUPPLY,4008.8333333333335,0.0
658,2.2,Yellow-N,1143,1187,17.0,652.8333333333334,6.0,4500.0,0.14507407407407408,OVERSUPPLY,3847.1666666666665,0.0
658,2.2,Yellow-N,1143,1187,18.0,491.0,6.0,4500.0,0.10911111111111112,OVERSUPPLY,4009.0,0.0
658,2.2,Yellow-N,1143,1187,19.0,237.83333333333334,6.0,4500.0,0.05285185185185185,OVERSUPPLY,4262.166666666667,0.0
658,2.2,Yellow-N,1143,1187,20.0,118.66666666666667,5.0,3750.0,0.03164444444444445,OVERSUPPLY,3631.3333333333335,0.0
658,2.2,Yellow-N,1143,1187,21.0,62.666666666666664,4.0,3000.0,0.020888888888888887,OVERSUPPLY,2937.3333333333335,0.0
658,2.2,Yellow-N,1143,1187,22.0,46.166666666666664,3.0,2250.0,0.020518518518518516,OVERSUPPLY,2203.8333333333335,0.0
658,2.2,Yellow-N,1143,1187,23.0,32.166666666666664,4.0,3000.0,0.010722222222222222,OVERSUPPLY,2967.8333333333335,0.0
660,2.2,Yellow-N,1144,1188,5.0,1.6666666666666667,7.0,5250.0,0.00031746031746031746,OVERSUPPLY,5248.333333333333,0.0
660,2.2,Yellow-N,1144,1188,6.0,4.5,6.0,4500.0,0.001,OVERSUPPLY,4495.5,0.0
660,2.2,Yellow-N,1144,1188,7.0,22.333333333333336,6.0,4500.0,0.004962962962962963,OVERSUPPLY,4477.666666666667,0.0
660,2.2,Yellow-N,1144,1188,8.0,42.333333333333336,6.0,4500.0,0.009407407407407408,OVERSUPPLY,4457.666666666667,0.0
660,2.2,Yellow-N,1144,1188,9.0,29.166666666666668,6.0,4500.0,0.006481481481481482,OVERSUPPLY,4470.833333333333,0.0
660,2.2,Yellow-N,1144,1188,10.0,18.333333333333332,6.0,4500.0,0.004074074074074074,OVERSUPPLY,4481.666666666667,0.0
660,2.2,Yellow-N,1144,1188,11.0,23.333333333333332,6.0,4500.0,0.005185185185185185,OVERSUPPLY,4476.666666666667,0.0
660,2.2,Yellow-N,1144,1188,12.0,41.833333333333336,6.0,4500.0,0.009296296296296297,OVERSUPPLY,4458.166666666667,0.0
660,2.2,Yellow-N,1144,1188,13.0,65.16666666666667,6.0,4500.0,0.014481481481481482,OVERSUPPLY,4434.833333333333,0.0
660,2.2,Yellow-N,1144,1188,14.0,119.66666666666667,6.0,4500.0,0.026592592592592595,OVERSUPPLY,4380.333333333333,0.0
660,2.2,Yellow-N,1144,1188,15.0,227.83333333333334,6.0,4500.0,0.05062962962962963,OVERSUPPLY,4272.166666666667,0.0
660,2.2,Yellow-N,1144,1188,16.0,431.0,6.0,4500.0,0.09577777777777778,OVERSUPPLY,4069.0,0.0
660,2.2,Yellow-N,1144,1188,17.0,570.3333333333334,6.0,4500.0,0.12674074074074074,OVERSUPPLY,3929.6666666666665,0.0
660,2.2,Yellow-N,1144,1188,18.0,428.5,6.0,4500.0,0.09522222222222222,OVERSUPPLY,4071.5,0.0
660,2.2,Yellow-N,1144,1188,19.0,205.66666666666666,6.0,4500.0,0.045703703703703705,OVERSUPPLY,4294.333333333333,0.0
660,2.2,Yellow-N,1144,1188,20.0,97.0,5.0,3750.0,0.025866666666666666,OVERSUPPLY,3653.0,0.0
660,2.2,Yellow-N,1144,1188,21.0,49.166666666666664,4.0,3000.0,0.016388888888888887,OVERSUPPLY,2950.8333333333335,0.0
660,2.2,Yellow-N,1144,1188,22.0,38.166666666666664,3.0,2250.0,0.01696296296296296,OVERSUPPLY,2211.8333333333335,0.0
660,2.2,Yellow-N,1144,1188,23.0,27.5,4.0,3000.0,0.009166666666666667,OVERSUPPLY,2972.5,0.0
664,2.2,Yellow-N,1146,1124,5.0,21.666666666666664,7.0,5250.0,0.0041269841269841265,OVERSUPPLY,5228.333333333333,0.0
664,2.2,Yellow-N,1146,1124,6.0,61.0,6.0,4500.0,0.013555555555555555,OVERSUPPLY,4439.0,0.0
664,2.2,Yellow-N,1146,1124,7.0,194.83333333333334,6.0,4500.0,0.0432962962962963,OVERSUPPLY,4305.166666666667,0.0
664,2.2,Yellow-N,1146,1124,8.0,359.3333333333333,6.0,4500.0,0.07985185185185185,OVERSUPPLY,4140.666666666667,0.0
664,2.2,Yellow-N,1146,1124,9.0,234.5,6.0,4500.0,0.05211111111111111,OVERSUPPLY,4265.5,0.0
664,2.2,Yellow-N,1146,1124,10.0,103.66666666666667,6.0,4500.0,0.023037037037037036,OVERSUPPLY,4396.333333333333,0.0
664,2.2,Yellow-N,1146,1124,11.0,80.0,6.0,4500.0,0.017777777777777778,OVERSUPPLY,4420.0,0.0
664,2.2,Yellow-N,1146,1124,12.0,72.83333333333333,6.0,4500.0,0.016185185185185184,OVERSUPPLY,4427.166666666667,0.0
664,2.2,Yellow-N,1146,1124,13.0,69.0,6.0,4500.0,0.015333333333333332,OVERSUPPLY,4431.0,0.0
664,2.2,Yellow-N,1146,1124,14.0,72.16666666666667,6.0,4500.0,0.016037037037037037,OVERSUPPLY,4427.833333333333,0.0
664,2.2,Yellow-N,1146,1124,15.0,94.33333333333333,6.0,4500.0,0.02096296296296296,OVERSUPPLY,4405.666666666667,0.0
664,2.2,Yellow-N,1146,1124,16.0,124.0,6.0,4500.0,0.027555555555555555,OVERSUPPLY,4376.0,0.0
664,2.2,Yellow-N,1146,1124,17.0,167.16666666666666,6.0,4500.0,0.037148148148148145,OVERSUPPLY,4332.833333333333,0.0
664,2.2,Yellow-N,1146,1124,18.0,149.16666666666666,6.0,4500.0,0.03314814814814815,OVERSUPPLY,4350.833333333333,0.0
664,2.2,Yellow-N,1146,1124,19.0,65.66666666666667,6.0,4500.0,0.014592592592592595,OVERSUPPLY,4434.333333333333,0.0
664,2.2,Yellow-N,1146,1124,20.0,31.5,5.0,3750.0,0.0084,OVERSUPPLY,3718.5,0.0
664,2.2,Yellow-N,1146,1124,21.0,20.0,4.0,3000.0,0.006666666666666667,OVERSUPPLY,2980.0,0.0
664,2.2,Yellow-N,1146,1124,22.0,11.5,3.0,2250.0,0.005111111111111111,OVERSUPPLY,2238.5,0.0
664,2.2,Yellow-N,1146,1124,23.0,5.833333333333333,4.0,3000.0,0.0019444444444444444,OVERSUPPLY,2994.1666666666665,0.0
666,2.2,Yellow-N,1147,1125,6.0,0.16666666666666666,6.0,4500.0,3.7037037037037037e-05,OVERSUPPLY,4499.833333333333,0.0
666,2.2,Yellow-N,1147,1125,7.0,2.1666666666666665,6.0,4500.0,0.00048148148148148144,OVERSUPPLY,4497.833333333333,0.0
666,2.2,Yellow-N,1147,1125,8.0,5.5,6.0,4500.0,0.0012222222222222222,OVERSUPPLY,4494.5,0.0
666,2.2,Yellow-N,1147,1125,9.0,2.666666666666667,6.0,4500.0,0.0005925925925925927,OVERSUPPLY,4497.333333333333,0.0
666,2.2,Yellow-N,1147,1125,10.0,1.0,6.0,4500.0,0.00022222222222222223,OVERSUPPLY,4499.0,0.0
666,2.2,Yellow-N,1147,1125,11.0,1.6666666666666667,6.0,4500.0,0.0003703703703703704,OVERSUPPLY,4498.333333333333,0.0
666,2.2,Yellow-N,1147,1125,12.0,1.1666666666666665,6.0,4500.0,0.0002592592592592592,OVERSUPPLY,4498.833333333333,0.0
666,2.2,Yellow-N,1147,1125,13.0,1.6666666666666665,6.0,4500.0,0.00037037037037037035,OVERSUPPLY,4498.333333333333,0.0
666,2.2,Yellow-N,1147,1125,14.0,1.1666666666666665,6.0,4500.0,0.0002592592592592592,OVERSUPPLY,4498.833333333333,0.0
666,2.2,Yellow-N,1147,1125,15.0,4.666666666666667,6.0,4500.0,0.001037037037037037,OVERSUPPLY,4495.333333333333,0.0
666,2.2,Yellow-N,1147,1125,16.0,9.0,6.0,4500.0,0.002,OVERSUPPLY,4491.0,0.0
666,2.2,Yellow-N,1147,1125,17.0,17.666666666666668,6.0,4500.0,0.0039259259259259265,OVERSUPPLY,4482.333333333333,0.0
666,2.2,Yellow-N,1147,1125,18.0,11.333333333333332,6.0,4500.0,0.0025185185185185185,OVERSUPPLY,4488.666666666667,0.0
666,2.2,Yellow-N,1147,1125,19.0,4.5,6.0,4500.0,0.001,OVERSUPPLY,4495.5,0.0
666,2.2,Yellow-N,1147,1125,20.0,4.166666666666667,5.0,3750.0,0.0011111111111111111,OVERSUPPLY,3745.8333333333335,0.0
666,2.2,Yellow-N,1147,1125,21.0,0.6666666666666666,4.0,3000.0,0.0002222222222222222,OVERSUPPLY,2999.3333333333335,0.0
666,2.2,Yellow-N,1147,1125,22.0,0.5,3.0,2250.0,0.00022222222222222223,OVERSUPPLY,2249.5,0.0
666,2.2,Yellow-N,1147,1125,23.0,0.3333333333333333,4.0,3000.0,0.0001111111111111111,OVERSUPPLY,2999.6666666666665,0.0
668,2.2,Yellow-N,1148,1183,5.0,10.333333333333334,7.0,5250.0,0.0019682539682539684,OVERSUPPLY,5239.666666666667,0.0
668,2.2,Yellow-N,1148,1183,6.0,76.5,6.0,4500.0,0.017,OVERSUPPLY,4423.5,0.0
668,2.2,Yellow-N,1148,1183,7.0,161.0,6.0,4500.0,0.035777777777777776,OVERSUPPLY,4339.0,0.0
668,2.2,Yellow-N,1148,1183,8.0,264.1666666666667,6.0,4500.0,0.05870370370370371,OVERSUPPLY,4235.833333333333,0.0
668,2.2,Yellow-N,1148,1183,9.0,166.0,6.0,4500.0,0.03688888888888889,OVERSUPPLY,4334.0,0.0
668,2.2,Yellow-N,1148,1183,10.0,135.5,6.0,4500.0,0.030111111111111113,OVERSUPPLY,4364.5,0.0
668,2.2,Yellow-N,1148,1183,11.0,160.83333333333334,6.0,4500.0,0.03574074074074074,OVERSUPPLY,4339.166666666667,0.0
668,2.2,Yellow-N,1148,1183,12.0,182.0,6.0,4500.0,0.04044444444444444,OVERSUPPLY,4318.0,0.0
668,2.2,Yellow-N,1148,1183,13.0,277.0,6.0,4500.0,0.06155555555555556,OVERSUPPLY,4223.0,0.0
668,2.2,Yellow-N,1148,1183,14.0,430.0,6.0,4500.0,0.09555555555555556,OVERSUPPLY,4070.0,0.0
668,2.2,Yellow-N,1148,1183,15.0,783.3333333333334,6.0,4500.0,0.17407407407407408,OVERSUPPLY,3716.6666666666665,0.0
668,2.2,Yellow-N,1148,1183,16.0,1450.3333333333333,6.0,4500.0,0.3222962962962963,BALANCED,3049.666666666667,0.0
668,2.2,Yellow-N,1148,1183,17.0,1972.5,6.0,4500.0,0.43833333333333335,BALANCED,2527.5,0.0
668,2.2,Yellow-N,1148,1183,18.0,1718.5,6.0,4500.0,0.3818888888888889,BALANCED,2781.5,0.0
668,2.2,Yellow-N,1148,1183,19.0,815.5,6.0,4500.0,0.18122222222222223,OVERSUPPLY,3684.5,0.0
668,2.2,Yellow-N,1148,1183,20.0,415.0,5.0,3750.0,0.11066666666666666,OVERSUPPLY,3335.0,0.0
668,2.2,Yellow-N,1148,1183,21.0,249.83333333333334,4.0,3000.0,0.08327777777777778,OVERSUPPLY,2750.1666666666665,0.0
668,2.2,Yellow-N,1148,1183,22.0,203.83333333333331,3.0,2250.0,0.09059259259259259,OVERSUPPLY,2046.1666666666667,0.0
668,2.2,Yellow-N,1148,1183,23.0,175.16666666666666,4.0,3000.0,0.058388888888888886,OVERSUPPLY,2824.8333333333335,0.0
670,2.2,Yellow-N,1149,1184,5.0,0.9999999999999999,7.0,5250.0,0.00019047619047619045,OVERSUPPLY,5249.0,0.0
670,2.2,Yellow-N,1149,1184,6.0,3.833333333333333,6.0,4500.0,0.0008518518518518518,OVERSUPPLY,4496.166666666667,0.0
670,2.2,Yellow-N,1149,1184,7.0,7.5,6.0,4500.0,0.0016666666666666668,OVERSUPPLY,4492.5,0.0
670,2.2,Yellow-N,1149,1184,8.0,12.833333333333332,6.0,4500.0,0.0028518518518518515,OVERSUPPLY,4487.166666666667,0.0
670,2.2,Yellow-N,1149,1184,9.0,7.5,6.0,4500.0,0.0016666666666666668,OVERSUPPLY,4492.5,0.0
670,2.2,Yellow-N,1149,1184,10.0,8.0,6.0,4500.0,0.0017777777777777779,OVERSUPPLY,4492.0,0.0
670,2.2,Yellow-N,1149,1184,11.0,12.333333333333334,6.0,4500.0,0.002740740740740741,OVERSUPPLY,4487.666666666667,0.0
670,2.2,Yellow-N,1149,1184,12.0,15.333333333333332,6.0,4500.0,0.003407407407407407,OVERSUPPLY,4484.666666666667,0.0
670,2.2,Yellow-N,1149,1184,13.0,24.5,6.0,4500.0,0.0054444444444444445,OVERSUPPLY,4475.5,0.0
670,2.2,Yellow-N,1149,1184,14.0,49.5,6.0,4500.0,0.011,OVERSUPPLY,4450.5,0.0
670,2.2,Yellow-N,1149,1184,15.0,102.16666666666667,6.0,4500.0,0.022703703703703705,OVERSUPPLY,4397.833333333333,0.0
670,2.2,Yellow-N,1149,1184,16.0,178.83333333333331,6.0,4500.0,0.039740740740740736,OVERSUPPLY,4321.166666666667,0.0
670,2.2,Yellow-N,1149,1184,17.0,258.8333333333333,6.0,4500.0,0.05751851851851852,OVERSUPPLY,4241.166666666667,0.0
670,2.2,Yellow-N,1149,1184,18.0,187.66666666666666,6.0,4500.0,0.0417037037037037,OVERSUPPLY,4312.333333333333,0.0
670,2.2,Yellow-N,1149,1184,19.0,84.66666666666667,6.0,4500.0,0.018814814814814815,OVERSUPPLY,4415.333333333333,0.0
670,2.2,Yellow-N,1149,1184,20.0,43.333333333333336,5.0,3750.0,0.011555555555555557,OVERSUPPLY,3706.6666666666665,0.0
670,2.2,Yellow-N,1149,1184,21.0,20.5,4.0,3000.0,0.006833333333333334,OVERSUPPLY,2979.5,0.0
670,2.2,Yellow-N,1149,1184,22.0,16.833333333333332,3.0,2250.0,0.007481481481481481,OVERSUPPLY,2233.1666666666665,0.0
670,2.2,Yellow-N,1149,1184,23.0,12.333333333333334,4.0,3000.0,0.004111111111111111,OVERSUPPLY,2987.6666666666665,0.0
672,2.2,Yellow-N,1150,1185,5.0,0.6666666666666666,7.0,5250.0,0.00012698412698412698,OVERSUPPLY,5249.333333333333,0.0
672,2.2,Yellow-N,1150,1185,6.0,3.0,6.0,4500.0,0.0006666666666666666,OVERSUPPLY,4497.0,0.0
672,2.2,Yellow-N,1150,1185,7.0,6.5,6.0,4500.0,0.0014444444444444444,OVERSUPPLY,4493.5,0.0
672,2.2,Yellow-N,1150,1185,8.0,11.0,6.0,4500.0,0.0024444444444444444,OVERSUPPLY,4489.0,0.0
672,2.2,Yellow-N,1150,1185,9.0,6.833333333333333,6.0,4500.0,0.0015185185185185184,OVERSUPPLY,4493.166666666667,0.0
672,2.2,Yellow-N,1150,1185,10.0,7.5,6.0,4500.0,0.0016666666666666668,OVERSUPPLY,4492.5,0.0
672,2.2,Yellow-N,1150,1185,11.0,11.166666666666666,6.0,4500.0,0.002481481481481481,OVERSUPPLY,4488.833333333333,0.0
672,2.2,Yellow-N,1150,1185,12.0,13.666666666666666,6.0,4500.0,0.003037037037037037,OVERSUPPLY,4486.333333333333,0.0
672,2.2,Yellow-N,1150,1185,13.0,23.5,6.0,4500.0,0.005222222222222222,OVERSUPPLY,4476.5,0.0
672,2.2,Yellow-N,1150,1185,14.0,48.166666666666664,6.0,4500.0,0.010703703703703703,OVERSUPPLY,4451.833333333333,0.0
672,2.2,Yellow-N,1150,1185,15.0,99.83333333333334,6.0,4500.0,0.022185185185185186,OVERSUPPLY,4400.166666666667,0.0
672,2.2,Yellow-N,1150,1185,16.0,175.5,6.0,4500.0,0.039,OVERSUPPLY,4324.5,0.0
672,2.2,Yellow-N,1150,1185,17.0,257.0,6.0,4500.0,0.05711111111111111,OVERSUPPLY,4243.0,0.0
672,2.2,Yellow-N,1150,1185,18.0,187.16666666666666,6.0,4500.0,0.04159259259259259,OVERSUPPLY,4312.833333333333,0.0
672,2.2,Yellow-N,1150,1185,19.0,83.83333333333333,6.0,4500.0,0.018629629629629628,OVERSUPPLY,4416.166666666667,0.0
672,2.2,Yellow-N,1150,1185,20.0,42.666666666666664,5.0,3750.0,0.011377777777777777,OVERSUPPLY,3707.3333333333335,0.0
672,2.2,Yellow-N,1150,1185,21.0,20.0,4.0,3000.0,0.006666666666666667,OVERSUPPLY,2980.0,0.0
672,2.2,Yellow-N,1150,1185,22.0,16.333333333333332,3.0,2250.0,0.007259259259259259,OVERSUPPLY,2233.6666666666665,0.0
672,2.2,Yellow-N,1150,1185,23.0,12.166666666666666,4.0,3000.0,0.004055555555555555,OVERSUPPLY,2987.8333333333335,0.0
674,2.2,Yellow-N,1151,1174,5.0,12.666666666666666,7.0,5250.0,0.0024126984126984128,OVERSUPPLY,5237.333333333333,0.0
674,2.2,Yellow-N,1151,1174,6.0,74.33333333333333,6.0,4500.0,0.01651851851851852,OVERSUPPLY,4425.666666666667,0.0
674,2.2,Yellow-N,1151,1174,7.0,163.16666666666666,6.0,4500.0,0.036259259259259255,OVERSUPPLY,4336.833333333333,0.0
674,2.2,Yellow-N,1151,1174,8.0,250.0,6.0,4500.0,0.05555555555555555,OVERSUPPLY,4250.0,0.0
674,2.2,Yellow-N,1151,1174,9.0,157.16666666666666,6.0,4500.0,0.03492592592592592,OVERSUPPLY,4342.833333333333,0.0
674,2.2,Yellow-N,1151,1174,10.0,133.5,6.0,4500.0,0.029666666666666668,OVERSUPPLY,4366.5,0.0
674,2.2,Yellow-N,1151,1174,11.0,150.0,6.0,4500.0,0.03333333333333333,OVERSUPPLY,4350.0,0.0
674,2.2,Yellow-N,1151,1174,12.0,164.33333333333334,6.0,4500.0,0.03651851851851852,OVERSUPPLY,4335.666666666667,0.0
674,2.2,Yellow-N,1151,1174,13.0,239.0,6.0,4500.0,0.05311111111111111,OVERSUPPLY,4261.0,0.0
674,2.2,Yellow-N,1151,1174,14.0,360.0,6.0,4500.0,0.08,OVERSUPPLY,4140.0,0.0
674,2.2,Yellow-N,1151,1174,15.0,649.1666666666666,6.0,4500.0,0.14425925925925925,OVERSUPPLY,3850.8333333333335,0.0
674,2.2,Yellow-N,1151,1174,16.0,1185.5,6.0,4500.0,0.2634444444444444,BALANCED,3314.5,0.0
674,2.2,Yellow-N,1151,1174,17.0,1644.6666666666667,6.0,4500.0,0.3654814814814815,BALANCED,2855.333333333333,0.0
674,2.2,Yellow-N,1151,1174,18.0,1488.5,6.0,4500.0,0.3307777777777778,BALANCED,3011.5,0.0
674,2.2,Yellow-N,1151,1174,19.0,711.8333333333334,6.0,4500.0,0.1581851851851852,OVERSUPPLY,3788.1666666666665,0.0
674,2.2,Yellow-N,1151,1174,20.0,359.1666666666667,5.0,3750.0,0.09577777777777778,OVERSUPPLY,3390.8333333333335,0.0
674,2.2,Yellow-N,1151,1174,21.0,208.83333333333334,4.0,3000.0,0.06961111111111111,OVERSUPPLY,2791.1666666666665,0.0
674,2.2,Yellow-N,1151,1174,22.0,168.66666666666666,3.0,2250.0,0.07496296296296295,OVERSUPPLY,2081.3333333333335,0.0
674,2.2,Yellow-N,1151,1174,23.0,162.83333333333334,4.0,3000.0,0.05427777777777778,OVERSUPPLY,2837.1666666666665,0.0
676,2.2,Yellow-N,1152,1175,5.0,4.666666666666667,7.0,5250.0,0.0008888888888888889,OVERSUPPLY,5245.333333333333,0.0
676,2.2,Yellow-N,1152,1175,6.0,23.0,6.0,4500.0,0.005111111111111111,OVERSUPPLY,4477.0,0.0
676,2.2,Yellow-N,1152,1175,7.0,65.83333333333333,6.0,4500.0,0.014629629629629628,OVERSUPPLY,4434.166666666667,0.0
676,2.2,Yellow-N,1152,1175,8.0,97.5,6.0,4500.0,0.021666666666666667,OVERSUPPLY,4402.5,0.0
676,2.2,Yellow-N,1152,1175,9.0,67.33333333333333,6.0,4500.0,0.014962962962962963,OVERSUPPLY,4432.666666666667,0.0
676,2.2,Yellow-N,1152,1175,10.0,58.333333333333336,6.0,4500.0,0.012962962962962964,OVERSUPPLY,4441.666666666667,0.0
676,2.2,Yellow-N,1152,1175,11.0,77.5,6.0,4500.0,0.017222222222222222,OVERSUPPLY,4422.5,0.0
676,2.2,Yellow-N,1152,1175,12.0,94.83333333333333,6.0,4500.0,0.02107407407407407,OVERSUPPLY,4405.166666666667,0.0
676,2.2,Yellow-N,1152,1175,13.0,159.0,6.0,4500.0,0.035333333333333335,OVERSUPPLY,4341.0,0.0
676,2.2,Yellow-N,1152,1175,14.0,264.5,6.0,4500.0,0.058777777777777776,OVERSUPPLY,4235.5,0.0
676,2.2,Yellow-N,1152,1175,15.0,445.5,6.0,4500.0,0.099,OVERSUPPLY,4054.5,0.0
676,2.2,Yellow-N,1152,1175,16.0,840.8333333333334,6.0,4500.0,0.18685185185185185,OVERSUPPLY,3659.1666666666665,0.0
676,2.2,Yellow-N,1152,1175,17.0,1162.6666666666667,6.0,4500.0,0.25837037037037036,BALANCED,3337.333333333333,0.0
676,2.2,Yellow-N,1152,1175,18.0,883.0,6.0,4500.0,0.19622222222222221,OVERSUPPLY,3617.0,0.0
676,2.2,Yellow-N,1152,1175,19.0,404.8333333333333,6.0,4500.0,0.08996296296296295,OVERSUPPLY,4095.1666666666665,0.0
676,2.2,Yellow-N,1152,1175,20.0,208.16666666666666,5.0,3750.0,0.05551111111111111,OVERSUPPLY,3541.8333333333335,0.0
676,2.2,Yellow-N,1152,1175,21.0,121.66666666666666,4.0,3000.0,0.04055555555555555,OVERSUPPLY,2878.3333333333335,0.0
676,2.2,Yellow-N,1152,1175,22.0,110.83333333333333,3.0,2250.0,0.04925925925925926,OVERSUPPLY,2139.1666666666665,0.0
676,2.2,Yellow-N,1152,1175,23.0,88.83333333333333,4.0,3000.0,0.02961111111111111,OVERSUPPLY,2911.1666666666665,0.0
678,2.2,Yellow-N,1153,1176,5.0,2.0,7.0,5250.0,0.00038095238095238096,OVERSUPPLY,5248.0,0.0
678,2.2,Yellow-N,1153,1176,6.0,10.333333333333332,6.0,4500.0,0.002296296296296296,OVERSUPPLY,4489.666666666667,0.0
678,2.2,Yellow-N,1153,1176,7.0,23.0,6.0,4500.0,0.005111111111111111,OVERSUPPLY,4477.0,0.0
678,2.2,Yellow-N,1153,1176,8.0,37.833333333333336,6.0,4500.0,0.008407407407407409,OVERSUPPLY,4462.166666666667,0.0
678,2.2,Yellow-N,1153,1176,9.0,25.166666666666668,6.0,4500.0,0.005592592592592593,OVERSUPPLY,4474.833333333333,0.0
678,2.2,Yellow-N,1153,1176,10.0,21.5,6.0,4500.0,0.0047777777777777775,OVERSUPPLY,4478.5,0.0
678,2.2,Yellow-N,1153,1176,11.0,33.166666666666664,6.0,4500.0,0.00737037037037037,OVERSUPPLY,4466.833333333333,0.0
678,2.2,Yellow-N,1153,1176,12.0,40.5,6.0,4500.0,0.009,OVERSUPPLY,4459.5,0.0
678,2.2,Yellow-N,1153,1176,13.0,77.66666666666667,6.0,4500.0,0.01725925925925926,OVERSUPPLY,4422.333333333333,0.0
678,2.2,Yellow-N,1153,1176,14.0,139.83333333333334,6.0,4500.0,0.031074074074074077,OVERSUPPLY,4360.166666666667,0.0
678,2.2,Yellow-N,1153,1176,15.0,261.3333333333333,6.0,4500.0,0.05807407407407407,OVERSUPPLY,4238.666666666667,0.0
678,2.2,Yellow-N,1153,1176,16.0,489.0,6.0,4500.0,0.10866666666666666,OVERSUPPLY,4011.0,0.0
678,2.2,Yellow-N,1153,1176,17.0,663.3333333333334,6.0,4500.0,0.1474074074074074,OVERSUPPLY,3836.6666666666665,0.0
678,2.2,Yellow-N,1153,1176,18.0,478.5,6.0,4500.0,0.10633333333333334,OVERSUPPLY,4021.5,0.0
678,2.2,Yellow-N,1153,1176,19.0,210.66666666666669,6.0,4500.0,0.046814814814814816,OVERSUPPLY,4289.333333333333,0.0
678,2.2,Yellow-N,1153,1176,20.0,100.0,5.0,3750.0,0.02666666666666667,OVERSUPPLY,3650.0,0.0
678,2.2,Yellow-N,1153,1176,21.0,51.5,4.0,3000.0,0.017166666666666667,OVERSUPPLY,2948.5,0.0
678,2.2,Yellow-N,1153,1176,22.0,44.5,3.0,2250.0,0.019777777777777776,OVERSUPPLY,2205.5,0.0
678,2.2,Yellow-N,1153,1176,23.0,25.666666666666668,4.0,3000.0,0.008555555555555556,OVERSUPPLY,2974.3333333333335,0.0
680,2.2,Yellow-N,1154,1142,5.0,117.66666666666666,7.0,5250.0,0.022412698412698412,OVERSUPPLY,5132.333333333333,0.0
680,2.2,Yellow-N,1154,1142,6.0,349.3333333333333,6.0,4500.0,0.07762962962962963,OVERSUPPLY,4150.666666666667,0.0
680,2.2,Yellow-N,1154,1142,7.0,853.3333333333334,6.0,4500.0,0.18962962962962965,OVERSUPPLY,3646.6666666666665,0.0
680,2.2,Yellow-N,1154,1142,8.0,1574.0,6.0,4500.0,0.3497777777777778,BALANCED,2926.0,0.0
680,2.2,Yellow-N,1154,1142,9.0,1151.1666666666667,6.0,4500.0,0.25581481481481483,BALANCED,3348.833333333333,0.0
680,2.2,Yellow-N,1154,1142,10.0,598.0,6.0,4500.0,0.1328888888888889,OVERSUPPLY,3902.0,0.0
680,2.2,Yellow-N,1154,1142,11.0,574.0,6.0,4500.0,0.12755555555555556,OVERSUPPLY,3926.0,0.0
680,2.2,Yellow-N,1154,1142,12.0,635.8333333333334,6.0,4500.0,0.1412962962962963,OVERSUPPLY,3864.1666666666665,0.0
680,2.2,Yellow-N,1154,1142,13.0,762.5,6.0,4500.0,0.16944444444444445,OVERSUPPLY,3737.5,0.0
680,2.2,Yellow-N,1154,1142,14.0,997.0,6.0,4500.0,0.22155555555555556,BALANCED,3503.0,0.0
680,2.2,Yellow-N,1154,1142,15.0,1599.6666666666667,6.0,4500.0,0.3554814814814815,BALANCED,2900.333333333333,0.0
680,2.2,Yellow-N,1154,1142,16.0,2797.8333333333335,6.0,4500.0,0.6217407407407408,BALANCED,1702.1666666666665,0.0
680,2.2,Yellow-N,1154,1142,17.0,4068.8333333333335,6.0,4500.0,0.9041851851851852,CROWDED,431.1666666666665,0.0
680,2.2,Yellow-N,1154,1142,18.0,3410.6666666666665,6.0,4500.0,0.7579259259259259,BALANCED,1089.3333333333335,0.0
680,2.2,Yellow-N,1154,1142,19.0,1761.8333333333333,6.0,4500.0,0.3915185185185185,BALANCED,2738.166666666667,0.0
680,2.2,Yellow-N,1154,1142,20.0,932.6666666666666,5.0,3750.0,0.2487111111111111,BALANCED,2817.3333333333335,0.0
680,2.2,Yellow-N,1154,1142,21.0,583.3333333333334,4.0,3000.0,0.19444444444444445,OVERSUPPLY,2416.6666666666665,0.0
680,2.2,Yellow-N,1154,1142,22.0,489.5,3.0,2250.0,0.21755555555555556,BALANCED,1760.5,0.0
680,2.2,Yellow-N,1154,1142,23.0,389.0,4.0,3000.0,0.12966666666666668,OVERSUPPLY,2611.0,0.0
682,2.2,Yellow-N,1155,1143,6.0,0.16666666666666666,6.0,4500.0,3.7037037037037037e-05,OVERSUPPLY,4499.833333333333,0.0
682,2.2,Yellow-N,1155,1143,7.0,2.1666666666666665,6.0,4500.0,0.00048148148148148144,OVERSUPPLY,4497.833333333333,0.0
682,2.2,Yellow-N,1155,1143,8.0,5.5,6.0,4500.0,0.0012222222222222222,OVERSUPPLY,4494.5,0.0
682,2.2,Yellow-N,1155,1143,9.0,2.666666666666667,6.0,4500.0,0.0005925925925925927,OVERSUPPLY,4497.333333333333,0.0
682,2.2,Yellow-N,1155,1143,10.0,1.0,6.0,4500.0,0.00022222222222222223,OVERSUPPLY,4499.0,0.0
682,2.2,Yellow-N,1155,1143,11.0,1.6666666666666667,6.0,4500.0,0.0003703703703703704,OVERSUPPLY,4498.333333333333,0.0
682,2.2,Yellow-N,1155,1143,12.0,1.1666666666666665,6.0,4500.0,0.0002592592592592592,OVERSUPPLY,4498.833333333333,0.0
682,2.2,Yellow-N,1155,1143,13.0,1.6666666666666665,6.0,4500.0,0.00037037037037037035,OVERSUPPLY,4498.333333333333,0.0
682,2.2,Yellow-N,1155,1143,14.0,1.1666666666666665,6.0,4500.0,0.0002592592592592592,OVERSUPPLY,4498.833333333333,0.0
682,2.2,Yellow-N,1155,1143,15.0,4.666666666666667,6.0,4500.0,0.001037037037037037,OVERSUPPLY,4495.333333333333,0.0
682,2.2,Yellow-N,1155,1143,16.0,9.0,6.0,4500.0,0.002,OVERSUPPLY,4491.0,0.0
682,2.2,Yellow-N,1155,1143,17.0,17.666666666666668,6.0,4500.0,0.0039259259259259265,OVERSUPPLY,4482.333333333333,0.0
682,2.2,Yellow-N,1155,1143,18.0,11.333333333333332,6.0,4500.0,0.0025185185185185185,OVERSUPPLY,4488.666666666667,0.0
682,2.2,Yellow-N,1155,1143,19.0,4.5,6.0,4500.0,0.001,OVERSUPPLY,4495.5,0.0
682,2.2,Yellow-N,1155,1143,20.0,4.166666666666667,5.0,3750.0,0.0011111111111111111,OVERSUPPLY,3745.8333333333335,0.0
682,2.2,Yellow-N,1155,1143,21.0,0.6666666666666666,4.0,3000.0,0.0002222222222222222,OVERSUPPLY,2999.3333333333335,0.0
682,2.2,Yellow-N,1155,1143,22.0,0.5,3.0,2250.0,0.00022222222222222223,OVERSUPPLY,2249.5,0.0
682,2.2,Yellow-N,1155,1143,23.0,0.3333333333333333,4.0,3000.0,0.0001111111111111111,OVERSUPPLY,2999.6666666666665,0.0
684,2.2,Yellow-N,1156,1144,6.0,0.16666666666666666,6.0,4500.0,3.7037037037037037e-05,OVERSUPPLY,4499.833333333333,0.0
684,2.2,Yellow-N,1156,1144,7.0,2.1666666666666665,6.0,4500.0,0.00048148148148148144,OVERSUPPLY,4497.833333333333,0.0
684,2.2,Yellow-N,1156,1144,8.0,5.5,6.0,4500.0,0.0012222222222222222,OVERSUPPLY,4494.5,0.0
684,2.2,Yellow-N,1156,1144,9.0,2.666666666666667,6.0,4500.0,0.0005925925925925927,OVERSUPPLY,4497.333333333333,0.0
684,2.2,Yellow-N,1156,1144,10.0,1.0,6.0,4500.0,0.00022222222222222223,OVERSUPPLY,4499.0,0.0
684,2.2,Yellow-N,1156,1144,11.0,1.6666666666666667,6.0,4500.0,0.0003703703703703704,OVERSUPPLY,4498.333333333333,0.0
684,2.2,Yellow-N,1156,1144,12.0,1.1666666666666665,6.0,4500.0,0.0002592592592592592,OVERSUPPLY,4498.833333333333,0.0
684,2.2,Yellow-N,1156,1144,13.0,1.6666666666666665,6.0,4500.0,0.00037037037037037035,OVERSUPPLY,4498.333333333333,0.0
684,2.2,Yellow-N,1156,1144,14.0,1.1666666666666665,6.0,4500.0,0.0002592592592592592,OVERSUPPLY,4498.833333333333,0.0
684,2.2,Yellow-N,1156,1144,15.0,4.666666666666667,6.0,4500.0,0.001037037037037037,OVERSUPPLY,4495.333333333333,0.0
684,2.2,Yellow-N,1156,1144,16.0,9.0,6.0,4500.0,0.002,OVERSUPPLY,4491.0,0.0
684,2.2,Yellow-N,1156,1144,17.0,17.666666666666668,6.0,4500.0,0.0039259259259259265,OVERSUPPLY,4482.333333333333,0.0
684,2.2,Yellow-N,1156,1144,18.0,11.333333333333332,6.0,4500.0,0.0025185185185185185,OVERSUPPLY,4488.666666666667,0.0
684,2.2,Yellow-N,1156,1144,19.0,4.5,6.0,4500.0,0.001,OVERSUPPLY,4495.5,0.0
684,2.2,Yellow-N,1156,1144,20.0,4.166666666666667,5.0,3750.0,0.0011111111111111111,OVERSUPPLY,3745.8333333333335,0.0
684,2.2,Yellow-N,1156,1144,21.0,0.6666666666666666,4.0,3000.0,0.0002222222222222222,OVERSUPPLY,2999.3333333333335,0.0
684,2.2,Yellow-N,1156,1144,22.0,0.5,3.0,2250.0,0.00022222222222222223,OVERSUPPLY,2249.5,0.0
684,2.2,Yellow-N,1156,1144,23.0,0.3333333333333333,4.0,3000.0,0.0001111111111111111,OVERSUPPLY,2999.6666666666665,0.0
686,2.2,Yellow-N,1157,1168,5.0,0.8333333333333333,7.0,5250.0,0.0001587301587301587,OVERSUPPLY,5249.166666666667,0.0
686,2.2,Yellow-N,1157,1168,6.0,0.5,6.0,4500.0,0.00011111111111111112,OVERSUPPLY,4499.5,0.0
686,2.2,Yellow-N,1157,1168,7.0,1.1666666666666667,6.0,4500.0,0.00025925925925925926,OVERSUPPLY,4498.833333333333,0.0
686,2.2,Yellow-N,1157,1168,8.0,2.0,6.0,4500.0,0.00044444444444444447,OVERSUPPLY,4498.0,0.0
686,2.2,Yellow-N,1157,1168,9.0,1.5,6.0,4500.0,0.0003333333333333333,OVERSUPPLY,4498.5,0.0
686,2.2,Yellow-N,1157,1168,10.0,1.1666666666666665,6.0,4500.0,0.0002592592592592592,OVERSUPPLY,4498.833333333333,0.0
686,2.2,Yellow-N,1157,1168,11.0,0.5,6.0,4500.0,0.00011111111111111112,OVERSUPPLY,4499.5,0.0
686,2.2,Yellow-N,1157,1168,12.0,1.0,6.0,4500.0,0.00022222222222222223,OVERSUPPLY,4499.0,0.0
686,2.2,Yellow-N,1157,1168,13.0,1.0,6.0,4500.0,0.00022222222222222223,OVERSUPPLY,4499.0,0.0
686,2.2,Yellow-N,1157,1168,14.0,1.1666666666666667,6.0,4500.0,0.00025925925925925926,OVERSUPPLY,4498.833333333333,0.0
686,2.2,Yellow-N,1157,1168,15.0,3.8333333333333335,6.0,4500.0,0.0008518518518518519,OVERSUPPLY,4496.166666666667,0.0
686,2.2,Yellow-N,1157,1168,16.0,3.0,6.0,4500.0,0.0006666666666666666,OVERSUPPLY,4497.0,0.0
686,2.2,Yellow-N,1157,1168,17.0,3.5,6.0,4500.0,0.0007777777777777777,OVERSUPPLY,4496.5,0.0
686,2.2,Yellow-N,1157,1168,18.0,2.5,6.0,4500.0,0.0005555555555555556,OVERSUPPLY,4497.5,0.0
686,2.2,Yellow-N,1157,1168,19.0,1.0,6.0,4500.0,0.00022222222222222223,OVERSUPPLY,4499.0,0.0
686,2.2,Yellow-N,1157,1168,20.0,0.5,5.0,3750.0,0.00013333333333333334,OVERSUPPLY,3749.5,0.0
686,2.2,Yellow-N,1157,1168,21.0,0.6666666666666666,4.0,3000.0,0.0002222222222222222,OVERSUPPLY,2999.3333333333335,0.0
686,2.2,Yellow-N,1157,1168,22.0,0.16666666666666666,3.0,2250.0,7.407407407407407e-05,OVERSUPPLY,2249.8333333333335,0.0
686,2.2,Yellow-N,1157,1168,23.0,0.3333333333333333,4.0,3000.0,0.0001111111111111111,OVERSUPPLY,2999.6666666666665,0.0
688,2.2,Yellow-N,1158,1169,5.0,1.5,7.0,5250.0,0.00028571428571428574,OVERSUPPLY,5248.5,0.0
688,2.2,Yellow-N,1158,1169,6.0,13.166666666666666,6.0,4500.0,0.002925925925925926,OVERSUPPLY,4486.833333333333,0.0
688,2.2,Yellow-N,1158,1169,7.0,22.833333333333332,6.0,4500.0,0.005074074074074074,OVERSUPPLY,4477.166666666667,0.0
688,2.2,Yellow-N,1158,1169,8.0,32.833333333333336,6.0,4500.0,0.007296296296296297,OVERSUPPLY,4467.166666666667,0.0
688,2.2,Yellow-N,1158,1169,9.0,26.833333333333332,6.0,4500.0,0.0059629629629629624,OVERSUPPLY,4473.166666666667,0.0
688,2.2,Yellow-N,1158,1169,10.0,35.166666666666664,6.0,4500.0,0.007814814814814814,OVERSUPPLY,4464.833333333333,0.0
688,2.2,Yellow-N,1158,1169,11.0,35.833333333333336,6.0,4500.0,0.007962962962962963,OVERSUPPLY,4464.166666666667,0.0
688,2.2,Yellow-N,1158,1169,12.0,43.666666666666664,6.0,4500.0,0.009703703703703704,OVERSUPPLY,4456.333333333333,0.0
688,2.2,Yellow-N,1158,1169,13.0,57.0,6.0,4500.0,0.012666666666666666,OVERSUPPLY,4443.0,0.0
688,2.2,Yellow-N,1158,1169,14.0,94.83333333333333,6.0,4500.0,0.02107407407407407,OVERSUPPLY,4405.166666666667,0.0
688,2.2,Yellow-N,1158,1169,15.0,184.66666666666666,6.0,4500.0,0.04103703703703703,OVERSUPPLY,4315.333333333333,0.0
688,2.2,Yellow-N,1158,1169,16.0,333.5,6.0,4500.0,0.07411111111111111,OVERSUPPLY,4166.5,0.0
688,2.2,Yellow-N,1158,1169,17.0,511.1666666666667,6.0,4500.0,0.11359259259259259,OVERSUPPLY,3988.8333333333335,0.0
688,2.2,Yellow-N,1158,1169,18.0,455.5,6.0,4500.0,0.10122222222222223,OVERSUPPLY,4044.5,0.0
688,2.2,Yellow-N,1158,1169,19.0,235.83333333333334,6.0,4500.0,0.05240740740740741,OVERSUPPLY,4264.166666666667,0.0
688,2.2,Yellow-N,1158,1169,20.0,114.66666666666667,5.0,3750.0,0.03057777777777778,OVERSUPPLY,3635.3333333333335,0.0
688,2.2,Yellow-N,1158,1169,21.0,66.0,4.0,3000.0,0.022,OVERSUPPLY,2934.0,0.0
688,2.2,Yellow-N,1158,1169,22.0,50.5,3.0,2250.0,0.022444444444444444,OVERSUPPLY,2199.5,0.0
688,2.2,Yellow-N,1158,1169,23.0,39.833333333333336,4.0,3000.0,0.013277777777777779,OVERSUPPLY,2960.1666666666665,0.0
690,2.2,Yellow-N,1159,1170,5.0,0.9999999999999999,7.0,5250.0,0.00019047619047619045,OVERSUPPLY,5249.0,0.0
690,2.2,Yellow-N,1159,1170,6.0,10.666666666666666,6.0,4500.0,0.0023703703703703703,OVERSUPPLY,4489.333333333333,0.0
690,2.2,Yellow-N,1159,1170,7.0,21.5,6.0,4500.0,0.0047777777777777775,OVERSUPPLY,4478.5,0.0
690,2.2,Yellow-N,1159,1170,8.0,29.333333333333332,6.0,4500.0,0.006518518518518518,OVERSUPPLY,4470.666666666667,0.0
690,2.2,Yellow-N,1159,1170,9.0,24.0,6.0,4500.0,0.005333333333333333,OVERSUPPLY,4476.0,0.0
690,2.2,Yellow-N,1159,1170,10.0,31.333333333333332,6.0,4500.0,0.0069629629629629625,OVERSUPPLY,4468.666666666667,0.0
690,2.2,Yellow-N,1159,1170,11.0,33.0,6.0,4500.0,0.007333333333333333,OVERSUPPLY,4467.0,0.0
690,2.2,Yellow-N,1159,1170,12.0,40.0,6.0,4500.0,0.008888888888888889,OVERSUPPLY,4460.0,0.0
690,2.2,Yellow-N,1159,1170,13.0,54.0,6.0,4500.0,0.012,OVERSUPPLY,4446.0,0.0
690,2.2,Yellow-N,1159,1170,14.0,88.0,6.0,4500.0,0.019555555555555555,OVERSUPPLY,4412.0,0.0
690,2.2,Yellow-N,1159,1170,15.0,175.66666666666666,6.0,4500.0,0.03903703703703704,OVERSUPPLY,4324.333333333333,0.0
690,2.2,Yellow-N,1159,1170,16.0,317.3333333333333,6.0,4500.0,0.07051851851851851,OVERSUPPLY,4182.666666666667,0.0
690,2.2,Yellow-N,1159,1170,17.0,492.1666666666667,6.0,4500.0,0.10937037037037037,OVERSUPPLY,4007.8333333333335,0.0
690,2.2,Yellow-N,1159,1170,18.0,433.0,6.0,4500.0,0.09622222222222222,OVERSUPPLY,4067.0,0.0
690,2.2,Yellow-N,1159,1170,19.0,220.0,6.0,4500.0,0.04888888888888889,OVERSUPPLY,4280.0,0.0
690,2.2,Yellow-N,1159,1170,20.0,105.33333333333333,5.0,3750.0,0.02808888888888889,OVERSUPPLY,3644.6666666666665,0.0
690,2.2,Yellow-N,1159,1170,21.0,59.0,4.0,3000.0,0.019666666666666666,OVERSUPPLY,2941.0,0.0
690,2.2,Yellow-N,1159,1170,22.0,47.166666666666664,3.0,2250.0,0.02096296296296296,OVERSUPPLY,2202.8333333333335,0.0
690,2.2,Yellow-N,1159,1170,23.0,37.0,4.0,3000.0,0.012333333333333333,OVERSUPPLY,2963.0,0.0
692,2.2,Yellow-N,1160,1148,5.0,9.166666666666666,7.0,5250.0,0.0017460317460317458,OVERSUPPLY,5240.833333333333,0.0
692,2.2,Yellow-N,1160,1148,6.0,71.33333333333333,6.0,4500.0,0.01585185185185185,OVERSUPPLY,4428.666666666667,0.0
692,2.2,Yellow-N,1160,1148,7.0,142.83333333333334,6.0,4500.0,0.03174074074074074,OVERSUPPLY,4357.166666666667,0.0
692,2.2,Yellow-N,1160,1148,8.0,234.33333333333334,6.0,4500.0,0.05207407407407408,OVERSUPPLY,4265.666666666667,0.0
692,2.2,Yellow-N,1160,1148,9.0,149.66666666666666,6.0,4500.0,0.03325925925925926,OVERSUPPLY,4350.333333333333,0.0
692,2.2,Yellow-N,1160,1148,10.0,123.5,6.0,4500.0,0.027444444444444445,OVERSUPPLY,4376.5,0.0
692,2.2,Yellow-N,1160,1148,11.0,145.16666666666666,6.0,4500.0,0.03225925925925926,OVERSUPPLY,4354.833333333333,0.0
692,2.2,Yellow-N,1160,1148,12.0,163.16666666666666,6.0,4500.0,0.036259259259259255,OVERSUPPLY,4336.833333333333,0.0
692,2.2,Yellow-N,1160,1148,13.0,239.83333333333334,6.0,4500.0,0.0532962962962963,OVERSUPPLY,4260.166666666667,0.0
692,2.2,Yellow-N,1160,1148,14.0,361.0,6.0,4500.0,0.08022222222222222,OVERSUPPLY,4139.0,0.0
692,2.2,Yellow-N,1160,1148,15.0,654.0,6.0,4500.0,0.14533333333333334,OVERSUPPLY,3846.0,0.0
692,2.2,Yellow-N,1160,1148,16.0,1205.6666666666667,6.0,4500.0,0.26792592592592596,BALANCED,3294.333333333333,0.0
692,2.2,Yellow-N,1160,1148,17.0,1665.3333333333333,6.0,4500.0,0.37007407407407406,BALANCED,2834.666666666667,0.0
692,2.2,Yellow-N,1160,1148,18.0,1504.8333333333333,6.0,4500.0,0.3344074074074074,BALANCED,2995.166666666667,0.0
692,2.2,Yellow-N,1160,1148,19.0,728.6666666666666,6.0,4500.0,0.16192592592592592,OVERSUPPLY,3771.3333333333335,0.0
692,2.2,Yellow-N,1160,1148,20.0,370.8333333333333,5.0,3750.0,0.09888888888888889,OVERSUPPLY,3379.1666666666665,0.0
692,2.2,Yellow-N,1160,1148,21.0,220.83333333333334,4.0,3000.0,0.07361111111111111,OVERSUPPLY,2779.1666666666665,0.0
692,2.2,Yellow-N,1160,1148,22.0,172.5,3.0,2250.0,0.07666666666666666,OVERSUPPLY,2077.5,0.0
692,2.2,Yellow-N,1160,1148,23.0,162.83333333333334,4.0,3000.0,0.05427777777777778,OVERSUPPLY,2837.1666666666665,0.0
694,2.2,Yellow-N,1161,1149,5.0,1.5,7.0,5250.0,0.00028571428571428574,OVERSUPPLY,5248.5,0.0
694,2.2,Yellow-N,1161,1149,6.0,13.666666666666666,6.0,4500.0,0.003037037037037037,OVERSUPPLY,4486.333333333333,0.0
694,2.2,Yellow-N,1161,1149,7.0,34.5,6.0,4500.0,0.007666666666666666,OVERSUPPLY,4465.5,0.0
694,2.2,Yellow-N,1161,1149,8.0,46.666666666666664,6.0,4500.0,0.01037037037037037,OVERSUPPLY,4453.333333333333,0.0
694,2.2,Yellow-N,1161,1149,9.0,35.5,6.0,4500.0,0.00788888888888889,OVERSUPPLY,4464.5,0.0
694,2.2,Yellow-N,1161,1149,10.0,26.0,6.0,4500.0,0.0057777777777777775,OVERSUPPLY,4474.0,0.0
694,2.2,Yellow-N,1161,1149,11.0,35.666666666666664,6.0,4500.0,0.007925925925925925,OVERSUPPLY,4464.333333333333,0.0
694,2.2,Yellow-N,1161,1149,12.0,45.833333333333336,6.0,4500.0,0.010185185185185186,OVERSUPPLY,4454.166666666667,0.0
694,2.2,Yellow-N,1161,1149,13.0,78.16666666666667,6.0,4500.0,0.017370370370370373,OVERSUPPLY,4421.833333333333,0.0
694,2.2,Yellow-N,1161,1149,14.0,143.5,6.0,4500.0,0.03188888888888889,OVERSUPPLY,4356.5,0.0
694,2.2,Yellow-N,1161,1149,15.0,263.3333333333333,6.0,4500.0,0.05851851851851851,OVERSUPPLY,4236.666666666667,0.0
694,2.2,Yellow-N,1161,1149,16.0,477.8333333333333,6.0,4500.0,0.10618518518518517,OVERSUPPLY,4022.1666666666665,0.0
694,2.2,Yellow-N,1161,1149,17.0,647.1666666666666,6.0,4500.0,0.1438148148148148,OVERSUPPLY,3852.8333333333335,0.0
694,2.2,Yellow-N,1161,1149,18.0,483.6666666666667,6.0,4500.0,0.10748148148148148,OVERSUPPLY,4016.3333333333335,0.0
694,2.2,Yellow-N,1161,1149,19.0,212.33333333333334,6.0,4500.0,0.047185185185185184,OVERSUPPLY,4287.666666666667,0.0
694,2.2,Yellow-N,1161,1149,20.0,103.33333333333333,5.0,3750.0,0.027555555555555555,OVERSUPPLY,3646.6666666666665,0.0
694,2.2,Yellow-N,1161,1149,21.0,56.333333333333336,4.0,3000.0,0.01877777777777778,OVERSUPPLY,2943.6666666666665,0.0
694,2.2,Yellow-N,1161,1149,22.0,47.166666666666664,3.0,2250.0,0.02096296296296296,OVERSUPPLY,2202.8333333333335,0.0
694,2.2,Yellow-N,1161,1149,23.0,40.333333333333336,4.0,3000.0,0.013444444444444445,OVERSUPPLY,2959.6666666666665,0.0
696,2.2,Yellow-N,1162,1150,5.0,1.3333333333333333,7.0,5250.0,0.00025396825396825396,OVERSUPPLY,5248.666666666667,0.0
696,2.2,Yellow-N,1162,1150,6.0,7.666666666666666,6.0,4500.0,0.0017037037037037036,OVERSUPPLY,4492.333333333333,0.0
696,2.2,Yellow-N,1162,1150,7.0,17.333333333333332,6.0,4500.0,0.0038518518518518515,OVERSUPPLY,4482.666666666667,0.0
696,2.2,Yellow-N,1162,1150,8.0,21.333333333333332,6.0,4500.0,0.004740740740740741,OVERSUPPLY,4478.666666666667,0.0
696,2.2,Yellow-N,1162,1150,9.0,16.166666666666668,6.0,4500.0,0.003592592592592593,OVERSUPPLY,4483.833333333333,0.0
696,2.2,Yellow-N,1162,1150,10.0,13.5,6.0,4500.0,0.003,OVERSUPPLY,4486.5,0.0
696,2.2,Yellow-N,1162,1150,11.0,20.5,6.0,4500.0,0.004555555555555556,OVERSUPPLY,4479.5,0.0
696,2.2,Yellow-N,1162,1150,12.0,26.0,6.0,4500.0,0.0057777777777777775,OVERSUPPLY,4474.0,0.0
696,2.2,Yellow-N,1162,1150,13.0,49.33333333333333,6.0,4500.0,0.010962962962962963,OVERSUPPLY,4450.666666666667,0.0
696,2.2,Yellow-N,1162,1150,14.0,96.83333333333333,6.0,4500.0,0.021518518518518517,OVERSUPPLY,4403.166666666667,0.0
696,2.2,Yellow-N,1162,1150,15.0,192.33333333333334,6.0,4500.0,0.042740740740740746,OVERSUPPLY,4307.666666666667,0.0
696,2.2,Yellow-N,1162,1150,16.0,349.8333333333333,6.0,4500.0,0.07774074074074074,OVERSUPPLY,4150.166666666667,0.0
696,2.2,Yellow-N,1162,1150,17.0,476.5,6.0,4500.0,0.1058888888888889,OVERSUPPLY,4023.5,0.0
696,2.2,Yellow-N,1162,1150,18.0,349.8333333333333,6.0,4500.0,0.07774074074074074,OVERSUPPLY,4150.166666666667,0.0
696,2.2,Yellow-N,1162,1150,19.0,149.0,6.0,4500.0,0.03311111111111111,OVERSUPPLY,4351.0,0.0
696,2.2,Yellow-N,1162,1150,20.0,72.5,5.0,3750.0,0.019333333333333334,OVERSUPPLY,3677.5,0.0
696,2.2,Yellow-N,1162,1150,21.0,34.833333333333336,4.0,3000.0,0.011611111111111112,OVERSUPPLY,2965.1666666666665,0.0
696,2.2,Yellow-N,1162,1150,22.0,30.0,3.0,2250.0,0.013333333333333334,OVERSUPPLY,2220.0,0.0
696,2.2,Yellow-N,1162,1150,23.0,19.166666666666668,4.0,3000.0,0.006388888888888889,OVERSUPPLY,2980.8333333333335,0.0
698,2.2,Yellow-N,1163,1126,6.0,6.666666666666667,6.0,4500.0,0.0014814814814814816,OVERSUPPLY,4493.333333333333,0.0
698,2.2,Yellow-N,1163,1126,7.0,12.5,6.0,4500.0,0.002777777777777778,OVERSUPPLY,4487.5,0.0
698,2.2,Yellow-N,1163,1126,8.0,12.5,6.0,4500.0,0.002777777777777778,OVERSUPPLY,4487.5,0.0
698,2.2,Yellow-N,1163,1126,9.0,13.0,6.0,4500.0,0.0028888888888888888,OVERSUPPLY,4487.0,0.0
698,2.2,Yellow-N,1163,1126,10.0,14.666666666666666,6.0,4500.0,0.003259259259259259,OVERSUPPLY,4485.333333333333,0.0
698,2.2,Yellow-N,1163,1126,11.0,15.666666666666666,6.0,4500.0,0.0034814814814814812,OVERSUPPLY,4484.333333333333,0.0
698,2.2,Yellow-N,1163,1126,12.0,21.333333333333332,6.0,4500.0,0.004740740740740741,OVERSUPPLY,4478.666666666667,0.0
698,2.2,Yellow-N,1163,1126,13.0,22.833333333333332,6.0,4500.0,0.005074074074074074,OVERSUPPLY,4477.166666666667,0.0
698,2.2,Yellow-N,1163,1126,14.0,38.166666666666664,6.0,4500.0,0.00848148148148148,OVERSUPPLY,4461.833333333333,0.0
698,2.2,Yellow-N,1163,1126,15.0,82.16666666666667,6.0,4500.0,0.01825925925925926,OVERSUPPLY,4417.833333333333,0.0
698,2.2,Yellow-N,1163,1126,16.0,139.33333333333334,6.0,4500.0,0.030962962962962966,OVERSUPPLY,4360.666666666667,0.0
698,2.2,Yellow-N,1163,1126,17.0,236.0,6.0,4500.0,0.052444444444444446,OVERSUPPLY,4264.0,0.0
698,2.2,Yellow-N,1163,1126,18.0,220.83333333333334,6.0,4500.0,0.049074074074074076,OVERSUPPLY,4279.166666666667,0.0
698,2.2,Yellow-N,1163,1126,19.0,114.0,6.0,4500.0,0.025333333333333333,OVERSUPPLY,4386.0,0.0
698,2.2,Yellow-N,1163,1126,20.0,50.333333333333336,5.0,3750.0,0.013422222222222223,OVERSUPPLY,3699.6666666666665,0.0
698,2.2,Yellow-N,1163,1126,21.0,23.0,4.0,3000.0,0.007666666666666666,OVERSUPPLY,2977.0,0.0
698,2.2,Yellow-N,1163,1126,22.0,21.0,3.0,2250.0,0.009333333333333334,OVERSUPPLY,2229.0,0.0
698,2.2,Yellow-N,1163,1126,23.0,14.166666666666666,4.0,3000.0,0.004722222222222222,OVERSUPPLY,2985.8333333333335,0.0
700,2.2,Yellow-N,1164,1127,6.0,5.0,6.0,4500.0,0.0011111111111111111,OVERSUPPLY,4495.0,0.0
700,2.2,Yellow-N,1164,1127,7.0,12.166666666666666,6.0,4500.0,0.0027037037037037034,OVERSUPPLY,4487.833333333333,0.0
700,2.2,Yellow-N,1164,1127,8.0,11.166666666666666,6.0,4500.0,0.002481481481481481,OVERSUPPLY,4488.833333333333,0.0
700,2.2,Yellow-N,1164,1127,9.0,11.333333333333334,6.0,4500.0,0.0025185185185185185,OVERSUPPLY,4488.666666666667,0.0
700,2.2,Yellow-N,1164,1127,10.0,13.666666666666666,6.0,4500.0,0.003037037037037037,OVERSUPPLY,4486.333333333333,0.0
700,2.2,Yellow-N,1164,1127,11.0,13.666666666666666,6.0,4500.0,0.003037037037037037,OVERSUPPLY,4486.333333333333,0.0
700,2.2,Yellow-N,1164,1127,12.0,20.0,6.0,4500.0,0.0044444444444444444,OVERSUPPLY,4480.0,0.0
700,2.2,Yellow-N,1164,1127,13.0,20.833333333333332,6.0,4500.0,0.004629629629629629,OVERSUPPLY,4479.166666666667,0.0
700,2.2,Yellow-N,1164,1127,14.0,34.833333333333336,6.0,4500.0,0.007740740740740742,OVERSUPPLY,4465.166666666667,0.0
700,2.2,Yellow-N,1164,1127,15.0,77.83333333333333,6.0,4500.0,0.017296296296296296,OVERSUPPLY,4422.166666666667,0.0
700,2.2,Yellow-N,1164,1127,16.0,128.66666666666666,6.0,4500.0,0.02859259259259259,OVERSUPPLY,4371.333333333333,0.0
700,2.2,Yellow-N,1164,1127,17.0,224.0,6.0,4500.0,0.049777777777777775,OVERSUPPLY,4276.0,0.0
700,2.2,Yellow-N,1164,1127,18.0,205.5,6.0,4500.0,0.04566666666666667,OVERSUPPLY,4294.5,0.0
700,2.2,Yellow-N,1164,1127,19.0,104.33333333333333,6.0,4500.0,0.023185185185185184,OVERSUPPLY,4395.666666666667,0.0
700,2.2,Yellow-N,1164,1127,20.0,46.333333333333336,5.0,3750.0,0.012355555555555555,OVERSUPPLY,3703.6666666666665,0.0
700,2.2,Yellow-N,1164,1127,21.0,19.0,4.0,3000.0,0.006333333333333333,OVERSUPPLY,2981.0,0.0
700,2.2,Yellow-N,1164,1127,22.0,19.333333333333332,3.0,2250.0,0.008592592592592593,OVERSUPPLY,2230.6666666666665,0.0
700,2.2,Yellow-N,1164,1127,23.0,12.166666666666666,4.0,3000.0,0.004055555555555555,OVERSUPPLY,2987.8333333333335,0.0
702,2.2,Yellow-N,1165,1136,5.0,5.5,7.0,5250.0,0.0010476190476190477,OVERSUPPLY,5244.5,0.0
702,2.2,Yellow-N,1165,1136,6.0,44.0,6.0,4500.0,0.009777777777777778,OVERSUPPLY,4456.0,0.0
702,2.2,Yellow-N,1165,1136,7.0,92.66666666666667,6.0,4500.0,0.020592592592592593,OVERSUPPLY,4407.333333333333,0.0
702,2.2,Yellow-N,1165,1136,8.0,144.33333333333334,6.0,4500.0,0.032074074074074074,OVERSUPPLY,4355.666666666667,0.0
702,2.2,Yellow-N,1165,1136,9.0,88.83333333333333,6.0,4500.0,0.01974074074074074,OVERSUPPLY,4411.166666666667,0.0
702,2.2,Yellow-N,1165,1136,10.0,80.0,6.0,4500.0,0.017777777777777778,OVERSUPPLY,4420.0,0.0
702,2.2,Yellow-N,1165,1136,11.0,97.66666666666667,6.0,4500.0,0.021703703703703704,OVERSUPPLY,4402.333333333333,0.0
702,2.2,Yellow-N,1165,1136,12.0,112.33333333333333,6.0,4500.0,0.02496296296296296,OVERSUPPLY,4387.666666666667,0.0
702,2.2,Yellow-N,1165,1136,13.0,158.33333333333334,6.0,4500.0,0.03518518518518519,OVERSUPPLY,4341.666666666667,0.0
702,2.2,Yellow-N,1165,1136,14.0,276.6666666666667,6.0,4500.0,0.061481481481481484,OVERSUPPLY,4223.333333333333,0.0
702,2.2,Yellow-N,1165,1136,15.0,494.6666666666667,6.0,4500.0,0.10992592592592593,OVERSUPPLY,4005.3333333333335,0.0
702,2.2,Yellow-N,1165,1136,16.0,878.0,6.0,4500.0,0.19511111111111112,OVERSUPPLY,3622.0,0.0
702,2.2,Yellow-N,1165,1136,17.0,1260.5,6.0,4500.0,0.2801111111111111,BALANCED,3239.5,0.0
702,2.2,Yellow-N,1165,1136,18.0,1132.0,6.0,4500.0,0.25155555555555553,BALANCED,3368.0,0.0
702,2.2,Yellow-N,1165,1136,19.0,569.6666666666666,6.0,4500.0,0.1265925925925926,OVERSUPPLY,3930.3333333333335,0.0
702,2.2,Yellow-N,1165,1136,20.0,284.0,5.0,3750.0,0.07573333333333333,OVERSUPPLY,3466.0,0.0
702,2.2,Yellow-N,1165,1136,21.0,180.5,4.0,3000.0,0.06016666666666667,OVERSUPPLY,2819.5,0.0
702,2.2,Yellow-N,1165,1136,22.0,142.16666666666666,3.0,2250.0,0.06318518518518518,OVERSUPPLY,2107.8333333333335,0.0
702,2.2,Yellow-N,1165,1136,23.0,104.16666666666667,4.0,3000.0,0.034722222222222224,OVERSUPPLY,2895.8333333333335,0.0
704,2.2,Yellow-N,1166,1137,5.0,0.6666666666666666,7.0,5250.0,0.00012698412698412698,OVERSUPPLY,5249.333333333333,0.0
704,2.2,Yellow-N,1166,1137,6.0,3.5,6.0,4500.0,0.0007777777777777777,OVERSUPPLY,4496.5,0.0
704,2.2,Yellow-N,1166,1137,7.0,7.0,6.0,4500.0,0.0015555555555555555,OVERSUPPLY,4493.0,0.0
704,2.2,Yellow-N,1166,1137,8.0,8.5,6.0,4500.0,0.001888888888888889,OVERSUPPLY,4491.5,0.0
704,2.2,Yellow-N,1166,1137,9.0,5.833333333333333,6.0,4500.0,0.0012962962962962963,OVERSUPPLY,4494.166666666667,0.0
704,2.2,Yellow-N,1166,1137,10.0,6.166666666666667,6.0,4500.0,0.0013703703703703705,OVERSUPPLY,4493.833333333333,0.0
704,2.2,Yellow-N,1166,1137,11.0,9.333333333333334,6.0,4500.0,0.002074074074074074,OVERSUPPLY,4490.666666666667,0.0
704,2.2,Yellow-N,1166,1137,12.0,8.166666666666666,6.0,4500.0,0.0018148148148148147,OVERSUPPLY,4491.833333333333,0.0
704,2.2,Yellow-N,1166,1137,13.0,13.5,6.0,4500.0,0.003,OVERSUPPLY,4486.5,0.0
704,2.2,Yellow-N,1166,1137,14.0,28.666666666666668,6.0,4500.0,0.006370370370370371,OVERSUPPLY,4471.333333333333,0.0
704,2.2,Yellow-N,1166,1137,15.0,48.5,6.0,4500.0,0.010777777777777778,OVERSUPPLY,4451.5,0.0
704,2.2,Yellow-N,1166,1137,16.0,89.16666666666667,6.0,4500.0,0.019814814814814816,OVERSUPPLY,4410.833333333333,0.0
704,2.2,Yellow-N,1166,1137,17.0,143.66666666666666,6.0,4500.0,0.03192592592592593,OVERSUPPLY,4356.333333333333,0.0
704,2.2,Yellow-N,1166,1137,18.0,106.33333333333333,6.0,4500.0,0.02362962962962963,OVERSUPPLY,4393.666666666667,0.0
704,2.2,Yellow-N,1166,1137,19.0,50.0,6.0,4500.0,0.011111111111111112,OVERSUPPLY,4450.0,0.0
704,2.2,Yellow-N,1166,1137,20.0,23.833333333333332,5.0,3750.0,0.006355555555555555,OVERSUPPLY,3726.1666666666665,0.0
704,2.2,Yellow-N,1166,1137,21.0,14.833333333333332,4.0,3000.0,0.004944444444444444,OVERSUPPLY,2985.1666666666665,0.0
704,2.2,Yellow-N,1166,1137,22.0,12.5,3.0,2250.0,0.005555555555555556,OVERSUPPLY,2237.5,0.0
704,2.2,Yellow-N,1166,1137,23.0,7.666666666666667,4.0,3000.0,0.0025555555555555557,OVERSUPPLY,2992.3333333333335,0.0
706,2.2,Yellow-N,1167,1138,5.0,0.16666666666666666,7.0,5250.0,3.1746031746031745e-05,OVERSUPPLY,5249.833333333333,0.0
706,2.2,Yellow-N,1167,1138,6.0,2.833333333333333,6.0,4500.0,0.0006296296296296296,OVERSUPPLY,4497.166666666667,0.0
706,2.2,Yellow-N,1167,1138,7.0,4.0,6.0,4500.0,0.0008888888888888889,OVERSUPPLY,4496.0,0.0
706,2.2,Yellow-N,1167,1138,8.0,5.5,6.0,4500.0,0.0012222222222222222,OVERSUPPLY,4494.5,0.0
706,2.2,Yellow-N,1167,1138,9.0,4.666666666666667,6.0,4500.0,0.001037037037037037,OVERSUPPLY,4495.333333333333,0.0
706,2.2,Yellow-N,1167,1138,10.0,5.833333333333333,6.0,4500.0,0.0012962962962962963,OVERSUPPLY,4494.166666666667,0.0
706,2.2,Yellow-N,1167,1138,11.0,7.333333333333333,6.0,4500.0,0.0016296296296296295,OVERSUPPLY,4492.666666666667,0.0
706,2.2,Yellow-N,1167,1138,12.0,7.5,6.0,4500.0,0.0016666666666666668,OVERSUPPLY,4492.5,0.0
706,2.2,Yellow-N,1167,1138,13.0,12.166666666666666,6.0,4500.0,0.0027037037037037034,OVERSUPPLY,4487.833333333333,0.0
706,2.2,Yellow-N,1167,1138,14.0,25.0,6.0,4500.0,0.005555555555555556,OVERSUPPLY,4475.0,0.0
706,2.2,Yellow-N,1167,1138,15.0,46.5,6.0,4500.0,0.010333333333333333,OVERSUPPLY,4453.5,0.0
706,2.2,Yellow-N,1167,1138,16.0,83.5,6.0,4500.0,0.018555555555555554,OVERSUPPLY,4416.5,0.0
706,2.2,Yellow-N,1167,1138,17.0,140.16666666666666,6.0,4500.0,0.031148148148148147,OVERSUPPLY,4359.833333333333,0.0
706,2.2,Yellow-N,1167,1138,18.0,102.66666666666667,6.0,4500.0,0.022814814814814816,OVERSUPPLY,4397.333333333333,0.0
706,2.2,Yellow-N,1167,1138,19.0,48.0,6.0,4500.0,0.010666666666666666,OVERSUPPLY,4452.0,0.0
706,2.2,Yellow-N,1167,1138,20.0,23.166666666666668,5.0,3750.0,0.006177777777777778,OVERSUPPLY,3726.8333333333335,0.0
706,2.2,Yellow-N,1167,1138,21.0,14.0,4.0,3000.0,0.004666666666666667,OVERSUPPLY,2986.0,0.0
706,2.2,Yellow-N,1167,1138,22.0,12.0,3.0,2250.0,0.005333333333333333,OVERSUPPLY,2238.0,0.0
706,2.2,Yellow-N,1167,1138,23.0,7.5,4.0,3000.0,0.0025,OVERSUPPLY,2992.5,0.0
709,2.2,Yellow-N,1169,1163,5.0,0.5,7.0,5250.0,9.523809523809524e-05,OVERSUPPLY,5249.5,0.0
709,2.2,Yellow-N,1169,1163,6.0,8.666666666666666,6.0,4500.0,0.0019259259259259258,OVERSUPPLY,4491.333333333333,0.0
709,2.2,Yellow-N,1169,1163,7.0,16.166666666666668,6.0,4500.0,0.003592592592592593,OVERSUPPLY,4483.833333333333,0.0
709,2.2,Yellow-N,1169,1163,8.0,19.666666666666668,6.0,4500.0,0.004370370370370371,OVERSUPPLY,4480.333333333333,0.0
709,2.2,Yellow-N,1169,1163,9.0,19.833333333333332,6.0,4500.0,0.004407407407407407,OVERSUPPLY,4480.166666666667,0.0
709,2.2,Yellow-N,1169,1163,10.0,21.5,6.0,4500.0,0.0047777777777777775,OVERSUPPLY,4478.5,0.0
709,2.2,Yellow-N,1169,1163,11.0,20.166666666666668,6.0,4500.0,0.004481481481481482,OVERSUPPLY,4479.833333333333,0.0
709,2.2,Yellow-N,1169,1163,12.0,27.5,6.0,4500.0,0.006111111111111111,OVERSUPPLY,4472.5,0.0
709,2.2,Yellow-N,1169,1163,13.0,30.0,6.0,4500.0,0.006666666666666667,OVERSUPPLY,4470.0,0.0
709,2.2,Yellow-N,1169,1163,14.0,53.833333333333336,6.0,4500.0,0.011962962962962963,OVERSUPPLY,4446.166666666667,0.0
709,2.2,Yellow-N,1169,1163,15.0,101.66666666666667,6.0,4500.0,0.022592592592592595,OVERSUPPLY,4398.333333333333,0.0
709,2.2,Yellow-N,1169,1163,16.0,172.33333333333334,6.0,4500.0,0.0382962962962963,OVERSUPPLY,4327.666666666667,0.0
709,2.2,Yellow-N,1169,1163,17.0,288.8333333333333,6.0,4500.0,0.06418518518518518,OVERSUPPLY,4211.166666666667,0.0
709,2.2,Yellow-N,1169,1163,18.0,266.5,6.0,4500.0,0.059222222222222225,OVERSUPPLY,4233.5,0.0
709,2.2,Yellow-N,1169,1163,19.0,139.33333333333334,6.0,4500.0,0.030962962962962966,OVERSUPPLY,4360.666666666667,0.0
709,2.2,Yellow-N,1169,1163,20.0,66.16666666666667,5.0,3750.0,0.017644444444444445,OVERSUPPLY,3683.8333333333335,0.0
709,2.2,Yellow-N,1169,1163,21.0,32.166666666666664,4.0,3000.0,0.010722222222222222,OVERSUPPLY,2967.8333333333335,0.0
709,2.2,Yellow-N,1169,1163,22.0,28.833333333333332,3.0,2250.0,0.012814814814814814,OVERSUPPLY,2221.1666666666665,0.0
709,2.2,Yellow-N,1169,1163,23.0,19.333333333333332,4.0,3000.0,0.0064444444444444445,OVERSUPPLY,2980.6666666666665,0.0
711,2.2,Yellow-N,1170,1164,6.0,6.5,6.0,4500.0,0.0014444444444444444,OVERSUPPLY,4493.5,0.0
711,2.2,Yellow-N,1170,1164,7.0,14.5,6.0,4500.0,0.0032222222222222222,OVERSUPPLY,4485.5,0.0
711,2.2,Yellow-N,1170,1164,8.0,16.333333333333332,6.0,4500.0,0.0036296296296296294,OVERSUPPLY,4483.666666666667,0.0
711,2.2,Yellow-N,1170,1164,9.0,16.666666666666668,6.0,4500.0,0.003703703703703704,OVERSUPPLY,4483.333333333333,0.0
711,2.2,Yellow-N,1170,1164,10.0,18.0,6.0,4500.0,0.004,OVERSUPPLY,4482.0,0.0
711,2.2,Yellow-N,1170,1164,11.0,17.833333333333332,6.0,4500.0,0.003962962962962962,OVERSUPPLY,4482.166666666667,0.0
711,2.2,Yellow-N,1170,1164,12.0,24.5,6.0,4500.0,0.0054444444444444445,OVERSUPPLY,4475.5,0.0
711,2.2,Yellow-N,1170,1164,13.0,27.0,6.0,4500.0,0.006,OVERSUPPLY,4473.0,0.0
711,2.2,Yellow-N,1170,1164,14.0,47.5,6.0,4500.0,0.010555555555555556,OVERSUPPLY,4452.5,0.0
711,2.2,Yellow-N,1170,1164,15.0,94.83333333333333,6.0,4500.0,0.02107407407407407,OVERSUPPLY,4405.166666666667,0.0
711,2.2,Yellow-N,1170,1164,16.0,159.16666666666666,6.0,4500.0,0.03537037037037037,OVERSUPPLY,4340.833333333333,0.0
711,2.2,Yellow-N,1170,1164,17.0,274.3333333333333,6.0,4500.0,0.06096296296296296,OVERSUPPLY,4225.666666666667,0.0
711,2.2,Yellow-N,1170,1164,18.0,248.83333333333334,6.0,4500.0,0.0552962962962963,OVERSUPPLY,4251.166666666667,0.0
711,2.2,Yellow-N,1170,1164,19.0,125.5,6.0,4500.0,0.02788888888888889,OVERSUPPLY,4374.5,0.0
711,2.2,Yellow-N,1170,1164,20.0,58.66666666666667,5.0,3750.0,0.015644444444444447,OVERSUPPLY,3691.3333333333335,0.0
711,2.2,Yellow-N,1170,1164,21.0,25.833333333333332,4.0,3000.0,0.008611111111111111,OVERSUPPLY,2974.1666666666665,0.0
711,2.2,Yellow-N,1170,1164,22.0,26.666666666666668,3.0,2250.0,0.011851851851851853,OVERSUPPLY,2223.3333333333335,0.0
711,2.2,Yellow-N,1170,1164,23.0,16.666666666666668,4.0,3000.0,0.005555555555555556,OVERSUPPLY,2983.3333333333335,0.0
713,2.2,Yellow-N,1171,1154,5.0,60.833333333333336,7.0,5250.0,0.011587301587301587,OVERSUPPLY,5189.166666666667,0.0
713,2.2,Yellow-N,1171,1154,6.0,193.0,6.0,4500.0,0.042888888888888886,OVERSUPPLY,4307.0,0.0
713,2.2,Yellow-N,1171,1154,7.0,439.6666666666667,6.0,4500.0,0.09770370370370371,OVERSUPPLY,4060.3333333333335,0.0
713,2.2,Yellow-N,1171,1154,8.0,767.5,6.0,4500.0,0.17055555555555554,OVERSUPPLY,3732.5,0.0
713,2.2,Yellow-N,1171,1154,9.0,569.1666666666666,6.0,4500.0,0.12648148148148147,OVERSUPPLY,3930.8333333333335,0.0
713,2.2,Yellow-N,1171,1154,10.0,279.3333333333333,6.0,4500.0,0.06207407407407407,OVERSUPPLY,4220.666666666667,0.0
713,2.2,Yellow-N,1171,1154,11.0,302.8333333333333,6.0,4500.0,0.0672962962962963,OVERSUPPLY,4197.166666666667,0.0
713,2.2,Yellow-N,1171,1154,12.0,324.8333333333333,6.0,4500.0,0.07218518518518519,OVERSUPPLY,4175.166666666667,0.0
713,2.2,Yellow-N,1171,1154,13.0,397.0,6.0,4500.0,0.08822222222222222,OVERSUPPLY,4103.0,0.0
713,2.2,Yellow-N,1171,1154,14.0,466.5,6.0,4500.0,0.10366666666666667,OVERSUPPLY,4033.5,0.0
713,2.2,Yellow-N,1171,1154,15.0,679.3333333333334,6.0,4500.0,0.15096296296296297,OVERSUPPLY,3820.6666666666665,0.0
713,2.2,Yellow-N,1171,1154,16.0,1216.5,6.0,4500.0,0.2703333333333333,BALANCED,3283.5,0.0
713,2.2,Yellow-N,1171,1154,17.0,1795.0,6.0,4500.0,0.3988888888888889,BALANCED,2705.0,0.0
713,2.2,Yellow-N,1171,1154,18.0,1463.1666666666667,6.0,4500.0,0.3251481481481482,BALANCED,3036.833333333333,0.0
713,2.2,Yellow-N,1171,1154,19.0,759.0,6.0,4500.0,0.16866666666666666,OVERSUPPLY,3741.0,0.0
713,2.2,Yellow-N,1171,1154,20.0,415.8333333333333,5.0,3750.0,0.11088888888888888,OVERSUPPLY,3334.1666666666665,0.0
713,2.2,Yellow-N,1171,1154,21.0,263.0,4.0,3000.0,0.08766666666666667,OVERSUPPLY,2737.0,0.0
713,2.2,Yellow-N,1171,1154,22.0,235.83333333333334,3.0,2250.0,0.10481481481481482,OVERSUPPLY,2014.1666666666667,0.0
713,2.2,Yellow-N,1171,1154,23.0,161.0,4.0,3000.0,0.05366666666666667,OVERSUPPLY,2839.0,0.0
715,2.2,Yellow-N,1172,1155,6.0,0.16666666666666666,6.0,4500.0,3.7037037037037037e-05,OVERSUPPLY,4499.833333333333,0.0
715,2.2,Yellow-N,1172,1155,7.0,2.1666666666666665,6.0,4500.0,0.00048148148148148144,OVERSUPPLY,4497.833333333333,0.0
715,2.2,Yellow-N,1172,1155,8.0,5.5,6.0,4500.0,0.0012222222222222222,OVERSUPPLY,4494.5,0.0
715,2.2,Yellow-N,1172,1155,9.0,2.666666666666667,6.0,4500.0,0.0005925925925925927,OVERSUPPLY,4497.333333333333,0.0
715,2.2,Yellow-N,1172,1155,10.0,1.0,6.0,4500.0,0.00022222222222222223,OVERSUPPLY,4499.0,0.0
715,2.2,Yellow-N,1172,1155,11.0,1.6666666666666667,6.0,4500.0,0.0003703703703703704,OVERSUPPLY,4498.333333333333,0.0
715,2.2,Yellow-N,1172,1155,12.0,1.1666666666666665,6.0,4500.0,0.0002592592592592592,OVERSUPPLY,4498.833333333333,0.0
715,2.2,Yellow-N,1172,1155,13.0,1.6666666666666665,6.0,4500.0,0.00037037037037037035,OVERSUPPLY,4498.333333333333,0.0
715,2.2,Yellow-N,1172,1155,14.0,1.1666666666666665,6.0,4500.0,0.0002592592592592592,OVERSUPPLY,4498.833333333333,0.0
715,2.2,Yellow-N,1172,1155,15.0,4.666666666666667,6.0,4500.0,0.001037037037037037,OVERSUPPLY,4495.333333333333,0.0
715,2.2,Yellow-N,1172,1155,16.0,9.0,6.0,4500.0,0.002,OVERSUPPLY,4491.0,0.0
715,2.2,Yellow-N,1172,1155,17.0,17.666666666666668,6.0,4500.0,0.0039259259259259265,OVERSUPPLY,4482.333333333333,0.0
715,2.2,Yellow-N,1172,1155,18.0,11.333333333333332,6.0,4500.0,0.0025185185185185185,OVERSUPPLY,4488.666666666667,0.0
715,2.2,Yellow-N,1172,1155,19.0,4.5,6.0,4500.0,0.001,OVERSUPPLY,4495.5,0.0
715,2.2,Yellow-N,1172,1155,20.0,4.166666666666667,5.0,3750.0,0.0011111111111111111,OVERSUPPLY,3745.8333333333335,0.0
715,2.2,Yellow-N,1172,1155,21.0,0.6666666666666666,4.0,3000.0,0.0002222222222222222,OVERSUPPLY,2999.3333333333335,0.0
715,2.2,Yellow-N,1172,1155,22.0,0.5,3.0,2250.0,0.00022222222222222223,OVERSUPPLY,2249.5,0.0
715,2.2,Yellow-N,1172,1155,23.0,0.3333333333333333,4.0,3000.0,0.0001111111111111111,OVERSUPPLY,2999.6666666666665,0.0
717,2.2,Yellow-N,1173,1156,6.0,0.16666666666666666,6.0,4500.0,3.7037037037037037e-05,OVERSUPPLY,4499.833333333333,0.0
717,2.2,Yellow-N,1173,1156,7.0,2.1666666666666665,6.0,4500.0,0.00048148148148148144,OVERSUPPLY,4497.833333333333,0.0
717,2.2,Yellow-N,1173,1156,8.0,5.5,6.0,4500.0,0.0012222222222222222,OVERSUPPLY,4494.5,0.0
717,2.2,Yellow-N,1173,1156,9.0,2.666666666666667,6.0,4500.0,0.0005925925925925927,OVERSUPPLY,4497.333333333333,0.0
717,2.2,Yellow-N,1173,1156,10.0,1.0,6.0,4500.0,0.00022222222222222223,OVERSUPPLY,4499.0,0.0
717,2.2,Yellow-N,1173,1156,11.0,1.6666666666666667,6.0,4500.0,0.0003703703703703704,OVERSUPPLY,4498.333333333333,0.0
717,2.2,Yellow-N,1173,1156,12.0,1.1666666666666665,6.0,4500.0,0.0002592592592592592,OVERSUPPLY,4498.833333333333,0.0
717,2.2,Yellow-N,1173,1156,13.0,1.6666666666666665,6.0,4500.0,0.00037037037037037035,OVERSUPPLY,4498.333333333333,0.0
717,2.2,Yellow-N,1173,1156,14.0,1.1666666666666665,6.0,4500.0,0.0002592592592592592,OVERSUPPLY,4498.833333333333,0.0
717,2.2,Yellow-N,1173,1156,15.0,4.666666666666667,6.0,4500.0,0.001037037037037037,OVERSUPPLY,4495.333333333333,0.0
717,2.2,Yellow-N,1173,1156,16.0,9.0,6.0,4500.0,0.002,OVERSUPPLY,4491.0,0.0
717,2.2,Yellow-N,1173,1156,17.0,17.666666666666668,6.0,4500.0,0.0039259259259259265,OVERSUPPLY,4482.333333333333,0.0
717,2.2,Yellow-N,1173,1156,18.0,11.333333333333332,6.0,4500.0,0.0025185185185185185,OVERSUPPLY,4488.666666666667,0.0
717,2.2,Yellow-N,1173,1156,19.0,4.5,6.0,4500.0,0.001,OVERSUPPLY,4495.5,0.0
717,2.2,Yellow-N,1173,1156,20.0,4.166666666666667,5.0,3750.0,0.0011111111111111111,OVERSUPPLY,3745.8333333333335,0.0
717,2.2,Yellow-N,1173,1156,21.0,0.6666666666666666,4.0,3000.0,0.0002222222222222222,OVERSUPPLY,2999.3333333333335,0.0
717,2.2,Yellow-N,1173,1156,22.0,0.5,3.0,2250.0,0.00022222222222222223,OVERSUPPLY,2249.5,0.0
717,2.2,Yellow-N,1173,1156,23.0,0.3333333333333333,4.0,3000.0,0.0001111111111111111,OVERSUPPLY,2999.6666666666665,0.0
719,2.2,Yellow-N,1174,1160,5.0,11.833333333333334,7.0,5250.0,0.0022539682539682543,OVERSUPPLY,5238.166666666667,0.0
719,2.2,Yellow-N,1174,1160,6.0,73.33333333333333,6.0,4500.0,0.016296296296296295,OVERSUPPLY,4426.666666666667,0.0
719,2.2,Yellow-N,1174,1160,7.0,148.83333333333334,6.0,4500.0,0.033074074074074075,OVERSUPPLY,4351.166666666667,0.0
719,2.2,Yellow-N,1174,1160,8.0,240.16666666666666,6.0,4500.0,0.05337037037037037,OVERSUPPLY,4259.833333333333,0.0
719,2.2,Yellow-N,1174,1160,9.0,154.5,6.0,4500.0,0.034333333333333334,OVERSUPPLY,4345.5,0.0
719,2.2,Yellow-N,1174,1160,10.0,127.16666666666667,6.0,4500.0,0.028259259259259262,OVERSUPPLY,4372.833333333333,0.0
719,2.2,Yellow-N,1174,1160,11.0,144.5,6.0,4500.0,0.03211111111111111,OVERSUPPLY,4355.5,0.0
719,2.2,Yellow-N,1174,1160,12.0,164.83333333333334,6.0,4500.0,0.03662962962962963,OVERSUPPLY,4335.166666666667,0.0
719,2.2,Yellow-N,1174,1160,13.0,239.33333333333334,6.0,4500.0,0.05318518518518519,OVERSUPPLY,4260.666666666667,0.0
719,2.2,Yellow-N,1174,1160,14.0,361.5,6.0,4500.0,0.08033333333333334,OVERSUPPLY,4138.5,0.0
719,2.2,Yellow-N,1174,1160,15.0,654.5,6.0,4500.0,0.14544444444444443,OVERSUPPLY,3845.5,0.0
719,2.2,Yellow-N,1174,1160,16.0,1203.3333333333333,6.0,4500.0,0.26740740740740737,BALANCED,3296.666666666667,0.0
719,2.2,Yellow-N,1174,1160,17.0,1666.0,6.0,4500.0,0.37022222222222223,BALANCED,2834.0,0.0
719,2.2,Yellow-N,1174,1160,18.0,1508.8333333333333,6.0,4500.0,0.33529629629629626,BALANCED,2991.166666666667,0.0
719,2.2,Yellow-N,1174,1160,19.0,729.8333333333334,6.0,4500.0,0.16218518518518518,OVERSUPPLY,3770.1666666666665,0.0
719,2.2,Yellow-N,1174,1160,20.0,369.5,5.0,3750.0,0.09853333333333333,OVERSUPPLY,3380.5,0.0
719,2.2,Yellow-N,1174,1160,21.0,217.16666666666666,4.0,3000.0,0.07238888888888889,OVERSUPPLY,2782.8333333333335,0.0
719,2.2,Yellow-N,1174,1160,22.0,172.5,3.0,2250.0,0.07666666666666666,OVERSUPPLY,2077.5,0.0
719,2.2,Yellow-N,1174,1160,23.0,165.0,4.0,3000.0,0.055,OVERSUPPLY,2835.0,0.0
721,2.2,Yellow-N,1175,1161,5.0,2.333333333333333,7.0,5250.0,0.0004444444444444444,OVERSUPPLY,5247.666666666667,0.0
721,2.2,Yellow-N,1175,1161,6.0,18.333333333333332,6.0,4500.0,0.004074074074074074,OVERSUPPLY,4481.666666666667,0.0
721,2.2,Yellow-N,1175,1161,7.0,40.666666666666664,6.0,4500.0,0.009037037037037036,OVERSUPPLY,4459.333333333333,0.0
721,2.2,Yellow-N,1175,1161,8.0,61.666666666666664,6.0,4500.0,0.013703703703703702,OVERSUPPLY,4438.333333333333,0.0
721,2.2,Yellow-N,1175,1161,9.0,46.333333333333336,6.0,4500.0,0.010296296296296296,OVERSUPPLY,4453.666666666667,0.0
721,2.2,Yellow-N,1175,1161,10.0,34.666666666666664,6.0,4500.0,0.007703703703703703,OVERSUPPLY,4465.333333333333,0.0
721,2.2,Yellow-N,1175,1161,11.0,48.166666666666664,6.0,4500.0,0.010703703703703703,OVERSUPPLY,4451.833333333333,0.0
721,2.2,Yellow-N,1175,1161,12.0,65.33333333333333,6.0,4500.0,0.014518518518518517,OVERSUPPLY,4434.666666666667,0.0
721,2.2,Yellow-N,1175,1161,13.0,108.0,6.0,4500.0,0.024,OVERSUPPLY,4392.0,0.0
721,2.2,Yellow-N,1175,1161,14.0,193.0,6.0,4500.0,0.042888888888888886,OVERSUPPLY,4307.0,0.0
721,2.2,Yellow-N,1175,1161,15.0,342.5,6.0,4500.0,0.07611111111111112,OVERSUPPLY,4157.5,0.0
721,2.2,Yellow-N,1175,1161,16.0,622.1666666666666,6.0,4500.0,0.13825925925925925,OVERSUPPLY,3877.8333333333335,0.0
721,2.2,Yellow-N,1175,1161,17.0,848.0,6.0,4500.0,0.18844444444444444,OVERSUPPLY,3652.0,0.0
721,2.2,Yellow-N,1175,1161,18.0,627.0,6.0,4500.0,0.13933333333333334,OVERSUPPLY,3873.0,0.0
721,2.2,Yellow-N,1175,1161,19.0,280.6666666666667,6.0,4500.0,0.062370370370370375,OVERSUPPLY,4219.333333333333,0.0
721,2.2,Yellow-N,1175,1161,20.0,136.5,5.0,3750.0,0.0364,OVERSUPPLY,3613.5,0.0
721,2.2,Yellow-N,1175,1161,21.0,75.16666666666667,4.0,3000.0,0.025055555555555557,OVERSUPPLY,2924.8333333333335,0.0
721,2.2,Yellow-N,1175,1161,22.0,64.83333333333333,3.0,2250.0,0.028814814814814814,OVERSUPPLY,2185.1666666666665,0.0
721,2.2,Yellow-N,1175,1161,23.0,57.166666666666664,4.0,3000.0,0.019055555555555555,OVERSUPPLY,2942.8333333333335,0.0
723,2.2,Yellow-N,1176,1162,5.0,1.5,7.0,5250.0,0.00028571428571428574,OVERSUPPLY,5248.5,0.0
723,2.2,Yellow-N,1176,1162,6.0,9.0,6.0,4500.0,0.002,OVERSUPPLY,4491.0,0.0
723,2.2,Yellow-N,1176,1162,7.0,18.5,6.0,4500.0,0.004111111111111111,OVERSUPPLY,4481.5,0.0
723,2.2,Yellow-N,1176,1162,8.0,24.166666666666668,6.0,4500.0,0.005370370370370371,OVERSUPPLY,4475.833333333333,0.0
723,2.2,Yellow-N,1176,1162,9.0,17.833333333333332,6.0,4500.0,0.003962962962962962,OVERSUPPLY,4482.166666666667,0.0
723,2.2,Yellow-N,1176,1162,10.0,15.833333333333334,6.0,4500.0,0.0035185185185185185,OVERSUPPLY,4484.166666666667,0.0
723,2.2,Yellow-N,1176,1162,11.0,23.666666666666668,6.0,4500.0,0.0052592592592592595,OVERSUPPLY,4476.333333333333,0.0
723,2.2,Yellow-N,1176,1162,12.0,32.166666666666664,6.0,4500.0,0.007148148148148147,OVERSUPPLY,4467.833333333333,0.0
723,2.2,Yellow-N,1176,1162,13.0,60.33333333333333,6.0,4500.0,0.013407407407407406,OVERSUPPLY,4439.666666666667,0.0
723,2.2,Yellow-N,1176,1162,14.0,119.16666666666667,6.0,4500.0,0.02648148148148148,OVERSUPPLY,4380.833333333333,0.0
723,2.2,Yellow-N,1176,1162,15.0,222.33333333333334,6.0,4500.0,0.04940740740740741,OVERSUPPLY,4277.666666666667,0.0
723,2.2,Yellow-N,1176,1162,16.0,406.5,6.0,4500.0,0.09033333333333333,OVERSUPPLY,4093.5,0.0
723,2.2,Yellow-N,1176,1162,17.0,549.0,6.0,4500.0,0.122,OVERSUPPLY,3951.0,0.0
723,2.2,Yellow-N,1176,1162,18.0,397.1666666666667,6.0,4500.0,0.08825925925925926,OVERSUPPLY,4102.833333333333,0.0
723,2.2,Yellow-N,1176,1162,19.0,168.83333333333334,6.0,4500.0,0.03751851851851852,OVERSUPPLY,4331.166666666667,0.0
723,2.2,Yellow-N,1176,1162,20.0,81.66666666666667,5.0,3750.0,0.021777777777777778,OVERSUPPLY,3668.3333333333335,0.0
723,2.2,Yellow-N,1176,1162,21.0,39.666666666666664,4.0,3000.0,0.013222222222222222,OVERSUPPLY,2960.3333333333335,0.0
723,2.2,Yellow-N,1176,1162,22.0,34.333333333333336,3.0,2250.0,0.01525925925925926,OVERSUPPLY,2215.6666666666665,0.0
723,2.2,Yellow-N,1176,1162,23.0,20.5,4.0,3000.0,0.006833333333333334,OVERSUPPLY,2979.5,0.0
725,2.2,Yellow-N,1177,1181,5.0,7.333333333333333,7.0,5250.0,0.0013968253968253967,OVERSUPPLY,5242.666666666667,0.0
725,2.2,Yellow-N,1177,1181,6.0,29.833333333333332,6.0,4500.0,0.006629629629629629,OVERSUPPLY,4470.166666666667,0.0
725,2.2,Yellow-N,1177,1181,7.0,51.333333333333336,6.0,4500.0,0.011407407407407408,OVERSUPPLY,4448.666666666667,0.0
725,2.2,Yellow-N,1177,1181,8.0,160.83333333333334,6.0,4500.0,0.03574074074074074,OVERSUPPLY,4339.166666666667,0.0
725,2.2,Yellow-N,1177,1181,9.0,139.5,6.0,4500.0,0.031,OVERSUPPLY,4360.5,0.0
725,2.2,Yellow-N,1177,1181,10.0,179.33333333333334,6.0,4500.0,0.039851851851851854,OVERSUPPLY,4320.666666666667,0.0
725,2.2,Yellow-N,1177,1181,11.0,234.33333333333334,6.0,4500.0,0.05207407407407408,OVERSUPPLY,4265.666666666667,0.0
725,2.2,Yellow-N,1177,1181,12.0,253.0,6.0,4500.0,0.05622222222222222,OVERSUPPLY,4247.0,0.0
725,2.2,Yellow-N,1177,1181,13.0,302.3333333333333,6.0,4500.0,0.06718518518518518,OVERSUPPLY,4197.666666666667,0.0
725,2.2,Yellow-N,1177,1181,14.0,335.6666666666667,6.0,4500.0,0.0745925925925926,OVERSUPPLY,4164.333333333333,0.0
725,2.2,Yellow-N,1177,1181,15.0,302.0,6.0,4500.0,0.06711111111111111,OVERSUPPLY,4198.0,0.0
725,2.2,Yellow-N,1177,1181,16.0,394.0,6.0,4500.0,0.08755555555555555,OVERSUPPLY,4106.0,0.0
725,2.2,Yellow-N,1177,1181,17.0,449.6666666666667,6.0,4500.0,0.09992592592592593,OVERSUPPLY,4050.3333333333335,0.0
725,2.2,Yellow-N,1177,1181,18.0,429.0,6.0,4500.0,0.09533333333333334,OVERSUPPLY,4071.0,0.0
725,2.2,Yellow-N,1177,1181,19.0,266.6666666666667,6.0,4500.0,0.05925925925925926,OVERSUPPLY,4233.333333333333,0.0
725,2.2,Yellow-N,1177,1181,20.0,204.5,5.0,3750.0,0.054533333333333336,OVERSUPPLY,3545.5,0.0
725,2.2,Yellow-N,1177,1181,21.0,179.33333333333334,4.0,3000.0,0.059777777777777784,OVERSUPPLY,2820.6666666666665,0.0
725,2.2,Yellow-N,1177,1181,22.0,166.83333333333334,3.0,2250.0,0.07414814814814816,OVERSUPPLY,2083.1666666666665,0.0
725,2.2,Yellow-N,1177,1181,23.0,154.83333333333334,4.0,3000.0,0.051611111111111115,OVERSUPPLY,2845.1666666666665,0.0
727,2.2,Yellow-N,1178,1182,5.0,12.666666666666666,7.0,5250.0,0.0024126984126984128,OVERSUPPLY,5237.333333333333,0.0
727,2.2,Yellow-N,1178,1182,6.0,45.666666666666664,6.0,4500.0,0.010148148148148147,OVERSUPPLY,4454.333333333333,0.0
727,2.2,Yellow-N,1178,1182,7.0,96.33333333333333,6.0,4500.0,0.021407407407407406,OVERSUPPLY,4403.666666666667,0.0
727,2.2,Yellow-N,1178,1182,8.0,146.5,6.0,4500.0,0.03255555555555555,OVERSUPPLY,4353.5,0.0
727,2.2,Yellow-N,1178,1182,9.0,105.0,6.0,4500.0,0.023333333333333334,OVERSUPPLY,4395.0,0.0
727,2.2,Yellow-N,1178,1182,10.0,42.16666666666667,6.0,4500.0,0.009370370370370371,OVERSUPPLY,4457.833333333333,0.0
727,2.2,Yellow-N,1178,1182,11.0,30.166666666666668,6.0,4500.0,0.006703703703703704,OVERSUPPLY,4469.833333333333,0.0
727,2.2,Yellow-N,1178,1182,12.0,28.5,6.0,4500.0,0.006333333333333333,OVERSUPPLY,4471.5,0.0
727,2.2,Yellow-N,1178,1182,13.0,26.333333333333332,6.0,4500.0,0.005851851851851852,OVERSUPPLY,4473.666666666667,0.0
727,2.2,Yellow-N,1178,1182,14.0,25.666666666666668,6.0,4500.0,0.005703703703703704,OVERSUPPLY,4474.333333333333,0.0
727,2.2,Yellow-N,1178,1182,15.0,42.0,6.0,4500.0,0.009333333333333334,OVERSUPPLY,4458.0,0.0
727,2.2,Yellow-N,1178,1182,16.0,53.833333333333336,6.0,4500.0,0.011962962962962963,OVERSUPPLY,4446.166666666667,0.0
727,2.2,Yellow-N,1178,1182,17.0,63.5,6.0,4500.0,0.01411111111111111,OVERSUPPLY,4436.5,0.0
727,2.2,Yellow-N,1178,1182,18.0,51.83333333333333,6.0,4500.0,0.011518518518518518,OVERSUPPLY,4448.166666666667,0.0
727,2.2,Yellow-N,1178,1182,19.0,28.833333333333332,6.0,4500.0,0.006407407407407407,OVERSUPPLY,4471.166666666667,0.0
727,2.2,Yellow-N,1178,1182,20.0,19.833333333333332,5.0,3750.0,0.005288888888888889,OVERSUPPLY,3730.1666666666665,0.0
727,2.2,Yellow-N,1178,1182,21.0,15.666666666666666,4.0,3000.0,0.005222222222222222,OVERSUPPLY,2984.3333333333335,0.0
727,2.2,Yellow-N,1178,1182,22.0,8.166666666666666,3.0,2250.0,0.0036296296296296294,OVERSUPPLY,2241.8333333333335,0.0
727,2.2,Yellow-N,1178,1182,23.0,8.333333333333332,4.0,3000.0,0.0027777777777777775,OVERSUPPLY,2991.6666666666665,0.0
729,2.2,Yellow-N,1179,1177,5.0,7.833333333333333,7.0,5250.0,0.001492063492063492,OVERSUPPLY,5242.166666666667,0.0
729,2.2,Yellow-N,1179,1177,6.0,32.666666666666664,6.0,4500.0,0.007259259259259259,OVERSUPPLY,4467.333333333333,0.0
729,2.2,Yellow-N,1179,1177,7.0,57.833333333333336,6.0,4500.0,0.012851851851851852,OVERSUPPLY,4442.166666666667,0.0
729,2.2,Yellow-N,1179,1177,8.0,169.5,6.0,4500.0,0.03766666666666667,OVERSUPPLY,4330.5,0.0
729,2.2,Yellow-N,1179,1177,9.0,146.83333333333334,6.0,4500.0,0.03262962962962963,OVERSUPPLY,4353.166666666667,0.0
729,2.2,Yellow-N,1179,1177,10.0,192.0,6.0,4500.0,0.042666666666666665,OVERSUPPLY,4308.0,0.0
729,2.2,Yellow-N,1179,1177,11.0,243.33333333333334,6.0,4500.0,0.05407407407407407,OVERSUPPLY,4256.666666666667,0.0
729,2.2,Yellow-N,1179,1177,12.0,267.5,6.0,4500.0,0.059444444444444446,OVERSUPPLY,4232.5,0.0
729,2.2,Yellow-N,1179,1177,13.0,312.6666666666667,6.0,4500.0,0.06948148148148149,OVERSUPPLY,4187.333333333333,0.0
729,2.2,Yellow-N,1179,1177,14.0,348.0,6.0,4500.0,0.07733333333333334,OVERSUPPLY,4152.0,0.0
729,2.2,Yellow-N,1179,1177,15.0,319.3333333333333,6.0,4500.0,0.07096296296296296,OVERSUPPLY,4180.666666666667,0.0
729,2.2,Yellow-N,1179,1177,16.0,413.1666666666667,6.0,4500.0,0.09181481481481482,OVERSUPPLY,4086.8333333333335,0.0
729,2.2,Yellow-N,1179,1177,17.0,466.6666666666667,6.0,4500.0,0.10370370370370371,OVERSUPPLY,4033.3333333333335,0.0
729,2.2,Yellow-N,1179,1177,18.0,443.5,6.0,4500.0,0.09855555555555555,OVERSUPPLY,4056.5,0.0
729,2.2,Yellow-N,1179,1177,19.0,278.1666666666667,6.0,4500.0,0.06181481481481482,OVERSUPPLY,4221.833333333333,0.0
729,2.2,Yellow-N,1179,1177,20.0,216.66666666666666,5.0,3750.0,0.057777777777777775,OVERSUPPLY,3533.3333333333335,0.0
729,2.2,Yellow-N,1179,1177,21.0,188.16666666666666,4.0,3000.0,0.06272222222222222,OVERSUPPLY,2811.8333333333335,0.0
729,2.2,Yellow-N,1179,1177,22.0,177.33333333333334,3.0,2250.0,0.07881481481481482,OVERSUPPLY,2072.6666666666665,0.0
729,2.2,Yellow-N,1179,1177,23.0,164.16666666666666,4.0,3000.0,0.05472222222222222,OVERSUPPLY,2835.8333333333335,0.0
731,2.2,Yellow-N,1180,1178,5.0,0.3333333333333333,7.0,5250.0,6.349206349206349e-05,OVERSUPPLY,5249.666666666667,0.0
731,2.2,Yellow-N,1180,1178,6.0,0.16666666666666666,6.0,4500.0,3.7037037037037037e-05,OVERSUPPLY,4499.833333333333,0.0
731,2.2,Yellow-N,1180,1178,7.0,1.8333333333333333,6.0,4500.0,0.0004074074074074074,OVERSUPPLY,4498.166666666667,0.0
731,2.2,Yellow-N,1180,1178,8.0,1.6666666666666667,6.0,4500.0,0.0003703703703703704,OVERSUPPLY,4498.333333333333,0.0
731,2.2,Yellow-N,1180,1178,9.0,0.6666666666666666,6.0,4500.0,0.00014814814814814815,OVERSUPPLY,4499.333333333333,0.0
731,2.2,Yellow-N,1180,1178,10.0,2.1666666666666665,6.0,4500.0,0.00048148148148148144,OVERSUPPLY,4497.833333333333,0.0
731,2.2,Yellow-N,1180,1178,11.0,1.1666666666666667,6.0,4500.0,0.00025925925925925926,OVERSUPPLY,4498.833333333333,0.0
731,2.2,Yellow-N,1180,1178,12.0,3.8333333333333335,6.0,4500.0,0.0008518518518518519,OVERSUPPLY,4496.166666666667,0.0
731,2.2,Yellow-N,1180,1178,13.0,2.8333333333333335,6.0,4500.0,0.0006296296296296296,OVERSUPPLY,4497.166666666667,0.0
731,2.2,Yellow-N,1180,1178,14.0,4.166666666666667,6.0,4500.0,0.000925925925925926,OVERSUPPLY,4495.833333333333,0.0
731,2.2,Yellow-N,1180,1178,15.0,5.0,6.0,4500.0,0.0011111111111111111,OVERSUPPLY,4495.0,0.0
731,2.2,Yellow-N,1180,1178,16.0,3.6666666666666665,6.0,4500.0,0.0008148148148148148,OVERSUPPLY,4496.333333333333,0.0
731,2.2,Yellow-N,1180,1178,17.0,3.0,6.0,4500.0,0.0006666666666666666,OVERSUPPLY,4497.0,0.0
731,2.2,Yellow-N,1180,1178,18.0,3.1666666666666665,6.0,4500.0,0.0007037037037037037,OVERSUPPLY,4496.833333333333,0.0
731,2.2,Yellow-N,1180,1178,19.0,2.8333333333333335,6.0,4500.0,0.0006296296296296296,OVERSUPPLY,4497.166666666667,0.0
731,2.2,Yellow-N,1180,1178,20.0,1.3333333333333333,5.0,3750.0,0.0003555555555555555,OVERSUPPLY,3748.6666666666665,0.0
731,2.2,Yellow-N,1180,1178,21.0,2.1666666666666665,4.0,3000.0,0.0007222222222222222,OVERSUPPLY,2997.8333333333335,0.0
731,2.2,Yellow-N,1180,1178,22.0,2.3333333333333335,3.0,2250.0,0.001037037037037037,OVERSUPPLY,2247.6666666666665,0.0
731,2.2,Yellow-N,1180,1178,23.0,1.6666666666666667,4.0,3000.0,0.0005555555555555556,OVERSUPPLY,2998.3333333333335,0.0
735,2.2,Yellow-N,1182,1135,5.0,30.166666666666664,7.0,5250.0,0.0057460317460317455,OVERSUPPLY,5219.833333333333,0.0
735,2.2,Yellow-N,1182,1135,6.0,95.5,6.0,4500.0,0.021222222222222222,OVERSUPPLY,4404.5,0.0
735,2.2,Yellow-N,1182,1135,7.0,232.5,6.0,4500.0,0.051666666666666666,OVERSUPPLY,4267.5,0.0
735,2.2,Yellow-N,1182,1135,8.0,377.3333333333333,6.0,4500.0,0.08385185185185184,OVERSUPPLY,4122.666666666667,0.0
735,2.2,Yellow-N,1182,1135,9.0,272.0,6.0,4500.0,0.060444444444444446,OVERSUPPLY,4228.0,0.0
735,2.2,Yellow-N,1182,1135,10.0,174.5,6.0,4500.0,0.03877777777777778,OVERSUPPLY,4325.5,0.0
735,2.2,Yellow-N,1182,1135,11.0,180.83333333333334,6.0,4500.0,0.040185185185185185,OVERSUPPLY,4319.166666666667,0.0
735,2.2,Yellow-N,1182,1135,12.0,181.0,6.0,4500.0,0.04022222222222222,OVERSUPPLY,4319.0,0.0
735,2.2,Yellow-N,1182,1135,13.0,199.0,6.0,4500.0,0.044222222222222225,OVERSUPPLY,4301.0,0.0
735,2.2,Yellow-N,1182,1135,14.0,215.16666666666669,6.0,4500.0,0.04781481481481482,OVERSUPPLY,4284.833333333333,0.0
735,2.2,Yellow-N,1182,1135,15.0,221.83333333333334,6.0,4500.0,0.049296296296296296,OVERSUPPLY,4278.166666666667,0.0
735,2.2,Yellow-N,1182,1135,16.0,304.3333333333333,6.0,4500.0,0.06762962962962962,OVERSUPPLY,4195.666666666667,0.0
735,2.2,Yellow-N,1182,1135,17.0,365.1666666666667,6.0,4500.0,0.08114814814814815,OVERSUPPLY,4134.833333333333,0.0
735,2.2,Yellow-N,1182,1135,18.0,329.5,6.0,4500.0,0.07322222222222222,OVERSUPPLY,4170.5,0.0
735,2.2,Yellow-N,1182,1135,19.0,195.66666666666666,6.0,4500.0,0.04348148148148148,OVERSUPPLY,4304.333333333333,0.0
735,2.2,Yellow-N,1182,1135,20.0,136.66666666666666,5.0,3750.0,0.03644444444444444,OVERSUPPLY,3613.3333333333335,0.0
735,2.2,Yellow-N,1182,1135,21.0,114.33333333333333,4.0,3000.0,0.03811111111111111,OVERSUPPLY,2885.6666666666665,0.0
735,2.2,Yellow-N,1182,1135,22.0,101.0,3.0,2250.0,0.04488888888888889,OVERSUPPLY,2149.0,0.0
735,2.2,Yellow-N,1182,1135,23.0,87.0,4.0,3000.0,0.029,OVERSUPPLY,2913.0,0.0
737,2.2,Yellow-N,1183,1165,5.0,3.0,7.0,5250.0,0.0005714285714285715,OVERSUPPLY,5247.0,0.0
737,2.2,Yellow-N,1183,1165,6.0,37.83333333333333,6.0,4500.0,0.008407407407407407,OVERSUPPLY,4462.166666666667,0.0
737,2.2,Yellow-N,1183,1165,7.0,64.33333333333333,6.0,4500.0,0.014296296296296295,OVERSUPPLY,4435.666666666667,0.0
737,2.2,Yellow-N,1183,1165,8.0,102.0,6.0,4500.0,0.02266666666666667,OVERSUPPLY,4398.0,0.0
737,2.2,Yellow-N,1183,1165,9.0,69.66666666666667,6.0,4500.0,0.015481481481481483,OVERSUPPLY,4430.333333333333,0.0
737,2.2,Yellow-N,1183,1165,10.0,61.666666666666664,6.0,4500.0,0.013703703703703702,OVERSUPPLY,4438.333333333333,0.0
737,2.2,Yellow-N,1183,1165,11.0,74.66666666666667,6.0,4500.0,0.016592592592592593,OVERSUPPLY,4425.333333333333,0.0
737,2.2,Yellow-N,1183,1165,12.0,85.0,6.0,4500.0,0.01888888888888889,OVERSUPPLY,4415.0,0.0
737,2.2,Yellow-N,1183,1165,13.0,115.0,6.0,4500.0,0.025555555555555557,OVERSUPPLY,4385.0,0.0
737,2.2,Yellow-N,1183,1165,14.0,199.16666666666666,6.0,4500.0,0.044259259259259255,OVERSUPPLY,4300.833333333333,0.0
737,2.2,Yellow-N,1183,1165,15.0,364.1666666666667,6.0,4500.0,0.08092592592592593,OVERSUPPLY,4135.833333333333,0.0
737,2.2,Yellow-N,1183,1165,16.0,688.5,6.0,4500.0,0.153,OVERSUPPLY,3811.5,0.0
737,2.2,Yellow-N,1183,1165,17.0,1001.0,6.0,4500.0,0.22244444444444444,BALANCED,3499.0,0.0
737,2.2,Yellow-N,1183,1165,18.0,939.8333333333334,6.0,4500.0,0.20885185185185187,BALANCED,3560.1666666666665,0.0
737,2.2,Yellow-N,1183,1165,19.0,469.5,6.0,4500.0,0.10433333333333333,OVERSUPPLY,4030.5,0.0
737,2.2,Yellow-N,1183,1165,20.0,238.16666666666666,5.0,3750.0,0.06351111111111112,OVERSUPPLY,3511.8333333333335,0.0
737,2.2,Yellow-N,1183,1165,21.0,135.5,4.0,3000.0,0.04516666666666667,OVERSUPPLY,2864.5,0.0
737,2.2,Yellow-N,1183,1165,22.0,107.16666666666667,3.0,2250.0,0.04762962962962963,OVERSUPPLY,2142.8333333333335,0.0
737,2.2,Yellow-N,1183,1165,23.0,89.16666666666667,4.0,3000.0,0.029722222222222223,OVERSUPPLY,2910.8333333333335,0.0
739,2.2,Yellow-N,1184,1166,5.0,2.5,7.0,5250.0,0.0004761904761904762,OVERSUPPLY,5247.5,0.0
739,2.2,Yellow-N,1184,1166,6.0,15.333333333333332,6.0,4500.0,0.003407407407407407,OVERSUPPLY,4484.666666666667,0.0
739,2.2,Yellow-N,1184,1166,7.0,38.833333333333336,6.0,4500.0,0.00862962962962963,OVERSUPPLY,4461.166666666667,0.0
739,2.2,Yellow-N,1184,1166,8.0,70.33333333333333,6.0,4500.0,0.01562962962962963,OVERSUPPLY,4429.666666666667,0.0
739,2.2,Yellow-N,1184,1166,9.0,39.5,6.0,4500.0,0.008777777777777778,OVERSUPPLY,4460.5,0.0
739,2.2,Yellow-N,1184,1166,10.0,36.0,6.0,4500.0,0.008,OVERSUPPLY,4464.0,0.0
739,2.2,Yellow-N,1184,1166,11.0,46.0,6.0,4500.0,0.010222222222222223,OVERSUPPLY,4454.0,0.0
739,2.2,Yellow-N,1184,1166,12.0,49.833333333333336,6.0,4500.0,0.011074074074074075,OVERSUPPLY,4450.166666666667,0.0
739,2.2,Yellow-N,1184,1166,13.0,84.66666666666667,6.0,4500.0,0.018814814814814815,OVERSUPPLY,4415.333333333333,0.0
739,2.2,Yellow-N,1184,1166,14.0,135.66666666666666,6.0,4500.0,0.030148148148148146,OVERSUPPLY,4364.333333333333,0.0
739,2.2,Yellow-N,1184,1166,15.0,254.16666666666666,6.0,4500.0,0.05648148148148148,OVERSUPPLY,4245.833333333333,0.0
739,2.2,Yellow-N,1184,1166,16.0,430.1666666666667,6.0,4500.0,0.09559259259259259,OVERSUPPLY,4069.8333333333335,0.0
739,2.2,Yellow-N,1184,1166,17.0,585.6666666666666,6.0,4500.0,0.13014814814814815,OVERSUPPLY,3914.3333333333335,0.0
739,2.2,Yellow-N,1184,1166,18.0,463.8333333333333,6.0,4500.0,0.10307407407407407,OVERSUPPLY,4036.1666666666665,0.0
739,2.2,Yellow-N,1184,1166,19.0,209.66666666666666,6.0,4500.0,0.04659259259259259,OVERSUPPLY,4290.333333333333,0.0
739,2.2,Yellow-N,1184,1166,20.0,108.16666666666666,5.0,3750.0,0.028844444444444443,OVERSUPPLY,3641.8333333333335,0.0
739,2.2,Yellow-N,1184,1166,21.0,75.66666666666667,4.0,3000.0,0.025222222222222222,OVERSUPPLY,2924.3333333333335,0.0
739,2.2,Yellow-N,1184,1166,22.0,62.166666666666664,3.0,2250.0,0.02762962962962963,OVERSUPPLY,2187.8333333333335,0.0
739,2.2,Yellow-N,1184,1166,23.0,43.0,4.0,3000.0,0.014333333333333333,OVERSUPPLY,2957.0,0.0
741,2.2,Yellow-N,1185,1167,5.0,1.8333333333333333,7.0,5250.0,0.0003492063492063492,OVERSUPPLY,5248.166666666667,0.0
741,2.2,Yellow-N,1185,1167,6.0,10.5,6.0,4500.0,0.0023333333333333335,OVERSUPPLY,4489.5,0.0
741,2.2,Yellow-N,1185,1167,7.0,22.166666666666668,6.0,4500.0,0.0049259259259259265,OVERSUPPLY,4477.833333333333,0.0
741,2.2,Yellow-N,1185,1167,8.0,37.0,6.0,4500.0,0.008222222222222223,OVERSUPPLY,4463.0,0.0
741,2.2,Yellow-N,1185,1167,9.0,20.5,6.0,4500.0,0.004555555555555556,OVERSUPPLY,4479.5,0.0
741,2.2,Yellow-N,1185,1167,10.0,22.0,6.0,4500.0,0.004888888888888889,OVERSUPPLY,4478.0,0.0
741,2.2,Yellow-N,1185,1167,11.0,25.666666666666668,6.0,4500.0,0.005703703703703704,OVERSUPPLY,4474.333333333333,0.0
741,2.2,Yellow-N,1185,1167,12.0,32.166666666666664,6.0,4500.0,0.007148148148148147,OVERSUPPLY,4467.833333333333,0.0
741,2.2,Yellow-N,1185,1167,13.0,60.666666666666664,6.0,4500.0,0.013481481481481481,OVERSUPPLY,4439.333333333333,0.0
741,2.2,Yellow-N,1185,1167,14.0,97.5,6.0,4500.0,0.021666666666666667,OVERSUPPLY,4402.5,0.0
741,2.2,Yellow-N,1185,1167,15.0,188.66666666666666,6.0,4500.0,0.04192592592592592,OVERSUPPLY,4311.333333333333,0.0
741,2.2,Yellow-N,1185,1167,16.0,326.0,6.0,4500.0,0.07244444444444445,OVERSUPPLY,4174.0,0.0
741,2.2,Yellow-N,1185,1167,17.0,446.33333333333337,6.0,4500.0,0.0991851851851852,OVERSUPPLY,4053.6666666666665,0.0
741,2.2,Yellow-N,1185,1167,18.0,350.3333333333333,6.0,4500.0,0.07785185185185185,OVERSUPPLY,4149.666666666667,0.0
741,2.2,Yellow-N,1185,1167,19.0,154.16666666666666,6.0,4500.0,0.03425925925925926,OVERSUPPLY,4345.833333333333,0.0
741,2.2,Yellow-N,1185,1167,20.0,79.0,5.0,3750.0,0.021066666666666668,OVERSUPPLY,3671.0,0.0
741,2.2,Yellow-N,1185,1167,21.0,51.166666666666664,4.0,3000.0,0.017055555555555556,OVERSUPPLY,2948.8333333333335,0.0
741,2.2,Yellow-N,1185,1167,22.0,42.0,3.0,2250.0,0.018666666666666668,OVERSUPPLY,2208.0,0.0
741,2.2,Yellow-N,1185,1167,23.0,30.166666666666664,4.0,3000.0,0.010055555555555555,OVERSUPPLY,2969.8333333333335,0.0
743,2.2,Yellow-N,1186,1114,5.0,26.0,7.0,5250.0,0.004952380952380952,OVERSUPPLY,5224.0,0.0
743,2.2,Yellow-N,1186,1114,6.0,68.33333333333333,6.0,4500.0,0.015185185185185184,OVERSUPPLY,4431.666666666667,0.0
743,2.2,Yellow-N,1186,1114,7.0,225.5,6.0,4500.0,0.05011111111111111,OVERSUPPLY,4274.5,0.0
743,2.2,Yellow-N,1186,1114,8.0,386.0,6.0,4500.0,0.08577777777777777,OVERSUPPLY,4114.0,0.0
743,2.2,Yellow-N,1186,1114,9.0,322.3333333333333,6.0,4500.0,0.07162962962962963,OVERSUPPLY,4177.666666666667,0.0
743,2.2,Yellow-N,1186,1114,10.0,183.5,6.0,4500.0,0.04077777777777778,OVERSUPPLY,4316.5,0.0
743,2.2,Yellow-N,1186,1114,11.0,181.16666666666666,6.0,4500.0,0.04025925925925926,OVERSUPPLY,4318.833333333333,0.0
743,2.2,Yellow-N,1186,1114,12.0,229.83333333333334,6.0,4500.0,0.05107407407407408,OVERSUPPLY,4270.166666666667,0.0
743,2.2,Yellow-N,1186,1114,13.0,297.3333333333333,6.0,4500.0,0.06607407407407408,OVERSUPPLY,4202.666666666667,0.0
743,2.2,Yellow-N,1186,1114,14.0,407.8333333333333,6.0,4500.0,0.09062962962962963,OVERSUPPLY,4092.1666666666665,0.0
743,2.2,Yellow-N,1186,1114,15.0,738.5,6.0,4500.0,0.16411111111111112,OVERSUPPLY,3761.5,0.0
743,2.2,Yellow-N,1186,1114,16.0,1281.1666666666667,6.0,4500.0,0.28470370370370374,BALANCED,3218.833333333333,0.0
743,2.2,Yellow-N,1186,1114,17.0,1759.1666666666667,6.0,4500.0,0.39092592592592595,BALANCED,2740.833333333333,0.0
743,2.2,Yellow-N,1186,1114,18.0,1598.5,6.0,4500.0,0.3552222222222222,BALANCED,2901.5,0.0
743,2.2,Yellow-N,1186,1114,19.0,795.6666666666666,6.0,4500.0,0.1768148148148148,OVERSUPPLY,3704.3333333333335,0.0
743,2.2,Yellow-N,1186,1114,20.0,429.0,5.0,3750.0,0.1144,OVERSUPPLY,3321.0,0.0
743,2.2,Yellow-N,1186,1114,21.0,260.6666666666667,4.0,3000.0,0.08688888888888889,OVERSUPPLY,2739.3333333333335,0.0
743,2.2,Yellow-N,1186,1114,22.0,194.16666666666666,3.0,2250.0,0.08629629629629629,OVERSUPPLY,2055.8333333333335,0.0
743,2.2,Yellow-N,1186,1114,23.0,150.66666666666666,4.0,3000.0,0.05022222222222222,OVERSUPPLY,2849.3333333333335,0.0
745,2.2,Yellow-N,1187,1115,5.0,16.333333333333332,7.0,5250.0,0.003111111111111111,OVERSUPPLY,5233.666666666667,0.0
745,2.2,Yellow-N,1187,1115,6.0,48.166666666666664,6.0,4500.0,0.010703703703703703,OVERSUPPLY,4451.833333333333,0.0
745,2.2,Yellow-N,1187,1115,7.0,164.0,6.0,4500.0,0.036444444444444446,OVERSUPPLY,4336.0,0.0
745,2.2,Yellow-N,1187,1115,8.0,279.8333333333333,6.0,4500.0,0.062185185185185184,OVERSUPPLY,4220.166666666667,0.0
745,2.2,Yellow-N,1187,1115,9.0,191.5,6.0,4500.0,0.042555555555555555,OVERSUPPLY,4308.5,0.0
745,2.2,Yellow-N,1187,1115,10.0,109.66666666666667,6.0,4500.0,0.024370370370370372,OVERSUPPLY,4390.333333333333,0.0
745,2.2,Yellow-N,1187,1115,11.0,127.0,6.0,4500.0,0.02822222222222222,OVERSUPPLY,4373.0,0.0
745,2.2,Yellow-N,1187,1115,12.0,166.5,6.0,4500.0,0.037,OVERSUPPLY,4333.5,0.0
745,2.2,Yellow-N,1187,1115,13.0,242.0,6.0,4500.0,0.05377777777777778,OVERSUPPLY,4258.0,0.0
745,2.2,Yellow-N,1187,1115,14.0,348.6666666666667,6.0,4500.0,0.07748148148148148,OVERSUPPLY,4151.333333333333,0.0
745,2.2,Yellow-N,1187,1115,15.0,602.5,6.0,4500.0,0.1338888888888889,OVERSUPPLY,3897.5,0.0
745,2.2,Yellow-N,1187,1115,16.0,1129.5,6.0,4500.0,0.251,BALANCED,3370.5,0.0
745,2.2,Yellow-N,1187,1115,17.0,1647.3333333333333,6.0,4500.0,0.36607407407407405,BALANCED,2852.666666666667,0.0
745,2.2,Yellow-N,1187,1115,18.0,1323.8333333333333,6.0,4500.0,0.29418518518518516,BALANCED,3176.166666666667,0.0
745,2.2,Yellow-N,1187,1115,19.0,673.8333333333334,6.0,4500.0,0.14974074074074076,OVERSUPPLY,3826.1666666666665,0.0
745,2.2,Yellow-N,1187,1115,20.0,355.8333333333333,5.0,3750.0,0.09488888888888888,OVERSUPPLY,3394.1666666666665,0.0
745,2.2,Yellow-N,1187,1115,21.0,210.33333333333334,4.0,3000.0,0.07011111111111111,OVERSUPPLY,2789.6666666666665,0.0
745,2.2,Yellow-N,1187,1115,22.0,179.33333333333334,3.0,2250.0,0.07970370370370371,OVERSUPPLY,2070.6666666666665,0.0
745,2.2,Yellow-N,1187,1115,23.0,130.16666666666666,4.0,3000.0,0.04338888888888889,OVERSUPPLY,2869.8333333333335,0.0
747,2.2,Yellow-N,1188,1116,5.0,5.166666666666667,7.0,5250.0,0.0009841269841269842,OVERSUPPLY,5244.833333333333,0.0
747,2.2,Yellow-N,1188,1116,6.0,14.166666666666666,6.0,4500.0,0.003148148148148148,OVERSUPPLY,4485.833333333333,0.0
747,2.2,Yellow-N,1188,1116,7.0,55.833333333333336,6.0,4500.0,0.012407407407407409,OVERSUPPLY,4444.166666666667,0.0
747,2.2,Yellow-N,1188,1116,8.0,96.0,6.0,4500.0,0.021333333333333333,OVERSUPPLY,4404.0,0.0
747,2.2,Yellow-N,1188,1116,9.0,64.33333333333333,6.0,4500.0,0.014296296296296295,OVERSUPPLY,4435.666666666667,0.0
747,2.2,Yellow-N,1188,1116,10.0,35.0,6.0,4500.0,0.0077777777777777776,OVERSUPPLY,4465.0,0.0
747,2.2,Yellow-N,1188,1116,11.0,44.0,6.0,4500.0,0.009777777777777778,OVERSUPPLY,4456.0,0.0
747,2.2,Yellow-N,1188,1116,12.0,64.5,6.0,4500.0,0.014333333333333333,OVERSUPPLY,4435.5,0.0
747,2.2,Yellow-N,1188,1116,13.0,98.0,6.0,4500.0,0.021777777777777778,OVERSUPPLY,4402.0,0.0
747,2.2,Yellow-N,1188,1116,14.0,160.16666666666666,6.0,4500.0,0.03559259259259259,OVERSUPPLY,4339.833333333333,0.0
747,2.2,Yellow-N,1188,1116,15.0,298.5,6.0,4500.0,0.06633333333333333,OVERSUPPLY,4201.5,0.0
747,2.2,Yellow-N,1188,1116,16.0,569.6666666666666,6.0,4500.0,0.1265925925925926,OVERSUPPLY,3930.3333333333335,0.0
747,2.2,Yellow-N,1188,1116,17.0,781.1666666666666,6.0,4500.0,0.17359259259259258,OVERSUPPLY,3718.8333333333335,0.0
747,2.2,Yellow-N,1188,1116,18.0,585.5,6.0,4500.0,0.13011111111111112,OVERSUPPLY,3914.5,0.0
747,2.2,Yellow-N,1188,1116,19.0,287.3333333333333,6.0,4500.0,0.06385185185185185,OVERSUPPLY,4212.666666666667,0.0
747,2.2,Yellow-N,1188,1116,20.0,140.83333333333334,5.0,3750.0,0.03755555555555556,OVERSUPPLY,3609.1666666666665,0.0
747,2.2,Yellow-N,1188,1116,21.0,71.33333333333333,4.0,3000.0,0.023777777777777776,OVERSUPPLY,2928.6666666666665,0.0
747,2.2,Yellow-N,1188,1116,22.0,60.0,3.0,2250.0,0.02666666666666667,OVERSUPPLY,2190.0,0.0
747,2.2,Yellow-N,1188,1116,23.0,38.333333333333336,4.0,3000.0,0.012777777777777779,OVERSUPPLY,2961.6666666666665,0.0
749,20.1,Beige-S,1189,1190,5.0,8.666666666666666,9.0,4050.0,0.002139917695473251,OVERSUPPLY,4041.3333333333335,0.0
749,20.1,Beige-S,1189,1190,6.0,26.666666666666664,9.0,4050.0,0.0065843621399176945,OVERSUPPLY,4023.3333333333335,0.0
749,20.1,Beige-S,1189,1190,7.0,28.333333333333332,10.0,4500.0,0.006296296296296296,OVERSUPPLY,4471.666666666667,0.0
749,20.1,Beige-S,1189,1190,8.0,37.333333333333336,10.0,4500.0,0.008296296296296296,OVERSUPPLY,4462.666666666667,0.0
749,20.1,Beige-S,1189,1190,9.0,42.333333333333336,10.0,4500.0,0.009407407407407408,OVERSUPPLY,4457.666666666667,0.0
749,20.1,Beige-S,1189,1190,10.0,36.666666666666664,9.0,4050.0,0.00905349794238683,OVERSUPPLY,4013.3333333333335,0.0
749,20.1,Beige-S,1189,1190,11.0,42.666666666666664,10.0,4500.0,0.009481481481481481,OVERSUPPLY,4457.333333333333,0.0
749,20.1,Beige-S,1189,1190,12.0,42.666666666666664,10.0,4500.0,0.009481481481481481,OVERSUPPLY,4457.333333333333,0.0
749,20.1,Beige-S,1189,1190,13.0,35.333333333333336,9.0,4050.0,0.008724279835390947,OVERSUPPLY,4014.6666666666665,0.0
749,20.1,Beige-S,1189,1190,14.0,41.0,10.0,4500.0,0.009111111111111111,OVERSUPPLY,4459.0,0.0
749,20.1,Beige-S,1189,1190,15.0,56.333333333333336,10.0,4500.0,0.012518518518518519,OVERSUPPLY,4443.666666666667,0.0
749,20.1,Beige-S,1189,1190,16.0,66.66666666666667,9.0,4050.0,0.01646090534979424,OVERSUPPLY,3983.3333333333335,0.0
749,20.1,Beige-S,1189,1190,17.0,70.66666666666667,10.0,4500.0,0.015703703703703706,OVERSUPPLY,4429.333333333333,0.0
749,20.1,Beige-S,1189,1190,18.0,55.333333333333336,10.0,4500.0,0.012296296296296296,OVERSUPPLY,4444.666666666667,0.0
749,20.1,Beige-S,1189,1190,19.0,28.0,9.0,4050.0,0.006913580246913581,OVERSUPPLY,4022.0,0.0
749,20.1,Beige-S,1189,1190,20.0,10.333333333333332,10.0,4500.0,0.002296296296296296,OVERSUPPLY,4489.666666666667,0.0
749,20.1,Beige-S,1189,1190,21.0,2.0,10.0,4500.0,0.00044444444444444447,OVERSUPPLY,4498.0,0.0
749,20.1,Beige-S,1189,1190,22.0,1.0,9.0,4050.0,0.0002469135802469136,OVERSUPPLY,4049.0,0.0
749,20.1,Beige-S,1189,1190,23.0,2.333333333333333,3.0,1350.0,0.001728395061728395,OVERSUPPLY,1347.6666666666667,0.0
752,3.2,Orange-N,1191,1194,5.0,31.166666666666668,3.0,1350.0,0.02308641975308642,OVERSUPPLY,1318.8333333333333,0.0
752,3.2,Orange-N,1191,1194,6.0,94.5,3.0,1350.0,0.07,OVERSUPPLY,1255.5,0.0
752,3.2,Orange-N,1191,1194,7.0,249.83333333333334,3.0,1350.0,0.18506172839506174,OVERSUPPLY,1100.1666666666667,0.0
752,3.2,Orange-N,1191,1194,8.0,319.1666666666667,3.0,1350.0,0.23641975308641977,BALANCED,1030.8333333333333,0.0
752,3.2,Orange-N,1191,1194,9.0,235.83333333333334,3.0,1350.0,0.17469135802469138,OVERSUPPLY,1114.1666666666667,0.0
752,3.2,Orange-N,1191,1194,10.0,155.66666666666666,3.0,1350.0,0.11530864197530863,OVERSUPPLY,1194.3333333333333,0.0
752,3.2,Orange-N,1191,1194,11.0,134.33333333333334,3.0,1350.0,0.09950617283950618,OVERSUPPLY,1215.6666666666667,0.0
752,3.2,Orange-N,1191,1194,12.0,158.83333333333334,3.0,1350.0,0.11765432098765433,OVERSUPPLY,1191.1666666666667,0.0
752,3.2,Orange-N,1191,1194,13.0,190.5,3.0,1350.0,0.1411111111111111,OVERSUPPLY,1159.5,0.0
752,3.2,Orange-N,1191,1194,14.0,248.0,3.0,1350.0,0.1837037037037037,OVERSUPPLY,1102.0,0.0
752,3.2,Orange-N,1191,1194,15.0,363.3333333333333,3.0,1350.0,0.26913580246913577,BALANCED,986.6666666666667,0.0
752,3.2,Orange-N,1191,1194,16.0,565.3333333333334,3.0,1350.0,0.41876543209876543,BALANCED,784.6666666666666,0.0
752,3.2,Orange-N,1191,1194,17.0,748.3333333333334,3.0,1350.0,0.554320987654321,BALANCED,601.6666666666666,0.0
752,3.2,Orange-N,1191,1194,18.0,608.6666666666666,3.0,1350.0,0.45086419753086415,BALANCED,741.3333333333334,0.0
752,3.2,Orange-N,1191,1194,19.0,338.6666666666667,3.0,1350.0,0.2508641975308642,BALANCED,1011.3333333333333,0.0
752,3.2,Orange-N,1191,1194,20.0,172.0,3.0,1350.0,0.1274074074074074,OVERSUPPLY,1178.0,0.0
752,3.2,Orange-N,1191,1194,21.0,118.66666666666667,3.0,1350.0,0.08790123456790123,OVERSUPPLY,1231.3333333333333,0.0
752,3.2,Orange-N,1191,1194,22.0,88.5,3.0,1350.0,0.06555555555555556,OVERSUPPLY,1261.5,0.0
752,3.2,Orange-N,1191,1194,23.0,65.83333333333333,3.0,1350.0,0.04876543209876543,OVERSUPPLY,1284.1666666666667,0.0
754,3.2,Orange-N,1192,1195,5.0,35.333333333333336,3.0,1350.0,0.02617283950617284,OVERSUPPLY,1314.6666666666667,0.0
754,3.2,Orange-N,1192,1195,6.0,119.66666666666667,3.0,1350.0,0.08864197530864198,OVERSUPPLY,1230.3333333333333,0.0
754,3.2,Orange-N,1192,1195,7.0,279.8333333333333,3.0,1350.0,0.20728395061728394,BALANCED,1070.1666666666667,0.0
754,3.2,Orange-N,1192,1195,8.0,354.5,3.0,1350.0,0.2625925925925926,BALANCED,995.5,0.0
754,3.2,Orange-N,1192,1195,9.0,262.3333333333333,3.0,1350.0,0.194320987654321,OVERSUPPLY,1087.6666666666667,0.0
754,3.2,Orange-N,1192,1195,10.0,169.33333333333334,3.0,1350.0,0.1254320987654321,OVERSUPPLY,1180.6666666666667,0.0
754,3.2,Orange-N,1192,1195,11.0,129.66666666666666,3.0,1350.0,0.09604938271604938,OVERSUPPLY,1220.3333333333333,0.0
754,3.2,Orange-N,1192,1195,12.0,138.0,3.0,1350.0,0.10222222222222223,OVERSUPPLY,1212.0,0.0
754,3.2,Orange-N,1192,1195,13.0,161.66666666666666,3.0,1350.0,0.11975308641975307,OVERSUPPLY,1188.3333333333333,0.0
754,3.2,Orange-N,1192,1195,14.0,200.33333333333334,3.0,1350.0,0.14839506172839506,OVERSUPPLY,1149.6666666666667,0.0
754,3.2,Orange-N,1192,1195,15.0,279.8333333333333,3.0,1350.0,0.20728395061728394,BALANCED,1070.1666666666667,0.0
754,3.2,Orange-N,1192,1195,16.0,422.1666666666667,3.0,1350.0,0.3127160493827161,BALANCED,927.8333333333333,0.0
754,3.2,Orange-N,1192,1195,17.0,553.6666666666666,3.0,1350.0,0.4101234567901234,BALANCED,796.3333333333334,0.0
754,3.2,Orange-N,1192,1195,18.0,466.1666666666667,3.0,1350.0,0.34530864197530864,BALANCED,883.8333333333333,0.0
754,3.2,Orange-N,1192,1195,19.0,258.1666666666667,3.0,1350.0,0.19123456790123458,OVERSUPPLY,1091.8333333333333,0.0
754,3.2,Orange-N,1192,1195,20.0,137.33333333333334,3.0,1350.0,0.1017283950617284,OVERSUPPLY,1212.6666666666667,0.0
754,3.2,Orange-N,1192,1195,21.0,88.16666666666667,3.0,1350.0,0.06530864197530864,OVERSUPPLY,1261.8333333333333,0.0
754,3.2,Orange-N,1192,1195,22.0,67.83333333333333,3.0,1350.0,0.05024691358024691,OVERSUPPLY,1282.1666666666667,0.0
754,3.2,Orange-N,1192,1195,23.0,45.0,3.0,1350.0,0.03333333333333333,OVERSUPPLY,1305.0,0.0
756,3.2,Orange-N,1193,1196,5.0,4.166666666666667,3.0,1350.0,0.00308641975308642,OVERSUPPLY,1345.8333333333333,0.0
756,3.2,Orange-N,1193,1196,6.0,9.666666666666666,3.0,1350.0,0.007160493827160493,OVERSUPPLY,1340.3333333333333,0.0
756,3.2,Orange-N,1193,1196,7.0,37.0,3.0,1350.0,0.027407407407407408,OVERSUPPLY,1313.0,0.0
756,3.2,Orange-N,1193,1196,8.0,39.166666666666664,3.0,1350.0,0.029012345679012345,OVERSUPPLY,1310.8333333333333,0.0
756,3.2,Orange-N,1193,1196,9.0,30.666666666666664,3.0,1350.0,0.02271604938271605,OVERSUPPLY,1319.3333333333333,0.0
756,3.2,Orange-N,1193,1196,10.0,15.5,3.0,1350.0,0.011481481481481481,OVERSUPPLY,1334.5,0.0
756,3.2,Orange-N,1193,1196,11.0,8.833333333333334,3.0,1350.0,0.00654320987654321,OVERSUPPLY,1341.1666666666667,0.0
756,3.2,Orange-N,1193,1196,12.0,7.833333333333333,3.0,1350.0,0.005802469135802469,OVERSUPPLY,1342.1666666666667,0.0
756,3.2,Orange-N,1193,1196,13.0,6.0,3.0,1350.0,0.0044444444444444444,OVERSUPPLY,1344.0,0.0
756,3.2,Orange-N,1193,1196,14.0,7.0,3.0,1350.0,0.005185185185185185,OVERSUPPLY,1343.0,0.0
756,3.2,Orange-N,1193,1196,15.0,10.0,3.0,1350.0,0.007407407407407408,OVERSUPPLY,1340.0,0.0
756,3.2,Orange-N,1193,1196,16.0,12.0,3.0,1350.0,0.008888888888888889,OVERSUPPLY,1338.0,0.0
756,3.2,Orange-N,1193,1196,17.0,20.166666666666668,3.0,1350.0,0.014938271604938273,OVERSUPPLY,1329.8333333333333,0.0
756,3.2,Orange-N,1193,1196,18.0,21.666666666666664,3.0,1350.0,0.01604938271604938,OVERSUPPLY,1328.3333333333333,0.0
756,3.2,Orange-N,1193,1196,19.0,14.666666666666666,3.0,1350.0,0.010864197530864197,OVERSUPPLY,1335.3333333333333,0.0
756,3.2,Orange-N,1193,1196,20.0,6.833333333333333,3.0,1350.0,0.005061728395061728,OVERSUPPLY,1343.1666666666667,0.0
756,3.2,Orange-N,1193,1196,21.0,3.833333333333333,3.0,1350.0,0.002839506172839506,OVERSUPPLY,1346.1666666666667,0.0
756,3.2,Orange-N,1193,1196,22.0,1.8333333333333333,3.0,1350.0,0.0013580246913580246,OVERSUPPLY,1348.1666666666667,0.0
756,3.2,Orange-N,1193,1196,23.0,1.3333333333333333,3.0,1350.0,0.0009876543209876543,OVERSUPPLY,1348.6666666666667,0.0
758,3.2,Orange-N,1194,1224,5.0,29.333333333333332,3.0,1350.0,0.021728395061728394,OVERSUPPLY,1320.6666666666667,0.0
758,3.2,Orange-N,1194,1224,6.0,72.33333333333333,3.0,1350.0,0.053580246913580244,OVERSUPPLY,1277.6666666666667,0.0
758,3.2,Orange-N,1194,1224,7.0,217.33333333333334,3.0,1350.0,0.16098765432098766,OVERSUPPLY,1132.6666666666667,0.0
758,3.2,Orange-N,1194,1224,8.0,279.6666666666667,3.0,1350.0,0.2071604938271605,BALANCED,1070.3333333333333,0.0
758,3.2,Orange-N,1194,1224,9.0,230.66666666666666,3.0,1350.0,0.17086419753086418,OVERSUPPLY,1119.3333333333333,0.0
758,3.2,Orange-N,1194,1224,10.0,150.16666666666666,3.0,1350.0,0.11123456790123457,OVERSUPPLY,1199.8333333333333,0.0
758,3.2,Orange-N,1194,1224,11.0,136.16666666666666,3.0,1350.0,0.10086419753086419,OVERSUPPLY,1213.8333333333333,0.0
758,3.2,Orange-N,1194,1224,12.0,167.83333333333334,3.0,1350.0,0.124320987654321,OVERSUPPLY,1182.1666666666667,0.0
758,3.2,Orange-N,1194,1224,13.0,198.83333333333334,3.0,1350.0,0.14728395061728397,OVERSUPPLY,1151.1666666666667,0.0
758,3.2,Orange-N,1194,1224,14.0,262.6666666666667,3.0,1350.0,0.1945679012345679,OVERSUPPLY,1087.3333333333333,0.0
758,3.2,Orange-N,1194,1224,15.0,381.8333333333333,3.0,1350.0,0.2828395061728395,BALANCED,968.1666666666667,0.0
758,3.2,Orange-N,1194,1224,16.0,605.5,3.0,1350.0,0.44851851851851854,BALANCED,744.5,0.0
758,3.2,Orange-N,1194,1224,17.0,808.3333333333334,3.0,1350.0,0.5987654320987654,BALANCED,541.6666666666666,0.0
758,3.2,Orange-N,1194,1224,18.0,633.5,3.0,1350.0,0.46925925925925926,BALANCED,716.5,0.0
758,3.2,Orange-N,1194,1224,19.0,349.3333333333333,3.0,1350.0,0.2587654320987654,BALANCED,1000.6666666666667,0.0
758,3.2,Orange-N,1194,1224,20.0,178.0,3.0,1350.0,0.13185185185185186,OVERSUPPLY,1172.0,0.0
758,3.2,Orange-N,1194,1224,21.0,126.66666666666667,3.0,1350.0,0.09382716049382717,OVERSUPPLY,1223.3333333333333,0.0
758,3.2,Orange-N,1194,1224,22.0,97.0,3.0,1350.0,0.07185185185185185,OVERSUPPLY,1253.0,0.0
758,3.2,Orange-N,1194,1224,23.0,79.33333333333333,3.0,1350.0,0.058765432098765426,OVERSUPPLY,1270.6666666666667,0.0
760,3.2,Orange-N,1195,1225,5.0,31.0,3.0,1350.0,0.022962962962962963,OVERSUPPLY,1319.0,0.0
760,3.2,Orange-N,1195,1225,6.0,84.66666666666667,3.0,1350.0,0.06271604938271605,OVERSUPPLY,1265.3333333333333,0.0
760,3.2,Orange-N,1195,1225,7.0,215.33333333333334,3.0,1350.0,0.1595061728395062,OVERSUPPLY,1134.6666666666667,0.0
760,3.2,Orange-N,1195,1225,8.0,282.0,3.0,1350.0,0.2088888888888889,BALANCED,1068.0,0.0
760,3.2,Orange-N,1195,1225,9.0,239.16666666666666,3.0,1350.0,0.17716049382716048,OVERSUPPLY,1110.8333333333333,0.0
760,3.2,Orange-N,1195,1225,10.0,155.83333333333334,3.0,1350.0,0.1154320987654321,OVERSUPPLY,1194.1666666666667,0.0
760,3.2,Orange-N,1195,1225,11.0,128.5,3.0,1350.0,0.09518518518518519,OVERSUPPLY,1221.5,0.0
760,3.2,Orange-N,1195,1225,12.0,144.33333333333334,3.0,1350.0,0.10691358024691358,OVERSUPPLY,1205.6666666666667,0.0
760,3.2,Orange-N,1195,1225,13.0,165.83333333333334,3.0,1350.0,0.12283950617283951,OVERSUPPLY,1184.1666666666667,0.0
760,3.2,Orange-N,1195,1225,14.0,212.33333333333334,3.0,1350.0,0.15728395061728395,OVERSUPPLY,1137.6666666666667,0.0
760,3.2,Orange-N,1195,1225,15.0,292.3333333333333,3.0,1350.0,0.21654320987654319,BALANCED,1057.6666666666667,0.0
760,3.2,Orange-N,1195,1225,16.0,451.8333333333333,3.0,1350.0,0.33469135802469135,BALANCED,898.1666666666667,0.0
760,3.2,Orange-N,1195,1225,17.0,600.6666666666666,3.0,1350.0,0.44493827160493826,BALANCED,749.3333333333334,0.0
760,3.2,Orange-N,1195,1225,18.0,477.5,3.0,1350.0,0.3537037037037037,BALANCED,872.5,0.0
760,3.2,Orange-N,1195,1225,19.0,253.16666666666666,3.0,1350.0,0.18753086419753084,OVERSUPPLY,1096.8333333333333,0.0
760,3.2,Orange-N,1195,1225,20.0,137.16666666666666,3.0,1350.0,0.10160493827160492,OVERSUPPLY,1212.8333333333333,0.0
760,3.2,Orange-N,1195,1225,21.0,92.66666666666667,3.0,1350.0,0.06864197530864198,OVERSUPPLY,1257.3333333333333,0.0
760,3.2,Orange-N,1195,1225,22.0,74.33333333333333,3.0,1350.0,0.055061728395061724,OVERSUPPLY,1275.6666666666667,0.0
760,3.2,Orange-N,1195,1225,23.0,56.0,3.0,1350.0,0.04148148148148148,OVERSUPPLY,1294.0,0.0
762,3.2,Orange-N,1196,1226,5.0,3.3333333333333335,3.0,1350.0,0.0024691358024691358,OVERSUPPLY,1346.6666666666667,0.0
762,3.2,Orange-N,1196,1226,6.0,4.666666666666666,3.0,1350.0,0.00345679012345679,OVERSUPPLY,1345.3333333333333,0.0
762,3.2,Orange-N,1196,1226,7.0,21.666666666666668,3.0,1350.0,0.016049382716049384,OVERSUPPLY,1328.3333333333333,0.0
762,3.2,Orange-N,1196,1226,8.0,21.0,3.0,1350.0,0.015555555555555555,OVERSUPPLY,1329.0,0.0
762,3.2,Orange-N,1196,1226,9.0,21.666666666666668,3.0,1350.0,0.016049382716049384,OVERSUPPLY,1328.3333333333333,0.0
762,3.2,Orange-N,1196,1226,10.0,10.833333333333334,3.0,1350.0,0.008024691358024692,OVERSUPPLY,1339.1666666666667,0.0
762,3.2,Orange-N,1196,1226,11.0,7.333333333333333,3.0,1350.0,0.005432098765432099,OVERSUPPLY,1342.6666666666667,0.0
762,3.2,Orange-N,1196,1226,12.0,7.166666666666666,3.0,1350.0,0.005308641975308641,OVERSUPPLY,1342.8333333333333,0.0
762,3.2,Orange-N,1196,1226,13.0,5.0,3.0,1350.0,0.003703703703703704,OVERSUPPLY,1345.0,0.0
762,3.2,Orange-N,1196,1226,14.0,6.166666666666666,3.0,1350.0,0.004567901234567901,OVERSUPPLY,1343.8333333333333,0.0
762,3.2,Orange-N,1196,1226,15.0,9.666666666666666,3.0,1350.0,0.007160493827160493,OVERSUPPLY,1340.3333333333333,0.0
762,3.2,Orange-N,1196,1226,16.0,9.5,3.0,1350.0,0.007037037037037037,OVERSUPPLY,1340.5,0.0
762,3.2,Orange-N,1196,1226,17.0,18.333333333333332,3.0,1350.0,0.013580246913580247,OVERSUPPLY,1331.6666666666667,0.0
762,3.2,Orange-N,1196,1226,18.0,18.666666666666668,3.0,1350.0,0.013827160493827161,OVERSUPPLY,1331.3333333333333,0.0
762,3.2,Orange-N,1196,1226,19.0,10.833333333333334,3.0,1350.0,0.008024691358024692,OVERSUPPLY,1339.1666666666667,0.0
762,3.2,Orange-N,1196,1226,20.0,4.5,3.0,1350.0,0.0033333333333333335,OVERSUPPLY,1345.5,0.0
762,3.2,Orange-N,1196,1226,21.0,3.333333333333333,3.0,1350.0,0.0024691358024691358,OVERSUPPLY,1346.6666666666667,0.0
762,3.2,Orange-N,1196,1226,22.0,1.6666666666666665,3.0,1350.0,0.0012345679012345679,OVERSUPPLY,1348.3333333333333,0.0
762,3.2,Orange-N,1196,1226,23.0,0.8333333333333333,3.0,1350.0,0.0006172839506172839,OVERSUPPLY,1349.1666666666667,0.0
764,3.2,Orange-N,1197,1207,5.0,24.5,3.0,1350.0,0.01814814814814815,OVERSUPPLY,1325.5,0.0
764,3.2,Orange-N,1197,1207,6.0,73.33333333333333,3.0,1350.0,0.05432098765432099,OVERSUPPLY,1276.6666666666667,0.0
764,3.2,Orange-N,1197,1207,7.0,235.5,3.0,1350.0,0.17444444444444446,OVERSUPPLY,1114.5,0.0
764,3.2,Orange-N,1197,1207,8.0,353.3333333333333,3.0,1350.0,0.2617283950617284,BALANCED,996.6666666666667,0.0
764,3.2,Orange-N,1197,1207,9.0,311.5,3.0,1350.0,0.23074074074074075,BALANCED,1038.5,0.0
764,3.2,Orange-N,1197,1207,10.0,195.66666666666666,3.0,1350.0,0.14493827160493827,OVERSUPPLY,1154.3333333333333,0.0
764,3.2,Orange-N,1197,1207,11.0,152.66666666666666,3.0,1350.0,0.1130864197530864,OVERSUPPLY,1197.3333333333333,0.0
764,3.2,Orange-N,1197,1207,12.0,201.83333333333334,3.0,1350.0,0.14950617283950618,OVERSUPPLY,1148.1666666666667,0.0
764,3.2,Orange-N,1197,1207,13.0,218.5,3.0,1350.0,0.16185185185185186,OVERSUPPLY,1131.5,0.0
764,3.2,Orange-N,1197,1207,14.0,273.3333333333333,3.0,1350.0,0.2024691358024691,BALANCED,1076.6666666666667,0.0
764,3.2,Orange-N,1197,1207,15.0,390.3333333333333,3.0,1350.0,0.2891358024691358,BALANCED,959.6666666666667,0.0
764,3.2,Orange-N,1197,1207,16.0,620.6666666666666,3.0,1350.0,0.45975308641975304,BALANCED,729.3333333333334,0.0
764,3.2,Orange-N,1197,1207,17.0,826.0,3.0,1350.0,0.6118518518518519,BALANCED,524.0,0.0
764,3.2,Orange-N,1197,1207,18.0,649.6666666666666,3.0,1350.0,0.48123456790123453,BALANCED,700.3333333333334,0.0
764,3.2,Orange-N,1197,1207,19.0,346.1666666666667,3.0,1350.0,0.2564197530864198,BALANCED,1003.8333333333333,0.0
764,3.2,Orange-N,1197,1207,20.0,176.33333333333334,3.0,1350.0,0.13061728395061728,OVERSUPPLY,1173.6666666666667,0.0
764,3.2,Orange-N,1197,1207,21.0,121.83333333333333,3.0,1350.0,0.0902469135802469,OVERSUPPLY,1228.1666666666667,0.0
764,3.2,Orange-N,1197,1207,22.0,95.0,3.0,1350.0,0.07037037037037037,OVERSUPPLY,1255.0,0.0
764,3.2,Orange-N,1197,1207,23.0,74.5,3.0,1350.0,0.055185185185185184,OVERSUPPLY,1275.5,0.0
766,3.2,Orange-N,1198,1208,5.0,19.333333333333332,3.0,1350.0,0.014320987654320987,OVERSUPPLY,1330.6666666666667,0.0
766,3.2,Orange-N,1198,1208,6.0,51.5,3.0,1350.0,0.038148148148148146,OVERSUPPLY,1298.5,0.0
766,3.2,Orange-N,1198,1208,7.0,165.5,3.0,1350.0,0.12259259259259259,OVERSUPPLY,1184.5,0.0
766,3.2,Orange-N,1198,1208,8.0,226.83333333333334,3.0,1350.0,0.1680246913580247,OVERSUPPLY,1123.1666666666667,0.0
766,3.2,Orange-N,1198,1208,9.0,217.33333333333334,3.0,1350.0,0.16098765432098766,OVERSUPPLY,1132.6666666666667,0.0
766,3.2,Orange-N,1198,1208,10.0,141.16666666666666,3.0,1350.0,0.1045679012345679,OVERSUPPLY,1208.8333333333333,0.0
766,3.2,Orange-N,1198,1208,11.0,114.16666666666667,3.0,1350.0,0.08456790123456791,OVERSUPPLY,1235.8333333333333,0.0
766,3.2,Orange-N,1198,1208,12.0,139.0,3.0,1350.0,0.10296296296296296,OVERSUPPLY,1211.0,0.0
766,3.2,Orange-N,1198,1208,13.0,147.5,3.0,1350.0,0.10925925925925926,OVERSUPPLY,1202.5,0.0
766,3.2,Orange-N,1198,1208,14.0,189.33333333333334,3.0,1350.0,0.1402469135802469,OVERSUPPLY,1160.6666666666667,0.0
766,3.2,Orange-N,1198,1208,15.0,263.1666666666667,3.0,1350.0,0.1949382716049383,OVERSUPPLY,1086.8333333333333,0.0
766,3.2,Orange-N,1198,1208,16.0,410.5,3.0,1350.0,0.30407407407407405,BALANCED,939.5,0.0
766,3.2,Orange-N,1198,1208,17.0,535.0,3.0,1350.0,0.3962962962962963,BALANCED,815.0,0.0
766,3.2,Orange-N,1198,1208,18.0,409.6666666666667,3.0,1350.0,0.3034567901234568,BALANCED,940.3333333333333,0.0
766,3.2,Orange-N,1198,1208,19.0,211.5,3.0,1350.0,0.15666666666666668,OVERSUPPLY,1138.5,0.0
766,3.2,Orange-N,1198,1208,20.0,113.33333333333333,3.0,1350.0,0.08395061728395062,OVERSUPPLY,1236.6666666666667,0.0
766,3.2,Orange-N,1198,1208,21.0,71.66666666666667,3.0,1350.0,0.05308641975308642,OVERSUPPLY,1278.3333333333333,0.0
766,3.2,Orange-N,1198,1208,22.0,59.0,3.0,1350.0,0.0437037037037037,OVERSUPPLY,1291.0,0.0
766,3.2,Orange-N,1198,1208,23.0,42.833333333333336,3.0,1350.0,0.0317283950617284,OVERSUPPLY,1307.1666666666667,0.0
768,3.2,Orange-N,1199,1209,5.0,2.166666666666667,3.0,1350.0,0.0016049382716049384,OVERSUPPLY,1347.8333333333333,0.0
768,3.2,Orange-N,1199,1209,6.0,1.6666666666666665,3.0,1350.0,0.0012345679012345679,OVERSUPPLY,1348.3333333333333,0.0
768,3.2,Orange-N,1199,1209,7.0,13.0,3.0,1350.0,0.00962962962962963,OVERSUPPLY,1337.0,0.0
768,3.2,Orange-N,1199,1209,8.0,11.5,3.0,1350.0,0.008518518518518519,OVERSUPPLY,1338.5,0.0
768,3.2,Orange-N,1199,1209,9.0,16.666666666666664,3.0,1350.0,0.012345679012345677,OVERSUPPLY,1333.3333333333333,0.0
768,3.2,Orange-N,1199,1209,10.0,8.5,3.0,1350.0,0.006296296296296296,OVERSUPPLY,1341.5,0.0
768,3.2,Orange-N,1199,1209,11.0,5.5,3.0,1350.0,0.004074074074074074,OVERSUPPLY,1344.5,0.0
768,3.2,Orange-N,1199,1209,12.0,5.333333333333333,3.0,1350.0,0.003950617283950617,OVERSUPPLY,1344.6666666666667,0.0
768,3.2,Orange-N,1199,1209,13.0,3.666666666666667,3.0,1350.0,0.0027160493827160497,OVERSUPPLY,1346.3333333333333,0.0
768,3.2,Orange-N,1199,1209,14.0,3.8333333333333335,3.0,1350.0,0.0028395061728395065,OVERSUPPLY,1346.1666666666667,0.0
768,3.2,Orange-N,1199,1209,15.0,4.333333333333333,3.0,1350.0,0.0032098765432098763,OVERSUPPLY,1345.6666666666667,0.0
768,3.2,Orange-N,1199,1209,16.0,5.5,3.0,1350.0,0.004074074074074074,OVERSUPPLY,1344.5,0.0
768,3.2,Orange-N,1199,1209,17.0,12.5,3.0,1350.0,0.009259259259259259,OVERSUPPLY,1337.5,0.0
768,3.2,Orange-N,1199,1209,18.0,10.5,3.0,1350.0,0.0077777777777777776,OVERSUPPLY,1339.5,0.0
768,3.2,Orange-N,1199,1209,19.0,5.0,3.0,1350.0,0.003703703703703704,OVERSUPPLY,1345.0,0.0
768,3.2,Orange-N,1199,1209,20.0,2.0,3.0,1350.0,0.0014814814814814814,OVERSUPPLY,1348.0,0.0
768,3.2,Orange-N,1199,1209,21.0,0.8333333333333333,3.0,1350.0,0.0006172839506172839,OVERSUPPLY,1349.1666666666667,0.0
768,3.2,Orange-N,1199,1209,22.0,1.1666666666666665,3.0,1350.0,0.0008641975308641975,OVERSUPPLY,1348.8333333333333,0.0
768,3.2,Orange-N,1199,1209,23.0,0.16666666666666666,3.0,1350.0,0.0001234567901234568,OVERSUPPLY,1349.8333333333333,0.0
770,3.2,Orange-N,1200,1237,5.0,77.83333333333333,3.0,1350.0,0.057654320987654314,OVERSUPPLY,1272.1666666666667,0.0
770,3.2,Orange-N,1200,1237,6.0,231.66666666666666,3.0,1350.0,0.17160493827160492,OVERSUPPLY,1118.3333333333333,0.0
770,3.2,Orange-N,1200,1237,7.0,442.6666666666667,3.0,1350.0,0.32790123456790127,BALANCED,907.3333333333333,0.0
770,3.2,Orange-N,1200,1237,8.0,617.5,3.0,1350.0,0.45740740740740743,BALANCED,732.5,0.0
770,3.2,Orange-N,1200,1237,9.0,444.3333333333333,3.0,1350.0,0.32913580246913576,BALANCED,905.6666666666667,0.0
770,3.2,Orange-N,1200,1237,10.0,195.83333333333331,3.0,1350.0,0.1450617283950617,OVERSUPPLY,1154.1666666666667,0.0
770,3.2,Orange-N,1200,1237,11.0,122.66666666666666,3.0,1350.0,0.0908641975308642,OVERSUPPLY,1227.3333333333333,0.0
770,3.2,Orange-N,1200,1237,12.0,100.5,3.0,1350.0,0.07444444444444444,OVERSUPPLY,1249.5,0.0
770,3.2,Orange-N,1200,1237,13.0,88.66666666666667,3.0,1350.0,0.06567901234567902,OVERSUPPLY,1261.3333333333333,0.0
770,3.2,Orange-N,1200,1237,14.0,93.33333333333333,3.0,1350.0,0.0691358024691358,OVERSUPPLY,1256.6666666666667,0.0
770,3.2,Orange-N,1200,1237,15.0,122.33333333333333,3.0,1350.0,0.09061728395061729,OVERSUPPLY,1227.6666666666667,0.0
770,3.2,Orange-N,1200,1237,16.0,148.5,3.0,1350.0,0.11,OVERSUPPLY,1201.5,0.0
770,3.2,Orange-N,1200,1237,17.0,180.83333333333334,3.0,1350.0,0.13395061728395063,OVERSUPPLY,1169.1666666666667,0.0
770,3.2,Orange-N,1200,1237,18.0,153.16666666666666,3.0,1350.0,0.11345679012345679,OVERSUPPLY,1196.8333333333333,0.0
770,3.2,Orange-N,1200,1237,19.0,84.5,3.0,1350.0,0.06259259259259259,OVERSUPPLY,1265.5,0.0
770,3.2,Orange-N,1200,1237,20.0,57.166666666666664,3.0,1350.0,0.04234567901234568,OVERSUPPLY,1292.8333333333333,0.0
770,3.2,Orange-N,1200,1237,21.0,40.166666666666664,3.0,1350.0,0.029753086419753084,OVERSUPPLY,1309.8333333333333,0.0
770,3.2,Orange-N,1200,1237,22.0,30.0,3.0,1350.0,0.022222222222222223,OVERSUPPLY,1320.0,0.0
770,3.2,Orange-N,1200,1237,23.0,13.0,3.0,1350.0,0.00962962962962963,OVERSUPPLY,1337.0,0.0
772,3.2,Orange-N,1201,1238,5.0,96.33333333333333,3.0,1350.0,0.07135802469135802,OVERSUPPLY,1253.6666666666667,0.0
772,3.2,Orange-N,1201,1238,6.0,309.6666666666667,3.0,1350.0,0.22938271604938273,BALANCED,1040.3333333333333,0.0
772,3.2,Orange-N,1201,1238,7.0,639.6666666666666,3.0,1350.0,0.4738271604938271,BALANCED,710.3333333333334,0.0
772,3.2,Orange-N,1201,1238,8.0,938.3333333333334,3.0,1350.0,0.6950617283950618,BALANCED,411.66666666666663,0.0
772,3.2,Orange-N,1201,1238,9.0,671.5,3.0,1350.0,0.4974074074074074,BALANCED,678.5,0.0
772,3.2,Orange-N,1201,1238,10.0,340.6666666666667,3.0,1350.0,0.25234567901234567,BALANCED,1009.3333333333333,0.0
772,3.2,Orange-N,1201,1238,11.0,229.0,3.0,1350.0,0.16962962962962963,OVERSUPPLY,1121.0,0.0
772,3.2,Orange-N,1201,1238,12.0,174.16666666666666,3.0,1350.0,0.12901234567901235,OVERSUPPLY,1175.8333333333333,0.0
772,3.2,Orange-N,1201,1238,13.0,158.5,3.0,1350.0,0.1174074074074074,OVERSUPPLY,1191.5,0.0
772,3.2,Orange-N,1201,1238,14.0,156.0,3.0,1350.0,0.11555555555555555,OVERSUPPLY,1194.0,0.0
772,3.2,Orange-N,1201,1238,15.0,210.5,3.0,1350.0,0.1559259259259259,OVERSUPPLY,1139.5,0.0
772,3.2,Orange-N,1201,1238,16.0,265.1666666666667,3.0,1350.0,0.19641975308641976,OVERSUPPLY,1084.8333333333333,0.0
772,3.2,Orange-N,1201,1238,17.0,358.1666666666667,3.0,1350.0,0.2653086419753087,BALANCED,991.8333333333333,0.0
772,3.2,Orange-N,1201,1238,18.0,341.3333333333333,3.0,1350.0,0.2528395061728395,BALANCED,1008.6666666666667,0.0
772,3.2,Orange-N,1201,1238,19.0,208.0,3.0,1350.0,0.15407407407407409,OVERSUPPLY,1142.0,0.0
772,3.2,Orange-N,1201,1238,20.0,125.16666666666667,3.0,1350.0,0.09271604938271605,OVERSUPPLY,1224.8333333333333,0.0
772,3.2,Orange-N,1201,1238,21.0,76.16666666666667,3.0,1350.0,0.056419753086419756,OVERSUPPLY,1273.8333333333333,0.0
772,3.2,Orange-N,1201,1238,22.0,61.0,3.0,1350.0,0.04518518518518518,OVERSUPPLY,1289.0,0.0
772,3.2,Orange-N,1201,1238,23.0,32.333333333333336,3.0,1350.0,0.02395061728395062,OVERSUPPLY,1317.6666666666667,0.0
774,3.2,Orange-N,1202,1239,5.0,17.333333333333332,3.0,1350.0,0.012839506172839505,OVERSUPPLY,1332.6666666666667,0.0
774,3.2,Orange-N,1202,1239,6.0,54.0,3.0,1350.0,0.04,OVERSUPPLY,1296.0,0.0
774,3.2,Orange-N,1202,1239,7.0,138.5,3.0,1350.0,0.1025925925925926,OVERSUPPLY,1211.5,0.0
774,3.2,Orange-N,1202,1239,8.0,215.5,3.0,1350.0,0.15962962962962962,OVERSUPPLY,1134.5,0.0
774,3.2,Orange-N,1202,1239,9.0,192.0,3.0,1350.0,0.14222222222222222,OVERSUPPLY,1158.0,0.0
774,3.2,Orange-N,1202,1239,10.0,80.33333333333333,3.0,1350.0,0.05950617283950617,OVERSUPPLY,1269.6666666666667,0.0
774,3.2,Orange-N,1202,1239,11.0,47.5,3.0,1350.0,0.03518518518518519,OVERSUPPLY,1302.5,0.0
774,3.2,Orange-N,1202,1239,12.0,31.833333333333332,3.0,1350.0,0.023580246913580245,OVERSUPPLY,1318.1666666666667,0.0
774,3.2,Orange-N,1202,1239,13.0,22.5,3.0,1350.0,0.016666666666666666,OVERSUPPLY,1327.5,0.0
774,3.2,Orange-N,1202,1239,14.0,24.5,3.0,1350.0,0.01814814814814815,OVERSUPPLY,1325.5,0.0
774,3.2,Orange-N,1202,1239,15.0,32.666666666666664,3.0,1350.0,0.024197530864197528,OVERSUPPLY,1317.3333333333333,0.0
774,3.2,Orange-N,1202,1239,16.0,42.333333333333336,3.0,1350.0,0.031358024691358025,OVERSUPPLY,1307.6666666666667,0.0
774,3.2,Orange-N,1202,1239,17.0,52.5,3.0,1350.0,0.03888888888888889,OVERSUPPLY,1297.5,0.0
774,3.2,Orange-N,1202,1239,18.0,51.333333333333336,3.0,1350.0,0.03802469135802469,OVERSUPPLY,1298.6666666666667,0.0
774,3.2,Orange-N,1202,1239,19.0,31.166666666666668,3.0,1350.0,0.02308641975308642,OVERSUPPLY,1318.8333333333333,0.0
774,3.2,Orange-N,1202,1239,20.0,18.666666666666668,3.0,1350.0,0.013827160493827161,OVERSUPPLY,1331.3333333333333,0.0
774,3.2,Orange-N,1202,1239,21.0,9.5,3.0,1350.0,0.007037037037037037,OVERSUPPLY,1340.5,0.0
774,3.2,Orange-N,1202,1239,22.0,5.333333333333333,3.0,1350.0,0.003950617283950617,OVERSUPPLY,1344.6666666666667,0.0
774,3.2,Orange-N,1202,1239,23.0,3.6666666666666665,3.0,1350.0,0.0027160493827160493,OVERSUPPLY,1346.3333333333333,0.0
776,3.2,Orange-N,1203,1227,5.0,12.0,3.0,1350.0,0.008888888888888889,OVERSUPPLY,1338.0,0.0
776,3.2,Orange-N,1203,1227,6.0,41.5,3.0,1350.0,0.030740740740740742,OVERSUPPLY,1308.5,0.0
776,3.2,Orange-N,1203,1227,7.0,71.5,3.0,1350.0,0.05296296296296296,OVERSUPPLY,1278.5,0.0
776,3.2,Orange-N,1203,1227,8.0,111.0,3.0,1350.0,0.08222222222222222,OVERSUPPLY,1239.0,0.0
776,3.2,Orange-N,1203,1227,9.0,80.0,3.0,1350.0,0.05925925925925926,OVERSUPPLY,1270.0,0.0
776,3.2,Orange-N,1203,1227,10.0,55.666666666666664,3.0,1350.0,0.041234567901234566,OVERSUPPLY,1294.3333333333333,0.0
776,3.2,Orange-N,1203,1227,11.0,43.166666666666664,3.0,1350.0,0.03197530864197531,OVERSUPPLY,1306.8333333333333,0.0
776,3.2,Orange-N,1203,1227,12.0,40.333333333333336,3.0,1350.0,0.029876543209876545,OVERSUPPLY,1309.6666666666667,0.0
776,3.2,Orange-N,1203,1227,13.0,34.166666666666664,3.0,1350.0,0.02530864197530864,OVERSUPPLY,1315.8333333333333,0.0
776,3.2,Orange-N,1203,1227,14.0,36.5,3.0,1350.0,0.027037037037037037,OVERSUPPLY,1313.5,0.0
776,3.2,Orange-N,1203,1227,15.0,49.0,3.0,1350.0,0.0362962962962963,OVERSUPPLY,1301.0,0.0
776,3.2,Orange-N,1203,1227,16.0,55.166666666666664,3.0,1350.0,0.0408641975308642,OVERSUPPLY,1294.8333333333333,0.0
776,3.2,Orange-N,1203,1227,17.0,75.33333333333333,3.0,1350.0,0.05580246913580247,OVERSUPPLY,1274.6666666666667,0.0
776,3.2,Orange-N,1203,1227,18.0,73.0,3.0,1350.0,0.05407407407407407,OVERSUPPLY,1277.0,0.0
776,3.2,Orange-N,1203,1227,19.0,54.0,3.0,1350.0,0.04,OVERSUPPLY,1296.0,0.0
776,3.2,Orange-N,1203,1227,20.0,25.833333333333332,3.0,1350.0,0.0191358024691358,OVERSUPPLY,1324.1666666666667,0.0
776,3.2,Orange-N,1203,1227,21.0,19.166666666666668,3.0,1350.0,0.014197530864197531,OVERSUPPLY,1330.8333333333333,0.0
776,3.2,Orange-N,1203,1227,22.0,18.666666666666664,3.0,1350.0,0.01382716049382716,OVERSUPPLY,1331.3333333333333,0.0
776,3.2,Orange-N,1203,1227,23.0,11.5,3.0,1350.0,0.008518518518518519,OVERSUPPLY,1338.5,0.0
778,3.2,Orange-N,1204,1215,5.0,76.83333333333333,3.0,1350.0,0.05691358024691358,OVERSUPPLY,1273.1666666666667,0.0
778,3.2,Orange-N,1204,1215,6.0,241.66666666666666,3.0,1350.0,0.17901234567901234,OVERSUPPLY,1108.3333333333333,0.0
778,3.2,Orange-N,1204,1215,7.0,487.0,3.0,1350.0,0.36074074074074075,BALANCED,863.0,0.0
778,3.2,Orange-N,1204,1215,8.0,707.8333333333334,3.0,1350.0,0.524320987654321,BALANCED,642.1666666666666,0.0
778,3.2,Orange-N,1204,1215,9.0,494.5,3.0,1350.0,0.3662962962962963,BALANCED,855.5,0.0
778,3.2,Orange-N,1204,1215,10.0,232.33333333333334,3.0,1350.0,0.17209876543209876,OVERSUPPLY,1117.6666666666667,0.0
778,3.2,Orange-N,1204,1215,11.0,151.16666666666666,3.0,1350.0,0.1119753086419753,OVERSUPPLY,1198.8333333333333,0.0
778,3.2,Orange-N,1204,1215,12.0,122.0,3.0,1350.0,0.09037037037037036,OVERSUPPLY,1228.0,0.0
778,3.2,Orange-N,1204,1215,13.0,123.33333333333333,3.0,1350.0,0.09135802469135802,OVERSUPPLY,1226.6666666666667,0.0
778,3.2,Orange-N,1204,1215,14.0,128.66666666666666,3.0,1350.0,0.09530864197530864,OVERSUPPLY,1221.3333333333333,0.0
778,3.2,Orange-N,1204,1215,15.0,154.0,3.0,1350.0,0.11407407407407408,OVERSUPPLY,1196.0,0.0
778,3.2,Orange-N,1204,1215,16.0,190.83333333333334,3.0,1350.0,0.14135802469135803,OVERSUPPLY,1159.1666666666667,0.0
778,3.2,Orange-N,1204,1215,17.0,252.5,3.0,1350.0,0.18703703703703703,OVERSUPPLY,1097.5,0.0
778,3.2,Orange-N,1204,1215,18.0,199.16666666666666,3.0,1350.0,0.14753086419753086,OVERSUPPLY,1150.8333333333333,0.0
778,3.2,Orange-N,1204,1215,19.0,112.33333333333333,3.0,1350.0,0.08320987654320987,OVERSUPPLY,1237.6666666666667,0.0
778,3.2,Orange-N,1204,1215,20.0,69.83333333333333,3.0,1350.0,0.05172839506172839,OVERSUPPLY,1280.1666666666667,0.0
778,3.2,Orange-N,1204,1215,21.0,49.0,3.0,1350.0,0.0362962962962963,OVERSUPPLY,1301.0,0.0
778,3.2,Orange-N,1204,1215,22.0,39.5,3.0,1350.0,0.02925925925925926,OVERSUPPLY,1310.5,0.0
778,3.2,Orange-N,1204,1215,23.0,23.5,3.0,1350.0,0.017407407407407406,OVERSUPPLY,1326.5,0.0
780,3.2,Orange-N,1205,1216,5.0,87.16666666666667,3.0,1350.0,0.0645679012345679,OVERSUPPLY,1262.8333333333333,0.0
780,3.2,Orange-N,1205,1216,6.0,307.0,3.0,1350.0,0.22740740740740742,BALANCED,1043.0,0.0
780,3.2,Orange-N,1205,1216,7.0,638.6666666666666,3.0,1350.0,0.4730864197530864,BALANCED,711.3333333333334,0.0
780,3.2,Orange-N,1205,1216,8.0,967.1666666666666,3.0,1350.0,0.7164197530864197,BALANCED,382.83333333333337,0.0
780,3.2,Orange-N,1205,1216,9.0,677.3333333333334,3.0,1350.0,0.5017283950617284,BALANCED,672.6666666666666,0.0
780,3.2,Orange-N,1205,1216,10.0,348.3333333333333,3.0,1350.0,0.2580246913580247,BALANCED,1001.6666666666667,0.0
780,3.2,Orange-N,1205,1216,11.0,228.16666666666666,3.0,1350.0,0.16901234567901233,OVERSUPPLY,1121.8333333333333,0.0
780,3.2,Orange-N,1205,1216,12.0,171.66666666666666,3.0,1350.0,0.1271604938271605,OVERSUPPLY,1178.3333333333333,0.0
780,3.2,Orange-N,1205,1216,13.0,167.33333333333334,3.0,1350.0,0.12395061728395063,OVERSUPPLY,1182.6666666666667,0.0
780,3.2,Orange-N,1205,1216,14.0,161.83333333333334,3.0,1350.0,0.11987654320987655,OVERSUPPLY,1188.1666666666667,0.0
780,3.2,Orange-N,1205,1216,15.0,202.83333333333334,3.0,1350.0,0.15024691358024692,OVERSUPPLY,1147.1666666666667,0.0
780,3.2,Orange-N,1205,1216,16.0,256.0,3.0,1350.0,0.18962962962962962,OVERSUPPLY,1094.0,0.0
780,3.2,Orange-N,1205,1216,17.0,363.6666666666667,3.0,1350.0,0.26938271604938274,BALANCED,986.3333333333333,0.0
780,3.2,Orange-N,1205,1216,18.0,336.5,3.0,1350.0,0.24925925925925926,BALANCED,1013.5,0.0
780,3.2,Orange-N,1205,1216,19.0,206.33333333333334,3.0,1350.0,0.1528395061728395,OVERSUPPLY,1143.6666666666667,0.0
780,3.2,Orange-N,1205,1216,20.0,122.5,3.0,1350.0,0.09074074074074075,OVERSUPPLY,1227.5,0.0
780,3.2,Orange-N,1205,1216,21.0,76.83333333333333,3.0,1350.0,0.05691358024691358,OVERSUPPLY,1273.1666666666667,0.0
780,3.2,Orange-N,1205,1216,22.0,61.666666666666664,3.0,1350.0,0.04567901234567901,OVERSUPPLY,1288.3333333333333,0.0
780,3.2,Orange-N,1205,1216,23.0,36.333333333333336,3.0,1350.0,0.026913580246913583,OVERSUPPLY,1313.6666666666667,0.0
782,3.2,Orange-N,1206,1217,5.0,14.333333333333334,3.0,1350.0,0.010617283950617284,OVERSUPPLY,1335.6666666666667,0.0
782,3.2,Orange-N,1206,1217,6.0,50.66666666666667,3.0,1350.0,0.03753086419753087,OVERSUPPLY,1299.3333333333333,0.0
782,3.2,Orange-N,1206,1217,7.0,127.83333333333333,3.0,1350.0,0.09469135802469135,OVERSUPPLY,1222.1666666666667,0.0
782,3.2,Orange-N,1206,1217,8.0,201.0,3.0,1350.0,0.14888888888888888,OVERSUPPLY,1149.0,0.0
782,3.2,Orange-N,1206,1217,9.0,177.33333333333334,3.0,1350.0,0.13135802469135804,OVERSUPPLY,1172.6666666666667,0.0
782,3.2,Orange-N,1206,1217,10.0,73.0,3.0,1350.0,0.05407407407407407,OVERSUPPLY,1277.0,0.0
782,3.2,Orange-N,1206,1217,11.0,41.0,3.0,1350.0,0.03037037037037037,OVERSUPPLY,1309.0,0.0
782,3.2,Orange-N,1206,1217,12.0,27.5,3.0,1350.0,0.020370370370370372,OVERSUPPLY,1322.5,0.0
782,3.2,Orange-N,1206,1217,13.0,19.0,3.0,1350.0,0.014074074074074074,OVERSUPPLY,1331.0,0.0
782,3.2,Orange-N,1206,1217,14.0,20.5,3.0,1350.0,0.015185185185185185,OVERSUPPLY,1329.5,0.0
782,3.2,Orange-N,1206,1217,15.0,25.333333333333332,3.0,1350.0,0.018765432098765432,OVERSUPPLY,1324.6666666666667,0.0
782,3.2,Orange-N,1206,1217,16.0,30.5,3.0,1350.0,0.02259259259259259,OVERSUPPLY,1319.5,0.0
782,3.2,Orange-N,1206,1217,17.0,42.833333333333336,3.0,1350.0,0.0317283950617284,OVERSUPPLY,1307.1666666666667,0.0
782,3.2,Orange-N,1206,1217,18.0,42.0,3.0,1350.0,0.03111111111111111,OVERSUPPLY,1308.0,0.0
782,3.2,Orange-N,1206,1217,19.0,27.166666666666668,3.0,1350.0,0.020123456790123458,OVERSUPPLY,1322.8333333333333,0.0
782,3.2,Orange-N,1206,1217,20.0,14.0,3.0,1350.0,0.01037037037037037,OVERSUPPLY,1336.0,0.0
782,3.2,Orange-N,1206,1217,21.0,8.333333333333334,3.0,1350.0,0.00617283950617284,OVERSUPPLY,1341.6666666666667,0.0
782,3.2,Orange-N,1206,1217,22.0,3.833333333333333,3.0,1350.0,0.002839506172839506,OVERSUPPLY,1346.1666666666667,0.0
782,3.2,Orange-N,1206,1217,23.0,3.0,3.0,1350.0,0.0022222222222222222,OVERSUPPLY,1347.0,0.0
784,3.2,Orange-N,1207,1228,5.0,15.333333333333332,3.0,1350.0,0.011358024691358024,OVERSUPPLY,1334.6666666666667,0.0
784,3.2,Orange-N,1207,1228,6.0,39.333333333333336,3.0,1350.0,0.029135802469135805,OVERSUPPLY,1310.6666666666667,0.0
784,3.2,Orange-N,1207,1228,7.0,120.66666666666667,3.0,1350.0,0.08938271604938272,OVERSUPPLY,1229.3333333333333,0.0
784,3.2,Orange-N,1207,1228,8.0,120.16666666666666,3.0,1350.0,0.08901234567901234,OVERSUPPLY,1229.8333333333333,0.0
784,3.2,Orange-N,1207,1228,9.0,90.66666666666667,3.0,1350.0,0.0671604938271605,OVERSUPPLY,1259.3333333333333,0.0
784,3.2,Orange-N,1207,1228,10.0,77.0,3.0,1350.0,0.05703703703703704,OVERSUPPLY,1273.0,0.0
784,3.2,Orange-N,1207,1228,11.0,90.33333333333333,3.0,1350.0,0.06691358024691357,OVERSUPPLY,1259.6666666666667,0.0
784,3.2,Orange-N,1207,1228,12.0,134.0,3.0,1350.0,0.09925925925925926,OVERSUPPLY,1216.0,0.0
784,3.2,Orange-N,1207,1228,13.0,169.83333333333334,3.0,1350.0,0.12580246913580248,OVERSUPPLY,1180.1666666666667,0.0
784,3.2,Orange-N,1207,1228,14.0,246.66666666666666,3.0,1350.0,0.18271604938271604,OVERSUPPLY,1103.3333333333333,0.0
784,3.2,Orange-N,1207,1228,15.0,400.1666666666667,3.0,1350.0,0.29641975308641977,BALANCED,949.8333333333333,0.0
784,3.2,Orange-N,1207,1228,16.0,613.5,3.0,1350.0,0.45444444444444443,BALANCED,736.5,0.0
784,3.2,Orange-N,1207,1228,17.0,802.6666666666666,3.0,1350.0,0.5945679012345678,BALANCED,547.3333333333334,0.0
784,3.2,Orange-N,1207,1228,18.0,616.3333333333334,3.0,1350.0,0.45654320987654323,BALANCED,733.6666666666666,0.0
784,3.2,Orange-N,1207,1228,19.0,331.0,3.0,1350.0,0.24518518518518517,BALANCED,1019.0,0.0
784,3.2,Orange-N,1207,1228,20.0,185.5,3.0,1350.0,0.1374074074074074,OVERSUPPLY,1164.5,0.0
784,3.2,Orange-N,1207,1228,21.0,131.16666666666666,3.0,1350.0,0.0971604938271605,OVERSUPPLY,1218.8333333333333,0.0
784,3.2,Orange-N,1207,1228,22.0,112.66666666666667,3.0,1350.0,0.08345679012345679,OVERSUPPLY,1237.3333333333333,0.0
784,3.2,Orange-N,1207,1228,23.0,73.16666666666667,3.0,1350.0,0.054197530864197534,OVERSUPPLY,1276.8333333333333,0.0
786,3.2,Orange-N,1208,1229,5.0,11.5,3.0,1350.0,0.008518518518518519,OVERSUPPLY,1338.5,0.0
786,3.2,Orange-N,1208,1229,6.0,28.5,3.0,1350.0,0.021111111111111112,OVERSUPPLY,1321.5,0.0
786,3.2,Orange-N,1208,1229,7.0,92.16666666666667,3.0,1350.0,0.06827160493827161,OVERSUPPLY,1257.8333333333333,0.0
786,3.2,Orange-N,1208,1229,8.0,80.33333333333333,3.0,1350.0,0.05950617283950617,OVERSUPPLY,1269.6666666666667,0.0
786,3.2,Orange-N,1208,1229,9.0,64.83333333333333,3.0,1350.0,0.04802469135802469,OVERSUPPLY,1285.1666666666667,0.0
786,3.2,Orange-N,1208,1229,10.0,58.33333333333333,3.0,1350.0,0.043209876543209874,OVERSUPPLY,1291.6666666666667,0.0
786,3.2,Orange-N,1208,1229,11.0,70.33333333333333,3.0,1350.0,0.052098765432098765,OVERSUPPLY,1279.6666666666667,0.0
786,3.2,Orange-N,1208,1229,12.0,97.16666666666667,3.0,1350.0,0.07197530864197531,OVERSUPPLY,1252.8333333333333,0.0
786,3.2,Orange-N,1208,1229,13.0,113.66666666666667,3.0,1350.0,0.08419753086419754,OVERSUPPLY,1236.3333333333333,0.0
786,3.2,Orange-N,1208,1229,14.0,176.66666666666666,3.0,1350.0,0.1308641975308642,OVERSUPPLY,1173.3333333333333,0.0
786,3.2,Orange-N,1208,1229,15.0,293.8333333333333,3.0,1350.0,0.2176543209876543,BALANCED,1056.1666666666667,0.0
786,3.2,Orange-N,1208,1229,16.0,435.5,3.0,1350.0,0.3225925925925926,BALANCED,914.5,0.0
786,3.2,Orange-N,1208,1229,17.0,564.8333333333334,3.0,1350.0,0.4183950617283951,BALANCED,785.1666666666666,0.0
786,3.2,Orange-N,1208,1229,18.0,416.1666666666667,3.0,1350.0,0.3082716049382716,BALANCED,933.8333333333333,0.0
786,3.2,Orange-N,1208,1229,19.0,223.66666666666666,3.0,1350.0,0.165679012345679,OVERSUPPLY,1126.3333333333333,0.0
786,3.2,Orange-N,1208,1229,20.0,130.66666666666666,3.0,1350.0,0.09679012345679011,OVERSUPPLY,1219.3333333333333,0.0
786,3.2,Orange-N,1208,1229,21.0,84.83333333333333,3.0,1350.0,0.0628395061728395,OVERSUPPLY,1265.1666666666667,0.0
786,3.2,Orange-N,1208,1229,22.0,79.16666666666667,3.0,1350.0,0.05864197530864198,OVERSUPPLY,1270.8333333333333,0.0
786,3.2,Orange-N,1208,1229,23.0,45.833333333333336,3.0,1350.0,0.03395061728395062,OVERSUPPLY,1304.1666666666667,0.0
788,3.2,Orange-N,1209,1230,5.0,0.5,3.0,1350.0,0.00037037037037037035,OVERSUPPLY,1349.5,0.0
788,3.2,Orange-N,1209,1230,6.0,0.16666666666666666,3.0,1350.0,0.0001234567901234568,OVERSUPPLY,1349.8333333333333,0.0
788,3.2,Orange-N,1209,1230,7.0,6.0,3.0,1350.0,0.0044444444444444444,OVERSUPPLY,1344.0,0.0
788,3.2,Orange-N,1209,1230,8.0,2.8333333333333335,3.0,1350.0,0.0020987654320987655,OVERSUPPLY,1347.1666666666667,0.0
788,3.2,Orange-N,1209,1230,9.0,1.8333333333333333,3.0,1350.0,0.0013580246913580246,OVERSUPPLY,1348.1666666666667,0.0
788,3.2,Orange-N,1209,1230,10.0,2.4999999999999996,3.0,1350.0,0.0018518518518518515,OVERSUPPLY,1347.5,0.0
788,3.2,Orange-N,1209,1230,11.0,1.8333333333333333,3.0,1350.0,0.0013580246913580246,OVERSUPPLY,1348.1666666666667,0.0
788,3.2,Orange-N,1209,1230,12.0,1.5,3.0,1350.0,0.0011111111111111111,OVERSUPPLY,1348.5,0.0
788,3.2,Orange-N,1209,1230,13.0,1.0,3.0,1350.0,0.0007407407407407407,OVERSUPPLY,1349.0,0.0
788,3.2,Orange-N,1209,1230,14.0,0.8333333333333333,3.0,1350.0,0.0006172839506172839,OVERSUPPLY,1349.1666666666667,0.0
788,3.2,Orange-N,1209,1230,15.0,1.5,3.0,1350.0,0.0011111111111111111,OVERSUPPLY,1348.5,0.0
788,3.2,Orange-N,1209,1230,16.0,2.5,3.0,1350.0,0.001851851851851852,OVERSUPPLY,1347.5,0.0
788,3.2,Orange-N,1209,1230,17.0,7.333333333333333,3.0,1350.0,0.005432098765432099,OVERSUPPLY,1342.6666666666667,0.0
788,3.2,Orange-N,1209,1230,18.0,6.0,3.0,1350.0,0.0044444444444444444,OVERSUPPLY,1344.0,0.0
788,3.2,Orange-N,1209,1230,19.0,2.0,3.0,1350.0,0.0014814814814814814,OVERSUPPLY,1348.0,0.0
788,3.2,Orange-N,1209,1230,20.0,1.1666666666666667,3.0,1350.0,0.0008641975308641976,OVERSUPPLY,1348.8333333333333,0.0
788,3.2,Orange-N,1209,1230,21.0,0.5,3.0,1350.0,0.00037037037037037035,OVERSUPPLY,1349.5,0.0
788,3.2,Orange-N,1209,1230,22.0,0.8333333333333333,3.0,1350.0,0.0006172839506172839,OVERSUPPLY,1349.1666666666667,0.0
790,3.2,Orange-N,1210,1234,5.0,0.8333333333333333,3.0,1350.0,0.0006172839506172839,OVERSUPPLY,1349.1666666666667,0.0
790,3.2,Orange-N,1210,1234,6.0,2.3333333333333335,3.0,1350.0,0.0017283950617283952,OVERSUPPLY,1347.6666666666667,0.0
790,3.2,Orange-N,1210,1234,7.0,2.1666666666666665,3.0,1350.0,0.0016049382716049382,OVERSUPPLY,1347.8333333333333,0.0
790,3.2,Orange-N,1210,1234,8.0,5.333333333333333,3.0,1350.0,0.003950617283950617,OVERSUPPLY,1344.6666666666667,0.0
790,3.2,Orange-N,1210,1234,9.0,2.5,3.0,1350.0,0.001851851851851852,OVERSUPPLY,1347.5,0.0
790,3.2,Orange-N,1210,1234,10.0,2.6666666666666665,3.0,1350.0,0.0019753086419753087,OVERSUPPLY,1347.3333333333333,0.0
790,3.2,Orange-N,1210,1234,11.0,3.166666666666667,3.0,1350.0,0.0023456790123456794,OVERSUPPLY,1346.8333333333333,0.0
790,3.2,Orange-N,1210,1234,12.0,4.166666666666666,3.0,1350.0,0.003086419753086419,OVERSUPPLY,1345.8333333333333,0.0
790,3.2,Orange-N,1210,1234,13.0,2.5,3.0,1350.0,0.001851851851851852,OVERSUPPLY,1347.5,0.0
790,3.2,Orange-N,1210,1234,14.0,4.0,3.0,1350.0,0.002962962962962963,OVERSUPPLY,1346.0,0.0
790,3.2,Orange-N,1210,1234,15.0,8.5,3.0,1350.0,0.006296296296296296,OVERSUPPLY,1341.5,0.0
790,3.2,Orange-N,1210,1234,16.0,9.666666666666668,3.0,1350.0,0.007160493827160495,OVERSUPPLY,1340.3333333333333,0.0
790,3.2,Orange-N,1210,1234,17.0,5.833333333333333,3.0,1350.0,0.004320987654320987,OVERSUPPLY,1344.1666666666667,0.0
790,3.2,Orange-N,1210,1234,18.0,4.166666666666666,3.0,1350.0,0.003086419753086419,OVERSUPPLY,1345.8333333333333,0.0
790,3.2,Orange-N,1210,1234,19.0,2.333333333333333,3.0,1350.0,0.001728395061728395,OVERSUPPLY,1347.6666666666667,0.0
790,3.2,Orange-N,1210,1234,20.0,2.0,3.0,1350.0,0.0014814814814814814,OVERSUPPLY,1348.0,0.0
790,3.2,Orange-N,1210,1234,21.0,2.0,3.0,1350.0,0.0014814814814814814,OVERSUPPLY,1348.0,0.0
790,3.2,Orange-N,1210,1234,22.0,1.8333333333333333,3.0,1350.0,0.0013580246913580246,OVERSUPPLY,1348.1666666666667,0.0
790,3.2,Orange-N,1210,1234,23.0,0.6666666666666666,3.0,1350.0,0.0004938271604938272,OVERSUPPLY,1349.3333333333333,0.0
792,3.2,Orange-N,1211,1235,5.0,0.6666666666666666,3.0,1350.0,0.0004938271604938272,OVERSUPPLY,1349.3333333333333,0.0
792,3.2,Orange-N,1211,1235,6.0,3.0,3.0,1350.0,0.0022222222222222222,OVERSUPPLY,1347.0,0.0
792,3.2,Orange-N,1211,1235,7.0,3.0,3.0,1350.0,0.0022222222222222222,OVERSUPPLY,1347.0,0.0
792,3.2,Orange-N,1211,1235,8.0,5.166666666666666,3.0,1350.0,0.00382716049382716,OVERSUPPLY,1344.8333333333333,0.0
792,3.2,Orange-N,1211,1235,9.0,1.8333333333333335,3.0,1350.0,0.0013580246913580249,OVERSUPPLY,1348.1666666666667,0.0
792,3.2,Orange-N,1211,1235,10.0,2.0,3.0,1350.0,0.0014814814814814814,OVERSUPPLY,1348.0,0.0
792,3.2,Orange-N,1211,1235,11.0,2.0,3.0,1350.0,0.0014814814814814814,OVERSUPPLY,1348.0,0.0
792,3.2,Orange-N,1211,1235,12.0,1.6666666666666667,3.0,1350.0,0.0012345679012345679,OVERSUPPLY,1348.3333333333333,0.0
792,3.2,Orange-N,1211,1235,13.0,2.1666666666666665,3.0,1350.0,0.0016049382716049382,OVERSUPPLY,1347.8333333333333,0.0
792,3.2,Orange-N,1211,1235,14.0,2.333333333333333,3.0,1350.0,0.001728395061728395,OVERSUPPLY,1347.6666666666667,0.0
792,3.2,Orange-N,1211,1235,15.0,6.333333333333333,3.0,1350.0,0.004691358024691358,OVERSUPPLY,1343.6666666666667,0.0
792,3.2,Orange-N,1211,1235,16.0,4.666666666666667,3.0,1350.0,0.0034567901234567903,OVERSUPPLY,1345.3333333333333,0.0
792,3.2,Orange-N,1211,1235,17.0,3.6666666666666665,3.0,1350.0,0.0027160493827160493,OVERSUPPLY,1346.3333333333333,0.0
792,3.2,Orange-N,1211,1235,18.0,3.666666666666666,3.0,1350.0,0.002716049382716049,OVERSUPPLY,1346.3333333333333,0.0
792,3.2,Orange-N,1211,1235,19.0,2.1666666666666665,3.0,1350.0,0.0016049382716049382,OVERSUPPLY,1347.8333333333333,0.0
792,3.2,Orange-N,1211,1235,20.0,1.5,3.0,1350.0,0.0011111111111111111,OVERSUPPLY,1348.5,0.0
792,3.2,Orange-N,1211,1235,21.0,1.1666666666666667,3.0,1350.0,0.0008641975308641976,OVERSUPPLY,1348.8333333333333,0.0
792,3.2,Orange-N,1211,1235,22.0,0.8333333333333333,3.0,1350.0,0.0006172839506172839,OVERSUPPLY,1349.1666666666667,0.0
792,3.2,Orange-N,1211,1235,23.0,0.9999999999999999,3.0,1350.0,0.0007407407407407407,OVERSUPPLY,1349.0,0.0
796,3.2,Orange-N,1213,1243,5.0,31.5,3.0,1350.0,0.023333333333333334,OVERSUPPLY,1318.5,0.0
796,3.2,Orange-N,1213,1243,6.0,118.33333333333333,3.0,1350.0,0.08765432098765431,OVERSUPPLY,1231.6666666666667,0.0
796,3.2,Orange-N,1213,1243,7.0,255.66666666666666,3.0,1350.0,0.1893827160493827,OVERSUPPLY,1094.3333333333333,0.0
796,3.2,Orange-N,1213,1243,8.0,454.0,3.0,1350.0,0.3362962962962963,BALANCED,896.0,0.0
796,3.2,Orange-N,1213,1243,9.0,366.5,3.0,1350.0,0.2714814814814815,BALANCED,983.5,0.0
796,3.2,Orange-N,1213,1243,10.0,202.5,3.0,1350.0,0.15,OVERSUPPLY,1147.5,0.0
796,3.2,Orange-N,1213,1243,11.0,133.0,3.0,1350.0,0.09851851851851852,OVERSUPPLY,1217.0,0.0
796,3.2,Orange-N,1213,1243,12.0,105.83333333333333,3.0,1350.0,0.07839506172839505,OVERSUPPLY,1244.1666666666667,0.0
796,3.2,Orange-N,1213,1243,13.0,90.0,3.0,1350.0,0.06666666666666667,OVERSUPPLY,1260.0,0.0
796,3.2,Orange-N,1213,1243,14.0,91.66666666666667,3.0,1350.0,0.06790123456790124,OVERSUPPLY,1258.3333333333333,0.0
796,3.2,Orange-N,1213,1243,15.0,133.5,3.0,1350.0,0.09888888888888889,OVERSUPPLY,1216.5,0.0
796,3.2,Orange-N,1213,1243,16.0,178.0,3.0,1350.0,0.13185185185185186,OVERSUPPLY,1172.0,0.0
796,3.2,Orange-N,1213,1243,17.0,261.6666666666667,3.0,1350.0,0.19382716049382717,OVERSUPPLY,1088.3333333333333,0.0
796,3.2,Orange-N,1213,1243,18.0,256.6666666666667,3.0,1350.0,0.19012345679012346,OVERSUPPLY,1093.3333333333333,0.0
796,3.2,Orange-N,1213,1243,19.0,165.83333333333334,3.0,1350.0,0.12283950617283951,OVERSUPPLY,1184.1666666666667,0.0
796,3.2,Orange-N,1213,1243,20.0,86.5,3.0,1350.0,0.06407407407407407,OVERSUPPLY,1263.5,0.0
796,3.2,Orange-N,1213,1243,21.0,47.333333333333336,3.0,1350.0,0.03506172839506173,OVERSUPPLY,1302.6666666666667,0.0
796,3.2,Orange-N,1213,1243,22.0,42.0,3.0,1350.0,0.03111111111111111,OVERSUPPLY,1308.0,0.0
796,3.2,Orange-N,1213,1243,23.0,29.666666666666664,3.0,1350.0,0.021975308641975305,OVERSUPPLY,1320.3333333333333,0.0
798,3.2,Orange-N,1214,1244,5.0,9.166666666666666,3.0,1350.0,0.006790123456790123,OVERSUPPLY,1340.8333333333333,0.0
798,3.2,Orange-N,1214,1244,6.0,28.333333333333332,3.0,1350.0,0.020987654320987655,OVERSUPPLY,1321.6666666666667,0.0
798,3.2,Orange-N,1214,1244,7.0,77.0,3.0,1350.0,0.05703703703703704,OVERSUPPLY,1273.0,0.0
798,3.2,Orange-N,1214,1244,8.0,133.5,3.0,1350.0,0.09888888888888889,OVERSUPPLY,1216.5,0.0
798,3.2,Orange-N,1214,1244,9.0,120.0,3.0,1350.0,0.08888888888888889,OVERSUPPLY,1230.0,0.0
798,3.2,Orange-N,1214,1244,10.0,53.5,3.0,1350.0,0.03962962962962963,OVERSUPPLY,1296.5,0.0
798,3.2,Orange-N,1214,1244,11.0,33.166666666666664,3.0,1350.0,0.0245679012345679,OVERSUPPLY,1316.8333333333333,0.0
798,3.2,Orange-N,1214,1244,12.0,28.5,3.0,1350.0,0.021111111111111112,OVERSUPPLY,1321.5,0.0
798,3.2,Orange-N,1214,1244,13.0,21.833333333333332,3.0,1350.0,0.016172839506172838,OVERSUPPLY,1328.1666666666667,0.0
798,3.2,Orange-N,1214,1244,14.0,24.5,3.0,1350.0,0.01814814814814815,OVERSUPPLY,1325.5,0.0
798,3.2,Orange-N,1214,1244,15.0,31.166666666666668,3.0,1350.0,0.02308641975308642,OVERSUPPLY,1318.8333333333333,0.0
798,3.2,Orange-N,1214,1244,16.0,42.833333333333336,3.0,1350.0,0.0317283950617284,OVERSUPPLY,1307.1666666666667,0.0
798,3.2,Orange-N,1214,1244,17.0,62.0,3.0,1350.0,0.045925925925925926,OVERSUPPLY,1288.0,0.0
798,3.2,Orange-N,1214,1244,18.0,45.0,3.0,1350.0,0.03333333333333333,OVERSUPPLY,1305.0,0.0
798,3.2,Orange-N,1214,1244,19.0,26.5,3.0,1350.0,0.01962962962962963,OVERSUPPLY,1323.5,0.0
798,3.2,Orange-N,1214,1244,20.0,15.666666666666666,3.0,1350.0,0.011604938271604939,OVERSUPPLY,1334.3333333333333,0.0
798,3.2,Orange-N,1214,1244,21.0,10.333333333333334,3.0,1350.0,0.007654320987654321,OVERSUPPLY,1339.6666666666667,0.0
798,3.2,Orange-N,1214,1244,22.0,6.333333333333333,3.0,1350.0,0.004691358024691358,OVERSUPPLY,1343.6666666666667,0.0
798,3.2,Orange-N,1214,1244,23.0,5.0,3.0,1350.0,0.003703703703703704,OVERSUPPLY,1345.0,0.0
800,3.2,Orange-N,1215,1221,5.0,79.16666666666667,3.0,1350.0,0.05864197530864198,OVERSUPPLY,1270.8333333333333,0.0
800,3.2,Orange-N,1215,1221,6.0,251.5,3.0,1350.0,0.1862962962962963,OVERSUPPLY,1098.5,0.0
800,3.2,Orange-N,1215,1221,7.0,512.0,3.0,1350.0,0.37925925925925924,BALANCED,838.0,0.0
800,3.2,Orange-N,1215,1221,8.0,728.5,3.0,1350.0,0.5396296296296297,BALANCED,621.5,0.0
800,3.2,Orange-N,1215,1221,9.0,526.0,3.0,1350.0,0.3896296296296296,BALANCED,824.0,0.0
800,3.2,Orange-N,1215,1221,10.0,243.16666666666666,3.0,1350.0,0.18012345679012345,OVERSUPPLY,1106.8333333333333,0.0
800,3.2,Orange-N,1215,1221,11.0,155.5,3.0,1350.0,0.11518518518518518,OVERSUPPLY,1194.5,0.0
800,3.2,Orange-N,1215,1221,12.0,133.16666666666666,3.0,1350.0,0.09864197530864197,OVERSUPPLY,1216.8333333333333,0.0
800,3.2,Orange-N,1215,1221,13.0,126.83333333333333,3.0,1350.0,0.09395061728395061,OVERSUPPLY,1223.1666666666667,0.0
800,3.2,Orange-N,1215,1221,14.0,125.83333333333333,3.0,1350.0,0.09320987654320988,OVERSUPPLY,1224.1666666666667,0.0
800,3.2,Orange-N,1215,1221,15.0,151.0,3.0,1350.0,0.11185185185185186,OVERSUPPLY,1199.0,0.0
800,3.2,Orange-N,1215,1221,16.0,189.0,3.0,1350.0,0.14,OVERSUPPLY,1161.0,0.0
800,3.2,Orange-N,1215,1221,17.0,238.0,3.0,1350.0,0.17629629629629628,OVERSUPPLY,1112.0,0.0
800,3.2,Orange-N,1215,1221,18.0,200.16666666666666,3.0,1350.0,0.1482716049382716,OVERSUPPLY,1149.8333333333333,0.0
800,3.2,Orange-N,1215,1221,19.0,119.0,3.0,1350.0,0.08814814814814814,OVERSUPPLY,1231.0,0.0
800,3.2,Orange-N,1215,1221,20.0,65.5,3.0,1350.0,0.048518518518518516,OVERSUPPLY,1284.5,0.0
800,3.2,Orange-N,1215,1221,21.0,49.166666666666664,3.0,1350.0,0.03641975308641975,OVERSUPPLY,1300.8333333333333,0.0
800,3.2,Orange-N,1215,1221,22.0,38.166666666666664,3.0,1350.0,0.0282716049382716,OVERSUPPLY,1311.8333333333333,0.0
800,3.2,Orange-N,1215,1221,23.0,23.0,3.0,1350.0,0.017037037037037038,OVERSUPPLY,1327.0,0.0
802,3.2,Orange-N,1216,1222,5.0,88.16666666666667,3.0,1350.0,0.06530864197530864,OVERSUPPLY,1261.8333333333333,0.0
802,3.2,Orange-N,1216,1222,6.0,311.1666666666667,3.0,1350.0,0.23049382716049385,BALANCED,1038.8333333333333,0.0
802,3.2,Orange-N,1216,1222,7.0,657.0,3.0,1350.0,0.4866666666666667,BALANCED,693.0,0.0
802,3.2,Orange-N,1216,1222,8.0,986.3333333333334,3.0,1350.0,0.7306172839506173,BALANCED,363.66666666666663,0.0
802,3.2,Orange-N,1216,1222,9.0,703.0,3.0,1350.0,0.5207407407407407,BALANCED,647.0,0.0
802,3.2,Orange-N,1216,1222,10.0,357.6666666666667,3.0,1350.0,0.26493827160493827,BALANCED,992.3333333333333,0.0
802,3.2,Orange-N,1216,1222,11.0,231.5,3.0,1350.0,0.17148148148148148,OVERSUPPLY,1118.5,0.0
802,3.2,Orange-N,1216,1222,12.0,176.16666666666666,3.0,1350.0,0.13049382716049382,OVERSUPPLY,1173.8333333333333,0.0
802,3.2,Orange-N,1216,1222,13.0,171.16666666666666,3.0,1350.0,0.1267901234567901,OVERSUPPLY,1178.8333333333333,0.0
802,3.2,Orange-N,1216,1222,14.0,157.66666666666666,3.0,1350.0,0.11679012345679012,OVERSUPPLY,1192.3333333333333,0.0
802,3.2,Orange-N,1216,1222,15.0,196.0,3.0,1350.0,0.1451851851851852,OVERSUPPLY,1154.0,0.0
802,3.2,Orange-N,1216,1222,16.0,247.0,3.0,1350.0,0.18296296296296297,OVERSUPPLY,1103.0,0.0
802,3.2,Orange-N,1216,1222,17.0,343.1666666666667,3.0,1350.0,0.25419753086419755,BALANCED,1006.8333333333333,0.0
802,3.2,Orange-N,1216,1222,18.0,329.1666666666667,3.0,1350.0,0.24382716049382716,BALANCED,1020.8333333333333,0.0
802,3.2,Orange-N,1216,1222,19.0,200.66666666666666,3.0,1350.0,0.14864197530864195,OVERSUPPLY,1149.3333333333333,0.0
802,3.2,Orange-N,1216,1222,20.0,113.66666666666666,3.0,1350.0,0.08419753086419753,OVERSUPPLY,1236.3333333333333,0.0
802,3.2,Orange-N,1216,1222,21.0,72.83333333333333,3.0,1350.0,0.05395061728395061,OVERSUPPLY,1277.1666666666667,0.0
802,3.2,Orange-N,1216,1222,22.0,57.83333333333333,3.0,1350.0,0.042839506172839506,OVERSUPPLY,1292.1666666666667,0.0
802,3.2,Orange-N,1216,1222,23.0,35.666666666666664,3.0,1350.0,0.02641975308641975,OVERSUPPLY,1314.3333333333333,0.0
804,3.2,Orange-N,1217,1223,5.0,13.666666666666668,3.0,1350.0,0.010123456790123457,OVERSUPPLY,1336.3333333333333,0.0
804,3.2,Orange-N,1217,1223,6.0,50.0,3.0,1350.0,0.037037037037037035,OVERSUPPLY,1300.0,0.0
804,3.2,Orange-N,1217,1223,7.0,121.83333333333333,3.0,1350.0,0.0902469135802469,OVERSUPPLY,1228.1666666666667,0.0
804,3.2,Orange-N,1217,1223,8.0,196.0,3.0,1350.0,0.1451851851851852,OVERSUPPLY,1154.0,0.0
804,3.2,Orange-N,1217,1223,9.0,175.0,3.0,1350.0,0.12962962962962962,OVERSUPPLY,1175.0,0.0
804,3.2,Orange-N,1217,1223,10.0,71.0,3.0,1350.0,0.052592592592592594,OVERSUPPLY,1279.0,0.0
804,3.2,Orange-N,1217,1223,11.0,39.333333333333336,3.0,1350.0,0.029135802469135805,OVERSUPPLY,1310.6666666666667,0.0
804,3.2,Orange-N,1217,1223,12.0,26.0,3.0,1350.0,0.01925925925925926,OVERSUPPLY,1324.0,0.0
804,3.2,Orange-N,1217,1223,13.0,17.166666666666668,3.0,1350.0,0.01271604938271605,OVERSUPPLY,1332.8333333333333,0.0
804,3.2,Orange-N,1217,1223,14.0,17.5,3.0,1350.0,0.012962962962962963,OVERSUPPLY,1332.5,0.0
804,3.2,Orange-N,1217,1223,15.0,20.166666666666668,3.0,1350.0,0.014938271604938273,OVERSUPPLY,1329.8333333333333,0.0
804,3.2,Orange-N,1217,1223,16.0,24.0,3.0,1350.0,0.017777777777777778,OVERSUPPLY,1326.0,0.0
804,3.2,Orange-N,1217,1223,17.0,37.166666666666664,3.0,1350.0,0.027530864197530862,OVERSUPPLY,1312.8333333333333,0.0
804,3.2,Orange-N,1217,1223,18.0,36.833333333333336,3.0,1350.0,0.02728395061728395,OVERSUPPLY,1313.1666666666667,0.0
804,3.2,Orange-N,1217,1223,19.0,23.5,3.0,1350.0,0.017407407407407406,OVERSUPPLY,1326.5,0.0
804,3.2,Orange-N,1217,1223,20.0,11.833333333333332,3.0,1350.0,0.008765432098765432,OVERSUPPLY,1338.1666666666667,0.0
804,3.2,Orange-N,1217,1223,21.0,6.833333333333333,3.0,1350.0,0.005061728395061728,OVERSUPPLY,1343.1666666666667,0.0
804,3.2,Orange-N,1217,1223,22.0,3.4999999999999996,3.0,1350.0,0.002592592592592592,OVERSUPPLY,1346.5,0.0
804,3.2,Orange-N,1217,1223,23.0,2.333333333333333,3.0,1350.0,0.001728395061728395,OVERSUPPLY,1347.6666666666667,0.0
806,3.2,Orange-N,1218,1200,5.0,32.166666666666664,3.0,1350.0,0.02382716049382716,OVERSUPPLY,1317.8333333333333,0.0
806,3.2,Orange-N,1218,1200,6.0,90.66666666666667,3.0,1350.0,0.0671604938271605,OVERSUPPLY,1259.3333333333333,0.0
806,3.2,Orange-N,1218,1200,7.0,152.83333333333334,3.0,1350.0,0.11320987654320988,OVERSUPPLY,1197.1666666666667,0.0
806,3.2,Orange-N,1218,1200,8.0,196.0,3.0,1350.0,0.1451851851851852,OVERSUPPLY,1154.0,0.0
806,3.2,Orange-N,1218,1200,9.0,99.5,3.0,1350.0,0.0737037037037037,OVERSUPPLY,1250.5,0.0
806,3.2,Orange-N,1218,1200,10.0,50.833333333333336,3.0,1350.0,0.037654320987654324,OVERSUPPLY,1299.1666666666667,0.0
806,3.2,Orange-N,1218,1200,11.0,46.833333333333336,3.0,1350.0,0.03469135802469136,OVERSUPPLY,1303.1666666666667,0.0
806,3.2,Orange-N,1218,1200,12.0,42.0,3.0,1350.0,0.03111111111111111,OVERSUPPLY,1308.0,0.0
806,3.2,Orange-N,1218,1200,13.0,44.5,3.0,1350.0,0.032962962962962965,OVERSUPPLY,1305.5,0.0
806,3.2,Orange-N,1218,1200,14.0,44.333333333333336,3.0,1350.0,0.03283950617283951,OVERSUPPLY,1305.6666666666667,0.0
806,3.2,Orange-N,1218,1200,15.0,65.66666666666667,3.0,1350.0,0.04864197530864198,OVERSUPPLY,1284.3333333333333,0.0
806,3.2,Orange-N,1218,1200,16.0,76.66666666666667,3.0,1350.0,0.056790123456790124,OVERSUPPLY,1273.3333333333333,0.0
806,3.2,Orange-N,1218,1200,17.0,90.33333333333333,3.0,1350.0,0.06691358024691357,OVERSUPPLY,1259.6666666666667,0.0
806,3.2,Orange-N,1218,1200,18.0,64.0,3.0,1350.0,0.047407407407407405,OVERSUPPLY,1286.0,0.0
806,3.2,Orange-N,1218,1200,19.0,42.833333333333336,3.0,1350.0,0.0317283950617284,OVERSUPPLY,1307.1666666666667,0.0
806,3.2,Orange-N,1218,1200,20.0,24.333333333333332,3.0,1350.0,0.018024691358024692,OVERSUPPLY,1325.6666666666667,0.0
806,3.2,Orange-N,1218,1200,21.0,19.666666666666668,3.0,1350.0,0.014567901234567903,OVERSUPPLY,1330.3333333333333,0.0
806,3.2,Orange-N,1218,1200,22.0,13.333333333333332,3.0,1350.0,0.009876543209876543,OVERSUPPLY,1336.6666666666667,0.0
806,3.2,Orange-N,1218,1200,23.0,6.333333333333333,3.0,1350.0,0.004691358024691358,OVERSUPPLY,1343.6666666666667,0.0
808,3.2,Orange-N,1219,1201,5.0,69.5,3.0,1350.0,0.05148148148148148,OVERSUPPLY,1280.5,0.0
808,3.2,Orange-N,1219,1201,6.0,233.0,3.0,1350.0,0.1725925925925926,OVERSUPPLY,1117.0,0.0
808,3.2,Orange-N,1219,1201,7.0,475.0,3.0,1350.0,0.35185185185185186,BALANCED,875.0,0.0
808,3.2,Orange-N,1219,1201,8.0,738.6666666666666,3.0,1350.0,0.5471604938271605,BALANCED,611.3333333333334,0.0
808,3.2,Orange-N,1219,1201,9.0,550.3333333333334,3.0,1350.0,0.40765432098765436,BALANCED,799.6666666666666,0.0
808,3.2,Orange-N,1219,1201,10.0,286.5,3.0,1350.0,0.21222222222222223,BALANCED,1063.5,0.0
808,3.2,Orange-N,1219,1201,11.0,195.0,3.0,1350.0,0.14444444444444443,OVERSUPPLY,1155.0,0.0
808,3.2,Orange-N,1219,1201,12.0,145.83333333333334,3.0,1350.0,0.1080246913580247,OVERSUPPLY,1204.1666666666667,0.0
808,3.2,Orange-N,1219,1201,13.0,134.33333333333334,3.0,1350.0,0.09950617283950618,OVERSUPPLY,1215.6666666666667,0.0
808,3.2,Orange-N,1219,1201,14.0,126.83333333333333,3.0,1350.0,0.09395061728395061,OVERSUPPLY,1223.1666666666667,0.0
808,3.2,Orange-N,1219,1201,15.0,183.5,3.0,1350.0,0.13592592592592592,OVERSUPPLY,1166.5,0.0
808,3.2,Orange-N,1219,1201,16.0,237.0,3.0,1350.0,0.17555555555555555,OVERSUPPLY,1113.0,0.0
808,3.2,Orange-N,1219,1201,17.0,320.1666666666667,3.0,1350.0,0.2371604938271605,BALANCED,1029.8333333333333,0.0
808,3.2,Orange-N,1219,1201,18.0,296.1666666666667,3.0,1350.0,0.21938271604938273,BALANCED,1053.8333333333333,0.0
808,3.2,Orange-N,1219,1201,19.0,196.16666666666666,3.0,1350.0,0.14530864197530863,OVERSUPPLY,1153.8333333333333,0.0
808,3.2,Orange-N,1219,1201,20.0,105.66666666666667,3.0,1350.0,0.07827160493827161,OVERSUPPLY,1244.3333333333333,0.0
808,3.2,Orange-N,1219,1201,21.0,64.0,3.0,1350.0,0.047407407407407405,OVERSUPPLY,1286.0,0.0
808,3.2,Orange-N,1219,1201,22.0,52.33333333333333,3.0,1350.0,0.03876543209876543,OVERSUPPLY,1297.6666666666667,0.0
808,3.2,Orange-N,1219,1201,23.0,30.666666666666664,3.0,1350.0,0.02271604938271605,OVERSUPPLY,1319.3333333333333,0.0
810,3.2,Orange-N,1220,1202,5.0,17.666666666666668,3.0,1350.0,0.01308641975308642,OVERSUPPLY,1332.3333333333333,0.0
810,3.2,Orange-N,1220,1202,6.0,56.5,3.0,1350.0,0.04185185185185185,OVERSUPPLY,1293.5,0.0
810,3.2,Orange-N,1220,1202,7.0,145.16666666666666,3.0,1350.0,0.10753086419753086,OVERSUPPLY,1204.8333333333333,0.0
810,3.2,Orange-N,1220,1202,8.0,223.5,3.0,1350.0,0.16555555555555557,OVERSUPPLY,1126.5,0.0
810,3.2,Orange-N,1220,1202,9.0,198.83333333333334,3.0,1350.0,0.14728395061728397,OVERSUPPLY,1151.1666666666667,0.0
810,3.2,Orange-N,1220,1202,10.0,84.33333333333333,3.0,1350.0,0.062469135802469135,OVERSUPPLY,1265.6666666666667,0.0
810,3.2,Orange-N,1220,1202,11.0,52.16666666666667,3.0,1350.0,0.03864197530864198,OVERSUPPLY,1297.8333333333333,0.0
810,3.2,Orange-N,1220,1202,12.0,35.5,3.0,1350.0,0.026296296296296297,OVERSUPPLY,1314.5,0.0
810,3.2,Orange-N,1220,1202,13.0,27.333333333333332,3.0,1350.0,0.02024691358024691,OVERSUPPLY,1322.6666666666667,0.0
810,3.2,Orange-N,1220,1202,14.0,29.0,3.0,1350.0,0.02148148148148148,OVERSUPPLY,1321.0,0.0
810,3.2,Orange-N,1220,1202,15.0,38.5,3.0,1350.0,0.02851851851851852,OVERSUPPLY,1311.5,0.0
810,3.2,Orange-N,1220,1202,16.0,55.166666666666664,3.0,1350.0,0.0408641975308642,OVERSUPPLY,1294.8333333333333,0.0
810,3.2,Orange-N,1220,1202,17.0,68.0,3.0,1350.0,0.05037037037037037,OVERSUPPLY,1282.0,0.0
810,3.2,Orange-N,1220,1202,18.0,64.33333333333333,3.0,1350.0,0.04765432098765432,OVERSUPPLY,1285.6666666666667,0.0
810,3.2,Orange-N,1220,1202,19.0,39.333333333333336,3.0,1350.0,0.029135802469135805,OVERSUPPLY,1310.6666666666667,0.0
810,3.2,Orange-N,1220,1202,20.0,24.0,3.0,1350.0,0.017777777777777778,OVERSUPPLY,1326.0,0.0
810,3.2,Orange-N,1220,1202,21.0,11.5,3.0,1350.0,0.008518518518518519,OVERSUPPLY,1338.5,0.0
810,3.2,Orange-N,1220,1202,22.0,7.666666666666666,3.0,1350.0,0.005679012345679012,OVERSUPPLY,1342.3333333333333,0.0
810,3.2,Orange-N,1220,1202,23.0,5.0,3.0,1350.0,0.003703703703703704,OVERSUPPLY,1345.0,0.0
812,3.2,Orange-N,1221,1191,5.0,29.833333333333332,3.0,1350.0,0.022098765432098766,OVERSUPPLY,1320.1666666666667,0.0
812,3.2,Orange-N,1221,1191,6.0,103.5,3.0,1350.0,0.07666666666666666,OVERSUPPLY,1246.5,0.0
812,3.2,Orange-N,1221,1191,7.0,243.33333333333334,3.0,1350.0,0.18024691358024691,OVERSUPPLY,1106.6666666666667,0.0
812,3.2,Orange-N,1221,1191,8.0,314.8333333333333,3.0,1350.0,0.23320987654320988,BALANCED,1035.1666666666667,0.0
812,3.2,Orange-N,1221,1191,9.0,197.0,3.0,1350.0,0.14592592592592593,OVERSUPPLY,1153.0,0.0
812,3.2,Orange-N,1221,1191,10.0,115.66666666666666,3.0,1350.0,0.08567901234567901,OVERSUPPLY,1234.3333333333333,0.0
812,3.2,Orange-N,1221,1191,11.0,93.5,3.0,1350.0,0.06925925925925926,OVERSUPPLY,1256.5,0.0
812,3.2,Orange-N,1221,1191,12.0,87.0,3.0,1350.0,0.06444444444444444,OVERSUPPLY,1263.0,0.0
812,3.2,Orange-N,1221,1191,13.0,96.83333333333333,3.0,1350.0,0.07172839506172839,OVERSUPPLY,1253.1666666666667,0.0
812,3.2,Orange-N,1221,1191,14.0,126.16666666666667,3.0,1350.0,0.0934567901234568,OVERSUPPLY,1223.8333333333333,0.0
812,3.2,Orange-N,1221,1191,15.0,142.16666666666666,3.0,1350.0,0.10530864197530863,OVERSUPPLY,1207.8333333333333,0.0
812,3.2,Orange-N,1221,1191,16.0,176.66666666666666,3.0,1350.0,0.1308641975308642,OVERSUPPLY,1173.3333333333333,0.0
812,3.2,Orange-N,1221,1191,17.0,225.33333333333334,3.0,1350.0,0.16691358024691358,OVERSUPPLY,1124.6666666666667,0.0
812,3.2,Orange-N,1221,1191,18.0,174.66666666666666,3.0,1350.0,0.1293827160493827,OVERSUPPLY,1175.3333333333333,0.0
812,3.2,Orange-N,1221,1191,19.0,104.16666666666667,3.0,1350.0,0.0771604938271605,OVERSUPPLY,1245.8333333333333,0.0
812,3.2,Orange-N,1221,1191,20.0,61.666666666666664,3.0,1350.0,0.04567901234567901,OVERSUPPLY,1288.3333333333333,0.0
812,3.2,Orange-N,1221,1191,21.0,39.166666666666664,3.0,1350.0,0.029012345679012345,OVERSUPPLY,1310.8333333333333,0.0
812,3.2,Orange-N,1221,1191,22.0,28.5,3.0,1350.0,0.021111111111111112,OVERSUPPLY,1321.5,0.0
812,3.2,Orange-N,1221,1191,23.0,21.833333333333332,3.0,1350.0,0.016172839506172838,OVERSUPPLY,1328.1666666666667,0.0
814,3.2,Orange-N,1222,1192,5.0,39.666666666666664,3.0,1350.0,0.029382716049382713,OVERSUPPLY,1310.3333333333333,0.0
814,3.2,Orange-N,1222,1192,6.0,149.33333333333334,3.0,1350.0,0.11061728395061729,OVERSUPPLY,1200.6666666666667,0.0
814,3.2,Orange-N,1222,1192,7.0,333.3333333333333,3.0,1350.0,0.24691358024691357,BALANCED,1016.6666666666667,0.0
814,3.2,Orange-N,1222,1192,8.0,435.0,3.0,1350.0,0.32222222222222224,BALANCED,915.0,0.0
814,3.2,Orange-N,1222,1192,9.0,293.1666666666667,3.0,1350.0,0.21716049382716052,BALANCED,1056.8333333333333,0.0
814,3.2,Orange-N,1222,1192,10.0,167.0,3.0,1350.0,0.1237037037037037,OVERSUPPLY,1183.0,0.0
814,3.2,Orange-N,1222,1192,11.0,117.0,3.0,1350.0,0.08666666666666667,OVERSUPPLY,1233.0,0.0
814,3.2,Orange-N,1222,1192,12.0,112.66666666666667,3.0,1350.0,0.08345679012345679,OVERSUPPLY,1237.3333333333333,0.0
814,3.2,Orange-N,1222,1192,13.0,122.33333333333333,3.0,1350.0,0.09061728395061729,OVERSUPPLY,1227.6666666666667,0.0
814,3.2,Orange-N,1222,1192,14.0,142.66666666666666,3.0,1350.0,0.105679012345679,OVERSUPPLY,1207.3333333333333,0.0
814,3.2,Orange-N,1222,1192,15.0,166.5,3.0,1350.0,0.12333333333333334,OVERSUPPLY,1183.5,0.0
814,3.2,Orange-N,1222,1192,16.0,210.5,3.0,1350.0,0.1559259259259259,OVERSUPPLY,1139.5,0.0
814,3.2,Orange-N,1222,1192,17.0,288.1666666666667,3.0,1350.0,0.2134567901234568,BALANCED,1061.8333333333333,0.0
814,3.2,Orange-N,1222,1192,18.0,251.5,3.0,1350.0,0.1862962962962963,OVERSUPPLY,1098.5,0.0
814,3.2,Orange-N,1222,1192,19.0,155.83333333333334,3.0,1350.0,0.1154320987654321,OVERSUPPLY,1194.1666666666667,0.0
814,3.2,Orange-N,1222,1192,20.0,93.16666666666667,3.0,1350.0,0.06901234567901235,OVERSUPPLY,1256.8333333333333,0.0
814,3.2,Orange-N,1222,1192,21.0,53.33333333333333,3.0,1350.0,0.03950617283950617,OVERSUPPLY,1296.6666666666667,0.0
814,3.2,Orange-N,1222,1192,22.0,41.0,3.0,1350.0,0.03037037037037037,OVERSUPPLY,1309.0,0.0
814,3.2,Orange-N,1222,1192,23.0,30.333333333333332,3.0,1350.0,0.022469135802469134,OVERSUPPLY,1319.6666666666667,0.0
816,3.2,Orange-N,1223,1193,5.0,6.5,3.0,1350.0,0.004814814814814815,OVERSUPPLY,1343.5,0.0
816,3.2,Orange-N,1223,1193,6.0,16.166666666666664,3.0,1350.0,0.011975308641975307,OVERSUPPLY,1333.8333333333333,0.0
816,3.2,Orange-N,1223,1193,7.0,48.333333333333336,3.0,1350.0,0.03580246913580247,OVERSUPPLY,1301.6666666666667,0.0
816,3.2,Orange-N,1223,1193,8.0,59.5,3.0,1350.0,0.04407407407407407,OVERSUPPLY,1290.5,0.0
816,3.2,Orange-N,1223,1193,9.0,51.5,3.0,1350.0,0.038148148148148146,OVERSUPPLY,1298.5,0.0
816,3.2,Orange-N,1223,1193,10.0,22.333333333333332,3.0,1350.0,0.01654320987654321,OVERSUPPLY,1327.6666666666667,0.0
816,3.2,Orange-N,1223,1193,11.0,10.5,3.0,1350.0,0.0077777777777777776,OVERSUPPLY,1339.5,0.0
816,3.2,Orange-N,1223,1193,12.0,10.0,3.0,1350.0,0.007407407407407408,OVERSUPPLY,1340.0,0.0
816,3.2,Orange-N,1223,1193,13.0,6.5,3.0,1350.0,0.004814814814814815,OVERSUPPLY,1343.5,0.0
816,3.2,Orange-N,1223,1193,14.0,9.166666666666666,3.0,1350.0,0.006790123456790123,OVERSUPPLY,1340.8333333333333,0.0
816,3.2,Orange-N,1223,1193,15.0,11.666666666666666,3.0,1350.0,0.008641975308641974,OVERSUPPLY,1338.3333333333333,0.0
816,3.2,Orange-N,1223,1193,16.0,13.833333333333334,3.0,1350.0,0.010246913580246915,OVERSUPPLY,1336.1666666666667,0.0
816,3.2,Orange-N,1223,1193,17.0,22.833333333333332,3.0,1350.0,0.01691358024691358,OVERSUPPLY,1327.1666666666667,0.0
816,3.2,Orange-N,1223,1193,18.0,22.5,3.0,1350.0,0.016666666666666666,OVERSUPPLY,1327.5,0.0
816,3.2,Orange-N,1223,1193,19.0,17.0,3.0,1350.0,0.012592592592592593,OVERSUPPLY,1333.0,0.0
816,3.2,Orange-N,1223,1193,20.0,7.5,3.0,1350.0,0.005555555555555556,OVERSUPPLY,1342.5,0.0
816,3.2,Orange-N,1223,1193,21.0,3.833333333333333,3.0,1350.0,0.002839506172839506,OVERSUPPLY,1346.1666666666667,0.0
816,3.2,Orange-N,1223,1193,22.0,1.8333333333333333,3.0,1350.0,0.0013580246913580246,OVERSUPPLY,1348.1666666666667,0.0
816,3.2,Orange-N,1223,1193,23.0,1.8333333333333333,3.0,1350.0,0.0013580246913580246,OVERSUPPLY,1348.1666666666667,0.0
818,3.2,Orange-N,1224,1197,5.0,26.5,3.0,1350.0,0.01962962962962963,OVERSUPPLY,1323.5,0.0
818,3.2,Orange-N,1224,1197,6.0,70.0,3.0,1350.0,0.05185185185185185,OVERSUPPLY,1280.0,0.0
818,3.2,Orange-N,1224,1197,7.0,240.0,3.0,1350.0,0.17777777777777778,OVERSUPPLY,1110.0,0.0
818,3.2,Orange-N,1224,1197,8.0,340.6666666666667,3.0,1350.0,0.25234567901234567,BALANCED,1009.3333333333333,0.0
818,3.2,Orange-N,1224,1197,9.0,295.0,3.0,1350.0,0.21851851851851853,BALANCED,1055.0,0.0
818,3.2,Orange-N,1224,1197,10.0,169.5,3.0,1350.0,0.12555555555555556,OVERSUPPLY,1180.5,0.0
818,3.2,Orange-N,1224,1197,11.0,147.16666666666666,3.0,1350.0,0.10901234567901234,OVERSUPPLY,1202.8333333333333,0.0
818,3.2,Orange-N,1224,1197,12.0,189.83333333333334,3.0,1350.0,0.1406172839506173,OVERSUPPLY,1160.1666666666667,0.0
818,3.2,Orange-N,1224,1197,13.0,213.5,3.0,1350.0,0.15814814814814815,OVERSUPPLY,1136.5,0.0
818,3.2,Orange-N,1224,1197,14.0,275.0,3.0,1350.0,0.2037037037037037,BALANCED,1075.0,0.0
818,3.2,Orange-N,1224,1197,15.0,400.6666666666667,3.0,1350.0,0.2967901234567901,BALANCED,949.3333333333333,0.0
818,3.2,Orange-N,1224,1197,16.0,637.0,3.0,1350.0,0.47185185185185186,BALANCED,713.0,0.0
818,3.2,Orange-N,1224,1197,17.0,843.3333333333334,3.0,1350.0,0.6246913580246913,BALANCED,506.66666666666663,0.0
818,3.2,Orange-N,1224,1197,18.0,652.8333333333334,3.0,1350.0,0.48358024691358026,BALANCED,697.1666666666666,0.0
818,3.2,Orange-N,1224,1197,19.0,354.3333333333333,3.0,1350.0,0.2624691358024691,BALANCED,995.6666666666667,0.0
818,3.2,Orange-N,1224,1197,20.0,185.0,3.0,1350.0,0.13703703703703704,OVERSUPPLY,1165.0,0.0
818,3.2,Orange-N,1224,1197,21.0,128.0,3.0,1350.0,0.09481481481481481,OVERSUPPLY,1222.0,0.0
818,3.2,Orange-N,1224,1197,22.0,97.0,3.0,1350.0,0.07185185185185185,OVERSUPPLY,1253.0,0.0
818,3.2,Orange-N,1224,1197,23.0,80.16666666666667,3.0,1350.0,0.05938271604938272,OVERSUPPLY,1269.8333333333333,0.0
820,3.2,Orange-N,1225,1198,5.0,20.666666666666668,3.0,1350.0,0.015308641975308642,OVERSUPPLY,1329.3333333333333,0.0
820,3.2,Orange-N,1225,1198,6.0,55.5,3.0,1350.0,0.04111111111111111,OVERSUPPLY,1294.5,0.0
820,3.2,Orange-N,1225,1198,7.0,174.0,3.0,1350.0,0.1288888888888889,OVERSUPPLY,1176.0,0.0
820,3.2,Orange-N,1225,1198,8.0,234.66666666666666,3.0,1350.0,0.17382716049382715,OVERSUPPLY,1115.3333333333333,0.0
820,3.2,Orange-N,1225,1198,9.0,231.83333333333334,3.0,1350.0,0.1717283950617284,OVERSUPPLY,1118.1666666666667,0.0
820,3.2,Orange-N,1225,1198,10.0,143.33333333333334,3.0,1350.0,0.10617283950617284,OVERSUPPLY,1206.6666666666667,0.0
820,3.2,Orange-N,1225,1198,11.0,121.16666666666667,3.0,1350.0,0.08975308641975309,OVERSUPPLY,1228.8333333333333,0.0
820,3.2,Orange-N,1225,1198,12.0,141.5,3.0,1350.0,0.10481481481481482,OVERSUPPLY,1208.5,0.0
820,3.2,Orange-N,1225,1198,13.0,156.0,3.0,1350.0,0.11555555555555555,OVERSUPPLY,1194.0,0.0
820,3.2,Orange-N,1225,1198,14.0,195.83333333333334,3.0,1350.0,0.14506172839506173,OVERSUPPLY,1154.1666666666667,0.0
820,3.2,Orange-N,1225,1198,15.0,273.8333333333333,3.0,1350.0,0.2028395061728395,BALANCED,1076.1666666666667,0.0
820,3.2,Orange-N,1225,1198,16.0,423.1666666666667,3.0,1350.0,0.3134567901234568,BALANCED,926.8333333333333,0.0
820,3.2,Orange-N,1225,1198,17.0,556.1666666666666,3.0,1350.0,0.4119753086419753,BALANCED,793.8333333333334,0.0
820,3.2,Orange-N,1225,1198,18.0,426.8333333333333,3.0,1350.0,0.3161728395061728,BALANCED,923.1666666666667,0.0
820,3.2,Orange-N,1225,1198,19.0,220.66666666666666,3.0,1350.0,0.1634567901234568,OVERSUPPLY,1129.3333333333333,0.0
820,3.2,Orange-N,1225,1198,20.0,117.0,3.0,1350.0,0.08666666666666667,OVERSUPPLY,1233.0,0.0
820,3.2,Orange-N,1225,1198,21.0,77.33333333333333,3.0,1350.0,0.057283950617283946,OVERSUPPLY,1272.6666666666667,0.0
820,3.2,Orange-N,1225,1198,22.0,61.5,3.0,1350.0,0.04555555555555556,OVERSUPPLY,1288.5,0.0
820,3.2,Orange-N,1225,1198,23.0,48.166666666666664,3.0,1350.0,0.03567901234567901,OVERSUPPLY,1301.8333333333333,0.0
822,3.2,Orange-N,1226,1199,5.0,2.3333333333333335,3.0,1350.0,0.0017283950617283952,OVERSUPPLY,1347.6666666666667,0.0
822,3.2,Orange-N,1226,1199,6.0,1.6666666666666665,3.0,1350.0,0.0012345679012345679,OVERSUPPLY,1348.3333333333333,0.0
822,3.2,Orange-N,1226,1199,7.0,13.833333333333334,3.0,1350.0,0.010246913580246915,OVERSUPPLY,1336.1666666666667,0.0
822,3.2,Orange-N,1226,1199,8.0,13.0,3.0,1350.0,0.00962962962962963,OVERSUPPLY,1337.0,0.0
822,3.2,Orange-N,1226,1199,9.0,18.833333333333332,3.0,1350.0,0.013950617283950617,OVERSUPPLY,1331.1666666666667,0.0
822,3.2,Orange-N,1226,1199,10.0,8.833333333333334,3.0,1350.0,0.00654320987654321,OVERSUPPLY,1341.1666666666667,0.0
822,3.2,Orange-N,1226,1199,11.0,5.666666666666667,3.0,1350.0,0.004197530864197531,OVERSUPPLY,1344.3333333333333,0.0
822,3.2,Orange-N,1226,1199,12.0,5.833333333333333,3.0,1350.0,0.004320987654320987,OVERSUPPLY,1344.1666666666667,0.0
822,3.2,Orange-N,1226,1199,13.0,3.8333333333333335,3.0,1350.0,0.0028395061728395065,OVERSUPPLY,1346.1666666666667,0.0
822,3.2,Orange-N,1226,1199,14.0,4.166666666666667,3.0,1350.0,0.00308641975308642,OVERSUPPLY,1345.8333333333333,0.0
822,3.2,Orange-N,1226,1199,15.0,5.5,3.0,1350.0,0.004074074074074074,OVERSUPPLY,1344.5,0.0
822,3.2,Orange-N,1226,1199,16.0,6.0,3.0,1350.0,0.0044444444444444444,OVERSUPPLY,1344.0,0.0
822,3.2,Orange-N,1226,1199,17.0,13.5,3.0,1350.0,0.01,OVERSUPPLY,1336.5,0.0
822,3.2,Orange-N,1226,1199,18.0,11.5,3.0,1350.0,0.008518518518518519,OVERSUPPLY,1338.5,0.0
822,3.2,Orange-N,1226,1199,19.0,6.0,3.0,1350.0,0.0044444444444444444,OVERSUPPLY,1344.0,0.0
822,3.2,Orange-N,1226,1199,20.0,2.6666666666666665,3.0,1350.0,0.0019753086419753087,OVERSUPPLY,1347.3333333333333,0.0
822,3.2,Orange-N,1226,1199,21.0,1.3333333333333333,3.0,1350.0,0.0009876543209876543,OVERSUPPLY,1348.6666666666667,0.0
822,3.2,Orange-N,1226,1199,22.0,1.1666666666666665,3.0,1350.0,0.0008641975308641975,OVERSUPPLY,1348.8333333333333,0.0
822,3.2,Orange-N,1226,1199,23.0,0.16666666666666666,3.0,1350.0,0.0001234567901234568,OVERSUPPLY,1349.8333333333333,0.0
824,3.2,Orange-N,1227,1245,5.0,17.333333333333332,3.0,1350.0,0.012839506172839505,OVERSUPPLY,1332.6666666666667,0.0
824,3.2,Orange-N,1227,1245,6.0,58.166666666666664,3.0,1350.0,0.04308641975308642,OVERSUPPLY,1291.8333333333333,0.0
824,3.2,Orange-N,1227,1245,7.0,113.0,3.0,1350.0,0.0837037037037037,OVERSUPPLY,1237.0,0.0
824,3.2,Orange-N,1227,1245,8.0,211.0,3.0,1350.0,0.1562962962962963,OVERSUPPLY,1139.0,0.0
824,3.2,Orange-N,1227,1245,9.0,159.83333333333334,3.0,1350.0,0.11839506172839506,OVERSUPPLY,1190.1666666666667,0.0
824,3.2,Orange-N,1227,1245,10.0,103.5,3.0,1350.0,0.07666666666666666,OVERSUPPLY,1246.5,0.0
824,3.2,Orange-N,1227,1245,11.0,69.83333333333333,3.0,1350.0,0.05172839506172839,OVERSUPPLY,1280.1666666666667,0.0
824,3.2,Orange-N,1227,1245,12.0,62.666666666666664,3.0,1350.0,0.046419753086419754,OVERSUPPLY,1287.3333333333333,0.0
824,3.2,Orange-N,1227,1245,13.0,55.333333333333336,3.0,1350.0,0.04098765432098766,OVERSUPPLY,1294.6666666666667,0.0
824,3.2,Orange-N,1227,1245,14.0,54.166666666666664,3.0,1350.0,0.040123456790123455,OVERSUPPLY,1295.8333333333333,0.0
824,3.2,Orange-N,1227,1245,15.0,76.66666666666667,3.0,1350.0,0.056790123456790124,OVERSUPPLY,1273.3333333333333,0.0
824,3.2,Orange-N,1227,1245,16.0,96.83333333333333,3.0,1350.0,0.07172839506172839,OVERSUPPLY,1253.1666666666667,0.0
824,3.2,Orange-N,1227,1245,17.0,137.33333333333334,3.0,1350.0,0.1017283950617284,OVERSUPPLY,1212.6666666666667,0.0
824,3.2,Orange-N,1227,1245,18.0,146.0,3.0,1350.0,0.10814814814814815,OVERSUPPLY,1204.0,0.0
824,3.2,Orange-N,1227,1245,19.0,94.16666666666667,3.0,1350.0,0.06975308641975309,OVERSUPPLY,1255.8333333333333,0.0
824,3.2,Orange-N,1227,1245,20.0,51.333333333333336,3.0,1350.0,0.03802469135802469,OVERSUPPLY,1298.6666666666667,0.0
824,3.2,Orange-N,1227,1245,21.0,31.833333333333332,3.0,1350.0,0.023580246913580245,OVERSUPPLY,1318.1666666666667,0.0
824,3.2,Orange-N,1227,1245,22.0,31.666666666666664,3.0,1350.0,0.023456790123456788,OVERSUPPLY,1318.3333333333333,0.0
824,3.2,Orange-N,1227,1245,23.0,19.833333333333332,3.0,1350.0,0.014691358024691356,OVERSUPPLY,1330.1666666666667,0.0
826,3.2,Orange-N,1228,1231,5.0,14.666666666666666,3.0,1350.0,0.010864197530864197,OVERSUPPLY,1335.3333333333333,0.0
826,3.2,Orange-N,1228,1231,6.0,37.833333333333336,3.0,1350.0,0.028024691358024694,OVERSUPPLY,1312.1666666666667,0.0
826,3.2,Orange-N,1228,1231,7.0,111.16666666666667,3.0,1350.0,0.08234567901234568,OVERSUPPLY,1238.8333333333333,0.0
826,3.2,Orange-N,1228,1231,8.0,102.66666666666667,3.0,1350.0,0.07604938271604939,OVERSUPPLY,1247.3333333333333,0.0
826,3.2,Orange-N,1228,1231,9.0,83.5,3.0,1350.0,0.06185185185185185,OVERSUPPLY,1266.5,0.0
826,3.2,Orange-N,1228,1231,10.0,71.16666666666667,3.0,1350.0,0.052716049382716054,OVERSUPPLY,1278.8333333333333,0.0
826,3.2,Orange-N,1228,1231,11.0,83.0,3.0,1350.0,0.061481481481481484,OVERSUPPLY,1267.0,0.0
826,3.2,Orange-N,1228,1231,12.0,125.5,3.0,1350.0,0.09296296296296297,OVERSUPPLY,1224.5,0.0
826,3.2,Orange-N,1228,1231,13.0,158.0,3.0,1350.0,0.11703703703703704,OVERSUPPLY,1192.0,0.0
826,3.2,Orange-N,1228,1231,14.0,229.83333333333334,3.0,1350.0,0.17024691358024693,OVERSUPPLY,1120.1666666666667,0.0
826,3.2,Orange-N,1228,1231,15.0,416.5,3.0,1350.0,0.3085185185185185,BALANCED,933.5,0.0
826,3.2,Orange-N,1228,1231,16.0,619.6666666666666,3.0,1350.0,0.45901234567901233,BALANCED,730.3333333333334,0.0
826,3.2,Orange-N,1228,1231,17.0,806.1666666666666,3.0,1350.0,0.5971604938271605,BALANCED,543.8333333333334,0.0
826,3.2,Orange-N,1228,1231,18.0,624.0,3.0,1350.0,0.4622222222222222,BALANCED,726.0,0.0
826,3.2,Orange-N,1228,1231,19.0,334.6666666666667,3.0,1350.0,0.24790123456790125,BALANCED,1015.3333333333333,0.0
826,3.2,Orange-N,1228,1231,20.0,186.5,3.0,1350.0,0.13814814814814816,OVERSUPPLY,1163.5,0.0
826,3.2,Orange-N,1228,1231,21.0,128.5,3.0,1350.0,0.09518518518518519,OVERSUPPLY,1221.5,0.0
826,3.2,Orange-N,1228,1231,22.0,113.5,3.0,1350.0,0.08407407407407408,OVERSUPPLY,1236.5,0.0
826,3.2,Orange-N,1228,1231,23.0,69.66666666666667,3.0,1350.0,0.05160493827160494,OVERSUPPLY,1280.3333333333333,0.0
828,3.2,Orange-N,1229,1232,5.0,11.333333333333334,3.0,1350.0,0.008395061728395062,OVERSUPPLY,1338.6666666666667,0.0
828,3.2,Orange-N,1229,1232,6.0,25.666666666666668,3.0,1350.0,0.019012345679012346,OVERSUPPLY,1324.3333333333333,0.0
828,3.2,Orange-N,1229,1232,7.0,80.83333333333333,3.0,1350.0,0.05987654320987654,OVERSUPPLY,1269.1666666666667,0.0
828,3.2,Orange-N,1229,1232,8.0,67.66666666666667,3.0,1350.0,0.05012345679012346,OVERSUPPLY,1282.3333333333333,0.0
828,3.2,Orange-N,1229,1232,9.0,57.5,3.0,1350.0,0.04259259259259259,OVERSUPPLY,1292.5,0.0
828,3.2,Orange-N,1229,1232,10.0,54.166666666666664,3.0,1350.0,0.040123456790123455,OVERSUPPLY,1295.8333333333333,0.0
828,3.2,Orange-N,1229,1232,11.0,63.333333333333336,3.0,1350.0,0.04691358024691358,OVERSUPPLY,1286.6666666666667,0.0
828,3.2,Orange-N,1229,1232,12.0,88.16666666666667,3.0,1350.0,0.06530864197530864,OVERSUPPLY,1261.8333333333333,0.0
828,3.2,Orange-N,1229,1232,13.0,111.66666666666667,3.0,1350.0,0.08271604938271605,OVERSUPPLY,1238.3333333333333,0.0
828,3.2,Orange-N,1229,1232,14.0,154.16666666666666,3.0,1350.0,0.11419753086419752,OVERSUPPLY,1195.8333333333333,0.0
828,3.2,Orange-N,1229,1232,15.0,287.1666666666667,3.0,1350.0,0.21271604938271607,BALANCED,1062.8333333333333,0.0
828,3.2,Orange-N,1229,1232,16.0,435.0,3.0,1350.0,0.32222222222222224,BALANCED,915.0,0.0
828,3.2,Orange-N,1229,1232,17.0,561.8333333333334,3.0,1350.0,0.41617283950617284,BALANCED,788.1666666666666,0.0
828,3.2,Orange-N,1229,1232,18.0,418.0,3.0,1350.0,0.30962962962962964,BALANCED,932.0,0.0
828,3.2,Orange-N,1229,1232,19.0,225.33333333333334,3.0,1350.0,0.16691358024691358,OVERSUPPLY,1124.6666666666667,0.0
828,3.2,Orange-N,1229,1232,20.0,126.0,3.0,1350.0,0.09333333333333334,OVERSUPPLY,1224.0,0.0
828,3.2,Orange-N,1229,1232,21.0,82.83333333333333,3.0,1350.0,0.061358024691358024,OVERSUPPLY,1267.1666666666667,0.0
828,3.2,Orange-N,1229,1232,22.0,77.66666666666667,3.0,1350.0,0.05753086419753087,OVERSUPPLY,1272.3333333333333,0.0
828,3.2,Orange-N,1229,1232,23.0,41.666666666666664,3.0,1350.0,0.030864197530864196,OVERSUPPLY,1308.3333333333333,0.0
830,3.2,Orange-N,1230,1233,5.0,0.5,3.0,1350.0,0.00037037037037037035,OVERSUPPLY,1349.5,0.0
830,3.2,Orange-N,1230,1233,6.0,0.16666666666666666,3.0,1350.0,0.0001234567901234568,OVERSUPPLY,1349.8333333333333,0.0
830,3.2,Orange-N,1230,1233,7.0,4.166666666666667,3.0,1350.0,0.00308641975308642,OVERSUPPLY,1345.8333333333333,0.0
830,3.2,Orange-N,1230,1233,8.0,1.5,3.0,1350.0,0.0011111111111111111,OVERSUPPLY,1348.5,0.0
830,3.2,Orange-N,1230,1233,9.0,1.5,3.0,1350.0,0.0011111111111111111,OVERSUPPLY,1348.5,0.0
830,3.2,Orange-N,1230,1233,10.0,2.333333333333333,3.0,1350.0,0.001728395061728395,OVERSUPPLY,1347.6666666666667,0.0
830,3.2,Orange-N,1230,1233,11.0,1.5,3.0,1350.0,0.0011111111111111111,OVERSUPPLY,1348.5,0.0
830,3.2,Orange-N,1230,1233,12.0,1.1666666666666665,3.0,1350.0,0.0008641975308641975,OVERSUPPLY,1348.8333333333333,0.0
830,3.2,Orange-N,1230,1233,13.0,1.0,3.0,1350.0,0.0007407407407407407,OVERSUPPLY,1349.0,0.0
830,3.2,Orange-N,1230,1233,14.0,0.6666666666666666,3.0,1350.0,0.0004938271604938272,OVERSUPPLY,1349.3333333333333,0.0
830,3.2,Orange-N,1230,1233,15.0,1.1666666666666665,3.0,1350.0,0.0008641975308641975,OVERSUPPLY,1348.8333333333333,0.0
830,3.2,Orange-N,1230,1233,16.0,2.1666666666666665,3.0,1350.0,0.0016049382716049382,OVERSUPPLY,1347.8333333333333,0.0
830,3.2,Orange-N,1230,1233,17.0,6.5,3.0,1350.0,0.004814814814814815,OVERSUPPLY,1343.5,0.0
830,3.2,Orange-N,1230,1233,18.0,5.333333333333333,3.0,1350.0,0.003950617283950617,OVERSUPPLY,1344.6666666666667,0.0
830,3.2,Orange-N,1230,1233,19.0,1.5,3.0,1350.0,0.0011111111111111111,OVERSUPPLY,1348.5,0.0
830,3.2,Orange-N,1230,1233,20.0,0.6666666666666666,3.0,1350.0,0.0004938271604938272,OVERSUPPLY,1349.3333333333333,0.0
830,3.2,Orange-N,1230,1233,21.0,0.5,3.0,1350.0,0.00037037037037037035,OVERSUPPLY,1349.5,0.0
830,3.2,Orange-N,1230,1233,22.0,0.6666666666666666,3.0,1350.0,0.0004938271604938272,OVERSUPPLY,1349.3333333333333,0.0
832,3.2,Orange-N,1231,1210,5.0,0.3333333333333333,3.0,1350.0,0.0002469135802469136,OVERSUPPLY,1349.6666666666667,0.0
832,3.2,Orange-N,1231,1210,6.0,0.8333333333333334,3.0,1350.0,0.0006172839506172839,OVERSUPPLY,1349.1666666666667,0.0
832,3.2,Orange-N,1231,1210,7.0,1.6666666666666667,3.0,1350.0,0.0012345679012345679,OVERSUPPLY,1348.3333333333333,0.0
832,3.2,Orange-N,1231,1210,8.0,2.8333333333333335,3.0,1350.0,0.0020987654320987655,OVERSUPPLY,1347.1666666666667,0.0
832,3.2,Orange-N,1231,1210,9.0,1.5,3.0,1350.0,0.0011111111111111111,OVERSUPPLY,1348.5,0.0
832,3.2,Orange-N,1231,1210,10.0,1.0,3.0,1350.0,0.0007407407407407407,OVERSUPPLY,1349.0,0.0
832,3.2,Orange-N,1231,1210,11.0,0.3333333333333333,3.0,1350.0,0.0002469135802469136,OVERSUPPLY,1349.6666666666667,0.0
832,3.2,Orange-N,1231,1210,12.0,2.3333333333333335,3.0,1350.0,0.0017283950617283952,OVERSUPPLY,1347.6666666666667,0.0
832,3.2,Orange-N,1231,1210,13.0,1.3333333333333333,3.0,1350.0,0.0009876543209876543,OVERSUPPLY,1348.6666666666667,0.0
832,3.2,Orange-N,1231,1210,14.0,5.333333333333333,3.0,1350.0,0.003950617283950617,OVERSUPPLY,1344.6666666666667,0.0
832,3.2,Orange-N,1231,1210,15.0,6.833333333333333,3.0,1350.0,0.005061728395061728,OVERSUPPLY,1343.1666666666667,0.0
832,3.2,Orange-N,1231,1210,16.0,3.6666666666666665,3.0,1350.0,0.0027160493827160493,OVERSUPPLY,1346.3333333333333,0.0
832,3.2,Orange-N,1231,1210,17.0,3.3333333333333335,3.0,1350.0,0.0024691358024691358,OVERSUPPLY,1346.6666666666667,0.0
832,3.2,Orange-N,1231,1210,18.0,2.8333333333333335,3.0,1350.0,0.0020987654320987655,OVERSUPPLY,1347.1666666666667,0.0
832,3.2,Orange-N,1231,1210,19.0,1.0,3.0,1350.0,0.0007407407407407407,OVERSUPPLY,1349.0,0.0
832,3.2,Orange-N,1231,1210,20.0,0.8333333333333334,3.0,1350.0,0.0006172839506172839,OVERSUPPLY,1349.1666666666667,0.0
832,3.2,Orange-N,1231,1210,21.0,1.0,3.0,1350.0,0.0007407407407407407,OVERSUPPLY,1349.0,0.0
832,3.2,Orange-N,1231,1210,22.0,0.3333333333333333,3.0,1350.0,0.0002469135802469136,OVERSUPPLY,1349.6666666666667,0.0
834,3.2,Orange-N,1232,1211,6.0,2.0,3.0,1350.0,0.0014814814814814814,OVERSUPPLY,1348.0,0.0
834,3.2,Orange-N,1232,1211,7.0,1.8333333333333333,3.0,1350.0,0.0013580246913580246,OVERSUPPLY,1348.1666666666667,0.0
834,3.2,Orange-N,1232,1211,8.0,3.0,3.0,1350.0,0.0022222222222222222,OVERSUPPLY,1347.0,0.0
834,3.2,Orange-N,1232,1211,9.0,0.6666666666666666,3.0,1350.0,0.0004938271604938272,OVERSUPPLY,1349.3333333333333,0.0
834,3.2,Orange-N,1232,1211,10.0,1.0,3.0,1350.0,0.0007407407407407407,OVERSUPPLY,1349.0,0.0
834,3.2,Orange-N,1232,1211,11.0,0.8333333333333333,3.0,1350.0,0.0006172839506172839,OVERSUPPLY,1349.1666666666667,0.0
834,3.2,Orange-N,1232,1211,12.0,1.3333333333333333,3.0,1350.0,0.0009876543209876543,OVERSUPPLY,1348.6666666666667,0.0
834,3.2,Orange-N,1232,1211,13.0,2.5,3.0,1350.0,0.001851851851851852,OVERSUPPLY,1347.5,0.0
834,3.2,Orange-N,1232,1211,14.0,1.3333333333333333,3.0,1350.0,0.0009876543209876543,OVERSUPPLY,1348.6666666666667,0.0
834,3.2,Orange-N,1232,1211,15.0,3.6666666666666665,3.0,1350.0,0.0027160493827160493,OVERSUPPLY,1346.3333333333333,0.0
834,3.2,Orange-N,1232,1211,16.0,3.5,3.0,1350.0,0.0025925925925925925,OVERSUPPLY,1346.5,0.0
834,3.2,Orange-N,1232,1211,17.0,6.5,3.0,1350.0,0.004814814814814815,OVERSUPPLY,1343.5,0.0
834,3.2,Orange-N,1232,1211,18.0,5.166666666666667,3.0,1350.0,0.0038271604938271606,OVERSUPPLY,1344.8333333333333,0.0
834,3.2,Orange-N,1232,1211,19.0,3.833333333333333,3.0,1350.0,0.002839506172839506,OVERSUPPLY,1346.1666666666667,0.0
834,3.2,Orange-N,1232,1211,20.0,4.0,3.0,1350.0,0.002962962962962963,OVERSUPPLY,1346.0,0.0
834,3.2,Orange-N,1232,1211,21.0,1.1666666666666665,3.0,1350.0,0.0008641975308641975,OVERSUPPLY,1348.8333333333333,0.0
834,3.2,Orange-N,1232,1211,22.0,1.3333333333333333,3.0,1350.0,0.0009876543209876543,OVERSUPPLY,1348.6666666666667,0.0
834,3.2,Orange-N,1232,1211,23.0,1.3333333333333333,3.0,1350.0,0.0009876543209876543,OVERSUPPLY,1348.6666666666667,0.0
841,3.2,Orange-N,1237,1204,5.0,78.66666666666667,3.0,1350.0,0.05827160493827161,OVERSUPPLY,1271.3333333333333,0.0
841,3.2,Orange-N,1237,1204,6.0,239.83333333333334,3.0,1350.0,0.17765432098765432,OVERSUPPLY,1110.1666666666667,0.0
841,3.2,Orange-N,1237,1204,7.0,478.6666666666667,3.0,1350.0,0.35456790123456794,BALANCED,871.3333333333333,0.0
841,3.2,Orange-N,1237,1204,8.0,682.0,3.0,1350.0,0.5051851851851852,BALANCED,668.0,0.0
841,3.2,Orange-N,1237,1204,9.0,470.0,3.0,1350.0,0.34814814814814815,BALANCED,880.0,0.0
841,3.2,Orange-N,1237,1204,10.0,209.5,3.0,1350.0,0.15518518518518518,OVERSUPPLY,1140.5,0.0
841,3.2,Orange-N,1237,1204,11.0,134.83333333333334,3.0,1350.0,0.09987654320987654,OVERSUPPLY,1215.1666666666667,0.0
841,3.2,Orange-N,1237,1204,12.0,110.66666666666667,3.0,1350.0,0.08197530864197532,OVERSUPPLY,1239.3333333333333,0.0
841,3.2,Orange-N,1237,1204,13.0,96.5,3.0,1350.0,0.07148148148148148,OVERSUPPLY,1253.5,0.0
841,3.2,Orange-N,1237,1204,14.0,103.16666666666667,3.0,1350.0,0.07641975308641975,OVERSUPPLY,1246.8333333333333,0.0
841,3.2,Orange-N,1237,1204,15.0,124.0,3.0,1350.0,0.09185185185185185,OVERSUPPLY,1226.0,0.0
841,3.2,Orange-N,1237,1204,16.0,167.66666666666666,3.0,1350.0,0.12419753086419752,OVERSUPPLY,1182.3333333333333,0.0
841,3.2,Orange-N,1237,1204,17.0,206.66666666666666,3.0,1350.0,0.1530864197530864,OVERSUPPLY,1143.3333333333333,0.0
841,3.2,Orange-N,1237,1204,18.0,161.0,3.0,1350.0,0.11925925925925926,OVERSUPPLY,1189.0,0.0
841,3.2,Orange-N,1237,1204,19.0,90.0,3.0,1350.0,0.06666666666666667,OVERSUPPLY,1260.0,0.0
841,3.2,Orange-N,1237,1204,20.0,61.5,3.0,1350.0,0.04555555555555556,OVERSUPPLY,1288.5,0.0
841,3.2,Orange-N,1237,1204,21.0,42.0,3.0,1350.0,0.03111111111111111,OVERSUPPLY,1308.0,0.0
841,3.2,Orange-N,1237,1204,22.0,29.666666666666664,3.0,1350.0,0.021975308641975305,OVERSUPPLY,1320.3333333333333,0.0
841,3.2,Orange-N,1237,1204,23.0,15.5,3.0,1350.0,0.011481481481481481,OVERSUPPLY,1334.5,0.0
843,3.2,Orange-N,1238,1205,5.0,90.83333333333333,3.0,1350.0,0.06728395061728394,OVERSUPPLY,1259.1666666666667,0.0
843,3.2,Orange-N,1238,1205,6.0,312.8333333333333,3.0,1350.0,0.23172839506172838,BALANCED,1037.1666666666667,0.0
843,3.2,Orange-N,1238,1205,7.0,645.6666666666666,3.0,1350.0,0.4782716049382716,BALANCED,704.3333333333334,0.0
843,3.2,Orange-N,1238,1205,8.0,958.1666666666666,3.0,1350.0,0.7097530864197531,BALANCED,391.83333333333337,0.0
843,3.2,Orange-N,1238,1205,9.0,666.5,3.0,1350.0,0.4937037037037037,BALANCED,683.5,0.0
843,3.2,Orange-N,1238,1205,10.0,336.3333333333333,3.0,1350.0,0.24913580246913578,BALANCED,1013.6666666666667,0.0
843,3.2,Orange-N,1238,1205,11.0,222.83333333333334,3.0,1350.0,0.16506172839506172,OVERSUPPLY,1127.1666666666667,0.0
843,3.2,Orange-N,1238,1205,12.0,170.0,3.0,1350.0,0.1259259259259259,OVERSUPPLY,1180.0,0.0
843,3.2,Orange-N,1238,1205,13.0,154.5,3.0,1350.0,0.11444444444444445,OVERSUPPLY,1195.5,0.0
843,3.2,Orange-N,1238,1205,14.0,151.66666666666666,3.0,1350.0,0.11234567901234567,OVERSUPPLY,1198.3333333333333,0.0
843,3.2,Orange-N,1238,1205,15.0,191.0,3.0,1350.0,0.14148148148148149,OVERSUPPLY,1159.0,0.0
843,3.2,Orange-N,1238,1205,16.0,252.66666666666666,3.0,1350.0,0.1871604938271605,OVERSUPPLY,1097.3333333333333,0.0
843,3.2,Orange-N,1238,1205,17.0,343.5,3.0,1350.0,0.2544444444444444,BALANCED,1006.5,0.0
843,3.2,Orange-N,1238,1205,18.0,318.3333333333333,3.0,1350.0,0.23580246913580247,BALANCED,1031.6666666666667,0.0
843,3.2,Orange-N,1238,1205,19.0,197.66666666666666,3.0,1350.0,0.14641975308641975,OVERSUPPLY,1152.3333333333333,0.0
843,3.2,Orange-N,1238,1205,20.0,120.83333333333333,3.0,1350.0,0.08950617283950617,OVERSUPPLY,1229.1666666666667,0.0
843,3.2,Orange-N,1238,1205,21.0,72.0,3.0,1350.0,0.05333333333333334,OVERSUPPLY,1278.0,0.0
843,3.2,Orange-N,1238,1205,22.0,57.666666666666664,3.0,1350.0,0.042716049382716045,OVERSUPPLY,1292.3333333333333,0.0
843,3.2,Orange-N,1238,1205,23.0,32.666666666666664,3.0,1350.0,0.024197530864197528,OVERSUPPLY,1317.3333333333333,0.0
845,3.2,Orange-N,1239,1206,5.0,15.0,3.0,1350.0,0.011111111111111112,OVERSUPPLY,1335.0,0.0
845,3.2,Orange-N,1239,1206,6.0,52.333333333333336,3.0,1350.0,0.038765432098765436,OVERSUPPLY,1297.6666666666667,0.0
845,3.2,Orange-N,1239,1206,7.0,131.66666666666666,3.0,1350.0,0.09753086419753086,OVERSUPPLY,1218.3333333333333,0.0
845,3.2,Orange-N,1239,1206,8.0,206.16666666666666,3.0,1350.0,0.15271604938271605,OVERSUPPLY,1143.8333333333333,0.0
845,3.2,Orange-N,1239,1206,9.0,180.5,3.0,1350.0,0.1337037037037037,OVERSUPPLY,1169.5,0.0
845,3.2,Orange-N,1239,1206,10.0,74.5,3.0,1350.0,0.055185185185185184,OVERSUPPLY,1275.5,0.0
845,3.2,Orange-N,1239,1206,11.0,42.833333333333336,3.0,1350.0,0.0317283950617284,OVERSUPPLY,1307.1666666666667,0.0
845,3.2,Orange-N,1239,1206,12.0,28.333333333333332,3.0,1350.0,0.020987654320987655,OVERSUPPLY,1321.6666666666667,0.0
845,3.2,Orange-N,1239,1206,13.0,19.5,3.0,1350.0,0.014444444444444444,OVERSUPPLY,1330.5,0.0
845,3.2,Orange-N,1239,1206,14.0,22.0,3.0,1350.0,0.016296296296296295,OVERSUPPLY,1328.0,0.0
845,3.2,Orange-N,1239,1206,15.0,27.833333333333332,3.0,1350.0,0.020617283950617283,OVERSUPPLY,1322.1666666666667,0.0
845,3.2,Orange-N,1239,1206,16.0,33.166666666666664,3.0,1350.0,0.0245679012345679,OVERSUPPLY,1316.8333333333333,0.0
845,3.2,Orange-N,1239,1206,17.0,46.0,3.0,1350.0,0.034074074074074076,OVERSUPPLY,1304.0,0.0
845,3.2,Orange-N,1239,1206,18.0,44.83333333333333,3.0,1350.0,0.03320987654320987,OVERSUPPLY,1305.1666666666667,0.0
845,3.2,Orange-N,1239,1206,19.0,28.833333333333332,3.0,1350.0,0.021358024691358023,OVERSUPPLY,1321.1666666666667,0.0
845,3.2,Orange-N,1239,1206,20.0,16.0,3.0,1350.0,0.011851851851851851,OVERSUPPLY,1334.0,0.0
845,3.2,Orange-N,1239,1206,21.0,8.333333333333334,3.0,1350.0,0.00617283950617284,OVERSUPPLY,1341.6666666666667,0.0
845,3.2,Orange-N,1239,1206,22.0,4.0,3.0,1350.0,0.002962962962962963,OVERSUPPLY,1346.0,0.0
845,3.2,Orange-N,1239,1206,23.0,3.5,3.0,1350.0,0.0025925925925925925,OVERSUPPLY,1346.5,0.0
847,3.2,Orange-N,1240,1218,5.0,15.333333333333334,3.0,1350.0,0.011358024691358026,OVERSUPPLY,1334.6666666666667,0.0
847,3.2,Orange-N,1240,1218,6.0,48.833333333333336,3.0,1350.0,0.03617283950617284,OVERSUPPLY,1301.1666666666667,0.0
847,3.2,Orange-N,1240,1218,7.0,74.83333333333333,3.0,1350.0,0.05543209876543209,OVERSUPPLY,1275.1666666666667,0.0
847,3.2,Orange-N,1240,1218,8.0,95.33333333333333,3.0,1350.0,0.07061728395061728,OVERSUPPLY,1254.6666666666667,0.0
847,3.2,Orange-N,1240,1218,9.0,45.166666666666664,3.0,1350.0,0.03345679012345679,OVERSUPPLY,1304.8333333333333,0.0
847,3.2,Orange-N,1240,1218,10.0,20.666666666666668,3.0,1350.0,0.015308641975308642,OVERSUPPLY,1329.3333333333333,0.0
847,3.2,Orange-N,1240,1218,11.0,19.833333333333336,3.0,1350.0,0.01469135802469136,OVERSUPPLY,1330.1666666666667,0.0
847,3.2,Orange-N,1240,1218,12.0,14.666666666666666,3.0,1350.0,0.010864197530864197,OVERSUPPLY,1335.3333333333333,0.0
847,3.2,Orange-N,1240,1218,13.0,13.0,3.0,1350.0,0.00962962962962963,OVERSUPPLY,1337.0,0.0
847,3.2,Orange-N,1240,1218,14.0,14.166666666666666,3.0,1350.0,0.010493827160493827,OVERSUPPLY,1335.8333333333333,0.0
847,3.2,Orange-N,1240,1218,15.0,17.5,3.0,1350.0,0.012962962962962963,OVERSUPPLY,1332.5,0.0
847,3.2,Orange-N,1240,1218,16.0,26.5,3.0,1350.0,0.01962962962962963,OVERSUPPLY,1323.5,0.0
847,3.2,Orange-N,1240,1218,17.0,29.5,3.0,1350.0,0.02185185185185185,OVERSUPPLY,1320.5,0.0
847,3.2,Orange-N,1240,1218,18.0,17.5,3.0,1350.0,0.012962962962962963,OVERSUPPLY,1332.5,0.0
847,3.2,Orange-N,1240,1218,19.0,9.166666666666666,3.0,1350.0,0.006790123456790123,OVERSUPPLY,1340.8333333333333,0.0
847,3.2,Orange-N,1240,1218,20.0,8.0,3.0,1350.0,0.005925925925925926,OVERSUPPLY,1342.0,0.0
847,3.2,Orange-N,1240,1218,21.0,6.833333333333333,3.0,1350.0,0.005061728395061728,OVERSUPPLY,1343.1666666666667,0.0
847,3.2,Orange-N,1240,1218,22.0,4.166666666666666,3.0,1350.0,0.003086419753086419,OVERSUPPLY,1345.8333333333333,0.0
847,3.2,Orange-N,1240,1218,23.0,1.5,3.0,1350.0,0.0011111111111111111,OVERSUPPLY,1348.5,0.0
849,3.2,Orange-N,1241,1219,5.0,53.833333333333336,3.0,1350.0,0.03987654320987655,OVERSUPPLY,1296.1666666666667,0.0
849,3.2,Orange-N,1241,1219,6.0,197.0,3.0,1350.0,0.14592592592592593,OVERSUPPLY,1153.0,0.0
849,3.2,Orange-N,1241,1219,7.0,413.6666666666667,3.0,1350.0,0.3064197530864198,BALANCED,936.3333333333333,0.0
849,3.2,Orange-N,1241,1219,8.0,660.5,3.0,1350.0,0.4892592592592593,BALANCED,689.5,0.0
849,3.2,Orange-N,1241,1219,9.0,512.0,3.0,1350.0,0.37925925925925924,BALANCED,838.0,0.0
849,3.2,Orange-N,1241,1219,10.0,265.6666666666667,3.0,1350.0,0.19679012345679014,OVERSUPPLY,1084.3333333333333,0.0
849,3.2,Orange-N,1241,1219,11.0,179.16666666666666,3.0,1350.0,0.13271604938271606,OVERSUPPLY,1170.8333333333333,0.0
849,3.2,Orange-N,1241,1219,12.0,133.5,3.0,1350.0,0.09888888888888889,OVERSUPPLY,1216.5,0.0
849,3.2,Orange-N,1241,1219,13.0,113.5,3.0,1350.0,0.08407407407407408,OVERSUPPLY,1236.5,0.0
849,3.2,Orange-N,1241,1219,14.0,111.0,3.0,1350.0,0.08222222222222222,OVERSUPPLY,1239.0,0.0
849,3.2,Orange-N,1241,1219,15.0,157.0,3.0,1350.0,0.1162962962962963,OVERSUPPLY,1193.0,0.0
849,3.2,Orange-N,1241,1219,16.0,218.83333333333334,3.0,1350.0,0.16209876543209878,OVERSUPPLY,1131.1666666666667,0.0
849,3.2,Orange-N,1241,1219,17.0,300.1666666666667,3.0,1350.0,0.2223456790123457,BALANCED,1049.8333333333333,0.0
849,3.2,Orange-N,1241,1219,18.0,289.1666666666667,3.0,1350.0,0.21419753086419754,BALANCED,1060.8333333333333,0.0
849,3.2,Orange-N,1241,1219,19.0,185.16666666666666,3.0,1350.0,0.13716049382716047,OVERSUPPLY,1164.8333333333333,0.0
849,3.2,Orange-N,1241,1219,20.0,100.0,3.0,1350.0,0.07407407407407407,OVERSUPPLY,1250.0,0.0
849,3.2,Orange-N,1241,1219,21.0,57.666666666666664,3.0,1350.0,0.042716049382716045,OVERSUPPLY,1292.3333333333333,0.0
849,3.2,Orange-N,1241,1219,22.0,47.0,3.0,1350.0,0.03481481481481481,OVERSUPPLY,1303.0,0.0
849,3.2,Orange-N,1241,1219,23.0,29.333333333333332,3.0,1350.0,0.021728395061728394,OVERSUPPLY,1320.6666666666667,0.0
851,3.2,Orange-N,1242,1220,5.0,17.833333333333332,3.0,1350.0,0.013209876543209875,OVERSUPPLY,1332.1666666666667,0.0
851,3.2,Orange-N,1242,1220,6.0,59.166666666666664,3.0,1350.0,0.04382716049382716,OVERSUPPLY,1290.8333333333333,0.0
851,3.2,Orange-N,1242,1220,7.0,155.66666666666666,3.0,1350.0,0.11530864197530863,OVERSUPPLY,1194.3333333333333,0.0
851,3.2,Orange-N,1242,1220,8.0,235.5,3.0,1350.0,0.17444444444444446,OVERSUPPLY,1114.5,0.0
851,3.2,Orange-N,1242,1220,9.0,209.0,3.0,1350.0,0.15481481481481482,OVERSUPPLY,1141.0,0.0
851,3.2,Orange-N,1242,1220,10.0,89.33333333333333,3.0,1350.0,0.06617283950617284,OVERSUPPLY,1260.6666666666667,0.0
851,3.2,Orange-N,1242,1220,11.0,58.16666666666667,3.0,1350.0,0.04308641975308642,OVERSUPPLY,1291.8333333333333,0.0
851,3.2,Orange-N,1242,1220,12.0,43.833333333333336,3.0,1350.0,0.032469135802469136,OVERSUPPLY,1306.1666666666667,0.0
851,3.2,Orange-N,1242,1220,13.0,33.0,3.0,1350.0,0.024444444444444446,OVERSUPPLY,1317.0,0.0
851,3.2,Orange-N,1242,1220,14.0,37.0,3.0,1350.0,0.027407407407407408,OVERSUPPLY,1313.0,0.0
851,3.2,Orange-N,1242,1220,15.0,48.833333333333336,3.0,1350.0,0.03617283950617284,OVERSUPPLY,1301.1666666666667,0.0
851,3.2,Orange-N,1242,1220,16.0,69.0,3.0,1350.0,0.051111111111111114,OVERSUPPLY,1281.0,0.0
851,3.2,Orange-N,1242,1220,17.0,90.83333333333333,3.0,1350.0,0.06728395061728394,OVERSUPPLY,1259.1666666666667,0.0
851,3.2,Orange-N,1242,1220,18.0,77.5,3.0,1350.0,0.05740740740740741,OVERSUPPLY,1272.5,0.0
851,3.2,Orange-N,1242,1220,19.0,45.5,3.0,1350.0,0.0337037037037037,OVERSUPPLY,1304.5,0.0
851,3.2,Orange-N,1242,1220,20.0,26.5,3.0,1350.0,0.01962962962962963,OVERSUPPLY,1323.5,0.0
851,3.2,Orange-N,1242,1220,21.0,14.666666666666666,3.0,1350.0,0.010864197530864197,OVERSUPPLY,1335.3333333333333,0.0
851,3.2,Orange-N,1242,1220,22.0,8.5,3.0,1350.0,0.006296296296296296,OVERSUPPLY,1341.5,0.0
851,3.2,Orange-N,1242,1220,23.0,6.0,3.0,1350.0,0.0044444444444444444,OVERSUPPLY,1344.0,0.0
853,3.2,Orange-N,1243,1241,5.0,40.666666666666664,3.0,1350.0,0.030123456790123456,OVERSUPPLY,1309.3333333333333,0.0
853,3.2,Orange-N,1243,1241,6.0,154.0,3.0,1350.0,0.11407407407407408,OVERSUPPLY,1196.0,0.0
853,3.2,Orange-N,1243,1241,7.0,347.1666666666667,3.0,1350.0,0.2571604938271605,BALANCED,1002.8333333333333,0.0
853,3.2,Orange-N,1243,1241,8.0,570.3333333333334,3.0,1350.0,0.42246913580246914,BALANCED,779.6666666666666,0.0
853,3.2,Orange-N,1243,1241,9.0,469.8333333333333,3.0,1350.0,0.34802469135802466,BALANCED,880.1666666666667,0.0
853,3.2,Orange-N,1243,1241,10.0,248.0,3.0,1350.0,0.1837037037037037,OVERSUPPLY,1102.0,0.0
853,3.2,Orange-N,1243,1241,11.0,161.33333333333334,3.0,1350.0,0.11950617283950618,OVERSUPPLY,1188.6666666666667,0.0
853,3.2,Orange-N,1243,1241,12.0,123.5,3.0,1350.0,0.09148148148148148,OVERSUPPLY,1226.5,0.0
853,3.2,Orange-N,1243,1241,13.0,104.83333333333333,3.0,1350.0,0.07765432098765432,OVERSUPPLY,1245.1666666666667,0.0
853,3.2,Orange-N,1243,1241,14.0,105.66666666666667,3.0,1350.0,0.07827160493827161,OVERSUPPLY,1244.3333333333333,0.0
853,3.2,Orange-N,1243,1241,15.0,151.16666666666666,3.0,1350.0,0.1119753086419753,OVERSUPPLY,1198.8333333333333,0.0
853,3.2,Orange-N,1243,1241,16.0,204.0,3.0,1350.0,0.1511111111111111,OVERSUPPLY,1146.0,0.0
853,3.2,Orange-N,1243,1241,17.0,290.8333333333333,3.0,1350.0,0.2154320987654321,BALANCED,1059.1666666666667,0.0
853,3.2,Orange-N,1243,1241,18.0,287.6666666666667,3.0,1350.0,0.21308641975308643,BALANCED,1062.3333333333333,0.0
853,3.2,Orange-N,1243,1241,19.0,186.83333333333334,3.0,1350.0,0.13839506172839508,OVERSUPPLY,1163.1666666666667,0.0
853,3.2,Orange-N,1243,1241,20.0,97.16666666666667,3.0,1350.0,0.07197530864197531,OVERSUPPLY,1252.8333333333333,0.0
853,3.2,Orange-N,1243,1241,21.0,53.666666666666664,3.0,1350.0,0.039753086419753086,OVERSUPPLY,1296.3333333333333,0.0
853,3.2,Orange-N,1243,1241,22.0,45.5,3.0,1350.0,0.0337037037037037,OVERSUPPLY,1304.5,0.0
853,3.2,Orange-N,1243,1241,23.0,29.833333333333332,3.0,1350.0,0.022098765432098766,OVERSUPPLY,1320.1666666666667,0.0
855,3.2,Orange-N,1244,1242,5.0,18.333333333333332,3.0,1350.0,0.013580246913580247,OVERSUPPLY,1331.6666666666667,0.0
855,3.2,Orange-N,1244,1242,6.0,60.333333333333336,3.0,1350.0,0.04469135802469136,OVERSUPPLY,1289.6666666666667,0.0
855,3.2,Orange-N,1244,1242,7.0,159.0,3.0,1350.0,0.11777777777777777,OVERSUPPLY,1191.0,0.0
855,3.2,Orange-N,1244,1242,8.0,237.66666666666666,3.0,1350.0,0.17604938271604936,OVERSUPPLY,1112.3333333333333,0.0
855,3.2,Orange-N,1244,1242,9.0,211.0,3.0,1350.0,0.1562962962962963,OVERSUPPLY,1139.0,0.0
855,3.2,Orange-N,1244,1242,10.0,90.5,3.0,1350.0,0.06703703703703703,OVERSUPPLY,1259.5,0.0
855,3.2,Orange-N,1244,1242,11.0,59.166666666666664,3.0,1350.0,0.04382716049382716,OVERSUPPLY,1290.8333333333333,0.0
855,3.2,Orange-N,1244,1242,12.0,47.0,3.0,1350.0,0.03481481481481481,OVERSUPPLY,1303.0,0.0
855,3.2,Orange-N,1244,1242,13.0,35.0,3.0,1350.0,0.025925925925925925,OVERSUPPLY,1315.0,0.0
855,3.2,Orange-N,1244,1242,14.0,41.833333333333336,3.0,1350.0,0.030987654320987656,OVERSUPPLY,1308.1666666666667,0.0
855,3.2,Orange-N,1244,1242,15.0,54.5,3.0,1350.0,0.04037037037037037,OVERSUPPLY,1295.5,0.0
855,3.2,Orange-N,1244,1242,16.0,74.0,3.0,1350.0,0.054814814814814816,OVERSUPPLY,1276.0,0.0
855,3.2,Orange-N,1244,1242,17.0,102.16666666666667,3.0,1350.0,0.07567901234567902,OVERSUPPLY,1247.8333333333333,0.0
855,3.2,Orange-N,1244,1242,18.0,84.5,3.0,1350.0,0.06259259259259259,OVERSUPPLY,1265.5,0.0
855,3.2,Orange-N,1244,1242,19.0,49.666666666666664,3.0,1350.0,0.03679012345679012,OVERSUPPLY,1300.3333333333333,0.0
855,3.2,Orange-N,1244,1242,20.0,28.333333333333332,3.0,1350.0,0.020987654320987655,OVERSUPPLY,1321.6666666666667,0.0
855,3.2,Orange-N,1244,1242,21.0,16.166666666666668,3.0,1350.0,0.01197530864197531,OVERSUPPLY,1333.8333333333333,0.0
855,3.2,Orange-N,1244,1242,22.0,10.166666666666666,3.0,1350.0,0.007530864197530864,OVERSUPPLY,1339.8333333333333,0.0
855,3.2,Orange-N,1244,1242,23.0,6.333333333333333,3.0,1350.0,0.004691358024691358,OVERSUPPLY,1343.6666666666667,0.0
857,3.2,Orange-N,1245,1213,5.0,23.166666666666668,3.0,1350.0,0.017160493827160495,OVERSUPPLY,1326.8333333333333,0.0
857,3.2,Orange-N,1245,1213,6.0,86.16666666666667,3.0,1350.0,0.06382716049382717,OVERSUPPLY,1263.8333333333333,0.0
857,3.2,Orange-N,1245,1213,7.0,158.83333333333334,3.0,1350.0,0.11765432098765433,OVERSUPPLY,1191.1666666666667,0.0
857,3.2,Orange-N,1245,1213,8.0,269.3333333333333,3.0,1350.0,0.19950617283950617,OVERSUPPLY,1080.6666666666667,0.0
857,3.2,Orange-N,1245,1213,9.0,207.33333333333334,3.0,1350.0,0.15358024691358024,OVERSUPPLY,1142.6666666666667,0.0
857,3.2,Orange-N,1245,1213,10.0,130.0,3.0,1350.0,0.0962962962962963,OVERSUPPLY,1220.0,0.0
857,3.2,Orange-N,1245,1213,11.0,86.0,3.0,1350.0,0.0637037037037037,OVERSUPPLY,1264.0,0.0
857,3.2,Orange-N,1245,1213,12.0,73.83333333333333,3.0,1350.0,0.054691358024691356,OVERSUPPLY,1276.1666666666667,0.0
857,3.2,Orange-N,1245,1213,13.0,67.0,3.0,1350.0,0.04962962962962963,OVERSUPPLY,1283.0,0.0
857,3.2,Orange-N,1245,1213,14.0,70.66666666666667,3.0,1350.0,0.05234567901234568,OVERSUPPLY,1279.3333333333333,0.0
857,3.2,Orange-N,1245,1213,15.0,111.0,3.0,1350.0,0.08222222222222222,OVERSUPPLY,1239.0,0.0
857,3.2,Orange-N,1245,1213,16.0,144.16666666666666,3.0,1350.0,0.10679012345679012,OVERSUPPLY,1205.8333333333333,0.0
857,3.2,Orange-N,1245,1213,17.0,219.16666666666666,3.0,1350.0,0.16234567901234567,OVERSUPPLY,1130.8333333333333,0.0
857,3.2,Orange-N,1245,1213,18.0,228.66666666666666,3.0,1350.0,0.1693827160493827,OVERSUPPLY,1121.3333333333333,0.0
857,3.2,Orange-N,1245,1213,19.0,142.66666666666666,3.0,1350.0,0.105679012345679,OVERSUPPLY,1207.3333333333333,0.0
857,3.2,Orange-N,1245,1213,20.0,73.66666666666667,3.0,1350.0,0.0545679012345679,OVERSUPPLY,1276.3333333333333,0.0
857,3.2,Orange-N,1245,1213,21.0,38.0,3.0,1350.0,0.028148148148148148,OVERSUPPLY,1312.0,0.0
857,3.2,Orange-N,1245,1213,22.0,38.33333333333333,3.0,1350.0,0.02839506172839506,OVERSUPPLY,1311.6666666666667,0.0
857,3.2,Orange-N,1245,1213,23.0,26.166666666666668,3.0,1350.0,0.019382716049382718,OVERSUPPLY,1323.8333333333333,0.0
859,4.1,Orange-S,1246,1257,5.0,59.333333333333336,3.0,1350.0,0.04395061728395062,OVERSUPPLY,1290.6666666666667,0.0
859,4.1,Orange-S,1246,1257,6.0,229.66666666666666,3.0,1350.0,0.17012345679012345,OVERSUPPLY,1120.3333333333333,0.0
859,4.1,Orange-S,1246,1257,7.0,385.0,3.0,1350.0,0.2851851851851852,BALANCED,965.0,0.0
859,4.1,Orange-S,1246,1257,8.0,464.3333333333333,3.0,1350.0,0.3439506172839506,BALANCED,885.6666666666667,0.0
859,4.1,Orange-S,1246,1257,9.0,307.0,3.0,1350.0,0.22740740740740742,BALANCED,1043.0,0.0
859,4.1,Orange-S,1246,1257,10.0,242.0,3.0,1350.0,0.17925925925925926,OVERSUPPLY,1108.0,0.0
859,4.1,Orange-S,1246,1257,11.0,206.33333333333334,3.0,1350.0,0.1528395061728395,OVERSUPPLY,1143.6666666666667,0.0
859,4.1,Orange-S,1246,1257,12.0,208.66666666666666,3.0,1350.0,0.1545679012345679,OVERSUPPLY,1141.3333333333333,0.0
859,4.1,Orange-S,1246,1257,13.0,242.66666666666666,3.0,1350.0,0.17975308641975307,OVERSUPPLY,1107.3333333333333,0.0
859,4.1,Orange-S,1246,1257,14.0,273.0,3.0,1350.0,0.20222222222222222,BALANCED,1077.0,0.0
859,4.1,Orange-S,1246,1257,15.0,399.6666666666667,3.0,1350.0,0.2960493827160494,BALANCED,950.3333333333333,0.0
859,4.1,Orange-S,1246,1257,16.0,696.6666666666666,3.0,1350.0,0.5160493827160494,BALANCED,653.3333333333334,0.0
859,4.1,Orange-S,1246,1257,17.0,901.6666666666666,3.0,1350.0,0.6679012345679012,BALANCED,448.33333333333337,0.0
859,4.1,Orange-S,1246,1257,18.0,617.3333333333334,3.0,1350.0,0.457283950617284,BALANCED,732.6666666666666,0.0
859,4.1,Orange-S,1246,1257,19.0,302.3333333333333,3.0,1350.0,0.2239506172839506,BALANCED,1047.6666666666667,0.0
859,4.1,Orange-S,1246,1257,20.0,161.0,3.0,1350.0,0.11925925925925926,OVERSUPPLY,1189.0,0.0
859,4.1,Orange-S,1246,1257,21.0,119.0,3.0,1350.0,0.08814814814814814,OVERSUPPLY,1231.0,0.0
859,4.1,Orange-S,1246,1257,22.0,103.33333333333333,3.0,1350.0,0.0765432098765432,OVERSUPPLY,1246.6666666666667,0.0
859,4.1,Orange-S,1246,1257,23.0,99.66666666666667,3.0,1350.0,0.07382716049382716,OVERSUPPLY,1250.3333333333333,0.0
861,4.1,Orange-S,1247,1246,6.0,0.16666666666666666,3.0,1350.0,0.0001234567901234568,OVERSUPPLY,1349.8333333333333,0.0
861,4.1,Orange-S,1247,1246,7.0,1.0,3.0,1350.0,0.0007407407407407407,OVERSUPPLY,1349.0,0.0
861,4.1,Orange-S,1247,1246,8.0,0.3333333333333333,3.0,1350.0,0.0002469135802469136,OVERSUPPLY,1349.6666666666667,0.0
861,4.1,Orange-S,1247,1246,9.0,0.8333333333333334,3.0,1350.0,0.0006172839506172839,OVERSUPPLY,1349.1666666666667,0.0
861,4.1,Orange-S,1247,1246,10.0,0.5,3.0,1350.0,0.00037037037037037035,OVERSUPPLY,1349.5,0.0
861,4.1,Orange-S,1247,1246,11.0,0.6666666666666666,3.0,1350.0,0.0004938271604938272,OVERSUPPLY,1349.3333333333333,0.0
861,4.1,Orange-S,1247,1246,12.0,1.0,3.0,1350.0,0.0007407407407407407,OVERSUPPLY,1349.0,0.0
861,4.1,Orange-S,1247,1246,13.0,0.6666666666666666,3.0,1350.0,0.0004938271604938272,OVERSUPPLY,1349.3333333333333,0.0
861,4.1,Orange-S,1247,1246,14.0,0.16666666666666666,3.0,1350.0,0.0001234567901234568,OVERSUPPLY,1349.8333333333333,0.0
861,4.1,Orange-S,1247,1246,15.0,0.5,3.0,1350.0,0.00037037037037037035,OVERSUPPLY,1349.5,0.0
861,4.1,Orange-S,1247,1246,16.0,0.8333333333333334,3.0,1350.0,0.0006172839506172839,OVERSUPPLY,1349.1666666666667,0.0
861,4.1,Orange-S,1247,1246,17.0,0.8333333333333334,3.0,1350.0,0.0006172839506172839,OVERSUPPLY,1349.1666666666667,0.0
861,4.1,Orange-S,1247,1246,18.0,0.5,3.0,1350.0,0.00037037037037037035,OVERSUPPLY,1349.5,0.0
861,4.1,Orange-S,1247,1246,19.0,0.3333333333333333,3.0,1350.0,0.0002469135802469136,OVERSUPPLY,1349.6666666666667,0.0
861,4.1,Orange-S,1247,1246,21.0,0.3333333333333333,3.0,1350.0,0.0002469135802469136,OVERSUPPLY,1349.6666666666667,0.0
861,4.1,Orange-S,1247,1246,23.0,0.16666666666666666,3.0,1350.0,0.0001234567901234568,OVERSUPPLY,1349.8333333333333,0.0
863,4.1,Orange-S,1248,1258,5.0,40.166666666666664,3.0,1350.0,0.029753086419753084,OVERSUPPLY,1309.8333333333333,0.0
863,4.1,Orange-S,1248,1258,6.0,151.0,3.0,1350.0,0.11185185185185186,OVERSUPPLY,1199.0,0.0
863,4.1,Orange-S,1248,1258,7.0,445.8333333333333,3.0,1350.0,0.3302469135802469,BALANCED,904.1666666666667,0.0
863,4.1,Orange-S,1248,1258,8.0,805.5,3.0,1350.0,0.5966666666666667,BALANCED,544.5,0.0
863,4.1,Orange-S,1248,1258,9.0,548.0,3.0,1350.0,0.4059259259259259,BALANCED,802.0,0.0
863,4.1,Orange-S,1248,1258,10.0,337.8333333333333,3.0,1350.0,0.2502469135802469,BALANCED,1012.1666666666667,0.0
863,4.1,Orange-S,1248,1258,11.0,270.1666666666667,3.0,1350.0,0.20012345679012347,BALANCED,1079.8333333333333,0.0
863,4.1,Orange-S,1248,1258,12.0,301.1666666666667,3.0,1350.0,0.22308641975308643,BALANCED,1048.8333333333333,0.0
863,4.1,Orange-S,1248,1258,13.0,290.8333333333333,3.0,1350.0,0.2154320987654321,BALANCED,1059.1666666666667,0.0
863,4.1,Orange-S,1248,1258,14.0,324.8333333333333,3.0,1350.0,0.24061728395061727,BALANCED,1025.1666666666667,0.0
863,4.1,Orange-S,1248,1258,15.0,390.8333333333333,3.0,1350.0,0.28950617283950614,BALANCED,959.1666666666667,0.0
863,4.1,Orange-S,1248,1258,16.0,547.8333333333334,3.0,1350.0,0.4058024691358025,BALANCED,802.1666666666666,0.0
863,4.1,Orange-S,1248,1258,17.0,721.6666666666666,3.0,1350.0,0.5345679012345679,BALANCED,628.3333333333334,0.0
863,4.1,Orange-S,1248,1258,18.0,660.3333333333334,3.0,1350.0,0.48913580246913585,BALANCED,689.6666666666666,0.0
863,4.1,Orange-S,1248,1258,19.0,382.1666666666667,3.0,1350.0,0.28308641975308646,BALANCED,967.8333333333333,0.0
863,4.1,Orange-S,1248,1258,20.0,194.83333333333334,3.0,1350.0,0.144320987654321,OVERSUPPLY,1155.1666666666667,0.0
863,4.1,Orange-S,1248,1258,21.0,146.16666666666666,3.0,1350.0,0.10827160493827159,OVERSUPPLY,1203.8333333333333,0.0
863,4.1,Orange-S,1248,1258,22.0,304.3333333333333,3.0,1350.0,0.22543209876543208,BALANCED,1045.6666666666667,0.0
863,4.1,Orange-S,1248,1258,23.0,143.0,3.0,1350.0,0.10592592592592592,OVERSUPPLY,1207.0,0.0
865,4.1,Orange-S,1249,1256,5.0,50.166666666666664,3.0,1350.0,0.03716049382716049,OVERSUPPLY,1299.8333333333333,0.0
865,4.1,Orange-S,1249,1256,6.0,227.16666666666666,3.0,1350.0,0.1682716049382716,OVERSUPPLY,1122.8333333333333,0.0
865,4.1,Orange-S,1249,1256,7.0,392.5,3.0,1350.0,0.29074074074074074,BALANCED,957.5,0.0
865,4.1,Orange-S,1249,1256,8.0,465.0,3.0,1350.0,0.34444444444444444,BALANCED,885.0,0.0
865,4.1,Orange-S,1249,1256,9.0,290.8333333333333,3.0,1350.0,0.2154320987654321,BALANCED,1059.1666666666667,0.0
865,4.1,Orange-S,1249,1256,10.0,195.66666666666666,3.0,1350.0,0.14493827160493827,OVERSUPPLY,1154.3333333333333,0.0
865,4.1,Orange-S,1249,1256,11.0,177.0,3.0,1350.0,0.13111111111111112,OVERSUPPLY,1173.0,0.0
865,4.1,Orange-S,1249,1256,12.0,188.16666666666666,3.0,1350.0,0.1393827160493827,OVERSUPPLY,1161.8333333333333,0.0
865,4.1,Orange-S,1249,1256,13.0,201.66666666666666,3.0,1350.0,0.14938271604938272,OVERSUPPLY,1148.3333333333333,0.0
865,4.1,Orange-S,1249,1256,14.0,268.6666666666667,3.0,1350.0,0.19901234567901235,OVERSUPPLY,1081.3333333333333,0.0
865,4.1,Orange-S,1249,1256,15.0,421.1666666666667,3.0,1350.0,0.3119753086419753,BALANCED,928.8333333333333,0.0
865,4.1,Orange-S,1249,1256,16.0,743.1666666666666,3.0,1350.0,0.5504938271604938,BALANCED,606.8333333333334,0.0
865,4.1,Orange-S,1249,1256,17.0,1226.1666666666667,3.0,1350.0,0.9082716049382716,CROWDED,123.83333333333326,0.0
865,4.1,Orange-S,1249,1256,18.0,951.6666666666666,3.0,1350.0,0.7049382716049383,BALANCED,398.33333333333337,0.0
865,4.1,Orange-S,1249,1256,19.0,438.8333333333333,3.0,1350.0,0.3250617283950617,BALANCED,911.1666666666667,0.0
865,4.1,Orange-S,1249,1256,20.0,199.16666666666666,3.0,1350.0,0.14753086419753086,OVERSUPPLY,1150.8333333333333,0.0
865,4.1,Orange-S,1249,1256,21.0,122.66666666666667,3.0,1350.0,0.09086419753086421,OVERSUPPLY,1227.3333333333333,0.0
865,4.1,Orange-S,1249,1256,22.0,90.83333333333333,3.0,1350.0,0.06728395061728394,OVERSUPPLY,1259.1666666666667,0.0
865,4.1,Orange-S,1249,1256,23.0,91.33333333333333,3.0,1350.0,0.06765432098765432,OVERSUPPLY,1258.6666666666667,0.0
870,4.1,Orange-S,1252,1248,5.0,27.0,3.0,1350.0,0.02,OVERSUPPLY,1323.0,0.0
870,4.1,Orange-S,1252,1248,6.0,100.5,3.0,1350.0,0.07444444444444444,OVERSUPPLY,1249.5,0.0
870,4.1,Orange-S,1252,1248,7.0,286.0,3.0,1350.0,0.21185185185185185,BALANCED,1064.0,0.0
870,4.1,Orange-S,1252,1248,8.0,416.0,3.0,1350.0,0.30814814814814817,BALANCED,934.0,0.0
870,4.1,Orange-S,1252,1248,9.0,309.0,3.0,1350.0,0.2288888888888889,BALANCED,1041.0,0.0
870,4.1,Orange-S,1252,1248,10.0,221.0,3.0,1350.0,0.1637037037037037,OVERSUPPLY,1129.0,0.0
870,4.1,Orange-S,1252,1248,11.0,185.83333333333334,3.0,1350.0,0.13765432098765432,OVERSUPPLY,1164.1666666666667,0.0
870,4.1,Orange-S,1252,1248,12.0,224.5,3.0,1350.0,0.1662962962962963,OVERSUPPLY,1125.5,0.0
870,4.1,Orange-S,1252,1248,13.0,237.16666666666666,3.0,1350.0,0.175679012345679,OVERSUPPLY,1112.8333333333333,0.0
870,4.1,Orange-S,1252,1248,14.0,262.3333333333333,3.0,1350.0,0.194320987654321,OVERSUPPLY,1087.6666666666667,0.0
870,4.1,Orange-S,1252,1248,15.0,337.1666666666667,3.0,1350.0,0.2497530864197531,BALANCED,1012.8333333333333,0.0
870,4.1,Orange-S,1252,1248,16.0,468.5,3.0,1350.0,0.34703703703703703,BALANCED,881.5,0.0
870,4.1,Orange-S,1252,1248,17.0,604.5,3.0,1350.0,0.4477777777777778,BALANCED,745.5,0.0
870,4.1,Orange-S,1252,1248,18.0,547.3333333333334,3.0,1350.0,0.4054320987654321,BALANCED,802.6666666666666,0.0
870,4.1,Orange-S,1252,1248,19.0,324.1666666666667,3.0,1350.0,0.24012345679012348,BALANCED,1025.8333333333333,0.0
870,4.1,Orange-S,1252,1248,20.0,167.33333333333334,3.0,1350.0,0.12395061728395063,OVERSUPPLY,1182.6666666666667,0.0
870,4.1,Orange-S,1252,1248,21.0,128.83333333333334,3.0,1350.0,0.0954320987654321,OVERSUPPLY,1221.1666666666667,0.0
870,4.1,Orange-S,1252,1248,22.0,290.5,3.0,1350.0,0.21518518518518517,BALANCED,1059.5,0.0
870,4.1,Orange-S,1252,1248,23.0,137.0,3.0,1350.0,0.10148148148148148,OVERSUPPLY,1213.0,0.0
872,4.1,Orange-S,1253,1261,5.0,222.33333333333334,3.0,1350.0,0.16469135802469137,OVERSUPPLY,1127.6666666666667,0.0
872,4.1,Orange-S,1253,1261,6.0,575.6666666666666,3.0,1350.0,0.4264197530864197,BALANCED,774.3333333333334,0.0
872,4.1,Orange-S,1253,1261,7.0,1150.6666666666667,3.0,1350.0,0.8523456790123457,CROWDED,199.33333333333326,0.0
872,4.1,Orange-S,1253,1261,8.0,1183.1666666666667,3.0,1350.0,0.8764197530864198,CROWDED,166.83333333333326,0.0
872,4.1,Orange-S,1253,1261,9.0,735.1666666666666,3.0,1350.0,0.5445679012345679,BALANCED,614.8333333333334,0.0
872,4.1,Orange-S,1253,1261,10.0,463.1666666666667,3.0,1350.0,0.34308641975308646,BALANCED,886.8333333333333,0.0
872,4.1,Orange-S,1253,1261,11.0,268.8333333333333,3.0,1350.0,0.1991358024691358,OVERSUPPLY,1081.1666666666667,0.0
872,4.1,Orange-S,1253,1261,12.0,246.33333333333334,3.0,1350.0,0.18246913580246915,OVERSUPPLY,1103.6666666666667,0.0
872,4.1,Orange-S,1253,1261,13.0,238.5,3.0,1350.0,0.17666666666666667,OVERSUPPLY,1111.5,0.0
872,4.1,Orange-S,1253,1261,14.0,239.33333333333334,3.0,1350.0,0.17728395061728397,OVERSUPPLY,1110.6666666666667,0.0
872,4.1,Orange-S,1253,1261,15.0,194.66666666666666,3.0,1350.0,0.14419753086419754,OVERSUPPLY,1155.3333333333333,0.0
872,4.1,Orange-S,1253,1261,16.0,199.83333333333334,3.0,1350.0,0.1480246913580247,OVERSUPPLY,1150.1666666666667,0.0
872,4.1,Orange-S,1253,1261,17.0,201.0,3.0,1350.0,0.14888888888888888,OVERSUPPLY,1149.0,0.0
872,4.1,Orange-S,1253,1261,18.0,191.5,3.0,1350.0,0.14185185185185184,OVERSUPPLY,1158.5,0.0
872,4.1,Orange-S,1253,1261,19.0,112.0,3.0,1350.0,0.08296296296296296,OVERSUPPLY,1238.0,0.0
872,4.1,Orange-S,1253,1261,20.0,68.33333333333333,3.0,1350.0,0.05061728395061728,OVERSUPPLY,1281.6666666666667,0.0
872,4.1,Orange-S,1253,1261,21.0,64.0,3.0,1350.0,0.047407407407407405,OVERSUPPLY,1286.0,0.0
872,4.1,Orange-S,1253,1261,22.0,48.166666666666664,3.0,1350.0,0.03567901234567901,OVERSUPPLY,1301.8333333333333,0.0
872,4.1,Orange-S,1253,1261,23.0,16.166666666666668,3.0,1350.0,0.01197530864197531,OVERSUPPLY,1333.8333333333333,0.0
874,4.1,Orange-S,1254,1266,5.0,18.166666666666664,3.0,1350.0,0.013456790123456788,OVERSUPPLY,1331.8333333333333,0.0
874,4.1,Orange-S,1254,1266,6.0,99.33333333333333,3.0,1350.0,0.07358024691358024,OVERSUPPLY,1250.6666666666667,0.0
874,4.1,Orange-S,1254,1266,7.0,108.16666666666667,3.0,1350.0,0.08012345679012346,OVERSUPPLY,1241.8333333333333,0.0
874,4.1,Orange-S,1254,1266,8.0,186.16666666666666,3.0,1350.0,0.13790123456790124,OVERSUPPLY,1163.8333333333333,0.0
874,4.1,Orange-S,1254,1266,9.0,119.66666666666667,3.0,1350.0,0.08864197530864198,OVERSUPPLY,1230.3333333333333,0.0
874,4.1,Orange-S,1254,1266,10.0,53.33333333333333,3.0,1350.0,0.03950617283950617,OVERSUPPLY,1296.6666666666667,0.0
874,4.1,Orange-S,1254,1266,11.0,40.166666666666664,3.0,1350.0,0.029753086419753084,OVERSUPPLY,1309.8333333333333,0.0
874,4.1,Orange-S,1254,1266,12.0,39.83333333333333,3.0,1350.0,0.02950617283950617,OVERSUPPLY,1310.1666666666667,0.0
874,4.1,Orange-S,1254,1266,13.0,39.666666666666664,3.0,1350.0,0.029382716049382713,OVERSUPPLY,1310.3333333333333,0.0
874,4.1,Orange-S,1254,1266,14.0,52.833333333333336,3.0,1350.0,0.039135802469135804,OVERSUPPLY,1297.1666666666667,0.0
874,4.1,Orange-S,1254,1266,15.0,72.66666666666667,3.0,1350.0,0.053827160493827166,OVERSUPPLY,1277.3333333333333,0.0
874,4.1,Orange-S,1254,1266,16.0,151.0,3.0,1350.0,0.11185185185185186,OVERSUPPLY,1199.0,0.0
874,4.1,Orange-S,1254,1266,17.0,241.33333333333334,3.0,1350.0,0.17876543209876544,OVERSUPPLY,1108.6666666666667,0.0
874,4.1,Orange-S,1254,1266,18.0,214.33333333333334,3.0,1350.0,0.15876543209876545,OVERSUPPLY,1135.6666666666667,0.0
874,4.1,Orange-S,1254,1266,19.0,82.5,3.0,1350.0,0.06111111111111111,OVERSUPPLY,1267.5,0.0
874,4.1,Orange-S,1254,1266,20.0,46.0,3.0,1350.0,0.034074074074074076,OVERSUPPLY,1304.0,0.0
874,4.1,Orange-S,1254,1266,21.0,25.5,3.0,1350.0,0.01888888888888889,OVERSUPPLY,1324.5,0.0
874,4.1,Orange-S,1254,1266,22.0,18.666666666666668,3.0,1350.0,0.013827160493827161,OVERSUPPLY,1331.3333333333333,0.0
874,4.1,Orange-S,1254,1266,23.0,20.333333333333332,3.0,1350.0,0.015061728395061728,OVERSUPPLY,1329.6666666666667,0.0
876,4.1,Orange-S,1255,1251,5.0,36.0,3.0,1350.0,0.02666666666666667,OVERSUPPLY,1314.0,0.0
876,4.1,Orange-S,1255,1251,6.0,195.0,3.0,1350.0,0.14444444444444443,OVERSUPPLY,1155.0,0.0
876,4.1,Orange-S,1255,1251,7.0,335.3333333333333,3.0,1350.0,0.24839506172839504,BALANCED,1014.6666666666667,0.0
876,4.1,Orange-S,1255,1251,8.0,370.1666666666667,3.0,1350.0,0.27419753086419757,BALANCED,979.8333333333333,0.0
876,4.1,Orange-S,1255,1251,9.0,241.0,3.0,1350.0,0.17851851851851852,OVERSUPPLY,1109.0,0.0
876,4.1,Orange-S,1255,1251,10.0,184.33333333333334,3.0,1350.0,0.13654320987654323,OVERSUPPLY,1165.6666666666667,0.0
876,4.1,Orange-S,1255,1251,11.0,169.0,3.0,1350.0,0.12518518518518518,OVERSUPPLY,1181.0,0.0
876,4.1,Orange-S,1255,1251,12.0,168.83333333333334,3.0,1350.0,0.12506172839506174,OVERSUPPLY,1181.1666666666667,0.0
876,4.1,Orange-S,1255,1251,13.0,184.66666666666666,3.0,1350.0,0.13679012345679012,OVERSUPPLY,1165.3333333333333,0.0
876,4.1,Orange-S,1255,1251,14.0,205.5,3.0,1350.0,0.15222222222222223,OVERSUPPLY,1144.5,0.0
876,4.1,Orange-S,1255,1251,15.0,288.8333333333333,3.0,1350.0,0.2139506172839506,BALANCED,1061.1666666666667,0.0
876,4.1,Orange-S,1255,1251,16.0,487.6666666666667,3.0,1350.0,0.3612345679012346,BALANCED,862.3333333333333,0.0
876,4.1,Orange-S,1255,1251,17.0,728.6666666666666,3.0,1350.0,0.5397530864197531,BALANCED,621.3333333333334,0.0
876,4.1,Orange-S,1255,1251,18.0,490.5,3.0,1350.0,0.36333333333333334,BALANCED,859.5,0.0
876,4.1,Orange-S,1255,1251,19.0,241.0,3.0,1350.0,0.17851851851851852,OVERSUPPLY,1109.0,0.0
876,4.1,Orange-S,1255,1251,20.0,124.33333333333333,3.0,1350.0,0.09209876543209876,OVERSUPPLY,1225.6666666666667,0.0
876,4.1,Orange-S,1255,1251,21.0,92.16666666666667,3.0,1350.0,0.06827160493827161,OVERSUPPLY,1257.8333333333333,0.0
876,4.1,Orange-S,1255,1251,22.0,75.83333333333333,3.0,1350.0,0.056172839506172835,OVERSUPPLY,1274.1666666666667,0.0
876,4.1,Orange-S,1255,1251,23.0,85.83333333333333,3.0,1350.0,0.06358024691358025,OVERSUPPLY,1264.1666666666667,0.0
878,4.1,Orange-S,1256,1264,5.0,39.5,3.0,1350.0,0.02925925925925926,OVERSUPPLY,1310.5,0.0
878,4.1,Orange-S,1256,1264,6.0,188.16666666666666,3.0,1350.0,0.1393827160493827,OVERSUPPLY,1161.8333333333333,0.0
878,4.1,Orange-S,1256,1264,7.0,292.3333333333333,3.0,1350.0,0.21654320987654319,BALANCED,1057.6666666666667,0.0
878,4.1,Orange-S,1256,1264,8.0,340.0,3.0,1350.0,0.2518518518518518,BALANCED,1010.0,0.0
878,4.1,Orange-S,1256,1264,9.0,207.66666666666666,3.0,1350.0,0.15382716049382716,OVERSUPPLY,1142.3333333333333,0.0
878,4.1,Orange-S,1256,1264,10.0,131.33333333333334,3.0,1350.0,0.09728395061728395,OVERSUPPLY,1218.6666666666667,0.0
878,4.1,Orange-S,1256,1264,11.0,117.33333333333333,3.0,1350.0,0.08691358024691358,OVERSUPPLY,1232.6666666666667,0.0
878,4.1,Orange-S,1256,1264,12.0,130.33333333333334,3.0,1350.0,0.09654320987654322,OVERSUPPLY,1219.6666666666667,0.0
878,4.1,Orange-S,1256,1264,13.0,154.83333333333334,3.0,1350.0,0.11469135802469137,OVERSUPPLY,1195.1666666666667,0.0
878,4.1,Orange-S,1256,1264,14.0,202.16666666666666,3.0,1350.0,0.14975308641975307,OVERSUPPLY,1147.8333333333333,0.0
878,4.1,Orange-S,1256,1264,15.0,300.5,3.0,1350.0,0.2225925925925926,BALANCED,1049.5,0.0
878,4.1,Orange-S,1256,1264,16.0,580.6666666666666,3.0,1350.0,0.4301234567901234,BALANCED,769.3333333333334,0.0
878,4.1,Orange-S,1256,1264,17.0,1007.8333333333334,3.0,1350.0,0.7465432098765432,BALANCED,342.16666666666663,0.0
878,4.1,Orange-S,1256,1264,18.0,767.1666666666666,3.0,1350.0,0.5682716049382716,BALANCED,582.8333333333334,0.0
878,4.1,Orange-S,1256,1264,19.0,355.5,3.0,1350.0,0.2633333333333333,BALANCED,994.5,0.0
878,4.1,Orange-S,1256,1264,20.0,153.83333333333334,3.0,1350.0,0.11395061728395063,OVERSUPPLY,1196.1666666666667,0.0
878,4.1,Orange-S,1256,1264,21.0,97.33333333333333,3.0,1350.0,0.07209876543209877,OVERSUPPLY,1252.6666666666667,0.0
878,4.1,Orange-S,1256,1264,22.0,70.33333333333333,3.0,1350.0,0.052098765432098765,OVERSUPPLY,1279.6666666666667,0.0
878,4.1,Orange-S,1256,1264,23.0,73.33333333333333,3.0,1350.0,0.05432098765432099,OVERSUPPLY,1276.6666666666667,0.0
880,4.1,Orange-S,1257,1255,5.0,36.833333333333336,3.0,1350.0,0.02728395061728395,OVERSUPPLY,1313.1666666666667,0.0
880,4.1,Orange-S,1257,1255,6.0,192.0,3.0,1350.0,0.14222222222222222,OVERSUPPLY,1158.0,0.0
880,4.1,Orange-S,1257,1255,7.0,322.3333333333333,3.0,1350.0,0.2387654320987654,BALANCED,1027.6666666666667,0.0
880,4.1,Orange-S,1257,1255,8.0,398.0,3.0,1350.0,0.2948148148148148,BALANCED,952.0,0.0
880,4.1,Orange-S,1257,1255,9.0,237.5,3.0,1350.0,0.17592592592592593,OVERSUPPLY,1112.5,0.0
880,4.1,Orange-S,1257,1255,10.0,192.66666666666666,3.0,1350.0,0.14271604938271604,OVERSUPPLY,1157.3333333333333,0.0
880,4.1,Orange-S,1257,1255,11.0,180.66666666666666,3.0,1350.0,0.13382716049382715,OVERSUPPLY,1169.3333333333333,0.0
880,4.1,Orange-S,1257,1255,12.0,187.33333333333334,3.0,1350.0,0.13876543209876543,OVERSUPPLY,1162.6666666666667,0.0
880,4.1,Orange-S,1257,1255,13.0,211.83333333333334,3.0,1350.0,0.1569135802469136,OVERSUPPLY,1138.1666666666667,0.0
880,4.1,Orange-S,1257,1255,14.0,250.16666666666666,3.0,1350.0,0.18530864197530864,OVERSUPPLY,1099.8333333333333,0.0
880,4.1,Orange-S,1257,1255,15.0,360.8333333333333,3.0,1350.0,0.26728395061728394,BALANCED,989.1666666666667,0.0
880,4.1,Orange-S,1257,1255,16.0,594.5,3.0,1350.0,0.44037037037037036,BALANCED,755.5,0.0
880,4.1,Orange-S,1257,1255,17.0,822.0,3.0,1350.0,0.6088888888888889,BALANCED,528.0,0.0
880,4.1,Orange-S,1257,1255,18.0,542.8333333333334,3.0,1350.0,0.40209876543209877,BALANCED,807.1666666666666,0.0
880,4.1,Orange-S,1257,1255,19.0,262.0,3.0,1350.0,0.19407407407407407,OVERSUPPLY,1088.0,0.0
880,4.1,Orange-S,1257,1255,20.0,143.83333333333334,3.0,1350.0,0.10654320987654321,OVERSUPPLY,1206.1666666666667,0.0
880,4.1,Orange-S,1257,1255,21.0,109.83333333333333,3.0,1350.0,0.08135802469135803,OVERSUPPLY,1240.1666666666667,0.0
880,4.1,Orange-S,1257,1255,22.0,89.33333333333333,3.0,1350.0,0.06617283950617284,OVERSUPPLY,1260.6666666666667,0.0
880,4.1,Orange-S,1257,1255,23.0,89.5,3.0,1350.0,0.0662962962962963,OVERSUPPLY,1260.5,0.0
886,4.1,Orange-S,1260,1252,5.0,19.333333333333332,3.0,1350.0,0.014320987654320987,OVERSUPPLY,1330.6666666666667,0.0
886,4.1,Orange-S,1260,1252,6.0,67.0,3.0,1350.0,0.04962962962962963,OVERSUPPLY,1283.0,0.0
886,4.1,Orange-S,1260,1252,7.0,195.33333333333334,3.0,1350.0,0.14469135802469135,OVERSUPPLY,1154.6666666666667,0.0
886,4.1,Orange-S,1260,1252,8.0,277.6666666666667,3.0,1350.0,0.20567901234567904,BALANCED,1072.3333333333333,0.0
886,4.1,Orange-S,1260,1252,9.0,168.5,3.0,1350.0,0.12481481481481481,OVERSUPPLY,1181.5,0.0
886,4.1,Orange-S,1260,1252,10.0,115.83333333333333,3.0,1350.0,0.08580246913580246,OVERSUPPLY,1234.1666666666667,0.0
886,4.1,Orange-S,1260,1252,11.0,66.16666666666667,3.0,1350.0,0.04901234567901235,OVERSUPPLY,1283.8333333333333,0.0
886,4.1,Orange-S,1260,1252,12.0,65.33333333333333,3.0,1350.0,0.048395061728395056,OVERSUPPLY,1284.6666666666667,0.0
886,4.1,Orange-S,1260,1252,13.0,70.83333333333333,3.0,1350.0,0.05246913580246913,OVERSUPPLY,1279.1666666666667,0.0
886,4.1,Orange-S,1260,1252,14.0,63.5,3.0,1350.0,0.04703703703703704,OVERSUPPLY,1286.5,0.0
886,4.1,Orange-S,1260,1252,15.0,54.166666666666664,3.0,1350.0,0.040123456790123455,OVERSUPPLY,1295.8333333333333,0.0
886,4.1,Orange-S,1260,1252,16.0,57.0,3.0,1350.0,0.042222222222222223,OVERSUPPLY,1293.0,0.0
886,4.1,Orange-S,1260,1252,17.0,67.33333333333333,3.0,1350.0,0.04987654320987654,OVERSUPPLY,1282.6666666666667,0.0
886,4.1,Orange-S,1260,1252,18.0,57.33333333333333,3.0,1350.0,0.04246913580246913,OVERSUPPLY,1292.6666666666667,0.0
886,4.1,Orange-S,1260,1252,19.0,34.833333333333336,3.0,1350.0,0.02580246913580247,OVERSUPPLY,1315.1666666666667,0.0
886,4.1,Orange-S,1260,1252,20.0,17.166666666666668,3.0,1350.0,0.01271604938271605,OVERSUPPLY,1332.8333333333333,0.0
886,4.1,Orange-S,1260,1252,21.0,13.166666666666666,3.0,1350.0,0.009753086419753086,OVERSUPPLY,1336.8333333333333,0.0
886,4.1,Orange-S,1260,1252,22.0,9.333333333333334,3.0,1350.0,0.006913580246913581,OVERSUPPLY,1340.6666666666667,0.0
886,4.1,Orange-S,1260,1252,23.0,5.166666666666666,3.0,1350.0,0.00382716049382716,OVERSUPPLY,1344.8333333333333,0.0
888,4.1,Orange-S,1261,1260,5.0,251.66666666666666,3.0,1350.0,0.18641975308641975,OVERSUPPLY,1098.3333333333333,0.0
888,4.1,Orange-S,1261,1260,6.0,680.0,3.0,1350.0,0.5037037037037037,BALANCED,670.0,0.0
888,4.1,Orange-S,1261,1260,7.0,1409.8333333333333,3.0,1350.0,1.044320987654321,UNDERSUPPLY,0.0,59.83333333333326
888,4.1,Orange-S,1261,1260,8.0,1656.3333333333333,3.0,1350.0,1.2269135802469135,UNDERSUPPLY,0.0,306.33333333333326
888,4.1,Orange-S,1261,1260,9.0,1032.1666666666667,3.0,1350.0,0.764567901234568,BALANCED,317.83333333333326,0.0
888,4.1,Orange-S,1261,1260,10.0,634.3333333333334,3.0,1350.0,0.4698765432098766,BALANCED,715.6666666666666,0.0
888,4.1,Orange-S,1261,1260,11.0,375.5,3.0,1350.0,0.27814814814814814,BALANCED,974.5,0.0
888,4.1,Orange-S,1261,1260,12.0,341.3333333333333,3.0,1350.0,0.2528395061728395,BALANCED,1008.6666666666667,0.0
888,4.1,Orange-S,1261,1260,13.0,320.8333333333333,3.0,1350.0,0.2376543209876543,BALANCED,1029.1666666666667,0.0
888,4.1,Orange-S,1261,1260,14.0,310.6666666666667,3.0,1350.0,0.23012345679012347,BALANCED,1039.3333333333333,0.0
888,4.1,Orange-S,1261,1260,15.0,256.6666666666667,3.0,1350.0,0.19012345679012346,OVERSUPPLY,1093.3333333333333,0.0
888,4.1,Orange-S,1261,1260,16.0,275.0,3.0,1350.0,0.2037037037037037,BALANCED,1075.0,0.0
888,4.1,Orange-S,1261,1260,17.0,290.1666666666667,3.0,1350.0,0.21493827160493828,BALANCED,1059.8333333333333,0.0
888,4.1,Orange-S,1261,1260,18.0,262.3333333333333,3.0,1350.0,0.194320987654321,OVERSUPPLY,1087.6666666666667,0.0
888,4.1,Orange-S,1261,1260,19.0,163.5,3.0,1350.0,0.12111111111111111,OVERSUPPLY,1186.5,0.0
888,4.1,Orange-S,1261,1260,20.0,93.0,3.0,1350.0,0.06888888888888889,OVERSUPPLY,1257.0,0.0
888,4.1,Orange-S,1261,1260,21.0,82.66666666666667,3.0,1350.0,0.06123456790123457,OVERSUPPLY,1267.3333333333333,0.0
888,4.1,Orange-S,1261,1260,22.0,64.16666666666667,3.0,1350.0,0.047530864197530866,OVERSUPPLY,1285.8333333333333,0.0
888,4.1,Orange-S,1261,1260,23.0,21.666666666666664,3.0,1350.0,0.01604938271604938,OVERSUPPLY,1328.3333333333333,0.0
890,4.1,Orange-S,1262,1253,5.0,70.83333333333333,3.0,1350.0,0.05246913580246913,OVERSUPPLY,1279.1666666666667,0.0
890,4.1,Orange-S,1262,1253,6.0,229.5,3.0,1350.0,0.17,OVERSUPPLY,1120.5,0.0
890,4.1,Orange-S,1262,1253,7.0,449.0,3.0,1350.0,0.3325925925925926,BALANCED,901.0,0.0
890,4.1,Orange-S,1262,1253,8.0,420.5,3.0,1350.0,0.31148148148148147,BALANCED,929.5,0.0
890,4.1,Orange-S,1262,1253,9.0,251.33333333333334,3.0,1350.0,0.18617283950617286,OVERSUPPLY,1098.6666666666667,0.0
890,4.1,Orange-S,1262,1253,10.0,163.16666666666666,3.0,1350.0,0.12086419753086419,OVERSUPPLY,1186.8333333333333,0.0
890,4.1,Orange-S,1262,1253,11.0,102.5,3.0,1350.0,0.07592592592592592,OVERSUPPLY,1247.5,0.0
890,4.1,Orange-S,1262,1253,12.0,93.83333333333333,3.0,1350.0,0.06950617283950616,OVERSUPPLY,1256.1666666666667,0.0
890,4.1,Orange-S,1262,1253,13.0,90.16666666666667,3.0,1350.0,0.06679012345679013,OVERSUPPLY,1259.8333333333333,0.0
890,4.1,Orange-S,1262,1253,14.0,107.66666666666667,3.0,1350.0,0.0797530864197531,OVERSUPPLY,1242.3333333333333,0.0
890,4.1,Orange-S,1262,1253,15.0,82.5,3.0,1350.0,0.06111111111111111,OVERSUPPLY,1267.5,0.0
890,4.1,Orange-S,1262,1253,16.0,90.33333333333333,3.0,1350.0,0.06691358024691357,OVERSUPPLY,1259.6666666666667,0.0
890,4.1,Orange-S,1262,1253,17.0,85.33333333333333,3.0,1350.0,0.06320987654320988,OVERSUPPLY,1264.6666666666667,0.0
890,4.1,Orange-S,1262,1253,18.0,82.33333333333333,3.0,1350.0,0.06098765432098765,OVERSUPPLY,1267.6666666666667,0.0
890,4.1,Orange-S,1262,1253,19.0,43.166666666666664,3.0,1350.0,0.03197530864197531,OVERSUPPLY,1306.8333333333333,0.0
890,4.1,Orange-S,1262,1253,20.0,29.833333333333332,3.0,1350.0,0.022098765432098766,OVERSUPPLY,1320.1666666666667,0.0
890,4.1,Orange-S,1262,1253,21.0,21.5,3.0,1350.0,0.015925925925925927,OVERSUPPLY,1328.5,0.0
890,4.1,Orange-S,1262,1253,22.0,20.833333333333332,3.0,1350.0,0.015432098765432098,OVERSUPPLY,1329.1666666666667,0.0
890,4.1,Orange-S,1262,1253,23.0,7.333333333333333,3.0,1350.0,0.005432098765432099,OVERSUPPLY,1342.6666666666667,0.0
892,4.1,Orange-S,1263,1249,5.0,4.333333333333333,3.0,1350.0,0.0032098765432098763,OVERSUPPLY,1345.6666666666667,0.0
892,4.1,Orange-S,1263,1249,6.0,16.333333333333332,3.0,1350.0,0.012098765432098764,OVERSUPPLY,1333.6666666666667,0.0
892,4.1,Orange-S,1263,1249,7.0,28.000000000000004,3.0,1350.0,0.020740740740740744,OVERSUPPLY,1322.0,0.0
892,4.1,Orange-S,1263,1249,8.0,25.333333333333332,3.0,1350.0,0.018765432098765432,OVERSUPPLY,1324.6666666666667,0.0
892,4.1,Orange-S,1263,1249,9.0,11.0,3.0,1350.0,0.008148148148148147,OVERSUPPLY,1339.0,0.0
892,4.1,Orange-S,1263,1249,10.0,8.5,3.0,1350.0,0.006296296296296296,OVERSUPPLY,1341.5,0.0
892,4.1,Orange-S,1263,1249,11.0,9.333333333333332,3.0,1350.0,0.00691358024691358,OVERSUPPLY,1340.6666666666667,0.0
892,4.1,Orange-S,1263,1249,12.0,9.166666666666668,3.0,1350.0,0.006790123456790124,OVERSUPPLY,1340.8333333333333,0.0
892,4.1,Orange-S,1263,1249,13.0,8.5,3.0,1350.0,0.006296296296296296,OVERSUPPLY,1341.5,0.0
892,4.1,Orange-S,1263,1249,14.0,8.833333333333334,3.0,1350.0,0.00654320987654321,OVERSUPPLY,1341.1666666666667,0.0
892,4.1,Orange-S,1263,1249,15.0,18.0,3.0,1350.0,0.013333333333333334,OVERSUPPLY,1332.0,0.0
892,4.1,Orange-S,1263,1249,16.0,19.5,3.0,1350.0,0.014444444444444444,OVERSUPPLY,1330.5,0.0
892,4.1,Orange-S,1263,1249,17.0,26.5,3.0,1350.0,0.01962962962962963,OVERSUPPLY,1323.5,0.0
892,4.1,Orange-S,1263,1249,18.0,14.833333333333332,3.0,1350.0,0.010987654320987653,OVERSUPPLY,1335.1666666666667,0.0
892,4.1,Orange-S,1263,1249,19.0,5.166666666666667,3.0,1350.0,0.0038271604938271606,OVERSUPPLY,1344.8333333333333,0.0
892,4.1,Orange-S,1263,1249,20.0,4.5,3.0,1350.0,0.0033333333333333335,OVERSUPPLY,1345.5,0.0
892,4.1,Orange-S,1263,1249,21.0,2.333333333333333,3.0,1350.0,0.001728395061728395,OVERSUPPLY,1347.6666666666667,0.0
892,4.1,Orange-S,1263,1249,22.0,1.5,3.0,1350.0,0.0011111111111111111,OVERSUPPLY,1348.5,0.0
892,4.1,Orange-S,1263,1249,23.0,1.3333333333333333,3.0,1350.0,0.0009876543209876543,OVERSUPPLY,1348.6666666666667,0.0
894,4.1,Orange-S,1264,1265,5.0,31.5,3.0,1350.0,0.023333333333333334,OVERSUPPLY,1318.5,0.0
894,4.1,Orange-S,1264,1265,6.0,165.83333333333334,3.0,1350.0,0.12283950617283951,OVERSUPPLY,1184.1666666666667,0.0
894,4.1,Orange-S,1264,1265,7.0,261.1666666666667,3.0,1350.0,0.19345679012345682,OVERSUPPLY,1088.8333333333333,0.0
894,4.1,Orange-S,1264,1265,8.0,314.8333333333333,3.0,1350.0,0.23320987654320988,BALANCED,1035.1666666666667,0.0
894,4.1,Orange-S,1264,1265,9.0,185.5,3.0,1350.0,0.1374074074074074,OVERSUPPLY,1164.5,0.0
894,4.1,Orange-S,1264,1265,10.0,114.33333333333333,3.0,1350.0,0.08469135802469135,OVERSUPPLY,1235.6666666666667,0.0
894,4.1,Orange-S,1264,1265,11.0,97.33333333333333,3.0,1350.0,0.07209876543209877,OVERSUPPLY,1252.6666666666667,0.0
894,4.1,Orange-S,1264,1265,12.0,108.33333333333333,3.0,1350.0,0.08024691358024691,OVERSUPPLY,1241.6666666666667,0.0
894,4.1,Orange-S,1264,1265,13.0,127.0,3.0,1350.0,0.09407407407407407,OVERSUPPLY,1223.0,0.0
894,4.1,Orange-S,1264,1265,14.0,155.33333333333334,3.0,1350.0,0.11506172839506174,OVERSUPPLY,1194.6666666666667,0.0
894,4.1,Orange-S,1264,1265,15.0,238.16666666666666,3.0,1350.0,0.17641975308641974,OVERSUPPLY,1111.8333333333333,0.0
894,4.1,Orange-S,1264,1265,16.0,457.6666666666667,3.0,1350.0,0.33901234567901234,BALANCED,892.3333333333333,0.0
894,4.1,Orange-S,1264,1265,17.0,797.5,3.0,1350.0,0.5907407407407408,BALANCED,552.5,0.0
894,4.1,Orange-S,1264,1265,18.0,647.5,3.0,1350.0,0.47962962962962963,BALANCED,702.5,0.0
894,4.1,Orange-S,1264,1265,19.0,291.8333333333333,3.0,1350.0,0.21617283950617283,BALANCED,1058.1666666666667,0.0
894,4.1,Orange-S,1264,1265,20.0,127.66666666666667,3.0,1350.0,0.0945679012345679,OVERSUPPLY,1222.3333333333333,0.0
894,4.1,Orange-S,1264,1265,21.0,82.0,3.0,1350.0,0.06074074074074074,OVERSUPPLY,1268.0,0.0
894,4.1,Orange-S,1264,1265,22.0,53.5,3.0,1350.0,0.03962962962962963,OVERSUPPLY,1296.5,0.0
894,4.1,Orange-S,1264,1265,23.0,58.5,3.0,1350.0,0.043333333333333335,OVERSUPPLY,1291.5,0.0
896,4.1,Orange-S,1265,1254,5.0,20.333333333333332,3.0,1350.0,0.015061728395061728,OVERSUPPLY,1329.6666666666667,0.0
896,4.1,Orange-S,1265,1254,6.0,126.0,3.0,1350.0,0.09333333333333334,OVERSUPPLY,1224.0,0.0
896,4.1,Orange-S,1265,1254,7.0,192.16666666666666,3.0,1350.0,0.14234567901234568,OVERSUPPLY,1157.8333333333333,0.0
896,4.1,Orange-S,1265,1254,8.0,254.33333333333334,3.0,1350.0,0.18839506172839507,OVERSUPPLY,1095.6666666666667,0.0
896,4.1,Orange-S,1265,1254,9.0,157.66666666666666,3.0,1350.0,0.11679012345679012,OVERSUPPLY,1192.3333333333333,0.0
896,4.1,Orange-S,1265,1254,10.0,90.5,3.0,1350.0,0.06703703703703703,OVERSUPPLY,1259.5,0.0
896,4.1,Orange-S,1265,1254,11.0,68.33333333333333,3.0,1350.0,0.05061728395061728,OVERSUPPLY,1281.6666666666667,0.0
896,4.1,Orange-S,1265,1254,12.0,76.33333333333333,3.0,1350.0,0.0565432098765432,OVERSUPPLY,1273.6666666666667,0.0
896,4.1,Orange-S,1265,1254,13.0,91.5,3.0,1350.0,0.06777777777777778,OVERSUPPLY,1258.5,0.0
896,4.1,Orange-S,1265,1254,14.0,100.5,3.0,1350.0,0.07444444444444444,OVERSUPPLY,1249.5,0.0
896,4.1,Orange-S,1265,1254,15.0,163.16666666666666,3.0,1350.0,0.12086419753086419,OVERSUPPLY,1186.8333333333333,0.0
896,4.1,Orange-S,1265,1254,16.0,314.1666666666667,3.0,1350.0,0.23271604938271606,BALANCED,1035.8333333333333,0.0
896,4.1,Orange-S,1265,1254,17.0,522.1666666666666,3.0,1350.0,0.3867901234567901,BALANCED,827.8333333333334,0.0
896,4.1,Orange-S,1265,1254,18.0,466.5,3.0,1350.0,0.34555555555555556,BALANCED,883.5,0.0
896,4.1,Orange-S,1265,1254,19.0,193.66666666666666,3.0,1350.0,0.14345679012345677,OVERSUPPLY,1156.3333333333333,0.0
896,4.1,Orange-S,1265,1254,20.0,94.66666666666667,3.0,1350.0,0.07012345679012345,OVERSUPPLY,1255.3333333333333,0.0
896,4.1,Orange-S,1265,1254,21.0,57.833333333333336,3.0,1350.0,0.042839506172839506,OVERSUPPLY,1292.1666666666667,0.0
896,4.1,Orange-S,1265,1254,22.0,37.666666666666664,3.0,1350.0,0.027901234567901233,OVERSUPPLY,1312.3333333333333,0.0
896,4.1,Orange-S,1265,1254,23.0,40.666666666666664,3.0,1350.0,0.030123456790123456,OVERSUPPLY,1309.3333333333333,0.0
898,4.1,Orange-S,1266,1259,5.0,3.0,3.0,1350.0,0.0022222222222222222,OVERSUPPLY,1347.0,0.0
898,4.1,Orange-S,1266,1259,6.0,31.833333333333332,3.0,1350.0,0.023580246913580245,OVERSUPPLY,1318.1666666666667,0.0
898,4.1,Orange-S,1266,1259,7.0,46.666666666666664,3.0,1350.0,0.0345679012345679,OVERSUPPLY,1303.3333333333333,0.0
898,4.1,Orange-S,1266,1259,8.0,79.16666666666667,3.0,1350.0,0.05864197530864198,OVERSUPPLY,1270.8333333333333,0.0
898,4.1,Orange-S,1266,1259,9.0,53.833333333333336,3.0,1350.0,0.03987654320987655,OVERSUPPLY,1296.1666666666667,0.0
898,4.1,Orange-S,1266,1259,10.0,31.0,3.0,1350.0,0.022962962962962963,OVERSUPPLY,1319.0,0.0
898,4.1,Orange-S,1266,1259,11.0,26.0,3.0,1350.0,0.01925925925925926,OVERSUPPLY,1324.0,0.0
898,4.1,Orange-S,1266,1259,12.0,23.0,3.0,1350.0,0.017037037037037038,OVERSUPPLY,1327.0,0.0
898,4.1,Orange-S,1266,1259,13.0,22.5,3.0,1350.0,0.016666666666666666,OVERSUPPLY,1327.5,0.0
898,4.1,Orange-S,1266,1259,14.0,30.333333333333332,3.0,1350.0,0.022469135802469134,OVERSUPPLY,1319.6666666666667,0.0
898,4.1,Orange-S,1266,1259,15.0,44.166666666666664,3.0,1350.0,0.03271604938271605,OVERSUPPLY,1305.8333333333333,0.0
898,4.1,Orange-S,1266,1259,16.0,74.0,3.0,1350.0,0.054814814814814816,OVERSUPPLY,1276.0,0.0
898,4.1,Orange-S,1266,1259,17.0,116.5,3.0,1350.0,0.0862962962962963,OVERSUPPLY,1233.5,0.0
898,4.1,Orange-S,1266,1259,18.0,123.5,3.0,1350.0,0.09148148148148148,OVERSUPPLY,1226.5,0.0
898,4.1,Orange-S,1266,1259,19.0,53.666666666666664,3.0,1350.0,0.039753086419753086,OVERSUPPLY,1296.3333333333333,0.0
898,4.1,Orange-S,1266,1259,20.0,31.833333333333332,3.0,1350.0,0.023580246913580245,OVERSUPPLY,1318.1666666666667,0.0
898,4.1,Orange-S,1266,1259,21.0,14.333333333333332,3.0,1350.0,0.010617283950617283,OVERSUPPLY,1335.6666666666667,0.0
898,4.1,Orange-S,1266,1259,22.0,11.333333333333332,3.0,1350.0,0.00839506172839506,OVERSUPPLY,1338.6666666666667,0.0
898,4.1,Orange-S,1266,1259,23.0,12.666666666666666,3.0,1350.0,0.009382716049382716,OVERSUPPLY,1337.3333333333333,0.0
900,5.1,Green-S,1267,1269,5.0,5.333333333333333,3.0,1350.0,0.003950617283950617,OVERSUPPLY,1344.6666666666667,0.0
900,5.1,Green-S,1267,1269,6.0,13.5,3.0,1350.0,0.01,OVERSUPPLY,1336.5,0.0
900,5.1,Green-S,1267,1269,7.0,20.333333333333332,3.0,1350.0,0.015061728395061728,OVERSUPPLY,1329.6666666666667,0.0
900,5.1,Green-S,1267,1269,8.0,28.333333333333332,3.0,1350.0,0.020987654320987655,OVERSUPPLY,1321.6666666666667,0.0
900,5.1,Green-S,1267,1269,9.0,23.666666666666668,3.0,1350.0,0.017530864197530863,OVERSUPPLY,1326.3333333333333,0.0
900,5.1,Green-S,1267,1269,10.0,13.166666666666666,3.0,1350.0,0.009753086419753086,OVERSUPPLY,1336.8333333333333,0.0
900,5.1,Green-S,1267,1269,11.0,8.166666666666666,3.0,1350.0,0.006049382716049382,OVERSUPPLY,1341.8333333333333,0.0
900,5.1,Green-S,1267,1269,12.0,5.0,3.0,1350.0,0.003703703703703704,OVERSUPPLY,1345.0,0.0
900,5.1,Green-S,1267,1269,13.0,5.333333333333333,3.0,1350.0,0.003950617283950617,OVERSUPPLY,1344.6666666666667,0.0
900,5.1,Green-S,1267,1269,14.0,4.0,3.0,1350.0,0.002962962962962963,OVERSUPPLY,1346.0,0.0
900,5.1,Green-S,1267,1269,15.0,4.333333333333333,3.0,1350.0,0.0032098765432098763,OVERSUPPLY,1345.6666666666667,0.0
900,5.1,Green-S,1267,1269,16.0,4.166666666666666,3.0,1350.0,0.003086419753086419,OVERSUPPLY,1345.8333333333333,0.0
900,5.1,Green-S,1267,1269,17.0,6.0,3.0,1350.0,0.0044444444444444444,OVERSUPPLY,1344.0,0.0
900,5.1,Green-S,1267,1269,18.0,2.5,3.0,1350.0,0.001851851851851852,OVERSUPPLY,1347.5,0.0
902,5.1,Green-S,1268,1270,5.0,5.333333333333333,3.0,1350.0,0.003950617283950617,OVERSUPPLY,1344.6666666666667,0.0
902,5.1,Green-S,1268,1270,6.0,19.5,3.0,1350.0,0.014444444444444444,OVERSUPPLY,1330.5,0.0
902,5.1,Green-S,1268,1270,7.0,32.5,3.0,1350.0,0.024074074074074074,OVERSUPPLY,1317.5,0.0
902,5.1,Green-S,1268,1270,8.0,47.166666666666664,3.0,1350.0,0.03493827160493827,OVERSUPPLY,1302.8333333333333,0.0
902,5.1,Green-S,1268,1270,9.0,36.5,3.0,1350.0,0.027037037037037037,OVERSUPPLY,1313.5,0.0
902,5.1,Green-S,1268,1270,10.0,25.5,3.0,1350.0,0.01888888888888889,OVERSUPPLY,1324.5,0.0
902,5.1,Green-S,1268,1270,11.0,15.166666666666666,3.0,1350.0,0.011234567901234567,OVERSUPPLY,1334.8333333333333,0.0
902,5.1,Green-S,1268,1270,12.0,10.333333333333334,3.0,1350.0,0.007654320987654321,OVERSUPPLY,1339.6666666666667,0.0
902,5.1,Green-S,1268,1270,13.0,11.5,3.0,1350.0,0.008518518518518519,OVERSUPPLY,1338.5,0.0
902,5.1,Green-S,1268,1270,14.0,8.0,3.0,1350.0,0.005925925925925926,OVERSUPPLY,1342.0,0.0
902,5.1,Green-S,1268,1270,15.0,9.166666666666666,3.0,1350.0,0.006790123456790123,OVERSUPPLY,1340.8333333333333,0.0
902,5.1,Green-S,1268,1270,16.0,8.166666666666666,3.0,1350.0,0.006049382716049382,OVERSUPPLY,1341.8333333333333,0.0
902,5.1,Green-S,1268,1270,17.0,15.5,3.0,1350.0,0.011481481481481481,OVERSUPPLY,1334.5,0.0
902,5.1,Green-S,1268,1270,18.0,10.166666666666666,3.0,1350.0,0.007530864197530864,OVERSUPPLY,1339.8333333333333,0.0
904,5.1,Green-S,1269,1287,5.0,2.8333333333333335,3.0,1350.0,0.0020987654320987655,OVERSUPPLY,1347.1666666666667,0.0
904,5.1,Green-S,1269,1287,6.0,7.833333333333334,3.0,1350.0,0.005802469135802469,OVERSUPPLY,1342.1666666666667,0.0
904,5.1,Green-S,1269,1287,7.0,14.666666666666668,3.0,1350.0,0.010864197530864199,OVERSUPPLY,1335.3333333333333,0.0
904,5.1,Green-S,1269,1287,8.0,18.833333333333332,3.0,1350.0,0.013950617283950617,OVERSUPPLY,1331.1666666666667,0.0
904,5.1,Green-S,1269,1287,9.0,14.666666666666666,3.0,1350.0,0.010864197530864197,OVERSUPPLY,1335.3333333333333,0.0
904,5.1,Green-S,1269,1287,10.0,9.5,3.0,1350.0,0.007037037037037037,OVERSUPPLY,1340.5,0.0
904,5.1,Green-S,1269,1287,11.0,6.166666666666667,3.0,1350.0,0.004567901234567902,OVERSUPPLY,1343.8333333333333,0.0
904,5.1,Green-S,1269,1287,12.0,4.166666666666667,3.0,1350.0,0.00308641975308642,OVERSUPPLY,1345.8333333333333,0.0
904,5.1,Green-S,1269,1287,13.0,4.333333333333333,3.0,1350.0,0.0032098765432098763,OVERSUPPLY,1345.6666666666667,0.0
904,5.1,Green-S,1269,1287,14.0,3.1666666666666665,3.0,1350.0,0.002345679012345679,OVERSUPPLY,1346.8333333333333,0.0
904,5.1,Green-S,1269,1287,15.0,3.1666666666666665,3.0,1350.0,0.002345679012345679,OVERSUPPLY,1346.8333333333333,0.0
904,5.1,Green-S,1269,1287,16.0,2.6666666666666665,3.0,1350.0,0.0019753086419753087,OVERSUPPLY,1347.3333333333333,0.0
904,5.1,Green-S,1269,1287,17.0,4.5,3.0,1350.0,0.0033333333333333335,OVERSUPPLY,1345.5,0.0
904,5.1,Green-S,1269,1287,18.0,1.8333333333333333,3.0,1350.0,0.0013580246913580246,OVERSUPPLY,1348.1666666666667,0.0
906,5.1,Green-S,1270,1288,5.0,2.8333333333333335,3.0,1350.0,0.0020987654320987655,OVERSUPPLY,1347.1666666666667,0.0
906,5.1,Green-S,1270,1288,6.0,12.666666666666668,3.0,1350.0,0.009382716049382718,OVERSUPPLY,1337.3333333333333,0.0
906,5.1,Green-S,1270,1288,7.0,23.166666666666668,3.0,1350.0,0.017160493827160495,OVERSUPPLY,1326.8333333333333,0.0
906,5.1,Green-S,1270,1288,8.0,33.666666666666664,3.0,1350.0,0.02493827160493827,OVERSUPPLY,1316.3333333333333,0.0
906,5.1,Green-S,1270,1288,9.0,25.166666666666668,3.0,1350.0,0.018641975308641975,OVERSUPPLY,1324.8333333333333,0.0
906,5.1,Green-S,1270,1288,10.0,20.166666666666668,3.0,1350.0,0.014938271604938273,OVERSUPPLY,1329.8333333333333,0.0
906,5.1,Green-S,1270,1288,11.0,12.166666666666666,3.0,1350.0,0.009012345679012346,OVERSUPPLY,1337.8333333333333,0.0
906,5.1,Green-S,1270,1288,12.0,8.666666666666666,3.0,1350.0,0.006419753086419753,OVERSUPPLY,1341.3333333333333,0.0
906,5.1,Green-S,1270,1288,13.0,9.166666666666666,3.0,1350.0,0.006790123456790123,OVERSUPPLY,1340.8333333333333,0.0
906,5.1,Green-S,1270,1288,14.0,6.5,3.0,1350.0,0.004814814814814815,OVERSUPPLY,1343.5,0.0
906,5.1,Green-S,1270,1288,15.0,7.0,3.0,1350.0,0.005185185185185185,OVERSUPPLY,1343.0,0.0
906,5.1,Green-S,1270,1288,16.0,4.666666666666666,3.0,1350.0,0.00345679012345679,OVERSUPPLY,1345.3333333333333,0.0
906,5.1,Green-S,1270,1288,17.0,11.5,3.0,1350.0,0.008518518518518519,OVERSUPPLY,1338.5,0.0
906,5.1,Green-S,1270,1288,18.0,6.666666666666666,3.0,1350.0,0.0049382716049382715,OVERSUPPLY,1343.3333333333333,0.0
908,5.1,Green-S,1271,1280,5.0,0.3333333333333333,3.0,1350.0,0.0002469135802469136,OVERSUPPLY,1349.6666666666667,0.0
908,5.1,Green-S,1271,1280,6.0,3.833333333333333,3.0,1350.0,0.002839506172839506,OVERSUPPLY,1346.1666666666667,0.0
908,5.1,Green-S,1271,1280,7.0,5.666666666666667,3.0,1350.0,0.004197530864197531,OVERSUPPLY,1344.3333333333333,0.0
908,5.1,Green-S,1271,1280,8.0,11.666666666666666,3.0,1350.0,0.008641975308641974,OVERSUPPLY,1338.3333333333333,0.0
908,5.1,Green-S,1271,1280,9.0,10.666666666666666,3.0,1350.0,0.007901234567901235,OVERSUPPLY,1339.3333333333333,0.0
908,5.1,Green-S,1271,1280,10.0,7.0,3.0,1350.0,0.005185185185185185,OVERSUPPLY,1343.0,0.0
908,5.1,Green-S,1271,1280,11.0,4.5,3.0,1350.0,0.0033333333333333335,OVERSUPPLY,1345.5,0.0
908,5.1,Green-S,1271,1280,12.0,3.333333333333333,3.0,1350.0,0.0024691358024691358,OVERSUPPLY,1346.6666666666667,0.0
908,5.1,Green-S,1271,1280,13.0,2.833333333333333,3.0,1350.0,0.002098765432098765,OVERSUPPLY,1347.1666666666667,0.0
908,5.1,Green-S,1271,1280,14.0,2.0,3.0,1350.0,0.0014814814814814814,OVERSUPPLY,1348.0,0.0
908,5.1,Green-S,1271,1280,15.0,2.166666666666667,3.0,1350.0,0.0016049382716049384,OVERSUPPLY,1347.8333333333333,0.0
908,5.1,Green-S,1271,1280,16.0,1.8333333333333333,3.0,1350.0,0.0013580246913580246,OVERSUPPLY,1348.1666666666667,0.0
908,5.1,Green-S,1271,1280,17.0,2.0,3.0,1350.0,0.0014814814814814814,OVERSUPPLY,1348.0,0.0
908,5.1,Green-S,1271,1280,18.0,1.1666666666666665,3.0,1350.0,0.0008641975308641975,OVERSUPPLY,1348.8333333333333,0.0
910,5.1,Green-S,1272,1281,5.0,0.3333333333333333,3.0,1350.0,0.0002469135802469136,OVERSUPPLY,1349.6666666666667,0.0
910,5.1,Green-S,1272,1281,6.0,6.666666666666666,3.0,1350.0,0.0049382716049382715,OVERSUPPLY,1343.3333333333333,0.0
910,5.1,Green-S,1272,1281,7.0,12.0,3.0,1350.0,0.008888888888888889,OVERSUPPLY,1338.0,0.0
910,5.1,Green-S,1272,1281,8.0,22.666666666666664,3.0,1350.0,0.01679012345679012,OVERSUPPLY,1327.3333333333333,0.0
910,5.1,Green-S,1272,1281,9.0,18.333333333333332,3.0,1350.0,0.013580246913580247,OVERSUPPLY,1331.6666666666667,0.0
910,5.1,Green-S,1272,1281,10.0,15.666666666666666,3.0,1350.0,0.011604938271604939,OVERSUPPLY,1334.3333333333333,0.0
910,5.1,Green-S,1272,1281,11.0,7.833333333333334,3.0,1350.0,0.005802469135802469,OVERSUPPLY,1342.1666666666667,0.0
910,5.1,Green-S,1272,1281,12.0,6.833333333333333,3.0,1350.0,0.005061728395061728,OVERSUPPLY,1343.1666666666667,0.0
910,5.1,Green-S,1272,1281,13.0,5.833333333333333,3.0,1350.0,0.004320987654320987,OVERSUPPLY,1344.1666666666667,0.0
910,5.1,Green-S,1272,1281,14.0,4.333333333333333,3.0,1350.0,0.0032098765432098763,OVERSUPPLY,1345.6666666666667,0.0
910,5.1,Green-S,1272,1281,15.0,4.166666666666667,3.0,1350.0,0.00308641975308642,OVERSUPPLY,1345.8333333333333,0.0
910,5.1,Green-S,1272,1281,16.0,3.1666666666666665,3.0,1350.0,0.002345679012345679,OVERSUPPLY,1346.8333333333333,0.0
910,5.1,Green-S,1272,1281,17.0,5.0,3.0,1350.0,0.003703703703703704,OVERSUPPLY,1345.0,0.0
910,5.1,Green-S,1272,1281,18.0,3.333333333333333,3.0,1350.0,0.0024691358024691358,OVERSUPPLY,1346.6666666666667,0.0
912,5.1,Green-S,1273,1298,5.0,32.666666666666664,3.0,1350.0,0.024197530864197528,OVERSUPPLY,1317.3333333333333,0.0
912,5.1,Green-S,1273,1298,6.0,81.0,3.0,1350.0,0.06,OVERSUPPLY,1269.0,0.0
912,5.1,Green-S,1273,1298,7.0,142.33333333333334,3.0,1350.0,0.10543209876543211,OVERSUPPLY,1207.6666666666667,0.0
912,5.1,Green-S,1273,1298,8.0,163.16666666666666,3.0,1350.0,0.12086419753086419,OVERSUPPLY,1186.8333333333333,0.0
912,5.1,Green-S,1273,1298,9.0,102.83333333333334,3.0,1350.0,0.07617283950617285,OVERSUPPLY,1247.1666666666667,0.0
912,5.1,Green-S,1273,1298,10.0,55.833333333333336,3.0,1350.0,0.04135802469135803,OVERSUPPLY,1294.1666666666667,0.0
912,5.1,Green-S,1273,1298,11.0,33.333333333333336,3.0,1350.0,0.02469135802469136,OVERSUPPLY,1316.6666666666667,0.0
912,5.1,Green-S,1273,1298,12.0,20.166666666666664,3.0,1350.0,0.014938271604938269,OVERSUPPLY,1329.8333333333333,0.0
912,5.1,Green-S,1273,1298,13.0,18.5,3.0,1350.0,0.013703703703703704,OVERSUPPLY,1331.5,0.0
912,5.1,Green-S,1273,1298,14.0,18.0,3.0,1350.0,0.013333333333333334,OVERSUPPLY,1332.0,0.0
912,5.1,Green-S,1273,1298,15.0,19.166666666666668,3.0,1350.0,0.014197530864197531,OVERSUPPLY,1330.8333333333333,0.0
912,5.1,Green-S,1273,1298,16.0,20.666666666666664,3.0,1350.0,0.01530864197530864,OVERSUPPLY,1329.3333333333333,0.0
912,5.1,Green-S,1273,1298,17.0,16.833333333333332,3.0,1350.0,0.012469135802469136,OVERSUPPLY,1333.1666666666667,0.0
912,5.1,Green-S,1273,1298,18.0,13.5,3.0,1350.0,0.01,OVERSUPPLY,1336.5,0.0
914,5.1,Green-S,1274,1299,5.0,51.5,3.0,1350.0,0.038148148148148146,OVERSUPPLY,1298.5,0.0
914,5.1,Green-S,1274,1299,6.0,146.5,3.0,1350.0,0.10851851851851851,OVERSUPPLY,1203.5,0.0
914,5.1,Green-S,1274,1299,7.0,308.3333333333333,3.0,1350.0,0.22839506172839505,BALANCED,1041.6666666666667,0.0
914,5.1,Green-S,1274,1299,8.0,474.1666666666667,3.0,1350.0,0.3512345679012346,BALANCED,875.8333333333333,0.0
914,5.1,Green-S,1274,1299,9.0,338.0,3.0,1350.0,0.25037037037037035,BALANCED,1012.0,0.0
914,5.1,Green-S,1274,1299,10.0,194.0,3.0,1350.0,0.1437037037037037,OVERSUPPLY,1156.0,0.0
914,5.1,Green-S,1274,1299,11.0,113.5,3.0,1350.0,0.08407407407407408,OVERSUPPLY,1236.5,0.0
914,5.1,Green-S,1274,1299,12.0,72.16666666666667,3.0,1350.0,0.05345679012345679,OVERSUPPLY,1277.8333333333333,0.0
914,5.1,Green-S,1274,1299,13.0,55.666666666666664,3.0,1350.0,0.041234567901234566,OVERSUPPLY,1294.3333333333333,0.0
914,5.1,Green-S,1274,1299,14.0,53.833333333333336,3.0,1350.0,0.03987654320987655,OVERSUPPLY,1296.1666666666667,0.0
914,5.1,Green-S,1274,1299,15.0,57.166666666666664,3.0,1350.0,0.04234567901234568,OVERSUPPLY,1292.8333333333333,0.0
914,5.1,Green-S,1274,1299,16.0,69.16666666666667,3.0,1350.0,0.051234567901234575,OVERSUPPLY,1280.8333333333333,0.0
914,5.1,Green-S,1274,1299,17.0,85.66666666666667,3.0,1350.0,0.0634567901234568,OVERSUPPLY,1264.3333333333333,0.0
914,5.1,Green-S,1274,1299,18.0,91.33333333333333,3.0,1350.0,0.06765432098765432,OVERSUPPLY,1258.6666666666667,0.0
916,5.1,Green-S,1275,1293,5.0,11.0,3.0,1350.0,0.008148148148148147,OVERSUPPLY,1339.0,0.0
916,5.1,Green-S,1275,1293,6.0,26.5,3.0,1350.0,0.01962962962962963,OVERSUPPLY,1323.5,0.0
916,5.1,Green-S,1275,1293,7.0,50.166666666666664,3.0,1350.0,0.03716049382716049,OVERSUPPLY,1299.8333333333333,0.0
916,5.1,Green-S,1275,1293,8.0,88.33333333333333,3.0,1350.0,0.0654320987654321,OVERSUPPLY,1261.6666666666667,0.0
916,5.1,Green-S,1275,1293,9.0,55.0,3.0,1350.0,0.040740740740740744,OVERSUPPLY,1295.0,0.0
916,5.1,Green-S,1275,1293,10.0,39.666666666666664,3.0,1350.0,0.029382716049382713,OVERSUPPLY,1310.3333333333333,0.0
916,5.1,Green-S,1275,1293,11.0,32.5,3.0,1350.0,0.024074074074074074,OVERSUPPLY,1317.5,0.0
916,5.1,Green-S,1275,1293,12.0,29.333333333333336,3.0,1350.0,0.021728395061728398,OVERSUPPLY,1320.6666666666667,0.0
916,5.1,Green-S,1275,1293,13.0,21.5,3.0,1350.0,0.015925925925925927,OVERSUPPLY,1328.5,0.0
916,5.1,Green-S,1275,1293,14.0,27.833333333333332,3.0,1350.0,0.020617283950617283,OVERSUPPLY,1322.1666666666667,0.0
916,5.1,Green-S,1275,1293,15.0,33.333333333333336,3.0,1350.0,0.02469135802469136,OVERSUPPLY,1316.6666666666667,0.0
916,5.1,Green-S,1275,1293,16.0,37.5,3.0,1350.0,0.027777777777777776,OVERSUPPLY,1312.5,0.0
916,5.1,Green-S,1275,1293,17.0,46.0,3.0,1350.0,0.034074074074074076,OVERSUPPLY,1304.0,0.0
916,5.1,Green-S,1275,1293,18.0,46.333333333333336,3.0,1350.0,0.03432098765432099,OVERSUPPLY,1303.6666666666667,0.0
918,5.1,Green-S,1276,1267,5.0,8.833333333333334,3.0,1350.0,0.00654320987654321,OVERSUPPLY,1341.1666666666667,0.0
918,5.1,Green-S,1276,1267,6.0,22.333333333333332,3.0,1350.0,0.01654320987654321,OVERSUPPLY,1327.6666666666667,0.0
918,5.1,Green-S,1276,1267,7.0,33.0,3.0,1350.0,0.024444444444444446,OVERSUPPLY,1317.0,0.0
918,5.1,Green-S,1276,1267,8.0,43.166666666666664,3.0,1350.0,0.03197530864197531,OVERSUPPLY,1306.8333333333333,0.0
918,5.1,Green-S,1276,1267,9.0,31.0,3.0,1350.0,0.022962962962962963,OVERSUPPLY,1319.0,0.0
918,5.1,Green-S,1276,1267,10.0,16.166666666666664,3.0,1350.0,0.011975308641975307,OVERSUPPLY,1333.8333333333333,0.0
918,5.1,Green-S,1276,1267,11.0,10.666666666666666,3.0,1350.0,0.007901234567901235,OVERSUPPLY,1339.3333333333333,0.0
918,5.1,Green-S,1276,1267,12.0,6.166666666666666,3.0,1350.0,0.004567901234567901,OVERSUPPLY,1343.8333333333333,0.0
918,5.1,Green-S,1276,1267,13.0,6.0,3.0,1350.0,0.0044444444444444444,OVERSUPPLY,1344.0,0.0
918,5.1,Green-S,1276,1267,14.0,6.666666666666666,3.0,1350.0,0.0049382716049382715,OVERSUPPLY,1343.3333333333333,0.0
918,5.1,Green-S,1276,1267,15.0,7.5,3.0,1350.0,0.005555555555555556,OVERSUPPLY,1342.5,0.0
918,5.1,Green-S,1276,1267,16.0,6.666666666666666,3.0,1350.0,0.0049382716049382715,OVERSUPPLY,1343.3333333333333,0.0
918,5.1,Green-S,1276,1267,17.0,8.333333333333334,3.0,1350.0,0.00617283950617284,OVERSUPPLY,1341.6666666666667,0.0
918,5.1,Green-S,1276,1267,18.0,5.0,3.0,1350.0,0.003703703703703704,OVERSUPPLY,1345.0,0.0
920,5.1,Green-S,1277,1268,5.0,9.833333333333334,3.0,1350.0,0.007283950617283951,OVERSUPPLY,1340.1666666666667,0.0
920,5.1,Green-S,1277,1268,6.0,33.833333333333336,3.0,1350.0,0.02506172839506173,OVERSUPPLY,1316.1666666666667,0.0
920,5.1,Green-S,1277,1268,7.0,52.833333333333336,3.0,1350.0,0.039135802469135804,OVERSUPPLY,1297.1666666666667,0.0
920,5.1,Green-S,1277,1268,8.0,70.5,3.0,1350.0,0.052222222222222225,OVERSUPPLY,1279.5,0.0
920,5.1,Green-S,1277,1268,9.0,52.833333333333336,3.0,1350.0,0.039135802469135804,OVERSUPPLY,1297.1666666666667,0.0
920,5.1,Green-S,1277,1268,10.0,34.333333333333336,3.0,1350.0,0.0254320987654321,OVERSUPPLY,1315.6666666666667,0.0
920,5.1,Green-S,1277,1268,11.0,20.0,3.0,1350.0,0.014814814814814815,OVERSUPPLY,1330.0,0.0
920,5.1,Green-S,1277,1268,12.0,12.833333333333334,3.0,1350.0,0.009506172839506173,OVERSUPPLY,1337.1666666666667,0.0
920,5.1,Green-S,1277,1268,13.0,13.5,3.0,1350.0,0.01,OVERSUPPLY,1336.5,0.0
920,5.1,Green-S,1277,1268,14.0,11.5,3.0,1350.0,0.008518518518518519,OVERSUPPLY,1338.5,0.0
920,5.1,Green-S,1277,1268,15.0,13.166666666666666,3.0,1350.0,0.009753086419753086,OVERSUPPLY,1336.8333333333333,0.0
920,5.1,Green-S,1277,1268,16.0,11.666666666666666,3.0,1350.0,0.008641975308641974,OVERSUPPLY,1338.3333333333333,0.0
920,5.1,Green-S,1277,1268,17.0,19.333333333333332,3.0,1350.0,0.014320987654320987,OVERSUPPLY,1330.6666666666667,0.0
920,5.1,Green-S,1277,1268,18.0,17.833333333333332,3.0,1350.0,0.013209876543209875,OVERSUPPLY,1332.1666666666667,0.0
922,5.1,Green-S,1278,1285,5.0,32.666666666666664,3.0,1350.0,0.024197530864197528,OVERSUPPLY,1317.3333333333333,0.0
922,5.1,Green-S,1278,1285,6.0,81.0,3.0,1350.0,0.06,OVERSUPPLY,1269.0,0.0
922,5.1,Green-S,1278,1285,7.0,142.33333333333334,3.0,1350.0,0.10543209876543211,OVERSUPPLY,1207.6666666666667,0.0
922,5.1,Green-S,1278,1285,8.0,163.16666666666666,3.0,1350.0,0.12086419753086419,OVERSUPPLY,1186.8333333333333,0.0
922,5.1,Green-S,1278,1285,9.0,102.83333333333334,3.0,1350.0,0.07617283950617285,OVERSUPPLY,1247.1666666666667,0.0
922,5.1,Green-S,1278,1285,10.0,55.833333333333336,3.0,1350.0,0.04135802469135803,OVERSUPPLY,1294.1666666666667,0.0
922,5.1,Green-S,1278,1285,11.0,33.333333333333336,3.0,1350.0,0.02469135802469136,OVERSUPPLY,1316.6666666666667,0.0
922,5.1,Green-S,1278,1285,12.0,20.166666666666664,3.0,1350.0,0.014938271604938269,OVERSUPPLY,1329.8333333333333,0.0
922,5.1,Green-S,1278,1285,13.0,18.5,3.0,1350.0,0.013703703703703704,OVERSUPPLY,1331.5,0.0
922,5.1,Green-S,1278,1285,14.0,18.0,3.0,1350.0,0.013333333333333334,OVERSUPPLY,1332.0,0.0
922,5.1,Green-S,1278,1285,15.0,19.166666666666668,3.0,1350.0,0.014197530864197531,OVERSUPPLY,1330.8333333333333,0.0
922,5.1,Green-S,1278,1285,16.0,20.666666666666664,3.0,1350.0,0.01530864197530864,OVERSUPPLY,1329.3333333333333,0.0
922,5.1,Green-S,1278,1285,17.0,16.833333333333332,3.0,1350.0,0.012469135802469136,OVERSUPPLY,1333.1666666666667,0.0
922,5.1,Green-S,1278,1285,18.0,13.5,3.0,1350.0,0.01,OVERSUPPLY,1336.5,0.0
924,5.1,Green-S,1279,1286,5.0,49.333333333333336,3.0,1350.0,0.03654320987654321,OVERSUPPLY,1300.6666666666667,0.0
924,5.1,Green-S,1279,1286,6.0,139.66666666666666,3.0,1350.0,0.10345679012345678,OVERSUPPLY,1210.3333333333333,0.0
924,5.1,Green-S,1279,1286,7.0,299.0,3.0,1350.0,0.22148148148148147,BALANCED,1051.0,0.0
924,5.1,Green-S,1279,1286,8.0,464.5,3.0,1350.0,0.3440740740740741,BALANCED,885.5,0.0
924,5.1,Green-S,1279,1286,9.0,330.3333333333333,3.0,1350.0,0.24469135802469136,BALANCED,1019.6666666666667,0.0
924,5.1,Green-S,1279,1286,10.0,189.66666666666666,3.0,1350.0,0.14049382716049383,OVERSUPPLY,1160.3333333333333,0.0
924,5.1,Green-S,1279,1286,11.0,110.33333333333333,3.0,1350.0,0.0817283950617284,OVERSUPPLY,1239.6666666666667,0.0
924,5.1,Green-S,1279,1286,12.0,69.0,3.0,1350.0,0.051111111111111114,OVERSUPPLY,1281.0,0.0
924,5.1,Green-S,1279,1286,13.0,52.666666666666664,3.0,1350.0,0.03901234567901234,OVERSUPPLY,1297.3333333333333,0.0
924,5.1,Green-S,1279,1286,14.0,48.333333333333336,3.0,1350.0,0.03580246913580247,OVERSUPPLY,1301.6666666666667,0.0
924,5.1,Green-S,1279,1286,15.0,49.5,3.0,1350.0,0.03666666666666667,OVERSUPPLY,1300.5,0.0
924,5.1,Green-S,1279,1286,16.0,57.5,3.0,1350.0,0.04259259259259259,OVERSUPPLY,1292.5,0.0
924,5.1,Green-S,1279,1286,17.0,73.16666666666667,3.0,1350.0,0.054197530864197534,OVERSUPPLY,1276.8333333333333,0.0
924,5.1,Green-S,1279,1286,18.0,76.16666666666667,3.0,1350.0,0.056419753086419756,OVERSUPPLY,1273.8333333333333,0.0
928,5.1,Green-S,1282,1294,5.0,32.666666666666664,3.0,1350.0,0.024197530864197528,OVERSUPPLY,1317.3333333333333,0.0
928,5.1,Green-S,1282,1294,6.0,81.0,3.0,1350.0,0.06,OVERSUPPLY,1269.0,0.0
928,5.1,Green-S,1282,1294,7.0,142.33333333333334,3.0,1350.0,0.10543209876543211,OVERSUPPLY,1207.6666666666667,0.0
928,5.1,Green-S,1282,1294,8.0,163.16666666666666,3.0,1350.0,0.12086419753086419,OVERSUPPLY,1186.8333333333333,0.0
928,5.1,Green-S,1282,1294,9.0,102.83333333333334,3.0,1350.0,0.07617283950617285,OVERSUPPLY,1247.1666666666667,0.0
928,5.1,Green-S,1282,1294,10.0,55.833333333333336,3.0,1350.0,0.04135802469135803,OVERSUPPLY,1294.1666666666667,0.0
928,5.1,Green-S,1282,1294,11.0,33.333333333333336,3.0,1350.0,0.02469135802469136,OVERSUPPLY,1316.6666666666667,0.0
928,5.1,Green-S,1282,1294,12.0,20.166666666666664,3.0,1350.0,0.014938271604938269,OVERSUPPLY,1329.8333333333333,0.0
928,5.1,Green-S,1282,1294,13.0,18.5,3.0,1350.0,0.013703703703703704,OVERSUPPLY,1331.5,0.0
928,5.1,Green-S,1282,1294,14.0,18.0,3.0,1350.0,0.013333333333333334,OVERSUPPLY,1332.0,0.0
928,5.1,Green-S,1282,1294,15.0,19.166666666666668,3.0,1350.0,0.014197530864197531,OVERSUPPLY,1330.8333333333333,0.0
928,5.1,Green-S,1282,1294,16.0,20.666666666666664,3.0,1350.0,0.01530864197530864,OVERSUPPLY,1329.3333333333333,0.0
928,5.1,Green-S,1282,1294,17.0,16.833333333333332,3.0,1350.0,0.012469135802469136,OVERSUPPLY,1333.1666666666667,0.0
928,5.1,Green-S,1282,1294,18.0,13.5,3.0,1350.0,0.01,OVERSUPPLY,1336.5,0.0
930,5.1,Green-S,1283,1295,5.0,41.833333333333336,3.0,1350.0,0.030987654320987656,OVERSUPPLY,1308.1666666666667,0.0
930,5.1,Green-S,1283,1295,6.0,117.0,3.0,1350.0,0.08666666666666667,OVERSUPPLY,1233.0,0.0
930,5.1,Green-S,1283,1295,7.0,234.16666666666666,3.0,1350.0,0.17345679012345677,OVERSUPPLY,1115.8333333333333,0.0
930,5.1,Green-S,1283,1295,8.0,334.5,3.0,1350.0,0.2477777777777778,BALANCED,1015.5,0.0
930,5.1,Green-S,1283,1295,9.0,239.5,3.0,1350.0,0.1774074074074074,OVERSUPPLY,1110.5,0.0
930,5.1,Green-S,1283,1295,10.0,134.0,3.0,1350.0,0.09925925925925926,OVERSUPPLY,1216.0,0.0
930,5.1,Green-S,1283,1295,11.0,86.33333333333333,3.0,1350.0,0.06395061728395061,OVERSUPPLY,1263.6666666666667,0.0
930,5.1,Green-S,1283,1295,12.0,48.333333333333336,3.0,1350.0,0.03580246913580247,OVERSUPPLY,1301.6666666666667,0.0
930,5.1,Green-S,1283,1295,13.0,43.0,3.0,1350.0,0.03185185185185185,OVERSUPPLY,1307.0,0.0
930,5.1,Green-S,1283,1295,14.0,34.666666666666664,3.0,1350.0,0.02567901234567901,OVERSUPPLY,1315.3333333333333,0.0
930,5.1,Green-S,1283,1295,15.0,33.5,3.0,1350.0,0.024814814814814814,OVERSUPPLY,1316.5,0.0
930,5.1,Green-S,1283,1295,16.0,37.5,3.0,1350.0,0.027777777777777776,OVERSUPPLY,1312.5,0.0
930,5.1,Green-S,1283,1295,17.0,40.333333333333336,3.0,1350.0,0.029876543209876545,OVERSUPPLY,1309.6666666666667,0.0
930,5.1,Green-S,1283,1295,18.0,43.166666666666664,3.0,1350.0,0.03197530864197531,OVERSUPPLY,1306.8333333333333,0.0
932,5.1,Green-S,1284,1302,5.0,19.0,3.0,1350.0,0.014074074074074074,OVERSUPPLY,1331.0,0.0
932,5.1,Green-S,1284,1302,6.0,59.333333333333336,3.0,1350.0,0.04395061728395062,OVERSUPPLY,1290.6666666666667,0.0
932,5.1,Green-S,1284,1302,7.0,131.0,3.0,1350.0,0.09703703703703703,OVERSUPPLY,1219.0,0.0
932,5.1,Green-S,1284,1302,8.0,255.5,3.0,1350.0,0.18925925925925927,OVERSUPPLY,1094.5,0.0
932,5.1,Green-S,1284,1302,9.0,196.16666666666666,3.0,1350.0,0.14530864197530863,OVERSUPPLY,1153.8333333333333,0.0
932,5.1,Green-S,1284,1302,10.0,114.0,3.0,1350.0,0.08444444444444445,OVERSUPPLY,1236.0,0.0
932,5.1,Green-S,1284,1302,11.0,77.16666666666667,3.0,1350.0,0.0571604938271605,OVERSUPPLY,1272.8333333333333,0.0
932,5.1,Green-S,1284,1302,12.0,54.666666666666664,3.0,1350.0,0.04049382716049382,OVERSUPPLY,1295.3333333333333,0.0
932,5.1,Green-S,1284,1302,13.0,41.5,3.0,1350.0,0.030740740740740742,OVERSUPPLY,1308.5,0.0
932,5.1,Green-S,1284,1302,14.0,50.5,3.0,1350.0,0.03740740740740741,OVERSUPPLY,1299.5,0.0
932,5.1,Green-S,1284,1302,15.0,65.33333333333333,3.0,1350.0,0.048395061728395056,OVERSUPPLY,1284.6666666666667,0.0
932,5.1,Green-S,1284,1302,16.0,85.16666666666667,3.0,1350.0,0.06308641975308642,OVERSUPPLY,1264.8333333333333,0.0
932,5.1,Green-S,1284,1302,17.0,120.66666666666667,3.0,1350.0,0.08938271604938272,OVERSUPPLY,1229.3333333333333,0.0
932,5.1,Green-S,1284,1302,18.0,128.33333333333334,3.0,1350.0,0.09506172839506173,OVERSUPPLY,1221.6666666666667,0.0
934,5.1,Green-S,1285,1291,5.0,32.666666666666664,3.0,1350.0,0.024197530864197528,OVERSUPPLY,1317.3333333333333,0.0
934,5.1,Green-S,1285,1291,6.0,81.0,3.0,1350.0,0.06,OVERSUPPLY,1269.0,0.0
934,5.1,Green-S,1285,1291,7.0,142.33333333333334,3.0,1350.0,0.10543209876543211,OVERSUPPLY,1207.6666666666667,0.0
934,5.1,Green-S,1285,1291,8.0,163.16666666666666,3.0,1350.0,0.12086419753086419,OVERSUPPLY,1186.8333333333333,0.0
934,5.1,Green-S,1285,1291,9.0,102.83333333333334,3.0,1350.0,0.07617283950617285,OVERSUPPLY,1247.1666666666667,0.0
934,5.1,Green-S,1285,1291,10.0,55.833333333333336,3.0,1350.0,0.04135802469135803,OVERSUPPLY,1294.1666666666667,0.0
934,5.1,Green-S,1285,1291,11.0,33.333333333333336,3.0,1350.0,0.02469135802469136,OVERSUPPLY,1316.6666666666667,0.0
934,5.1,Green-S,1285,1291,12.0,20.166666666666664,3.0,1350.0,0.014938271604938269,OVERSUPPLY,1329.8333333333333,0.0
934,5.1,Green-S,1285,1291,13.0,18.5,3.0,1350.0,0.013703703703703704,OVERSUPPLY,1331.5,0.0
934,5.1,Green-S,1285,1291,14.0,18.0,3.0,1350.0,0.013333333333333334,OVERSUPPLY,1332.0,0.0
934,5.1,Green-S,1285,1291,15.0,19.166666666666668,3.0,1350.0,0.014197530864197531,OVERSUPPLY,1330.8333333333333,0.0
934,5.1,Green-S,1285,1291,16.0,20.666666666666664,3.0,1350.0,0.01530864197530864,OVERSUPPLY,1329.3333333333333,0.0
934,5.1,Green-S,1285,1291,17.0,16.833333333333332,3.0,1350.0,0.012469135802469136,OVERSUPPLY,1333.1666666666667,0.0
934,5.1,Green-S,1285,1291,18.0,13.5,3.0,1350.0,0.01,OVERSUPPLY,1336.5,0.0
936,5.1,Green-S,1286,1292,5.0,48.5,3.0,1350.0,0.035925925925925924,OVERSUPPLY,1301.5,0.0
936,5.1,Green-S,1286,1292,6.0,137.66666666666666,3.0,1350.0,0.1019753086419753,OVERSUPPLY,1212.3333333333333,0.0
936,5.1,Green-S,1286,1292,7.0,296.6666666666667,3.0,1350.0,0.2197530864197531,BALANCED,1053.3333333333333,0.0
936,5.1,Green-S,1286,1292,8.0,462.0,3.0,1350.0,0.3422222222222222,BALANCED,888.0,0.0
936,5.1,Green-S,1286,1292,9.0,329.0,3.0,1350.0,0.2437037037037037,BALANCED,1021.0,0.0
936,5.1,Green-S,1286,1292,10.0,188.16666666666666,3.0,1350.0,0.1393827160493827,OVERSUPPLY,1161.8333333333333,0.0
936,5.1,Green-S,1286,1292,11.0,109.66666666666667,3.0,1350.0,0.08123456790123457,OVERSUPPLY,1240.3333333333333,0.0
936,5.1,Green-S,1286,1292,12.0,66.66666666666667,3.0,1350.0,0.04938271604938272,OVERSUPPLY,1283.3333333333333,0.0
936,5.1,Green-S,1286,1292,13.0,51.5,3.0,1350.0,0.038148148148148146,OVERSUPPLY,1298.5,0.0
936,5.1,Green-S,1286,1292,14.0,45.333333333333336,3.0,1350.0,0.03358024691358025,OVERSUPPLY,1304.6666666666667,0.0
936,5.1,Green-S,1286,1292,15.0,45.833333333333336,3.0,1350.0,0.03395061728395062,OVERSUPPLY,1304.1666666666667,0.0
936,5.1,Green-S,1286,1292,16.0,51.5,3.0,1350.0,0.038148148148148146,OVERSUPPLY,1298.5,0.0
936,5.1,Green-S,1286,1292,17.0,62.5,3.0,1350.0,0.046296296296296294,OVERSUPPLY,1287.5,0.0
936,5.1,Green-S,1286,1292,18.0,70.0,3.0,1350.0,0.05185185185185185,OVERSUPPLY,1280.0,0.0
938,5.1,Green-S,1287,1271,5.0,1.0,3.0,1350.0,0.0007407407407407407,OVERSUPPLY,1349.0,0.0
938,5.1,Green-S,1287,1271,6.0,5.0,3.0,1350.0,0.003703703703703704,OVERSUPPLY,1345.0,0.0
938,5.1,Green-S,1287,1271,7.0,9.5,3.0,1350.0,0.007037037037037037,OVERSUPPLY,1340.5,0.0
938,5.1,Green-S,1287,1271,8.0,16.166666666666664,3.0,1350.0,0.011975308641975307,OVERSUPPLY,1333.8333333333333,0.0
938,5.1,Green-S,1287,1271,9.0,13.666666666666666,3.0,1350.0,0.010123456790123456,OVERSUPPLY,1336.3333333333333,0.0
938,5.1,Green-S,1287,1271,10.0,9.0,3.0,1350.0,0.006666666666666667,OVERSUPPLY,1341.0,0.0
938,5.1,Green-S,1287,1271,11.0,6.0,3.0,1350.0,0.0044444444444444444,OVERSUPPLY,1344.0,0.0
938,5.1,Green-S,1287,1271,12.0,4.0,3.0,1350.0,0.002962962962962963,OVERSUPPLY,1346.0,0.0
938,5.1,Green-S,1287,1271,13.0,3.833333333333333,3.0,1350.0,0.002839506172839506,OVERSUPPLY,1346.1666666666667,0.0
938,5.1,Green-S,1287,1271,14.0,2.833333333333333,3.0,1350.0,0.002098765432098765,OVERSUPPLY,1347.1666666666667,0.0
938,5.1,Green-S,1287,1271,15.0,2.833333333333333,3.0,1350.0,0.002098765432098765,OVERSUPPLY,1347.1666666666667,0.0
938,5.1,Green-S,1287,1271,16.0,2.1666666666666665,3.0,1350.0,0.0016049382716049382,OVERSUPPLY,1347.8333333333333,0.0
938,5.1,Green-S,1287,1271,17.0,3.0,3.0,1350.0,0.0022222222222222222,OVERSUPPLY,1347.0,0.0
938,5.1,Green-S,1287,1271,18.0,1.8333333333333333,3.0,1350.0,0.0013580246913580246,OVERSUPPLY,1348.1666666666667,0.0
940,5.1,Green-S,1288,1272,5.0,1.0,3.0,1350.0,0.0007407407407407407,OVERSUPPLY,1349.0,0.0
940,5.1,Green-S,1288,1272,6.0,9.333333333333334,3.0,1350.0,0.006913580246913581,OVERSUPPLY,1340.6666666666667,0.0
940,5.1,Green-S,1288,1272,7.0,17.0,3.0,1350.0,0.012592592592592593,OVERSUPPLY,1333.0,0.0
940,5.1,Green-S,1288,1272,8.0,28.5,3.0,1350.0,0.021111111111111112,OVERSUPPLY,1321.5,0.0
940,5.1,Green-S,1288,1272,9.0,23.166666666666668,3.0,1350.0,0.017160493827160495,OVERSUPPLY,1326.8333333333333,0.0
940,5.1,Green-S,1288,1272,10.0,19.5,3.0,1350.0,0.014444444444444444,OVERSUPPLY,1330.5,0.0
940,5.1,Green-S,1288,1272,11.0,10.666666666666666,3.0,1350.0,0.007901234567901235,OVERSUPPLY,1339.3333333333333,0.0
940,5.1,Green-S,1288,1272,12.0,8.166666666666666,3.0,1350.0,0.006049382716049382,OVERSUPPLY,1341.8333333333333,0.0
940,5.1,Green-S,1288,1272,13.0,8.333333333333334,3.0,1350.0,0.00617283950617284,OVERSUPPLY,1341.6666666666667,0.0
940,5.1,Green-S,1288,1272,14.0,5.5,3.0,1350.0,0.004074074074074074,OVERSUPPLY,1344.5,0.0
940,5.1,Green-S,1288,1272,15.0,5.833333333333333,3.0,1350.0,0.004320987654320987,OVERSUPPLY,1344.1666666666667,0.0
940,5.1,Green-S,1288,1272,16.0,4.0,3.0,1350.0,0.002962962962962963,OVERSUPPLY,1346.0,0.0
940,5.1,Green-S,1288,1272,17.0,7.333333333333333,3.0,1350.0,0.005432098765432099,OVERSUPPLY,1342.6666666666667,0.0
940,5.1,Green-S,1288,1272,18.0,5.166666666666667,3.0,1350.0,0.0038271604938271606,OVERSUPPLY,1344.8333333333333,0.0
942,5.1,Green-S,1289,1273,5.0,16.5,3.0,1350.0,0.012222222222222223,OVERSUPPLY,1333.5,0.0
942,5.1,Green-S,1289,1273,6.0,35.666666666666664,3.0,1350.0,0.02641975308641975,OVERSUPPLY,1314.3333333333333,0.0
942,5.1,Green-S,1289,1273,7.0,67.66666666666667,3.0,1350.0,0.05012345679012346,OVERSUPPLY,1282.3333333333333,0.0
942,5.1,Green-S,1289,1273,8.0,84.16666666666667,3.0,1350.0,0.06234567901234568,OVERSUPPLY,1265.8333333333333,0.0
942,5.1,Green-S,1289,1273,9.0,55.0,3.0,1350.0,0.040740740740740744,OVERSUPPLY,1295.0,0.0
942,5.1,Green-S,1289,1273,10.0,28.5,3.0,1350.0,0.021111111111111112,OVERSUPPLY,1321.5,0.0
942,5.1,Green-S,1289,1273,11.0,16.5,3.0,1350.0,0.012222222222222223,OVERSUPPLY,1333.5,0.0
942,5.1,Green-S,1289,1273,12.0,8.833333333333332,3.0,1350.0,0.006543209876543209,OVERSUPPLY,1341.1666666666667,0.0
942,5.1,Green-S,1289,1273,13.0,9.5,3.0,1350.0,0.007037037037037037,OVERSUPPLY,1340.5,0.0
942,5.1,Green-S,1289,1273,14.0,7.833333333333333,3.0,1350.0,0.005802469135802469,OVERSUPPLY,1342.1666666666667,0.0
942,5.1,Green-S,1289,1273,15.0,9.333333333333334,3.0,1350.0,0.006913580246913581,OVERSUPPLY,1340.6666666666667,0.0
942,5.1,Green-S,1289,1273,16.0,11.333333333333332,3.0,1350.0,0.00839506172839506,OVERSUPPLY,1338.6666666666667,0.0
942,5.1,Green-S,1289,1273,17.0,9.166666666666666,3.0,1350.0,0.006790123456790123,OVERSUPPLY,1340.8333333333333,0.0
942,5.1,Green-S,1289,1273,18.0,9.0,3.0,1350.0,0.006666666666666667,OVERSUPPLY,1341.0,0.0
944,5.1,Green-S,1290,1274,5.0,36.166666666666664,3.0,1350.0,0.026790123456790122,OVERSUPPLY,1313.8333333333333,0.0
944,5.1,Green-S,1290,1274,6.0,104.83333333333333,3.0,1350.0,0.07765432098765432,OVERSUPPLY,1245.1666666666667,0.0
944,5.1,Green-S,1290,1274,7.0,240.0,3.0,1350.0,0.17777777777777778,OVERSUPPLY,1110.0,0.0
944,5.1,Green-S,1290,1274,8.0,402.3333333333333,3.0,1350.0,0.2980246913580247,BALANCED,947.6666666666667,0.0
944,5.1,Green-S,1290,1274,9.0,295.0,3.0,1350.0,0.21851851851851853,BALANCED,1055.0,0.0
944,5.1,Green-S,1290,1274,10.0,169.16666666666666,3.0,1350.0,0.12530864197530864,OVERSUPPLY,1180.8333333333333,0.0
944,5.1,Green-S,1290,1274,11.0,99.16666666666667,3.0,1350.0,0.0734567901234568,OVERSUPPLY,1250.8333333333333,0.0
944,5.1,Green-S,1290,1274,12.0,64.5,3.0,1350.0,0.04777777777777778,OVERSUPPLY,1285.5,0.0
944,5.1,Green-S,1290,1274,13.0,49.666666666666664,3.0,1350.0,0.03679012345679012,OVERSUPPLY,1300.3333333333333,0.0
944,5.1,Green-S,1290,1274,14.0,48.666666666666664,3.0,1350.0,0.036049382716049384,OVERSUPPLY,1301.3333333333333,0.0
944,5.1,Green-S,1290,1274,15.0,57.0,3.0,1350.0,0.042222222222222223,OVERSUPPLY,1293.0,0.0
944,5.1,Green-S,1290,1274,16.0,71.83333333333333,3.0,1350.0,0.053209876543209876,OVERSUPPLY,1278.1666666666667,0.0
944,5.1,Green-S,1290,1274,17.0,97.0,3.0,1350.0,0.07185185185185185,OVERSUPPLY,1253.0,0.0
944,5.1,Green-S,1290,1274,18.0,100.5,3.0,1350.0,0.07444444444444444,OVERSUPPLY,1249.5,0.0
946,5.1,Green-S,1291,1304,5.0,32.666666666666664,3.0,1350.0,0.024197530864197528,OVERSUPPLY,1317.3333333333333,0.0
946,5.1,Green-S,1291,1304,6.0,81.0,3.0,1350.0,0.06,OVERSUPPLY,1269.0,0.0
946,5.1,Green-S,1291,1304,7.0,142.5,3.0,1350.0,0.10555555555555556,OVERSUPPLY,1207.5,0.0
946,5.1,Green-S,1291,1304,8.0,164.0,3.0,1350.0,0.12148148148148148,OVERSUPPLY,1186.0,0.0
946,5.1,Green-S,1291,1304,9.0,103.0,3.0,1350.0,0.07629629629629629,OVERSUPPLY,1247.0,0.0
946,5.1,Green-S,1291,1304,10.0,56.16666666666667,3.0,1350.0,0.04160493827160494,OVERSUPPLY,1293.8333333333333,0.0
946,5.1,Green-S,1291,1304,11.0,33.333333333333336,3.0,1350.0,0.02469135802469136,OVERSUPPLY,1316.6666666666667,0.0
946,5.1,Green-S,1291,1304,12.0,20.666666666666664,3.0,1350.0,0.01530864197530864,OVERSUPPLY,1329.3333333333333,0.0
946,5.1,Green-S,1291,1304,13.0,18.666666666666668,3.0,1350.0,0.013827160493827161,OVERSUPPLY,1331.3333333333333,0.0
946,5.1,Green-S,1291,1304,14.0,18.666666666666664,3.0,1350.0,0.01382716049382716,OVERSUPPLY,1331.3333333333333,0.0
946,5.1,Green-S,1291,1304,15.0,20.0,3.0,1350.0,0.014814814814814815,OVERSUPPLY,1330.0,0.0
946,5.1,Green-S,1291,1304,16.0,21.333333333333332,3.0,1350.0,0.01580246913580247,OVERSUPPLY,1328.6666666666667,0.0
946,5.1,Green-S,1291,1304,17.0,18.0,3.0,1350.0,0.013333333333333334,OVERSUPPLY,1332.0,0.0
946,5.1,Green-S,1291,1304,18.0,13.833333333333332,3.0,1350.0,0.010246913580246913,OVERSUPPLY,1336.1666666666667,0.0
948,5.1,Green-S,1292,1305,5.0,41.833333333333336,3.0,1350.0,0.030987654320987656,OVERSUPPLY,1308.1666666666667,0.0
948,5.1,Green-S,1292,1305,6.0,117.0,3.0,1350.0,0.08666666666666667,OVERSUPPLY,1233.0,0.0
948,5.1,Green-S,1292,1305,7.0,234.16666666666666,3.0,1350.0,0.17345679012345677,OVERSUPPLY,1115.8333333333333,0.0
948,5.1,Green-S,1292,1305,8.0,334.5,3.0,1350.0,0.2477777777777778,BALANCED,1015.5,0.0
948,5.1,Green-S,1292,1305,9.0,239.5,3.0,1350.0,0.1774074074074074,OVERSUPPLY,1110.5,0.0
948,5.1,Green-S,1292,1305,10.0,134.0,3.0,1350.0,0.09925925925925926,OVERSUPPLY,1216.0,0.0
948,5.1,Green-S,1292,1305,11.0,86.33333333333333,3.0,1350.0,0.06395061728395061,OVERSUPPLY,1263.6666666666667,0.0
948,5.1,Green-S,1292,1305,12.0,48.333333333333336,3.0,1350.0,0.03580246913580247,OVERSUPPLY,1301.6666666666667,0.0
948,5.1,Green-S,1292,1305,13.0,43.0,3.0,1350.0,0.03185185185185185,OVERSUPPLY,1307.0,0.0
948,5.1,Green-S,1292,1305,14.0,34.666666666666664,3.0,1350.0,0.02567901234567901,OVERSUPPLY,1315.3333333333333,0.0
948,5.1,Green-S,1292,1305,15.0,33.5,3.0,1350.0,0.024814814814814814,OVERSUPPLY,1316.5,0.0
948,5.1,Green-S,1292,1305,16.0,37.5,3.0,1350.0,0.027777777777777776,OVERSUPPLY,1312.5,0.0
948,5.1,Green-S,1292,1305,17.0,40.333333333333336,3.0,1350.0,0.029876543209876545,OVERSUPPLY,1309.6666666666667,0.0
948,5.1,Green-S,1292,1305,18.0,43.166666666666664,3.0,1350.0,0.03197530864197531,OVERSUPPLY,1306.8333333333333,0.0
950,5.1,Green-S,1293,1303,5.0,14.666666666666666,3.0,1350.0,0.010864197530864197,OVERSUPPLY,1335.3333333333333,0.0
950,5.1,Green-S,1293,1303,6.0,37.5,3.0,1350.0,0.027777777777777776,OVERSUPPLY,1312.5,0.0
950,5.1,Green-S,1293,1303,7.0,78.33333333333333,3.0,1350.0,0.05802469135802469,OVERSUPPLY,1271.6666666666667,0.0
950,5.1,Green-S,1293,1303,8.0,165.33333333333334,3.0,1350.0,0.12246913580246914,OVERSUPPLY,1184.6666666666667,0.0
950,5.1,Green-S,1293,1303,9.0,119.5,3.0,1350.0,0.08851851851851852,OVERSUPPLY,1230.5,0.0
950,5.1,Green-S,1293,1303,10.0,76.5,3.0,1350.0,0.056666666666666664,OVERSUPPLY,1273.5,0.0
950,5.1,Green-S,1293,1303,11.0,52.166666666666664,3.0,1350.0,0.038641975308641975,OVERSUPPLY,1297.8333333333333,0.0
950,5.1,Green-S,1293,1303,12.0,44.333333333333336,3.0,1350.0,0.03283950617283951,OVERSUPPLY,1305.6666666666667,0.0
950,5.1,Green-S,1293,1303,13.0,33.666666666666664,3.0,1350.0,0.02493827160493827,OVERSUPPLY,1316.3333333333333,0.0
950,5.1,Green-S,1293,1303,14.0,41.5,3.0,1350.0,0.030740740740740742,OVERSUPPLY,1308.5,0.0
950,5.1,Green-S,1293,1303,15.0,52.666666666666664,3.0,1350.0,0.03901234567901234,OVERSUPPLY,1297.3333333333333,0.0
950,5.1,Green-S,1293,1303,16.0,67.5,3.0,1350.0,0.05,OVERSUPPLY,1282.5,0.0
950,5.1,Green-S,1293,1303,17.0,89.66666666666667,3.0,1350.0,0.06641975308641976,OVERSUPPLY,1260.3333333333333,0.0
950,5.1,Green-S,1293,1303,18.0,91.0,3.0,1350.0,0.0674074074074074,OVERSUPPLY,1259.0,0.0
952,5.1,Green-S,1294,1296,5.0,19.5,3.0,1350.0,0.014444444444444444,OVERSUPPLY,1330.5,0.0
952,5.1,Green-S,1294,1296,6.0,46.83333333333333,3.0,1350.0,0.03469135802469135,OVERSUPPLY,1303.1666666666667,0.0
952,5.1,Green-S,1294,1296,7.0,71.66666666666666,3.0,1350.0,0.053086419753086415,OVERSUPPLY,1278.3333333333333,0.0
952,5.1,Green-S,1294,1296,8.0,84.66666666666667,3.0,1350.0,0.06271604938271605,OVERSUPPLY,1265.3333333333333,0.0
952,5.1,Green-S,1294,1296,9.0,59.5,3.0,1350.0,0.04407407407407407,OVERSUPPLY,1290.5,0.0
952,5.1,Green-S,1294,1296,10.0,31.666666666666668,3.0,1350.0,0.02345679012345679,OVERSUPPLY,1318.3333333333333,0.0
952,5.1,Green-S,1294,1296,11.0,21.5,3.0,1350.0,0.015925925925925927,OVERSUPPLY,1328.5,0.0
952,5.1,Green-S,1294,1296,12.0,14.166666666666666,3.0,1350.0,0.010493827160493827,OVERSUPPLY,1335.8333333333333,0.0
952,5.1,Green-S,1294,1296,13.0,13.666666666666666,3.0,1350.0,0.010123456790123456,OVERSUPPLY,1336.3333333333333,0.0
952,5.1,Green-S,1294,1296,14.0,12.5,3.0,1350.0,0.009259259259259259,OVERSUPPLY,1337.5,0.0
952,5.1,Green-S,1294,1296,15.0,13.166666666666668,3.0,1350.0,0.009753086419753088,OVERSUPPLY,1336.8333333333333,0.0
952,5.1,Green-S,1294,1296,16.0,11.833333333333332,3.0,1350.0,0.008765432098765432,OVERSUPPLY,1338.1666666666667,0.0
952,5.1,Green-S,1294,1296,17.0,13.0,3.0,1350.0,0.00962962962962963,OVERSUPPLY,1337.0,0.0
952,5.1,Green-S,1294,1296,18.0,10.666666666666668,3.0,1350.0,0.007901234567901235,OVERSUPPLY,1339.3333333333333,0.0
954,5.1,Green-S,1295,1297,5.0,24.166666666666668,3.0,1350.0,0.017901234567901235,OVERSUPPLY,1325.8333333333333,0.0
954,5.1,Green-S,1295,1297,6.0,65.5,3.0,1350.0,0.048518518518518516,OVERSUPPLY,1284.5,0.0
954,5.1,Green-S,1295,1297,7.0,108.83333333333333,3.0,1350.0,0.08061728395061728,OVERSUPPLY,1241.1666666666667,0.0
954,5.1,Green-S,1295,1297,8.0,137.83333333333334,3.0,1350.0,0.10209876543209877,OVERSUPPLY,1212.1666666666667,0.0
954,5.1,Green-S,1295,1297,9.0,105.83333333333333,3.0,1350.0,0.07839506172839505,OVERSUPPLY,1244.1666666666667,0.0
954,5.1,Green-S,1295,1297,10.0,63.5,3.0,1350.0,0.04703703703703704,OVERSUPPLY,1286.5,0.0
954,5.1,Green-S,1295,1297,11.0,50.666666666666664,3.0,1350.0,0.037530864197530864,OVERSUPPLY,1299.3333333333333,0.0
954,5.1,Green-S,1295,1297,12.0,29.166666666666664,3.0,1350.0,0.021604938271604937,OVERSUPPLY,1320.8333333333333,0.0
954,5.1,Green-S,1295,1297,13.0,30.333333333333332,3.0,1350.0,0.022469135802469134,OVERSUPPLY,1319.6666666666667,0.0
954,5.1,Green-S,1295,1297,14.0,23.0,3.0,1350.0,0.017037037037037038,OVERSUPPLY,1327.0,0.0
954,5.1,Green-S,1295,1297,15.0,23.0,3.0,1350.0,0.017037037037037038,OVERSUPPLY,1327.0,0.0
954,5.1,Green-S,1295,1297,16.0,23.166666666666664,3.0,1350.0,0.017160493827160492,OVERSUPPLY,1326.8333333333333,0.0
954,5.1,Green-S,1295,1297,17.0,31.0,3.0,1350.0,0.022962962962962963,OVERSUPPLY,1319.0,0.0
954,5.1,Green-S,1295,1297,18.0,36.5,3.0,1350.0,0.027037037037037037,OVERSUPPLY,1313.5,0.0
956,5.1,Green-S,1296,1276,5.0,8.833333333333334,3.0,1350.0,0.00654320987654321,OVERSUPPLY,1341.1666666666667,0.0
956,5.1,Green-S,1296,1276,6.0,22.333333333333332,3.0,1350.0,0.01654320987654321,OVERSUPPLY,1327.6666666666667,0.0
956,5.1,Green-S,1296,1276,7.0,33.0,3.0,1350.0,0.024444444444444446,OVERSUPPLY,1317.0,0.0
956,5.1,Green-S,1296,1276,8.0,43.166666666666664,3.0,1350.0,0.03197530864197531,OVERSUPPLY,1306.8333333333333,0.0
956,5.1,Green-S,1296,1276,9.0,31.0,3.0,1350.0,0.022962962962962963,OVERSUPPLY,1319.0,0.0
956,5.1,Green-S,1296,1276,10.0,16.166666666666664,3.0,1350.0,0.011975308641975307,OVERSUPPLY,1333.8333333333333,0.0
956,5.1,Green-S,1296,1276,11.0,10.666666666666666,3.0,1350.0,0.007901234567901235,OVERSUPPLY,1339.3333333333333,0.0
956,5.1,Green-S,1296,1276,12.0,6.166666666666666,3.0,1350.0,0.004567901234567901,OVERSUPPLY,1343.8333333333333,0.0
956,5.1,Green-S,1296,1276,13.0,6.0,3.0,1350.0,0.0044444444444444444,OVERSUPPLY,1344.0,0.0
956,5.1,Green-S,1296,1276,14.0,6.666666666666666,3.0,1350.0,0.0049382716049382715,OVERSUPPLY,1343.3333333333333,0.0
956,5.1,Green-S,1296,1276,15.0,7.5,3.0,1350.0,0.005555555555555556,OVERSUPPLY,1342.5,0.0
956,5.1,Green-S,1296,1276,16.0,6.666666666666666,3.0,1350.0,0.0049382716049382715,OVERSUPPLY,1343.3333333333333,0.0
956,5.1,Green-S,1296,1276,17.0,8.333333333333334,3.0,1350.0,0.00617283950617284,OVERSUPPLY,1341.6666666666667,0.0
956,5.1,Green-S,1296,1276,18.0,5.0,3.0,1350.0,0.003703703703703704,OVERSUPPLY,1345.0,0.0
958,5.1,Green-S,1297,1277,5.0,9.833333333333334,3.0,1350.0,0.007283950617283951,OVERSUPPLY,1340.1666666666667,0.0
958,5.1,Green-S,1297,1277,6.0,33.833333333333336,3.0,1350.0,0.02506172839506173,OVERSUPPLY,1316.1666666666667,0.0
958,5.1,Green-S,1297,1277,7.0,52.833333333333336,3.0,1350.0,0.039135802469135804,OVERSUPPLY,1297.1666666666667,0.0
958,5.1,Green-S,1297,1277,8.0,70.5,3.0,1350.0,0.052222222222222225,OVERSUPPLY,1279.5,0.0
958,5.1,Green-S,1297,1277,9.0,52.833333333333336,3.0,1350.0,0.039135802469135804,OVERSUPPLY,1297.1666666666667,0.0
958,5.1,Green-S,1297,1277,10.0,34.333333333333336,3.0,1350.0,0.0254320987654321,OVERSUPPLY,1315.6666666666667,0.0
958,5.1,Green-S,1297,1277,11.0,20.0,3.0,1350.0,0.014814814814814815,OVERSUPPLY,1330.0,0.0
958,5.1,Green-S,1297,1277,12.0,12.833333333333334,3.0,1350.0,0.009506172839506173,OVERSUPPLY,1337.1666666666667,0.0
958,5.1,Green-S,1297,1277,13.0,13.5,3.0,1350.0,0.01,OVERSUPPLY,1336.5,0.0
958,5.1,Green-S,1297,1277,14.0,11.5,3.0,1350.0,0.008518518518518519,OVERSUPPLY,1338.5,0.0
958,5.1,Green-S,1297,1277,15.0,13.166666666666666,3.0,1350.0,0.009753086419753086,OVERSUPPLY,1336.8333333333333,0.0
958,5.1,Green-S,1297,1277,16.0,11.666666666666666,3.0,1350.0,0.008641975308641974,OVERSUPPLY,1338.3333333333333,0.0
958,5.1,Green-S,1297,1277,17.0,19.333333333333332,3.0,1350.0,0.014320987654320987,OVERSUPPLY,1330.6666666666667,0.0
958,5.1,Green-S,1297,1277,18.0,17.833333333333332,3.0,1350.0,0.013209876543209875,OVERSUPPLY,1332.1666666666667,0.0
960,5.1,Green-S,1298,1278,5.0,32.666666666666664,3.0,1350.0,0.024197530864197528,OVERSUPPLY,1317.3333333333333,0.0
960,5.1,Green-S,1298,1278,6.0,81.0,3.0,1350.0,0.06,OVERSUPPLY,1269.0,0.0
960,5.1,Green-S,1298,1278,7.0,142.33333333333334,3.0,1350.0,0.10543209876543211,OVERSUPPLY,1207.6666666666667,0.0
960,5.1,Green-S,1298,1278,8.0,163.16666666666666,3.0,1350.0,0.12086419753086419,OVERSUPPLY,1186.8333333333333,0.0
960,5.1,Green-S,1298,1278,9.0,102.83333333333334,3.0,1350.0,0.07617283950617285,OVERSUPPLY,1247.1666666666667,0.0
960,5.1,Green-S,1298,1278,10.0,55.833333333333336,3.0,1350.0,0.04135802469135803,OVERSUPPLY,1294.1666666666667,0.0
960,5.1,Green-S,1298,1278,11.0,33.333333333333336,3.0,1350.0,0.02469135802469136,OVERSUPPLY,1316.6666666666667,0.0
960,5.1,Green-S,1298,1278,12.0,20.166666666666664,3.0,1350.0,0.014938271604938269,OVERSUPPLY,1329.8333333333333,0.0
960,5.1,Green-S,1298,1278,13.0,18.5,3.0,1350.0,0.013703703703703704,OVERSUPPLY,1331.5,0.0
960,5.1,Green-S,1298,1278,14.0,18.0,3.0,1350.0,0.013333333333333334,OVERSUPPLY,1332.0,0.0
960,5.1,Green-S,1298,1278,15.0,19.166666666666668,3.0,1350.0,0.014197530864197531,OVERSUPPLY,1330.8333333333333,0.0
960,5.1,Green-S,1298,1278,16.0,20.666666666666664,3.0,1350.0,0.01530864197530864,OVERSUPPLY,1329.3333333333333,0.0
960,5.1,Green-S,1298,1278,17.0,16.833333333333332,3.0,1350.0,0.012469135802469136,OVERSUPPLY,1333.1666666666667,0.0
960,5.1,Green-S,1298,1278,18.0,13.5,3.0,1350.0,0.01,OVERSUPPLY,1336.5,0.0
962,5.1,Green-S,1299,1279,5.0,50.666666666666664,3.0,1350.0,0.037530864197530864,OVERSUPPLY,1299.3333333333333,0.0
962,5.1,Green-S,1299,1279,6.0,143.0,3.0,1350.0,0.10592592592592592,OVERSUPPLY,1207.0,0.0
962,5.1,Green-S,1299,1279,7.0,304.0,3.0,1350.0,0.22518518518518518,BALANCED,1046.0,0.0
962,5.1,Green-S,1299,1279,8.0,468.0,3.0,1350.0,0.3466666666666667,BALANCED,882.0,0.0
962,5.1,Green-S,1299,1279,9.0,332.0,3.0,1350.0,0.24592592592592594,BALANCED,1018.0,0.0
962,5.1,Green-S,1299,1279,10.0,190.66666666666666,3.0,1350.0,0.14123456790123456,OVERSUPPLY,1159.3333333333333,0.0
962,5.1,Green-S,1299,1279,11.0,111.66666666666667,3.0,1350.0,0.08271604938271605,OVERSUPPLY,1238.3333333333333,0.0
962,5.1,Green-S,1299,1279,12.0,70.0,3.0,1350.0,0.05185185185185185,OVERSUPPLY,1280.0,0.0
962,5.1,Green-S,1299,1279,13.0,53.666666666666664,3.0,1350.0,0.039753086419753086,OVERSUPPLY,1296.3333333333333,0.0
962,5.1,Green-S,1299,1279,14.0,51.666666666666664,3.0,1350.0,0.0382716049382716,OVERSUPPLY,1298.3333333333333,0.0
962,5.1,Green-S,1299,1279,15.0,51.666666666666664,3.0,1350.0,0.0382716049382716,OVERSUPPLY,1298.3333333333333,0.0
962,5.1,Green-S,1299,1279,16.0,62.833333333333336,3.0,1350.0,0.046543209876543215,OVERSUPPLY,1287.1666666666667,0.0
962,5.1,Green-S,1299,1279,17.0,77.33333333333333,3.0,1350.0,0.057283950617283946,OVERSUPPLY,1272.6666666666667,0.0
962,5.1,Green-S,1299,1279,18.0,80.83333333333333,3.0,1350.0,0.05987654320987654,OVERSUPPLY,1269.1666666666667,0.0
964,5.1,Green-S,1300,1289,5.0,11.5,3.0,1350.0,0.008518518518518519,OVERSUPPLY,1338.5,0.0
964,5.1,Green-S,1300,1289,6.0,15.5,3.0,1350.0,0.011481481481481481,OVERSUPPLY,1334.5,0.0
964,5.1,Green-S,1300,1289,7.0,30.5,3.0,1350.0,0.02259259259259259,OVERSUPPLY,1319.5,0.0
964,5.1,Green-S,1300,1289,8.0,38.83333333333333,3.0,1350.0,0.028765432098765427,OVERSUPPLY,1311.1666666666667,0.0
964,5.1,Green-S,1300,1289,9.0,29.5,3.0,1350.0,0.02185185185185185,OVERSUPPLY,1320.5,0.0
964,5.1,Green-S,1300,1289,10.0,11.833333333333334,3.0,1350.0,0.008765432098765432,OVERSUPPLY,1338.1666666666667,0.0
964,5.1,Green-S,1300,1289,11.0,6.166666666666666,3.0,1350.0,0.004567901234567901,OVERSUPPLY,1343.8333333333333,0.0
964,5.1,Green-S,1300,1289,12.0,2.666666666666667,3.0,1350.0,0.0019753086419753087,OVERSUPPLY,1347.3333333333333,0.0
964,5.1,Green-S,1300,1289,13.0,3.0,3.0,1350.0,0.0022222222222222222,OVERSUPPLY,1347.0,0.0
964,5.1,Green-S,1300,1289,14.0,3.3333333333333335,3.0,1350.0,0.0024691358024691358,OVERSUPPLY,1346.6666666666667,0.0
964,5.1,Green-S,1300,1289,15.0,4.0,3.0,1350.0,0.002962962962962963,OVERSUPPLY,1346.0,0.0
964,5.1,Green-S,1300,1289,16.0,5.0,3.0,1350.0,0.003703703703703704,OVERSUPPLY,1345.0,0.0
964,5.1,Green-S,1300,1289,17.0,2.833333333333333,3.0,1350.0,0.002098765432098765,OVERSUPPLY,1347.1666666666667,0.0
964,5.1,Green-S,1300,1289,18.0,3.333333333333333,3.0,1350.0,0.0024691358024691358,OVERSUPPLY,1346.6666666666667,0.0
966,5.1,Green-S,1301,1290,5.0,32.166666666666664,3.0,1350.0,0.02382716049382716,OVERSUPPLY,1317.8333333333333,0.0
966,5.1,Green-S,1301,1290,6.0,87.5,3.0,1350.0,0.06481481481481481,OVERSUPPLY,1262.5,0.0
966,5.1,Green-S,1301,1290,7.0,208.66666666666666,3.0,1350.0,0.1545679012345679,OVERSUPPLY,1141.3333333333333,0.0
966,5.1,Green-S,1301,1290,8.0,366.1666666666667,3.0,1350.0,0.27123456790123457,BALANCED,983.8333333333333,0.0
966,5.1,Green-S,1301,1290,9.0,273.3333333333333,3.0,1350.0,0.2024691358024691,BALANCED,1076.6666666666667,0.0
966,5.1,Green-S,1301,1290,10.0,156.16666666666666,3.0,1350.0,0.11567901234567901,OVERSUPPLY,1193.8333333333333,0.0
966,5.1,Green-S,1301,1290,11.0,92.33333333333333,3.0,1350.0,0.06839506172839506,OVERSUPPLY,1257.6666666666667,0.0
966,5.1,Green-S,1301,1290,12.0,62.666666666666664,3.0,1350.0,0.046419753086419754,OVERSUPPLY,1287.3333333333333,0.0
966,5.1,Green-S,1301,1290,13.0,46.166666666666664,3.0,1350.0,0.03419753086419753,OVERSUPPLY,1303.8333333333333,0.0
966,5.1,Green-S,1301,1290,14.0,48.833333333333336,3.0,1350.0,0.03617283950617284,OVERSUPPLY,1301.1666666666667,0.0
966,5.1,Green-S,1301,1290,15.0,59.666666666666664,3.0,1350.0,0.04419753086419753,OVERSUPPLY,1290.3333333333333,0.0
966,5.1,Green-S,1301,1290,16.0,79.0,3.0,1350.0,0.05851851851851852,OVERSUPPLY,1271.0,0.0
966,5.1,Green-S,1301,1290,17.0,105.0,3.0,1350.0,0.07777777777777778,OVERSUPPLY,1245.0,0.0
966,5.1,Green-S,1301,1290,18.0,112.5,3.0,1350.0,0.08333333333333333,OVERSUPPLY,1237.5,0.0
968,5.1,Green-S,1302,1301,5.0,22.333333333333332,3.0,1350.0,0.01654320987654321,OVERSUPPLY,1327.6666666666667,0.0
968,5.1,Green-S,1302,1301,6.0,76.66666666666667,3.0,1350.0,0.056790123456790124,OVERSUPPLY,1273.3333333333333,0.0
968,5.1,Green-S,1302,1301,7.0,183.16666666666666,3.0,1350.0,0.135679012345679,OVERSUPPLY,1166.8333333333333,0.0
968,5.1,Green-S,1302,1301,8.0,330.3333333333333,3.0,1350.0,0.24469135802469136,BALANCED,1019.6666666666667,0.0
968,5.1,Green-S,1302,1301,9.0,244.83333333333334,3.0,1350.0,0.18135802469135803,OVERSUPPLY,1105.1666666666667,0.0
968,5.1,Green-S,1302,1301,10.0,146.16666666666666,3.0,1350.0,0.10827160493827159,OVERSUPPLY,1203.8333333333333,0.0
968,5.1,Green-S,1302,1301,11.0,87.16666666666667,3.0,1350.0,0.0645679012345679,OVERSUPPLY,1262.8333333333333,0.0
968,5.1,Green-S,1302,1301,12.0,61.5,3.0,1350.0,0.04555555555555556,OVERSUPPLY,1288.5,0.0
968,5.1,Green-S,1302,1301,13.0,45.5,3.0,1350.0,0.0337037037037037,OVERSUPPLY,1304.5,0.0
968,5.1,Green-S,1302,1301,14.0,49.5,3.0,1350.0,0.03666666666666667,OVERSUPPLY,1300.5,0.0
968,5.1,Green-S,1302,1301,15.0,61.666666666666664,3.0,1350.0,0.04567901234567901,OVERSUPPLY,1288.3333333333333,0.0
968,5.1,Green-S,1302,1301,16.0,80.66666666666667,3.0,1350.0,0.05975308641975309,OVERSUPPLY,1269.3333333333333,0.0
968,5.1,Green-S,1302,1301,17.0,111.0,3.0,1350.0,0.08222222222222222,OVERSUPPLY,1239.0,0.0
968,5.1,Green-S,1302,1301,18.0,118.16666666666667,3.0,1350.0,0.08753086419753087,OVERSUPPLY,1231.8333333333333,0.0
970,5.1,Green-S,1303,1284,5.0,19.833333333333332,3.0,1350.0,0.014691358024691356,OVERSUPPLY,1330.1666666666667,0.0
970,5.1,Green-S,1303,1284,6.0,55.5,3.0,1350.0,0.04111111111111111,OVERSUPPLY,1294.5,0.0
970,5.1,Green-S,1303,1284,7.0,111.16666666666667,3.0,1350.0,0.08234567901234568,OVERSUPPLY,1238.8333333333333,0.0
970,5.1,Green-S,1303,1284,8.0,205.33333333333334,3.0,1350.0,0.15209876543209877,OVERSUPPLY,1144.6666666666667,0.0
970,5.1,Green-S,1303,1284,9.0,157.33333333333334,3.0,1350.0,0.11654320987654322,OVERSUPPLY,1192.6666666666667,0.0
970,5.1,Green-S,1303,1284,10.0,96.0,3.0,1350.0,0.07111111111111111,OVERSUPPLY,1254.0,0.0
970,5.1,Green-S,1303,1284,11.0,64.0,3.0,1350.0,0.047407407407407405,OVERSUPPLY,1286.0,0.0
970,5.1,Green-S,1303,1284,12.0,51.5,3.0,1350.0,0.038148148148148146,OVERSUPPLY,1298.5,0.0
970,5.1,Green-S,1303,1284,13.0,40.666666666666664,3.0,1350.0,0.030123456790123456,OVERSUPPLY,1309.3333333333333,0.0
970,5.1,Green-S,1303,1284,14.0,54.0,3.0,1350.0,0.04,OVERSUPPLY,1296.0,0.0
970,5.1,Green-S,1303,1284,15.0,75.0,3.0,1350.0,0.05555555555555555,OVERSUPPLY,1275.0,0.0
970,5.1,Green-S,1303,1284,16.0,96.5,3.0,1350.0,0.07148148148148148,OVERSUPPLY,1253.5,0.0
970,5.1,Green-S,1303,1284,17.0,143.5,3.0,1350.0,0.10629629629629629,OVERSUPPLY,1206.5,0.0
970,5.1,Green-S,1303,1284,18.0,145.66666666666666,3.0,1350.0,0.10790123456790122,OVERSUPPLY,1204.3333333333333,0.0
972,5.1,Green-S,1304,1282,5.0,32.666666666666664,3.0,1350.0,0.024197530864197528,OVERSUPPLY,1317.3333333333333,0.0
972,5.1,Green-S,1304,1282,6.0,81.0,3.0,1350.0,0.06,OVERSUPPLY,1269.0,0.0
972,5.1,Green-S,1304,1282,7.0,142.33333333333334,3.0,1350.0,0.10543209876543211,OVERSUPPLY,1207.6666666666667,0.0
972,5.1,Green-S,1304,1282,8.0,163.16666666666666,3.0,1350.0,0.12086419753086419,OVERSUPPLY,1186.8333333333333,0.0
972,5.1,Green-S,1304,1282,9.0,102.83333333333334,3.0,1350.0,0.07617283950617285,OVERSUPPLY,1247.1666666666667,0.0
972,5.1,Green-S,1304,1282,10.0,55.833333333333336,3.0,1350.0,0.04135802469135803,OVERSUPPLY,1294.1666666666667,0.0
972,5.1,Green-S,1304,1282,11.0,33.333333333333336,3.0,1350.0,0.02469135802469136,OVERSUPPLY,1316.6666666666667,0.0
972,5.1,Green-S,1304,1282,12.0,20.166666666666664,3.0,1350.0,0.014938271604938269,OVERSUPPLY,1329.8333333333333,0.0
972,5.1,Green-S,1304,1282,13.0,18.5,3.0,1350.0,0.013703703703703704,OVERSUPPLY,1331.5,0.0
972,5.1,Green-S,1304,1282,14.0,18.0,3.0,1350.0,0.013333333333333334,OVERSUPPLY,1332.0,0.0
972,5.1,Green-S,1304,1282,15.0,19.166666666666668,3.0,1350.0,0.014197530864197531,OVERSUPPLY,1330.8333333333333,0.0
972,5.1,Green-S,1304,1282,16.0,20.666666666666664,3.0,1350.0,0.01530864197530864,OVERSUPPLY,1329.3333333333333,0.0
972,5.1,Green-S,1304,1282,17.0,16.833333333333332,3.0,1350.0,0.012469135802469136,OVERSUPPLY,1333.1666666666667,0.0
972,5.1,Green-S,1304,1282,18.0,13.5,3.0,1350.0,0.01,OVERSUPPLY,1336.5,0.0
974,5.1,Green-S,1305,1283,5.0,41.833333333333336,3.0,1350.0,0.030987654320987656,OVERSUPPLY,1308.1666666666667,0.0
974,5.1,Green-S,1305,1283,6.0,117.0,3.0,1350.0,0.08666666666666667,OVERSUPPLY,1233.0,0.0
974,5.1,Green-S,1305,1283,7.0,234.16666666666666,3.0,1350.0,0.17345679012345677,OVERSUPPLY,1115.8333333333333,0.0
974,5.1,Green-S,1305,1283,8.0,334.5,3.0,1350.0,0.2477777777777778,BALANCED,1015.5,0.0
974,5.1,Green-S,1305,1283,9.0,239.5,3.0,1350.0,0.1774074074074074,OVERSUPPLY,1110.5,0.0
974,5.1,Green-S,1305,1283,10.0,134.0,3.0,1350.0,0.09925925925925926,OVERSUPPLY,1216.0,0.0
974,5.1,Green-S,1305,1283,11.0,86.33333333333333,3.0,1350.0,0.06395061728395061,OVERSUPPLY,1263.6666666666667,0.0
974,5.1,Green-S,1305,1283,12.0,48.333333333333336,3.0,1350.0,0.03580246913580247,OVERSUPPLY,1301.6666666666667,0.0
974,5.1,Green-S,1305,1283,13.0,43.0,3.0,1350.0,0.03185185185185185,OVERSUPPLY,1307.0,0.0
974,5.1,Green-S,1305,1283,14.0,34.666666666666664,3.0,1350.0,0.02567901234567901,OVERSUPPLY,1315.3333333333333,0.0
974,5.1,Green-S,1305,1283,15.0,33.5,3.0,1350.0,0.024814814814814814,OVERSUPPLY,1316.5,0.0
974,5.1,Green-S,1305,1283,16.0,37.5,3.0,1350.0,0.027777777777777776,OVERSUPPLY,1312.5,0.0
974,5.1,Green-S,1305,1283,17.0,40.333333333333336,3.0,1350.0,0.029876543209876545,OVERSUPPLY,1309.6666666666667,0.0
974,5.1,Green-S,1305,1283,18.0,43.166666666666664,3.0,1350.0,0.03197530864197531,OVERSUPPLY,1306.8333333333333,0.0
976,6.2,Green-N,1306,1312,5.0,217.16666666666666,5.0,2250.0,0.09651851851851852,OVERSUPPLY,2032.8333333333333,0.0
976,6.2,Green-N,1306,1312,6.0,631.0,3.0,1350.0,0.4674074074074074,BALANCED,719.0,0.0
976,6.2,Green-N,1306,1312,7.0,1572.8333333333333,3.0,1350.0,1.1650617283950617,UNDERSUPPLY,0.0,222.83333333333326
976,6.2,Green-N,1306,1312,8.0,2481.5,3.0,1350.0,1.838148148148148,UNDERSUPPLY,0.0,1131.5
976,6.2,Green-N,1306,1312,9.0,1573.8333333333333,3.0,1350.0,1.1658024691358024,UNDERSUPPLY,0.0,223.83333333333326
976,6.2,Green-N,1306,1312,10.0,791.8333333333334,3.0,1350.0,0.5865432098765433,BALANCED,558.1666666666666,0.0
976,6.2,Green-N,1306,1312,11.0,685.1666666666666,3.0,1350.0,0.5075308641975308,BALANCED,664.8333333333334,0.0
976,6.2,Green-N,1306,1312,12.0,668.5,3.0,1350.0,0.4951851851851852,BALANCED,681.5,0.0
976,6.2,Green-N,1306,1312,13.0,726.6666666666666,3.0,1350.0,0.5382716049382715,BALANCED,623.3333333333334,0.0
976,6.2,Green-N,1306,1312,14.0,751.3333333333334,3.0,1350.0,0.5565432098765433,BALANCED,598.6666666666666,0.0
976,6.2,Green-N,1306,1312,15.0,764.6666666666666,3.0,1350.0,0.5664197530864197,BALANCED,585.3333333333334,0.0
976,6.2,Green-N,1306,1312,16.0,1049.1666666666667,3.0,1350.0,0.7771604938271606,BALANCED,300.83333333333326,0.0
976,6.2,Green-N,1306,1312,17.0,1166.8333333333333,3.0,1350.0,0.864320987654321,CROWDED,183.16666666666674,0.0
976,6.2,Green-N,1306,1312,18.0,1021.6666666666666,3.0,1350.0,0.7567901234567901,BALANCED,328.33333333333337,0.0
976,6.2,Green-N,1306,1312,19.0,664.6666666666666,2.0,900.0,0.7385185185185185,BALANCED,235.33333333333337,0.0
978,6.2,Green-N,1307,1306,5.0,201.0,5.0,2250.0,0.08933333333333333,OVERSUPPLY,2049.0,0.0
978,6.2,Green-N,1307,1306,6.0,587.5,3.0,1350.0,0.4351851851851852,BALANCED,762.5,0.0
978,6.2,Green-N,1307,1306,7.0,1423.8333333333333,3.0,1350.0,1.0546913580246913,UNDERSUPPLY,0.0,73.83333333333326
978,6.2,Green-N,1307,1306,8.0,2234.8333333333335,3.0,1350.0,1.6554320987654323,UNDERSUPPLY,0.0,884.8333333333335
978,6.2,Green-N,1307,1306,9.0,1431.5,3.0,1350.0,1.0603703703703704,UNDERSUPPLY,0.0,81.5
978,6.2,Green-N,1307,1306,10.0,719.6666666666666,3.0,1350.0,0.5330864197530863,BALANCED,630.3333333333334,0.0
978,6.2,Green-N,1307,1306,11.0,626.1666666666666,3.0,1350.0,0.4638271604938271,BALANCED,723.8333333333334,0.0
978,6.2,Green-N,1307,1306,12.0,610.0,3.0,1350.0,0.45185185185185184,BALANCED,740.0,0.0
978,6.2,Green-N,1307,1306,13.0,666.0,3.0,1350.0,0.49333333333333335,BALANCED,684.0,0.0
978,6.2,Green-N,1307,1306,14.0,700.0,3.0,1350.0,0.5185185185185185,BALANCED,650.0,0.0
978,6.2,Green-N,1307,1306,15.0,702.3333333333334,3.0,1350.0,0.520246913580247,BALANCED,647.6666666666666,0.0
978,6.2,Green-N,1307,1306,16.0,954.5,3.0,1350.0,0.707037037037037,BALANCED,395.5,0.0
978,6.2,Green-N,1307,1306,17.0,1049.6666666666667,3.0,1350.0,0.7775308641975309,BALANCED,300.33333333333326,0.0
978,6.2,Green-N,1307,1306,18.0,929.5,3.0,1350.0,0.6885185185185185,BALANCED,420.5,0.0
978,6.2,Green-N,1307,1306,19.0,597.5,2.0,900.0,0.6638888888888889,BALANCED,302.5,0.0
980,6.2,Green-N,1308,1319,5.0,211.66666666666666,5.0,2250.0,0.09407407407407407,OVERSUPPLY,2038.3333333333333,0.0
980,6.2,Green-N,1308,1319,6.0,633.5,3.0,1350.0,0.46925925925925926,BALANCED,716.5,0.0
980,6.2,Green-N,1308,1319,7.0,1592.5,3.0,1350.0,1.1796296296296296,UNDERSUPPLY,0.0,242.5
980,6.2,Green-N,1308,1319,8.0,2351.8333333333335,3.0,1350.0,1.742098765432099,UNDERSUPPLY,0.0,1001.8333333333335
980,6.2,Green-N,1308,1319,9.0,1479.6666666666667,3.0,1350.0,1.0960493827160493,UNDERSUPPLY,0.0,129.66666666666674
980,6.2,Green-N,1308,1319,10.0,751.6666666666666,3.0,1350.0,0.5567901234567901,BALANCED,598.3333333333334,0.0
980,6.2,Green-N,1308,1319,11.0,673.1666666666666,3.0,1350.0,0.49864197530864196,BALANCED,676.8333333333334,0.0
980,6.2,Green-N,1308,1319,12.0,675.0,3.0,1350.0,0.5,BALANCED,675.0,0.0
980,6.2,Green-N,1308,1319,13.0,735.5,3.0,1350.0,0.5448148148148149,BALANCED,614.5,0.0
980,6.2,Green-N,1308,1319,14.0,765.3333333333334,3.0,1350.0,0.5669135802469136,BALANCED,584.6666666666666,0.0
980,6.2,Green-N,1308,1319,15.0,783.8333333333334,3.0,1350.0,0.5806172839506173,BALANCED,566.1666666666666,0.0
980,6.2,Green-N,1308,1319,16.0,1068.3333333333333,3.0,1350.0,0.791358024691358,BALANCED,281.66666666666674,0.0
980,6.2,Green-N,1308,1319,17.0,1187.5,3.0,1350.0,0.8796296296296297,CROWDED,162.5,0.0
980,6.2,Green-N,1308,1319,18.0,1056.5,3.0,1350.0,0.7825925925925926,BALANCED,293.5,0.0
980,6.2,Green-N,1308,1319,19.0,654.8333333333334,2.0,900.0,0.7275925925925927,BALANCED,245.16666666666663,0.0
982,6.2,Green-N,1309,1320,5.0,4.833333333333333,5.0,2250.0,0.002148148148148148,OVERSUPPLY,2245.1666666666665,0.0
982,6.2,Green-N,1309,1320,6.0,37.166666666666664,3.0,1350.0,0.027530864197530862,OVERSUPPLY,1312.8333333333333,0.0
982,6.2,Green-N,1309,1320,7.0,68.83333333333333,3.0,1350.0,0.05098765432098765,OVERSUPPLY,1281.1666666666667,0.0
982,6.2,Green-N,1309,1320,8.0,102.0,3.0,1350.0,0.07555555555555556,OVERSUPPLY,1248.0,0.0
982,6.2,Green-N,1309,1320,9.0,76.83333333333333,3.0,1350.0,0.05691358024691358,OVERSUPPLY,1273.1666666666667,0.0
982,6.2,Green-N,1309,1320,10.0,65.66666666666667,3.0,1350.0,0.04864197530864198,OVERSUPPLY,1284.3333333333333,0.0
982,6.2,Green-N,1309,1320,11.0,67.66666666666667,3.0,1350.0,0.05012345679012346,OVERSUPPLY,1282.3333333333333,0.0
982,6.2,Green-N,1309,1320,12.0,68.83333333333333,3.0,1350.0,0.05098765432098765,OVERSUPPLY,1281.1666666666667,0.0
982,6.2,Green-N,1309,1320,13.0,72.33333333333333,3.0,1350.0,0.053580246913580244,OVERSUPPLY,1277.6666666666667,0.0
982,6.2,Green-N,1309,1320,14.0,93.0,3.0,1350.0,0.06888888888888889,OVERSUPPLY,1257.0,0.0
982,6.2,Green-N,1309,1320,15.0,135.83333333333334,3.0,1350.0,0.1006172839506173,OVERSUPPLY,1214.1666666666667,0.0
982,6.2,Green-N,1309,1320,16.0,249.16666666666666,3.0,1350.0,0.1845679012345679,OVERSUPPLY,1100.8333333333333,0.0
982,6.2,Green-N,1309,1320,17.0,441.1666666666667,3.0,1350.0,0.32679012345679015,BALANCED,908.8333333333333,0.0
982,6.2,Green-N,1309,1320,18.0,407.3333333333333,3.0,1350.0,0.3017283950617284,BALANCED,942.6666666666667,0.0
982,6.2,Green-N,1309,1320,19.0,204.83333333333334,2.0,900.0,0.2275925925925926,BALANCED,695.1666666666666,0.0
986,6.2,Green-N,1312,1325,5.0,21.833333333333332,5.0,2250.0,0.009703703703703704,OVERSUPPLY,2228.1666666666665,0.0
986,6.2,Green-N,1312,1325,6.0,52.33333333333333,3.0,1350.0,0.03876543209876543,OVERSUPPLY,1297.6666666666667,0.0
986,6.2,Green-N,1312,1325,7.0,110.0,3.0,1350.0,0.08148148148148149,OVERSUPPLY,1240.0,0.0
986,6.2,Green-N,1312,1325,8.0,164.83333333333331,3.0,1350.0,0.12209876543209876,OVERSUPPLY,1185.1666666666667,0.0
986,6.2,Green-N,1312,1325,9.0,113.66666666666666,3.0,1350.0,0.08419753086419753,OVERSUPPLY,1236.3333333333333,0.0
986,6.2,Green-N,1312,1325,10.0,46.333333333333336,3.0,1350.0,0.03432098765432099,OVERSUPPLY,1303.6666666666667,0.0
986,6.2,Green-N,1312,1325,11.0,51.5,3.0,1350.0,0.038148148148148146,OVERSUPPLY,1298.5,0.0
986,6.2,Green-N,1312,1325,12.0,51.33333333333333,3.0,1350.0,0.038024691358024686,OVERSUPPLY,1298.6666666666667,0.0
986,6.2,Green-N,1312,1325,13.0,66.16666666666667,3.0,1350.0,0.04901234567901235,OVERSUPPLY,1283.8333333333333,0.0
986,6.2,Green-N,1312,1325,14.0,57.5,3.0,1350.0,0.04259259259259259,OVERSUPPLY,1292.5,0.0
986,6.2,Green-N,1312,1325,15.0,84.16666666666667,3.0,1350.0,0.06234567901234568,OVERSUPPLY,1265.8333333333333,0.0
986,6.2,Green-N,1312,1325,16.0,137.16666666666666,3.0,1350.0,0.10160493827160492,OVERSUPPLY,1212.8333333333333,0.0
986,6.2,Green-N,1312,1325,17.0,172.5,3.0,1350.0,0.12777777777777777,OVERSUPPLY,1177.5,0.0
986,6.2,Green-N,1312,1325,18.0,149.0,3.0,1350.0,0.11037037037037037,OVERSUPPLY,1201.0,0.0
986,6.2,Green-N,1312,1325,19.0,97.33333333333333,2.0,900.0,0.10814814814814815,OVERSUPPLY,802.6666666666666,0.0
988,6.2,Green-N,1313,1326,5.0,47.833333333333336,5.0,2250.0,0.02125925925925926,OVERSUPPLY,2202.1666666666665,0.0
988,6.2,Green-N,1313,1326,6.0,242.0,3.0,1350.0,0.17925925925925926,OVERSUPPLY,1108.0,0.0
988,6.2,Green-N,1313,1326,7.0,443.8333333333333,3.0,1350.0,0.3287654320987654,BALANCED,906.1666666666667,0.0
988,6.2,Green-N,1313,1326,8.0,528.1666666666666,3.0,1350.0,0.39123456790123456,BALANCED,821.8333333333334,0.0
988,6.2,Green-N,1313,1326,9.0,371.5,3.0,1350.0,0.2751851851851852,BALANCED,978.5,0.0
988,6.2,Green-N,1313,1326,10.0,273.0,3.0,1350.0,0.20222222222222222,BALANCED,1077.0,0.0
988,6.2,Green-N,1313,1326,11.0,267.3333333333333,3.0,1350.0,0.19802469135802467,OVERSUPPLY,1082.6666666666667,0.0
988,6.2,Green-N,1313,1326,12.0,295.3333333333333,3.0,1350.0,0.21876543209876542,BALANCED,1054.6666666666667,0.0
988,6.2,Green-N,1313,1326,13.0,335.5,3.0,1350.0,0.24851851851851853,BALANCED,1014.5,0.0
988,6.2,Green-N,1313,1326,14.0,464.8333333333333,3.0,1350.0,0.34432098765432095,BALANCED,885.1666666666667,0.0
988,6.2,Green-N,1313,1326,15.0,695.8333333333334,3.0,1350.0,0.5154320987654322,BALANCED,654.1666666666666,0.0
988,6.2,Green-N,1313,1326,16.0,1262.5,3.0,1350.0,0.9351851851851852,CROWDED,87.5,0.0
988,6.2,Green-N,1313,1326,17.0,2051.0,3.0,1350.0,1.5192592592592593,UNDERSUPPLY,0.0,701.0
988,6.2,Green-N,1313,1326,18.0,1582.8333333333333,3.0,1350.0,1.172469135802469,UNDERSUPPLY,0.0,232.83333333333326
988,6.2,Green-N,1313,1326,19.0,757.0,2.0,900.0,0.8411111111111111,CROWDED,143.0,0.0
990,6.2,Green-N,1314,1308,5.0,177.0,5.0,2250.0,0.07866666666666666,OVERSUPPLY,2073.0,0.0
990,6.2,Green-N,1314,1308,6.0,531.5,3.0,1350.0,0.3937037037037037,BALANCED,818.5,0.0
990,6.2,Green-N,1314,1308,7.0,1322.0,3.0,1350.0,0.9792592592592593,CROWDED,28.0,0.0
990,6.2,Green-N,1314,1308,8.0,2003.8333333333333,3.0,1350.0,1.4843209876543209,UNDERSUPPLY,0.0,653.8333333333333
990,6.2,Green-N,1314,1308,9.0,1280.3333333333333,3.0,1350.0,0.948395061728395,CROWDED,69.66666666666674,0.0
990,6.2,Green-N,1314,1308,10.0,637.1666666666666,3.0,1350.0,0.4719753086419753,BALANCED,712.8333333333334,0.0
990,6.2,Green-N,1314,1308,11.0,582.0,3.0,1350.0,0.4311111111111111,BALANCED,768.0,0.0
990,6.2,Green-N,1314,1308,12.0,584.3333333333334,3.0,1350.0,0.43283950617283956,BALANCED,765.6666666666666,0.0
990,6.2,Green-N,1314,1308,13.0,648.0,3.0,1350.0,0.48,BALANCED,702.0,0.0
990,6.2,Green-N,1314,1308,14.0,663.8333333333334,3.0,1350.0,0.49172839506172844,BALANCED,686.1666666666666,0.0
990,6.2,Green-N,1314,1308,15.0,697.5,3.0,1350.0,0.5166666666666667,BALANCED,652.5,0.0
990,6.2,Green-N,1314,1308,16.0,965.5,3.0,1350.0,0.7151851851851851,BALANCED,384.5,0.0
990,6.2,Green-N,1314,1308,17.0,1098.1666666666667,3.0,1350.0,0.8134567901234568,CROWDED,251.83333333333326,0.0
990,6.2,Green-N,1314,1308,18.0,1001.1666666666666,3.0,1350.0,0.7416049382716049,BALANCED,348.83333333333337,0.0
990,6.2,Green-N,1314,1308,19.0,622.0,2.0,900.0,0.6911111111111111,BALANCED,278.0,0.0
992,6.2,Green-N,1315,1332,5.0,27.0,5.0,2250.0,0.012,OVERSUPPLY,2223.0,0.0
992,6.2,Green-N,1315,1332,6.0,96.16666666666667,3.0,1350.0,0.07123456790123457,OVERSUPPLY,1253.8333333333333,0.0
992,6.2,Green-N,1315,1332,7.0,210.66666666666666,3.0,1350.0,0.15604938271604937,OVERSUPPLY,1139.3333333333333,0.0
992,6.2,Green-N,1315,1332,8.0,305.8333333333333,3.0,1350.0,0.2265432098765432,BALANCED,1044.1666666666667,0.0
992,6.2,Green-N,1315,1332,9.0,239.5,3.0,1350.0,0.1774074074074074,OVERSUPPLY,1110.5,0.0
992,6.2,Green-N,1315,1332,10.0,182.16666666666666,3.0,1350.0,0.13493827160493826,OVERSUPPLY,1167.8333333333333,0.0
992,6.2,Green-N,1315,1332,11.0,212.83333333333334,3.0,1350.0,0.15765432098765433,OVERSUPPLY,1137.1666666666667,0.0
992,6.2,Green-N,1315,1332,12.0,280.0,3.0,1350.0,0.2074074074074074,BALANCED,1070.0,0.0
992,6.2,Green-N,1315,1332,13.0,345.8333333333333,3.0,1350.0,0.2561728395061728,BALANCED,1004.1666666666667,0.0
992,6.2,Green-N,1315,1332,14.0,499.1666666666667,3.0,1350.0,0.3697530864197531,BALANCED,850.8333333333333,0.0
992,6.2,Green-N,1315,1332,15.0,782.6666666666666,3.0,1350.0,0.5797530864197531,BALANCED,567.3333333333334,0.0
992,6.2,Green-N,1315,1332,16.0,1387.6666666666667,3.0,1350.0,1.0279012345679013,UNDERSUPPLY,0.0,37.66666666666674
992,6.2,Green-N,1315,1332,17.0,2290.5,3.0,1350.0,1.6966666666666668,UNDERSUPPLY,0.0,940.5
992,6.2,Green-N,1315,1332,18.0,1854.6666666666667,3.0,1350.0,1.3738271604938272,UNDERSUPPLY,0.0,504.66666666666674
992,6.2,Green-N,1315,1332,19.0,968.3333333333334,2.0,900.0,1.075925925925926,UNDERSUPPLY,0.0,68.33333333333337
994,6.2,Green-N,1316,1330,5.0,8.333333333333334,5.0,2250.0,0.003703703703703704,OVERSUPPLY,2241.6666666666665,0.0
994,6.2,Green-N,1316,1330,6.0,16.166666666666668,3.0,1350.0,0.01197530864197531,OVERSUPPLY,1333.8333333333333,0.0
994,6.2,Green-N,1316,1330,7.0,24.666666666666668,3.0,1350.0,0.018271604938271607,OVERSUPPLY,1325.3333333333333,0.0
994,6.2,Green-N,1316,1330,8.0,44.0,3.0,1350.0,0.03259259259259259,OVERSUPPLY,1306.0,0.0
994,6.2,Green-N,1316,1330,9.0,32.166666666666664,3.0,1350.0,0.02382716049382716,OVERSUPPLY,1317.8333333333333,0.0
994,6.2,Green-N,1316,1330,10.0,15.333333333333332,3.0,1350.0,0.011358024691358024,OVERSUPPLY,1334.6666666666667,0.0
994,6.2,Green-N,1316,1330,11.0,13.333333333333332,3.0,1350.0,0.009876543209876543,OVERSUPPLY,1336.6666666666667,0.0
994,6.2,Green-N,1316,1330,12.0,10.5,3.0,1350.0,0.0077777777777777776,OVERSUPPLY,1339.5,0.0
994,6.2,Green-N,1316,1330,13.0,9.5,3.0,1350.0,0.007037037037037037,OVERSUPPLY,1340.5,0.0
994,6.2,Green-N,1316,1330,14.0,8.166666666666666,3.0,1350.0,0.006049382716049382,OVERSUPPLY,1341.8333333333333,0.0
994,6.2,Green-N,1316,1330,15.0,12.666666666666666,3.0,1350.0,0.009382716049382716,OVERSUPPLY,1337.3333333333333,0.0
994,6.2,Green-N,1316,1330,16.0,16.166666666666668,3.0,1350.0,0.01197530864197531,OVERSUPPLY,1333.8333333333333,0.0
994,6.2,Green-N,1316,1330,17.0,20.5,3.0,1350.0,0.015185185185185185,OVERSUPPLY,1329.5,0.0
994,6.2,Green-N,1316,1330,18.0,17.333333333333332,3.0,1350.0,0.012839506172839505,OVERSUPPLY,1332.6666666666667,0.0
994,6.2,Green-N,1316,1330,19.0,8.833333333333332,2.0,900.0,0.009814814814814813,OVERSUPPLY,891.1666666666666,0.0
996,6.2,Green-N,1317,1331,5.0,6.5,5.0,2250.0,0.0028888888888888888,OVERSUPPLY,2243.5,0.0
996,6.2,Green-N,1317,1331,6.0,60.16666666666667,3.0,1350.0,0.04456790123456791,OVERSUPPLY,1289.8333333333333,0.0
996,6.2,Green-N,1317,1331,7.0,79.16666666666667,3.0,1350.0,0.05864197530864198,OVERSUPPLY,1270.8333333333333,0.0
996,6.2,Green-N,1317,1331,8.0,147.16666666666666,3.0,1350.0,0.10901234567901234,OVERSUPPLY,1202.8333333333333,0.0
996,6.2,Green-N,1317,1331,9.0,98.83333333333333,3.0,1350.0,0.07320987654320987,OVERSUPPLY,1251.1666666666667,0.0
996,6.2,Green-N,1317,1331,10.0,79.0,3.0,1350.0,0.05851851851851852,OVERSUPPLY,1271.0,0.0
996,6.2,Green-N,1317,1331,11.0,66.16666666666667,3.0,1350.0,0.04901234567901235,OVERSUPPLY,1283.8333333333333,0.0
996,6.2,Green-N,1317,1331,12.0,65.33333333333333,3.0,1350.0,0.048395061728395056,OVERSUPPLY,1284.6666666666667,0.0
996,6.2,Green-N,1317,1331,13.0,51.833333333333336,3.0,1350.0,0.03839506172839506,OVERSUPPLY,1298.1666666666667,0.0
996,6.2,Green-N,1317,1331,14.0,53.333333333333336,3.0,1350.0,0.03950617283950617,OVERSUPPLY,1296.6666666666667,0.0
996,6.2,Green-N,1317,1331,15.0,88.0,3.0,1350.0,0.06518518518518518,OVERSUPPLY,1262.0,0.0
996,6.2,Green-N,1317,1331,16.0,144.5,3.0,1350.0,0.10703703703703704,OVERSUPPLY,1205.5,0.0
996,6.2,Green-N,1317,1331,17.0,247.5,3.0,1350.0,0.18333333333333332,OVERSUPPLY,1102.5,0.0
996,6.2,Green-N,1317,1331,18.0,254.0,3.0,1350.0,0.18814814814814815,OVERSUPPLY,1096.0,0.0
996,6.2,Green-N,1317,1331,19.0,124.66666666666667,2.0,900.0,0.1385185185185185,OVERSUPPLY,775.3333333333334,0.0
998,6.2,Green-N,1318,1313,5.0,6.0,5.0,2250.0,0.0026666666666666666,OVERSUPPLY,2244.0,0.0
998,6.2,Green-N,1318,1313,6.0,34.333333333333336,3.0,1350.0,0.0254320987654321,OVERSUPPLY,1315.6666666666667,0.0
998,6.2,Green-N,1318,1313,7.0,63.833333333333336,3.0,1350.0,0.04728395061728395,OVERSUPPLY,1286.1666666666667,0.0
998,6.2,Green-N,1318,1313,8.0,98.33333333333333,3.0,1350.0,0.0728395061728395,OVERSUPPLY,1251.6666666666667,0.0
998,6.2,Green-N,1318,1313,9.0,90.16666666666667,3.0,1350.0,0.06679012345679013,OVERSUPPLY,1259.8333333333333,0.0
998,6.2,Green-N,1318,1313,10.0,59.666666666666664,3.0,1350.0,0.04419753086419753,OVERSUPPLY,1290.3333333333333,0.0
998,6.2,Green-N,1318,1313,11.0,78.66666666666667,3.0,1350.0,0.05827160493827161,OVERSUPPLY,1271.3333333333333,0.0
998,6.2,Green-N,1318,1313,12.0,92.5,3.0,1350.0,0.06851851851851852,OVERSUPPLY,1257.5,0.0
998,6.2,Green-N,1318,1313,13.0,111.33333333333333,3.0,1350.0,0.08246913580246913,OVERSUPPLY,1238.6666666666667,0.0
998,6.2,Green-N,1318,1313,14.0,163.0,3.0,1350.0,0.12074074074074075,OVERSUPPLY,1187.0,0.0
998,6.2,Green-N,1318,1313,15.0,251.83333333333334,3.0,1350.0,0.18654320987654321,OVERSUPPLY,1098.1666666666667,0.0
998,6.2,Green-N,1318,1313,16.0,458.1666666666667,3.0,1350.0,0.33938271604938275,BALANCED,891.8333333333333,0.0
998,6.2,Green-N,1318,1313,17.0,805.0,3.0,1350.0,0.5962962962962963,BALANCED,545.0,0.0
998,6.2,Green-N,1318,1313,18.0,726.6666666666666,3.0,1350.0,0.5382716049382715,BALANCED,623.3333333333334,0.0
998,6.2,Green-N,1318,1313,19.0,365.6666666666667,2.0,900.0,0.4062962962962963,BALANCED,534.3333333333333,0.0
1000,6.2,Green-N,1319,1307,5.0,189.16666666666666,5.0,2250.0,0.08407407407407406,OVERSUPPLY,2060.8333333333335,0.0
1000,6.2,Green-N,1319,1307,6.0,554.3333333333334,3.0,1350.0,0.4106172839506173,BALANCED,795.6666666666666,0.0
1000,6.2,Green-N,1319,1307,7.0,1336.3333333333333,3.0,1350.0,0.9898765432098765,CROWDED,13.666666666666742,0.0
1000,6.2,Green-N,1319,1307,8.0,2044.0,3.0,1350.0,1.5140740740740741,UNDERSUPPLY,0.0,694.0
1000,6.2,Green-N,1319,1307,9.0,1295.8333333333333,3.0,1350.0,0.9598765432098765,CROWDED,54.16666666666674,0.0
1000,6.2,Green-N,1319,1307,10.0,644.5,3.0,1350.0,0.4774074074074074,BALANCED,705.5,0.0
1000,6.2,Green-N,1319,1307,11.0,568.1666666666666,3.0,1350.0,0.4208641975308642,BALANCED,781.8333333333334,0.0
1000,6.2,Green-N,1319,1307,12.0,560.3333333333334,3.0,1350.0,0.4150617283950618,BALANCED,789.6666666666666,0.0
1000,6.2,Green-N,1319,1307,13.0,613.0,3.0,1350.0,0.4540740740740741,BALANCED,737.0,0.0
1000,6.2,Green-N,1319,1307,14.0,649.6666666666666,3.0,1350.0,0.48123456790123453,BALANCED,700.3333333333334,0.0
1000,6.2,Green-N,1319,1307,15.0,642.3333333333334,3.0,1350.0,0.4758024691358025,BALANCED,707.6666666666666,0.0
1000,6.2,Green-N,1319,1307,16.0,891.3333333333334,3.0,1350.0,0.6602469135802469,BALANCED,458.66666666666663,0.0
1000,6.2,Green-N,1319,1307,17.0,975.1666666666666,3.0,1350.0,0.7223456790123457,BALANCED,374.83333333333337,0.0
1000,6.2,Green-N,1319,1307,18.0,870.1666666666666,3.0,1350.0,0.6445679012345679,BALANCED,479.83333333333337,0.0
1000,6.2,Green-N,1319,1307,19.0,556.6666666666666,2.0,900.0,0.6185185185185185,BALANCED,343.33333333333337,0.0
1002,6.2,Green-N,1320,1327,5.0,11.833333333333334,5.0,2250.0,0.0052592592592592595,OVERSUPPLY,2238.1666666666665,0.0
1002,6.2,Green-N,1320,1327,6.0,73.83333333333333,3.0,1350.0,0.054691358024691356,OVERSUPPLY,1276.1666666666667,0.0
1002,6.2,Green-N,1320,1327,7.0,116.33333333333333,3.0,1350.0,0.08617283950617284,OVERSUPPLY,1233.6666666666667,0.0
1002,6.2,Green-N,1320,1327,8.0,161.33333333333334,3.0,1350.0,0.11950617283950618,OVERSUPPLY,1188.6666666666667,0.0
1002,6.2,Green-N,1320,1327,9.0,106.0,3.0,1350.0,0.07851851851851852,OVERSUPPLY,1244.0,0.0
1002,6.2,Green-N,1320,1327,10.0,85.33333333333333,3.0,1350.0,0.06320987654320988,OVERSUPPLY,1264.6666666666667,0.0
1002,6.2,Green-N,1320,1327,11.0,75.66666666666667,3.0,1350.0,0.05604938271604939,OVERSUPPLY,1274.3333333333333,0.0
1002,6.2,Green-N,1320,1327,12.0,82.33333333333333,3.0,1350.0,0.06098765432098765,OVERSUPPLY,1267.6666666666667,0.0
1002,6.2,Green-N,1320,1327,13.0,83.83333333333333,3.0,1350.0,0.06209876543209876,OVERSUPPLY,1266.1666666666667,0.0
1002,6.2,Green-N,1320,1327,14.0,101.5,3.0,1350.0,0.07518518518518519,OVERSUPPLY,1248.5,0.0
1002,6.2,Green-N,1320,1327,15.0,143.83333333333334,3.0,1350.0,0.10654320987654321,OVERSUPPLY,1206.1666666666667,0.0
1002,6.2,Green-N,1320,1327,16.0,243.33333333333334,3.0,1350.0,0.18024691358024691,OVERSUPPLY,1106.6666666666667,0.0
1002,6.2,Green-N,1320,1327,17.0,444.1666666666667,3.0,1350.0,0.3290123456790124,BALANCED,905.8333333333333,0.0
1002,6.2,Green-N,1320,1327,18.0,407.5,3.0,1350.0,0.30185185185185187,BALANCED,942.5,0.0
1002,6.2,Green-N,1320,1327,19.0,209.83333333333334,2.0,900.0,0.23314814814814816,BALANCED,690.1666666666666,0.0
1004,6.2,Green-N,1321,1318,5.0,11.5,5.0,2250.0,0.005111111111111111,OVERSUPPLY,2238.5,0.0
1004,6.2,Green-N,1321,1318,6.0,53.166666666666664,3.0,1350.0,0.03938271604938271,OVERSUPPLY,1296.8333333333333,0.0
1004,6.2,Green-N,1321,1318,7.0,104.83333333333333,3.0,1350.0,0.07765432098765432,OVERSUPPLY,1245.1666666666667,0.0
1004,6.2,Green-N,1321,1318,8.0,142.0,3.0,1350.0,0.10518518518518519,OVERSUPPLY,1208.0,0.0
1004,6.2,Green-N,1321,1318,9.0,119.16666666666667,3.0,1350.0,0.0882716049382716,OVERSUPPLY,1230.8333333333333,0.0
1004,6.2,Green-N,1321,1318,10.0,92.16666666666667,3.0,1350.0,0.06827160493827161,OVERSUPPLY,1257.8333333333333,0.0
1004,6.2,Green-N,1321,1318,11.0,115.16666666666667,3.0,1350.0,0.08530864197530864,OVERSUPPLY,1234.8333333333333,0.0
1004,6.2,Green-N,1321,1318,12.0,148.66666666666666,3.0,1350.0,0.11012345679012345,OVERSUPPLY,1201.3333333333333,0.0
1004,6.2,Green-N,1321,1318,13.0,182.83333333333334,3.0,1350.0,0.1354320987654321,OVERSUPPLY,1167.1666666666667,0.0
1004,6.2,Green-N,1321,1318,14.0,249.16666666666666,3.0,1350.0,0.1845679012345679,OVERSUPPLY,1100.8333333333333,0.0
1004,6.2,Green-N,1321,1318,15.0,400.1666666666667,3.0,1350.0,0.29641975308641977,BALANCED,949.8333333333333,0.0
1004,6.2,Green-N,1321,1318,16.0,708.5,3.0,1350.0,0.5248148148148148,BALANCED,641.5,0.0
1004,6.2,Green-N,1321,1318,17.0,1168.5,3.0,1350.0,0.8655555555555555,CROWDED,181.5,0.0
1004,6.2,Green-N,1321,1318,18.0,969.1666666666666,3.0,1350.0,0.7179012345679012,BALANCED,380.83333333333337,0.0
1004,6.2,Green-N,1321,1318,19.0,505.3333333333333,2.0,900.0,0.5614814814814815,BALANCED,394.6666666666667,0.0
1006,6.2,Green-N,1322,1310,5.0,2.5,5.0,2250.0,0.0011111111111111111,OVERSUPPLY,2247.5,0.0
1006,6.2,Green-N,1322,1310,6.0,8.833333333333334,3.0,1350.0,0.00654320987654321,OVERSUPPLY,1341.1666666666667,0.0
1006,6.2,Green-N,1322,1310,7.0,13.666666666666666,3.0,1350.0,0.010123456790123456,OVERSUPPLY,1336.3333333333333,0.0
1006,6.2,Green-N,1322,1310,8.0,25.333333333333332,3.0,1350.0,0.018765432098765432,OVERSUPPLY,1324.6666666666667,0.0
1006,6.2,Green-N,1322,1310,9.0,19.666666666666668,3.0,1350.0,0.014567901234567903,OVERSUPPLY,1330.3333333333333,0.0
1006,6.2,Green-N,1322,1310,10.0,14.833333333333332,3.0,1350.0,0.010987654320987653,OVERSUPPLY,1335.1666666666667,0.0
1006,6.2,Green-N,1322,1310,11.0,14.333333333333332,3.0,1350.0,0.010617283950617283,OVERSUPPLY,1335.6666666666667,0.0
1006,6.2,Green-N,1322,1310,12.0,8.0,3.0,1350.0,0.005925925925925926,OVERSUPPLY,1342.0,0.0
1006,6.2,Green-N,1322,1310,13.0,6.666666666666667,3.0,1350.0,0.0049382716049382715,OVERSUPPLY,1343.3333333333333,0.0
1006,6.2,Green-N,1322,1310,14.0,6.333333333333334,3.0,1350.0,0.004691358024691359,OVERSUPPLY,1343.6666666666667,0.0
1006,6.2,Green-N,1322,1310,15.0,9.166666666666666,3.0,1350.0,0.006790123456790123,OVERSUPPLY,1340.8333333333333,0.0
1006,6.2,Green-N,1322,1310,16.0,12.166666666666668,3.0,1350.0,0.009012345679012346,OVERSUPPLY,1337.8333333333333,0.0
1006,6.2,Green-N,1322,1310,17.0,19.666666666666664,3.0,1350.0,0.0145679012345679,OVERSUPPLY,1330.3333333333333,0.0
1006,6.2,Green-N,1322,1310,18.0,15.833333333333334,3.0,1350.0,0.011728395061728396,OVERSUPPLY,1334.1666666666667,0.0
1006,6.2,Green-N,1322,1310,19.0,7.0,2.0,900.0,0.0077777777777777776,OVERSUPPLY,893.0,0.0
1008,6.2,Green-N,1323,1311,5.0,2.833333333333333,5.0,2250.0,0.0012592592592592592,OVERSUPPLY,2247.1666666666665,0.0
1008,6.2,Green-N,1323,1311,6.0,27.833333333333332,3.0,1350.0,0.020617283950617283,OVERSUPPLY,1322.1666666666667,0.0
1008,6.2,Green-N,1323,1311,7.0,49.0,3.0,1350.0,0.0362962962962963,OVERSUPPLY,1301.0,0.0
1008,6.2,Green-N,1323,1311,8.0,108.66666666666667,3.0,1350.0,0.08049382716049383,OVERSUPPLY,1241.3333333333333,0.0
1008,6.2,Green-N,1323,1311,9.0,75.33333333333333,3.0,1350.0,0.05580246913580247,OVERSUPPLY,1274.6666666666667,0.0
1008,6.2,Green-N,1323,1311,10.0,68.16666666666667,3.0,1350.0,0.05049382716049383,OVERSUPPLY,1281.8333333333333,0.0
1008,6.2,Green-N,1323,1311,11.0,59.333333333333336,3.0,1350.0,0.04395061728395062,OVERSUPPLY,1290.6666666666667,0.0
1008,6.2,Green-N,1323,1311,12.0,53.666666666666664,3.0,1350.0,0.039753086419753086,OVERSUPPLY,1296.3333333333333,0.0
1008,6.2,Green-N,1323,1311,13.0,42.0,3.0,1350.0,0.03111111111111111,OVERSUPPLY,1308.0,0.0
1008,6.2,Green-N,1323,1311,14.0,41.333333333333336,3.0,1350.0,0.030617283950617285,OVERSUPPLY,1308.6666666666667,0.0
1008,6.2,Green-N,1323,1311,15.0,72.16666666666667,3.0,1350.0,0.05345679012345679,OVERSUPPLY,1277.8333333333333,0.0
1008,6.2,Green-N,1323,1311,16.0,112.5,3.0,1350.0,0.08333333333333333,OVERSUPPLY,1237.5,0.0
1008,6.2,Green-N,1323,1311,17.0,190.33333333333334,3.0,1350.0,0.14098765432098767,OVERSUPPLY,1159.6666666666667,0.0
1008,6.2,Green-N,1323,1311,18.0,203.83333333333331,3.0,1350.0,0.15098765432098765,OVERSUPPLY,1146.1666666666667,0.0
1008,6.2,Green-N,1323,1311,19.0,103.33333333333333,2.0,900.0,0.11481481481481481,OVERSUPPLY,796.6666666666666,0.0
1010,6.2,Green-N,1324,1315,5.0,65.66666666666667,5.0,2250.0,0.02918518518518519,OVERSUPPLY,2184.3333333333335,0.0
1010,6.2,Green-N,1324,1315,6.0,178.66666666666666,3.0,1350.0,0.13234567901234567,OVERSUPPLY,1171.3333333333333,0.0
1010,6.2,Green-N,1324,1315,7.0,386.0,3.0,1350.0,0.2859259259259259,BALANCED,964.0,0.0
1010,6.2,Green-N,1324,1315,8.0,688.3333333333334,3.0,1350.0,0.5098765432098765,BALANCED,661.6666666666666,0.0
1010,6.2,Green-N,1324,1315,9.0,485.3333333333333,3.0,1350.0,0.35950617283950614,BALANCED,864.6666666666667,0.0
1010,6.2,Green-N,1324,1315,10.0,285.0,3.0,1350.0,0.2111111111111111,BALANCED,1065.0,0.0
1010,6.2,Green-N,1324,1315,11.0,268.8333333333333,3.0,1350.0,0.1991358024691358,OVERSUPPLY,1081.1666666666667,0.0
1010,6.2,Green-N,1324,1315,12.0,332.5,3.0,1350.0,0.2462962962962963,BALANCED,1017.5,0.0
1010,6.2,Green-N,1324,1315,13.0,378.8333333333333,3.0,1350.0,0.28061728395061725,BALANCED,971.1666666666667,0.0
1010,6.2,Green-N,1324,1315,14.0,527.3333333333334,3.0,1350.0,0.3906172839506173,BALANCED,822.6666666666666,0.0
1010,6.2,Green-N,1324,1315,15.0,796.0,3.0,1350.0,0.5896296296296296,BALANCED,554.0,0.0
1010,6.2,Green-N,1324,1315,16.0,1398.0,3.0,1350.0,1.0355555555555556,UNDERSUPPLY,0.0,48.0
1010,6.2,Green-N,1324,1315,17.0,2255.1666666666665,3.0,1350.0,1.6704938271604937,UNDERSUPPLY,0.0,905.1666666666665
1010,6.2,Green-N,1324,1315,18.0,1821.5,3.0,1350.0,1.3492592592592592,UNDERSUPPLY,0.0,471.5
1010,6.2,Green-N,1324,1315,19.0,953.3333333333334,2.0,900.0,1.0592592592592593,UNDERSUPPLY,0.0,53.33333333333337
1012,6.2,Green-N,1325,1324,5.0,23.666666666666664,5.0,2250.0,0.010518518518518517,OVERSUPPLY,2226.3333333333335,0.0
1012,6.2,Green-N,1325,1324,6.0,55.166666666666664,3.0,1350.0,0.0408641975308642,OVERSUPPLY,1294.8333333333333,0.0
1012,6.2,Green-N,1325,1324,7.0,118.0,3.0,1350.0,0.0874074074074074,OVERSUPPLY,1232.0,0.0
1012,6.2,Green-N,1325,1324,8.0,175.83333333333334,3.0,1350.0,0.13024691358024693,OVERSUPPLY,1174.1666666666667,0.0
1012,6.2,Green-N,1325,1324,9.0,121.83333333333333,3.0,1350.0,0.0902469135802469,OVERSUPPLY,1228.1666666666667,0.0
1012,6.2,Green-N,1325,1324,10.0,56.5,3.0,1350.0,0.04185185185185185,OVERSUPPLY,1293.5,0.0
1012,6.2,Green-N,1325,1324,11.0,63.0,3.0,1350.0,0.04666666666666667,OVERSUPPLY,1287.0,0.0
1012,6.2,Green-N,1325,1324,12.0,67.83333333333333,3.0,1350.0,0.05024691358024691,OVERSUPPLY,1282.1666666666667,0.0
1012,6.2,Green-N,1325,1324,13.0,84.33333333333333,3.0,1350.0,0.062469135802469135,OVERSUPPLY,1265.6666666666667,0.0
1012,6.2,Green-N,1325,1324,14.0,82.83333333333333,3.0,1350.0,0.061358024691358024,OVERSUPPLY,1267.1666666666667,0.0
1012,6.2,Green-N,1325,1324,15.0,124.83333333333333,3.0,1350.0,0.09246913580246913,OVERSUPPLY,1225.1666666666667,0.0
1012,6.2,Green-N,1325,1324,16.0,199.83333333333334,3.0,1350.0,0.1480246913580247,OVERSUPPLY,1150.1666666666667,0.0
1012,6.2,Green-N,1325,1324,17.0,273.6666666666667,3.0,1350.0,0.20271604938271606,BALANCED,1076.3333333333333,0.0
1012,6.2,Green-N,1325,1324,18.0,217.66666666666666,3.0,1350.0,0.16123456790123455,OVERSUPPLY,1132.3333333333333,0.0
1012,6.2,Green-N,1325,1324,19.0,139.66666666666666,2.0,900.0,0.15518518518518518,OVERSUPPLY,760.3333333333334,0.0
1014,6.2,Green-N,1326,1309,5.0,50.333333333333336,5.0,2250.0,0.02237037037037037,OVERSUPPLY,2199.6666666666665,0.0
1014,6.2,Green-N,1326,1309,6.0,267.6666666666667,3.0,1350.0,0.19827160493827162,OVERSUPPLY,1082.3333333333333,0.0
1014,6.2,Green-N,1326,1309,7.0,487.5,3.0,1350.0,0.3611111111111111,BALANCED,862.5,0.0
1014,6.2,Green-N,1326,1309,8.0,590.1666666666666,3.0,1350.0,0.4371604938271605,BALANCED,759.8333333333334,0.0
1014,6.2,Green-N,1326,1309,9.0,402.0,3.0,1350.0,0.29777777777777775,BALANCED,948.0,0.0
1014,6.2,Green-N,1326,1309,10.0,294.8333333333333,3.0,1350.0,0.21839506172839504,BALANCED,1055.1666666666667,0.0
1014,6.2,Green-N,1326,1309,11.0,289.6666666666667,3.0,1350.0,0.21456790123456793,BALANCED,1060.3333333333333,0.0
1014,6.2,Green-N,1326,1309,12.0,325.3333333333333,3.0,1350.0,0.24098765432098765,BALANCED,1024.6666666666667,0.0
1014,6.2,Green-N,1326,1309,13.0,368.5,3.0,1350.0,0.27296296296296296,BALANCED,981.5,0.0
1014,6.2,Green-N,1326,1309,14.0,512.3333333333334,3.0,1350.0,0.3795061728395062,BALANCED,837.6666666666666,0.0
1014,6.2,Green-N,1326,1309,15.0,802.0,3.0,1350.0,0.5940740740740741,BALANCED,548.0,0.0
1014,6.2,Green-N,1326,1309,16.0,1445.0,3.0,1350.0,1.0703703703703704,UNDERSUPPLY,0.0,95.0
1014,6.2,Green-N,1326,1309,17.0,2324.3333333333335,3.0,1350.0,1.7217283950617286,UNDERSUPPLY,0.0,974.3333333333335
1014,6.2,Green-N,1326,1309,18.0,1786.3333333333333,3.0,1350.0,1.3232098765432099,UNDERSUPPLY,0.0,436.33333333333326
1014,6.2,Green-N,1326,1309,19.0,842.3333333333334,2.0,900.0,0.9359259259259259,CROWDED,57.66666666666663,0.0
1016,6.2,Green-N,1327,1329,5.0,12.166666666666666,5.0,2250.0,0.005407407407407407,OVERSUPPLY,2237.8333333333335,0.0
1016,6.2,Green-N,1327,1329,6.0,80.16666666666667,3.0,1350.0,0.05938271604938272,OVERSUPPLY,1269.8333333333333,0.0
1016,6.2,Green-N,1327,1329,7.0,128.16666666666666,3.0,1350.0,0.09493827160493827,OVERSUPPLY,1221.8333333333333,0.0
1016,6.2,Green-N,1327,1329,8.0,185.83333333333334,3.0,1350.0,0.13765432098765432,OVERSUPPLY,1164.1666666666667,0.0
1016,6.2,Green-N,1327,1329,9.0,117.5,3.0,1350.0,0.08703703703703704,OVERSUPPLY,1232.5,0.0
1016,6.2,Green-N,1327,1329,10.0,97.0,3.0,1350.0,0.07185185185185185,OVERSUPPLY,1253.0,0.0
1016,6.2,Green-N,1327,1329,11.0,81.0,3.0,1350.0,0.06,OVERSUPPLY,1269.0,0.0
1016,6.2,Green-N,1327,1329,12.0,85.66666666666667,3.0,1350.0,0.0634567901234568,OVERSUPPLY,1264.3333333333333,0.0
1016,6.2,Green-N,1327,1329,13.0,81.0,3.0,1350.0,0.06,OVERSUPPLY,1269.0,0.0
1016,6.2,Green-N,1327,1329,14.0,87.33333333333333,3.0,1350.0,0.06469135802469135,OVERSUPPLY,1262.6666666666667,0.0
1016,6.2,Green-N,1327,1329,15.0,133.5,3.0,1350.0,0.09888888888888889,OVERSUPPLY,1216.5,0.0
1016,6.2,Green-N,1327,1329,16.0,218.33333333333334,3.0,1350.0,0.1617283950617284,OVERSUPPLY,1131.6666666666667,0.0
1016,6.2,Green-N,1327,1329,17.0,397.8333333333333,3.0,1350.0,0.2946913580246913,BALANCED,952.1666666666667,0.0
1016,6.2,Green-N,1327,1329,18.0,379.5,3.0,1350.0,0.2811111111111111,BALANCED,970.5,0.0
1016,6.2,Green-N,1327,1329,19.0,196.16666666666666,2.0,900.0,0.21796296296296294,BALANCED,703.8333333333334,0.0
1018,6.2,Green-N,1328,1316,5.0,3.1666666666666665,5.0,2250.0,0.0014074074074074073,OVERSUPPLY,2246.8333333333335,0.0
1018,6.2,Green-N,1328,1316,6.0,7.833333333333333,3.0,1350.0,0.005802469135802469,OVERSUPPLY,1342.1666666666667,0.0
1018,6.2,Green-N,1328,1316,7.0,14.833333333333332,3.0,1350.0,0.010987654320987653,OVERSUPPLY,1335.1666666666667,0.0
1018,6.2,Green-N,1328,1316,8.0,22.166666666666668,3.0,1350.0,0.016419753086419756,OVERSUPPLY,1327.8333333333333,0.0
1018,6.2,Green-N,1328,1316,9.0,18.833333333333332,3.0,1350.0,0.013950617283950617,OVERSUPPLY,1331.1666666666667,0.0
1018,6.2,Green-N,1328,1316,10.0,10.666666666666666,3.0,1350.0,0.007901234567901235,OVERSUPPLY,1339.3333333333333,0.0
1018,6.2,Green-N,1328,1316,11.0,7.833333333333333,3.0,1350.0,0.005802469135802469,OVERSUPPLY,1342.1666666666667,0.0
1018,6.2,Green-N,1328,1316,12.0,7.833333333333333,3.0,1350.0,0.005802469135802469,OVERSUPPLY,1342.1666666666667,0.0
1018,6.2,Green-N,1328,1316,13.0,7.0,3.0,1350.0,0.005185185185185185,OVERSUPPLY,1343.0,0.0
1018,6.2,Green-N,1328,1316,14.0,4.5,3.0,1350.0,0.0033333333333333335,OVERSUPPLY,1345.5,0.0
1018,6.2,Green-N,1328,1316,15.0,7.333333333333334,3.0,1350.0,0.0054320987654320994,OVERSUPPLY,1342.6666666666667,0.0
1018,6.2,Green-N,1328,1316,16.0,11.0,3.0,1350.0,0.008148148148148147,OVERSUPPLY,1339.0,0.0
1018,6.2,Green-N,1328,1316,17.0,12.5,3.0,1350.0,0.009259259259259259,OVERSUPPLY,1337.5,0.0
1018,6.2,Green-N,1328,1316,18.0,10.333333333333334,3.0,1350.0,0.007654320987654321,OVERSUPPLY,1339.6666666666667,0.0
1018,6.2,Green-N,1328,1316,19.0,6.0,2.0,900.0,0.006666666666666667,OVERSUPPLY,894.0,0.0
1020,6.2,Green-N,1329,1317,5.0,8.5,5.0,2250.0,0.003777777777777778,OVERSUPPLY,2241.5,0.0
1020,6.2,Green-N,1329,1317,6.0,68.83333333333333,3.0,1350.0,0.05098765432098765,OVERSUPPLY,1281.1666666666667,0.0
1020,6.2,Green-N,1329,1317,7.0,102.0,3.0,1350.0,0.07555555555555556,OVERSUPPLY,1248.0,0.0
1020,6.2,Green-N,1329,1317,8.0,166.5,3.0,1350.0,0.12333333333333334,OVERSUPPLY,1183.5,0.0
1020,6.2,Green-N,1329,1317,9.0,111.5,3.0,1350.0,0.08259259259259259,OVERSUPPLY,1238.5,0.0
1020,6.2,Green-N,1329,1317,10.0,92.83333333333333,3.0,1350.0,0.06876543209876543,OVERSUPPLY,1257.1666666666667,0.0
1020,6.2,Green-N,1329,1317,11.0,75.16666666666667,3.0,1350.0,0.05567901234567901,OVERSUPPLY,1274.8333333333333,0.0
1020,6.2,Green-N,1329,1317,12.0,78.83333333333333,3.0,1350.0,0.05839506172839506,OVERSUPPLY,1271.1666666666667,0.0
1020,6.2,Green-N,1329,1317,13.0,66.16666666666667,3.0,1350.0,0.04901234567901235,OVERSUPPLY,1283.8333333333333,0.0
1020,6.2,Green-N,1329,1317,14.0,66.66666666666667,3.0,1350.0,0.04938271604938272,OVERSUPPLY,1283.3333333333333,0.0
1020,6.2,Green-N,1329,1317,15.0,106.83333333333333,3.0,1350.0,0.0791358024691358,OVERSUPPLY,1243.1666666666667,0.0
1020,6.2,Green-N,1329,1317,16.0,179.16666666666666,3.0,1350.0,0.13271604938271606,OVERSUPPLY,1170.8333333333333,0.0
1020,6.2,Green-N,1329,1317,17.0,319.3333333333333,3.0,1350.0,0.2365432098765432,BALANCED,1030.6666666666667,0.0
1020,6.2,Green-N,1329,1317,18.0,320.5,3.0,1350.0,0.2374074074074074,BALANCED,1029.5,0.0
1020,6.2,Green-N,1329,1317,19.0,162.66666666666666,2.0,900.0,0.18074074074074073,OVERSUPPLY,737.3333333333334,0.0
1022,6.2,Green-N,1330,1322,5.0,5.0,5.0,2250.0,0.0022222222222222222,OVERSUPPLY,2245.0,0.0
1022,6.2,Green-N,1330,1322,6.0,14.166666666666668,3.0,1350.0,0.010493827160493827,OVERSUPPLY,1335.8333333333333,0.0
1022,6.2,Green-N,1330,1322,7.0,20.833333333333332,3.0,1350.0,0.015432098765432098,OVERSUPPLY,1329.1666666666667,0.0
1022,6.2,Green-N,1330,1322,8.0,38.0,3.0,1350.0,0.028148148148148148,OVERSUPPLY,1312.0,0.0
1022,6.2,Green-N,1330,1322,9.0,28.5,3.0,1350.0,0.021111111111111112,OVERSUPPLY,1321.5,0.0
1022,6.2,Green-N,1330,1322,10.0,17.666666666666668,3.0,1350.0,0.01308641975308642,OVERSUPPLY,1332.3333333333333,0.0
1022,6.2,Green-N,1330,1322,11.0,16.333333333333332,3.0,1350.0,0.012098765432098764,OVERSUPPLY,1333.6666666666667,0.0
1022,6.2,Green-N,1330,1322,12.0,12.666666666666668,3.0,1350.0,0.009382716049382718,OVERSUPPLY,1337.3333333333333,0.0
1022,6.2,Green-N,1330,1322,13.0,8.833333333333334,3.0,1350.0,0.00654320987654321,OVERSUPPLY,1341.1666666666667,0.0
1022,6.2,Green-N,1330,1322,14.0,8.833333333333334,3.0,1350.0,0.00654320987654321,OVERSUPPLY,1341.1666666666667,0.0
1022,6.2,Green-N,1330,1322,15.0,14.166666666666666,3.0,1350.0,0.010493827160493827,OVERSUPPLY,1335.8333333333333,0.0
1022,6.2,Green-N,1330,1322,16.0,21.666666666666668,3.0,1350.0,0.016049382716049384,OVERSUPPLY,1328.3333333333333,0.0
1022,6.2,Green-N,1330,1322,17.0,30.666666666666664,3.0,1350.0,0.02271604938271605,OVERSUPPLY,1319.3333333333333,0.0
1022,6.2,Green-N,1330,1322,18.0,25.166666666666668,3.0,1350.0,0.018641975308641975,OVERSUPPLY,1324.8333333333333,0.0
1022,6.2,Green-N,1330,1322,19.0,13.0,2.0,900.0,0.014444444444444444,OVERSUPPLY,887.0,0.0
1024,6.2,Green-N,1331,1323,5.0,2.333333333333333,5.0,2250.0,0.0010370370370370368,OVERSUPPLY,2247.6666666666665,0.0
1024,6.2,Green-N,1331,1323,6.0,36.0,3.0,1350.0,0.02666666666666667,OVERSUPPLY,1314.0,0.0
1024,6.2,Green-N,1331,1323,7.0,62.5,3.0,1350.0,0.046296296296296294,OVERSUPPLY,1287.5,0.0
1024,6.2,Green-N,1331,1323,8.0,125.5,3.0,1350.0,0.09296296296296297,OVERSUPPLY,1224.5,0.0
1024,6.2,Green-N,1331,1323,9.0,85.33333333333333,3.0,1350.0,0.06320987654320988,OVERSUPPLY,1264.6666666666667,0.0
1024,6.2,Green-N,1331,1323,10.0,74.66666666666667,3.0,1350.0,0.055308641975308645,OVERSUPPLY,1275.3333333333333,0.0
1024,6.2,Green-N,1331,1323,11.0,66.0,3.0,1350.0,0.04888888888888889,OVERSUPPLY,1284.0,0.0
1024,6.2,Green-N,1331,1323,12.0,60.0,3.0,1350.0,0.044444444444444446,OVERSUPPLY,1290.0,0.0
1024,6.2,Green-N,1331,1323,13.0,47.666666666666664,3.0,1350.0,0.03530864197530864,OVERSUPPLY,1302.3333333333333,0.0
1024,6.2,Green-N,1331,1323,14.0,48.166666666666664,3.0,1350.0,0.03567901234567901,OVERSUPPLY,1301.8333333333333,0.0
1024,6.2,Green-N,1331,1323,15.0,84.0,3.0,1350.0,0.06222222222222222,OVERSUPPLY,1266.0,0.0
1024,6.2,Green-N,1331,1323,16.0,129.33333333333334,3.0,1350.0,0.09580246913580248,OVERSUPPLY,1220.6666666666667,0.0
1024,6.2,Green-N,1331,1323,17.0,220.83333333333334,3.0,1350.0,0.16358024691358025,OVERSUPPLY,1129.1666666666667,0.0
1024,6.2,Green-N,1331,1323,18.0,232.66666666666666,3.0,1350.0,0.17234567901234568,OVERSUPPLY,1117.3333333333333,0.0
1024,6.2,Green-N,1331,1323,19.0,118.0,2.0,900.0,0.13111111111111112,OVERSUPPLY,782.0,0.0
1026,6.2,Green-N,1332,1321,5.0,20.5,5.0,2250.0,0.009111111111111111,OVERSUPPLY,2229.5,0.0
1026,6.2,Green-N,1332,1321,6.0,71.16666666666667,3.0,1350.0,0.052716049382716054,OVERSUPPLY,1278.8333333333333,0.0
1026,6.2,Green-N,1332,1321,7.0,142.33333333333334,3.0,1350.0,0.10543209876543211,OVERSUPPLY,1207.6666666666667,0.0
1026,6.2,Green-N,1332,1321,8.0,191.5,3.0,1350.0,0.14185185185185184,OVERSUPPLY,1158.5,0.0
1026,6.2,Green-N,1332,1321,9.0,157.83333333333334,3.0,1350.0,0.11691358024691359,OVERSUPPLY,1192.1666666666667,0.0
1026,6.2,Green-N,1332,1321,10.0,122.0,3.0,1350.0,0.09037037037037036,OVERSUPPLY,1228.0,0.0
1026,6.2,Green-N,1332,1321,11.0,144.0,3.0,1350.0,0.10666666666666667,OVERSUPPLY,1206.0,0.0
1026,6.2,Green-N,1332,1321,12.0,190.5,3.0,1350.0,0.1411111111111111,OVERSUPPLY,1159.5,0.0
1026,6.2,Green-N,1332,1321,13.0,222.16666666666666,3.0,1350.0,0.16456790123456788,OVERSUPPLY,1127.8333333333333,0.0
1026,6.2,Green-N,1332,1321,14.0,315.1666666666667,3.0,1350.0,0.2334567901234568,BALANCED,1034.8333333333333,0.0
1026,6.2,Green-N,1332,1321,15.0,485.0,3.0,1350.0,0.3592592592592593,BALANCED,865.0,0.0
1026,6.2,Green-N,1332,1321,16.0,854.0,3.0,1350.0,0.6325925925925926,BALANCED,496.0,0.0
1026,6.2,Green-N,1332,1321,17.0,1441.0,3.0,1350.0,1.0674074074074074,UNDERSUPPLY,0.0,91.0
1026,6.2,Green-N,1332,1321,18.0,1166.6666666666667,3.0,1350.0,0.8641975308641976,CROWDED,183.33333333333326,0.0
1026,6.2,Green-N,1332,1321,19.0,601.3333333333334,2.0,900.0,0.6681481481481482,BALANCED,298.66666666666663,0.0
1028,7.1,Red-S,1333,1356,6.0,17.5,3.0,1350.0,0.012962962962962963,OVERSUPPLY,1332.5,0.0
1028,7.1,Red-S,1333,1356,7.0,17.333333333333332,3.0,1350.0,0.012839506172839505,OVERSUPPLY,1332.6666666666667,0.0
1028,7.1,Red-S,1333,1356,8.0,19.0,3.0,1350.0,0.014074074074074074,OVERSUPPLY,1331.0,0.0
1028,7.1,Red-S,1333,1356,9.0,11.333333333333334,3.0,1350.0,0.008395061728395062,OVERSUPPLY,1338.6666666666667,0.0
1028,7.1,Red-S,1333,1356,10.0,7.0,3.0,1350.0,0.005185185185185185,OVERSUPPLY,1343.0,0.0
1028,7.1,Red-S,1333,1356,11.0,4.666666666666666,3.0,1350.0,0.00345679012345679,OVERSUPPLY,1345.3333333333333,0.0
1028,7.1,Red-S,1333,1356,12.0,5.166666666666667,3.0,1350.0,0.0038271604938271606,OVERSUPPLY,1344.8333333333333,0.0
1028,7.1,Red-S,1333,1356,13.0,4.833333333333333,3.0,1350.0,0.0035802469135802466,OVERSUPPLY,1345.1666666666667,0.0
1028,7.1,Red-S,1333,1356,14.0,5.666666666666667,3.0,1350.0,0.004197530864197531,OVERSUPPLY,1344.3333333333333,0.0
1028,7.1,Red-S,1333,1356,15.0,8.833333333333334,3.0,1350.0,0.00654320987654321,OVERSUPPLY,1341.1666666666667,0.0
1028,7.1,Red-S,1333,1356,16.0,7.5,3.0,1350.0,0.005555555555555556,OVERSUPPLY,1342.5,0.0
1028,7.1,Red-S,1333,1356,17.0,17.166666666666668,3.0,1350.0,0.01271604938271605,OVERSUPPLY,1332.8333333333333,0.0
1028,7.1,Red-S,1333,1356,18.0,17.666666666666668,3.0,1350.0,0.01308641975308642,OVERSUPPLY,1332.3333333333333,0.0
1028,7.1,Red-S,1333,1356,19.0,6.166666666666666,2.0,900.0,0.006851851851851851,OVERSUPPLY,893.8333333333334,0.0
1030,7.1,Red-S,1334,1336,6.0,46.0,3.0,1350.0,0.034074074074074076,OVERSUPPLY,1304.0,0.0
1030,7.1,Red-S,1334,1336,7.0,58.5,3.0,1350.0,0.043333333333333335,OVERSUPPLY,1291.5,0.0
1030,7.1,Red-S,1334,1336,8.0,67.16666666666667,3.0,1350.0,0.04975308641975309,OVERSUPPLY,1282.8333333333333,0.0
1030,7.1,Red-S,1334,1336,9.0,42.0,3.0,1350.0,0.03111111111111111,OVERSUPPLY,1308.0,0.0
1030,7.1,Red-S,1334,1336,10.0,35.166666666666664,3.0,1350.0,0.026049382716049382,OVERSUPPLY,1314.8333333333333,0.0
1030,7.1,Red-S,1334,1336,11.0,24.666666666666664,3.0,1350.0,0.018271604938271603,OVERSUPPLY,1325.3333333333333,0.0
1030,7.1,Red-S,1334,1336,12.0,28.333333333333332,3.0,1350.0,0.020987654320987655,OVERSUPPLY,1321.6666666666667,0.0
1030,7.1,Red-S,1334,1336,13.0,35.166666666666664,3.0,1350.0,0.026049382716049382,OVERSUPPLY,1314.8333333333333,0.0
1030,7.1,Red-S,1334,1336,14.0,41.666666666666664,3.0,1350.0,0.030864197530864196,OVERSUPPLY,1308.3333333333333,0.0
1030,7.1,Red-S,1334,1336,15.0,72.0,3.0,1350.0,0.05333333333333334,OVERSUPPLY,1278.0,0.0
1030,7.1,Red-S,1334,1336,16.0,142.5,3.0,1350.0,0.10555555555555556,OVERSUPPLY,1207.5,0.0
1030,7.1,Red-S,1334,1336,17.0,252.0,3.0,1350.0,0.18666666666666668,OVERSUPPLY,1098.0,0.0
1030,7.1,Red-S,1334,1336,18.0,166.5,3.0,1350.0,0.12333333333333334,OVERSUPPLY,1183.5,0.0
1030,7.1,Red-S,1334,1336,19.0,85.33333333333333,2.0,900.0,0.09481481481481481,OVERSUPPLY,814.6666666666666,0.0
1032,7.1,Red-S,1335,1333,6.0,17.333333333333336,3.0,1350.0,0.012839506172839507,OVERSUPPLY,1332.6666666666667,0.0
1032,7.1,Red-S,1335,1333,7.0,16.0,3.0,1350.0,0.011851851851851851,OVERSUPPLY,1334.0,0.0
1032,7.1,Red-S,1335,1333,8.0,17.833333333333332,3.0,1350.0,0.013209876543209875,OVERSUPPLY,1332.1666666666667,0.0
1032,7.1,Red-S,1335,1333,9.0,10.5,3.0,1350.0,0.0077777777777777776,OVERSUPPLY,1339.5,0.0
1032,7.1,Red-S,1335,1333,10.0,6.5,3.0,1350.0,0.004814814814814815,OVERSUPPLY,1343.5,0.0
1032,7.1,Red-S,1335,1333,11.0,4.333333333333333,3.0,1350.0,0.0032098765432098763,OVERSUPPLY,1345.6666666666667,0.0
1032,7.1,Red-S,1335,1333,12.0,4.666666666666667,3.0,1350.0,0.0034567901234567903,OVERSUPPLY,1345.3333333333333,0.0
1032,7.1,Red-S,1335,1333,13.0,4.5,3.0,1350.0,0.0033333333333333335,OVERSUPPLY,1345.5,0.0
1032,7.1,Red-S,1335,1333,14.0,4.833333333333333,3.0,1350.0,0.0035802469135802466,OVERSUPPLY,1345.1666666666667,0.0
1032,7.1,Red-S,1335,1333,15.0,8.166666666666668,3.0,1350.0,0.006049382716049384,OVERSUPPLY,1341.8333333333333,0.0
1032,7.1,Red-S,1335,1333,16.0,5.166666666666666,3.0,1350.0,0.00382716049382716,OVERSUPPLY,1344.8333333333333,0.0
1032,7.1,Red-S,1335,1333,17.0,12.5,3.0,1350.0,0.009259259259259259,OVERSUPPLY,1337.5,0.0
1032,7.1,Red-S,1335,1333,18.0,15.0,3.0,1350.0,0.011111111111111112,OVERSUPPLY,1335.0,0.0
1032,7.1,Red-S,1335,1333,19.0,5.666666666666666,2.0,900.0,0.0062962962962962955,OVERSUPPLY,894.3333333333334,0.0
1034,7.1,Red-S,1336,1345,6.0,48.666666666666664,3.0,1350.0,0.036049382716049384,OVERSUPPLY,1301.3333333333333,0.0
1034,7.1,Red-S,1336,1345,7.0,65.33333333333333,3.0,1350.0,0.048395061728395056,OVERSUPPLY,1284.6666666666667,0.0
1034,7.1,Red-S,1336,1345,8.0,78.0,3.0,1350.0,0.057777777777777775,OVERSUPPLY,1272.0,0.0
1034,7.1,Red-S,1336,1345,9.0,48.166666666666664,3.0,1350.0,0.03567901234567901,OVERSUPPLY,1301.8333333333333,0.0
1034,7.1,Red-S,1336,1345,10.0,38.0,3.0,1350.0,0.028148148148148148,OVERSUPPLY,1312.0,0.0
1034,7.1,Red-S,1336,1345,11.0,27.166666666666664,3.0,1350.0,0.020123456790123454,OVERSUPPLY,1322.8333333333333,0.0
1034,7.1,Red-S,1336,1345,12.0,31.666666666666668,3.0,1350.0,0.02345679012345679,OVERSUPPLY,1318.3333333333333,0.0
1034,7.1,Red-S,1336,1345,13.0,38.0,3.0,1350.0,0.028148148148148148,OVERSUPPLY,1312.0,0.0
1034,7.1,Red-S,1336,1345,14.0,43.666666666666664,3.0,1350.0,0.032345679012345675,OVERSUPPLY,1306.3333333333333,0.0
1034,7.1,Red-S,1336,1345,15.0,76.33333333333333,3.0,1350.0,0.0565432098765432,OVERSUPPLY,1273.6666666666667,0.0
1034,7.1,Red-S,1336,1345,16.0,148.16666666666666,3.0,1350.0,0.10975308641975308,OVERSUPPLY,1201.8333333333333,0.0
1034,7.1,Red-S,1336,1345,17.0,261.8333333333333,3.0,1350.0,0.1939506172839506,OVERSUPPLY,1088.1666666666667,0.0
1034,7.1,Red-S,1336,1345,18.0,174.0,3.0,1350.0,0.1288888888888889,OVERSUPPLY,1176.0,0.0
1034,7.1,Red-S,1336,1345,19.0,89.83333333333333,2.0,900.0,0.09981481481481481,OVERSUPPLY,810.1666666666666,0.0
1036,7.1,Red-S,1337,1346,5.0,236.5,3.0,1350.0,0.1751851851851852,OVERSUPPLY,1113.5,0.0
1036,7.1,Red-S,1337,1346,6.0,622.3333333333334,3.0,1350.0,0.4609876543209877,BALANCED,727.6666666666666,0.0
1036,7.1,Red-S,1337,1346,7.0,1250.1666666666667,3.0,1350.0,0.9260493827160494,CROWDED,99.83333333333326,0.0
1036,7.1,Red-S,1337,1346,8.0,1579.5,3.0,1350.0,1.17,UNDERSUPPLY,0.0,229.5
1036,7.1,Red-S,1337,1346,9.0,1045.3333333333333,3.0,1350.0,0.7743209876543209,BALANCED,304.66666666666674,0.0
1036,7.1,Red-S,1337,1346,10.0,588.8333333333334,3.0,1350.0,0.43617283950617286,BALANCED,761.1666666666666,0.0
1036,7.1,Red-S,1337,1346,11.0,354.5,3.0,1350.0,0.2625925925925926,BALANCED,995.5,0.0
1036,7.1,Red-S,1337,1346,12.0,309.5,3.0,1350.0,0.22925925925925925,BALANCED,1040.5,0.0
1036,7.1,Red-S,1337,1346,13.0,256.1666666666667,3.0,1350.0,0.1897530864197531,OVERSUPPLY,1093.8333333333333,0.0
1036,7.1,Red-S,1337,1346,14.0,266.5,3.0,1350.0,0.19740740740740742,OVERSUPPLY,1083.5,0.0
1036,7.1,Red-S,1337,1346,15.0,226.5,3.0,1350.0,0.16777777777777778,OVERSUPPLY,1123.5,0.0
1036,7.1,Red-S,1337,1346,16.0,251.16666666666666,3.0,1350.0,0.18604938271604937,OVERSUPPLY,1098.8333333333333,0.0
1036,7.1,Red-S,1337,1346,17.0,288.0,3.0,1350.0,0.21333333333333335,BALANCED,1062.0,0.0
1036,7.1,Red-S,1337,1346,18.0,284.0,3.0,1350.0,0.21037037037037037,BALANCED,1066.0,0.0
1036,7.1,Red-S,1337,1346,19.0,174.5,2.0,900.0,0.1938888888888889,OVERSUPPLY,725.5,0.0
1038,7.1,Red-S,1338,1341,6.0,55.0,3.0,1350.0,0.040740740740740744,OVERSUPPLY,1295.0,0.0
1038,7.1,Red-S,1338,1341,7.0,79.83333333333333,3.0,1350.0,0.0591358024691358,OVERSUPPLY,1270.1666666666667,0.0
1038,7.1,Red-S,1338,1341,8.0,100.66666666666667,3.0,1350.0,0.0745679012345679,OVERSUPPLY,1249.3333333333333,0.0
1038,7.1,Red-S,1338,1341,9.0,60.0,3.0,1350.0,0.044444444444444446,OVERSUPPLY,1290.0,0.0
1038,7.1,Red-S,1338,1341,10.0,42.166666666666664,3.0,1350.0,0.031234567901234567,OVERSUPPLY,1307.8333333333333,0.0
1038,7.1,Red-S,1338,1341,11.0,31.666666666666664,3.0,1350.0,0.023456790123456788,OVERSUPPLY,1318.3333333333333,0.0
1038,7.1,Red-S,1338,1341,12.0,37.666666666666664,3.0,1350.0,0.027901234567901233,OVERSUPPLY,1312.3333333333333,0.0
1038,7.1,Red-S,1338,1341,13.0,42.0,3.0,1350.0,0.03111111111111111,OVERSUPPLY,1308.0,0.0
1038,7.1,Red-S,1338,1341,14.0,47.666666666666664,3.0,1350.0,0.03530864197530864,OVERSUPPLY,1302.3333333333333,0.0
1038,7.1,Red-S,1338,1341,15.0,82.66666666666667,3.0,1350.0,0.06123456790123457,OVERSUPPLY,1267.3333333333333,0.0
1038,7.1,Red-S,1338,1341,16.0,156.0,3.0,1350.0,0.11555555555555555,OVERSUPPLY,1194.0,0.0
1038,7.1,Red-S,1338,1341,17.0,270.6666666666667,3.0,1350.0,0.20049382716049385,BALANCED,1079.3333333333333,0.0
1038,7.1,Red-S,1338,1341,18.0,182.0,3.0,1350.0,0.1348148148148148,OVERSUPPLY,1168.0,0.0
1038,7.1,Red-S,1338,1341,19.0,93.5,2.0,900.0,0.10388888888888889,OVERSUPPLY,806.5,0.0
1040,7.1,Red-S,1339,1334,6.0,43.666666666666664,3.0,1350.0,0.032345679012345675,OVERSUPPLY,1306.3333333333333,0.0
1040,7.1,Red-S,1339,1334,7.0,53.666666666666664,3.0,1350.0,0.039753086419753086,OVERSUPPLY,1296.3333333333333,0.0
1040,7.1,Red-S,1339,1334,8.0,57.333333333333336,3.0,1350.0,0.04246913580246914,OVERSUPPLY,1292.6666666666667,0.0
1040,7.1,Red-S,1339,1334,9.0,36.5,3.0,1350.0,0.027037037037037037,OVERSUPPLY,1313.5,0.0
1040,7.1,Red-S,1339,1334,10.0,31.166666666666668,3.0,1350.0,0.02308641975308642,OVERSUPPLY,1318.8333333333333,0.0
1040,7.1,Red-S,1339,1334,11.0,22.0,3.0,1350.0,0.016296296296296295,OVERSUPPLY,1328.0,0.0
1040,7.1,Red-S,1339,1334,12.0,24.0,3.0,1350.0,0.017777777777777778,OVERSUPPLY,1326.0,0.0
1040,7.1,Red-S,1339,1334,13.0,30.166666666666668,3.0,1350.0,0.02234567901234568,OVERSUPPLY,1319.8333333333333,0.0
1040,7.1,Red-S,1339,1334,14.0,37.0,3.0,1350.0,0.027407407407407408,OVERSUPPLY,1313.0,0.0
1040,7.1,Red-S,1339,1334,15.0,65.5,3.0,1350.0,0.048518518518518516,OVERSUPPLY,1284.5,0.0
1040,7.1,Red-S,1339,1334,16.0,132.33333333333334,3.0,1350.0,0.0980246913580247,OVERSUPPLY,1217.6666666666667,0.0
1040,7.1,Red-S,1339,1334,17.0,229.83333333333334,3.0,1350.0,0.17024691358024693,OVERSUPPLY,1120.1666666666667,0.0
1040,7.1,Red-S,1339,1334,18.0,154.16666666666669,3.0,1350.0,0.11419753086419754,OVERSUPPLY,1195.8333333333333,0.0
1040,7.1,Red-S,1339,1334,19.0,77.5,2.0,900.0,0.08611111111111111,OVERSUPPLY,822.5,0.0
1042,7.1,Red-S,1340,1355,6.0,64.66666666666667,3.0,1350.0,0.04790123456790124,OVERSUPPLY,1285.3333333333333,0.0
1042,7.1,Red-S,1340,1355,7.0,101.33333333333333,3.0,1350.0,0.07506172839506173,OVERSUPPLY,1248.6666666666667,0.0
1042,7.1,Red-S,1340,1355,8.0,132.0,3.0,1350.0,0.09777777777777778,OVERSUPPLY,1218.0,0.0
1042,7.1,Red-S,1340,1355,9.0,72.83333333333333,3.0,1350.0,0.05395061728395061,OVERSUPPLY,1277.1666666666667,0.0
1042,7.1,Red-S,1340,1355,10.0,52.166666666666664,3.0,1350.0,0.038641975308641975,OVERSUPPLY,1297.8333333333333,0.0
1042,7.1,Red-S,1340,1355,11.0,45.83333333333333,3.0,1350.0,0.033950617283950615,OVERSUPPLY,1304.1666666666667,0.0
1042,7.1,Red-S,1340,1355,12.0,53.5,3.0,1350.0,0.03962962962962963,OVERSUPPLY,1296.5,0.0
1042,7.1,Red-S,1340,1355,13.0,52.666666666666664,3.0,1350.0,0.03901234567901234,OVERSUPPLY,1297.3333333333333,0.0
1042,7.1,Red-S,1340,1355,14.0,69.33333333333333,3.0,1350.0,0.05135802469135802,OVERSUPPLY,1280.6666666666667,0.0
1042,7.1,Red-S,1340,1355,15.0,106.16666666666667,3.0,1350.0,0.07864197530864198,OVERSUPPLY,1243.8333333333333,0.0
1042,7.1,Red-S,1340,1355,16.0,181.66666666666666,3.0,1350.0,0.13456790123456788,OVERSUPPLY,1168.3333333333333,0.0
1042,7.1,Red-S,1340,1355,17.0,288.0,3.0,1350.0,0.21333333333333335,BALANCED,1062.0,0.0
1042,7.1,Red-S,1340,1355,18.0,197.83333333333334,3.0,1350.0,0.1465432098765432,OVERSUPPLY,1152.1666666666667,0.0
1042,7.1,Red-S,1340,1355,19.0,100.66666666666667,2.0,900.0,0.11185185185185186,OVERSUPPLY,799.3333333333334,0.0
1044,7.1,Red-S,1341,1340,6.0,59.5,3.0,1350.0,0.04407407407407407,OVERSUPPLY,1290.5,0.0
1044,7.1,Red-S,1341,1340,7.0,90.16666666666667,3.0,1350.0,0.06679012345679013,OVERSUPPLY,1259.8333333333333,0.0
1044,7.1,Red-S,1341,1340,8.0,118.33333333333333,3.0,1350.0,0.08765432098765431,OVERSUPPLY,1231.6666666666667,0.0
1044,7.1,Red-S,1341,1340,9.0,67.5,3.0,1350.0,0.05,OVERSUPPLY,1282.5,0.0
1044,7.1,Red-S,1341,1340,10.0,47.0,3.0,1350.0,0.03481481481481481,OVERSUPPLY,1303.0,0.0
1044,7.1,Red-S,1341,1340,11.0,39.166666666666664,3.0,1350.0,0.029012345679012345,OVERSUPPLY,1310.8333333333333,0.0
1044,7.1,Red-S,1341,1340,12.0,46.333333333333336,3.0,1350.0,0.03432098765432099,OVERSUPPLY,1303.6666666666667,0.0
1044,7.1,Red-S,1341,1340,13.0,47.833333333333336,3.0,1350.0,0.0354320987654321,OVERSUPPLY,1302.1666666666667,0.0
1044,7.1,Red-S,1341,1340,14.0,58.666666666666664,3.0,1350.0,0.04345679012345679,OVERSUPPLY,1291.3333333333333,0.0
1044,7.1,Red-S,1341,1340,15.0,95.0,3.0,1350.0,0.07037037037037037,OVERSUPPLY,1255.0,0.0
1044,7.1,Red-S,1341,1340,16.0,170.33333333333334,3.0,1350.0,0.12617283950617283,OVERSUPPLY,1179.6666666666667,0.0
1044,7.1,Red-S,1341,1340,17.0,279.8333333333333,3.0,1350.0,0.20728395061728394,BALANCED,1070.1666666666667,0.0
1044,7.1,Red-S,1341,1340,18.0,189.83333333333334,3.0,1350.0,0.1406172839506173,OVERSUPPLY,1160.1666666666667,0.0
1044,7.1,Red-S,1341,1340,19.0,97.16666666666667,2.0,900.0,0.10796296296296297,OVERSUPPLY,802.8333333333334,0.0
1046,7.1,Red-S,1342,1337,5.0,239.0,3.0,1350.0,0.17703703703703705,OVERSUPPLY,1111.0,0.0
1046,7.1,Red-S,1342,1337,6.0,627.8333333333334,3.0,1350.0,0.46506172839506177,BALANCED,722.1666666666666,0.0
1046,7.1,Red-S,1342,1337,7.0,1273.0,3.0,1350.0,0.942962962962963,CROWDED,77.0,0.0
1046,7.1,Red-S,1342,1337,8.0,1591.6666666666667,3.0,1350.0,1.1790123456790125,UNDERSUPPLY,0.0,241.66666666666674
1046,7.1,Red-S,1342,1337,9.0,1052.6666666666667,3.0,1350.0,0.7797530864197532,BALANCED,297.33333333333326,0.0
1046,7.1,Red-S,1342,1337,10.0,596.6666666666666,3.0,1350.0,0.44197530864197526,BALANCED,753.3333333333334,0.0
1046,7.1,Red-S,1342,1337,11.0,364.5,3.0,1350.0,0.27,BALANCED,985.5,0.0
1046,7.1,Red-S,1342,1337,12.0,325.1666666666667,3.0,1350.0,0.24086419753086422,BALANCED,1024.8333333333333,0.0
1046,7.1,Red-S,1342,1337,13.0,276.8333333333333,3.0,1350.0,0.2050617283950617,BALANCED,1073.1666666666667,0.0
1046,7.1,Red-S,1342,1337,14.0,283.3333333333333,3.0,1350.0,0.20987654320987653,BALANCED,1066.6666666666667,0.0
1046,7.1,Red-S,1342,1337,15.0,248.16666666666666,3.0,1350.0,0.18382716049382716,OVERSUPPLY,1101.8333333333333,0.0
1046,7.1,Red-S,1342,1337,16.0,273.1666666666667,3.0,1350.0,0.20234567901234568,BALANCED,1076.8333333333333,0.0
1046,7.1,Red-S,1342,1337,17.0,322.5,3.0,1350.0,0.2388888888888889,BALANCED,1027.5,0.0
1046,7.1,Red-S,1342,1337,18.0,305.3333333333333,3.0,1350.0,0.2261728395061728,BALANCED,1044.6666666666667,0.0
1046,7.1,Red-S,1342,1337,19.0,186.16666666666666,2.0,900.0,0.20685185185185184,BALANCED,713.8333333333334,0.0
1048,7.1,Red-S,1343,1350,5.0,1.0,3.0,1350.0,0.0007407407407407407,OVERSUPPLY,1349.0,0.0
1048,7.1,Red-S,1343,1350,6.0,1.6666666666666667,3.0,1350.0,0.0012345679012345679,OVERSUPPLY,1348.3333333333333,0.0
1048,7.1,Red-S,1343,1350,7.0,9.666666666666666,3.0,1350.0,0.007160493827160493,OVERSUPPLY,1340.3333333333333,0.0
1048,7.1,Red-S,1343,1350,8.0,16.5,3.0,1350.0,0.012222222222222223,OVERSUPPLY,1333.5,0.0
1048,7.1,Red-S,1343,1350,9.0,9.166666666666666,3.0,1350.0,0.006790123456790123,OVERSUPPLY,1340.8333333333333,0.0
1048,7.1,Red-S,1343,1350,10.0,5.833333333333333,3.0,1350.0,0.004320987654320987,OVERSUPPLY,1344.1666666666667,0.0
1048,7.1,Red-S,1343,1350,11.0,4.166666666666666,3.0,1350.0,0.003086419753086419,OVERSUPPLY,1345.8333333333333,0.0
1048,7.1,Red-S,1343,1350,12.0,2.6666666666666665,3.0,1350.0,0.0019753086419753087,OVERSUPPLY,1347.3333333333333,0.0
1048,7.1,Red-S,1343,1350,13.0,4.833333333333333,3.0,1350.0,0.0035802469135802466,OVERSUPPLY,1345.1666666666667,0.0
1048,7.1,Red-S,1343,1350,14.0,5.666666666666667,3.0,1350.0,0.004197530864197531,OVERSUPPLY,1344.3333333333333,0.0
1048,7.1,Red-S,1343,1350,15.0,5.666666666666667,3.0,1350.0,0.004197530864197531,OVERSUPPLY,1344.3333333333333,0.0
1048,7.1,Red-S,1343,1350,16.0,5.166666666666667,3.0,1350.0,0.0038271604938271606,OVERSUPPLY,1344.8333333333333,0.0
1048,7.1,Red-S,1343,1350,17.0,5.333333333333334,3.0,1350.0,0.003950617283950617,OVERSUPPLY,1344.6666666666667,0.0
1048,7.1,Red-S,1343,1350,18.0,4.5,3.0,1350.0,0.0033333333333333335,OVERSUPPLY,1345.5,0.0
1048,7.1,Red-S,1343,1350,19.0,2.666666666666667,2.0,900.0,0.0029629629629629632,OVERSUPPLY,897.3333333333334,0.0
1050,7.1,Red-S,1344,1348,6.0,23.166666666666668,3.0,1350.0,0.017160493827160495,OVERSUPPLY,1326.8333333333333,0.0
1050,7.1,Red-S,1344,1348,7.0,27.666666666666664,3.0,1350.0,0.020493827160493826,OVERSUPPLY,1322.3333333333333,0.0
1050,7.1,Red-S,1344,1348,8.0,25.666666666666668,3.0,1350.0,0.019012345679012346,OVERSUPPLY,1324.3333333333333,0.0
1050,7.1,Red-S,1344,1348,9.0,19.0,3.0,1350.0,0.014074074074074074,OVERSUPPLY,1331.0,0.0
1050,7.1,Red-S,1344,1348,10.0,15.0,3.0,1350.0,0.011111111111111112,OVERSUPPLY,1335.0,0.0
1050,7.1,Red-S,1344,1348,11.0,9.166666666666666,3.0,1350.0,0.006790123456790123,OVERSUPPLY,1340.8333333333333,0.0
1050,7.1,Red-S,1344,1348,12.0,10.333333333333332,3.0,1350.0,0.00765432098765432,OVERSUPPLY,1339.6666666666667,0.0
1050,7.1,Red-S,1344,1348,13.0,8.333333333333334,3.0,1350.0,0.00617283950617284,OVERSUPPLY,1341.6666666666667,0.0
1050,7.1,Red-S,1344,1348,14.0,12.5,3.0,1350.0,0.009259259259259259,OVERSUPPLY,1337.5,0.0
1050,7.1,Red-S,1344,1348,15.0,21.166666666666664,3.0,1350.0,0.015679012345679012,OVERSUPPLY,1328.8333333333333,0.0
1050,7.1,Red-S,1344,1348,16.0,36.666666666666664,3.0,1350.0,0.027160493827160494,OVERSUPPLY,1313.3333333333333,0.0
1050,7.1,Red-S,1344,1348,17.0,56.99999999999999,3.0,1350.0,0.04222222222222222,OVERSUPPLY,1293.0,0.0
1050,7.1,Red-S,1344,1348,18.0,42.16666666666667,3.0,1350.0,0.03123456790123457,OVERSUPPLY,1307.8333333333333,0.0
1050,7.1,Red-S,1344,1348,19.0,17.333333333333332,2.0,900.0,0.019259259259259257,OVERSUPPLY,882.6666666666666,0.0
1052,7.1,Red-S,1345,1338,6.0,51.833333333333336,3.0,1350.0,0.03839506172839506,OVERSUPPLY,1298.1666666666667,0.0
1052,7.1,Red-S,1345,1338,7.0,72.33333333333333,3.0,1350.0,0.053580246913580244,OVERSUPPLY,1277.6666666666667,0.0
1052,7.1,Red-S,1345,1338,8.0,88.16666666666667,3.0,1350.0,0.06530864197530864,OVERSUPPLY,1261.8333333333333,0.0
1052,7.1,Red-S,1345,1338,9.0,53.333333333333336,3.0,1350.0,0.03950617283950617,OVERSUPPLY,1296.6666666666667,0.0
1052,7.1,Red-S,1345,1338,10.0,40.0,3.0,1350.0,0.02962962962962963,OVERSUPPLY,1310.0,0.0
1052,7.1,Red-S,1345,1338,11.0,29.333333333333332,3.0,1350.0,0.021728395061728394,OVERSUPPLY,1320.6666666666667,0.0
1052,7.1,Red-S,1345,1338,12.0,34.333333333333336,3.0,1350.0,0.0254320987654321,OVERSUPPLY,1315.6666666666667,0.0
1052,7.1,Red-S,1345,1338,13.0,39.666666666666664,3.0,1350.0,0.029382716049382713,OVERSUPPLY,1310.3333333333333,0.0
1052,7.1,Red-S,1345,1338,14.0,45.333333333333336,3.0,1350.0,0.03358024691358025,OVERSUPPLY,1304.6666666666667,0.0
1052,7.1,Red-S,1345,1338,15.0,79.16666666666667,3.0,1350.0,0.05864197530864198,OVERSUPPLY,1270.8333333333333,0.0
1052,7.1,Red-S,1345,1338,16.0,151.16666666666666,3.0,1350.0,0.1119753086419753,OVERSUPPLY,1198.8333333333333,0.0
1052,7.1,Red-S,1345,1338,17.0,266.1666666666667,3.0,1350.0,0.1971604938271605,OVERSUPPLY,1083.8333333333333,0.0
1052,7.1,Red-S,1345,1338,18.0,178.83333333333334,3.0,1350.0,0.13246913580246913,OVERSUPPLY,1171.1666666666667,0.0
1052,7.1,Red-S,1345,1338,19.0,92.83333333333333,2.0,900.0,0.10314814814814814,OVERSUPPLY,807.1666666666666,0.0
1054,7.1,Red-S,1346,1335,5.0,310.1666666666667,3.0,1350.0,0.2297530864197531,BALANCED,1039.8333333333333,0.0
1054,7.1,Red-S,1346,1335,6.0,894.1666666666666,3.0,1350.0,0.6623456790123456,BALANCED,455.83333333333337,0.0
1054,7.1,Red-S,1346,1335,7.0,2017.0,3.0,1350.0,1.494074074074074,UNDERSUPPLY,0.0,667.0
1054,7.1,Red-S,1346,1335,8.0,2986.3333333333335,3.0,1350.0,2.2120987654320987,UNDERSUPPLY,0.0,1636.3333333333335
1054,7.1,Red-S,1346,1335,9.0,2030.8333333333333,3.0,1350.0,1.5043209876543209,UNDERSUPPLY,0.0,680.8333333333333
1054,7.1,Red-S,1346,1335,10.0,1084.3333333333333,3.0,1350.0,0.8032098765432099,CROWDED,265.66666666666674,0.0
1054,7.1,Red-S,1346,1335,11.0,738.6666666666666,3.0,1350.0,0.5471604938271605,BALANCED,611.3333333333334,0.0
1054,7.1,Red-S,1346,1335,12.0,675.1666666666666,3.0,1350.0,0.5001234567901234,BALANCED,674.8333333333334,0.0
1054,7.1,Red-S,1346,1335,13.0,626.5,3.0,1350.0,0.4640740740740741,BALANCED,723.5,0.0
1054,7.1,Red-S,1346,1335,14.0,616.0,3.0,1350.0,0.4562962962962963,BALANCED,734.0,0.0
1054,7.1,Red-S,1346,1335,15.0,658.8333333333334,3.0,1350.0,0.48802469135802473,BALANCED,691.1666666666666,0.0
1054,7.1,Red-S,1346,1335,16.0,865.8333333333334,3.0,1350.0,0.641358024691358,BALANCED,484.16666666666663,0.0
1054,7.1,Red-S,1346,1335,17.0,1088.1666666666667,3.0,1350.0,0.8060493827160494,CROWDED,261.83333333333326,0.0
1054,7.1,Red-S,1346,1335,18.0,1027.5,3.0,1350.0,0.7611111111111111,BALANCED,322.5,0.0
1054,7.1,Red-S,1346,1335,19.0,607.0,2.0,900.0,0.6744444444444444,BALANCED,293.0,0.0
1057,7.1,Red-S,1348,1351,6.0,23.166666666666668,3.0,1350.0,0.017160493827160495,OVERSUPPLY,1326.8333333333333,0.0
1057,7.1,Red-S,1348,1351,7.0,28.5,3.0,1350.0,0.021111111111111112,OVERSUPPLY,1321.5,0.0
1057,7.1,Red-S,1348,1351,8.0,26.833333333333332,3.0,1350.0,0.019876543209876543,OVERSUPPLY,1323.1666666666667,0.0
1057,7.1,Red-S,1348,1351,9.0,19.666666666666668,3.0,1350.0,0.014567901234567903,OVERSUPPLY,1330.3333333333333,0.0
1057,7.1,Red-S,1348,1351,10.0,16.0,3.0,1350.0,0.011851851851851851,OVERSUPPLY,1334.0,0.0
1057,7.1,Red-S,1348,1351,11.0,11.166666666666666,3.0,1350.0,0.008271604938271605,OVERSUPPLY,1338.8333333333333,0.0
1057,7.1,Red-S,1348,1351,12.0,11.333333333333332,3.0,1350.0,0.00839506172839506,OVERSUPPLY,1338.6666666666667,0.0
1057,7.1,Red-S,1348,1351,13.0,11.666666666666666,3.0,1350.0,0.008641975308641974,OVERSUPPLY,1338.3333333333333,0.0
1057,7.1,Red-S,1348,1351,14.0,14.666666666666668,3.0,1350.0,0.010864197530864199,OVERSUPPLY,1335.3333333333333,0.0
1057,7.1,Red-S,1348,1351,15.0,29.166666666666664,3.0,1350.0,0.021604938271604937,OVERSUPPLY,1320.8333333333333,0.0
1057,7.1,Red-S,1348,1351,16.0,53.833333333333336,3.0,1350.0,0.03987654320987655,OVERSUPPLY,1296.1666666666667,0.0
1057,7.1,Red-S,1348,1351,17.0,99.16666666666666,3.0,1350.0,0.07345679012345678,OVERSUPPLY,1250.8333333333333,0.0
1057,7.1,Red-S,1348,1351,18.0,67.33333333333334,3.0,1350.0,0.04987654320987655,OVERSUPPLY,1282.6666666666667,0.0
1057,7.1,Red-S,1348,1351,19.0,31.666666666666668,2.0,900.0,0.03518518518518519,OVERSUPPLY,868.3333333333334,0.0
1059,7.1,Red-S,1349,1342,5.0,250.66666666666666,3.0,1350.0,0.18567901234567902,OVERSUPPLY,1099.3333333333333,0.0
1059,7.1,Red-S,1349,1342,6.0,660.0,3.0,1350.0,0.4888888888888889,BALANCED,690.0,0.0
1059,7.1,Red-S,1349,1342,7.0,1386.6666666666667,3.0,1350.0,1.0271604938271606,UNDERSUPPLY,0.0,36.66666666666674
1059,7.1,Red-S,1349,1342,8.0,1781.3333333333333,3.0,1350.0,1.319506172839506,UNDERSUPPLY,0.0,431.33333333333326
1059,7.1,Red-S,1349,1342,9.0,1176.5,3.0,1350.0,0.8714814814814815,CROWDED,173.5,0.0
1059,7.1,Red-S,1349,1342,10.0,682.8333333333334,3.0,1350.0,0.5058024691358025,BALANCED,667.1666666666666,0.0
1059,7.1,Red-S,1349,1342,11.0,400.8333333333333,3.0,1350.0,0.29691358024691356,BALANCED,949.1666666666667,0.0
1059,7.1,Red-S,1349,1342,12.0,360.3333333333333,3.0,1350.0,0.2669135802469136,BALANCED,989.6666666666667,0.0
1059,7.1,Red-S,1349,1342,13.0,308.8333333333333,3.0,1350.0,0.22876543209876543,BALANCED,1041.1666666666667,0.0
1059,7.1,Red-S,1349,1342,14.0,306.1666666666667,3.0,1350.0,0.22679012345679014,BALANCED,1043.8333333333333,0.0
1059,7.1,Red-S,1349,1342,15.0,260.8333333333333,3.0,1350.0,0.19320987654320987,OVERSUPPLY,1089.1666666666667,0.0
1059,7.1,Red-S,1349,1342,16.0,279.0,3.0,1350.0,0.20666666666666667,BALANCED,1071.0,0.0
1059,7.1,Red-S,1349,1342,17.0,312.6666666666667,3.0,1350.0,0.23160493827160494,BALANCED,1037.3333333333333,0.0
1059,7.1,Red-S,1349,1342,18.0,302.3333333333333,3.0,1350.0,0.2239506172839506,BALANCED,1047.6666666666667,0.0
1059,7.1,Red-S,1349,1342,19.0,180.5,2.0,900.0,0.20055555555555554,BALANCED,719.5,0.0
1061,7.1,Red-S,1350,1349,7.0,1.8333333333333333,3.0,1350.0,0.0013580246913580246,OVERSUPPLY,1348.1666666666667,0.0
1061,7.1,Red-S,1350,1349,8.0,1.6666666666666667,3.0,1350.0,0.0012345679012345679,OVERSUPPLY,1348.3333333333333,0.0
1061,7.1,Red-S,1350,1349,9.0,1.1666666666666667,3.0,1350.0,0.0008641975308641976,OVERSUPPLY,1348.8333333333333,0.0
1061,7.1,Red-S,1350,1349,10.0,1.3333333333333333,3.0,1350.0,0.0009876543209876543,OVERSUPPLY,1348.6666666666667,0.0
1061,7.1,Red-S,1350,1349,11.0,0.8333333333333334,3.0,1350.0,0.0006172839506172839,OVERSUPPLY,1349.1666666666667,0.0
1061,7.1,Red-S,1350,1349,12.0,1.0,3.0,1350.0,0.0007407407407407407,OVERSUPPLY,1349.0,0.0
1061,7.1,Red-S,1350,1349,13.0,1.1666666666666667,3.0,1350.0,0.0008641975308641976,OVERSUPPLY,1348.8333333333333,0.0
1061,7.1,Red-S,1350,1349,14.0,0.6666666666666666,3.0,1350.0,0.0004938271604938272,OVERSUPPLY,1349.3333333333333,0.0
1061,7.1,Red-S,1350,1349,15.0,0.6666666666666666,3.0,1350.0,0.0004938271604938272,OVERSUPPLY,1349.3333333333333,0.0
1061,7.1,Red-S,1350,1349,16.0,1.0,3.0,1350.0,0.0007407407407407407,OVERSUPPLY,1349.0,0.0
1061,7.1,Red-S,1350,1349,17.0,1.5,3.0,1350.0,0.0011111111111111111,OVERSUPPLY,1348.5,0.0
1061,7.1,Red-S,1350,1349,18.0,1.0,3.0,1350.0,0.0007407407407407407,OVERSUPPLY,1349.0,0.0
1061,7.1,Red-S,1350,1349,19.0,0.5,2.0,900.0,0.0005555555555555556,OVERSUPPLY,899.5,0.0
1063,7.1,Red-S,1351,1339,6.0,24.666666666666668,3.0,1350.0,0.018271604938271607,OVERSUPPLY,1325.3333333333333,0.0
1063,7.1,Red-S,1351,1339,7.0,30.5,3.0,1350.0,0.02259259259259259,OVERSUPPLY,1319.5,0.0
1063,7.1,Red-S,1351,1339,8.0,30.5,3.0,1350.0,0.02259259259259259,OVERSUPPLY,1319.5,0.0
1063,7.1,Red-S,1351,1339,9.0,22.166666666666668,3.0,1350.0,0.016419753086419756,OVERSUPPLY,1327.8333333333333,0.0
1063,7.1,Red-S,1351,1339,10.0,18.0,3.0,1350.0,0.013333333333333334,OVERSUPPLY,1332.0,0.0
1063,7.1,Red-S,1351,1339,11.0,12.666666666666666,3.0,1350.0,0.009382716049382716,OVERSUPPLY,1337.3333333333333,0.0
1063,7.1,Red-S,1351,1339,12.0,13.333333333333334,3.0,1350.0,0.009876543209876543,OVERSUPPLY,1336.6666666666667,0.0
1063,7.1,Red-S,1351,1339,13.0,14.0,3.0,1350.0,0.01037037037037037,OVERSUPPLY,1336.0,0.0
1063,7.1,Red-S,1351,1339,14.0,18.333333333333332,3.0,1350.0,0.013580246913580247,OVERSUPPLY,1331.6666666666667,0.0
1063,7.1,Red-S,1351,1339,15.0,34.83333333333333,3.0,1350.0,0.025802469135802465,OVERSUPPLY,1315.1666666666667,0.0
1063,7.1,Red-S,1351,1339,16.0,63.5,3.0,1350.0,0.04703703703703704,OVERSUPPLY,1286.5,0.0
1063,7.1,Red-S,1351,1339,17.0,109.83333333333333,3.0,1350.0,0.08135802469135803,OVERSUPPLY,1240.1666666666667,0.0
1063,7.1,Red-S,1351,1339,18.0,76.33333333333333,3.0,1350.0,0.0565432098765432,OVERSUPPLY,1273.6666666666667,0.0
1063,7.1,Red-S,1351,1339,19.0,36.5,2.0,900.0,0.04055555555555555,OVERSUPPLY,863.5,0.0
1065,7.1,Red-S,1352,1343,5.0,1.1666666666666667,3.0,1350.0,0.0008641975308641976,OVERSUPPLY,1348.8333333333333,0.0
1065,7.1,Red-S,1352,1343,6.0,1.5,3.0,1350.0,0.0011111111111111111,OVERSUPPLY,1348.5,0.0
1065,7.1,Red-S,1352,1343,7.0,10.666666666666668,3.0,1350.0,0.007901234567901235,OVERSUPPLY,1339.3333333333333,0.0
1065,7.1,Red-S,1352,1343,8.0,14.5,3.0,1350.0,0.01074074074074074,OVERSUPPLY,1335.5,0.0
1065,7.1,Red-S,1352,1343,9.0,8.333333333333334,3.0,1350.0,0.00617283950617284,OVERSUPPLY,1341.6666666666667,0.0
1065,7.1,Red-S,1352,1343,10.0,8.5,3.0,1350.0,0.006296296296296296,OVERSUPPLY,1341.5,0.0
1065,7.1,Red-S,1352,1343,11.0,4.166666666666667,3.0,1350.0,0.00308641975308642,OVERSUPPLY,1345.8333333333333,0.0
1065,7.1,Red-S,1352,1343,12.0,6.166666666666667,3.0,1350.0,0.004567901234567902,OVERSUPPLY,1343.8333333333333,0.0
1065,7.1,Red-S,1352,1343,13.0,5.5,3.0,1350.0,0.004074074074074074,OVERSUPPLY,1344.5,0.0
1065,7.1,Red-S,1352,1343,14.0,7.0,3.0,1350.0,0.005185185185185185,OVERSUPPLY,1343.0,0.0
1065,7.1,Red-S,1352,1343,15.0,7.166666666666667,3.0,1350.0,0.005308641975308642,OVERSUPPLY,1342.8333333333333,0.0
1065,7.1,Red-S,1352,1343,16.0,6.333333333333334,3.0,1350.0,0.004691358024691359,OVERSUPPLY,1343.6666666666667,0.0
1065,7.1,Red-S,1352,1343,17.0,4.666666666666667,3.0,1350.0,0.0034567901234567903,OVERSUPPLY,1345.3333333333333,0.0
1065,7.1,Red-S,1352,1343,18.0,3.0,3.0,1350.0,0.0022222222222222222,OVERSUPPLY,1347.0,0.0
1065,7.1,Red-S,1352,1343,19.0,1.1666666666666665,2.0,900.0,0.001296296296296296,OVERSUPPLY,898.8333333333334,0.0
1067,7.1,Red-S,1353,1354,6.0,72.33333333333333,3.0,1350.0,0.053580246913580244,OVERSUPPLY,1277.6666666666667,0.0
1067,7.1,Red-S,1353,1354,7.0,114.33333333333333,3.0,1350.0,0.08469135802469135,OVERSUPPLY,1235.6666666666667,0.0
1067,7.1,Red-S,1353,1354,8.0,149.0,3.0,1350.0,0.11037037037037037,OVERSUPPLY,1201.0,0.0
1067,7.1,Red-S,1353,1354,9.0,85.0,3.0,1350.0,0.06296296296296296,OVERSUPPLY,1265.0,0.0
1067,7.1,Red-S,1353,1354,10.0,64.16666666666667,3.0,1350.0,0.047530864197530866,OVERSUPPLY,1285.8333333333333,0.0
1067,7.1,Red-S,1353,1354,11.0,55.166666666666664,3.0,1350.0,0.0408641975308642,OVERSUPPLY,1294.8333333333333,0.0
1067,7.1,Red-S,1353,1354,12.0,64.5,3.0,1350.0,0.04777777777777778,OVERSUPPLY,1285.5,0.0
1067,7.1,Red-S,1353,1354,13.0,61.833333333333336,3.0,1350.0,0.04580246913580247,OVERSUPPLY,1288.1666666666667,0.0
1067,7.1,Red-S,1353,1354,14.0,79.5,3.0,1350.0,0.058888888888888886,OVERSUPPLY,1270.5,0.0
1067,7.1,Red-S,1353,1354,15.0,120.0,3.0,1350.0,0.08888888888888889,OVERSUPPLY,1230.0,0.0
1067,7.1,Red-S,1353,1354,16.0,199.5,3.0,1350.0,0.14777777777777779,OVERSUPPLY,1150.5,0.0
1067,7.1,Red-S,1353,1354,17.0,304.6666666666667,3.0,1350.0,0.22567901234567903,BALANCED,1045.3333333333333,0.0
1067,7.1,Red-S,1353,1354,18.0,211.5,3.0,1350.0,0.15666666666666668,OVERSUPPLY,1138.5,0.0
1067,7.1,Red-S,1353,1354,19.0,109.83333333333333,2.0,900.0,0.12203703703703703,OVERSUPPLY,790.1666666666666,0.0
1069,7.1,Red-S,1354,1347,6.0,74.66666666666667,3.0,1350.0,0.055308641975308645,OVERSUPPLY,1275.3333333333333,0.0
1069,7.1,Red-S,1354,1347,7.0,119.0,3.0,1350.0,0.08814814814814814,OVERSUPPLY,1231.0,0.0
1069,7.1,Red-S,1354,1347,8.0,156.66666666666666,3.0,1350.0,0.11604938271604938,OVERSUPPLY,1193.3333333333333,0.0
1069,7.1,Red-S,1354,1347,9.0,91.0,3.0,1350.0,0.0674074074074074,OVERSUPPLY,1259.0,0.0
1069,7.1,Red-S,1354,1347,10.0,73.0,3.0,1350.0,0.05407407407407407,OVERSUPPLY,1277.0,0.0
1069,7.1,Red-S,1354,1347,11.0,62.666666666666664,3.0,1350.0,0.046419753086419754,OVERSUPPLY,1287.3333333333333,0.0
1069,7.1,Red-S,1354,1347,12.0,74.0,3.0,1350.0,0.054814814814814816,OVERSUPPLY,1276.0,0.0
1069,7.1,Red-S,1354,1347,13.0,70.0,3.0,1350.0,0.05185185185185185,OVERSUPPLY,1280.0,0.0
1069,7.1,Red-S,1354,1347,14.0,87.33333333333333,3.0,1350.0,0.06469135802469135,OVERSUPPLY,1262.6666666666667,0.0
1069,7.1,Red-S,1354,1347,15.0,131.0,3.0,1350.0,0.09703703703703703,OVERSUPPLY,1219.0,0.0
1069,7.1,Red-S,1354,1347,16.0,214.0,3.0,1350.0,0.15851851851851853,OVERSUPPLY,1136.0,0.0
1069,7.1,Red-S,1354,1347,17.0,315.3333333333333,3.0,1350.0,0.23358024691358023,BALANCED,1034.6666666666667,0.0
1069,7.1,Red-S,1354,1347,18.0,222.0,3.0,1350.0,0.16444444444444445,OVERSUPPLY,1128.0,0.0
1069,7.1,Red-S,1354,1347,19.0,118.0,2.0,900.0,0.13111111111111112,OVERSUPPLY,782.0,0.0
1072,7.1,Red-S,1355,1353,6.0,68.5,3.0,1350.0,0.05074074074074074,OVERSUPPLY,1281.5,0.0
1072,7.1,Red-S,1355,1353,7.0,108.33333333333333,3.0,1350.0,0.08024691358024691,OVERSUPPLY,1241.6666666666667,0.0
1072,7.1,Red-S,1355,1353,8.0,138.66666666666666,3.0,1350.0,0.10271604938271604,OVERSUPPLY,1211.3333333333333,0.0
1072,7.1,Red-S,1355,1353,9.0,76.83333333333333,3.0,1350.0,0.05691358024691358,OVERSUPPLY,1273.1666666666667,0.0
1072,7.1,Red-S,1355,1353,10.0,54.666666666666664,3.0,1350.0,0.04049382716049382,OVERSUPPLY,1295.3333333333333,0.0
1072,7.1,Red-S,1355,1353,11.0,47.166666666666664,3.0,1350.0,0.03493827160493827,OVERSUPPLY,1302.8333333333333,0.0
1072,7.1,Red-S,1355,1353,12.0,54.666666666666664,3.0,1350.0,0.04049382716049382,OVERSUPPLY,1295.3333333333333,0.0
1072,7.1,Red-S,1355,1353,13.0,53.333333333333336,3.0,1350.0,0.03950617283950617,OVERSUPPLY,1296.6666666666667,0.0
1072,7.1,Red-S,1355,1353,14.0,71.0,3.0,1350.0,0.052592592592592594,OVERSUPPLY,1279.0,0.0
1072,7.1,Red-S,1355,1353,15.0,108.16666666666667,3.0,1350.0,0.08012345679012346,OVERSUPPLY,1241.8333333333333,0.0
1072,7.1,Red-S,1355,1353,16.0,184.0,3.0,1350.0,0.1362962962962963,OVERSUPPLY,1166.0,0.0
1072,7.1,Red-S,1355,1353,17.0,291.8333333333333,3.0,1350.0,0.21617283950617283,BALANCED,1058.1666666666667,0.0
1072,7.1,Red-S,1355,1353,18.0,200.16666666666666,3.0,1350.0,0.1482716049382716,OVERSUPPLY,1149.8333333333333,0.0
1072,7.1,Red-S,1355,1353,19.0,101.33333333333333,2.0,900.0,0.11259259259259259,OVERSUPPLY,798.6666666666666,0.0
1074,7.1,Red-S,1356,1344,6.0,21.333333333333336,3.0,1350.0,0.01580246913580247,OVERSUPPLY,1328.6666666666667,0.0
1074,7.1,Red-S,1356,1344,7.0,24.0,3.0,1350.0,0.017777777777777778,OVERSUPPLY,1326.0,0.0
1074,7.1,Red-S,1356,1344,8.0,23.5,3.0,1350.0,0.017407407407407406,OVERSUPPLY,1326.5,0.0
1074,7.1,Red-S,1356,1344,9.0,16.833333333333332,3.0,1350.0,0.012469135802469136,OVERSUPPLY,1333.1666666666667,0.0
1074,7.1,Red-S,1356,1344,10.0,11.333333333333334,3.0,1350.0,0.008395061728395062,OVERSUPPLY,1338.6666666666667,0.0
1074,7.1,Red-S,1356,1344,11.0,8.0,3.0,1350.0,0.005925925925925926,OVERSUPPLY,1342.0,0.0
1074,7.1,Red-S,1356,1344,12.0,7.833333333333333,3.0,1350.0,0.005802469135802469,OVERSUPPLY,1342.1666666666667,0.0
1074,7.1,Red-S,1356,1344,13.0,5.5,3.0,1350.0,0.004074074074074074,OVERSUPPLY,1344.5,0.0
1074,7.1,Red-S,1356,1344,14.0,6.5,3.0,1350.0,0.004814814814814815,OVERSUPPLY,1343.5,0.0
1074,7.1,Red-S,1356,1344,15.0,10.333333333333334,3.0,1350.0,0.007654320987654321,OVERSUPPLY,1339.6666666666667,0.0
1074,7.1,Red-S,1356,1344,16.0,10.166666666666666,3.0,1350.0,0.007530864197530864,OVERSUPPLY,1339.8333333333333,0.0
1074,7.1,Red-S,1356,1344,17.0,18.666666666666668,3.0,1350.0,0.013827160493827161,OVERSUPPLY,1331.3333333333333,0.0
1074,7.1,Red-S,1356,1344,18.0,18.833333333333336,3.0,1350.0,0.013950617283950618,OVERSUPPLY,1331.1666666666667,0.0
1074,7.1,Red-S,1356,1344,19.0,7.0,2.0,900.0,0.0077777777777777776,OVERSUPPLY,893.0,0.0
1076,8.2,Red-N,1357,1359,6.0,46.0,3.0,1350.0,0.034074074074074076,OVERSUPPLY,1304.0,0.0
1076,8.2,Red-N,1357,1359,7.0,209.33333333333334,3.0,1350.0,0.15506172839506174,OVERSUPPLY,1140.6666666666667,0.0
1076,8.2,Red-N,1357,1359,8.0,378.8333333333333,3.0,1350.0,0.28061728395061725,BALANCED,971.1666666666667,0.0
1076,8.2,Red-N,1357,1359,9.0,299.8333333333333,3.0,1350.0,0.22209876543209875,BALANCED,1050.1666666666667,0.0
1076,8.2,Red-N,1357,1359,10.0,191.83333333333334,3.0,1350.0,0.14209876543209876,OVERSUPPLY,1158.1666666666667,0.0
1076,8.2,Red-N,1357,1359,11.0,168.5,3.0,1350.0,0.12481481481481481,OVERSUPPLY,1181.5,0.0
1076,8.2,Red-N,1357,1359,12.0,224.83333333333334,3.0,1350.0,0.16654320987654322,OVERSUPPLY,1125.1666666666667,0.0
1076,8.2,Red-N,1357,1359,13.0,322.0,3.0,1350.0,0.23851851851851852,BALANCED,1028.0,0.0
1076,8.2,Red-N,1357,1359,14.0,373.0,3.0,1350.0,0.2762962962962963,BALANCED,977.0,0.0
1076,8.2,Red-N,1357,1359,15.0,622.8333333333334,3.0,1350.0,0.46135802469135806,BALANCED,727.1666666666666,0.0
1076,8.2,Red-N,1357,1359,16.0,1127.0,3.0,1350.0,0.8348148148148148,CROWDED,223.0,0.0
1076,8.2,Red-N,1357,1359,17.0,1646.6666666666667,3.0,1350.0,1.2197530864197532,UNDERSUPPLY,0.0,296.66666666666674
1076,8.2,Red-N,1357,1359,18.0,1399.1666666666667,3.0,1350.0,1.0364197530864199,UNDERSUPPLY,0.0,49.16666666666674
1076,8.2,Red-N,1357,1359,19.0,801.1666666666666,3.0,1350.0,0.5934567901234568,BALANCED,548.8333333333334,0.0
1076,8.2,Red-N,1357,1359,20.0,414.3333333333333,3.0,1350.0,0.30691358024691356,BALANCED,935.6666666666667,0.0
1078,8.2,Red-N,1358,1363,6.0,242.0,3.0,1350.0,0.17925925925925926,OVERSUPPLY,1108.0,0.0
1078,8.2,Red-N,1358,1363,7.0,630.8333333333334,3.0,1350.0,0.467283950617284,BALANCED,719.1666666666666,0.0
1078,8.2,Red-N,1358,1363,8.0,1250.5,3.0,1350.0,0.9262962962962963,CROWDED,99.5,0.0
1078,8.2,Red-N,1358,1363,9.0,865.1666666666666,3.0,1350.0,0.6408641975308642,BALANCED,484.83333333333337,0.0
1078,8.2,Red-N,1358,1363,10.0,433.5,3.0,1350.0,0.3211111111111111,BALANCED,916.5,0.0
1078,8.2,Red-N,1358,1363,11.0,307.1666666666667,3.0,1350.0,0.22753086419753088,BALANCED,1042.8333333333333,0.0
1078,8.2,Red-N,1358,1363,12.0,310.5,3.0,1350.0,0.23,BALANCED,1039.5,0.0
1078,8.2,Red-N,1358,1363,13.0,324.3333333333333,3.0,1350.0,0.2402469135802469,BALANCED,1025.6666666666667,0.0
1078,8.2,Red-N,1358,1363,14.0,359.3333333333333,3.0,1350.0,0.2661728395061728,BALANCED,990.6666666666667,0.0
1078,8.2,Red-N,1358,1363,15.0,495.3333333333333,3.0,1350.0,0.36691358024691356,BALANCED,854.6666666666667,0.0
1078,8.2,Red-N,1358,1363,16.0,795.1666666666666,3.0,1350.0,0.5890123456790123,BALANCED,554.8333333333334,0.0
1078,8.2,Red-N,1358,1363,17.0,1083.1666666666667,3.0,1350.0,0.8023456790123458,CROWDED,266.83333333333326,0.0
1078,8.2,Red-N,1358,1363,18.0,990.3333333333334,3.0,1350.0,0.7335802469135803,BALANCED,359.66666666666663,0.0
1078,8.2,Red-N,1358,1363,19.0,566.3333333333334,3.0,1350.0,0.4195061728395062,BALANCED,783.6666666666666,0.0
1078,8.2,Red-N,1358,1363,20.0,317.6666666666667,3.0,1350.0,0.23530864197530865,BALANCED,1032.3333333333333,0.0
1080,8.2,Red-N,1359,1370,6.0,38.333333333333336,3.0,1350.0,0.028395061728395062,OVERSUPPLY,1311.6666666666667,0.0
1080,8.2,Red-N,1359,1370,7.0,177.83333333333334,3.0,1350.0,0.1317283950617284,OVERSUPPLY,1172.1666666666667,0.0
1080,8.2,Red-N,1359,1370,8.0,322.3333333333333,3.0,1350.0,0.2387654320987654,BALANCED,1027.6666666666667,0.0
1080,8.2,Red-N,1359,1370,9.0,264.0,3.0,1350.0,0.19555555555555557,OVERSUPPLY,1086.0,0.0
1080,8.2,Red-N,1359,1370,10.0,174.33333333333334,3.0,1350.0,0.1291358024691358,OVERSUPPLY,1175.6666666666667,0.0
1080,8.2,Red-N,1359,1370,11.0,150.16666666666666,3.0,1350.0,0.11123456790123457,OVERSUPPLY,1199.8333333333333,0.0
1080,8.2,Red-N,1359,1370,12.0,207.83333333333334,3.0,1350.0,0.15395061728395062,OVERSUPPLY,1142.1666666666667,0.0
1080,8.2,Red-N,1359,1370,13.0,295.3333333333333,3.0,1350.0,0.21876543209876542,BALANCED,1054.6666666666667,0.0
1080,8.2,Red-N,1359,1370,14.0,339.6666666666667,3.0,1350.0,0.25160493827160496,BALANCED,1010.3333333333333,0.0
1080,8.2,Red-N,1359,1370,15.0,574.8333333333334,3.0,1350.0,0.4258024691358025,BALANCED,775.1666666666666,0.0
1080,8.2,Red-N,1359,1370,16.0,1041.8333333333333,3.0,1350.0,0.7717283950617283,BALANCED,308.16666666666674,0.0
1080,8.2,Red-N,1359,1370,17.0,1524.8333333333333,3.0,1350.0,1.1295061728395062,UNDERSUPPLY,0.0,174.83333333333326
1080,8.2,Red-N,1359,1370,18.0,1266.1666666666667,3.0,1350.0,0.9379012345679013,CROWDED,83.83333333333326,0.0
1080,8.2,Red-N,1359,1370,19.0,721.5,3.0,1350.0,0.5344444444444445,BALANCED,628.5,0.0
1080,8.2,Red-N,1359,1370,20.0,364.0,3.0,1350.0,0.2696296296296296,BALANCED,986.0,0.0
1082,8.2,Red-N,1360,1358,6.0,186.5,3.0,1350.0,0.13814814814814816,OVERSUPPLY,1163.5,0.0
1082,8.2,Red-N,1360,1358,7.0,492.5,3.0,1350.0,0.3648148148148148,BALANCED,857.5,0.0
1082,8.2,Red-N,1360,1358,8.0,921.5,3.0,1350.0,0.6825925925925926,BALANCED,428.5,0.0
1082,8.2,Red-N,1360,1358,9.0,613.1666666666666,3.0,1350.0,0.4541975308641975,BALANCED,736.8333333333334,0.0
1082,8.2,Red-N,1360,1358,10.0,294.3333333333333,3.0,1350.0,0.21802469135802469,BALANCED,1055.6666666666667,0.0
1082,8.2,Red-N,1360,1358,11.0,216.83333333333331,3.0,1350.0,0.16061728395061728,OVERSUPPLY,1133.1666666666667,0.0
1082,8.2,Red-N,1360,1358,12.0,199.16666666666666,3.0,1350.0,0.14753086419753086,OVERSUPPLY,1150.8333333333333,0.0
1082,8.2,Red-N,1360,1358,13.0,210.0,3.0,1350.0,0.15555555555555556,OVERSUPPLY,1140.0,0.0
1082,8.2,Red-N,1360,1358,14.0,228.66666666666666,3.0,1350.0,0.1693827160493827,OVERSUPPLY,1121.3333333333333,0.0
1082,8.2,Red-N,1360,1358,15.0,301.6666666666667,3.0,1350.0,0.22345679012345682,BALANCED,1048.3333333333333,0.0
1082,8.2,Red-N,1360,1358,16.0,442.8333333333333,3.0,1350.0,0.3280246913580247,BALANCED,907.1666666666667,0.0
1082,8.2,Red-N,1360,1358,17.0,545.1666666666666,3.0,1350.0,0.4038271604938271,BALANCED,804.8333333333334,0.0
1082,8.2,Red-N,1360,1358,18.0,482.0,3.0,1350.0,0.35703703703703704,BALANCED,868.0,0.0
1082,8.2,Red-N,1360,1358,19.0,262.0,3.0,1350.0,0.19407407407407407,OVERSUPPLY,1088.0,0.0
1082,8.2,Red-N,1360,1358,20.0,141.66666666666666,3.0,1350.0,0.10493827160493827,OVERSUPPLY,1208.3333333333333,0.0
1084,8.2,Red-N,1361,1366,6.0,22.166666666666664,3.0,1350.0,0.016419753086419752,OVERSUPPLY,1327.8333333333333,0.0
1084,8.2,Red-N,1361,1366,7.0,116.66666666666667,3.0,1350.0,0.08641975308641976,OVERSUPPLY,1233.3333333333333,0.0
1084,8.2,Red-N,1361,1366,8.0,230.66666666666666,3.0,1350.0,0.17086419753086418,OVERSUPPLY,1119.3333333333333,0.0
1084,8.2,Red-N,1361,1366,9.0,196.16666666666666,3.0,1350.0,0.14530864197530863,OVERSUPPLY,1153.8333333333333,0.0
1084,8.2,Red-N,1361,1366,10.0,125.66666666666666,3.0,1350.0,0.09308641975308642,OVERSUPPLY,1224.3333333333333,0.0
1084,8.2,Red-N,1361,1366,11.0,102.66666666666667,3.0,1350.0,0.07604938271604939,OVERSUPPLY,1247.3333333333333,0.0
1084,8.2,Red-N,1361,1366,12.0,141.5,3.0,1350.0,0.10481481481481482,OVERSUPPLY,1208.5,0.0
1084,8.2,Red-N,1361,1366,13.0,199.33333333333334,3.0,1350.0,0.14765432098765433,OVERSUPPLY,1150.6666666666667,0.0
1084,8.2,Red-N,1361,1366,14.0,201.16666666666666,3.0,1350.0,0.14901234567901234,OVERSUPPLY,1148.8333333333333,0.0
1084,8.2,Red-N,1361,1366,15.0,354.8333333333333,3.0,1350.0,0.26283950617283947,BALANCED,995.1666666666667,0.0
1084,8.2,Red-N,1361,1366,16.0,605.3333333333334,3.0,1350.0,0.4483950617283951,BALANCED,744.6666666666666,0.0
1084,8.2,Red-N,1361,1366,17.0,891.8333333333334,3.0,1350.0,0.6606172839506174,BALANCED,458.16666666666663,0.0
1084,8.2,Red-N,1361,1366,18.0,710.5,3.0,1350.0,0.5262962962962963,BALANCED,639.5,0.0
1084,8.2,Red-N,1361,1366,19.0,394.3333333333333,3.0,1350.0,0.29209876543209873,BALANCED,955.6666666666667,0.0
1084,8.2,Red-N,1361,1366,20.0,194.33333333333334,3.0,1350.0,0.14395061728395062,OVERSUPPLY,1155.6666666666667,0.0
1086,8.2,Red-N,1362,1369,6.0,102.66666666666667,3.0,1350.0,0.07604938271604939,OVERSUPPLY,1247.3333333333333,0.0
1086,8.2,Red-N,1362,1369,7.0,256.6666666666667,3.0,1350.0,0.19012345679012346,OVERSUPPLY,1093.3333333333333,0.0
1086,8.2,Red-N,1362,1369,8.0,384.0,3.0,1350.0,0.28444444444444444,BALANCED,966.0,0.0
1086,8.2,Red-N,1362,1369,9.0,208.83333333333334,3.0,1350.0,0.15469135802469136,OVERSUPPLY,1141.1666666666667,0.0
1086,8.2,Red-N,1362,1369,10.0,104.83333333333333,3.0,1350.0,0.07765432098765432,OVERSUPPLY,1245.1666666666667,0.0
1086,8.2,Red-N,1362,1369,11.0,76.5,3.0,1350.0,0.056666666666666664,OVERSUPPLY,1273.5,0.0
1086,8.2,Red-N,1362,1369,12.0,71.16666666666667,3.0,1350.0,0.052716049382716054,OVERSUPPLY,1278.8333333333333,0.0
1086,8.2,Red-N,1362,1369,13.0,81.66666666666667,3.0,1350.0,0.060493827160493834,OVERSUPPLY,1268.3333333333333,0.0
1086,8.2,Red-N,1362,1369,14.0,84.66666666666667,3.0,1350.0,0.06271604938271605,OVERSUPPLY,1265.3333333333333,0.0
1086,8.2,Red-N,1362,1369,15.0,105.66666666666667,3.0,1350.0,0.07827160493827161,OVERSUPPLY,1244.3333333333333,0.0
1086,8.2,Red-N,1362,1369,16.0,162.0,3.0,1350.0,0.12,OVERSUPPLY,1188.0,0.0
1086,8.2,Red-N,1362,1369,17.0,175.0,3.0,1350.0,0.12962962962962962,OVERSUPPLY,1175.0,0.0
1086,8.2,Red-N,1362,1369,18.0,136.66666666666666,3.0,1350.0,0.10123456790123456,OVERSUPPLY,1213.3333333333333,0.0
1086,8.2,Red-N,1362,1369,19.0,70.5,3.0,1350.0,0.052222222222222225,OVERSUPPLY,1279.5,0.0
1086,8.2,Red-N,1362,1369,20.0,33.166666666666664,3.0,1350.0,0.0245679012345679,OVERSUPPLY,1316.8333333333333,0.0
1088,8.2,Red-N,1363,1375,6.0,202.5,3.0,1350.0,0.15,OVERSUPPLY,1147.5,0.0
1088,8.2,Red-N,1363,1375,7.0,518.1666666666666,3.0,1350.0,0.38382716049382715,BALANCED,831.8333333333334,0.0
1088,8.2,Red-N,1363,1375,8.0,1079.8333333333333,3.0,1350.0,0.7998765432098764,BALANCED,270.16666666666674,0.0
1088,8.2,Red-N,1363,1375,9.0,741.0,3.0,1350.0,0.5488888888888889,BALANCED,609.0,0.0
1088,8.2,Red-N,1363,1375,10.0,357.5,3.0,1350.0,0.26481481481481484,BALANCED,992.5,0.0
1088,8.2,Red-N,1363,1375,11.0,240.16666666666666,3.0,1350.0,0.17790123456790122,OVERSUPPLY,1109.8333333333333,0.0
1088,8.2,Red-N,1363,1375,12.0,253.0,3.0,1350.0,0.1874074074074074,OVERSUPPLY,1097.0,0.0
1088,8.2,Red-N,1363,1375,13.0,254.33333333333334,3.0,1350.0,0.18839506172839507,OVERSUPPLY,1095.6666666666667,0.0
1088,8.2,Red-N,1363,1375,14.0,296.1666666666667,3.0,1350.0,0.21938271604938273,BALANCED,1053.8333333333333,0.0
1088,8.2,Red-N,1363,1375,15.0,418.3333333333333,3.0,1350.0,0.3098765432098765,BALANCED,931.6666666666667,0.0
1088,8.2,Red-N,1363,1375,16.0,705.6666666666666,3.0,1350.0,0.522716049382716,BALANCED,644.3333333333334,0.0
1088,8.2,Red-N,1363,1375,17.0,985.6666666666666,3.0,1350.0,0.7301234567901235,BALANCED,364.33333333333337,0.0
1088,8.2,Red-N,1363,1375,18.0,911.5,3.0,1350.0,0.6751851851851852,BALANCED,438.5,0.0
1088,8.2,Red-N,1363,1375,19.0,505.3333333333333,3.0,1350.0,0.374320987654321,BALANCED,844.6666666666667,0.0
1088,8.2,Red-N,1363,1375,20.0,278.3333333333333,3.0,1350.0,0.20617283950617282,BALANCED,1071.6666666666667,0.0
1090,8.2,Red-N,1364,1365,6.0,127.33333333333333,3.0,1350.0,0.09432098765432098,OVERSUPPLY,1222.6666666666667,0.0
1090,8.2,Red-N,1364,1365,7.0,325.5,3.0,1350.0,0.2411111111111111,BALANCED,1024.5,0.0
1090,8.2,Red-N,1364,1365,8.0,575.5,3.0,1350.0,0.4262962962962963,BALANCED,774.5,0.0
1090,8.2,Red-N,1364,1365,9.0,406.6666666666667,3.0,1350.0,0.3012345679012346,BALANCED,943.3333333333333,0.0
1090,8.2,Red-N,1364,1365,10.0,250.0,3.0,1350.0,0.18518518518518517,OVERSUPPLY,1100.0,0.0
1090,8.2,Red-N,1364,1365,11.0,233.33333333333334,3.0,1350.0,0.17283950617283952,OVERSUPPLY,1116.6666666666667,0.0
1090,8.2,Red-N,1364,1365,12.0,221.66666666666666,3.0,1350.0,0.16419753086419753,OVERSUPPLY,1128.3333333333333,0.0
1090,8.2,Red-N,1364,1365,13.0,216.66666666666666,3.0,1350.0,0.16049382716049382,OVERSUPPLY,1133.3333333333333,0.0
1090,8.2,Red-N,1364,1365,14.0,233.5,3.0,1350.0,0.17296296296296296,OVERSUPPLY,1116.5,0.0
1090,8.2,Red-N,1364,1365,15.0,234.83333333333334,3.0,1350.0,0.17395061728395061,OVERSUPPLY,1115.1666666666667,0.0
1090,8.2,Red-N,1364,1365,16.0,340.8333333333333,3.0,1350.0,0.2524691358024691,BALANCED,1009.1666666666667,0.0
1090,8.2,Red-N,1364,1365,17.0,430.8333333333333,3.0,1350.0,0.3191358024691358,BALANCED,919.1666666666667,0.0
1090,8.2,Red-N,1364,1365,18.0,425.6666666666667,3.0,1350.0,0.31530864197530867,BALANCED,924.3333333333333,0.0
1090,8.2,Red-N,1364,1365,19.0,245.66666666666666,3.0,1350.0,0.1819753086419753,OVERSUPPLY,1104.3333333333333,0.0
1090,8.2,Red-N,1364,1365,20.0,157.0,3.0,1350.0,0.1162962962962963,OVERSUPPLY,1193.0,0.0
1094,8.2,Red-N,1366,1373,6.0,9.0,3.0,1350.0,0.006666666666666667,OVERSUPPLY,1341.0,0.0
1094,8.2,Red-N,1366,1373,7.0,42.166666666666664,3.0,1350.0,0.031234567901234567,OVERSUPPLY,1307.8333333333333,0.0
1094,8.2,Red-N,1366,1373,8.0,47.333333333333336,3.0,1350.0,0.03506172839506173,OVERSUPPLY,1302.6666666666667,0.0
1094,8.2,Red-N,1366,1373,9.0,39.333333333333336,3.0,1350.0,0.029135802469135805,OVERSUPPLY,1310.6666666666667,0.0
1094,8.2,Red-N,1366,1373,10.0,30.166666666666668,3.0,1350.0,0.02234567901234568,OVERSUPPLY,1319.8333333333333,0.0
1094,8.2,Red-N,1366,1373,11.0,34.166666666666664,3.0,1350.0,0.02530864197530864,OVERSUPPLY,1315.8333333333333,0.0
1094,8.2,Red-N,1366,1373,12.0,59.0,3.0,1350.0,0.0437037037037037,OVERSUPPLY,1291.0,0.0
1094,8.2,Red-N,1366,1373,13.0,96.83333333333333,3.0,1350.0,0.07172839506172839,OVERSUPPLY,1253.1666666666667,0.0
1094,8.2,Red-N,1366,1373,14.0,121.83333333333333,3.0,1350.0,0.0902469135802469,OVERSUPPLY,1228.1666666666667,0.0
1094,8.2,Red-N,1366,1373,15.0,240.16666666666666,3.0,1350.0,0.17790123456790122,OVERSUPPLY,1109.8333333333333,0.0
1094,8.2,Red-N,1366,1373,16.0,398.5,3.0,1350.0,0.29518518518518516,BALANCED,951.5,0.0
1094,8.2,Red-N,1366,1373,17.0,506.1666666666667,3.0,1350.0,0.3749382716049383,BALANCED,843.8333333333333,0.0
1094,8.2,Red-N,1366,1373,18.0,415.8333333333333,3.0,1350.0,0.3080246913580247,BALANCED,934.1666666666667,0.0
1094,8.2,Red-N,1366,1373,19.0,235.0,3.0,1350.0,0.17407407407407408,OVERSUPPLY,1115.0,0.0
1094,8.2,Red-N,1366,1373,20.0,132.66666666666666,3.0,1350.0,0.0982716049382716,OVERSUPPLY,1217.3333333333333,0.0
1096,8.2,Red-N,1367,1376,6.0,18.0,3.0,1350.0,0.013333333333333334,OVERSUPPLY,1332.0,0.0
1096,8.2,Red-N,1367,1376,7.0,70.83333333333333,3.0,1350.0,0.05246913580246913,OVERSUPPLY,1279.1666666666667,0.0
1096,8.2,Red-N,1367,1376,8.0,64.5,3.0,1350.0,0.04777777777777778,OVERSUPPLY,1285.5,0.0
1096,8.2,Red-N,1367,1376,9.0,51.333333333333336,3.0,1350.0,0.03802469135802469,OVERSUPPLY,1298.6666666666667,0.0
1096,8.2,Red-N,1367,1376,10.0,37.333333333333336,3.0,1350.0,0.027654320987654323,OVERSUPPLY,1312.6666666666667,0.0
1096,8.2,Red-N,1367,1376,11.0,42.5,3.0,1350.0,0.03148148148148148,OVERSUPPLY,1307.5,0.0
1096,8.2,Red-N,1367,1376,12.0,60.833333333333336,3.0,1350.0,0.04506172839506173,OVERSUPPLY,1289.1666666666667,0.0
1096,8.2,Red-N,1367,1376,13.0,86.33333333333333,3.0,1350.0,0.06395061728395061,OVERSUPPLY,1263.6666666666667,0.0
1096,8.2,Red-N,1367,1376,14.0,109.0,3.0,1350.0,0.08074074074074074,OVERSUPPLY,1241.0,0.0
1096,8.2,Red-N,1367,1376,15.0,242.16666666666669,3.0,1350.0,0.17938271604938272,OVERSUPPLY,1107.8333333333333,0.0
1096,8.2,Red-N,1367,1376,16.0,340.3333333333333,3.0,1350.0,0.25209876543209875,BALANCED,1009.6666666666667,0.0
1096,8.2,Red-N,1367,1376,17.0,407.5,3.0,1350.0,0.30185185185185187,BALANCED,942.5,0.0
1096,8.2,Red-N,1367,1376,18.0,291.8333333333333,3.0,1350.0,0.21617283950617283,BALANCED,1058.1666666666667,0.0
1096,8.2,Red-N,1367,1376,19.0,149.83333333333334,3.0,1350.0,0.11098765432098766,OVERSUPPLY,1200.1666666666667,0.0
1096,8.2,Red-N,1367,1376,20.0,78.16666666666667,3.0,1350.0,0.057901234567901236,OVERSUPPLY,1271.8333333333333,0.0
1098,8.2,Red-N,1368,1380,6.0,35.166666666666664,3.0,1350.0,0.026049382716049382,OVERSUPPLY,1314.8333333333333,0.0
1098,8.2,Red-N,1368,1380,7.0,138.16666666666666,3.0,1350.0,0.10234567901234567,OVERSUPPLY,1211.8333333333333,0.0
1098,8.2,Red-N,1368,1380,8.0,231.66666666666669,3.0,1350.0,0.17160493827160495,OVERSUPPLY,1118.3333333333333,0.0
1098,8.2,Red-N,1368,1380,9.0,178.83333333333334,3.0,1350.0,0.13246913580246913,OVERSUPPLY,1171.1666666666667,0.0
1098,8.2,Red-N,1368,1380,10.0,112.0,3.0,1350.0,0.08296296296296296,OVERSUPPLY,1238.0,0.0
1098,8.2,Red-N,1368,1380,11.0,101.5,3.0,1350.0,0.07518518518518519,OVERSUPPLY,1248.5,0.0
1098,8.2,Red-N,1368,1380,12.0,142.5,3.0,1350.0,0.10555555555555556,OVERSUPPLY,1207.5,0.0
1098,8.2,Red-N,1368,1380,13.0,218.33333333333334,3.0,1350.0,0.1617283950617284,OVERSUPPLY,1131.6666666666667,0.0
1098,8.2,Red-N,1368,1380,14.0,266.6666666666667,3.0,1350.0,0.19753086419753088,OVERSUPPLY,1083.3333333333333,0.0
1098,8.2,Red-N,1368,1380,15.0,469.6666666666667,3.0,1350.0,0.34790123456790123,BALANCED,880.3333333333333,0.0
1098,8.2,Red-N,1368,1380,16.0,845.3333333333334,3.0,1350.0,0.6261728395061729,BALANCED,504.66666666666663,0.0
1098,8.2,Red-N,1368,1380,17.0,1193.0,3.0,1350.0,0.8837037037037037,CROWDED,157.0,0.0
1098,8.2,Red-N,1368,1380,18.0,1043.8333333333333,3.0,1350.0,0.7732098765432098,BALANCED,306.16666666666674,0.0
1098,8.2,Red-N,1368,1380,19.0,595.6666666666666,3.0,1350.0,0.44123456790123455,BALANCED,754.3333333333334,0.0
1098,8.2,Red-N,1368,1380,20.0,306.8333333333333,3.0,1350.0,0.22728395061728393,BALANCED,1043.1666666666667,0.0
1100,8.2,Red-N,1369,1360,6.0,102.66666666666667,3.0,1350.0,0.07604938271604939,OVERSUPPLY,1247.3333333333333,0.0
1100,8.2,Red-N,1369,1360,7.0,256.6666666666667,3.0,1350.0,0.19012345679012346,OVERSUPPLY,1093.3333333333333,0.0
1100,8.2,Red-N,1369,1360,8.0,384.0,3.0,1350.0,0.28444444444444444,BALANCED,966.0,0.0
1100,8.2,Red-N,1369,1360,9.0,208.83333333333334,3.0,1350.0,0.15469135802469136,OVERSUPPLY,1141.1666666666667,0.0
1100,8.2,Red-N,1369,1360,10.0,104.83333333333333,3.0,1350.0,0.07765432098765432,OVERSUPPLY,1245.1666666666667,0.0
1100,8.2,Red-N,1369,1360,11.0,76.5,3.0,1350.0,0.056666666666666664,OVERSUPPLY,1273.5,0.0
1100,8.2,Red-N,1369,1360,12.0,71.16666666666667,3.0,1350.0,0.052716049382716054,OVERSUPPLY,1278.8333333333333,0.0
1100,8.2,Red-N,1369,1360,13.0,81.66666666666667,3.0,1350.0,0.060493827160493834,OVERSUPPLY,1268.3333333333333,0.0
1100,8.2,Red-N,1369,1360,14.0,84.66666666666667,3.0,1350.0,0.06271604938271605,OVERSUPPLY,1265.3333333333333,0.0
1100,8.2,Red-N,1369,1360,15.0,105.66666666666667,3.0,1350.0,0.07827160493827161,OVERSUPPLY,1244.3333333333333,0.0
1100,8.2,Red-N,1369,1360,16.0,162.0,3.0,1350.0,0.12,OVERSUPPLY,1188.0,0.0
1100,8.2,Red-N,1369,1360,17.0,175.0,3.0,1350.0,0.12962962962962962,OVERSUPPLY,1175.0,0.0
1100,8.2,Red-N,1369,1360,18.0,136.66666666666666,3.0,1350.0,0.10123456790123456,OVERSUPPLY,1213.3333333333333,0.0
1100,8.2,Red-N,1369,1360,19.0,70.5,3.0,1350.0,0.052222222222222225,OVERSUPPLY,1279.5,0.0
1100,8.2,Red-N,1369,1360,20.0,33.166666666666664,3.0,1350.0,0.0245679012345679,OVERSUPPLY,1316.8333333333333,0.0
1102,8.2,Red-N,1370,1361,6.0,26.5,3.0,1350.0,0.01962962962962963,OVERSUPPLY,1323.5,0.0
1102,8.2,Red-N,1370,1361,7.0,141.83333333333334,3.0,1350.0,0.10506172839506174,OVERSUPPLY,1208.1666666666667,0.0
1102,8.2,Red-N,1370,1361,8.0,270.6666666666667,3.0,1350.0,0.20049382716049385,BALANCED,1079.3333333333333,0.0
1102,8.2,Red-N,1370,1361,9.0,233.0,3.0,1350.0,0.1725925925925926,OVERSUPPLY,1117.0,0.0
1102,8.2,Red-N,1370,1361,10.0,151.33333333333334,3.0,1350.0,0.11209876543209878,OVERSUPPLY,1198.6666666666667,0.0
1102,8.2,Red-N,1370,1361,11.0,124.0,3.0,1350.0,0.09185185185185185,OVERSUPPLY,1226.0,0.0
1102,8.2,Red-N,1370,1361,12.0,172.16666666666666,3.0,1350.0,0.12753086419753085,OVERSUPPLY,1177.8333333333333,0.0
1102,8.2,Red-N,1370,1361,13.0,238.0,3.0,1350.0,0.17629629629629628,OVERSUPPLY,1112.0,0.0
1102,8.2,Red-N,1370,1361,14.0,251.66666666666666,3.0,1350.0,0.18641975308641975,OVERSUPPLY,1098.3333333333333,0.0
1102,8.2,Red-N,1370,1361,15.0,435.3333333333333,3.0,1350.0,0.3224691358024691,BALANCED,914.6666666666667,0.0
1102,8.2,Red-N,1370,1361,16.0,755.8333333333334,3.0,1350.0,0.5598765432098766,BALANCED,594.1666666666666,0.0
1102,8.2,Red-N,1370,1361,17.0,1138.6666666666667,3.0,1350.0,0.8434567901234569,CROWDED,211.33333333333326,0.0
1102,8.2,Red-N,1370,1361,18.0,881.8333333333334,3.0,1350.0,0.6532098765432099,BALANCED,468.16666666666663,0.0
1102,8.2,Red-N,1370,1361,19.0,501.3333333333333,3.0,1350.0,0.37135802469135804,BALANCED,848.6666666666667,0.0
1102,8.2,Red-N,1370,1361,20.0,248.0,3.0,1350.0,0.1837037037037037,OVERSUPPLY,1102.0,0.0
1104,8.2,Red-N,1371,1378,6.0,71.0,3.0,1350.0,0.052592592592592594,OVERSUPPLY,1279.0,0.0
1104,8.2,Red-N,1371,1378,7.0,172.33333333333334,3.0,1350.0,0.12765432098765433,OVERSUPPLY,1177.6666666666667,0.0
1104,8.2,Red-N,1371,1378,8.0,321.6666666666667,3.0,1350.0,0.23827160493827163,BALANCED,1028.3333333333333,0.0
1104,8.2,Red-N,1371,1378,9.0,243.33333333333334,3.0,1350.0,0.18024691358024691,OVERSUPPLY,1106.6666666666667,0.0
1104,8.2,Red-N,1371,1378,10.0,139.66666666666666,3.0,1350.0,0.10345679012345678,OVERSUPPLY,1210.3333333333333,0.0
1104,8.2,Red-N,1371,1378,11.0,96.33333333333333,3.0,1350.0,0.07135802469135802,OVERSUPPLY,1253.6666666666667,0.0
1104,8.2,Red-N,1371,1378,12.0,96.33333333333333,3.0,1350.0,0.07135802469135802,OVERSUPPLY,1253.6666666666667,0.0
1104,8.2,Red-N,1371,1378,13.0,61.0,3.0,1350.0,0.04518518518518518,OVERSUPPLY,1289.0,0.0
1104,8.2,Red-N,1371,1378,14.0,68.33333333333333,3.0,1350.0,0.05061728395061728,OVERSUPPLY,1281.6666666666667,0.0
1104,8.2,Red-N,1371,1378,15.0,74.0,3.0,1350.0,0.054814814814814816,OVERSUPPLY,1276.0,0.0
1104,8.2,Red-N,1371,1378,16.0,121.33333333333333,3.0,1350.0,0.08987654320987654,OVERSUPPLY,1228.6666666666667,0.0
1104,8.2,Red-N,1371,1378,17.0,195.66666666666666,3.0,1350.0,0.14493827160493827,OVERSUPPLY,1154.3333333333333,0.0
1104,8.2,Red-N,1371,1378,18.0,211.0,3.0,1350.0,0.1562962962962963,OVERSUPPLY,1139.0,0.0
1104,8.2,Red-N,1371,1378,19.0,111.66666666666667,3.0,1350.0,0.08271604938271605,OVERSUPPLY,1238.3333333333333,0.0
1104,8.2,Red-N,1371,1378,20.0,61.666666666666664,3.0,1350.0,0.04567901234567901,OVERSUPPLY,1288.3333333333333,0.0
1106,8.2,Red-N,1372,1368,6.0,28.166666666666668,3.0,1350.0,0.020864197530864197,OVERSUPPLY,1321.8333333333333,0.0
1106,8.2,Red-N,1372,1368,7.0,117.5,3.0,1350.0,0.08703703703703704,OVERSUPPLY,1232.5,0.0
1106,8.2,Red-N,1372,1368,8.0,195.66666666666666,3.0,1350.0,0.14493827160493827,OVERSUPPLY,1154.3333333333333,0.0
1106,8.2,Red-N,1372,1368,9.0,136.83333333333334,3.0,1350.0,0.10135802469135803,OVERSUPPLY,1213.1666666666667,0.0
1106,8.2,Red-N,1372,1368,10.0,86.16666666666667,3.0,1350.0,0.06382716049382717,OVERSUPPLY,1263.8333333333333,0.0
1106,8.2,Red-N,1372,1368,11.0,78.16666666666667,3.0,1350.0,0.057901234567901236,OVERSUPPLY,1271.8333333333333,0.0
1106,8.2,Red-N,1372,1368,12.0,96.0,3.0,1350.0,0.07111111111111111,OVERSUPPLY,1254.0,0.0
1106,8.2,Red-N,1372,1368,13.0,132.66666666666666,3.0,1350.0,0.0982716049382716,OVERSUPPLY,1217.3333333333333,0.0
1106,8.2,Red-N,1372,1368,14.0,180.83333333333334,3.0,1350.0,0.13395061728395063,OVERSUPPLY,1169.1666666666667,0.0
1106,8.2,Red-N,1372,1368,15.0,299.3333333333333,3.0,1350.0,0.22172839506172837,BALANCED,1050.6666666666667,0.0
1106,8.2,Red-N,1372,1368,16.0,551.3333333333334,3.0,1350.0,0.40839506172839507,BALANCED,798.6666666666666,0.0
1106,8.2,Red-N,1372,1368,17.0,792.3333333333334,3.0,1350.0,0.5869135802469136,BALANCED,557.6666666666666,0.0
1106,8.2,Red-N,1372,1368,18.0,765.3333333333334,3.0,1350.0,0.5669135802469136,BALANCED,584.6666666666666,0.0
1106,8.2,Red-N,1372,1368,19.0,435.6666666666667,3.0,1350.0,0.3227160493827161,BALANCED,914.3333333333333,0.0
1106,8.2,Red-N,1372,1368,20.0,229.33333333333334,3.0,1350.0,0.16987654320987655,OVERSUPPLY,1120.6666666666667,0.0
1108,8.2,Red-N,1373,1374,6.0,6.0,3.0,1350.0,0.0044444444444444444,OVERSUPPLY,1344.0,0.0
1108,8.2,Red-N,1373,1374,7.0,21.833333333333332,3.0,1350.0,0.016172839506172838,OVERSUPPLY,1328.1666666666667,0.0
1108,8.2,Red-N,1373,1374,8.0,24.5,3.0,1350.0,0.01814814814814815,OVERSUPPLY,1325.5,0.0
1108,8.2,Red-N,1373,1374,9.0,16.166666666666668,3.0,1350.0,0.01197530864197531,OVERSUPPLY,1333.8333333333333,0.0
1108,8.2,Red-N,1373,1374,10.0,12.0,3.0,1350.0,0.008888888888888889,OVERSUPPLY,1338.0,0.0
1108,8.2,Red-N,1373,1374,11.0,12.833333333333334,3.0,1350.0,0.009506172839506173,OVERSUPPLY,1337.1666666666667,0.0
1108,8.2,Red-N,1373,1374,12.0,21.166666666666668,3.0,1350.0,0.015679012345679012,OVERSUPPLY,1328.8333333333333,0.0
1108,8.2,Red-N,1373,1374,13.0,33.666666666666664,3.0,1350.0,0.02493827160493827,OVERSUPPLY,1316.3333333333333,0.0
1108,8.2,Red-N,1373,1374,14.0,48.0,3.0,1350.0,0.035555555555555556,OVERSUPPLY,1302.0,0.0
1108,8.2,Red-N,1373,1374,15.0,109.16666666666667,3.0,1350.0,0.0808641975308642,OVERSUPPLY,1240.8333333333333,0.0
1108,8.2,Red-N,1373,1374,16.0,160.5,3.0,1350.0,0.11888888888888889,OVERSUPPLY,1189.5,0.0
1108,8.2,Red-N,1373,1374,17.0,198.5,3.0,1350.0,0.14703703703703705,OVERSUPPLY,1151.5,0.0
1108,8.2,Red-N,1373,1374,18.0,178.0,3.0,1350.0,0.13185185185185186,OVERSUPPLY,1172.0,0.0
1108,8.2,Red-N,1373,1374,19.0,94.5,3.0,1350.0,0.07,OVERSUPPLY,1255.5,0.0
1108,8.2,Red-N,1373,1374,20.0,50.5,3.0,1350.0,0.03740740740740741,OVERSUPPLY,1299.5,0.0
1110,8.2,Red-N,1374,1367,6.0,56.166666666666664,3.0,1350.0,0.041604938271604934,OVERSUPPLY,1293.8333333333333,0.0
1110,8.2,Red-N,1374,1367,7.0,171.5,3.0,1350.0,0.12703703703703703,OVERSUPPLY,1178.5,0.0
1110,8.2,Red-N,1374,1367,8.0,155.16666666666666,3.0,1350.0,0.11493827160493826,OVERSUPPLY,1194.8333333333333,0.0
1110,8.2,Red-N,1374,1367,9.0,114.83333333333333,3.0,1350.0,0.08506172839506172,OVERSUPPLY,1235.1666666666667,0.0
1110,8.2,Red-N,1374,1367,10.0,97.66666666666666,3.0,1350.0,0.07234567901234568,OVERSUPPLY,1252.3333333333333,0.0
1110,8.2,Red-N,1374,1367,11.0,111.83333333333333,3.0,1350.0,0.0828395061728395,OVERSUPPLY,1238.1666666666667,0.0
1110,8.2,Red-N,1374,1367,12.0,171.33333333333334,3.0,1350.0,0.1269135802469136,OVERSUPPLY,1178.6666666666667,0.0
1110,8.2,Red-N,1374,1367,13.0,224.5,3.0,1350.0,0.1662962962962963,OVERSUPPLY,1125.5,0.0
1110,8.2,Red-N,1374,1367,14.0,339.3333333333333,3.0,1350.0,0.251358024691358,BALANCED,1010.6666666666667,0.0
1110,8.2,Red-N,1374,1367,15.0,639.1666666666666,3.0,1350.0,0.47345679012345676,BALANCED,710.8333333333334,0.0
1110,8.2,Red-N,1374,1367,16.0,948.8333333333334,3.0,1350.0,0.7028395061728395,BALANCED,401.16666666666663,0.0
1110,8.2,Red-N,1374,1367,17.0,1171.5,3.0,1350.0,0.8677777777777778,CROWDED,178.5,0.0
1110,8.2,Red-N,1374,1367,18.0,905.6666666666666,3.0,1350.0,0.6708641975308641,BALANCED,444.33333333333337,0.0
1110,8.2,Red-N,1374,1367,19.0,478.5,3.0,1350.0,0.35444444444444445,BALANCED,871.5,0.0
1110,8.2,Red-N,1374,1367,20.0,258.8333333333333,3.0,1350.0,0.19172839506172837,OVERSUPPLY,1091.1666666666667,0.0
1112,8.2,Red-N,1375,1372,6.0,497.8333333333333,3.0,1350.0,0.36876543209876544,BALANCED,852.1666666666667,0.0
1112,8.2,Red-N,1375,1372,7.0,1354.6666666666667,3.0,1350.0,1.0034567901234568,UNDERSUPPLY,0.0,4.6666666666667425
1112,8.2,Red-N,1375,1372,8.0,2686.6666666666665,3.0,1350.0,1.9901234567901234,UNDERSUPPLY,0.0,1336.6666666666665
1112,8.2,Red-N,1375,1372,9.0,1819.0,3.0,1350.0,1.3474074074074074,UNDERSUPPLY,0.0,469.0
1112,8.2,Red-N,1375,1372,10.0,905.0,3.0,1350.0,0.6703703703703704,BALANCED,445.0,0.0
1112,8.2,Red-N,1375,1372,11.0,640.3333333333334,3.0,1350.0,0.474320987654321,BALANCED,709.6666666666666,0.0
1112,8.2,Red-N,1375,1372,12.0,704.1666666666666,3.0,1350.0,0.5216049382716049,BALANCED,645.8333333333334,0.0
1112,8.2,Red-N,1375,1372,13.0,695.6666666666666,3.0,1350.0,0.5153086419753086,BALANCED,654.3333333333334,0.0
1112,8.2,Red-N,1375,1372,14.0,900.5,3.0,1350.0,0.667037037037037,BALANCED,449.5,0.0
1112,8.2,Red-N,1375,1372,15.0,1229.3333333333333,3.0,1350.0,0.9106172839506173,CROWDED,120.66666666666674,0.0
1112,8.2,Red-N,1375,1372,16.0,2007.8333333333333,3.0,1350.0,1.487283950617284,UNDERSUPPLY,0.0,657.8333333333333
1112,8.2,Red-N,1375,1372,17.0,2839.6666666666665,3.0,1350.0,2.103456790123457,UNDERSUPPLY,0.0,1489.6666666666665
1112,8.2,Red-N,1375,1372,18.0,2427.8333333333335,3.0,1350.0,1.7983950617283953,UNDERSUPPLY,0.0,1077.8333333333335
1112,8.2,Red-N,1375,1372,19.0,1404.0,3.0,1350.0,1.04,UNDERSUPPLY,0.0,54.0
1112,8.2,Red-N,1375,1372,20.0,757.0,3.0,1350.0,0.5607407407407408,BALANCED,593.0,0.0
1115,8.2,Red-N,1377,1379,6.0,84.16666666666667,3.0,1350.0,0.06234567901234568,OVERSUPPLY,1265.8333333333333,0.0
1115,8.2,Red-N,1377,1379,7.0,202.66666666666666,3.0,1350.0,0.15012345679012346,OVERSUPPLY,1147.3333333333333,0.0
1115,8.2,Red-N,1377,1379,8.0,365.0,3.0,1350.0,0.27037037037037037,BALANCED,985.0,0.0
1115,8.2,Red-N,1377,1379,9.0,261.5,3.0,1350.0,0.1937037037037037,OVERSUPPLY,1088.5,0.0
1115,8.2,Red-N,1377,1379,10.0,135.16666666666666,3.0,1350.0,0.10012345679012345,OVERSUPPLY,1214.8333333333333,0.0
1115,8.2,Red-N,1377,1379,11.0,97.16666666666667,3.0,1350.0,0.07197530864197531,OVERSUPPLY,1252.8333333333333,0.0
1115,8.2,Red-N,1377,1379,12.0,88.16666666666666,3.0,1350.0,0.06530864197530864,OVERSUPPLY,1261.8333333333333,0.0
1115,8.2,Red-N,1377,1379,13.0,59.666666666666664,3.0,1350.0,0.04419753086419753,OVERSUPPLY,1290.3333333333333,0.0
1115,8.2,Red-N,1377,1379,14.0,63.666666666666664,3.0,1350.0,0.04716049382716049,OVERSUPPLY,1286.3333333333333,0.0
1115,8.2,Red-N,1377,1379,15.0,85.0,3.0,1350.0,0.06296296296296296,OVERSUPPLY,1265.0,0.0
1115,8.2,Red-N,1377,1379,16.0,131.5,3.0,1350.0,0.0974074074074074,OVERSUPPLY,1218.5,0.0
1115,8.2,Red-N,1377,1379,17.0,207.16666666666666,3.0,1350.0,0.15345679012345678,OVERSUPPLY,1142.8333333333333,0.0
1115,8.2,Red-N,1377,1379,18.0,213.16666666666666,3.0,1350.0,0.15790123456790123,OVERSUPPLY,1136.8333333333333,0.0
1115,8.2,Red-N,1377,1379,19.0,116.83333333333333,3.0,1350.0,0.08654320987654321,OVERSUPPLY,1233.1666666666667,0.0
1115,8.2,Red-N,1377,1379,20.0,59.333333333333336,3.0,1350.0,0.04395061728395062,OVERSUPPLY,1290.6666666666667,0.0
1117,8.2,Red-N,1378,1377,6.0,61.666666666666664,3.0,1350.0,0.04567901234567901,OVERSUPPLY,1288.3333333333333,0.0
1117,8.2,Red-N,1378,1377,7.0,156.0,3.0,1350.0,0.11555555555555555,OVERSUPPLY,1194.0,0.0
1117,8.2,Red-N,1378,1377,8.0,296.5,3.0,1350.0,0.21962962962962962,BALANCED,1053.5,0.0
1117,8.2,Red-N,1378,1377,9.0,220.66666666666666,3.0,1350.0,0.1634567901234568,OVERSUPPLY,1129.3333333333333,0.0
1117,8.2,Red-N,1378,1377,10.0,118.66666666666667,3.0,1350.0,0.08790123456790123,OVERSUPPLY,1231.3333333333333,0.0
1117,8.2,Red-N,1378,1377,11.0,82.33333333333333,3.0,1350.0,0.06098765432098765,OVERSUPPLY,1267.6666666666667,0.0
1117,8.2,Red-N,1378,1377,12.0,78.16666666666667,3.0,1350.0,0.057901234567901236,OVERSUPPLY,1271.8333333333333,0.0
1117,8.2,Red-N,1378,1377,13.0,46.666666666666664,3.0,1350.0,0.0345679012345679,OVERSUPPLY,1303.3333333333333,0.0
1117,8.2,Red-N,1378,1377,14.0,54.333333333333336,3.0,1350.0,0.040246913580246915,OVERSUPPLY,1295.6666666666667,0.0
1117,8.2,Red-N,1378,1377,15.0,59.833333333333336,3.0,1350.0,0.04432098765432099,OVERSUPPLY,1290.1666666666667,0.0
1117,8.2,Red-N,1378,1377,16.0,97.66666666666667,3.0,1350.0,0.07234567901234568,OVERSUPPLY,1252.3333333333333,0.0
1117,8.2,Red-N,1378,1377,17.0,160.33333333333334,3.0,1350.0,0.11876543209876544,OVERSUPPLY,1189.6666666666667,0.0
1117,8.2,Red-N,1378,1377,18.0,176.33333333333334,3.0,1350.0,0.13061728395061728,OVERSUPPLY,1173.6666666666667,0.0
1117,8.2,Red-N,1378,1377,19.0,96.33333333333333,3.0,1350.0,0.07135802469135802,OVERSUPPLY,1253.6666666666667,0.0
1117,8.2,Red-N,1378,1377,20.0,49.166666666666664,3.0,1350.0,0.03641975308641975,OVERSUPPLY,1300.8333333333333,0.0
1120,8.2,Red-N,1379,1364,6.0,131.16666666666666,3.0,1350.0,0.0971604938271605,OVERSUPPLY,1218.8333333333333,0.0
1120,8.2,Red-N,1379,1364,7.0,329.8333333333333,3.0,1350.0,0.24432098765432098,BALANCED,1020.1666666666667,0.0
1120,8.2,Red-N,1379,1364,8.0,578.3333333333334,3.0,1350.0,0.4283950617283951,BALANCED,771.6666666666666,0.0
1120,8.2,Red-N,1379,1364,9.0,409.6666666666667,3.0,1350.0,0.3034567901234568,BALANCED,940.3333333333333,0.0
1120,8.2,Red-N,1379,1364,10.0,252.5,3.0,1350.0,0.18703703703703703,OVERSUPPLY,1097.5,0.0
1120,8.2,Red-N,1379,1364,11.0,236.5,3.0,1350.0,0.1751851851851852,OVERSUPPLY,1113.5,0.0
1120,8.2,Red-N,1379,1364,12.0,226.66666666666666,3.0,1350.0,0.16790123456790124,OVERSUPPLY,1123.3333333333333,0.0
1120,8.2,Red-N,1379,1364,13.0,223.0,3.0,1350.0,0.16518518518518518,OVERSUPPLY,1127.0,0.0
1120,8.2,Red-N,1379,1364,14.0,240.83333333333334,3.0,1350.0,0.17839506172839506,OVERSUPPLY,1109.1666666666667,0.0
1120,8.2,Red-N,1379,1364,15.0,247.16666666666666,3.0,1350.0,0.1830864197530864,OVERSUPPLY,1102.8333333333333,0.0
1120,8.2,Red-N,1379,1364,16.0,352.6666666666667,3.0,1350.0,0.26123456790123456,BALANCED,997.3333333333333,0.0
1120,8.2,Red-N,1379,1364,17.0,445.5,3.0,1350.0,0.33,BALANCED,904.5,0.0
1120,8.2,Red-N,1379,1364,18.0,435.1666666666667,3.0,1350.0,0.3223456790123457,BALANCED,914.8333333333333,0.0
1120,8.2,Red-N,1379,1364,19.0,250.33333333333334,3.0,1350.0,0.1854320987654321,OVERSUPPLY,1099.6666666666667,0.0
1120,8.2,Red-N,1379,1364,20.0,160.66666666666666,3.0,1350.0,0.11901234567901234,OVERSUPPLY,1189.3333333333333,0.0
1122,8.2,Red-N,1380,1357,6.0,46.0,3.0,1350.0,0.034074074074074076,OVERSUPPLY,1304.0,0.0
1122,8.2,Red-N,1380,1357,7.0,209.33333333333334,3.0,1350.0,0.15506172839506174,OVERSUPPLY,1140.6666666666667,0.0
1122,8.2,Red-N,1380,1357,8.0,378.8333333333333,3.0,1350.0,0.28061728395061725,BALANCED,971.1666666666667,0.0
1122,8.2,Red-N,1380,1357,9.0,299.8333333333333,3.0,1350.0,0.22209876543209875,BALANCED,1050.1666666666667,0.0
1122,8.2,Red-N,1380,1357,10.0,191.83333333333334,3.0,1350.0,0.14209876543209876,OVERSUPPLY,1158.1666666666667,0.0
1122,8.2,Red-N,1380,1357,11.0,168.5,3.0,1350.0,0.12481481481481481,OVERSUPPLY,1181.5,0.0
1122,8.2,Red-N,1380,1357,12.0,224.83333333333334,3.0,1350.0,0.16654320987654322,OVERSUPPLY,1125.1666666666667,0.0
1122,8.2,Red-N,1380,1357,13.0,322.0,3.0,1350.0,0.23851851851851852,BALANCED,1028.0,0.0
1122,8.2,Red-N,1380,1357,14.0,373.0,3.0,1350.0,0.2762962962962963,BALANCED,977.0,0.0
1122,8.2,Red-N,1380,1357,15.0,622.8333333333334,3.0,1350.0,0.46135802469135806,BALANCED,727.1666666666666,0.0
1122,8.2,Red-N,1380,1357,16.0,1127.0,3.0,1350.0,0.8348148148148148,CROWDED,223.0,0.0
1122,8.2,Red-N,1380,1357,17.0,1646.6666666666667,3.0,1350.0,1.2197530864197532,UNDERSUPPLY,0.0,296.66666666666674
1122,8.2,Red-N,1380,1357,18.0,1399.1666666666667,3.0,1350.0,1.0364197530864199,UNDERSUPPLY,0.0,49.16666666666674
1122,8.2,Red-N,1380,1357,19.0,801.1666666666666,3.0,1350.0,0.5934567901234568,BALANCED,548.8333333333334,0.0
1122,8.2,Red-N,1380,1357,20.0,414.3333333333333,3.0,1350.0,0.30691358024691356,BALANCED,935.6666666666667,0.0
