link_id,directed_route_id,route_short_name,from_node_id,to_node_id,hour,load,num_trips,period_capacity,vc,state,empty_seats,excess_riders
382,1.1,Yellow-S,1001,1073,5.0,261.6666666666667,6.0,4500.0,0.05814814814814815,OVERSUPPLY,4238.333333333333,0.0
382,1.1,Yellow-S,1001,1073,6.0,946.1666666666666,6.0,4500.0,0.21025925925925926,BALANCED,3553.8333333333335,0.0
382,1.1,Yellow-S,1001,1073,7.0,1360.1666666666667,6.0,4500.0,0.3022592592592593,BALANCED,3139.833333333333,0.0
382,1.1,Yellow-S,1001,1073,8.0,1629.6666666666667,6.0,4500.0,0.36214814814814816,BALANCED,2870.333333333333,0.0
382,1.1,Yellow-S,1001,1073,9.0,978.8333333333334,6.0,4500.0,0.21751851851851853,BALANCED,3521.1666666666665,0.0
382,1.1,Yellow-S,1001,1073,10.0,507.6666666666667,6.0,4500.0,0.11281481481481481,OVERSUPPLY,3992.3333333333335,0.0
382,1.1,Yellow-S,1001,1073,11.0,393.6666666666667,6.0,4500.0,0.08748148148148148,OVERSUPPLY,4106.333333333333,0.0
382,1.1,Yellow-S,1001,1073,12.0,343.6666666666667,6.0,4500.0,0.07637037037037038,OVERSUPPLY,4156.333333333333,0.0
382,1.1,Yellow-S,1001,1073,13.0,307.0,6.0,4500.0,0.06822222222222223,OVERSUPPLY,4193.0,0.0
382,1.1,Yellow-S,1001,1073,14.0,300.3333333333333,6.0,4500.0,0.06674074074074074,OVERSUPPLY,4199.666666666667,0.0
382,1.1,Yellow-S,1001,1073,15.0,322.6666666666667,6.0,4500.0,0.07170370370370371,OVERSUPPLY,4177.333333333333,0.0
382,1.1,Yellow-S,1001,1073,16.0,456.6666666666667,6.0,4500.0,0.10148148148148149,OVERSUPPLY,4043.3333333333335,0.0
382,1.1,Yellow-S,1001,1073,17.0,516.0,6.0,4500.0,0.11466666666666667,OVERSUPPLY,3984.0,0.0
382,1.1,Yellow-S,1001,1073,18.0,373.0,6.0,4500.0,0.08288888888888889,OVERSUPPLY,4127.0,0.0
382,1.1,Yellow-S,1001,1073,19.0,227.33333333333334,6.0,4500.0,0.05051851851851852,OVERSUPPLY,4272.666666666667,0.0
382,1.1,Yellow-S,1001,1073,20.0,114.83333333333333,6.0,4500.0,0.025518518518518517,OVERSUPPLY,4385.166666666667,0.0
382,1.1,Yellow-S,1001,1073,21.0,114.16666666666667,4.0,3000.0,0.03805555555555556,OVERSUPPLY,2885.8333333333335,0.0
382,1.1,Yellow-S,1001,1073,22.0,85.0,3.0,2250.0,0.03777777777777778,OVERSUPPLY,2165.0,0.0
382,1.1,Yellow-S,1001,1073,23.0,38.333333333333336,3.0,2250.0,0.017037037037037038,OVERSUPPLY,2211.6666666666665,0.0
384,1.1,Yellow-S,1002,1074,5.0,120.5,6.0,4500.0,0.02677777777777778,OVERSUPPLY,4379.5,0.0
384,1.1,Yellow-S,1002,1074,6.0,345.1666666666667,6.0,4500.0,0.0767037037037037,OVERSUPPLY,4154.833333333333,0.0
384,1.1,Yellow-S,1002,1074,7.0,659.0,6.0,4500.0,0.14644444444444443,OVERSUPPLY,3841.0,0.0
384,1.1,Yellow-S,1002,1074,8.0,940.5,6.0,4500.0,0.209,BALANCED,3559.5,0.0
384,1.1,Yellow-S,1002,1074,9.0,590.6666666666666,6.0,4500.0,0.13125925925925924,OVERSUPPLY,3909.3333333333335,0.0
384,1.1,Yellow-S,1002,1074,10.0,316.0,6.0,4500.0,0.07022222222222223,OVERSUPPLY,4184.0,0.0
384,1.1,Yellow-S,1002,1074,11.0,249.16666666666666,6.0,4500.0,0.05537037037037037,OVERSUPPLY,4250.833333333333,0.0
384,1.1,Yellow-S,1002,1074,12.0,228.33333333333334,6.0,4500.0,0.050740740740740746,OVERSUPPLY,4271.666666666667,0.0
384,1.1,Yellow-S,1002,1074,13.0,214.33333333333334,6.0,4500.0,0.04762962962962963,OVERSUPPLY,4285.666666666667,0.0
384,1.1,Yellow-S,1002,1074,14.0,203.66666666666666,6.0,4500.0,0.045259259259259256,OVERSUPPLY,4296.333333333333,0.0
384,1.1,Yellow-S,1002,1074,15.0,227.83333333333334,6.0,4500.0,0.05062962962962963,OVERSUPPLY,4272.166666666667,0.0
384,1.1,Yellow-S,1002,1074,16.0,311.8333333333333,6.0,4500.0,0.06929629629629629,OVERSUPPLY,4188.166666666667,0.0
384,1.1,Yellow-S,1002,1074,17.0,383.0,6.0,4500.0,0.08511111111111111,OVERSUPPLY,4117.0,0.0
384,1.1,Yellow-S,1002,1074,18.0,301.0,6.0,4500.0,0.06688888888888889,OVERSUPPLY,4199.0,0.0
384,1.1,Yellow-S,1002,1074,19.0,184.66666666666666,6.0,4500.0,0.04103703703703703,OVERSUPPLY,4315.333333333333,0.0
384,1.1,Yellow-S,1002,1074,20.0,79.66666666666667,6.0,4500.0,0.017703703703703704,OVERSUPPLY,4420.333333333333,0.0
384,1.1,Yellow-S,1002,1074,21.0,78.33333333333333,4.0,3000.0,0.02611111111111111,OVERSUPPLY,2921.6666666666665,0.0
384,1.1,Yellow-S,1002,1074,22.0,60.333333333333336,3.0,2250.0,0.026814814814814816,OVERSUPPLY,2189.6666666666665,0.0
384,1.1,Yellow-S,1002,1074,23.0,29.166666666666668,3.0,2250.0,0.012962962962962964,OVERSUPPLY,2220.8333333333335,0.0
386,1.1,Yellow-S,1003,1075,5.0,97.83333333333333,6.0,4500.0,0.02174074074074074,OVERSUPPLY,4402.166666666667,0.0
386,1.1,Yellow-S,1003,1075,6.0,326.6666666666667,6.0,4500.0,0.0725925925925926,OVERSUPPLY,4173.333333333333,0.0
386,1.1,Yellow-S,1003,1075,7.0,483.8333333333333,6.0,4500.0,0.10751851851851851,OVERSUPPLY,4016.1666666666665,0.0
386,1.1,Yellow-S,1003,1075,8.0,480.6666666666667,6.0,4500.0,0.10681481481481482,OVERSUPPLY,4019.3333333333335,0.0
386,1.1,Yellow-S,1003,1075,9.0,276.6666666666667,6.0,4500.0,0.061481481481481484,OVERSUPPLY,4223.333333333333,0.0
386,1.1,Yellow-S,1003,1075,10.0,139.33333333333334,6.0,4500.0,0.030962962962962966,OVERSUPPLY,4360.666666666667,0.0
386,1.1,Yellow-S,1003,1075,11.0,108.66666666666667,6.0,4500.0,0.024148148148148148,OVERSUPPLY,4391.333333333333,0.0
386,1.1,Yellow-S,1003,1075,12.0,81.16666666666667,6.0,4500.0,0.01803703703703704,OVERSUPPLY,4418.833333333333,0.0
386,1.1,Yellow-S,1003,1075,13.0,66.0,6.0,4500.0,0.014666666666666666,OVERSUPPLY,4434.0,0.0
386,1.1,Yellow-S,1003,1075,14.0,69.83333333333333,6.0,4500.0,0.015518518518518518,OVERSUPPLY,4430.166666666667,0.0
386,1.1,Yellow-S,1003,1075,15.0,73.16666666666667,6.0,4500.0,0.01625925925925926,OVERSUPPLY,4426.833333333333,0.0
386,1.1,Yellow-S,1003,1075,16.0,130.0,6.0,4500.0,0.028888888888888888,OVERSUPPLY,4370.0,0.0
386,1.1,Yellow-S,1003,1075,17.0,117.66666666666667,6.0,4500.0,0.02614814814814815,OVERSUPPLY,4382.333333333333,0.0
386,1.1,Yellow-S,1003,1075,18.0,60.333333333333336,6.0,4500.0,0.013407407407407408,OVERSUPPLY,4439.666666666667,0.0
386,1.1,Yellow-S,1003,1075,19.0,34.333333333333336,6.0,4500.0,0.00762962962962963,OVERSUPPLY,4465.666666666667,0.0
386,1.1,Yellow-S,1003,1075,20.0,24.5,6.0,4500.0,0.0054444444444444445,OVERSUPPLY,4475.5,0.0
386,1.1,Yellow-S,1003,1075,21.0,20.666666666666668,4.0,3000.0,0.00688888888888889,OVERSUPPLY,2979.3333333333335,0.0
386,1.1,Yellow-S,1003,1075,22.0,15.166666666666666,3.0,2250.0,0.006740740740740741,OVERSUPPLY,2234.8333333333335,0.0
386,1.1,Yellow-S,1003,1075,23.0,5.833333333333333,3.0,2250.0,0.0025925925925925925,OVERSUPPLY,2244.1666666666665,0.0
388,1.1,Yellow-S,1004,1010,5.0,32.833333333333336,6.0,4500.0,0.007296296296296297,OVERSUPPLY,4467.166666666667,0.0
388,1.1,Yellow-S,1004,1010,6.0,310.8333333333333,6.0,4500.0,0.06907407407407407,OVERSUPPLY,4189.166666666667,0.0
388,1.1,Yellow-S,1004,1010,7.0,440.1666666666667,6.0,4500.0,0.09781481481481481,OVERSUPPLY,4059.8333333333335,0.0
388,1.1,Yellow-S,1004,1010,8.0,516.3333333333334,6.0,4500.0,0.11474074074074075,OVERSUPPLY,3983.6666666666665,0.0
388,1.1,Yellow-S,1004,1010,9.0,354.0,6.0,4500.0,0.07866666666666666,OVERSUPPLY,4146.0,0.0
388,1.1,Yellow-S,1004,1010,10.0,254.16666666666666,6.0,4500.0,0.05648148148148148,OVERSUPPLY,4245.833333333333,0.0
388,1.1,Yellow-S,1004,1010,11.0,253.66666666666666,6.0,4500.0,0.05637037037037037,OVERSUPPLY,4246.333333333333,0.0
388,1.1,Yellow-S,1004,1010,12.0,248.5,6.0,4500.0,0.05522222222222222,OVERSUPPLY,4251.5,0.0
388,1.1,Yellow-S,1004,1010,13.0,256.6666666666667,6.0,4500.0,0.05703703703703704,OVERSUPPLY,4243.333333333333,0.0
388,1.1,Yellow-S,1004,1010,14.0,366.1666666666667,6.0,4500.0,0.08137037037037037,OVERSUPPLY,4133.833333333333,0.0
388,1.1,Yellow-S,1004,1010,15.0,485.3333333333333,6.0,4500.0,0.10785185185185185,OVERSUPPLY,4014.6666666666665,0.0
388,1.1,Yellow-S,1004,1010,16.0,655.1666666666666,6.0,4500.0,0.14559259259259258,OVERSUPPLY,3844.8333333333335,0.0
388,1.1,Yellow-S,1004,1010,17.0,987.0,6.0,4500.0,0.21933333333333332,BALANCED,3513.0,0.0
388,1.1,Yellow-S,1004,1010,18.0,660.0,6.0,4500.0,0.14666666666666667,OVERSUPPLY,3840.0,0.0
388,1.1,Yellow-S,1004,1010,19.0,371.3333333333333,6.0,4500.0,0.08251851851851852,OVERSUPPLY,4128.666666666667,0.0
388,1.1,Yellow-S,1004,1010,20.0,225.66666666666666,6.0,4500.0,0.05014814814814814,OVERSUPPLY,4274.333333333333,0.0
388,1.1,Yellow-S,1004,1010,21.0,160.5,4.0,3000.0,0.0535,OVERSUPPLY,2839.5,0.0
388,1.1,Yellow-S,1004,1010,22.0,192.66666666666666,3.0,2250.0,0.08562962962962962,OVERSUPPLY,2057.3333333333335,0.0
388,1.1,Yellow-S,1004,1010,23.0,109.5,3.0,2250.0,0.048666666666666664,OVERSUPPLY,2140.5,0.0
390,1.1,Yellow-S,1005,1011,5.0,28.166666666666668,6.0,4500.0,0.0062592592592592596,OVERSUPPLY,4471.833333333333,0.0
390,1.1,Yellow-S,1005,1011,6.0,160.16666666666666,6.0,4500.0,0.03559259259259259,OVERSUPPLY,4339.833333333333,0.0
390,1.1,Yellow-S,1005,1011,7.0,302.8333333333333,6.0,4500.0,0.0672962962962963,OVERSUPPLY,4197.166666666667,0.0
390,1.1,Yellow-S,1005,1011,8.0,395.8333333333333,6.0,4500.0,0.08796296296296297,OVERSUPPLY,4104.166666666667,0.0
390,1.1,Yellow-S,1005,1011,9.0,263.8333333333333,6.0,4500.0,0.05862962962962963,OVERSUPPLY,4236.166666666667,0.0
390,1.1,Yellow-S,1005,1011,10.0,194.0,6.0,4500.0,0.043111111111111114,OVERSUPPLY,4306.0,0.0
390,1.1,Yellow-S,1005,1011,11.0,201.83333333333334,6.0,4500.0,0.04485185185185185,OVERSUPPLY,4298.166666666667,0.0
390,1.1,Yellow-S,1005,1011,12.0,209.16666666666666,6.0,4500.0,0.04648148148148148,OVERSUPPLY,4290.833333333333,0.0
390,1.1,Yellow-S,1005,1011,13.0,223.66666666666666,6.0,4500.0,0.0497037037037037,OVERSUPPLY,4276.333333333333,0.0
390,1.1,Yellow-S,1005,1011,14.0,334.1666666666667,6.0,4500.0,0.07425925925925926,OVERSUPPLY,4165.833333333333,0.0
390,1.1,Yellow-S,1005,1011,15.0,460.1666666666667,6.0,4500.0,0.10225925925925926,OVERSUPPLY,4039.8333333333335,0.0
390,1.1,Yellow-S,1005,1011,16.0,626.6666666666666,6.0,4500.0,0.13925925925925925,OVERSUPPLY,3873.3333333333335,0.0
390,1.1,Yellow-S,1005,1011,17.0,950.5,6.0,4500.0,0.21122222222222223,BALANCED,3549.5,0.0
390,1.1,Yellow-S,1005,1011,18.0,628.6666666666666,6.0,4500.0,0.1397037037037037,OVERSUPPLY,3871.3333333333335,0.0
390,1.1,Yellow-S,1005,1011,19.0,346.5,6.0,4500.0,0.077,OVERSUPPLY,4153.5,0.0
390,1.1,Yellow-S,1005,1011,20.0,201.66666666666666,6.0,4500.0,0.044814814814814814,OVERSUPPLY,4298.333333333333,0.0
390,1.1,Yellow-S,1005,1011,21.0,146.16666666666666,4.0,3000.0,0.04872222222222222,OVERSUPPLY,2853.8333333333335,0.0
390,1.1,Yellow-S,1005,1011,22.0,177.16666666666666,3.0,2250.0,0.07874074074074074,OVERSUPPLY,2072.8333333333335,0.0
390,1.1,Yellow-S,1005,1011,23.0,105.83333333333333,3.0,2250.0,0.04703703703703704,OVERSUPPLY,2144.1666666666665,0.0
392,1.1,Yellow-S,1006,1012,5.0,4.0,6.0,4500.0,0.0008888888888888889,OVERSUPPLY,4496.0,0.0
392,1.1,Yellow-S,1006,1012,6.0,59.33333333333333,6.0,4500.0,0.013185185185185183,OVERSUPPLY,4440.666666666667,0.0
392,1.1,Yellow-S,1006,1012,7.0,72.0,6.0,4500.0,0.016,OVERSUPPLY,4428.0,0.0
392,1.1,Yellow-S,1006,1012,8.0,54.833333333333336,6.0,4500.0,0.012185185185185186,OVERSUPPLY,4445.166666666667,0.0
392,1.1,Yellow-S,1006,1012,9.0,40.333333333333336,6.0,4500.0,0.008962962962962964,OVERSUPPLY,4459.666666666667,0.0
392,1.1,Yellow-S,1006,1012,10.0,31.666666666666668,6.0,4500.0,0.007037037037037037,OVERSUPPLY,4468.333333333333,0.0
392,1.1,Yellow-S,1006,1012,11.0,28.0,6.0,4500.0,0.006222222222222222,OVERSUPPLY,4472.0,0.0
392,1.1,Yellow-S,1006,1012,12.0,17.666666666666668,6.0,4500.0,0.0039259259259259265,OVERSUPPLY,4482.333333333333,0.0
392,1.1,Yellow-S,1006,1012,13.0,12.666666666666666,6.0,4500.0,0.0028148148148148147,OVERSUPPLY,4487.333333333333,0.0
392,1.1,Yellow-S,1006,1012,14.0,14.5,6.0,4500.0,0.0032222222222222222,OVERSUPPLY,4485.5,0.0
392,1.1,Yellow-S,1006,1012,15.0,10.5,6.0,4500.0,0.0023333333333333335,OVERSUPPLY,4489.5,0.0
392,1.1,Yellow-S,1006,1012,16.0,15.166666666666666,6.0,4500.0,0.0033703703703703704,OVERSUPPLY,4484.833333333333,0.0
392,1.1,Yellow-S,1006,1012,17.0,23.833333333333332,6.0,4500.0,0.005296296296296296,OVERSUPPLY,4476.166666666667,0.0
392,1.1,Yellow-S,1006,1012,18.0,15.5,6.0,4500.0,0.0034444444444444444,OVERSUPPLY,4484.5,0.0
392,1.1,Yellow-S,1006,1012,19.0,13.333333333333332,6.0,4500.0,0.002962962962962963,OVERSUPPLY,4486.666666666667,0.0
392,1.1,Yellow-S,1006,1012,20.0,12.666666666666666,6.0,4500.0,0.0028148148148148147,OVERSUPPLY,4487.333333333333,0.0
392,1.1,Yellow-S,1006,1012,21.0,7.166666666666666,4.0,3000.0,0.0023888888888888887,OVERSUPPLY,2992.8333333333335,0.0
392,1.1,Yellow-S,1006,1012,22.0,6.0,3.0,2250.0,0.0026666666666666666,OVERSUPPLY,2244.0,0.0
392,1.1,Yellow-S,1006,1012,23.0,0.6666666666666666,3.0,2250.0,0.0002962962962962963,OVERSUPPLY,2249.3333333333335,0.0
394,1.1,Yellow-S,1007,1001,5.0,291.3333333333333,6.0,4500.0,0.06474074074074074,OVERSUPPLY,4208.666666666667,0.0
394,1.1,Yellow-S,1007,1001,6.0,1058.5,6.0,4500.0,0.23522222222222222,BALANCED,3441.5,0.0
394,1.1,Yellow-S,1007,1001,7.0,1556.6666666666667,6.0,4500.0,0.34592592592592597,BALANCED,2943.333333333333,0.0
394,1.1,Yellow-S,1007,1001,8.0,1798.8333333333333,6.0,4500.0,0.39974074074074073,BALANCED,2701.166666666667,0.0
394,1.1,Yellow-S,1007,1001,9.0,1047.5,6.0,4500.0,0.23277777777777778,BALANCED,3452.5,0.0
394,1.1,Yellow-S,1007,1001,10.0,563.6666666666666,6.0,4500.0,0.12525925925925926,OVERSUPPLY,3936.3333333333335,0.0
394,1.1,Yellow-S,1007,1001,11.0,449.5,6.0,4500.0,0.09988888888888889,OVERSUPPLY,4050.5,0.0
394,1.1,Yellow-S,1007,1001,12.0,393.6666666666667,6.0,4500.0,0.08748148148148148,OVERSUPPLY,4106.333333333333,0.0
394,1.1,Yellow-S,1007,1001,13.0,358.6666666666667,6.0,4500.0,0.07970370370370371,OVERSUPPLY,4141.333333333333,0.0
394,1.1,Yellow-S,1007,1001,14.0,384.6666666666667,6.0,4500.0,0.08548148148148149,OVERSUPPLY,4115.333333333333,0.0
394,1.1,Yellow-S,1007,1001,15.0,416.8333333333333,6.0,4500.0,0.09262962962962963,OVERSUPPLY,4083.1666666666665,0.0
394,1.1,Yellow-S,1007,1001,16.0,620.5,6.0,4500.0,0.1378888888888889,OVERSUPPLY,3879.5,0.0
394,1.1,Yellow-S,1007,1001,17.0,676.5,6.0,4500.0,0.15033333333333335,OVERSUPPLY,3823.5,0.0
394,1.1,Yellow-S,1007,1001,18.0,502.0,6.0,4500.0,0.11155555555555556,OVERSUPPLY,3998.0,0.0
394,1.1,Yellow-S,1007,1001,19.0,302.0,6.0,4500.0,0.06711111111111111,OVERSUPPLY,4198.0,0.0
394,1.1,Yellow-S,1007,1001,20.0,157.33333333333334,6.0,4500.0,0.034962962962962967,OVERSUPPLY,4342.666666666667,0.0
394,1.1,Yellow-S,1007,1001,21.0,145.83333333333334,4.0,3000.0,0.04861111111111111,OVERSUPPLY,2854.1666666666665,0.0
394,1.1,Yellow-S,1007,1001,22.0,105.66666666666667,3.0,2250.0,0.04696296296296296,OVERSUPPLY,2144.3333333333335,0.0
394,1.1,Yellow-S,1007,1001,23.0,54.83333333333333,3.0,2250.0,0.02437037037037037,OVERSUPPLY,2195.1666666666665,0.0
396,1.1,Yellow-S,1008,1002,5.0,126.16666666666666,6.0,4500.0,0.028037037037037034,OVERSUPPLY,4373.833333333333,0.0
396,1.1,Yellow-S,1008,1002,6.0,376.6666666666667,6.0,4500.0,0.08370370370370371,OVERSUPPLY,4123.333333333333,0.0
396,1.1,Yellow-S,1008,1002,7.0,740.3333333333334,6.0,4500.0,0.16451851851851854,OVERSUPPLY,3759.6666666666665,0.0
396,1.1,Yellow-S,1008,1002,8.0,1006.5,6.0,4500.0,0.22366666666666668,BALANCED,3493.5,0.0
396,1.1,Yellow-S,1008,1002,9.0,614.0,6.0,4500.0,0.13644444444444445,OVERSUPPLY,3886.0,0.0
396,1.1,Yellow-S,1008,1002,10.0,340.8333333333333,6.0,4500.0,0.07574074074074073,OVERSUPPLY,4159.166666666667,0.0
396,1.1,Yellow-S,1008,1002,11.0,280.1666666666667,6.0,4500.0,0.062259259259259264,OVERSUPPLY,4219.833333333333,0.0
396,1.1,Yellow-S,1008,1002,12.0,260.1666666666667,6.0,4500.0,0.05781481481481482,OVERSUPPLY,4239.833333333333,0.0
396,1.1,Yellow-S,1008,1002,13.0,248.16666666666666,6.0,4500.0,0.05514814814814815,OVERSUPPLY,4251.833333333333,0.0
396,1.1,Yellow-S,1008,1002,14.0,263.3333333333333,6.0,4500.0,0.05851851851851851,OVERSUPPLY,4236.666666666667,0.0
396,1.1,Yellow-S,1008,1002,15.0,298.1666666666667,6.0,4500.0,0.06625925925925927,OVERSUPPLY,4201.833333333333,0.0
396,1.1,Yellow-S,1008,1002,16.0,446.0,6.0,4500.0,0.09911111111111111,OVERSUPPLY,4054.0,0.0
396,1.1,Yellow-S,1008,1002,17.0,510.3333333333333,6.0,4500.0,0.1134074074074074,OVERSUPPLY,3989.6666666666665,0.0
396,1.1,Yellow-S,1008,1002,18.0,397.3333333333333,6.0,4500.0,0.08829629629629629,OVERSUPPLY,4102.666666666667,0.0
396,1.1,Yellow-S,1008,1002,19.0,240.83333333333334,6.0,4500.0,0.05351851851851852,OVERSUPPLY,4259.166666666667,0.0
396,1.1,Yellow-S,1008,1002,20.0,111.83333333333333,6.0,4500.0,0.02485185185185185,OVERSUPPLY,4388.166666666667,0.0
396,1.1,Yellow-S,1008,1002,21.0,100.5,4.0,3000.0,0.0335,OVERSUPPLY,2899.5,0.0
396,1.1,Yellow-S,1008,1002,22.0,73.0,3.0,2250.0,0.03244444444444444,OVERSUPPLY,2177.0,0.0
396,1.1,Yellow-S,1008,1002,23.0,41.666666666666664,3.0,2250.0,0.018518518518518517,OVERSUPPLY,2208.3333333333335,0.0
398,1.1,Yellow-S,1009,1003,5.0,108.16666666666667,6.0,4500.0,0.024037037037037037,OVERSUPPLY,4391.833333333333,0.0
398,1.1,Yellow-S,1009,1003,6.0,366.6666666666667,6.0,4500.0,0.08148148148148149,OVERSUPPLY,4133.333333333333,0.0
398,1.1,Yellow-S,1009,1003,7.0,556.5,6.0,4500.0,0.12366666666666666,OVERSUPPLY,3943.5,0.0
398,1.1,Yellow-S,1009,1003,8.0,539.0,6.0,4500.0,0.11977777777777777,OVERSUPPLY,3961.0,0.0
398,1.1,Yellow-S,1009,1003,9.0,305.6666666666667,6.0,4500.0,0.06792592592592593,OVERSUPPLY,4194.333333333333,0.0
398,1.1,Yellow-S,1009,1003,10.0,162.33333333333334,6.0,4500.0,0.03607407407407408,OVERSUPPLY,4337.666666666667,0.0
398,1.1,Yellow-S,1009,1003,11.0,125.66666666666667,6.0,4500.0,0.027925925925925927,OVERSUPPLY,4374.333333333333,0.0
398,1.1,Yellow-S,1009,1003,12.0,91.83333333333333,6.0,4500.0,0.020407407407407405,OVERSUPPLY,4408.166666666667,0.0
398,1.1,Yellow-S,1009,1003,13.0,77.33333333333333,6.0,4500.0,0.017185185185185185,OVERSUPPLY,4422.666666666667,0.0
398,1.1,Yellow-S,1009,1003,14.0,84.33333333333333,6.0,4500.0,0.01874074074074074,OVERSUPPLY,4415.666666666667,0.0
398,1.1,Yellow-S,1009,1003,15.0,90.0,6.0,4500.0,0.02,OVERSUPPLY,4410.0,0.0
398,1.1,Yellow-S,1009,1003,16.0,154.66666666666666,6.0,4500.0,0.03437037037037037,OVERSUPPLY,4345.333333333333,0.0
398,1.1,Yellow-S,1009,1003,17.0,145.66666666666666,6.0,4500.0,0.03237037037037037,OVERSUPPLY,4354.333333333333,0.0
398,1.1,Yellow-S,1009,1003,18.0,90.0,6.0,4500.0,0.02,OVERSUPPLY,4410.0,0.0
398,1.1,Yellow-S,1009,1003,19.0,47.0,6.0,4500.0,0.010444444444444444,OVERSUPPLY,4453.0,0.0
398,1.1,Yellow-S,1009,1003,20.0,32.166666666666664,6.0,4500.0,0.007148148148148147,OVERSUPPLY,4467.833333333333,0.0
398,1.1,Yellow-S,1009,1003,21.0,27.0,4.0,3000.0,0.009,OVERSUPPLY,2973.0,0.0
398,1.1,Yellow-S,1009,1003,22.0,21.333333333333332,3.0,2250.0,0.009481481481481481,OVERSUPPLY,2228.6666666666665,0.0
398,1.1,Yellow-S,1009,1003,23.0,7.833333333333333,3.0,2250.0,0.0034814814814814812,OVERSUPPLY,2242.1666666666665,0.0
400,1.1,Yellow-S,1010,1032,5.0,20.5,6.0,4500.0,0.004555555555555556,OVERSUPPLY,4479.5,0.0
400,1.1,Yellow-S,1010,1032,6.0,234.66666666666666,6.0,4500.0,0.052148148148148145,OVERSUPPLY,4265.333333333333,0.0
400,1.1,Yellow-S,1010,1032,7.0,334.3333333333333,6.0,4500.0,0.07429629629629629,OVERSUPPLY,4165.666666666667,0.0
400,1.1,Yellow-S,1010,1032,8.0,416.3333333333333,6.0,4500.0,0.09251851851851851,OVERSUPPLY,4083.6666666666665,0.0
400,1.1,Yellow-S,1010,1032,9.0,279.3333333333333,6.0,4500.0,0.06207407407407407,OVERSUPPLY,4220.666666666667,0.0
400,1.1,Yellow-S,1010,1032,10.0,206.16666666666666,6.0,4500.0,0.045814814814814815,OVERSUPPLY,4293.833333333333,0.0
400,1.1,Yellow-S,1010,1032,11.0,209.5,6.0,4500.0,0.04655555555555556,OVERSUPPLY,4290.5,0.0
400,1.1,Yellow-S,1010,1032,12.0,205.16666666666666,6.0,4500.0,0.04559259259259259,OVERSUPPLY,4294.833333333333,0.0
400,1.1,Yellow-S,1010,1032,13.0,215.5,6.0,4500.0,0.04788888888888889,OVERSUPPLY,4284.5,0.0
400,1.1,Yellow-S,1010,1032,14.0,298.5,6.0,4500.0,0.06633333333333333,OVERSUPPLY,4201.5,0.0
400,1.1,Yellow-S,1010,1032,15.0,416.6666666666667,6.0,4500.0,0.0925925925925926,OVERSUPPLY,4083.3333333333335,0.0
400,1.1,Yellow-S,1010,1032,16.0,554.0,6.0,4500.0,0.12311111111111112,OVERSUPPLY,3946.0,0.0
400,1.1,Yellow-S,1010,1032,17.0,846.5,6.0,4500.0,0.18811111111111112,OVERSUPPLY,3653.5,0.0
400,1.1,Yellow-S,1010,1032,18.0,539.1666666666666,6.0,4500.0,0.1198148148148148,OVERSUPPLY,3960.8333333333335,0.0
400,1.1,Yellow-S,1010,1032,19.0,293.5,6.0,4500.0,0.06522222222222222,OVERSUPPLY,4206.5,0.0
400,1.1,Yellow-S,1010,1032,20.0,190.0,6.0,4500.0,0.042222222222222223,OVERSUPPLY,4310.0,0.0
400,1.1,Yellow-S,1010,1032,21.0,134.83333333333334,4.0,3000.0,0.04494444444444445,OVERSUPPLY,2865.1666666666665,0.0
400,1.1,Yellow-S,1010,1032,22.0,159.0,3.0,2250.0,0.07066666666666667,OVERSUPPLY,2091.0,0.0
400,1.1,Yellow-S,1010,1032,23.0,91.83333333333333,3.0,2250.0,0.04081481481481481,OVERSUPPLY,2158.1666666666665,0.0
402,1.1,Yellow-S,1011,1033,5.0,18.166666666666668,6.0,4500.0,0.004037037037037037,OVERSUPPLY,4481.833333333333,0.0
402,1.1,Yellow-S,1011,1033,6.0,128.66666666666666,6.0,4500.0,0.02859259259259259,OVERSUPPLY,4371.333333333333,0.0
402,1.1,Yellow-S,1011,1033,7.0,233.33333333333334,6.0,4500.0,0.05185185185185186,OVERSUPPLY,4266.666666666667,0.0
402,1.1,Yellow-S,1011,1033,8.0,318.5,6.0,4500.0,0.07077777777777777,OVERSUPPLY,4181.5,0.0
402,1.1,Yellow-S,1011,1033,9.0,206.66666666666666,6.0,4500.0,0.045925925925925926,OVERSUPPLY,4293.333333333333,0.0
402,1.1,Yellow-S,1011,1033,10.0,153.66666666666666,6.0,4500.0,0.03414814814814814,OVERSUPPLY,4346.333333333333,0.0
402,1.1,Yellow-S,1011,1033,11.0,160.5,6.0,4500.0,0.035666666666666666,OVERSUPPLY,4339.5,0.0
402,1.1,Yellow-S,1011,1033,12.0,172.16666666666666,6.0,4500.0,0.03825925925925926,OVERSUPPLY,4327.833333333333,0.0
402,1.1,Yellow-S,1011,1033,13.0,187.16666666666666,6.0,4500.0,0.04159259259259259,OVERSUPPLY,4312.833333333333,0.0
402,1.1,Yellow-S,1011,1033,14.0,271.5,6.0,4500.0,0.060333333333333336,OVERSUPPLY,4228.5,0.0
402,1.1,Yellow-S,1011,1033,15.0,394.1666666666667,6.0,4500.0,0.0875925925925926,OVERSUPPLY,4105.833333333333,0.0
402,1.1,Yellow-S,1011,1033,16.0,529.3333333333334,6.0,4500.0,0.11762962962962964,OVERSUPPLY,3970.6666666666665,0.0
402,1.1,Yellow-S,1011,1033,17.0,816.6666666666666,6.0,4500.0,0.18148148148148147,OVERSUPPLY,3683.3333333333335,0.0
402,1.1,Yellow-S,1011,1033,18.0,514.6666666666666,6.0,4500.0,0.11437037037037036,OVERSUPPLY,3985.3333333333335,0.0
402,1.1,Yellow-S,1011,1033,19.0,272.1666666666667,6.0,4500.0,0.06048148148148148,OVERSUPPLY,4227.833333333333,0.0
402,1.1,Yellow-S,1011,1033,20.0,167.16666666666666,6.0,4500.0,0.037148148148148145,OVERSUPPLY,4332.833333333333,0.0
402,1.1,Yellow-S,1011,1033,21.0,123.33333333333333,4.0,3000.0,0.04111111111111111,OVERSUPPLY,2876.6666666666665,0.0
402,1.1,Yellow-S,1011,1033,22.0,146.0,3.0,2250.0,0.06488888888888888,OVERSUPPLY,2104.0,0.0
402,1.1,Yellow-S,1011,1033,23.0,88.66666666666667,3.0,2250.0,0.03940740740740741,OVERSUPPLY,2161.3333333333335,0.0
404,1.1,Yellow-S,1012,1034,5.0,2.3333333333333335,6.0,4500.0,0.0005185185185185185,OVERSUPPLY,4497.666666666667,0.0
404,1.1,Yellow-S,1012,1034,6.0,43.166666666666664,6.0,4500.0,0.009592592592592592,OVERSUPPLY,4456.833333333333,0.0
404,1.1,Yellow-S,1012,1034,7.0,51.0,6.0,4500.0,0.011333333333333334,OVERSUPPLY,4449.0,0.0
404,1.1,Yellow-S,1012,1034,8.0,42.833333333333336,6.0,4500.0,0.00951851851851852,OVERSUPPLY,4457.166666666667,0.0
404,1.1,Yellow-S,1012,1034,9.0,33.666666666666664,6.0,4500.0,0.007481481481481481,OVERSUPPLY,4466.333333333333,0.0
404,1.1,Yellow-S,1012,1034,10.0,26.666666666666664,6.0,4500.0,0.005925925925925926,OVERSUPPLY,4473.333333333333,0.0
404,1.1,Yellow-S,1012,1034,11.0,26.833333333333332,6.0,4500.0,0.0059629629629629624,OVERSUPPLY,4473.166666666667,0.0
404,1.1,Yellow-S,1012,1034,12.0,15.0,6.0,4500.0,0.0033333333333333335,OVERSUPPLY,4485.0,0.0
404,1.1,Yellow-S,1012,1034,13.0,10.833333333333332,6.0,4500.0,0.002407407407407407,OVERSUPPLY,4489.166666666667,0.0
404,1.1,Yellow-S,1012,1034,14.0,12.166666666666666,6.0,4500.0,0.0027037037037037034,OVERSUPPLY,4487.833333333333,0.0
404,1.1,Yellow-S,1012,1034,15.0,9.666666666666666,6.0,4500.0,0.002148148148148148,OVERSUPPLY,4490.333333333333,0.0
404,1.1,Yellow-S,1012,1034,16.0,12.666666666666666,6.0,4500.0,0.0028148148148148147,OVERSUPPLY,4487.333333333333,0.0
404,1.1,Yellow-S,1012,1034,17.0,18.666666666666668,6.0,4500.0,0.004148148148148148,OVERSUPPLY,4481.333333333333,0.0
404,1.1,Yellow-S,1012,1034,18.0,12.0,6.0,4500.0,0.0026666666666666666,OVERSUPPLY,4488.0,0.0
404,1.1,Yellow-S,1012,1034,19.0,10.833333333333334,6.0,4500.0,0.0024074074074074076,OVERSUPPLY,4489.166666666667,0.0
404,1.1,Yellow-S,1012,1034,20.0,12.0,6.0,4500.0,0.0026666666666666666,OVERSUPPLY,4488.0,0.0
404,1.1,Yellow-S,1012,1034,21.0,5.5,4.0,3000.0,0.0018333333333333333,OVERSUPPLY,2994.5,0.0
404,1.1,Yellow-S,1012,1034,22.0,4.666666666666666,3.0,2250.0,0.0020740740740740737,OVERSUPPLY,2245.3333333333335,0.0
404,1.1,Yellow-S,1012,1034,23.0,0.5,3.0,2250.0,0.00022222222222222223,OVERSUPPLY,2249.5,0.0
406,1.1,Yellow-S,1013,1049,5.0,56.0,6.0,4500.0,0.012444444444444444,OVERSUPPLY,4444.0,0.0
406,1.1,Yellow-S,1013,1049,6.0,294.0,6.0,4500.0,0.06533333333333333,OVERSUPPLY,4206.0,0.0
406,1.1,Yellow-S,1013,1049,7.0,296.3333333333333,6.0,4500.0,0.06585185185185184,OVERSUPPLY,4203.666666666667,0.0
406,1.1,Yellow-S,1013,1049,8.0,269.6666666666667,6.0,4500.0,0.05992592592592593,OVERSUPPLY,4230.333333333333,0.0
406,1.1,Yellow-S,1013,1049,9.0,124.66666666666667,6.0,4500.0,0.027703703703703706,OVERSUPPLY,4375.333333333333,0.0
406,1.1,Yellow-S,1013,1049,10.0,66.33333333333333,6.0,4500.0,0.01474074074074074,OVERSUPPLY,4433.666666666667,0.0
406,1.1,Yellow-S,1013,1049,11.0,42.666666666666664,6.0,4500.0,0.009481481481481481,OVERSUPPLY,4457.333333333333,0.0
406,1.1,Yellow-S,1013,1049,12.0,39.0,6.0,4500.0,0.008666666666666666,OVERSUPPLY,4461.0,0.0
406,1.1,Yellow-S,1013,1049,13.0,37.333333333333336,6.0,4500.0,0.008296296296296296,OVERSUPPLY,4462.666666666667,0.0
406,1.1,Yellow-S,1013,1049,14.0,41.666666666666664,6.0,4500.0,0.009259259259259259,OVERSUPPLY,4458.333333333333,0.0
406,1.1,Yellow-S,1013,1049,15.0,32.333333333333336,6.0,4500.0,0.007185185185185186,OVERSUPPLY,4467.666666666667,0.0
406,1.1,Yellow-S,1013,1049,16.0,21.333333333333332,6.0,4500.0,0.004740740740740741,OVERSUPPLY,4478.666666666667,0.0
406,1.1,Yellow-S,1013,1049,17.0,30.666666666666664,6.0,4500.0,0.006814814814814814,OVERSUPPLY,4469.333333333333,0.0
406,1.1,Yellow-S,1013,1049,18.0,16.0,6.0,4500.0,0.0035555555555555557,OVERSUPPLY,4484.0,0.0
406,1.1,Yellow-S,1013,1049,19.0,16.666666666666668,6.0,4500.0,0.003703703703703704,OVERSUPPLY,4483.333333333333,0.0
406,1.1,Yellow-S,1013,1049,20.0,14.333333333333334,6.0,4500.0,0.0031851851851851854,OVERSUPPLY,4485.666666666667,0.0
406,1.1,Yellow-S,1013,1049,21.0,23.333333333333332,4.0,3000.0,0.0077777777777777776,OVERSUPPLY,2976.6666666666665,0.0
406,1.1,Yellow-S,1013,1049,22.0,11.0,3.0,2250.0,0.004888888888888889,OVERSUPPLY,2239.0,0.0
406,1.1,Yellow-S,1013,1049,23.0,5.333333333333333,3.0,2250.0,0.0023703703703703703,OVERSUPPLY,2244.6666666666665,0.0
408,1.1,Yellow-S,1014,1026,5.0,5.5,6.0,4500.0,0.0012222222222222222,OVERSUPPLY,4494.5,0.0
408,1.1,Yellow-S,1014,1026,6.0,180.83333333333334,6.0,4500.0,0.040185185185185185,OVERSUPPLY,4319.166666666667,0.0
408,1.1,Yellow-S,1014,1026,7.0,222.0,6.0,4500.0,0.04933333333333333,OVERSUPPLY,4278.0,0.0
408,1.1,Yellow-S,1014,1026,8.0,259.5,6.0,4500.0,0.057666666666666665,OVERSUPPLY,4240.5,0.0
408,1.1,Yellow-S,1014,1026,9.0,225.5,6.0,4500.0,0.05011111111111111,OVERSUPPLY,4274.5,0.0
408,1.1,Yellow-S,1014,1026,10.0,165.83333333333334,6.0,4500.0,0.03685185185185185,OVERSUPPLY,4334.166666666667,0.0
408,1.1,Yellow-S,1014,1026,11.0,170.0,6.0,4500.0,0.03777777777777778,OVERSUPPLY,4330.0,0.0
408,1.1,Yellow-S,1014,1026,12.0,154.66666666666666,6.0,4500.0,0.03437037037037037,OVERSUPPLY,4345.333333333333,0.0
408,1.1,Yellow-S,1014,1026,13.0,152.5,6.0,4500.0,0.03388888888888889,OVERSUPPLY,4347.5,0.0
408,1.1,Yellow-S,1014,1026,14.0,191.5,6.0,4500.0,0.042555555555555555,OVERSUPPLY,4308.5,0.0
408,1.1,Yellow-S,1014,1026,15.0,258.5,6.0,4500.0,0.057444444444444444,OVERSUPPLY,4241.5,0.0
408,1.1,Yellow-S,1014,1026,16.0,321.5,6.0,4500.0,0.07144444444444445,OVERSUPPLY,4178.5,0.0
408,1.1,Yellow-S,1014,1026,17.0,519.3333333333334,6.0,4500.0,0.11540740740740742,OVERSUPPLY,3980.6666666666665,0.0
408,1.1,Yellow-S,1014,1026,18.0,310.3333333333333,6.0,4500.0,0.06896296296296296,OVERSUPPLY,4189.666666666667,0.0
408,1.1,Yellow-S,1014,1026,19.0,180.33333333333334,6.0,4500.0,0.040074074074074074,OVERSUPPLY,4319.666666666667,0.0
408,1.1,Yellow-S,1014,1026,20.0,115.16666666666667,6.0,4500.0,0.025592592592592594,OVERSUPPLY,4384.833333333333,0.0
408,1.1,Yellow-S,1014,1026,21.0,87.83333333333333,4.0,3000.0,0.029277777777777778,OVERSUPPLY,2912.1666666666665,0.0
408,1.1,Yellow-S,1014,1026,22.0,90.5,3.0,2250.0,0.04022222222222222,OVERSUPPLY,2159.5,0.0
408,1.1,Yellow-S,1014,1026,23.0,52.333333333333336,3.0,2250.0,0.02325925925925926,OVERSUPPLY,2197.6666666666665,0.0
410,1.1,Yellow-S,1015,1027,5.0,4.5,6.0,4500.0,0.001,OVERSUPPLY,4495.5,0.0
410,1.1,Yellow-S,1015,1027,6.0,99.16666666666667,6.0,4500.0,0.02203703703703704,OVERSUPPLY,4400.833333333333,0.0
410,1.1,Yellow-S,1015,1027,7.0,144.66666666666666,6.0,4500.0,0.03214814814814815,OVERSUPPLY,4355.333333333333,0.0
410,1.1,Yellow-S,1015,1027,8.0,185.66666666666666,6.0,4500.0,0.04125925925925926,OVERSUPPLY,4314.333333333333,0.0
410,1.1,Yellow-S,1015,1027,9.0,160.16666666666666,6.0,4500.0,0.03559259259259259,OVERSUPPLY,4339.833333333333,0.0
410,1.1,Yellow-S,1015,1027,10.0,116.5,6.0,4500.0,0.02588888888888889,OVERSUPPLY,4383.5,0.0
410,1.1,Yellow-S,1015,1027,11.0,124.5,6.0,4500.0,0.027666666666666666,OVERSUPPLY,4375.5,0.0
410,1.1,Yellow-S,1015,1027,12.0,125.83333333333333,6.0,4500.0,0.02796296296296296,OVERSUPPLY,4374.166666666667,0.0
410,1.1,Yellow-S,1015,1027,13.0,128.16666666666666,6.0,4500.0,0.02848148148148148,OVERSUPPLY,4371.833333333333,0.0
410,1.1,Yellow-S,1015,1027,14.0,169.5,6.0,4500.0,0.03766666666666667,OVERSUPPLY,4330.5,0.0
410,1.1,Yellow-S,1015,1027,15.0,238.5,6.0,4500.0,0.053,OVERSUPPLY,4261.5,0.0
410,1.1,Yellow-S,1015,1027,16.0,300.5,6.0,4500.0,0.06677777777777778,OVERSUPPLY,4199.5,0.0
410,1.1,Yellow-S,1015,1027,17.0,497.0,6.0,4500.0,0.11044444444444444,OVERSUPPLY,4003.0,0.0
410,1.1,Yellow-S,1015,1027,18.0,292.1666666666667,6.0,4500.0,0.06492592592592593,OVERSUPPLY,4207.833333333333,0.0
410,1.1,Yellow-S,1015,1027,19.0,164.33333333333334,6.0,4500.0,0.03651851851851852,OVERSUPPLY,4335.666666666667,0.0
410,1.1,Yellow-S,1015,1027,20.0,98.0,6.0,4500.0,0.021777777777777778,OVERSUPPLY,4402.0,0.0
410,1.1,Yellow-S,1015,1027,21.0,78.0,4.0,3000.0,0.026,OVERSUPPLY,2922.0,0.0
410,1.1,Yellow-S,1015,1027,22.0,79.5,3.0,2250.0,0.035333333333333335,OVERSUPPLY,2170.5,0.0
410,1.1,Yellow-S,1015,1027,23.0,49.5,3.0,2250.0,0.022,OVERSUPPLY,2200.5,0.0
412,1.1,Yellow-S,1016,1028,5.0,1.0,6.0,4500.0,0.00022222222222222223,OVERSUPPLY,4499.0,0.0
412,1.1,Yellow-S,1016,1028,6.0,33.0,6.0,4500.0,0.007333333333333333,OVERSUPPLY,4467.0,0.0
412,1.1,Yellow-S,1016,1028,7.0,36.5,6.0,4500.0,0.00811111111111111,OVERSUPPLY,4463.5,0.0
412,1.1,Yellow-S,1016,1028,8.0,32.333333333333336,6.0,4500.0,0.007185185185185186,OVERSUPPLY,4467.666666666667,0.0
412,1.1,Yellow-S,1016,1028,9.0,28.833333333333332,6.0,4500.0,0.006407407407407407,OVERSUPPLY,4471.166666666667,0.0
412,1.1,Yellow-S,1016,1028,10.0,24.166666666666664,6.0,4500.0,0.00537037037037037,OVERSUPPLY,4475.833333333333,0.0
412,1.1,Yellow-S,1016,1028,11.0,25.166666666666668,6.0,4500.0,0.005592592592592593,OVERSUPPLY,4474.833333333333,0.0
412,1.1,Yellow-S,1016,1028,12.0,13.5,6.0,4500.0,0.003,OVERSUPPLY,4486.5,0.0
412,1.1,Yellow-S,1016,1028,13.0,9.5,6.0,4500.0,0.002111111111111111,OVERSUPPLY,4490.5,0.0
412,1.1,Yellow-S,1016,1028,14.0,10.5,6.0,4500.0,0.0023333333333333335,OVERSUPPLY,4489.5,0.0
412,1.1,Yellow-S,1016,1028,15.0,8.0,6.0,4500.0,0.0017777777777777779,OVERSUPPLY,4492.0,0.0
412,1.1,Yellow-S,1016,1028,16.0,8.666666666666666,6.0,4500.0,0.0019259259259259258,OVERSUPPLY,4491.333333333333,0.0
412,1.1,Yellow-S,1016,1028,17.0,13.333333333333334,6.0,4500.0,0.0029629629629629632,OVERSUPPLY,4486.666666666667,0.0
412,1.1,Yellow-S,1016,1028,18.0,8.666666666666666,6.0,4500.0,0.0019259259259259258,OVERSUPPLY,4491.333333333333,0.0
412,1.1,Yellow-S,1016,1028,19.0,9.0,6.0,4500.0,0.002,OVERSUPPLY,4491.0,0.0
412,1.1,Yellow-S,1016,1028,20.0,8.666666666666666,6.0,4500.0,0.0019259259259259258,OVERSUPPLY,4491.333333333333,0.0
412,1.1,Yellow-S,1016,1028,21.0,5.333333333333333,4.0,3000.0,0.0017777777777777776,OVERSUPPLY,2994.6666666666665,0.0
412,1.1,Yellow-S,1016,1028,22.0,4.333333333333333,3.0,2250.0,0.0019259259259259258,OVERSUPPLY,2245.6666666666665,0.0
412,1.1,Yellow-S,1016,1028,23.0,0.5,3.0,2250.0,0.00022222222222222223,OVERSUPPLY,2249.5,0.0
414,1.1,Yellow-S,1017,1004,5.0,49.333333333333336,6.0,4500.0,0.010962962962962964,OVERSUPPLY,4450.666666666667,0.0
414,1.1,Yellow-S,1017,1004,6.0,393.8333333333333,6.0,4500.0,0.08751851851851851,OVERSUPPLY,4106.166666666667,0.0
414,1.1,Yellow-S,1017,1004,7.0,580.8333333333334,6.0,4500.0,0.1290740740740741,OVERSUPPLY,3919.1666666666665,0.0
414,1.1,Yellow-S,1017,1004,8.0,665.6666666666666,6.0,4500.0,0.1479259259259259,OVERSUPPLY,3834.3333333333335,0.0
414,1.1,Yellow-S,1017,1004,9.0,448.1666666666667,6.0,4500.0,0.0995925925925926,OVERSUPPLY,4051.8333333333335,0.0
414,1.1,Yellow-S,1017,1004,10.0,301.5,6.0,4500.0,0.067,OVERSUPPLY,4198.5,0.0
414,1.1,Yellow-S,1017,1004,11.0,295.0,6.0,4500.0,0.06555555555555556,OVERSUPPLY,4205.0,0.0
414,1.1,Yellow-S,1017,1004,12.0,291.6666666666667,6.0,4500.0,0.06481481481481483,OVERSUPPLY,4208.333333333333,0.0
414,1.1,Yellow-S,1017,1004,13.0,293.8333333333333,6.0,4500.0,0.0652962962962963,OVERSUPPLY,4206.166666666667,0.0
414,1.1,Yellow-S,1017,1004,14.0,411.1666666666667,6.0,4500.0,0.09137037037037038,OVERSUPPLY,4088.8333333333335,0.0
414,1.1,Yellow-S,1017,1004,15.0,536.5,6.0,4500.0,0.11922222222222222,OVERSUPPLY,3963.5,0.0
414,1.1,Yellow-S,1017,1004,16.0,719.6666666666666,6.0,4500.0,0.15992592592592592,OVERSUPPLY,3780.3333333333335,0.0
414,1.1,Yellow-S,1017,1004,17.0,1059.3333333333333,6.0,4500.0,0.2354074074074074,BALANCED,3440.666666666667,0.0
414,1.1,Yellow-S,1017,1004,18.0,731.3333333333334,6.0,4500.0,0.16251851851851853,OVERSUPPLY,3768.6666666666665,0.0
414,1.1,Yellow-S,1017,1004,19.0,424.1666666666667,6.0,4500.0,0.09425925925925926,OVERSUPPLY,4075.8333333333335,0.0
414,1.1,Yellow-S,1017,1004,20.0,240.83333333333334,6.0,4500.0,0.05351851851851852,OVERSUPPLY,4259.166666666667,0.0
414,1.1,Yellow-S,1017,1004,21.0,172.83333333333334,4.0,3000.0,0.05761111111111111,OVERSUPPLY,2827.1666666666665,0.0
414,1.1,Yellow-S,1017,1004,22.0,211.0,3.0,2250.0,0.09377777777777778,OVERSUPPLY,2039.0,0.0
414,1.1,Yellow-S,1017,1004,23.0,119.16666666666667,3.0,2250.0,0.05296296296296296,OVERSUPPLY,2130.8333333333335,0.0
416,1.1,Yellow-S,1018,1005,5.0,39.0,6.0,4500.0,0.008666666666666666,OVERSUPPLY,4461.0,0.0
416,1.1,Yellow-S,1018,1005,6.0,197.0,6.0,4500.0,0.04377777777777778,OVERSUPPLY,4303.0,0.0
416,1.1,Yellow-S,1018,1005,7.0,387.8333333333333,6.0,4500.0,0.08618518518518518,OVERSUPPLY,4112.166666666667,0.0
416,1.1,Yellow-S,1018,1005,8.0,506.1666666666667,6.0,4500.0,0.11248148148148149,OVERSUPPLY,3993.8333333333335,0.0
416,1.1,Yellow-S,1018,1005,9.0,336.1666666666667,6.0,4500.0,0.0747037037037037,OVERSUPPLY,4163.833333333333,0.0
416,1.1,Yellow-S,1018,1005,10.0,230.16666666666666,6.0,4500.0,0.051148148148148144,OVERSUPPLY,4269.833333333333,0.0
416,1.1,Yellow-S,1018,1005,11.0,234.66666666666666,6.0,4500.0,0.052148148148148145,OVERSUPPLY,4265.333333333333,0.0
416,1.1,Yellow-S,1018,1005,12.0,245.16666666666666,6.0,4500.0,0.05448148148148148,OVERSUPPLY,4254.833333333333,0.0
416,1.1,Yellow-S,1018,1005,13.0,254.33333333333334,6.0,4500.0,0.056518518518518523,OVERSUPPLY,4245.666666666667,0.0
416,1.1,Yellow-S,1018,1005,14.0,371.3333333333333,6.0,4500.0,0.08251851851851852,OVERSUPPLY,4128.666666666667,0.0
416,1.1,Yellow-S,1018,1005,15.0,504.8333333333333,6.0,4500.0,0.11218518518518518,OVERSUPPLY,3995.1666666666665,0.0
416,1.1,Yellow-S,1018,1005,16.0,682.1666666666666,6.0,4500.0,0.15159259259259258,OVERSUPPLY,3817.8333333333335,0.0
416,1.1,Yellow-S,1018,1005,17.0,1009.0,6.0,4500.0,0.2242222222222222,BALANCED,3491.0,0.0
416,1.1,Yellow-S,1018,1005,18.0,692.3333333333334,6.0,4500.0,0.15385185185185185,OVERSUPPLY,3807.6666666666665,0.0
416,1.1,Yellow-S,1018,1005,19.0,394.3333333333333,6.0,4500.0,0.08762962962962963,OVERSUPPLY,4105.666666666667,0.0
416,1.1,Yellow-S,1018,1005,20.0,213.16666666666666,6.0,4500.0,0.04737037037037037,OVERSUPPLY,4286.833333333333,0.0
416,1.1,Yellow-S,1018,1005,21.0,155.33333333333334,4.0,3000.0,0.051777777777777784,OVERSUPPLY,2844.6666666666665,0.0
416,1.1,Yellow-S,1018,1005,22.0,193.33333333333334,3.0,2250.0,0.08592592592592593,OVERSUPPLY,2056.6666666666665,0.0
416,1.1,Yellow-S,1018,1005,23.0,111.5,3.0,2250.0,0.049555555555555554,OVERSUPPLY,2138.5,0.0
418,1.1,Yellow-S,1019,1006,5.0,7.0,6.0,4500.0,0.0015555555555555555,OVERSUPPLY,4493.0,0.0
418,1.1,Yellow-S,1019,1006,6.0,78.66666666666667,6.0,4500.0,0.017481481481481483,OVERSUPPLY,4421.333333333333,0.0
418,1.1,Yellow-S,1019,1006,7.0,103.33333333333333,6.0,4500.0,0.022962962962962963,OVERSUPPLY,4396.666666666667,0.0
418,1.1,Yellow-S,1019,1006,8.0,75.83333333333333,6.0,4500.0,0.01685185185185185,OVERSUPPLY,4424.166666666667,0.0
418,1.1,Yellow-S,1019,1006,9.0,51.833333333333336,6.0,4500.0,0.011518518518518518,OVERSUPPLY,4448.166666666667,0.0
418,1.1,Yellow-S,1019,1006,10.0,36.0,6.0,4500.0,0.008,OVERSUPPLY,4464.0,0.0
418,1.1,Yellow-S,1019,1006,11.0,32.5,6.0,4500.0,0.007222222222222222,OVERSUPPLY,4467.5,0.0
418,1.1,Yellow-S,1019,1006,12.0,19.833333333333332,6.0,4500.0,0.004407407407407407,OVERSUPPLY,4480.166666666667,0.0
418,1.1,Yellow-S,1019,1006,13.0,15.333333333333332,6.0,4500.0,0.003407407407407407,OVERSUPPLY,4484.666666666667,0.0
418,1.1,Yellow-S,1019,1006,14.0,17.166666666666668,6.0,4500.0,0.003814814814814815,OVERSUPPLY,4482.833333333333,0.0
418,1.1,Yellow-S,1019,1006,15.0,12.0,6.0,4500.0,0.0026666666666666666,OVERSUPPLY,4488.0,0.0
418,1.1,Yellow-S,1019,1006,16.0,20.0,6.0,4500.0,0.0044444444444444444,OVERSUPPLY,4480.0,0.0
418,1.1,Yellow-S,1019,1006,17.0,27.833333333333332,6.0,4500.0,0.006185185185185185,OVERSUPPLY,4472.166666666667,0.0
418,1.1,Yellow-S,1019,1006,18.0,18.833333333333332,6.0,4500.0,0.004185185185185185,OVERSUPPLY,4481.166666666667,0.0
418,1.1,Yellow-S,1019,1006,19.0,14.833333333333334,6.0,4500.0,0.0032962962962962963,OVERSUPPLY,4485.166666666667,0.0
418,1.1,Yellow-S,1019,1006,20.0,14.5,6.0,4500.0,0.0032222222222222222,OVERSUPPLY,4485.5,0.0
418,1.1,Yellow-S,1019,1006,21.0,8.166666666666666,4.0,3000.0,0.0027222222222222222,OVERSUPPLY,2991.8333333333335,0.0
418,1.1,Yellow-S,1019,1006,22.0,7.0,3.0,2250.0,0.003111111111111111,OVERSUPPLY,2243.0,0.0
418,1.1,Yellow-S,1019,1006,23.0,1.1666666666666665,3.0,2250.0,0.0005185185185185184,OVERSUPPLY,2248.8333333333335,0.0
420,1.1,Yellow-S,1020,1067,5.0,0.16666666666666666,6.0,4500.0,3.7037037037037037e-05,OVERSUPPLY,4499.833333333333,0.0
420,1.1,Yellow-S,1020,1067,6.0,131.66666666666666,6.0,4500.0,0.029259259259259256,OVERSUPPLY,4368.333333333333,0.0
420,1.1,Yellow-S,1020,1067,7.0,160.83333333333334,6.0,4500.0,0.03574074074074074,OVERSUPPLY,4339.166666666667,0.0
420,1.1,Yellow-S,1020,1067,8.0,163.33333333333334,6.0,4500.0,0.0362962962962963,OVERSUPPLY,4336.666666666667,0.0
420,1.1,Yellow-S,1020,1067,9.0,156.5,6.0,4500.0,0.034777777777777776,OVERSUPPLY,4343.5,0.0
420,1.1,Yellow-S,1020,1067,10.0,110.66666666666667,6.0,4500.0,0.024592592592592593,OVERSUPPLY,4389.333333333333,0.0
420,1.1,Yellow-S,1020,1067,11.0,122.16666666666667,6.0,4500.0,0.02714814814814815,OVERSUPPLY,4377.833333333333,0.0
420,1.1,Yellow-S,1020,1067,12.0,100.83333333333333,6.0,4500.0,0.022407407407407407,OVERSUPPLY,4399.166666666667,0.0
420,1.1,Yellow-S,1020,1067,13.0,96.5,6.0,4500.0,0.021444444444444443,OVERSUPPLY,4403.5,0.0
420,1.1,Yellow-S,1020,1067,14.0,110.83333333333333,6.0,4500.0,0.02462962962962963,OVERSUPPLY,4389.166666666667,0.0
420,1.1,Yellow-S,1020,1067,15.0,117.33333333333333,6.0,4500.0,0.026074074074074072,OVERSUPPLY,4382.666666666667,0.0
420,1.1,Yellow-S,1020,1067,16.0,132.5,6.0,4500.0,0.029444444444444443,OVERSUPPLY,4367.5,0.0
420,1.1,Yellow-S,1020,1067,17.0,199.33333333333334,6.0,4500.0,0.0442962962962963,OVERSUPPLY,4300.666666666667,0.0
420,1.1,Yellow-S,1020,1067,18.0,134.33333333333334,6.0,4500.0,0.029851851851851855,OVERSUPPLY,4365.666666666667,0.0
420,1.1,Yellow-S,1020,1067,19.0,83.66666666666667,6.0,4500.0,0.018592592592592595,OVERSUPPLY,4416.333333333333,0.0
420,1.1,Yellow-S,1020,1067,20.0,69.0,6.0,4500.0,0.015333333333333332,OVERSUPPLY,4431.0,0.0
420,1.1,Yellow-S,1020,1067,21.0,47.166666666666664,4.0,3000.0,0.01572222222222222,OVERSUPPLY,2952.8333333333335,0.0
420,1.1,Yellow-S,1020,1067,22.0,40.666666666666664,3.0,2250.0,0.018074074074074072,OVERSUPPLY,2209.3333333333335,0.0
420,1.1,Yellow-S,1020,1067,23.0,20.666666666666668,3.0,2250.0,0.009185185185185185,OVERSUPPLY,2229.3333333333335,0.0
422,1.1,Yellow-S,1021,1068,5.0,0.16666666666666666,6.0,4500.0,3.7037037037037037e-05,OVERSUPPLY,4499.833333333333,0.0
422,1.1,Yellow-S,1021,1068,6.0,77.5,6.0,4500.0,0.017222222222222222,OVERSUPPLY,4422.5,0.0
422,1.1,Yellow-S,1021,1068,7.0,106.0,6.0,4500.0,0.023555555555555555,OVERSUPPLY,4394.0,0.0
422,1.1,Yellow-S,1021,1068,8.0,118.33333333333333,6.0,4500.0,0.026296296296296297,OVERSUPPLY,4381.666666666667,0.0
422,1.1,Yellow-S,1021,1068,9.0,115.83333333333333,6.0,4500.0,0.02574074074074074,OVERSUPPLY,4384.166666666667,0.0
422,1.1,Yellow-S,1021,1068,10.0,78.0,6.0,4500.0,0.017333333333333333,OVERSUPPLY,4422.0,0.0
422,1.1,Yellow-S,1021,1068,11.0,90.83333333333333,6.0,4500.0,0.020185185185185184,OVERSUPPLY,4409.166666666667,0.0
422,1.1,Yellow-S,1021,1068,12.0,80.0,6.0,4500.0,0.017777777777777778,OVERSUPPLY,4420.0,0.0
422,1.1,Yellow-S,1021,1068,13.0,79.0,6.0,4500.0,0.017555555555555557,OVERSUPPLY,4421.0,0.0
422,1.1,Yellow-S,1021,1068,14.0,94.66666666666667,6.0,4500.0,0.021037037037037038,OVERSUPPLY,4405.333333333333,0.0
422,1.1,Yellow-S,1021,1068,15.0,104.66666666666667,6.0,4500.0,0.02325925925925926,OVERSUPPLY,4395.333333333333,0.0
422,1.1,Yellow-S,1021,1068,16.0,119.16666666666667,6.0,4500.0,0.02648148148148148,OVERSUPPLY,4380.833333333333,0.0
422,1.1,Yellow-S,1021,1068,17.0,184.83333333333334,6.0,4500.0,0.041074074074074075,OVERSUPPLY,4315.166666666667,0.0
422,1.1,Yellow-S,1021,1068,18.0,122.33333333333333,6.0,4500.0,0.027185185185185184,OVERSUPPLY,4377.666666666667,0.0
422,1.1,Yellow-S,1021,1068,19.0,74.66666666666667,6.0,4500.0,0.016592592592592593,OVERSUPPLY,4425.333333333333,0.0
422,1.1,Yellow-S,1021,1068,20.0,55.0,6.0,4500.0,0.012222222222222223,OVERSUPPLY,4445.0,0.0
422,1.1,Yellow-S,1021,1068,21.0,39.333333333333336,4.0,3000.0,0.013111111111111112,OVERSUPPLY,2960.6666666666665,0.0
422,1.1,Yellow-S,1021,1068,22.0,30.333333333333332,3.0,2250.0,0.013481481481481481,OVERSUPPLY,2219.6666666666665,0.0
422,1.1,Yellow-S,1021,1068,23.0,17.833333333333332,3.0,2250.0,0.007925925925925925,OVERSUPPLY,2232.1666666666665,0.0
424,1.1,Yellow-S,1022,1069,6.0,23.666666666666664,6.0,4500.0,0.005259259259259259,OVERSUPPLY,4476.333333333333,0.0
424,1.1,Yellow-S,1022,1069,7.0,27.166666666666668,6.0,4500.0,0.006037037037037037,OVERSUPPLY,4472.833333333333,0.0
424,1.1,Yellow-S,1022,1069,8.0,22.0,6.0,4500.0,0.004888888888888889,OVERSUPPLY,4478.0,0.0
424,1.1,Yellow-S,1022,1069,9.0,22.333333333333332,6.0,4500.0,0.004962962962962962,OVERSUPPLY,4477.666666666667,0.0
424,1.1,Yellow-S,1022,1069,10.0,19.0,6.0,4500.0,0.004222222222222222,OVERSUPPLY,4481.0,0.0
424,1.1,Yellow-S,1022,1069,11.0,19.166666666666668,6.0,4500.0,0.0042592592592592595,OVERSUPPLY,4480.833333333333,0.0
424,1.1,Yellow-S,1022,1069,12.0,10.5,6.0,4500.0,0.0023333333333333335,OVERSUPPLY,4489.5,0.0
424,1.1,Yellow-S,1022,1069,13.0,7.0,6.0,4500.0,0.0015555555555555555,OVERSUPPLY,4493.0,0.0
424,1.1,Yellow-S,1022,1069,14.0,9.166666666666666,6.0,4500.0,0.002037037037037037,OVERSUPPLY,4490.833333333333,0.0
424,1.1,Yellow-S,1022,1069,15.0,5.833333333333333,6.0,4500.0,0.0012962962962962963,OVERSUPPLY,4494.166666666667,0.0
424,1.1,Yellow-S,1022,1069,16.0,5.833333333333334,6.0,4500.0,0.0012962962962962965,OVERSUPPLY,4494.166666666667,0.0
424,1.1,Yellow-S,1022,1069,17.0,9.5,6.0,4500.0,0.002111111111111111,OVERSUPPLY,4490.5,0.0
424,1.1,Yellow-S,1022,1069,18.0,5.833333333333333,6.0,4500.0,0.0012962962962962963,OVERSUPPLY,4494.166666666667,0.0
424,1.1,Yellow-S,1022,1069,19.0,5.333333333333333,6.0,4500.0,0.0011851851851851852,OVERSUPPLY,4494.666666666667,0.0
424,1.1,Yellow-S,1022,1069,20.0,7.166666666666667,6.0,4500.0,0.0015925925925925927,OVERSUPPLY,4492.833333333333,0.0
424,1.1,Yellow-S,1022,1069,21.0,4.333333333333333,4.0,3000.0,0.0014444444444444444,OVERSUPPLY,2995.6666666666665,0.0
424,1.1,Yellow-S,1022,1069,22.0,3.6666666666666665,3.0,2250.0,0.0016296296296296295,OVERSUPPLY,2246.3333333333335,0.0
424,1.1,Yellow-S,1022,1069,23.0,0.5,3.0,2250.0,0.00022222222222222223,OVERSUPPLY,2249.5,0.0
426,1.1,Yellow-S,1023,1050,5.0,45.833333333333336,6.0,4500.0,0.010185185185185186,OVERSUPPLY,4454.166666666667,0.0
426,1.1,Yellow-S,1023,1050,6.0,227.33333333333334,6.0,4500.0,0.05051851851851852,OVERSUPPLY,4272.666666666667,0.0
426,1.1,Yellow-S,1023,1050,7.0,251.66666666666666,6.0,4500.0,0.05592592592592592,OVERSUPPLY,4248.333333333333,0.0
426,1.1,Yellow-S,1023,1050,8.0,231.66666666666666,6.0,4500.0,0.05148148148148148,OVERSUPPLY,4268.333333333333,0.0
426,1.1,Yellow-S,1023,1050,9.0,113.33333333333333,6.0,4500.0,0.025185185185185185,OVERSUPPLY,4386.666666666667,0.0
426,1.1,Yellow-S,1023,1050,10.0,55.0,6.0,4500.0,0.012222222222222223,OVERSUPPLY,4445.0,0.0
426,1.1,Yellow-S,1023,1050,11.0,40.833333333333336,6.0,4500.0,0.009074074074074075,OVERSUPPLY,4459.166666666667,0.0
426,1.1,Yellow-S,1023,1050,12.0,35.5,6.0,4500.0,0.00788888888888889,OVERSUPPLY,4464.5,0.0
426,1.1,Yellow-S,1023,1050,13.0,33.333333333333336,6.0,4500.0,0.007407407407407408,OVERSUPPLY,4466.666666666667,0.0
426,1.1,Yellow-S,1023,1050,14.0,32.833333333333336,6.0,4500.0,0.007296296296296297,OVERSUPPLY,4467.166666666667,0.0
426,1.1,Yellow-S,1023,1050,15.0,38.5,6.0,4500.0,0.008555555555555556,OVERSUPPLY,4461.5,0.0
426,1.1,Yellow-S,1023,1050,16.0,27.5,6.0,4500.0,0.006111111111111111,OVERSUPPLY,4472.5,0.0
426,1.1,Yellow-S,1023,1050,17.0,27.166666666666664,6.0,4500.0,0.006037037037037037,OVERSUPPLY,4472.833333333333,0.0
426,1.1,Yellow-S,1023,1050,18.0,17.666666666666668,6.0,4500.0,0.0039259259259259265,OVERSUPPLY,4482.333333333333,0.0
426,1.1,Yellow-S,1023,1050,19.0,14.5,6.0,4500.0,0.0032222222222222222,OVERSUPPLY,4485.5,0.0
426,1.1,Yellow-S,1023,1050,20.0,10.666666666666666,6.0,4500.0,0.0023703703703703703,OVERSUPPLY,4489.333333333333,0.0
426,1.1,Yellow-S,1023,1050,21.0,13.666666666666666,4.0,3000.0,0.004555555555555556,OVERSUPPLY,2986.3333333333335,0.0
426,1.1,Yellow-S,1023,1050,22.0,7.666666666666666,3.0,2250.0,0.003407407407407407,OVERSUPPLY,2242.3333333333335,0.0
426,1.1,Yellow-S,1023,1050,23.0,3.6666666666666665,3.0,2250.0,0.0016296296296296295,OVERSUPPLY,2246.3333333333335,0.0
428,1.1,Yellow-S,1024,1051,5.0,174.83333333333334,6.0,4500.0,0.03885185185185185,OVERSUPPLY,4325.166666666667,0.0
428,1.1,Yellow-S,1024,1051,6.0,635.0,6.0,4500.0,0.1411111111111111,OVERSUPPLY,3865.0,0.0
428,1.1,Yellow-S,1024,1051,7.0,778.0,6.0,4500.0,0.1728888888888889,OVERSUPPLY,3722.0,0.0
428,1.1,Yellow-S,1024,1051,8.0,667.3333333333334,6.0,4500.0,0.14829629629629631,OVERSUPPLY,3832.6666666666665,0.0
428,1.1,Yellow-S,1024,1051,9.0,370.3333333333333,6.0,4500.0,0.0822962962962963,OVERSUPPLY,4129.666666666667,0.0
428,1.1,Yellow-S,1024,1051,10.0,202.66666666666666,6.0,4500.0,0.045037037037037035,OVERSUPPLY,4297.333333333333,0.0
428,1.1,Yellow-S,1024,1051,11.0,154.83333333333334,6.0,4500.0,0.03440740740740741,OVERSUPPLY,4345.166666666667,0.0
428,1.1,Yellow-S,1024,1051,12.0,114.5,6.0,4500.0,0.025444444444444443,OVERSUPPLY,4385.5,0.0
428,1.1,Yellow-S,1024,1051,13.0,110.0,6.0,4500.0,0.024444444444444446,OVERSUPPLY,4390.0,0.0
428,1.1,Yellow-S,1024,1051,14.0,106.83333333333333,6.0,4500.0,0.02374074074074074,OVERSUPPLY,4393.166666666667,0.0
428,1.1,Yellow-S,1024,1051,15.0,93.16666666666667,6.0,4500.0,0.020703703703703703,OVERSUPPLY,4406.833333333333,0.0
428,1.1,Yellow-S,1024,1051,16.0,114.16666666666667,6.0,4500.0,0.025370370370370373,OVERSUPPLY,4385.833333333333,0.0
428,1.1,Yellow-S,1024,1051,17.0,105.5,6.0,4500.0,0.023444444444444445,OVERSUPPLY,4394.5,0.0
428,1.1,Yellow-S,1024,1051,18.0,79.66666666666667,6.0,4500.0,0.017703703703703704,OVERSUPPLY,4420.333333333333,0.0
428,1.1,Yellow-S,1024,1051,19.0,52.5,6.0,4500.0,0.011666666666666667,OVERSUPPLY,4447.5,0.0
428,1.1,Yellow-S,1024,1051,20.0,45.333333333333336,6.0,4500.0,0.010074074074074074,OVERSUPPLY,4454.666666666667,0.0
428,1.1,Yellow-S,1024,1051,21.0,33.666666666666664,4.0,3000.0,0.011222222222222222,OVERSUPPLY,2966.3333333333335,0.0
428,1.1,Yellow-S,1024,1051,22.0,28.333333333333332,3.0,2250.0,0.012592592592592593,OVERSUPPLY,2221.6666666666665,0.0
428,1.1,Yellow-S,1024,1051,23.0,9.333333333333332,3.0,2250.0,0.004148148148148147,OVERSUPPLY,2240.6666666666665,0.0
432,1.1,Yellow-S,1026,1020,5.0,0.3333333333333333,6.0,4500.0,7.407407407407407e-05,OVERSUPPLY,4499.666666666667,0.0
432,1.1,Yellow-S,1026,1020,6.0,148.5,6.0,4500.0,0.033,OVERSUPPLY,4351.5,0.0
432,1.1,Yellow-S,1026,1020,7.0,181.66666666666666,6.0,4500.0,0.04037037037037037,OVERSUPPLY,4318.333333333333,0.0
432,1.1,Yellow-S,1026,1020,8.0,184.16666666666666,6.0,4500.0,0.04092592592592592,OVERSUPPLY,4315.833333333333,0.0
432,1.1,Yellow-S,1026,1020,9.0,169.0,6.0,4500.0,0.03755555555555556,OVERSUPPLY,4331.0,0.0
432,1.1,Yellow-S,1026,1020,10.0,121.5,6.0,4500.0,0.027,OVERSUPPLY,4378.5,0.0
432,1.1,Yellow-S,1026,1020,11.0,132.83333333333334,6.0,4500.0,0.02951851851851852,OVERSUPPLY,4367.166666666667,0.0
432,1.1,Yellow-S,1026,1020,12.0,122.33333333333333,6.0,4500.0,0.027185185185185184,OVERSUPPLY,4377.666666666667,0.0
432,1.1,Yellow-S,1026,1020,13.0,111.83333333333333,6.0,4500.0,0.02485185185185185,OVERSUPPLY,4388.166666666667,0.0
432,1.1,Yellow-S,1026,1020,14.0,139.0,6.0,4500.0,0.03088888888888889,OVERSUPPLY,4361.0,0.0
432,1.1,Yellow-S,1026,1020,15.0,160.33333333333334,6.0,4500.0,0.03562962962962963,OVERSUPPLY,4339.666666666667,0.0
432,1.1,Yellow-S,1026,1020,16.0,190.5,6.0,4500.0,0.042333333333333334,OVERSUPPLY,4309.5,0.0
432,1.1,Yellow-S,1026,1020,17.0,300.8333333333333,6.0,4500.0,0.06685185185185184,OVERSUPPLY,4199.166666666667,0.0
432,1.1,Yellow-S,1026,1020,18.0,185.33333333333334,6.0,4500.0,0.041185185185185186,OVERSUPPLY,4314.666666666667,0.0
432,1.1,Yellow-S,1026,1020,19.0,114.16666666666667,6.0,4500.0,0.025370370370370373,OVERSUPPLY,4385.833333333333,0.0
432,1.1,Yellow-S,1026,1020,20.0,81.0,6.0,4500.0,0.018,OVERSUPPLY,4419.0,0.0
432,1.1,Yellow-S,1026,1020,21.0,59.666666666666664,4.0,3000.0,0.019888888888888887,OVERSUPPLY,2940.3333333333335,0.0
432,1.1,Yellow-S,1026,1020,22.0,51.166666666666664,3.0,2250.0,0.02274074074074074,OVERSUPPLY,2198.8333333333335,0.0
432,1.1,Yellow-S,1026,1020,23.0,28.5,3.0,2250.0,0.012666666666666666,OVERSUPPLY,2221.5,0.0
434,1.1,Yellow-S,1027,1021,5.0,0.3333333333333333,6.0,4500.0,7.407407407407407e-05,OVERSUPPLY,4499.666666666667,0.0
434,1.1,Yellow-S,1027,1021,6.0,83.83333333333333,6.0,4500.0,0.018629629629629628,OVERSUPPLY,4416.166666666667,0.0
434,1.1,Yellow-S,1027,1021,7.0,115.83333333333333,6.0,4500.0,0.02574074074074074,OVERSUPPLY,4384.166666666667,0.0
434,1.1,Yellow-S,1027,1021,8.0,130.16666666666666,6.0,4500.0,0.028925925925925924,OVERSUPPLY,4369.833333333333,0.0
434,1.1,Yellow-S,1027,1021,9.0,122.5,6.0,4500.0,0.02722222222222222,OVERSUPPLY,4377.5,0.0
434,1.1,Yellow-S,1027,1021,10.0,87.16666666666667,6.0,4500.0,0.01937037037037037,OVERSUPPLY,4412.833333333333,0.0
434,1.1,Yellow-S,1027,1021,11.0,97.83333333333333,6.0,4500.0,0.02174074074074074,OVERSUPPLY,4402.166666666667,0.0
434,1.1,Yellow-S,1027,1021,12.0,98.0,6.0,4500.0,0.021777777777777778,OVERSUPPLY,4402.0,0.0
434,1.1,Yellow-S,1027,1021,13.0,93.16666666666667,6.0,4500.0,0.020703703703703703,OVERSUPPLY,4406.833333333333,0.0
434,1.1,Yellow-S,1027,1021,14.0,118.33333333333333,6.0,4500.0,0.026296296296296297,OVERSUPPLY,4381.666666666667,0.0
434,1.1,Yellow-S,1027,1021,15.0,143.33333333333334,6.0,4500.0,0.03185185185185185,OVERSUPPLY,4356.666666666667,0.0
434,1.1,Yellow-S,1027,1021,16.0,172.83333333333334,6.0,4500.0,0.03840740740740741,OVERSUPPLY,4327.166666666667,0.0
434,1.1,Yellow-S,1027,1021,17.0,281.3333333333333,6.0,4500.0,0.06251851851851851,OVERSUPPLY,4218.666666666667,0.0
434,1.1,Yellow-S,1027,1021,18.0,168.66666666666666,6.0,4500.0,0.03748148148148148,OVERSUPPLY,4331.333333333333,0.0
434,1.1,Yellow-S,1027,1021,19.0,100.66666666666667,6.0,4500.0,0.02237037037037037,OVERSUPPLY,4399.333333333333,0.0
434,1.1,Yellow-S,1027,1021,20.0,65.5,6.0,4500.0,0.014555555555555556,OVERSUPPLY,4434.5,0.0
434,1.1,Yellow-S,1027,1021,21.0,51.833333333333336,4.0,3000.0,0.017277777777777777,OVERSUPPLY,2948.1666666666665,0.0
434,1.1,Yellow-S,1027,1021,22.0,41.0,3.0,2250.0,0.018222222222222223,OVERSUPPLY,2209.0,0.0
434,1.1,Yellow-S,1027,1021,23.0,25.166666666666668,3.0,2250.0,0.011185185185185185,OVERSUPPLY,2224.8333333333335,0.0
436,1.1,Yellow-S,1028,1022,6.0,26.833333333333332,6.0,4500.0,0.0059629629629629624,OVERSUPPLY,4473.166666666667,0.0
436,1.1,Yellow-S,1028,1022,7.0,30.5,6.0,4500.0,0.0067777777777777775,OVERSUPPLY,4469.5,0.0
436,1.1,Yellow-S,1028,1022,8.0,23.0,6.0,4500.0,0.005111111111111111,OVERSUPPLY,4477.0,0.0
436,1.1,Yellow-S,1028,1022,9.0,22.666666666666664,6.0,4500.0,0.005037037037037037,OVERSUPPLY,4477.333333333333,0.0
436,1.1,Yellow-S,1028,1022,10.0,19.5,6.0,4500.0,0.004333333333333333,OVERSUPPLY,4480.5,0.0
436,1.1,Yellow-S,1028,1022,11.0,20.5,6.0,4500.0,0.004555555555555556,OVERSUPPLY,4479.5,0.0
436,1.1,Yellow-S,1028,1022,12.0,11.0,6.0,4500.0,0.0024444444444444444,OVERSUPPLY,4489.0,0.0
436,1.1,Yellow-S,1028,1022,13.0,7.833333333333333,6.0,4500.0,0.0017407407407407406,OVERSUPPLY,4492.166666666667,0.0
436,1.1,Yellow-S,1028,1022,14.0,9.166666666666666,6.0,4500.0,0.002037037037037037,OVERSUPPLY,4490.833333333333,0.0
436,1.1,Yellow-S,1028,1022,15.0,6.166666666666666,6.0,4500.0,0.0013703703703703703,OVERSUPPLY,4493.833333333333,0.0
436,1.1,Yellow-S,1028,1022,16.0,6.166666666666667,6.0,4500.0,0.0013703703703703705,OVERSUPPLY,4493.833333333333,0.0
436,1.1,Yellow-S,1028,1022,17.0,10.666666666666666,6.0,4500.0,0.0023703703703703703,OVERSUPPLY,4489.333333333333,0.0
436,1.1,Yellow-S,1028,1022,18.0,7.166666666666666,6.0,4500.0,0.0015925925925925925,OVERSUPPLY,4492.833333333333,0.0
436,1.1,Yellow-S,1028,1022,19.0,7.0,6.0,4500.0,0.0015555555555555555,OVERSUPPLY,4493.0,0.0
436,1.1,Yellow-S,1028,1022,20.0,7.833333333333334,6.0,4500.0,0.0017407407407407408,OVERSUPPLY,4492.166666666667,0.0
436,1.1,Yellow-S,1028,1022,21.0,4.333333333333333,4.0,3000.0,0.0014444444444444444,OVERSUPPLY,2995.6666666666665,0.0
436,1.1,Yellow-S,1028,1022,22.0,3.833333333333333,3.0,2250.0,0.0017037037037037036,OVERSUPPLY,2246.1666666666665,0.0
436,1.1,Yellow-S,1028,1022,23.0,0.5,3.0,2250.0,0.00022222222222222223,OVERSUPPLY,2249.5,0.0
438,1.1,Yellow-S,1029,1041,5.0,272.1666666666667,6.0,4500.0,0.06048148148148148,OVERSUPPLY,4227.833333333333,0.0
438,1.1,Yellow-S,1029,1041,6.0,1028.1666666666667,6.0,4500.0,0.2284814814814815,BALANCED,3471.833333333333,0.0
438,1.1,Yellow-S,1029,1041,7.0,1553.6666666666667,6.0,4500.0,0.34525925925925927,BALANCED,2946.333333333333,0.0
438,1.1,Yellow-S,1029,1041,8.0,1885.0,6.0,4500.0,0.41888888888888887,BALANCED,2615.0,0.0
438,1.1,Yellow-S,1029,1041,9.0,1173.0,6.0,4500.0,0.26066666666666666,BALANCED,3327.0,0.0
438,1.1,Yellow-S,1029,1041,10.0,646.1666666666666,6.0,4500.0,0.14359259259259258,OVERSUPPLY,3853.8333333333335,0.0
438,1.1,Yellow-S,1029,1041,11.0,501.0,6.0,4500.0,0.11133333333333334,OVERSUPPLY,3999.0,0.0
438,1.1,Yellow-S,1029,1041,12.0,433.5,6.0,4500.0,0.09633333333333334,OVERSUPPLY,4066.5,0.0
438,1.1,Yellow-S,1029,1041,13.0,397.5,6.0,4500.0,0.08833333333333333,OVERSUPPLY,4102.5,0.0
438,1.1,Yellow-S,1029,1041,14.0,412.0,6.0,4500.0,0.09155555555555556,OVERSUPPLY,4088.0,0.0
438,1.1,Yellow-S,1029,1041,15.0,453.1666666666667,6.0,4500.0,0.10070370370370371,OVERSUPPLY,4046.8333333333335,0.0
438,1.1,Yellow-S,1029,1041,16.0,568.1666666666666,6.0,4500.0,0.12625925925925924,OVERSUPPLY,3931.8333333333335,0.0
438,1.1,Yellow-S,1029,1041,17.0,740.3333333333334,6.0,4500.0,0.16451851851851854,OVERSUPPLY,3759.6666666666665,0.0
438,1.1,Yellow-S,1029,1041,18.0,545.6666666666666,6.0,4500.0,0.12125925925925925,OVERSUPPLY,3954.3333333333335,0.0
438,1.1,Yellow-S,1029,1041,19.0,323.3333333333333,6.0,4500.0,0.07185185185185185,OVERSUPPLY,4176.666666666667,0.0
438,1.1,Yellow-S,1029,1041,20.0,178.0,6.0,4500.0,0.03955555555555555,OVERSUPPLY,4322.0,0.0
438,1.1,Yellow-S,1029,1041,21.0,156.0,4.0,3000.0,0.052,OVERSUPPLY,2844.0,0.0
438,1.1,Yellow-S,1029,1041,22.0,151.66666666666666,3.0,2250.0,0.0674074074074074,OVERSUPPLY,2098.3333333333335,0.0
438,1.1,Yellow-S,1029,1041,23.0,80.66666666666667,3.0,2250.0,0.03585185185185186,OVERSUPPLY,2169.3333333333335,0.0
440,1.1,Yellow-S,1030,1042,5.0,158.66666666666666,6.0,4500.0,0.035259259259259254,OVERSUPPLY,4341.333333333333,0.0
440,1.1,Yellow-S,1030,1042,6.0,481.1666666666667,6.0,4500.0,0.10692592592592592,OVERSUPPLY,4018.8333333333335,0.0
440,1.1,Yellow-S,1030,1042,7.0,896.6666666666666,6.0,4500.0,0.19925925925925925,OVERSUPPLY,3603.3333333333335,0.0
440,1.1,Yellow-S,1030,1042,8.0,1203.1666666666667,6.0,4500.0,0.26737037037037037,BALANCED,3296.833333333333,0.0
440,1.1,Yellow-S,1030,1042,9.0,775.8333333333334,6.0,4500.0,0.17240740740740743,OVERSUPPLY,3724.1666666666665,0.0
440,1.1,Yellow-S,1030,1042,10.0,442.0,6.0,4500.0,0.09822222222222222,OVERSUPPLY,4058.0,0.0
440,1.1,Yellow-S,1030,1042,11.0,346.1666666666667,6.0,4500.0,0.07692592592592593,OVERSUPPLY,4153.833333333333,0.0
440,1.1,Yellow-S,1030,1042,12.0,307.0,6.0,4500.0,0.06822222222222223,OVERSUPPLY,4193.0,0.0
440,1.1,Yellow-S,1030,1042,13.0,291.1666666666667,6.0,4500.0,0.06470370370370371,OVERSUPPLY,4208.833333333333,0.0
440,1.1,Yellow-S,1030,1042,14.0,311.8333333333333,6.0,4500.0,0.06929629629629629,OVERSUPPLY,4188.166666666667,0.0
440,1.1,Yellow-S,1030,1042,15.0,366.6666666666667,6.0,4500.0,0.08148148148148149,OVERSUPPLY,4133.333333333333,0.0
440,1.1,Yellow-S,1030,1042,16.0,460.5,6.0,4500.0,0.10233333333333333,OVERSUPPLY,4039.5,0.0
440,1.1,Yellow-S,1030,1042,17.0,619.3333333333334,6.0,4500.0,0.13762962962962963,OVERSUPPLY,3880.6666666666665,0.0
440,1.1,Yellow-S,1030,1042,18.0,446.5,6.0,4500.0,0.09922222222222223,OVERSUPPLY,4053.5,0.0
440,1.1,Yellow-S,1030,1042,19.0,262.8333333333333,6.0,4500.0,0.0584074074074074,OVERSUPPLY,4237.166666666667,0.0
440,1.1,Yellow-S,1030,1042,20.0,131.66666666666666,6.0,4500.0,0.029259259259259256,OVERSUPPLY,4368.333333333333,0.0
440,1.1,Yellow-S,1030,1042,21.0,117.83333333333333,4.0,3000.0,0.03927777777777778,OVERSUPPLY,2882.1666666666665,0.0
440,1.1,Yellow-S,1030,1042,22.0,121.33333333333333,3.0,2250.0,0.053925925925925926,OVERSUPPLY,2128.6666666666665,0.0
440,1.1,Yellow-S,1030,1042,23.0,65.33333333333333,3.0,2250.0,0.029037037037037035,OVERSUPPLY,2184.6666666666665,0.0
442,1.1,Yellow-S,1031,1043,5.0,61.166666666666664,6.0,4500.0,0.013592592592592592,OVERSUPPLY,4438.833333333333,0.0
442,1.1,Yellow-S,1031,1043,6.0,238.5,6.0,4500.0,0.053,OVERSUPPLY,4261.5,0.0
442,1.1,Yellow-S,1031,1043,7.0,345.3333333333333,6.0,4500.0,0.07674074074074073,OVERSUPPLY,4154.666666666667,0.0
442,1.1,Yellow-S,1031,1043,8.0,337.3333333333333,6.0,4500.0,0.07496296296296295,OVERSUPPLY,4162.666666666667,0.0
442,1.1,Yellow-S,1031,1043,9.0,201.0,6.0,4500.0,0.04466666666666667,OVERSUPPLY,4299.0,0.0
442,1.1,Yellow-S,1031,1043,10.0,105.0,6.0,4500.0,0.023333333333333334,OVERSUPPLY,4395.0,0.0
442,1.1,Yellow-S,1031,1043,11.0,81.83333333333333,6.0,4500.0,0.018185185185185183,OVERSUPPLY,4418.166666666667,0.0
442,1.1,Yellow-S,1031,1043,12.0,63.833333333333336,6.0,4500.0,0.014185185185185186,OVERSUPPLY,4436.166666666667,0.0
442,1.1,Yellow-S,1031,1043,13.0,49.0,6.0,4500.0,0.010888888888888889,OVERSUPPLY,4451.0,0.0
442,1.1,Yellow-S,1031,1043,14.0,47.666666666666664,6.0,4500.0,0.010592592592592593,OVERSUPPLY,4452.333333333333,0.0
442,1.1,Yellow-S,1031,1043,15.0,38.833333333333336,6.0,4500.0,0.00862962962962963,OVERSUPPLY,4461.166666666667,0.0
442,1.1,Yellow-S,1031,1043,16.0,60.5,6.0,4500.0,0.013444444444444445,OVERSUPPLY,4439.5,0.0
442,1.1,Yellow-S,1031,1043,17.0,65.5,6.0,4500.0,0.014555555555555556,OVERSUPPLY,4434.5,0.0
442,1.1,Yellow-S,1031,1043,18.0,46.333333333333336,6.0,4500.0,0.010296296296296296,OVERSUPPLY,4453.666666666667,0.0
442,1.1,Yellow-S,1031,1043,19.0,27.5,6.0,4500.0,0.006111111111111111,OVERSUPPLY,4472.5,0.0
442,1.1,Yellow-S,1031,1043,20.0,21.333333333333332,6.0,4500.0,0.004740740740740741,OVERSUPPLY,4478.666666666667,0.0
442,1.1,Yellow-S,1031,1043,21.0,17.333333333333332,4.0,3000.0,0.0057777777777777775,OVERSUPPLY,2982.6666666666665,0.0
442,1.1,Yellow-S,1031,1043,22.0,12.0,3.0,2250.0,0.005333333333333333,OVERSUPPLY,2238.0,0.0
442,1.1,Yellow-S,1031,1043,23.0,4.5,3.0,2250.0,0.002,OVERSUPPLY,2245.5,0.0
444,1.1,Yellow-S,1032,1014,5.0,11.5,6.0,4500.0,0.0025555555555555557,OVERSUPPLY,4488.5,0.0
444,1.1,Yellow-S,1032,1014,6.0,208.16666666666666,6.0,4500.0,0.04625925925925926,OVERSUPPLY,4291.833333333333,0.0
444,1.1,Yellow-S,1032,1014,7.0,287.0,6.0,4500.0,0.06377777777777778,OVERSUPPLY,4213.0,0.0
444,1.1,Yellow-S,1032,1014,8.0,364.3333333333333,6.0,4500.0,0.08096296296296296,OVERSUPPLY,4135.666666666667,0.0
444,1.1,Yellow-S,1032,1014,9.0,254.66666666666666,6.0,4500.0,0.05659259259259259,OVERSUPPLY,4245.333333333333,0.0
444,1.1,Yellow-S,1032,1014,10.0,188.83333333333334,6.0,4500.0,0.041962962962962966,OVERSUPPLY,4311.166666666667,0.0
444,1.1,Yellow-S,1032,1014,11.0,191.83333333333334,6.0,4500.0,0.04262962962962963,OVERSUPPLY,4308.166666666667,0.0
444,1.1,Yellow-S,1032,1014,12.0,185.5,6.0,4500.0,0.04122222222222222,OVERSUPPLY,4314.5,0.0
444,1.1,Yellow-S,1032,1014,13.0,184.0,6.0,4500.0,0.04088888888888889,OVERSUPPLY,4316.0,0.0
444,1.1,Yellow-S,1032,1014,14.0,245.16666666666666,6.0,4500.0,0.05448148148148148,OVERSUPPLY,4254.833333333333,0.0
444,1.1,Yellow-S,1032,1014,15.0,349.8333333333333,6.0,4500.0,0.07774074074074074,OVERSUPPLY,4150.166666666667,0.0
444,1.1,Yellow-S,1032,1014,16.0,464.6666666666667,6.0,4500.0,0.10325925925925926,OVERSUPPLY,4035.3333333333335,0.0
444,1.1,Yellow-S,1032,1014,17.0,722.6666666666666,6.0,4500.0,0.1605925925925926,OVERSUPPLY,3777.3333333333335,0.0
444,1.1,Yellow-S,1032,1014,18.0,440.3333333333333,6.0,4500.0,0.09785185185185184,OVERSUPPLY,4059.6666666666665,0.0
444,1.1,Yellow-S,1032,1014,19.0,240.16666666666666,6.0,4500.0,0.05337037037037037,OVERSUPPLY,4259.833333333333,0.0
444,1.1,Yellow-S,1032,1014,20.0,156.33333333333334,6.0,4500.0,0.034740740740740746,OVERSUPPLY,4343.666666666667,0.0
444,1.1,Yellow-S,1032,1014,21.0,111.83333333333333,4.0,3000.0,0.03727777777777778,OVERSUPPLY,2888.1666666666665,0.0
444,1.1,Yellow-S,1032,1014,22.0,126.83333333333333,3.0,2250.0,0.05637037037037037,OVERSUPPLY,2123.1666666666665,0.0
444,1.1,Yellow-S,1032,1014,23.0,77.83333333333333,3.0,2250.0,0.03459259259259259,OVERSUPPLY,2172.1666666666665,0.0
446,1.1,Yellow-S,1033,1015,5.0,10.166666666666666,6.0,4500.0,0.002259259259259259,OVERSUPPLY,4489.833333333333,0.0
446,1.1,Yellow-S,1033,1015,6.0,119.66666666666667,6.0,4500.0,0.026592592592592595,OVERSUPPLY,4380.333333333333,0.0
446,1.1,Yellow-S,1033,1015,7.0,198.0,6.0,4500.0,0.044,OVERSUPPLY,4302.0,0.0
446,1.1,Yellow-S,1033,1015,8.0,277.3333333333333,6.0,4500.0,0.061629629629629624,OVERSUPPLY,4222.666666666667,0.0
446,1.1,Yellow-S,1033,1015,9.0,186.33333333333334,6.0,4500.0,0.04140740740740741,OVERSUPPLY,4313.666666666667,0.0
446,1.1,Yellow-S,1033,1015,10.0,138.83333333333334,6.0,4500.0,0.030851851851851853,OVERSUPPLY,4361.166666666667,0.0
446,1.1,Yellow-S,1033,1015,11.0,145.16666666666666,6.0,4500.0,0.03225925925925926,OVERSUPPLY,4354.833333333333,0.0
446,1.1,Yellow-S,1033,1015,12.0,154.5,6.0,4500.0,0.034333333333333334,OVERSUPPLY,4345.5,0.0
446,1.1,Yellow-S,1033,1015,13.0,159.0,6.0,4500.0,0.035333333333333335,OVERSUPPLY,4341.0,0.0
446,1.1,Yellow-S,1033,1015,14.0,221.66666666666669,6.0,4500.0,0.049259259259259267,OVERSUPPLY,4278.333333333333,0.0
446,1.1,Yellow-S,1033,1015,15.0,329.5,6.0,4500.0,0.07322222222222222,OVERSUPPLY,4170.5,0.0
446,1.1,Yellow-S,1033,1015,16.0,444.3333333333333,6.0,4500.0,0.09874074074074074,OVERSUPPLY,4055.6666666666665,0.0
446,1.1,Yellow-S,1033,1015,17.0,699.5,6.0,4500.0,0.15544444444444444,OVERSUPPLY,3800.5,0.0
446,1.1,Yellow-S,1033,1015,18.0,420.8333333333333,6.0,4500.0,0.09351851851851851,OVERSUPPLY,4079.1666666666665,0.0
446,1.1,Yellow-S,1033,1015,19.0,222.5,6.0,4500.0,0.049444444444444444,OVERSUPPLY,4277.5,0.0
446,1.1,Yellow-S,1033,1015,20.0,137.0,6.0,4500.0,0.030444444444444444,OVERSUPPLY,4363.0,0.0
446,1.1,Yellow-S,1033,1015,21.0,102.16666666666667,4.0,3000.0,0.034055555555555554,OVERSUPPLY,2897.8333333333335,0.0
446,1.1,Yellow-S,1033,1015,22.0,115.16666666666667,3.0,2250.0,0.05118518518518519,OVERSUPPLY,2134.8333333333335,0.0
446,1.1,Yellow-S,1033,1015,23.0,74.83333333333333,3.0,2250.0,0.03325925925925926,OVERSUPPLY,2175.1666666666665,0.0
448,1.1,Yellow-S,1034,1016,5.0,1.3333333333333333,6.0,4500.0,0.0002962962962962963,OVERSUPPLY,4498.666666666667,0.0
448,1.1,Yellow-S,1034,1016,6.0,37.166666666666664,6.0,4500.0,0.00825925925925926,OVERSUPPLY,4462.833333333333,0.0
448,1.1,Yellow-S,1034,1016,7.0,42.333333333333336,6.0,4500.0,0.009407407407407408,OVERSUPPLY,4457.666666666667,0.0
448,1.1,Yellow-S,1034,1016,8.0,38.333333333333336,6.0,4500.0,0.008518518518518519,OVERSUPPLY,4461.666666666667,0.0
448,1.1,Yellow-S,1034,1016,9.0,31.5,6.0,4500.0,0.007,OVERSUPPLY,4468.5,0.0
448,1.1,Yellow-S,1034,1016,10.0,25.333333333333332,6.0,4500.0,0.005629629629629629,OVERSUPPLY,4474.666666666667,0.0
448,1.1,Yellow-S,1034,1016,11.0,26.166666666666668,6.0,4500.0,0.005814814814814815,OVERSUPPLY,4473.833333333333,0.0
448,1.1,Yellow-S,1034,1016,12.0,14.5,6.0,4500.0,0.0032222222222222222,OVERSUPPLY,4485.5,0.0
448,1.1,Yellow-S,1034,1016,13.0,10.166666666666666,6.0,4500.0,0.002259259259259259,OVERSUPPLY,4489.833333333333,0.0
448,1.1,Yellow-S,1034,1016,14.0,11.666666666666666,6.0,4500.0,0.0025925925925925925,OVERSUPPLY,4488.333333333333,0.0
448,1.1,Yellow-S,1034,1016,15.0,9.0,6.0,4500.0,0.002,OVERSUPPLY,4491.0,0.0
448,1.1,Yellow-S,1034,1016,16.0,10.5,6.0,4500.0,0.0023333333333333335,OVERSUPPLY,4489.5,0.0
448,1.1,Yellow-S,1034,1016,17.0,14.833333333333334,6.0,4500.0,0.0032962962962962963,OVERSUPPLY,4485.166666666667,0.0
448,1.1,Yellow-S,1034,1016,18.0,10.166666666666666,6.0,4500.0,0.002259259259259259,OVERSUPPLY,4489.833333333333,0.0
448,1.1,Yellow-S,1034,1016,19.0,10.166666666666666,6.0,4500.0,0.002259259259259259,OVERSUPPLY,4489.833333333333,0.0
448,1.1,Yellow-S,1034,1016,20.0,10.333333333333334,6.0,4500.0,0.0022962962962962963,OVERSUPPLY,4489.666666666667,0.0
448,1.1,Yellow-S,1034,1016,21.0,5.5,4.0,3000.0,0.0018333333333333333,OVERSUPPLY,2994.5,0.0
448,1.1,Yellow-S,1034,1016,22.0,4.666666666666666,3.0,2250.0,0.0020740740740740737,OVERSUPPLY,2245.3333333333335,0.0
448,1.1,Yellow-S,1034,1016,23.0,0.5,3.0,2250.0,0.00022222222222222223,OVERSUPPLY,2249.5,0.0
450,1.1,Yellow-S,1035,1046,5.0,38.5,6.0,4500.0,0.008555555555555556,OVERSUPPLY,4461.5,0.0
450,1.1,Yellow-S,1035,1046,6.0,207.83333333333334,6.0,4500.0,0.04618518518518519,OVERSUPPLY,4292.166666666667,0.0
450,1.1,Yellow-S,1035,1046,7.0,207.33333333333334,6.0,4500.0,0.04607407407407407,OVERSUPPLY,4292.666666666667,0.0
450,1.1,Yellow-S,1035,1046,8.0,191.66666666666666,6.0,4500.0,0.04259259259259259,OVERSUPPLY,4308.333333333333,0.0
450,1.1,Yellow-S,1035,1046,9.0,87.5,6.0,4500.0,0.019444444444444445,OVERSUPPLY,4412.5,0.0
450,1.1,Yellow-S,1035,1046,10.0,43.5,6.0,4500.0,0.009666666666666667,OVERSUPPLY,4456.5,0.0
450,1.1,Yellow-S,1035,1046,11.0,28.0,6.0,4500.0,0.006222222222222222,OVERSUPPLY,4472.0,0.0
450,1.1,Yellow-S,1035,1046,12.0,27.333333333333332,6.0,4500.0,0.006074074074074074,OVERSUPPLY,4472.666666666667,0.0
450,1.1,Yellow-S,1035,1046,13.0,23.5,6.0,4500.0,0.005222222222222222,OVERSUPPLY,4476.5,0.0
450,1.1,Yellow-S,1035,1046,14.0,24.0,6.0,4500.0,0.005333333333333333,OVERSUPPLY,4476.0,0.0
450,1.1,Yellow-S,1035,1046,15.0,23.333333333333332,6.0,4500.0,0.005185185185185185,OVERSUPPLY,4476.666666666667,0.0
450,1.1,Yellow-S,1035,1046,16.0,14.166666666666666,6.0,4500.0,0.003148148148148148,OVERSUPPLY,4485.833333333333,0.0
450,1.1,Yellow-S,1035,1046,17.0,18.666666666666664,6.0,4500.0,0.004148148148148147,OVERSUPPLY,4481.333333333333,0.0
450,1.1,Yellow-S,1035,1046,18.0,11.166666666666666,6.0,4500.0,0.002481481481481481,OVERSUPPLY,4488.833333333333,0.0
450,1.1,Yellow-S,1035,1046,19.0,9.333333333333332,6.0,4500.0,0.0020740740740740737,OVERSUPPLY,4490.666666666667,0.0
450,1.1,Yellow-S,1035,1046,20.0,9.666666666666666,6.0,4500.0,0.002148148148148148,OVERSUPPLY,4490.333333333333,0.0
450,1.1,Yellow-S,1035,1046,21.0,12.833333333333332,4.0,3000.0,0.004277777777777777,OVERSUPPLY,2987.1666666666665,0.0
450,1.1,Yellow-S,1035,1046,22.0,7.166666666666666,3.0,2250.0,0.003185185185185185,OVERSUPPLY,2242.8333333333335,0.0
450,1.1,Yellow-S,1035,1046,23.0,3.5,3.0,2250.0,0.0015555555555555555,OVERSUPPLY,2246.5,0.0
452,1.1,Yellow-S,1036,1047,5.0,267.1666666666667,6.0,4500.0,0.05937037037037037,OVERSUPPLY,4232.833333333333,0.0
452,1.1,Yellow-S,1036,1047,6.0,907.5,6.0,4500.0,0.20166666666666666,BALANCED,3592.5,0.0
452,1.1,Yellow-S,1036,1047,7.0,1328.3333333333333,6.0,4500.0,0.29518518518518516,BALANCED,3171.666666666667,0.0
452,1.1,Yellow-S,1036,1047,8.0,1290.0,6.0,4500.0,0.2866666666666667,BALANCED,3210.0,0.0
452,1.1,Yellow-S,1036,1047,9.0,691.8333333333334,6.0,4500.0,0.15374074074074076,OVERSUPPLY,3808.1666666666665,0.0
452,1.1,Yellow-S,1036,1047,10.0,372.5,6.0,4500.0,0.08277777777777778,OVERSUPPLY,4127.5,0.0
452,1.1,Yellow-S,1036,1047,11.0,288.6666666666667,6.0,4500.0,0.06414814814814815,OVERSUPPLY,4211.333333333333,0.0
452,1.1,Yellow-S,1036,1047,12.0,215.0,6.0,4500.0,0.04777777777777778,OVERSUPPLY,4285.0,0.0
452,1.1,Yellow-S,1036,1047,13.0,190.83333333333334,6.0,4500.0,0.04240740740740741,OVERSUPPLY,4309.166666666667,0.0
452,1.1,Yellow-S,1036,1047,14.0,201.0,6.0,4500.0,0.04466666666666667,OVERSUPPLY,4299.0,0.0
452,1.1,Yellow-S,1036,1047,15.0,197.33333333333334,6.0,4500.0,0.04385185185185186,OVERSUPPLY,4302.666666666667,0.0
452,1.1,Yellow-S,1036,1047,16.0,312.5,6.0,4500.0,0.06944444444444445,OVERSUPPLY,4187.5,0.0
452,1.1,Yellow-S,1036,1047,17.0,316.3333333333333,6.0,4500.0,0.07029629629629629,OVERSUPPLY,4183.666666666667,0.0
452,1.1,Yellow-S,1036,1047,18.0,234.5,6.0,4500.0,0.05211111111111111,OVERSUPPLY,4265.5,0.0
452,1.1,Yellow-S,1036,1047,19.0,118.0,6.0,4500.0,0.026222222222222223,OVERSUPPLY,4382.0,0.0
452,1.1,Yellow-S,1036,1047,20.0,82.33333333333333,6.0,4500.0,0.018296296296296297,OVERSUPPLY,4417.666666666667,0.0
452,1.1,Yellow-S,1036,1047,21.0,72.83333333333333,4.0,3000.0,0.024277777777777777,OVERSUPPLY,2927.1666666666665,0.0
452,1.1,Yellow-S,1036,1047,22.0,53.5,3.0,2250.0,0.023777777777777776,OVERSUPPLY,2196.5,0.0
452,1.1,Yellow-S,1036,1047,23.0,22.5,3.0,2250.0,0.01,OVERSUPPLY,2227.5,0.0
456,1.1,Yellow-S,1038,1007,5.0,171.33333333333334,6.0,4500.0,0.03807407407407408,OVERSUPPLY,4328.666666666667,0.0
456,1.1,Yellow-S,1038,1007,6.0,707.0,6.0,4500.0,0.15711111111111112,OVERSUPPLY,3793.0,0.0
456,1.1,Yellow-S,1038,1007,7.0,881.3333333333334,6.0,4500.0,0.19585185185185186,OVERSUPPLY,3618.6666666666665,0.0
456,1.1,Yellow-S,1038,1007,8.0,907.3333333333334,6.0,4500.0,0.20162962962962963,BALANCED,3592.6666666666665,0.0
456,1.1,Yellow-S,1038,1007,9.0,501.3333333333333,6.0,4500.0,0.1114074074074074,OVERSUPPLY,3998.6666666666665,0.0
456,1.1,Yellow-S,1038,1007,10.0,259.5,6.0,4500.0,0.057666666666666665,OVERSUPPLY,4240.5,0.0
456,1.1,Yellow-S,1038,1007,11.0,193.66666666666666,6.0,4500.0,0.04303703703703703,OVERSUPPLY,4306.333333333333,0.0
456,1.1,Yellow-S,1038,1007,12.0,159.83333333333334,6.0,4500.0,0.03551851851851852,OVERSUPPLY,4340.166666666667,0.0
456,1.1,Yellow-S,1038,1007,13.0,130.33333333333334,6.0,4500.0,0.028962962962962965,OVERSUPPLY,4369.666666666667,0.0
456,1.1,Yellow-S,1038,1007,14.0,142.16666666666666,6.0,4500.0,0.03159259259259259,OVERSUPPLY,4357.833333333333,0.0
456,1.1,Yellow-S,1038,1007,15.0,144.16666666666666,6.0,4500.0,0.03203703703703704,OVERSUPPLY,4355.833333333333,0.0
456,1.1,Yellow-S,1038,1007,16.0,218.5,6.0,4500.0,0.04855555555555555,OVERSUPPLY,4281.5,0.0
456,1.1,Yellow-S,1038,1007,17.0,211.5,6.0,4500.0,0.047,OVERSUPPLY,4288.5,0.0
456,1.1,Yellow-S,1038,1007,18.0,136.0,6.0,4500.0,0.030222222222222223,OVERSUPPLY,4364.0,0.0
456,1.1,Yellow-S,1038,1007,19.0,76.66666666666667,6.0,4500.0,0.017037037037037038,OVERSUPPLY,4423.333333333333,0.0
456,1.1,Yellow-S,1038,1007,20.0,55.166666666666664,6.0,4500.0,0.012259259259259258,OVERSUPPLY,4444.833333333333,0.0
456,1.1,Yellow-S,1038,1007,21.0,55.333333333333336,4.0,3000.0,0.018444444444444444,OVERSUPPLY,2944.6666666666665,0.0
456,1.1,Yellow-S,1038,1007,22.0,39.33333333333333,3.0,2250.0,0.01748148148148148,OVERSUPPLY,2210.6666666666665,0.0
456,1.1,Yellow-S,1038,1007,23.0,15.833333333333332,3.0,2250.0,0.007037037037037036,OVERSUPPLY,2234.1666666666665,0.0
458,1.1,Yellow-S,1039,1008,5.0,3.8333333333333335,6.0,4500.0,0.0008518518518518519,OVERSUPPLY,4496.166666666667,0.0
458,1.1,Yellow-S,1039,1008,6.0,23.0,6.0,4500.0,0.005111111111111111,OVERSUPPLY,4477.0,0.0
458,1.1,Yellow-S,1039,1008,7.0,57.16666666666667,6.0,4500.0,0.012703703703703705,OVERSUPPLY,4442.833333333333,0.0
458,1.1,Yellow-S,1039,1008,8.0,106.66666666666667,6.0,4500.0,0.023703703703703706,OVERSUPPLY,4393.333333333333,0.0
458,1.1,Yellow-S,1039,1008,9.0,66.66666666666667,6.0,4500.0,0.014814814814814815,OVERSUPPLY,4433.333333333333,0.0
458,1.1,Yellow-S,1039,1008,10.0,33.833333333333336,6.0,4500.0,0.007518518518518519,OVERSUPPLY,4466.166666666667,0.0
458,1.1,Yellow-S,1039,1008,11.0,23.333333333333332,6.0,4500.0,0.005185185185185185,OVERSUPPLY,4476.666666666667,0.0
458,1.1,Yellow-S,1039,1008,12.0,25.166666666666668,6.0,4500.0,0.005592592592592593,OVERSUPPLY,4474.833333333333,0.0
458,1.1,Yellow-S,1039,1008,13.0,18.833333333333332,6.0,4500.0,0.004185185185185185,OVERSUPPLY,4481.166666666667,0.0
458,1.1,Yellow-S,1039,1008,14.0,20.166666666666668,6.0,4500.0,0.004481481481481482,OVERSUPPLY,4479.833333333333,0.0
458,1.1,Yellow-S,1039,1008,15.0,24.166666666666668,6.0,4500.0,0.005370370370370371,OVERSUPPLY,4475.833333333333,0.0
458,1.1,Yellow-S,1039,1008,16.0,41.5,6.0,4500.0,0.009222222222222222,OVERSUPPLY,4458.5,0.0
458,1.1,Yellow-S,1039,1008,17.0,44.0,6.0,4500.0,0.009777777777777778,OVERSUPPLY,4456.0,0.0
458,1.1,Yellow-S,1039,1008,18.0,30.166666666666664,6.0,4500.0,0.006703703703703703,OVERSUPPLY,4469.833333333333,0.0
458,1.1,Yellow-S,1039,1008,19.0,14.5,6.0,4500.0,0.0032222222222222222,OVERSUPPLY,4485.5,0.0
458,1.1,Yellow-S,1039,1008,20.0,9.0,6.0,4500.0,0.002,OVERSUPPLY,4491.0,0.0
458,1.1,Yellow-S,1039,1008,21.0,9.0,4.0,3000.0,0.003,OVERSUPPLY,2991.0,0.0
458,1.1,Yellow-S,1039,1008,22.0,6.5,3.0,2250.0,0.0028888888888888888,OVERSUPPLY,2243.5,0.0
458,1.1,Yellow-S,1039,1008,23.0,2.6666666666666665,3.0,2250.0,0.0011851851851851852,OVERSUPPLY,2247.3333333333335,0.0
460,1.1,Yellow-S,1040,1009,5.0,108.16666666666667,6.0,4500.0,0.024037037037037037,OVERSUPPLY,4391.833333333333,0.0
460,1.1,Yellow-S,1040,1009,6.0,366.6666666666667,6.0,4500.0,0.08148148148148149,OVERSUPPLY,4133.333333333333,0.0
460,1.1,Yellow-S,1040,1009,7.0,556.5,6.0,4500.0,0.12366666666666666,OVERSUPPLY,3943.5,0.0
460,1.1,Yellow-S,1040,1009,8.0,539.0,6.0,4500.0,0.11977777777777777,OVERSUPPLY,3961.0,0.0
460,1.1,Yellow-S,1040,1009,9.0,305.6666666666667,6.0,4500.0,0.06792592592592593,OVERSUPPLY,4194.333333333333,0.0
460,1.1,Yellow-S,1040,1009,10.0,162.33333333333334,6.0,4500.0,0.03607407407407408,OVERSUPPLY,4337.666666666667,0.0
460,1.1,Yellow-S,1040,1009,11.0,125.66666666666667,6.0,4500.0,0.027925925925925927,OVERSUPPLY,4374.333333333333,0.0
460,1.1,Yellow-S,1040,1009,12.0,91.83333333333333,6.0,4500.0,0.020407407407407405,OVERSUPPLY,4408.166666666667,0.0
460,1.1,Yellow-S,1040,1009,13.0,77.33333333333333,6.0,4500.0,0.017185185185185185,OVERSUPPLY,4422.666666666667,0.0
460,1.1,Yellow-S,1040,1009,14.0,84.33333333333333,6.0,4500.0,0.01874074074074074,OVERSUPPLY,4415.666666666667,0.0
460,1.1,Yellow-S,1040,1009,15.0,90.0,6.0,4500.0,0.02,OVERSUPPLY,4410.0,0.0
460,1.1,Yellow-S,1040,1009,16.0,154.66666666666666,6.0,4500.0,0.03437037037037037,OVERSUPPLY,4345.333333333333,0.0
460,1.1,Yellow-S,1040,1009,17.0,145.66666666666666,6.0,4500.0,0.03237037037037037,OVERSUPPLY,4354.333333333333,0.0
460,1.1,Yellow-S,1040,1009,18.0,90.0,6.0,4500.0,0.02,OVERSUPPLY,4410.0,0.0
460,1.1,Yellow-S,1040,1009,19.0,47.0,6.0,4500.0,0.010444444444444444,OVERSUPPLY,4453.0,0.0
460,1.1,Yellow-S,1040,1009,20.0,32.166666666666664,6.0,4500.0,0.007148148148148147,OVERSUPPLY,4467.833333333333,0.0
460,1.1,Yellow-S,1040,1009,21.0,27.0,4.0,3000.0,0.009,OVERSUPPLY,2973.0,0.0
460,1.1,Yellow-S,1040,1009,22.0,21.333333333333332,3.0,2250.0,0.009481481481481481,OVERSUPPLY,2228.6666666666665,0.0
460,1.1,Yellow-S,1040,1009,23.0,7.833333333333333,3.0,2250.0,0.0034814814814814812,OVERSUPPLY,2242.1666666666665,0.0
462,1.1,Yellow-S,1041,1055,5.0,123.16666666666667,6.0,4500.0,0.02737037037037037,OVERSUPPLY,4376.833333333333,0.0
462,1.1,Yellow-S,1041,1055,6.0,559.1666666666666,6.0,4500.0,0.12425925925925925,OVERSUPPLY,3940.8333333333335,0.0
462,1.1,Yellow-S,1041,1055,7.0,794.5,6.0,4500.0,0.17655555555555555,OVERSUPPLY,3705.5,0.0
462,1.1,Yellow-S,1041,1055,8.0,869.5,6.0,4500.0,0.1932222222222222,OVERSUPPLY,3630.5,0.0
462,1.1,Yellow-S,1041,1055,9.0,595.5,6.0,4500.0,0.13233333333333333,OVERSUPPLY,3904.5,0.0
462,1.1,Yellow-S,1041,1055,10.0,378.5,6.0,4500.0,0.08411111111111111,OVERSUPPLY,4121.5,0.0
462,1.1,Yellow-S,1041,1055,11.0,314.3333333333333,6.0,4500.0,0.06985185185185185,OVERSUPPLY,4185.666666666667,0.0
462,1.1,Yellow-S,1041,1055,12.0,273.6666666666667,6.0,4500.0,0.06081481481481482,OVERSUPPLY,4226.333333333333,0.0
462,1.1,Yellow-S,1041,1055,13.0,257.5,6.0,4500.0,0.05722222222222222,OVERSUPPLY,4242.5,0.0
462,1.1,Yellow-S,1041,1055,14.0,283.5,6.0,4500.0,0.063,OVERSUPPLY,4216.5,0.0
462,1.1,Yellow-S,1041,1055,15.0,313.1666666666667,6.0,4500.0,0.0695925925925926,OVERSUPPLY,4186.833333333333,0.0
462,1.1,Yellow-S,1041,1055,16.0,390.1666666666667,6.0,4500.0,0.08670370370370371,OVERSUPPLY,4109.833333333333,0.0
462,1.1,Yellow-S,1041,1055,17.0,539.1666666666666,6.0,4500.0,0.1198148148148148,OVERSUPPLY,3960.8333333333335,0.0
462,1.1,Yellow-S,1041,1055,18.0,394.6666666666667,6.0,4500.0,0.08770370370370371,OVERSUPPLY,4105.333333333333,0.0
462,1.1,Yellow-S,1041,1055,19.0,231.0,6.0,4500.0,0.051333333333333335,OVERSUPPLY,4269.0,0.0
462,1.1,Yellow-S,1041,1055,20.0,138.83333333333334,6.0,4500.0,0.030851851851851853,OVERSUPPLY,4361.166666666667,0.0
462,1.1,Yellow-S,1041,1055,21.0,107.16666666666666,4.0,3000.0,0.03572222222222222,OVERSUPPLY,2892.8333333333335,0.0
462,1.1,Yellow-S,1041,1055,22.0,121.83333333333333,3.0,2250.0,0.05414814814814815,OVERSUPPLY,2128.1666666666665,0.0
462,1.1,Yellow-S,1041,1055,23.0,60.833333333333336,3.0,2250.0,0.027037037037037037,OVERSUPPLY,2189.1666666666665,0.0
464,1.1,Yellow-S,1042,1056,5.0,82.83333333333333,6.0,4500.0,0.018407407407407407,OVERSUPPLY,4417.166666666667,0.0
464,1.1,Yellow-S,1042,1056,6.0,260.6666666666667,6.0,4500.0,0.05792592592592593,OVERSUPPLY,4239.333333333333,0.0
464,1.1,Yellow-S,1042,1056,7.0,489.5,6.0,4500.0,0.10877777777777778,OVERSUPPLY,4010.5,0.0
464,1.1,Yellow-S,1042,1056,8.0,597.8333333333334,6.0,4500.0,0.13285185185185186,OVERSUPPLY,3902.1666666666665,0.0
464,1.1,Yellow-S,1042,1056,9.0,404.6666666666667,6.0,4500.0,0.08992592592592594,OVERSUPPLY,4095.3333333333335,0.0
464,1.1,Yellow-S,1042,1056,10.0,265.6666666666667,6.0,4500.0,0.05903703703703704,OVERSUPPLY,4234.333333333333,0.0
464,1.1,Yellow-S,1042,1056,11.0,217.5,6.0,4500.0,0.04833333333333333,OVERSUPPLY,4282.5,0.0
464,1.1,Yellow-S,1042,1056,12.0,198.16666666666666,6.0,4500.0,0.044037037037037034,OVERSUPPLY,4301.833333333333,0.0
464,1.1,Yellow-S,1042,1056,13.0,194.5,6.0,4500.0,0.043222222222222224,OVERSUPPLY,4305.5,0.0
464,1.1,Yellow-S,1042,1056,14.0,223.16666666666666,6.0,4500.0,0.04959259259259259,OVERSUPPLY,4276.833333333333,0.0
464,1.1,Yellow-S,1042,1056,15.0,265.5,6.0,4500.0,0.059,OVERSUPPLY,4234.5,0.0
464,1.1,Yellow-S,1042,1056,16.0,337.1666666666667,6.0,4500.0,0.07492592592592592,OVERSUPPLY,4162.833333333333,0.0
464,1.1,Yellow-S,1042,1056,17.0,474.3333333333333,6.0,4500.0,0.10540740740740741,OVERSUPPLY,4025.6666666666665,0.0
464,1.1,Yellow-S,1042,1056,18.0,338.8333333333333,6.0,4500.0,0.07529629629629629,OVERSUPPLY,4161.166666666667,0.0
464,1.1,Yellow-S,1042,1056,19.0,194.16666666666666,6.0,4500.0,0.043148148148148144,OVERSUPPLY,4305.833333333333,0.0
464,1.1,Yellow-S,1042,1056,20.0,106.16666666666667,6.0,4500.0,0.023592592592592592,OVERSUPPLY,4393.833333333333,0.0
464,1.1,Yellow-S,1042,1056,21.0,84.33333333333333,4.0,3000.0,0.02811111111111111,OVERSUPPLY,2915.6666666666665,0.0
464,1.1,Yellow-S,1042,1056,22.0,101.0,3.0,2250.0,0.04488888888888889,OVERSUPPLY,2149.0,0.0
464,1.1,Yellow-S,1042,1056,23.0,53.666666666666664,3.0,2250.0,0.02385185185185185,OVERSUPPLY,2196.3333333333335,0.0
466,1.1,Yellow-S,1043,1057,5.0,23.166666666666664,6.0,4500.0,0.005148148148148147,OVERSUPPLY,4476.833333333333,0.0
466,1.1,Yellow-S,1043,1057,6.0,115.83333333333333,6.0,4500.0,0.02574074074074074,OVERSUPPLY,4384.166666666667,0.0
466,1.1,Yellow-S,1043,1057,7.0,159.16666666666666,6.0,4500.0,0.03537037037037037,OVERSUPPLY,4340.833333333333,0.0
466,1.1,Yellow-S,1043,1057,8.0,126.5,6.0,4500.0,0.02811111111111111,OVERSUPPLY,4373.5,0.0
466,1.1,Yellow-S,1043,1057,9.0,89.83333333333333,6.0,4500.0,0.019962962962962964,OVERSUPPLY,4410.166666666667,0.0
466,1.1,Yellow-S,1043,1057,10.0,59.5,6.0,4500.0,0.013222222222222222,OVERSUPPLY,4440.5,0.0
466,1.1,Yellow-S,1043,1057,11.0,53.666666666666664,6.0,4500.0,0.011925925925925925,OVERSUPPLY,4446.333333333333,0.0
466,1.1,Yellow-S,1043,1057,12.0,36.5,6.0,4500.0,0.00811111111111111,OVERSUPPLY,4463.5,0.0
466,1.1,Yellow-S,1043,1057,13.0,30.5,6.0,4500.0,0.0067777777777777775,OVERSUPPLY,4469.5,0.0
466,1.1,Yellow-S,1043,1057,14.0,29.166666666666668,6.0,4500.0,0.006481481481481482,OVERSUPPLY,4470.833333333333,0.0
466,1.1,Yellow-S,1043,1057,15.0,19.666666666666668,6.0,4500.0,0.004370370370370371,OVERSUPPLY,4480.333333333333,0.0
466,1.1,Yellow-S,1043,1057,16.0,30.333333333333332,6.0,4500.0,0.006740740740740741,OVERSUPPLY,4469.666666666667,0.0
466,1.1,Yellow-S,1043,1057,17.0,39.833333333333336,6.0,4500.0,0.008851851851851852,OVERSUPPLY,4460.166666666667,0.0
466,1.1,Yellow-S,1043,1057,18.0,30.166666666666668,6.0,4500.0,0.006703703703703704,OVERSUPPLY,4469.833333333333,0.0
466,1.1,Yellow-S,1043,1057,19.0,18.5,6.0,4500.0,0.004111111111111111,OVERSUPPLY,4481.5,0.0
466,1.1,Yellow-S,1043,1057,20.0,16.833333333333332,6.0,4500.0,0.0037407407407407407,OVERSUPPLY,4483.166666666667,0.0
466,1.1,Yellow-S,1043,1057,21.0,11.666666666666666,4.0,3000.0,0.0038888888888888888,OVERSUPPLY,2988.3333333333335,0.0
466,1.1,Yellow-S,1043,1057,22.0,8.833333333333332,3.0,2250.0,0.003925925925925926,OVERSUPPLY,2241.1666666666665,0.0
466,1.1,Yellow-S,1043,1057,23.0,2.0,3.0,2250.0,0.0008888888888888889,OVERSUPPLY,2248.0,0.0
468,1.1,Yellow-S,1044,1023,5.0,45.333333333333336,6.0,4500.0,0.010074074074074074,OVERSUPPLY,4454.666666666667,0.0
468,1.1,Yellow-S,1044,1023,6.0,228.16666666666666,6.0,4500.0,0.0507037037037037,OVERSUPPLY,4271.833333333333,0.0
468,1.1,Yellow-S,1044,1023,7.0,255.16666666666666,6.0,4500.0,0.0567037037037037,OVERSUPPLY,4244.833333333333,0.0
468,1.1,Yellow-S,1044,1023,8.0,226.0,6.0,4500.0,0.050222222222222224,OVERSUPPLY,4274.0,0.0
468,1.1,Yellow-S,1044,1023,9.0,109.66666666666667,6.0,4500.0,0.024370370370370372,OVERSUPPLY,4390.333333333333,0.0
468,1.1,Yellow-S,1044,1023,10.0,57.0,6.0,4500.0,0.012666666666666666,OVERSUPPLY,4443.0,0.0
468,1.1,Yellow-S,1044,1023,11.0,42.0,6.0,4500.0,0.009333333333333334,OVERSUPPLY,4458.0,0.0
468,1.1,Yellow-S,1044,1023,12.0,36.666666666666664,6.0,4500.0,0.008148148148148147,OVERSUPPLY,4463.333333333333,0.0
468,1.1,Yellow-S,1044,1023,13.0,32.666666666666664,6.0,4500.0,0.007259259259259259,OVERSUPPLY,4467.333333333333,0.0
468,1.1,Yellow-S,1044,1023,14.0,33.833333333333336,6.0,4500.0,0.007518518518518519,OVERSUPPLY,4466.166666666667,0.0
468,1.1,Yellow-S,1044,1023,15.0,31.833333333333332,6.0,4500.0,0.007074074074074074,OVERSUPPLY,4468.166666666667,0.0
468,1.1,Yellow-S,1044,1023,16.0,23.5,6.0,4500.0,0.005222222222222222,OVERSUPPLY,4476.5,0.0
468,1.1,Yellow-S,1044,1023,17.0,30.333333333333332,6.0,4500.0,0.006740740740740741,OVERSUPPLY,4469.666666666667,0.0
468,1.1,Yellow-S,1044,1023,18.0,17.0,6.0,4500.0,0.003777777777777778,OVERSUPPLY,4483.0,0.0
468,1.1,Yellow-S,1044,1023,19.0,14.0,6.0,4500.0,0.003111111111111111,OVERSUPPLY,4486.0,0.0
468,1.1,Yellow-S,1044,1023,20.0,10.166666666666666,6.0,4500.0,0.002259259259259259,OVERSUPPLY,4489.833333333333,0.0
468,1.1,Yellow-S,1044,1023,21.0,14.166666666666666,4.0,3000.0,0.004722222222222222,OVERSUPPLY,2985.8333333333335,0.0
468,1.1,Yellow-S,1044,1023,22.0,8.666666666666666,3.0,2250.0,0.0038518518518518515,OVERSUPPLY,2241.3333333333335,0.0
468,1.1,Yellow-S,1044,1023,23.0,4.166666666666667,3.0,2250.0,0.001851851851851852,OVERSUPPLY,2245.8333333333335,0.0
470,1.1,Yellow-S,1045,1024,5.0,93.33333333333333,6.0,4500.0,0.02074074074074074,OVERSUPPLY,4406.666666666667,0.0
470,1.1,Yellow-S,1045,1024,6.0,473.5,6.0,4500.0,0.10522222222222222,OVERSUPPLY,4026.5,0.0
470,1.1,Yellow-S,1045,1024,7.0,530.1666666666666,6.0,4500.0,0.1178148148148148,OVERSUPPLY,3969.8333333333335,0.0
470,1.1,Yellow-S,1045,1024,8.0,433.6666666666667,6.0,4500.0,0.09637037037037037,OVERSUPPLY,4066.3333333333335,0.0
470,1.1,Yellow-S,1045,1024,9.0,227.66666666666666,6.0,4500.0,0.05059259259259259,OVERSUPPLY,4272.333333333333,0.0
470,1.1,Yellow-S,1045,1024,10.0,124.0,6.0,4500.0,0.027555555555555555,OVERSUPPLY,4376.0,0.0
470,1.1,Yellow-S,1045,1024,11.0,101.33333333333333,6.0,4500.0,0.022518518518518518,OVERSUPPLY,4398.666666666667,0.0
470,1.1,Yellow-S,1045,1024,12.0,70.33333333333333,6.0,4500.0,0.01562962962962963,OVERSUPPLY,4429.666666666667,0.0
470,1.1,Yellow-S,1045,1024,13.0,68.66666666666667,6.0,4500.0,0.01525925925925926,OVERSUPPLY,4431.333333333333,0.0
470,1.1,Yellow-S,1045,1024,14.0,68.5,6.0,4500.0,0.015222222222222222,OVERSUPPLY,4431.5,0.0
470,1.1,Yellow-S,1045,1024,15.0,51.833333333333336,6.0,4500.0,0.011518518518518518,OVERSUPPLY,4448.166666666667,0.0
470,1.1,Yellow-S,1045,1024,16.0,53.5,6.0,4500.0,0.011888888888888888,OVERSUPPLY,4446.5,0.0
470,1.1,Yellow-S,1045,1024,17.0,55.333333333333336,6.0,4500.0,0.012296296296296296,OVERSUPPLY,4444.666666666667,0.0
470,1.1,Yellow-S,1045,1024,18.0,40.333333333333336,6.0,4500.0,0.008962962962962964,OVERSUPPLY,4459.666666666667,0.0
470,1.1,Yellow-S,1045,1024,19.0,29.333333333333332,6.0,4500.0,0.006518518518518518,OVERSUPPLY,4470.666666666667,0.0
470,1.1,Yellow-S,1045,1024,20.0,25.5,6.0,4500.0,0.005666666666666667,OVERSUPPLY,4474.5,0.0
470,1.1,Yellow-S,1045,1024,21.0,23.5,4.0,3000.0,0.007833333333333333,OVERSUPPLY,2976.5,0.0
470,1.1,Yellow-S,1045,1024,22.0,16.333333333333332,3.0,2250.0,0.007259259259259259,OVERSUPPLY,2233.6666666666665,0.0
470,1.1,Yellow-S,1045,1024,23.0,5.166666666666666,3.0,2250.0,0.002296296296296296,OVERSUPPLY,2244.8333333333335,0.0
472,1.1,Yellow-S,1046,1058,5.0,187.66666666666666,6.0,4500.0,0.0417037037037037,OVERSUPPLY,4312.333333333333,0.0
472,1.1,Yellow-S,1046,1058,6.0,747.5,6.0,4500.0,0.1661111111111111,OVERSUPPLY,3752.5,0.0
472,1.1,Yellow-S,1046,1058,7.0,979.5,6.0,4500.0,0.21766666666666667,BALANCED,3520.5,0.0
472,1.1,Yellow-S,1046,1058,8.0,940.1666666666666,6.0,4500.0,0.2089259259259259,BALANCED,3559.8333333333335,0.0
472,1.1,Yellow-S,1046,1058,9.0,488.3333333333333,6.0,4500.0,0.10851851851851851,OVERSUPPLY,4011.6666666666665,0.0
472,1.1,Yellow-S,1046,1058,10.0,258.5,6.0,4500.0,0.057444444444444444,OVERSUPPLY,4241.5,0.0
472,1.1,Yellow-S,1046,1058,11.0,193.33333333333334,6.0,4500.0,0.04296296296296297,OVERSUPPLY,4306.666666666667,0.0
472,1.1,Yellow-S,1046,1058,12.0,154.0,6.0,4500.0,0.03422222222222222,OVERSUPPLY,4346.0,0.0
472,1.1,Yellow-S,1046,1058,13.0,135.5,6.0,4500.0,0.030111111111111113,OVERSUPPLY,4364.5,0.0
472,1.1,Yellow-S,1046,1058,14.0,141.66666666666666,6.0,4500.0,0.03148148148148148,OVERSUPPLY,4358.333333333333,0.0
472,1.1,Yellow-S,1046,1058,15.0,143.0,6.0,4500.0,0.03177777777777778,OVERSUPPLY,4357.0,0.0
472,1.1,Yellow-S,1046,1058,16.0,213.5,6.0,4500.0,0.04744444444444444,OVERSUPPLY,4286.5,0.0
472,1.1,Yellow-S,1046,1058,17.0,207.5,6.0,4500.0,0.04611111111111111,OVERSUPPLY,4292.5,0.0
472,1.1,Yellow-S,1046,1058,18.0,143.5,6.0,4500.0,0.03188888888888889,OVERSUPPLY,4356.5,0.0
472,1.1,Yellow-S,1046,1058,19.0,79.16666666666667,6.0,4500.0,0.017592592592592594,OVERSUPPLY,4420.833333333333,0.0
472,1.1,Yellow-S,1046,1058,20.0,54.666666666666664,6.0,4500.0,0.012148148148148148,OVERSUPPLY,4445.333333333333,0.0
472,1.1,Yellow-S,1046,1058,21.0,54.833333333333336,4.0,3000.0,0.018277777777777778,OVERSUPPLY,2945.1666666666665,0.0
472,1.1,Yellow-S,1046,1058,22.0,39.166666666666664,3.0,2250.0,0.017407407407407406,OVERSUPPLY,2210.8333333333335,0.0
472,1.1,Yellow-S,1046,1058,23.0,16.166666666666664,3.0,2250.0,0.007185185185185184,OVERSUPPLY,2233.8333333333335,0.0
476,1.1,Yellow-S,1048,1060,5.0,121.0,6.0,4500.0,0.02688888888888889,OVERSUPPLY,4379.0,0.0
476,1.1,Yellow-S,1048,1060,6.0,403.5,6.0,4500.0,0.08966666666666667,OVERSUPPLY,4096.5,0.0
476,1.1,Yellow-S,1048,1060,7.0,647.8333333333334,6.0,4500.0,0.14396296296296296,OVERSUPPLY,3852.1666666666665,0.0
476,1.1,Yellow-S,1048,1060,8.0,630.5,6.0,4500.0,0.1401111111111111,OVERSUPPLY,3869.5,0.0
476,1.1,Yellow-S,1048,1060,9.0,344.6666666666667,6.0,4500.0,0.0765925925925926,OVERSUPPLY,4155.333333333333,0.0
476,1.1,Yellow-S,1048,1060,10.0,187.83333333333334,6.0,4500.0,0.041740740740740745,OVERSUPPLY,4312.166666666667,0.0
476,1.1,Yellow-S,1048,1060,11.0,144.66666666666666,6.0,4500.0,0.03214814814814815,OVERSUPPLY,4355.333333333333,0.0
476,1.1,Yellow-S,1048,1060,12.0,108.0,6.0,4500.0,0.024,OVERSUPPLY,4392.0,0.0
476,1.1,Yellow-S,1048,1060,13.0,95.5,6.0,4500.0,0.021222222222222222,OVERSUPPLY,4404.5,0.0
476,1.1,Yellow-S,1048,1060,14.0,101.66666666666667,6.0,4500.0,0.022592592592592595,OVERSUPPLY,4398.333333333333,0.0
476,1.1,Yellow-S,1048,1060,15.0,108.33333333333333,6.0,4500.0,0.024074074074074074,OVERSUPPLY,4391.666666666667,0.0
476,1.1,Yellow-S,1048,1060,16.0,190.5,6.0,4500.0,0.042333333333333334,OVERSUPPLY,4309.5,0.0
476,1.1,Yellow-S,1048,1060,17.0,180.5,6.0,4500.0,0.04011111111111111,OVERSUPPLY,4319.5,0.0
476,1.1,Yellow-S,1048,1060,18.0,126.5,6.0,4500.0,0.02811111111111111,OVERSUPPLY,4373.5,0.0
476,1.1,Yellow-S,1048,1060,19.0,63.5,6.0,4500.0,0.01411111111111111,OVERSUPPLY,4436.5,0.0
476,1.1,Yellow-S,1048,1060,20.0,39.0,6.0,4500.0,0.008666666666666666,OVERSUPPLY,4461.0,0.0
476,1.1,Yellow-S,1048,1060,21.0,34.5,4.0,3000.0,0.0115,OVERSUPPLY,2965.5,0.0
476,1.1,Yellow-S,1048,1060,22.0,26.833333333333332,3.0,2250.0,0.011925925925925925,OVERSUPPLY,2223.1666666666665,0.0
476,1.1,Yellow-S,1048,1060,23.0,10.5,3.0,2250.0,0.004666666666666667,OVERSUPPLY,2239.5,0.0
478,1.1,Yellow-S,1049,1053,5.0,75.33333333333333,6.0,4500.0,0.01674074074074074,OVERSUPPLY,4424.666666666667,0.0
478,1.1,Yellow-S,1049,1053,6.0,370.5,6.0,4500.0,0.08233333333333333,OVERSUPPLY,4129.5,0.0
478,1.1,Yellow-S,1049,1053,7.0,395.1666666666667,6.0,4500.0,0.08781481481481482,OVERSUPPLY,4104.833333333333,0.0
478,1.1,Yellow-S,1049,1053,8.0,351.0,6.0,4500.0,0.078,OVERSUPPLY,4149.0,0.0
478,1.1,Yellow-S,1049,1053,9.0,168.66666666666666,6.0,4500.0,0.03748148148148148,OVERSUPPLY,4331.333333333333,0.0
478,1.1,Yellow-S,1049,1053,10.0,87.33333333333333,6.0,4500.0,0.019407407407407408,OVERSUPPLY,4412.666666666667,0.0
478,1.1,Yellow-S,1049,1053,11.0,66.0,6.0,4500.0,0.014666666666666666,OVERSUPPLY,4434.0,0.0
478,1.1,Yellow-S,1049,1053,12.0,61.666666666666664,6.0,4500.0,0.013703703703703702,OVERSUPPLY,4438.333333333333,0.0
478,1.1,Yellow-S,1049,1053,13.0,55.5,6.0,4500.0,0.012333333333333333,OVERSUPPLY,4444.5,0.0
478,1.1,Yellow-S,1049,1053,14.0,54.333333333333336,6.0,4500.0,0.012074074074074074,OVERSUPPLY,4445.666666666667,0.0
478,1.1,Yellow-S,1049,1053,15.0,48.833333333333336,6.0,4500.0,0.010851851851851852,OVERSUPPLY,4451.166666666667,0.0
478,1.1,Yellow-S,1049,1053,16.0,36.0,6.0,4500.0,0.008,OVERSUPPLY,4464.0,0.0
478,1.1,Yellow-S,1049,1053,17.0,42.83333333333333,6.0,4500.0,0.009518518518518518,OVERSUPPLY,4457.166666666667,0.0
478,1.1,Yellow-S,1049,1053,18.0,23.833333333333332,6.0,4500.0,0.005296296296296296,OVERSUPPLY,4476.166666666667,0.0
478,1.1,Yellow-S,1049,1053,19.0,24.333333333333332,6.0,4500.0,0.005407407407407407,OVERSUPPLY,4475.666666666667,0.0
478,1.1,Yellow-S,1049,1053,20.0,18.5,6.0,4500.0,0.004111111111111111,OVERSUPPLY,4481.5,0.0
478,1.1,Yellow-S,1049,1053,21.0,24.833333333333332,4.0,3000.0,0.008277777777777778,OVERSUPPLY,2975.1666666666665,0.0
478,1.1,Yellow-S,1049,1053,22.0,13.5,3.0,2250.0,0.006,OVERSUPPLY,2236.5,0.0
478,1.1,Yellow-S,1049,1053,23.0,6.666666666666666,3.0,2250.0,0.002962962962962963,OVERSUPPLY,2243.3333333333335,0.0
480,1.1,Yellow-S,1050,1070,5.0,45.666666666666664,6.0,4500.0,0.010148148148148147,OVERSUPPLY,4454.333333333333,0.0
480,1.1,Yellow-S,1050,1070,6.0,222.0,6.0,4500.0,0.04933333333333333,OVERSUPPLY,4278.0,0.0
480,1.1,Yellow-S,1050,1070,7.0,238.5,6.0,4500.0,0.053,OVERSUPPLY,4261.5,0.0
480,1.1,Yellow-S,1050,1070,8.0,225.66666666666666,6.0,4500.0,0.05014814814814814,OVERSUPPLY,4274.333333333333,0.0
480,1.1,Yellow-S,1050,1070,9.0,109.66666666666667,6.0,4500.0,0.024370370370370372,OVERSUPPLY,4390.333333333333,0.0
480,1.1,Yellow-S,1050,1070,10.0,55.333333333333336,6.0,4500.0,0.012296296296296296,OVERSUPPLY,4444.666666666667,0.0
480,1.1,Yellow-S,1050,1070,11.0,39.833333333333336,6.0,4500.0,0.008851851851851852,OVERSUPPLY,4460.166666666667,0.0
480,1.1,Yellow-S,1050,1070,12.0,34.5,6.0,4500.0,0.007666666666666666,OVERSUPPLY,4465.5,0.0
480,1.1,Yellow-S,1050,1070,13.0,34.166666666666664,6.0,4500.0,0.007592592592592592,OVERSUPPLY,4465.833333333333,0.0
480,1.1,Yellow-S,1050,1070,14.0,32.166666666666664,6.0,4500.0,0.007148148148148147,OVERSUPPLY,4467.833333333333,0.0
480,1.1,Yellow-S,1050,1070,15.0,37.33333333333333,6.0,4500.0,0.008296296296296295,OVERSUPPLY,4462.666666666667,0.0
480,1.1,Yellow-S,1050,1070,16.0,26.5,6.0,4500.0,0.005888888888888889,OVERSUPPLY,4473.5,0.0
480,1.1,Yellow-S,1050,1070,17.0,25.166666666666664,6.0,4500.0,0.005592592592592592,OVERSUPPLY,4474.833333333333,0.0
480,1.1,Yellow-S,1050,1070,18.0,16.833333333333332,6.0,4500.0,0.0037407407407407407,OVERSUPPLY,4483.166666666667,0.0
480,1.1,Yellow-S,1050,1070,19.0,13.0,6.0,4500.0,0.0028888888888888888,OVERSUPPLY,4487.0,0.0
480,1.1,Yellow-S,1050,1070,20.0,10.666666666666666,6.0,4500.0,0.0023703703703703703,OVERSUPPLY,4489.333333333333,0.0
480,1.1,Yellow-S,1050,1070,21.0,13.333333333333332,4.0,3000.0,0.0044444444444444444,OVERSUPPLY,2986.6666666666665,0.0
480,1.1,Yellow-S,1050,1070,22.0,7.333333333333333,3.0,2250.0,0.003259259259259259,OVERSUPPLY,2242.6666666666665,0.0
480,1.1,Yellow-S,1050,1070,23.0,3.6666666666666665,3.0,2250.0,0.0016296296296296295,OVERSUPPLY,2246.3333333333335,0.0
482,1.1,Yellow-S,1051,1071,5.0,218.33333333333334,6.0,4500.0,0.04851851851851852,OVERSUPPLY,4281.666666666667,0.0
482,1.1,Yellow-S,1051,1071,6.0,762.0,6.0,4500.0,0.16933333333333334,OVERSUPPLY,3738.0,0.0
482,1.1,Yellow-S,1051,1071,7.0,1028.8333333333333,6.0,4500.0,0.2286296296296296,BALANCED,3471.166666666667,0.0
482,1.1,Yellow-S,1051,1071,8.0,967.3333333333334,6.0,4500.0,0.21496296296296297,BALANCED,3532.6666666666665,0.0
482,1.1,Yellow-S,1051,1071,9.0,517.0,6.0,4500.0,0.11488888888888889,OVERSUPPLY,3983.0,0.0
482,1.1,Yellow-S,1051,1071,10.0,282.3333333333333,6.0,4500.0,0.06274074074074074,OVERSUPPLY,4217.666666666667,0.0
482,1.1,Yellow-S,1051,1071,11.0,213.83333333333334,6.0,4500.0,0.04751851851851852,OVERSUPPLY,4286.166666666667,0.0
482,1.1,Yellow-S,1051,1071,12.0,153.5,6.0,4500.0,0.03411111111111111,OVERSUPPLY,4346.5,0.0
482,1.1,Yellow-S,1051,1071,13.0,144.16666666666666,6.0,4500.0,0.03203703703703704,OVERSUPPLY,4355.833333333333,0.0
482,1.1,Yellow-S,1051,1071,14.0,139.5,6.0,4500.0,0.031,OVERSUPPLY,4360.5,0.0
482,1.1,Yellow-S,1051,1071,15.0,122.66666666666667,6.0,4500.0,0.02725925925925926,OVERSUPPLY,4377.333333333333,0.0
482,1.1,Yellow-S,1051,1071,16.0,179.16666666666666,6.0,4500.0,0.03981481481481481,OVERSUPPLY,4320.833333333333,0.0
482,1.1,Yellow-S,1051,1071,17.0,167.5,6.0,4500.0,0.03722222222222222,OVERSUPPLY,4332.5,0.0
482,1.1,Yellow-S,1051,1071,18.0,122.5,6.0,4500.0,0.02722222222222222,OVERSUPPLY,4377.5,0.0
482,1.1,Yellow-S,1051,1071,19.0,73.0,6.0,4500.0,0.01622222222222222,OVERSUPPLY,4427.0,0.0
482,1.1,Yellow-S,1051,1071,20.0,55.33333333333333,6.0,4500.0,0.012296296296296295,OVERSUPPLY,4444.666666666667,0.0
482,1.1,Yellow-S,1051,1071,21.0,44.0,4.0,3000.0,0.014666666666666666,OVERSUPPLY,2956.0,0.0
482,1.1,Yellow-S,1051,1071,22.0,34.666666666666664,3.0,2250.0,0.015407407407407406,OVERSUPPLY,2215.3333333333335,0.0
482,1.1,Yellow-S,1051,1071,23.0,11.333333333333332,3.0,2250.0,0.005037037037037037,OVERSUPPLY,2238.6666666666665,0.0
486,1.1,Yellow-S,1053,1044,5.0,46.666666666666664,6.0,4500.0,0.01037037037037037,OVERSUPPLY,4453.333333333333,0.0
486,1.1,Yellow-S,1053,1044,6.0,230.16666666666666,6.0,4500.0,0.051148148148148144,OVERSUPPLY,4269.833333333333,0.0
486,1.1,Yellow-S,1053,1044,7.0,256.8333333333333,6.0,4500.0,0.05707407407407407,OVERSUPPLY,4243.166666666667,0.0
486,1.1,Yellow-S,1053,1044,8.0,227.5,6.0,4500.0,0.050555555555555555,OVERSUPPLY,4272.5,0.0
486,1.1,Yellow-S,1053,1044,9.0,108.33333333333333,6.0,4500.0,0.024074074074074074,OVERSUPPLY,4391.666666666667,0.0
486,1.1,Yellow-S,1053,1044,10.0,55.833333333333336,6.0,4500.0,0.012407407407407409,OVERSUPPLY,4444.166666666667,0.0
486,1.1,Yellow-S,1053,1044,11.0,41.833333333333336,6.0,4500.0,0.009296296296296297,OVERSUPPLY,4458.166666666667,0.0
486,1.1,Yellow-S,1053,1044,12.0,38.166666666666664,6.0,4500.0,0.00848148148148148,OVERSUPPLY,4461.833333333333,0.0
486,1.1,Yellow-S,1053,1044,13.0,34.0,6.0,4500.0,0.007555555555555556,OVERSUPPLY,4466.0,0.0
486,1.1,Yellow-S,1053,1044,14.0,35.333333333333336,6.0,4500.0,0.007851851851851853,OVERSUPPLY,4464.666666666667,0.0
486,1.1,Yellow-S,1053,1044,15.0,33.833333333333336,6.0,4500.0,0.007518518518518519,OVERSUPPLY,4466.166666666667,0.0
486,1.1,Yellow-S,1053,1044,16.0,23.333333333333332,6.0,4500.0,0.005185185185185185,OVERSUPPLY,4476.666666666667,0.0
486,1.1,Yellow-S,1053,1044,17.0,29.833333333333332,6.0,4500.0,0.006629629629629629,OVERSUPPLY,4470.166666666667,0.0
486,1.1,Yellow-S,1053,1044,18.0,16.166666666666668,6.0,4500.0,0.003592592592592593,OVERSUPPLY,4483.833333333333,0.0
486,1.1,Yellow-S,1053,1044,19.0,14.5,6.0,4500.0,0.0032222222222222222,OVERSUPPLY,4485.5,0.0
486,1.1,Yellow-S,1053,1044,20.0,11.333333333333332,6.0,4500.0,0.0025185185185185185,OVERSUPPLY,4488.666666666667,0.0
486,1.1,Yellow-S,1053,1044,21.0,15.166666666666666,4.0,3000.0,0.005055555555555555,OVERSUPPLY,2984.8333333333335,0.0
486,1.1,Yellow-S,1053,1044,22.0,8.166666666666666,3.0,2250.0,0.0036296296296296294,OVERSUPPLY,2241.8333333333335,0.0
486,1.1,Yellow-S,1053,1044,23.0,4.0,3.0,2250.0,0.0017777777777777779,OVERSUPPLY,2246.0,0.0
488,1.1,Yellow-S,1054,1045,5.0,82.0,6.0,4500.0,0.018222222222222223,OVERSUPPLY,4418.0,0.0
488,1.1,Yellow-S,1054,1045,6.0,415.5,6.0,4500.0,0.09233333333333334,OVERSUPPLY,4084.5,0.0
488,1.1,Yellow-S,1054,1045,7.0,448.83333333333337,6.0,4500.0,0.09974074074074075,OVERSUPPLY,4051.1666666666665,0.0
488,1.1,Yellow-S,1054,1045,8.0,357.6666666666667,6.0,4500.0,0.07948148148148149,OVERSUPPLY,4142.333333333333,0.0
488,1.1,Yellow-S,1054,1045,9.0,177.5,6.0,4500.0,0.03944444444444444,OVERSUPPLY,4322.5,0.0
488,1.1,Yellow-S,1054,1045,10.0,99.16666666666667,6.0,4500.0,0.02203703703703704,OVERSUPPLY,4400.833333333333,0.0
488,1.1,Yellow-S,1054,1045,11.0,82.5,6.0,4500.0,0.018333333333333333,OVERSUPPLY,4417.5,0.0
488,1.1,Yellow-S,1054,1045,12.0,58.5,6.0,4500.0,0.013,OVERSUPPLY,4441.5,0.0
488,1.1,Yellow-S,1054,1045,13.0,58.0,6.0,4500.0,0.012888888888888889,OVERSUPPLY,4442.0,0.0
488,1.1,Yellow-S,1054,1045,14.0,54.833333333333336,6.0,4500.0,0.012185185185185186,OVERSUPPLY,4445.166666666667,0.0
488,1.1,Yellow-S,1054,1045,15.0,38.833333333333336,6.0,4500.0,0.00862962962962963,OVERSUPPLY,4461.166666666667,0.0
488,1.1,Yellow-S,1054,1045,16.0,39.166666666666664,6.0,4500.0,0.008703703703703703,OVERSUPPLY,4460.833333333333,0.0
488,1.1,Yellow-S,1054,1045,17.0,39.166666666666664,6.0,4500.0,0.008703703703703703,OVERSUPPLY,4460.833333333333,0.0
488,1.1,Yellow-S,1054,1045,18.0,28.166666666666664,6.0,4500.0,0.006259259259259259,OVERSUPPLY,4471.833333333333,0.0
488,1.1,Yellow-S,1054,1045,19.0,25.5,6.0,4500.0,0.005666666666666667,OVERSUPPLY,4474.5,0.0
488,1.1,Yellow-S,1054,1045,20.0,19.333333333333332,6.0,4500.0,0.004296296296296296,OVERSUPPLY,4480.666666666667,0.0
488,1.1,Yellow-S,1054,1045,21.0,20.333333333333332,4.0,3000.0,0.0067777777777777775,OVERSUPPLY,2979.6666666666665,0.0
488,1.1,Yellow-S,1054,1045,22.0,13.833333333333332,3.0,2250.0,0.006148148148148147,OVERSUPPLY,2236.1666666666665,0.0
488,1.1,Yellow-S,1054,1045,23.0,4.333333333333333,3.0,2250.0,0.0019259259259259258,OVERSUPPLY,2245.6666666666665,0.0
490,1.1,Yellow-S,1055,1017,5.0,44.666666666666664,6.0,4500.0,0.009925925925925925,OVERSUPPLY,4455.333333333333,0.0
490,1.1,Yellow-S,1055,1017,6.0,354.1666666666667,6.0,4500.0,0.0787037037037037,OVERSUPPLY,4145.833333333333,0.0
490,1.1,Yellow-S,1055,1017,7.0,510.1666666666667,6.0,4500.0,0.11337037037037037,OVERSUPPLY,3989.8333333333335,0.0
490,1.1,Yellow-S,1055,1017,8.0,544.3333333333334,6.0,4500.0,0.12096296296296297,OVERSUPPLY,3955.6666666666665,0.0
490,1.1,Yellow-S,1055,1017,9.0,350.5,6.0,4500.0,0.07788888888888888,OVERSUPPLY,4149.5,0.0
490,1.1,Yellow-S,1055,1017,10.0,218.33333333333334,6.0,4500.0,0.04851851851851852,OVERSUPPLY,4281.666666666667,0.0
490,1.1,Yellow-S,1055,1017,11.0,187.83333333333334,6.0,4500.0,0.041740740740740745,OVERSUPPLY,4312.166666666667,0.0
490,1.1,Yellow-S,1055,1017,12.0,165.5,6.0,4500.0,0.03677777777777778,OVERSUPPLY,4334.5,0.0
490,1.1,Yellow-S,1055,1017,13.0,157.0,6.0,4500.0,0.034888888888888886,OVERSUPPLY,4343.0,0.0
490,1.1,Yellow-S,1055,1017,14.0,188.5,6.0,4500.0,0.04188888888888889,OVERSUPPLY,4311.5,0.0
490,1.1,Yellow-S,1055,1017,15.0,217.0,6.0,4500.0,0.04822222222222222,OVERSUPPLY,4283.0,0.0
490,1.1,Yellow-S,1055,1017,16.0,293.6666666666667,6.0,4500.0,0.06525925925925927,OVERSUPPLY,4206.333333333333,0.0
490,1.1,Yellow-S,1055,1017,17.0,413.8333333333333,6.0,4500.0,0.09196296296296295,OVERSUPPLY,4086.1666666666665,0.0
490,1.1,Yellow-S,1055,1017,18.0,304.6666666666667,6.0,4500.0,0.06770370370370371,OVERSUPPLY,4195.333333333333,0.0
490,1.1,Yellow-S,1055,1017,19.0,183.0,6.0,4500.0,0.04066666666666666,OVERSUPPLY,4317.0,0.0
490,1.1,Yellow-S,1055,1017,20.0,110.16666666666667,6.0,4500.0,0.024481481481481483,OVERSUPPLY,4389.833333333333,0.0
490,1.1,Yellow-S,1055,1017,21.0,81.5,4.0,3000.0,0.027166666666666665,OVERSUPPLY,2918.5,0.0
490,1.1,Yellow-S,1055,1017,22.0,99.16666666666667,3.0,2250.0,0.04407407407407408,OVERSUPPLY,2150.8333333333335,0.0
490,1.1,Yellow-S,1055,1017,23.0,47.166666666666664,3.0,2250.0,0.02096296296296296,OVERSUPPLY,2202.8333333333335,0.0
492,1.1,Yellow-S,1056,1018,5.0,34.333333333333336,6.0,4500.0,0.00762962962962963,OVERSUPPLY,4465.666666666667,0.0
492,1.1,Yellow-S,1056,1018,6.0,157.66666666666666,6.0,4500.0,0.03503703703703703,OVERSUPPLY,4342.333333333333,0.0
492,1.1,Yellow-S,1056,1018,7.0,318.0,6.0,4500.0,0.07066666666666667,OVERSUPPLY,4182.0,0.0
492,1.1,Yellow-S,1056,1018,8.0,386.8333333333333,6.0,4500.0,0.08596296296296296,OVERSUPPLY,4113.166666666667,0.0
492,1.1,Yellow-S,1056,1018,9.0,240.16666666666666,6.0,4500.0,0.05337037037037037,OVERSUPPLY,4259.833333333333,0.0
492,1.1,Yellow-S,1056,1018,10.0,146.83333333333334,6.0,4500.0,0.03262962962962963,OVERSUPPLY,4353.166666666667,0.0
492,1.1,Yellow-S,1056,1018,11.0,127.16666666666667,6.0,4500.0,0.028259259259259262,OVERSUPPLY,4372.833333333333,0.0
492,1.1,Yellow-S,1056,1018,12.0,118.16666666666667,6.0,4500.0,0.02625925925925926,OVERSUPPLY,4381.833333333333,0.0
492,1.1,Yellow-S,1056,1018,13.0,115.83333333333333,6.0,4500.0,0.02574074074074074,OVERSUPPLY,4384.166666666667,0.0
492,1.1,Yellow-S,1056,1018,14.0,151.0,6.0,4500.0,0.033555555555555554,OVERSUPPLY,4349.0,0.0
492,1.1,Yellow-S,1056,1018,15.0,187.16666666666666,6.0,4500.0,0.04159259259259259,OVERSUPPLY,4312.833333333333,0.0
492,1.1,Yellow-S,1056,1018,16.0,259.3333333333333,6.0,4500.0,0.05762962962962963,OVERSUPPLY,4240.666666666667,0.0
492,1.1,Yellow-S,1056,1018,17.0,369.0,6.0,4500.0,0.082,OVERSUPPLY,4131.0,0.0
492,1.1,Yellow-S,1056,1018,18.0,268.0,6.0,4500.0,0.059555555555555556,OVERSUPPLY,4232.0,0.0
492,1.1,Yellow-S,1056,1018,19.0,154.66666666666666,6.0,4500.0,0.03437037037037037,OVERSUPPLY,4345.333333333333,0.0
492,1.1,Yellow-S,1056,1018,20.0,82.66666666666667,6.0,4500.0,0.01837037037037037,OVERSUPPLY,4417.333333333333,0.0
492,1.1,Yellow-S,1056,1018,21.0,65.33333333333333,4.0,3000.0,0.021777777777777778,OVERSUPPLY,2934.6666666666665,0.0
492,1.1,Yellow-S,1056,1018,22.0,81.33333333333333,3.0,2250.0,0.036148148148148145,OVERSUPPLY,2168.6666666666665,0.0
492,1.1,Yellow-S,1056,1018,23.0,41.833333333333336,3.0,2250.0,0.018592592592592595,OVERSUPPLY,2208.1666666666665,0.0
494,1.1,Yellow-S,1057,1019,5.0,7.0,6.0,4500.0,0.0015555555555555555,OVERSUPPLY,4493.0,0.0
494,1.1,Yellow-S,1057,1019,6.0,78.66666666666667,6.0,4500.0,0.017481481481481483,OVERSUPPLY,4421.333333333333,0.0
494,1.1,Yellow-S,1057,1019,7.0,103.33333333333333,6.0,4500.0,0.022962962962962963,OVERSUPPLY,4396.666666666667,0.0
494,1.1,Yellow-S,1057,1019,8.0,75.83333333333333,6.0,4500.0,0.01685185185185185,OVERSUPPLY,4424.166666666667,0.0
494,1.1,Yellow-S,1057,1019,9.0,51.833333333333336,6.0,4500.0,0.011518518518518518,OVERSUPPLY,4448.166666666667,0.0
494,1.1,Yellow-S,1057,1019,10.0,36.0,6.0,4500.0,0.008,OVERSUPPLY,4464.0,0.0
494,1.1,Yellow-S,1057,1019,11.0,32.5,6.0,4500.0,0.007222222222222222,OVERSUPPLY,4467.5,0.0
494,1.1,Yellow-S,1057,1019,12.0,19.833333333333332,6.0,4500.0,0.004407407407407407,OVERSUPPLY,4480.166666666667,0.0
494,1.1,Yellow-S,1057,1019,13.0,15.333333333333332,6.0,4500.0,0.003407407407407407,OVERSUPPLY,4484.666666666667,0.0
494,1.1,Yellow-S,1057,1019,14.0,17.166666666666668,6.0,4500.0,0.003814814814814815,OVERSUPPLY,4482.833333333333,0.0
494,1.1,Yellow-S,1057,1019,15.0,12.0,6.0,4500.0,0.0026666666666666666,OVERSUPPLY,4488.0,0.0
494,1.1,Yellow-S,1057,1019,16.0,20.0,6.0,4500.0,0.0044444444444444444,OVERSUPPLY,4480.0,0.0
494,1.1,Yellow-S,1057,1019,17.0,27.833333333333332,6.0,4500.0,0.006185185185185185,OVERSUPPLY,4472.166666666667,0.0
494,1.1,Yellow-S,1057,1019,18.0,18.833333333333332,6.0,4500.0,0.004185185185185185,OVERSUPPLY,4481.166666666667,0.0
494,1.1,Yellow-S,1057,1019,19.0,14.833333333333334,6.0,4500.0,0.0032962962962962963,OVERSUPPLY,4485.166666666667,0.0
494,1.1,Yellow-S,1057,1019,20.0,14.5,6.0,4500.0,0.0032222222222222222,OVERSUPPLY,4485.5,0.0
494,1.1,Yellow-S,1057,1019,21.0,8.166666666666666,4.0,3000.0,0.0027222222222222222,OVERSUPPLY,2991.8333333333335,0.0
494,1.1,Yellow-S,1057,1019,22.0,7.0,3.0,2250.0,0.003111111111111111,OVERSUPPLY,2243.0,0.0
494,1.1,Yellow-S,1057,1019,23.0,1.1666666666666665,3.0,2250.0,0.0005185185185185184,OVERSUPPLY,2248.8333333333335,0.0
496,1.1,Yellow-S,1058,1038,5.0,190.5,6.0,4500.0,0.042333333333333334,OVERSUPPLY,4309.5,0.0
496,1.1,Yellow-S,1058,1038,6.0,760.6666666666666,6.0,4500.0,0.16903703703703704,OVERSUPPLY,3739.3333333333335,0.0
496,1.1,Yellow-S,1058,1038,7.0,1016.3333333333334,6.0,4500.0,0.22585185185185186,BALANCED,3483.6666666666665,0.0
496,1.1,Yellow-S,1058,1038,8.0,1029.1666666666667,6.0,4500.0,0.22870370370370371,BALANCED,3470.833333333333,0.0
496,1.1,Yellow-S,1058,1038,9.0,546.8333333333334,6.0,4500.0,0.12151851851851853,OVERSUPPLY,3953.1666666666665,0.0
496,1.1,Yellow-S,1058,1038,10.0,286.5,6.0,4500.0,0.06366666666666666,OVERSUPPLY,4213.5,0.0
496,1.1,Yellow-S,1058,1038,11.0,213.0,6.0,4500.0,0.04733333333333333,OVERSUPPLY,4287.0,0.0
496,1.1,Yellow-S,1058,1038,12.0,177.33333333333334,6.0,4500.0,0.03940740740740741,OVERSUPPLY,4322.666666666667,0.0
496,1.1,Yellow-S,1058,1038,13.0,152.33333333333334,6.0,4500.0,0.033851851851851855,OVERSUPPLY,4347.666666666667,0.0
496,1.1,Yellow-S,1058,1038,14.0,163.0,6.0,4500.0,0.036222222222222225,OVERSUPPLY,4337.0,0.0
496,1.1,Yellow-S,1058,1038,15.0,169.0,6.0,4500.0,0.03755555555555556,OVERSUPPLY,4331.0,0.0
496,1.1,Yellow-S,1058,1038,16.0,250.16666666666666,6.0,4500.0,0.05559259259259259,OVERSUPPLY,4249.833333333333,0.0
496,1.1,Yellow-S,1058,1038,17.0,246.83333333333334,6.0,4500.0,0.05485185185185185,OVERSUPPLY,4253.166666666667,0.0
496,1.1,Yellow-S,1058,1038,18.0,172.66666666666666,6.0,4500.0,0.03837037037037037,OVERSUPPLY,4327.333333333333,0.0
496,1.1,Yellow-S,1058,1038,19.0,92.83333333333333,6.0,4500.0,0.02062962962962963,OVERSUPPLY,4407.166666666667,0.0
496,1.1,Yellow-S,1058,1038,20.0,65.33333333333333,6.0,4500.0,0.014518518518518517,OVERSUPPLY,4434.666666666667,0.0
496,1.1,Yellow-S,1058,1038,21.0,64.0,4.0,3000.0,0.021333333333333333,OVERSUPPLY,2936.0,0.0
496,1.1,Yellow-S,1058,1038,22.0,46.0,3.0,2250.0,0.020444444444444446,OVERSUPPLY,2204.0,0.0
496,1.1,Yellow-S,1058,1038,23.0,20.333333333333332,3.0,2250.0,0.009037037037037036,OVERSUPPLY,2229.6666666666665,0.0
498,1.1,Yellow-S,1059,1039,5.0,4.0,6.0,4500.0,0.0008888888888888889,OVERSUPPLY,4496.0,0.0
498,1.1,Yellow-S,1059,1039,6.0,23.5,6.0,4500.0,0.005222222222222222,OVERSUPPLY,4476.5,0.0
498,1.1,Yellow-S,1059,1039,7.0,58.833333333333336,6.0,4500.0,0.013074074074074075,OVERSUPPLY,4441.166666666667,0.0
498,1.1,Yellow-S,1059,1039,8.0,111.33333333333333,6.0,4500.0,0.02474074074074074,OVERSUPPLY,4388.666666666667,0.0
498,1.1,Yellow-S,1059,1039,9.0,70.83333333333333,6.0,4500.0,0.01574074074074074,OVERSUPPLY,4429.166666666667,0.0
498,1.1,Yellow-S,1059,1039,10.0,35.333333333333336,6.0,4500.0,0.007851851851851853,OVERSUPPLY,4464.666666666667,0.0
498,1.1,Yellow-S,1059,1039,11.0,25.333333333333332,6.0,4500.0,0.005629629629629629,OVERSUPPLY,4474.666666666667,0.0
498,1.1,Yellow-S,1059,1039,12.0,28.5,6.0,4500.0,0.006333333333333333,OVERSUPPLY,4471.5,0.0
498,1.1,Yellow-S,1059,1039,13.0,22.833333333333336,6.0,4500.0,0.005074074074074075,OVERSUPPLY,4477.166666666667,0.0
498,1.1,Yellow-S,1059,1039,14.0,24.166666666666664,6.0,4500.0,0.00537037037037037,OVERSUPPLY,4475.833333333333,0.0
498,1.1,Yellow-S,1059,1039,15.0,29.0,6.0,4500.0,0.0064444444444444445,OVERSUPPLY,4471.0,0.0
498,1.1,Yellow-S,1059,1039,16.0,47.5,6.0,4500.0,0.010555555555555556,OVERSUPPLY,4452.5,0.0
498,1.1,Yellow-S,1059,1039,17.0,49.5,6.0,4500.0,0.011,OVERSUPPLY,4450.5,0.0
498,1.1,Yellow-S,1059,1039,18.0,36.666666666666664,6.0,4500.0,0.008148148148148147,OVERSUPPLY,4463.333333333333,0.0
498,1.1,Yellow-S,1059,1039,19.0,16.833333333333332,6.0,4500.0,0.0037407407407407407,OVERSUPPLY,4483.166666666667,0.0
498,1.1,Yellow-S,1059,1039,20.0,11.166666666666666,6.0,4500.0,0.002481481481481481,OVERSUPPLY,4488.833333333333,0.0
498,1.1,Yellow-S,1059,1039,21.0,10.5,4.0,3000.0,0.0035,OVERSUPPLY,2989.5,0.0
498,1.1,Yellow-S,1059,1039,22.0,7.333333333333333,3.0,2250.0,0.003259259259259259,OVERSUPPLY,2242.6666666666665,0.0
498,1.1,Yellow-S,1059,1039,23.0,4.0,3.0,2250.0,0.0017777777777777779,OVERSUPPLY,2246.0,0.0
500,1.1,Yellow-S,1060,1040,5.0,119.83333333333333,6.0,4500.0,0.026629629629629628,OVERSUPPLY,4380.166666666667,0.0
500,1.1,Yellow-S,1060,1040,6.0,399.1666666666667,6.0,4500.0,0.0887037037037037,OVERSUPPLY,4100.833333333333,0.0
500,1.1,Yellow-S,1060,1040,7.0,637.1666666666666,6.0,4500.0,0.14159259259259258,OVERSUPPLY,3862.8333333333335,0.0
500,1.1,Yellow-S,1060,1040,8.0,617.5,6.0,4500.0,0.13722222222222222,OVERSUPPLY,3882.5,0.0
500,1.1,Yellow-S,1060,1040,9.0,335.0,6.0,4500.0,0.07444444444444444,OVERSUPPLY,4165.0,0.0
500,1.1,Yellow-S,1060,1040,10.0,181.5,6.0,4500.0,0.04033333333333333,OVERSUPPLY,4318.5,0.0
500,1.1,Yellow-S,1060,1040,11.0,140.66666666666666,6.0,4500.0,0.03125925925925926,OVERSUPPLY,4359.333333333333,0.0
500,1.1,Yellow-S,1060,1040,12.0,103.5,6.0,4500.0,0.023,OVERSUPPLY,4396.5,0.0
500,1.1,Yellow-S,1060,1040,13.0,91.16666666666667,6.0,4500.0,0.02025925925925926,OVERSUPPLY,4408.833333333333,0.0
500,1.1,Yellow-S,1060,1040,14.0,98.16666666666667,6.0,4500.0,0.021814814814814815,OVERSUPPLY,4401.833333333333,0.0
500,1.1,Yellow-S,1060,1040,15.0,104.0,6.0,4500.0,0.02311111111111111,OVERSUPPLY,4396.0,0.0
500,1.1,Yellow-S,1060,1040,16.0,180.33333333333334,6.0,4500.0,0.040074074074074074,OVERSUPPLY,4319.666666666667,0.0
500,1.1,Yellow-S,1060,1040,17.0,170.33333333333334,6.0,4500.0,0.03785185185185185,OVERSUPPLY,4329.666666666667,0.0
500,1.1,Yellow-S,1060,1040,18.0,120.0,6.0,4500.0,0.02666666666666667,OVERSUPPLY,4380.0,0.0
500,1.1,Yellow-S,1060,1040,19.0,60.666666666666664,6.0,4500.0,0.013481481481481481,OVERSUPPLY,4439.333333333333,0.0
500,1.1,Yellow-S,1060,1040,20.0,38.166666666666664,6.0,4500.0,0.00848148148148148,OVERSUPPLY,4461.833333333333,0.0
500,1.1,Yellow-S,1060,1040,21.0,33.833333333333336,4.0,3000.0,0.011277777777777779,OVERSUPPLY,2966.1666666666665,0.0
500,1.1,Yellow-S,1060,1040,22.0,26.333333333333332,3.0,2250.0,0.011703703703703704,OVERSUPPLY,2223.6666666666665,0.0
500,1.1,Yellow-S,1060,1040,23.0,10.333333333333332,3.0,2250.0,0.004592592592592592,OVERSUPPLY,2239.6666666666665,0.0
502,1.1,Yellow-S,1061,1064,5.0,3.1666666666666665,6.0,4500.0,0.0007037037037037037,OVERSUPPLY,4496.833333333333,0.0
502,1.1,Yellow-S,1061,1064,6.0,86.5,6.0,4500.0,0.019222222222222224,OVERSUPPLY,4413.5,0.0
502,1.1,Yellow-S,1061,1064,7.0,90.33333333333333,6.0,4500.0,0.020074074074074074,OVERSUPPLY,4409.666666666667,0.0
502,1.1,Yellow-S,1061,1064,8.0,86.0,6.0,4500.0,0.01911111111111111,OVERSUPPLY,4414.0,0.0
502,1.1,Yellow-S,1061,1064,9.0,118.83333333333333,6.0,4500.0,0.026407407407407407,OVERSUPPLY,4381.166666666667,0.0
502,1.1,Yellow-S,1061,1064,10.0,87.66666666666667,6.0,4500.0,0.01948148148148148,OVERSUPPLY,4412.333333333333,0.0
502,1.1,Yellow-S,1061,1064,11.0,98.83333333333333,6.0,4500.0,0.021962962962962962,OVERSUPPLY,4401.166666666667,0.0
502,1.1,Yellow-S,1061,1064,12.0,75.0,6.0,4500.0,0.016666666666666666,OVERSUPPLY,4425.0,0.0
502,1.1,Yellow-S,1061,1064,13.0,62.166666666666664,6.0,4500.0,0.013814814814814814,OVERSUPPLY,4437.833333333333,0.0
502,1.1,Yellow-S,1061,1064,14.0,65.0,6.0,4500.0,0.014444444444444444,OVERSUPPLY,4435.0,0.0
502,1.1,Yellow-S,1061,1064,15.0,55.333333333333336,6.0,4500.0,0.012296296296296296,OVERSUPPLY,4444.666666666667,0.0
502,1.1,Yellow-S,1061,1064,16.0,48.0,6.0,4500.0,0.010666666666666666,OVERSUPPLY,4452.0,0.0
502,1.1,Yellow-S,1061,1064,17.0,58.833333333333336,6.0,4500.0,0.013074074074074075,OVERSUPPLY,4441.166666666667,0.0
502,1.1,Yellow-S,1061,1064,18.0,43.166666666666664,6.0,4500.0,0.009592592592592592,OVERSUPPLY,4456.833333333333,0.0
502,1.1,Yellow-S,1061,1064,19.0,37.5,6.0,4500.0,0.008333333333333333,OVERSUPPLY,4462.5,0.0
502,1.1,Yellow-S,1061,1064,20.0,46.0,6.0,4500.0,0.010222222222222223,OVERSUPPLY,4454.0,0.0
502,1.1,Yellow-S,1061,1064,21.0,28.833333333333332,4.0,3000.0,0.00961111111111111,OVERSUPPLY,2971.1666666666665,0.0
502,1.1,Yellow-S,1061,1064,22.0,26.333333333333332,3.0,2250.0,0.011703703703703704,OVERSUPPLY,2223.6666666666665,0.0
502,1.1,Yellow-S,1061,1064,23.0,7.5,3.0,2250.0,0.0033333333333333335,OVERSUPPLY,2242.5,0.0
504,1.1,Yellow-S,1062,1065,5.0,0.16666666666666666,6.0,4500.0,3.7037037037037037e-05,OVERSUPPLY,4499.833333333333,0.0
504,1.1,Yellow-S,1062,1065,6.0,47.833333333333336,6.0,4500.0,0.01062962962962963,OVERSUPPLY,4452.166666666667,0.0
504,1.1,Yellow-S,1062,1065,7.0,53.0,6.0,4500.0,0.011777777777777778,OVERSUPPLY,4447.0,0.0
504,1.1,Yellow-S,1062,1065,8.0,58.333333333333336,6.0,4500.0,0.012962962962962964,OVERSUPPLY,4441.666666666667,0.0
504,1.1,Yellow-S,1062,1065,9.0,81.66666666666667,6.0,4500.0,0.01814814814814815,OVERSUPPLY,4418.333333333333,0.0
504,1.1,Yellow-S,1062,1065,10.0,56.0,6.0,4500.0,0.012444444444444444,OVERSUPPLY,4444.0,0.0
504,1.1,Yellow-S,1062,1065,11.0,67.16666666666667,6.0,4500.0,0.014925925925925928,OVERSUPPLY,4432.833333333333,0.0
504,1.1,Yellow-S,1062,1065,12.0,55.0,6.0,4500.0,0.012222222222222223,OVERSUPPLY,4445.0,0.0
504,1.1,Yellow-S,1062,1065,13.0,46.5,6.0,4500.0,0.010333333333333333,OVERSUPPLY,4453.5,0.0
504,1.1,Yellow-S,1062,1065,14.0,50.0,6.0,4500.0,0.011111111111111112,OVERSUPPLY,4450.0,0.0
504,1.1,Yellow-S,1062,1065,15.0,41.5,6.0,4500.0,0.009222222222222222,OVERSUPPLY,4458.5,0.0
504,1.1,Yellow-S,1062,1065,16.0,35.0,6.0,4500.0,0.0077777777777777776,OVERSUPPLY,4465.0,0.0
504,1.1,Yellow-S,1062,1065,17.0,43.0,6.0,4500.0,0.009555555555555555,OVERSUPPLY,4457.0,0.0
504,1.1,Yellow-S,1062,1065,18.0,31.166666666666668,6.0,4500.0,0.0069259259259259265,OVERSUPPLY,4468.833333333333,0.0
504,1.1,Yellow-S,1062,1065,19.0,24.833333333333332,6.0,4500.0,0.005518518518518518,OVERSUPPLY,4475.166666666667,0.0
504,1.1,Yellow-S,1062,1065,20.0,32.666666666666664,6.0,4500.0,0.007259259259259259,OVERSUPPLY,4467.333333333333,0.0
504,1.1,Yellow-S,1062,1065,21.0,19.833333333333332,4.0,3000.0,0.006611111111111111,OVERSUPPLY,2980.1666666666665,0.0
504,1.1,Yellow-S,1062,1065,22.0,16.5,3.0,2250.0,0.007333333333333333,OVERSUPPLY,2233.5,0.0
504,1.1,Yellow-S,1062,1065,23.0,4.833333333333333,3.0,2250.0,0.002148148148148148,OVERSUPPLY,2245.1666666666665,0.0
506,1.1,Yellow-S,1063,1066,6.0,17.333333333333332,6.0,4500.0,0.0038518518518518515,OVERSUPPLY,4482.666666666667,0.0
506,1.1,Yellow-S,1063,1066,7.0,20.0,6.0,4500.0,0.0044444444444444444,OVERSUPPLY,4480.0,0.0
506,1.1,Yellow-S,1063,1066,8.0,14.833333333333334,6.0,4500.0,0.0032962962962962963,OVERSUPPLY,4485.166666666667,0.0
506,1.1,Yellow-S,1063,1066,9.0,19.833333333333332,6.0,4500.0,0.004407407407407407,OVERSUPPLY,4480.166666666667,0.0
506,1.1,Yellow-S,1063,1066,10.0,17.5,6.0,4500.0,0.0038888888888888888,OVERSUPPLY,4482.5,0.0
506,1.1,Yellow-S,1063,1066,11.0,17.5,6.0,4500.0,0.0038888888888888888,OVERSUPPLY,4482.5,0.0
506,1.1,Yellow-S,1063,1066,12.0,9.166666666666666,6.0,4500.0,0.002037037037037037,OVERSUPPLY,4490.833333333333,0.0
506,1.1,Yellow-S,1063,1066,13.0,6.666666666666666,6.0,4500.0,0.0014814814814814814,OVERSUPPLY,4493.333333333333,0.0
506,1.1,Yellow-S,1063,1066,14.0,7.5,6.0,4500.0,0.0016666666666666668,OVERSUPPLY,4492.5,0.0
506,1.1,Yellow-S,1063,1066,15.0,4.333333333333333,6.0,4500.0,0.0009629629629629629,OVERSUPPLY,4495.666666666667,0.0
506,1.1,Yellow-S,1063,1066,16.0,4.833333333333334,6.0,4500.0,0.0010740740740740743,OVERSUPPLY,4495.166666666667,0.0
506,1.1,Yellow-S,1063,1066,17.0,7.166666666666667,6.0,4500.0,0.0015925925925925927,OVERSUPPLY,4492.833333333333,0.0
506,1.1,Yellow-S,1063,1066,18.0,4.833333333333333,6.0,4500.0,0.001074074074074074,OVERSUPPLY,4495.166666666667,0.0
506,1.1,Yellow-S,1063,1066,19.0,4.666666666666666,6.0,4500.0,0.0010370370370370368,OVERSUPPLY,4495.333333333333,0.0
506,1.1,Yellow-S,1063,1066,20.0,5.833333333333333,6.0,4500.0,0.0012962962962962963,OVERSUPPLY,4494.166666666667,0.0
506,1.1,Yellow-S,1063,1066,21.0,4.0,4.0,3000.0,0.0013333333333333333,OVERSUPPLY,2996.0,0.0
506,1.1,Yellow-S,1063,1066,22.0,3.5,3.0,2250.0,0.0015555555555555555,OVERSUPPLY,2246.5,0.0
506,1.1,Yellow-S,1063,1066,23.0,0.3333333333333333,3.0,2250.0,0.00014814814814814815,OVERSUPPLY,2249.6666666666665,0.0
511,1.1,Yellow-S,1067,1061,5.0,0.16666666666666666,6.0,4500.0,3.7037037037037037e-05,OVERSUPPLY,4499.833333333333,0.0
511,1.1,Yellow-S,1067,1061,6.0,115.0,6.0,4500.0,0.025555555555555557,OVERSUPPLY,4385.0,0.0
511,1.1,Yellow-S,1067,1061,7.0,120.66666666666667,6.0,4500.0,0.026814814814814816,OVERSUPPLY,4379.333333333333,0.0
511,1.1,Yellow-S,1067,1061,8.0,123.33333333333333,6.0,4500.0,0.027407407407407405,OVERSUPPLY,4376.666666666667,0.0
511,1.1,Yellow-S,1067,1061,9.0,141.16666666666666,6.0,4500.0,0.03137037037037037,OVERSUPPLY,4358.833333333333,0.0
511,1.1,Yellow-S,1067,1061,10.0,104.33333333333333,6.0,4500.0,0.023185185185185184,OVERSUPPLY,4395.666666666667,0.0
511,1.1,Yellow-S,1067,1061,11.0,115.0,6.0,4500.0,0.025555555555555557,OVERSUPPLY,4385.0,0.0
511,1.1,Yellow-S,1067,1061,12.0,90.0,6.0,4500.0,0.02,OVERSUPPLY,4410.0,0.0
511,1.1,Yellow-S,1067,1061,13.0,83.0,6.0,4500.0,0.018444444444444444,OVERSUPPLY,4417.0,0.0
511,1.1,Yellow-S,1067,1061,14.0,89.0,6.0,4500.0,0.019777777777777776,OVERSUPPLY,4411.0,0.0
511,1.1,Yellow-S,1067,1061,15.0,91.16666666666667,6.0,4500.0,0.02025925925925926,OVERSUPPLY,4408.833333333333,0.0
511,1.1,Yellow-S,1067,1061,16.0,87.5,6.0,4500.0,0.019444444444444445,OVERSUPPLY,4412.5,0.0
511,1.1,Yellow-S,1067,1061,17.0,115.66666666666667,6.0,4500.0,0.025703703703703704,OVERSUPPLY,4384.333333333333,0.0
511,1.1,Yellow-S,1067,1061,18.0,83.33333333333333,6.0,4500.0,0.018518518518518517,OVERSUPPLY,4416.666666666667,0.0
511,1.1,Yellow-S,1067,1061,19.0,55.166666666666664,6.0,4500.0,0.012259259259259258,OVERSUPPLY,4444.833333333333,0.0
511,1.1,Yellow-S,1067,1061,20.0,55.666666666666664,6.0,4500.0,0.01237037037037037,OVERSUPPLY,4444.333333333333,0.0
511,1.1,Yellow-S,1067,1061,21.0,35.166666666666664,4.0,3000.0,0.01172222222222222,OVERSUPPLY,2964.8333333333335,0.0
511,1.1,Yellow-S,1067,1061,22.0,31.333333333333332,3.0,2250.0,0.013925925925925925,OVERSUPPLY,2218.6666666666665,0.0
511,1.1,Yellow-S,1067,1061,23.0,15.0,3.0,2250.0,0.006666666666666667,OVERSUPPLY,2235.0,0.0
513,1.1,Yellow-S,1068,1062,5.0,0.16666666666666666,6.0,4500.0,3.7037037037037037e-05,OVERSUPPLY,4499.833333333333,0.0
513,1.1,Yellow-S,1068,1062,6.0,68.16666666666667,6.0,4500.0,0.015148148148148148,OVERSUPPLY,4431.833333333333,0.0
513,1.1,Yellow-S,1068,1062,7.0,79.66666666666667,6.0,4500.0,0.017703703703703704,OVERSUPPLY,4420.333333333333,0.0
513,1.1,Yellow-S,1068,1062,8.0,88.83333333333333,6.0,4500.0,0.01974074074074074,OVERSUPPLY,4411.166666666667,0.0
513,1.1,Yellow-S,1068,1062,9.0,103.66666666666667,6.0,4500.0,0.023037037037037036,OVERSUPPLY,4396.333333333333,0.0
513,1.1,Yellow-S,1068,1062,10.0,72.5,6.0,4500.0,0.01611111111111111,OVERSUPPLY,4427.5,0.0
513,1.1,Yellow-S,1068,1062,11.0,84.66666666666667,6.0,4500.0,0.018814814814814815,OVERSUPPLY,4415.333333333333,0.0
513,1.1,Yellow-S,1068,1062,12.0,71.33333333333333,6.0,4500.0,0.01585185185185185,OVERSUPPLY,4428.666666666667,0.0
513,1.1,Yellow-S,1068,1062,13.0,67.5,6.0,4500.0,0.015,OVERSUPPLY,4432.5,0.0
513,1.1,Yellow-S,1068,1062,14.0,74.16666666666667,6.0,4500.0,0.016481481481481482,OVERSUPPLY,4425.833333333333,0.0
513,1.1,Yellow-S,1068,1062,15.0,79.0,6.0,4500.0,0.017555555555555557,OVERSUPPLY,4421.0,0.0
513,1.1,Yellow-S,1068,1062,16.0,75.5,6.0,4500.0,0.016777777777777777,OVERSUPPLY,4424.5,0.0
513,1.1,Yellow-S,1068,1062,17.0,103.83333333333333,6.0,4500.0,0.023074074074074073,OVERSUPPLY,4396.166666666667,0.0
513,1.1,Yellow-S,1068,1062,18.0,73.83333333333333,6.0,4500.0,0.016407407407407405,OVERSUPPLY,4426.166666666667,0.0
513,1.1,Yellow-S,1068,1062,19.0,47.833333333333336,6.0,4500.0,0.01062962962962963,OVERSUPPLY,4452.166666666667,0.0
513,1.1,Yellow-S,1068,1062,20.0,42.666666666666664,6.0,4500.0,0.009481481481481481,OVERSUPPLY,4457.333333333333,0.0
513,1.1,Yellow-S,1068,1062,21.0,27.833333333333332,4.0,3000.0,0.009277777777777777,OVERSUPPLY,2972.1666666666665,0.0
513,1.1,Yellow-S,1068,1062,22.0,22.166666666666668,3.0,2250.0,0.009851851851851853,OVERSUPPLY,2227.8333333333335,0.0
513,1.1,Yellow-S,1068,1062,23.0,12.166666666666666,3.0,2250.0,0.005407407407407407,OVERSUPPLY,2237.8333333333335,0.0
515,1.1,Yellow-S,1069,1063,6.0,21.0,6.0,4500.0,0.004666666666666667,OVERSUPPLY,4479.0,0.0
515,1.1,Yellow-S,1069,1063,7.0,24.0,6.0,4500.0,0.005333333333333333,OVERSUPPLY,4476.0,0.0
515,1.1,Yellow-S,1069,1063,8.0,19.0,6.0,4500.0,0.004222222222222222,OVERSUPPLY,4481.0,0.0
515,1.1,Yellow-S,1069,1063,9.0,21.333333333333332,6.0,4500.0,0.004740740740740741,OVERSUPPLY,4478.666666666667,0.0
515,1.1,Yellow-S,1069,1063,10.0,18.666666666666668,6.0,4500.0,0.004148148148148148,OVERSUPPLY,4481.333333333333,0.0
515,1.1,Yellow-S,1069,1063,11.0,18.333333333333336,6.0,4500.0,0.004074074074074075,OVERSUPPLY,4481.666666666667,0.0
515,1.1,Yellow-S,1069,1063,12.0,9.833333333333332,6.0,4500.0,0.002185185185185185,OVERSUPPLY,4490.166666666667,0.0
515,1.1,Yellow-S,1069,1063,13.0,7.0,6.0,4500.0,0.0015555555555555555,OVERSUPPLY,4493.0,0.0
515,1.1,Yellow-S,1069,1063,14.0,8.666666666666666,6.0,4500.0,0.0019259259259259258,OVERSUPPLY,4491.333333333333,0.0
515,1.1,Yellow-S,1069,1063,15.0,5.333333333333333,6.0,4500.0,0.0011851851851851852,OVERSUPPLY,4494.666666666667,0.0
515,1.1,Yellow-S,1069,1063,16.0,5.166666666666667,6.0,4500.0,0.0011481481481481481,OVERSUPPLY,4494.833333333333,0.0
515,1.1,Yellow-S,1069,1063,17.0,7.666666666666667,6.0,4500.0,0.0017037037037037038,OVERSUPPLY,4492.333333333333,0.0
515,1.1,Yellow-S,1069,1063,18.0,5.166666666666667,6.0,4500.0,0.0011481481481481481,OVERSUPPLY,4494.833333333333,0.0
515,1.1,Yellow-S,1069,1063,19.0,4.666666666666666,6.0,4500.0,0.0010370370370370368,OVERSUPPLY,4495.333333333333,0.0
515,1.1,Yellow-S,1069,1063,20.0,6.666666666666667,6.0,4500.0,0.0014814814814814816,OVERSUPPLY,4493.333333333333,0.0
515,1.1,Yellow-S,1069,1063,21.0,4.166666666666667,4.0,3000.0,0.001388888888888889,OVERSUPPLY,2995.8333333333335,0.0
515,1.1,Yellow-S,1069,1063,22.0,3.5,3.0,2250.0,0.0015555555555555555,OVERSUPPLY,2246.5,0.0
515,1.1,Yellow-S,1069,1063,23.0,0.5,3.0,2250.0,0.00022222222222222223,OVERSUPPLY,2249.5,0.0
517,1.1,Yellow-S,1070,1035,5.0,41.166666666666664,6.0,4500.0,0.009148148148148148,OVERSUPPLY,4458.833333333333,0.0
517,1.1,Yellow-S,1070,1035,6.0,210.16666666666666,6.0,4500.0,0.0467037037037037,OVERSUPPLY,4289.833333333333,0.0
517,1.1,Yellow-S,1070,1035,7.0,215.33333333333334,6.0,4500.0,0.047851851851851854,OVERSUPPLY,4284.666666666667,0.0
517,1.1,Yellow-S,1070,1035,8.0,205.66666666666666,6.0,4500.0,0.045703703703703705,OVERSUPPLY,4294.333333333333,0.0
517,1.1,Yellow-S,1070,1035,9.0,93.33333333333333,6.0,4500.0,0.02074074074074074,OVERSUPPLY,4406.666666666667,0.0
517,1.1,Yellow-S,1070,1035,10.0,47.0,6.0,4500.0,0.010444444444444444,OVERSUPPLY,4453.0,0.0
517,1.1,Yellow-S,1070,1035,11.0,31.833333333333332,6.0,4500.0,0.007074074074074074,OVERSUPPLY,4468.166666666667,0.0
517,1.1,Yellow-S,1070,1035,12.0,29.833333333333332,6.0,4500.0,0.006629629629629629,OVERSUPPLY,4470.166666666667,0.0
517,1.1,Yellow-S,1070,1035,13.0,26.333333333333332,6.0,4500.0,0.005851851851851852,OVERSUPPLY,4473.666666666667,0.0
517,1.1,Yellow-S,1070,1035,14.0,26.833333333333332,6.0,4500.0,0.0059629629629629624,OVERSUPPLY,4473.166666666667,0.0
517,1.1,Yellow-S,1070,1035,15.0,28.166666666666664,6.0,4500.0,0.006259259259259259,OVERSUPPLY,4471.833333333333,0.0
517,1.1,Yellow-S,1070,1035,16.0,18.5,6.0,4500.0,0.004111111111111111,OVERSUPPLY,4481.5,0.0
517,1.1,Yellow-S,1070,1035,17.0,21.333333333333332,6.0,4500.0,0.004740740740740741,OVERSUPPLY,4478.666666666667,0.0
517,1.1,Yellow-S,1070,1035,18.0,13.5,6.0,4500.0,0.003,OVERSUPPLY,4486.5,0.0
517,1.1,Yellow-S,1070,1035,19.0,11.0,6.0,4500.0,0.0024444444444444444,OVERSUPPLY,4489.0,0.0
517,1.1,Yellow-S,1070,1035,20.0,11.166666666666666,6.0,4500.0,0.002481481481481481,OVERSUPPLY,4488.833333333333,0.0
517,1.1,Yellow-S,1070,1035,21.0,13.0,4.0,3000.0,0.004333333333333333,OVERSUPPLY,2987.0,0.0
517,1.1,Yellow-S,1070,1035,22.0,7.666666666666666,3.0,2250.0,0.003407407407407407,OVERSUPPLY,2242.3333333333335,0.0
517,1.1,Yellow-S,1070,1035,23.0,3.6666666666666665,3.0,2250.0,0.0016296296296296295,OVERSUPPLY,2246.3333333333335,0.0
519,1.1,Yellow-S,1071,1036,5.0,248.16666666666666,6.0,4500.0,0.05514814814814815,OVERSUPPLY,4251.833333333333,0.0
519,1.1,Yellow-S,1071,1036,6.0,862.5,6.0,4500.0,0.19166666666666668,OVERSUPPLY,3637.5,0.0
519,1.1,Yellow-S,1071,1036,7.0,1217.0,6.0,4500.0,0.27044444444444443,BALANCED,3283.0,0.0
519,1.1,Yellow-S,1071,1036,8.0,1164.0,6.0,4500.0,0.25866666666666666,BALANCED,3336.0,0.0
519,1.1,Yellow-S,1071,1036,9.0,615.0,6.0,4500.0,0.13666666666666666,OVERSUPPLY,3885.0,0.0
519,1.1,Yellow-S,1071,1036,10.0,340.3333333333333,6.0,4500.0,0.07562962962962963,OVERSUPPLY,4159.666666666667,0.0
519,1.1,Yellow-S,1071,1036,11.0,256.1666666666667,6.0,4500.0,0.05692592592592593,OVERSUPPLY,4243.833333333333,0.0
519,1.1,Yellow-S,1071,1036,12.0,188.83333333333334,6.0,4500.0,0.041962962962962966,OVERSUPPLY,4311.166666666667,0.0
519,1.1,Yellow-S,1071,1036,13.0,170.66666666666666,6.0,4500.0,0.037925925925925925,OVERSUPPLY,4329.333333333333,0.0
519,1.1,Yellow-S,1071,1036,14.0,175.83333333333334,6.0,4500.0,0.039074074074074074,OVERSUPPLY,4324.166666666667,0.0
519,1.1,Yellow-S,1071,1036,15.0,164.5,6.0,4500.0,0.036555555555555556,OVERSUPPLY,4335.5,0.0
519,1.1,Yellow-S,1071,1036,16.0,253.16666666666666,6.0,4500.0,0.05625925925925926,OVERSUPPLY,4246.833333333333,0.0
519,1.1,Yellow-S,1071,1036,17.0,263.6666666666667,6.0,4500.0,0.0585925925925926,OVERSUPPLY,4236.333333333333,0.0
519,1.1,Yellow-S,1071,1036,18.0,199.5,6.0,4500.0,0.044333333333333336,OVERSUPPLY,4300.5,0.0
519,1.1,Yellow-S,1071,1036,19.0,107.33333333333333,6.0,4500.0,0.02385185185185185,OVERSUPPLY,4392.666666666667,0.0
519,1.1,Yellow-S,1071,1036,20.0,75.83333333333333,6.0,4500.0,0.01685185185185185,OVERSUPPLY,4424.166666666667,0.0
519,1.1,Yellow-S,1071,1036,21.0,63.0,4.0,3000.0,0.021,OVERSUPPLY,2937.0,0.0
519,1.1,Yellow-S,1071,1036,22.0,46.666666666666664,3.0,2250.0,0.02074074074074074,OVERSUPPLY,2203.3333333333335,0.0
519,1.1,Yellow-S,1071,1036,23.0,21.333333333333332,3.0,2250.0,0.009481481481481481,OVERSUPPLY,2228.6666666666665,0.0
523,1.1,Yellow-S,1073,1029,5.0,387.8333333333333,6.0,4500.0,0.08618518518518518,OVERSUPPLY,4112.166666666667,0.0
523,1.1,Yellow-S,1073,1029,6.0,1336.5,6.0,4500.0,0.297,BALANCED,3163.5,0.0
523,1.1,Yellow-S,1073,1029,7.0,2014.1666666666667,6.0,4500.0,0.4475925925925926,BALANCED,2485.833333333333,0.0
523,1.1,Yellow-S,1073,1029,8.0,2422.5,6.0,4500.0,0.5383333333333333,BALANCED,2077.5,0.0
523,1.1,Yellow-S,1073,1029,9.0,1461.8333333333333,6.0,4500.0,0.32485185185185184,BALANCED,3038.166666666667,0.0
523,1.1,Yellow-S,1073,1029,10.0,787.3333333333334,6.0,4500.0,0.17496296296296296,OVERSUPPLY,3712.6666666666665,0.0
523,1.1,Yellow-S,1073,1029,11.0,588.8333333333334,6.0,4500.0,0.13085185185185186,OVERSUPPLY,3911.1666666666665,0.0
523,1.1,Yellow-S,1073,1029,12.0,513.5,6.0,4500.0,0.11411111111111111,OVERSUPPLY,3986.5,0.0
523,1.1,Yellow-S,1073,1029,13.0,455.6666666666667,6.0,4500.0,0.10125925925925926,OVERSUPPLY,4044.3333333333335,0.0
523,1.1,Yellow-S,1073,1029,14.0,449.6666666666667,6.0,4500.0,0.09992592592592593,OVERSUPPLY,4050.3333333333335,0.0
523,1.1,Yellow-S,1073,1029,15.0,467.5,6.0,4500.0,0.10388888888888889,OVERSUPPLY,4032.5,0.0
523,1.1,Yellow-S,1073,1029,16.0,625.8333333333334,6.0,4500.0,0.13907407407407407,OVERSUPPLY,3874.1666666666665,0.0
523,1.1,Yellow-S,1073,1029,17.0,722.1666666666666,6.0,4500.0,0.16048148148148147,OVERSUPPLY,3777.8333333333335,0.0
523,1.1,Yellow-S,1073,1029,18.0,517.8333333333334,6.0,4500.0,0.11507407407407408,OVERSUPPLY,3982.1666666666665,0.0
523,1.1,Yellow-S,1073,1029,19.0,306.1666666666667,6.0,4500.0,0.06803703703703703,OVERSUPPLY,4193.833333333333,0.0
523,1.1,Yellow-S,1073,1029,20.0,166.5,6.0,4500.0,0.037,OVERSUPPLY,4333.5,0.0
523,1.1,Yellow-S,1073,1029,21.0,157.16666666666666,4.0,3000.0,0.05238888888888889,OVERSUPPLY,2842.8333333333335,0.0
523,1.1,Yellow-S,1073,1029,22.0,128.33333333333334,3.0,2250.0,0.05703703703703704,OVERSUPPLY,2121.6666666666665,0.0
523,1.1,Yellow-S,1073,1029,23.0,60.833333333333336,3.0,2250.0,0.027037037037037037,OVERSUPPLY,2189.1666666666665,0.0
525,1.1,Yellow-S,1074,1030,5.0,199.5,6.0,4500.0,0.044333333333333336,OVERSUPPLY,4300.5,0.0
525,1.1,Yellow-S,1074,1030,6.0,583.1666666666666,6.0,4500.0,0.1295925925925926,OVERSUPPLY,3916.8333333333335,0.0
525,1.1,Yellow-S,1074,1030,7.0,1077.3333333333333,6.0,4500.0,0.2394074074074074,BALANCED,3422.666666666667,0.0
525,1.1,Yellow-S,1074,1030,8.0,1450.8333333333333,6.0,4500.0,0.32240740740740736,BALANCED,3049.166666666667,0.0
525,1.1,Yellow-S,1074,1030,9.0,920.0,6.0,4500.0,0.20444444444444446,BALANCED,3580.0,0.0
525,1.1,Yellow-S,1074,1030,10.0,507.5,6.0,4500.0,0.11277777777777778,OVERSUPPLY,3992.5,0.0
525,1.1,Yellow-S,1074,1030,11.0,383.3333333333333,6.0,4500.0,0.08518518518518518,OVERSUPPLY,4116.666666666667,0.0
525,1.1,Yellow-S,1074,1030,12.0,341.8333333333333,6.0,4500.0,0.07596296296296295,OVERSUPPLY,4158.166666666667,0.0
525,1.1,Yellow-S,1074,1030,13.0,311.8333333333333,6.0,4500.0,0.06929629629629629,OVERSUPPLY,4188.166666666667,0.0
525,1.1,Yellow-S,1074,1030,14.0,301.8333333333333,6.0,4500.0,0.06707407407407406,OVERSUPPLY,4198.166666666667,0.0
525,1.1,Yellow-S,1074,1030,15.0,324.6666666666667,6.0,4500.0,0.07214814814814816,OVERSUPPLY,4175.333333333333,0.0
525,1.1,Yellow-S,1074,1030,16.0,425.6666666666667,6.0,4500.0,0.0945925925925926,OVERSUPPLY,4074.3333333333335,0.0
525,1.1,Yellow-S,1074,1030,17.0,534.6666666666666,6.0,4500.0,0.1188148148148148,OVERSUPPLY,3965.3333333333335,0.0
525,1.1,Yellow-S,1074,1030,18.0,397.0,6.0,4500.0,0.08822222222222222,OVERSUPPLY,4103.0,0.0
525,1.1,Yellow-S,1074,1030,19.0,237.0,6.0,4500.0,0.05266666666666667,OVERSUPPLY,4263.0,0.0
525,1.1,Yellow-S,1074,1030,20.0,115.83333333333333,6.0,4500.0,0.02574074074074074,OVERSUPPLY,4384.166666666667,0.0
525,1.1,Yellow-S,1074,1030,21.0,110.0,4.0,3000.0,0.03666666666666667,OVERSUPPLY,2890.0,0.0
525,1.1,Yellow-S,1074,1030,22.0,90.0,3.0,2250.0,0.04,OVERSUPPLY,2160.0,0.0
525,1.1,Yellow-S,1074,1030,23.0,43.5,3.0,2250.0,0.019333333333333334,OVERSUPPLY,2206.5,0.0
527,1.1,Yellow-S,1075,1031,5.0,97.16666666666667,6.0,4500.0,0.021592592592592594,OVERSUPPLY,4402.833333333333,0.0
527,1.1,Yellow-S,1075,1031,6.0,324.1666666666667,6.0,4500.0,0.07203703703703704,OVERSUPPLY,4175.833333333333,0.0
527,1.1,Yellow-S,1075,1031,7.0,480.8333333333333,6.0,4500.0,0.10685185185185185,OVERSUPPLY,4019.1666666666665,0.0
527,1.1,Yellow-S,1075,1031,8.0,477.8333333333333,6.0,4500.0,0.10618518518518517,OVERSUPPLY,4022.1666666666665,0.0
527,1.1,Yellow-S,1075,1031,9.0,276.5,6.0,4500.0,0.06144444444444445,OVERSUPPLY,4223.5,0.0
527,1.1,Yellow-S,1075,1031,10.0,139.16666666666666,6.0,4500.0,0.030925925925925923,OVERSUPPLY,4360.833333333333,0.0
527,1.1,Yellow-S,1075,1031,11.0,107.33333333333333,6.0,4500.0,0.02385185185185185,OVERSUPPLY,4392.666666666667,0.0
527,1.1,Yellow-S,1075,1031,12.0,80.66666666666667,6.0,4500.0,0.01792592592592593,OVERSUPPLY,4419.333333333333,0.0
527,1.1,Yellow-S,1075,1031,13.0,65.33333333333333,6.0,4500.0,0.014518518518518517,OVERSUPPLY,4434.666666666667,0.0
527,1.1,Yellow-S,1075,1031,14.0,68.83333333333333,6.0,4500.0,0.015296296296296296,OVERSUPPLY,4431.166666666667,0.0
527,1.1,Yellow-S,1075,1031,15.0,72.33333333333333,6.0,4500.0,0.016074074074074074,OVERSUPPLY,4427.666666666667,0.0
527,1.1,Yellow-S,1075,1031,16.0,128.0,6.0,4500.0,0.028444444444444446,OVERSUPPLY,4372.0,0.0
527,1.1,Yellow-S,1075,1031,17.0,115.0,6.0,4500.0,0.025555555555555557,OVERSUPPLY,4385.0,0.0
527,1.1,Yellow-S,1075,1031,18.0,59.833333333333336,6.0,4500.0,0.013296296296296297,OVERSUPPLY,4440.166666666667,0.0
527,1.1,Yellow-S,1075,1031,19.0,33.166666666666664,6.0,4500.0,0.00737037037037037,OVERSUPPLY,4466.833333333333,0.0
527,1.1,Yellow-S,1075,1031,20.0,23.833333333333332,6.0,4500.0,0.005296296296296296,OVERSUPPLY,4476.166666666667,0.0
527,1.1,Yellow-S,1075,1031,21.0,20.333333333333332,4.0,3000.0,0.0067777777777777775,OVERSUPPLY,2979.6666666666665,0.0
527,1.1,Yellow-S,1075,1031,22.0,14.833333333333332,3.0,2250.0,0.006592592592592592,OVERSUPPLY,2235.1666666666665,0.0
527,1.1,Yellow-S,1075,1031,23.0,5.833333333333333,3.0,2250.0,0.0025925925925925925,OVERSUPPLY,2244.1666666666665,0.0
535,11.1,Blue-S,1079,1091,5.0,53.0,3.0,1350.0,0.03925925925925926,OVERSUPPLY,1297.0,0.0
535,11.1,Blue-S,1079,1091,6.0,197.83333333333334,3.0,1350.0,0.1465432098765432,OVERSUPPLY,1152.1666666666667,0.0
535,11.1,Blue-S,1079,1091,7.0,236.83333333333334,3.0,1350.0,0.17543209876543212,OVERSUPPLY,1113.1666666666667,0.0
535,11.1,Blue-S,1079,1091,8.0,299.1666666666667,3.0,1350.0,0.22160493827160496,BALANCED,1050.8333333333333,0.0
535,11.1,Blue-S,1079,1091,9.0,162.66666666666666,3.0,1350.0,0.12049382716049382,OVERSUPPLY,1187.3333333333333,0.0
535,11.1,Blue-S,1079,1091,10.0,85.66666666666667,3.0,1350.0,0.0634567901234568,OVERSUPPLY,1264.3333333333333,0.0
535,11.1,Blue-S,1079,1091,11.0,63.5,3.0,1350.0,0.04703703703703704,OVERSUPPLY,1286.5,0.0
535,11.1,Blue-S,1079,1091,12.0,48.333333333333336,3.0,1350.0,0.03580246913580247,OVERSUPPLY,1301.6666666666667,0.0
535,11.1,Blue-S,1079,1091,13.0,47.333333333333336,3.0,1350.0,0.03506172839506173,OVERSUPPLY,1302.6666666666667,0.0
535,11.1,Blue-S,1079,1091,14.0,54.166666666666664,3.0,1350.0,0.040123456790123455,OVERSUPPLY,1295.8333333333333,0.0
535,11.1,Blue-S,1079,1091,15.0,63.333333333333336,3.0,1350.0,0.04691358024691358,OVERSUPPLY,1286.6666666666667,0.0
535,11.1,Blue-S,1079,1091,16.0,93.33333333333333,3.0,1350.0,0.0691358024691358,OVERSUPPLY,1256.6666666666667,0.0
535,11.1,Blue-S,1079,1091,17.0,89.0,3.0,1350.0,0.06592592592592593,OVERSUPPLY,1261.0,0.0
535,11.1,Blue-S,1079,1091,18.0,51.166666666666664,3.0,1350.0,0.03790123456790123,OVERSUPPLY,1298.8333333333333,0.0
535,11.1,Blue-S,1079,1091,19.0,28.333333333333332,3.0,1350.0,0.020987654320987655,OVERSUPPLY,1321.6666666666667,0.0
535,11.1,Blue-S,1079,1091,20.0,20.166666666666668,3.0,1350.0,0.014938271604938273,OVERSUPPLY,1329.8333333333333,0.0
535,11.1,Blue-S,1079,1091,21.0,13.666666666666666,2.0,900.0,0.015185185185185185,OVERSUPPLY,886.3333333333334,0.0
535,11.1,Blue-S,1079,1091,22.0,10.333333333333332,3.0,1350.0,0.00765432098765432,OVERSUPPLY,1339.6666666666667,0.0
535,11.1,Blue-S,1079,1091,23.0,4.833333333333333,3.0,1350.0,0.0035802469135802466,OVERSUPPLY,1345.1666666666667,0.0
537,11.1,Blue-S,1080,1079,5.0,84.66666666666667,3.0,1350.0,0.06271604938271605,OVERSUPPLY,1265.3333333333333,0.0
537,11.1,Blue-S,1080,1079,6.0,292.3333333333333,3.0,1350.0,0.21654320987654319,BALANCED,1057.6666666666667,0.0
537,11.1,Blue-S,1080,1079,7.0,389.5,3.0,1350.0,0.2885185185185185,BALANCED,960.5,0.0
537,11.1,Blue-S,1080,1079,8.0,465.5,3.0,1350.0,0.3448148148148148,BALANCED,884.5,0.0
537,11.1,Blue-S,1080,1079,9.0,252.5,3.0,1350.0,0.18703703703703703,OVERSUPPLY,1097.5,0.0
537,11.1,Blue-S,1080,1079,10.0,142.5,3.0,1350.0,0.10555555555555556,OVERSUPPLY,1207.5,0.0
537,11.1,Blue-S,1080,1079,11.0,108.33333333333333,3.0,1350.0,0.08024691358024691,OVERSUPPLY,1241.6666666666667,0.0
537,11.1,Blue-S,1080,1079,12.0,94.66666666666667,3.0,1350.0,0.07012345679012345,OVERSUPPLY,1255.3333333333333,0.0
537,11.1,Blue-S,1080,1079,13.0,92.66666666666666,3.0,1350.0,0.06864197530864197,OVERSUPPLY,1257.3333333333333,0.0
537,11.1,Blue-S,1080,1079,14.0,108.16666666666666,3.0,1350.0,0.08012345679012345,OVERSUPPLY,1241.8333333333333,0.0
537,11.1,Blue-S,1080,1079,15.0,141.66666666666666,3.0,1350.0,0.10493827160493827,OVERSUPPLY,1208.3333333333333,0.0
537,11.1,Blue-S,1080,1079,16.0,209.66666666666666,3.0,1350.0,0.15530864197530864,OVERSUPPLY,1140.3333333333333,0.0
537,11.1,Blue-S,1080,1079,17.0,221.83333333333334,3.0,1350.0,0.164320987654321,OVERSUPPLY,1128.1666666666667,0.0
537,11.1,Blue-S,1080,1079,18.0,136.5,3.0,1350.0,0.10111111111111111,OVERSUPPLY,1213.5,0.0
537,11.1,Blue-S,1080,1079,19.0,93.16666666666667,3.0,1350.0,0.06901234567901235,OVERSUPPLY,1256.8333333333333,0.0
537,11.1,Blue-S,1080,1079,20.0,50.166666666666664,3.0,1350.0,0.03716049382716049,OVERSUPPLY,1299.8333333333333,0.0
537,11.1,Blue-S,1080,1079,21.0,42.0,2.0,900.0,0.04666666666666667,OVERSUPPLY,858.0,0.0
537,11.1,Blue-S,1080,1079,22.0,25.166666666666664,3.0,1350.0,0.018641975308641975,OVERSUPPLY,1324.8333333333333,0.0
537,11.1,Blue-S,1080,1079,23.0,12.0,3.0,1350.0,0.008888888888888889,OVERSUPPLY,1338.0,0.0
541,11.1,Blue-S,1082,1086,5.0,130.83333333333334,3.0,1350.0,0.09691358024691359,OVERSUPPLY,1219.1666666666667,0.0
541,11.1,Blue-S,1082,1086,6.0,423.5,3.0,1350.0,0.3137037037037037,BALANCED,926.5,0.0
541,11.1,Blue-S,1082,1086,7.0,606.3333333333334,3.0,1350.0,0.4491358024691358,BALANCED,743.6666666666666,0.0
541,11.1,Blue-S,1082,1086,8.0,672.6666666666666,3.0,1350.0,0.49827160493827155,BALANCED,677.3333333333334,0.0
541,11.1,Blue-S,1082,1086,9.0,385.5,3.0,1350.0,0.28555555555555556,BALANCED,964.5,0.0
541,11.1,Blue-S,1082,1086,10.0,227.33333333333334,3.0,1350.0,0.16839506172839508,OVERSUPPLY,1122.6666666666667,0.0
541,11.1,Blue-S,1082,1086,11.0,159.66666666666666,3.0,1350.0,0.1182716049382716,OVERSUPPLY,1190.3333333333333,0.0
541,11.1,Blue-S,1082,1086,12.0,142.5,3.0,1350.0,0.10555555555555556,OVERSUPPLY,1207.5,0.0
541,11.1,Blue-S,1082,1086,13.0,131.5,3.0,1350.0,0.0974074074074074,OVERSUPPLY,1218.5,0.0
541,11.1,Blue-S,1082,1086,14.0,151.83333333333334,3.0,1350.0,0.11246913580246914,OVERSUPPLY,1198.1666666666667,0.0
541,11.1,Blue-S,1082,1086,15.0,150.33333333333334,3.0,1350.0,0.11135802469135803,OVERSUPPLY,1199.6666666666667,0.0
541,11.1,Blue-S,1082,1086,16.0,182.83333333333334,3.0,1350.0,0.1354320987654321,OVERSUPPLY,1167.1666666666667,0.0
541,11.1,Blue-S,1082,1086,17.0,186.5,3.0,1350.0,0.13814814814814816,OVERSUPPLY,1163.5,0.0
541,11.1,Blue-S,1082,1086,18.0,118.83333333333333,3.0,1350.0,0.08802469135802468,OVERSUPPLY,1231.1666666666667,0.0
541,11.1,Blue-S,1082,1086,19.0,72.16666666666667,3.0,1350.0,0.05345679012345679,OVERSUPPLY,1277.8333333333333,0.0
541,11.1,Blue-S,1082,1086,20.0,51.5,3.0,1350.0,0.038148148148148146,OVERSUPPLY,1298.5,0.0
541,11.1,Blue-S,1082,1086,21.0,44.666666666666664,2.0,900.0,0.04962962962962963,OVERSUPPLY,855.3333333333334,0.0
541,11.1,Blue-S,1082,1086,22.0,40.5,3.0,1350.0,0.03,OVERSUPPLY,1309.5,0.0
541,11.1,Blue-S,1082,1086,23.0,18.5,3.0,1350.0,0.013703703703703704,OVERSUPPLY,1331.5,0.0
544,11.1,Blue-S,1084,1092,5.0,52.0,3.0,1350.0,0.03851851851851852,OVERSUPPLY,1298.0,0.0
544,11.1,Blue-S,1084,1092,6.0,168.33333333333334,3.0,1350.0,0.12469135802469136,OVERSUPPLY,1181.6666666666667,0.0
544,11.1,Blue-S,1084,1092,7.0,202.5,3.0,1350.0,0.15,OVERSUPPLY,1147.5,0.0
544,11.1,Blue-S,1084,1092,8.0,233.0,3.0,1350.0,0.1725925925925926,OVERSUPPLY,1117.0,0.0
544,11.1,Blue-S,1084,1092,9.0,143.0,3.0,1350.0,0.10592592592592592,OVERSUPPLY,1207.0,0.0
544,11.1,Blue-S,1084,1092,10.0,86.0,3.0,1350.0,0.0637037037037037,OVERSUPPLY,1264.0,0.0
544,11.1,Blue-S,1084,1092,11.0,61.0,3.0,1350.0,0.04518518518518518,OVERSUPPLY,1289.0,0.0
544,11.1,Blue-S,1084,1092,12.0,53.166666666666664,3.0,1350.0,0.03938271604938271,OVERSUPPLY,1296.8333333333333,0.0
544,11.1,Blue-S,1084,1092,13.0,63.166666666666664,3.0,1350.0,0.04679012345679012,OVERSUPPLY,1286.8333333333333,0.0
544,11.1,Blue-S,1084,1092,14.0,63.833333333333336,3.0,1350.0,0.04728395061728395,OVERSUPPLY,1286.1666666666667,0.0
544,11.1,Blue-S,1084,1092,15.0,93.0,3.0,1350.0,0.06888888888888889,OVERSUPPLY,1257.0,0.0
544,11.1,Blue-S,1084,1092,16.0,143.33333333333334,3.0,1350.0,0.10617283950617284,OVERSUPPLY,1206.6666666666667,0.0
544,11.1,Blue-S,1084,1092,17.0,135.83333333333334,3.0,1350.0,0.1006172839506173,OVERSUPPLY,1214.1666666666667,0.0
544,11.1,Blue-S,1084,1092,18.0,84.83333333333333,3.0,1350.0,0.0628395061728395,OVERSUPPLY,1265.1666666666667,0.0
544,11.1,Blue-S,1084,1092,19.0,51.666666666666664,3.0,1350.0,0.0382716049382716,OVERSUPPLY,1298.3333333333333,0.0
544,11.1,Blue-S,1084,1092,20.0,29.833333333333332,3.0,1350.0,0.022098765432098766,OVERSUPPLY,1320.1666666666667,0.0
544,11.1,Blue-S,1084,1092,21.0,26.0,2.0,900.0,0.028888888888888888,OVERSUPPLY,874.0,0.0
544,11.1,Blue-S,1084,1092,22.0,18.166666666666664,3.0,1350.0,0.013456790123456788,OVERSUPPLY,1331.8333333333333,0.0
544,11.1,Blue-S,1084,1092,23.0,7.0,3.0,1350.0,0.005185185185185185,OVERSUPPLY,1343.0,0.0
546,11.1,Blue-S,1085,1089,5.0,38.83333333333333,3.0,1350.0,0.028765432098765427,OVERSUPPLY,1311.1666666666667,0.0
546,11.1,Blue-S,1085,1089,6.0,109.83333333333333,3.0,1350.0,0.08135802469135803,OVERSUPPLY,1240.1666666666667,0.0
546,11.1,Blue-S,1085,1089,7.0,185.66666666666669,3.0,1350.0,0.13753086419753088,OVERSUPPLY,1164.3333333333333,0.0
546,11.1,Blue-S,1085,1089,8.0,198.16666666666666,3.0,1350.0,0.14679012345679013,OVERSUPPLY,1151.8333333333333,0.0
546,11.1,Blue-S,1085,1089,9.0,86.16666666666667,3.0,1350.0,0.06382716049382717,OVERSUPPLY,1263.8333333333333,0.0
546,11.1,Blue-S,1085,1089,10.0,50.666666666666664,3.0,1350.0,0.037530864197530864,OVERSUPPLY,1299.3333333333333,0.0
546,11.1,Blue-S,1085,1089,11.0,37.833333333333336,3.0,1350.0,0.028024691358024694,OVERSUPPLY,1312.1666666666667,0.0
546,11.1,Blue-S,1085,1089,12.0,33.0,3.0,1350.0,0.024444444444444446,OVERSUPPLY,1317.0,0.0
546,11.1,Blue-S,1085,1089,13.0,27.666666666666668,3.0,1350.0,0.02049382716049383,OVERSUPPLY,1322.3333333333333,0.0
546,11.1,Blue-S,1085,1089,14.0,30.0,3.0,1350.0,0.022222222222222223,OVERSUPPLY,1320.0,0.0
546,11.1,Blue-S,1085,1089,15.0,25.5,3.0,1350.0,0.01888888888888889,OVERSUPPLY,1324.5,0.0
546,11.1,Blue-S,1085,1089,16.0,24.333333333333332,3.0,1350.0,0.018024691358024692,OVERSUPPLY,1325.6666666666667,0.0
546,11.1,Blue-S,1085,1089,17.0,29.166666666666668,3.0,1350.0,0.02160493827160494,OVERSUPPLY,1320.8333333333333,0.0
546,11.1,Blue-S,1085,1089,18.0,28.166666666666668,3.0,1350.0,0.020864197530864197,OVERSUPPLY,1321.8333333333333,0.0
546,11.1,Blue-S,1085,1089,19.0,16.333333333333332,3.0,1350.0,0.012098765432098764,OVERSUPPLY,1333.6666666666667,0.0
546,11.1,Blue-S,1085,1089,20.0,8.166666666666666,3.0,1350.0,0.006049382716049382,OVERSUPPLY,1341.8333333333333,0.0
546,11.1,Blue-S,1085,1089,21.0,6.0,2.0,900.0,0.006666666666666667,OVERSUPPLY,894.0,0.0
546,11.1,Blue-S,1085,1089,22.0,9.0,3.0,1350.0,0.006666666666666667,OVERSUPPLY,1341.0,0.0
546,11.1,Blue-S,1085,1089,23.0,4.833333333333333,3.0,1350.0,0.0035802469135802466,OVERSUPPLY,1345.1666666666667,0.0
548,11.1,Blue-S,1086,1088,5.0,192.16666666666666,3.0,1350.0,0.14234567901234568,OVERSUPPLY,1157.8333333333333,0.0
548,11.1,Blue-S,1086,1088,6.0,569.3333333333334,3.0,1350.0,0.42172839506172843,BALANCED,780.6666666666666,0.0
548,11.1,Blue-S,1086,1088,7.0,847.8333333333334,3.0,1350.0,0.6280246913580247,BALANCED,502.16666666666663,0.0
548,11.1,Blue-S,1086,1088,8.0,957.8333333333334,3.0,1350.0,0.7095061728395062,BALANCED,392.16666666666663,0.0
548,11.1,Blue-S,1086,1088,9.0,554.1666666666666,3.0,1350.0,0.4104938271604938,BALANCED,795.8333333333334,0.0
548,11.1,Blue-S,1086,1088,10.0,314.0,3.0,1350.0,0.2325925925925926,BALANCED,1036.0,0.0
548,11.1,Blue-S,1086,1088,11.0,232.16666666666666,3.0,1350.0,0.1719753086419753,OVERSUPPLY,1117.8333333333333,0.0
548,11.1,Blue-S,1086,1088,12.0,200.33333333333334,3.0,1350.0,0.14839506172839506,OVERSUPPLY,1149.6666666666667,0.0
548,11.1,Blue-S,1086,1088,13.0,188.5,3.0,1350.0,0.13962962962962963,OVERSUPPLY,1161.5,0.0
548,11.1,Blue-S,1086,1088,14.0,197.5,3.0,1350.0,0.14629629629629629,OVERSUPPLY,1152.5,0.0
548,11.1,Blue-S,1086,1088,15.0,188.83333333333334,3.0,1350.0,0.13987654320987655,OVERSUPPLY,1161.1666666666667,0.0
548,11.1,Blue-S,1086,1088,16.0,220.16666666666666,3.0,1350.0,0.1630864197530864,OVERSUPPLY,1129.8333333333333,0.0
548,11.1,Blue-S,1086,1088,17.0,240.16666666666666,3.0,1350.0,0.17790123456790122,OVERSUPPLY,1109.8333333333333,0.0
548,11.1,Blue-S,1086,1088,18.0,167.16666666666666,3.0,1350.0,0.12382716049382715,OVERSUPPLY,1182.8333333333333,0.0
548,11.1,Blue-S,1086,1088,19.0,88.0,3.0,1350.0,0.06518518518518518,OVERSUPPLY,1262.0,0.0
548,11.1,Blue-S,1086,1088,20.0,65.0,3.0,1350.0,0.04814814814814815,OVERSUPPLY,1285.0,0.0
548,11.1,Blue-S,1086,1088,21.0,52.166666666666664,2.0,900.0,0.05796296296296296,OVERSUPPLY,847.8333333333334,0.0
548,11.1,Blue-S,1086,1088,22.0,51.0,3.0,1350.0,0.03777777777777778,OVERSUPPLY,1299.0,0.0
548,11.1,Blue-S,1086,1088,23.0,24.666666666666664,3.0,1350.0,0.018271604938271603,OVERSUPPLY,1325.3333333333333,0.0
552,11.1,Blue-S,1088,1093,5.0,294.1666666666667,3.0,1350.0,0.21790123456790125,BALANCED,1055.8333333333333,0.0
552,11.1,Blue-S,1088,1093,6.0,850.1666666666666,3.0,1350.0,0.629753086419753,BALANCED,499.83333333333337,0.0
552,11.1,Blue-S,1088,1093,7.0,1362.6666666666667,3.0,1350.0,1.0093827160493827,UNDERSUPPLY,0.0,12.666666666666742
552,11.1,Blue-S,1088,1093,8.0,1571.0,3.0,1350.0,1.1637037037037037,UNDERSUPPLY,0.0,221.0
552,11.1,Blue-S,1088,1093,9.0,909.0,3.0,1350.0,0.6733333333333333,BALANCED,441.0,0.0
552,11.1,Blue-S,1088,1093,10.0,492.5,3.0,1350.0,0.3648148148148148,BALANCED,857.5,0.0
552,11.1,Blue-S,1088,1093,11.0,360.8333333333333,3.0,1350.0,0.26728395061728394,BALANCED,989.1666666666667,0.0
552,11.1,Blue-S,1088,1093,12.0,316.6666666666667,3.0,1350.0,0.23456790123456792,BALANCED,1033.3333333333333,0.0
552,11.1,Blue-S,1088,1093,13.0,280.3333333333333,3.0,1350.0,0.2076543209876543,BALANCED,1069.6666666666667,0.0
552,11.1,Blue-S,1088,1093,14.0,303.3333333333333,3.0,1350.0,0.22469135802469134,BALANCED,1046.6666666666667,0.0
552,11.1,Blue-S,1088,1093,15.0,296.1666666666667,3.0,1350.0,0.21938271604938273,BALANCED,1053.8333333333333,0.0
552,11.1,Blue-S,1088,1093,16.0,370.3333333333333,3.0,1350.0,0.27432098765432095,BALANCED,979.6666666666667,0.0
552,11.1,Blue-S,1088,1093,17.0,397.5,3.0,1350.0,0.29444444444444445,BALANCED,952.5,0.0
552,11.1,Blue-S,1088,1093,18.0,276.3333333333333,3.0,1350.0,0.20469135802469135,BALANCED,1073.6666666666667,0.0
552,11.1,Blue-S,1088,1093,19.0,147.33333333333334,3.0,1350.0,0.1091358024691358,OVERSUPPLY,1202.6666666666667,0.0
552,11.1,Blue-S,1088,1093,20.0,98.83333333333333,3.0,1350.0,0.07320987654320987,OVERSUPPLY,1251.1666666666667,0.0
552,11.1,Blue-S,1088,1093,21.0,85.66666666666667,2.0,900.0,0.09518518518518519,OVERSUPPLY,814.3333333333334,0.0
552,11.1,Blue-S,1088,1093,22.0,79.5,3.0,1350.0,0.058888888888888886,OVERSUPPLY,1270.5,0.0
552,11.1,Blue-S,1088,1093,23.0,44.666666666666664,3.0,1350.0,0.03308641975308642,OVERSUPPLY,1305.3333333333333,0.0
554,11.1,Blue-S,1089,1090,5.0,130.66666666666666,3.0,1350.0,0.09679012345679011,OVERSUPPLY,1219.3333333333333,0.0
554,11.1,Blue-S,1089,1090,6.0,426.6666666666667,3.0,1350.0,0.3160493827160494,BALANCED,923.3333333333333,0.0
554,11.1,Blue-S,1089,1090,7.0,759.0,3.0,1350.0,0.5622222222222222,BALANCED,591.0,0.0
554,11.1,Blue-S,1089,1090,8.0,877.3333333333334,3.0,1350.0,0.6498765432098765,BALANCED,472.66666666666663,0.0
554,11.1,Blue-S,1089,1090,9.0,469.3333333333333,3.0,1350.0,0.3476543209876543,BALANCED,880.6666666666667,0.0
554,11.1,Blue-S,1089,1090,10.0,275.5,3.0,1350.0,0.20407407407407407,BALANCED,1074.5,0.0
554,11.1,Blue-S,1089,1090,11.0,220.33333333333334,3.0,1350.0,0.16320987654320987,OVERSUPPLY,1129.6666666666667,0.0
554,11.1,Blue-S,1089,1090,12.0,217.33333333333334,3.0,1350.0,0.16098765432098766,OVERSUPPLY,1132.6666666666667,0.0
554,11.1,Blue-S,1089,1090,13.0,217.0,3.0,1350.0,0.16074074074074074,OVERSUPPLY,1133.0,0.0
554,11.1,Blue-S,1089,1090,14.0,265.3333333333333,3.0,1350.0,0.1965432098765432,OVERSUPPLY,1084.6666666666667,0.0
554,11.1,Blue-S,1089,1090,15.0,323.8333333333333,3.0,1350.0,0.23987654320987653,BALANCED,1026.1666666666667,0.0
554,11.1,Blue-S,1089,1090,16.0,420.0,3.0,1350.0,0.3111111111111111,BALANCED,930.0,0.0
554,11.1,Blue-S,1089,1090,17.0,704.8333333333334,3.0,1350.0,0.5220987654320988,BALANCED,645.1666666666666,0.0
554,11.1,Blue-S,1089,1090,18.0,527.6666666666666,3.0,1350.0,0.39086419753086415,BALANCED,822.3333333333334,0.0
554,11.1,Blue-S,1089,1090,19.0,285.6666666666667,3.0,1350.0,0.21160493827160495,BALANCED,1064.3333333333333,0.0
554,11.1,Blue-S,1089,1090,20.0,127.5,3.0,1350.0,0.09444444444444444,OVERSUPPLY,1222.5,0.0
554,11.1,Blue-S,1089,1090,21.0,90.33333333333333,2.0,900.0,0.10037037037037036,OVERSUPPLY,809.6666666666666,0.0
554,11.1,Blue-S,1089,1090,22.0,107.83333333333333,3.0,1350.0,0.07987654320987654,OVERSUPPLY,1242.1666666666667,0.0
554,11.1,Blue-S,1089,1090,23.0,66.33333333333333,3.0,1350.0,0.0491358024691358,OVERSUPPLY,1283.6666666666667,0.0
556,11.1,Blue-S,1090,1081,5.0,140.0,3.0,1350.0,0.1037037037037037,OVERSUPPLY,1210.0,0.0
556,11.1,Blue-S,1090,1081,6.0,491.0,3.0,1350.0,0.3637037037037037,BALANCED,859.0,0.0
556,11.1,Blue-S,1090,1081,7.0,834.0,3.0,1350.0,0.6177777777777778,BALANCED,516.0,0.0
556,11.1,Blue-S,1090,1081,8.0,1000.1666666666666,3.0,1350.0,0.7408641975308642,BALANCED,349.83333333333337,0.0
556,11.1,Blue-S,1090,1081,9.0,568.5,3.0,1350.0,0.4211111111111111,BALANCED,781.5,0.0
556,11.1,Blue-S,1090,1081,10.0,365.8333333333333,3.0,1350.0,0.27098765432098765,BALANCED,984.1666666666667,0.0
556,11.1,Blue-S,1090,1081,11.0,327.3333333333333,3.0,1350.0,0.24246913580246912,BALANCED,1022.6666666666667,0.0
556,11.1,Blue-S,1090,1081,12.0,354.1666666666667,3.0,1350.0,0.2623456790123457,BALANCED,995.8333333333333,0.0
556,11.1,Blue-S,1090,1081,13.0,362.3333333333333,3.0,1350.0,0.26839506172839506,BALANCED,987.6666666666667,0.0
556,11.1,Blue-S,1090,1081,14.0,472.1666666666667,3.0,1350.0,0.3497530864197531,BALANCED,877.8333333333333,0.0
556,11.1,Blue-S,1090,1081,15.0,626.1666666666666,3.0,1350.0,0.4638271604938271,BALANCED,723.8333333333334,0.0
556,11.1,Blue-S,1090,1081,16.0,790.8333333333334,3.0,1350.0,0.5858024691358025,BALANCED,559.1666666666666,0.0
556,11.1,Blue-S,1090,1081,17.0,1193.3333333333333,3.0,1350.0,0.8839506172839505,CROWDED,156.66666666666674,0.0
556,11.1,Blue-S,1090,1081,18.0,909.5,3.0,1350.0,0.6737037037037037,BALANCED,440.5,0.0
556,11.1,Blue-S,1090,1081,19.0,525.3333333333334,3.0,1350.0,0.3891358024691358,BALANCED,824.6666666666666,0.0
556,11.1,Blue-S,1090,1081,20.0,263.0,3.0,1350.0,0.1948148148148148,OVERSUPPLY,1087.0,0.0
556,11.1,Blue-S,1090,1081,21.0,188.5,2.0,900.0,0.20944444444444443,BALANCED,711.5,0.0
556,11.1,Blue-S,1090,1081,22.0,227.83333333333334,3.0,1350.0,0.16876543209876543,OVERSUPPLY,1122.1666666666667,0.0
556,11.1,Blue-S,1090,1081,23.0,139.16666666666666,3.0,1350.0,0.10308641975308641,OVERSUPPLY,1210.8333333333333,0.0
558,11.1,Blue-S,1091,1082,5.0,101.16666666666667,3.0,1350.0,0.07493827160493828,OVERSUPPLY,1248.8333333333333,0.0
558,11.1,Blue-S,1091,1082,6.0,333.5,3.0,1350.0,0.24703703703703703,BALANCED,1016.5,0.0
558,11.1,Blue-S,1091,1082,7.0,468.8333333333333,3.0,1350.0,0.34728395061728395,BALANCED,881.1666666666667,0.0
558,11.1,Blue-S,1091,1082,8.0,519.5,3.0,1350.0,0.38481481481481483,BALANCED,830.5,0.0
558,11.1,Blue-S,1091,1082,9.0,284.8333333333333,3.0,1350.0,0.21098765432098765,BALANCED,1065.1666666666667,0.0
558,11.1,Blue-S,1091,1082,10.0,158.33333333333334,3.0,1350.0,0.11728395061728396,OVERSUPPLY,1191.6666666666667,0.0
558,11.1,Blue-S,1091,1082,11.0,110.0,3.0,1350.0,0.08148148148148149,OVERSUPPLY,1240.0,0.0
558,11.1,Blue-S,1091,1082,12.0,93.0,3.0,1350.0,0.06888888888888889,OVERSUPPLY,1257.0,0.0
558,11.1,Blue-S,1091,1082,13.0,82.33333333333333,3.0,1350.0,0.06098765432098765,OVERSUPPLY,1267.6666666666667,0.0
558,11.1,Blue-S,1091,1082,14.0,85.66666666666667,3.0,1350.0,0.0634567901234568,OVERSUPPLY,1264.3333333333333,0.0
558,11.1,Blue-S,1091,1082,15.0,99.83333333333333,3.0,1350.0,0.07395061728395061,OVERSUPPLY,1250.1666666666667,0.0
558,11.1,Blue-S,1091,1082,16.0,132.16666666666666,3.0,1350.0,0.09790123456790123,OVERSUPPLY,1217.8333333333333,0.0
558,11.1,Blue-S,1091,1082,17.0,135.66666666666666,3.0,1350.0,0.10049382716049382,OVERSUPPLY,1214.3333333333333,0.0
558,11.1,Blue-S,1091,1082,18.0,82.16666666666667,3.0,1350.0,0.0608641975308642,OVERSUPPLY,1267.8333333333333,0.0
558,11.1,Blue-S,1091,1082,19.0,45.166666666666664,3.0,1350.0,0.03345679012345679,OVERSUPPLY,1304.8333333333333,0.0
558,11.1,Blue-S,1091,1082,20.0,31.5,3.0,1350.0,0.023333333333333334,OVERSUPPLY,1318.5,0.0
558,11.1,Blue-S,1091,1082,21.0,23.166666666666664,2.0,900.0,0.025740740740740738,OVERSUPPLY,876.8333333333334,0.0
558,11.1,Blue-S,1091,1082,22.0,23.166666666666664,3.0,1350.0,0.017160493827160492,OVERSUPPLY,1326.8333333333333,0.0
558,11.1,Blue-S,1091,1082,23.0,8.166666666666666,3.0,1350.0,0.006049382716049382,OVERSUPPLY,1341.8333333333333,0.0
560,11.1,Blue-S,1092,1080,5.0,67.0,3.0,1350.0,0.04962962962962963,OVERSUPPLY,1283.0,0.0
560,11.1,Blue-S,1092,1080,6.0,213.0,3.0,1350.0,0.15777777777777777,OVERSUPPLY,1137.0,0.0
560,11.1,Blue-S,1092,1080,7.0,274.0,3.0,1350.0,0.20296296296296296,BALANCED,1076.0,0.0
560,11.1,Blue-S,1092,1080,8.0,323.8333333333333,3.0,1350.0,0.23987654320987653,BALANCED,1026.1666666666667,0.0
560,11.1,Blue-S,1092,1080,9.0,197.0,3.0,1350.0,0.14592592592592593,OVERSUPPLY,1153.0,0.0
560,11.1,Blue-S,1092,1080,10.0,114.0,3.0,1350.0,0.08444444444444445,OVERSUPPLY,1236.0,0.0
560,11.1,Blue-S,1092,1080,11.0,80.0,3.0,1350.0,0.05925925925925926,OVERSUPPLY,1270.0,0.0
560,11.1,Blue-S,1092,1080,12.0,75.83333333333333,3.0,1350.0,0.056172839506172835,OVERSUPPLY,1274.1666666666667,0.0
560,11.1,Blue-S,1092,1080,13.0,77.0,3.0,1350.0,0.05703703703703704,OVERSUPPLY,1273.0,0.0
560,11.1,Blue-S,1092,1080,14.0,88.66666666666666,3.0,1350.0,0.06567901234567901,OVERSUPPLY,1261.3333333333333,0.0
560,11.1,Blue-S,1092,1080,15.0,118.33333333333333,3.0,1350.0,0.08765432098765431,OVERSUPPLY,1231.6666666666667,0.0
560,11.1,Blue-S,1092,1080,16.0,182.0,3.0,1350.0,0.1348148148148148,OVERSUPPLY,1168.0,0.0
560,11.1,Blue-S,1092,1080,17.0,192.66666666666666,3.0,1350.0,0.14271604938271604,OVERSUPPLY,1157.3333333333333,0.0
560,11.1,Blue-S,1092,1080,18.0,118.66666666666667,3.0,1350.0,0.08790123456790123,OVERSUPPLY,1231.3333333333333,0.0
560,11.1,Blue-S,1092,1080,19.0,77.33333333333333,3.0,1350.0,0.057283950617283946,OVERSUPPLY,1272.6666666666667,0.0
560,11.1,Blue-S,1092,1080,20.0,42.5,3.0,1350.0,0.03148148148148148,OVERSUPPLY,1307.5,0.0
560,11.1,Blue-S,1092,1080,21.0,36.666666666666664,2.0,900.0,0.04074074074074074,OVERSUPPLY,863.3333333333334,0.0
560,11.1,Blue-S,1092,1080,22.0,23.333333333333332,3.0,1350.0,0.01728395061728395,OVERSUPPLY,1326.6666666666667,0.0
560,11.1,Blue-S,1092,1080,23.0,11.333333333333332,3.0,1350.0,0.00839506172839506,OVERSUPPLY,1338.6666666666667,0.0
562,11.1,Blue-S,1093,1085,5.0,122.0,3.0,1350.0,0.09037037037037036,OVERSUPPLY,1228.0,0.0
562,11.1,Blue-S,1093,1085,6.0,332.3333333333333,3.0,1350.0,0.24617283950617283,BALANCED,1017.6666666666667,0.0
562,11.1,Blue-S,1093,1085,7.0,512.3333333333334,3.0,1350.0,0.3795061728395062,BALANCED,837.6666666666666,0.0
562,11.1,Blue-S,1093,1085,8.0,562.8333333333334,3.0,1350.0,0.4169135802469136,BALANCED,787.1666666666666,0.0
562,11.1,Blue-S,1093,1085,9.0,299.3333333333333,3.0,1350.0,0.22172839506172837,BALANCED,1050.6666666666667,0.0
562,11.1,Blue-S,1093,1085,10.0,141.5,3.0,1350.0,0.10481481481481482,OVERSUPPLY,1208.5,0.0
562,11.1,Blue-S,1093,1085,11.0,113.0,3.0,1350.0,0.0837037037037037,OVERSUPPLY,1237.0,0.0
562,11.1,Blue-S,1093,1085,12.0,92.83333333333333,3.0,1350.0,0.06876543209876543,OVERSUPPLY,1257.1666666666667,0.0
562,11.1,Blue-S,1093,1085,13.0,81.83333333333333,3.0,1350.0,0.06061728395061728,OVERSUPPLY,1268.1666666666667,0.0
562,11.1,Blue-S,1093,1085,14.0,98.5,3.0,1350.0,0.07296296296296297,OVERSUPPLY,1251.5,0.0
562,11.1,Blue-S,1093,1085,15.0,102.0,3.0,1350.0,0.07555555555555556,OVERSUPPLY,1248.0,0.0
562,11.1,Blue-S,1093,1085,16.0,145.33333333333334,3.0,1350.0,0.10765432098765433,OVERSUPPLY,1204.6666666666667,0.0
562,11.1,Blue-S,1093,1085,17.0,137.66666666666666,3.0,1350.0,0.1019753086419753,OVERSUPPLY,1212.3333333333333,0.0
562,11.1,Blue-S,1093,1085,18.0,77.0,3.0,1350.0,0.05703703703703704,OVERSUPPLY,1273.0,0.0
562,11.1,Blue-S,1093,1085,19.0,32.166666666666664,3.0,1350.0,0.02382716049382716,OVERSUPPLY,1317.8333333333333,0.0
562,11.1,Blue-S,1093,1085,20.0,18.0,3.0,1350.0,0.013333333333333334,OVERSUPPLY,1332.0,0.0
562,11.1,Blue-S,1093,1085,21.0,16.666666666666668,2.0,900.0,0.01851851851851852,OVERSUPPLY,883.3333333333334,0.0
562,11.1,Blue-S,1093,1085,22.0,15.833333333333334,3.0,1350.0,0.011728395061728396,OVERSUPPLY,1334.1666666666667,0.0
562,11.1,Blue-S,1093,1085,23.0,10.0,3.0,1350.0,0.007407407407407408,OVERSUPPLY,1340.0,0.0
564,12.2,Blue-N,1094,1099,5.0,9.5,3.0,1350.0,0.007037037037037037,OVERSUPPLY,1340.5,0.0
564,12.2,Blue-N,1094,1099,6.0,29.833333333333332,3.0,1350.0,0.022098765432098766,OVERSUPPLY,1320.1666666666667,0.0
564,12.2,Blue-N,1094,1099,7.0,70.0,3.0,1350.0,0.05185185185185185,OVERSUPPLY,1280.0,0.0
564,12.2,Blue-N,1094,1099,8.0,103.0,3.0,1350.0,0.07629629629629629,OVERSUPPLY,1247.0,0.0
564,12.2,Blue-N,1094,1099,9.0,71.16666666666667,3.0,1350.0,0.052716049382716054,OVERSUPPLY,1278.8333333333333,0.0
564,12.2,Blue-N,1094,1099,10.0,40.666666666666664,3.0,1350.0,0.030123456790123456,OVERSUPPLY,1309.3333333333333,0.0
564,12.2,Blue-N,1094,1099,11.0,25.0,3.0,1350.0,0.018518518518518517,OVERSUPPLY,1325.0,0.0
564,12.2,Blue-N,1094,1099,12.0,29.5,3.0,1350.0,0.02185185185185185,OVERSUPPLY,1320.5,0.0
564,12.2,Blue-N,1094,1099,13.0,30.0,3.0,1350.0,0.022222222222222223,OVERSUPPLY,1320.0,0.0
564,12.2,Blue-N,1094,1099,14.0,27.333333333333336,3.0,1350.0,0.020246913580246915,OVERSUPPLY,1322.6666666666667,0.0
564,12.2,Blue-N,1094,1099,15.0,31.5,3.0,1350.0,0.023333333333333334,OVERSUPPLY,1318.5,0.0
564,12.2,Blue-N,1094,1099,16.0,52.666666666666664,3.0,1350.0,0.03901234567901234,OVERSUPPLY,1297.3333333333333,0.0
564,12.2,Blue-N,1094,1099,17.0,55.0,3.0,1350.0,0.040740740740740744,OVERSUPPLY,1295.0,0.0
564,12.2,Blue-N,1094,1099,18.0,46.833333333333336,3.0,1350.0,0.03469135802469136,OVERSUPPLY,1303.1666666666667,0.0
564,12.2,Blue-N,1094,1099,19.0,21.833333333333332,4.0,1800.0,0.012129629629629629,OVERSUPPLY,1778.1666666666667,0.0
564,12.2,Blue-N,1094,1099,20.0,6.666666666666667,3.0,1350.0,0.0049382716049382715,OVERSUPPLY,1343.3333333333333,0.0
564,12.2,Blue-N,1094,1099,21.0,5.833333333333333,3.0,1350.0,0.004320987654320987,OVERSUPPLY,1344.1666666666667,0.0
564,12.2,Blue-N,1094,1099,22.0,3.6666666666666665,3.0,1350.0,0.0027160493827160493,OVERSUPPLY,1346.3333333333333,0.0
564,12.2,Blue-N,1094,1099,23.0,2.1666666666666665,3.0,1350.0,0.0016049382716049382,OVERSUPPLY,1347.8333333333333,0.0
566,12.2,Blue-N,1095,1094,5.0,26.5,3.0,1350.0,0.01962962962962963,OVERSUPPLY,1323.5,0.0
566,12.2,Blue-N,1095,1094,6.0,86.5,3.0,1350.0,0.06407407407407407,OVERSUPPLY,1263.5,0.0
566,12.2,Blue-N,1095,1094,7.0,202.33333333333334,3.0,1350.0,0.14987654320987656,OVERSUPPLY,1147.6666666666667,0.0
566,12.2,Blue-N,1095,1094,8.0,246.66666666666669,3.0,1350.0,0.18271604938271607,OVERSUPPLY,1103.3333333333333,0.0
566,12.2,Blue-N,1095,1094,9.0,170.83333333333334,3.0,1350.0,0.12654320987654322,OVERSUPPLY,1179.1666666666667,0.0
566,12.2,Blue-N,1095,1094,10.0,94.83333333333333,3.0,1350.0,0.07024691358024691,OVERSUPPLY,1255.1666666666667,0.0
566,12.2,Blue-N,1095,1094,11.0,74.0,3.0,1350.0,0.054814814814814816,OVERSUPPLY,1276.0,0.0
566,12.2,Blue-N,1095,1094,12.0,72.83333333333333,3.0,1350.0,0.05395061728395061,OVERSUPPLY,1277.1666666666667,0.0
566,12.2,Blue-N,1095,1094,13.0,75.66666666666667,3.0,1350.0,0.05604938271604939,OVERSUPPLY,1274.3333333333333,0.0
566,12.2,Blue-N,1095,1094,14.0,75.83333333333333,3.0,1350.0,0.056172839506172835,OVERSUPPLY,1274.1666666666667,0.0
566,12.2,Blue-N,1095,1094,15.0,82.33333333333333,3.0,1350.0,0.06098765432098765,OVERSUPPLY,1267.6666666666667,0.0
566,12.2,Blue-N,1095,1094,16.0,118.83333333333333,3.0,1350.0,0.08802469135802468,OVERSUPPLY,1231.1666666666667,0.0
566,12.2,Blue-N,1095,1094,17.0,136.5,3.0,1350.0,0.10111111111111111,OVERSUPPLY,1213.5,0.0
566,12.2,Blue-N,1095,1094,18.0,111.66666666666667,3.0,1350.0,0.08271604938271605,OVERSUPPLY,1238.3333333333333,0.0
566,12.2,Blue-N,1095,1094,19.0,61.5,4.0,1800.0,0.034166666666666665,OVERSUPPLY,1738.5,0.0
566,12.2,Blue-N,1095,1094,20.0,30.666666666666668,3.0,1350.0,0.022716049382716052,OVERSUPPLY,1319.3333333333333,0.0
566,12.2,Blue-N,1095,1094,21.0,17.166666666666668,3.0,1350.0,0.01271604938271605,OVERSUPPLY,1332.8333333333333,0.0
566,12.2,Blue-N,1095,1094,22.0,19.5,3.0,1350.0,0.014444444444444444,OVERSUPPLY,1330.5,0.0
566,12.2,Blue-N,1095,1094,23.0,9.0,3.0,1350.0,0.006666666666666667,OVERSUPPLY,1341.0,0.0
570,12.2,Blue-N,1097,1098,5.0,0.3333333333333333,3.0,1350.0,0.0002469135802469136,OVERSUPPLY,1349.6666666666667,0.0
570,12.2,Blue-N,1097,1098,6.0,71.33333333333333,3.0,1350.0,0.0528395061728395,OVERSUPPLY,1278.6666666666667,0.0
570,12.2,Blue-N,1097,1098,7.0,130.83333333333334,3.0,1350.0,0.09691358024691359,OVERSUPPLY,1219.1666666666667,0.0
570,12.2,Blue-N,1097,1098,8.0,128.16666666666666,3.0,1350.0,0.09493827160493827,OVERSUPPLY,1221.8333333333333,0.0
570,12.2,Blue-N,1097,1098,9.0,90.83333333333333,3.0,1350.0,0.06728395061728394,OVERSUPPLY,1259.1666666666667,0.0
570,12.2,Blue-N,1097,1098,10.0,63.5,3.0,1350.0,0.04703703703703704,OVERSUPPLY,1286.5,0.0
570,12.2,Blue-N,1097,1098,11.0,57.0,3.0,1350.0,0.042222222222222223,OVERSUPPLY,1293.0,0.0
570,12.2,Blue-N,1097,1098,12.0,73.33333333333333,3.0,1350.0,0.05432098765432099,OVERSUPPLY,1276.6666666666667,0.0
570,12.2,Blue-N,1097,1098,13.0,94.33333333333333,3.0,1350.0,0.06987654320987655,OVERSUPPLY,1255.6666666666667,0.0
570,12.2,Blue-N,1097,1098,14.0,125.16666666666667,3.0,1350.0,0.09271604938271605,OVERSUPPLY,1224.8333333333333,0.0
570,12.2,Blue-N,1097,1098,15.0,229.66666666666666,3.0,1350.0,0.17012345679012345,OVERSUPPLY,1120.3333333333333,0.0
570,12.2,Blue-N,1097,1098,16.0,315.0,3.0,1350.0,0.23333333333333334,BALANCED,1035.0,0.0
570,12.2,Blue-N,1097,1098,17.0,482.8333333333333,3.0,1350.0,0.3576543209876543,BALANCED,867.1666666666667,0.0
570,12.2,Blue-N,1097,1098,18.0,344.1666666666667,3.0,1350.0,0.25493827160493826,BALANCED,1005.8333333333333,0.0
570,12.2,Blue-N,1097,1098,19.0,244.16666666666666,4.0,1800.0,0.13564814814814816,OVERSUPPLY,1555.8333333333333,0.0
570,12.2,Blue-N,1097,1098,20.0,106.5,3.0,1350.0,0.07888888888888888,OVERSUPPLY,1243.5,0.0
570,12.2,Blue-N,1097,1098,21.0,74.0,3.0,1350.0,0.054814814814814816,OVERSUPPLY,1276.0,0.0
570,12.2,Blue-N,1097,1098,22.0,66.16666666666667,3.0,1350.0,0.04901234567901235,OVERSUPPLY,1283.8333333333333,0.0
570,12.2,Blue-N,1097,1098,23.0,181.0,3.0,1350.0,0.13407407407407407,OVERSUPPLY,1169.0,0.0
572,12.2,Blue-N,1098,1110,5.0,0.3333333333333333,3.0,1350.0,0.0002469135802469136,OVERSUPPLY,1349.6666666666667,0.0
572,12.2,Blue-N,1098,1110,6.0,66.66666666666667,3.0,1350.0,0.04938271604938272,OVERSUPPLY,1283.3333333333333,0.0
572,12.2,Blue-N,1098,1110,7.0,117.33333333333333,3.0,1350.0,0.08691358024691358,OVERSUPPLY,1232.6666666666667,0.0
572,12.2,Blue-N,1098,1110,8.0,111.5,3.0,1350.0,0.08259259259259259,OVERSUPPLY,1238.5,0.0
572,12.2,Blue-N,1098,1110,9.0,74.0,3.0,1350.0,0.054814814814814816,OVERSUPPLY,1276.0,0.0
572,12.2,Blue-N,1098,1110,10.0,55.333333333333336,3.0,1350.0,0.04098765432098766,OVERSUPPLY,1294.6666666666667,0.0
572,12.2,Blue-N,1098,1110,11.0,47.666666666666664,3.0,1350.0,0.03530864197530864,OVERSUPPLY,1302.3333333333333,0.0
572,12.2,Blue-N,1098,1110,12.0,55.83333333333333,3.0,1350.0,0.04135802469135802,OVERSUPPLY,1294.1666666666667,0.0
572,12.2,Blue-N,1098,1110,13.0,69.0,3.0,1350.0,0.051111111111111114,OVERSUPPLY,1281.0,0.0
572,12.2,Blue-N,1098,1110,14.0,99.33333333333333,3.0,1350.0,0.07358024691358024,OVERSUPPLY,1250.6666666666667,0.0
572,12.2,Blue-N,1098,1110,15.0,174.0,3.0,1350.0,0.1288888888888889,OVERSUPPLY,1176.0,0.0
572,12.2,Blue-N,1098,1110,16.0,239.33333333333334,3.0,1350.0,0.17728395061728397,OVERSUPPLY,1110.6666666666667,0.0
572,12.2,Blue-N,1098,1110,17.0,341.6666666666667,3.0,1350.0,0.25308641975308643,BALANCED,1008.3333333333333,0.0
572,12.2,Blue-N,1098,1110,18.0,249.0,3.0,1350.0,0.18444444444444444,OVERSUPPLY,1101.0,0.0
572,12.2,Blue-N,1098,1110,19.0,193.33333333333334,4.0,1800.0,0.10740740740740741,OVERSUPPLY,1606.6666666666667,0.0
572,12.2,Blue-N,1098,1110,20.0,81.5,3.0,1350.0,0.06037037037037037,OVERSUPPLY,1268.5,0.0
572,12.2,Blue-N,1098,1110,21.0,57.333333333333336,3.0,1350.0,0.04246913580246914,OVERSUPPLY,1292.6666666666667,0.0
572,12.2,Blue-N,1098,1110,22.0,47.0,3.0,1350.0,0.03481481481481481,OVERSUPPLY,1303.0,0.0
572,12.2,Blue-N,1098,1110,23.0,157.33333333333334,3.0,1350.0,0.11654320987654322,OVERSUPPLY,1192.6666666666667,0.0
574,12.2,Blue-N,1099,1108,5.0,75.66666666666667,3.0,1350.0,0.05604938271604939,OVERSUPPLY,1274.3333333333333,0.0
574,12.2,Blue-N,1099,1108,6.0,214.83333333333334,3.0,1350.0,0.1591358024691358,OVERSUPPLY,1135.1666666666667,0.0
574,12.2,Blue-N,1099,1108,7.0,460.8333333333333,3.0,1350.0,0.341358024691358,BALANCED,889.1666666666667,0.0
574,12.2,Blue-N,1099,1108,8.0,688.8333333333334,3.0,1350.0,0.510246913580247,BALANCED,661.1666666666666,0.0
574,12.2,Blue-N,1099,1108,9.0,455.83333333333337,3.0,1350.0,0.33765432098765435,BALANCED,894.1666666666666,0.0
574,12.2,Blue-N,1099,1108,10.0,333.5,3.0,1350.0,0.24703703703703703,BALANCED,1016.5,0.0
574,12.2,Blue-N,1099,1108,11.0,261.3333333333333,3.0,1350.0,0.19358024691358022,OVERSUPPLY,1088.6666666666667,0.0
574,12.2,Blue-N,1099,1108,12.0,258.3333333333333,3.0,1350.0,0.19135802469135801,OVERSUPPLY,1091.6666666666667,0.0
574,12.2,Blue-N,1099,1108,13.0,266.8333333333333,3.0,1350.0,0.19765432098765431,OVERSUPPLY,1083.1666666666667,0.0
574,12.2,Blue-N,1099,1108,14.0,273.6666666666667,3.0,1350.0,0.20271604938271606,BALANCED,1076.3333333333333,0.0
574,12.2,Blue-N,1099,1108,15.0,307.5,3.0,1350.0,0.22777777777777777,BALANCED,1042.5,0.0
574,12.2,Blue-N,1099,1108,16.0,382.5,3.0,1350.0,0.2833333333333333,BALANCED,967.5,0.0
574,12.2,Blue-N,1099,1108,17.0,416.1666666666667,3.0,1350.0,0.3082716049382716,BALANCED,933.8333333333333,0.0
574,12.2,Blue-N,1099,1108,18.0,326.5,3.0,1350.0,0.24185185185185185,BALANCED,1023.5,0.0
574,12.2,Blue-N,1099,1108,19.0,161.5,4.0,1800.0,0.08972222222222222,OVERSUPPLY,1638.5,0.0
574,12.2,Blue-N,1099,1108,20.0,85.5,3.0,1350.0,0.06333333333333334,OVERSUPPLY,1264.5,0.0
574,12.2,Blue-N,1099,1108,21.0,69.33333333333333,3.0,1350.0,0.05135802469135802,OVERSUPPLY,1280.6666666666667,0.0
574,12.2,Blue-N,1099,1108,22.0,66.66666666666667,3.0,1350.0,0.04938271604938272,OVERSUPPLY,1283.3333333333333,0.0
574,12.2,Blue-N,1099,1108,23.0,41.833333333333336,3.0,1350.0,0.030987654320987656,OVERSUPPLY,1308.1666666666667,0.0
576,12.2,Blue-N,1100,1109,5.0,9.166666666666666,3.0,1350.0,0.006790123456790123,OVERSUPPLY,1340.8333333333333,0.0
576,12.2,Blue-N,1100,1109,6.0,72.33333333333333,3.0,1350.0,0.053580246913580244,OVERSUPPLY,1277.6666666666667,0.0
576,12.2,Blue-N,1100,1109,7.0,123.0,3.0,1350.0,0.09111111111111111,OVERSUPPLY,1227.0,0.0
576,12.2,Blue-N,1100,1109,8.0,135.5,3.0,1350.0,0.10037037037037037,OVERSUPPLY,1214.5,0.0
576,12.2,Blue-N,1100,1109,9.0,89.83333333333333,3.0,1350.0,0.0665432098765432,OVERSUPPLY,1260.1666666666667,0.0
576,12.2,Blue-N,1100,1109,10.0,78.33333333333333,3.0,1350.0,0.05802469135802469,OVERSUPPLY,1271.6666666666667,0.0
576,12.2,Blue-N,1100,1109,11.0,68.5,3.0,1350.0,0.05074074074074074,OVERSUPPLY,1281.5,0.0
576,12.2,Blue-N,1100,1109,12.0,108.16666666666667,3.0,1350.0,0.08012345679012346,OVERSUPPLY,1241.8333333333333,0.0
576,12.2,Blue-N,1100,1109,13.0,135.33333333333334,3.0,1350.0,0.10024691358024693,OVERSUPPLY,1214.6666666666667,0.0
576,12.2,Blue-N,1100,1109,14.0,180.16666666666666,3.0,1350.0,0.1334567901234568,OVERSUPPLY,1169.8333333333333,0.0
576,12.2,Blue-N,1100,1109,15.0,359.3333333333333,3.0,1350.0,0.2661728395061728,BALANCED,990.6666666666667,0.0
576,12.2,Blue-N,1100,1109,16.0,492.6666666666667,3.0,1350.0,0.3649382716049383,BALANCED,857.3333333333333,0.0
576,12.2,Blue-N,1100,1109,17.0,691.5,3.0,1350.0,0.5122222222222222,BALANCED,658.5,0.0
576,12.2,Blue-N,1100,1109,18.0,533.3333333333334,3.0,1350.0,0.39506172839506176,BALANCED,816.6666666666666,0.0
576,12.2,Blue-N,1100,1109,19.0,327.0,4.0,1800.0,0.18166666666666667,OVERSUPPLY,1473.0,0.0
576,12.2,Blue-N,1100,1109,20.0,141.16666666666666,3.0,1350.0,0.1045679012345679,OVERSUPPLY,1208.8333333333333,0.0
576,12.2,Blue-N,1100,1109,21.0,98.33333333333333,3.0,1350.0,0.0728395061728395,OVERSUPPLY,1251.6666666666667,0.0
576,12.2,Blue-N,1100,1109,22.0,92.33333333333333,3.0,1350.0,0.06839506172839506,OVERSUPPLY,1257.6666666666667,0.0
576,12.2,Blue-N,1100,1109,23.0,177.16666666666669,3.0,1350.0,0.13123456790123458,OVERSUPPLY,1172.8333333333333,0.0
578,12.2,Blue-N,1101,1096,5.0,0.6666666666666666,3.0,1350.0,0.0004938271604938272,OVERSUPPLY,1349.3333333333333,0.0
578,12.2,Blue-N,1101,1096,6.0,6.333333333333333,3.0,1350.0,0.004691358024691358,OVERSUPPLY,1343.6666666666667,0.0
578,12.2,Blue-N,1101,1096,7.0,15.166666666666666,3.0,1350.0,0.011234567901234567,OVERSUPPLY,1334.8333333333333,0.0
578,12.2,Blue-N,1101,1096,8.0,26.5,3.0,1350.0,0.01962962962962963,OVERSUPPLY,1323.5,0.0
578,12.2,Blue-N,1101,1096,9.0,10.0,3.0,1350.0,0.007407407407407408,OVERSUPPLY,1340.0,0.0
578,12.2,Blue-N,1101,1096,10.0,4.166666666666666,3.0,1350.0,0.003086419753086419,OVERSUPPLY,1345.8333333333333,0.0
578,12.2,Blue-N,1101,1096,11.0,9.333333333333334,3.0,1350.0,0.006913580246913581,OVERSUPPLY,1340.6666666666667,0.0
578,12.2,Blue-N,1101,1096,12.0,8.0,3.0,1350.0,0.005925925925925926,OVERSUPPLY,1342.0,0.0
578,12.2,Blue-N,1101,1096,13.0,10.333333333333334,3.0,1350.0,0.007654320987654321,OVERSUPPLY,1339.6666666666667,0.0
578,12.2,Blue-N,1101,1096,14.0,10.666666666666666,3.0,1350.0,0.007901234567901235,OVERSUPPLY,1339.3333333333333,0.0
578,12.2,Blue-N,1101,1096,15.0,21.666666666666668,3.0,1350.0,0.016049382716049384,OVERSUPPLY,1328.3333333333333,0.0
578,12.2,Blue-N,1101,1096,16.0,22.333333333333332,3.0,1350.0,0.01654320987654321,OVERSUPPLY,1327.6666666666667,0.0
578,12.2,Blue-N,1101,1096,17.0,30.0,3.0,1350.0,0.022222222222222223,OVERSUPPLY,1320.0,0.0
578,12.2,Blue-N,1101,1096,18.0,21.5,3.0,1350.0,0.015925925925925927,OVERSUPPLY,1328.5,0.0
578,12.2,Blue-N,1101,1096,19.0,15.5,4.0,1800.0,0.008611111111111111,OVERSUPPLY,1784.5,0.0
578,12.2,Blue-N,1101,1096,20.0,10.833333333333334,3.0,1350.0,0.008024691358024692,OVERSUPPLY,1339.1666666666667,0.0
578,12.2,Blue-N,1101,1096,21.0,8.0,3.0,1350.0,0.005925925925925926,OVERSUPPLY,1342.0,0.0
578,12.2,Blue-N,1101,1096,22.0,5.333333333333333,3.0,1350.0,0.003950617283950617,OVERSUPPLY,1344.6666666666667,0.0
578,12.2,Blue-N,1101,1096,23.0,3.833333333333333,3.0,1350.0,0.002839506172839506,OVERSUPPLY,1346.1666666666667,0.0
581,12.2,Blue-N,1103,1111,5.0,2.1666666666666665,3.0,1350.0,0.0016049382716049382,OVERSUPPLY,1347.8333333333333,0.0
581,12.2,Blue-N,1103,1111,6.0,23.333333333333332,3.0,1350.0,0.01728395061728395,OVERSUPPLY,1326.6666666666667,0.0
581,12.2,Blue-N,1103,1111,7.0,32.333333333333336,3.0,1350.0,0.02395061728395062,OVERSUPPLY,1317.6666666666667,0.0
581,12.2,Blue-N,1103,1111,8.0,47.833333333333336,3.0,1350.0,0.0354320987654321,OVERSUPPLY,1302.1666666666667,0.0
581,12.2,Blue-N,1103,1111,9.0,30.833333333333332,3.0,1350.0,0.022839506172839506,OVERSUPPLY,1319.1666666666667,0.0
581,12.2,Blue-N,1103,1111,10.0,28.0,3.0,1350.0,0.02074074074074074,OVERSUPPLY,1322.0,0.0
581,12.2,Blue-N,1103,1111,11.0,25.166666666666668,3.0,1350.0,0.018641975308641975,OVERSUPPLY,1324.8333333333333,0.0
581,12.2,Blue-N,1103,1111,12.0,46.666666666666664,3.0,1350.0,0.0345679012345679,OVERSUPPLY,1303.3333333333333,0.0
581,12.2,Blue-N,1103,1111,13.0,57.666666666666664,3.0,1350.0,0.042716049382716045,OVERSUPPLY,1292.3333333333333,0.0
581,12.2,Blue-N,1103,1111,14.0,115.5,3.0,1350.0,0.08555555555555555,OVERSUPPLY,1234.5,0.0
581,12.2,Blue-N,1103,1111,15.0,220.33333333333334,3.0,1350.0,0.16320987654320987,OVERSUPPLY,1129.6666666666667,0.0
581,12.2,Blue-N,1103,1111,16.0,297.8333333333333,3.0,1350.0,0.22061728395061728,BALANCED,1052.1666666666667,0.0
581,12.2,Blue-N,1103,1111,17.0,429.3333333333333,3.0,1350.0,0.3180246913580247,BALANCED,920.6666666666667,0.0
581,12.2,Blue-N,1103,1111,18.0,334.0,3.0,1350.0,0.2474074074074074,BALANCED,1016.0,0.0
581,12.2,Blue-N,1103,1111,19.0,174.0,4.0,1800.0,0.09666666666666666,OVERSUPPLY,1626.0,0.0
581,12.2,Blue-N,1103,1111,20.0,80.16666666666667,3.0,1350.0,0.05938271604938272,OVERSUPPLY,1269.8333333333333,0.0
581,12.2,Blue-N,1103,1111,21.0,63.16666666666667,3.0,1350.0,0.04679012345679013,OVERSUPPLY,1286.8333333333333,0.0
581,12.2,Blue-N,1103,1111,22.0,74.33333333333333,3.0,1350.0,0.055061728395061724,OVERSUPPLY,1275.6666666666667,0.0
581,12.2,Blue-N,1103,1111,23.0,171.83333333333334,3.0,1350.0,0.12728395061728395,OVERSUPPLY,1178.1666666666667,0.0
583,12.2,Blue-N,1104,1100,5.0,21.833333333333332,3.0,1350.0,0.016172839506172838,OVERSUPPLY,1328.1666666666667,0.0
583,12.2,Blue-N,1104,1100,6.0,129.0,3.0,1350.0,0.09555555555555556,OVERSUPPLY,1221.0,0.0
583,12.2,Blue-N,1104,1100,7.0,230.16666666666666,3.0,1350.0,0.17049382716049383,OVERSUPPLY,1119.8333333333333,0.0
583,12.2,Blue-N,1104,1100,8.0,230.66666666666666,3.0,1350.0,0.17086419753086418,OVERSUPPLY,1119.3333333333333,0.0
583,12.2,Blue-N,1104,1100,9.0,155.0,3.0,1350.0,0.11481481481481481,OVERSUPPLY,1195.0,0.0
583,12.2,Blue-N,1104,1100,10.0,128.16666666666666,3.0,1350.0,0.09493827160493827,OVERSUPPLY,1221.8333333333333,0.0
583,12.2,Blue-N,1104,1100,11.0,121.16666666666667,3.0,1350.0,0.08975308641975309,OVERSUPPLY,1228.8333333333333,0.0
583,12.2,Blue-N,1104,1100,12.0,186.66666666666666,3.0,1350.0,0.1382716049382716,OVERSUPPLY,1163.3333333333333,0.0
583,12.2,Blue-N,1104,1100,13.0,215.16666666666666,3.0,1350.0,0.1593827160493827,OVERSUPPLY,1134.8333333333333,0.0
583,12.2,Blue-N,1104,1100,14.0,292.1666666666667,3.0,1350.0,0.21641975308641978,BALANCED,1057.8333333333333,0.0
583,12.2,Blue-N,1104,1100,15.0,554.8333333333334,3.0,1350.0,0.41098765432098766,BALANCED,795.1666666666666,0.0
583,12.2,Blue-N,1104,1100,16.0,764.8333333333334,3.0,1350.0,0.5665432098765433,BALANCED,585.1666666666666,0.0
583,12.2,Blue-N,1104,1100,17.0,1061.5,3.0,1350.0,0.7862962962962963,BALANCED,288.5,0.0
583,12.2,Blue-N,1104,1100,18.0,789.0,3.0,1350.0,0.5844444444444444,BALANCED,561.0,0.0
583,12.2,Blue-N,1104,1100,19.0,469.1666666666667,4.0,1800.0,0.2606481481481482,BALANCED,1330.8333333333333,0.0
583,12.2,Blue-N,1104,1100,20.0,217.5,3.0,1350.0,0.16111111111111112,OVERSUPPLY,1132.5,0.0
583,12.2,Blue-N,1104,1100,21.0,152.83333333333334,3.0,1350.0,0.11320987654320988,OVERSUPPLY,1197.1666666666667,0.0
583,12.2,Blue-N,1104,1100,22.0,129.16666666666666,3.0,1350.0,0.09567901234567901,OVERSUPPLY,1220.8333333333333,0.0
583,12.2,Blue-N,1104,1100,23.0,270.5,3.0,1350.0,0.20037037037037037,BALANCED,1079.5,0.0
585,12.2,Blue-N,1105,1095,5.0,29.5,3.0,1350.0,0.02185185185185185,OVERSUPPLY,1320.5,0.0
585,12.2,Blue-N,1105,1095,6.0,101.33333333333333,3.0,1350.0,0.07506172839506173,OVERSUPPLY,1248.6666666666667,0.0
585,12.2,Blue-N,1105,1095,7.0,254.33333333333334,3.0,1350.0,0.18839506172839507,OVERSUPPLY,1095.6666666666667,0.0
585,12.2,Blue-N,1105,1095,8.0,315.0,3.0,1350.0,0.23333333333333334,BALANCED,1035.0,0.0
585,12.2,Blue-N,1105,1095,9.0,206.0,3.0,1350.0,0.15259259259259259,OVERSUPPLY,1144.0,0.0
585,12.2,Blue-N,1105,1095,10.0,122.66666666666667,3.0,1350.0,0.09086419753086421,OVERSUPPLY,1227.3333333333333,0.0
585,12.2,Blue-N,1105,1095,11.0,106.83333333333333,3.0,1350.0,0.0791358024691358,OVERSUPPLY,1243.1666666666667,0.0
585,12.2,Blue-N,1105,1095,12.0,104.5,3.0,1350.0,0.07740740740740741,OVERSUPPLY,1245.5,0.0
585,12.2,Blue-N,1105,1095,13.0,111.16666666666667,3.0,1350.0,0.08234567901234568,OVERSUPPLY,1238.8333333333333,0.0
585,12.2,Blue-N,1105,1095,14.0,112.0,3.0,1350.0,0.08296296296296296,OVERSUPPLY,1238.0,0.0
585,12.2,Blue-N,1105,1095,15.0,134.83333333333334,3.0,1350.0,0.09987654320987654,OVERSUPPLY,1215.1666666666667,0.0
585,12.2,Blue-N,1105,1095,16.0,170.16666666666666,3.0,1350.0,0.12604938271604937,OVERSUPPLY,1179.8333333333333,0.0
585,12.2,Blue-N,1105,1095,17.0,197.83333333333334,3.0,1350.0,0.1465432098765432,OVERSUPPLY,1152.1666666666667,0.0
585,12.2,Blue-N,1105,1095,18.0,158.66666666666666,3.0,1350.0,0.11753086419753085,OVERSUPPLY,1191.3333333333333,0.0
585,12.2,Blue-N,1105,1095,19.0,79.16666666666667,4.0,1800.0,0.04398148148148148,OVERSUPPLY,1720.8333333333333,0.0
585,12.2,Blue-N,1105,1095,20.0,46.666666666666664,3.0,1350.0,0.0345679012345679,OVERSUPPLY,1303.3333333333333,0.0
585,12.2,Blue-N,1105,1095,21.0,24.666666666666664,3.0,1350.0,0.018271604938271603,OVERSUPPLY,1325.3333333333333,0.0
585,12.2,Blue-N,1105,1095,22.0,25.166666666666668,3.0,1350.0,0.018641975308641975,OVERSUPPLY,1324.8333333333333,0.0
585,12.2,Blue-N,1105,1095,23.0,13.333333333333332,3.0,1350.0,0.009876543209876543,OVERSUPPLY,1336.6666666666667,0.0
587,12.2,Blue-N,1106,1104,5.0,16.166666666666668,3.0,1350.0,0.01197530864197531,OVERSUPPLY,1333.8333333333333,0.0
587,12.2,Blue-N,1106,1104,6.0,93.33333333333333,3.0,1350.0,0.0691358024691358,OVERSUPPLY,1256.6666666666667,0.0
587,12.2,Blue-N,1106,1104,7.0,174.33333333333334,3.0,1350.0,0.1291358024691358,OVERSUPPLY,1175.6666666666667,0.0
587,12.2,Blue-N,1106,1104,8.0,184.5,3.0,1350.0,0.13666666666666666,OVERSUPPLY,1165.5,0.0
587,12.2,Blue-N,1106,1104,9.0,125.16666666666667,3.0,1350.0,0.09271604938271605,OVERSUPPLY,1224.8333333333333,0.0
587,12.2,Blue-N,1106,1104,10.0,108.16666666666667,3.0,1350.0,0.08012345679012346,OVERSUPPLY,1241.8333333333333,0.0
587,12.2,Blue-N,1106,1104,11.0,106.0,3.0,1350.0,0.07851851851851852,OVERSUPPLY,1244.0,0.0
587,12.2,Blue-N,1106,1104,12.0,167.83333333333334,3.0,1350.0,0.124320987654321,OVERSUPPLY,1182.1666666666667,0.0
587,12.2,Blue-N,1106,1104,13.0,199.83333333333334,3.0,1350.0,0.1480246913580247,OVERSUPPLY,1150.1666666666667,0.0
587,12.2,Blue-N,1106,1104,14.0,284.3333333333333,3.0,1350.0,0.21061728395061727,BALANCED,1065.6666666666667,0.0
587,12.2,Blue-N,1106,1104,15.0,551.3333333333334,3.0,1350.0,0.40839506172839507,BALANCED,798.6666666666666,0.0
587,12.2,Blue-N,1106,1104,16.0,761.8333333333334,3.0,1350.0,0.564320987654321,BALANCED,588.1666666666666,0.0
587,12.2,Blue-N,1106,1104,17.0,1055.8333333333333,3.0,1350.0,0.7820987654320987,BALANCED,294.16666666666674,0.0
587,12.2,Blue-N,1106,1104,18.0,798.5,3.0,1350.0,0.5914814814814815,BALANCED,551.5,0.0
587,12.2,Blue-N,1106,1104,19.0,469.3333333333333,4.0,1800.0,0.2607407407407407,BALANCED,1330.6666666666667,0.0
587,12.2,Blue-N,1106,1104,20.0,215.66666666666666,3.0,1350.0,0.15975308641975308,OVERSUPPLY,1134.3333333333333,0.0
587,12.2,Blue-N,1106,1104,21.0,150.0,3.0,1350.0,0.1111111111111111,OVERSUPPLY,1200.0,0.0
587,12.2,Blue-N,1106,1104,22.0,133.33333333333334,3.0,1350.0,0.09876543209876544,OVERSUPPLY,1216.6666666666667,0.0
587,12.2,Blue-N,1106,1104,23.0,277.1666666666667,3.0,1350.0,0.20530864197530865,BALANCED,1072.8333333333333,0.0
589,12.2,Blue-N,1107,1103,6.0,3.166666666666667,3.0,1350.0,0.0023456790123456794,OVERSUPPLY,1346.8333333333333,0.0
589,12.2,Blue-N,1107,1103,7.0,1.8333333333333335,3.0,1350.0,0.0013580246913580249,OVERSUPPLY,1348.1666666666667,0.0
589,12.2,Blue-N,1107,1103,8.0,2.1666666666666665,3.0,1350.0,0.0016049382716049382,OVERSUPPLY,1347.8333333333333,0.0
589,12.2,Blue-N,1107,1103,9.0,1.8333333333333333,3.0,1350.0,0.0013580246913580246,OVERSUPPLY,1348.1666666666667,0.0
589,12.2,Blue-N,1107,1103,10.0,0.6666666666666666,3.0,1350.0,0.0004938271604938272,OVERSUPPLY,1349.3333333333333,0.0
589,12.2,Blue-N,1107,1103,11.0,0.5,3.0,1350.0,0.00037037037037037035,OVERSUPPLY,1349.5,0.0
589,12.2,Blue-N,1107,1103,12.0,0.8333333333333333,3.0,1350.0,0.0006172839506172839,OVERSUPPLY,1349.1666666666667,0.0
589,12.2,Blue-N,1107,1103,13.0,1.0,3.0,1350.0,0.0007407407407407407,OVERSUPPLY,1349.0,0.0
589,12.2,Blue-N,1107,1103,14.0,0.5,3.0,1350.0,0.00037037037037037035,OVERSUPPLY,1349.5,0.0
589,12.2,Blue-N,1107,1103,15.0,1.3333333333333333,3.0,1350.0,0.0009876543209876543,OVERSUPPLY,1348.6666666666667,0.0
589,12.2,Blue-N,1107,1103,16.0,4.666666666666666,3.0,1350.0,0.00345679012345679,OVERSUPPLY,1345.3333333333333,0.0
589,12.2,Blue-N,1107,1103,17.0,6.333333333333333,3.0,1350.0,0.004691358024691358,OVERSUPPLY,1343.6666666666667,0.0
589,12.2,Blue-N,1107,1103,18.0,7.666666666666667,3.0,1350.0,0.005679012345679013,OVERSUPPLY,1342.3333333333333,0.0
589,12.2,Blue-N,1107,1103,19.0,3.0,4.0,1800.0,0.0016666666666666668,OVERSUPPLY,1797.0,0.0
589,12.2,Blue-N,1107,1103,20.0,0.6666666666666666,3.0,1350.0,0.0004938271604938272,OVERSUPPLY,1349.3333333333333,0.0
589,12.2,Blue-N,1107,1103,21.0,0.5,3.0,1350.0,0.00037037037037037035,OVERSUPPLY,1349.5,0.0
589,12.2,Blue-N,1107,1103,22.0,0.8333333333333333,3.0,1350.0,0.0006172839506172839,OVERSUPPLY,1349.1666666666667,0.0
589,12.2,Blue-N,1107,1103,23.0,0.6666666666666666,3.0,1350.0,0.0004938271604938272,OVERSUPPLY,1349.3333333333333,0.0
591,12.2,Blue-N,1108,1107,6.0,3.3333333333333335,3.0,1350.0,0.0024691358024691358,OVERSUPPLY,1346.6666666666667,0.0
591,12.2,Blue-N,1108,1107,7.0,2.666666666666667,3.0,1350.0,0.0019753086419753087,OVERSUPPLY,1347.3333333333333,0.0
591,12.2,Blue-N,1108,1107,8.0,3.0,3.0,1350.0,0.0022222222222222222,OVERSUPPLY,1347.0,0.0
591,12.2,Blue-N,1108,1107,9.0,2.6666666666666665,3.0,1350.0,0.0019753086419753087,OVERSUPPLY,1347.3333333333333,0.0
591,12.2,Blue-N,1108,1107,10.0,1.6666666666666665,3.0,1350.0,0.0012345679012345679,OVERSUPPLY,1348.3333333333333,0.0
591,12.2,Blue-N,1108,1107,11.0,2.0,3.0,1350.0,0.0014814814814814814,OVERSUPPLY,1348.0,0.0
591,12.2,Blue-N,1108,1107,12.0,3.5,3.0,1350.0,0.0025925925925925925,OVERSUPPLY,1346.5,0.0
591,12.2,Blue-N,1108,1107,13.0,3.8333333333333335,3.0,1350.0,0.0028395061728395065,OVERSUPPLY,1346.1666666666667,0.0
591,12.2,Blue-N,1108,1107,14.0,1.8333333333333333,3.0,1350.0,0.0013580246913580246,OVERSUPPLY,1348.1666666666667,0.0
591,12.2,Blue-N,1108,1107,15.0,2.833333333333333,3.0,1350.0,0.002098765432098765,OVERSUPPLY,1347.1666666666667,0.0
591,12.2,Blue-N,1108,1107,16.0,6.166666666666666,3.0,1350.0,0.004567901234567901,OVERSUPPLY,1343.8333333333333,0.0
591,12.2,Blue-N,1108,1107,17.0,7.666666666666666,3.0,1350.0,0.005679012345679012,OVERSUPPLY,1342.3333333333333,0.0
591,12.2,Blue-N,1108,1107,18.0,8.166666666666666,3.0,1350.0,0.006049382716049382,OVERSUPPLY,1341.8333333333333,0.0
591,12.2,Blue-N,1108,1107,19.0,3.1666666666666665,4.0,1800.0,0.0017592592592592592,OVERSUPPLY,1796.8333333333333,0.0
591,12.2,Blue-N,1108,1107,20.0,0.6666666666666666,3.0,1350.0,0.0004938271604938272,OVERSUPPLY,1349.3333333333333,0.0
591,12.2,Blue-N,1108,1107,21.0,0.6666666666666666,3.0,1350.0,0.0004938271604938272,OVERSUPPLY,1349.3333333333333,0.0
591,12.2,Blue-N,1108,1107,22.0,0.9999999999999999,3.0,1350.0,0.0007407407407407407,OVERSUPPLY,1349.0,0.0
591,12.2,Blue-N,1108,1107,23.0,0.8333333333333333,3.0,1350.0,0.0006172839506172839,OVERSUPPLY,1349.1666666666667,0.0
593,12.2,Blue-N,1109,1097,5.0,0.6666666666666666,3.0,1350.0,0.0004938271604938272,OVERSUPPLY,1349.3333333333333,0.0
593,12.2,Blue-N,1109,1097,6.0,31.833333333333332,3.0,1350.0,0.023580246913580245,OVERSUPPLY,1318.1666666666667,0.0
593,12.2,Blue-N,1109,1097,7.0,56.833333333333336,3.0,1350.0,0.04209876543209877,OVERSUPPLY,1293.1666666666667,0.0
593,12.2,Blue-N,1109,1097,8.0,63.0,3.0,1350.0,0.04666666666666667,OVERSUPPLY,1287.0,0.0
593,12.2,Blue-N,1109,1097,9.0,45.0,3.0,1350.0,0.03333333333333333,OVERSUPPLY,1305.0,0.0
593,12.2,Blue-N,1109,1097,10.0,32.5,3.0,1350.0,0.024074074074074074,OVERSUPPLY,1317.5,0.0
593,12.2,Blue-N,1109,1097,11.0,32.5,3.0,1350.0,0.024074074074074074,OVERSUPPLY,1317.5,0.0
593,12.2,Blue-N,1109,1097,12.0,41.166666666666664,3.0,1350.0,0.030493827160493824,OVERSUPPLY,1308.8333333333333,0.0
593,12.2,Blue-N,1109,1097,13.0,60.5,3.0,1350.0,0.044814814814814814,OVERSUPPLY,1289.5,0.0
593,12.2,Blue-N,1109,1097,14.0,79.83333333333333,3.0,1350.0,0.0591358024691358,OVERSUPPLY,1270.1666666666667,0.0
593,12.2,Blue-N,1109,1097,15.0,162.0,3.0,1350.0,0.12,OVERSUPPLY,1188.0,0.0
593,12.2,Blue-N,1109,1097,16.0,221.83333333333334,3.0,1350.0,0.164320987654321,OVERSUPPLY,1128.1666666666667,0.0
593,12.2,Blue-N,1109,1097,17.0,333.8333333333333,3.0,1350.0,0.24728395061728395,BALANCED,1016.1666666666667,0.0
593,12.2,Blue-N,1109,1097,18.0,248.83333333333331,3.0,1350.0,0.18432098765432098,OVERSUPPLY,1101.1666666666667,0.0
593,12.2,Blue-N,1109,1097,19.0,179.16666666666666,4.0,1800.0,0.09953703703703703,OVERSUPPLY,1620.8333333333333,0.0
593,12.2,Blue-N,1109,1097,20.0,72.16666666666667,3.0,1350.0,0.05345679012345679,OVERSUPPLY,1277.8333333333333,0.0
593,12.2,Blue-N,1109,1097,21.0,49.33333333333333,3.0,1350.0,0.036543209876543206,OVERSUPPLY,1300.6666666666667,0.0
593,12.2,Blue-N,1109,1097,22.0,47.333333333333336,3.0,1350.0,0.03506172839506173,OVERSUPPLY,1302.6666666666667,0.0
593,12.2,Blue-N,1109,1097,23.0,123.16666666666666,3.0,1350.0,0.09123456790123456,OVERSUPPLY,1226.8333333333333,0.0
595,12.2,Blue-N,1110,1102,5.0,0.3333333333333333,3.0,1350.0,0.0002469135802469136,OVERSUPPLY,1349.6666666666667,0.0
595,12.2,Blue-N,1110,1102,6.0,55.333333333333336,3.0,1350.0,0.04098765432098766,OVERSUPPLY,1294.6666666666667,0.0
595,12.2,Blue-N,1110,1102,7.0,86.83333333333333,3.0,1350.0,0.06432098765432098,OVERSUPPLY,1263.1666666666667,0.0
595,12.2,Blue-N,1110,1102,8.0,82.33333333333333,3.0,1350.0,0.06098765432098765,OVERSUPPLY,1267.6666666666667,0.0
595,12.2,Blue-N,1110,1102,9.0,48.333333333333336,3.0,1350.0,0.03580246913580247,OVERSUPPLY,1301.6666666666667,0.0
595,12.2,Blue-N,1110,1102,10.0,40.0,3.0,1350.0,0.02962962962962963,OVERSUPPLY,1310.0,0.0
595,12.2,Blue-N,1110,1102,11.0,34.666666666666664,3.0,1350.0,0.02567901234567901,OVERSUPPLY,1315.3333333333333,0.0
595,12.2,Blue-N,1110,1102,12.0,36.166666666666664,3.0,1350.0,0.026790123456790122,OVERSUPPLY,1313.8333333333333,0.0
595,12.2,Blue-N,1110,1102,13.0,48.166666666666664,3.0,1350.0,0.03567901234567901,OVERSUPPLY,1301.8333333333333,0.0
595,12.2,Blue-N,1110,1102,14.0,67.5,3.0,1350.0,0.05,OVERSUPPLY,1282.5,0.0
595,12.2,Blue-N,1110,1102,15.0,127.33333333333334,3.0,1350.0,0.094320987654321,OVERSUPPLY,1222.6666666666667,0.0
595,12.2,Blue-N,1110,1102,16.0,176.66666666666666,3.0,1350.0,0.1308641975308642,OVERSUPPLY,1173.3333333333333,0.0
595,12.2,Blue-N,1110,1102,17.0,256.5,3.0,1350.0,0.19,OVERSUPPLY,1093.5,0.0
595,12.2,Blue-N,1110,1102,18.0,171.83333333333334,3.0,1350.0,0.12728395061728395,OVERSUPPLY,1178.1666666666667,0.0
595,12.2,Blue-N,1110,1102,19.0,153.66666666666666,4.0,1800.0,0.08537037037037036,OVERSUPPLY,1646.3333333333333,0.0
595,12.2,Blue-N,1110,1102,20.0,58.833333333333336,3.0,1350.0,0.04358024691358025,OVERSUPPLY,1291.1666666666667,0.0
595,12.2,Blue-N,1110,1102,21.0,42.0,3.0,1350.0,0.03111111111111111,OVERSUPPLY,1308.0,0.0
595,12.2,Blue-N,1110,1102,22.0,30.5,3.0,1350.0,0.02259259259259259,OVERSUPPLY,1319.5,0.0
595,12.2,Blue-N,1110,1102,23.0,130.33333333333334,3.0,1350.0,0.09654320987654322,OVERSUPPLY,1219.6666666666667,0.0
597,12.2,Blue-N,1111,1106,5.0,11.5,3.0,1350.0,0.008518518518518519,OVERSUPPLY,1338.5,0.0
597,12.2,Blue-N,1111,1106,6.0,68.83333333333333,3.0,1350.0,0.05098765432098765,OVERSUPPLY,1281.1666666666667,0.0
597,12.2,Blue-N,1111,1106,7.0,118.0,3.0,1350.0,0.0874074074074074,OVERSUPPLY,1232.0,0.0
597,12.2,Blue-N,1111,1106,8.0,135.33333333333334,3.0,1350.0,0.10024691358024693,OVERSUPPLY,1214.6666666666667,0.0
597,12.2,Blue-N,1111,1106,9.0,93.5,3.0,1350.0,0.06925925925925926,OVERSUPPLY,1256.5,0.0
597,12.2,Blue-N,1111,1106,10.0,78.16666666666667,3.0,1350.0,0.057901234567901236,OVERSUPPLY,1271.8333333333333,0.0
597,12.2,Blue-N,1111,1106,11.0,76.5,3.0,1350.0,0.056666666666666664,OVERSUPPLY,1273.5,0.0
597,12.2,Blue-N,1111,1106,12.0,132.0,3.0,1350.0,0.09777777777777778,OVERSUPPLY,1218.0,0.0
597,12.2,Blue-N,1111,1106,13.0,167.0,3.0,1350.0,0.1237037037037037,OVERSUPPLY,1183.0,0.0
597,12.2,Blue-N,1111,1106,14.0,247.66666666666666,3.0,1350.0,0.18345679012345678,OVERSUPPLY,1102.3333333333333,0.0
597,12.2,Blue-N,1111,1106,15.0,495.1666666666667,3.0,1350.0,0.36679012345679013,BALANCED,854.8333333333333,0.0
597,12.2,Blue-N,1111,1106,16.0,670.5,3.0,1350.0,0.49666666666666665,BALANCED,679.5,0.0
597,12.2,Blue-N,1111,1106,17.0,936.5,3.0,1350.0,0.6937037037037037,BALANCED,413.5,0.0
597,12.2,Blue-N,1111,1106,18.0,756.1666666666666,3.0,1350.0,0.5601234567901234,BALANCED,593.8333333333334,0.0
597,12.2,Blue-N,1111,1106,19.0,444.0,4.0,1800.0,0.24666666666666667,BALANCED,1356.0,0.0
597,12.2,Blue-N,1111,1106,20.0,197.66666666666666,3.0,1350.0,0.14641975308641975,OVERSUPPLY,1152.3333333333333,0.0
597,12.2,Blue-N,1111,1106,21.0,131.5,3.0,1350.0,0.0974074074074074,OVERSUPPLY,1218.5,0.0
597,12.2,Blue-N,1111,1106,22.0,130.16666666666666,3.0,1350.0,0.09641975308641974,OVERSUPPLY,1219.8333333333333,0.0
597,12.2,Blue-N,1111,1106,23.0,272.8333333333333,3.0,1350.0,0.20209876543209876,BALANCED,1077.1666666666667,0.0
600,19.2,Beige-N,1113,1112,6.0,0.6666666666666666,10.0,4500.0,0.00014814814814814815,OVERSUPPLY,4499.333333333333,0.0
600,19.2,Beige-N,1113,1112,7.0,1.3333333333333333,10.0,4500.0,0.0002962962962962963,OVERSUPPLY,4498.666666666667,0.0
600,19.2,Beige-N,1113,1112,8.0,27.666666666666664,9.0,4050.0,0.006831275720164609,OVERSUPPLY,4022.3333333333335,0.0
600,19.2,Beige-N,1113,1112,9.0,54.333333333333336,10.0,4500.0,0.012074074074074074,OVERSUPPLY,4445.666666666667,0.0
600,19.2,Beige-N,1113,1112,10.0,42.666666666666664,10.0,4500.0,0.009481481481481481,OVERSUPPLY,4457.333333333333,0.0
600,19.2,Beige-N,1113,1112,11.0,23.0,9.0,4050.0,0.005679012345679012,OVERSUPPLY,4027.0,0.0
600,19.2,Beige-N,1113,1112,12.0,36.333333333333336,10.0,4500.0,0.008074074074074074,OVERSUPPLY,4463.666666666667,0.0
600,19.2,Beige-N,1113,1112,13.0,39.0,10.0,4500.0,0.008666666666666666,OVERSUPPLY,4461.0,0.0
600,19.2,Beige-N,1113,1112,14.0,53.0,9.0,4050.0,0.01308641975308642,OVERSUPPLY,3997.0,0.0
600,19.2,Beige-N,1113,1112,15.0,33.0,10.0,4500.0,0.007333333333333333,OVERSUPPLY,4467.0,0.0
600,19.2,Beige-N,1113,1112,16.0,19.333333333333332,10.0,4500.0,0.004296296296296296,OVERSUPPLY,4480.666666666667,0.0
600,19.2,Beige-N,1113,1112,17.0,41.333333333333336,9.0,4050.0,0.010205761316872428,OVERSUPPLY,4008.6666666666665,0.0
600,19.2,Beige-N,1113,1112,18.0,39.0,10.0,4500.0,0.008666666666666666,OVERSUPPLY,4461.0,0.0
600,19.2,Beige-N,1113,1112,19.0,52.333333333333336,10.0,4500.0,0.01162962962962963,OVERSUPPLY,4447.666666666667,0.0
600,19.2,Beige-N,1113,1112,20.0,31.0,10.0,4500.0,0.006888888888888889,OVERSUPPLY,4469.0,0.0
600,19.2,Beige-N,1113,1112,21.0,26.666666666666668,9.0,4050.0,0.006584362139917695,OVERSUPPLY,4023.3333333333335,0.0
600,19.2,Beige-N,1113,1112,22.0,16.0,10.0,4500.0,0.0035555555555555557,OVERSUPPLY,4484.0,0.0
600,19.2,Beige-N,1113,1112,23.0,9.666666666666666,3.0,1350.0,0.007160493827160493,OVERSUPPLY,1340.3333333333333,0.0
602,2.2,Yellow-N,1114,1120,5.0,1.8333333333333333,7.0,5250.0,0.0003492063492063492,OVERSUPPLY,5248.166666666667,0.0
602,2.2,Yellow-N,1114,1120,6.0,11.333333333333332,6.0,4500.0,0.0025185185185185185,OVERSUPPLY,4488.666666666667,0.0
602,2.2,Yellow-N,1114,1120,7.0,22.333333333333332,6.0,4500.0,0.004962962962962962,OVERSUPPLY,4477.666666666667,0.0
602,2.2,Yellow-N,1114,1120,8.0,26.5,6.0,4500.0,0.005888888888888889,OVERSUPPLY,4473.5,0.0
602,2.2,Yellow-N,1114,1120,9.0,23.833333333333332,6.0,4500.0,0.005296296296296296,OVERSUPPLY,4476.166666666667,0.0
602,2.2,Yellow-N,1114,1120,10.0,26.833333333333332,6.0,4500.0,0.0059629629629629624,OVERSUPPLY,4473.166666666667,0.0
602,2.2,Yellow-N,1114,1120,11.0,27.5,6.0,4500.0,0.006111111111111111,OVERSUPPLY,4472.5,0.0
602,2.2,Yellow-N,1114,1120,12.0,47.5,6.0,4500.0,0.010555555555555556,OVERSUPPLY,4452.5,0.0
602,2.2,Yellow-N,1114,1120,13.0,58.666666666666664,6.0,4500.0,0.013037037037037036,OVERSUPPLY,4441.333333333333,0.0
602,2.2,Yellow-N,1114,1120,14.0,87.66666666666667,6.0,4500.0,0.01948148148148148,OVERSUPPLY,4412.333333333333,0.0
602,2.2,Yellow-N,1114,1120,15.0,180.33333333333334,6.0,4500.0,0.040074074074074074,OVERSUPPLY,4319.666666666667,0.0
602,2.2,Yellow-N,1114,1120,16.0,322.1666666666667,6.0,4500.0,0.0715925925925926,OVERSUPPLY,4177.833333333333,0.0
602,2.2,Yellow-N,1114,1120,17.0,481.3333333333333,6.0,4500.0,0.10696296296296295,OVERSUPPLY,4018.6666666666665,0.0
602,2.2,Yellow-N,1114,1120,18.0,370.1666666666667,6.0,4500.0,0.08225925925925927,OVERSUPPLY,4129.833333333333,0.0
602,2.2,Yellow-N,1114,1120,19.0,224.0,6.0,4500.0,0.049777777777777775,OVERSUPPLY,4276.0,0.0
602,2.2,Yellow-N,1114,1120,20.0,79.66666666666667,5.0,3750.0,0.021244444444444444,OVERSUPPLY,3670.3333333333335,0.0
602,2.2,Yellow-N,1114,1120,21.0,56.0,4.0,3000.0,0.018666666666666668,OVERSUPPLY,2944.0,0.0
602,2.2,Yellow-N,1114,1120,22.0,42.5,3.0,2250.0,0.01888888888888889,OVERSUPPLY,2207.5,0.0
602,2.2,Yellow-N,1114,1120,23.0,68.83333333333333,4.0,3000.0,0.022944444444444444,OVERSUPPLY,2931.1666666666665,0.0
604,2.2,Yellow-N,1115,1121,5.0,7.666666666666666,7.0,5250.0,0.0014603174603174602,OVERSUPPLY,5242.333333333333,0.0
604,2.2,Yellow-N,1115,1121,6.0,38.0,6.0,4500.0,0.008444444444444444,OVERSUPPLY,4462.0,0.0
604,2.2,Yellow-N,1115,1121,7.0,102.83333333333333,6.0,4500.0,0.022851851851851852,OVERSUPPLY,4397.166666666667,0.0
604,2.2,Yellow-N,1115,1121,8.0,142.5,6.0,4500.0,0.03166666666666667,OVERSUPPLY,4357.5,0.0
604,2.2,Yellow-N,1115,1121,9.0,87.0,6.0,4500.0,0.019333333333333334,OVERSUPPLY,4413.0,0.0
604,2.2,Yellow-N,1115,1121,10.0,63.0,6.0,4500.0,0.014,OVERSUPPLY,4437.0,0.0
604,2.2,Yellow-N,1115,1121,11.0,70.16666666666667,6.0,4500.0,0.015592592592592594,OVERSUPPLY,4429.833333333333,0.0
604,2.2,Yellow-N,1115,1121,12.0,114.0,6.0,4500.0,0.025333333333333333,OVERSUPPLY,4386.0,0.0
604,2.2,Yellow-N,1115,1121,13.0,128.16666666666666,6.0,4500.0,0.02848148148148148,OVERSUPPLY,4371.833333333333,0.0
604,2.2,Yellow-N,1115,1121,14.0,195.16666666666666,6.0,4500.0,0.04337037037037037,OVERSUPPLY,4304.833333333333,0.0
604,2.2,Yellow-N,1115,1121,15.0,335.5,6.0,4500.0,0.07455555555555556,OVERSUPPLY,4164.5,0.0
604,2.2,Yellow-N,1115,1121,16.0,520.0,6.0,4500.0,0.11555555555555555,OVERSUPPLY,3980.0,0.0
604,2.2,Yellow-N,1115,1121,17.0,712.0,6.0,4500.0,0.1582222222222222,OVERSUPPLY,3788.0,0.0
604,2.2,Yellow-N,1115,1121,18.0,646.6666666666666,6.0,4500.0,0.1437037037037037,OVERSUPPLY,3853.3333333333335,0.0
604,2.2,Yellow-N,1115,1121,19.0,329.0,6.0,4500.0,0.07311111111111111,OVERSUPPLY,4171.0,0.0
604,2.2,Yellow-N,1115,1121,20.0,184.83333333333334,5.0,3750.0,0.04928888888888889,OVERSUPPLY,3565.1666666666665,0.0
604,2.2,Yellow-N,1115,1121,21.0,114.83333333333333,4.0,3000.0,0.03827777777777778,OVERSUPPLY,2885.1666666666665,0.0
604,2.2,Yellow-N,1115,1121,22.0,181.16666666666666,3.0,2250.0,0.08051851851851852,OVERSUPPLY,2068.8333333333335,0.0
604,2.2,Yellow-N,1115,1121,23.0,219.16666666666666,4.0,3000.0,0.07305555555555555,OVERSUPPLY,2780.8333333333335,0.0
606,2.2,Yellow-N,1116,1122,5.0,2.6666666666666665,7.0,5250.0,0.0005079365079365079,OVERSUPPLY,5247.333333333333,0.0
606,2.2,Yellow-N,1116,1122,6.0,17.5,6.0,4500.0,0.0038888888888888888,OVERSUPPLY,4482.5,0.0
606,2.2,Yellow-N,1116,1122,7.0,46.333333333333336,6.0,4500.0,0.010296296296296296,OVERSUPPLY,4453.666666666667,0.0
606,2.2,Yellow-N,1116,1122,8.0,61.833333333333336,6.0,4500.0,0.01374074074074074,OVERSUPPLY,4438.166666666667,0.0
606,2.2,Yellow-N,1116,1122,9.0,36.833333333333336,6.0,4500.0,0.008185185185185186,OVERSUPPLY,4463.166666666667,0.0
606,2.2,Yellow-N,1116,1122,10.0,28.166666666666664,6.0,4500.0,0.006259259259259259,OVERSUPPLY,4471.833333333333,0.0
606,2.2,Yellow-N,1116,1122,11.0,28.5,6.0,4500.0,0.006333333333333333,OVERSUPPLY,4471.5,0.0
606,2.2,Yellow-N,1116,1122,12.0,42.166666666666664,6.0,4500.0,0.00937037037037037,OVERSUPPLY,4457.833333333333,0.0
606,2.2,Yellow-N,1116,1122,13.0,62.833333333333336,6.0,4500.0,0.013962962962962963,OVERSUPPLY,4437.166666666667,0.0
606,2.2,Yellow-N,1116,1122,14.0,88.83333333333333,6.0,4500.0,0.01974074074074074,OVERSUPPLY,4411.166666666667,0.0
606,2.2,Yellow-N,1116,1122,15.0,160.0,6.0,4500.0,0.035555555555555556,OVERSUPPLY,4340.0,0.0
606,2.2,Yellow-N,1116,1122,16.0,255.33333333333334,6.0,4500.0,0.056740740740740744,OVERSUPPLY,4244.666666666667,0.0
606,2.2,Yellow-N,1116,1122,17.0,365.1666666666667,6.0,4500.0,0.08114814814814815,OVERSUPPLY,4134.833333333333,0.0
606,2.2,Yellow-N,1116,1122,18.0,294.1666666666667,6.0,4500.0,0.06537037037037037,OVERSUPPLY,4205.833333333333,0.0
606,2.2,Yellow-N,1116,1122,19.0,137.33333333333334,6.0,4500.0,0.03051851851851852,OVERSUPPLY,4362.666666666667,0.0
606,2.2,Yellow-N,1116,1122,20.0,77.5,5.0,3750.0,0.020666666666666667,OVERSUPPLY,3672.5,0.0
606,2.2,Yellow-N,1116,1122,21.0,42.333333333333336,4.0,3000.0,0.014111111111111112,OVERSUPPLY,2957.6666666666665,0.0
606,2.2,Yellow-N,1116,1122,22.0,80.16666666666667,3.0,2250.0,0.03562962962962963,OVERSUPPLY,2169.8333333333335,0.0
606,2.2,Yellow-N,1116,1122,23.0,124.33333333333333,4.0,3000.0,0.041444444444444443,OVERSUPPLY,2875.6666666666665,0.0
610,2.2,Yellow-N,1118,1132,5.0,9.833333333333334,7.0,5250.0,0.0018730158730158731,OVERSUPPLY,5240.166666666667,0.0
610,2.2,Yellow-N,1118,1132,6.0,30.5,6.0,4500.0,0.0067777777777777775,OVERSUPPLY,4469.5,0.0
610,2.2,Yellow-N,1118,1132,7.0,71.83333333333333,6.0,4500.0,0.015962962962962964,OVERSUPPLY,4428.166666666667,0.0
610,2.2,Yellow-N,1118,1132,8.0,105.5,6.0,4500.0,0.023444444444444445,OVERSUPPLY,4394.5,0.0
610,2.2,Yellow-N,1118,1132,9.0,73.5,6.0,4500.0,0.01633333333333333,OVERSUPPLY,4426.5,0.0
610,2.2,Yellow-N,1118,1132,10.0,41.0,6.0,4500.0,0.009111111111111111,OVERSUPPLY,4459.0,0.0
610,2.2,Yellow-N,1118,1132,11.0,26.166666666666668,6.0,4500.0,0.005814814814814815,OVERSUPPLY,4473.833333333333,0.0
610,2.2,Yellow-N,1118,1132,12.0,30.5,6.0,4500.0,0.0067777777777777775,OVERSUPPLY,4469.5,0.0
610,2.2,Yellow-N,1118,1132,13.0,31.333333333333332,6.0,4500.0,0.0069629629629629625,OVERSUPPLY,4468.666666666667,0.0
610,2.2,Yellow-N,1118,1132,14.0,28.666666666666668,6.0,4500.0,0.006370370370370371,OVERSUPPLY,4471.333333333333,0.0
610,2.2,Yellow-N,1118,1132,15.0,33.5,6.0,4500.0,0.0074444444444444445,OVERSUPPLY,4466.5,0.0
610,2.2,Yellow-N,1118,1132,16.0,62.0,6.0,4500.0,0.013777777777777778,OVERSUPPLY,4438.0,0.0
610,2.2,Yellow-N,1118,1132,17.0,66.16666666666667,6.0,4500.0,0.014703703703703705,OVERSUPPLY,4433.833333333333,0.0
610,2.2,Yellow-N,1118,1132,18.0,56.333333333333336,6.0,4500.0,0.012518518518518519,OVERSUPPLY,4443.666666666667,0.0
610,2.2,Yellow-N,1118,1132,19.0,25.5,6.0,4500.0,0.005666666666666667,OVERSUPPLY,4474.5,0.0
610,2.2,Yellow-N,1118,1132,20.0,8.333333333333334,5.0,3750.0,0.0022222222222222222,OVERSUPPLY,3741.6666666666665,0.0
610,2.2,Yellow-N,1118,1132,21.0,6.166666666666667,4.0,3000.0,0.0020555555555555557,OVERSUPPLY,2993.8333333333335,0.0
610,2.2,Yellow-N,1118,1132,22.0,4.0,3.0,2250.0,0.0017777777777777779,OVERSUPPLY,2246.0,0.0
610,2.2,Yellow-N,1118,1132,23.0,2.833333333333333,4.0,3000.0,0.0009444444444444444,OVERSUPPLY,2997.1666666666665,0.0
612,2.2,Yellow-N,1119,1133,5.0,0.3333333333333333,7.0,5250.0,6.349206349206349e-05,OVERSUPPLY,5249.666666666667,0.0
612,2.2,Yellow-N,1119,1133,6.0,0.6666666666666666,6.0,4500.0,0.00014814814814814815,OVERSUPPLY,4499.333333333333,0.0
612,2.2,Yellow-N,1119,1133,7.0,1.8333333333333333,6.0,4500.0,0.0004074074074074074,OVERSUPPLY,4498.166666666667,0.0
612,2.2,Yellow-N,1119,1133,8.0,2.5,6.0,4500.0,0.0005555555555555556,OVERSUPPLY,4497.5,0.0
612,2.2,Yellow-N,1119,1133,9.0,2.333333333333333,6.0,4500.0,0.0005185185185185184,OVERSUPPLY,4497.666666666667,0.0
612,2.2,Yellow-N,1119,1133,10.0,0.3333333333333333,6.0,4500.0,7.407407407407407e-05,OVERSUPPLY,4499.666666666667,0.0
612,2.2,Yellow-N,1119,1133,11.0,1.1666666666666665,6.0,4500.0,0.0002592592592592592,OVERSUPPLY,4498.833333333333,0.0
612,2.2,Yellow-N,1119,1133,12.0,1.0,6.0,4500.0,0.00022222222222222223,OVERSUPPLY,4499.0,0.0
612,2.2,Yellow-N,1119,1133,13.0,1.3333333333333333,6.0,4500.0,0.0002962962962962963,OVERSUPPLY,4498.666666666667,0.0
612,2.2,Yellow-N,1119,1133,14.0,1.3333333333333333,6.0,4500.0,0.0002962962962962963,OVERSUPPLY,4498.666666666667,0.0
612,2.2,Yellow-N,1119,1133,15.0,2.0,6.0,4500.0,0.00044444444444444447,OVERSUPPLY,4498.0,0.0
612,2.2,Yellow-N,1119,1133,16.0,9.333333333333334,6.0,4500.0,0.002074074074074074,OVERSUPPLY,4490.666666666667,0.0
612,2.2,Yellow-N,1119,1133,17.0,11.166666666666666,6.0,4500.0,0.002481481481481481,OVERSUPPLY,4488.833333333333,0.0
612,2.2,Yellow-N,1119,1133,18.0,9.5,6.0,4500.0,0.002111111111111111,OVERSUPPLY,4490.5,0.0
612,2.2,Yellow-N,1119,1133,19.0,3.666666666666667,6.0,4500.0,0.0008148148148148149,OVERSUPPLY,4496.333333333333,0.0
612,2.2,Yellow-N,1119,1133,20.0,1.6666666666666665,5.0,3750.0,0.0004444444444444444,OVERSUPPLY,3748.3333333333335,0.0
612,2.2,Yellow-N,1119,1133,21.0,0.3333333333333333,4.0,3000.0,0.0001111111111111111,OVERSUPPLY,2999.6666666666665,0.0
612,2.2,Yellow-N,1119,1133,22.0,0.3333333333333333,3.0,2250.0,0.00014814814814814815,OVERSUPPLY,2249.6666666666665,0.0
612,2.2,Yellow-N,1119,1133,23.0,0.6666666666666666,4.0,3000.0,0.0002222222222222222,OVERSUPPLY,2999.3333333333335,0.0
614,2.2,Yellow-N,1120,1151,5.0,3.3333333333333335,7.0,5250.0,0.0006349206349206349,OVERSUPPLY,5246.666666666667,0.0
614,2.2,Yellow-N,1120,1151,6.0,19.333333333333332,6.0,4500.0,0.004296296296296296,OVERSUPPLY,4480.666666666667,0.0
614,2.2,Yellow-N,1120,1151,7.0,41.666666666666664,6.0,4500.0,0.009259259259259259,OVERSUPPLY,4458.333333333333,0.0
614,2.2,Yellow-N,1120,1151,8.0,43.166666666666664,6.0,4500.0,0.009592592592592592,OVERSUPPLY,4456.833333333333,0.0
614,2.2,Yellow-N,1120,1151,9.0,35.166666666666664,6.0,4500.0,0.007814814814814814,OVERSUPPLY,4464.833333333333,0.0
614,2.2,Yellow-N,1120,1151,10.0,35.166666666666664,6.0,4500.0,0.007814814814814814,OVERSUPPLY,4464.833333333333,0.0
614,2.2,Yellow-N,1120,1151,11.0,38.666666666666664,6.0,4500.0,0.008592592592592593,OVERSUPPLY,4461.333333333333,0.0
614,2.2,Yellow-N,1120,1151,12.0,60.833333333333336,6.0,4500.0,0.013518518518518518,OVERSUPPLY,4439.166666666667,0.0
614,2.2,Yellow-N,1120,1151,13.0,83.83333333333333,6.0,4500.0,0.018629629629629628,OVERSUPPLY,4416.166666666667,0.0
614,2.2,Yellow-N,1120,1151,14.0,114.66666666666667,6.0,4500.0,0.025481481481481483,OVERSUPPLY,4385.333333333333,0.0
614,2.2,Yellow-N,1120,1151,15.0,232.33333333333334,6.0,4500.0,0.05162962962962963,OVERSUPPLY,4267.666666666667,0.0
614,2.2,Yellow-N,1120,1151,16.0,420.0,6.0,4500.0,0.09333333333333334,OVERSUPPLY,4080.0,0.0
614,2.2,Yellow-N,1120,1151,17.0,612.6666666666666,6.0,4500.0,0.13614814814814813,OVERSUPPLY,3887.3333333333335,0.0
614,2.2,Yellow-N,1120,1151,18.0,448.0,6.0,4500.0,0.09955555555555555,OVERSUPPLY,4052.0,0.0
614,2.2,Yellow-N,1120,1151,19.0,262.1666666666667,6.0,4500.0,0.05825925925925926,OVERSUPPLY,4237.833333333333,0.0
614,2.2,Yellow-N,1120,1151,20.0,100.83333333333333,5.0,3750.0,0.02688888888888889,OVERSUPPLY,3649.1666666666665,0.0
614,2.2,Yellow-N,1120,1151,21.0,70.5,4.0,3000.0,0.0235,OVERSUPPLY,2929.5,0.0
614,2.2,Yellow-N,1120,1151,22.0,56.5,3.0,2250.0,0.025111111111111112,OVERSUPPLY,2193.5,0.0
614,2.2,Yellow-N,1120,1151,23.0,76.66666666666667,4.0,3000.0,0.025555555555555557,OVERSUPPLY,2923.3333333333335,0.0
616,2.2,Yellow-N,1121,1152,5.0,4.666666666666666,7.0,5250.0,0.0008888888888888888,OVERSUPPLY,5245.333333333333,0.0
616,2.2,Yellow-N,1121,1152,6.0,28.333333333333332,6.0,4500.0,0.006296296296296296,OVERSUPPLY,4471.666666666667,0.0
616,2.2,Yellow-N,1121,1152,7.0,69.83333333333333,6.0,4500.0,0.015518518518518518,OVERSUPPLY,4430.166666666667,0.0
616,2.2,Yellow-N,1121,1152,8.0,87.33333333333333,6.0,4500.0,0.019407407407407408,OVERSUPPLY,4412.666666666667,0.0
616,2.2,Yellow-N,1121,1152,9.0,56.0,6.0,4500.0,0.012444444444444444,OVERSUPPLY,4444.0,0.0
616,2.2,Yellow-N,1121,1152,10.0,48.166666666666664,6.0,4500.0,0.010703703703703703,OVERSUPPLY,4451.833333333333,0.0
616,2.2,Yellow-N,1121,1152,11.0,54.5,6.0,4500.0,0.01211111111111111,OVERSUPPLY,4445.5,0.0
616,2.2,Yellow-N,1121,1152,12.0,89.83333333333333,6.0,4500.0,0.019962962962962964,OVERSUPPLY,4410.166666666667,0.0
616,2.2,Yellow-N,1121,1152,13.0,111.83333333333333,6.0,4500.0,0.02485185185185185,OVERSUPPLY,4388.166666666667,0.0
616,2.2,Yellow-N,1121,1152,14.0,159.83333333333334,6.0,4500.0,0.03551851851851852,OVERSUPPLY,4340.166666666667,0.0
616,2.2,Yellow-N,1121,1152,15.0,283.5,6.0,4500.0,0.063,OVERSUPPLY,4216.5,0.0
616,2.2,Yellow-N,1121,1152,16.0,451.0,6.0,4500.0,0.10022222222222223,OVERSUPPLY,4049.0,0.0
616,2.2,Yellow-N,1121,1152,17.0,603.0,6.0,4500.0,0.134,OVERSUPPLY,3897.0,0.0
616,2.2,Yellow-N,1121,1152,18.0,531.3333333333334,6.0,4500.0,0.11807407407407408,OVERSUPPLY,3968.6666666666665,0.0
616,2.2,Yellow-N,1121,1152,19.0,268.1666666666667,6.0,4500.0,0.0595925925925926,OVERSUPPLY,4231.833333333333,0.0
616,2.2,Yellow-N,1121,1152,20.0,143.83333333333334,5.0,3750.0,0.03835555555555556,OVERSUPPLY,3606.1666666666665,0.0
616,2.2,Yellow-N,1121,1152,21.0,89.66666666666667,4.0,3000.0,0.029888888888888892,OVERSUPPLY,2910.3333333333335,0.0
616,2.2,Yellow-N,1121,1152,22.0,144.0,3.0,2250.0,0.064,OVERSUPPLY,2106.0,0.0
616,2.2,Yellow-N,1121,1152,23.0,197.83333333333334,4.0,3000.0,0.06594444444444444,OVERSUPPLY,2802.1666666666665,0.0
618,2.2,Yellow-N,1122,1153,5.0,1.6666666666666665,7.0,5250.0,0.0003174603174603174,OVERSUPPLY,5248.333333333333,0.0
618,2.2,Yellow-N,1122,1153,6.0,14.333333333333332,6.0,4500.0,0.003185185185185185,OVERSUPPLY,4485.666666666667,0.0
618,2.2,Yellow-N,1122,1153,7.0,32.5,6.0,4500.0,0.007222222222222222,OVERSUPPLY,4467.5,0.0
618,2.2,Yellow-N,1122,1153,8.0,41.666666666666664,6.0,4500.0,0.009259259259259259,OVERSUPPLY,4458.333333333333,0.0
618,2.2,Yellow-N,1122,1153,9.0,25.666666666666668,6.0,4500.0,0.005703703703703704,OVERSUPPLY,4474.333333333333,0.0
618,2.2,Yellow-N,1122,1153,10.0,23.0,6.0,4500.0,0.005111111111111111,OVERSUPPLY,4477.0,0.0
618,2.2,Yellow-N,1122,1153,11.0,22.5,6.0,4500.0,0.005,OVERSUPPLY,4477.5,0.0
618,2.2,Yellow-N,1122,1153,12.0,32.5,6.0,4500.0,0.007222222222222222,OVERSUPPLY,4467.5,0.0
618,2.2,Yellow-N,1122,1153,13.0,52.833333333333336,6.0,4500.0,0.01174074074074074,OVERSUPPLY,4447.166666666667,0.0
618,2.2,Yellow-N,1122,1153,14.0,76.16666666666667,6.0,4500.0,0.016925925925925928,OVERSUPPLY,4423.833333333333,0.0
618,2.2,Yellow-N,1122,1153,15.0,137.66666666666666,6.0,4500.0,0.03059259259259259,OVERSUPPLY,4362.333333333333,0.0
618,2.2,Yellow-N,1122,1153,16.0,222.83333333333334,6.0,4500.0,0.04951851851851852,OVERSUPPLY,4277.166666666667,0.0
618,2.2,Yellow-N,1122,1153,17.0,319.1666666666667,6.0,4500.0,0.07092592592592593,OVERSUPPLY,4180.833333333333,0.0
618,2.2,Yellow-N,1122,1153,18.0,252.66666666666666,6.0,4500.0,0.05614814814814815,OVERSUPPLY,4247.333333333333,0.0
618,2.2,Yellow-N,1122,1153,19.0,119.33333333333333,6.0,4500.0,0.026518518518518518,OVERSUPPLY,4380.666666666667,0.0
618,2.2,Yellow-N,1122,1153,20.0,64.16666666666667,5.0,3750.0,0.01711111111111111,OVERSUPPLY,3685.8333333333335,0.0
618,2.2,Yellow-N,1122,1153,21.0,35.166666666666664,4.0,3000.0,0.01172222222222222,OVERSUPPLY,2964.8333333333335,0.0
618,2.2,Yellow-N,1122,1153,22.0,66.33333333333333,3.0,2250.0,0.02948148148148148,OVERSUPPLY,2183.6666666666665,0.0
618,2.2,Yellow-N,1122,1153,23.0,116.5,4.0,3000.0,0.03883333333333333,OVERSUPPLY,2883.5,0.0
620,2.2,Yellow-N,1123,1117,5.0,0.3333333333333333,7.0,5250.0,6.349206349206349e-05,OVERSUPPLY,5249.666666666667,0.0
620,2.2,Yellow-N,1123,1117,6.0,0.5,6.0,4500.0,0.00011111111111111112,OVERSUPPLY,4499.5,0.0
620,2.2,Yellow-N,1123,1117,7.0,1.5,6.0,4500.0,0.0003333333333333333,OVERSUPPLY,4498.5,0.0
620,2.2,Yellow-N,1123,1117,8.0,3.0,6.0,4500.0,0.0006666666666666666,OVERSUPPLY,4497.0,0.0
620,2.2,Yellow-N,1123,1117,9.0,1.5,6.0,4500.0,0.0003333333333333333,OVERSUPPLY,4498.5,0.0
620,2.2,Yellow-N,1123,1117,10.0,2.0,6.0,4500.0,0.00044444444444444447,OVERSUPPLY,4498.0,0.0
620,2.2,Yellow-N,1123,1117,11.0,1.3333333333333333,6.0,4500.0,0.0002962962962962963,OVERSUPPLY,4498.666666666667,0.0
620,2.2,Yellow-N,1123,1117,12.0,1.3333333333333333,6.0,4500.0,0.0002962962962962963,OVERSUPPLY,4498.666666666667,0.0
620,2.2,Yellow-N,1123,1117,13.0,2.1666666666666665,6.0,4500.0,0.00048148148148148144,OVERSUPPLY,4497.833333333333,0.0
620,2.2,Yellow-N,1123,1117,14.0,1.8333333333333333,6.0,4500.0,0.0004074074074074074,OVERSUPPLY,4498.166666666667,0.0
620,2.2,Yellow-N,1123,1117,15.0,2.5,6.0,4500.0,0.0005555555555555556,OVERSUPPLY,4497.5,0.0
620,2.2,Yellow-N,1123,1117,16.0,2.5,6.0,4500.0,0.0005555555555555556,OVERSUPPLY,4497.5,0.0
620,2.2,Yellow-N,1123,1117,17.0,4.166666666666667,6.0,4500.0,0.000925925925925926,OVERSUPPLY,4495.833333333333,0.0
620,2.2,Yellow-N,1123,1117,18.0,1.5,6.0,4500.0,0.0003333333333333333,OVERSUPPLY,4498.5,0.0
620,2.2,Yellow-N,1123,1117,19.0,1.6666666666666667,6.0,4500.0,0.0003703703703703704,OVERSUPPLY,4498.333333333333,0.0
620,2.2,Yellow-N,1123,1117,20.0,0.3333333333333333,5.0,3750.0,8.888888888888888e-05,OVERSUPPLY,3749.6666666666665,0.0
620,2.2,Yellow-N,1123,1117,21.0,0.5,4.0,3000.0,0.00016666666666666666,OVERSUPPLY,2999.5,0.0
622,2.2,Yellow-N,1124,1118,5.0,14.333333333333332,7.0,5250.0,0.00273015873015873,OVERSUPPLY,5235.666666666667,0.0
622,2.2,Yellow-N,1124,1118,6.0,44.666666666666664,6.0,4500.0,0.009925925925925925,OVERSUPPLY,4455.333333333333,0.0
622,2.2,Yellow-N,1124,1118,7.0,104.83333333333333,6.0,4500.0,0.023296296296296294,OVERSUPPLY,4395.166666666667,0.0
622,2.2,Yellow-N,1124,1118,8.0,155.83333333333334,6.0,4500.0,0.034629629629629635,OVERSUPPLY,4344.166666666667,0.0
622,2.2,Yellow-N,1124,1118,9.0,103.5,6.0,4500.0,0.023,OVERSUPPLY,4396.5,0.0
622,2.2,Yellow-N,1124,1118,10.0,59.166666666666664,6.0,4500.0,0.013148148148148148,OVERSUPPLY,4440.833333333333,0.0
622,2.2,Yellow-N,1124,1118,11.0,41.333333333333336,6.0,4500.0,0.009185185185185185,OVERSUPPLY,4458.666666666667,0.0
622,2.2,Yellow-N,1124,1118,12.0,43.333333333333336,6.0,4500.0,0.00962962962962963,OVERSUPPLY,4456.666666666667,0.0
622,2.2,Yellow-N,1124,1118,13.0,43.666666666666664,6.0,4500.0,0.009703703703703704,OVERSUPPLY,4456.333333333333,0.0
622,2.2,Yellow-N,1124,1118,14.0,40.16666666666667,6.0,4500.0,0.008925925925925927,OVERSUPPLY,4459.833333333333,0.0
622,2.2,Yellow-N,1124,1118,15.0,50.0,6.0,4500.0,0.011111111111111112,OVERSUPPLY,4450.0,0.0
622,2.2,Yellow-N,1124,1118,16.0,78.66666666666667,6.0,4500.0,0.017481481481481483,OVERSUPPLY,4421.333333333333,0.0
622,2.2,Yellow-N,1124,1118,17.0,91.33333333333333,6.0,4500.0,0.020296296296296295,OVERSUPPLY,4408.666666666667,0.0
622,2.2,Yellow-N,1124,1118,18.0,72.83333333333333,6.0,4500.0,0.016185185185185184,OVERSUPPLY,4427.166666666667,0.0
622,2.2,Yellow-N,1124,1118,19.0,36.166666666666664,6.0,4500.0,0.008037037037037037,OVERSUPPLY,4463.833333333333,0.0
622,2.2,Yellow-N,1124,1118,20.0,12.833333333333334,5.0,3750.0,0.0034222222222222223,OVERSUPPLY,3737.1666666666665,0.0
622,2.2,Yellow-N,1124,1118,21.0,8.666666666666666,4.0,3000.0,0.0028888888888888888,OVERSUPPLY,2991.3333333333335,0.0
622,2.2,Yellow-N,1124,1118,22.0,6.666666666666667,3.0,2250.0,0.0029629629629629632,OVERSUPPLY,2243.3333333333335,0.0
622,2.2,Yellow-N,1124,1118,23.0,3.6666666666666665,4.0,3000.0,0.0012222222222222222,OVERSUPPLY,2996.3333333333335,0.0
624,2.2,Yellow-N,1125,1119,5.0,0.3333333333333333,7.0,5250.0,6.349206349206349e-05,OVERSUPPLY,5249.666666666667,0.0
624,2.2,Yellow-N,1125,1119,6.0,0.6666666666666666,6.0,4500.0,0.00014814814814814815,OVERSUPPLY,4499.333333333333,0.0
624,2.2,Yellow-N,1125,1119,7.0,1.8333333333333333,6.0,4500.0,0.0004074074074074074,OVERSUPPLY,4498.166666666667,0.0
624,2.2,Yellow-N,1125,1119,8.0,2.5,6.0,4500.0,0.0005555555555555556,OVERSUPPLY,4497.5,0.0
624,2.2,Yellow-N,1125,1119,9.0,2.333333333333333,6.0,4500.0,0.0005185185185185184,OVERSUPPLY,4497.666666666667,0.0
624,2.2,Yellow-N,1125,1119,10.0,0.3333333333333333,6.0,4500.0,7.407407407407407e-05,OVERSUPPLY,4499.666666666667,0.0
624,2.2,Yellow-N,1125,1119,11.0,1.1666666666666665,6.0,4500.0,0.0002592592592592592,OVERSUPPLY,4498.833333333333,0.0
624,2.2,Yellow-N,1125,1119,12.0,1.0,6.0,4500.0,0.00022222222222222223,OVERSUPPLY,4499.0,0.0
624,2.2,Yellow-N,1125,1119,13.0,1.3333333333333333,6.0,4500.0,0.0002962962962962963,OVERSUPPLY,4498.666666666667,0.0
624,2.2,Yellow-N,1125,1119,14.0,1.3333333333333333,6.0,4500.0,0.0002962962962962963,OVERSUPPLY,4498.666666666667,0.0
624,2.2,Yellow-N,1125,1119,15.0,2.0,6.0,4500.0,0.00044444444444444447,OVERSUPPLY,4498.0,0.0
624,2.2,Yellow-N,1125,1119,16.0,9.333333333333334,6.0,4500.0,0.002074074074074074,OVERSUPPLY,4490.666666666667,0.0
624,2.2,Yellow-N,1125,1119,17.0,11.166666666666666,6.0,4500.0,0.002481481481481481,OVERSUPPLY,4488.833333333333,0.0
624,2.2,Yellow-N,1125,1119,18.0,9.5,6.0,4500.0,0.002111111111111111,OVERSUPPLY,4490.5,0.0
624,2.2,Yellow-N,1125,1119,19.0,3.666666666666667,6.0,4500.0,0.0008148148148148149,OVERSUPPLY,4496.333333333333,0.0
624,2.2,Yellow-N,1125,1119,20.0,1.6666666666666665,5.0,3750.0,0.0004444444444444444,OVERSUPPLY,3748.3333333333335,0.0
624,2.2,Yellow-N,1125,1119,21.0,0.3333333333333333,4.0,3000.0,0.0001111111111111111,OVERSUPPLY,2999.6666666666665,0.0
624,2.2,Yellow-N,1125,1119,22.0,0.3333333333333333,3.0,2250.0,0.00014814814814814815,OVERSUPPLY,2249.6666666666665,0.0
624,2.2,Yellow-N,1125,1119,23.0,0.6666666666666666,4.0,3000.0,0.0002222222222222222,OVERSUPPLY,2999.3333333333335,0.0
628,2.2,Yellow-N,1128,1145,5.0,2.5,7.0,5250.0,0.0004761904761904762,OVERSUPPLY,5247.5,0.0
628,2.2,Yellow-N,1128,1145,6.0,8.166666666666668,6.0,4500.0,0.0018148148148148151,OVERSUPPLY,4491.833333333333,0.0
628,2.2,Yellow-N,1128,1145,7.0,27.0,6.0,4500.0,0.006,OVERSUPPLY,4473.0,0.0
628,2.2,Yellow-N,1128,1145,8.0,30.666666666666668,6.0,4500.0,0.006814814814814815,OVERSUPPLY,4469.333333333333,0.0
628,2.2,Yellow-N,1128,1145,9.0,19.333333333333332,6.0,4500.0,0.004296296296296296,OVERSUPPLY,4480.666666666667,0.0
628,2.2,Yellow-N,1128,1145,10.0,11.0,6.0,4500.0,0.0024444444444444444,OVERSUPPLY,4489.0,0.0
628,2.2,Yellow-N,1128,1145,11.0,14.5,6.0,4500.0,0.0032222222222222222,OVERSUPPLY,4485.5,0.0
628,2.2,Yellow-N,1128,1145,12.0,10.166666666666666,6.0,4500.0,0.002259259259259259,OVERSUPPLY,4489.833333333333,0.0
628,2.2,Yellow-N,1128,1145,13.0,13.0,6.0,4500.0,0.0028888888888888888,OVERSUPPLY,4487.0,0.0
628,2.2,Yellow-N,1128,1145,14.0,15.166666666666666,6.0,4500.0,0.0033703703703703704,OVERSUPPLY,4484.833333333333,0.0
628,2.2,Yellow-N,1128,1145,15.0,21.5,6.0,4500.0,0.0047777777777777775,OVERSUPPLY,4478.5,0.0
628,2.2,Yellow-N,1128,1145,16.0,18.0,6.0,4500.0,0.004,OVERSUPPLY,4482.0,0.0
628,2.2,Yellow-N,1128,1145,17.0,18.0,6.0,4500.0,0.004,OVERSUPPLY,4482.0,0.0
628,2.2,Yellow-N,1128,1145,18.0,14.833333333333332,6.0,4500.0,0.003296296296296296,OVERSUPPLY,4485.166666666667,0.0
628,2.2,Yellow-N,1128,1145,19.0,7.166666666666666,6.0,4500.0,0.0015925925925925925,OVERSUPPLY,4492.833333333333,0.0
628,2.2,Yellow-N,1128,1145,20.0,3.1666666666666665,5.0,3750.0,0.0008444444444444444,OVERSUPPLY,3746.8333333333335,0.0
628,2.2,Yellow-N,1128,1145,21.0,2.1666666666666665,4.0,3000.0,0.0007222222222222222,OVERSUPPLY,2997.8333333333335,0.0
628,2.2,Yellow-N,1128,1145,22.0,1.3333333333333335,3.0,2250.0,0.0005925925925925927,OVERSUPPLY,2248.6666666666665,0.0
628,2.2,Yellow-N,1128,1145,23.0,0.3333333333333333,4.0,3000.0,0.0001111111111111111,OVERSUPPLY,2999.6666666666665,0.0
634,2.2,Yellow-N,1131,1171,5.0,60.0,7.0,5250.0,0.011428571428571429,OVERSUPPLY,5190.0,0.0
634,2.2,Yellow-N,1131,1171,6.0,187.16666666666666,6.0,4500.0,0.04159259259259259,OVERSUPPLY,4312.833333333333,0.0
634,2.2,Yellow-N,1131,1171,7.0,360.5,6.0,4500.0,0.0801111111111111,OVERSUPPLY,4139.5,0.0
634,2.2,Yellow-N,1131,1171,8.0,522.8333333333334,6.0,4500.0,0.1161851851851852,OVERSUPPLY,3977.1666666666665,0.0
634,2.2,Yellow-N,1131,1171,9.0,324.1666666666667,6.0,4500.0,0.07203703703703704,OVERSUPPLY,4175.833333333333,0.0
634,2.2,Yellow-N,1131,1171,10.0,234.16666666666666,6.0,4500.0,0.052037037037037034,OVERSUPPLY,4265.833333333333,0.0
634,2.2,Yellow-N,1131,1171,11.0,202.0,6.0,4500.0,0.04488888888888889,OVERSUPPLY,4298.0,0.0
634,2.2,Yellow-N,1131,1171,12.0,262.5,6.0,4500.0,0.058333333333333334,OVERSUPPLY,4237.5,0.0
634,2.2,Yellow-N,1131,1171,13.0,308.6666666666667,6.0,4500.0,0.0685925925925926,OVERSUPPLY,4191.333333333333,0.0
634,2.2,Yellow-N,1131,1171,14.0,357.5,6.0,4500.0,0.07944444444444444,OVERSUPPLY,4142.5,0.0
634,2.2,Yellow-N,1131,1171,15.0,572.0,6.0,4500.0,0.12711111111111112,OVERSUPPLY,3928.0,0.0
634,2.2,Yellow-N,1131,1171,16.0,842.5,6.0,4500.0,0.18722222222222223,OVERSUPPLY,3657.5,0.0
634,2.2,Yellow-N,1131,1171,17.0,1172.5,6.0,4500.0,0.26055555555555554,BALANCED,3327.5,0.0
634,2.2,Yellow-N,1131,1171,18.0,935.0,6.0,4500.0,0.20777777777777778,BALANCED,3565.0,0.0
634,2.2,Yellow-N,1131,1171,19.0,510.1666666666667,6.0,4500.0,0.11337037037037037,OVERSUPPLY,3989.8333333333335,0.0
634,2.2,Yellow-N,1131,1171,20.0,271.3333333333333,5.0,3750.0,0.07235555555555555,OVERSUPPLY,3478.6666666666665,0.0
634,2.2,Yellow-N,1131,1171,21.0,173.33333333333334,4.0,3000.0,0.05777777777777778,OVERSUPPLY,2826.6666666666665,0.0
634,2.2,Yellow-N,1131,1171,22.0,154.83333333333334,3.0,2250.0,0.06881481481481481,OVERSUPPLY,2095.1666666666665,0.0
634,2.2,Yellow-N,1131,1171,23.0,176.5,4.0,3000.0,0.058833333333333335,OVERSUPPLY,2823.5,0.0
636,2.2,Yellow-N,1132,1172,5.0,9.833333333333334,7.0,5250.0,0.0018730158730158731,OVERSUPPLY,5240.166666666667,0.0
636,2.2,Yellow-N,1132,1172,6.0,30.5,6.0,4500.0,0.0067777777777777775,OVERSUPPLY,4469.5,0.0
636,2.2,Yellow-N,1132,1172,7.0,71.83333333333333,6.0,4500.0,0.015962962962962964,OVERSUPPLY,4428.166666666667,0.0
636,2.2,Yellow-N,1132,1172,8.0,105.5,6.0,4500.0,0.023444444444444445,OVERSUPPLY,4394.5,0.0
636,2.2,Yellow-N,1132,1172,9.0,73.5,6.0,4500.0,0.01633333333333333,OVERSUPPLY,4426.5,0.0
636,2.2,Yellow-N,1132,1172,10.0,41.0,6.0,4500.0,0.009111111111111111,OVERSUPPLY,4459.0,0.0
636,2.2,Yellow-N,1132,1172,11.0,26.166666666666668,6.0,4500.0,0.005814814814814815,OVERSUPPLY,4473.833333333333,0.0
636,2.2,Yellow-N,1132,1172,12.0,30.5,6.0,4500.0,0.0067777777777777775,OVERSUPPLY,4469.5,0.0
636,2.2,Yellow-N,1132,1172,13.0,31.333333333333332,6.0,4500.0,0.0069629629629629625,OVERSUPPLY,4468.666666666667,0.0
636,2.2,Yellow-N,1132,1172,14.0,28.666666666666668,6.0,4500.0,0.006370370370370371,OVERSUPPLY,4471.333333333333,0.0
636,2.2,Yellow-N,1132,1172,15.0,33.5,6.0,4500.0,0.0074444444444444445,OVERSUPPLY,4466.5,0.0
636,2.2,Yellow-N,1132,1172,16.0,62.0,6.0,4500.0,0.013777777777777778,OVERSUPPLY,4438.0,0.0
636,2.2,Yellow-N,1132,1172,17.0,66.16666666666667,6.0,4500.0,0.014703703703703705,OVERSUPPLY,4433.833333333333,0.0
636,2.2,Yellow-N,1132,1172,18.0,56.333333333333336,6.0,4500.0,0.012518518518518519,OVERSUPPLY,4443.666666666667,0.0
636,2.2,Yellow-N,1132,1172,19.0,25.5,6.0,4500.0,0.005666666666666667,OVERSUPPLY,4474.5,0.0
636,2.2,Yellow-N,1132,1172,20.0,8.333333333333334,5.0,3750.0,0.0022222222222222222,OVERSUPPLY,3741.6666666666665,0.0
636,2.2,Yellow-N,1132,1172,21.0,6.166666666666667,4.0,3000.0,0.0020555555555555557,OVERSUPPLY,2993.8333333333335,0.0
636,2.2,Yellow-N,1132,1172,22.0,4.0,3.0,2250.0,0.0017777777777777779,OVERSUPPLY,2246.0,0.0
636,2.2,Yellow-N,1132,1172,23.0,2.833333333333333,4.0,3000.0,0.0009444444444444444,OVERSUPPLY,2997.1666666666665,0.0
638,2.2,Yellow-N,1133,1173,5.0,0.3333333333333333,7.0,5250.0,6.349206349206349e-05,OVERSUPPLY,5249.666666666667,0.0
638,2.2,Yellow-N,1133,1173,6.0,0.6666666666666666,6.0,4500.0,0.00014814814814814815,OVERSUPPLY,4499.333333333333,0.0
638,2.2,Yellow-N,1133,1173,7.0,1.8333333333333333,6.0,4500.0,0.0004074074074074074,OVERSUPPLY,4498.166666666667,0.0
638,2.2,Yellow-N,1133,1173,8.0,2.5,6.0,4500.0,0.0005555555555555556,OVERSUPPLY,4497.5,0.0
638,2.2,Yellow-N,1133,1173,9.0,2.333333333333333,6.0,4500.0,0.0005185185185185184,OVERSUPPLY,4497.666666666667,0.0
638,2.2,Yellow-N,1133,1173,10.0,0.3333333333333333,6.0,4500.0,7.407407407407407e-05,OVERSUPPLY,4499.666666666667,0.0
638,2.2,Yellow-N,1133,1173,11.0,1.1666666666666665,6.0,4500.0,0.0002592592592592592,OVERSUPPLY,4498.833333333333,0.0
638,2.2,Yellow-N,1133,1173,12.0,1.0,6.0,4500.0,0.00022222222222222223,OVERSUPPLY,4499.0,0.0
638,2.2,Yellow-N,1133,1173,13.0,1.3333333333333333,6.0,4500.0,0.0002962962962962963,OVERSUPPLY,4498.666666666667,0.0
638,2.2,Yellow-N,1133,1173,14.0,1.3333333333333333,6.0,4500.0,0.0002962962962962963,OVERSUPPLY,4498.666666666667,0.0
638,2.2,Yellow-N,1133,1173,15.0,2.0,6.0,4500.0,0.00044444444444444447,OVERSUPPLY,4498.0,0.0
638,2.2,Yellow-N,1133,1173,16.0,9.333333333333334,6.0,4500.0,0.002074074074074074,OVERSUPPLY,4490.666666666667,0.0
638,2.2,Yellow-N,1133,1173,17.0,11.166666666666666,6.0,4500.0,0.002481481481481481,OVERSUPPLY,4488.833333333333,0.0
638,2.2,Yellow-N,1133,1173,18.0,9.5,6.0,4500.0,0.002111111111111111,OVERSUPPLY,4490.5,0.0
638,2.2,Yellow-N,1133,1173,19.0,3.666666666666667,6.0,4500.0,0.0008148148148148149,OVERSUPPLY,4496.333333333333,0.0
638,2.2,Yellow-N,1133,1173,20.0,1.6666666666666665,5.0,3750.0,0.0004444444444444444,OVERSUPPLY,3748.3333333333335,0.0
638,2.2,Yellow-N,1133,1173,21.0,0.3333333333333333,4.0,3000.0,0.0001111111111111111,OVERSUPPLY,2999.6666666666665,0.0
638,2.2,Yellow-N,1133,1173,22.0,0.3333333333333333,3.0,2250.0,0.00014814814814814815,OVERSUPPLY,2249.6666666666665,0.0
638,2.2,Yellow-N,1133,1173,23.0,0.6666666666666666,4.0,3000.0,0.0002222222222222222,OVERSUPPLY,2999.3333333333335,0.0
640,2.2,Yellow-N,1134,1139,5.0,11.833333333333334,7.0,5250.0,0.0022539682539682543,OVERSUPPLY,5238.166666666667,0.0
640,2.2,Yellow-N,1134,1139,6.0,39.333333333333336,6.0,4500.0,0.008740740740740742,OVERSUPPLY,4460.666666666667,0.0
640,2.2,Yellow-N,1134,1139,7.0,77.0,6.0,4500.0,0.01711111111111111,OVERSUPPLY,4423.0,0.0
640,2.2,Yellow-N,1134,1139,8.0,84.83333333333333,6.0,4500.0,0.018851851851851852,OVERSUPPLY,4415.166666666667,0.0
640,2.2,Yellow-N,1134,1139,9.0,40.166666666666664,6.0,4500.0,0.008925925925925926,OVERSUPPLY,4459.833333333333,0.0
640,2.2,Yellow-N,1134,1139,10.0,23.833333333333332,6.0,4500.0,0.005296296296296296,OVERSUPPLY,4476.166666666667,0.0
640,2.2,Yellow-N,1134,1139,11.0,22.166666666666668,6.0,4500.0,0.0049259259259259265,OVERSUPPLY,4477.833333333333,0.0
640,2.2,Yellow-N,1134,1139,12.0,18.166666666666668,6.0,4500.0,0.004037037037037037,OVERSUPPLY,4481.833333333333,0.0
640,2.2,Yellow-N,1134,1139,13.0,19.5,6.0,4500.0,0.004333333333333333,OVERSUPPLY,4480.5,0.0
640,2.2,Yellow-N,1134,1139,14.0,20.833333333333332,6.0,4500.0,0.004629629629629629,OVERSUPPLY,4479.166666666667,0.0
640,2.2,Yellow-N,1134,1139,15.0,20.166666666666668,6.0,4500.0,0.004481481481481482,OVERSUPPLY,4479.833333333333,0.0
640,2.2,Yellow-N,1134,1139,16.0,27.166666666666668,6.0,4500.0,0.006037037037037037,OVERSUPPLY,4472.833333333333,0.0
640,2.2,Yellow-N,1134,1139,17.0,35.333333333333336,6.0,4500.0,0.007851851851851853,OVERSUPPLY,4464.666666666667,0.0
640,2.2,Yellow-N,1134,1139,18.0,20.5,6.0,4500.0,0.004555555555555556,OVERSUPPLY,4479.5,0.0
640,2.2,Yellow-N,1134,1139,19.0,14.166666666666666,6.0,4500.0,0.003148148148148148,OVERSUPPLY,4485.833333333333,0.0
640,2.2,Yellow-N,1134,1139,20.0,7.5,5.0,3750.0,0.002,OVERSUPPLY,3742.5,0.0
640,2.2,Yellow-N,1134,1139,21.0,6.833333333333333,4.0,3000.0,0.002277777777777778,OVERSUPPLY,2993.1666666666665,0.0
640,2.2,Yellow-N,1134,1139,22.0,4.666666666666666,3.0,2250.0,0.0020740740740740737,OVERSUPPLY,2245.3333333333335,0.0
640,2.2,Yellow-N,1134,1139,23.0,1.8333333333333333,4.0,3000.0,0.0006111111111111111,OVERSUPPLY,2998.1666666666665,0.0
642,2.2,Yellow-N,1135,1140,5.0,29.833333333333336,7.0,5250.0,0.005682539682539683,OVERSUPPLY,5220.166666666667,0.0
642,2.2,Yellow-N,1135,1140,6.0,93.66666666666667,6.0,4500.0,0.020814814814814817,OVERSUPPLY,4406.333333333333,0.0
642,2.2,Yellow-N,1135,1140,7.0,213.0,6.0,4500.0,0.04733333333333333,OVERSUPPLY,4287.0,0.0
642,2.2,Yellow-N,1135,1140,8.0,251.66666666666666,6.0,4500.0,0.05592592592592592,OVERSUPPLY,4248.333333333333,0.0
642,2.2,Yellow-N,1135,1140,9.0,155.16666666666666,6.0,4500.0,0.03448148148148148,OVERSUPPLY,4344.833333333333,0.0
642,2.2,Yellow-N,1135,1140,10.0,120.66666666666667,6.0,4500.0,0.026814814814814816,OVERSUPPLY,4379.333333333333,0.0
642,2.2,Yellow-N,1135,1140,11.0,113.83333333333333,6.0,4500.0,0.025296296296296296,OVERSUPPLY,4386.166666666667,0.0
642,2.2,Yellow-N,1135,1140,12.0,129.33333333333334,6.0,4500.0,0.028740740740740744,OVERSUPPLY,4370.666666666667,0.0
642,2.2,Yellow-N,1135,1140,13.0,146.33333333333334,6.0,4500.0,0.03251851851851852,OVERSUPPLY,4353.666666666667,0.0
642,2.2,Yellow-N,1135,1140,14.0,147.5,6.0,4500.0,0.03277777777777778,OVERSUPPLY,4352.5,0.0
642,2.2,Yellow-N,1135,1140,15.0,158.0,6.0,4500.0,0.035111111111111114,OVERSUPPLY,4342.0,0.0
642,2.2,Yellow-N,1135,1140,16.0,207.0,6.0,4500.0,0.046,OVERSUPPLY,4293.0,0.0
642,2.2,Yellow-N,1135,1140,17.0,241.16666666666666,6.0,4500.0,0.05359259259259259,OVERSUPPLY,4258.833333333333,0.0
642,2.2,Yellow-N,1135,1140,18.0,200.33333333333334,6.0,4500.0,0.04451851851851852,OVERSUPPLY,4299.666666666667,0.0
642,2.2,Yellow-N,1135,1140,19.0,145.16666666666666,6.0,4500.0,0.03225925925925926,OVERSUPPLY,4354.833333333333,0.0
642,2.2,Yellow-N,1135,1140,20.0,87.83333333333333,5.0,3750.0,0.02342222222222222,OVERSUPPLY,3662.1666666666665,0.0
642,2.2,Yellow-N,1135,1140,21.0,68.16666666666667,4.0,3000.0,0.022722222222222224,OVERSUPPLY,2931.8333333333335,0.0
642,2.2,Yellow-N,1135,1140,22.0,61.666666666666664,3.0,2250.0,0.027407407407407405,OVERSUPPLY,2188.3333333333335,0.0
642,2.2,Yellow-N,1135,1140,23.0,53.166666666666664,4.0,3000.0,0.017722222222222223,OVERSUPPLY,2946.8333333333335,0.0
646,2.2,Yellow-N,1137,1158,5.0,0.16666666666666666,7.0,5250.0,3.1746031746031745e-05,OVERSUPPLY,5249.833333333333,0.0
646,2.2,Yellow-N,1137,1158,6.0,15.166666666666666,6.0,4500.0,0.0033703703703703704,OVERSUPPLY,4484.833333333333,0.0
646,2.2,Yellow-N,1137,1158,7.0,31.166666666666668,6.0,4500.0,0.0069259259259259265,OVERSUPPLY,4468.833333333333,0.0
646,2.2,Yellow-N,1137,1158,8.0,33.166666666666664,6.0,4500.0,0.00737037037037037,OVERSUPPLY,4466.833333333333,0.0
646,2.2,Yellow-N,1137,1158,9.0,25.166666666666664,6.0,4500.0,0.005592592592592592,OVERSUPPLY,4474.833333333333,0.0
646,2.2,Yellow-N,1137,1158,10.0,29.666666666666668,6.0,4500.0,0.006592592592592593,OVERSUPPLY,4470.333333333333,0.0
646,2.2,Yellow-N,1137,1158,11.0,22.833333333333332,6.0,4500.0,0.005074074074074074,OVERSUPPLY,4477.166666666667,0.0
646,2.2,Yellow-N,1137,1158,12.0,39.166666666666664,6.0,4500.0,0.008703703703703703,OVERSUPPLY,4460.833333333333,0.0
646,2.2,Yellow-N,1137,1158,13.0,51.833333333333336,6.0,4500.0,0.011518518518518518,OVERSUPPLY,4448.166666666667,0.0
646,2.2,Yellow-N,1137,1158,14.0,77.83333333333333,6.0,4500.0,0.017296296296296296,OVERSUPPLY,4422.166666666667,0.0
646,2.2,Yellow-N,1137,1158,15.0,156.33333333333334,6.0,4500.0,0.034740740740740746,OVERSUPPLY,4343.666666666667,0.0
646,2.2,Yellow-N,1137,1158,16.0,250.0,6.0,4500.0,0.05555555555555555,OVERSUPPLY,4250.0,0.0
646,2.2,Yellow-N,1137,1158,17.0,384.6666666666667,6.0,4500.0,0.08548148148148149,OVERSUPPLY,4115.333333333333,0.0
646,2.2,Yellow-N,1137,1158,18.0,310.8333333333333,6.0,4500.0,0.06907407407407407,OVERSUPPLY,4189.166666666667,0.0
646,2.2,Yellow-N,1137,1158,19.0,186.83333333333334,6.0,4500.0,0.041518518518518524,OVERSUPPLY,4313.166666666667,0.0
646,2.2,Yellow-N,1137,1158,20.0,83.33333333333333,5.0,3750.0,0.02222222222222222,OVERSUPPLY,3666.6666666666665,0.0
646,2.2,Yellow-N,1137,1158,21.0,51.5,4.0,3000.0,0.017166666666666667,OVERSUPPLY,2948.5,0.0
646,2.2,Yellow-N,1137,1158,22.0,32.0,3.0,2250.0,0.014222222222222223,OVERSUPPLY,2218.0,0.0
646,2.2,Yellow-N,1137,1158,23.0,49.0,4.0,3000.0,0.01633333333333333,OVERSUPPLY,2951.0,0.0
648,2.2,Yellow-N,1138,1159,5.0,0.16666666666666666,7.0,5250.0,3.1746031746031745e-05,OVERSUPPLY,5249.833333333333,0.0
648,2.2,Yellow-N,1138,1159,6.0,13.5,6.0,4500.0,0.003,OVERSUPPLY,4486.5,0.0
648,2.2,Yellow-N,1138,1159,7.0,26.166666666666668,6.0,4500.0,0.005814814814814815,OVERSUPPLY,4473.833333333333,0.0
648,2.2,Yellow-N,1138,1159,8.0,25.5,6.0,4500.0,0.005666666666666667,OVERSUPPLY,4474.5,0.0
648,2.2,Yellow-N,1138,1159,9.0,20.166666666666668,6.0,4500.0,0.004481481481481482,OVERSUPPLY,4479.833333333333,0.0
648,2.2,Yellow-N,1138,1159,10.0,21.0,6.0,4500.0,0.004666666666666667,OVERSUPPLY,4479.0,0.0
648,2.2,Yellow-N,1138,1159,11.0,19.833333333333332,6.0,4500.0,0.004407407407407407,OVERSUPPLY,4480.166666666667,0.0
648,2.2,Yellow-N,1138,1159,12.0,33.166666666666664,6.0,4500.0,0.00737037037037037,OVERSUPPLY,4466.833333333333,0.0
648,2.2,Yellow-N,1138,1159,13.0,45.833333333333336,6.0,4500.0,0.010185185185185186,OVERSUPPLY,4454.166666666667,0.0
648,2.2,Yellow-N,1138,1159,14.0,73.16666666666667,6.0,4500.0,0.01625925925925926,OVERSUPPLY,4426.833333333333,0.0
648,2.2,Yellow-N,1138,1159,15.0,147.66666666666666,6.0,4500.0,0.03281481481481481,OVERSUPPLY,4352.333333333333,0.0
648,2.2,Yellow-N,1138,1159,16.0,234.0,6.0,4500.0,0.052,OVERSUPPLY,4266.0,0.0
648,2.2,Yellow-N,1138,1159,17.0,353.6666666666667,6.0,4500.0,0.0785925925925926,OVERSUPPLY,4146.333333333333,0.0
648,2.2,Yellow-N,1138,1159,18.0,292.1666666666667,6.0,4500.0,0.06492592592592593,OVERSUPPLY,4207.833333333333,0.0
648,2.2,Yellow-N,1138,1159,19.0,169.16666666666666,6.0,4500.0,0.03759259259259259,OVERSUPPLY,4330.833333333333,0.0
648,2.2,Yellow-N,1138,1159,20.0,68.66666666666667,5.0,3750.0,0.01831111111111111,OVERSUPPLY,3681.3333333333335,0.0
648,2.2,Yellow-N,1138,1159,21.0,43.166666666666664,4.0,3000.0,0.014388888888888889,OVERSUPPLY,2956.8333333333335,0.0
648,2.2,Yellow-N,1138,1159,22.0,28.666666666666668,3.0,2250.0,0.012740740740740742,OVERSUPPLY,2221.3333333333335,0.0
648,2.2,Yellow-N,1138,1159,23.0,46.666666666666664,4.0,3000.0,0.015555555555555555,OVERSUPPLY,2953.3333333333335,0.0
656,2.2,Yellow-N,1142,1186,5.0,30.666666666666664,7.0,5250.0,0.005841269841269841,OVERSUPPLY,5219.333333333333,0.0
656,2.2,Yellow-N,1142,1186,6.0,133.16666666666666,6.0,4500.0,0.02959259259259259,OVERSUPPLY,4366.833333333333,0.0
656,2.2,Yellow-N,1142,1186,7.0,333.6666666666667,6.0,4500.0,0.07414814814814816,OVERSUPPLY,4166.333333333333,0.0
656,2.2,Yellow-N,1142,1186,8.0,467.3333333333333,6.0,4500.0,0.10385185185185185,OVERSUPPLY,4032.6666666666665,0.0
656,2.2,Yellow-N,1142,1186,9.0,309.1666666666667,6.0,4500.0,0.06870370370370371,OVERSUPPLY,4190.833333333333,0.0
656,2.2,Yellow-N,1142,1186,10.0,243.66666666666666,6.0,4500.0,0.05414814814814815,OVERSUPPLY,4256.333333333333,0.0
656,2.2,Yellow-N,1142,1186,11.0,244.16666666666666,6.0,4500.0,0.05425925925925926,OVERSUPPLY,4255.833333333333,0.0
656,2.2,Yellow-N,1142,1186,12.0,372.3333333333333,6.0,4500.0,0.08274074074074074,OVERSUPPLY,4127.666666666667,0.0
656,2.2,Yellow-N,1142,1186,13.0,427.6666666666667,6.0,4500.0,0.09503703703703704,OVERSUPPLY,4072.3333333333335,0.0
656,2.2,Yellow-N,1142,1186,14.0,602.0,6.0,4500.0,0.13377777777777777,OVERSUPPLY,3898.0,0.0
656,2.2,Yellow-N,1142,1186,15.0,1045.0,6.0,4500.0,0.23222222222222222,BALANCED,3455.0,0.0
656,2.2,Yellow-N,1142,1186,16.0,1523.6666666666667,6.0,4500.0,0.3385925925925926,BALANCED,2976.333333333333,0.0
656,2.2,Yellow-N,1142,1186,17.0,2165.8333333333335,6.0,4500.0,0.48129629629629633,BALANCED,2334.1666666666665,0.0
656,2.2,Yellow-N,1142,1186,18.0,1851.8333333333333,6.0,4500.0,0.4115185185185185,BALANCED,2648.166666666667,0.0
656,2.2,Yellow-N,1142,1186,19.0,1046.6666666666667,6.0,4500.0,0.2325925925925926,BALANCED,3453.333333333333,0.0
656,2.2,Yellow-N,1142,1186,20.0,533.5,5.0,3750.0,0.14226666666666668,OVERSUPPLY,3216.5,0.0
656,2.2,Yellow-N,1142,1186,21.0,319.8333333333333,4.0,3000.0,0.1066111111111111,OVERSUPPLY,2680.1666666666665,0.0
656,2.2,Yellow-N,1142,1186,22.0,362.1666666666667,3.0,2250.0,0.16096296296296297,OVERSUPPLY,1887.8333333333333,0.0
656,2.2,Yellow-N,1142,1186,23.0,418.0,4.0,3000.0,0.13933333333333334,OVERSUPPLY,2582.0,0.0
658,2.2,Yellow-N,1143,1187,5.0,1.5,7.0,5250.0,0.00028571428571428574,OVERSUPPLY,5248.5,0.0
658,2.2,Yellow-N,1143,1187,6.0,6.833333333333333,6.0,4500.0,0.0015185185185185184,OVERSUPPLY,4493.166666666667,0.0
658,2.2,Yellow-N,1143,1187,7.0,23.166666666666668,6.0,4500.0,0.005148148148148148,OVERSUPPLY,4476.833333333333,0.0
658,2.2,Yellow-N,1143,1187,8.0,37.5,6.0,4500.0,0.008333333333333333,OVERSUPPLY,4462.5,0.0
658,2.2,Yellow-N,1143,1187,9.0,24.333333333333332,6.0,4500.0,0.005407407407407407,OVERSUPPLY,4475.666666666667,0.0
658,2.2,Yellow-N,1143,1187,10.0,17.0,6.0,4500.0,0.003777777777777778,OVERSUPPLY,4483.0,0.0
658,2.2,Yellow-N,1143,1187,11.0,15.666666666666666,6.0,4500.0,0.0034814814814814812,OVERSUPPLY,4484.333333333333,0.0
658,2.2,Yellow-N,1143,1187,12.0,25.333333333333332,6.0,4500.0,0.005629629629629629,OVERSUPPLY,4474.666666666667,0.0
658,2.2,Yellow-N,1143,1187,13.0,38.333333333333336,6.0,4500.0,0.008518518518518519,OVERSUPPLY,4461.666666666667,0.0
658,2.2,Yellow-N,1143,1187,14.0,60.666666666666664,6.0,4500.0,0.013481481481481481,OVERSUPPLY,4439.333333333333,0.0
658,2.2,Yellow-N,1143,1187,15.0,104.33333333333333,6.0,4500.0,0.023185185185185184,OVERSUPPLY,4395.666666666667,0.0
658,2.2,Yellow-N,1143,1187,16.0,172.0,6.0,4500.0,0.03822222222222222,OVERSUPPLY,4328.0,0.0
658,2.2,Yellow-N,1143,1187,17.0,233.0,6.0,4500.0,0.05177777777777778,OVERSUPPLY,4267.0,0.0
658,2.2,Yellow-N,1143,1187,18.0,205.33333333333334,6.0,4500.0,0.04562962962962963,OVERSUPPLY,4294.666666666667,0.0
658,2.2,Yellow-N,1143,1187,19.0,100.83333333333334,6.0,4500.0,0.02240740740740741,OVERSUPPLY,4399.166666666667,0.0
658,2.2,Yellow-N,1143,1187,20.0,54.5,5.0,3750.0,0.014533333333333334,OVERSUPPLY,3695.5,0.0
658,2.2,Yellow-N,1143,1187,21.0,29.5,4.0,3000.0,0.009833333333333333,OVERSUPPLY,2970.5,0.0
658,2.2,Yellow-N,1143,1187,22.0,68.5,3.0,2250.0,0.030444444444444444,OVERSUPPLY,2181.5,0.0
658,2.2,Yellow-N,1143,1187,23.0,100.33333333333333,4.0,3000.0,0.03344444444444444,OVERSUPPLY,2899.6666666666665,0.0
660,2.2,Yellow-N,1144,1188,5.0,0.6666666666666666,7.0,5250.0,0.00012698412698412698,OVERSUPPLY,5249.333333333333,0.0
660,2.2,Yellow-N,1144,1188,6.0,4.333333333333333,6.0,4500.0,0.0009629629629629629,OVERSUPPLY,4495.666666666667,0.0
660,2.2,Yellow-N,1144,1188,7.0,16.5,6.0,4500.0,0.0036666666666666666,OVERSUPPLY,4483.5,0.0
660,2.2,Yellow-N,1144,1188,8.0,22.166666666666668,6.0,4500.0,0.0049259259259259265,OVERSUPPLY,4477.833333333333,0.0
660,2.2,Yellow-N,1144,1188,9.0,16.833333333333332,6.0,4500.0,0.0037407407407407407,OVERSUPPLY,4483.166666666667,0.0
660,2.2,Yellow-N,1144,1188,10.0,11.333333333333332,6.0,4500.0,0.0025185185185185185,OVERSUPPLY,4488.666666666667,0.0
660,2.2,Yellow-N,1144,1188,11.0,12.833333333333334,6.0,4500.0,0.002851851851851852,OVERSUPPLY,4487.166666666667,0.0
660,2.2,Yellow-N,1144,1188,12.0,19.333333333333332,6.0,4500.0,0.004296296296296296,OVERSUPPLY,4480.666666666667,0.0
660,2.2,Yellow-N,1144,1188,13.0,30.833333333333332,6.0,4500.0,0.006851851851851851,OVERSUPPLY,4469.166666666667,0.0
660,2.2,Yellow-N,1144,1188,14.0,50.5,6.0,4500.0,0.011222222222222222,OVERSUPPLY,4449.5,0.0
660,2.2,Yellow-N,1144,1188,15.0,91.83333333333333,6.0,4500.0,0.020407407407407405,OVERSUPPLY,4408.166666666667,0.0
660,2.2,Yellow-N,1144,1188,16.0,151.0,6.0,4500.0,0.033555555555555554,OVERSUPPLY,4349.0,0.0
660,2.2,Yellow-N,1144,1188,17.0,204.66666666666666,6.0,4500.0,0.04548148148148148,OVERSUPPLY,4295.333333333333,0.0
660,2.2,Yellow-N,1144,1188,18.0,178.5,6.0,4500.0,0.03966666666666667,OVERSUPPLY,4321.5,0.0
660,2.2,Yellow-N,1144,1188,19.0,90.33333333333334,6.0,4500.0,0.020074074074074078,OVERSUPPLY,4409.666666666667,0.0
660,2.2,Yellow-N,1144,1188,20.0,46.333333333333336,5.0,3750.0,0.012355555555555555,OVERSUPPLY,3703.6666666666665,0.0
660,2.2,Yellow-N,1144,1188,21.0,23.833333333333332,4.0,3000.0,0.007944444444444443,OVERSUPPLY,2976.1666666666665,0.0
660,2.2,Yellow-N,1144,1188,22.0,57.333333333333336,3.0,2250.0,0.025481481481481483,OVERSUPPLY,2192.6666666666665,0.0
660,2.2,Yellow-N,1144,1188,23.0,95.0,4.0,3000.0,0.03166666666666667,OVERSUPPLY,2905.0,0.0
664,2.2,Yellow-N,1146,1124,5.0,16.0,7.0,5250.0,0.0030476190476190477,OVERSUPPLY,5234.0,0.0
664,2.2,Yellow-N,1146,1124,6.0,51.666666666666664,6.0,4500.0,0.011481481481481481,OVERSUPPLY,4448.333333333333,0.0
664,2.2,Yellow-N,1146,1124,7.0,118.0,6.0,4500.0,0.026222222222222223,OVERSUPPLY,4382.0,0.0
664,2.2,Yellow-N,1146,1124,8.0,174.83333333333334,6.0,4500.0,0.03885185185185185,OVERSUPPLY,4325.166666666667,0.0
664,2.2,Yellow-N,1146,1124,9.0,112.83333333333333,6.0,4500.0,0.02507407407407407,OVERSUPPLY,4387.166666666667,0.0
664,2.2,Yellow-N,1146,1124,10.0,68.0,6.0,4500.0,0.015111111111111112,OVERSUPPLY,4432.0,0.0
664,2.2,Yellow-N,1146,1124,11.0,50.166666666666664,6.0,4500.0,0.011148148148148148,OVERSUPPLY,4449.833333333333,0.0
664,2.2,Yellow-N,1146,1124,12.0,48.666666666666664,6.0,4500.0,0.010814814814814814,OVERSUPPLY,4451.333333333333,0.0
664,2.2,Yellow-N,1146,1124,13.0,53.0,6.0,4500.0,0.011777777777777778,OVERSUPPLY,4447.0,0.0
664,2.2,Yellow-N,1146,1124,14.0,49.833333333333336,6.0,4500.0,0.011074074074074075,OVERSUPPLY,4450.166666666667,0.0
664,2.2,Yellow-N,1146,1124,15.0,64.66666666666667,6.0,4500.0,0.014370370370370372,OVERSUPPLY,4435.333333333333,0.0
664,2.2,Yellow-N,1146,1124,16.0,97.16666666666667,6.0,4500.0,0.021592592592592594,OVERSUPPLY,4402.833333333333,0.0
664,2.2,Yellow-N,1146,1124,17.0,112.5,6.0,4500.0,0.025,OVERSUPPLY,4387.5,0.0
664,2.2,Yellow-N,1146,1124,18.0,86.66666666666667,6.0,4500.0,0.01925925925925926,OVERSUPPLY,4413.333333333333,0.0
664,2.2,Yellow-N,1146,1124,19.0,41.5,6.0,4500.0,0.009222222222222222,OVERSUPPLY,4458.5,0.0
664,2.2,Yellow-N,1146,1124,20.0,18.5,5.0,3750.0,0.004933333333333333,OVERSUPPLY,3731.5,0.0
664,2.2,Yellow-N,1146,1124,21.0,10.0,4.0,3000.0,0.0033333333333333335,OVERSUPPLY,2990.0,0.0
664,2.2,Yellow-N,1146,1124,22.0,7.333333333333333,3.0,2250.0,0.003259259259259259,OVERSUPPLY,2242.6666666666665,0.0
664,2.2,Yellow-N,1146,1124,23.0,4.666666666666666,4.0,3000.0,0.0015555555555555553,OVERSUPPLY,2995.3333333333335,0.0
666,2.2,Yellow-N,1147,1125,5.0,0.3333333333333333,7.0,5250.0,6.349206349206349e-05,OVERSUPPLY,5249.666666666667,0.0
666,2.2,Yellow-N,1147,1125,6.0,0.6666666666666666,6.0,4500.0,0.00014814814814814815,OVERSUPPLY,4499.333333333333,0.0
666,2.2,Yellow-N,1147,1125,7.0,1.8333333333333333,6.0,4500.0,0.0004074074074074074,OVERSUPPLY,4498.166666666667,0.0
666,2.2,Yellow-N,1147,1125,8.0,2.5,6.0,4500.0,0.0005555555555555556,OVERSUPPLY,4497.5,0.0
666,2.2,Yellow-N,1147,1125,9.0,2.333333333333333,6.0,4500.0,0.0005185185185185184,OVERSUPPLY,4497.666666666667,0.0
666,2.2,Yellow-N,1147,1125,10.0,0.3333333333333333,6.0,4500.0,7.407407407407407e-05,OVERSUPPLY,4499.666666666667,0.0
666,2.2,Yellow-N,1147,1125,11.0,1.1666666666666665,6.0,4500.0,0.0002592592592592592,OVERSUPPLY,4498.833333333333,0.0
666,2.2,Yellow-N,1147,1125,12.0,1.0,6.0,4500.0,0.00022222222222222223,OVERSUPPLY,4499.0,0.0
666,2.2,Yellow-N,1147,1125,13.0,1.3333333333333333,6.0,4500.0,0.0002962962962962963,OVERSUPPLY,4498.666666666667,0.0
666,2.2,Yellow-N,1147,1125,14.0,1.3333333333333333,6.0,4500.0,0.0002962962962962963,OVERSUPPLY,4498.666666666667,0.0
666,2.2,Yellow-N,1147,1125,15.0,2.0,6.0,4500.0,0.00044444444444444447,OVERSUPPLY,4498.0,0.0
666,2.2,Yellow-N,1147,1125,16.0,9.333333333333334,6.0,4500.0,0.002074074074074074,OVERSUPPLY,4490.666666666667,0.0
666,2.2,Yellow-N,1147,1125,17.0,11.166666666666666,6.0,4500.0,0.002481481481481481,OVERSUPPLY,4488.833333333333,0.0
666,2.2,Yellow-N,1147,1125,18.0,9.5,6.0,4500.0,0.002111111111111111,OVERSUPPLY,4490.5,0.0
666,2.2,Yellow-N,1147,1125,19.0,3.666666666666667,6.0,4500.0,0.0008148148148148149,OVERSUPPLY,4496.333333333333,0.0
666,2.2,Yellow-N,1147,1125,20.0,1.6666666666666665,5.0,3750.0,0.0004444444444444444,OVERSUPPLY,3748.3333333333335,0.0
666,2.2,Yellow-N,1147,1125,21.0,0.3333333333333333,4.0,3000.0,0.0001111111111111111,OVERSUPPLY,2999.6666666666665,0.0
666,2.2,Yellow-N,1147,1125,22.0,0.3333333333333333,3.0,2250.0,0.00014814814814814815,OVERSUPPLY,2249.6666666666665,0.0
666,2.2,Yellow-N,1147,1125,23.0,0.6666666666666666,4.0,3000.0,0.0002222222222222222,OVERSUPPLY,2999.3333333333335,0.0
668,2.2,Yellow-N,1148,1183,5.0,10.833333333333332,7.0,5250.0,0.0020634920634920633,OVERSUPPLY,5239.166666666667,0.0
668,2.2,Yellow-N,1148,1183,6.0,50.166666666666664,6.0,4500.0,0.011148148148148148,OVERSUPPLY,4449.833333333333,0.0
668,2.2,Yellow-N,1148,1183,7.0,151.66666666666666,6.0,4500.0,0.0337037037037037,OVERSUPPLY,4348.333333333333,0.0
668,2.2,Yellow-N,1148,1183,8.0,147.83333333333334,6.0,4500.0,0.032851851851851854,OVERSUPPLY,4352.166666666667,0.0
668,2.2,Yellow-N,1148,1183,9.0,115.33333333333333,6.0,4500.0,0.025629629629629627,OVERSUPPLY,4384.666666666667,0.0
668,2.2,Yellow-N,1148,1183,10.0,100.5,6.0,4500.0,0.022333333333333334,OVERSUPPLY,4399.5,0.0
668,2.2,Yellow-N,1148,1183,11.0,94.0,6.0,4500.0,0.020888888888888887,OVERSUPPLY,4406.0,0.0
668,2.2,Yellow-N,1148,1183,12.0,139.5,6.0,4500.0,0.031,OVERSUPPLY,4360.5,0.0
668,2.2,Yellow-N,1148,1183,13.0,176.16666666666666,6.0,4500.0,0.03914814814814815,OVERSUPPLY,4323.833333333333,0.0
668,2.2,Yellow-N,1148,1183,14.0,267.0,6.0,4500.0,0.059333333333333335,OVERSUPPLY,4233.0,0.0
668,2.2,Yellow-N,1148,1183,15.0,468.6666666666667,6.0,4500.0,0.10414814814814816,OVERSUPPLY,4031.3333333333335,0.0
668,2.2,Yellow-N,1148,1183,16.0,852.0,6.0,4500.0,0.18933333333333333,OVERSUPPLY,3648.0,0.0
668,2.2,Yellow-N,1148,1183,17.0,1262.3333333333333,6.0,4500.0,0.2805185185185185,BALANCED,3237.666666666667,0.0
668,2.2,Yellow-N,1148,1183,18.0,929.1666666666666,6.0,4500.0,0.20648148148148146,BALANCED,3570.8333333333335,0.0
668,2.2,Yellow-N,1148,1183,19.0,552.3333333333334,6.0,4500.0,0.12274074074074075,OVERSUPPLY,3947.6666666666665,0.0
668,2.2,Yellow-N,1148,1183,20.0,235.0,5.0,3750.0,0.06266666666666666,OVERSUPPLY,3515.0,0.0
668,2.2,Yellow-N,1148,1183,21.0,149.0,4.0,3000.0,0.049666666666666665,OVERSUPPLY,2851.0,0.0
668,2.2,Yellow-N,1148,1183,22.0,143.0,3.0,2250.0,0.06355555555555556,OVERSUPPLY,2107.0,0.0
668,2.2,Yellow-N,1148,1183,23.0,168.0,4.0,3000.0,0.056,OVERSUPPLY,2832.0,0.0
670,2.2,Yellow-N,1149,1184,5.0,0.8333333333333333,7.0,5250.0,0.0001587301587301587,OVERSUPPLY,5249.166666666667,0.0
670,2.2,Yellow-N,1149,1184,6.0,4.0,6.0,4500.0,0.0008888888888888889,OVERSUPPLY,4496.0,0.0
670,2.2,Yellow-N,1149,1184,7.0,6.666666666666667,6.0,4500.0,0.0014814814814814816,OVERSUPPLY,4493.333333333333,0.0
670,2.2,Yellow-N,1149,1184,8.0,6.333333333333333,6.0,4500.0,0.0014074074074074073,OVERSUPPLY,4493.666666666667,0.0
670,2.2,Yellow-N,1149,1184,9.0,6.166666666666667,6.0,4500.0,0.0013703703703703705,OVERSUPPLY,4493.833333333333,0.0
670,2.2,Yellow-N,1149,1184,10.0,6.166666666666666,6.0,4500.0,0.0013703703703703703,OVERSUPPLY,4493.833333333333,0.0
670,2.2,Yellow-N,1149,1184,11.0,6.333333333333333,6.0,4500.0,0.0014074074074074073,OVERSUPPLY,4493.666666666667,0.0
670,2.2,Yellow-N,1149,1184,12.0,10.0,6.0,4500.0,0.0022222222222222222,OVERSUPPLY,4490.0,0.0
670,2.2,Yellow-N,1149,1184,13.0,17.0,6.0,4500.0,0.003777777777777778,OVERSUPPLY,4483.0,0.0
670,2.2,Yellow-N,1149,1184,14.0,26.166666666666668,6.0,4500.0,0.005814814814814815,OVERSUPPLY,4473.833333333333,0.0
670,2.2,Yellow-N,1149,1184,15.0,57.0,6.0,4500.0,0.012666666666666666,OVERSUPPLY,4443.0,0.0
670,2.2,Yellow-N,1149,1184,16.0,94.33333333333333,6.0,4500.0,0.02096296296296296,OVERSUPPLY,4405.666666666667,0.0
670,2.2,Yellow-N,1149,1184,17.0,129.5,6.0,4500.0,0.028777777777777777,OVERSUPPLY,4370.5,0.0
670,2.2,Yellow-N,1149,1184,18.0,92.5,6.0,4500.0,0.020555555555555556,OVERSUPPLY,4407.5,0.0
670,2.2,Yellow-N,1149,1184,19.0,49.166666666666664,6.0,4500.0,0.010925925925925926,OVERSUPPLY,4450.833333333333,0.0
670,2.2,Yellow-N,1149,1184,20.0,20.5,5.0,3750.0,0.0054666666666666665,OVERSUPPLY,3729.5,0.0
670,2.2,Yellow-N,1149,1184,21.0,11.666666666666666,4.0,3000.0,0.0038888888888888888,OVERSUPPLY,2988.3333333333335,0.0
670,2.2,Yellow-N,1149,1184,22.0,15.333333333333332,3.0,2250.0,0.006814814814814814,OVERSUPPLY,2234.6666666666665,0.0
670,2.2,Yellow-N,1149,1184,23.0,43.0,4.0,3000.0,0.014333333333333333,OVERSUPPLY,2957.0,0.0
672,2.2,Yellow-N,1150,1185,5.0,0.3333333333333333,7.0,5250.0,6.349206349206349e-05,OVERSUPPLY,5249.666666666667,0.0
672,2.2,Yellow-N,1150,1185,6.0,3.5,6.0,4500.0,0.0007777777777777777,OVERSUPPLY,4496.5,0.0
672,2.2,Yellow-N,1150,1185,7.0,6.666666666666667,6.0,4500.0,0.0014814814814814816,OVERSUPPLY,4493.333333333333,0.0
672,2.2,Yellow-N,1150,1185,8.0,5.5,6.0,4500.0,0.0012222222222222222,OVERSUPPLY,4494.5,0.0
672,2.2,Yellow-N,1150,1185,9.0,5.833333333333333,6.0,4500.0,0.0012962962962962963,OVERSUPPLY,4494.166666666667,0.0
672,2.2,Yellow-N,1150,1185,10.0,5.666666666666666,6.0,4500.0,0.0012592592592592592,OVERSUPPLY,4494.333333333333,0.0
672,2.2,Yellow-N,1150,1185,11.0,6.0,6.0,4500.0,0.0013333333333333333,OVERSUPPLY,4494.0,0.0
672,2.2,Yellow-N,1150,1185,12.0,9.166666666666666,6.0,4500.0,0.002037037037037037,OVERSUPPLY,4490.833333333333,0.0
672,2.2,Yellow-N,1150,1185,13.0,16.166666666666668,6.0,4500.0,0.003592592592592593,OVERSUPPLY,4483.833333333333,0.0
672,2.2,Yellow-N,1150,1185,14.0,24.5,6.0,4500.0,0.0054444444444444445,OVERSUPPLY,4475.5,0.0
672,2.2,Yellow-N,1150,1185,15.0,56.0,6.0,4500.0,0.012444444444444444,OVERSUPPLY,4444.0,0.0
672,2.2,Yellow-N,1150,1185,16.0,92.0,6.0,4500.0,0.020444444444444446,OVERSUPPLY,4408.0,0.0
672,2.2,Yellow-N,1150,1185,17.0,128.5,6.0,4500.0,0.028555555555555556,OVERSUPPLY,4371.5,0.0
672,2.2,Yellow-N,1150,1185,18.0,91.66666666666667,6.0,4500.0,0.020370370370370372,OVERSUPPLY,4408.333333333333,0.0
672,2.2,Yellow-N,1150,1185,19.0,48.166666666666664,6.0,4500.0,0.010703703703703703,OVERSUPPLY,4451.833333333333,0.0
672,2.2,Yellow-N,1150,1185,20.0,19.833333333333332,5.0,3750.0,0.005288888888888889,OVERSUPPLY,3730.1666666666665,0.0
672,2.2,Yellow-N,1150,1185,21.0,11.333333333333332,4.0,3000.0,0.0037777777777777775,OVERSUPPLY,2988.6666666666665,0.0
672,2.2,Yellow-N,1150,1185,22.0,15.333333333333332,3.0,2250.0,0.006814814814814814,OVERSUPPLY,2234.6666666666665,0.0
672,2.2,Yellow-N,1150,1185,23.0,43.0,4.0,3000.0,0.014333333333333333,OVERSUPPLY,2957.0,0.0
674,2.2,Yellow-N,1151,1174,5.0,12.666666666666666,7.0,5250.0,0.0024126984126984128,OVERSUPPLY,5237.333333333333,0.0
674,2.2,Yellow-N,1151,1174,6.0,50.83333333333333,6.0,4500.0,0.011296296296296296,OVERSUPPLY,4449.166666666667,0.0
674,2.2,Yellow-N,1151,1174,7.0,155.0,6.0,4500.0,0.034444444444444444,OVERSUPPLY,4345.0,0.0
674,2.2,Yellow-N,1151,1174,8.0,150.16666666666666,6.0,4500.0,0.03337037037037037,OVERSUPPLY,4349.833333333333,0.0
674,2.2,Yellow-N,1151,1174,9.0,123.0,6.0,4500.0,0.027333333333333334,OVERSUPPLY,4377.0,0.0
674,2.2,Yellow-N,1151,1174,10.0,105.66666666666666,6.0,4500.0,0.023481481481481478,OVERSUPPLY,4394.333333333333,0.0
674,2.2,Yellow-N,1151,1174,11.0,91.5,6.0,4500.0,0.02033333333333333,OVERSUPPLY,4408.5,0.0
674,2.2,Yellow-N,1151,1174,12.0,132.16666666666666,6.0,4500.0,0.02937037037037037,OVERSUPPLY,4367.833333333333,0.0
674,2.2,Yellow-N,1151,1174,13.0,168.33333333333334,6.0,4500.0,0.03740740740740741,OVERSUPPLY,4331.666666666667,0.0
674,2.2,Yellow-N,1151,1174,14.0,226.0,6.0,4500.0,0.050222222222222224,OVERSUPPLY,4274.0,0.0
674,2.2,Yellow-N,1151,1174,15.0,425.6666666666667,6.0,4500.0,0.0945925925925926,OVERSUPPLY,4074.3333333333335,0.0
674,2.2,Yellow-N,1151,1174,16.0,753.6666666666666,6.0,4500.0,0.16748148148148148,OVERSUPPLY,3746.3333333333335,0.0
674,2.2,Yellow-N,1151,1174,17.0,1126.8333333333333,6.0,4500.0,0.2504074074074074,BALANCED,3373.166666666667,0.0
674,2.2,Yellow-N,1151,1174,18.0,827.0,6.0,4500.0,0.1837777777777778,OVERSUPPLY,3673.0,0.0
674,2.2,Yellow-N,1151,1174,19.0,509.6666666666667,6.0,4500.0,0.11325925925925927,OVERSUPPLY,3990.3333333333335,0.0
674,2.2,Yellow-N,1151,1174,20.0,211.66666666666666,5.0,3750.0,0.05644444444444444,OVERSUPPLY,3538.3333333333335,0.0
674,2.2,Yellow-N,1151,1174,21.0,131.5,4.0,3000.0,0.043833333333333335,OVERSUPPLY,2868.5,0.0
674,2.2,Yellow-N,1151,1174,22.0,111.16666666666666,3.0,2250.0,0.0494074074074074,OVERSUPPLY,2138.8333333333335,0.0
674,2.2,Yellow-N,1151,1174,23.0,119.5,4.0,3000.0,0.03983333333333333,OVERSUPPLY,2880.5,0.0
676,2.2,Yellow-N,1152,1175,5.0,3.5,7.0,5250.0,0.0006666666666666666,OVERSUPPLY,5246.5,0.0
676,2.2,Yellow-N,1152,1175,6.0,17.5,6.0,4500.0,0.0038888888888888888,OVERSUPPLY,4482.5,0.0
676,2.2,Yellow-N,1152,1175,7.0,49.666666666666664,6.0,4500.0,0.011037037037037036,OVERSUPPLY,4450.333333333333,0.0
676,2.2,Yellow-N,1152,1175,8.0,71.5,6.0,4500.0,0.01588888888888889,OVERSUPPLY,4428.5,0.0
676,2.2,Yellow-N,1152,1175,9.0,41.5,6.0,4500.0,0.009222222222222222,OVERSUPPLY,4458.5,0.0
676,2.2,Yellow-N,1152,1175,10.0,43.333333333333336,6.0,4500.0,0.00962962962962963,OVERSUPPLY,4456.666666666667,0.0
676,2.2,Yellow-N,1152,1175,11.0,43.333333333333336,6.0,4500.0,0.00962962962962963,OVERSUPPLY,4456.666666666667,0.0
676,2.2,Yellow-N,1152,1175,12.0,69.33333333333333,6.0,4500.0,0.015407407407407406,OVERSUPPLY,4430.666666666667,0.0
676,2.2,Yellow-N,1152,1175,13.0,88.33333333333333,6.0,4500.0,0.01962962962962963,OVERSUPPLY,4411.666666666667,0.0
676,2.2,Yellow-N,1152,1175,14.0,117.83333333333333,6.0,4500.0,0.026185185185185183,OVERSUPPLY,4382.166666666667,0.0
676,2.2,Yellow-N,1152,1175,15.0,224.66666666666666,6.0,4500.0,0.04992592592592592,OVERSUPPLY,4275.333333333333,0.0
676,2.2,Yellow-N,1152,1175,16.0,360.3333333333333,6.0,4500.0,0.08007407407407408,OVERSUPPLY,4139.666666666667,0.0
676,2.2,Yellow-N,1152,1175,17.0,469.5,6.0,4500.0,0.10433333333333333,OVERSUPPLY,4030.5,0.0
676,2.2,Yellow-N,1152,1175,18.0,394.3333333333333,6.0,4500.0,0.08762962962962963,OVERSUPPLY,4105.666666666667,0.0
676,2.2,Yellow-N,1152,1175,19.0,198.83333333333334,6.0,4500.0,0.04418518518518519,OVERSUPPLY,4301.166666666667,0.0
676,2.2,Yellow-N,1152,1175,20.0,105.33333333333333,5.0,3750.0,0.02808888888888889,OVERSUPPLY,3644.6666666666665,0.0
676,2.2,Yellow-N,1152,1175,21.0,62.166666666666664,4.0,3000.0,0.020722222222222222,OVERSUPPLY,2937.8333333333335,0.0
676,2.2,Yellow-N,1152,1175,22.0,107.66666666666667,3.0,2250.0,0.047851851851851854,OVERSUPPLY,2142.3333333333335,0.0
676,2.2,Yellow-N,1152,1175,23.0,175.0,4.0,3000.0,0.058333333333333334,OVERSUPPLY,2825.0,0.0
678,2.2,Yellow-N,1153,1176,5.0,0.8333333333333333,7.0,5250.0,0.0001587301587301587,OVERSUPPLY,5249.166666666667,0.0
678,2.2,Yellow-N,1153,1176,6.0,7.666666666666666,6.0,4500.0,0.0017037037037037036,OVERSUPPLY,4492.333333333333,0.0
678,2.2,Yellow-N,1153,1176,7.0,20.0,6.0,4500.0,0.0044444444444444444,OVERSUPPLY,4480.0,0.0
678,2.2,Yellow-N,1153,1176,8.0,28.0,6.0,4500.0,0.006222222222222222,OVERSUPPLY,4472.0,0.0
678,2.2,Yellow-N,1153,1176,9.0,17.5,6.0,4500.0,0.0038888888888888888,OVERSUPPLY,4482.5,0.0
678,2.2,Yellow-N,1153,1176,10.0,16.666666666666668,6.0,4500.0,0.003703703703703704,OVERSUPPLY,4483.333333333333,0.0
678,2.2,Yellow-N,1153,1176,11.0,16.5,6.0,4500.0,0.0036666666666666666,OVERSUPPLY,4483.5,0.0
678,2.2,Yellow-N,1153,1176,12.0,23.5,6.0,4500.0,0.005222222222222222,OVERSUPPLY,4476.5,0.0
678,2.2,Yellow-N,1153,1176,13.0,41.666666666666664,6.0,4500.0,0.009259259259259259,OVERSUPPLY,4458.333333333333,0.0
678,2.2,Yellow-N,1153,1176,14.0,61.833333333333336,6.0,4500.0,0.01374074074074074,OVERSUPPLY,4438.166666666667,0.0
678,2.2,Yellow-N,1153,1176,15.0,115.0,6.0,4500.0,0.025555555555555557,OVERSUPPLY,4385.0,0.0
678,2.2,Yellow-N,1153,1176,16.0,187.33333333333334,6.0,4500.0,0.041629629629629634,OVERSUPPLY,4312.666666666667,0.0
678,2.2,Yellow-N,1153,1176,17.0,264.0,6.0,4500.0,0.058666666666666666,OVERSUPPLY,4236.0,0.0
678,2.2,Yellow-N,1153,1176,18.0,204.0,6.0,4500.0,0.04533333333333334,OVERSUPPLY,4296.0,0.0
678,2.2,Yellow-N,1153,1176,19.0,97.5,6.0,4500.0,0.021666666666666667,OVERSUPPLY,4402.5,0.0
678,2.2,Yellow-N,1153,1176,20.0,48.666666666666664,5.0,3750.0,0.012977777777777777,OVERSUPPLY,3701.3333333333335,0.0
678,2.2,Yellow-N,1153,1176,21.0,25.666666666666664,4.0,3000.0,0.008555555555555554,OVERSUPPLY,2974.3333333333335,0.0
678,2.2,Yellow-N,1153,1176,22.0,53.5,3.0,2250.0,0.023777777777777776,OVERSUPPLY,2196.5,0.0
678,2.2,Yellow-N,1153,1176,23.0,108.16666666666667,4.0,3000.0,0.036055555555555556,OVERSUPPLY,2891.8333333333335,0.0
680,2.2,Yellow-N,1154,1142,5.0,70.5,7.0,5250.0,0.013428571428571429,OVERSUPPLY,5179.5,0.0
680,2.2,Yellow-N,1154,1142,6.0,231.16666666666666,6.0,4500.0,0.051370370370370365,OVERSUPPLY,4268.833333333333,0.0
680,2.2,Yellow-N,1154,1142,7.0,505.66666666666663,6.0,4500.0,0.11237037037037036,OVERSUPPLY,3994.3333333333335,0.0
680,2.2,Yellow-N,1154,1142,8.0,719.3333333333334,6.0,4500.0,0.15985185185185186,OVERSUPPLY,3780.6666666666665,0.0
680,2.2,Yellow-N,1154,1142,9.0,452.1666666666667,6.0,4500.0,0.10048148148148149,OVERSUPPLY,4047.8333333333335,0.0
680,2.2,Yellow-N,1154,1142,10.0,318.5,6.0,4500.0,0.07077777777777777,OVERSUPPLY,4181.5,0.0
680,2.2,Yellow-N,1154,1142,11.0,310.5,6.0,4500.0,0.069,OVERSUPPLY,4189.5,0.0
680,2.2,Yellow-N,1154,1142,12.0,444.6666666666667,6.0,4500.0,0.09881481481481481,OVERSUPPLY,4055.3333333333335,0.0
680,2.2,Yellow-N,1154,1142,13.0,485.1666666666667,6.0,4500.0,0.10781481481481482,OVERSUPPLY,4014.8333333333335,0.0
680,2.2,Yellow-N,1154,1142,14.0,653.5,6.0,4500.0,0.14522222222222222,OVERSUPPLY,3846.5,0.0
680,2.2,Yellow-N,1154,1142,15.0,1097.8333333333333,6.0,4500.0,0.24396296296296294,BALANCED,3402.166666666667,0.0
680,2.2,Yellow-N,1154,1142,16.0,1587.3333333333333,6.0,4500.0,0.35274074074074074,BALANCED,2912.666666666667,0.0
680,2.2,Yellow-N,1154,1142,17.0,2217.3333333333335,6.0,4500.0,0.49274074074074076,BALANCED,2282.6666666666665,0.0
680,2.2,Yellow-N,1154,1142,18.0,1877.8333333333333,6.0,4500.0,0.4172962962962963,BALANCED,2622.166666666667,0.0
680,2.2,Yellow-N,1154,1142,19.0,1070.5,6.0,4500.0,0.2378888888888889,BALANCED,3429.5,0.0
680,2.2,Yellow-N,1154,1142,20.0,541.0,5.0,3750.0,0.14426666666666665,OVERSUPPLY,3209.0,0.0
680,2.2,Yellow-N,1154,1142,21.0,317.3333333333333,4.0,3000.0,0.10577777777777778,OVERSUPPLY,2682.6666666666665,0.0
680,2.2,Yellow-N,1154,1142,22.0,337.0,3.0,2250.0,0.1497777777777778,OVERSUPPLY,1913.0,0.0
680,2.2,Yellow-N,1154,1142,23.0,410.3333333333333,4.0,3000.0,0.13677777777777778,OVERSUPPLY,2589.6666666666665,0.0
682,2.2,Yellow-N,1155,1143,5.0,0.3333333333333333,7.0,5250.0,6.349206349206349e-05,OVERSUPPLY,5249.666666666667,0.0
682,2.2,Yellow-N,1155,1143,6.0,0.6666666666666666,6.0,4500.0,0.00014814814814814815,OVERSUPPLY,4499.333333333333,0.0
682,2.2,Yellow-N,1155,1143,7.0,1.8333333333333333,6.0,4500.0,0.0004074074074074074,OVERSUPPLY,4498.166666666667,0.0
682,2.2,Yellow-N,1155,1143,8.0,2.5,6.0,4500.0,0.0005555555555555556,OVERSUPPLY,4497.5,0.0
682,2.2,Yellow-N,1155,1143,9.0,2.333333333333333,6.0,4500.0,0.0005185185185185184,OVERSUPPLY,4497.666666666667,0.0
682,2.2,Yellow-N,1155,1143,10.0,0.3333333333333333,6.0,4500.0,7.407407407407407e-05,OVERSUPPLY,4499.666666666667,0.0
682,2.2,Yellow-N,1155,1143,11.0,1.1666666666666665,6.0,4500.0,0.0002592592592592592,OVERSUPPLY,4498.833333333333,0.0
682,2.2,Yellow-N,1155,1143,12.0,1.0,6.0,4500.0,0.00022222222222222223,OVERSUPPLY,4499.0,0.0
682,2.2,Yellow-N,1155,1143,13.0,1.3333333333333333,6.0,4500.0,0.0002962962962962963,OVERSUPPLY,4498.666666666667,0.0
682,2.2,Yellow-N,1155,1143,14.0,1.3333333333333333,6.0,4500.0,0.0002962962962962963,OVERSUPPLY,4498.666666666667,0.0
682,2.2,Yellow-N,1155,1143,15.0,2.0,6.0,4500.0,0.00044444444444444447,OVERSUPPLY,4498.0,0.0
682,2.2,Yellow-N,1155,1143,16.0,9.333333333333334,6.0,4500.0,0.002074074074074074,OVERSUPPLY,4490.666666666667,0.0
682,2.2,Yellow-N,1155,1143,17.0,11.166666666666666,6.0,4500.0,0.002481481481481481,OVERSUPPLY,4488.833333333333,0.0
682,2.2,Yellow-N,1155,1143,18.0,9.5,6.0,4500.0,0.002111111111111111,OVERSUPPLY,4490.5,0.0
682,2.2,Yellow-N,1155,1143,19.0,3.666666666666667,6.0,4500.0,0.0008148148148148149,OVERSUPPLY,4496.333333333333,0.0
682,2.2,Yellow-N,1155,1143,20.0,1.6666666666666665,5.0,3750.0,0.0004444444444444444,OVERSUPPLY,3748.3333333333335,0.0
682,2.2,Yellow-N,1155,1143,21.0,0.3333333333333333,4.0,3000.0,0.0001111111111111111,OVERSUPPLY,2999.6666666666665,0.0
682,2.2,Yellow-N,1155,1143,22.0,0.3333333333333333,3.0,2250.0,0.00014814814814814815,OVERSUPPLY,2249.6666666666665,0.0
682,2.2,Yellow-N,1155,1143,23.0,0.6666666666666666,4.0,3000.0,0.0002222222222222222,OVERSUPPLY,2999.3333333333335,0.0
684,2.2,Yellow-N,1156,1144,5.0,0.3333333333333333,7.0,5250.0,6.349206349206349e-05,OVERSUPPLY,5249.666666666667,0.0
684,2.2,Yellow-N,1156,1144,6.0,0.6666666666666666,6.0,4500.0,0.00014814814814814815,OVERSUPPLY,4499.333333333333,0.0
684,2.2,Yellow-N,1156,1144,7.0,1.8333333333333333,6.0,4500.0,0.0004074074074074074,OVERSUPPLY,4498.166666666667,0.0
684,2.2,Yellow-N,1156,1144,8.0,2.5,6.0,4500.0,0.0005555555555555556,OVERSUPPLY,4497.5,0.0
684,2.2,Yellow-N,1156,1144,9.0,2.333333333333333,6.0,4500.0,0.0005185185185185184,OVERSUPPLY,4497.666666666667,0.0
684,2.2,Yellow-N,1156,1144,10.0,0.3333333333333333,6.0,4500.0,7.407407407407407e-05,OVERSUPPLY,4499.666666666667,0.0
684,2.2,Yellow-N,1156,1144,11.0,1.1666666666666665,6.0,4500.0,0.0002592592592592592,OVERSUPPLY,4498.833333333333,0.0
684,2.2,Yellow-N,1156,1144,12.0,1.0,6.0,4500.0,0.00022222222222222223,OVERSUPPLY,4499.0,0.0
684,2.2,Yellow-N,1156,1144,13.0,1.3333333333333333,6.0,4500.0,0.0002962962962962963,OVERSUPPLY,4498.666666666667,0.0
684,2.2,Yellow-N,1156,1144,14.0,1.3333333333333333,6.0,4500.0,0.0002962962962962963,OVERSUPPLY,4498.666666666667,0.0
684,2.2,Yellow-N,1156,1144,15.0,2.0,6.0,4500.0,0.00044444444444444447,OVERSUPPLY,4498.0,0.0
684,2.2,Yellow-N,1156,1144,16.0,9.333333333333334,6.0,4500.0,0.002074074074074074,OVERSUPPLY,4490.666666666667,0.0
684,2.2,Yellow-N,1156,1144,17.0,11.166666666666666,6.0,4500.0,0.002481481481481481,OVERSUPPLY,4488.833333333333,0.0
684,2.2,Yellow-N,1156,1144,18.0,9.5,6.0,4500.0,0.002111111111111111,OVERSUPPLY,4490.5,0.0
684,2.2,Yellow-N,1156,1144,19.0,3.666666666666667,6.0,4500.0,0.0008148148148148149,OVERSUPPLY,4496.333333333333,0.0
684,2.2,Yellow-N,1156,1144,20.0,1.6666666666666665,5.0,3750.0,0.0004444444444444444,OVERSUPPLY,3748.3333333333335,0.0
684,2.2,Yellow-N,1156,1144,21.0,0.3333333333333333,4.0,3000.0,0.0001111111111111111,OVERSUPPLY,2999.6666666666665,0.0
684,2.2,Yellow-N,1156,1144,22.0,0.3333333333333333,3.0,2250.0,0.00014814814814814815,OVERSUPPLY,2249.6666666666665,0.0
684,2.2,Yellow-N,1156,1144,23.0,0.6666666666666666,4.0,3000.0,0.0002222222222222222,OVERSUPPLY,2999.3333333333335,0.0
686,2.2,Yellow-N,1157,1168,5.0,1.0,7.0,5250.0,0.00019047619047619048,OVERSUPPLY,5249.0,0.0
686,2.2,Yellow-N,1157,1168,6.0,1.3333333333333333,6.0,4500.0,0.0002962962962962963,OVERSUPPLY,4498.666666666667,0.0
686,2.2,Yellow-N,1157,1168,7.0,2.1666666666666665,6.0,4500.0,0.00048148148148148144,OVERSUPPLY,4497.833333333333,0.0
686,2.2,Yellow-N,1157,1168,8.0,1.5,6.0,4500.0,0.0003333333333333333,OVERSUPPLY,4498.5,0.0
686,2.2,Yellow-N,1157,1168,9.0,0.5,6.0,4500.0,0.00011111111111111112,OVERSUPPLY,4499.5,0.0
686,2.2,Yellow-N,1157,1168,10.0,0.5,6.0,4500.0,0.00011111111111111112,OVERSUPPLY,4499.5,0.0
686,2.2,Yellow-N,1157,1168,11.0,0.6666666666666666,6.0,4500.0,0.00014814814814814815,OVERSUPPLY,4499.333333333333,0.0
686,2.2,Yellow-N,1157,1168,12.0,1.3333333333333333,6.0,4500.0,0.0002962962962962963,OVERSUPPLY,4498.666666666667,0.0
686,2.2,Yellow-N,1157,1168,13.0,1.6666666666666667,6.0,4500.0,0.0003703703703703704,OVERSUPPLY,4498.333333333333,0.0
686,2.2,Yellow-N,1157,1168,14.0,2.666666666666667,6.0,4500.0,0.0005925925925925927,OVERSUPPLY,4497.333333333333,0.0
686,2.2,Yellow-N,1157,1168,15.0,2.6666666666666665,6.0,4500.0,0.0005925925925925926,OVERSUPPLY,4497.333333333333,0.0
686,2.2,Yellow-N,1157,1168,16.0,1.3333333333333333,6.0,4500.0,0.0002962962962962963,OVERSUPPLY,4498.666666666667,0.0
686,2.2,Yellow-N,1157,1168,17.0,1.3333333333333333,6.0,4500.0,0.0002962962962962963,OVERSUPPLY,4498.666666666667,0.0
686,2.2,Yellow-N,1157,1168,18.0,1.1666666666666665,6.0,4500.0,0.0002592592592592592,OVERSUPPLY,4498.833333333333,0.0
686,2.2,Yellow-N,1157,1168,19.0,0.3333333333333333,6.0,4500.0,7.407407407407407e-05,OVERSUPPLY,4499.666666666667,0.0
686,2.2,Yellow-N,1157,1168,20.0,0.3333333333333333,5.0,3750.0,8.888888888888888e-05,OVERSUPPLY,3749.6666666666665,0.0
686,2.2,Yellow-N,1157,1168,21.0,0.8333333333333333,4.0,3000.0,0.0002777777777777778,OVERSUPPLY,2999.1666666666665,0.0
688,2.2,Yellow-N,1158,1169,5.0,0.16666666666666666,7.0,5250.0,3.1746031746031745e-05,OVERSUPPLY,5249.833333333333,0.0
688,2.2,Yellow-N,1158,1169,6.0,11.833333333333332,6.0,4500.0,0.0026296296296296293,OVERSUPPLY,4488.166666666667,0.0
688,2.2,Yellow-N,1158,1169,7.0,25.333333333333332,6.0,4500.0,0.005629629629629629,OVERSUPPLY,4474.666666666667,0.0
688,2.2,Yellow-N,1158,1169,8.0,28.0,6.0,4500.0,0.006222222222222222,OVERSUPPLY,4472.0,0.0
688,2.2,Yellow-N,1158,1169,9.0,21.0,6.0,4500.0,0.004666666666666667,OVERSUPPLY,4479.0,0.0
688,2.2,Yellow-N,1158,1169,10.0,24.666666666666668,6.0,4500.0,0.005481481481481482,OVERSUPPLY,4475.333333333333,0.0
688,2.2,Yellow-N,1158,1169,11.0,20.166666666666664,6.0,4500.0,0.004481481481481481,OVERSUPPLY,4479.833333333333,0.0
688,2.2,Yellow-N,1158,1169,12.0,34.166666666666664,6.0,4500.0,0.007592592592592592,OVERSUPPLY,4465.833333333333,0.0
688,2.2,Yellow-N,1158,1169,13.0,45.666666666666664,6.0,4500.0,0.010148148148148147,OVERSUPPLY,4454.333333333333,0.0
688,2.2,Yellow-N,1158,1169,14.0,69.0,6.0,4500.0,0.015333333333333332,OVERSUPPLY,4431.0,0.0
688,2.2,Yellow-N,1158,1169,15.0,142.66666666666666,6.0,4500.0,0.0317037037037037,OVERSUPPLY,4357.333333333333,0.0
688,2.2,Yellow-N,1158,1169,16.0,223.0,6.0,4500.0,0.049555555555555554,OVERSUPPLY,4277.0,0.0
688,2.2,Yellow-N,1158,1169,17.0,335.3333333333333,6.0,4500.0,0.07451851851851851,OVERSUPPLY,4164.666666666667,0.0
688,2.2,Yellow-N,1158,1169,18.0,270.3333333333333,6.0,4500.0,0.06007407407407407,OVERSUPPLY,4229.666666666667,0.0
688,2.2,Yellow-N,1158,1169,19.0,170.5,6.0,4500.0,0.03788888888888889,OVERSUPPLY,4329.5,0.0
688,2.2,Yellow-N,1158,1169,20.0,68.0,5.0,3750.0,0.018133333333333335,OVERSUPPLY,3682.0,0.0
688,2.2,Yellow-N,1158,1169,21.0,45.166666666666664,4.0,3000.0,0.015055555555555555,OVERSUPPLY,2954.8333333333335,0.0
688,2.2,Yellow-N,1158,1169,22.0,26.333333333333332,3.0,2250.0,0.011703703703703704,OVERSUPPLY,2223.6666666666665,0.0
688,2.2,Yellow-N,1158,1169,23.0,39.5,4.0,3000.0,0.013166666666666667,OVERSUPPLY,2960.5,0.0
690,2.2,Yellow-N,1159,1170,5.0,0.16666666666666666,7.0,5250.0,3.1746031746031745e-05,OVERSUPPLY,5249.833333333333,0.0
690,2.2,Yellow-N,1159,1170,6.0,11.166666666666666,6.0,4500.0,0.002481481481481481,OVERSUPPLY,4488.833333333333,0.0
690,2.2,Yellow-N,1159,1170,7.0,23.166666666666668,6.0,4500.0,0.005148148148148148,OVERSUPPLY,4476.833333333333,0.0
690,2.2,Yellow-N,1159,1170,8.0,22.666666666666668,6.0,4500.0,0.005037037037037037,OVERSUPPLY,4477.333333333333,0.0
690,2.2,Yellow-N,1159,1170,9.0,17.666666666666668,6.0,4500.0,0.0039259259259259265,OVERSUPPLY,4482.333333333333,0.0
690,2.2,Yellow-N,1159,1170,10.0,19.833333333333332,6.0,4500.0,0.004407407407407407,OVERSUPPLY,4480.166666666667,0.0
690,2.2,Yellow-N,1159,1170,11.0,18.166666666666668,6.0,4500.0,0.004037037037037037,OVERSUPPLY,4481.833333333333,0.0
690,2.2,Yellow-N,1159,1170,12.0,30.166666666666664,6.0,4500.0,0.006703703703703703,OVERSUPPLY,4469.833333333333,0.0
690,2.2,Yellow-N,1159,1170,13.0,43.0,6.0,4500.0,0.009555555555555555,OVERSUPPLY,4457.0,0.0
690,2.2,Yellow-N,1159,1170,14.0,64.83333333333333,6.0,4500.0,0.014407407407407407,OVERSUPPLY,4435.166666666667,0.0
690,2.2,Yellow-N,1159,1170,15.0,136.33333333333334,6.0,4500.0,0.030296296296296297,OVERSUPPLY,4363.666666666667,0.0
690,2.2,Yellow-N,1159,1170,16.0,212.5,6.0,4500.0,0.04722222222222222,OVERSUPPLY,4287.5,0.0
690,2.2,Yellow-N,1159,1170,17.0,314.6666666666667,6.0,4500.0,0.06992592592592593,OVERSUPPLY,4185.333333333333,0.0
690,2.2,Yellow-N,1159,1170,18.0,254.5,6.0,4500.0,0.05655555555555555,OVERSUPPLY,4245.5,0.0
690,2.2,Yellow-N,1159,1170,19.0,159.16666666666666,6.0,4500.0,0.03537037037037037,OVERSUPPLY,4340.833333333333,0.0
690,2.2,Yellow-N,1159,1170,20.0,60.0,5.0,3750.0,0.016,OVERSUPPLY,3690.0,0.0
690,2.2,Yellow-N,1159,1170,21.0,39.833333333333336,4.0,3000.0,0.013277777777777779,OVERSUPPLY,2960.1666666666665,0.0
690,2.2,Yellow-N,1159,1170,22.0,24.0,3.0,2250.0,0.010666666666666666,OVERSUPPLY,2226.0,0.0
690,2.2,Yellow-N,1159,1170,23.0,37.5,4.0,3000.0,0.0125,OVERSUPPLY,2962.5,0.0
692,2.2,Yellow-N,1160,1148,5.0,9.0,7.0,5250.0,0.0017142857142857142,OVERSUPPLY,5241.0,0.0
692,2.2,Yellow-N,1160,1148,6.0,46.83333333333333,6.0,4500.0,0.010407407407407407,OVERSUPPLY,4453.166666666667,0.0
692,2.2,Yellow-N,1160,1148,7.0,145.33333333333334,6.0,4500.0,0.032296296296296295,OVERSUPPLY,4354.666666666667,0.0
692,2.2,Yellow-N,1160,1148,8.0,127.33333333333333,6.0,4500.0,0.028296296296296295,OVERSUPPLY,4372.666666666667,0.0
692,2.2,Yellow-N,1160,1148,9.0,109.5,6.0,4500.0,0.024333333333333332,OVERSUPPLY,4390.5,0.0
692,2.2,Yellow-N,1160,1148,10.0,92.66666666666667,6.0,4500.0,0.020592592592592593,OVERSUPPLY,4407.333333333333,0.0
692,2.2,Yellow-N,1160,1148,11.0,87.0,6.0,4500.0,0.019333333333333334,OVERSUPPLY,4413.0,0.0
692,2.2,Yellow-N,1160,1148,12.0,126.16666666666666,6.0,4500.0,0.028037037037037034,OVERSUPPLY,4373.833333333333,0.0
692,2.2,Yellow-N,1160,1148,13.0,164.0,6.0,4500.0,0.036444444444444446,OVERSUPPLY,4336.0,0.0
692,2.2,Yellow-N,1160,1148,14.0,232.16666666666666,6.0,4500.0,0.05159259259259259,OVERSUPPLY,4267.833333333333,0.0
692,2.2,Yellow-N,1160,1148,15.0,426.0,6.0,4500.0,0.09466666666666666,OVERSUPPLY,4074.0,0.0
692,2.2,Yellow-N,1160,1148,16.0,767.5,6.0,4500.0,0.17055555555555554,OVERSUPPLY,3732.5,0.0
692,2.2,Yellow-N,1160,1148,17.0,1142.0,6.0,4500.0,0.25377777777777777,BALANCED,3358.0,0.0
692,2.2,Yellow-N,1160,1148,18.0,843.0,6.0,4500.0,0.18733333333333332,OVERSUPPLY,3657.0,0.0
692,2.2,Yellow-N,1160,1148,19.0,514.8333333333334,6.0,4500.0,0.11440740740740742,OVERSUPPLY,3985.1666666666665,0.0
692,2.2,Yellow-N,1160,1148,20.0,216.66666666666666,5.0,3750.0,0.057777777777777775,OVERSUPPLY,3533.3333333333335,0.0
692,2.2,Yellow-N,1160,1148,21.0,133.66666666666666,4.0,3000.0,0.04455555555555555,OVERSUPPLY,2866.3333333333335,0.0
692,2.2,Yellow-N,1160,1148,22.0,116.83333333333333,3.0,2250.0,0.051925925925925924,OVERSUPPLY,2133.1666666666665,0.0
692,2.2,Yellow-N,1160,1148,23.0,125.5,4.0,3000.0,0.041833333333333333,OVERSUPPLY,2874.5,0.0
694,2.2,Yellow-N,1161,1149,5.0,1.8333333333333333,7.0,5250.0,0.0003492063492063492,OVERSUPPLY,5248.166666666667,0.0
694,2.2,Yellow-N,1161,1149,6.0,9.833333333333334,6.0,4500.0,0.0021851851851851854,OVERSUPPLY,4490.166666666667,0.0
694,2.2,Yellow-N,1161,1149,7.0,22.333333333333332,6.0,4500.0,0.004962962962962962,OVERSUPPLY,4477.666666666667,0.0
694,2.2,Yellow-N,1161,1149,8.0,35.166666666666664,6.0,4500.0,0.007814814814814814,OVERSUPPLY,4464.833333333333,0.0
694,2.2,Yellow-N,1161,1149,9.0,21.0,6.0,4500.0,0.004666666666666667,OVERSUPPLY,4479.0,0.0
694,2.2,Yellow-N,1161,1149,10.0,15.166666666666666,6.0,4500.0,0.0033703703703703704,OVERSUPPLY,4484.833333333333,0.0
694,2.2,Yellow-N,1161,1149,11.0,22.0,6.0,4500.0,0.004888888888888889,OVERSUPPLY,4478.0,0.0
694,2.2,Yellow-N,1161,1149,12.0,27.666666666666668,6.0,4500.0,0.006148148148148148,OVERSUPPLY,4472.333333333333,0.0
694,2.2,Yellow-N,1161,1149,13.0,42.833333333333336,6.0,4500.0,0.00951851851851852,OVERSUPPLY,4457.166666666667,0.0
694,2.2,Yellow-N,1161,1149,14.0,65.83333333333333,6.0,4500.0,0.014629629629629628,OVERSUPPLY,4434.166666666667,0.0
694,2.2,Yellow-N,1161,1149,15.0,129.0,6.0,4500.0,0.028666666666666667,OVERSUPPLY,4371.0,0.0
694,2.2,Yellow-N,1161,1149,16.0,204.66666666666666,6.0,4500.0,0.04548148148148148,OVERSUPPLY,4295.333333333333,0.0
694,2.2,Yellow-N,1161,1149,17.0,287.8333333333333,6.0,4500.0,0.06396296296296296,OVERSUPPLY,4212.166666666667,0.0
694,2.2,Yellow-N,1161,1149,18.0,211.0,6.0,4500.0,0.04688888888888889,OVERSUPPLY,4289.0,0.0
694,2.2,Yellow-N,1161,1149,19.0,105.66666666666667,6.0,4500.0,0.02348148148148148,OVERSUPPLY,4394.333333333333,0.0
694,2.2,Yellow-N,1161,1149,20.0,55.0,5.0,3750.0,0.014666666666666666,OVERSUPPLY,3695.0,0.0
694,2.2,Yellow-N,1161,1149,21.0,26.5,4.0,3000.0,0.008833333333333334,OVERSUPPLY,2973.5,0.0
694,2.2,Yellow-N,1161,1149,22.0,52.0,3.0,2250.0,0.02311111111111111,OVERSUPPLY,2198.0,0.0
694,2.2,Yellow-N,1161,1149,23.0,98.66666666666667,4.0,3000.0,0.03288888888888889,OVERSUPPLY,2901.3333333333335,0.0
696,2.2,Yellow-N,1162,1150,5.0,0.8333333333333333,7.0,5250.0,0.0001587301587301587,OVERSUPPLY,5249.166666666667,0.0
696,2.2,Yellow-N,1162,1150,6.0,6.0,6.0,4500.0,0.0013333333333333333,OVERSUPPLY,4494.0,0.0
696,2.2,Yellow-N,1162,1150,7.0,12.333333333333334,6.0,4500.0,0.002740740740740741,OVERSUPPLY,4487.666666666667,0.0
696,2.2,Yellow-N,1162,1150,8.0,17.5,6.0,4500.0,0.0038888888888888888,OVERSUPPLY,4482.5,0.0
696,2.2,Yellow-N,1162,1150,9.0,11.5,6.0,4500.0,0.0025555555555555557,OVERSUPPLY,4488.5,0.0
696,2.2,Yellow-N,1162,1150,10.0,7.833333333333333,6.0,4500.0,0.0017407407407407406,OVERSUPPLY,4492.166666666667,0.0
696,2.2,Yellow-N,1162,1150,11.0,11.0,6.0,4500.0,0.0024444444444444444,OVERSUPPLY,4489.0,0.0
696,2.2,Yellow-N,1162,1150,12.0,14.166666666666666,6.0,4500.0,0.003148148148148148,OVERSUPPLY,4485.833333333333,0.0
696,2.2,Yellow-N,1162,1150,13.0,26.833333333333332,6.0,4500.0,0.0059629629629629624,OVERSUPPLY,4473.166666666667,0.0
696,2.2,Yellow-N,1162,1150,14.0,45.0,6.0,4500.0,0.01,OVERSUPPLY,4455.0,0.0
696,2.2,Yellow-N,1162,1150,15.0,85.66666666666667,6.0,4500.0,0.01903703703703704,OVERSUPPLY,4414.333333333333,0.0
696,2.2,Yellow-N,1162,1150,16.0,145.16666666666666,6.0,4500.0,0.03225925925925926,OVERSUPPLY,4354.833333333333,0.0
696,2.2,Yellow-N,1162,1150,17.0,203.83333333333334,6.0,4500.0,0.0452962962962963,OVERSUPPLY,4296.166666666667,0.0
696,2.2,Yellow-N,1162,1150,18.0,150.0,6.0,4500.0,0.03333333333333333,OVERSUPPLY,4350.0,0.0
696,2.2,Yellow-N,1162,1150,19.0,75.16666666666667,6.0,4500.0,0.016703703703703703,OVERSUPPLY,4424.833333333333,0.0
696,2.2,Yellow-N,1162,1150,20.0,36.0,5.0,3750.0,0.0096,OVERSUPPLY,3714.0,0.0
696,2.2,Yellow-N,1162,1150,21.0,16.833333333333332,4.0,3000.0,0.005611111111111111,OVERSUPPLY,2983.1666666666665,0.0
696,2.2,Yellow-N,1162,1150,22.0,32.166666666666664,3.0,2250.0,0.014296296296296295,OVERSUPPLY,2217.8333333333335,0.0
696,2.2,Yellow-N,1162,1150,23.0,83.5,4.0,3000.0,0.027833333333333335,OVERSUPPLY,2916.5,0.0
698,2.2,Yellow-N,1163,1126,6.0,5.166666666666667,6.0,4500.0,0.0011481481481481481,OVERSUPPLY,4494.833333333333,0.0
698,2.2,Yellow-N,1163,1126,7.0,10.333333333333334,6.0,4500.0,0.0022962962962962963,OVERSUPPLY,4489.666666666667,0.0
698,2.2,Yellow-N,1163,1126,8.0,13.333333333333334,6.0,4500.0,0.0029629629629629632,OVERSUPPLY,4486.666666666667,0.0
698,2.2,Yellow-N,1163,1126,9.0,8.833333333333334,6.0,4500.0,0.0019629629629629632,OVERSUPPLY,4491.166666666667,0.0
698,2.2,Yellow-N,1163,1126,10.0,9.333333333333332,6.0,4500.0,0.0020740740740740737,OVERSUPPLY,4490.666666666667,0.0
698,2.2,Yellow-N,1163,1126,11.0,8.166666666666666,6.0,4500.0,0.0018148148148148147,OVERSUPPLY,4491.833333333333,0.0
698,2.2,Yellow-N,1163,1126,12.0,12.5,6.0,4500.0,0.002777777777777778,OVERSUPPLY,4487.5,0.0
698,2.2,Yellow-N,1163,1126,13.0,17.5,6.0,4500.0,0.0038888888888888888,OVERSUPPLY,4482.5,0.0
698,2.2,Yellow-N,1163,1126,14.0,28.5,6.0,4500.0,0.006333333333333333,OVERSUPPLY,4471.5,0.0
698,2.2,Yellow-N,1163,1126,15.0,52.666666666666664,6.0,4500.0,0.011703703703703704,OVERSUPPLY,4447.333333333333,0.0
698,2.2,Yellow-N,1163,1126,16.0,90.5,6.0,4500.0,0.02011111111111111,OVERSUPPLY,4409.5,0.0
698,2.2,Yellow-N,1163,1126,17.0,136.5,6.0,4500.0,0.030333333333333334,OVERSUPPLY,4363.5,0.0
698,2.2,Yellow-N,1163,1126,18.0,115.33333333333333,6.0,4500.0,0.025629629629629627,OVERSUPPLY,4384.666666666667,0.0
698,2.2,Yellow-N,1163,1126,19.0,76.0,6.0,4500.0,0.016888888888888887,OVERSUPPLY,4424.0,0.0
698,2.2,Yellow-N,1163,1126,20.0,29.0,5.0,3750.0,0.007733333333333333,OVERSUPPLY,3721.0,0.0
698,2.2,Yellow-N,1163,1126,21.0,12.666666666666666,4.0,3000.0,0.004222222222222222,OVERSUPPLY,2987.3333333333335,0.0
698,2.2,Yellow-N,1163,1126,22.0,8.5,3.0,2250.0,0.003777777777777778,OVERSUPPLY,2241.5,0.0
698,2.2,Yellow-N,1163,1126,23.0,16.666666666666664,4.0,3000.0,0.005555555555555555,OVERSUPPLY,2983.3333333333335,0.0
700,2.2,Yellow-N,1164,1127,6.0,4.833333333333333,6.0,4500.0,0.001074074074074074,OVERSUPPLY,4495.166666666667,0.0
700,2.2,Yellow-N,1164,1127,7.0,10.0,6.0,4500.0,0.0022222222222222222,OVERSUPPLY,4490.0,0.0
700,2.2,Yellow-N,1164,1127,8.0,11.0,6.0,4500.0,0.0024444444444444444,OVERSUPPLY,4489.0,0.0
700,2.2,Yellow-N,1164,1127,9.0,7.166666666666666,6.0,4500.0,0.0015925925925925925,OVERSUPPLY,4492.833333333333,0.0
700,2.2,Yellow-N,1164,1127,10.0,8.666666666666666,6.0,4500.0,0.0019259259259259258,OVERSUPPLY,4491.333333333333,0.0
700,2.2,Yellow-N,1164,1127,11.0,7.5,6.0,4500.0,0.0016666666666666668,OVERSUPPLY,4492.5,0.0
700,2.2,Yellow-N,1164,1127,12.0,10.833333333333334,6.0,4500.0,0.0024074074074074076,OVERSUPPLY,4489.166666666667,0.0
700,2.2,Yellow-N,1164,1127,13.0,15.833333333333332,6.0,4500.0,0.003518518518518518,OVERSUPPLY,4484.166666666667,0.0
700,2.2,Yellow-N,1164,1127,14.0,25.833333333333332,6.0,4500.0,0.005740740740740741,OVERSUPPLY,4474.166666666667,0.0
700,2.2,Yellow-N,1164,1127,15.0,49.0,6.0,4500.0,0.010888888888888889,OVERSUPPLY,4451.0,0.0
700,2.2,Yellow-N,1164,1127,16.0,83.16666666666667,6.0,4500.0,0.018481481481481484,OVERSUPPLY,4416.833333333333,0.0
700,2.2,Yellow-N,1164,1127,17.0,124.83333333333333,6.0,4500.0,0.02774074074074074,OVERSUPPLY,4375.166666666667,0.0
700,2.2,Yellow-N,1164,1127,18.0,109.33333333333333,6.0,4500.0,0.024296296296296295,OVERSUPPLY,4390.666666666667,0.0
700,2.2,Yellow-N,1164,1127,19.0,72.33333333333333,6.0,4500.0,0.016074074074074074,OVERSUPPLY,4427.666666666667,0.0
700,2.2,Yellow-N,1164,1127,20.0,24.666666666666668,5.0,3750.0,0.006577777777777778,OVERSUPPLY,3725.3333333333335,0.0
700,2.2,Yellow-N,1164,1127,21.0,10.333333333333334,4.0,3000.0,0.003444444444444445,OVERSUPPLY,2989.6666666666665,0.0
700,2.2,Yellow-N,1164,1127,22.0,6.833333333333333,3.0,2250.0,0.003037037037037037,OVERSUPPLY,2243.1666666666665,0.0
700,2.2,Yellow-N,1164,1127,23.0,15.333333333333332,4.0,3000.0,0.0051111111111111105,OVERSUPPLY,2984.6666666666665,0.0
702,2.2,Yellow-N,1165,1136,5.0,1.0,7.0,5250.0,0.00019047619047619048,OVERSUPPLY,5249.0,0.0
702,2.2,Yellow-N,1165,1136,6.0,38.0,6.0,4500.0,0.008444444444444444,OVERSUPPLY,4462.0,0.0
702,2.2,Yellow-N,1165,1136,7.0,79.66666666666667,6.0,4500.0,0.017703703703703704,OVERSUPPLY,4420.333333333333,0.0
702,2.2,Yellow-N,1165,1136,8.0,74.66666666666667,6.0,4500.0,0.016592592592592593,OVERSUPPLY,4425.333333333333,0.0
702,2.2,Yellow-N,1165,1136,9.0,56.166666666666664,6.0,4500.0,0.01248148148148148,OVERSUPPLY,4443.833333333333,0.0
702,2.2,Yellow-N,1165,1136,10.0,68.0,6.0,4500.0,0.015111111111111112,OVERSUPPLY,4432.0,0.0
702,2.2,Yellow-N,1165,1136,11.0,53.5,6.0,4500.0,0.011888888888888888,OVERSUPPLY,4446.5,0.0
702,2.2,Yellow-N,1165,1136,12.0,80.5,6.0,4500.0,0.017888888888888888,OVERSUPPLY,4419.5,0.0
702,2.2,Yellow-N,1165,1136,13.0,119.33333333333333,6.0,4500.0,0.026518518518518518,OVERSUPPLY,4380.666666666667,0.0
702,2.2,Yellow-N,1165,1136,14.0,175.66666666666666,6.0,4500.0,0.03903703703703704,OVERSUPPLY,4324.333333333333,0.0
702,2.2,Yellow-N,1165,1136,15.0,326.5,6.0,4500.0,0.07255555555555555,OVERSUPPLY,4173.5,0.0
702,2.2,Yellow-N,1165,1136,16.0,606.0,6.0,4500.0,0.13466666666666666,OVERSUPPLY,3894.0,0.0
702,2.2,Yellow-N,1165,1136,17.0,887.5,6.0,4500.0,0.19722222222222222,OVERSUPPLY,3612.5,0.0
702,2.2,Yellow-N,1165,1136,18.0,660.6666666666666,6.0,4500.0,0.14681481481481481,OVERSUPPLY,3839.3333333333335,0.0
702,2.2,Yellow-N,1165,1136,19.0,394.3333333333333,6.0,4500.0,0.08762962962962963,OVERSUPPLY,4105.666666666667,0.0
702,2.2,Yellow-N,1165,1136,20.0,168.5,5.0,3750.0,0.04493333333333333,OVERSUPPLY,3581.5,0.0
702,2.2,Yellow-N,1165,1136,21.0,112.0,4.0,3000.0,0.037333333333333336,OVERSUPPLY,2888.0,0.0
702,2.2,Yellow-N,1165,1136,22.0,88.83333333333333,3.0,2250.0,0.03948148148148148,OVERSUPPLY,2161.1666666666665,0.0
702,2.2,Yellow-N,1165,1136,23.0,106.83333333333333,4.0,3000.0,0.03561111111111111,OVERSUPPLY,2893.1666666666665,0.0
704,2.2,Yellow-N,1166,1137,6.0,2.5,6.0,4500.0,0.0005555555555555556,OVERSUPPLY,4497.5,0.0
704,2.2,Yellow-N,1166,1137,7.0,5.166666666666667,6.0,4500.0,0.0011481481481481481,OVERSUPPLY,4494.833333333333,0.0
704,2.2,Yellow-N,1166,1137,8.0,8.0,6.0,4500.0,0.0017777777777777779,OVERSUPPLY,4492.0,0.0
704,2.2,Yellow-N,1166,1137,9.0,4.666666666666667,6.0,4500.0,0.001037037037037037,OVERSUPPLY,4495.333333333333,0.0
704,2.2,Yellow-N,1166,1137,10.0,4.833333333333333,6.0,4500.0,0.001074074074074074,OVERSUPPLY,4495.166666666667,0.0
704,2.2,Yellow-N,1166,1137,11.0,4.333333333333333,6.0,4500.0,0.0009629629629629629,OVERSUPPLY,4495.666666666667,0.0
704,2.2,Yellow-N,1166,1137,12.0,8.333333333333332,6.0,4500.0,0.0018518518518518515,OVERSUPPLY,4491.666666666667,0.0
704,2.2,Yellow-N,1166,1137,13.0,11.166666666666666,6.0,4500.0,0.002481481481481481,OVERSUPPLY,4488.833333333333,0.0
704,2.2,Yellow-N,1166,1137,14.0,16.833333333333332,6.0,4500.0,0.0037407407407407407,OVERSUPPLY,4483.166666666667,0.0
704,2.2,Yellow-N,1166,1137,15.0,38.5,6.0,4500.0,0.008555555555555556,OVERSUPPLY,4461.5,0.0
704,2.2,Yellow-N,1166,1137,16.0,48.166666666666664,6.0,4500.0,0.010703703703703703,OVERSUPPLY,4451.833333333333,0.0
704,2.2,Yellow-N,1166,1137,17.0,71.16666666666666,6.0,4500.0,0.015814814814814813,OVERSUPPLY,4428.833333333333,0.0
704,2.2,Yellow-N,1166,1137,18.0,60.333333333333336,6.0,4500.0,0.013407407407407408,OVERSUPPLY,4439.666666666667,0.0
704,2.2,Yellow-N,1166,1137,19.0,31.0,6.0,4500.0,0.006888888888888889,OVERSUPPLY,4469.0,0.0
704,2.2,Yellow-N,1166,1137,20.0,14.166666666666668,5.0,3750.0,0.003777777777777778,OVERSUPPLY,3735.8333333333335,0.0
704,2.2,Yellow-N,1166,1137,21.0,8.5,4.0,3000.0,0.0028333333333333335,OVERSUPPLY,2991.5,0.0
704,2.2,Yellow-N,1166,1137,22.0,8.166666666666666,3.0,2250.0,0.0036296296296296294,OVERSUPPLY,2241.8333333333335,0.0
704,2.2,Yellow-N,1166,1137,23.0,18.833333333333332,4.0,3000.0,0.006277777777777777,OVERSUPPLY,2981.1666666666665,0.0
706,2.2,Yellow-N,1167,1138,6.0,1.8333333333333333,6.0,4500.0,0.0004074074074074074,OVERSUPPLY,4498.166666666667,0.0
706,2.2,Yellow-N,1167,1138,7.0,4.166666666666666,6.0,4500.0,0.0009259259259259257,OVERSUPPLY,4495.833333333333,0.0
706,2.2,Yellow-N,1167,1138,8.0,6.0,6.0,4500.0,0.0013333333333333333,OVERSUPPLY,4494.0,0.0
706,2.2,Yellow-N,1167,1138,9.0,4.166666666666667,6.0,4500.0,0.000925925925925926,OVERSUPPLY,4495.833333333333,0.0
706,2.2,Yellow-N,1167,1138,10.0,4.166666666666666,6.0,4500.0,0.0009259259259259257,OVERSUPPLY,4495.833333333333,0.0
706,2.2,Yellow-N,1167,1138,11.0,3.8333333333333335,6.0,4500.0,0.0008518518518518519,OVERSUPPLY,4496.166666666667,0.0
706,2.2,Yellow-N,1167,1138,12.0,6.833333333333333,6.0,4500.0,0.0015185185185185184,OVERSUPPLY,4493.166666666667,0.0
706,2.2,Yellow-N,1167,1138,13.0,10.166666666666666,6.0,4500.0,0.002259259259259259,OVERSUPPLY,4489.833333333333,0.0
706,2.2,Yellow-N,1167,1138,14.0,15.833333333333334,6.0,4500.0,0.0035185185185185185,OVERSUPPLY,4484.166666666667,0.0
706,2.2,Yellow-N,1167,1138,15.0,37.0,6.0,4500.0,0.008222222222222223,OVERSUPPLY,4463.0,0.0
706,2.2,Yellow-N,1167,1138,16.0,46.5,6.0,4500.0,0.010333333333333333,OVERSUPPLY,4453.5,0.0
706,2.2,Yellow-N,1167,1138,17.0,70.33333333333333,6.0,4500.0,0.01562962962962963,OVERSUPPLY,4429.666666666667,0.0
706,2.2,Yellow-N,1167,1138,18.0,60.0,6.0,4500.0,0.013333333333333334,OVERSUPPLY,4440.0,0.0
706,2.2,Yellow-N,1167,1138,19.0,30.0,6.0,4500.0,0.006666666666666667,OVERSUPPLY,4470.0,0.0
706,2.2,Yellow-N,1167,1138,20.0,14.0,5.0,3750.0,0.0037333333333333333,OVERSUPPLY,3736.0,0.0
706,2.2,Yellow-N,1167,1138,21.0,7.833333333333333,4.0,3000.0,0.002611111111111111,OVERSUPPLY,2992.1666666666665,0.0
706,2.2,Yellow-N,1167,1138,22.0,7.0,3.0,2250.0,0.003111111111111111,OVERSUPPLY,2243.0,0.0
706,2.2,Yellow-N,1167,1138,23.0,18.666666666666668,4.0,3000.0,0.006222222222222223,OVERSUPPLY,2981.3333333333335,0.0
709,2.2,Yellow-N,1169,1163,5.0,0.3333333333333333,7.0,5250.0,6.349206349206349e-05,OVERSUPPLY,5249.666666666667,0.0
709,2.2,Yellow-N,1169,1163,6.0,8.5,6.0,4500.0,0.001888888888888889,OVERSUPPLY,4491.5,0.0
709,2.2,Yellow-N,1169,1163,7.0,19.0,6.0,4500.0,0.004222222222222222,OVERSUPPLY,4481.0,0.0
709,2.2,Yellow-N,1169,1163,8.0,17.5,6.0,4500.0,0.0038888888888888888,OVERSUPPLY,4482.5,0.0
709,2.2,Yellow-N,1169,1163,9.0,13.166666666666666,6.0,4500.0,0.002925925925925926,OVERSUPPLY,4486.833333333333,0.0
709,2.2,Yellow-N,1169,1163,10.0,14.0,6.0,4500.0,0.003111111111111111,OVERSUPPLY,4486.0,0.0
709,2.2,Yellow-N,1169,1163,11.0,13.0,6.0,4500.0,0.0028888888888888888,OVERSUPPLY,4487.0,0.0
709,2.2,Yellow-N,1169,1163,12.0,18.0,6.0,4500.0,0.004,OVERSUPPLY,4482.0,0.0
709,2.2,Yellow-N,1169,1163,13.0,23.833333333333332,6.0,4500.0,0.005296296296296296,OVERSUPPLY,4476.166666666667,0.0
709,2.2,Yellow-N,1169,1163,14.0,38.666666666666664,6.0,4500.0,0.008592592592592593,OVERSUPPLY,4461.333333333333,0.0
709,2.2,Yellow-N,1169,1163,15.0,79.33333333333333,6.0,4500.0,0.017629629629629627,OVERSUPPLY,4420.666666666667,0.0
709,2.2,Yellow-N,1169,1163,16.0,117.16666666666666,6.0,4500.0,0.026037037037037036,OVERSUPPLY,4382.833333333333,0.0
709,2.2,Yellow-N,1169,1163,17.0,187.0,6.0,4500.0,0.041555555555555554,OVERSUPPLY,4313.0,0.0
709,2.2,Yellow-N,1169,1163,18.0,152.83333333333334,6.0,4500.0,0.033962962962962966,OVERSUPPLY,4347.166666666667,0.0
709,2.2,Yellow-N,1169,1163,19.0,104.66666666666667,6.0,4500.0,0.02325925925925926,OVERSUPPLY,4395.333333333333,0.0
709,2.2,Yellow-N,1169,1163,20.0,39.5,5.0,3750.0,0.010533333333333334,OVERSUPPLY,3710.5,0.0
709,2.2,Yellow-N,1169,1163,21.0,21.166666666666664,4.0,3000.0,0.0070555555555555545,OVERSUPPLY,2978.8333333333335,0.0
709,2.2,Yellow-N,1169,1163,22.0,13.833333333333332,3.0,2250.0,0.006148148148148147,OVERSUPPLY,2236.1666666666665,0.0
709,2.2,Yellow-N,1169,1163,23.0,22.166666666666664,4.0,3000.0,0.007388888888888888,OVERSUPPLY,2977.8333333333335,0.0
711,2.2,Yellow-N,1170,1164,6.0,8.0,6.0,4500.0,0.0017777777777777779,OVERSUPPLY,4492.0,0.0
711,2.2,Yellow-N,1170,1164,7.0,15.833333333333332,6.0,4500.0,0.003518518518518518,OVERSUPPLY,4484.166666666667,0.0
711,2.2,Yellow-N,1170,1164,8.0,14.5,6.0,4500.0,0.0032222222222222222,OVERSUPPLY,4485.5,0.0
711,2.2,Yellow-N,1170,1164,9.0,10.5,6.0,4500.0,0.0023333333333333335,OVERSUPPLY,4489.5,0.0
711,2.2,Yellow-N,1170,1164,10.0,11.666666666666666,6.0,4500.0,0.0025925925925925925,OVERSUPPLY,4488.333333333333,0.0
711,2.2,Yellow-N,1170,1164,11.0,11.666666666666666,6.0,4500.0,0.0025925925925925925,OVERSUPPLY,4488.333333333333,0.0
711,2.2,Yellow-N,1170,1164,12.0,15.666666666666666,6.0,4500.0,0.0034814814814814812,OVERSUPPLY,4484.333333333333,0.0
711,2.2,Yellow-N,1170,1164,13.0,21.333333333333332,6.0,4500.0,0.004740740740740741,OVERSUPPLY,4478.666666666667,0.0
711,2.2,Yellow-N,1170,1164,14.0,34.666666666666664,6.0,4500.0,0.007703703703703703,OVERSUPPLY,4465.333333333333,0.0
711,2.2,Yellow-N,1170,1164,15.0,73.16666666666667,6.0,4500.0,0.01625925925925926,OVERSUPPLY,4426.833333333333,0.0
711,2.2,Yellow-N,1170,1164,16.0,107.83333333333333,6.0,4500.0,0.02396296296296296,OVERSUPPLY,4392.166666666667,0.0
711,2.2,Yellow-N,1170,1164,17.0,170.5,6.0,4500.0,0.03788888888888889,OVERSUPPLY,4329.5,0.0
711,2.2,Yellow-N,1170,1164,18.0,143.0,6.0,4500.0,0.03177777777777778,OVERSUPPLY,4357.0,0.0
711,2.2,Yellow-N,1170,1164,19.0,95.33333333333333,6.0,4500.0,0.021185185185185185,OVERSUPPLY,4404.666666666667,0.0
711,2.2,Yellow-N,1170,1164,20.0,33.333333333333336,5.0,3750.0,0.008888888888888889,OVERSUPPLY,3716.6666666666665,0.0
711,2.2,Yellow-N,1170,1164,21.0,17.666666666666668,4.0,3000.0,0.00588888888888889,OVERSUPPLY,2982.3333333333335,0.0
711,2.2,Yellow-N,1170,1164,22.0,11.666666666666666,3.0,2250.0,0.005185185185185185,OVERSUPPLY,2238.3333333333335,0.0
711,2.2,Yellow-N,1170,1164,23.0,20.166666666666664,4.0,3000.0,0.0067222222222222214,OVERSUPPLY,2979.8333333333335,0.0
713,2.2,Yellow-N,1171,1154,5.0,37.166666666666664,7.0,5250.0,0.0070793650793650785,OVERSUPPLY,5212.833333333333,0.0
713,2.2,Yellow-N,1171,1154,6.0,122.16666666666667,6.0,4500.0,0.02714814814814815,OVERSUPPLY,4377.833333333333,0.0
713,2.2,Yellow-N,1171,1154,7.0,239.0,6.0,4500.0,0.05311111111111111,OVERSUPPLY,4261.0,0.0
713,2.2,Yellow-N,1171,1154,8.0,355.0,6.0,4500.0,0.07888888888888888,OVERSUPPLY,4145.0,0.0
713,2.2,Yellow-N,1171,1154,9.0,217.16666666666666,6.0,4500.0,0.04825925925925926,OVERSUPPLY,4282.833333333333,0.0
713,2.2,Yellow-N,1171,1154,10.0,155.33333333333334,6.0,4500.0,0.03451851851851852,OVERSUPPLY,4344.666666666667,0.0
713,2.2,Yellow-N,1171,1154,11.0,154.16666666666666,6.0,4500.0,0.03425925925925926,OVERSUPPLY,4345.833333333333,0.0
713,2.2,Yellow-N,1171,1154,12.0,217.0,6.0,4500.0,0.04822222222222222,OVERSUPPLY,4283.0,0.0
713,2.2,Yellow-N,1171,1154,13.0,255.83333333333334,6.0,4500.0,0.056851851851851855,OVERSUPPLY,4244.166666666667,0.0
713,2.2,Yellow-N,1171,1154,14.0,298.8333333333333,6.0,4500.0,0.0664074074074074,OVERSUPPLY,4201.166666666667,0.0
713,2.2,Yellow-N,1171,1154,15.0,499.8333333333333,6.0,4500.0,0.11107407407407408,OVERSUPPLY,4000.1666666666665,0.0
713,2.2,Yellow-N,1171,1154,16.0,740.6666666666666,6.0,4500.0,0.1645925925925926,OVERSUPPLY,3759.3333333333335,0.0
713,2.2,Yellow-N,1171,1154,17.0,1044.1666666666667,6.0,4500.0,0.23203703703703704,BALANCED,3455.833333333333,0.0
713,2.2,Yellow-N,1171,1154,18.0,840.1666666666666,6.0,4500.0,0.1867037037037037,OVERSUPPLY,3659.8333333333335,0.0
713,2.2,Yellow-N,1171,1154,19.0,470.6666666666667,6.0,4500.0,0.1045925925925926,OVERSUPPLY,4029.3333333333335,0.0
713,2.2,Yellow-N,1171,1154,20.0,256.0,5.0,3750.0,0.06826666666666667,OVERSUPPLY,3494.0,0.0
713,2.2,Yellow-N,1171,1154,21.0,157.83333333333334,4.0,3000.0,0.052611111111111115,OVERSUPPLY,2842.1666666666665,0.0
713,2.2,Yellow-N,1171,1154,22.0,142.16666666666666,3.0,2250.0,0.06318518518518518,OVERSUPPLY,2107.8333333333335,0.0
713,2.2,Yellow-N,1171,1154,23.0,166.16666666666666,4.0,3000.0,0.05538888888888888,OVERSUPPLY,2833.8333333333335,0.0
715,2.2,Yellow-N,1172,1155,5.0,0.3333333333333333,7.0,5250.0,6.349206349206349e-05,OVERSUPPLY,5249.666666666667,0.0
715,2.2,Yellow-N,1172,1155,6.0,0.6666666666666666,6.0,4500.0,0.00014814814814814815,OVERSUPPLY,4499.333333333333,0.0
715,2.2,Yellow-N,1172,1155,7.0,1.8333333333333333,6.0,4500.0,0.0004074074074074074,OVERSUPPLY,4498.166666666667,0.0
715,2.2,Yellow-N,1172,1155,8.0,2.5,6.0,4500.0,0.0005555555555555556,OVERSUPPLY,4497.5,0.0
715,2.2,Yellow-N,1172,1155,9.0,2.333333333333333,6.0,4500.0,0.0005185185185185184,OVERSUPPLY,4497.666666666667,0.0
715,2.2,Yellow-N,1172,1155,10.0,0.3333333333333333,6.0,4500.0,7.407407407407407e-05,OVERSUPPLY,4499.666666666667,0.0
715,2.2,Yellow-N,1172,1155,11.0,1.1666666666666665,6.0,4500.0,0.0002592592592592592,OVERSUPPLY,4498.833333333333,0.0
715,2.2,Yellow-N,1172,1155,12.0,1.0,6.0,4500.0,0.00022222222222222223,OVERSUPPLY,4499.0,0.0
715,2.2,Yellow-N,1172,1155,13.0,1.3333333333333333,6.0,4500.0,0.0002962962962962963,OVERSUPPLY,4498.666666666667,0.0
715,2.2,Yellow-N,1172,1155,14.0,1.3333333333333333,6.0,4500.0,0.0002962962962962963,OVERSUPPLY,4498.666666666667,0.0
715,2.2,Yellow-N,1172,1155,15.0,2.0,6.0,4500.0,0.00044444444444444447,OVERSUPPLY,4498.0,0.0
715,2.2,Yellow-N,1172,1155,16.0,9.333333333333334,6.0,4500.0,0.002074074074074074,OVERSUPPLY,4490.666666666667,0.0
715,2.2,Yellow-N,1172,1155,17.0,11.166666666666666,6.0,4500.0,0.002481481481481481,OVERSUPPLY,4488.833333333333,0.0
715,2.2,Yellow-N,1172,1155,18.0,9.5,6.0,4500.0,0.002111111111111111,OVERSUPPLY,4490.5,0.0
715,2.2,Yellow-N,1172,1155,19.0,3.666666666666667,6.0,4500.0,0.0008148148148148149,OVERSUPPLY,4496.333333333333,0.0
715,2.2,Yellow-N,1172,1155,20.0,1.6666666666666665,5.0,3750.0,0.0004444444444444444,OVERSUPPLY,3748.3333333333335,0.0
715,2.2,Yellow-N,1172,1155,21.0,0.3333333333333333,4.0,3000.0,0.0001111111111111111,OVERSUPPLY,2999.6666666666665,0.0
715,2.2,Yellow-N,1172,1155,22.0,0.3333333333333333,3.0,2250.0,0.00014814814814814815,OVERSUPPLY,2249.6666666666665,0.0
715,2.2,Yellow-N,1172,1155,23.0,0.6666666666666666,4.0,3000.0,0.0002222222222222222,OVERSUPPLY,2999.3333333333335,0.0
717,2.2,Yellow-N,1173,1156,5.0,0.3333333333333333,7.0,5250.0,6.349206349206349e-05,OVERSUPPLY,5249.666666666667,0.0
717,2.2,Yellow-N,1173,1156,6.0,0.6666666666666666,6.0,4500.0,0.00014814814814814815,OVERSUPPLY,4499.333333333333,0.0
717,2.2,Yellow-N,1173,1156,7.0,1.8333333333333333,6.0,4500.0,0.0004074074074074074,OVERSUPPLY,4498.166666666667,0.0
717,2.2,Yellow-N,1173,1156,8.0,2.5,6.0,4500.0,0.0005555555555555556,OVERSUPPLY,4497.5,0.0
717,2.2,Yellow-N,1173,1156,9.0,2.333333333333333,6.0,4500.0,0.0005185185185185184,OVERSUPPLY,4497.666666666667,0.0
717,2.2,Yellow-N,1173,1156,10.0,0.3333333333333333,6.0,4500.0,7.407407407407407e-05,OVERSUPPLY,4499.666666666667,0.0
717,2.2,Yellow-N,1173,1156,11.0,1.1666666666666665,6.0,4500.0,0.0002592592592592592,OVERSUPPLY,4498.833333333333,0.0
717,2.2,Yellow-N,1173,1156,12.0,1.0,6.0,4500.0,0.00022222222222222223,OVERSUPPLY,4499.0,0.0
717,2.2,Yellow-N,1173,1156,13.0,1.3333333333333333,6.0,4500.0,0.0002962962962962963,OVERSUPPLY,4498.666666666667,0.0
717,2.2,Yellow-N,1173,1156,14.0,1.3333333333333333,6.0,4500.0,0.0002962962962962963,OVERSUPPLY,4498.666666666667,0.0
717,2.2,Yellow-N,1173,1156,15.0,2.0,6.0,4500.0,0.00044444444444444447,OVERSUPPLY,4498.0,0.0
717,2.2,Yellow-N,1173,1156,16.0,9.333333333333334,6.0,4500.0,0.002074074074074074,OVERSUPPLY,4490.666666666667,0.0
717,2.2,Yellow-N,1173,1156,17.0,11.166666666666666,6.0,4500.0,0.002481481481481481,OVERSUPPLY,4488.833333333333,0.0
717,2.2,Yellow-N,1173,1156,18.0,9.5,6.0,4500.0,0.002111111111111111,OVERSUPPLY,4490.5,0.0
717,2.2,Yellow-N,1173,1156,19.0,3.666666666666667,6.0,4500.0,0.0008148148148148149,OVERSUPPLY,4496.333333333333,0.0
717,2.2,Yellow-N,1173,1156,20.0,1.6666666666666665,5.0,3750.0,0.0004444444444444444,OVERSUPPLY,3748.3333333333335,0.0
717,2.2,Yellow-N,1173,1156,21.0,0.3333333333333333,4.0,3000.0,0.0001111111111111111,OVERSUPPLY,2999.6666666666665,0.0
717,2.2,Yellow-N,1173,1156,22.0,0.3333333333333333,3.0,2250.0,0.00014814814814814815,OVERSUPPLY,2249.6666666666665,0.0
717,2.2,Yellow-N,1173,1156,23.0,0.6666666666666666,4.0,3000.0,0.0002222222222222222,OVERSUPPLY,2999.3333333333335,0.0
719,2.2,Yellow-N,1174,1160,5.0,10.666666666666666,7.0,5250.0,0.0020317460317460317,OVERSUPPLY,5239.333333333333,0.0
719,2.2,Yellow-N,1174,1160,6.0,46.83333333333333,6.0,4500.0,0.010407407407407407,OVERSUPPLY,4453.166666666667,0.0
719,2.2,Yellow-N,1174,1160,7.0,151.0,6.0,4500.0,0.033555555555555554,OVERSUPPLY,4349.0,0.0
719,2.2,Yellow-N,1174,1160,8.0,140.16666666666666,6.0,4500.0,0.031148148148148147,OVERSUPPLY,4359.833333333333,0.0
719,2.2,Yellow-N,1174,1160,9.0,115.33333333333333,6.0,4500.0,0.025629629629629627,OVERSUPPLY,4384.666666666667,0.0
719,2.2,Yellow-N,1174,1160,10.0,96.66666666666667,6.0,4500.0,0.021481481481481483,OVERSUPPLY,4403.333333333333,0.0
719,2.2,Yellow-N,1174,1160,11.0,88.66666666666666,6.0,4500.0,0.019703703703703702,OVERSUPPLY,4411.333333333333,0.0
719,2.2,Yellow-N,1174,1160,12.0,126.83333333333333,6.0,4500.0,0.028185185185185185,OVERSUPPLY,4373.166666666667,0.0
719,2.2,Yellow-N,1174,1160,13.0,164.66666666666666,6.0,4500.0,0.03659259259259259,OVERSUPPLY,4335.333333333333,0.0
719,2.2,Yellow-N,1174,1160,14.0,231.0,6.0,4500.0,0.051333333333333335,OVERSUPPLY,4269.0,0.0
719,2.2,Yellow-N,1174,1160,15.0,427.3333333333333,6.0,4500.0,0.09496296296296296,OVERSUPPLY,4072.6666666666665,0.0
719,2.2,Yellow-N,1174,1160,16.0,761.8333333333334,6.0,4500.0,0.1692962962962963,OVERSUPPLY,3738.1666666666665,0.0
719,2.2,Yellow-N,1174,1160,17.0,1140.8333333333333,6.0,4500.0,0.2535185185185185,BALANCED,3359.166666666667,0.0
719,2.2,Yellow-N,1174,1160,18.0,844.1666666666666,6.0,4500.0,0.1875925925925926,OVERSUPPLY,3655.8333333333335,0.0
719,2.2,Yellow-N,1174,1160,19.0,516.0,6.0,4500.0,0.11466666666666667,OVERSUPPLY,3984.0,0.0
719,2.2,Yellow-N,1174,1160,20.0,216.5,5.0,3750.0,0.05773333333333333,OVERSUPPLY,3533.5,0.0
719,2.2,Yellow-N,1174,1160,21.0,134.66666666666666,4.0,3000.0,0.04488888888888889,OVERSUPPLY,2865.3333333333335,0.0
719,2.2,Yellow-N,1174,1160,22.0,116.0,3.0,2250.0,0.051555555555555556,OVERSUPPLY,2134.0,0.0
719,2.2,Yellow-N,1174,1160,23.0,124.5,4.0,3000.0,0.0415,OVERSUPPLY,2875.5,0.0
721,2.2,Yellow-N,1175,1161,5.0,1.8333333333333333,7.0,5250.0,0.0003492063492063492,OVERSUPPLY,5248.166666666667,0.0
721,2.2,Yellow-N,1175,1161,6.0,13.0,6.0,4500.0,0.0028888888888888888,OVERSUPPLY,4487.0,0.0
721,2.2,Yellow-N,1175,1161,7.0,28.0,6.0,4500.0,0.006222222222222222,OVERSUPPLY,4472.0,0.0
721,2.2,Yellow-N,1175,1161,8.0,49.0,6.0,4500.0,0.010888888888888889,OVERSUPPLY,4451.0,0.0
721,2.2,Yellow-N,1175,1161,9.0,27.666666666666664,6.0,4500.0,0.006148148148148147,OVERSUPPLY,4472.333333333333,0.0
721,2.2,Yellow-N,1175,1161,10.0,20.833333333333332,6.0,4500.0,0.004629629629629629,OVERSUPPLY,4479.166666666667,0.0
721,2.2,Yellow-N,1175,1161,11.0,27.166666666666668,6.0,4500.0,0.006037037037037037,OVERSUPPLY,4472.833333333333,0.0
721,2.2,Yellow-N,1175,1161,12.0,39.333333333333336,6.0,4500.0,0.008740740740740742,OVERSUPPLY,4460.666666666667,0.0
721,2.2,Yellow-N,1175,1161,13.0,52.666666666666664,6.0,4500.0,0.011703703703703704,OVERSUPPLY,4447.333333333333,0.0
721,2.2,Yellow-N,1175,1161,14.0,84.66666666666667,6.0,4500.0,0.018814814814814815,OVERSUPPLY,4415.333333333333,0.0
721,2.2,Yellow-N,1175,1161,15.0,166.66666666666666,6.0,4500.0,0.037037037037037035,OVERSUPPLY,4333.333333333333,0.0
721,2.2,Yellow-N,1175,1161,16.0,259.1666666666667,6.0,4500.0,0.0575925925925926,OVERSUPPLY,4240.833333333333,0.0
721,2.2,Yellow-N,1175,1161,17.0,355.0,6.0,4500.0,0.07888888888888888,OVERSUPPLY,4145.0,0.0
721,2.2,Yellow-N,1175,1161,18.0,273.0,6.0,4500.0,0.06066666666666667,OVERSUPPLY,4227.0,0.0
721,2.2,Yellow-N,1175,1161,19.0,131.83333333333334,6.0,4500.0,0.0292962962962963,OVERSUPPLY,4368.166666666667,0.0
721,2.2,Yellow-N,1175,1161,20.0,68.83333333333333,5.0,3750.0,0.018355555555555556,OVERSUPPLY,3681.1666666666665,0.0
721,2.2,Yellow-N,1175,1161,21.0,32.0,4.0,3000.0,0.010666666666666666,OVERSUPPLY,2968.0,0.0
721,2.2,Yellow-N,1175,1161,22.0,73.66666666666667,3.0,2250.0,0.032740740740740744,OVERSUPPLY,2176.3333333333335,0.0
721,2.2,Yellow-N,1175,1161,23.0,133.66666666666666,4.0,3000.0,0.04455555555555555,OVERSUPPLY,2866.3333333333335,0.0
723,2.2,Yellow-N,1176,1162,5.0,0.8333333333333333,7.0,5250.0,0.0001587301587301587,OVERSUPPLY,5249.166666666667,0.0
723,2.2,Yellow-N,1176,1162,6.0,7.166666666666666,6.0,4500.0,0.0015925925925925925,OVERSUPPLY,4492.833333333333,0.0
723,2.2,Yellow-N,1176,1162,7.0,12.666666666666666,6.0,4500.0,0.0028148148148148147,OVERSUPPLY,4487.333333333333,0.0
723,2.2,Yellow-N,1176,1162,8.0,20.166666666666668,6.0,4500.0,0.004481481481481482,OVERSUPPLY,4479.833333333333,0.0
723,2.2,Yellow-N,1176,1162,9.0,12.666666666666666,6.0,4500.0,0.0028148148148148147,OVERSUPPLY,4487.333333333333,0.0
723,2.2,Yellow-N,1176,1162,10.0,9.166666666666666,6.0,4500.0,0.002037037037037037,OVERSUPPLY,4490.833333333333,0.0
723,2.2,Yellow-N,1176,1162,11.0,13.833333333333334,6.0,4500.0,0.003074074074074074,OVERSUPPLY,4486.166666666667,0.0
723,2.2,Yellow-N,1176,1162,12.0,16.5,6.0,4500.0,0.0036666666666666666,OVERSUPPLY,4483.5,0.0
723,2.2,Yellow-N,1176,1162,13.0,31.333333333333332,6.0,4500.0,0.0069629629629629625,OVERSUPPLY,4468.666666666667,0.0
723,2.2,Yellow-N,1176,1162,14.0,51.0,6.0,4500.0,0.011333333333333334,OVERSUPPLY,4449.0,0.0
723,2.2,Yellow-N,1176,1162,15.0,99.33333333333333,6.0,4500.0,0.022074074074074072,OVERSUPPLY,4400.666666666667,0.0
723,2.2,Yellow-N,1176,1162,16.0,161.33333333333334,6.0,4500.0,0.03585185185185186,OVERSUPPLY,4338.666666666667,0.0
723,2.2,Yellow-N,1176,1162,17.0,225.5,6.0,4500.0,0.05011111111111111,OVERSUPPLY,4274.5,0.0
723,2.2,Yellow-N,1176,1162,18.0,167.16666666666666,6.0,4500.0,0.037148148148148145,OVERSUPPLY,4332.833333333333,0.0
723,2.2,Yellow-N,1176,1162,19.0,81.16666666666667,6.0,4500.0,0.01803703703703704,OVERSUPPLY,4418.833333333333,0.0
723,2.2,Yellow-N,1176,1162,20.0,39.666666666666664,5.0,3750.0,0.010577777777777778,OVERSUPPLY,3710.3333333333335,0.0
723,2.2,Yellow-N,1176,1162,21.0,18.666666666666668,4.0,3000.0,0.006222222222222223,OVERSUPPLY,2981.3333333333335,0.0
723,2.2,Yellow-N,1176,1162,22.0,37.666666666666664,3.0,2250.0,0.01674074074074074,OVERSUPPLY,2212.3333333333335,0.0
723,2.2,Yellow-N,1176,1162,23.0,97.16666666666667,4.0,3000.0,0.03238888888888889,OVERSUPPLY,2902.8333333333335,0.0
725,2.2,Yellow-N,1177,1181,5.0,2.333333333333333,7.0,5250.0,0.0004444444444444444,OVERSUPPLY,5247.666666666667,0.0
725,2.2,Yellow-N,1177,1181,6.0,18.0,6.0,4500.0,0.004,OVERSUPPLY,4482.0,0.0
725,2.2,Yellow-N,1177,1181,7.0,23.833333333333332,6.0,4500.0,0.005296296296296296,OVERSUPPLY,4476.166666666667,0.0
725,2.2,Yellow-N,1177,1181,8.0,63.5,6.0,4500.0,0.01411111111111111,OVERSUPPLY,4436.5,0.0
725,2.2,Yellow-N,1177,1181,9.0,62.833333333333336,6.0,4500.0,0.013962962962962963,OVERSUPPLY,4437.166666666667,0.0
725,2.2,Yellow-N,1177,1181,10.0,107.0,6.0,4500.0,0.023777777777777776,OVERSUPPLY,4393.0,0.0
725,2.2,Yellow-N,1177,1181,11.0,115.16666666666667,6.0,4500.0,0.025592592592592594,OVERSUPPLY,4384.833333333333,0.0
725,2.2,Yellow-N,1177,1181,12.0,156.33333333333334,6.0,4500.0,0.034740740740740746,OVERSUPPLY,4343.666666666667,0.0
725,2.2,Yellow-N,1177,1181,13.0,190.16666666666666,6.0,4500.0,0.04225925925925926,OVERSUPPLY,4309.833333333333,0.0
725,2.2,Yellow-N,1177,1181,14.0,185.66666666666666,6.0,4500.0,0.04125925925925926,OVERSUPPLY,4314.333333333333,0.0
725,2.2,Yellow-N,1177,1181,15.0,196.83333333333334,6.0,4500.0,0.04374074074074074,OVERSUPPLY,4303.166666666667,0.0
725,2.2,Yellow-N,1177,1181,16.0,212.33333333333334,6.0,4500.0,0.047185185185185184,OVERSUPPLY,4287.666666666667,0.0
725,2.2,Yellow-N,1177,1181,17.0,218.66666666666666,6.0,4500.0,0.04859259259259259,OVERSUPPLY,4281.333333333333,0.0
725,2.2,Yellow-N,1177,1181,18.0,216.66666666666666,6.0,4500.0,0.04814814814814815,OVERSUPPLY,4283.333333333333,0.0
725,2.2,Yellow-N,1177,1181,19.0,166.5,6.0,4500.0,0.037,OVERSUPPLY,4333.5,0.0
725,2.2,Yellow-N,1177,1181,20.0,121.66666666666667,5.0,3750.0,0.03244444444444444,OVERSUPPLY,3628.3333333333335,0.0
725,2.2,Yellow-N,1177,1181,21.0,104.33333333333333,4.0,3000.0,0.034777777777777776,OVERSUPPLY,2895.6666666666665,0.0
725,2.2,Yellow-N,1177,1181,22.0,97.83333333333333,3.0,2250.0,0.04348148148148148,OVERSUPPLY,2152.1666666666665,0.0
725,2.2,Yellow-N,1177,1181,23.0,89.33333333333333,4.0,3000.0,0.029777777777777775,OVERSUPPLY,2910.6666666666665,0.0
727,2.2,Yellow-N,1178,1182,5.0,9.166666666666666,7.0,5250.0,0.0017460317460317458,OVERSUPPLY,5240.833333333333,0.0
727,2.2,Yellow-N,1178,1182,6.0,25.333333333333336,6.0,4500.0,0.00562962962962963,OVERSUPPLY,4474.666666666667,0.0
727,2.2,Yellow-N,1178,1182,7.0,57.333333333333336,6.0,4500.0,0.012740740740740742,OVERSUPPLY,4442.666666666667,0.0
727,2.2,Yellow-N,1178,1182,8.0,68.0,6.0,4500.0,0.015111111111111112,OVERSUPPLY,4432.0,0.0
727,2.2,Yellow-N,1178,1182,9.0,43.833333333333336,6.0,4500.0,0.00974074074074074,OVERSUPPLY,4456.166666666667,0.0
727,2.2,Yellow-N,1178,1182,10.0,23.333333333333332,6.0,4500.0,0.005185185185185185,OVERSUPPLY,4476.666666666667,0.0
727,2.2,Yellow-N,1178,1182,11.0,20.166666666666668,6.0,4500.0,0.004481481481481482,OVERSUPPLY,4479.833333333333,0.0
727,2.2,Yellow-N,1178,1182,12.0,17.0,6.0,4500.0,0.003777777777777778,OVERSUPPLY,4483.0,0.0
727,2.2,Yellow-N,1178,1182,13.0,17.333333333333332,6.0,4500.0,0.0038518518518518515,OVERSUPPLY,4482.666666666667,0.0
727,2.2,Yellow-N,1178,1182,14.0,22.5,6.0,4500.0,0.005,OVERSUPPLY,4477.5,0.0
727,2.2,Yellow-N,1178,1182,15.0,25.166666666666668,6.0,4500.0,0.005592592592592593,OVERSUPPLY,4474.833333333333,0.0
727,2.2,Yellow-N,1178,1182,16.0,39.333333333333336,6.0,4500.0,0.008740740740740742,OVERSUPPLY,4460.666666666667,0.0
727,2.2,Yellow-N,1178,1182,17.0,48.833333333333336,6.0,4500.0,0.010851851851851852,OVERSUPPLY,4451.166666666667,0.0
727,2.2,Yellow-N,1178,1182,18.0,41.0,6.0,4500.0,0.009111111111111111,OVERSUPPLY,4459.0,0.0
727,2.2,Yellow-N,1178,1182,19.0,27.0,6.0,4500.0,0.006,OVERSUPPLY,4473.0,0.0
727,2.2,Yellow-N,1178,1182,20.0,16.333333333333332,5.0,3750.0,0.004355555555555555,OVERSUPPLY,3733.6666666666665,0.0
727,2.2,Yellow-N,1178,1182,21.0,10.666666666666666,4.0,3000.0,0.0035555555555555553,OVERSUPPLY,2989.3333333333335,0.0
727,2.2,Yellow-N,1178,1182,22.0,6.166666666666667,3.0,2250.0,0.002740740740740741,OVERSUPPLY,2243.8333333333335,0.0
727,2.2,Yellow-N,1178,1182,23.0,5.666666666666666,4.0,3000.0,0.0018888888888888887,OVERSUPPLY,2994.3333333333335,0.0
729,2.2,Yellow-N,1179,1177,5.0,2.833333333333333,7.0,5250.0,0.0005396825396825396,OVERSUPPLY,5247.166666666667,0.0
729,2.2,Yellow-N,1179,1177,6.0,17.833333333333332,6.0,4500.0,0.003962962962962962,OVERSUPPLY,4482.166666666667,0.0
729,2.2,Yellow-N,1179,1177,7.0,26.166666666666664,6.0,4500.0,0.005814814814814814,OVERSUPPLY,4473.833333333333,0.0
729,2.2,Yellow-N,1179,1177,8.0,65.33333333333333,6.0,4500.0,0.014518518518518517,OVERSUPPLY,4434.666666666667,0.0
729,2.2,Yellow-N,1179,1177,9.0,65.83333333333333,6.0,4500.0,0.014629629629629628,OVERSUPPLY,4434.166666666667,0.0
729,2.2,Yellow-N,1179,1177,10.0,112.33333333333333,6.0,4500.0,0.02496296296296296,OVERSUPPLY,4387.666666666667,0.0
729,2.2,Yellow-N,1179,1177,11.0,121.33333333333333,6.0,4500.0,0.026962962962962963,OVERSUPPLY,4378.666666666667,0.0
729,2.2,Yellow-N,1179,1177,12.0,162.33333333333334,6.0,4500.0,0.03607407407407408,OVERSUPPLY,4337.666666666667,0.0
729,2.2,Yellow-N,1179,1177,13.0,197.33333333333334,6.0,4500.0,0.04385185185185186,OVERSUPPLY,4302.666666666667,0.0
729,2.2,Yellow-N,1179,1177,14.0,195.83333333333334,6.0,4500.0,0.04351851851851852,OVERSUPPLY,4304.166666666667,0.0
729,2.2,Yellow-N,1179,1177,15.0,204.0,6.0,4500.0,0.04533333333333334,OVERSUPPLY,4296.0,0.0
729,2.2,Yellow-N,1179,1177,16.0,223.66666666666666,6.0,4500.0,0.0497037037037037,OVERSUPPLY,4276.333333333333,0.0
729,2.2,Yellow-N,1179,1177,17.0,227.0,6.0,4500.0,0.050444444444444445,OVERSUPPLY,4273.0,0.0
729,2.2,Yellow-N,1179,1177,18.0,226.16666666666666,6.0,4500.0,0.05025925925925926,OVERSUPPLY,4273.833333333333,0.0
729,2.2,Yellow-N,1179,1177,19.0,172.83333333333334,6.0,4500.0,0.03840740740740741,OVERSUPPLY,4327.166666666667,0.0
729,2.2,Yellow-N,1179,1177,20.0,126.66666666666667,5.0,3750.0,0.03377777777777778,OVERSUPPLY,3623.3333333333335,0.0
729,2.2,Yellow-N,1179,1177,21.0,110.83333333333333,4.0,3000.0,0.03694444444444444,OVERSUPPLY,2889.1666666666665,0.0
729,2.2,Yellow-N,1179,1177,22.0,101.16666666666667,3.0,2250.0,0.04496296296296297,OVERSUPPLY,2148.8333333333335,0.0
729,2.2,Yellow-N,1179,1177,23.0,93.83333333333333,4.0,3000.0,0.03127777777777778,OVERSUPPLY,2906.1666666666665,0.0
731,2.2,Yellow-N,1180,1178,5.0,0.5,7.0,5250.0,9.523809523809524e-05,OVERSUPPLY,5249.5,0.0
731,2.2,Yellow-N,1180,1178,8.0,0.3333333333333333,6.0,4500.0,7.407407407407407e-05,OVERSUPPLY,4499.666666666667,0.0
731,2.2,Yellow-N,1180,1178,9.0,0.16666666666666666,6.0,4500.0,3.7037037037037037e-05,OVERSUPPLY,4499.833333333333,0.0
731,2.2,Yellow-N,1180,1178,10.0,0.3333333333333333,6.0,4500.0,7.407407407407407e-05,OVERSUPPLY,4499.666666666667,0.0
731,2.2,Yellow-N,1180,1178,11.0,1.8333333333333333,6.0,4500.0,0.0004074074074074074,OVERSUPPLY,4498.166666666667,0.0
731,2.2,Yellow-N,1180,1178,12.0,1.8333333333333333,6.0,4500.0,0.0004074074074074074,OVERSUPPLY,4498.166666666667,0.0
731,2.2,Yellow-N,1180,1178,13.0,0.6666666666666666,6.0,4500.0,0.00014814814814814815,OVERSUPPLY,4499.333333333333,0.0
731,2.2,Yellow-N,1180,1178,14.0,2.5,6.0,4500.0,0.0005555555555555556,OVERSUPPLY,4497.5,0.0
731,2.2,Yellow-N,1180,1178,15.0,1.8333333333333333,6.0,4500.0,0.0004074074074074074,OVERSUPPLY,4498.166666666667,0.0
731,2.2,Yellow-N,1180,1178,16.0,1.0,6.0,4500.0,0.00022222222222222223,OVERSUPPLY,4499.0,0.0
731,2.2,Yellow-N,1180,1178,17.0,1.1666666666666667,6.0,4500.0,0.00025925925925925926,OVERSUPPLY,4498.833333333333,0.0
731,2.2,Yellow-N,1180,1178,18.0,1.5,6.0,4500.0,0.0003333333333333333,OVERSUPPLY,4498.5,0.0
731,2.2,Yellow-N,1180,1178,19.0,0.6666666666666666,6.0,4500.0,0.00014814814814814815,OVERSUPPLY,4499.333333333333,0.0
731,2.2,Yellow-N,1180,1178,20.0,1.5,5.0,3750.0,0.0004,OVERSUPPLY,3748.5,0.0
731,2.2,Yellow-N,1180,1178,21.0,0.8333333333333334,4.0,3000.0,0.0002777777777777778,OVERSUPPLY,2999.1666666666665,0.0
731,2.2,Yellow-N,1180,1178,22.0,0.6666666666666666,3.0,2250.0,0.0002962962962962963,OVERSUPPLY,2249.3333333333335,0.0
731,2.2,Yellow-N,1180,1178,23.0,0.6666666666666666,4.0,3000.0,0.0002222222222222222,OVERSUPPLY,2999.3333333333335,0.0
735,2.2,Yellow-N,1182,1135,5.0,18.5,7.0,5250.0,0.0035238095238095237,OVERSUPPLY,5231.5,0.0
735,2.2,Yellow-N,1182,1135,6.0,55.666666666666664,6.0,4500.0,0.01237037037037037,OVERSUPPLY,4444.333333333333,0.0
735,2.2,Yellow-N,1182,1135,7.0,138.0,6.0,4500.0,0.030666666666666665,OVERSUPPLY,4362.0,0.0
735,2.2,Yellow-N,1182,1135,8.0,169.5,6.0,4500.0,0.03766666666666667,OVERSUPPLY,4330.5,0.0
735,2.2,Yellow-N,1182,1135,9.0,116.16666666666667,6.0,4500.0,0.025814814814814815,OVERSUPPLY,4383.833333333333,0.0
735,2.2,Yellow-N,1182,1135,10.0,98.83333333333333,6.0,4500.0,0.021962962962962962,OVERSUPPLY,4401.166666666667,0.0
735,2.2,Yellow-N,1182,1135,11.0,93.16666666666667,6.0,4500.0,0.020703703703703703,OVERSUPPLY,4406.833333333333,0.0
735,2.2,Yellow-N,1182,1135,12.0,113.66666666666667,6.0,4500.0,0.02525925925925926,OVERSUPPLY,4386.333333333333,0.0
735,2.2,Yellow-N,1182,1135,13.0,129.5,6.0,4500.0,0.028777777777777777,OVERSUPPLY,4370.5,0.0
735,2.2,Yellow-N,1182,1135,14.0,132.0,6.0,4500.0,0.029333333333333333,OVERSUPPLY,4368.0,0.0
735,2.2,Yellow-N,1182,1135,15.0,145.0,6.0,4500.0,0.03222222222222222,OVERSUPPLY,4355.0,0.0
735,2.2,Yellow-N,1182,1135,16.0,186.5,6.0,4500.0,0.041444444444444443,OVERSUPPLY,4313.5,0.0
735,2.2,Yellow-N,1182,1135,17.0,212.83333333333334,6.0,4500.0,0.0472962962962963,OVERSUPPLY,4287.166666666667,0.0
735,2.2,Yellow-N,1182,1135,18.0,188.16666666666666,6.0,4500.0,0.04181481481481481,OVERSUPPLY,4311.833333333333,0.0
735,2.2,Yellow-N,1182,1135,19.0,134.16666666666666,6.0,4500.0,0.02981481481481481,OVERSUPPLY,4365.833333333333,0.0
735,2.2,Yellow-N,1182,1135,20.0,83.33333333333333,5.0,3750.0,0.02222222222222222,OVERSUPPLY,3666.6666666666665,0.0
735,2.2,Yellow-N,1182,1135,21.0,65.0,4.0,3000.0,0.021666666666666667,OVERSUPPLY,2935.0,0.0
735,2.2,Yellow-N,1182,1135,22.0,58.5,3.0,2250.0,0.026,OVERSUPPLY,2191.5,0.0
735,2.2,Yellow-N,1182,1135,23.0,52.166666666666664,4.0,3000.0,0.017388888888888888,OVERSUPPLY,2947.8333333333335,0.0
737,2.2,Yellow-N,1183,1165,5.0,0.8333333333333333,7.0,5250.0,0.0001587301587301587,OVERSUPPLY,5249.166666666667,0.0
737,2.2,Yellow-N,1183,1165,6.0,27.5,6.0,4500.0,0.006111111111111111,OVERSUPPLY,4472.5,0.0
737,2.2,Yellow-N,1183,1165,7.0,63.333333333333336,6.0,4500.0,0.014074074074074074,OVERSUPPLY,4436.666666666667,0.0
737,2.2,Yellow-N,1183,1165,8.0,55.5,6.0,4500.0,0.012333333333333333,OVERSUPPLY,4444.5,0.0
737,2.2,Yellow-N,1183,1165,9.0,43.5,6.0,4500.0,0.009666666666666667,OVERSUPPLY,4456.5,0.0
737,2.2,Yellow-N,1183,1165,10.0,51.0,6.0,4500.0,0.011333333333333334,OVERSUPPLY,4449.0,0.0
737,2.2,Yellow-N,1183,1165,11.0,42.333333333333336,6.0,4500.0,0.009407407407407408,OVERSUPPLY,4457.666666666667,0.0
737,2.2,Yellow-N,1183,1165,12.0,65.33333333333333,6.0,4500.0,0.014518518518518517,OVERSUPPLY,4434.666666666667,0.0
737,2.2,Yellow-N,1183,1165,13.0,91.16666666666667,6.0,4500.0,0.02025925925925926,OVERSUPPLY,4408.833333333333,0.0
737,2.2,Yellow-N,1183,1165,14.0,135.16666666666666,6.0,4500.0,0.030037037037037036,OVERSUPPLY,4364.833333333333,0.0
737,2.2,Yellow-N,1183,1165,15.0,267.6666666666667,6.0,4500.0,0.05948148148148148,OVERSUPPLY,4232.333333333333,0.0
737,2.2,Yellow-N,1183,1165,16.0,473.6666666666667,6.0,4500.0,0.10525925925925926,OVERSUPPLY,4026.3333333333335,0.0
737,2.2,Yellow-N,1183,1165,17.0,738.5,6.0,4500.0,0.16411111111111112,OVERSUPPLY,3761.5,0.0
737,2.2,Yellow-N,1183,1165,18.0,553.0,6.0,4500.0,0.1228888888888889,OVERSUPPLY,3947.0,0.0
737,2.2,Yellow-N,1183,1165,19.0,344.8333333333333,6.0,4500.0,0.07662962962962963,OVERSUPPLY,4155.166666666667,0.0
737,2.2,Yellow-N,1183,1165,20.0,147.83333333333334,5.0,3750.0,0.03942222222222223,OVERSUPPLY,3602.1666666666665,0.0
737,2.2,Yellow-N,1183,1165,21.0,93.83333333333333,4.0,3000.0,0.03127777777777778,OVERSUPPLY,2906.1666666666665,0.0
737,2.2,Yellow-N,1183,1165,22.0,64.5,3.0,2250.0,0.028666666666666667,OVERSUPPLY,2185.5,0.0
737,2.2,Yellow-N,1183,1165,23.0,75.33333333333333,4.0,3000.0,0.02511111111111111,OVERSUPPLY,2924.6666666666665,0.0
739,2.2,Yellow-N,1184,1166,5.0,2.0,7.0,5250.0,0.00038095238095238096,OVERSUPPLY,5248.0,0.0
739,2.2,Yellow-N,1184,1166,6.0,11.833333333333332,6.0,4500.0,0.0026296296296296293,OVERSUPPLY,4488.166666666667,0.0
739,2.2,Yellow-N,1184,1166,7.0,42.5,6.0,4500.0,0.009444444444444445,OVERSUPPLY,4457.5,0.0
739,2.2,Yellow-N,1184,1166,8.0,32.833333333333336,6.0,4500.0,0.007296296296296297,OVERSUPPLY,4467.166666666667,0.0
739,2.2,Yellow-N,1184,1166,9.0,28.5,6.0,4500.0,0.006333333333333333,OVERSUPPLY,4471.5,0.0
739,2.2,Yellow-N,1184,1166,10.0,28.833333333333332,6.0,4500.0,0.006407407407407407,OVERSUPPLY,4471.166666666667,0.0
739,2.2,Yellow-N,1184,1166,11.0,24.833333333333332,6.0,4500.0,0.005518518518518518,OVERSUPPLY,4475.166666666667,0.0
739,2.2,Yellow-N,1184,1166,12.0,37.33333333333333,6.0,4500.0,0.008296296296296295,OVERSUPPLY,4462.666666666667,0.0
739,2.2,Yellow-N,1184,1166,13.0,49.833333333333336,6.0,4500.0,0.011074074074074075,OVERSUPPLY,4450.166666666667,0.0
739,2.2,Yellow-N,1184,1166,14.0,78.16666666666667,6.0,4500.0,0.017370370370370373,OVERSUPPLY,4421.833333333333,0.0
739,2.2,Yellow-N,1184,1166,15.0,136.33333333333334,6.0,4500.0,0.030296296296296297,OVERSUPPLY,4363.666666666667,0.0
739,2.2,Yellow-N,1184,1166,16.0,247.33333333333334,6.0,4500.0,0.05496296296296296,OVERSUPPLY,4252.666666666667,0.0
739,2.2,Yellow-N,1184,1166,17.0,340.0,6.0,4500.0,0.07555555555555556,OVERSUPPLY,4160.0,0.0
739,2.2,Yellow-N,1184,1166,18.0,234.5,6.0,4500.0,0.05211111111111111,OVERSUPPLY,4265.5,0.0
739,2.2,Yellow-N,1184,1166,19.0,133.83333333333334,6.0,4500.0,0.02974074074074074,OVERSUPPLY,4366.166666666667,0.0
739,2.2,Yellow-N,1184,1166,20.0,53.666666666666664,5.0,3750.0,0.014311111111111111,OVERSUPPLY,3696.3333333333335,0.0
739,2.2,Yellow-N,1184,1166,21.0,36.166666666666664,4.0,3000.0,0.012055555555555555,OVERSUPPLY,2963.8333333333335,0.0
739,2.2,Yellow-N,1184,1166,22.0,45.0,3.0,2250.0,0.02,OVERSUPPLY,2205.0,0.0
739,2.2,Yellow-N,1184,1166,23.0,68.66666666666667,4.0,3000.0,0.02288888888888889,OVERSUPPLY,2931.3333333333335,0.0
741,2.2,Yellow-N,1185,1167,5.0,1.1666666666666665,7.0,5250.0,0.0002222222222222222,OVERSUPPLY,5248.833333333333,0.0
741,2.2,Yellow-N,1185,1167,6.0,8.0,6.0,4500.0,0.0017777777777777779,OVERSUPPLY,4492.0,0.0
741,2.2,Yellow-N,1185,1167,7.0,26.166666666666668,6.0,4500.0,0.005814814814814815,OVERSUPPLY,4473.833333333333,0.0
741,2.2,Yellow-N,1185,1167,8.0,22.666666666666668,6.0,4500.0,0.005037037037037037,OVERSUPPLY,4477.333333333333,0.0
741,2.2,Yellow-N,1185,1167,9.0,17.333333333333332,6.0,4500.0,0.0038518518518518515,OVERSUPPLY,4482.666666666667,0.0
741,2.2,Yellow-N,1185,1167,10.0,15.166666666666666,6.0,4500.0,0.0033703703703703704,OVERSUPPLY,4484.833333333333,0.0
741,2.2,Yellow-N,1185,1167,11.0,14.833333333333334,6.0,4500.0,0.0032962962962962963,OVERSUPPLY,4485.166666666667,0.0
741,2.2,Yellow-N,1185,1167,12.0,25.0,6.0,4500.0,0.005555555555555556,OVERSUPPLY,4475.0,0.0
741,2.2,Yellow-N,1185,1167,13.0,32.0,6.0,4500.0,0.0071111111111111115,OVERSUPPLY,4468.0,0.0
741,2.2,Yellow-N,1185,1167,14.0,51.0,6.0,4500.0,0.011333333333333334,OVERSUPPLY,4449.0,0.0
741,2.2,Yellow-N,1185,1167,15.0,100.66666666666667,6.0,4500.0,0.02237037037037037,OVERSUPPLY,4399.333333333333,0.0
741,2.2,Yellow-N,1185,1167,16.0,173.66666666666666,6.0,4500.0,0.03859259259259259,OVERSUPPLY,4326.333333333333,0.0
741,2.2,Yellow-N,1185,1167,17.0,246.83333333333334,6.0,4500.0,0.05485185185185185,OVERSUPPLY,4253.166666666667,0.0
741,2.2,Yellow-N,1185,1167,18.0,181.5,6.0,4500.0,0.04033333333333333,OVERSUPPLY,4318.5,0.0
741,2.2,Yellow-N,1185,1167,19.0,100.66666666666667,6.0,4500.0,0.02237037037037037,OVERSUPPLY,4399.333333333333,0.0
741,2.2,Yellow-N,1185,1167,20.0,40.5,5.0,3750.0,0.0108,OVERSUPPLY,3709.5,0.0
741,2.2,Yellow-N,1185,1167,21.0,24.333333333333332,4.0,3000.0,0.00811111111111111,OVERSUPPLY,2975.6666666666665,0.0
741,2.2,Yellow-N,1185,1167,22.0,30.833333333333332,3.0,2250.0,0.013703703703703702,OVERSUPPLY,2219.1666666666665,0.0
741,2.2,Yellow-N,1185,1167,23.0,57.333333333333336,4.0,3000.0,0.019111111111111113,OVERSUPPLY,2942.6666666666665,0.0
743,2.2,Yellow-N,1186,1114,5.0,16.166666666666668,7.0,5250.0,0.0030793650793650798,OVERSUPPLY,5233.833333333333,0.0
743,2.2,Yellow-N,1186,1114,6.0,55.166666666666664,6.0,4500.0,0.012259259259259258,OVERSUPPLY,4444.833333333333,0.0
743,2.2,Yellow-N,1186,1114,7.0,164.33333333333334,6.0,4500.0,0.03651851851851852,OVERSUPPLY,4335.666666666667,0.0
743,2.2,Yellow-N,1186,1114,8.0,212.16666666666666,6.0,4500.0,0.04714814814814815,OVERSUPPLY,4287.833333333333,0.0
743,2.2,Yellow-N,1186,1114,9.0,132.83333333333334,6.0,4500.0,0.02951851851851852,OVERSUPPLY,4367.166666666667,0.0
743,2.2,Yellow-N,1186,1114,10.0,102.5,6.0,4500.0,0.02277777777777778,OVERSUPPLY,4397.5,0.0
743,2.2,Yellow-N,1186,1114,11.0,111.83333333333333,6.0,4500.0,0.02485185185185185,OVERSUPPLY,4388.166666666667,0.0
743,2.2,Yellow-N,1186,1114,12.0,163.0,6.0,4500.0,0.036222222222222225,OVERSUPPLY,4337.0,0.0
743,2.2,Yellow-N,1186,1114,13.0,189.0,6.0,4500.0,0.042,OVERSUPPLY,4311.0,0.0
743,2.2,Yellow-N,1186,1114,14.0,273.6666666666667,6.0,4500.0,0.06081481481481482,OVERSUPPLY,4226.333333333333,0.0
743,2.2,Yellow-N,1186,1114,15.0,502.16666666666663,6.0,4500.0,0.11159259259259259,OVERSUPPLY,3997.8333333333335,0.0
743,2.2,Yellow-N,1186,1114,16.0,749.0,6.0,4500.0,0.16644444444444445,OVERSUPPLY,3751.0,0.0
743,2.2,Yellow-N,1186,1114,17.0,1106.1666666666667,6.0,4500.0,0.24581481481481482,BALANCED,3393.833333333333,0.0
743,2.2,Yellow-N,1186,1114,18.0,869.5,6.0,4500.0,0.1932222222222222,OVERSUPPLY,3630.5,0.0
743,2.2,Yellow-N,1186,1114,19.0,523.1666666666666,6.0,4500.0,0.11625925925925926,OVERSUPPLY,3976.8333333333335,0.0
743,2.2,Yellow-N,1186,1114,20.0,245.16666666666666,5.0,3750.0,0.06537777777777777,OVERSUPPLY,3504.8333333333335,0.0
743,2.2,Yellow-N,1186,1114,21.0,134.16666666666666,4.0,3000.0,0.04472222222222222,OVERSUPPLY,2865.8333333333335,0.0
743,2.2,Yellow-N,1186,1114,22.0,123.0,3.0,2250.0,0.05466666666666667,OVERSUPPLY,2127.0,0.0
743,2.2,Yellow-N,1186,1114,23.0,168.66666666666666,4.0,3000.0,0.05622222222222222,OVERSUPPLY,2831.3333333333335,0.0
745,2.2,Yellow-N,1187,1115,5.0,7.5,7.0,5250.0,0.0014285714285714286,OVERSUPPLY,5242.5,0.0
745,2.2,Yellow-N,1187,1115,6.0,36.0,6.0,4500.0,0.008,OVERSUPPLY,4464.0,0.0
745,2.2,Yellow-N,1187,1115,7.0,99.16666666666667,6.0,4500.0,0.02203703703703704,OVERSUPPLY,4400.833333333333,0.0
745,2.2,Yellow-N,1187,1115,8.0,147.16666666666666,6.0,4500.0,0.0327037037037037,OVERSUPPLY,4352.833333333333,0.0
745,2.2,Yellow-N,1187,1115,9.0,89.66666666666667,6.0,4500.0,0.019925925925925927,OVERSUPPLY,4410.333333333333,0.0
745,2.2,Yellow-N,1187,1115,10.0,64.83333333333333,6.0,4500.0,0.014407407407407407,OVERSUPPLY,4435.166666666667,0.0
745,2.2,Yellow-N,1187,1115,11.0,66.83333333333333,6.0,4500.0,0.01485185185185185,OVERSUPPLY,4433.166666666667,0.0
745,2.2,Yellow-N,1187,1115,12.0,108.16666666666667,6.0,4500.0,0.024037037037037037,OVERSUPPLY,4391.833333333333,0.0
745,2.2,Yellow-N,1187,1115,13.0,123.0,6.0,4500.0,0.027333333333333334,OVERSUPPLY,4377.0,0.0
745,2.2,Yellow-N,1187,1115,14.0,189.16666666666666,6.0,4500.0,0.04203703703703703,OVERSUPPLY,4310.833333333333,0.0
745,2.2,Yellow-N,1187,1115,15.0,320.3333333333333,6.0,4500.0,0.07118518518518518,OVERSUPPLY,4179.666666666667,0.0
745,2.2,Yellow-N,1187,1115,16.0,494.0,6.0,4500.0,0.10977777777777778,OVERSUPPLY,4006.0,0.0
745,2.2,Yellow-N,1187,1115,17.0,661.6666666666666,6.0,4500.0,0.14703703703703702,OVERSUPPLY,3838.3333333333335,0.0
745,2.2,Yellow-N,1187,1115,18.0,634.0,6.0,4500.0,0.1408888888888889,OVERSUPPLY,3866.0,0.0
745,2.2,Yellow-N,1187,1115,19.0,321.0,6.0,4500.0,0.07133333333333333,OVERSUPPLY,4179.0,0.0
745,2.2,Yellow-N,1187,1115,20.0,184.0,5.0,3750.0,0.04906666666666667,OVERSUPPLY,3566.0,0.0
745,2.2,Yellow-N,1187,1115,21.0,114.33333333333333,4.0,3000.0,0.03811111111111111,OVERSUPPLY,2885.6666666666665,0.0
745,2.2,Yellow-N,1187,1115,22.0,186.33333333333334,3.0,2250.0,0.08281481481481481,OVERSUPPLY,2063.6666666666665,0.0
745,2.2,Yellow-N,1187,1115,23.0,220.83333333333334,4.0,3000.0,0.07361111111111111,OVERSUPPLY,2779.1666666666665,0.0
747,2.2,Yellow-N,1188,1116,5.0,1.8333333333333333,7.0,5250.0,0.0003492063492063492,OVERSUPPLY,5248.166666666667,0.0
747,2.2,Yellow-N,1188,1116,6.0,13.666666666666666,6.0,4500.0,0.003037037037037037,OVERSUPPLY,4486.333333333333,0.0
747,2.2,Yellow-N,1188,1116,7.0,38.666666666666664,6.0,4500.0,0.008592592592592593,OVERSUPPLY,4461.333333333333,0.0
747,2.2,Yellow-N,1188,1116,8.0,54.16666666666667,6.0,4500.0,0.012037037037037039,OVERSUPPLY,4445.833333333333,0.0
747,2.2,Yellow-N,1188,1116,9.0,32.833333333333336,6.0,4500.0,0.007296296296296297,OVERSUPPLY,4467.166666666667,0.0
747,2.2,Yellow-N,1188,1116,10.0,24.666666666666664,6.0,4500.0,0.005481481481481481,OVERSUPPLY,4475.333333333333,0.0
747,2.2,Yellow-N,1188,1116,11.0,22.666666666666668,6.0,4500.0,0.005037037037037037,OVERSUPPLY,4477.333333333333,0.0
747,2.2,Yellow-N,1188,1116,12.0,33.333333333333336,6.0,4500.0,0.007407407407407408,OVERSUPPLY,4466.666666666667,0.0
747,2.2,Yellow-N,1188,1116,13.0,52.166666666666664,6.0,4500.0,0.011592592592592592,OVERSUPPLY,4447.833333333333,0.0
747,2.2,Yellow-N,1188,1116,14.0,76.16666666666667,6.0,4500.0,0.016925925925925928,OVERSUPPLY,4423.833333333333,0.0
747,2.2,Yellow-N,1188,1116,15.0,137.0,6.0,4500.0,0.030444444444444444,OVERSUPPLY,4363.0,0.0
747,2.2,Yellow-N,1188,1116,16.0,217.16666666666666,6.0,4500.0,0.04825925925925926,OVERSUPPLY,4282.833333333333,0.0
747,2.2,Yellow-N,1188,1116,17.0,299.5,6.0,4500.0,0.06655555555555556,OVERSUPPLY,4200.5,0.0
747,2.2,Yellow-N,1188,1116,18.0,267.3333333333333,6.0,4500.0,0.0594074074074074,OVERSUPPLY,4232.666666666667,0.0
747,2.2,Yellow-N,1188,1116,19.0,125.66666666666667,6.0,4500.0,0.027925925925925927,OVERSUPPLY,4374.333333333333,0.0
747,2.2,Yellow-N,1188,1116,20.0,72.16666666666667,5.0,3750.0,0.019244444444444446,OVERSUPPLY,3677.8333333333335,0.0
747,2.2,Yellow-N,1188,1116,21.0,37.833333333333336,4.0,3000.0,0.012611111111111111,OVERSUPPLY,2962.1666666666665,0.0
747,2.2,Yellow-N,1188,1116,22.0,77.83333333333333,3.0,2250.0,0.03459259259259259,OVERSUPPLY,2172.1666666666665,0.0
747,2.2,Yellow-N,1188,1116,23.0,123.0,4.0,3000.0,0.041,OVERSUPPLY,2877.0,0.0
749,20.1,Beige-S,1189,1190,5.0,9.0,9.0,4050.0,0.0022222222222222222,OVERSUPPLY,4041.0,0.0
749,20.1,Beige-S,1189,1190,6.0,20.666666666666664,9.0,4050.0,0.005102880658436213,OVERSUPPLY,4029.3333333333335,0.0
749,20.1,Beige-S,1189,1190,7.0,33.333333333333336,10.0,4500.0,0.007407407407407408,OVERSUPPLY,4466.666666666667,0.0
749,20.1,Beige-S,1189,1190,8.0,42.333333333333336,10.0,4500.0,0.009407407407407408,OVERSUPPLY,4457.666666666667,0.0
749,20.1,Beige-S,1189,1190,9.0,33.666666666666664,10.0,4500.0,0.007481481481481481,OVERSUPPLY,4466.333333333333,0.0
749,20.1,Beige-S,1189,1190,10.0,27.666666666666668,9.0,4050.0,0.00683127572016461,OVERSUPPLY,4022.3333333333335,0.0
749,20.1,Beige-S,1189,1190,11.0,28.333333333333332,10.0,4500.0,0.006296296296296296,OVERSUPPLY,4471.666666666667,0.0
749,20.1,Beige-S,1189,1190,12.0,35.0,10.0,4500.0,0.0077777777777777776,OVERSUPPLY,4465.0,0.0
749,20.1,Beige-S,1189,1190,13.0,23.0,9.0,4050.0,0.005679012345679012,OVERSUPPLY,4027.0,0.0
749,20.1,Beige-S,1189,1190,14.0,17.0,10.0,4500.0,0.003777777777777778,OVERSUPPLY,4483.0,0.0
749,20.1,Beige-S,1189,1190,15.0,35.666666666666664,10.0,4500.0,0.007925925925925925,OVERSUPPLY,4464.333333333333,0.0
749,20.1,Beige-S,1189,1190,16.0,56.333333333333336,9.0,4050.0,0.013909465020576132,OVERSUPPLY,3993.6666666666665,0.0
749,20.1,Beige-S,1189,1190,17.0,51.666666666666664,10.0,4500.0,0.011481481481481481,OVERSUPPLY,4448.333333333333,0.0
749,20.1,Beige-S,1189,1190,18.0,32.333333333333336,10.0,4500.0,0.007185185185185186,OVERSUPPLY,4467.666666666667,0.0
749,20.1,Beige-S,1189,1190,19.0,22.666666666666668,9.0,4050.0,0.005596707818930041,OVERSUPPLY,4027.3333333333335,0.0
749,20.1,Beige-S,1189,1190,20.0,6.0,10.0,4500.0,0.0013333333333333333,OVERSUPPLY,4494.0,0.0
749,20.1,Beige-S,1189,1190,21.0,2.6666666666666665,10.0,4500.0,0.0005925925925925926,OVERSUPPLY,4497.333333333333,0.0
749,20.1,Beige-S,1189,1190,22.0,2.0,9.0,4050.0,0.0004938271604938272,OVERSUPPLY,4048.0,0.0
749,20.1,Beige-S,1189,1190,23.0,1.3333333333333333,3.0,1350.0,0.0009876543209876543,OVERSUPPLY,1348.6666666666667,0.0
752,3.2,Orange-N,1191,1194,5.0,18.666666666666668,3.0,1350.0,0.013827160493827161,OVERSUPPLY,1331.3333333333333,0.0
752,3.2,Orange-N,1191,1194,6.0,68.83333333333333,3.0,1350.0,0.05098765432098765,OVERSUPPLY,1281.1666666666667,0.0
752,3.2,Orange-N,1191,1194,7.0,185.0,3.0,1350.0,0.13703703703703704,OVERSUPPLY,1165.0,0.0
752,3.2,Orange-N,1191,1194,8.0,199.33333333333334,3.0,1350.0,0.14765432098765433,OVERSUPPLY,1150.6666666666667,0.0
752,3.2,Orange-N,1191,1194,9.0,152.33333333333334,3.0,1350.0,0.11283950617283951,OVERSUPPLY,1197.6666666666667,0.0
752,3.2,Orange-N,1191,1194,10.0,117.0,3.0,1350.0,0.08666666666666667,OVERSUPPLY,1233.0,0.0
752,3.2,Orange-N,1191,1194,11.0,87.16666666666667,3.0,1350.0,0.0645679012345679,OVERSUPPLY,1262.8333333333333,0.0
752,3.2,Orange-N,1191,1194,12.0,115.33333333333333,3.0,1350.0,0.08543209876543209,OVERSUPPLY,1234.6666666666667,0.0
752,3.2,Orange-N,1191,1194,13.0,131.33333333333334,3.0,1350.0,0.09728395061728395,OVERSUPPLY,1218.6666666666667,0.0
752,3.2,Orange-N,1191,1194,14.0,176.0,3.0,1350.0,0.13037037037037036,OVERSUPPLY,1174.0,0.0
752,3.2,Orange-N,1191,1194,15.0,270.0,3.0,1350.0,0.2,BALANCED,1080.0,0.0
752,3.2,Orange-N,1191,1194,16.0,353.3333333333333,3.0,1350.0,0.2617283950617284,BALANCED,996.6666666666667,0.0
752,3.2,Orange-N,1191,1194,17.0,519.1666666666666,3.0,1350.0,0.38456790123456785,BALANCED,830.8333333333334,0.0
752,3.2,Orange-N,1191,1194,18.0,380.0,3.0,1350.0,0.2814814814814815,BALANCED,970.0,0.0
752,3.2,Orange-N,1191,1194,19.0,250.83333333333334,3.0,1350.0,0.18580246913580248,OVERSUPPLY,1099.1666666666667,0.0
752,3.2,Orange-N,1191,1194,20.0,130.16666666666666,3.0,1350.0,0.09641975308641974,OVERSUPPLY,1219.8333333333333,0.0
752,3.2,Orange-N,1191,1194,21.0,70.5,3.0,1350.0,0.052222222222222225,OVERSUPPLY,1279.5,0.0
752,3.2,Orange-N,1191,1194,22.0,52.33333333333333,3.0,1350.0,0.03876543209876543,OVERSUPPLY,1297.6666666666667,0.0
752,3.2,Orange-N,1191,1194,23.0,67.0,3.0,1350.0,0.04962962962962963,OVERSUPPLY,1283.0,0.0
754,3.2,Orange-N,1192,1195,5.0,20.833333333333332,3.0,1350.0,0.015432098765432098,OVERSUPPLY,1329.1666666666667,0.0
754,3.2,Orange-N,1192,1195,6.0,78.33333333333333,3.0,1350.0,0.05802469135802469,OVERSUPPLY,1271.6666666666667,0.0
754,3.2,Orange-N,1192,1195,7.0,202.5,3.0,1350.0,0.15,OVERSUPPLY,1147.5,0.0
754,3.2,Orange-N,1192,1195,8.0,230.83333333333334,3.0,1350.0,0.17098765432098767,OVERSUPPLY,1119.1666666666667,0.0
754,3.2,Orange-N,1192,1195,9.0,158.33333333333334,3.0,1350.0,0.11728395061728396,OVERSUPPLY,1191.6666666666667,0.0
754,3.2,Orange-N,1192,1195,10.0,118.5,3.0,1350.0,0.08777777777777777,OVERSUPPLY,1231.5,0.0
754,3.2,Orange-N,1192,1195,11.0,83.5,3.0,1350.0,0.06185185185185185,OVERSUPPLY,1266.5,0.0
754,3.2,Orange-N,1192,1195,12.0,106.83333333333333,3.0,1350.0,0.0791358024691358,OVERSUPPLY,1243.1666666666667,0.0
754,3.2,Orange-N,1192,1195,13.0,105.33333333333333,3.0,1350.0,0.07802469135802469,OVERSUPPLY,1244.6666666666667,0.0
754,3.2,Orange-N,1192,1195,14.0,136.5,3.0,1350.0,0.10111111111111111,OVERSUPPLY,1213.5,0.0
754,3.2,Orange-N,1192,1195,15.0,192.66666666666666,3.0,1350.0,0.14271604938271604,OVERSUPPLY,1157.3333333333333,0.0
754,3.2,Orange-N,1192,1195,16.0,240.83333333333334,3.0,1350.0,0.17839506172839506,OVERSUPPLY,1109.1666666666667,0.0
754,3.2,Orange-N,1192,1195,17.0,353.3333333333333,3.0,1350.0,0.2617283950617284,BALANCED,996.6666666666667,0.0
754,3.2,Orange-N,1192,1195,18.0,270.6666666666667,3.0,1350.0,0.20049382716049385,BALANCED,1079.3333333333333,0.0
754,3.2,Orange-N,1192,1195,19.0,172.33333333333334,3.0,1350.0,0.12765432098765433,OVERSUPPLY,1177.6666666666667,0.0
754,3.2,Orange-N,1192,1195,20.0,99.16666666666667,3.0,1350.0,0.0734567901234568,OVERSUPPLY,1250.8333333333333,0.0
754,3.2,Orange-N,1192,1195,21.0,49.833333333333336,3.0,1350.0,0.03691358024691358,OVERSUPPLY,1300.1666666666667,0.0
754,3.2,Orange-N,1192,1195,22.0,35.5,3.0,1350.0,0.026296296296296297,OVERSUPPLY,1314.5,0.0
754,3.2,Orange-N,1192,1195,23.0,41.5,3.0,1350.0,0.030740740740740742,OVERSUPPLY,1308.5,0.0
756,3.2,Orange-N,1193,1196,5.0,2.0,3.0,1350.0,0.0014814814814814814,OVERSUPPLY,1348.0,0.0
756,3.2,Orange-N,1193,1196,6.0,7.166666666666666,3.0,1350.0,0.005308641975308641,OVERSUPPLY,1342.8333333333333,0.0
756,3.2,Orange-N,1193,1196,7.0,21.833333333333332,3.0,1350.0,0.016172839506172838,OVERSUPPLY,1328.1666666666667,0.0
756,3.2,Orange-N,1193,1196,8.0,22.666666666666668,3.0,1350.0,0.016790123456790124,OVERSUPPLY,1327.3333333333333,0.0
756,3.2,Orange-N,1193,1196,9.0,17.833333333333332,3.0,1350.0,0.013209876543209875,OVERSUPPLY,1332.1666666666667,0.0
756,3.2,Orange-N,1193,1196,10.0,9.166666666666666,3.0,1350.0,0.006790123456790123,OVERSUPPLY,1340.8333333333333,0.0
756,3.2,Orange-N,1193,1196,11.0,6.166666666666666,3.0,1350.0,0.004567901234567901,OVERSUPPLY,1343.8333333333333,0.0
756,3.2,Orange-N,1193,1196,12.0,7.0,3.0,1350.0,0.005185185185185185,OVERSUPPLY,1343.0,0.0
756,3.2,Orange-N,1193,1196,13.0,8.666666666666666,3.0,1350.0,0.006419753086419753,OVERSUPPLY,1341.3333333333333,0.0
756,3.2,Orange-N,1193,1196,14.0,6.166666666666667,3.0,1350.0,0.004567901234567902,OVERSUPPLY,1343.8333333333333,0.0
756,3.2,Orange-N,1193,1196,15.0,7.0,3.0,1350.0,0.005185185185185185,OVERSUPPLY,1343.0,0.0
756,3.2,Orange-N,1193,1196,16.0,10.5,3.0,1350.0,0.0077777777777777776,OVERSUPPLY,1339.5,0.0
756,3.2,Orange-N,1193,1196,17.0,11.833333333333334,3.0,1350.0,0.008765432098765432,OVERSUPPLY,1338.1666666666667,0.0
756,3.2,Orange-N,1193,1196,18.0,13.0,3.0,1350.0,0.00962962962962963,OVERSUPPLY,1337.0,0.0
756,3.2,Orange-N,1193,1196,19.0,8.666666666666666,3.0,1350.0,0.006419753086419753,OVERSUPPLY,1341.3333333333333,0.0
756,3.2,Orange-N,1193,1196,20.0,3.6666666666666665,3.0,1350.0,0.0027160493827160493,OVERSUPPLY,1346.3333333333333,0.0
756,3.2,Orange-N,1193,1196,21.0,3.1666666666666665,3.0,1350.0,0.002345679012345679,OVERSUPPLY,1346.8333333333333,0.0
756,3.2,Orange-N,1193,1196,22.0,0.6666666666666666,3.0,1350.0,0.0004938271604938272,OVERSUPPLY,1349.3333333333333,0.0
756,3.2,Orange-N,1193,1196,23.0,0.3333333333333333,3.0,1350.0,0.0002469135802469136,OVERSUPPLY,1349.6666666666667,0.0
758,3.2,Orange-N,1194,1224,5.0,17.0,3.0,1350.0,0.012592592592592593,OVERSUPPLY,1333.0,0.0
758,3.2,Orange-N,1194,1224,6.0,60.833333333333336,3.0,1350.0,0.04506172839506173,OVERSUPPLY,1289.1666666666667,0.0
758,3.2,Orange-N,1194,1224,7.0,159.83333333333334,3.0,1350.0,0.11839506172839506,OVERSUPPLY,1190.1666666666667,0.0
758,3.2,Orange-N,1194,1224,8.0,188.0,3.0,1350.0,0.13925925925925925,OVERSUPPLY,1162.0,0.0
758,3.2,Orange-N,1194,1224,9.0,155.5,3.0,1350.0,0.11518518518518518,OVERSUPPLY,1194.5,0.0
758,3.2,Orange-N,1194,1224,10.0,122.33333333333333,3.0,1350.0,0.09061728395061729,OVERSUPPLY,1227.6666666666667,0.0
758,3.2,Orange-N,1194,1224,11.0,87.5,3.0,1350.0,0.06481481481481481,OVERSUPPLY,1262.5,0.0
758,3.2,Orange-N,1194,1224,12.0,121.0,3.0,1350.0,0.08962962962962963,OVERSUPPLY,1229.0,0.0
758,3.2,Orange-N,1194,1224,13.0,139.66666666666666,3.0,1350.0,0.10345679012345678,OVERSUPPLY,1210.3333333333333,0.0
758,3.2,Orange-N,1194,1224,14.0,178.66666666666666,3.0,1350.0,0.13234567901234567,OVERSUPPLY,1171.3333333333333,0.0
758,3.2,Orange-N,1194,1224,15.0,280.8333333333333,3.0,1350.0,0.20802469135802468,BALANCED,1069.1666666666667,0.0
758,3.2,Orange-N,1194,1224,16.0,377.5,3.0,1350.0,0.2796296296296296,BALANCED,972.5,0.0
758,3.2,Orange-N,1194,1224,17.0,547.1666666666666,3.0,1350.0,0.40530864197530864,BALANCED,802.8333333333334,0.0
758,3.2,Orange-N,1194,1224,18.0,395.3333333333333,3.0,1350.0,0.2928395061728395,BALANCED,954.6666666666667,0.0
758,3.2,Orange-N,1194,1224,19.0,258.0,3.0,1350.0,0.19111111111111112,OVERSUPPLY,1092.0,0.0
758,3.2,Orange-N,1194,1224,20.0,133.66666666666666,3.0,1350.0,0.09901234567901233,OVERSUPPLY,1216.3333333333333,0.0
758,3.2,Orange-N,1194,1224,21.0,72.83333333333333,3.0,1350.0,0.05395061728395061,OVERSUPPLY,1277.1666666666667,0.0
758,3.2,Orange-N,1194,1224,22.0,58.5,3.0,1350.0,0.043333333333333335,OVERSUPPLY,1291.5,0.0
758,3.2,Orange-N,1194,1224,23.0,70.0,3.0,1350.0,0.05185185185185185,OVERSUPPLY,1280.0,0.0
760,3.2,Orange-N,1195,1225,5.0,18.0,3.0,1350.0,0.013333333333333334,OVERSUPPLY,1332.0,0.0
760,3.2,Orange-N,1195,1225,6.0,65.66666666666667,3.0,1350.0,0.04864197530864198,OVERSUPPLY,1284.3333333333333,0.0
760,3.2,Orange-N,1195,1225,7.0,168.0,3.0,1350.0,0.12444444444444444,OVERSUPPLY,1182.0,0.0
760,3.2,Orange-N,1195,1225,8.0,206.0,3.0,1350.0,0.15259259259259259,OVERSUPPLY,1144.0,0.0
760,3.2,Orange-N,1195,1225,9.0,157.5,3.0,1350.0,0.11666666666666667,OVERSUPPLY,1192.5,0.0
760,3.2,Orange-N,1195,1225,10.0,122.5,3.0,1350.0,0.09074074074074075,OVERSUPPLY,1227.5,0.0
760,3.2,Orange-N,1195,1225,11.0,82.16666666666667,3.0,1350.0,0.0608641975308642,OVERSUPPLY,1267.8333333333333,0.0
760,3.2,Orange-N,1195,1225,12.0,109.5,3.0,1350.0,0.0811111111111111,OVERSUPPLY,1240.5,0.0
760,3.2,Orange-N,1195,1225,13.0,111.33333333333333,3.0,1350.0,0.08246913580246913,OVERSUPPLY,1238.6666666666667,0.0
760,3.2,Orange-N,1195,1225,14.0,136.16666666666666,3.0,1350.0,0.10086419753086419,OVERSUPPLY,1213.8333333333333,0.0
760,3.2,Orange-N,1195,1225,15.0,200.16666666666666,3.0,1350.0,0.1482716049382716,OVERSUPPLY,1149.8333333333333,0.0
760,3.2,Orange-N,1195,1225,16.0,260.1666666666667,3.0,1350.0,0.19271604938271605,OVERSUPPLY,1089.8333333333333,0.0
760,3.2,Orange-N,1195,1225,17.0,375.5,3.0,1350.0,0.27814814814814814,BALANCED,974.5,0.0
760,3.2,Orange-N,1195,1225,18.0,282.6666666666667,3.0,1350.0,0.20938271604938272,BALANCED,1067.3333333333333,0.0
760,3.2,Orange-N,1195,1225,19.0,174.5,3.0,1350.0,0.12925925925925927,OVERSUPPLY,1175.5,0.0
760,3.2,Orange-N,1195,1225,20.0,99.83333333333333,3.0,1350.0,0.07395061728395061,OVERSUPPLY,1250.1666666666667,0.0
760,3.2,Orange-N,1195,1225,21.0,51.166666666666664,3.0,1350.0,0.03790123456790123,OVERSUPPLY,1298.8333333333333,0.0
760,3.2,Orange-N,1195,1225,22.0,40.833333333333336,3.0,1350.0,0.030246913580246917,OVERSUPPLY,1309.1666666666667,0.0
760,3.2,Orange-N,1195,1225,23.0,44.333333333333336,3.0,1350.0,0.03283950617283951,OVERSUPPLY,1305.6666666666667,0.0
762,3.2,Orange-N,1196,1226,5.0,1.6666666666666665,3.0,1350.0,0.0012345679012345679,OVERSUPPLY,1348.3333333333333,0.0
762,3.2,Orange-N,1196,1226,6.0,5.0,3.0,1350.0,0.003703703703703704,OVERSUPPLY,1345.0,0.0
762,3.2,Orange-N,1196,1226,7.0,19.0,3.0,1350.0,0.014074074074074074,OVERSUPPLY,1331.0,0.0
762,3.2,Orange-N,1196,1226,8.0,17.166666666666668,3.0,1350.0,0.01271604938271605,OVERSUPPLY,1332.8333333333333,0.0
762,3.2,Orange-N,1196,1226,9.0,15.166666666666666,3.0,1350.0,0.011234567901234567,OVERSUPPLY,1334.8333333333333,0.0
762,3.2,Orange-N,1196,1226,10.0,8.333333333333334,3.0,1350.0,0.00617283950617284,OVERSUPPLY,1341.6666666666667,0.0
762,3.2,Orange-N,1196,1226,11.0,5.333333333333333,3.0,1350.0,0.003950617283950617,OVERSUPPLY,1344.6666666666667,0.0
762,3.2,Orange-N,1196,1226,12.0,6.333333333333334,3.0,1350.0,0.004691358024691359,OVERSUPPLY,1343.6666666666667,0.0
762,3.2,Orange-N,1196,1226,13.0,7.833333333333334,3.0,1350.0,0.005802469135802469,OVERSUPPLY,1342.1666666666667,0.0
762,3.2,Orange-N,1196,1226,14.0,4.833333333333333,3.0,1350.0,0.0035802469135802466,OVERSUPPLY,1345.1666666666667,0.0
762,3.2,Orange-N,1196,1226,15.0,5.166666666666667,3.0,1350.0,0.0038271604938271606,OVERSUPPLY,1344.8333333333333,0.0
762,3.2,Orange-N,1196,1226,16.0,9.666666666666666,3.0,1350.0,0.007160493827160493,OVERSUPPLY,1340.3333333333333,0.0
762,3.2,Orange-N,1196,1226,17.0,10.333333333333332,3.0,1350.0,0.00765432098765432,OVERSUPPLY,1339.6666666666667,0.0
762,3.2,Orange-N,1196,1226,18.0,12.5,3.0,1350.0,0.009259259259259259,OVERSUPPLY,1337.5,0.0
762,3.2,Orange-N,1196,1226,19.0,7.666666666666666,3.0,1350.0,0.005679012345679012,OVERSUPPLY,1342.3333333333333,0.0
762,3.2,Orange-N,1196,1226,20.0,3.5,3.0,1350.0,0.0025925925925925925,OVERSUPPLY,1346.5,0.0
762,3.2,Orange-N,1196,1226,21.0,3.0,3.0,1350.0,0.0022222222222222222,OVERSUPPLY,1347.0,0.0
762,3.2,Orange-N,1196,1226,22.0,0.6666666666666666,3.0,1350.0,0.0004938271604938272,OVERSUPPLY,1349.3333333333333,0.0
762,3.2,Orange-N,1196,1226,23.0,0.3333333333333333,3.0,1350.0,0.0002469135802469136,OVERSUPPLY,1349.6666666666667,0.0
764,3.2,Orange-N,1197,1207,5.0,11.0,3.0,1350.0,0.008148148148148147,OVERSUPPLY,1339.0,0.0
764,3.2,Orange-N,1197,1207,6.0,57.833333333333336,3.0,1350.0,0.042839506172839506,OVERSUPPLY,1292.1666666666667,0.0
764,3.2,Orange-N,1197,1207,7.0,174.33333333333334,3.0,1350.0,0.1291358024691358,OVERSUPPLY,1175.6666666666667,0.0
764,3.2,Orange-N,1197,1207,8.0,244.33333333333334,3.0,1350.0,0.18098765432098765,OVERSUPPLY,1105.6666666666667,0.0
764,3.2,Orange-N,1197,1207,9.0,183.66666666666666,3.0,1350.0,0.13604938271604938,OVERSUPPLY,1166.3333333333333,0.0
764,3.2,Orange-N,1197,1207,10.0,136.83333333333334,3.0,1350.0,0.10135802469135803,OVERSUPPLY,1213.1666666666667,0.0
764,3.2,Orange-N,1197,1207,11.0,113.0,3.0,1350.0,0.0837037037037037,OVERSUPPLY,1237.0,0.0
764,3.2,Orange-N,1197,1207,12.0,135.33333333333334,3.0,1350.0,0.10024691358024693,OVERSUPPLY,1214.6666666666667,0.0
764,3.2,Orange-N,1197,1207,13.0,149.33333333333334,3.0,1350.0,0.11061728395061729,OVERSUPPLY,1200.6666666666667,0.0
764,3.2,Orange-N,1197,1207,14.0,185.5,3.0,1350.0,0.1374074074074074,OVERSUPPLY,1164.5,0.0
764,3.2,Orange-N,1197,1207,15.0,284.5,3.0,1350.0,0.21074074074074073,BALANCED,1065.5,0.0
764,3.2,Orange-N,1197,1207,16.0,384.6666666666667,3.0,1350.0,0.2849382716049383,BALANCED,965.3333333333333,0.0
764,3.2,Orange-N,1197,1207,17.0,522.1666666666666,3.0,1350.0,0.3867901234567901,BALANCED,827.8333333333334,0.0
764,3.2,Orange-N,1197,1207,18.0,397.8333333333333,3.0,1350.0,0.2946913580246913,BALANCED,952.1666666666667,0.0
764,3.2,Orange-N,1197,1207,19.0,235.33333333333334,3.0,1350.0,0.174320987654321,OVERSUPPLY,1114.6666666666667,0.0
764,3.2,Orange-N,1197,1207,20.0,125.16666666666667,3.0,1350.0,0.09271604938271605,OVERSUPPLY,1224.8333333333333,0.0
764,3.2,Orange-N,1197,1207,21.0,70.5,3.0,1350.0,0.052222222222222225,OVERSUPPLY,1279.5,0.0
764,3.2,Orange-N,1197,1207,22.0,57.5,3.0,1350.0,0.04259259259259259,OVERSUPPLY,1292.5,0.0
764,3.2,Orange-N,1197,1207,23.0,69.0,3.0,1350.0,0.051111111111111114,OVERSUPPLY,1281.0,0.0
766,3.2,Orange-N,1198,1208,5.0,6.5,3.0,1350.0,0.004814814814814815,OVERSUPPLY,1343.5,0.0
766,3.2,Orange-N,1198,1208,6.0,42.0,3.0,1350.0,0.03111111111111111,OVERSUPPLY,1308.0,0.0
766,3.2,Orange-N,1198,1208,7.0,124.33333333333333,3.0,1350.0,0.09209876543209876,OVERSUPPLY,1225.6666666666667,0.0
766,3.2,Orange-N,1198,1208,8.0,168.5,3.0,1350.0,0.12481481481481481,OVERSUPPLY,1181.5,0.0
766,3.2,Orange-N,1198,1208,9.0,135.83333333333334,3.0,1350.0,0.1006172839506173,OVERSUPPLY,1214.1666666666667,0.0
766,3.2,Orange-N,1198,1208,10.0,100.0,3.0,1350.0,0.07407407407407407,OVERSUPPLY,1250.0,0.0
766,3.2,Orange-N,1198,1208,11.0,76.16666666666667,3.0,1350.0,0.056419753086419756,OVERSUPPLY,1273.8333333333333,0.0
766,3.2,Orange-N,1198,1208,12.0,99.83333333333333,3.0,1350.0,0.07395061728395061,OVERSUPPLY,1250.1666666666667,0.0
766,3.2,Orange-N,1198,1208,13.0,96.33333333333333,3.0,1350.0,0.07135802469135802,OVERSUPPLY,1253.6666666666667,0.0
766,3.2,Orange-N,1198,1208,14.0,116.0,3.0,1350.0,0.08592592592592592,OVERSUPPLY,1234.0,0.0
766,3.2,Orange-N,1198,1208,15.0,182.16666666666666,3.0,1350.0,0.13493827160493826,OVERSUPPLY,1167.8333333333333,0.0
766,3.2,Orange-N,1198,1208,16.0,239.16666666666666,3.0,1350.0,0.17716049382716048,OVERSUPPLY,1110.8333333333333,0.0
766,3.2,Orange-N,1198,1208,17.0,336.5,3.0,1350.0,0.24925925925925926,BALANCED,1013.5,0.0
766,3.2,Orange-N,1198,1208,18.0,249.83333333333334,3.0,1350.0,0.18506172839506174,OVERSUPPLY,1100.1666666666667,0.0
766,3.2,Orange-N,1198,1208,19.0,135.16666666666666,3.0,1350.0,0.10012345679012345,OVERSUPPLY,1214.8333333333333,0.0
766,3.2,Orange-N,1198,1208,20.0,79.0,3.0,1350.0,0.05851851851851852,OVERSUPPLY,1271.0,0.0
766,3.2,Orange-N,1198,1208,21.0,38.666666666666664,3.0,1350.0,0.028641975308641973,OVERSUPPLY,1311.3333333333333,0.0
766,3.2,Orange-N,1198,1208,22.0,32.833333333333336,3.0,1350.0,0.02432098765432099,OVERSUPPLY,1317.1666666666667,0.0
766,3.2,Orange-N,1198,1208,23.0,38.5,3.0,1350.0,0.02851851851851852,OVERSUPPLY,1311.5,0.0
768,3.2,Orange-N,1199,1209,6.0,1.8333333333333333,3.0,1350.0,0.0013580246913580246,OVERSUPPLY,1348.1666666666667,0.0
768,3.2,Orange-N,1199,1209,7.0,11.833333333333332,3.0,1350.0,0.008765432098765432,OVERSUPPLY,1338.1666666666667,0.0
768,3.2,Orange-N,1199,1209,8.0,11.0,3.0,1350.0,0.008148148148148147,OVERSUPPLY,1339.0,0.0
768,3.2,Orange-N,1199,1209,9.0,13.5,3.0,1350.0,0.01,OVERSUPPLY,1336.5,0.0
768,3.2,Orange-N,1199,1209,10.0,5.666666666666666,3.0,1350.0,0.00419753086419753,OVERSUPPLY,1344.3333333333333,0.0
768,3.2,Orange-N,1199,1209,11.0,3.6666666666666665,3.0,1350.0,0.0027160493827160493,OVERSUPPLY,1346.3333333333333,0.0
768,3.2,Orange-N,1199,1209,12.0,4.5,3.0,1350.0,0.0033333333333333335,OVERSUPPLY,1345.5,0.0
768,3.2,Orange-N,1199,1209,13.0,5.666666666666667,3.0,1350.0,0.004197530864197531,OVERSUPPLY,1344.3333333333333,0.0
768,3.2,Orange-N,1199,1209,14.0,2.6666666666666665,3.0,1350.0,0.0019753086419753087,OVERSUPPLY,1347.3333333333333,0.0
768,3.2,Orange-N,1199,1209,15.0,3.5,3.0,1350.0,0.0025925925925925925,OVERSUPPLY,1346.5,0.0
768,3.2,Orange-N,1199,1209,16.0,5.333333333333333,3.0,1350.0,0.003950617283950617,OVERSUPPLY,1344.6666666666667,0.0
768,3.2,Orange-N,1199,1209,17.0,6.666666666666666,3.0,1350.0,0.0049382716049382715,OVERSUPPLY,1343.3333333333333,0.0
768,3.2,Orange-N,1199,1209,18.0,7.833333333333333,3.0,1350.0,0.005802469135802469,OVERSUPPLY,1342.1666666666667,0.0
768,3.2,Orange-N,1199,1209,19.0,3.6666666666666665,3.0,1350.0,0.0027160493827160493,OVERSUPPLY,1346.3333333333333,0.0
768,3.2,Orange-N,1199,1209,20.0,2.6666666666666665,3.0,1350.0,0.0019753086419753087,OVERSUPPLY,1347.3333333333333,0.0
768,3.2,Orange-N,1199,1209,21.0,1.8333333333333333,3.0,1350.0,0.0013580246913580246,OVERSUPPLY,1348.1666666666667,0.0
768,3.2,Orange-N,1199,1209,22.0,0.5,3.0,1350.0,0.00037037037037037035,OVERSUPPLY,1349.5,0.0
770,3.2,Orange-N,1200,1237,5.0,59.333333333333336,3.0,1350.0,0.04395061728395062,OVERSUPPLY,1290.6666666666667,0.0
770,3.2,Orange-N,1200,1237,6.0,156.0,3.0,1350.0,0.11555555555555555,OVERSUPPLY,1194.0,0.0
770,3.2,Orange-N,1200,1237,7.0,276.3333333333333,3.0,1350.0,0.20469135802469135,BALANCED,1073.6666666666667,0.0
770,3.2,Orange-N,1200,1237,8.0,284.0,3.0,1350.0,0.21037037037037037,BALANCED,1066.0,0.0
770,3.2,Orange-N,1200,1237,9.0,152.33333333333334,3.0,1350.0,0.11283950617283951,OVERSUPPLY,1197.6666666666667,0.0
770,3.2,Orange-N,1200,1237,10.0,90.33333333333333,3.0,1350.0,0.06691358024691357,OVERSUPPLY,1259.6666666666667,0.0
770,3.2,Orange-N,1200,1237,11.0,72.33333333333333,3.0,1350.0,0.053580246913580244,OVERSUPPLY,1277.6666666666667,0.0
770,3.2,Orange-N,1200,1237,12.0,67.16666666666667,3.0,1350.0,0.04975308641975309,OVERSUPPLY,1282.8333333333333,0.0
770,3.2,Orange-N,1200,1237,13.0,75.66666666666667,3.0,1350.0,0.05604938271604939,OVERSUPPLY,1274.3333333333333,0.0
770,3.2,Orange-N,1200,1237,14.0,82.66666666666667,3.0,1350.0,0.06123456790123457,OVERSUPPLY,1267.3333333333333,0.0
770,3.2,Orange-N,1200,1237,15.0,98.16666666666667,3.0,1350.0,0.07271604938271606,OVERSUPPLY,1251.8333333333333,0.0
770,3.2,Orange-N,1200,1237,16.0,139.83333333333334,3.0,1350.0,0.10358024691358025,OVERSUPPLY,1210.1666666666667,0.0
770,3.2,Orange-N,1200,1237,17.0,153.0,3.0,1350.0,0.11333333333333333,OVERSUPPLY,1197.0,0.0
770,3.2,Orange-N,1200,1237,18.0,102.33333333333333,3.0,1350.0,0.07580246913580246,OVERSUPPLY,1247.6666666666667,0.0
770,3.2,Orange-N,1200,1237,19.0,63.5,3.0,1350.0,0.04703703703703704,OVERSUPPLY,1286.5,0.0
770,3.2,Orange-N,1200,1237,20.0,34.666666666666664,3.0,1350.0,0.02567901234567901,OVERSUPPLY,1315.3333333333333,0.0
770,3.2,Orange-N,1200,1237,21.0,28.333333333333332,3.0,1350.0,0.020987654320987655,OVERSUPPLY,1321.6666666666667,0.0
770,3.2,Orange-N,1200,1237,22.0,20.5,3.0,1350.0,0.015185185185185185,OVERSUPPLY,1329.5,0.0
770,3.2,Orange-N,1200,1237,23.0,10.833333333333332,3.0,1350.0,0.00802469135802469,OVERSUPPLY,1339.1666666666667,0.0
772,3.2,Orange-N,1201,1238,5.0,65.83333333333333,3.0,1350.0,0.04876543209876543,OVERSUPPLY,1284.1666666666667,0.0
772,3.2,Orange-N,1201,1238,6.0,208.33333333333334,3.0,1350.0,0.154320987654321,OVERSUPPLY,1141.6666666666667,0.0
772,3.2,Orange-N,1201,1238,7.0,416.6666666666667,3.0,1350.0,0.308641975308642,BALANCED,933.3333333333333,0.0
772,3.2,Orange-N,1201,1238,8.0,453.0,3.0,1350.0,0.33555555555555555,BALANCED,897.0,0.0
772,3.2,Orange-N,1201,1238,9.0,245.5,3.0,1350.0,0.18185185185185185,OVERSUPPLY,1104.5,0.0
772,3.2,Orange-N,1201,1238,10.0,148.83333333333334,3.0,1350.0,0.11024691358024692,OVERSUPPLY,1201.1666666666667,0.0
772,3.2,Orange-N,1201,1238,11.0,120.33333333333333,3.0,1350.0,0.0891358024691358,OVERSUPPLY,1229.6666666666667,0.0
772,3.2,Orange-N,1201,1238,12.0,125.66666666666667,3.0,1350.0,0.09308641975308643,OVERSUPPLY,1224.3333333333333,0.0
772,3.2,Orange-N,1201,1238,13.0,109.5,3.0,1350.0,0.0811111111111111,OVERSUPPLY,1240.5,0.0
772,3.2,Orange-N,1201,1238,14.0,120.0,3.0,1350.0,0.08888888888888889,OVERSUPPLY,1230.0,0.0
772,3.2,Orange-N,1201,1238,15.0,131.16666666666666,3.0,1350.0,0.0971604938271605,OVERSUPPLY,1218.8333333333333,0.0
772,3.2,Orange-N,1201,1238,16.0,185.33333333333334,3.0,1350.0,0.13728395061728396,OVERSUPPLY,1164.6666666666667,0.0
772,3.2,Orange-N,1201,1238,17.0,229.66666666666666,3.0,1350.0,0.17012345679012345,OVERSUPPLY,1120.3333333333333,0.0
772,3.2,Orange-N,1201,1238,18.0,185.66666666666666,3.0,1350.0,0.13753086419753086,OVERSUPPLY,1164.3333333333333,0.0
772,3.2,Orange-N,1201,1238,19.0,125.0,3.0,1350.0,0.09259259259259259,OVERSUPPLY,1225.0,0.0
772,3.2,Orange-N,1201,1238,20.0,77.66666666666667,3.0,1350.0,0.05753086419753087,OVERSUPPLY,1272.3333333333333,0.0
772,3.2,Orange-N,1201,1238,21.0,47.666666666666664,3.0,1350.0,0.03530864197530864,OVERSUPPLY,1302.3333333333333,0.0
772,3.2,Orange-N,1201,1238,22.0,37.333333333333336,3.0,1350.0,0.027654320987654323,OVERSUPPLY,1312.6666666666667,0.0
772,3.2,Orange-N,1201,1238,23.0,20.666666666666664,3.0,1350.0,0.01530864197530864,OVERSUPPLY,1329.3333333333333,0.0
774,3.2,Orange-N,1202,1239,5.0,8.666666666666666,3.0,1350.0,0.006419753086419753,OVERSUPPLY,1341.3333333333333,0.0
774,3.2,Orange-N,1202,1239,6.0,37.666666666666664,3.0,1350.0,0.027901234567901233,OVERSUPPLY,1312.3333333333333,0.0
774,3.2,Orange-N,1202,1239,7.0,84.83333333333333,3.0,1350.0,0.0628395061728395,OVERSUPPLY,1265.1666666666667,0.0
774,3.2,Orange-N,1202,1239,8.0,93.0,3.0,1350.0,0.06888888888888889,OVERSUPPLY,1257.0,0.0
774,3.2,Orange-N,1202,1239,9.0,50.166666666666664,3.0,1350.0,0.03716049382716049,OVERSUPPLY,1299.8333333333333,0.0
774,3.2,Orange-N,1202,1239,10.0,23.0,3.0,1350.0,0.017037037037037038,OVERSUPPLY,1327.0,0.0
774,3.2,Orange-N,1202,1239,11.0,19.833333333333332,3.0,1350.0,0.014691358024691356,OVERSUPPLY,1330.1666666666667,0.0
774,3.2,Orange-N,1202,1239,12.0,23.333333333333332,3.0,1350.0,0.01728395061728395,OVERSUPPLY,1326.6666666666667,0.0
774,3.2,Orange-N,1202,1239,13.0,18.0,3.0,1350.0,0.013333333333333334,OVERSUPPLY,1332.0,0.0
774,3.2,Orange-N,1202,1239,14.0,22.833333333333332,3.0,1350.0,0.01691358024691358,OVERSUPPLY,1327.1666666666667,0.0
774,3.2,Orange-N,1202,1239,15.0,24.333333333333332,3.0,1350.0,0.018024691358024692,OVERSUPPLY,1325.6666666666667,0.0
774,3.2,Orange-N,1202,1239,16.0,37.833333333333336,3.0,1350.0,0.028024691358024694,OVERSUPPLY,1312.1666666666667,0.0
774,3.2,Orange-N,1202,1239,17.0,43.5,3.0,1350.0,0.03222222222222222,OVERSUPPLY,1306.5,0.0
774,3.2,Orange-N,1202,1239,18.0,28.0,3.0,1350.0,0.02074074074074074,OVERSUPPLY,1322.0,0.0
774,3.2,Orange-N,1202,1239,19.0,21.5,3.0,1350.0,0.015925925925925927,OVERSUPPLY,1328.5,0.0
774,3.2,Orange-N,1202,1239,20.0,9.833333333333334,3.0,1350.0,0.007283950617283951,OVERSUPPLY,1340.1666666666667,0.0
774,3.2,Orange-N,1202,1239,21.0,7.999999999999999,3.0,1350.0,0.005925925925925926,OVERSUPPLY,1342.0,0.0
774,3.2,Orange-N,1202,1239,22.0,5.666666666666666,3.0,1350.0,0.00419753086419753,OVERSUPPLY,1344.3333333333333,0.0
774,3.2,Orange-N,1202,1239,23.0,3.6666666666666665,3.0,1350.0,0.0027160493827160493,OVERSUPPLY,1346.3333333333333,0.0
776,3.2,Orange-N,1203,1227,5.0,8.666666666666666,3.0,1350.0,0.006419753086419753,OVERSUPPLY,1341.3333333333333,0.0
776,3.2,Orange-N,1203,1227,6.0,20.666666666666668,3.0,1350.0,0.015308641975308642,OVERSUPPLY,1329.3333333333333,0.0
776,3.2,Orange-N,1203,1227,7.0,36.333333333333336,3.0,1350.0,0.026913580246913583,OVERSUPPLY,1313.6666666666667,0.0
776,3.2,Orange-N,1203,1227,8.0,47.0,3.0,1350.0,0.03481481481481481,OVERSUPPLY,1303.0,0.0
776,3.2,Orange-N,1203,1227,9.0,27.166666666666664,3.0,1350.0,0.020123456790123454,OVERSUPPLY,1322.8333333333333,0.0
776,3.2,Orange-N,1203,1227,10.0,21.666666666666668,3.0,1350.0,0.016049382716049384,OVERSUPPLY,1328.3333333333333,0.0
776,3.2,Orange-N,1203,1227,11.0,18.666666666666668,3.0,1350.0,0.013827160493827161,OVERSUPPLY,1331.3333333333333,0.0
776,3.2,Orange-N,1203,1227,12.0,21.333333333333332,3.0,1350.0,0.01580246913580247,OVERSUPPLY,1328.6666666666667,0.0
776,3.2,Orange-N,1203,1227,13.0,14.5,3.0,1350.0,0.01074074074074074,OVERSUPPLY,1335.5,0.0
776,3.2,Orange-N,1203,1227,14.0,14.5,3.0,1350.0,0.01074074074074074,OVERSUPPLY,1335.5,0.0
776,3.2,Orange-N,1203,1227,15.0,20.333333333333332,3.0,1350.0,0.015061728395061728,OVERSUPPLY,1329.6666666666667,0.0
776,3.2,Orange-N,1203,1227,16.0,29.166666666666668,3.0,1350.0,0.02160493827160494,OVERSUPPLY,1320.8333333333333,0.0
776,3.2,Orange-N,1203,1227,17.0,29.166666666666668,3.0,1350.0,0.02160493827160494,OVERSUPPLY,1320.8333333333333,0.0
776,3.2,Orange-N,1203,1227,18.0,30.833333333333332,3.0,1350.0,0.022839506172839506,OVERSUPPLY,1319.1666666666667,0.0
776,3.2,Orange-N,1203,1227,19.0,26.666666666666668,3.0,1350.0,0.019753086419753086,OVERSUPPLY,1323.3333333333333,0.0
776,3.2,Orange-N,1203,1227,20.0,17.166666666666668,3.0,1350.0,0.01271604938271605,OVERSUPPLY,1332.8333333333333,0.0
776,3.2,Orange-N,1203,1227,21.0,6.5,3.0,1350.0,0.004814814814814815,OVERSUPPLY,1343.5,0.0
776,3.2,Orange-N,1203,1227,22.0,8.0,3.0,1350.0,0.005925925925925926,OVERSUPPLY,1342.0,0.0
776,3.2,Orange-N,1203,1227,23.0,5.5,3.0,1350.0,0.004074074074074074,OVERSUPPLY,1344.5,0.0
778,3.2,Orange-N,1204,1215,5.0,60.166666666666664,3.0,1350.0,0.0445679012345679,OVERSUPPLY,1289.8333333333333,0.0
778,3.2,Orange-N,1204,1215,6.0,165.33333333333334,3.0,1350.0,0.12246913580246914,OVERSUPPLY,1184.6666666666667,0.0
778,3.2,Orange-N,1204,1215,7.0,324.6666666666667,3.0,1350.0,0.24049382716049383,BALANCED,1025.3333333333333,0.0
778,3.2,Orange-N,1204,1215,8.0,353.5,3.0,1350.0,0.26185185185185184,BALANCED,996.5,0.0
778,3.2,Orange-N,1204,1215,9.0,194.16666666666666,3.0,1350.0,0.14382716049382716,OVERSUPPLY,1155.8333333333333,0.0
778,3.2,Orange-N,1204,1215,10.0,123.0,3.0,1350.0,0.09111111111111111,OVERSUPPLY,1227.0,0.0
778,3.2,Orange-N,1204,1215,11.0,92.16666666666667,3.0,1350.0,0.06827160493827161,OVERSUPPLY,1257.8333333333333,0.0
778,3.2,Orange-N,1204,1215,12.0,97.16666666666667,3.0,1350.0,0.07197530864197531,OVERSUPPLY,1252.8333333333333,0.0
778,3.2,Orange-N,1204,1215,13.0,100.83333333333333,3.0,1350.0,0.07469135802469136,OVERSUPPLY,1249.1666666666667,0.0
778,3.2,Orange-N,1204,1215,14.0,118.33333333333333,3.0,1350.0,0.08765432098765431,OVERSUPPLY,1231.6666666666667,0.0
778,3.2,Orange-N,1204,1215,15.0,129.5,3.0,1350.0,0.09592592592592593,OVERSUPPLY,1220.5,0.0
778,3.2,Orange-N,1204,1215,16.0,172.5,3.0,1350.0,0.12777777777777777,OVERSUPPLY,1177.5,0.0
778,3.2,Orange-N,1204,1215,17.0,196.66666666666666,3.0,1350.0,0.145679012345679,OVERSUPPLY,1153.3333333333333,0.0
778,3.2,Orange-N,1204,1215,18.0,134.33333333333334,3.0,1350.0,0.09950617283950618,OVERSUPPLY,1215.6666666666667,0.0
778,3.2,Orange-N,1204,1215,19.0,91.83333333333333,3.0,1350.0,0.06802469135802469,OVERSUPPLY,1258.1666666666667,0.0
778,3.2,Orange-N,1204,1215,20.0,52.33333333333333,3.0,1350.0,0.03876543209876543,OVERSUPPLY,1297.6666666666667,0.0
778,3.2,Orange-N,1204,1215,21.0,40.0,3.0,1350.0,0.02962962962962963,OVERSUPPLY,1310.0,0.0
778,3.2,Orange-N,1204,1215,22.0,29.666666666666668,3.0,1350.0,0.02197530864197531,OVERSUPPLY,1320.3333333333333,0.0
778,3.2,Orange-N,1204,1215,23.0,17.0,3.0,1350.0,0.012592592592592593,OVERSUPPLY,1333.0,0.0
780,3.2,Orange-N,1205,1216,5.0,61.333333333333336,3.0,1350.0,0.045432098765432104,OVERSUPPLY,1288.6666666666667,0.0
780,3.2,Orange-N,1205,1216,6.0,201.0,3.0,1350.0,0.14888888888888888,OVERSUPPLY,1149.0,0.0
780,3.2,Orange-N,1205,1216,7.0,424.0,3.0,1350.0,0.31407407407407406,BALANCED,926.0,0.0
780,3.2,Orange-N,1205,1216,8.0,482.0,3.0,1350.0,0.35703703703703704,BALANCED,868.0,0.0
780,3.2,Orange-N,1205,1216,9.0,266.5,3.0,1350.0,0.19740740740740742,OVERSUPPLY,1083.5,0.0
780,3.2,Orange-N,1205,1216,10.0,164.16666666666666,3.0,1350.0,0.12160493827160493,OVERSUPPLY,1185.8333333333333,0.0
780,3.2,Orange-N,1205,1216,11.0,124.83333333333333,3.0,1350.0,0.09246913580246913,OVERSUPPLY,1225.1666666666667,0.0
780,3.2,Orange-N,1205,1216,12.0,135.16666666666666,3.0,1350.0,0.10012345679012345,OVERSUPPLY,1214.8333333333333,0.0
780,3.2,Orange-N,1205,1216,13.0,114.33333333333333,3.0,1350.0,0.08469135802469135,OVERSUPPLY,1235.6666666666667,0.0
780,3.2,Orange-N,1205,1216,14.0,130.16666666666666,3.0,1350.0,0.09641975308641974,OVERSUPPLY,1219.8333333333333,0.0
780,3.2,Orange-N,1205,1216,15.0,131.16666666666666,3.0,1350.0,0.0971604938271605,OVERSUPPLY,1218.8333333333333,0.0
780,3.2,Orange-N,1205,1216,16.0,173.66666666666666,3.0,1350.0,0.12864197530864196,OVERSUPPLY,1176.3333333333333,0.0
780,3.2,Orange-N,1205,1216,17.0,224.66666666666666,3.0,1350.0,0.16641975308641974,OVERSUPPLY,1125.3333333333333,0.0
780,3.2,Orange-N,1205,1216,18.0,183.66666666666666,3.0,1350.0,0.13604938271604938,OVERSUPPLY,1166.3333333333333,0.0
780,3.2,Orange-N,1205,1216,19.0,131.16666666666666,3.0,1350.0,0.0971604938271605,OVERSUPPLY,1218.8333333333333,0.0
780,3.2,Orange-N,1205,1216,20.0,82.33333333333333,3.0,1350.0,0.06098765432098765,OVERSUPPLY,1267.6666666666667,0.0
780,3.2,Orange-N,1205,1216,21.0,49.0,3.0,1350.0,0.0362962962962963,OVERSUPPLY,1301.0,0.0
780,3.2,Orange-N,1205,1216,22.0,38.0,3.0,1350.0,0.028148148148148148,OVERSUPPLY,1312.0,0.0
780,3.2,Orange-N,1205,1216,23.0,21.166666666666664,3.0,1350.0,0.015679012345679012,OVERSUPPLY,1328.8333333333333,0.0
782,3.2,Orange-N,1206,1217,5.0,8.333333333333332,3.0,1350.0,0.006172839506172838,OVERSUPPLY,1341.6666666666667,0.0
782,3.2,Orange-N,1206,1217,6.0,33.833333333333336,3.0,1350.0,0.02506172839506173,OVERSUPPLY,1316.1666666666667,0.0
782,3.2,Orange-N,1206,1217,7.0,75.66666666666667,3.0,1350.0,0.05604938271604939,OVERSUPPLY,1274.3333333333333,0.0
782,3.2,Orange-N,1206,1217,8.0,86.66666666666666,3.0,1350.0,0.06419753086419752,OVERSUPPLY,1263.3333333333333,0.0
782,3.2,Orange-N,1206,1217,9.0,46.666666666666664,3.0,1350.0,0.0345679012345679,OVERSUPPLY,1303.3333333333333,0.0
782,3.2,Orange-N,1206,1217,10.0,21.666666666666668,3.0,1350.0,0.016049382716049384,OVERSUPPLY,1328.3333333333333,0.0
782,3.2,Orange-N,1206,1217,11.0,18.5,3.0,1350.0,0.013703703703703704,OVERSUPPLY,1331.5,0.0
782,3.2,Orange-N,1206,1217,12.0,20.333333333333332,3.0,1350.0,0.015061728395061728,OVERSUPPLY,1329.6666666666667,0.0
782,3.2,Orange-N,1206,1217,13.0,15.5,3.0,1350.0,0.011481481481481481,OVERSUPPLY,1334.5,0.0
782,3.2,Orange-N,1206,1217,14.0,18.166666666666668,3.0,1350.0,0.013456790123456791,OVERSUPPLY,1331.8333333333333,0.0
782,3.2,Orange-N,1206,1217,15.0,20.666666666666668,3.0,1350.0,0.015308641975308642,OVERSUPPLY,1329.3333333333333,0.0
782,3.2,Orange-N,1206,1217,16.0,28.166666666666668,3.0,1350.0,0.020864197530864197,OVERSUPPLY,1321.8333333333333,0.0
782,3.2,Orange-N,1206,1217,17.0,35.0,3.0,1350.0,0.025925925925925925,OVERSUPPLY,1315.0,0.0
782,3.2,Orange-N,1206,1217,18.0,22.166666666666668,3.0,1350.0,0.016419753086419756,OVERSUPPLY,1327.8333333333333,0.0
782,3.2,Orange-N,1206,1217,19.0,18.0,3.0,1350.0,0.013333333333333334,OVERSUPPLY,1332.0,0.0
782,3.2,Orange-N,1206,1217,20.0,8.666666666666666,3.0,1350.0,0.006419753086419753,OVERSUPPLY,1341.3333333333333,0.0
782,3.2,Orange-N,1206,1217,21.0,6.833333333333333,3.0,1350.0,0.005061728395061728,OVERSUPPLY,1343.1666666666667,0.0
782,3.2,Orange-N,1206,1217,22.0,3.833333333333333,3.0,1350.0,0.002839506172839506,OVERSUPPLY,1346.1666666666667,0.0
782,3.2,Orange-N,1206,1217,23.0,2.5,3.0,1350.0,0.001851851851851852,OVERSUPPLY,1347.5,0.0
784,3.2,Orange-N,1207,1228,5.0,5.0,3.0,1350.0,0.003703703703703704,OVERSUPPLY,1345.0,0.0
784,3.2,Orange-N,1207,1228,6.0,32.0,3.0,1350.0,0.023703703703703703,OVERSUPPLY,1318.0,0.0
784,3.2,Orange-N,1207,1228,7.0,90.83333333333333,3.0,1350.0,0.06728395061728394,OVERSUPPLY,1259.1666666666667,0.0
784,3.2,Orange-N,1207,1228,8.0,72.33333333333333,3.0,1350.0,0.053580246913580244,OVERSUPPLY,1277.6666666666667,0.0
784,3.2,Orange-N,1207,1228,9.0,61.0,3.0,1350.0,0.04518518518518518,OVERSUPPLY,1289.0,0.0
784,3.2,Orange-N,1207,1228,10.0,56.5,3.0,1350.0,0.04185185185185185,OVERSUPPLY,1293.5,0.0
784,3.2,Orange-N,1207,1228,11.0,61.333333333333336,3.0,1350.0,0.045432098765432104,OVERSUPPLY,1288.6666666666667,0.0
784,3.2,Orange-N,1207,1228,12.0,80.5,3.0,1350.0,0.05962962962962963,OVERSUPPLY,1269.5,0.0
784,3.2,Orange-N,1207,1228,13.0,107.5,3.0,1350.0,0.07962962962962963,OVERSUPPLY,1242.5,0.0
784,3.2,Orange-N,1207,1228,14.0,162.0,3.0,1350.0,0.12,OVERSUPPLY,1188.0,0.0
784,3.2,Orange-N,1207,1228,15.0,295.0,3.0,1350.0,0.21851851851851853,BALANCED,1055.0,0.0
784,3.2,Orange-N,1207,1228,16.0,406.8333333333333,3.0,1350.0,0.30135802469135803,BALANCED,943.1666666666667,0.0
784,3.2,Orange-N,1207,1228,17.0,541.3333333333334,3.0,1350.0,0.4009876543209877,BALANCED,808.6666666666666,0.0
784,3.2,Orange-N,1207,1228,18.0,394.0,3.0,1350.0,0.29185185185185186,BALANCED,956.0,0.0
784,3.2,Orange-N,1207,1228,19.0,228.33333333333334,3.0,1350.0,0.16913580246913582,OVERSUPPLY,1121.6666666666667,0.0
784,3.2,Orange-N,1207,1228,20.0,126.0,3.0,1350.0,0.09333333333333334,OVERSUPPLY,1224.0,0.0
784,3.2,Orange-N,1207,1228,21.0,70.0,3.0,1350.0,0.05185185185185185,OVERSUPPLY,1280.0,0.0
784,3.2,Orange-N,1207,1228,22.0,60.0,3.0,1350.0,0.044444444444444446,OVERSUPPLY,1290.0,0.0
784,3.2,Orange-N,1207,1228,23.0,72.33333333333333,3.0,1350.0,0.053580246913580244,OVERSUPPLY,1277.6666666666667,0.0
786,3.2,Orange-N,1208,1229,5.0,4.166666666666666,3.0,1350.0,0.003086419753086419,OVERSUPPLY,1345.8333333333333,0.0
786,3.2,Orange-N,1208,1229,6.0,25.166666666666668,3.0,1350.0,0.018641975308641975,OVERSUPPLY,1324.8333333333333,0.0
786,3.2,Orange-N,1208,1229,7.0,66.66666666666667,3.0,1350.0,0.04938271604938272,OVERSUPPLY,1283.3333333333333,0.0
786,3.2,Orange-N,1208,1229,8.0,60.833333333333336,3.0,1350.0,0.04506172839506173,OVERSUPPLY,1289.1666666666667,0.0
786,3.2,Orange-N,1208,1229,9.0,44.833333333333336,3.0,1350.0,0.03320987654320988,OVERSUPPLY,1305.1666666666667,0.0
786,3.2,Orange-N,1208,1229,10.0,43.0,3.0,1350.0,0.03185185185185185,OVERSUPPLY,1307.0,0.0
786,3.2,Orange-N,1208,1229,11.0,43.333333333333336,3.0,1350.0,0.03209876543209877,OVERSUPPLY,1306.6666666666667,0.0
786,3.2,Orange-N,1208,1229,12.0,64.83333333333333,3.0,1350.0,0.04802469135802469,OVERSUPPLY,1285.1666666666667,0.0
786,3.2,Orange-N,1208,1229,13.0,72.66666666666667,3.0,1350.0,0.053827160493827166,OVERSUPPLY,1277.3333333333333,0.0
786,3.2,Orange-N,1208,1229,14.0,111.5,3.0,1350.0,0.08259259259259259,OVERSUPPLY,1238.5,0.0
786,3.2,Orange-N,1208,1229,15.0,206.33333333333334,3.0,1350.0,0.1528395061728395,OVERSUPPLY,1143.6666666666667,0.0
786,3.2,Orange-N,1208,1229,16.0,284.5,3.0,1350.0,0.21074074074074073,BALANCED,1065.5,0.0
786,3.2,Orange-N,1208,1229,17.0,379.6666666666667,3.0,1350.0,0.2812345679012346,BALANCED,970.3333333333333,0.0
786,3.2,Orange-N,1208,1229,18.0,267.0,3.0,1350.0,0.19777777777777777,OVERSUPPLY,1083.0,0.0
786,3.2,Orange-N,1208,1229,19.0,145.5,3.0,1350.0,0.10777777777777778,OVERSUPPLY,1204.5,0.0
786,3.2,Orange-N,1208,1229,20.0,83.83333333333333,3.0,1350.0,0.06209876543209876,OVERSUPPLY,1266.1666666666667,0.0
786,3.2,Orange-N,1208,1229,21.0,43.33333333333333,3.0,1350.0,0.03209876543209876,OVERSUPPLY,1306.6666666666667,0.0
786,3.2,Orange-N,1208,1229,22.0,40.166666666666664,3.0,1350.0,0.029753086419753084,OVERSUPPLY,1309.8333333333333,0.0
786,3.2,Orange-N,1208,1229,23.0,41.0,3.0,1350.0,0.03037037037037037,OVERSUPPLY,1309.0,0.0
788,3.2,Orange-N,1209,1230,6.0,0.16666666666666666,3.0,1350.0,0.0001234567901234568,OVERSUPPLY,1349.8333333333333,0.0
788,3.2,Orange-N,1209,1230,7.0,4.166666666666667,3.0,1350.0,0.00308641975308642,OVERSUPPLY,1345.8333333333333,0.0
788,3.2,Orange-N,1209,1230,8.0,2.1666666666666665,3.0,1350.0,0.0016049382716049382,OVERSUPPLY,1347.8333333333333,0.0
788,3.2,Orange-N,1209,1230,9.0,1.1666666666666665,3.0,1350.0,0.0008641975308641975,OVERSUPPLY,1348.8333333333333,0.0
788,3.2,Orange-N,1209,1230,10.0,1.3333333333333333,3.0,1350.0,0.0009876543209876543,OVERSUPPLY,1348.6666666666667,0.0
788,3.2,Orange-N,1209,1230,11.0,0.3333333333333333,3.0,1350.0,0.0002469135802469136,OVERSUPPLY,1349.6666666666667,0.0
788,3.2,Orange-N,1209,1230,12.0,0.6666666666666666,3.0,1350.0,0.0004938271604938272,OVERSUPPLY,1349.3333333333333,0.0
788,3.2,Orange-N,1209,1230,13.0,1.3333333333333333,3.0,1350.0,0.0009876543209876543,OVERSUPPLY,1348.6666666666667,0.0
788,3.2,Orange-N,1209,1230,14.0,0.9999999999999999,3.0,1350.0,0.0007407407407407407,OVERSUPPLY,1349.0,0.0
788,3.2,Orange-N,1209,1230,15.0,1.0,3.0,1350.0,0.0007407407407407407,OVERSUPPLY,1349.0,0.0
788,3.2,Orange-N,1209,1230,16.0,2.833333333333333,3.0,1350.0,0.002098765432098765,OVERSUPPLY,1347.1666666666667,0.0
788,3.2,Orange-N,1209,1230,17.0,4.833333333333333,3.0,1350.0,0.0035802469135802466,OVERSUPPLY,1345.1666666666667,0.0
788,3.2,Orange-N,1209,1230,18.0,5.5,3.0,1350.0,0.004074074074074074,OVERSUPPLY,1344.5,0.0
788,3.2,Orange-N,1209,1230,19.0,2.5,3.0,1350.0,0.001851851851851852,OVERSUPPLY,1347.5,0.0
788,3.2,Orange-N,1209,1230,20.0,2.166666666666667,3.0,1350.0,0.0016049382716049384,OVERSUPPLY,1347.8333333333333,0.0
788,3.2,Orange-N,1209,1230,21.0,1.1666666666666665,3.0,1350.0,0.0008641975308641975,OVERSUPPLY,1348.8333333333333,0.0
788,3.2,Orange-N,1209,1230,22.0,0.16666666666666666,3.0,1350.0,0.0001234567901234568,OVERSUPPLY,1349.8333333333333,0.0
790,3.2,Orange-N,1210,1234,5.0,0.5,3.0,1350.0,0.00037037037037037035,OVERSUPPLY,1349.5,0.0
790,3.2,Orange-N,1210,1234,6.0,1.3333333333333335,3.0,1350.0,0.0009876543209876543,OVERSUPPLY,1348.6666666666667,0.0
790,3.2,Orange-N,1210,1234,7.0,3.0,3.0,1350.0,0.0022222222222222222,OVERSUPPLY,1347.0,0.0
790,3.2,Orange-N,1210,1234,8.0,3.3333333333333335,3.0,1350.0,0.0024691358024691358,OVERSUPPLY,1346.6666666666667,0.0
790,3.2,Orange-N,1210,1234,9.0,1.6666666666666667,3.0,1350.0,0.0012345679012345679,OVERSUPPLY,1348.3333333333333,0.0
790,3.2,Orange-N,1210,1234,10.0,2.0,3.0,1350.0,0.0014814814814814814,OVERSUPPLY,1348.0,0.0
790,3.2,Orange-N,1210,1234,11.0,3.0,3.0,1350.0,0.0022222222222222222,OVERSUPPLY,1347.0,0.0
790,3.2,Orange-N,1210,1234,12.0,2.0,3.0,1350.0,0.0014814814814814814,OVERSUPPLY,1348.0,0.0
790,3.2,Orange-N,1210,1234,13.0,4.5,3.0,1350.0,0.0033333333333333335,OVERSUPPLY,1345.5,0.0
790,3.2,Orange-N,1210,1234,14.0,4.333333333333333,3.0,1350.0,0.0032098765432098763,OVERSUPPLY,1345.6666666666667,0.0
790,3.2,Orange-N,1210,1234,15.0,11.0,3.0,1350.0,0.008148148148148147,OVERSUPPLY,1339.0,0.0
790,3.2,Orange-N,1210,1234,16.0,7.0,3.0,1350.0,0.005185185185185185,OVERSUPPLY,1343.0,0.0
790,3.2,Orange-N,1210,1234,17.0,6.333333333333334,3.0,1350.0,0.004691358024691359,OVERSUPPLY,1343.6666666666667,0.0
790,3.2,Orange-N,1210,1234,18.0,4.166666666666667,3.0,1350.0,0.00308641975308642,OVERSUPPLY,1345.8333333333333,0.0
790,3.2,Orange-N,1210,1234,19.0,2.833333333333333,3.0,1350.0,0.002098765432098765,OVERSUPPLY,1347.1666666666667,0.0
790,3.2,Orange-N,1210,1234,20.0,1.3333333333333335,3.0,1350.0,0.0009876543209876543,OVERSUPPLY,1348.6666666666667,0.0
790,3.2,Orange-N,1210,1234,21.0,0.6666666666666666,3.0,1350.0,0.0004938271604938272,OVERSUPPLY,1349.3333333333333,0.0
790,3.2,Orange-N,1210,1234,22.0,1.3333333333333335,3.0,1350.0,0.0009876543209876543,OVERSUPPLY,1348.6666666666667,0.0
790,3.2,Orange-N,1210,1234,23.0,0.16666666666666666,3.0,1350.0,0.0001234567901234568,OVERSUPPLY,1349.8333333333333,0.0
792,3.2,Orange-N,1211,1235,6.0,1.3333333333333335,3.0,1350.0,0.0009876543209876543,OVERSUPPLY,1348.6666666666667,0.0
792,3.2,Orange-N,1211,1235,7.0,3.0,3.0,1350.0,0.0022222222222222222,OVERSUPPLY,1347.0,0.0
792,3.2,Orange-N,1211,1235,8.0,4.166666666666667,3.0,1350.0,0.00308641975308642,OVERSUPPLY,1345.8333333333333,0.0
792,3.2,Orange-N,1211,1235,9.0,2.0,3.0,1350.0,0.0014814814814814814,OVERSUPPLY,1348.0,0.0
792,3.2,Orange-N,1211,1235,10.0,2.1666666666666665,3.0,1350.0,0.0016049382716049382,OVERSUPPLY,1347.8333333333333,0.0
792,3.2,Orange-N,1211,1235,11.0,2.5,3.0,1350.0,0.001851851851851852,OVERSUPPLY,1347.5,0.0
792,3.2,Orange-N,1211,1235,12.0,2.0,3.0,1350.0,0.0014814814814814814,OVERSUPPLY,1348.0,0.0
792,3.2,Orange-N,1211,1235,13.0,3.833333333333333,3.0,1350.0,0.002839506172839506,OVERSUPPLY,1346.1666666666667,0.0
792,3.2,Orange-N,1211,1235,14.0,2.833333333333333,3.0,1350.0,0.002098765432098765,OVERSUPPLY,1347.1666666666667,0.0
792,3.2,Orange-N,1211,1235,15.0,7.5,3.0,1350.0,0.005555555555555556,OVERSUPPLY,1342.5,0.0
792,3.2,Orange-N,1211,1235,16.0,2.6666666666666665,3.0,1350.0,0.0019753086419753087,OVERSUPPLY,1347.3333333333333,0.0
792,3.2,Orange-N,1211,1235,17.0,2.5,3.0,1350.0,0.001851851851851852,OVERSUPPLY,1347.5,0.0
792,3.2,Orange-N,1211,1235,18.0,2.166666666666667,3.0,1350.0,0.0016049382716049384,OVERSUPPLY,1347.8333333333333,0.0
792,3.2,Orange-N,1211,1235,19.0,1.8333333333333335,3.0,1350.0,0.0013580246913580249,OVERSUPPLY,1348.1666666666667,0.0
792,3.2,Orange-N,1211,1235,20.0,2.0,3.0,1350.0,0.0014814814814814814,OVERSUPPLY,1348.0,0.0
792,3.2,Orange-N,1211,1235,21.0,0.5,3.0,1350.0,0.00037037037037037035,OVERSUPPLY,1349.5,0.0
792,3.2,Orange-N,1211,1235,22.0,0.8333333333333334,3.0,1350.0,0.0006172839506172839,OVERSUPPLY,1349.1666666666667,0.0
792,3.2,Orange-N,1211,1235,23.0,0.16666666666666666,3.0,1350.0,0.0001234567901234568,OVERSUPPLY,1349.8333333333333,0.0
796,3.2,Orange-N,1213,1243,5.0,19.0,3.0,1350.0,0.014074074074074074,OVERSUPPLY,1331.0,0.0
796,3.2,Orange-N,1213,1243,6.0,72.16666666666667,3.0,1350.0,0.05345679012345679,OVERSUPPLY,1277.8333333333333,0.0
796,3.2,Orange-N,1213,1243,7.0,145.83333333333334,3.0,1350.0,0.1080246913580247,OVERSUPPLY,1204.1666666666667,0.0
796,3.2,Orange-N,1213,1243,8.0,195.33333333333334,3.0,1350.0,0.14469135802469135,OVERSUPPLY,1154.6666666666667,0.0
796,3.2,Orange-N,1213,1243,9.0,106.66666666666667,3.0,1350.0,0.07901234567901234,OVERSUPPLY,1243.3333333333333,0.0
796,3.2,Orange-N,1213,1243,10.0,66.16666666666667,3.0,1350.0,0.04901234567901235,OVERSUPPLY,1283.8333333333333,0.0
796,3.2,Orange-N,1213,1243,11.0,55.666666666666664,3.0,1350.0,0.041234567901234566,OVERSUPPLY,1294.3333333333333,0.0
796,3.2,Orange-N,1213,1243,12.0,63.666666666666664,3.0,1350.0,0.04716049382716049,OVERSUPPLY,1286.3333333333333,0.0
796,3.2,Orange-N,1213,1243,13.0,52.666666666666664,3.0,1350.0,0.03901234567901234,OVERSUPPLY,1297.3333333333333,0.0
796,3.2,Orange-N,1213,1243,14.0,59.666666666666664,3.0,1350.0,0.04419753086419753,OVERSUPPLY,1290.3333333333333,0.0
796,3.2,Orange-N,1213,1243,15.0,72.0,3.0,1350.0,0.05333333333333334,OVERSUPPLY,1278.0,0.0
796,3.2,Orange-N,1213,1243,16.0,106.0,3.0,1350.0,0.07851851851851852,OVERSUPPLY,1244.0,0.0
796,3.2,Orange-N,1213,1243,17.0,136.66666666666666,3.0,1350.0,0.10123456790123456,OVERSUPPLY,1213.3333333333333,0.0
796,3.2,Orange-N,1213,1243,18.0,110.83333333333333,3.0,1350.0,0.08209876543209876,OVERSUPPLY,1239.1666666666667,0.0
796,3.2,Orange-N,1213,1243,19.0,86.0,3.0,1350.0,0.0637037037037037,OVERSUPPLY,1264.0,0.0
796,3.2,Orange-N,1213,1243,20.0,53.166666666666664,3.0,1350.0,0.03938271604938271,OVERSUPPLY,1296.8333333333333,0.0
796,3.2,Orange-N,1213,1243,21.0,22.166666666666664,3.0,1350.0,0.016419753086419752,OVERSUPPLY,1327.8333333333333,0.0
796,3.2,Orange-N,1213,1243,22.0,21.5,3.0,1350.0,0.015925925925925927,OVERSUPPLY,1328.5,0.0
796,3.2,Orange-N,1213,1243,23.0,13.333333333333332,3.0,1350.0,0.009876543209876543,OVERSUPPLY,1336.6666666666667,0.0
798,3.2,Orange-N,1214,1244,5.0,3.5,3.0,1350.0,0.0025925925925925925,OVERSUPPLY,1346.5,0.0
798,3.2,Orange-N,1214,1244,6.0,16.666666666666668,3.0,1350.0,0.01234567901234568,OVERSUPPLY,1333.3333333333333,0.0
798,3.2,Orange-N,1214,1244,7.0,47.166666666666664,3.0,1350.0,0.03493827160493827,OVERSUPPLY,1302.8333333333333,0.0
798,3.2,Orange-N,1214,1244,8.0,57.833333333333336,3.0,1350.0,0.042839506172839506,OVERSUPPLY,1292.1666666666667,0.0
798,3.2,Orange-N,1214,1244,9.0,31.0,3.0,1350.0,0.022962962962962963,OVERSUPPLY,1319.0,0.0
798,3.2,Orange-N,1214,1244,10.0,15.5,3.0,1350.0,0.011481481481481481,OVERSUPPLY,1334.5,0.0
798,3.2,Orange-N,1214,1244,11.0,13.833333333333334,3.0,1350.0,0.010246913580246915,OVERSUPPLY,1336.1666666666667,0.0
798,3.2,Orange-N,1214,1244,12.0,17.666666666666668,3.0,1350.0,0.01308641975308642,OVERSUPPLY,1332.3333333333333,0.0
798,3.2,Orange-N,1214,1244,13.0,17.166666666666668,3.0,1350.0,0.01271604938271605,OVERSUPPLY,1332.8333333333333,0.0
798,3.2,Orange-N,1214,1244,14.0,20.833333333333332,3.0,1350.0,0.015432098765432098,OVERSUPPLY,1329.1666666666667,0.0
798,3.2,Orange-N,1214,1244,15.0,25.333333333333332,3.0,1350.0,0.018765432098765432,OVERSUPPLY,1324.6666666666667,0.0
798,3.2,Orange-N,1214,1244,16.0,36.0,3.0,1350.0,0.02666666666666667,OVERSUPPLY,1314.0,0.0
798,3.2,Orange-N,1214,1244,17.0,42.166666666666664,3.0,1350.0,0.031234567901234567,OVERSUPPLY,1307.8333333333333,0.0
798,3.2,Orange-N,1214,1244,18.0,23.0,3.0,1350.0,0.017037037037037038,OVERSUPPLY,1327.0,0.0
798,3.2,Orange-N,1214,1244,19.0,21.666666666666668,3.0,1350.0,0.016049382716049384,OVERSUPPLY,1328.3333333333333,0.0
798,3.2,Orange-N,1214,1244,20.0,9.666666666666666,3.0,1350.0,0.007160493827160493,OVERSUPPLY,1340.3333333333333,0.0
798,3.2,Orange-N,1214,1244,21.0,6.0,3.0,1350.0,0.0044444444444444444,OVERSUPPLY,1344.0,0.0
798,3.2,Orange-N,1214,1244,22.0,5.0,3.0,1350.0,0.003703703703703704,OVERSUPPLY,1345.0,0.0
798,3.2,Orange-N,1214,1244,23.0,2.833333333333333,3.0,1350.0,0.002098765432098765,OVERSUPPLY,1347.1666666666667,0.0
800,3.2,Orange-N,1215,1221,5.0,66.0,3.0,1350.0,0.04888888888888889,OVERSUPPLY,1284.0,0.0
800,3.2,Orange-N,1215,1221,6.0,173.33333333333334,3.0,1350.0,0.12839506172839507,OVERSUPPLY,1176.6666666666667,0.0
800,3.2,Orange-N,1215,1221,7.0,343.6666666666667,3.0,1350.0,0.2545679012345679,BALANCED,1006.3333333333333,0.0
800,3.2,Orange-N,1215,1221,8.0,381.3333333333333,3.0,1350.0,0.28246913580246913,BALANCED,968.6666666666667,0.0
800,3.2,Orange-N,1215,1221,9.0,217.0,3.0,1350.0,0.16074074074074074,OVERSUPPLY,1133.0,0.0
800,3.2,Orange-N,1215,1221,10.0,130.5,3.0,1350.0,0.09666666666666666,OVERSUPPLY,1219.5,0.0
800,3.2,Orange-N,1215,1221,11.0,95.5,3.0,1350.0,0.07074074074074074,OVERSUPPLY,1254.5,0.0
800,3.2,Orange-N,1215,1221,12.0,102.33333333333333,3.0,1350.0,0.07580246913580246,OVERSUPPLY,1247.6666666666667,0.0
800,3.2,Orange-N,1215,1221,13.0,99.0,3.0,1350.0,0.07333333333333333,OVERSUPPLY,1251.0,0.0
800,3.2,Orange-N,1215,1221,14.0,116.16666666666667,3.0,1350.0,0.08604938271604938,OVERSUPPLY,1233.8333333333333,0.0
800,3.2,Orange-N,1215,1221,15.0,127.33333333333333,3.0,1350.0,0.09432098765432098,OVERSUPPLY,1222.6666666666667,0.0
800,3.2,Orange-N,1215,1221,16.0,160.0,3.0,1350.0,0.11851851851851852,OVERSUPPLY,1190.0,0.0
800,3.2,Orange-N,1215,1221,17.0,189.66666666666666,3.0,1350.0,0.14049382716049383,OVERSUPPLY,1160.3333333333333,0.0
800,3.2,Orange-N,1215,1221,18.0,139.5,3.0,1350.0,0.10333333333333333,OVERSUPPLY,1210.5,0.0
800,3.2,Orange-N,1215,1221,19.0,94.33333333333333,3.0,1350.0,0.06987654320987655,OVERSUPPLY,1255.6666666666667,0.0
800,3.2,Orange-N,1215,1221,20.0,53.5,3.0,1350.0,0.03962962962962963,OVERSUPPLY,1296.5,0.0
800,3.2,Orange-N,1215,1221,21.0,36.5,3.0,1350.0,0.027037037037037037,OVERSUPPLY,1313.5,0.0
800,3.2,Orange-N,1215,1221,22.0,26.833333333333332,3.0,1350.0,0.019876543209876543,OVERSUPPLY,1323.1666666666667,0.0
800,3.2,Orange-N,1215,1221,23.0,15.333333333333332,3.0,1350.0,0.011358024691358024,OVERSUPPLY,1334.6666666666667,0.0
802,3.2,Orange-N,1216,1222,5.0,67.0,3.0,1350.0,0.04962962962962963,OVERSUPPLY,1283.0,0.0
802,3.2,Orange-N,1216,1222,6.0,207.0,3.0,1350.0,0.15333333333333332,OVERSUPPLY,1143.0,0.0
802,3.2,Orange-N,1216,1222,7.0,439.6666666666667,3.0,1350.0,0.32567901234567903,BALANCED,910.3333333333333,0.0
802,3.2,Orange-N,1216,1222,8.0,505.1666666666667,3.0,1350.0,0.37419753086419755,BALANCED,844.8333333333333,0.0
802,3.2,Orange-N,1216,1222,9.0,290.0,3.0,1350.0,0.21481481481481482,BALANCED,1060.0,0.0
802,3.2,Orange-N,1216,1222,10.0,172.16666666666666,3.0,1350.0,0.12753086419753085,OVERSUPPLY,1177.8333333333333,0.0
802,3.2,Orange-N,1216,1222,11.0,127.0,3.0,1350.0,0.09407407407407407,OVERSUPPLY,1223.0,0.0
802,3.2,Orange-N,1216,1222,12.0,138.66666666666666,3.0,1350.0,0.10271604938271604,OVERSUPPLY,1211.3333333333333,0.0
802,3.2,Orange-N,1216,1222,13.0,114.83333333333333,3.0,1350.0,0.08506172839506172,OVERSUPPLY,1235.1666666666667,0.0
802,3.2,Orange-N,1216,1222,14.0,130.66666666666666,3.0,1350.0,0.09679012345679011,OVERSUPPLY,1219.3333333333333,0.0
802,3.2,Orange-N,1216,1222,15.0,127.83333333333333,3.0,1350.0,0.09469135802469135,OVERSUPPLY,1222.1666666666667,0.0
802,3.2,Orange-N,1216,1222,16.0,162.0,3.0,1350.0,0.12,OVERSUPPLY,1188.0,0.0
802,3.2,Orange-N,1216,1222,17.0,210.33333333333334,3.0,1350.0,0.15580246913580248,OVERSUPPLY,1139.6666666666667,0.0
802,3.2,Orange-N,1216,1222,18.0,179.16666666666666,3.0,1350.0,0.13271604938271606,OVERSUPPLY,1170.8333333333333,0.0
802,3.2,Orange-N,1216,1222,19.0,128.33333333333334,3.0,1350.0,0.09506172839506173,OVERSUPPLY,1221.6666666666667,0.0
802,3.2,Orange-N,1216,1222,20.0,79.33333333333333,3.0,1350.0,0.058765432098765426,OVERSUPPLY,1270.6666666666667,0.0
802,3.2,Orange-N,1216,1222,21.0,45.83333333333333,3.0,1350.0,0.033950617283950615,OVERSUPPLY,1304.1666666666667,0.0
802,3.2,Orange-N,1216,1222,22.0,35.333333333333336,3.0,1350.0,0.02617283950617284,OVERSUPPLY,1314.6666666666667,0.0
802,3.2,Orange-N,1216,1222,23.0,19.833333333333332,3.0,1350.0,0.014691358024691356,OVERSUPPLY,1330.1666666666667,0.0
804,3.2,Orange-N,1217,1223,5.0,8.333333333333332,3.0,1350.0,0.006172839506172838,OVERSUPPLY,1341.6666666666667,0.0
804,3.2,Orange-N,1217,1223,6.0,31.666666666666668,3.0,1350.0,0.02345679012345679,OVERSUPPLY,1318.3333333333333,0.0
804,3.2,Orange-N,1217,1223,7.0,72.83333333333333,3.0,1350.0,0.05395061728395061,OVERSUPPLY,1277.1666666666667,0.0
804,3.2,Orange-N,1217,1223,8.0,83.66666666666667,3.0,1350.0,0.06197530864197531,OVERSUPPLY,1266.3333333333333,0.0
804,3.2,Orange-N,1217,1223,9.0,45.166666666666664,3.0,1350.0,0.03345679012345679,OVERSUPPLY,1304.8333333333333,0.0
804,3.2,Orange-N,1217,1223,10.0,20.166666666666668,3.0,1350.0,0.014938271604938273,OVERSUPPLY,1329.8333333333333,0.0
804,3.2,Orange-N,1217,1223,11.0,17.0,3.0,1350.0,0.012592592592592593,OVERSUPPLY,1333.0,0.0
804,3.2,Orange-N,1217,1223,12.0,18.666666666666668,3.0,1350.0,0.013827160493827161,OVERSUPPLY,1331.3333333333333,0.0
804,3.2,Orange-N,1217,1223,13.0,15.0,3.0,1350.0,0.011111111111111112,OVERSUPPLY,1335.0,0.0
804,3.2,Orange-N,1217,1223,14.0,14.833333333333334,3.0,1350.0,0.010987654320987654,OVERSUPPLY,1335.1666666666667,0.0
804,3.2,Orange-N,1217,1223,15.0,16.666666666666668,3.0,1350.0,0.01234567901234568,OVERSUPPLY,1333.3333333333333,0.0
804,3.2,Orange-N,1217,1223,16.0,23.5,3.0,1350.0,0.017407407407407406,OVERSUPPLY,1326.5,0.0
804,3.2,Orange-N,1217,1223,17.0,26.833333333333332,3.0,1350.0,0.019876543209876543,OVERSUPPLY,1323.1666666666667,0.0
804,3.2,Orange-N,1217,1223,18.0,19.666666666666668,3.0,1350.0,0.014567901234567903,OVERSUPPLY,1330.3333333333333,0.0
804,3.2,Orange-N,1217,1223,19.0,15.166666666666666,3.0,1350.0,0.011234567901234567,OVERSUPPLY,1334.8333333333333,0.0
804,3.2,Orange-N,1217,1223,20.0,6.333333333333333,3.0,1350.0,0.004691358024691358,OVERSUPPLY,1343.6666666666667,0.0
804,3.2,Orange-N,1217,1223,21.0,5.166666666666666,3.0,1350.0,0.00382716049382716,OVERSUPPLY,1344.8333333333333,0.0
804,3.2,Orange-N,1217,1223,22.0,3.1666666666666665,3.0,1350.0,0.002345679012345679,OVERSUPPLY,1346.8333333333333,0.0
804,3.2,Orange-N,1217,1223,23.0,2.333333333333333,3.0,1350.0,0.001728395061728395,OVERSUPPLY,1347.6666666666667,0.0
806,3.2,Orange-N,1218,1200,5.0,21.333333333333332,3.0,1350.0,0.01580246913580247,OVERSUPPLY,1328.6666666666667,0.0
806,3.2,Orange-N,1218,1200,6.0,61.33333333333333,3.0,1350.0,0.0454320987654321,OVERSUPPLY,1288.6666666666667,0.0
806,3.2,Orange-N,1218,1200,7.0,114.5,3.0,1350.0,0.08481481481481482,OVERSUPPLY,1235.5,0.0
806,3.2,Orange-N,1218,1200,8.0,114.83333333333333,3.0,1350.0,0.08506172839506172,OVERSUPPLY,1235.1666666666667,0.0
806,3.2,Orange-N,1218,1200,9.0,62.5,3.0,1350.0,0.046296296296296294,OVERSUPPLY,1287.5,0.0
806,3.2,Orange-N,1218,1200,10.0,37.0,3.0,1350.0,0.027407407407407408,OVERSUPPLY,1313.0,0.0
806,3.2,Orange-N,1218,1200,11.0,34.166666666666664,3.0,1350.0,0.02530864197530864,OVERSUPPLY,1315.8333333333333,0.0
806,3.2,Orange-N,1218,1200,12.0,32.333333333333336,3.0,1350.0,0.02395061728395062,OVERSUPPLY,1317.6666666666667,0.0
806,3.2,Orange-N,1218,1200,13.0,37.5,3.0,1350.0,0.027777777777777776,OVERSUPPLY,1312.5,0.0
806,3.2,Orange-N,1218,1200,14.0,40.66666666666667,3.0,1350.0,0.03012345679012346,OVERSUPPLY,1309.3333333333333,0.0
806,3.2,Orange-N,1218,1200,15.0,41.0,3.0,1350.0,0.03037037037037037,OVERSUPPLY,1309.0,0.0
806,3.2,Orange-N,1218,1200,16.0,54.833333333333336,3.0,1350.0,0.04061728395061728,OVERSUPPLY,1295.1666666666667,0.0
806,3.2,Orange-N,1218,1200,17.0,66.66666666666667,3.0,1350.0,0.04938271604938272,OVERSUPPLY,1283.3333333333333,0.0
806,3.2,Orange-N,1218,1200,18.0,49.0,3.0,1350.0,0.0362962962962963,OVERSUPPLY,1301.0,0.0
806,3.2,Orange-N,1218,1200,19.0,28.333333333333332,3.0,1350.0,0.020987654320987655,OVERSUPPLY,1321.6666666666667,0.0
806,3.2,Orange-N,1218,1200,20.0,15.166666666666666,3.0,1350.0,0.011234567901234567,OVERSUPPLY,1334.8333333333333,0.0
806,3.2,Orange-N,1218,1200,21.0,10.0,3.0,1350.0,0.007407407407407408,OVERSUPPLY,1340.0,0.0
806,3.2,Orange-N,1218,1200,22.0,10.5,3.0,1350.0,0.0077777777777777776,OVERSUPPLY,1339.5,0.0
806,3.2,Orange-N,1218,1200,23.0,4.833333333333333,3.0,1350.0,0.0035802469135802466,OVERSUPPLY,1345.1666666666667,0.0
808,3.2,Orange-N,1219,1201,5.0,44.5,3.0,1350.0,0.032962962962962965,OVERSUPPLY,1305.5,0.0
808,3.2,Orange-N,1219,1201,6.0,152.33333333333334,3.0,1350.0,0.11283950617283951,OVERSUPPLY,1197.6666666666667,0.0
808,3.2,Orange-N,1219,1201,7.0,303.3333333333333,3.0,1350.0,0.22469135802469134,BALANCED,1046.6666666666667,0.0
808,3.2,Orange-N,1219,1201,8.0,351.3333333333333,3.0,1350.0,0.2602469135802469,BALANCED,998.6666666666667,0.0
808,3.2,Orange-N,1219,1201,9.0,195.16666666666666,3.0,1350.0,0.1445679012345679,OVERSUPPLY,1154.8333333333333,0.0
808,3.2,Orange-N,1219,1201,10.0,114.16666666666667,3.0,1350.0,0.08456790123456791,OVERSUPPLY,1235.8333333333333,0.0
808,3.2,Orange-N,1219,1201,11.0,96.0,3.0,1350.0,0.07111111111111111,OVERSUPPLY,1254.0,0.0
808,3.2,Orange-N,1219,1201,12.0,103.5,3.0,1350.0,0.07666666666666666,OVERSUPPLY,1246.5,0.0
808,3.2,Orange-N,1219,1201,13.0,90.16666666666667,3.0,1350.0,0.06679012345679013,OVERSUPPLY,1259.8333333333333,0.0
808,3.2,Orange-N,1219,1201,14.0,101.83333333333333,3.0,1350.0,0.0754320987654321,OVERSUPPLY,1248.1666666666667,0.0
808,3.2,Orange-N,1219,1201,15.0,108.66666666666667,3.0,1350.0,0.08049382716049383,OVERSUPPLY,1241.3333333333333,0.0
808,3.2,Orange-N,1219,1201,16.0,151.66666666666666,3.0,1350.0,0.11234567901234567,OVERSUPPLY,1198.3333333333333,0.0
808,3.2,Orange-N,1219,1201,17.0,191.16666666666666,3.0,1350.0,0.14160493827160492,OVERSUPPLY,1158.8333333333333,0.0
808,3.2,Orange-N,1219,1201,18.0,158.33333333333334,3.0,1350.0,0.11728395061728396,OVERSUPPLY,1191.6666666666667,0.0
808,3.2,Orange-N,1219,1201,19.0,107.33333333333333,3.0,1350.0,0.07950617283950617,OVERSUPPLY,1242.6666666666667,0.0
808,3.2,Orange-N,1219,1201,20.0,66.5,3.0,1350.0,0.04925925925925926,OVERSUPPLY,1283.5,0.0
808,3.2,Orange-N,1219,1201,21.0,34.166666666666664,3.0,1350.0,0.02530864197530864,OVERSUPPLY,1315.8333333333333,0.0
808,3.2,Orange-N,1219,1201,22.0,31.0,3.0,1350.0,0.022962962962962963,OVERSUPPLY,1319.0,0.0
808,3.2,Orange-N,1219,1201,23.0,17.5,3.0,1350.0,0.012962962962962963,OVERSUPPLY,1332.5,0.0
810,3.2,Orange-N,1220,1202,5.0,9.166666666666666,3.0,1350.0,0.006790123456790123,OVERSUPPLY,1340.8333333333333,0.0
810,3.2,Orange-N,1220,1202,6.0,40.666666666666664,3.0,1350.0,0.030123456790123456,OVERSUPPLY,1309.3333333333333,0.0
810,3.2,Orange-N,1220,1202,7.0,89.66666666666667,3.0,1350.0,0.06641975308641976,OVERSUPPLY,1260.3333333333333,0.0
810,3.2,Orange-N,1220,1202,8.0,98.33333333333333,3.0,1350.0,0.0728395061728395,OVERSUPPLY,1251.6666666666667,0.0
810,3.2,Orange-N,1220,1202,9.0,54.5,3.0,1350.0,0.04037037037037037,OVERSUPPLY,1295.5,0.0
810,3.2,Orange-N,1220,1202,10.0,25.5,3.0,1350.0,0.01888888888888889,OVERSUPPLY,1324.5,0.0
810,3.2,Orange-N,1220,1202,11.0,21.0,3.0,1350.0,0.015555555555555555,OVERSUPPLY,1329.0,0.0
810,3.2,Orange-N,1220,1202,12.0,25.666666666666668,3.0,1350.0,0.019012345679012346,OVERSUPPLY,1324.3333333333333,0.0
810,3.2,Orange-N,1220,1202,13.0,21.666666666666668,3.0,1350.0,0.016049382716049384,OVERSUPPLY,1328.3333333333333,0.0
810,3.2,Orange-N,1220,1202,14.0,27.333333333333332,3.0,1350.0,0.02024691358024691,OVERSUPPLY,1322.6666666666667,0.0
810,3.2,Orange-N,1220,1202,15.0,30.833333333333332,3.0,1350.0,0.022839506172839506,OVERSUPPLY,1319.1666666666667,0.0
810,3.2,Orange-N,1220,1202,16.0,46.166666666666664,3.0,1350.0,0.03419753086419753,OVERSUPPLY,1303.8333333333333,0.0
810,3.2,Orange-N,1220,1202,17.0,53.666666666666664,3.0,1350.0,0.039753086419753086,OVERSUPPLY,1296.3333333333333,0.0
810,3.2,Orange-N,1220,1202,18.0,36.666666666666664,3.0,1350.0,0.027160493827160494,OVERSUPPLY,1313.3333333333333,0.0
810,3.2,Orange-N,1220,1202,19.0,27.5,3.0,1350.0,0.020370370370370372,OVERSUPPLY,1322.5,0.0
810,3.2,Orange-N,1220,1202,20.0,11.5,3.0,1350.0,0.008518518518518519,OVERSUPPLY,1338.5,0.0
810,3.2,Orange-N,1220,1202,21.0,9.0,3.0,1350.0,0.006666666666666667,OVERSUPPLY,1341.0,0.0
810,3.2,Orange-N,1220,1202,22.0,6.333333333333333,3.0,1350.0,0.004691358024691358,OVERSUPPLY,1343.6666666666667,0.0
810,3.2,Orange-N,1220,1202,23.0,3.833333333333333,3.0,1350.0,0.002839506172839506,OVERSUPPLY,1346.1666666666667,0.0
812,3.2,Orange-N,1221,1191,5.0,23.833333333333332,3.0,1350.0,0.01765432098765432,OVERSUPPLY,1326.1666666666667,0.0
812,3.2,Orange-N,1221,1191,6.0,73.66666666666667,3.0,1350.0,0.0545679012345679,OVERSUPPLY,1276.3333333333333,0.0
812,3.2,Orange-N,1221,1191,7.0,176.66666666666666,3.0,1350.0,0.1308641975308642,OVERSUPPLY,1173.3333333333333,0.0
812,3.2,Orange-N,1221,1191,8.0,194.83333333333334,3.0,1350.0,0.144320987654321,OVERSUPPLY,1155.1666666666667,0.0
812,3.2,Orange-N,1221,1191,9.0,125.5,3.0,1350.0,0.09296296296296297,OVERSUPPLY,1224.5,0.0
812,3.2,Orange-N,1221,1191,10.0,92.0,3.0,1350.0,0.06814814814814815,OVERSUPPLY,1258.0,0.0
812,3.2,Orange-N,1221,1191,11.0,61.333333333333336,3.0,1350.0,0.045432098765432104,OVERSUPPLY,1288.6666666666667,0.0
812,3.2,Orange-N,1221,1191,12.0,70.5,3.0,1350.0,0.052222222222222225,OVERSUPPLY,1279.5,0.0
812,3.2,Orange-N,1221,1191,13.0,67.5,3.0,1350.0,0.05,OVERSUPPLY,1282.5,0.0
812,3.2,Orange-N,1221,1191,14.0,81.33333333333333,3.0,1350.0,0.06024691358024691,OVERSUPPLY,1268.6666666666667,0.0
812,3.2,Orange-N,1221,1191,15.0,92.33333333333333,3.0,1350.0,0.06839506172839506,OVERSUPPLY,1257.6666666666667,0.0
812,3.2,Orange-N,1221,1191,16.0,113.5,3.0,1350.0,0.08407407407407408,OVERSUPPLY,1236.5,0.0
812,3.2,Orange-N,1221,1191,17.0,158.66666666666666,3.0,1350.0,0.11753086419753085,OVERSUPPLY,1191.3333333333333,0.0
812,3.2,Orange-N,1221,1191,18.0,118.5,3.0,1350.0,0.08777777777777777,OVERSUPPLY,1231.5,0.0
812,3.2,Orange-N,1221,1191,19.0,85.0,3.0,1350.0,0.06296296296296296,OVERSUPPLY,1265.0,0.0
812,3.2,Orange-N,1221,1191,20.0,44.833333333333336,3.0,1350.0,0.03320987654320988,OVERSUPPLY,1305.1666666666667,0.0
812,3.2,Orange-N,1221,1191,21.0,31.166666666666664,3.0,1350.0,0.023086419753086417,OVERSUPPLY,1318.8333333333333,0.0
812,3.2,Orange-N,1221,1191,22.0,21.0,3.0,1350.0,0.015555555555555555,OVERSUPPLY,1329.0,0.0
812,3.2,Orange-N,1221,1191,23.0,13.166666666666666,3.0,1350.0,0.009753086419753086,OVERSUPPLY,1336.8333333333333,0.0
814,3.2,Orange-N,1222,1192,5.0,27.833333333333332,3.0,1350.0,0.020617283950617283,OVERSUPPLY,1322.1666666666667,0.0
814,3.2,Orange-N,1222,1192,6.0,94.83333333333333,3.0,1350.0,0.07024691358024691,OVERSUPPLY,1255.1666666666667,0.0
814,3.2,Orange-N,1222,1192,7.0,226.66666666666666,3.0,1350.0,0.16790123456790124,OVERSUPPLY,1123.3333333333333,0.0
814,3.2,Orange-N,1222,1192,8.0,263.0,3.0,1350.0,0.1948148148148148,OVERSUPPLY,1087.0,0.0
814,3.2,Orange-N,1222,1192,9.0,165.33333333333334,3.0,1350.0,0.12246913580246914,OVERSUPPLY,1184.6666666666667,0.0
814,3.2,Orange-N,1222,1192,10.0,115.33333333333333,3.0,1350.0,0.08543209876543209,OVERSUPPLY,1234.6666666666667,0.0
814,3.2,Orange-N,1222,1192,11.0,77.0,3.0,1350.0,0.05703703703703704,OVERSUPPLY,1273.0,0.0
814,3.2,Orange-N,1222,1192,12.0,93.0,3.0,1350.0,0.06888888888888889,OVERSUPPLY,1257.0,0.0
814,3.2,Orange-N,1222,1192,13.0,82.0,3.0,1350.0,0.06074074074074074,OVERSUPPLY,1268.0,0.0
814,3.2,Orange-N,1222,1192,14.0,95.5,3.0,1350.0,0.07074074074074074,OVERSUPPLY,1254.5,0.0
814,3.2,Orange-N,1222,1192,15.0,100.66666666666667,3.0,1350.0,0.0745679012345679,OVERSUPPLY,1249.3333333333333,0.0
814,3.2,Orange-N,1222,1192,16.0,123.83333333333333,3.0,1350.0,0.09172839506172839,OVERSUPPLY,1226.1666666666667,0.0
814,3.2,Orange-N,1222,1192,17.0,170.16666666666666,3.0,1350.0,0.12604938271604937,OVERSUPPLY,1179.8333333333333,0.0
814,3.2,Orange-N,1222,1192,18.0,140.66666666666666,3.0,1350.0,0.10419753086419753,OVERSUPPLY,1209.3333333333333,0.0
814,3.2,Orange-N,1222,1192,19.0,105.83333333333333,3.0,1350.0,0.07839506172839505,OVERSUPPLY,1244.1666666666667,0.0
814,3.2,Orange-N,1222,1192,20.0,64.33333333333333,3.0,1350.0,0.04765432098765432,OVERSUPPLY,1285.6666666666667,0.0
814,3.2,Orange-N,1222,1192,21.0,36.83333333333333,3.0,1350.0,0.027283950617283947,OVERSUPPLY,1313.1666666666667,0.0
814,3.2,Orange-N,1222,1192,22.0,23.0,3.0,1350.0,0.017037037037037038,OVERSUPPLY,1327.0,0.0
814,3.2,Orange-N,1222,1192,23.0,14.5,3.0,1350.0,0.01074074074074074,OVERSUPPLY,1335.5,0.0
816,3.2,Orange-N,1223,1193,5.0,2.333333333333333,3.0,1350.0,0.001728395061728395,OVERSUPPLY,1347.6666666666667,0.0
816,3.2,Orange-N,1223,1193,6.0,11.166666666666666,3.0,1350.0,0.008271604938271605,OVERSUPPLY,1338.8333333333333,0.0
816,3.2,Orange-N,1223,1193,7.0,29.666666666666668,3.0,1350.0,0.02197530864197531,OVERSUPPLY,1320.3333333333333,0.0
816,3.2,Orange-N,1223,1193,8.0,32.166666666666664,3.0,1350.0,0.02382716049382716,OVERSUPPLY,1317.8333333333333,0.0
816,3.2,Orange-N,1223,1193,9.0,22.166666666666668,3.0,1350.0,0.016419753086419756,OVERSUPPLY,1327.8333333333333,0.0
816,3.2,Orange-N,1223,1193,10.0,11.0,3.0,1350.0,0.008148148148148147,OVERSUPPLY,1339.0,0.0
816,3.2,Orange-N,1223,1193,11.0,7.666666666666666,3.0,1350.0,0.005679012345679012,OVERSUPPLY,1342.3333333333333,0.0
816,3.2,Orange-N,1223,1193,12.0,8.833333333333334,3.0,1350.0,0.00654320987654321,OVERSUPPLY,1341.1666666666667,0.0
816,3.2,Orange-N,1223,1193,13.0,9.833333333333334,3.0,1350.0,0.007283950617283951,OVERSUPPLY,1340.1666666666667,0.0
816,3.2,Orange-N,1223,1193,14.0,6.5,3.0,1350.0,0.004814814814814815,OVERSUPPLY,1343.5,0.0
816,3.2,Orange-N,1223,1193,15.0,8.333333333333334,3.0,1350.0,0.00617283950617284,OVERSUPPLY,1341.6666666666667,0.0
816,3.2,Orange-N,1223,1193,16.0,11.333333333333332,3.0,1350.0,0.00839506172839506,OVERSUPPLY,1338.6666666666667,0.0
816,3.2,Orange-N,1223,1193,17.0,13.5,3.0,1350.0,0.01,OVERSUPPLY,1336.5,0.0
816,3.2,Orange-N,1223,1193,18.0,13.166666666666666,3.0,1350.0,0.009753086419753086,OVERSUPPLY,1336.8333333333333,0.0
816,3.2,Orange-N,1223,1193,19.0,9.5,3.0,1350.0,0.007037037037037037,OVERSUPPLY,1340.5,0.0
816,3.2,Orange-N,1223,1193,20.0,3.833333333333333,3.0,1350.0,0.002839506172839506,OVERSUPPLY,1346.1666666666667,0.0
816,3.2,Orange-N,1223,1193,21.0,3.333333333333333,3.0,1350.0,0.0024691358024691358,OVERSUPPLY,1346.6666666666667,0.0
816,3.2,Orange-N,1223,1193,22.0,1.0,3.0,1350.0,0.0007407407407407407,OVERSUPPLY,1349.0,0.0
816,3.2,Orange-N,1223,1193,23.0,0.3333333333333333,3.0,1350.0,0.0002469135802469136,OVERSUPPLY,1349.6666666666667,0.0
818,3.2,Orange-N,1224,1197,5.0,12.5,3.0,1350.0,0.009259259259259259,OVERSUPPLY,1337.5,0.0
818,3.2,Orange-N,1224,1197,6.0,62.0,3.0,1350.0,0.045925925925925926,OVERSUPPLY,1288.0,0.0
818,3.2,Orange-N,1224,1197,7.0,171.83333333333334,3.0,1350.0,0.12728395061728395,OVERSUPPLY,1178.1666666666667,0.0
818,3.2,Orange-N,1224,1197,8.0,229.33333333333334,3.0,1350.0,0.16987654320987655,OVERSUPPLY,1120.6666666666667,0.0
818,3.2,Orange-N,1224,1197,9.0,170.83333333333334,3.0,1350.0,0.12654320987654322,OVERSUPPLY,1179.1666666666667,0.0
818,3.2,Orange-N,1224,1197,10.0,128.0,3.0,1350.0,0.09481481481481481,OVERSUPPLY,1222.0,0.0
818,3.2,Orange-N,1224,1197,11.0,106.66666666666667,3.0,1350.0,0.07901234567901234,OVERSUPPLY,1243.3333333333333,0.0
818,3.2,Orange-N,1224,1197,12.0,126.66666666666667,3.0,1350.0,0.09382716049382717,OVERSUPPLY,1223.3333333333333,0.0
818,3.2,Orange-N,1224,1197,13.0,149.5,3.0,1350.0,0.11074074074074074,OVERSUPPLY,1200.5,0.0
818,3.2,Orange-N,1224,1197,14.0,192.0,3.0,1350.0,0.14222222222222222,OVERSUPPLY,1158.0,0.0
818,3.2,Orange-N,1224,1197,15.0,290.5,3.0,1350.0,0.21518518518518517,BALANCED,1059.5,0.0
818,3.2,Orange-N,1224,1197,16.0,399.0,3.0,1350.0,0.29555555555555557,BALANCED,951.0,0.0
818,3.2,Orange-N,1224,1197,17.0,542.8333333333334,3.0,1350.0,0.40209876543209877,BALANCED,807.1666666666666,0.0
818,3.2,Orange-N,1224,1197,18.0,415.8333333333333,3.0,1350.0,0.3080246913580247,BALANCED,934.1666666666667,0.0
818,3.2,Orange-N,1224,1197,19.0,242.5,3.0,1350.0,0.17962962962962964,OVERSUPPLY,1107.5,0.0
818,3.2,Orange-N,1224,1197,20.0,132.66666666666666,3.0,1350.0,0.0982716049382716,OVERSUPPLY,1217.3333333333333,0.0
818,3.2,Orange-N,1224,1197,21.0,74.16666666666667,3.0,1350.0,0.05493827160493828,OVERSUPPLY,1275.8333333333333,0.0
818,3.2,Orange-N,1224,1197,22.0,61.83333333333333,3.0,1350.0,0.045802469135802465,OVERSUPPLY,1288.1666666666667,0.0
818,3.2,Orange-N,1224,1197,23.0,71.16666666666667,3.0,1350.0,0.052716049382716054,OVERSUPPLY,1278.8333333333333,0.0
820,3.2,Orange-N,1225,1198,5.0,8.5,3.0,1350.0,0.006296296296296296,OVERSUPPLY,1341.5,0.0
820,3.2,Orange-N,1225,1198,6.0,44.333333333333336,3.0,1350.0,0.03283950617283951,OVERSUPPLY,1305.6666666666667,0.0
820,3.2,Orange-N,1225,1198,7.0,128.0,3.0,1350.0,0.09481481481481481,OVERSUPPLY,1222.0,0.0
820,3.2,Orange-N,1225,1198,8.0,173.16666666666666,3.0,1350.0,0.1282716049382716,OVERSUPPLY,1176.8333333333333,0.0
820,3.2,Orange-N,1225,1198,9.0,140.33333333333334,3.0,1350.0,0.10395061728395062,OVERSUPPLY,1209.6666666666667,0.0
820,3.2,Orange-N,1225,1198,10.0,108.33333333333333,3.0,1350.0,0.08024691358024691,OVERSUPPLY,1241.6666666666667,0.0
820,3.2,Orange-N,1225,1198,11.0,78.83333333333333,3.0,1350.0,0.05839506172839506,OVERSUPPLY,1271.1666666666667,0.0
820,3.2,Orange-N,1225,1198,12.0,100.66666666666667,3.0,1350.0,0.0745679012345679,OVERSUPPLY,1249.3333333333333,0.0
820,3.2,Orange-N,1225,1198,13.0,100.0,3.0,1350.0,0.07407407407407407,OVERSUPPLY,1250.0,0.0
820,3.2,Orange-N,1225,1198,14.0,124.0,3.0,1350.0,0.09185185185185185,OVERSUPPLY,1226.0,0.0
820,3.2,Orange-N,1225,1198,15.0,188.5,3.0,1350.0,0.13962962962962963,OVERSUPPLY,1161.5,0.0
820,3.2,Orange-N,1225,1198,16.0,247.83333333333331,3.0,1350.0,0.18358024691358024,OVERSUPPLY,1102.1666666666667,0.0
820,3.2,Orange-N,1225,1198,17.0,347.3333333333333,3.0,1350.0,0.25728395061728393,BALANCED,1002.6666666666667,0.0
820,3.2,Orange-N,1225,1198,18.0,259.1666666666667,3.0,1350.0,0.19197530864197532,OVERSUPPLY,1090.8333333333333,0.0
820,3.2,Orange-N,1225,1198,19.0,144.33333333333334,3.0,1350.0,0.10691358024691358,OVERSUPPLY,1205.6666666666667,0.0
820,3.2,Orange-N,1225,1198,20.0,85.0,3.0,1350.0,0.06296296296296296,OVERSUPPLY,1265.0,0.0
820,3.2,Orange-N,1225,1198,21.0,43.5,3.0,1350.0,0.03222222222222222,OVERSUPPLY,1306.5,0.0
820,3.2,Orange-N,1225,1198,22.0,36.166666666666664,3.0,1350.0,0.026790123456790122,OVERSUPPLY,1313.8333333333333,0.0
820,3.2,Orange-N,1225,1198,23.0,40.833333333333336,3.0,1350.0,0.030246913580246917,OVERSUPPLY,1309.1666666666667,0.0
822,3.2,Orange-N,1226,1199,5.0,0.16666666666666666,3.0,1350.0,0.0001234567901234568,OVERSUPPLY,1349.8333333333333,0.0
822,3.2,Orange-N,1226,1199,6.0,2.1666666666666665,3.0,1350.0,0.0016049382716049382,OVERSUPPLY,1347.8333333333333,0.0
822,3.2,Orange-N,1226,1199,7.0,12.5,3.0,1350.0,0.009259259259259259,OVERSUPPLY,1337.5,0.0
822,3.2,Orange-N,1226,1199,8.0,12.166666666666666,3.0,1350.0,0.009012345679012346,OVERSUPPLY,1337.8333333333333,0.0
822,3.2,Orange-N,1226,1199,9.0,13.666666666666666,3.0,1350.0,0.010123456790123456,OVERSUPPLY,1336.3333333333333,0.0
822,3.2,Orange-N,1226,1199,10.0,5.833333333333333,3.0,1350.0,0.004320987654320987,OVERSUPPLY,1344.1666666666667,0.0
822,3.2,Orange-N,1226,1199,11.0,4.333333333333334,3.0,1350.0,0.0032098765432098768,OVERSUPPLY,1345.6666666666667,0.0
822,3.2,Orange-N,1226,1199,12.0,4.5,3.0,1350.0,0.0033333333333333335,OVERSUPPLY,1345.5,0.0
822,3.2,Orange-N,1226,1199,13.0,6.166666666666667,3.0,1350.0,0.004567901234567902,OVERSUPPLY,1343.8333333333333,0.0
822,3.2,Orange-N,1226,1199,14.0,3.3333333333333335,3.0,1350.0,0.0024691358024691358,OVERSUPPLY,1346.6666666666667,0.0
822,3.2,Orange-N,1226,1199,15.0,3.666666666666667,3.0,1350.0,0.0027160493827160497,OVERSUPPLY,1346.3333333333333,0.0
822,3.2,Orange-N,1226,1199,16.0,6.0,3.0,1350.0,0.0044444444444444444,OVERSUPPLY,1344.0,0.0
822,3.2,Orange-N,1226,1199,17.0,7.5,3.0,1350.0,0.005555555555555556,OVERSUPPLY,1342.5,0.0
822,3.2,Orange-N,1226,1199,18.0,9.666666666666666,3.0,1350.0,0.007160493827160493,OVERSUPPLY,1340.3333333333333,0.0
822,3.2,Orange-N,1226,1199,19.0,4.166666666666667,3.0,1350.0,0.00308641975308642,OVERSUPPLY,1345.8333333333333,0.0
822,3.2,Orange-N,1226,1199,20.0,2.833333333333333,3.0,1350.0,0.002098765432098765,OVERSUPPLY,1347.1666666666667,0.0
822,3.2,Orange-N,1226,1199,21.0,2.1666666666666665,3.0,1350.0,0.0016049382716049382,OVERSUPPLY,1347.8333333333333,0.0
822,3.2,Orange-N,1226,1199,22.0,0.5,3.0,1350.0,0.00037037037037037035,OVERSUPPLY,1349.5,0.0
822,3.2,Orange-N,1226,1199,23.0,0.16666666666666666,3.0,1350.0,0.0001234567901234568,OVERSUPPLY,1349.8333333333333,0.0
824,3.2,Orange-N,1227,1245,5.0,10.5,3.0,1350.0,0.0077777777777777776,OVERSUPPLY,1339.5,0.0
824,3.2,Orange-N,1227,1245,6.0,35.0,3.0,1350.0,0.025925925925925925,OVERSUPPLY,1315.0,0.0
824,3.2,Orange-N,1227,1245,7.0,56.666666666666664,3.0,1350.0,0.04197530864197531,OVERSUPPLY,1293.3333333333333,0.0
824,3.2,Orange-N,1227,1245,8.0,82.83333333333333,3.0,1350.0,0.061358024691358024,OVERSUPPLY,1267.1666666666667,0.0
824,3.2,Orange-N,1227,1245,9.0,51.33333333333333,3.0,1350.0,0.038024691358024686,OVERSUPPLY,1298.6666666666667,0.0
824,3.2,Orange-N,1227,1245,10.0,36.0,3.0,1350.0,0.02666666666666667,OVERSUPPLY,1314.0,0.0
824,3.2,Orange-N,1227,1245,11.0,31.666666666666668,3.0,1350.0,0.02345679012345679,OVERSUPPLY,1318.3333333333333,0.0
824,3.2,Orange-N,1227,1245,12.0,36.166666666666664,3.0,1350.0,0.026790123456790122,OVERSUPPLY,1313.8333333333333,0.0
824,3.2,Orange-N,1227,1245,13.0,25.666666666666668,3.0,1350.0,0.019012345679012346,OVERSUPPLY,1324.3333333333333,0.0
824,3.2,Orange-N,1227,1245,14.0,28.666666666666664,3.0,1350.0,0.021234567901234565,OVERSUPPLY,1321.3333333333333,0.0
824,3.2,Orange-N,1227,1245,15.0,31.0,3.0,1350.0,0.022962962962962963,OVERSUPPLY,1319.0,0.0
824,3.2,Orange-N,1227,1245,16.0,49.666666666666664,3.0,1350.0,0.03679012345679012,OVERSUPPLY,1300.3333333333333,0.0
824,3.2,Orange-N,1227,1245,17.0,60.666666666666664,3.0,1350.0,0.04493827160493827,OVERSUPPLY,1289.3333333333333,0.0
824,3.2,Orange-N,1227,1245,18.0,59.0,3.0,1350.0,0.0437037037037037,OVERSUPPLY,1291.0,0.0
824,3.2,Orange-N,1227,1245,19.0,41.333333333333336,3.0,1350.0,0.030617283950617285,OVERSUPPLY,1308.6666666666667,0.0
824,3.2,Orange-N,1227,1245,20.0,25.166666666666668,3.0,1350.0,0.018641975308641975,OVERSUPPLY,1324.8333333333333,0.0
824,3.2,Orange-N,1227,1245,21.0,9.833333333333332,3.0,1350.0,0.00728395061728395,OVERSUPPLY,1340.1666666666667,0.0
824,3.2,Orange-N,1227,1245,22.0,14.333333333333332,3.0,1350.0,0.010617283950617283,OVERSUPPLY,1335.6666666666667,0.0
824,3.2,Orange-N,1227,1245,23.0,8.666666666666666,3.0,1350.0,0.006419753086419753,OVERSUPPLY,1341.3333333333333,0.0
826,3.2,Orange-N,1228,1231,5.0,4.666666666666667,3.0,1350.0,0.0034567901234567903,OVERSUPPLY,1345.3333333333333,0.0
826,3.2,Orange-N,1228,1231,6.0,31.0,3.0,1350.0,0.022962962962962963,OVERSUPPLY,1319.0,0.0
826,3.2,Orange-N,1228,1231,7.0,87.83333333333333,3.0,1350.0,0.06506172839506172,OVERSUPPLY,1262.1666666666667,0.0
826,3.2,Orange-N,1228,1231,8.0,71.5,3.0,1350.0,0.05296296296296296,OVERSUPPLY,1278.5,0.0
826,3.2,Orange-N,1228,1231,9.0,58.166666666666664,3.0,1350.0,0.04308641975308642,OVERSUPPLY,1291.8333333333333,0.0
826,3.2,Orange-N,1228,1231,10.0,52.666666666666664,3.0,1350.0,0.03901234567901234,OVERSUPPLY,1297.3333333333333,0.0
826,3.2,Orange-N,1228,1231,11.0,60.0,3.0,1350.0,0.044444444444444446,OVERSUPPLY,1290.0,0.0
826,3.2,Orange-N,1228,1231,12.0,84.5,3.0,1350.0,0.06259259259259259,OVERSUPPLY,1265.5,0.0
826,3.2,Orange-N,1228,1231,13.0,108.16666666666667,3.0,1350.0,0.08012345679012346,OVERSUPPLY,1241.8333333333333,0.0
826,3.2,Orange-N,1228,1231,14.0,175.0,3.0,1350.0,0.12962962962962962,OVERSUPPLY,1175.0,0.0
826,3.2,Orange-N,1228,1231,15.0,313.5,3.0,1350.0,0.23222222222222222,BALANCED,1036.5,0.0
826,3.2,Orange-N,1228,1231,16.0,428.3333333333333,3.0,1350.0,0.3172839506172839,BALANCED,921.6666666666667,0.0
826,3.2,Orange-N,1228,1231,17.0,577.8333333333334,3.0,1350.0,0.42802469135802473,BALANCED,772.1666666666666,0.0
826,3.2,Orange-N,1228,1231,18.0,410.1666666666667,3.0,1350.0,0.3038271604938272,BALANCED,939.8333333333333,0.0
826,3.2,Orange-N,1228,1231,19.0,237.0,3.0,1350.0,0.17555555555555555,OVERSUPPLY,1113.0,0.0
826,3.2,Orange-N,1228,1231,20.0,135.33333333333334,3.0,1350.0,0.10024691358024693,OVERSUPPLY,1214.6666666666667,0.0
826,3.2,Orange-N,1228,1231,21.0,71.16666666666667,3.0,1350.0,0.052716049382716054,OVERSUPPLY,1278.8333333333333,0.0
826,3.2,Orange-N,1228,1231,22.0,63.166666666666664,3.0,1350.0,0.04679012345679012,OVERSUPPLY,1286.8333333333333,0.0
826,3.2,Orange-N,1228,1231,23.0,82.33333333333333,3.0,1350.0,0.06098765432098765,OVERSUPPLY,1267.6666666666667,0.0
828,3.2,Orange-N,1229,1232,5.0,4.0,3.0,1350.0,0.002962962962962963,OVERSUPPLY,1346.0,0.0
828,3.2,Orange-N,1229,1232,6.0,22.666666666666668,3.0,1350.0,0.016790123456790124,OVERSUPPLY,1327.3333333333333,0.0
828,3.2,Orange-N,1229,1232,7.0,62.833333333333336,3.0,1350.0,0.046543209876543215,OVERSUPPLY,1287.1666666666667,0.0
828,3.2,Orange-N,1229,1232,8.0,57.833333333333336,3.0,1350.0,0.042839506172839506,OVERSUPPLY,1292.1666666666667,0.0
828,3.2,Orange-N,1229,1232,9.0,42.333333333333336,3.0,1350.0,0.031358024691358025,OVERSUPPLY,1307.6666666666667,0.0
828,3.2,Orange-N,1229,1232,10.0,38.666666666666664,3.0,1350.0,0.028641975308641973,OVERSUPPLY,1311.3333333333333,0.0
828,3.2,Orange-N,1229,1232,11.0,42.5,3.0,1350.0,0.03148148148148148,OVERSUPPLY,1307.5,0.0
828,3.2,Orange-N,1229,1232,12.0,64.0,3.0,1350.0,0.047407407407407405,OVERSUPPLY,1286.0,0.0
828,3.2,Orange-N,1229,1232,13.0,70.83333333333333,3.0,1350.0,0.05246913580246913,OVERSUPPLY,1279.1666666666667,0.0
828,3.2,Orange-N,1229,1232,14.0,112.16666666666667,3.0,1350.0,0.08308641975308642,OVERSUPPLY,1237.8333333333333,0.0
828,3.2,Orange-N,1229,1232,15.0,200.83333333333334,3.0,1350.0,0.14876543209876544,OVERSUPPLY,1149.1666666666667,0.0
828,3.2,Orange-N,1229,1232,16.0,285.3333333333333,3.0,1350.0,0.211358024691358,BALANCED,1064.6666666666667,0.0
828,3.2,Orange-N,1229,1232,17.0,380.8333333333333,3.0,1350.0,0.2820987654320988,BALANCED,969.1666666666667,0.0
828,3.2,Orange-N,1229,1232,18.0,271.3333333333333,3.0,1350.0,0.20098765432098764,BALANCED,1078.6666666666667,0.0
828,3.2,Orange-N,1229,1232,19.0,146.16666666666666,3.0,1350.0,0.10827160493827159,OVERSUPPLY,1203.8333333333333,0.0
828,3.2,Orange-N,1229,1232,20.0,85.16666666666667,3.0,1350.0,0.06308641975308642,OVERSUPPLY,1264.8333333333333,0.0
828,3.2,Orange-N,1229,1232,21.0,41.5,3.0,1350.0,0.030740740740740742,OVERSUPPLY,1308.5,0.0
828,3.2,Orange-N,1229,1232,22.0,41.166666666666664,3.0,1350.0,0.030493827160493824,OVERSUPPLY,1308.8333333333333,0.0
828,3.2,Orange-N,1229,1232,23.0,44.166666666666664,3.0,1350.0,0.03271604938271605,OVERSUPPLY,1305.8333333333333,0.0
830,3.2,Orange-N,1230,1233,6.0,0.16666666666666666,3.0,1350.0,0.0001234567901234568,OVERSUPPLY,1349.8333333333333,0.0
830,3.2,Orange-N,1230,1233,7.0,3.6666666666666665,3.0,1350.0,0.0027160493827160493,OVERSUPPLY,1346.3333333333333,0.0
830,3.2,Orange-N,1230,1233,8.0,1.8333333333333333,3.0,1350.0,0.0013580246913580246,OVERSUPPLY,1348.1666666666667,0.0
830,3.2,Orange-N,1230,1233,9.0,1.1666666666666665,3.0,1350.0,0.0008641975308641975,OVERSUPPLY,1348.8333333333333,0.0
830,3.2,Orange-N,1230,1233,10.0,1.1666666666666665,3.0,1350.0,0.0008641975308641975,OVERSUPPLY,1348.8333333333333,0.0
830,3.2,Orange-N,1230,1233,11.0,0.3333333333333333,3.0,1350.0,0.0002469135802469136,OVERSUPPLY,1349.6666666666667,0.0
830,3.2,Orange-N,1230,1233,12.0,0.6666666666666666,3.0,1350.0,0.0004938271604938272,OVERSUPPLY,1349.3333333333333,0.0
830,3.2,Orange-N,1230,1233,13.0,1.1666666666666665,3.0,1350.0,0.0008641975308641975,OVERSUPPLY,1348.8333333333333,0.0
830,3.2,Orange-N,1230,1233,14.0,0.9999999999999999,3.0,1350.0,0.0007407407407407407,OVERSUPPLY,1349.0,0.0
830,3.2,Orange-N,1230,1233,15.0,1.0,3.0,1350.0,0.0007407407407407407,OVERSUPPLY,1349.0,0.0
830,3.2,Orange-N,1230,1233,16.0,2.333333333333333,3.0,1350.0,0.001728395061728395,OVERSUPPLY,1347.6666666666667,0.0
830,3.2,Orange-N,1230,1233,17.0,4.5,3.0,1350.0,0.0033333333333333335,OVERSUPPLY,1345.5,0.0
830,3.2,Orange-N,1230,1233,18.0,5.0,3.0,1350.0,0.003703703703703704,OVERSUPPLY,1345.0,0.0
830,3.2,Orange-N,1230,1233,19.0,2.1666666666666665,3.0,1350.0,0.0016049382716049382,OVERSUPPLY,1347.8333333333333,0.0
830,3.2,Orange-N,1230,1233,20.0,2.166666666666667,3.0,1350.0,0.0016049382716049384,OVERSUPPLY,1347.8333333333333,0.0
830,3.2,Orange-N,1230,1233,21.0,0.6666666666666666,3.0,1350.0,0.0004938271604938272,OVERSUPPLY,1349.3333333333333,0.0
830,3.2,Orange-N,1230,1233,22.0,0.16666666666666666,3.0,1350.0,0.0001234567901234568,OVERSUPPLY,1349.8333333333333,0.0
832,3.2,Orange-N,1231,1210,8.0,1.0,3.0,1350.0,0.0007407407407407407,OVERSUPPLY,1349.0,0.0
832,3.2,Orange-N,1231,1210,9.0,1.5,3.0,1350.0,0.0011111111111111111,OVERSUPPLY,1348.5,0.0
832,3.2,Orange-N,1231,1210,10.0,0.5,3.0,1350.0,0.00037037037037037035,OVERSUPPLY,1349.5,0.0
832,3.2,Orange-N,1231,1210,11.0,1.5,3.0,1350.0,0.0011111111111111111,OVERSUPPLY,1348.5,0.0
832,3.2,Orange-N,1231,1210,12.0,0.8333333333333334,3.0,1350.0,0.0006172839506172839,OVERSUPPLY,1349.1666666666667,0.0
832,3.2,Orange-N,1231,1210,13.0,1.1666666666666667,3.0,1350.0,0.0008641975308641976,OVERSUPPLY,1348.8333333333333,0.0
832,3.2,Orange-N,1231,1210,14.0,3.5,3.0,1350.0,0.0025925925925925925,OVERSUPPLY,1346.5,0.0
832,3.2,Orange-N,1231,1210,15.0,4.333333333333333,3.0,1350.0,0.0032098765432098763,OVERSUPPLY,1345.6666666666667,0.0
832,3.2,Orange-N,1231,1210,16.0,4.0,3.0,1350.0,0.002962962962962963,OVERSUPPLY,1346.0,0.0
832,3.2,Orange-N,1231,1210,17.0,4.166666666666667,3.0,1350.0,0.00308641975308642,OVERSUPPLY,1345.8333333333333,0.0
832,3.2,Orange-N,1231,1210,18.0,3.6666666666666665,3.0,1350.0,0.0027160493827160493,OVERSUPPLY,1346.3333333333333,0.0
832,3.2,Orange-N,1231,1210,19.0,0.8333333333333334,3.0,1350.0,0.0006172839506172839,OVERSUPPLY,1349.1666666666667,0.0
832,3.2,Orange-N,1231,1210,20.0,0.16666666666666666,3.0,1350.0,0.0001234567901234568,OVERSUPPLY,1349.8333333333333,0.0
832,3.2,Orange-N,1231,1210,21.0,0.16666666666666666,3.0,1350.0,0.0001234567901234568,OVERSUPPLY,1349.8333333333333,0.0
834,3.2,Orange-N,1232,1211,6.0,1.0,3.0,1350.0,0.0007407407407407407,OVERSUPPLY,1349.0,0.0
834,3.2,Orange-N,1232,1211,7.0,1.8333333333333333,3.0,1350.0,0.0013580246913580246,OVERSUPPLY,1348.1666666666667,0.0
834,3.2,Orange-N,1232,1211,8.0,3.5,3.0,1350.0,0.0025925925925925925,OVERSUPPLY,1346.5,0.0
834,3.2,Orange-N,1232,1211,9.0,1.6666666666666665,3.0,1350.0,0.0012345679012345679,OVERSUPPLY,1348.3333333333333,0.0
834,3.2,Orange-N,1232,1211,10.0,1.0,3.0,1350.0,0.0007407407407407407,OVERSUPPLY,1349.0,0.0
834,3.2,Orange-N,1232,1211,11.0,0.5,3.0,1350.0,0.00037037037037037035,OVERSUPPLY,1349.5,0.0
834,3.2,Orange-N,1232,1211,12.0,2.333333333333333,3.0,1350.0,0.001728395061728395,OVERSUPPLY,1347.6666666666667,0.0
834,3.2,Orange-N,1232,1211,13.0,0.5,3.0,1350.0,0.00037037037037037035,OVERSUPPLY,1349.5,0.0
834,3.2,Orange-N,1232,1211,14.0,1.3333333333333333,3.0,1350.0,0.0009876543209876543,OVERSUPPLY,1348.6666666666667,0.0
834,3.2,Orange-N,1232,1211,15.0,0.6666666666666666,3.0,1350.0,0.0004938271604938272,OVERSUPPLY,1349.3333333333333,0.0
834,3.2,Orange-N,1232,1211,16.0,1.1666666666666665,3.0,1350.0,0.0008641975308641975,OVERSUPPLY,1348.8333333333333,0.0
834,3.2,Orange-N,1232,1211,17.0,2.8333333333333335,3.0,1350.0,0.0020987654320987655,OVERSUPPLY,1347.1666666666667,0.0
834,3.2,Orange-N,1232,1211,18.0,2.666666666666667,3.0,1350.0,0.0019753086419753087,OVERSUPPLY,1347.3333333333333,0.0
834,3.2,Orange-N,1232,1211,19.0,2.1666666666666665,3.0,1350.0,0.0016049382716049382,OVERSUPPLY,1347.8333333333333,0.0
834,3.2,Orange-N,1232,1211,20.0,2.0,3.0,1350.0,0.0014814814814814814,OVERSUPPLY,1348.0,0.0
834,3.2,Orange-N,1232,1211,21.0,0.8333333333333333,3.0,1350.0,0.0006172839506172839,OVERSUPPLY,1349.1666666666667,0.0
834,3.2,Orange-N,1232,1211,22.0,0.3333333333333333,3.0,1350.0,0.0002469135802469136,OVERSUPPLY,1349.6666666666667,0.0
834,3.2,Orange-N,1232,1211,23.0,0.3333333333333333,3.0,1350.0,0.0002469135802469136,OVERSUPPLY,1349.6666666666667,0.0
841,3.2,Orange-N,1237,1204,5.0,60.5,3.0,1350.0,0.044814814814814814,OVERSUPPLY,1289.5,0.0
841,3.2,Orange-N,1237,1204,6.0,160.66666666666666,3.0,1350.0,0.11901234567901234,OVERSUPPLY,1189.3333333333333,0.0
841,3.2,Orange-N,1237,1204,7.0,310.3333333333333,3.0,1350.0,0.22987654320987652,BALANCED,1039.6666666666667,0.0
841,3.2,Orange-N,1237,1204,8.0,323.6666666666667,3.0,1350.0,0.2397530864197531,BALANCED,1026.3333333333333,0.0
841,3.2,Orange-N,1237,1204,9.0,169.33333333333334,3.0,1350.0,0.1254320987654321,OVERSUPPLY,1180.6666666666667,0.0
841,3.2,Orange-N,1237,1204,10.0,104.33333333333333,3.0,1350.0,0.07728395061728395,OVERSUPPLY,1245.6666666666667,0.0
841,3.2,Orange-N,1237,1204,11.0,80.0,3.0,1350.0,0.05925925925925926,OVERSUPPLY,1270.0,0.0
841,3.2,Orange-N,1237,1204,12.0,79.66666666666667,3.0,1350.0,0.05901234567901235,OVERSUPPLY,1270.3333333333333,0.0
841,3.2,Orange-N,1237,1204,13.0,82.83333333333333,3.0,1350.0,0.061358024691358024,OVERSUPPLY,1267.1666666666667,0.0
841,3.2,Orange-N,1237,1204,14.0,88.5,3.0,1350.0,0.06555555555555556,OVERSUPPLY,1261.5,0.0
841,3.2,Orange-N,1237,1204,15.0,105.83333333333333,3.0,1350.0,0.07839506172839505,OVERSUPPLY,1244.1666666666667,0.0
841,3.2,Orange-N,1237,1204,16.0,148.0,3.0,1350.0,0.10962962962962963,OVERSUPPLY,1202.0,0.0
841,3.2,Orange-N,1237,1204,17.0,170.33333333333334,3.0,1350.0,0.12617283950617283,OVERSUPPLY,1179.6666666666667,0.0
841,3.2,Orange-N,1237,1204,18.0,111.16666666666667,3.0,1350.0,0.08234567901234568,OVERSUPPLY,1238.8333333333333,0.0
841,3.2,Orange-N,1237,1204,19.0,73.5,3.0,1350.0,0.05444444444444444,OVERSUPPLY,1276.5,0.0
841,3.2,Orange-N,1237,1204,20.0,36.833333333333336,3.0,1350.0,0.02728395061728395,OVERSUPPLY,1313.1666666666667,0.0
841,3.2,Orange-N,1237,1204,21.0,30.0,3.0,1350.0,0.022222222222222223,OVERSUPPLY,1320.0,0.0
841,3.2,Orange-N,1237,1204,22.0,23.5,3.0,1350.0,0.017407407407407406,OVERSUPPLY,1326.5,0.0
841,3.2,Orange-N,1237,1204,23.0,11.833333333333332,3.0,1350.0,0.008765432098765432,OVERSUPPLY,1338.1666666666667,0.0
843,3.2,Orange-N,1238,1205,5.0,64.66666666666667,3.0,1350.0,0.04790123456790124,OVERSUPPLY,1285.3333333333333,0.0
843,3.2,Orange-N,1238,1205,6.0,204.16666666666666,3.0,1350.0,0.15123456790123457,OVERSUPPLY,1145.8333333333333,0.0
843,3.2,Orange-N,1238,1205,7.0,425.5,3.0,1350.0,0.3151851851851852,BALANCED,924.5,0.0
843,3.2,Orange-N,1238,1205,8.0,472.6666666666667,3.0,1350.0,0.35012345679012347,BALANCED,877.3333333333333,0.0
843,3.2,Orange-N,1238,1205,9.0,253.16666666666666,3.0,1350.0,0.18753086419753084,OVERSUPPLY,1096.8333333333333,0.0
843,3.2,Orange-N,1238,1205,10.0,154.16666666666666,3.0,1350.0,0.11419753086419752,OVERSUPPLY,1195.8333333333333,0.0
843,3.2,Orange-N,1238,1205,11.0,120.66666666666667,3.0,1350.0,0.08938271604938272,OVERSUPPLY,1229.3333333333333,0.0
843,3.2,Orange-N,1238,1205,12.0,126.16666666666667,3.0,1350.0,0.0934567901234568,OVERSUPPLY,1223.8333333333333,0.0
843,3.2,Orange-N,1238,1205,13.0,107.16666666666667,3.0,1350.0,0.07938271604938273,OVERSUPPLY,1242.8333333333333,0.0
843,3.2,Orange-N,1238,1205,14.0,114.33333333333333,3.0,1350.0,0.08469135802469135,OVERSUPPLY,1235.6666666666667,0.0
843,3.2,Orange-N,1238,1205,15.0,124.33333333333333,3.0,1350.0,0.09209876543209876,OVERSUPPLY,1225.6666666666667,0.0
843,3.2,Orange-N,1238,1205,16.0,167.5,3.0,1350.0,0.12407407407407407,OVERSUPPLY,1182.5,0.0
843,3.2,Orange-N,1238,1205,17.0,217.5,3.0,1350.0,0.16111111111111112,OVERSUPPLY,1132.5,0.0
843,3.2,Orange-N,1238,1205,18.0,177.66666666666666,3.0,1350.0,0.13160493827160494,OVERSUPPLY,1172.3333333333333,0.0
843,3.2,Orange-N,1238,1205,19.0,122.5,3.0,1350.0,0.09074074074074075,OVERSUPPLY,1227.5,0.0
843,3.2,Orange-N,1238,1205,20.0,74.66666666666667,3.0,1350.0,0.055308641975308645,OVERSUPPLY,1275.3333333333333,0.0
843,3.2,Orange-N,1238,1205,21.0,45.5,3.0,1350.0,0.0337037037037037,OVERSUPPLY,1304.5,0.0
843,3.2,Orange-N,1238,1205,22.0,34.833333333333336,3.0,1350.0,0.02580246913580247,OVERSUPPLY,1315.1666666666667,0.0
843,3.2,Orange-N,1238,1205,23.0,19.833333333333332,3.0,1350.0,0.014691358024691356,OVERSUPPLY,1330.1666666666667,0.0
845,3.2,Orange-N,1239,1206,5.0,8.666666666666666,3.0,1350.0,0.006419753086419753,OVERSUPPLY,1341.3333333333333,0.0
845,3.2,Orange-N,1239,1206,6.0,35.833333333333336,3.0,1350.0,0.02654320987654321,OVERSUPPLY,1314.1666666666667,0.0
845,3.2,Orange-N,1239,1206,7.0,79.5,3.0,1350.0,0.058888888888888886,OVERSUPPLY,1270.5,0.0
845,3.2,Orange-N,1239,1206,8.0,90.0,3.0,1350.0,0.06666666666666667,OVERSUPPLY,1260.0,0.0
845,3.2,Orange-N,1239,1206,9.0,48.833333333333336,3.0,1350.0,0.03617283950617284,OVERSUPPLY,1301.1666666666667,0.0
845,3.2,Orange-N,1239,1206,10.0,22.333333333333332,3.0,1350.0,0.01654320987654321,OVERSUPPLY,1327.6666666666667,0.0
845,3.2,Orange-N,1239,1206,11.0,19.333333333333332,3.0,1350.0,0.014320987654320987,OVERSUPPLY,1330.6666666666667,0.0
845,3.2,Orange-N,1239,1206,12.0,21.5,3.0,1350.0,0.015925925925925927,OVERSUPPLY,1328.5,0.0
845,3.2,Orange-N,1239,1206,13.0,17.333333333333332,3.0,1350.0,0.012839506172839505,OVERSUPPLY,1332.6666666666667,0.0
845,3.2,Orange-N,1239,1206,14.0,20.333333333333332,3.0,1350.0,0.015061728395061728,OVERSUPPLY,1329.6666666666667,0.0
845,3.2,Orange-N,1239,1206,15.0,21.5,3.0,1350.0,0.015925925925925927,OVERSUPPLY,1328.5,0.0
845,3.2,Orange-N,1239,1206,16.0,30.833333333333332,3.0,1350.0,0.022839506172839506,OVERSUPPLY,1319.1666666666667,0.0
845,3.2,Orange-N,1239,1206,17.0,37.833333333333336,3.0,1350.0,0.028024691358024694,OVERSUPPLY,1312.1666666666667,0.0
845,3.2,Orange-N,1239,1206,18.0,24.0,3.0,1350.0,0.017777777777777778,OVERSUPPLY,1326.0,0.0
845,3.2,Orange-N,1239,1206,19.0,20.166666666666668,3.0,1350.0,0.014938271604938273,OVERSUPPLY,1329.8333333333333,0.0
845,3.2,Orange-N,1239,1206,20.0,9.0,3.0,1350.0,0.006666666666666667,OVERSUPPLY,1341.0,0.0
845,3.2,Orange-N,1239,1206,21.0,7.0,3.0,1350.0,0.005185185185185185,OVERSUPPLY,1343.0,0.0
845,3.2,Orange-N,1239,1206,22.0,4.166666666666666,3.0,1350.0,0.003086419753086419,OVERSUPPLY,1345.8333333333333,0.0
845,3.2,Orange-N,1239,1206,23.0,3.333333333333333,3.0,1350.0,0.0024691358024691358,OVERSUPPLY,1346.6666666666667,0.0
847,3.2,Orange-N,1240,1218,5.0,9.666666666666666,3.0,1350.0,0.007160493827160493,OVERSUPPLY,1340.3333333333333,0.0
847,3.2,Orange-N,1240,1218,6.0,32.666666666666664,3.0,1350.0,0.024197530864197528,OVERSUPPLY,1317.3333333333333,0.0
847,3.2,Orange-N,1240,1218,7.0,59.333333333333336,3.0,1350.0,0.04395061728395062,OVERSUPPLY,1290.6666666666667,0.0
847,3.2,Orange-N,1240,1218,8.0,54.166666666666664,3.0,1350.0,0.040123456790123455,OVERSUPPLY,1295.8333333333333,0.0
847,3.2,Orange-N,1240,1218,9.0,30.166666666666668,3.0,1350.0,0.02234567901234568,OVERSUPPLY,1319.8333333333333,0.0
847,3.2,Orange-N,1240,1218,10.0,15.833333333333332,3.0,1350.0,0.011728395061728394,OVERSUPPLY,1334.1666666666667,0.0
847,3.2,Orange-N,1240,1218,11.0,13.833333333333334,3.0,1350.0,0.010246913580246915,OVERSUPPLY,1336.1666666666667,0.0
847,3.2,Orange-N,1240,1218,12.0,11.0,3.0,1350.0,0.008148148148148147,OVERSUPPLY,1339.0,0.0
847,3.2,Orange-N,1240,1218,13.0,10.0,3.0,1350.0,0.007407407407407408,OVERSUPPLY,1340.0,0.0
847,3.2,Orange-N,1240,1218,14.0,14.166666666666666,3.0,1350.0,0.010493827160493827,OVERSUPPLY,1335.8333333333333,0.0
847,3.2,Orange-N,1240,1218,15.0,15.833333333333332,3.0,1350.0,0.011728395061728394,OVERSUPPLY,1334.1666666666667,0.0
847,3.2,Orange-N,1240,1218,16.0,20.666666666666668,3.0,1350.0,0.015308641975308642,OVERSUPPLY,1329.3333333333333,0.0
847,3.2,Orange-N,1240,1218,17.0,19.333333333333332,3.0,1350.0,0.014320987654320987,OVERSUPPLY,1330.6666666666667,0.0
847,3.2,Orange-N,1240,1218,18.0,13.0,3.0,1350.0,0.00962962962962963,OVERSUPPLY,1337.0,0.0
847,3.2,Orange-N,1240,1218,19.0,9.0,3.0,1350.0,0.006666666666666667,OVERSUPPLY,1341.0,0.0
847,3.2,Orange-N,1240,1218,20.0,3.833333333333333,3.0,1350.0,0.002839506172839506,OVERSUPPLY,1346.1666666666667,0.0
847,3.2,Orange-N,1240,1218,21.0,3.333333333333333,3.0,1350.0,0.0024691358024691358,OVERSUPPLY,1346.6666666666667,0.0
847,3.2,Orange-N,1240,1218,22.0,5.0,3.0,1350.0,0.003703703703703704,OVERSUPPLY,1345.0,0.0
847,3.2,Orange-N,1240,1218,23.0,1.4999999999999998,3.0,1350.0,0.001111111111111111,OVERSUPPLY,1348.5,0.0
849,3.2,Orange-N,1241,1219,5.0,34.333333333333336,3.0,1350.0,0.0254320987654321,OVERSUPPLY,1315.6666666666667,0.0
849,3.2,Orange-N,1241,1219,6.0,129.83333333333334,3.0,1350.0,0.09617283950617285,OVERSUPPLY,1220.1666666666667,0.0
849,3.2,Orange-N,1241,1219,7.0,259.8333333333333,3.0,1350.0,0.19246913580246913,OVERSUPPLY,1090.1666666666667,0.0
849,3.2,Orange-N,1241,1219,8.0,301.8333333333333,3.0,1350.0,0.22358024691358022,BALANCED,1048.1666666666667,0.0
849,3.2,Orange-N,1241,1219,9.0,172.33333333333334,3.0,1350.0,0.12765432098765433,OVERSUPPLY,1177.6666666666667,0.0
849,3.2,Orange-N,1241,1219,10.0,101.16666666666667,3.0,1350.0,0.07493827160493828,OVERSUPPLY,1248.8333333333333,0.0
849,3.2,Orange-N,1241,1219,11.0,83.33333333333333,3.0,1350.0,0.06172839506172839,OVERSUPPLY,1266.6666666666667,0.0
849,3.2,Orange-N,1241,1219,12.0,91.0,3.0,1350.0,0.0674074074074074,OVERSUPPLY,1259.0,0.0
849,3.2,Orange-N,1241,1219,13.0,72.33333333333333,3.0,1350.0,0.053580246913580244,OVERSUPPLY,1277.6666666666667,0.0
849,3.2,Orange-N,1241,1219,14.0,84.83333333333333,3.0,1350.0,0.0628395061728395,OVERSUPPLY,1265.1666666666667,0.0
849,3.2,Orange-N,1241,1219,15.0,97.33333333333333,3.0,1350.0,0.07209876543209877,OVERSUPPLY,1252.6666666666667,0.0
849,3.2,Orange-N,1241,1219,16.0,140.0,3.0,1350.0,0.1037037037037037,OVERSUPPLY,1210.0,0.0
849,3.2,Orange-N,1241,1219,17.0,165.83333333333334,3.0,1350.0,0.12283950617283951,OVERSUPPLY,1184.1666666666667,0.0
849,3.2,Orange-N,1241,1219,18.0,135.83333333333334,3.0,1350.0,0.1006172839506173,OVERSUPPLY,1214.1666666666667,0.0
849,3.2,Orange-N,1241,1219,19.0,100.0,3.0,1350.0,0.07407407407407407,OVERSUPPLY,1250.0,0.0
849,3.2,Orange-N,1241,1219,20.0,60.666666666666664,3.0,1350.0,0.04493827160493827,OVERSUPPLY,1289.3333333333333,0.0
849,3.2,Orange-N,1241,1219,21.0,29.0,3.0,1350.0,0.02148148148148148,OVERSUPPLY,1321.0,0.0
849,3.2,Orange-N,1241,1219,22.0,26.833333333333332,3.0,1350.0,0.019876543209876543,OVERSUPPLY,1323.1666666666667,0.0
849,3.2,Orange-N,1241,1219,23.0,16.166666666666664,3.0,1350.0,0.011975308641975307,OVERSUPPLY,1333.8333333333333,0.0
851,3.2,Orange-N,1242,1220,5.0,9.833333333333334,3.0,1350.0,0.007283950617283951,OVERSUPPLY,1340.1666666666667,0.0
851,3.2,Orange-N,1242,1220,6.0,42.166666666666664,3.0,1350.0,0.031234567901234567,OVERSUPPLY,1307.8333333333333,0.0
851,3.2,Orange-N,1242,1220,7.0,94.16666666666667,3.0,1350.0,0.06975308641975309,OVERSUPPLY,1255.8333333333333,0.0
851,3.2,Orange-N,1242,1220,8.0,103.16666666666667,3.0,1350.0,0.07641975308641975,OVERSUPPLY,1246.8333333333333,0.0
851,3.2,Orange-N,1242,1220,9.0,60.5,3.0,1350.0,0.044814814814814814,OVERSUPPLY,1289.5,0.0
851,3.2,Orange-N,1242,1220,10.0,31.0,3.0,1350.0,0.022962962962962963,OVERSUPPLY,1319.0,0.0
851,3.2,Orange-N,1242,1220,11.0,26.166666666666668,3.0,1350.0,0.019382716049382718,OVERSUPPLY,1323.8333333333333,0.0
851,3.2,Orange-N,1242,1220,12.0,33.0,3.0,1350.0,0.024444444444444446,OVERSUPPLY,1317.0,0.0
851,3.2,Orange-N,1242,1220,13.0,27.0,3.0,1350.0,0.02,OVERSUPPLY,1323.0,0.0
851,3.2,Orange-N,1242,1220,14.0,33.833333333333336,3.0,1350.0,0.02506172839506173,OVERSUPPLY,1316.1666666666667,0.0
851,3.2,Orange-N,1242,1220,15.0,40.333333333333336,3.0,1350.0,0.029876543209876545,OVERSUPPLY,1309.6666666666667,0.0
851,3.2,Orange-N,1242,1220,16.0,57.666666666666664,3.0,1350.0,0.042716049382716045,OVERSUPPLY,1292.3333333333333,0.0
851,3.2,Orange-N,1242,1220,17.0,65.33333333333333,3.0,1350.0,0.048395061728395056,OVERSUPPLY,1284.6666666666667,0.0
851,3.2,Orange-N,1242,1220,18.0,42.666666666666664,3.0,1350.0,0.03160493827160494,OVERSUPPLY,1307.3333333333333,0.0
851,3.2,Orange-N,1242,1220,19.0,32.0,3.0,1350.0,0.023703703703703703,OVERSUPPLY,1318.0,0.0
851,3.2,Orange-N,1242,1220,20.0,15.0,3.0,1350.0,0.011111111111111112,OVERSUPPLY,1335.0,0.0
851,3.2,Orange-N,1242,1220,21.0,9.333333333333334,3.0,1350.0,0.006913580246913581,OVERSUPPLY,1340.6666666666667,0.0
851,3.2,Orange-N,1242,1220,22.0,7.0,3.0,1350.0,0.005185185185185185,OVERSUPPLY,1343.0,0.0
851,3.2,Orange-N,1242,1220,23.0,4.0,3.0,1350.0,0.002962962962962963,OVERSUPPLY,1346.0,0.0
853,3.2,Orange-N,1243,1241,5.0,25.333333333333332,3.0,1350.0,0.018765432098765432,OVERSUPPLY,1324.6666666666667,0.0
853,3.2,Orange-N,1243,1241,6.0,99.16666666666667,3.0,1350.0,0.0734567901234568,OVERSUPPLY,1250.8333333333333,0.0
853,3.2,Orange-N,1243,1241,7.0,204.16666666666666,3.0,1350.0,0.15123456790123457,OVERSUPPLY,1145.8333333333333,0.0
853,3.2,Orange-N,1243,1241,8.0,251.66666666666666,3.0,1350.0,0.18641975308641975,OVERSUPPLY,1098.3333333333333,0.0
853,3.2,Orange-N,1243,1241,9.0,143.83333333333334,3.0,1350.0,0.10654320987654321,OVERSUPPLY,1206.1666666666667,0.0
853,3.2,Orange-N,1243,1241,10.0,86.83333333333333,3.0,1350.0,0.06432098765432098,OVERSUPPLY,1263.1666666666667,0.0
853,3.2,Orange-N,1243,1241,11.0,70.66666666666667,3.0,1350.0,0.05234567901234568,OVERSUPPLY,1279.3333333333333,0.0
853,3.2,Orange-N,1243,1241,12.0,82.33333333333333,3.0,1350.0,0.06098765432098765,OVERSUPPLY,1267.6666666666667,0.0
853,3.2,Orange-N,1243,1241,13.0,64.83333333333333,3.0,1350.0,0.04802469135802469,OVERSUPPLY,1285.1666666666667,0.0
853,3.2,Orange-N,1243,1241,14.0,74.33333333333333,3.0,1350.0,0.055061728395061724,OVERSUPPLY,1275.6666666666667,0.0
853,3.2,Orange-N,1243,1241,15.0,91.16666666666667,3.0,1350.0,0.06753086419753086,OVERSUPPLY,1258.8333333333333,0.0
853,3.2,Orange-N,1243,1241,16.0,127.83333333333333,3.0,1350.0,0.09469135802469135,OVERSUPPLY,1222.1666666666667,0.0
853,3.2,Orange-N,1243,1241,17.0,157.16666666666666,3.0,1350.0,0.11641975308641975,OVERSUPPLY,1192.8333333333333,0.0
853,3.2,Orange-N,1243,1241,18.0,130.33333333333334,3.0,1350.0,0.09654320987654322,OVERSUPPLY,1219.6666666666667,0.0
853,3.2,Orange-N,1243,1241,19.0,97.0,3.0,1350.0,0.07185185185185185,OVERSUPPLY,1253.0,0.0
853,3.2,Orange-N,1243,1241,20.0,59.166666666666664,3.0,1350.0,0.04382716049382716,OVERSUPPLY,1290.8333333333333,0.0
853,3.2,Orange-N,1243,1241,21.0,27.333333333333332,3.0,1350.0,0.02024691358024691,OVERSUPPLY,1322.6666666666667,0.0
853,3.2,Orange-N,1243,1241,22.0,23.5,3.0,1350.0,0.017407407407407406,OVERSUPPLY,1326.5,0.0
853,3.2,Orange-N,1243,1241,23.0,15.166666666666666,3.0,1350.0,0.011234567901234567,OVERSUPPLY,1334.8333333333333,0.0
855,3.2,Orange-N,1244,1242,5.0,9.833333333333334,3.0,1350.0,0.007283950617283951,OVERSUPPLY,1340.1666666666667,0.0
855,3.2,Orange-N,1244,1242,6.0,43.0,3.0,1350.0,0.03185185185185185,OVERSUPPLY,1307.0,0.0
855,3.2,Orange-N,1244,1242,7.0,95.5,3.0,1350.0,0.07074074074074074,OVERSUPPLY,1254.5,0.0
855,3.2,Orange-N,1244,1242,8.0,105.0,3.0,1350.0,0.07777777777777778,OVERSUPPLY,1245.0,0.0
855,3.2,Orange-N,1244,1242,9.0,61.666666666666664,3.0,1350.0,0.04567901234567901,OVERSUPPLY,1288.3333333333333,0.0
855,3.2,Orange-N,1244,1242,10.0,31.833333333333332,3.0,1350.0,0.023580246913580245,OVERSUPPLY,1318.1666666666667,0.0
855,3.2,Orange-N,1244,1242,11.0,27.166666666666668,3.0,1350.0,0.020123456790123458,OVERSUPPLY,1322.8333333333333,0.0
855,3.2,Orange-N,1244,1242,12.0,34.5,3.0,1350.0,0.025555555555555557,OVERSUPPLY,1315.5,0.0
855,3.2,Orange-N,1244,1242,13.0,28.666666666666668,3.0,1350.0,0.02123456790123457,OVERSUPPLY,1321.3333333333333,0.0
855,3.2,Orange-N,1244,1242,14.0,35.5,3.0,1350.0,0.026296296296296297,OVERSUPPLY,1314.5,0.0
855,3.2,Orange-N,1244,1242,15.0,47.0,3.0,1350.0,0.03481481481481481,OVERSUPPLY,1303.0,0.0
855,3.2,Orange-N,1244,1242,16.0,62.333333333333336,3.0,1350.0,0.04617283950617284,OVERSUPPLY,1287.6666666666667,0.0
855,3.2,Orange-N,1244,1242,17.0,68.33333333333333,3.0,1350.0,0.05061728395061728,OVERSUPPLY,1281.6666666666667,0.0
855,3.2,Orange-N,1244,1242,18.0,45.0,3.0,1350.0,0.03333333333333333,OVERSUPPLY,1305.0,0.0
855,3.2,Orange-N,1244,1242,19.0,34.666666666666664,3.0,1350.0,0.02567901234567901,OVERSUPPLY,1315.3333333333333,0.0
855,3.2,Orange-N,1244,1242,20.0,15.833333333333332,3.0,1350.0,0.011728395061728394,OVERSUPPLY,1334.1666666666667,0.0
855,3.2,Orange-N,1244,1242,21.0,9.833333333333332,3.0,1350.0,0.00728395061728395,OVERSUPPLY,1340.1666666666667,0.0
855,3.2,Orange-N,1244,1242,22.0,8.166666666666666,3.0,1350.0,0.006049382716049382,OVERSUPPLY,1341.8333333333333,0.0
855,3.2,Orange-N,1244,1242,23.0,4.0,3.0,1350.0,0.002962962962962963,OVERSUPPLY,1346.0,0.0
857,3.2,Orange-N,1245,1213,5.0,12.666666666666666,3.0,1350.0,0.009382716049382716,OVERSUPPLY,1337.3333333333333,0.0
857,3.2,Orange-N,1245,1213,6.0,54.0,3.0,1350.0,0.04,OVERSUPPLY,1296.0,0.0
857,3.2,Orange-N,1245,1213,7.0,86.0,3.0,1350.0,0.0637037037037037,OVERSUPPLY,1264.0,0.0
857,3.2,Orange-N,1245,1213,8.0,118.83333333333333,3.0,1350.0,0.08802469135802468,OVERSUPPLY,1231.1666666666667,0.0
857,3.2,Orange-N,1245,1213,9.0,64.0,3.0,1350.0,0.047407407407407405,OVERSUPPLY,1286.0,0.0
857,3.2,Orange-N,1245,1213,10.0,43.666666666666664,3.0,1350.0,0.032345679012345675,OVERSUPPLY,1306.3333333333333,0.0
857,3.2,Orange-N,1245,1213,11.0,41.666666666666664,3.0,1350.0,0.030864197530864196,OVERSUPPLY,1308.3333333333333,0.0
857,3.2,Orange-N,1245,1213,12.0,44.166666666666664,3.0,1350.0,0.03271604938271605,OVERSUPPLY,1305.8333333333333,0.0
857,3.2,Orange-N,1245,1213,13.0,32.833333333333336,3.0,1350.0,0.02432098765432099,OVERSUPPLY,1317.1666666666667,0.0
857,3.2,Orange-N,1245,1213,14.0,38.833333333333336,3.0,1350.0,0.028765432098765434,OVERSUPPLY,1311.1666666666667,0.0
857,3.2,Orange-N,1245,1213,15.0,46.166666666666664,3.0,1350.0,0.03419753086419753,OVERSUPPLY,1303.8333333333333,0.0
857,3.2,Orange-N,1245,1213,16.0,72.5,3.0,1350.0,0.053703703703703705,OVERSUPPLY,1277.5,0.0
857,3.2,Orange-N,1245,1213,17.0,95.33333333333333,3.0,1350.0,0.07061728395061728,OVERSUPPLY,1254.6666666666667,0.0
857,3.2,Orange-N,1245,1213,18.0,91.66666666666667,3.0,1350.0,0.06790123456790124,OVERSUPPLY,1258.3333333333333,0.0
857,3.2,Orange-N,1245,1213,19.0,66.66666666666667,3.0,1350.0,0.04938271604938272,OVERSUPPLY,1283.3333333333333,0.0
857,3.2,Orange-N,1245,1213,20.0,45.0,3.0,1350.0,0.03333333333333333,OVERSUPPLY,1305.0,0.0
857,3.2,Orange-N,1245,1213,21.0,15.0,3.0,1350.0,0.011111111111111112,OVERSUPPLY,1335.0,0.0
857,3.2,Orange-N,1245,1213,22.0,17.166666666666664,3.0,1350.0,0.012716049382716048,OVERSUPPLY,1332.8333333333333,0.0
857,3.2,Orange-N,1245,1213,23.0,11.166666666666666,3.0,1350.0,0.008271604938271605,OVERSUPPLY,1338.8333333333333,0.0
859,4.1,Orange-S,1246,1257,5.0,37.333333333333336,3.0,1350.0,0.027654320987654323,OVERSUPPLY,1312.6666666666667,0.0
859,4.1,Orange-S,1246,1257,6.0,182.33333333333334,3.0,1350.0,0.13506172839506173,OVERSUPPLY,1167.6666666666667,0.0
859,4.1,Orange-S,1246,1257,7.0,326.6666666666667,3.0,1350.0,0.24197530864197533,BALANCED,1023.3333333333333,0.0
859,4.1,Orange-S,1246,1257,8.0,299.0,3.0,1350.0,0.22148148148148147,BALANCED,1051.0,0.0
859,4.1,Orange-S,1246,1257,9.0,177.0,3.0,1350.0,0.13111111111111112,OVERSUPPLY,1173.0,0.0
859,4.1,Orange-S,1246,1257,10.0,151.0,3.0,1350.0,0.11185185185185186,OVERSUPPLY,1199.0,0.0
859,4.1,Orange-S,1246,1257,11.0,142.0,3.0,1350.0,0.10518518518518519,OVERSUPPLY,1208.0,0.0
859,4.1,Orange-S,1246,1257,12.0,148.33333333333334,3.0,1350.0,0.10987654320987655,OVERSUPPLY,1201.6666666666667,0.0
859,4.1,Orange-S,1246,1257,13.0,154.66666666666666,3.0,1350.0,0.11456790123456789,OVERSUPPLY,1195.3333333333333,0.0
859,4.1,Orange-S,1246,1257,14.0,216.0,3.0,1350.0,0.16,OVERSUPPLY,1134.0,0.0
859,4.1,Orange-S,1246,1257,15.0,271.3333333333333,3.0,1350.0,0.20098765432098764,BALANCED,1078.6666666666667,0.0
859,4.1,Orange-S,1246,1257,16.0,488.3333333333333,3.0,1350.0,0.3617283950617284,BALANCED,861.6666666666667,0.0
859,4.1,Orange-S,1246,1257,17.0,530.0,3.0,1350.0,0.3925925925925926,BALANCED,820.0,0.0
859,4.1,Orange-S,1246,1257,18.0,368.0,3.0,1350.0,0.2725925925925926,BALANCED,982.0,0.0
859,4.1,Orange-S,1246,1257,19.0,213.33333333333334,3.0,1350.0,0.1580246913580247,OVERSUPPLY,1136.6666666666667,0.0
859,4.1,Orange-S,1246,1257,20.0,113.66666666666666,3.0,1350.0,0.08419753086419753,OVERSUPPLY,1236.3333333333333,0.0
859,4.1,Orange-S,1246,1257,21.0,90.66666666666667,3.0,1350.0,0.0671604938271605,OVERSUPPLY,1259.3333333333333,0.0
859,4.1,Orange-S,1246,1257,22.0,57.666666666666664,3.0,1350.0,0.042716049382716045,OVERSUPPLY,1292.3333333333333,0.0
859,4.1,Orange-S,1246,1257,23.0,41.0,3.0,1350.0,0.03037037037037037,OVERSUPPLY,1309.0,0.0
861,4.1,Orange-S,1247,1246,5.0,0.16666666666666666,3.0,1350.0,0.0001234567901234568,OVERSUPPLY,1349.8333333333333,0.0
861,4.1,Orange-S,1247,1246,8.0,0.16666666666666666,3.0,1350.0,0.0001234567901234568,OVERSUPPLY,1349.8333333333333,0.0
861,4.1,Orange-S,1247,1246,9.0,0.5,3.0,1350.0,0.00037037037037037035,OVERSUPPLY,1349.5,0.0
861,4.1,Orange-S,1247,1246,10.0,0.3333333333333333,3.0,1350.0,0.0002469135802469136,OVERSUPPLY,1349.6666666666667,0.0
861,4.1,Orange-S,1247,1246,12.0,0.6666666666666666,3.0,1350.0,0.0004938271604938272,OVERSUPPLY,1349.3333333333333,0.0
861,4.1,Orange-S,1247,1246,13.0,0.5,3.0,1350.0,0.00037037037037037035,OVERSUPPLY,1349.5,0.0
861,4.1,Orange-S,1247,1246,14.0,0.3333333333333333,3.0,1350.0,0.0002469135802469136,OVERSUPPLY,1349.6666666666667,0.0
861,4.1,Orange-S,1247,1246,15.0,0.3333333333333333,3.0,1350.0,0.0002469135802469136,OVERSUPPLY,1349.6666666666667,0.0
861,4.1,Orange-S,1247,1246,17.0,0.8333333333333334,3.0,1350.0,0.0006172839506172839,OVERSUPPLY,1349.1666666666667,0.0
861,4.1,Orange-S,1247,1246,18.0,0.8333333333333334,3.0,1350.0,0.0006172839506172839,OVERSUPPLY,1349.1666666666667,0.0
861,4.1,Orange-S,1247,1246,20.0,0.3333333333333333,3.0,1350.0,0.0002469135802469136,OVERSUPPLY,1349.6666666666667,0.0
861,4.1,Orange-S,1247,1246,22.0,0.16666666666666666,3.0,1350.0,0.0001234567901234568,OVERSUPPLY,1349.8333333333333,0.0
863,4.1,Orange-S,1248,1258,5.0,28.666666666666668,3.0,1350.0,0.02123456790123457,OVERSUPPLY,1321.3333333333333,0.0
863,4.1,Orange-S,1248,1258,6.0,98.5,3.0,1350.0,0.07296296296296297,OVERSUPPLY,1251.5,0.0
863,4.1,Orange-S,1248,1258,7.0,303.1666666666667,3.0,1350.0,0.2245679012345679,BALANCED,1046.8333333333333,0.0
863,4.1,Orange-S,1248,1258,8.0,447.0,3.0,1350.0,0.33111111111111113,BALANCED,903.0,0.0
863,4.1,Orange-S,1248,1258,9.0,293.3333333333333,3.0,1350.0,0.21728395061728395,BALANCED,1056.6666666666667,0.0
863,4.1,Orange-S,1248,1258,10.0,177.33333333333334,3.0,1350.0,0.13135802469135804,OVERSUPPLY,1172.6666666666667,0.0
863,4.1,Orange-S,1248,1258,11.0,158.83333333333334,3.0,1350.0,0.11765432098765433,OVERSUPPLY,1191.1666666666667,0.0
863,4.1,Orange-S,1248,1258,12.0,186.5,3.0,1350.0,0.13814814814814816,OVERSUPPLY,1163.5,0.0
863,4.1,Orange-S,1248,1258,13.0,192.66666666666666,3.0,1350.0,0.14271604938271604,OVERSUPPLY,1157.3333333333333,0.0
863,4.1,Orange-S,1248,1258,14.0,219.83333333333334,3.0,1350.0,0.16283950617283952,OVERSUPPLY,1130.1666666666667,0.0
863,4.1,Orange-S,1248,1258,15.0,289.8333333333333,3.0,1350.0,0.21469135802469133,BALANCED,1060.1666666666667,0.0
863,4.1,Orange-S,1248,1258,16.0,424.5,3.0,1350.0,0.31444444444444447,BALANCED,925.5,0.0
863,4.1,Orange-S,1248,1258,17.0,493.5,3.0,1350.0,0.3655555555555556,BALANCED,856.5,0.0
863,4.1,Orange-S,1248,1258,18.0,438.8333333333333,3.0,1350.0,0.3250617283950617,BALANCED,911.1666666666667,0.0
863,4.1,Orange-S,1248,1258,19.0,285.6666666666667,3.0,1350.0,0.21160493827160495,BALANCED,1064.3333333333333,0.0
863,4.1,Orange-S,1248,1258,20.0,111.16666666666667,3.0,1350.0,0.08234567901234568,OVERSUPPLY,1238.8333333333333,0.0
863,4.1,Orange-S,1248,1258,21.0,89.83333333333333,3.0,1350.0,0.0665432098765432,OVERSUPPLY,1260.1666666666667,0.0
863,4.1,Orange-S,1248,1258,22.0,60.666666666666664,3.0,1350.0,0.04493827160493827,OVERSUPPLY,1289.3333333333333,0.0
863,4.1,Orange-S,1248,1258,23.0,36.666666666666664,3.0,1350.0,0.027160493827160494,OVERSUPPLY,1313.3333333333333,0.0
865,4.1,Orange-S,1249,1256,5.0,16.833333333333332,3.0,1350.0,0.012469135802469136,OVERSUPPLY,1333.1666666666667,0.0
865,4.1,Orange-S,1249,1256,6.0,170.16666666666666,3.0,1350.0,0.12604938271604937,OVERSUPPLY,1179.8333333333333,0.0
865,4.1,Orange-S,1249,1256,7.0,265.1666666666667,3.0,1350.0,0.19641975308641976,OVERSUPPLY,1084.8333333333333,0.0
865,4.1,Orange-S,1249,1256,8.0,252.83333333333334,3.0,1350.0,0.18728395061728395,OVERSUPPLY,1097.1666666666667,0.0
865,4.1,Orange-S,1249,1256,9.0,160.16666666666666,3.0,1350.0,0.11864197530864197,OVERSUPPLY,1189.8333333333333,0.0
865,4.1,Orange-S,1249,1256,10.0,116.33333333333333,3.0,1350.0,0.08617283950617284,OVERSUPPLY,1233.6666666666667,0.0
865,4.1,Orange-S,1249,1256,11.0,95.16666666666667,3.0,1350.0,0.07049382716049384,OVERSUPPLY,1254.8333333333333,0.0
865,4.1,Orange-S,1249,1256,12.0,128.83333333333334,3.0,1350.0,0.0954320987654321,OVERSUPPLY,1221.1666666666667,0.0
865,4.1,Orange-S,1249,1256,13.0,139.83333333333334,3.0,1350.0,0.10358024691358025,OVERSUPPLY,1210.1666666666667,0.0
865,4.1,Orange-S,1249,1256,14.0,162.66666666666666,3.0,1350.0,0.12049382716049382,OVERSUPPLY,1187.3333333333333,0.0
865,4.1,Orange-S,1249,1256,15.0,249.66666666666666,3.0,1350.0,0.18493827160493825,OVERSUPPLY,1100.3333333333333,0.0
865,4.1,Orange-S,1249,1256,16.0,435.0,3.0,1350.0,0.32222222222222224,BALANCED,915.0,0.0
865,4.1,Orange-S,1249,1256,17.0,635.3333333333334,3.0,1350.0,0.4706172839506173,BALANCED,714.6666666666666,0.0
865,4.1,Orange-S,1249,1256,18.0,434.3333333333333,3.0,1350.0,0.3217283950617284,BALANCED,915.6666666666667,0.0
865,4.1,Orange-S,1249,1256,19.0,279.5,3.0,1350.0,0.20703703703703705,BALANCED,1070.5,0.0
865,4.1,Orange-S,1249,1256,20.0,115.33333333333333,3.0,1350.0,0.08543209876543209,OVERSUPPLY,1234.6666666666667,0.0
865,4.1,Orange-S,1249,1256,21.0,80.0,3.0,1350.0,0.05925925925925926,OVERSUPPLY,1270.0,0.0
865,4.1,Orange-S,1249,1256,22.0,55.166666666666664,3.0,1350.0,0.0408641975308642,OVERSUPPLY,1294.8333333333333,0.0
865,4.1,Orange-S,1249,1256,23.0,64.33333333333333,3.0,1350.0,0.04765432098765432,OVERSUPPLY,1285.6666666666667,0.0
870,4.1,Orange-S,1252,1248,5.0,17.333333333333332,3.0,1350.0,0.012839506172839505,OVERSUPPLY,1332.6666666666667,0.0
870,4.1,Orange-S,1252,1248,6.0,60.833333333333336,3.0,1350.0,0.04506172839506173,OVERSUPPLY,1289.1666666666667,0.0
870,4.1,Orange-S,1252,1248,7.0,193.33333333333334,3.0,1350.0,0.14320987654320988,OVERSUPPLY,1156.6666666666667,0.0
870,4.1,Orange-S,1252,1248,8.0,252.0,3.0,1350.0,0.18666666666666668,OVERSUPPLY,1098.0,0.0
870,4.1,Orange-S,1252,1248,9.0,177.83333333333334,3.0,1350.0,0.1317283950617284,OVERSUPPLY,1172.1666666666667,0.0
870,4.1,Orange-S,1252,1248,10.0,118.33333333333333,3.0,1350.0,0.08765432098765431,OVERSUPPLY,1231.6666666666667,0.0
870,4.1,Orange-S,1252,1248,11.0,110.66666666666667,3.0,1350.0,0.08197530864197532,OVERSUPPLY,1239.3333333333333,0.0
870,4.1,Orange-S,1252,1248,12.0,133.33333333333334,3.0,1350.0,0.09876543209876544,OVERSUPPLY,1216.6666666666667,0.0
870,4.1,Orange-S,1252,1248,13.0,158.16666666666666,3.0,1350.0,0.11716049382716048,OVERSUPPLY,1191.8333333333333,0.0
870,4.1,Orange-S,1252,1248,14.0,183.66666666666666,3.0,1350.0,0.13604938271604938,OVERSUPPLY,1166.3333333333333,0.0
870,4.1,Orange-S,1252,1248,15.0,239.5,3.0,1350.0,0.1774074074074074,OVERSUPPLY,1110.5,0.0
870,4.1,Orange-S,1252,1248,16.0,365.8333333333333,3.0,1350.0,0.27098765432098765,BALANCED,984.1666666666667,0.0
870,4.1,Orange-S,1252,1248,17.0,418.3333333333333,3.0,1350.0,0.3098765432098765,BALANCED,931.6666666666667,0.0
870,4.1,Orange-S,1252,1248,18.0,377.6666666666667,3.0,1350.0,0.2797530864197531,BALANCED,972.3333333333333,0.0
870,4.1,Orange-S,1252,1248,19.0,247.83333333333334,3.0,1350.0,0.18358024691358024,OVERSUPPLY,1102.1666666666667,0.0
870,4.1,Orange-S,1252,1248,20.0,99.33333333333333,3.0,1350.0,0.07358024691358024,OVERSUPPLY,1250.6666666666667,0.0
870,4.1,Orange-S,1252,1248,21.0,74.66666666666667,3.0,1350.0,0.055308641975308645,OVERSUPPLY,1275.3333333333333,0.0
870,4.1,Orange-S,1252,1248,22.0,54.166666666666664,3.0,1350.0,0.040123456790123455,OVERSUPPLY,1295.8333333333333,0.0
870,4.1,Orange-S,1252,1248,23.0,31.333333333333332,3.0,1350.0,0.023209876543209877,OVERSUPPLY,1318.6666666666667,0.0
872,4.1,Orange-S,1253,1261,5.0,189.33333333333334,3.0,1350.0,0.1402469135802469,OVERSUPPLY,1160.6666666666667,0.0
872,4.1,Orange-S,1253,1261,6.0,462.1666666666667,3.0,1350.0,0.3423456790123457,BALANCED,887.8333333333333,0.0
872,4.1,Orange-S,1253,1261,7.0,767.3333333333334,3.0,1350.0,0.568395061728395,BALANCED,582.6666666666666,0.0
872,4.1,Orange-S,1253,1261,8.0,834.3333333333334,3.0,1350.0,0.6180246913580247,BALANCED,515.6666666666666,0.0
872,4.1,Orange-S,1253,1261,9.0,417.5,3.0,1350.0,0.30925925925925923,BALANCED,932.5,0.0
872,4.1,Orange-S,1253,1261,10.0,278.5,3.0,1350.0,0.20629629629629628,BALANCED,1071.5,0.0
872,4.1,Orange-S,1253,1261,11.0,192.16666666666666,3.0,1350.0,0.14234567901234568,OVERSUPPLY,1157.8333333333333,0.0
872,4.1,Orange-S,1253,1261,12.0,166.33333333333334,3.0,1350.0,0.12320987654320989,OVERSUPPLY,1183.6666666666667,0.0
872,4.1,Orange-S,1253,1261,13.0,159.16666666666666,3.0,1350.0,0.11790123456790123,OVERSUPPLY,1190.8333333333333,0.0
872,4.1,Orange-S,1253,1261,14.0,173.66666666666666,3.0,1350.0,0.12864197530864196,OVERSUPPLY,1176.3333333333333,0.0
872,4.1,Orange-S,1253,1261,15.0,141.66666666666666,3.0,1350.0,0.10493827160493827,OVERSUPPLY,1208.3333333333333,0.0
872,4.1,Orange-S,1253,1261,16.0,157.33333333333334,3.0,1350.0,0.11654320987654322,OVERSUPPLY,1192.6666666666667,0.0
872,4.1,Orange-S,1253,1261,17.0,157.16666666666666,3.0,1350.0,0.11641975308641975,OVERSUPPLY,1192.8333333333333,0.0
872,4.1,Orange-S,1253,1261,18.0,126.33333333333333,3.0,1350.0,0.09358024691358025,OVERSUPPLY,1223.6666666666667,0.0
872,4.1,Orange-S,1253,1261,19.0,92.0,3.0,1350.0,0.06814814814814815,OVERSUPPLY,1258.0,0.0
872,4.1,Orange-S,1253,1261,20.0,42.0,3.0,1350.0,0.03111111111111111,OVERSUPPLY,1308.0,0.0
872,4.1,Orange-S,1253,1261,21.0,35.333333333333336,3.0,1350.0,0.02617283950617284,OVERSUPPLY,1314.6666666666667,0.0
872,4.1,Orange-S,1253,1261,22.0,32.0,3.0,1350.0,0.023703703703703703,OVERSUPPLY,1318.0,0.0
872,4.1,Orange-S,1253,1261,23.0,14.333333333333332,3.0,1350.0,0.010617283950617283,OVERSUPPLY,1335.6666666666667,0.0
874,4.1,Orange-S,1254,1266,5.0,4.0,3.0,1350.0,0.002962962962962963,OVERSUPPLY,1346.0,0.0
874,4.1,Orange-S,1254,1266,6.0,52.333333333333336,3.0,1350.0,0.038765432098765436,OVERSUPPLY,1297.6666666666667,0.0
874,4.1,Orange-S,1254,1266,7.0,64.66666666666667,3.0,1350.0,0.04790123456790124,OVERSUPPLY,1285.3333333333333,0.0
874,4.1,Orange-S,1254,1266,8.0,64.66666666666667,3.0,1350.0,0.04790123456790124,OVERSUPPLY,1285.3333333333333,0.0
874,4.1,Orange-S,1254,1266,9.0,40.5,3.0,1350.0,0.03,OVERSUPPLY,1309.5,0.0
874,4.1,Orange-S,1254,1266,10.0,26.833333333333332,3.0,1350.0,0.019876543209876543,OVERSUPPLY,1323.1666666666667,0.0
874,4.1,Orange-S,1254,1266,11.0,18.0,3.0,1350.0,0.013333333333333334,OVERSUPPLY,1332.0,0.0
874,4.1,Orange-S,1254,1266,12.0,19.333333333333332,3.0,1350.0,0.014320987654320987,OVERSUPPLY,1330.6666666666667,0.0
874,4.1,Orange-S,1254,1266,13.0,19.333333333333332,3.0,1350.0,0.014320987654320987,OVERSUPPLY,1330.6666666666667,0.0
874,4.1,Orange-S,1254,1266,14.0,27.333333333333332,3.0,1350.0,0.02024691358024691,OVERSUPPLY,1322.6666666666667,0.0
874,4.1,Orange-S,1254,1266,15.0,34.666666666666664,3.0,1350.0,0.02567901234567901,OVERSUPPLY,1315.3333333333333,0.0
874,4.1,Orange-S,1254,1266,16.0,73.66666666666667,3.0,1350.0,0.0545679012345679,OVERSUPPLY,1276.3333333333333,0.0
874,4.1,Orange-S,1254,1266,17.0,104.0,3.0,1350.0,0.07703703703703704,OVERSUPPLY,1246.0,0.0
874,4.1,Orange-S,1254,1266,18.0,70.33333333333333,3.0,1350.0,0.052098765432098765,OVERSUPPLY,1279.6666666666667,0.0
874,4.1,Orange-S,1254,1266,19.0,51.833333333333336,3.0,1350.0,0.03839506172839506,OVERSUPPLY,1298.1666666666667,0.0
874,4.1,Orange-S,1254,1266,20.0,26.166666666666668,3.0,1350.0,0.019382716049382718,OVERSUPPLY,1323.8333333333333,0.0
874,4.1,Orange-S,1254,1266,21.0,14.0,3.0,1350.0,0.01037037037037037,OVERSUPPLY,1336.0,0.0
874,4.1,Orange-S,1254,1266,22.0,12.666666666666666,3.0,1350.0,0.009382716049382716,OVERSUPPLY,1337.3333333333333,0.0
874,4.1,Orange-S,1254,1266,23.0,10.666666666666666,3.0,1350.0,0.007901234567901235,OVERSUPPLY,1339.3333333333333,0.0
876,4.1,Orange-S,1255,1251,5.0,26.833333333333332,3.0,1350.0,0.019876543209876543,OVERSUPPLY,1323.1666666666667,0.0
876,4.1,Orange-S,1255,1251,6.0,160.66666666666666,3.0,1350.0,0.11901234567901234,OVERSUPPLY,1189.3333333333333,0.0
876,4.1,Orange-S,1255,1251,7.0,261.8333333333333,3.0,1350.0,0.1939506172839506,OVERSUPPLY,1088.1666666666667,0.0
876,4.1,Orange-S,1255,1251,8.0,224.33333333333334,3.0,1350.0,0.16617283950617284,OVERSUPPLY,1125.6666666666667,0.0
876,4.1,Orange-S,1255,1251,9.0,149.5,3.0,1350.0,0.11074074074074074,OVERSUPPLY,1200.5,0.0
876,4.1,Orange-S,1255,1251,10.0,109.5,3.0,1350.0,0.0811111111111111,OVERSUPPLY,1240.5,0.0
876,4.1,Orange-S,1255,1251,11.0,114.83333333333333,3.0,1350.0,0.08506172839506172,OVERSUPPLY,1235.1666666666667,0.0
876,4.1,Orange-S,1255,1251,12.0,116.16666666666667,3.0,1350.0,0.08604938271604938,OVERSUPPLY,1233.8333333333333,0.0
876,4.1,Orange-S,1255,1251,13.0,121.66666666666667,3.0,1350.0,0.09012345679012346,OVERSUPPLY,1228.3333333333333,0.0
876,4.1,Orange-S,1255,1251,14.0,150.5,3.0,1350.0,0.11148148148148149,OVERSUPPLY,1199.5,0.0
876,4.1,Orange-S,1255,1251,15.0,182.5,3.0,1350.0,0.13518518518518519,OVERSUPPLY,1167.5,0.0
876,4.1,Orange-S,1255,1251,16.0,329.8333333333333,3.0,1350.0,0.24432098765432098,BALANCED,1020.1666666666667,0.0
876,4.1,Orange-S,1255,1251,17.0,441.8333333333333,3.0,1350.0,0.32728395061728394,BALANCED,908.1666666666667,0.0
876,4.1,Orange-S,1255,1251,18.0,282.6666666666667,3.0,1350.0,0.20938271604938272,BALANCED,1067.3333333333333,0.0
876,4.1,Orange-S,1255,1251,19.0,162.33333333333334,3.0,1350.0,0.12024691358024692,OVERSUPPLY,1187.6666666666667,0.0
876,4.1,Orange-S,1255,1251,20.0,87.83333333333333,3.0,1350.0,0.06506172839506172,OVERSUPPLY,1262.1666666666667,0.0
876,4.1,Orange-S,1255,1251,21.0,61.666666666666664,3.0,1350.0,0.04567901234567901,OVERSUPPLY,1288.3333333333333,0.0
876,4.1,Orange-S,1255,1251,22.0,42.666666666666664,3.0,1350.0,0.03160493827160494,OVERSUPPLY,1307.3333333333333,0.0
876,4.1,Orange-S,1255,1251,23.0,33.666666666666664,3.0,1350.0,0.02493827160493827,OVERSUPPLY,1316.3333333333333,0.0
878,4.1,Orange-S,1256,1264,5.0,9.166666666666666,3.0,1350.0,0.006790123456790123,OVERSUPPLY,1340.8333333333333,0.0
878,4.1,Orange-S,1256,1264,6.0,130.33333333333334,3.0,1350.0,0.09654320987654322,OVERSUPPLY,1219.6666666666667,0.0
878,4.1,Orange-S,1256,1264,7.0,193.5,3.0,1350.0,0.14333333333333334,OVERSUPPLY,1156.5,0.0
878,4.1,Orange-S,1256,1264,8.0,167.0,3.0,1350.0,0.1237037037037037,OVERSUPPLY,1183.0,0.0
878,4.1,Orange-S,1256,1264,9.0,107.66666666666667,3.0,1350.0,0.0797530864197531,OVERSUPPLY,1242.3333333333333,0.0
878,4.1,Orange-S,1256,1264,10.0,75.33333333333333,3.0,1350.0,0.05580246913580247,OVERSUPPLY,1274.6666666666667,0.0
878,4.1,Orange-S,1256,1264,11.0,63.166666666666664,3.0,1350.0,0.04679012345679012,OVERSUPPLY,1286.8333333333333,0.0
878,4.1,Orange-S,1256,1264,12.0,85.16666666666667,3.0,1350.0,0.06308641975308642,OVERSUPPLY,1264.8333333333333,0.0
878,4.1,Orange-S,1256,1264,13.0,89.33333333333333,3.0,1350.0,0.06617283950617284,OVERSUPPLY,1260.6666666666667,0.0
878,4.1,Orange-S,1256,1264,14.0,112.66666666666667,3.0,1350.0,0.08345679012345679,OVERSUPPLY,1237.3333333333333,0.0
878,4.1,Orange-S,1256,1264,15.0,185.16666666666666,3.0,1350.0,0.13716049382716047,OVERSUPPLY,1164.8333333333333,0.0
878,4.1,Orange-S,1256,1264,16.0,319.5,3.0,1350.0,0.23666666666666666,BALANCED,1030.5,0.0
878,4.1,Orange-S,1256,1264,17.0,480.6666666666667,3.0,1350.0,0.3560493827160494,BALANCED,869.3333333333333,0.0
878,4.1,Orange-S,1256,1264,18.0,326.5,3.0,1350.0,0.24185185185185185,BALANCED,1023.5,0.0
878,4.1,Orange-S,1256,1264,19.0,209.33333333333334,3.0,1350.0,0.15506172839506174,OVERSUPPLY,1140.6666666666667,0.0
878,4.1,Orange-S,1256,1264,20.0,89.33333333333333,3.0,1350.0,0.06617283950617284,OVERSUPPLY,1260.6666666666667,0.0
878,4.1,Orange-S,1256,1264,21.0,66.0,3.0,1350.0,0.04888888888888889,OVERSUPPLY,1284.0,0.0
878,4.1,Orange-S,1256,1264,22.0,42.166666666666664,3.0,1350.0,0.031234567901234567,OVERSUPPLY,1307.8333333333333,0.0
878,4.1,Orange-S,1256,1264,23.0,48.5,3.0,1350.0,0.035925925925925924,OVERSUPPLY,1301.5,0.0
880,4.1,Orange-S,1257,1255,5.0,28.0,3.0,1350.0,0.02074074074074074,OVERSUPPLY,1322.0,0.0
880,4.1,Orange-S,1257,1255,6.0,159.66666666666666,3.0,1350.0,0.1182716049382716,OVERSUPPLY,1190.3333333333333,0.0
880,4.1,Orange-S,1257,1255,7.0,283.1666666666667,3.0,1350.0,0.2097530864197531,BALANCED,1066.8333333333333,0.0
880,4.1,Orange-S,1257,1255,8.0,246.16666666666666,3.0,1350.0,0.18234567901234566,OVERSUPPLY,1103.8333333333333,0.0
880,4.1,Orange-S,1257,1255,9.0,153.83333333333334,3.0,1350.0,0.11395061728395063,OVERSUPPLY,1196.1666666666667,0.0
880,4.1,Orange-S,1257,1255,10.0,127.5,3.0,1350.0,0.09444444444444444,OVERSUPPLY,1222.5,0.0
880,4.1,Orange-S,1257,1255,11.0,127.33333333333333,3.0,1350.0,0.09432098765432098,OVERSUPPLY,1222.6666666666667,0.0
880,4.1,Orange-S,1257,1255,12.0,133.16666666666666,3.0,1350.0,0.09864197530864197,OVERSUPPLY,1216.8333333333333,0.0
880,4.1,Orange-S,1257,1255,13.0,137.5,3.0,1350.0,0.10185185185185185,OVERSUPPLY,1212.5,0.0
880,4.1,Orange-S,1257,1255,14.0,186.0,3.0,1350.0,0.13777777777777778,OVERSUPPLY,1164.0,0.0
880,4.1,Orange-S,1257,1255,15.0,233.66666666666666,3.0,1350.0,0.17308641975308642,OVERSUPPLY,1116.3333333333333,0.0
880,4.1,Orange-S,1257,1255,16.0,413.0,3.0,1350.0,0.30592592592592593,BALANCED,937.0,0.0
880,4.1,Orange-S,1257,1255,17.0,522.0,3.0,1350.0,0.38666666666666666,BALANCED,828.0,0.0
880,4.1,Orange-S,1257,1255,18.0,327.1666666666667,3.0,1350.0,0.2423456790123457,BALANCED,1022.8333333333333,0.0
880,4.1,Orange-S,1257,1255,19.0,185.5,3.0,1350.0,0.1374074074074074,OVERSUPPLY,1164.5,0.0
880,4.1,Orange-S,1257,1255,20.0,95.5,3.0,1350.0,0.07074074074074074,OVERSUPPLY,1254.5,0.0
880,4.1,Orange-S,1257,1255,21.0,76.83333333333333,3.0,1350.0,0.05691358024691358,OVERSUPPLY,1273.1666666666667,0.0
880,4.1,Orange-S,1257,1255,22.0,53.666666666666664,3.0,1350.0,0.039753086419753086,OVERSUPPLY,1296.3333333333333,0.0
880,4.1,Orange-S,1257,1255,23.0,36.166666666666664,3.0,1350.0,0.026790123456790122,OVERSUPPLY,1313.8333333333333,0.0
886,4.1,Orange-S,1260,1252,5.0,13.833333333333334,3.0,1350.0,0.010246913580246915,OVERSUPPLY,1336.1666666666667,0.0
886,4.1,Orange-S,1260,1252,6.0,47.166666666666664,3.0,1350.0,0.03493827160493827,OVERSUPPLY,1302.8333333333333,0.0
886,4.1,Orange-S,1260,1252,7.0,134.33333333333334,3.0,1350.0,0.09950617283950618,OVERSUPPLY,1215.6666666666667,0.0
886,4.1,Orange-S,1260,1252,8.0,202.33333333333334,3.0,1350.0,0.14987654320987656,OVERSUPPLY,1147.6666666666667,0.0
886,4.1,Orange-S,1260,1252,9.0,98.5,3.0,1350.0,0.07296296296296297,OVERSUPPLY,1251.5,0.0
886,4.1,Orange-S,1260,1252,10.0,70.83333333333333,3.0,1350.0,0.05246913580246913,OVERSUPPLY,1279.1666666666667,0.0
886,4.1,Orange-S,1260,1252,11.0,44.5,3.0,1350.0,0.032962962962962965,OVERSUPPLY,1305.5,0.0
886,4.1,Orange-S,1260,1252,12.0,40.666666666666664,3.0,1350.0,0.030123456790123456,OVERSUPPLY,1309.3333333333333,0.0
886,4.1,Orange-S,1260,1252,13.0,44.5,3.0,1350.0,0.032962962962962965,OVERSUPPLY,1305.5,0.0
886,4.1,Orange-S,1260,1252,14.0,36.5,3.0,1350.0,0.027037037037037037,OVERSUPPLY,1313.5,0.0
886,4.1,Orange-S,1260,1252,15.0,39.0,3.0,1350.0,0.028888888888888888,OVERSUPPLY,1311.0,0.0
886,4.1,Orange-S,1260,1252,16.0,47.166666666666664,3.0,1350.0,0.03493827160493827,OVERSUPPLY,1302.8333333333333,0.0
886,4.1,Orange-S,1260,1252,17.0,44.5,3.0,1350.0,0.032962962962962965,OVERSUPPLY,1305.5,0.0
886,4.1,Orange-S,1260,1252,18.0,31.5,3.0,1350.0,0.023333333333333334,OVERSUPPLY,1318.5,0.0
886,4.1,Orange-S,1260,1252,19.0,23.666666666666668,3.0,1350.0,0.017530864197530863,OVERSUPPLY,1326.3333333333333,0.0
886,4.1,Orange-S,1260,1252,20.0,11.166666666666666,3.0,1350.0,0.008271604938271605,OVERSUPPLY,1338.8333333333333,0.0
886,4.1,Orange-S,1260,1252,21.0,8.5,3.0,1350.0,0.006296296296296296,OVERSUPPLY,1341.5,0.0
886,4.1,Orange-S,1260,1252,22.0,8.5,3.0,1350.0,0.006296296296296296,OVERSUPPLY,1341.5,0.0
886,4.1,Orange-S,1260,1252,23.0,3.1666666666666665,3.0,1350.0,0.002345679012345679,OVERSUPPLY,1346.8333333333333,0.0
888,4.1,Orange-S,1261,1260,5.0,209.66666666666666,3.0,1350.0,0.15530864197530864,OVERSUPPLY,1140.3333333333333,0.0
888,4.1,Orange-S,1261,1260,6.0,539.0,3.0,1350.0,0.39925925925925926,BALANCED,811.0,0.0
888,4.1,Orange-S,1261,1260,7.0,941.6666666666666,3.0,1350.0,0.6975308641975309,BALANCED,408.33333333333337,0.0
888,4.1,Orange-S,1261,1260,8.0,1094.8333333333333,3.0,1350.0,0.8109876543209876,CROWDED,255.16666666666674,0.0
888,4.1,Orange-S,1261,1260,9.0,585.3333333333334,3.0,1350.0,0.43358024691358027,BALANCED,764.6666666666666,0.0
888,4.1,Orange-S,1261,1260,10.0,384.8333333333333,3.0,1350.0,0.2850617283950617,BALANCED,965.1666666666667,0.0
888,4.1,Orange-S,1261,1260,11.0,263.3333333333333,3.0,1350.0,0.19506172839506172,OVERSUPPLY,1086.6666666666667,0.0
888,4.1,Orange-S,1261,1260,12.0,221.83333333333334,3.0,1350.0,0.164320987654321,OVERSUPPLY,1128.1666666666667,0.0
888,4.1,Orange-S,1261,1260,13.0,211.5,3.0,1350.0,0.15666666666666668,OVERSUPPLY,1138.5,0.0
888,4.1,Orange-S,1261,1260,14.0,216.83333333333334,3.0,1350.0,0.16061728395061728,OVERSUPPLY,1133.1666666666667,0.0
888,4.1,Orange-S,1261,1260,15.0,198.83333333333334,3.0,1350.0,0.14728395061728397,OVERSUPPLY,1151.1666666666667,0.0
888,4.1,Orange-S,1261,1260,16.0,232.16666666666666,3.0,1350.0,0.1719753086419753,OVERSUPPLY,1117.8333333333333,0.0
888,4.1,Orange-S,1261,1260,17.0,221.33333333333334,3.0,1350.0,0.16395061728395063,OVERSUPPLY,1128.6666666666667,0.0
888,4.1,Orange-S,1261,1260,18.0,170.66666666666666,3.0,1350.0,0.12641975308641976,OVERSUPPLY,1179.3333333333333,0.0
888,4.1,Orange-S,1261,1260,19.0,122.83333333333333,3.0,1350.0,0.09098765432098765,OVERSUPPLY,1227.1666666666667,0.0
888,4.1,Orange-S,1261,1260,20.0,56.166666666666664,3.0,1350.0,0.041604938271604934,OVERSUPPLY,1293.8333333333333,0.0
888,4.1,Orange-S,1261,1260,21.0,49.0,3.0,1350.0,0.0362962962962963,OVERSUPPLY,1301.0,0.0
888,4.1,Orange-S,1261,1260,22.0,41.333333333333336,3.0,1350.0,0.030617283950617285,OVERSUPPLY,1308.6666666666667,0.0
888,4.1,Orange-S,1261,1260,23.0,18.0,3.0,1350.0,0.013333333333333334,OVERSUPPLY,1332.0,0.0
890,4.1,Orange-S,1262,1253,5.0,56.666666666666664,3.0,1350.0,0.04197530864197531,OVERSUPPLY,1293.3333333333333,0.0
890,4.1,Orange-S,1262,1253,6.0,192.0,3.0,1350.0,0.14222222222222222,OVERSUPPLY,1158.0,0.0
890,4.1,Orange-S,1262,1253,7.0,315.6666666666667,3.0,1350.0,0.23382716049382718,BALANCED,1034.3333333333333,0.0
890,4.1,Orange-S,1262,1253,8.0,326.1666666666667,3.0,1350.0,0.24160493827160495,BALANCED,1023.8333333333333,0.0
890,4.1,Orange-S,1262,1253,9.0,157.66666666666666,3.0,1350.0,0.11679012345679012,OVERSUPPLY,1192.3333333333333,0.0
890,4.1,Orange-S,1262,1253,10.0,102.0,3.0,1350.0,0.07555555555555556,OVERSUPPLY,1248.0,0.0
890,4.1,Orange-S,1262,1253,11.0,83.83333333333333,3.0,1350.0,0.06209876543209876,OVERSUPPLY,1266.1666666666667,0.0
890,4.1,Orange-S,1262,1253,12.0,65.33333333333333,3.0,1350.0,0.048395061728395056,OVERSUPPLY,1284.6666666666667,0.0
890,4.1,Orange-S,1262,1253,13.0,71.33333333333333,3.0,1350.0,0.0528395061728395,OVERSUPPLY,1278.6666666666667,0.0
890,4.1,Orange-S,1262,1253,14.0,79.66666666666667,3.0,1350.0,0.05901234567901235,OVERSUPPLY,1270.3333333333333,0.0
890,4.1,Orange-S,1262,1253,15.0,59.666666666666664,3.0,1350.0,0.04419753086419753,OVERSUPPLY,1290.3333333333333,0.0
890,4.1,Orange-S,1262,1253,16.0,64.66666666666667,3.0,1350.0,0.04790123456790124,OVERSUPPLY,1285.3333333333333,0.0
890,4.1,Orange-S,1262,1253,17.0,66.16666666666667,3.0,1350.0,0.04901234567901235,OVERSUPPLY,1283.8333333333333,0.0
890,4.1,Orange-S,1262,1253,18.0,61.333333333333336,3.0,1350.0,0.045432098765432104,OVERSUPPLY,1288.6666666666667,0.0
890,4.1,Orange-S,1262,1253,19.0,40.333333333333336,3.0,1350.0,0.029876543209876545,OVERSUPPLY,1309.6666666666667,0.0
890,4.1,Orange-S,1262,1253,20.0,19.5,3.0,1350.0,0.014444444444444444,OVERSUPPLY,1330.5,0.0
890,4.1,Orange-S,1262,1253,21.0,16.666666666666668,3.0,1350.0,0.01234567901234568,OVERSUPPLY,1333.3333333333333,0.0
890,4.1,Orange-S,1262,1253,22.0,14.0,3.0,1350.0,0.01037037037037037,OVERSUPPLY,1336.0,0.0
890,4.1,Orange-S,1262,1253,23.0,6.166666666666666,3.0,1350.0,0.004567901234567901,OVERSUPPLY,1343.8333333333333,0.0
892,4.1,Orange-S,1263,1249,5.0,2.5,3.0,1350.0,0.001851851851851852,OVERSUPPLY,1347.5,0.0
892,4.1,Orange-S,1263,1249,6.0,8.666666666666666,3.0,1350.0,0.006419753086419753,OVERSUPPLY,1341.3333333333333,0.0
892,4.1,Orange-S,1263,1249,7.0,21.333333333333332,3.0,1350.0,0.01580246913580247,OVERSUPPLY,1328.6666666666667,0.0
892,4.1,Orange-S,1263,1249,8.0,14.833333333333334,3.0,1350.0,0.010987654320987654,OVERSUPPLY,1335.1666666666667,0.0
892,4.1,Orange-S,1263,1249,9.0,6.5,3.0,1350.0,0.004814814814814815,OVERSUPPLY,1343.5,0.0
892,4.1,Orange-S,1263,1249,10.0,3.833333333333333,3.0,1350.0,0.002839506172839506,OVERSUPPLY,1346.1666666666667,0.0
892,4.1,Orange-S,1263,1249,11.0,2.6666666666666665,3.0,1350.0,0.0019753086419753087,OVERSUPPLY,1347.3333333333333,0.0
892,4.1,Orange-S,1263,1249,12.0,5.5,3.0,1350.0,0.004074074074074074,OVERSUPPLY,1344.5,0.0
892,4.1,Orange-S,1263,1249,13.0,6.0,3.0,1350.0,0.0044444444444444444,OVERSUPPLY,1344.0,0.0
892,4.1,Orange-S,1263,1249,14.0,5.0,3.0,1350.0,0.003703703703703704,OVERSUPPLY,1345.0,0.0
892,4.1,Orange-S,1263,1249,15.0,9.166666666666668,3.0,1350.0,0.006790123456790124,OVERSUPPLY,1340.8333333333333,0.0
892,4.1,Orange-S,1263,1249,16.0,10.833333333333332,3.0,1350.0,0.00802469135802469,OVERSUPPLY,1339.1666666666667,0.0
892,4.1,Orange-S,1263,1249,17.0,11.5,3.0,1350.0,0.008518518518518519,OVERSUPPLY,1338.5,0.0
892,4.1,Orange-S,1263,1249,18.0,9.5,3.0,1350.0,0.007037037037037037,OVERSUPPLY,1340.5,0.0
892,4.1,Orange-S,1263,1249,19.0,2.833333333333333,3.0,1350.0,0.002098765432098765,OVERSUPPLY,1347.1666666666667,0.0
892,4.1,Orange-S,1263,1249,20.0,2.0,3.0,1350.0,0.0014814814814814814,OVERSUPPLY,1348.0,0.0
892,4.1,Orange-S,1263,1249,21.0,3.1666666666666665,3.0,1350.0,0.002345679012345679,OVERSUPPLY,1346.8333333333333,0.0
892,4.1,Orange-S,1263,1249,22.0,1.1666666666666665,3.0,1350.0,0.0008641975308641975,OVERSUPPLY,1348.8333333333333,0.0
892,4.1,Orange-S,1263,1249,23.0,1.3333333333333333,3.0,1350.0,0.0009876543209876543,OVERSUPPLY,1348.6666666666667,0.0
894,4.1,Orange-S,1264,1265,6.0,113.16666666666667,3.0,1350.0,0.08382716049382716,OVERSUPPLY,1236.8333333333333,0.0
894,4.1,Orange-S,1264,1265,7.0,169.33333333333334,3.0,1350.0,0.1254320987654321,OVERSUPPLY,1180.6666666666667,0.0
894,4.1,Orange-S,1264,1265,8.0,149.83333333333334,3.0,1350.0,0.11098765432098766,OVERSUPPLY,1200.1666666666667,0.0
894,4.1,Orange-S,1264,1265,9.0,92.33333333333333,3.0,1350.0,0.06839506172839506,OVERSUPPLY,1257.6666666666667,0.0
894,4.1,Orange-S,1264,1265,10.0,63.33333333333333,3.0,1350.0,0.046913580246913576,OVERSUPPLY,1286.6666666666667,0.0
894,4.1,Orange-S,1264,1265,11.0,52.0,3.0,1350.0,0.03851851851851852,OVERSUPPLY,1298.0,0.0
894,4.1,Orange-S,1264,1265,12.0,68.16666666666667,3.0,1350.0,0.05049382716049383,OVERSUPPLY,1281.8333333333333,0.0
894,4.1,Orange-S,1264,1265,13.0,67.16666666666667,3.0,1350.0,0.04975308641975309,OVERSUPPLY,1282.8333333333333,0.0
894,4.1,Orange-S,1264,1265,14.0,82.66666666666667,3.0,1350.0,0.06123456790123457,OVERSUPPLY,1267.3333333333333,0.0
894,4.1,Orange-S,1264,1265,15.0,128.83333333333334,3.0,1350.0,0.0954320987654321,OVERSUPPLY,1221.1666666666667,0.0
894,4.1,Orange-S,1264,1265,16.0,230.33333333333334,3.0,1350.0,0.1706172839506173,OVERSUPPLY,1119.6666666666667,0.0
894,4.1,Orange-S,1264,1265,17.0,343.3333333333333,3.0,1350.0,0.254320987654321,BALANCED,1006.6666666666667,0.0
894,4.1,Orange-S,1264,1265,18.0,241.66666666666666,3.0,1350.0,0.17901234567901234,OVERSUPPLY,1108.3333333333333,0.0
894,4.1,Orange-S,1264,1265,19.0,160.83333333333334,3.0,1350.0,0.11913580246913581,OVERSUPPLY,1189.1666666666667,0.0
894,4.1,Orange-S,1264,1265,20.0,71.83333333333333,3.0,1350.0,0.053209876543209876,OVERSUPPLY,1278.1666666666667,0.0
894,4.1,Orange-S,1264,1265,21.0,51.166666666666664,3.0,1350.0,0.03790123456790123,OVERSUPPLY,1298.8333333333333,0.0
894,4.1,Orange-S,1264,1265,22.0,35.0,3.0,1350.0,0.025925925925925925,OVERSUPPLY,1315.0,0.0
894,4.1,Orange-S,1264,1265,23.0,41.666666666666664,3.0,1350.0,0.030864197530864196,OVERSUPPLY,1308.3333333333333,0.0
896,4.1,Orange-S,1265,1254,5.0,2.0,3.0,1350.0,0.0014814814814814814,OVERSUPPLY,1348.0,0.0
896,4.1,Orange-S,1265,1254,6.0,78.66666666666667,3.0,1350.0,0.05827160493827161,OVERSUPPLY,1271.3333333333333,0.0
896,4.1,Orange-S,1265,1254,7.0,127.16666666666667,3.0,1350.0,0.09419753086419753,OVERSUPPLY,1222.8333333333333,0.0
896,4.1,Orange-S,1265,1254,8.0,110.5,3.0,1350.0,0.08185185185185186,OVERSUPPLY,1239.5,0.0
896,4.1,Orange-S,1265,1254,9.0,70.33333333333333,3.0,1350.0,0.052098765432098765,OVERSUPPLY,1279.6666666666667,0.0
896,4.1,Orange-S,1265,1254,10.0,49.0,3.0,1350.0,0.0362962962962963,OVERSUPPLY,1301.0,0.0
896,4.1,Orange-S,1265,1254,11.0,37.166666666666664,3.0,1350.0,0.027530864197530862,OVERSUPPLY,1312.8333333333333,0.0
896,4.1,Orange-S,1265,1254,12.0,42.0,3.0,1350.0,0.03111111111111111,OVERSUPPLY,1308.0,0.0
896,4.1,Orange-S,1265,1254,13.0,47.666666666666664,3.0,1350.0,0.03530864197530864,OVERSUPPLY,1302.3333333333333,0.0
896,4.1,Orange-S,1265,1254,14.0,54.166666666666664,3.0,1350.0,0.040123456790123455,OVERSUPPLY,1295.8333333333333,0.0
896,4.1,Orange-S,1265,1254,15.0,82.0,3.0,1350.0,0.06074074074074074,OVERSUPPLY,1268.0,0.0
896,4.1,Orange-S,1265,1254,16.0,150.16666666666666,3.0,1350.0,0.11123456790123457,OVERSUPPLY,1199.8333333333333,0.0
896,4.1,Orange-S,1265,1254,17.0,208.66666666666666,3.0,1350.0,0.1545679012345679,OVERSUPPLY,1141.3333333333333,0.0
896,4.1,Orange-S,1265,1254,18.0,159.5,3.0,1350.0,0.11814814814814815,OVERSUPPLY,1190.5,0.0
896,4.1,Orange-S,1265,1254,19.0,103.83333333333333,3.0,1350.0,0.07691358024691358,OVERSUPPLY,1246.1666666666667,0.0
896,4.1,Orange-S,1265,1254,20.0,47.0,3.0,1350.0,0.03481481481481481,OVERSUPPLY,1303.0,0.0
896,4.1,Orange-S,1265,1254,21.0,31.666666666666668,3.0,1350.0,0.02345679012345679,OVERSUPPLY,1318.3333333333333,0.0
896,4.1,Orange-S,1265,1254,22.0,24.833333333333332,3.0,1350.0,0.01839506172839506,OVERSUPPLY,1325.1666666666667,0.0
896,4.1,Orange-S,1265,1254,23.0,24.833333333333332,3.0,1350.0,0.01839506172839506,OVERSUPPLY,1325.1666666666667,0.0
898,4.1,Orange-S,1266,1259,5.0,2.1666666666666665,3.0,1350.0,0.0016049382716049382,OVERSUPPLY,1347.8333333333333,0.0
898,4.1,Orange-S,1266,1259,6.0,19.0,3.0,1350.0,0.014074074074074074,OVERSUPPLY,1331.0,0.0
898,4.1,Orange-S,1266,1259,7.0,25.0,3.0,1350.0,0.018518518518518517,OVERSUPPLY,1325.0,0.0
898,4.1,Orange-S,1266,1259,8.0,23.0,3.0,1350.0,0.017037037037037038,OVERSUPPLY,1327.0,0.0
898,4.1,Orange-S,1266,1259,9.0,19.0,3.0,1350.0,0.014074074074074074,OVERSUPPLY,1331.0,0.0
898,4.1,Orange-S,1266,1259,10.0,13.833333333333334,3.0,1350.0,0.010246913580246915,OVERSUPPLY,1336.1666666666667,0.0
898,4.1,Orange-S,1266,1259,11.0,12.5,3.0,1350.0,0.009259259259259259,OVERSUPPLY,1337.5,0.0
898,4.1,Orange-S,1266,1259,12.0,9.0,3.0,1350.0,0.006666666666666667,OVERSUPPLY,1341.0,0.0
898,4.1,Orange-S,1266,1259,13.0,9.833333333333334,3.0,1350.0,0.007283950617283951,OVERSUPPLY,1340.1666666666667,0.0
898,4.1,Orange-S,1266,1259,14.0,16.0,3.0,1350.0,0.011851851851851851,OVERSUPPLY,1334.0,0.0
898,4.1,Orange-S,1266,1259,15.0,16.166666666666668,3.0,1350.0,0.01197530864197531,OVERSUPPLY,1333.8333333333333,0.0
898,4.1,Orange-S,1266,1259,16.0,31.666666666666664,3.0,1350.0,0.023456790123456788,OVERSUPPLY,1318.3333333333333,0.0
898,4.1,Orange-S,1266,1259,17.0,45.333333333333336,3.0,1350.0,0.03358024691358025,OVERSUPPLY,1304.6666666666667,0.0
898,4.1,Orange-S,1266,1259,18.0,33.666666666666664,3.0,1350.0,0.02493827160493827,OVERSUPPLY,1316.3333333333333,0.0
898,4.1,Orange-S,1266,1259,19.0,37.333333333333336,3.0,1350.0,0.027654320987654323,OVERSUPPLY,1312.6666666666667,0.0
898,4.1,Orange-S,1266,1259,20.0,14.166666666666666,3.0,1350.0,0.010493827160493827,OVERSUPPLY,1335.8333333333333,0.0
898,4.1,Orange-S,1266,1259,21.0,9.333333333333334,3.0,1350.0,0.006913580246913581,OVERSUPPLY,1340.6666666666667,0.0
898,4.1,Orange-S,1266,1259,22.0,7.0,3.0,1350.0,0.005185185185185185,OVERSUPPLY,1343.0,0.0
898,4.1,Orange-S,1266,1259,23.0,4.166666666666667,3.0,1350.0,0.00308641975308642,OVERSUPPLY,1345.8333333333333,0.0
900,5.1,Green-S,1267,1269,5.0,3.8333333333333335,3.0,1350.0,0.0028395061728395065,OVERSUPPLY,1346.1666666666667,0.0
900,5.1,Green-S,1267,1269,6.0,9.333333333333334,3.0,1350.0,0.006913580246913581,OVERSUPPLY,1340.6666666666667,0.0
900,5.1,Green-S,1267,1269,7.0,15.833333333333332,3.0,1350.0,0.011728395061728394,OVERSUPPLY,1334.1666666666667,0.0
900,5.1,Green-S,1267,1269,8.0,18.666666666666664,3.0,1350.0,0.01382716049382716,OVERSUPPLY,1331.3333333333333,0.0
900,5.1,Green-S,1267,1269,9.0,7.5,3.0,1350.0,0.005555555555555556,OVERSUPPLY,1342.5,0.0
900,5.1,Green-S,1267,1269,10.0,6.166666666666666,3.0,1350.0,0.004567901234567901,OVERSUPPLY,1343.8333333333333,0.0
900,5.1,Green-S,1267,1269,11.0,6.333333333333333,3.0,1350.0,0.004691358024691358,OVERSUPPLY,1343.6666666666667,0.0
900,5.1,Green-S,1267,1269,12.0,3.8333333333333335,3.0,1350.0,0.0028395061728395065,OVERSUPPLY,1346.1666666666667,0.0
900,5.1,Green-S,1267,1269,13.0,3.5,3.0,1350.0,0.0025925925925925925,OVERSUPPLY,1346.5,0.0
900,5.1,Green-S,1267,1269,14.0,3.333333333333333,3.0,1350.0,0.0024691358024691358,OVERSUPPLY,1346.6666666666667,0.0
900,5.1,Green-S,1267,1269,15.0,2.1666666666666665,3.0,1350.0,0.0016049382716049382,OVERSUPPLY,1347.8333333333333,0.0
900,5.1,Green-S,1267,1269,16.0,3.1666666666666665,3.0,1350.0,0.002345679012345679,OVERSUPPLY,1346.8333333333333,0.0
900,5.1,Green-S,1267,1269,17.0,6.5,3.0,1350.0,0.004814814814814815,OVERSUPPLY,1343.5,0.0
900,5.1,Green-S,1267,1269,18.0,2.333333333333333,3.0,1350.0,0.001728395061728395,OVERSUPPLY,1347.6666666666667,0.0
902,5.1,Green-S,1268,1270,5.0,4.5,3.0,1350.0,0.0033333333333333335,OVERSUPPLY,1345.5,0.0
902,5.1,Green-S,1268,1270,6.0,14.666666666666668,3.0,1350.0,0.010864197530864199,OVERSUPPLY,1335.3333333333333,0.0
902,5.1,Green-S,1268,1270,7.0,23.5,3.0,1350.0,0.017407407407407406,OVERSUPPLY,1326.5,0.0
902,5.1,Green-S,1268,1270,8.0,28.0,3.0,1350.0,0.02074074074074074,OVERSUPPLY,1322.0,0.0
902,5.1,Green-S,1268,1270,9.0,15.333333333333334,3.0,1350.0,0.011358024691358026,OVERSUPPLY,1334.6666666666667,0.0
902,5.1,Green-S,1268,1270,10.0,11.166666666666666,3.0,1350.0,0.008271604938271605,OVERSUPPLY,1338.8333333333333,0.0
902,5.1,Green-S,1268,1270,11.0,9.166666666666666,3.0,1350.0,0.006790123456790123,OVERSUPPLY,1340.8333333333333,0.0
902,5.1,Green-S,1268,1270,12.0,6.333333333333333,3.0,1350.0,0.004691358024691358,OVERSUPPLY,1343.6666666666667,0.0
902,5.1,Green-S,1268,1270,13.0,9.0,3.0,1350.0,0.006666666666666667,OVERSUPPLY,1341.0,0.0
902,5.1,Green-S,1268,1270,14.0,6.0,3.0,1350.0,0.0044444444444444444,OVERSUPPLY,1344.0,0.0
902,5.1,Green-S,1268,1270,15.0,5.333333333333333,3.0,1350.0,0.003950617283950617,OVERSUPPLY,1344.6666666666667,0.0
902,5.1,Green-S,1268,1270,16.0,7.333333333333333,3.0,1350.0,0.005432098765432099,OVERSUPPLY,1342.6666666666667,0.0
902,5.1,Green-S,1268,1270,17.0,10.666666666666666,3.0,1350.0,0.007901234567901235,OVERSUPPLY,1339.3333333333333,0.0
902,5.1,Green-S,1268,1270,18.0,7.0,3.0,1350.0,0.005185185185185185,OVERSUPPLY,1343.0,0.0
904,5.1,Green-S,1269,1287,5.0,2.833333333333333,3.0,1350.0,0.002098765432098765,OVERSUPPLY,1347.1666666666667,0.0
904,5.1,Green-S,1269,1287,6.0,5.666666666666667,3.0,1350.0,0.004197530864197531,OVERSUPPLY,1344.3333333333333,0.0
904,5.1,Green-S,1269,1287,7.0,11.333333333333334,3.0,1350.0,0.008395061728395062,OVERSUPPLY,1338.6666666666667,0.0
904,5.1,Green-S,1269,1287,8.0,11.0,3.0,1350.0,0.008148148148148147,OVERSUPPLY,1339.0,0.0
904,5.1,Green-S,1269,1287,9.0,5.5,3.0,1350.0,0.004074074074074074,OVERSUPPLY,1344.5,0.0
904,5.1,Green-S,1269,1287,10.0,4.333333333333333,3.0,1350.0,0.0032098765432098763,OVERSUPPLY,1345.6666666666667,0.0
904,5.1,Green-S,1269,1287,11.0,5.5,3.0,1350.0,0.004074074074074074,OVERSUPPLY,1344.5,0.0
904,5.1,Green-S,1269,1287,12.0,3.0,3.0,1350.0,0.0022222222222222222,OVERSUPPLY,1347.0,0.0
904,5.1,Green-S,1269,1287,13.0,2.1666666666666665,3.0,1350.0,0.0016049382716049382,OVERSUPPLY,1347.8333333333333,0.0
904,5.1,Green-S,1269,1287,14.0,1.6666666666666667,3.0,1350.0,0.0012345679012345679,OVERSUPPLY,1348.3333333333333,0.0
904,5.1,Green-S,1269,1287,15.0,1.1666666666666665,3.0,1350.0,0.0008641975308641975,OVERSUPPLY,1348.8333333333333,0.0
904,5.1,Green-S,1269,1287,16.0,1.6666666666666665,3.0,1350.0,0.0012345679012345679,OVERSUPPLY,1348.3333333333333,0.0
904,5.1,Green-S,1269,1287,17.0,4.166666666666667,3.0,1350.0,0.00308641975308642,OVERSUPPLY,1345.8333333333333,0.0
904,5.1,Green-S,1269,1287,18.0,1.8333333333333333,3.0,1350.0,0.0013580246913580246,OVERSUPPLY,1348.1666666666667,0.0
906,5.1,Green-S,1270,1288,5.0,2.833333333333333,3.0,1350.0,0.002098765432098765,OVERSUPPLY,1347.1666666666667,0.0
906,5.1,Green-S,1270,1288,6.0,9.166666666666666,3.0,1350.0,0.006790123456790123,OVERSUPPLY,1340.8333333333333,0.0
906,5.1,Green-S,1270,1288,7.0,14.166666666666666,3.0,1350.0,0.010493827160493827,OVERSUPPLY,1335.8333333333333,0.0
906,5.1,Green-S,1270,1288,8.0,17.666666666666668,3.0,1350.0,0.01308641975308642,OVERSUPPLY,1332.3333333333333,0.0
906,5.1,Green-S,1270,1288,9.0,10.666666666666666,3.0,1350.0,0.007901234567901235,OVERSUPPLY,1339.3333333333333,0.0
906,5.1,Green-S,1270,1288,10.0,8.333333333333332,3.0,1350.0,0.006172839506172838,OVERSUPPLY,1341.6666666666667,0.0
906,5.1,Green-S,1270,1288,11.0,7.666666666666666,3.0,1350.0,0.005679012345679012,OVERSUPPLY,1342.3333333333333,0.0
906,5.1,Green-S,1270,1288,12.0,4.666666666666667,3.0,1350.0,0.0034567901234567903,OVERSUPPLY,1345.3333333333333,0.0
906,5.1,Green-S,1270,1288,13.0,6.5,3.0,1350.0,0.004814814814814815,OVERSUPPLY,1343.5,0.0
906,5.1,Green-S,1270,1288,14.0,3.8333333333333335,3.0,1350.0,0.0028395061728395065,OVERSUPPLY,1346.1666666666667,0.0
906,5.1,Green-S,1270,1288,15.0,3.833333333333333,3.0,1350.0,0.002839506172839506,OVERSUPPLY,1346.1666666666667,0.0
906,5.1,Green-S,1270,1288,16.0,4.333333333333333,3.0,1350.0,0.0032098765432098763,OVERSUPPLY,1345.6666666666667,0.0
906,5.1,Green-S,1270,1288,17.0,6.833333333333333,3.0,1350.0,0.005061728395061728,OVERSUPPLY,1343.1666666666667,0.0
906,5.1,Green-S,1270,1288,18.0,4.0,3.0,1350.0,0.002962962962962963,OVERSUPPLY,1346.0,0.0
908,5.1,Green-S,1271,1280,6.0,2.0,3.0,1350.0,0.0014814814814814814,OVERSUPPLY,1348.0,0.0
908,5.1,Green-S,1271,1280,7.0,5.166666666666667,3.0,1350.0,0.0038271604938271606,OVERSUPPLY,1344.8333333333333,0.0
908,5.1,Green-S,1271,1280,8.0,5.0,3.0,1350.0,0.003703703703703704,OVERSUPPLY,1345.0,0.0
908,5.1,Green-S,1271,1280,9.0,3.0,3.0,1350.0,0.0022222222222222222,OVERSUPPLY,1347.0,0.0
908,5.1,Green-S,1271,1280,10.0,3.0,3.0,1350.0,0.0022222222222222222,OVERSUPPLY,1347.0,0.0
908,5.1,Green-S,1271,1280,11.0,3.3333333333333335,3.0,1350.0,0.0024691358024691358,OVERSUPPLY,1346.6666666666667,0.0
908,5.1,Green-S,1271,1280,12.0,2.166666666666667,3.0,1350.0,0.0016049382716049384,OVERSUPPLY,1347.8333333333333,0.0
908,5.1,Green-S,1271,1280,13.0,1.3333333333333333,3.0,1350.0,0.0009876543209876543,OVERSUPPLY,1348.6666666666667,0.0
908,5.1,Green-S,1271,1280,14.0,1.3333333333333335,3.0,1350.0,0.0009876543209876543,OVERSUPPLY,1348.6666666666667,0.0
908,5.1,Green-S,1271,1280,15.0,0.8333333333333333,3.0,1350.0,0.0006172839506172839,OVERSUPPLY,1349.1666666666667,0.0
908,5.1,Green-S,1271,1280,16.0,0.5,3.0,1350.0,0.00037037037037037035,OVERSUPPLY,1349.5,0.0
908,5.1,Green-S,1271,1280,17.0,1.6666666666666665,3.0,1350.0,0.0012345679012345679,OVERSUPPLY,1348.3333333333333,0.0
908,5.1,Green-S,1271,1280,18.0,0.8333333333333333,3.0,1350.0,0.0006172839506172839,OVERSUPPLY,1349.1666666666667,0.0
910,5.1,Green-S,1272,1281,6.0,3.333333333333333,3.0,1350.0,0.0024691358024691358,OVERSUPPLY,1346.6666666666667,0.0
910,5.1,Green-S,1272,1281,7.0,6.333333333333334,3.0,1350.0,0.004691358024691359,OVERSUPPLY,1343.6666666666667,0.0
910,5.1,Green-S,1272,1281,8.0,9.666666666666666,3.0,1350.0,0.007160493827160493,OVERSUPPLY,1340.3333333333333,0.0
910,5.1,Green-S,1272,1281,9.0,7.666666666666667,3.0,1350.0,0.005679012345679013,OVERSUPPLY,1342.3333333333333,0.0
910,5.1,Green-S,1272,1281,10.0,6.166666666666666,3.0,1350.0,0.004567901234567901,OVERSUPPLY,1343.8333333333333,0.0
910,5.1,Green-S,1272,1281,11.0,4.833333333333333,3.0,1350.0,0.0035802469135802466,OVERSUPPLY,1345.1666666666667,0.0
910,5.1,Green-S,1272,1281,12.0,3.5,3.0,1350.0,0.0025925925925925925,OVERSUPPLY,1346.5,0.0
910,5.1,Green-S,1272,1281,13.0,3.833333333333333,3.0,1350.0,0.002839506172839506,OVERSUPPLY,1346.1666666666667,0.0
910,5.1,Green-S,1272,1281,14.0,2.1666666666666665,3.0,1350.0,0.0016049382716049382,OVERSUPPLY,1347.8333333333333,0.0
910,5.1,Green-S,1272,1281,15.0,2.1666666666666665,3.0,1350.0,0.0016049382716049382,OVERSUPPLY,1347.8333333333333,0.0
910,5.1,Green-S,1272,1281,16.0,1.8333333333333333,3.0,1350.0,0.0013580246913580246,OVERSUPPLY,1348.1666666666667,0.0
910,5.1,Green-S,1272,1281,17.0,3.0,3.0,1350.0,0.0022222222222222222,OVERSUPPLY,1347.0,0.0
910,5.1,Green-S,1272,1281,18.0,2.0,3.0,1350.0,0.0014814814814814814,OVERSUPPLY,1348.0,0.0
912,5.1,Green-S,1273,1298,5.0,22.833333333333336,3.0,1350.0,0.01691358024691358,OVERSUPPLY,1327.1666666666667,0.0
912,5.1,Green-S,1273,1298,6.0,56.33333333333333,3.0,1350.0,0.041728395061728395,OVERSUPPLY,1293.6666666666667,0.0
912,5.1,Green-S,1273,1298,7.0,91.33333333333333,3.0,1350.0,0.06765432098765432,OVERSUPPLY,1258.6666666666667,0.0
912,5.1,Green-S,1273,1298,8.0,106.83333333333333,3.0,1350.0,0.0791358024691358,OVERSUPPLY,1243.1666666666667,0.0
912,5.1,Green-S,1273,1298,9.0,54.5,3.0,1350.0,0.04037037037037037,OVERSUPPLY,1295.5,0.0
912,5.1,Green-S,1273,1298,10.0,32.666666666666664,3.0,1350.0,0.024197530864197528,OVERSUPPLY,1317.3333333333333,0.0
912,5.1,Green-S,1273,1298,11.0,24.166666666666668,3.0,1350.0,0.017901234567901235,OVERSUPPLY,1325.8333333333333,0.0
912,5.1,Green-S,1273,1298,12.0,16.833333333333332,3.0,1350.0,0.012469135802469136,OVERSUPPLY,1333.1666666666667,0.0
912,5.1,Green-S,1273,1298,13.0,16.333333333333332,3.0,1350.0,0.012098765432098764,OVERSUPPLY,1333.6666666666667,0.0
912,5.1,Green-S,1273,1298,14.0,17.0,3.0,1350.0,0.012592592592592593,OVERSUPPLY,1333.0,0.0
912,5.1,Green-S,1273,1298,15.0,10.166666666666666,3.0,1350.0,0.007530864197530864,OVERSUPPLY,1339.8333333333333,0.0
912,5.1,Green-S,1273,1298,16.0,11.666666666666666,3.0,1350.0,0.008641975308641974,OVERSUPPLY,1338.3333333333333,0.0
912,5.1,Green-S,1273,1298,17.0,15.666666666666666,3.0,1350.0,0.011604938271604939,OVERSUPPLY,1334.3333333333333,0.0
912,5.1,Green-S,1273,1298,18.0,9.333333333333334,3.0,1350.0,0.006913580246913581,OVERSUPPLY,1340.6666666666667,0.0
914,5.1,Green-S,1274,1299,5.0,36.666666666666664,3.0,1350.0,0.027160493827160494,OVERSUPPLY,1313.3333333333333,0.0
914,5.1,Green-S,1274,1299,6.0,101.16666666666667,3.0,1350.0,0.07493827160493828,OVERSUPPLY,1248.8333333333333,0.0
914,5.1,Green-S,1274,1299,7.0,181.0,3.0,1350.0,0.13407407407407407,OVERSUPPLY,1169.0,0.0
914,5.1,Green-S,1274,1299,8.0,222.66666666666666,3.0,1350.0,0.16493827160493826,OVERSUPPLY,1127.3333333333333,0.0
914,5.1,Green-S,1274,1299,9.0,123.5,3.0,1350.0,0.09148148148148148,OVERSUPPLY,1226.5,0.0
914,5.1,Green-S,1274,1299,10.0,71.0,3.0,1350.0,0.052592592592592594,OVERSUPPLY,1279.0,0.0
914,5.1,Green-S,1274,1299,11.0,57.0,3.0,1350.0,0.042222222222222223,OVERSUPPLY,1293.0,0.0
914,5.1,Green-S,1274,1299,12.0,44.666666666666664,3.0,1350.0,0.03308641975308642,OVERSUPPLY,1305.3333333333333,0.0
914,5.1,Green-S,1274,1299,13.0,38.166666666666664,3.0,1350.0,0.0282716049382716,OVERSUPPLY,1311.8333333333333,0.0
914,5.1,Green-S,1274,1299,14.0,35.166666666666664,3.0,1350.0,0.026049382716049382,OVERSUPPLY,1314.8333333333333,0.0
914,5.1,Green-S,1274,1299,15.0,31.5,3.0,1350.0,0.023333333333333334,OVERSUPPLY,1318.5,0.0
914,5.1,Green-S,1274,1299,16.0,43.5,3.0,1350.0,0.03222222222222222,OVERSUPPLY,1306.5,0.0
914,5.1,Green-S,1274,1299,17.0,56.5,3.0,1350.0,0.04185185185185185,OVERSUPPLY,1293.5,0.0
914,5.1,Green-S,1274,1299,18.0,46.5,3.0,1350.0,0.034444444444444444,OVERSUPPLY,1303.5,0.0
916,5.1,Green-S,1275,1293,5.0,7.0,3.0,1350.0,0.005185185185185185,OVERSUPPLY,1343.0,0.0
916,5.1,Green-S,1275,1293,6.0,15.0,3.0,1350.0,0.011111111111111112,OVERSUPPLY,1335.0,0.0
916,5.1,Green-S,1275,1293,7.0,24.666666666666668,3.0,1350.0,0.018271604938271607,OVERSUPPLY,1325.3333333333333,0.0
916,5.1,Green-S,1275,1293,8.0,31.0,3.0,1350.0,0.022962962962962963,OVERSUPPLY,1319.0,0.0
916,5.1,Green-S,1275,1293,9.0,16.833333333333332,3.0,1350.0,0.012469135802469136,OVERSUPPLY,1333.1666666666667,0.0
916,5.1,Green-S,1275,1293,10.0,12.333333333333332,3.0,1350.0,0.009135802469135802,OVERSUPPLY,1337.6666666666667,0.0
916,5.1,Green-S,1275,1293,11.0,12.666666666666666,3.0,1350.0,0.009382716049382716,OVERSUPPLY,1337.3333333333333,0.0
916,5.1,Green-S,1275,1293,12.0,11.0,3.0,1350.0,0.008148148148148147,OVERSUPPLY,1339.0,0.0
916,5.1,Green-S,1275,1293,13.0,10.166666666666666,3.0,1350.0,0.007530864197530864,OVERSUPPLY,1339.8333333333333,0.0
916,5.1,Green-S,1275,1293,14.0,11.5,3.0,1350.0,0.008518518518518519,OVERSUPPLY,1338.5,0.0
916,5.1,Green-S,1275,1293,15.0,14.666666666666666,3.0,1350.0,0.010864197530864197,OVERSUPPLY,1335.3333333333333,0.0
916,5.1,Green-S,1275,1293,16.0,21.5,3.0,1350.0,0.015925925925925927,OVERSUPPLY,1328.5,0.0
916,5.1,Green-S,1275,1293,17.0,20.166666666666668,3.0,1350.0,0.014938271604938273,OVERSUPPLY,1329.8333333333333,0.0
916,5.1,Green-S,1275,1293,18.0,21.5,3.0,1350.0,0.015925925925925927,OVERSUPPLY,1328.5,0.0
918,5.1,Green-S,1276,1267,5.0,6.666666666666667,3.0,1350.0,0.0049382716049382715,OVERSUPPLY,1343.3333333333333,0.0
918,5.1,Green-S,1276,1267,6.0,17.666666666666668,3.0,1350.0,0.01308641975308642,OVERSUPPLY,1332.3333333333333,0.0
918,5.1,Green-S,1276,1267,7.0,26.0,3.0,1350.0,0.01925925925925926,OVERSUPPLY,1324.0,0.0
918,5.1,Green-S,1276,1267,8.0,32.166666666666664,3.0,1350.0,0.02382716049382716,OVERSUPPLY,1317.8333333333333,0.0
918,5.1,Green-S,1276,1267,9.0,13.833333333333334,3.0,1350.0,0.010246913580246915,OVERSUPPLY,1336.1666666666667,0.0
918,5.1,Green-S,1276,1267,10.0,8.166666666666666,3.0,1350.0,0.006049382716049382,OVERSUPPLY,1341.8333333333333,0.0
918,5.1,Green-S,1276,1267,11.0,7.0,3.0,1350.0,0.005185185185185185,OVERSUPPLY,1343.0,0.0
918,5.1,Green-S,1276,1267,12.0,6.166666666666666,3.0,1350.0,0.004567901234567901,OVERSUPPLY,1343.8333333333333,0.0
918,5.1,Green-S,1276,1267,13.0,5.666666666666667,3.0,1350.0,0.004197530864197531,OVERSUPPLY,1344.3333333333333,0.0
918,5.1,Green-S,1276,1267,14.0,5.0,3.0,1350.0,0.003703703703703704,OVERSUPPLY,1345.0,0.0
918,5.1,Green-S,1276,1267,15.0,3.833333333333333,3.0,1350.0,0.002839506172839506,OVERSUPPLY,1346.1666666666667,0.0
918,5.1,Green-S,1276,1267,16.0,4.833333333333333,3.0,1350.0,0.0035802469135802466,OVERSUPPLY,1345.1666666666667,0.0
918,5.1,Green-S,1276,1267,17.0,7.5,3.0,1350.0,0.005555555555555556,OVERSUPPLY,1342.5,0.0
918,5.1,Green-S,1276,1267,18.0,3.6666666666666665,3.0,1350.0,0.0027160493827160493,OVERSUPPLY,1346.3333333333333,0.0
920,5.1,Green-S,1277,1268,5.0,10.0,3.0,1350.0,0.007407407407407408,OVERSUPPLY,1340.0,0.0
920,5.1,Green-S,1277,1268,6.0,24.5,3.0,1350.0,0.01814814814814815,OVERSUPPLY,1325.5,0.0
920,5.1,Green-S,1277,1268,7.0,40.666666666666664,3.0,1350.0,0.030123456790123456,OVERSUPPLY,1309.3333333333333,0.0
920,5.1,Green-S,1277,1268,8.0,49.0,3.0,1350.0,0.0362962962962963,OVERSUPPLY,1301.0,0.0
920,5.1,Green-S,1277,1268,9.0,24.5,3.0,1350.0,0.01814814814814815,OVERSUPPLY,1325.5,0.0
920,5.1,Green-S,1277,1268,10.0,16.5,3.0,1350.0,0.012222222222222223,OVERSUPPLY,1333.5,0.0
920,5.1,Green-S,1277,1268,11.0,11.666666666666666,3.0,1350.0,0.008641975308641974,OVERSUPPLY,1338.3333333333333,0.0
920,5.1,Green-S,1277,1268,12.0,10.166666666666666,3.0,1350.0,0.007530864197530864,OVERSUPPLY,1339.8333333333333,0.0
920,5.1,Green-S,1277,1268,13.0,12.0,3.0,1350.0,0.008888888888888889,OVERSUPPLY,1338.0,0.0
920,5.1,Green-S,1277,1268,14.0,8.5,3.0,1350.0,0.006296296296296296,OVERSUPPLY,1341.5,0.0
920,5.1,Green-S,1277,1268,15.0,8.0,3.0,1350.0,0.005925925925925926,OVERSUPPLY,1342.0,0.0
920,5.1,Green-S,1277,1268,16.0,10.166666666666666,3.0,1350.0,0.007530864197530864,OVERSUPPLY,1339.8333333333333,0.0
920,5.1,Green-S,1277,1268,17.0,13.5,3.0,1350.0,0.01,OVERSUPPLY,1336.5,0.0
920,5.1,Green-S,1277,1268,18.0,10.333333333333332,3.0,1350.0,0.00765432098765432,OVERSUPPLY,1339.6666666666667,0.0
922,5.1,Green-S,1278,1285,5.0,22.833333333333336,3.0,1350.0,0.01691358024691358,OVERSUPPLY,1327.1666666666667,0.0
922,5.1,Green-S,1278,1285,6.0,56.33333333333333,3.0,1350.0,0.041728395061728395,OVERSUPPLY,1293.6666666666667,0.0
922,5.1,Green-S,1278,1285,7.0,91.33333333333333,3.0,1350.0,0.06765432098765432,OVERSUPPLY,1258.6666666666667,0.0
922,5.1,Green-S,1278,1285,8.0,106.83333333333333,3.0,1350.0,0.0791358024691358,OVERSUPPLY,1243.1666666666667,0.0
922,5.1,Green-S,1278,1285,9.0,54.5,3.0,1350.0,0.04037037037037037,OVERSUPPLY,1295.5,0.0
922,5.1,Green-S,1278,1285,10.0,32.666666666666664,3.0,1350.0,0.024197530864197528,OVERSUPPLY,1317.3333333333333,0.0
922,5.1,Green-S,1278,1285,11.0,24.166666666666668,3.0,1350.0,0.017901234567901235,OVERSUPPLY,1325.8333333333333,0.0
922,5.1,Green-S,1278,1285,12.0,16.833333333333332,3.0,1350.0,0.012469135802469136,OVERSUPPLY,1333.1666666666667,0.0
922,5.1,Green-S,1278,1285,13.0,16.333333333333332,3.0,1350.0,0.012098765432098764,OVERSUPPLY,1333.6666666666667,0.0
922,5.1,Green-S,1278,1285,14.0,17.0,3.0,1350.0,0.012592592592592593,OVERSUPPLY,1333.0,0.0
922,5.1,Green-S,1278,1285,15.0,10.166666666666666,3.0,1350.0,0.007530864197530864,OVERSUPPLY,1339.8333333333333,0.0
922,5.1,Green-S,1278,1285,16.0,11.666666666666666,3.0,1350.0,0.008641975308641974,OVERSUPPLY,1338.3333333333333,0.0
922,5.1,Green-S,1278,1285,17.0,15.666666666666666,3.0,1350.0,0.011604938271604939,OVERSUPPLY,1334.3333333333333,0.0
922,5.1,Green-S,1278,1285,18.0,9.333333333333334,3.0,1350.0,0.006913580246913581,OVERSUPPLY,1340.6666666666667,0.0
924,5.1,Green-S,1279,1286,5.0,35.166666666666664,3.0,1350.0,0.026049382716049382,OVERSUPPLY,1314.8333333333333,0.0
924,5.1,Green-S,1279,1286,6.0,96.0,3.0,1350.0,0.07111111111111111,OVERSUPPLY,1254.0,0.0
924,5.1,Green-S,1279,1286,7.0,175.33333333333334,3.0,1350.0,0.12987654320987654,OVERSUPPLY,1174.6666666666667,0.0
924,5.1,Green-S,1279,1286,8.0,216.66666666666666,3.0,1350.0,0.16049382716049382,OVERSUPPLY,1133.3333333333333,0.0
924,5.1,Green-S,1279,1286,9.0,121.66666666666667,3.0,1350.0,0.09012345679012346,OVERSUPPLY,1228.3333333333333,0.0
924,5.1,Green-S,1279,1286,10.0,69.83333333333333,3.0,1350.0,0.05172839506172839,OVERSUPPLY,1280.1666666666667,0.0
924,5.1,Green-S,1279,1286,11.0,53.666666666666664,3.0,1350.0,0.039753086419753086,OVERSUPPLY,1296.3333333333333,0.0
924,5.1,Green-S,1279,1286,12.0,43.333333333333336,3.0,1350.0,0.03209876543209877,OVERSUPPLY,1306.6666666666667,0.0
924,5.1,Green-S,1279,1286,13.0,36.5,3.0,1350.0,0.027037037037037037,OVERSUPPLY,1313.5,0.0
924,5.1,Green-S,1279,1286,14.0,32.833333333333336,3.0,1350.0,0.02432098765432099,OVERSUPPLY,1317.1666666666667,0.0
924,5.1,Green-S,1279,1286,15.0,27.833333333333332,3.0,1350.0,0.020617283950617283,OVERSUPPLY,1322.1666666666667,0.0
924,5.1,Green-S,1279,1286,16.0,36.166666666666664,3.0,1350.0,0.026790123456790122,OVERSUPPLY,1313.8333333333333,0.0
924,5.1,Green-S,1279,1286,17.0,48.5,3.0,1350.0,0.035925925925925924,OVERSUPPLY,1301.5,0.0
924,5.1,Green-S,1279,1286,18.0,40.333333333333336,3.0,1350.0,0.029876543209876545,OVERSUPPLY,1309.6666666666667,0.0
928,5.1,Green-S,1282,1294,5.0,22.833333333333336,3.0,1350.0,0.01691358024691358,OVERSUPPLY,1327.1666666666667,0.0
928,5.1,Green-S,1282,1294,6.0,56.33333333333333,3.0,1350.0,0.041728395061728395,OVERSUPPLY,1293.6666666666667,0.0
928,5.1,Green-S,1282,1294,7.0,91.33333333333333,3.0,1350.0,0.06765432098765432,OVERSUPPLY,1258.6666666666667,0.0
928,5.1,Green-S,1282,1294,8.0,106.83333333333333,3.0,1350.0,0.0791358024691358,OVERSUPPLY,1243.1666666666667,0.0
928,5.1,Green-S,1282,1294,9.0,54.5,3.0,1350.0,0.04037037037037037,OVERSUPPLY,1295.5,0.0
928,5.1,Green-S,1282,1294,10.0,32.666666666666664,3.0,1350.0,0.024197530864197528,OVERSUPPLY,1317.3333333333333,0.0
928,5.1,Green-S,1282,1294,11.0,24.166666666666668,3.0,1350.0,0.017901234567901235,OVERSUPPLY,1325.8333333333333,0.0
928,5.1,Green-S,1282,1294,12.0,16.833333333333332,3.0,1350.0,0.012469135802469136,OVERSUPPLY,1333.1666666666667,0.0
928,5.1,Green-S,1282,1294,13.0,16.333333333333332,3.0,1350.0,0.012098765432098764,OVERSUPPLY,1333.6666666666667,0.0
928,5.1,Green-S,1282,1294,14.0,17.0,3.0,1350.0,0.012592592592592593,OVERSUPPLY,1333.0,0.0
928,5.1,Green-S,1282,1294,15.0,10.166666666666666,3.0,1350.0,0.007530864197530864,OVERSUPPLY,1339.8333333333333,0.0
928,5.1,Green-S,1282,1294,16.0,11.666666666666666,3.0,1350.0,0.008641975308641974,OVERSUPPLY,1338.3333333333333,0.0
928,5.1,Green-S,1282,1294,17.0,15.666666666666666,3.0,1350.0,0.011604938271604939,OVERSUPPLY,1334.3333333333333,0.0
928,5.1,Green-S,1282,1294,18.0,9.333333333333334,3.0,1350.0,0.006913580246913581,OVERSUPPLY,1340.6666666666667,0.0
930,5.1,Green-S,1283,1295,5.0,30.0,3.0,1350.0,0.022222222222222223,OVERSUPPLY,1320.0,0.0
930,5.1,Green-S,1283,1295,6.0,78.0,3.0,1350.0,0.057777777777777775,OVERSUPPLY,1272.0,0.0
930,5.1,Green-S,1283,1295,7.0,142.0,3.0,1350.0,0.10518518518518519,OVERSUPPLY,1208.0,0.0
930,5.1,Green-S,1283,1295,8.0,177.16666666666666,3.0,1350.0,0.13123456790123456,OVERSUPPLY,1172.8333333333333,0.0
930,5.1,Green-S,1283,1295,9.0,99.33333333333333,3.0,1350.0,0.07358024691358024,OVERSUPPLY,1250.6666666666667,0.0
930,5.1,Green-S,1283,1295,10.0,57.166666666666664,3.0,1350.0,0.04234567901234568,OVERSUPPLY,1292.8333333333333,0.0
930,5.1,Green-S,1283,1295,11.0,41.5,3.0,1350.0,0.030740740740740742,OVERSUPPLY,1308.5,0.0
930,5.1,Green-S,1283,1295,12.0,33.166666666666664,3.0,1350.0,0.0245679012345679,OVERSUPPLY,1316.8333333333333,0.0
930,5.1,Green-S,1283,1295,13.0,30.833333333333332,3.0,1350.0,0.022839506172839506,OVERSUPPLY,1319.1666666666667,0.0
930,5.1,Green-S,1283,1295,14.0,27.833333333333332,3.0,1350.0,0.020617283950617283,OVERSUPPLY,1322.1666666666667,0.0
930,5.1,Green-S,1283,1295,15.0,20.0,3.0,1350.0,0.014814814814814815,OVERSUPPLY,1330.0,0.0
930,5.1,Green-S,1283,1295,16.0,25.833333333333332,3.0,1350.0,0.0191358024691358,OVERSUPPLY,1324.1666666666667,0.0
930,5.1,Green-S,1283,1295,17.0,32.166666666666664,3.0,1350.0,0.02382716049382716,OVERSUPPLY,1317.8333333333333,0.0
930,5.1,Green-S,1283,1295,18.0,25.833333333333332,3.0,1350.0,0.0191358024691358,OVERSUPPLY,1324.1666666666667,0.0
932,5.1,Green-S,1284,1302,5.0,13.833333333333332,3.0,1350.0,0.010246913580246913,OVERSUPPLY,1336.1666666666667,0.0
932,5.1,Green-S,1284,1302,6.0,44.5,3.0,1350.0,0.032962962962962965,OVERSUPPLY,1305.5,0.0
932,5.1,Green-S,1284,1302,7.0,71.0,3.0,1350.0,0.052592592592592594,OVERSUPPLY,1279.0,0.0
932,5.1,Green-S,1284,1302,8.0,95.5,3.0,1350.0,0.07074074074074074,OVERSUPPLY,1254.5,0.0
932,5.1,Green-S,1284,1302,9.0,54.333333333333336,3.0,1350.0,0.040246913580246915,OVERSUPPLY,1295.6666666666667,0.0
932,5.1,Green-S,1284,1302,10.0,32.666666666666664,3.0,1350.0,0.024197530864197528,OVERSUPPLY,1317.3333333333333,0.0
932,5.1,Green-S,1284,1302,11.0,29.833333333333332,3.0,1350.0,0.022098765432098766,OVERSUPPLY,1320.1666666666667,0.0
932,5.1,Green-S,1284,1302,12.0,27.333333333333332,3.0,1350.0,0.02024691358024691,OVERSUPPLY,1322.6666666666667,0.0
932,5.1,Green-S,1284,1302,13.0,23.5,3.0,1350.0,0.017407407407407406,OVERSUPPLY,1326.5,0.0
932,5.1,Green-S,1284,1302,14.0,26.166666666666668,3.0,1350.0,0.019382716049382718,OVERSUPPLY,1323.8333333333333,0.0
932,5.1,Green-S,1284,1302,15.0,32.666666666666664,3.0,1350.0,0.024197530864197528,OVERSUPPLY,1317.3333333333333,0.0
932,5.1,Green-S,1284,1302,16.0,50.333333333333336,3.0,1350.0,0.03728395061728395,OVERSUPPLY,1299.6666666666667,0.0
932,5.1,Green-S,1284,1302,17.0,65.5,3.0,1350.0,0.048518518518518516,OVERSUPPLY,1284.5,0.0
932,5.1,Green-S,1284,1302,18.0,54.166666666666664,3.0,1350.0,0.040123456790123455,OVERSUPPLY,1295.8333333333333,0.0
934,5.1,Green-S,1285,1291,5.0,22.833333333333336,3.0,1350.0,0.01691358024691358,OVERSUPPLY,1327.1666666666667,0.0
934,5.1,Green-S,1285,1291,6.0,56.33333333333333,3.0,1350.0,0.041728395061728395,OVERSUPPLY,1293.6666666666667,0.0
934,5.1,Green-S,1285,1291,7.0,91.33333333333333,3.0,1350.0,0.06765432098765432,OVERSUPPLY,1258.6666666666667,0.0
934,5.1,Green-S,1285,1291,8.0,106.83333333333333,3.0,1350.0,0.0791358024691358,OVERSUPPLY,1243.1666666666667,0.0
934,5.1,Green-S,1285,1291,9.0,54.5,3.0,1350.0,0.04037037037037037,OVERSUPPLY,1295.5,0.0
934,5.1,Green-S,1285,1291,10.0,32.666666666666664,3.0,1350.0,0.024197530864197528,OVERSUPPLY,1317.3333333333333,0.0
934,5.1,Green-S,1285,1291,11.0,24.166666666666668,3.0,1350.0,0.017901234567901235,OVERSUPPLY,1325.8333333333333,0.0
934,5.1,Green-S,1285,1291,12.0,16.833333333333332,3.0,1350.0,0.012469135802469136,OVERSUPPLY,1333.1666666666667,0.0
934,5.1,Green-S,1285,1291,13.0,16.333333333333332,3.0,1350.0,0.012098765432098764,OVERSUPPLY,1333.6666666666667,0.0
934,5.1,Green-S,1285,1291,14.0,17.0,3.0,1350.0,0.012592592592592593,OVERSUPPLY,1333.0,0.0
934,5.1,Green-S,1285,1291,15.0,10.166666666666666,3.0,1350.0,0.007530864197530864,OVERSUPPLY,1339.8333333333333,0.0
934,5.1,Green-S,1285,1291,16.0,11.666666666666666,3.0,1350.0,0.008641975308641974,OVERSUPPLY,1338.3333333333333,0.0
934,5.1,Green-S,1285,1291,17.0,15.666666666666666,3.0,1350.0,0.011604938271604939,OVERSUPPLY,1334.3333333333333,0.0
934,5.1,Green-S,1285,1291,18.0,9.333333333333334,3.0,1350.0,0.006913580246913581,OVERSUPPLY,1340.6666666666667,0.0
936,5.1,Green-S,1286,1292,5.0,34.333333333333336,3.0,1350.0,0.0254320987654321,OVERSUPPLY,1315.6666666666667,0.0
936,5.1,Green-S,1286,1292,6.0,94.0,3.0,1350.0,0.06962962962962962,OVERSUPPLY,1256.0,0.0
936,5.1,Green-S,1286,1292,7.0,171.66666666666666,3.0,1350.0,0.1271604938271605,OVERSUPPLY,1178.3333333333333,0.0
936,5.1,Green-S,1286,1292,8.0,213.5,3.0,1350.0,0.15814814814814815,OVERSUPPLY,1136.5,0.0
936,5.1,Green-S,1286,1292,9.0,120.83333333333333,3.0,1350.0,0.08950617283950617,OVERSUPPLY,1229.1666666666667,0.0
936,5.1,Green-S,1286,1292,10.0,69.16666666666667,3.0,1350.0,0.051234567901234575,OVERSUPPLY,1280.8333333333333,0.0
936,5.1,Green-S,1286,1292,11.0,52.5,3.0,1350.0,0.03888888888888889,OVERSUPPLY,1297.5,0.0
936,5.1,Green-S,1286,1292,12.0,42.166666666666664,3.0,1350.0,0.031234567901234567,OVERSUPPLY,1307.8333333333333,0.0
936,5.1,Green-S,1286,1292,13.0,36.333333333333336,3.0,1350.0,0.026913580246913583,OVERSUPPLY,1313.6666666666667,0.0
936,5.1,Green-S,1286,1292,14.0,32.5,3.0,1350.0,0.024074074074074074,OVERSUPPLY,1317.5,0.0
936,5.1,Green-S,1286,1292,15.0,26.833333333333332,3.0,1350.0,0.019876543209876543,OVERSUPPLY,1323.1666666666667,0.0
936,5.1,Green-S,1286,1292,16.0,32.666666666666664,3.0,1350.0,0.024197530864197528,OVERSUPPLY,1317.3333333333333,0.0
936,5.1,Green-S,1286,1292,17.0,44.333333333333336,3.0,1350.0,0.03283950617283951,OVERSUPPLY,1305.6666666666667,0.0
936,5.1,Green-S,1286,1292,18.0,37.5,3.0,1350.0,0.027777777777777776,OVERSUPPLY,1312.5,0.0
938,5.1,Green-S,1287,1271,5.0,1.5,3.0,1350.0,0.0011111111111111111,OVERSUPPLY,1348.5,0.0
938,5.1,Green-S,1287,1271,6.0,3.3333333333333335,3.0,1350.0,0.0024691358024691358,OVERSUPPLY,1346.6666666666667,0.0
938,5.1,Green-S,1287,1271,7.0,7.5,3.0,1350.0,0.005555555555555556,OVERSUPPLY,1342.5,0.0
938,5.1,Green-S,1287,1271,8.0,9.0,3.0,1350.0,0.006666666666666667,OVERSUPPLY,1341.0,0.0
938,5.1,Green-S,1287,1271,9.0,5.0,3.0,1350.0,0.003703703703703704,OVERSUPPLY,1345.0,0.0
938,5.1,Green-S,1287,1271,10.0,3.5,3.0,1350.0,0.0025925925925925925,OVERSUPPLY,1346.5,0.0
938,5.1,Green-S,1287,1271,11.0,5.166666666666667,3.0,1350.0,0.0038271604938271606,OVERSUPPLY,1344.8333333333333,0.0
938,5.1,Green-S,1287,1271,12.0,2.8333333333333335,3.0,1350.0,0.0020987654320987655,OVERSUPPLY,1347.1666666666667,0.0
938,5.1,Green-S,1287,1271,13.0,1.8333333333333333,3.0,1350.0,0.0013580246913580246,OVERSUPPLY,1348.1666666666667,0.0
938,5.1,Green-S,1287,1271,14.0,1.3333333333333335,3.0,1350.0,0.0009876543209876543,OVERSUPPLY,1348.6666666666667,0.0
938,5.1,Green-S,1287,1271,15.0,1.0,3.0,1350.0,0.0007407407407407407,OVERSUPPLY,1349.0,0.0
938,5.1,Green-S,1287,1271,16.0,1.0,3.0,1350.0,0.0007407407407407407,OVERSUPPLY,1349.0,0.0
938,5.1,Green-S,1287,1271,17.0,3.3333333333333335,3.0,1350.0,0.0024691358024691358,OVERSUPPLY,1346.6666666666667,0.0
938,5.1,Green-S,1287,1271,18.0,1.3333333333333333,3.0,1350.0,0.0009876543209876543,OVERSUPPLY,1348.6666666666667,0.0
940,5.1,Green-S,1288,1272,5.0,1.5,3.0,1350.0,0.0011111111111111111,OVERSUPPLY,1348.5,0.0
940,5.1,Green-S,1288,1272,6.0,5.833333333333334,3.0,1350.0,0.004320987654320988,OVERSUPPLY,1344.1666666666667,0.0
940,5.1,Green-S,1288,1272,7.0,9.333333333333334,3.0,1350.0,0.006913580246913581,OVERSUPPLY,1340.6666666666667,0.0
940,5.1,Green-S,1288,1272,8.0,15.0,3.0,1350.0,0.011111111111111112,OVERSUPPLY,1335.0,0.0
940,5.1,Green-S,1288,1272,9.0,9.666666666666666,3.0,1350.0,0.007160493827160493,OVERSUPPLY,1340.3333333333333,0.0
940,5.1,Green-S,1288,1272,10.0,7.5,3.0,1350.0,0.005555555555555556,OVERSUPPLY,1342.5,0.0
940,5.1,Green-S,1288,1272,11.0,6.833333333333333,3.0,1350.0,0.005061728395061728,OVERSUPPLY,1343.1666666666667,0.0
940,5.1,Green-S,1288,1272,12.0,4.5,3.0,1350.0,0.0033333333333333335,OVERSUPPLY,1345.5,0.0
940,5.1,Green-S,1288,1272,13.0,4.833333333333333,3.0,1350.0,0.0035802469135802466,OVERSUPPLY,1345.1666666666667,0.0
940,5.1,Green-S,1288,1272,14.0,3.1666666666666665,3.0,1350.0,0.002345679012345679,OVERSUPPLY,1346.8333333333333,0.0
940,5.1,Green-S,1288,1272,15.0,3.1666666666666665,3.0,1350.0,0.002345679012345679,OVERSUPPLY,1346.8333333333333,0.0
940,5.1,Green-S,1288,1272,16.0,3.333333333333333,3.0,1350.0,0.0024691358024691358,OVERSUPPLY,1346.6666666666667,0.0
940,5.1,Green-S,1288,1272,17.0,5.166666666666667,3.0,1350.0,0.0038271604938271606,OVERSUPPLY,1344.8333333333333,0.0
940,5.1,Green-S,1288,1272,18.0,3.0,3.0,1350.0,0.0022222222222222222,OVERSUPPLY,1347.0,0.0
942,5.1,Green-S,1289,1273,5.0,13.666666666666668,3.0,1350.0,0.010123456790123457,OVERSUPPLY,1336.3333333333333,0.0
942,5.1,Green-S,1289,1273,6.0,28.5,3.0,1350.0,0.021111111111111112,OVERSUPPLY,1321.5,0.0
942,5.1,Green-S,1289,1273,7.0,48.0,3.0,1350.0,0.035555555555555556,OVERSUPPLY,1302.0,0.0
942,5.1,Green-S,1289,1273,8.0,55.833333333333336,3.0,1350.0,0.04135802469135803,OVERSUPPLY,1294.1666666666667,0.0
942,5.1,Green-S,1289,1273,9.0,28.0,3.0,1350.0,0.02074074074074074,OVERSUPPLY,1322.0,0.0
942,5.1,Green-S,1289,1273,10.0,17.166666666666668,3.0,1350.0,0.01271604938271605,OVERSUPPLY,1332.8333333333333,0.0
942,5.1,Green-S,1289,1273,11.0,11.333333333333332,3.0,1350.0,0.00839506172839506,OVERSUPPLY,1338.6666666666667,0.0
942,5.1,Green-S,1289,1273,12.0,8.833333333333334,3.0,1350.0,0.00654320987654321,OVERSUPPLY,1341.1666666666667,0.0
942,5.1,Green-S,1289,1273,13.0,8.5,3.0,1350.0,0.006296296296296296,OVERSUPPLY,1341.5,0.0
942,5.1,Green-S,1289,1273,14.0,7.333333333333333,3.0,1350.0,0.005432098765432099,OVERSUPPLY,1342.6666666666667,0.0
942,5.1,Green-S,1289,1273,15.0,5.666666666666666,3.0,1350.0,0.00419753086419753,OVERSUPPLY,1344.3333333333333,0.0
942,5.1,Green-S,1289,1273,16.0,7.0,3.0,1350.0,0.005185185185185185,OVERSUPPLY,1343.0,0.0
942,5.1,Green-S,1289,1273,17.0,8.333333333333334,3.0,1350.0,0.00617283950617284,OVERSUPPLY,1341.6666666666667,0.0
942,5.1,Green-S,1289,1273,18.0,5.0,3.0,1350.0,0.003703703703703704,OVERSUPPLY,1345.0,0.0
944,5.1,Green-S,1290,1274,5.0,28.0,3.0,1350.0,0.02074074074074074,OVERSUPPLY,1322.0,0.0
944,5.1,Green-S,1290,1274,6.0,75.16666666666667,3.0,1350.0,0.05567901234567901,OVERSUPPLY,1274.8333333333333,0.0
944,5.1,Green-S,1290,1274,7.0,140.5,3.0,1350.0,0.10407407407407407,OVERSUPPLY,1209.5,0.0
944,5.1,Green-S,1290,1274,8.0,174.66666666666666,3.0,1350.0,0.1293827160493827,OVERSUPPLY,1175.3333333333333,0.0
944,5.1,Green-S,1290,1274,9.0,98.5,3.0,1350.0,0.07296296296296297,OVERSUPPLY,1251.5,0.0
944,5.1,Green-S,1290,1274,10.0,56.83333333333333,3.0,1350.0,0.04209876543209876,OVERSUPPLY,1293.1666666666667,0.0
944,5.1,Green-S,1290,1274,11.0,45.5,3.0,1350.0,0.0337037037037037,OVERSUPPLY,1304.5,0.0
944,5.1,Green-S,1290,1274,12.0,38.666666666666664,3.0,1350.0,0.028641975308641973,OVERSUPPLY,1311.3333333333333,0.0
944,5.1,Green-S,1290,1274,13.0,32.833333333333336,3.0,1350.0,0.02432098765432099,OVERSUPPLY,1317.1666666666667,0.0
944,5.1,Green-S,1290,1274,14.0,28.833333333333332,3.0,1350.0,0.021358024691358023,OVERSUPPLY,1321.1666666666667,0.0
944,5.1,Green-S,1290,1274,15.0,31.166666666666668,3.0,1350.0,0.02308641975308642,OVERSUPPLY,1318.8333333333333,0.0
944,5.1,Green-S,1290,1274,16.0,43.666666666666664,3.0,1350.0,0.032345679012345675,OVERSUPPLY,1306.3333333333333,0.0
944,5.1,Green-S,1290,1274,17.0,55.833333333333336,3.0,1350.0,0.04135802469135803,OVERSUPPLY,1294.1666666666667,0.0
944,5.1,Green-S,1290,1274,18.0,48.666666666666664,3.0,1350.0,0.036049382716049384,OVERSUPPLY,1301.3333333333333,0.0
946,5.1,Green-S,1291,1304,5.0,23.5,3.0,1350.0,0.017407407407407406,OVERSUPPLY,1326.5,0.0
946,5.1,Green-S,1291,1304,6.0,56.5,3.0,1350.0,0.04185185185185185,OVERSUPPLY,1293.5,0.0
946,5.1,Green-S,1291,1304,7.0,91.33333333333333,3.0,1350.0,0.06765432098765432,OVERSUPPLY,1258.6666666666667,0.0
946,5.1,Green-S,1291,1304,8.0,107.5,3.0,1350.0,0.07962962962962963,OVERSUPPLY,1242.5,0.0
946,5.1,Green-S,1291,1304,9.0,55.333333333333336,3.0,1350.0,0.04098765432098766,OVERSUPPLY,1294.6666666666667,0.0
946,5.1,Green-S,1291,1304,10.0,32.666666666666664,3.0,1350.0,0.024197530864197528,OVERSUPPLY,1317.3333333333333,0.0
946,5.1,Green-S,1291,1304,11.0,24.333333333333332,3.0,1350.0,0.018024691358024692,OVERSUPPLY,1325.6666666666667,0.0
946,5.1,Green-S,1291,1304,12.0,16.833333333333332,3.0,1350.0,0.012469135802469136,OVERSUPPLY,1333.1666666666667,0.0
946,5.1,Green-S,1291,1304,13.0,16.5,3.0,1350.0,0.012222222222222223,OVERSUPPLY,1333.5,0.0
946,5.1,Green-S,1291,1304,14.0,17.5,3.0,1350.0,0.012962962962962963,OVERSUPPLY,1332.5,0.0
946,5.1,Green-S,1291,1304,15.0,10.5,3.0,1350.0,0.0077777777777777776,OVERSUPPLY,1339.5,0.0
946,5.1,Green-S,1291,1304,16.0,12.166666666666666,3.0,1350.0,0.009012345679012346,OVERSUPPLY,1337.8333333333333,0.0
946,5.1,Green-S,1291,1304,17.0,17.333333333333332,3.0,1350.0,0.012839506172839505,OVERSUPPLY,1332.6666666666667,0.0
946,5.1,Green-S,1291,1304,18.0,10.166666666666666,3.0,1350.0,0.007530864197530864,OVERSUPPLY,1339.8333333333333,0.0
948,5.1,Green-S,1292,1305,5.0,30.0,3.0,1350.0,0.022222222222222223,OVERSUPPLY,1320.0,0.0
948,5.1,Green-S,1292,1305,6.0,78.0,3.0,1350.0,0.057777777777777775,OVERSUPPLY,1272.0,0.0
948,5.1,Green-S,1292,1305,7.0,142.0,3.0,1350.0,0.10518518518518519,OVERSUPPLY,1208.0,0.0
948,5.1,Green-S,1292,1305,8.0,177.16666666666666,3.0,1350.0,0.13123456790123456,OVERSUPPLY,1172.8333333333333,0.0
948,5.1,Green-S,1292,1305,9.0,99.33333333333333,3.0,1350.0,0.07358024691358024,OVERSUPPLY,1250.6666666666667,0.0
948,5.1,Green-S,1292,1305,10.0,57.166666666666664,3.0,1350.0,0.04234567901234568,OVERSUPPLY,1292.8333333333333,0.0
948,5.1,Green-S,1292,1305,11.0,41.5,3.0,1350.0,0.030740740740740742,OVERSUPPLY,1308.5,0.0
948,5.1,Green-S,1292,1305,12.0,33.166666666666664,3.0,1350.0,0.0245679012345679,OVERSUPPLY,1316.8333333333333,0.0
948,5.1,Green-S,1292,1305,13.0,30.833333333333332,3.0,1350.0,0.022839506172839506,OVERSUPPLY,1319.1666666666667,0.0
948,5.1,Green-S,1292,1305,14.0,27.833333333333332,3.0,1350.0,0.020617283950617283,OVERSUPPLY,1322.1666666666667,0.0
948,5.1,Green-S,1292,1305,15.0,20.0,3.0,1350.0,0.014814814814814815,OVERSUPPLY,1330.0,0.0
948,5.1,Green-S,1292,1305,16.0,25.833333333333332,3.0,1350.0,0.0191358024691358,OVERSUPPLY,1324.1666666666667,0.0
948,5.1,Green-S,1292,1305,17.0,32.166666666666664,3.0,1350.0,0.02382716049382716,OVERSUPPLY,1317.8333333333333,0.0
948,5.1,Green-S,1292,1305,18.0,25.833333333333332,3.0,1350.0,0.0191358024691358,OVERSUPPLY,1324.1666666666667,0.0
950,5.1,Green-S,1293,1303,5.0,8.833333333333332,3.0,1350.0,0.006543209876543209,OVERSUPPLY,1341.1666666666667,0.0
950,5.1,Green-S,1293,1303,6.0,27.0,3.0,1350.0,0.02,OVERSUPPLY,1323.0,0.0
950,5.1,Green-S,1293,1303,7.0,38.333333333333336,3.0,1350.0,0.028395061728395062,OVERSUPPLY,1311.6666666666667,0.0
950,5.1,Green-S,1293,1303,8.0,53.16666666666667,3.0,1350.0,0.03938271604938272,OVERSUPPLY,1296.8333333333333,0.0
950,5.1,Green-S,1293,1303,9.0,34.0,3.0,1350.0,0.025185185185185185,OVERSUPPLY,1316.0,0.0
950,5.1,Green-S,1293,1303,10.0,21.333333333333332,3.0,1350.0,0.01580246913580247,OVERSUPPLY,1328.6666666666667,0.0
950,5.1,Green-S,1293,1303,11.0,21.666666666666668,3.0,1350.0,0.016049382716049384,OVERSUPPLY,1328.3333333333333,0.0
950,5.1,Green-S,1293,1303,12.0,21.833333333333332,3.0,1350.0,0.016172839506172838,OVERSUPPLY,1328.1666666666667,0.0
950,5.1,Green-S,1293,1303,13.0,17.0,3.0,1350.0,0.012592592592592593,OVERSUPPLY,1333.0,0.0
950,5.1,Green-S,1293,1303,14.0,17.666666666666668,3.0,1350.0,0.01308641975308642,OVERSUPPLY,1332.3333333333333,0.0
950,5.1,Green-S,1293,1303,15.0,20.666666666666668,3.0,1350.0,0.015308641975308642,OVERSUPPLY,1329.3333333333333,0.0
950,5.1,Green-S,1293,1303,16.0,36.666666666666664,3.0,1350.0,0.027160493827160494,OVERSUPPLY,1313.3333333333333,0.0
950,5.1,Green-S,1293,1303,17.0,43.666666666666664,3.0,1350.0,0.032345679012345675,OVERSUPPLY,1306.3333333333333,0.0
950,5.1,Green-S,1293,1303,18.0,38.666666666666664,3.0,1350.0,0.028641975308641973,OVERSUPPLY,1311.3333333333333,0.0
952,5.1,Green-S,1294,1296,5.0,11.166666666666666,3.0,1350.0,0.008271604938271605,OVERSUPPLY,1338.8333333333333,0.0
952,5.1,Green-S,1294,1296,6.0,34.833333333333336,3.0,1350.0,0.02580246913580247,OVERSUPPLY,1315.1666666666667,0.0
952,5.1,Green-S,1294,1296,7.0,53.166666666666664,3.0,1350.0,0.03938271604938271,OVERSUPPLY,1296.8333333333333,0.0
952,5.1,Green-S,1294,1296,8.0,59.0,3.0,1350.0,0.0437037037037037,OVERSUPPLY,1291.0,0.0
952,5.1,Green-S,1294,1296,9.0,31.0,3.0,1350.0,0.022962962962962963,OVERSUPPLY,1319.0,0.0
952,5.1,Green-S,1294,1296,10.0,21.833333333333332,3.0,1350.0,0.016172839506172838,OVERSUPPLY,1328.1666666666667,0.0
952,5.1,Green-S,1294,1296,11.0,16.166666666666668,3.0,1350.0,0.01197530864197531,OVERSUPPLY,1333.8333333333333,0.0
952,5.1,Green-S,1294,1296,12.0,11.833333333333334,3.0,1350.0,0.008765432098765432,OVERSUPPLY,1338.1666666666667,0.0
952,5.1,Green-S,1294,1296,13.0,11.166666666666668,3.0,1350.0,0.008271604938271606,OVERSUPPLY,1338.8333333333333,0.0
952,5.1,Green-S,1294,1296,14.0,12.166666666666666,3.0,1350.0,0.009012345679012346,OVERSUPPLY,1337.8333333333333,0.0
952,5.1,Green-S,1294,1296,15.0,7.166666666666666,3.0,1350.0,0.005308641975308641,OVERSUPPLY,1342.8333333333333,0.0
952,5.1,Green-S,1294,1296,16.0,7.5,3.0,1350.0,0.005555555555555556,OVERSUPPLY,1342.5,0.0
952,5.1,Green-S,1294,1296,17.0,12.166666666666666,3.0,1350.0,0.009012345679012346,OVERSUPPLY,1337.8333333333333,0.0
952,5.1,Green-S,1294,1296,18.0,6.333333333333333,3.0,1350.0,0.004691358024691358,OVERSUPPLY,1343.6666666666667,0.0
954,5.1,Green-S,1295,1297,5.0,15.333333333333334,3.0,1350.0,0.011358024691358026,OVERSUPPLY,1334.6666666666667,0.0
954,5.1,Green-S,1295,1297,6.0,47.833333333333336,3.0,1350.0,0.0354320987654321,OVERSUPPLY,1302.1666666666667,0.0
954,5.1,Green-S,1295,1297,7.0,79.0,3.0,1350.0,0.05851851851851852,OVERSUPPLY,1271.0,0.0
954,5.1,Green-S,1295,1297,8.0,92.5,3.0,1350.0,0.06851851851851852,OVERSUPPLY,1257.5,0.0
954,5.1,Green-S,1295,1297,9.0,54.5,3.0,1350.0,0.04037037037037037,OVERSUPPLY,1295.5,0.0
954,5.1,Green-S,1295,1297,10.0,36.166666666666664,3.0,1350.0,0.026790123456790122,OVERSUPPLY,1313.8333333333333,0.0
954,5.1,Green-S,1295,1297,11.0,26.666666666666668,3.0,1350.0,0.019753086419753086,OVERSUPPLY,1323.3333333333333,0.0
954,5.1,Green-S,1295,1297,12.0,24.333333333333332,3.0,1350.0,0.018024691358024692,OVERSUPPLY,1325.6666666666667,0.0
954,5.1,Green-S,1295,1297,13.0,21.333333333333332,3.0,1350.0,0.01580246913580247,OVERSUPPLY,1328.6666666666667,0.0
954,5.1,Green-S,1295,1297,14.0,21.333333333333332,3.0,1350.0,0.01580246913580247,OVERSUPPLY,1328.6666666666667,0.0
954,5.1,Green-S,1295,1297,15.0,13.833333333333332,3.0,1350.0,0.010246913580246913,OVERSUPPLY,1336.1666666666667,0.0
954,5.1,Green-S,1295,1297,16.0,17.0,3.0,1350.0,0.012592592592592593,OVERSUPPLY,1333.0,0.0
954,5.1,Green-S,1295,1297,17.0,22.666666666666664,3.0,1350.0,0.01679012345679012,OVERSUPPLY,1327.3333333333333,0.0
954,5.1,Green-S,1295,1297,18.0,18.333333333333332,3.0,1350.0,0.013580246913580247,OVERSUPPLY,1331.6666666666667,0.0
956,5.1,Green-S,1296,1276,5.0,6.666666666666667,3.0,1350.0,0.0049382716049382715,OVERSUPPLY,1343.3333333333333,0.0
956,5.1,Green-S,1296,1276,6.0,17.666666666666668,3.0,1350.0,0.01308641975308642,OVERSUPPLY,1332.3333333333333,0.0
956,5.1,Green-S,1296,1276,7.0,26.0,3.0,1350.0,0.01925925925925926,OVERSUPPLY,1324.0,0.0
956,5.1,Green-S,1296,1276,8.0,32.166666666666664,3.0,1350.0,0.02382716049382716,OVERSUPPLY,1317.8333333333333,0.0
956,5.1,Green-S,1296,1276,9.0,13.833333333333334,3.0,1350.0,0.010246913580246915,OVERSUPPLY,1336.1666666666667,0.0
956,5.1,Green-S,1296,1276,10.0,8.166666666666666,3.0,1350.0,0.006049382716049382,OVERSUPPLY,1341.8333333333333,0.0
956,5.1,Green-S,1296,1276,11.0,7.0,3.0,1350.0,0.005185185185185185,OVERSUPPLY,1343.0,0.0
956,5.1,Green-S,1296,1276,12.0,6.166666666666666,3.0,1350.0,0.004567901234567901,OVERSUPPLY,1343.8333333333333,0.0
956,5.1,Green-S,1296,1276,13.0,5.666666666666667,3.0,1350.0,0.004197530864197531,OVERSUPPLY,1344.3333333333333,0.0
956,5.1,Green-S,1296,1276,14.0,5.0,3.0,1350.0,0.003703703703703704,OVERSUPPLY,1345.0,0.0
956,5.1,Green-S,1296,1276,15.0,3.833333333333333,3.0,1350.0,0.002839506172839506,OVERSUPPLY,1346.1666666666667,0.0
956,5.1,Green-S,1296,1276,16.0,4.833333333333333,3.0,1350.0,0.0035802469135802466,OVERSUPPLY,1345.1666666666667,0.0
956,5.1,Green-S,1296,1276,17.0,7.5,3.0,1350.0,0.005555555555555556,OVERSUPPLY,1342.5,0.0
956,5.1,Green-S,1296,1276,18.0,3.6666666666666665,3.0,1350.0,0.0027160493827160493,OVERSUPPLY,1346.3333333333333,0.0
958,5.1,Green-S,1297,1277,5.0,10.0,3.0,1350.0,0.007407407407407408,OVERSUPPLY,1340.0,0.0
958,5.1,Green-S,1297,1277,6.0,24.5,3.0,1350.0,0.01814814814814815,OVERSUPPLY,1325.5,0.0
958,5.1,Green-S,1297,1277,7.0,40.666666666666664,3.0,1350.0,0.030123456790123456,OVERSUPPLY,1309.3333333333333,0.0
958,5.1,Green-S,1297,1277,8.0,49.0,3.0,1350.0,0.0362962962962963,OVERSUPPLY,1301.0,0.0
958,5.1,Green-S,1297,1277,9.0,24.5,3.0,1350.0,0.01814814814814815,OVERSUPPLY,1325.5,0.0
958,5.1,Green-S,1297,1277,10.0,16.5,3.0,1350.0,0.012222222222222223,OVERSUPPLY,1333.5,0.0
958,5.1,Green-S,1297,1277,11.0,11.666666666666666,3.0,1350.0,0.008641975308641974,OVERSUPPLY,1338.3333333333333,0.0
958,5.1,Green-S,1297,1277,12.0,10.166666666666666,3.0,1350.0,0.007530864197530864,OVERSUPPLY,1339.8333333333333,0.0
958,5.1,Green-S,1297,1277,13.0,12.0,3.0,1350.0,0.008888888888888889,OVERSUPPLY,1338.0,0.0
958,5.1,Green-S,1297,1277,14.0,8.5,3.0,1350.0,0.006296296296296296,OVERSUPPLY,1341.5,0.0
958,5.1,Green-S,1297,1277,15.0,8.0,3.0,1350.0,0.005925925925925926,OVERSUPPLY,1342.0,0.0
958,5.1,Green-S,1297,1277,16.0,10.166666666666666,3.0,1350.0,0.007530864197530864,OVERSUPPLY,1339.8333333333333,0.0
958,5.1,Green-S,1297,1277,17.0,13.5,3.0,1350.0,0.01,OVERSUPPLY,1336.5,0.0
958,5.1,Green-S,1297,1277,18.0,10.333333333333332,3.0,1350.0,0.00765432098765432,OVERSUPPLY,1339.6666666666667,0.0
960,5.1,Green-S,1298,1278,5.0,22.833333333333336,3.0,1350.0,0.01691358024691358,OVERSUPPLY,1327.1666666666667,0.0
960,5.1,Green-S,1298,1278,6.0,56.33333333333333,3.0,1350.0,0.041728395061728395,OVERSUPPLY,1293.6666666666667,0.0
960,5.1,Green-S,1298,1278,7.0,91.33333333333333,3.0,1350.0,0.06765432098765432,OVERSUPPLY,1258.6666666666667,0.0
960,5.1,Green-S,1298,1278,8.0,106.83333333333333,3.0,1350.0,0.0791358024691358,OVERSUPPLY,1243.1666666666667,0.0
960,5.1,Green-S,1298,1278,9.0,54.5,3.0,1350.0,0.04037037037037037,OVERSUPPLY,1295.5,0.0
960,5.1,Green-S,1298,1278,10.0,32.666666666666664,3.0,1350.0,0.024197530864197528,OVERSUPPLY,1317.3333333333333,0.0
960,5.1,Green-S,1298,1278,11.0,24.166666666666668,3.0,1350.0,0.017901234567901235,OVERSUPPLY,1325.8333333333333,0.0
960,5.1,Green-S,1298,1278,12.0,16.833333333333332,3.0,1350.0,0.012469135802469136,OVERSUPPLY,1333.1666666666667,0.0
960,5.1,Green-S,1298,1278,13.0,16.333333333333332,3.0,1350.0,0.012098765432098764,OVERSUPPLY,1333.6666666666667,0.0
960,5.1,Green-S,1298,1278,14.0,17.0,3.0,1350.0,0.012592592592592593,OVERSUPPLY,1333.0,0.0
960,5.1,Green-S,1298,1278,15.0,10.166666666666666,3.0,1350.0,0.007530864197530864,OVERSUPPLY,1339.8333333333333,0.0
960,5.1,Green-S,1298,1278,16.0,11.666666666666666,3.0,1350.0,0.008641975308641974,OVERSUPPLY,1338.3333333333333,0.0
960,5.1,Green-S,1298,1278,17.0,15.666666666666666,3.0,1350.0,0.011604938271604939,OVERSUPPLY,1334.3333333333333,0.0
960,5.1,Green-S,1298,1278,18.0,9.333333333333334,3.0,1350.0,0.006913580246913581,OVERSUPPLY,1340.6666666666667,0.0
962,5.1,Green-S,1299,1279,5.0,36.5,3.0,1350.0,0.027037037037037037,OVERSUPPLY,1313.5,0.0
962,5.1,Green-S,1299,1279,6.0,98.16666666666667,3.0,1350.0,0.07271604938271606,OVERSUPPLY,1251.8333333333333,0.0
962,5.1,Green-S,1299,1279,7.0,179.16666666666666,3.0,1350.0,0.13271604938271606,OVERSUPPLY,1170.8333333333333,0.0
962,5.1,Green-S,1299,1279,8.0,220.33333333333334,3.0,1350.0,0.16320987654320987,OVERSUPPLY,1129.6666666666667,0.0
962,5.1,Green-S,1299,1279,9.0,122.66666666666667,3.0,1350.0,0.09086419753086421,OVERSUPPLY,1227.3333333333333,0.0
962,5.1,Green-S,1299,1279,10.0,70.16666666666667,3.0,1350.0,0.05197530864197531,OVERSUPPLY,1279.8333333333333,0.0
962,5.1,Green-S,1299,1279,11.0,55.5,3.0,1350.0,0.04111111111111111,OVERSUPPLY,1294.5,0.0
962,5.1,Green-S,1299,1279,12.0,43.5,3.0,1350.0,0.03222222222222222,OVERSUPPLY,1306.5,0.0
962,5.1,Green-S,1299,1279,13.0,36.666666666666664,3.0,1350.0,0.027160493827160494,OVERSUPPLY,1313.3333333333333,0.0
962,5.1,Green-S,1299,1279,14.0,34.5,3.0,1350.0,0.025555555555555557,OVERSUPPLY,1315.5,0.0
962,5.1,Green-S,1299,1279,15.0,29.333333333333332,3.0,1350.0,0.021728395061728394,OVERSUPPLY,1320.6666666666667,0.0
962,5.1,Green-S,1299,1279,16.0,39.5,3.0,1350.0,0.02925925925925926,OVERSUPPLY,1310.5,0.0
962,5.1,Green-S,1299,1279,17.0,52.666666666666664,3.0,1350.0,0.03901234567901234,OVERSUPPLY,1297.3333333333333,0.0
962,5.1,Green-S,1299,1279,18.0,42.0,3.0,1350.0,0.03111111111111111,OVERSUPPLY,1308.0,0.0
964,5.1,Green-S,1300,1289,5.0,7.833333333333334,3.0,1350.0,0.005802469135802469,OVERSUPPLY,1342.1666666666667,0.0
964,5.1,Green-S,1300,1289,6.0,13.0,3.0,1350.0,0.00962962962962963,OVERSUPPLY,1337.0,0.0
964,5.1,Green-S,1300,1289,7.0,22.333333333333336,3.0,1350.0,0.016543209876543213,OVERSUPPLY,1327.6666666666667,0.0
964,5.1,Green-S,1300,1289,8.0,24.833333333333332,3.0,1350.0,0.01839506172839506,OVERSUPPLY,1325.1666666666667,0.0
964,5.1,Green-S,1300,1289,9.0,14.333333333333332,3.0,1350.0,0.010617283950617283,OVERSUPPLY,1335.6666666666667,0.0
964,5.1,Green-S,1300,1289,10.0,6.666666666666666,3.0,1350.0,0.0049382716049382715,OVERSUPPLY,1343.3333333333333,0.0
964,5.1,Green-S,1300,1289,11.0,4.833333333333333,3.0,1350.0,0.0035802469135802466,OVERSUPPLY,1345.1666666666667,0.0
964,5.1,Green-S,1300,1289,12.0,3.5,3.0,1350.0,0.0025925925925925925,OVERSUPPLY,1346.5,0.0
964,5.1,Green-S,1300,1289,13.0,3.1666666666666665,3.0,1350.0,0.002345679012345679,OVERSUPPLY,1346.8333333333333,0.0
964,5.1,Green-S,1300,1289,14.0,2.833333333333333,3.0,1350.0,0.002098765432098765,OVERSUPPLY,1347.1666666666667,0.0
964,5.1,Green-S,1300,1289,15.0,2.333333333333333,3.0,1350.0,0.001728395061728395,OVERSUPPLY,1347.6666666666667,0.0
964,5.1,Green-S,1300,1289,16.0,3.166666666666667,3.0,1350.0,0.0023456790123456794,OVERSUPPLY,1346.8333333333333,0.0
964,5.1,Green-S,1300,1289,17.0,3.6666666666666665,3.0,1350.0,0.0027160493827160493,OVERSUPPLY,1346.3333333333333,0.0
964,5.1,Green-S,1300,1289,18.0,1.6666666666666665,3.0,1350.0,0.0012345679012345679,OVERSUPPLY,1348.3333333333333,0.0
966,5.1,Green-S,1301,1290,5.0,23.0,3.0,1350.0,0.017037037037037038,OVERSUPPLY,1327.0,0.0
966,5.1,Green-S,1301,1290,6.0,63.666666666666664,3.0,1350.0,0.04716049382716049,OVERSUPPLY,1286.3333333333333,0.0
966,5.1,Green-S,1301,1290,7.0,119.66666666666667,3.0,1350.0,0.08864197530864198,OVERSUPPLY,1230.3333333333333,0.0
966,5.1,Green-S,1301,1290,8.0,148.66666666666666,3.0,1350.0,0.11012345679012345,OVERSUPPLY,1201.3333333333333,0.0
966,5.1,Green-S,1301,1290,9.0,87.0,3.0,1350.0,0.06444444444444444,OVERSUPPLY,1263.0,0.0
966,5.1,Green-S,1301,1290,10.0,48.666666666666664,3.0,1350.0,0.036049382716049384,OVERSUPPLY,1301.3333333333333,0.0
966,5.1,Green-S,1301,1290,11.0,40.5,3.0,1350.0,0.03,OVERSUPPLY,1309.5,0.0
966,5.1,Green-S,1301,1290,12.0,33.833333333333336,3.0,1350.0,0.02506172839506173,OVERSUPPLY,1316.1666666666667,0.0
966,5.1,Green-S,1301,1290,13.0,28.5,3.0,1350.0,0.021111111111111112,OVERSUPPLY,1321.5,0.0
966,5.1,Green-S,1301,1290,14.0,27.0,3.0,1350.0,0.02,OVERSUPPLY,1323.0,0.0
966,5.1,Green-S,1301,1290,15.0,31.166666666666668,3.0,1350.0,0.02308641975308642,OVERSUPPLY,1318.8333333333333,0.0
966,5.1,Green-S,1301,1290,16.0,46.166666666666664,3.0,1350.0,0.03419753086419753,OVERSUPPLY,1303.8333333333333,0.0
966,5.1,Green-S,1301,1290,17.0,58.5,3.0,1350.0,0.043333333333333335,OVERSUPPLY,1291.5,0.0
966,5.1,Green-S,1301,1290,18.0,49.833333333333336,3.0,1350.0,0.03691358024691358,OVERSUPPLY,1300.1666666666667,0.0
968,5.1,Green-S,1302,1301,5.0,15.833333333333332,3.0,1350.0,0.011728395061728394,OVERSUPPLY,1334.1666666666667,0.0
968,5.1,Green-S,1302,1301,6.0,51.833333333333336,3.0,1350.0,0.03839506172839506,OVERSUPPLY,1298.1666666666667,0.0
968,5.1,Green-S,1302,1301,7.0,99.66666666666667,3.0,1350.0,0.07382716049382716,OVERSUPPLY,1250.3333333333333,0.0
968,5.1,Green-S,1302,1301,8.0,126.0,3.0,1350.0,0.09333333333333334,OVERSUPPLY,1224.0,0.0
968,5.1,Green-S,1302,1301,9.0,73.16666666666667,3.0,1350.0,0.054197530864197534,OVERSUPPLY,1276.8333333333333,0.0
968,5.1,Green-S,1302,1301,10.0,42.666666666666664,3.0,1350.0,0.03160493827160494,OVERSUPPLY,1307.3333333333333,0.0
968,5.1,Green-S,1302,1301,11.0,35.833333333333336,3.0,1350.0,0.02654320987654321,OVERSUPPLY,1314.1666666666667,0.0
968,5.1,Green-S,1302,1301,12.0,31.166666666666668,3.0,1350.0,0.02308641975308642,OVERSUPPLY,1318.8333333333333,0.0
968,5.1,Green-S,1302,1301,13.0,26.166666666666664,3.0,1350.0,0.019382716049382714,OVERSUPPLY,1323.8333333333333,0.0
968,5.1,Green-S,1302,1301,14.0,26.166666666666668,3.0,1350.0,0.019382716049382718,OVERSUPPLY,1323.8333333333333,0.0
968,5.1,Green-S,1302,1301,15.0,31.833333333333332,3.0,1350.0,0.023580246913580245,OVERSUPPLY,1318.1666666666667,0.0
968,5.1,Green-S,1302,1301,16.0,46.833333333333336,3.0,1350.0,0.03469135802469136,OVERSUPPLY,1303.1666666666667,0.0
968,5.1,Green-S,1302,1301,17.0,62.5,3.0,1350.0,0.046296296296296294,OVERSUPPLY,1287.5,0.0
968,5.1,Green-S,1302,1301,18.0,53.333333333333336,3.0,1350.0,0.03950617283950617,OVERSUPPLY,1296.6666666666667,0.0
970,5.1,Green-S,1303,1284,5.0,11.0,3.0,1350.0,0.008148148148148147,OVERSUPPLY,1339.0,0.0
970,5.1,Green-S,1303,1284,6.0,43.0,3.0,1350.0,0.03185185185185185,OVERSUPPLY,1307.0,0.0
970,5.1,Green-S,1303,1284,7.0,58.333333333333336,3.0,1350.0,0.04320987654320988,OVERSUPPLY,1291.6666666666667,0.0
970,5.1,Green-S,1303,1284,8.0,76.83333333333333,3.0,1350.0,0.05691358024691358,OVERSUPPLY,1273.1666666666667,0.0
970,5.1,Green-S,1303,1284,9.0,43.0,3.0,1350.0,0.03185185185185185,OVERSUPPLY,1307.0,0.0
970,5.1,Green-S,1303,1284,10.0,26.333333333333332,3.0,1350.0,0.01950617283950617,OVERSUPPLY,1323.6666666666667,0.0
970,5.1,Green-S,1303,1284,11.0,29.666666666666668,3.0,1350.0,0.02197530864197531,OVERSUPPLY,1320.3333333333333,0.0
970,5.1,Green-S,1303,1284,12.0,25.5,3.0,1350.0,0.01888888888888889,OVERSUPPLY,1324.5,0.0
970,5.1,Green-S,1303,1284,13.0,21.166666666666668,3.0,1350.0,0.015679012345679012,OVERSUPPLY,1328.8333333333333,0.0
970,5.1,Green-S,1303,1284,14.0,26.166666666666668,3.0,1350.0,0.019382716049382718,OVERSUPPLY,1323.8333333333333,0.0
970,5.1,Green-S,1303,1284,15.0,32.5,3.0,1350.0,0.024074074074074074,OVERSUPPLY,1317.5,0.0
970,5.1,Green-S,1303,1284,16.0,53.166666666666664,3.0,1350.0,0.03938271604938271,OVERSUPPLY,1296.8333333333333,0.0
970,5.1,Green-S,1303,1284,17.0,69.33333333333333,3.0,1350.0,0.05135802469135802,OVERSUPPLY,1280.6666666666667,0.0
970,5.1,Green-S,1303,1284,18.0,60.0,3.0,1350.0,0.044444444444444446,OVERSUPPLY,1290.0,0.0
972,5.1,Green-S,1304,1282,5.0,22.833333333333336,3.0,1350.0,0.01691358024691358,OVERSUPPLY,1327.1666666666667,0.0
972,5.1,Green-S,1304,1282,6.0,56.33333333333333,3.0,1350.0,0.041728395061728395,OVERSUPPLY,1293.6666666666667,0.0
972,5.1,Green-S,1304,1282,7.0,91.33333333333333,3.0,1350.0,0.06765432098765432,OVERSUPPLY,1258.6666666666667,0.0
972,5.1,Green-S,1304,1282,8.0,106.83333333333333,3.0,1350.0,0.0791358024691358,OVERSUPPLY,1243.1666666666667,0.0
972,5.1,Green-S,1304,1282,9.0,54.5,3.0,1350.0,0.04037037037037037,OVERSUPPLY,1295.5,0.0
972,5.1,Green-S,1304,1282,10.0,32.666666666666664,3.0,1350.0,0.024197530864197528,OVERSUPPLY,1317.3333333333333,0.0
972,5.1,Green-S,1304,1282,11.0,24.166666666666668,3.0,1350.0,0.017901234567901235,OVERSUPPLY,1325.8333333333333,0.0
972,5.1,Green-S,1304,1282,12.0,16.833333333333332,3.0,1350.0,0.012469135802469136,OVERSUPPLY,1333.1666666666667,0.0
972,5.1,Green-S,1304,1282,13.0,16.333333333333332,3.0,1350.0,0.012098765432098764,OVERSUPPLY,1333.6666666666667,0.0
972,5.1,Green-S,1304,1282,14.0,17.0,3.0,1350.0,0.012592592592592593,OVERSUPPLY,1333.0,0.0
972,5.1,Green-S,1304,1282,15.0,10.166666666666666,3.0,1350.0,0.007530864197530864,OVERSUPPLY,1339.8333333333333,0.0
972,5.1,Green-S,1304,1282,16.0,11.666666666666666,3.0,1350.0,0.008641975308641974,OVERSUPPLY,1338.3333333333333,0.0
972,5.1,Green-S,1304,1282,17.0,15.666666666666666,3.0,1350.0,0.011604938271604939,OVERSUPPLY,1334.3333333333333,0.0
972,5.1,Green-S,1304,1282,18.0,9.333333333333334,3.0,1350.0,0.006913580246913581,OVERSUPPLY,1340.6666666666667,0.0
974,5.1,Green-S,1305,1283,5.0,30.0,3.0,1350.0,0.022222222222222223,OVERSUPPLY,1320.0,0.0
974,5.1,Green-S,1305,1283,6.0,78.0,3.0,1350.0,0.057777777777777775,OVERSUPPLY,1272.0,0.0
974,5.1,Green-S,1305,1283,7.0,142.0,3.0,1350.0,0.10518518518518519,OVERSUPPLY,1208.0,0.0
974,5.1,Green-S,1305,1283,8.0,177.16666666666666,3.0,1350.0,0.13123456790123456,OVERSUPPLY,1172.8333333333333,0.0
974,5.1,Green-S,1305,1283,9.0,99.33333333333333,3.0,1350.0,0.07358024691358024,OVERSUPPLY,1250.6666666666667,0.0
974,5.1,Green-S,1305,1283,10.0,57.166666666666664,3.0,1350.0,0.04234567901234568,OVERSUPPLY,1292.8333333333333,0.0
974,5.1,Green-S,1305,1283,11.0,41.5,3.0,1350.0,0.030740740740740742,OVERSUPPLY,1308.5,0.0
974,5.1,Green-S,1305,1283,12.0,33.166666666666664,3.0,1350.0,0.0245679012345679,OVERSUPPLY,1316.8333333333333,0.0
974,5.1,Green-S,1305,1283,13.0,30.833333333333332,3.0,1350.0,0.022839506172839506,OVERSUPPLY,1319.1666666666667,0.0
974,5.1,Green-S,1305,1283,14.0,27.833333333333332,3.0,1350.0,0.020617283950617283,OVERSUPPLY,1322.1666666666667,0.0
974,5.1,Green-S,1305,1283,15.0,20.0,3.0,1350.0,0.014814814814814815,OVERSUPPLY,1330.0,0.0
974,5.1,Green-S,1305,1283,16.0,25.833333333333332,3.0,1350.0,0.0191358024691358,OVERSUPPLY,1324.1666666666667,0.0
974,5.1,Green-S,1305,1283,17.0,32.166666666666664,3.0,1350.0,0.02382716049382716,OVERSUPPLY,1317.8333333333333,0.0
974,5.1,Green-S,1305,1283,18.0,25.833333333333332,3.0,1350.0,0.0191358024691358,OVERSUPPLY,1324.1666666666667,0.0
976,6.2,Green-N,1306,1312,5.0,150.5,5.0,2250.0,0.06688888888888889,OVERSUPPLY,2099.5,0.0
976,6.2,Green-N,1306,1312,6.0,438.5,3.0,1350.0,0.32481481481481483,BALANCED,911.5,0.0
976,6.2,Green-N,1306,1312,7.0,912.0,3.0,1350.0,0.6755555555555556,BALANCED,438.0,0.0
976,6.2,Green-N,1306,1312,8.0,1202.8333333333333,3.0,1350.0,0.8909876543209876,CROWDED,147.16666666666674,0.0
976,6.2,Green-N,1306,1312,9.0,734.0,3.0,1350.0,0.5437037037037037,BALANCED,616.0,0.0
976,6.2,Green-N,1306,1312,10.0,505.0,3.0,1350.0,0.37407407407407406,BALANCED,845.0,0.0
976,6.2,Green-N,1306,1312,11.0,402.0,3.0,1350.0,0.29777777777777775,BALANCED,948.0,0.0
976,6.2,Green-N,1306,1312,12.0,422.5,3.0,1350.0,0.31296296296296294,BALANCED,927.5,0.0
976,6.2,Green-N,1306,1312,13.0,470.6666666666667,3.0,1350.0,0.348641975308642,BALANCED,879.3333333333333,0.0
976,6.2,Green-N,1306,1312,14.0,474.3333333333333,3.0,1350.0,0.351358024691358,BALANCED,875.6666666666667,0.0
976,6.2,Green-N,1306,1312,15.0,502.1666666666667,3.0,1350.0,0.3719753086419753,BALANCED,847.8333333333333,0.0
976,6.2,Green-N,1306,1312,16.0,642.3333333333334,3.0,1350.0,0.4758024691358025,BALANCED,707.6666666666666,0.0
976,6.2,Green-N,1306,1312,17.0,709.1666666666666,3.0,1350.0,0.5253086419753086,BALANCED,640.8333333333334,0.0
976,6.2,Green-N,1306,1312,18.0,606.6666666666666,3.0,1350.0,0.4493827160493827,BALANCED,743.3333333333334,0.0
976,6.2,Green-N,1306,1312,19.0,383.1666666666667,2.0,900.0,0.42574074074074075,BALANCED,516.8333333333333,0.0
978,6.2,Green-N,1307,1306,5.0,138.0,5.0,2250.0,0.06133333333333333,OVERSUPPLY,2112.0,0.0
978,6.2,Green-N,1307,1306,6.0,400.0,3.0,1350.0,0.2962962962962963,BALANCED,950.0,0.0
978,6.2,Green-N,1307,1306,7.0,820.5,3.0,1350.0,0.6077777777777778,BALANCED,529.5,0.0
978,6.2,Green-N,1307,1306,8.0,1071.3333333333333,3.0,1350.0,0.7935802469135802,BALANCED,278.66666666666674,0.0
978,6.2,Green-N,1307,1306,9.0,643.5,3.0,1350.0,0.4766666666666667,BALANCED,706.5,0.0
978,6.2,Green-N,1307,1306,10.0,451.3333333333333,3.0,1350.0,0.334320987654321,BALANCED,898.6666666666667,0.0
978,6.2,Green-N,1307,1306,11.0,358.3333333333333,3.0,1350.0,0.2654320987654321,BALANCED,991.6666666666667,0.0
978,6.2,Green-N,1307,1306,12.0,381.0,3.0,1350.0,0.2822222222222222,BALANCED,969.0,0.0
978,6.2,Green-N,1307,1306,13.0,427.6666666666667,3.0,1350.0,0.31679012345679014,BALANCED,922.3333333333333,0.0
978,6.2,Green-N,1307,1306,14.0,433.8333333333333,3.0,1350.0,0.321358024691358,BALANCED,916.1666666666667,0.0
978,6.2,Green-N,1307,1306,15.0,448.8333333333333,3.0,1350.0,0.3324691358024691,BALANCED,901.1666666666667,0.0
978,6.2,Green-N,1307,1306,16.0,574.1666666666666,3.0,1350.0,0.4253086419753086,BALANCED,775.8333333333334,0.0
978,6.2,Green-N,1307,1306,17.0,626.1666666666666,3.0,1350.0,0.4638271604938271,BALANCED,723.8333333333334,0.0
978,6.2,Green-N,1307,1306,18.0,535.6666666666666,3.0,1350.0,0.3967901234567901,BALANCED,814.3333333333334,0.0
978,6.2,Green-N,1307,1306,19.0,350.0,2.0,900.0,0.3888888888888889,BALANCED,550.0,0.0
980,6.2,Green-N,1308,1319,5.0,152.0,5.0,2250.0,0.06755555555555555,OVERSUPPLY,2098.0,0.0
980,6.2,Green-N,1308,1319,6.0,446.0,3.0,1350.0,0.33037037037037037,BALANCED,904.0,0.0
980,6.2,Green-N,1308,1319,7.0,948.6666666666666,3.0,1350.0,0.702716049382716,BALANCED,401.33333333333337,0.0
980,6.2,Green-N,1308,1319,8.0,1157.5,3.0,1350.0,0.8574074074074074,CROWDED,192.5,0.0
980,6.2,Green-N,1308,1319,9.0,684.0,3.0,1350.0,0.5066666666666667,BALANCED,666.0,0.0
980,6.2,Green-N,1308,1319,10.0,478.1666666666667,3.0,1350.0,0.35419753086419753,BALANCED,871.8333333333333,0.0
980,6.2,Green-N,1308,1319,11.0,394.8333333333333,3.0,1350.0,0.29246913580246914,BALANCED,955.1666666666667,0.0
980,6.2,Green-N,1308,1319,12.0,411.8333333333333,3.0,1350.0,0.30506172839506174,BALANCED,938.1666666666667,0.0
980,6.2,Green-N,1308,1319,13.0,471.0,3.0,1350.0,0.3488888888888889,BALANCED,879.0,0.0
980,6.2,Green-N,1308,1319,14.0,479.1666666666667,3.0,1350.0,0.3549382716049383,BALANCED,870.8333333333333,0.0
980,6.2,Green-N,1308,1319,15.0,503.0,3.0,1350.0,0.3725925925925926,BALANCED,847.0,0.0
980,6.2,Green-N,1308,1319,16.0,633.3333333333334,3.0,1350.0,0.46913580246913583,BALANCED,716.6666666666666,0.0
980,6.2,Green-N,1308,1319,17.0,719.6666666666666,3.0,1350.0,0.5330864197530863,BALANCED,630.3333333333334,0.0
980,6.2,Green-N,1308,1319,18.0,601.0,3.0,1350.0,0.4451851851851852,BALANCED,749.0,0.0
980,6.2,Green-N,1308,1319,19.0,389.6666666666667,2.0,900.0,0.432962962962963,BALANCED,510.3333333333333,0.0
982,6.2,Green-N,1309,1320,5.0,1.8333333333333333,5.0,2250.0,0.0008148148148148148,OVERSUPPLY,2248.1666666666665,0.0
982,6.2,Green-N,1309,1320,6.0,28.833333333333332,3.0,1350.0,0.021358024691358023,OVERSUPPLY,1321.1666666666667,0.0
982,6.2,Green-N,1309,1320,7.0,49.5,3.0,1350.0,0.03666666666666667,OVERSUPPLY,1300.5,0.0
982,6.2,Green-N,1309,1320,8.0,60.166666666666664,3.0,1350.0,0.0445679012345679,OVERSUPPLY,1289.8333333333333,0.0
982,6.2,Green-N,1309,1320,9.0,36.5,3.0,1350.0,0.027037037037037037,OVERSUPPLY,1313.5,0.0
982,6.2,Green-N,1309,1320,10.0,34.666666666666664,3.0,1350.0,0.02567901234567901,OVERSUPPLY,1315.3333333333333,0.0
982,6.2,Green-N,1309,1320,11.0,32.166666666666664,3.0,1350.0,0.02382716049382716,OVERSUPPLY,1317.8333333333333,0.0
982,6.2,Green-N,1309,1320,12.0,40.83333333333333,3.0,1350.0,0.03024691358024691,OVERSUPPLY,1309.1666666666667,0.0
982,6.2,Green-N,1309,1320,13.0,46.166666666666664,3.0,1350.0,0.03419753086419753,OVERSUPPLY,1303.8333333333333,0.0
982,6.2,Green-N,1309,1320,14.0,54.0,3.0,1350.0,0.04,OVERSUPPLY,1296.0,0.0
982,6.2,Green-N,1309,1320,15.0,84.33333333333333,3.0,1350.0,0.062469135802469135,OVERSUPPLY,1265.6666666666667,0.0
982,6.2,Green-N,1309,1320,16.0,142.33333333333334,3.0,1350.0,0.10543209876543211,OVERSUPPLY,1207.6666666666667,0.0
982,6.2,Green-N,1309,1320,17.0,197.0,3.0,1350.0,0.14592592592592593,OVERSUPPLY,1153.0,0.0
982,6.2,Green-N,1309,1320,18.0,165.66666666666666,3.0,1350.0,0.12271604938271605,OVERSUPPLY,1184.3333333333333,0.0
982,6.2,Green-N,1309,1320,19.0,119.16666666666667,2.0,900.0,0.13240740740740742,OVERSUPPLY,780.8333333333334,0.0
986,6.2,Green-N,1312,1325,5.0,14.166666666666668,5.0,2250.0,0.006296296296296297,OVERSUPPLY,2235.8333333333335,0.0
986,6.2,Green-N,1312,1325,6.0,33.666666666666664,3.0,1350.0,0.02493827160493827,OVERSUPPLY,1316.3333333333333,0.0
986,6.2,Green-N,1312,1325,7.0,61.333333333333336,3.0,1350.0,0.045432098765432104,OVERSUPPLY,1288.6666666666667,0.0
986,6.2,Green-N,1312,1325,8.0,76.83333333333333,3.0,1350.0,0.05691358024691358,OVERSUPPLY,1273.1666666666667,0.0
986,6.2,Green-N,1312,1325,9.0,41.666666666666664,3.0,1350.0,0.030864197530864196,OVERSUPPLY,1308.3333333333333,0.0
986,6.2,Green-N,1312,1325,10.0,23.833333333333332,3.0,1350.0,0.01765432098765432,OVERSUPPLY,1326.1666666666667,0.0
986,6.2,Green-N,1312,1325,11.0,16.666666666666668,3.0,1350.0,0.01234567901234568,OVERSUPPLY,1333.3333333333333,0.0
986,6.2,Green-N,1312,1325,12.0,25.166666666666664,3.0,1350.0,0.018641975308641975,OVERSUPPLY,1324.8333333333333,0.0
986,6.2,Green-N,1312,1325,13.0,33.833333333333336,3.0,1350.0,0.02506172839506173,OVERSUPPLY,1316.1666666666667,0.0
986,6.2,Green-N,1312,1325,14.0,39.0,3.0,1350.0,0.028888888888888888,OVERSUPPLY,1311.0,0.0
986,6.2,Green-N,1312,1325,15.0,54.166666666666664,3.0,1350.0,0.040123456790123455,OVERSUPPLY,1295.8333333333333,0.0
986,6.2,Green-N,1312,1325,16.0,86.0,3.0,1350.0,0.0637037037037037,OVERSUPPLY,1264.0,0.0
986,6.2,Green-N,1312,1325,17.0,110.0,3.0,1350.0,0.08148148148148149,OVERSUPPLY,1240.0,0.0
986,6.2,Green-N,1312,1325,18.0,95.33333333333333,3.0,1350.0,0.07061728395061728,OVERSUPPLY,1254.6666666666667,0.0
986,6.2,Green-N,1312,1325,19.0,61.0,2.0,900.0,0.06777777777777778,OVERSUPPLY,839.0,0.0
988,6.2,Green-N,1313,1326,5.0,19.166666666666668,5.0,2250.0,0.008518518518518519,OVERSUPPLY,2230.8333333333335,0.0
988,6.2,Green-N,1313,1326,6.0,190.0,3.0,1350.0,0.14074074074074075,OVERSUPPLY,1160.0,0.0
988,6.2,Green-N,1313,1326,7.0,319.3333333333333,3.0,1350.0,0.2365432098765432,BALANCED,1030.6666666666667,0.0
988,6.2,Green-N,1313,1326,8.0,317.8333333333333,3.0,1350.0,0.23543209876543209,BALANCED,1032.1666666666667,0.0
988,6.2,Green-N,1313,1326,9.0,207.16666666666666,3.0,1350.0,0.15345679012345678,OVERSUPPLY,1142.8333333333333,0.0
988,6.2,Green-N,1313,1326,10.0,162.33333333333334,3.0,1350.0,0.12024691358024692,OVERSUPPLY,1187.6666666666667,0.0
988,6.2,Green-N,1313,1326,11.0,154.5,3.0,1350.0,0.11444444444444445,OVERSUPPLY,1195.5,0.0
988,6.2,Green-N,1313,1326,12.0,196.5,3.0,1350.0,0.14555555555555555,OVERSUPPLY,1153.5,0.0
988,6.2,Green-N,1313,1326,13.0,215.33333333333334,3.0,1350.0,0.1595061728395062,OVERSUPPLY,1134.6666666666667,0.0
988,6.2,Green-N,1313,1326,14.0,284.5,3.0,1350.0,0.21074074074074073,BALANCED,1065.5,0.0
988,6.2,Green-N,1313,1326,15.0,441.0,3.0,1350.0,0.32666666666666666,BALANCED,909.0,0.0
988,6.2,Green-N,1313,1326,16.0,730.3333333333334,3.0,1350.0,0.5409876543209877,BALANCED,619.6666666666666,0.0
988,6.2,Green-N,1313,1326,17.0,1065.5,3.0,1350.0,0.7892592592592592,BALANCED,284.5,0.0
988,6.2,Green-N,1313,1326,18.0,776.6666666666666,3.0,1350.0,0.5753086419753086,BALANCED,573.3333333333334,0.0
988,6.2,Green-N,1313,1326,19.0,462.6666666666667,2.0,900.0,0.5140740740740741,BALANCED,437.3333333333333,0.0
990,6.2,Green-N,1314,1308,5.0,126.33333333333333,5.0,2250.0,0.05614814814814815,OVERSUPPLY,2123.6666666666665,0.0
990,6.2,Green-N,1314,1308,6.0,373.3333333333333,3.0,1350.0,0.2765432098765432,BALANCED,976.6666666666667,0.0
990,6.2,Green-N,1314,1308,7.0,780.8333333333334,3.0,1350.0,0.578395061728395,BALANCED,569.1666666666666,0.0
990,6.2,Green-N,1314,1308,8.0,947.5,3.0,1350.0,0.7018518518518518,BALANCED,402.5,0.0
990,6.2,Green-N,1314,1308,9.0,554.3333333333334,3.0,1350.0,0.4106172839506173,BALANCED,795.6666666666666,0.0
990,6.2,Green-N,1314,1308,10.0,388.8333333333333,3.0,1350.0,0.28802469135802466,BALANCED,961.1666666666667,0.0
990,6.2,Green-N,1314,1308,11.0,324.0,3.0,1350.0,0.24,BALANCED,1026.0,0.0
990,6.2,Green-N,1314,1308,12.0,356.6666666666667,3.0,1350.0,0.26419753086419756,BALANCED,993.3333333333333,0.0
990,6.2,Green-N,1314,1308,13.0,405.6666666666667,3.0,1350.0,0.30049382716049383,BALANCED,944.3333333333333,0.0
990,6.2,Green-N,1314,1308,14.0,413.6666666666667,3.0,1350.0,0.3064197530864198,BALANCED,936.3333333333333,0.0
990,6.2,Green-N,1314,1308,15.0,443.6666666666667,3.0,1350.0,0.328641975308642,BALANCED,906.3333333333333,0.0
990,6.2,Green-N,1314,1308,16.0,571.3333333333334,3.0,1350.0,0.4232098765432099,BALANCED,778.6666666666666,0.0
990,6.2,Green-N,1314,1308,17.0,667.0,3.0,1350.0,0.49407407407407405,BALANCED,683.0,0.0
990,6.2,Green-N,1314,1308,18.0,562.8333333333334,3.0,1350.0,0.4169135802469136,BALANCED,787.1666666666666,0.0
990,6.2,Green-N,1314,1308,19.0,370.8333333333333,2.0,900.0,0.41203703703703703,BALANCED,529.1666666666667,0.0
992,6.2,Green-N,1315,1332,5.0,15.5,5.0,2250.0,0.006888888888888889,OVERSUPPLY,2234.5,0.0
992,6.2,Green-N,1315,1332,6.0,84.5,3.0,1350.0,0.06259259259259259,OVERSUPPLY,1265.5,0.0
992,6.2,Green-N,1315,1332,7.0,161.66666666666666,3.0,1350.0,0.11975308641975307,OVERSUPPLY,1188.3333333333333,0.0
992,6.2,Green-N,1315,1332,8.0,198.16666666666666,3.0,1350.0,0.14679012345679013,OVERSUPPLY,1151.8333333333333,0.0
992,6.2,Green-N,1315,1332,9.0,125.33333333333333,3.0,1350.0,0.09283950617283951,OVERSUPPLY,1224.6666666666667,0.0
992,6.2,Green-N,1315,1332,10.0,119.83333333333333,3.0,1350.0,0.08876543209876543,OVERSUPPLY,1230.1666666666667,0.0
992,6.2,Green-N,1315,1332,11.0,111.33333333333333,3.0,1350.0,0.08246913580246913,OVERSUPPLY,1238.6666666666667,0.0
992,6.2,Green-N,1315,1332,12.0,197.5,3.0,1350.0,0.14629629629629629,OVERSUPPLY,1152.5,0.0
992,6.2,Green-N,1315,1332,13.0,229.16666666666666,3.0,1350.0,0.1697530864197531,OVERSUPPLY,1120.8333333333333,0.0
992,6.2,Green-N,1315,1332,14.0,325.8333333333333,3.0,1350.0,0.241358024691358,BALANCED,1024.1666666666667,0.0
992,6.2,Green-N,1315,1332,15.0,567.3333333333334,3.0,1350.0,0.42024691358024696,BALANCED,782.6666666666666,0.0
992,6.2,Green-N,1315,1332,16.0,855.8333333333334,3.0,1350.0,0.6339506172839506,BALANCED,494.16666666666663,0.0
992,6.2,Green-N,1315,1332,17.0,1231.8333333333333,3.0,1350.0,0.9124691358024691,CROWDED,118.16666666666674,0.0
992,6.2,Green-N,1315,1332,18.0,1068.6666666666667,3.0,1350.0,0.7916049382716049,BALANCED,281.33333333333326,0.0
992,6.2,Green-N,1315,1332,19.0,599.8333333333334,2.0,900.0,0.6664814814814816,BALANCED,300.16666666666663,0.0
994,6.2,Green-N,1316,1330,5.0,5.0,5.0,2250.0,0.0022222222222222222,OVERSUPPLY,2245.0,0.0
994,6.2,Green-N,1316,1330,6.0,5.5,3.0,1350.0,0.004074074074074074,OVERSUPPLY,1344.5,0.0
994,6.2,Green-N,1316,1330,7.0,14.833333333333332,3.0,1350.0,0.010987654320987653,OVERSUPPLY,1335.1666666666667,0.0
994,6.2,Green-N,1316,1330,8.0,17.166666666666668,3.0,1350.0,0.01271604938271605,OVERSUPPLY,1332.8333333333333,0.0
994,6.2,Green-N,1316,1330,9.0,9.166666666666668,3.0,1350.0,0.006790123456790124,OVERSUPPLY,1340.8333333333333,0.0
994,6.2,Green-N,1316,1330,10.0,7.333333333333334,3.0,1350.0,0.0054320987654320994,OVERSUPPLY,1342.6666666666667,0.0
994,6.2,Green-N,1316,1330,11.0,5.666666666666667,3.0,1350.0,0.004197530864197531,OVERSUPPLY,1344.3333333333333,0.0
994,6.2,Green-N,1316,1330,12.0,6.0,3.0,1350.0,0.0044444444444444444,OVERSUPPLY,1344.0,0.0
994,6.2,Green-N,1316,1330,13.0,4.5,3.0,1350.0,0.0033333333333333335,OVERSUPPLY,1345.5,0.0
994,6.2,Green-N,1316,1330,14.0,7.833333333333334,3.0,1350.0,0.005802469135802469,OVERSUPPLY,1342.1666666666667,0.0
994,6.2,Green-N,1316,1330,15.0,8.333333333333334,3.0,1350.0,0.00617283950617284,OVERSUPPLY,1341.6666666666667,0.0
994,6.2,Green-N,1316,1330,16.0,7.666666666666667,3.0,1350.0,0.005679012345679013,OVERSUPPLY,1342.3333333333333,0.0
994,6.2,Green-N,1316,1330,17.0,11.166666666666668,3.0,1350.0,0.008271604938271606,OVERSUPPLY,1338.8333333333333,0.0
994,6.2,Green-N,1316,1330,18.0,7.166666666666667,3.0,1350.0,0.005308641975308642,OVERSUPPLY,1342.8333333333333,0.0
994,6.2,Green-N,1316,1330,19.0,5.666666666666667,2.0,900.0,0.006296296296296296,OVERSUPPLY,894.3333333333334,0.0
996,6.2,Green-N,1317,1331,5.0,1.0,5.0,2250.0,0.00044444444444444447,OVERSUPPLY,2249.0,0.0
996,6.2,Green-N,1317,1331,6.0,30.833333333333332,3.0,1350.0,0.022839506172839506,OVERSUPPLY,1319.1666666666667,0.0
996,6.2,Green-N,1317,1331,7.0,49.833333333333336,3.0,1350.0,0.03691358024691358,OVERSUPPLY,1300.1666666666667,0.0
996,6.2,Green-N,1317,1331,8.0,57.166666666666664,3.0,1350.0,0.04234567901234568,OVERSUPPLY,1292.8333333333333,0.0
996,6.2,Green-N,1317,1331,9.0,37.666666666666664,3.0,1350.0,0.027901234567901233,OVERSUPPLY,1312.3333333333333,0.0
996,6.2,Green-N,1317,1331,10.0,32.5,3.0,1350.0,0.024074074074074074,OVERSUPPLY,1317.5,0.0
996,6.2,Green-N,1317,1331,11.0,34.333333333333336,3.0,1350.0,0.0254320987654321,OVERSUPPLY,1315.6666666666667,0.0
996,6.2,Green-N,1317,1331,12.0,32.0,3.0,1350.0,0.023703703703703703,OVERSUPPLY,1318.0,0.0
996,6.2,Green-N,1317,1331,13.0,35.166666666666664,3.0,1350.0,0.026049382716049382,OVERSUPPLY,1314.8333333333333,0.0
996,6.2,Green-N,1317,1331,14.0,32.83333333333333,3.0,1350.0,0.024320987654320985,OVERSUPPLY,1317.1666666666667,0.0
996,6.2,Green-N,1317,1331,15.0,49.666666666666664,3.0,1350.0,0.03679012345679012,OVERSUPPLY,1300.3333333333333,0.0
996,6.2,Green-N,1317,1331,16.0,76.0,3.0,1350.0,0.056296296296296296,OVERSUPPLY,1274.0,0.0
996,6.2,Green-N,1317,1331,17.0,87.5,3.0,1350.0,0.06481481481481481,OVERSUPPLY,1262.5,0.0
996,6.2,Green-N,1317,1331,18.0,76.83333333333333,3.0,1350.0,0.05691358024691358,OVERSUPPLY,1273.1666666666667,0.0
996,6.2,Green-N,1317,1331,19.0,66.5,2.0,900.0,0.07388888888888889,OVERSUPPLY,833.5,0.0
998,6.2,Green-N,1318,1313,5.0,1.0,5.0,2250.0,0.00044444444444444447,OVERSUPPLY,2249.0,0.0
998,6.2,Green-N,1318,1313,6.0,23.333333333333332,3.0,1350.0,0.01728395061728395,OVERSUPPLY,1326.6666666666667,0.0
998,6.2,Green-N,1318,1313,7.0,42.666666666666664,3.0,1350.0,0.03160493827160494,OVERSUPPLY,1307.3333333333333,0.0
998,6.2,Green-N,1318,1313,8.0,66.0,3.0,1350.0,0.04888888888888889,OVERSUPPLY,1284.0,0.0
998,6.2,Green-N,1318,1313,9.0,44.166666666666664,3.0,1350.0,0.03271604938271605,OVERSUPPLY,1305.8333333333333,0.0
998,6.2,Green-N,1318,1313,10.0,39.0,3.0,1350.0,0.028888888888888888,OVERSUPPLY,1311.0,0.0
998,6.2,Green-N,1318,1313,11.0,40.333333333333336,3.0,1350.0,0.029876543209876545,OVERSUPPLY,1309.6666666666667,0.0
998,6.2,Green-N,1318,1313,12.0,60.833333333333336,3.0,1350.0,0.04506172839506173,OVERSUPPLY,1289.1666666666667,0.0
998,6.2,Green-N,1318,1313,13.0,69.16666666666667,3.0,1350.0,0.051234567901234575,OVERSUPPLY,1280.8333333333333,0.0
998,6.2,Green-N,1318,1313,14.0,96.66666666666667,3.0,1350.0,0.07160493827160494,OVERSUPPLY,1253.3333333333333,0.0
998,6.2,Green-N,1318,1313,15.0,188.33333333333334,3.0,1350.0,0.13950617283950617,OVERSUPPLY,1161.6666666666667,0.0
998,6.2,Green-N,1318,1313,16.0,304.0,3.0,1350.0,0.22518518518518518,BALANCED,1046.0,0.0
998,6.2,Green-N,1318,1313,17.0,441.0,3.0,1350.0,0.32666666666666666,BALANCED,909.0,0.0
998,6.2,Green-N,1318,1313,18.0,368.3333333333333,3.0,1350.0,0.2728395061728395,BALANCED,981.6666666666667,0.0
998,6.2,Green-N,1318,1313,19.0,228.16666666666666,2.0,900.0,0.25351851851851853,BALANCED,671.8333333333334,0.0
1000,6.2,Green-N,1319,1307,5.0,131.0,5.0,2250.0,0.058222222222222224,OVERSUPPLY,2119.0,0.0
1000,6.2,Green-N,1319,1307,6.0,369.5,3.0,1350.0,0.2737037037037037,BALANCED,980.5,0.0
1000,6.2,Green-N,1319,1307,7.0,762.8333333333334,3.0,1350.0,0.5650617283950617,BALANCED,587.1666666666666,0.0
1000,6.2,Green-N,1319,1307,8.0,966.1666666666666,3.0,1350.0,0.715679012345679,BALANCED,383.83333333333337,0.0
1000,6.2,Green-N,1319,1307,9.0,569.1666666666666,3.0,1350.0,0.4216049382716049,BALANCED,780.8333333333334,0.0
1000,6.2,Green-N,1319,1307,10.0,400.5,3.0,1350.0,0.2966666666666667,BALANCED,949.5,0.0
1000,6.2,Green-N,1319,1307,11.0,319.8333333333333,3.0,1350.0,0.23691358024691356,BALANCED,1030.1666666666667,0.0
1000,6.2,Green-N,1319,1307,12.0,340.8333333333333,3.0,1350.0,0.2524691358024691,BALANCED,1009.1666666666667,0.0
1000,6.2,Green-N,1319,1307,13.0,392.5,3.0,1350.0,0.29074074074074074,BALANCED,957.5,0.0
1000,6.2,Green-N,1319,1307,14.0,394.1666666666667,3.0,1350.0,0.2919753086419753,BALANCED,955.8333333333333,0.0
1000,6.2,Green-N,1319,1307,15.0,403.3333333333333,3.0,1350.0,0.29876543209876544,BALANCED,946.6666666666667,0.0
1000,6.2,Green-N,1319,1307,16.0,520.3333333333334,3.0,1350.0,0.3854320987654321,BALANCED,829.6666666666666,0.0
1000,6.2,Green-N,1319,1307,17.0,564.1666666666666,3.0,1350.0,0.4179012345679012,BALANCED,785.8333333333334,0.0
1000,6.2,Green-N,1319,1307,18.0,489.0,3.0,1350.0,0.3622222222222222,BALANCED,861.0,0.0
1000,6.2,Green-N,1319,1307,19.0,326.1666666666667,2.0,900.0,0.36240740740740746,BALANCED,573.8333333333333,0.0
1002,6.2,Green-N,1320,1327,5.0,1.8333333333333333,5.0,2250.0,0.0008148148148148148,OVERSUPPLY,2248.1666666666665,0.0
1002,6.2,Green-N,1320,1327,6.0,43.666666666666664,3.0,1350.0,0.032345679012345675,OVERSUPPLY,1306.3333333333333,0.0
1002,6.2,Green-N,1320,1327,7.0,77.83333333333333,3.0,1350.0,0.057654320987654314,OVERSUPPLY,1272.1666666666667,0.0
1002,6.2,Green-N,1320,1327,8.0,76.33333333333333,3.0,1350.0,0.0565432098765432,OVERSUPPLY,1273.6666666666667,0.0
1002,6.2,Green-N,1320,1327,9.0,49.0,3.0,1350.0,0.0362962962962963,OVERSUPPLY,1301.0,0.0
1002,6.2,Green-N,1320,1327,10.0,43.0,3.0,1350.0,0.03185185185185185,OVERSUPPLY,1307.0,0.0
1002,6.2,Green-N,1320,1327,11.0,39.5,3.0,1350.0,0.02925925925925926,OVERSUPPLY,1310.5,0.0
1002,6.2,Green-N,1320,1327,12.0,46.833333333333336,3.0,1350.0,0.03469135802469136,OVERSUPPLY,1303.1666666666667,0.0
1002,6.2,Green-N,1320,1327,13.0,53.0,3.0,1350.0,0.03925925925925926,OVERSUPPLY,1297.0,0.0
1002,6.2,Green-N,1320,1327,14.0,56.0,3.0,1350.0,0.04148148148148148,OVERSUPPLY,1294.0,0.0
1002,6.2,Green-N,1320,1327,15.0,92.83333333333333,3.0,1350.0,0.06876543209876543,OVERSUPPLY,1257.1666666666667,0.0
1002,6.2,Green-N,1320,1327,16.0,136.16666666666666,3.0,1350.0,0.10086419753086419,OVERSUPPLY,1213.8333333333333,0.0
1002,6.2,Green-N,1320,1327,17.0,186.66666666666666,3.0,1350.0,0.1382716049382716,OVERSUPPLY,1163.3333333333333,0.0
1002,6.2,Green-N,1320,1327,18.0,150.5,3.0,1350.0,0.11148148148148149,OVERSUPPLY,1199.5,0.0
1002,6.2,Green-N,1320,1327,19.0,115.66666666666666,2.0,900.0,0.1285185185185185,OVERSUPPLY,784.3333333333334,0.0
1004,6.2,Green-N,1321,1318,5.0,4.166666666666667,5.0,2250.0,0.001851851851851852,OVERSUPPLY,2245.8333333333335,0.0
1004,6.2,Green-N,1321,1318,6.0,45.666666666666664,3.0,1350.0,0.03382716049382716,OVERSUPPLY,1304.3333333333333,0.0
1004,6.2,Green-N,1321,1318,7.0,79.83333333333333,3.0,1350.0,0.0591358024691358,OVERSUPPLY,1270.1666666666667,0.0
1004,6.2,Green-N,1321,1318,8.0,105.66666666666667,3.0,1350.0,0.07827160493827161,OVERSUPPLY,1244.3333333333333,0.0
1004,6.2,Green-N,1321,1318,9.0,59.666666666666664,3.0,1350.0,0.04419753086419753,OVERSUPPLY,1290.3333333333333,0.0
1004,6.2,Green-N,1321,1318,10.0,60.33333333333333,3.0,1350.0,0.044691358024691354,OVERSUPPLY,1289.6666666666667,0.0
1004,6.2,Green-N,1321,1318,11.0,59.33333333333333,3.0,1350.0,0.04395061728395061,OVERSUPPLY,1290.6666666666667,0.0
1004,6.2,Green-N,1321,1318,12.0,98.66666666666667,3.0,1350.0,0.07308641975308643,OVERSUPPLY,1251.3333333333333,0.0
1004,6.2,Green-N,1321,1318,13.0,122.66666666666667,3.0,1350.0,0.09086419753086421,OVERSUPPLY,1227.3333333333333,0.0
1004,6.2,Green-N,1321,1318,14.0,172.66666666666666,3.0,1350.0,0.12790123456790123,OVERSUPPLY,1177.3333333333333,0.0
1004,6.2,Green-N,1321,1318,15.0,315.0,3.0,1350.0,0.23333333333333334,BALANCED,1035.0,0.0
1004,6.2,Green-N,1321,1318,16.0,475.1666666666667,3.0,1350.0,0.35197530864197535,BALANCED,874.8333333333333,0.0
1004,6.2,Green-N,1321,1318,17.0,673.5,3.0,1350.0,0.4988888888888889,BALANCED,676.5,0.0
1004,6.2,Green-N,1321,1318,18.0,566.6666666666666,3.0,1350.0,0.41975308641975306,BALANCED,783.3333333333334,0.0
1004,6.2,Green-N,1321,1318,19.0,323.5,2.0,900.0,0.35944444444444446,BALANCED,576.5,0.0
1006,6.2,Green-N,1322,1310,5.0,1.0,5.0,2250.0,0.00044444444444444447,OVERSUPPLY,2249.0,0.0
1006,6.2,Green-N,1322,1310,6.0,5.0,3.0,1350.0,0.003703703703703704,OVERSUPPLY,1345.0,0.0
1006,6.2,Green-N,1322,1310,7.0,9.166666666666666,3.0,1350.0,0.006790123456790123,OVERSUPPLY,1340.8333333333333,0.0
1006,6.2,Green-N,1322,1310,8.0,11.5,3.0,1350.0,0.008518518518518519,OVERSUPPLY,1338.5,0.0
1006,6.2,Green-N,1322,1310,9.0,6.333333333333334,3.0,1350.0,0.004691358024691359,OVERSUPPLY,1343.6666666666667,0.0
1006,6.2,Green-N,1322,1310,10.0,4.0,3.0,1350.0,0.002962962962962963,OVERSUPPLY,1346.0,0.0
1006,6.2,Green-N,1322,1310,11.0,5.166666666666667,3.0,1350.0,0.0038271604938271606,OVERSUPPLY,1344.8333333333333,0.0
1006,6.2,Green-N,1322,1310,12.0,5.333333333333333,3.0,1350.0,0.003950617283950617,OVERSUPPLY,1344.6666666666667,0.0
1006,6.2,Green-N,1322,1310,13.0,3.666666666666667,3.0,1350.0,0.0027160493827160497,OVERSUPPLY,1346.3333333333333,0.0
1006,6.2,Green-N,1322,1310,14.0,4.833333333333333,3.0,1350.0,0.0035802469135802466,OVERSUPPLY,1345.1666666666667,0.0
1006,6.2,Green-N,1322,1310,15.0,7.166666666666666,3.0,1350.0,0.005308641975308641,OVERSUPPLY,1342.8333333333333,0.0
1006,6.2,Green-N,1322,1310,16.0,5.5,3.0,1350.0,0.004074074074074074,OVERSUPPLY,1344.5,0.0
1006,6.2,Green-N,1322,1310,17.0,6.833333333333334,3.0,1350.0,0.005061728395061729,OVERSUPPLY,1343.1666666666667,0.0
1006,6.2,Green-N,1322,1310,18.0,5.833333333333333,3.0,1350.0,0.004320987654320987,OVERSUPPLY,1344.1666666666667,0.0
1006,6.2,Green-N,1322,1310,19.0,5.0,2.0,900.0,0.005555555555555556,OVERSUPPLY,895.0,0.0
1008,6.2,Green-N,1323,1311,5.0,1.0,5.0,2250.0,0.00044444444444444447,OVERSUPPLY,2249.0,0.0
1008,6.2,Green-N,1323,1311,6.0,14.333333333333332,3.0,1350.0,0.010617283950617283,OVERSUPPLY,1335.6666666666667,0.0
1008,6.2,Green-N,1323,1311,7.0,32.166666666666664,3.0,1350.0,0.02382716049382716,OVERSUPPLY,1317.8333333333333,0.0
1008,6.2,Green-N,1323,1311,8.0,39.166666666666664,3.0,1350.0,0.029012345679012345,OVERSUPPLY,1310.8333333333333,0.0
1008,6.2,Green-N,1323,1311,9.0,27.666666666666668,3.0,1350.0,0.02049382716049383,OVERSUPPLY,1322.3333333333333,0.0
1008,6.2,Green-N,1323,1311,10.0,25.333333333333332,3.0,1350.0,0.018765432098765432,OVERSUPPLY,1324.6666666666667,0.0
1008,6.2,Green-N,1323,1311,11.0,29.5,3.0,1350.0,0.02185185185185185,OVERSUPPLY,1320.5,0.0
1008,6.2,Green-N,1323,1311,12.0,26.0,3.0,1350.0,0.01925925925925926,OVERSUPPLY,1324.0,0.0
1008,6.2,Green-N,1323,1311,13.0,29.0,3.0,1350.0,0.02148148148148148,OVERSUPPLY,1321.0,0.0
1008,6.2,Green-N,1323,1311,14.0,26.166666666666664,3.0,1350.0,0.019382716049382714,OVERSUPPLY,1323.8333333333333,0.0
1008,6.2,Green-N,1323,1311,15.0,40.833333333333336,3.0,1350.0,0.030246913580246917,OVERSUPPLY,1309.1666666666667,0.0
1008,6.2,Green-N,1323,1311,16.0,54.833333333333336,3.0,1350.0,0.04061728395061728,OVERSUPPLY,1295.1666666666667,0.0
1008,6.2,Green-N,1323,1311,17.0,61.833333333333336,3.0,1350.0,0.04580246913580247,OVERSUPPLY,1288.1666666666667,0.0
1008,6.2,Green-N,1323,1311,18.0,64.5,3.0,1350.0,0.04777777777777778,OVERSUPPLY,1285.5,0.0
1008,6.2,Green-N,1323,1311,19.0,52.333333333333336,2.0,900.0,0.05814814814814815,OVERSUPPLY,847.6666666666666,0.0
1010,6.2,Green-N,1324,1315,5.0,38.333333333333336,5.0,2250.0,0.017037037037037038,OVERSUPPLY,2211.6666666666665,0.0
1010,6.2,Green-N,1324,1315,6.0,135.16666666666666,3.0,1350.0,0.10012345679012345,OVERSUPPLY,1214.8333333333333,0.0
1010,6.2,Green-N,1324,1315,7.0,248.83333333333334,3.0,1350.0,0.184320987654321,OVERSUPPLY,1101.1666666666667,0.0
1010,6.2,Green-N,1324,1315,8.0,332.1666666666667,3.0,1350.0,0.2460493827160494,BALANCED,1017.8333333333333,0.0
1010,6.2,Green-N,1324,1315,9.0,202.33333333333331,3.0,1350.0,0.14987654320987653,OVERSUPPLY,1147.6666666666667,0.0
1010,6.2,Green-N,1324,1315,10.0,155.5,3.0,1350.0,0.11518518518518518,OVERSUPPLY,1194.5,0.0
1010,6.2,Green-N,1324,1315,11.0,141.0,3.0,1350.0,0.10444444444444445,OVERSUPPLY,1209.0,0.0
1010,6.2,Green-N,1324,1315,12.0,220.16666666666666,3.0,1350.0,0.1630864197530864,OVERSUPPLY,1129.8333333333333,0.0
1010,6.2,Green-N,1324,1315,13.0,248.16666666666666,3.0,1350.0,0.18382716049382716,OVERSUPPLY,1101.8333333333333,0.0
1010,6.2,Green-N,1324,1315,14.0,339.1666666666667,3.0,1350.0,0.2512345679012346,BALANCED,1010.8333333333333,0.0
1010,6.2,Green-N,1324,1315,15.0,577.5,3.0,1350.0,0.42777777777777776,BALANCED,772.5,0.0
1010,6.2,Green-N,1324,1315,16.0,860.5,3.0,1350.0,0.6374074074074074,BALANCED,489.5,0.0
1010,6.2,Green-N,1324,1315,17.0,1212.5,3.0,1350.0,0.8981481481481481,CROWDED,137.5,0.0
1010,6.2,Green-N,1324,1315,18.0,1053.3333333333333,3.0,1350.0,0.7802469135802469,BALANCED,296.66666666666674,0.0
1010,6.2,Green-N,1324,1315,19.0,590.5,2.0,900.0,0.6561111111111111,BALANCED,309.5,0.0
1012,6.2,Green-N,1325,1324,5.0,15.333333333333334,5.0,2250.0,0.006814814814814815,OVERSUPPLY,2234.6666666666665,0.0
1012,6.2,Green-N,1325,1324,6.0,39.0,3.0,1350.0,0.028888888888888888,OVERSUPPLY,1311.0,0.0
1012,6.2,Green-N,1325,1324,7.0,68.66666666666667,3.0,1350.0,0.0508641975308642,OVERSUPPLY,1281.3333333333333,0.0
1012,6.2,Green-N,1325,1324,8.0,85.66666666666667,3.0,1350.0,0.0634567901234568,OVERSUPPLY,1264.3333333333333,0.0
1012,6.2,Green-N,1325,1324,9.0,45.83333333333333,3.0,1350.0,0.033950617283950615,OVERSUPPLY,1304.1666666666667,0.0
1012,6.2,Green-N,1325,1324,10.0,31.166666666666664,3.0,1350.0,0.023086419753086417,OVERSUPPLY,1318.8333333333333,0.0
1012,6.2,Green-N,1325,1324,11.0,23.0,3.0,1350.0,0.017037037037037038,OVERSUPPLY,1327.0,0.0
1012,6.2,Green-N,1325,1324,12.0,38.166666666666664,3.0,1350.0,0.0282716049382716,OVERSUPPLY,1311.8333333333333,0.0
1012,6.2,Green-N,1325,1324,13.0,51.5,3.0,1350.0,0.038148148148148146,OVERSUPPLY,1298.5,0.0
1012,6.2,Green-N,1325,1324,14.0,63.833333333333336,3.0,1350.0,0.04728395061728395,OVERSUPPLY,1286.1666666666667,0.0
1012,6.2,Green-N,1325,1324,15.0,89.16666666666667,3.0,1350.0,0.06604938271604939,OVERSUPPLY,1260.8333333333333,0.0
1012,6.2,Green-N,1325,1324,16.0,135.5,3.0,1350.0,0.10037037037037037,OVERSUPPLY,1214.5,0.0
1012,6.2,Green-N,1325,1324,17.0,177.33333333333334,3.0,1350.0,0.13135802469135804,OVERSUPPLY,1172.6666666666667,0.0
1012,6.2,Green-N,1325,1324,18.0,155.66666666666666,3.0,1350.0,0.11530864197530863,OVERSUPPLY,1194.3333333333333,0.0
1012,6.2,Green-N,1325,1324,19.0,97.16666666666667,2.0,900.0,0.10796296296296297,OVERSUPPLY,802.8333333333334,0.0
1014,6.2,Green-N,1326,1309,5.0,22.5,5.0,2250.0,0.01,OVERSUPPLY,2227.5,0.0
1014,6.2,Green-N,1326,1309,6.0,204.16666666666666,3.0,1350.0,0.15123456790123457,OVERSUPPLY,1145.8333333333333,0.0
1014,6.2,Green-N,1326,1309,7.0,358.1666666666667,3.0,1350.0,0.2653086419753087,BALANCED,991.8333333333333,0.0
1014,6.2,Green-N,1326,1309,8.0,344.1666666666667,3.0,1350.0,0.25493827160493826,BALANCED,1005.8333333333333,0.0
1014,6.2,Green-N,1326,1309,9.0,228.83333333333334,3.0,1350.0,0.16950617283950617,OVERSUPPLY,1121.1666666666667,0.0
1014,6.2,Green-N,1326,1309,10.0,173.5,3.0,1350.0,0.12851851851851853,OVERSUPPLY,1176.5,0.0
1014,6.2,Green-N,1326,1309,11.0,165.0,3.0,1350.0,0.12222222222222222,OVERSUPPLY,1185.0,0.0
1014,6.2,Green-N,1326,1309,12.0,212.33333333333334,3.0,1350.0,0.15728395061728395,OVERSUPPLY,1137.6666666666667,0.0
1014,6.2,Green-N,1326,1309,13.0,234.83333333333334,3.0,1350.0,0.17395061728395061,OVERSUPPLY,1115.1666666666667,0.0
1014,6.2,Green-N,1326,1309,14.0,311.0,3.0,1350.0,0.23037037037037036,BALANCED,1039.0,0.0
1014,6.2,Green-N,1326,1309,15.0,491.8333333333333,3.0,1350.0,0.36432098765432097,BALANCED,858.1666666666667,0.0
1014,6.2,Green-N,1326,1309,16.0,800.5,3.0,1350.0,0.5929629629629629,BALANCED,549.5,0.0
1014,6.2,Green-N,1326,1309,17.0,1158.0,3.0,1350.0,0.8577777777777778,CROWDED,192.0,0.0
1014,6.2,Green-N,1326,1309,18.0,857.0,3.0,1350.0,0.6348148148148148,BALANCED,493.0,0.0
1014,6.2,Green-N,1326,1309,19.0,499.0,2.0,900.0,0.5544444444444444,BALANCED,401.0,0.0
1016,6.2,Green-N,1327,1329,6.0,48.166666666666664,3.0,1350.0,0.03567901234567901,OVERSUPPLY,1301.8333333333333,0.0
1016,6.2,Green-N,1327,1329,7.0,83.0,3.0,1350.0,0.061481481481481484,OVERSUPPLY,1267.0,0.0
1016,6.2,Green-N,1327,1329,8.0,81.5,3.0,1350.0,0.06037037037037037,OVERSUPPLY,1268.5,0.0
1016,6.2,Green-N,1327,1329,9.0,50.666666666666664,3.0,1350.0,0.037530864197530864,OVERSUPPLY,1299.3333333333333,0.0
1016,6.2,Green-N,1327,1329,10.0,45.0,3.0,1350.0,0.03333333333333333,OVERSUPPLY,1305.0,0.0
1016,6.2,Green-N,1327,1329,11.0,42.0,3.0,1350.0,0.03111111111111111,OVERSUPPLY,1308.0,0.0
1016,6.2,Green-N,1327,1329,12.0,49.166666666666664,3.0,1350.0,0.03641975308641975,OVERSUPPLY,1300.8333333333333,0.0
1016,6.2,Green-N,1327,1329,13.0,52.5,3.0,1350.0,0.03888888888888889,OVERSUPPLY,1297.5,0.0
1016,6.2,Green-N,1327,1329,14.0,50.666666666666664,3.0,1350.0,0.037530864197530864,OVERSUPPLY,1299.3333333333333,0.0
1016,6.2,Green-N,1327,1329,15.0,77.5,3.0,1350.0,0.05740740740740741,OVERSUPPLY,1272.5,0.0
1016,6.2,Green-N,1327,1329,16.0,117.0,3.0,1350.0,0.08666666666666667,OVERSUPPLY,1233.0,0.0
1016,6.2,Green-N,1327,1329,17.0,154.33333333333334,3.0,1350.0,0.114320987654321,OVERSUPPLY,1195.6666666666667,0.0
1016,6.2,Green-N,1327,1329,18.0,130.66666666666666,3.0,1350.0,0.09679012345679011,OVERSUPPLY,1219.3333333333333,0.0
1016,6.2,Green-N,1327,1329,19.0,99.83333333333333,2.0,900.0,0.11092592592592591,OVERSUPPLY,800.1666666666666,0.0
1018,6.2,Green-N,1328,1316,5.0,2.5,5.0,2250.0,0.0011111111111111111,OVERSUPPLY,2247.5,0.0
1018,6.2,Green-N,1328,1316,6.0,3.1666666666666665,3.0,1350.0,0.002345679012345679,OVERSUPPLY,1346.8333333333333,0.0
1018,6.2,Green-N,1328,1316,7.0,9.166666666666666,3.0,1350.0,0.006790123456790123,OVERSUPPLY,1340.8333333333333,0.0
1018,6.2,Green-N,1328,1316,8.0,11.5,3.0,1350.0,0.008518518518518519,OVERSUPPLY,1338.5,0.0
1018,6.2,Green-N,1328,1316,9.0,6.666666666666667,3.0,1350.0,0.0049382716049382715,OVERSUPPLY,1343.3333333333333,0.0
1018,6.2,Green-N,1328,1316,10.0,5.333333333333334,3.0,1350.0,0.003950617283950617,OVERSUPPLY,1344.6666666666667,0.0
1018,6.2,Green-N,1328,1316,11.0,4.166666666666666,3.0,1350.0,0.003086419753086419,OVERSUPPLY,1345.8333333333333,0.0
1018,6.2,Green-N,1328,1316,12.0,4.0,3.0,1350.0,0.002962962962962963,OVERSUPPLY,1346.0,0.0
1018,6.2,Green-N,1328,1316,13.0,4.333333333333334,3.0,1350.0,0.0032098765432098768,OVERSUPPLY,1345.6666666666667,0.0
1018,6.2,Green-N,1328,1316,14.0,4.833333333333334,3.0,1350.0,0.0035802469135802475,OVERSUPPLY,1345.1666666666667,0.0
1018,6.2,Green-N,1328,1316,15.0,6.833333333333333,3.0,1350.0,0.005061728395061728,OVERSUPPLY,1343.1666666666667,0.0
1018,6.2,Green-N,1328,1316,16.0,6.666666666666666,3.0,1350.0,0.0049382716049382715,OVERSUPPLY,1343.3333333333333,0.0
1018,6.2,Green-N,1328,1316,17.0,7.5,3.0,1350.0,0.005555555555555556,OVERSUPPLY,1342.5,0.0
1018,6.2,Green-N,1328,1316,18.0,5.0,3.0,1350.0,0.003703703703703704,OVERSUPPLY,1345.0,0.0
1018,6.2,Green-N,1328,1316,19.0,3.1666666666666665,2.0,900.0,0.0035185185185185185,OVERSUPPLY,896.8333333333334,0.0
1020,6.2,Green-N,1329,1317,5.0,0.5,5.0,2250.0,0.00022222222222222223,OVERSUPPLY,2249.5,0.0
1020,6.2,Green-N,1329,1317,6.0,39.166666666666664,3.0,1350.0,0.029012345679012345,OVERSUPPLY,1310.8333333333333,0.0
1020,6.2,Green-N,1329,1317,7.0,65.66666666666667,3.0,1350.0,0.04864197530864198,OVERSUPPLY,1284.3333333333333,0.0
1020,6.2,Green-N,1329,1317,8.0,69.66666666666667,3.0,1350.0,0.05160493827160494,OVERSUPPLY,1280.3333333333333,0.0
1020,6.2,Green-N,1329,1317,9.0,44.333333333333336,3.0,1350.0,0.03283950617283951,OVERSUPPLY,1305.6666666666667,0.0
1020,6.2,Green-N,1329,1317,10.0,40.666666666666664,3.0,1350.0,0.030123456790123456,OVERSUPPLY,1309.3333333333333,0.0
1020,6.2,Green-N,1329,1317,11.0,40.0,3.0,1350.0,0.02962962962962963,OVERSUPPLY,1310.0,0.0
1020,6.2,Green-N,1329,1317,12.0,39.666666666666664,3.0,1350.0,0.029382716049382713,OVERSUPPLY,1310.3333333333333,0.0
1020,6.2,Green-N,1329,1317,13.0,45.666666666666664,3.0,1350.0,0.03382716049382716,OVERSUPPLY,1304.3333333333333,0.0
1020,6.2,Green-N,1329,1317,14.0,42.33333333333333,3.0,1350.0,0.031358024691358025,OVERSUPPLY,1307.6666666666667,0.0
1020,6.2,Green-N,1329,1317,15.0,62.5,3.0,1350.0,0.046296296296296294,OVERSUPPLY,1287.5,0.0
1020,6.2,Green-N,1329,1317,16.0,94.16666666666667,3.0,1350.0,0.06975308641975309,OVERSUPPLY,1255.8333333333333,0.0
1020,6.2,Green-N,1329,1317,17.0,119.83333333333333,3.0,1350.0,0.08876543209876543,OVERSUPPLY,1230.1666666666667,0.0
1020,6.2,Green-N,1329,1317,18.0,103.5,3.0,1350.0,0.07666666666666666,OVERSUPPLY,1246.5,0.0
1020,6.2,Green-N,1329,1317,19.0,82.33333333333333,2.0,900.0,0.09148148148148148,OVERSUPPLY,817.6666666666666,0.0
1022,6.2,Green-N,1330,1322,5.0,3.1666666666666665,5.0,2250.0,0.0014074074074074073,OVERSUPPLY,2246.8333333333335,0.0
1022,6.2,Green-N,1330,1322,6.0,8.0,3.0,1350.0,0.005925925925925926,OVERSUPPLY,1342.0,0.0
1022,6.2,Green-N,1330,1322,7.0,14.333333333333332,3.0,1350.0,0.010617283950617283,OVERSUPPLY,1335.6666666666667,0.0
1022,6.2,Green-N,1330,1322,8.0,15.833333333333334,3.0,1350.0,0.011728395061728396,OVERSUPPLY,1334.1666666666667,0.0
1022,6.2,Green-N,1330,1322,9.0,9.166666666666666,3.0,1350.0,0.006790123456790123,OVERSUPPLY,1340.8333333333333,0.0
1022,6.2,Green-N,1330,1322,10.0,7.166666666666667,3.0,1350.0,0.005308641975308642,OVERSUPPLY,1342.8333333333333,0.0
1022,6.2,Green-N,1330,1322,11.0,6.166666666666667,3.0,1350.0,0.004567901234567902,OVERSUPPLY,1343.8333333333333,0.0
1022,6.2,Green-N,1330,1322,12.0,7.666666666666666,3.0,1350.0,0.005679012345679012,OVERSUPPLY,1342.3333333333333,0.0
1022,6.2,Green-N,1330,1322,13.0,5.166666666666667,3.0,1350.0,0.0038271604938271606,OVERSUPPLY,1344.8333333333333,0.0
1022,6.2,Green-N,1330,1322,14.0,6.5,3.0,1350.0,0.004814814814814815,OVERSUPPLY,1343.5,0.0
1022,6.2,Green-N,1330,1322,15.0,10.166666666666666,3.0,1350.0,0.007530864197530864,OVERSUPPLY,1339.8333333333333,0.0
1022,6.2,Green-N,1330,1322,16.0,9.5,3.0,1350.0,0.007037037037037037,OVERSUPPLY,1340.5,0.0
1022,6.2,Green-N,1330,1322,17.0,13.333333333333334,3.0,1350.0,0.009876543209876543,OVERSUPPLY,1336.6666666666667,0.0
1022,6.2,Green-N,1330,1322,18.0,12.0,3.0,1350.0,0.008888888888888889,OVERSUPPLY,1338.0,0.0
1022,6.2,Green-N,1330,1322,19.0,8.333333333333332,2.0,900.0,0.009259259259259259,OVERSUPPLY,891.6666666666666,0.0
1024,6.2,Green-N,1331,1323,5.0,1.0,5.0,2250.0,0.00044444444444444447,OVERSUPPLY,2249.0,0.0
1024,6.2,Green-N,1331,1323,6.0,20.666666666666668,3.0,1350.0,0.015308641975308642,OVERSUPPLY,1329.3333333333333,0.0
1024,6.2,Green-N,1331,1323,7.0,39.0,3.0,1350.0,0.028888888888888888,OVERSUPPLY,1311.0,0.0
1024,6.2,Green-N,1331,1323,8.0,44.166666666666664,3.0,1350.0,0.03271604938271605,OVERSUPPLY,1305.8333333333333,0.0
1024,6.2,Green-N,1331,1323,9.0,31.833333333333332,3.0,1350.0,0.023580246913580245,OVERSUPPLY,1318.1666666666667,0.0
1024,6.2,Green-N,1331,1323,10.0,28.0,3.0,1350.0,0.02074074074074074,OVERSUPPLY,1322.0,0.0
1024,6.2,Green-N,1331,1323,11.0,32.666666666666664,3.0,1350.0,0.024197530864197528,OVERSUPPLY,1317.3333333333333,0.0
1024,6.2,Green-N,1331,1323,12.0,28.333333333333332,3.0,1350.0,0.020987654320987655,OVERSUPPLY,1321.6666666666667,0.0
1024,6.2,Green-N,1331,1323,13.0,31.666666666666668,3.0,1350.0,0.02345679012345679,OVERSUPPLY,1318.3333333333333,0.0
1024,6.2,Green-N,1331,1323,14.0,31.5,3.0,1350.0,0.023333333333333334,OVERSUPPLY,1318.5,0.0
1024,6.2,Green-N,1331,1323,15.0,44.666666666666664,3.0,1350.0,0.03308641975308642,OVERSUPPLY,1305.3333333333333,0.0
1024,6.2,Green-N,1331,1323,16.0,61.5,3.0,1350.0,0.04555555555555556,OVERSUPPLY,1288.5,0.0
1024,6.2,Green-N,1331,1323,17.0,71.66666666666667,3.0,1350.0,0.05308641975308642,OVERSUPPLY,1278.3333333333333,0.0
1024,6.2,Green-N,1331,1323,18.0,69.0,3.0,1350.0,0.051111111111111114,OVERSUPPLY,1281.0,0.0
1024,6.2,Green-N,1331,1323,19.0,63.0,2.0,900.0,0.07,OVERSUPPLY,837.0,0.0
1026,6.2,Green-N,1332,1321,5.0,12.5,5.0,2250.0,0.005555555555555556,OVERSUPPLY,2237.5,0.0
1026,6.2,Green-N,1332,1321,6.0,68.16666666666667,3.0,1350.0,0.05049382716049383,OVERSUPPLY,1281.8333333333333,0.0
1026,6.2,Green-N,1332,1321,7.0,117.66666666666667,3.0,1350.0,0.0871604938271605,OVERSUPPLY,1232.3333333333333,0.0
1026,6.2,Green-N,1332,1321,8.0,138.33333333333334,3.0,1350.0,0.10246913580246915,OVERSUPPLY,1211.6666666666667,0.0
1026,6.2,Green-N,1332,1321,9.0,77.5,3.0,1350.0,0.05740740740740741,OVERSUPPLY,1272.5,0.0
1026,6.2,Green-N,1332,1321,10.0,84.83333333333333,3.0,1350.0,0.0628395061728395,OVERSUPPLY,1265.1666666666667,0.0
1026,6.2,Green-N,1332,1321,11.0,74.5,3.0,1350.0,0.055185185185185184,OVERSUPPLY,1275.5,0.0
1026,6.2,Green-N,1332,1321,12.0,132.66666666666666,3.0,1350.0,0.0982716049382716,OVERSUPPLY,1217.3333333333333,0.0
1026,6.2,Green-N,1332,1321,13.0,156.66666666666666,3.0,1350.0,0.11604938271604938,OVERSUPPLY,1193.3333333333333,0.0
1026,6.2,Green-N,1332,1321,14.0,217.33333333333334,3.0,1350.0,0.16098765432098766,OVERSUPPLY,1132.6666666666667,0.0
1026,6.2,Green-N,1332,1321,15.0,375.5,3.0,1350.0,0.27814814814814814,BALANCED,974.5,0.0
1026,6.2,Green-N,1332,1321,16.0,582.1666666666666,3.0,1350.0,0.43123456790123454,BALANCED,767.8333333333334,0.0
1026,6.2,Green-N,1332,1321,17.0,834.5,3.0,1350.0,0.6181481481481481,BALANCED,515.5,0.0
1026,6.2,Green-N,1332,1321,18.0,713.5,3.0,1350.0,0.5285185185185185,BALANCED,636.5,0.0
1026,6.2,Green-N,1332,1321,19.0,396.6666666666667,2.0,900.0,0.44074074074074077,BALANCED,503.3333333333333,0.0
1028,7.1,Red-S,1333,1356,6.0,13.0,3.0,1350.0,0.00962962962962963,OVERSUPPLY,1337.0,0.0
1028,7.1,Red-S,1333,1356,7.0,12.333333333333334,3.0,1350.0,0.009135802469135803,OVERSUPPLY,1337.6666666666667,0.0
1028,7.1,Red-S,1333,1356,8.0,13.5,3.0,1350.0,0.01,OVERSUPPLY,1336.5,0.0
1028,7.1,Red-S,1333,1356,9.0,7.833333333333333,3.0,1350.0,0.005802469135802469,OVERSUPPLY,1342.1666666666667,0.0
1028,7.1,Red-S,1333,1356,10.0,4.666666666666667,3.0,1350.0,0.0034567901234567903,OVERSUPPLY,1345.3333333333333,0.0
1028,7.1,Red-S,1333,1356,11.0,5.5,3.0,1350.0,0.004074074074074074,OVERSUPPLY,1344.5,0.0
1028,7.1,Red-S,1333,1356,12.0,3.5,3.0,1350.0,0.0025925925925925925,OVERSUPPLY,1346.5,0.0
1028,7.1,Red-S,1333,1356,13.0,4.0,3.0,1350.0,0.002962962962962963,OVERSUPPLY,1346.0,0.0
1028,7.1,Red-S,1333,1356,14.0,2.8333333333333335,3.0,1350.0,0.0020987654320987655,OVERSUPPLY,1347.1666666666667,0.0
1028,7.1,Red-S,1333,1356,15.0,3.333333333333333,3.0,1350.0,0.0024691358024691358,OVERSUPPLY,1346.6666666666667,0.0
1028,7.1,Red-S,1333,1356,16.0,5.5,3.0,1350.0,0.004074074074074074,OVERSUPPLY,1344.5,0.0
1028,7.1,Red-S,1333,1356,17.0,12.0,3.0,1350.0,0.008888888888888889,OVERSUPPLY,1338.0,0.0
1028,7.1,Red-S,1333,1356,18.0,5.666666666666666,3.0,1350.0,0.00419753086419753,OVERSUPPLY,1344.3333333333333,0.0
1028,7.1,Red-S,1333,1356,19.0,5.333333333333333,2.0,900.0,0.005925925925925926,OVERSUPPLY,894.6666666666666,0.0
1030,7.1,Red-S,1334,1336,6.0,39.666666666666664,3.0,1350.0,0.029382716049382713,OVERSUPPLY,1310.3333333333333,0.0
1030,7.1,Red-S,1334,1336,7.0,42.666666666666664,3.0,1350.0,0.03160493827160494,OVERSUPPLY,1307.3333333333333,0.0
1030,7.1,Red-S,1334,1336,8.0,41.666666666666664,3.0,1350.0,0.030864197530864196,OVERSUPPLY,1308.3333333333333,0.0
1030,7.1,Red-S,1334,1336,9.0,31.666666666666668,3.0,1350.0,0.02345679012345679,OVERSUPPLY,1318.3333333333333,0.0
1030,7.1,Red-S,1334,1336,10.0,18.5,3.0,1350.0,0.013703703703703704,OVERSUPPLY,1331.5,0.0
1030,7.1,Red-S,1334,1336,11.0,17.0,3.0,1350.0,0.012592592592592593,OVERSUPPLY,1333.0,0.0
1030,7.1,Red-S,1334,1336,12.0,19.833333333333332,3.0,1350.0,0.014691358024691356,OVERSUPPLY,1330.1666666666667,0.0
1030,7.1,Red-S,1334,1336,13.0,21.166666666666664,3.0,1350.0,0.015679012345679012,OVERSUPPLY,1328.8333333333333,0.0
1030,7.1,Red-S,1334,1336,14.0,36.833333333333336,3.0,1350.0,0.02728395061728395,OVERSUPPLY,1313.1666666666667,0.0
1030,7.1,Red-S,1334,1336,15.0,43.166666666666664,3.0,1350.0,0.03197530864197531,OVERSUPPLY,1306.8333333333333,0.0
1030,7.1,Red-S,1334,1336,16.0,57.166666666666664,3.0,1350.0,0.04234567901234568,OVERSUPPLY,1292.8333333333333,0.0
1030,7.1,Red-S,1334,1336,17.0,111.16666666666667,3.0,1350.0,0.08234567901234568,OVERSUPPLY,1238.8333333333333,0.0
1030,7.1,Red-S,1334,1336,18.0,72.83333333333333,3.0,1350.0,0.05395061728395061,OVERSUPPLY,1277.1666666666667,0.0
1030,7.1,Red-S,1334,1336,19.0,45.166666666666664,2.0,900.0,0.05018518518518518,OVERSUPPLY,854.8333333333334,0.0
1032,7.1,Red-S,1335,1333,6.0,12.5,3.0,1350.0,0.009259259259259259,OVERSUPPLY,1337.5,0.0
1032,7.1,Red-S,1335,1333,7.0,11.5,3.0,1350.0,0.008518518518518519,OVERSUPPLY,1338.5,0.0
1032,7.1,Red-S,1335,1333,8.0,12.0,3.0,1350.0,0.008888888888888889,OVERSUPPLY,1338.0,0.0
1032,7.1,Red-S,1335,1333,9.0,7.166666666666667,3.0,1350.0,0.005308641975308642,OVERSUPPLY,1342.8333333333333,0.0
1032,7.1,Red-S,1335,1333,10.0,4.5,3.0,1350.0,0.0033333333333333335,OVERSUPPLY,1345.5,0.0
1032,7.1,Red-S,1335,1333,11.0,5.333333333333333,3.0,1350.0,0.003950617283950617,OVERSUPPLY,1344.6666666666667,0.0
1032,7.1,Red-S,1335,1333,12.0,3.333333333333333,3.0,1350.0,0.0024691358024691358,OVERSUPPLY,1346.6666666666667,0.0
1032,7.1,Red-S,1335,1333,13.0,3.833333333333333,3.0,1350.0,0.002839506172839506,OVERSUPPLY,1346.1666666666667,0.0
1032,7.1,Red-S,1335,1333,14.0,2.6666666666666665,3.0,1350.0,0.0019753086419753087,OVERSUPPLY,1347.3333333333333,0.0
1032,7.1,Red-S,1335,1333,15.0,3.0,3.0,1350.0,0.0022222222222222222,OVERSUPPLY,1347.0,0.0
1032,7.1,Red-S,1335,1333,16.0,4.833333333333333,3.0,1350.0,0.0035802469135802466,OVERSUPPLY,1345.1666666666667,0.0
1032,7.1,Red-S,1335,1333,17.0,10.166666666666666,3.0,1350.0,0.007530864197530864,OVERSUPPLY,1339.8333333333333,0.0
1032,7.1,Red-S,1335,1333,18.0,5.0,3.0,1350.0,0.003703703703703704,OVERSUPPLY,1345.0,0.0
1032,7.1,Red-S,1335,1333,19.0,4.833333333333333,2.0,900.0,0.00537037037037037,OVERSUPPLY,895.1666666666666,0.0
1034,7.1,Red-S,1336,1345,6.0,41.666666666666664,3.0,1350.0,0.030864197530864196,OVERSUPPLY,1308.3333333333333,0.0
1034,7.1,Red-S,1336,1345,7.0,50.166666666666664,3.0,1350.0,0.03716049382716049,OVERSUPPLY,1299.8333333333333,0.0
1034,7.1,Red-S,1336,1345,8.0,48.666666666666664,3.0,1350.0,0.036049382716049384,OVERSUPPLY,1301.3333333333333,0.0
1034,7.1,Red-S,1336,1345,9.0,36.166666666666664,3.0,1350.0,0.026790123456790122,OVERSUPPLY,1313.8333333333333,0.0
1034,7.1,Red-S,1336,1345,10.0,21.5,3.0,1350.0,0.015925925925925927,OVERSUPPLY,1328.5,0.0
1034,7.1,Red-S,1336,1345,11.0,19.0,3.0,1350.0,0.014074074074074074,OVERSUPPLY,1331.0,0.0
1034,7.1,Red-S,1336,1345,12.0,20.666666666666668,3.0,1350.0,0.015308641975308642,OVERSUPPLY,1329.3333333333333,0.0
1034,7.1,Red-S,1336,1345,13.0,23.5,3.0,1350.0,0.017407407407407406,OVERSUPPLY,1326.5,0.0
1034,7.1,Red-S,1336,1345,14.0,40.0,3.0,1350.0,0.02962962962962963,OVERSUPPLY,1310.0,0.0
1034,7.1,Red-S,1336,1345,15.0,44.833333333333336,3.0,1350.0,0.03320987654320988,OVERSUPPLY,1305.1666666666667,0.0
1034,7.1,Red-S,1336,1345,16.0,61.0,3.0,1350.0,0.04518518518518518,OVERSUPPLY,1289.0,0.0
1034,7.1,Red-S,1336,1345,17.0,116.16666666666667,3.0,1350.0,0.08604938271604938,OVERSUPPLY,1233.8333333333333,0.0
1034,7.1,Red-S,1336,1345,18.0,77.66666666666667,3.0,1350.0,0.05753086419753087,OVERSUPPLY,1272.3333333333333,0.0
1034,7.1,Red-S,1336,1345,19.0,48.0,2.0,900.0,0.05333333333333334,OVERSUPPLY,852.0,0.0
1036,7.1,Red-S,1337,1346,5.0,196.66666666666666,3.0,1350.0,0.145679012345679,OVERSUPPLY,1153.3333333333333,0.0
1036,7.1,Red-S,1337,1346,6.0,493.8333333333333,3.0,1350.0,0.36580246913580244,BALANCED,856.1666666666667,0.0
1036,7.1,Red-S,1337,1346,7.0,837.5,3.0,1350.0,0.6203703703703703,BALANCED,512.5,0.0
1036,7.1,Red-S,1337,1346,8.0,941.0,3.0,1350.0,0.697037037037037,BALANCED,409.0,0.0
1036,7.1,Red-S,1337,1346,9.0,532.3333333333334,3.0,1350.0,0.394320987654321,BALANCED,817.6666666666666,0.0
1036,7.1,Red-S,1337,1346,10.0,311.6666666666667,3.0,1350.0,0.2308641975308642,BALANCED,1038.3333333333333,0.0
1036,7.1,Red-S,1337,1346,11.0,233.16666666666666,3.0,1350.0,0.17271604938271604,OVERSUPPLY,1116.8333333333333,0.0
1036,7.1,Red-S,1337,1346,12.0,204.16666666666666,3.0,1350.0,0.15123456790123457,OVERSUPPLY,1145.8333333333333,0.0
1036,7.1,Red-S,1337,1346,13.0,182.66666666666666,3.0,1350.0,0.13530864197530865,OVERSUPPLY,1167.3333333333333,0.0
1036,7.1,Red-S,1337,1346,14.0,194.16666666666666,3.0,1350.0,0.14382716049382716,OVERSUPPLY,1155.8333333333333,0.0
1036,7.1,Red-S,1337,1346,15.0,174.16666666666666,3.0,1350.0,0.12901234567901235,OVERSUPPLY,1175.8333333333333,0.0
1036,7.1,Red-S,1337,1346,16.0,216.5,3.0,1350.0,0.16037037037037036,OVERSUPPLY,1133.5,0.0
1036,7.1,Red-S,1337,1346,17.0,224.83333333333334,3.0,1350.0,0.16654320987654322,OVERSUPPLY,1125.1666666666667,0.0
1036,7.1,Red-S,1337,1346,18.0,192.16666666666666,3.0,1350.0,0.14234567901234568,OVERSUPPLY,1157.8333333333333,0.0
1036,7.1,Red-S,1337,1346,19.0,125.33333333333333,2.0,900.0,0.13925925925925925,OVERSUPPLY,774.6666666666666,0.0
1038,7.1,Red-S,1338,1341,6.0,46.333333333333336,3.0,1350.0,0.03432098765432099,OVERSUPPLY,1303.6666666666667,0.0
1038,7.1,Red-S,1338,1341,7.0,69.0,3.0,1350.0,0.051111111111111114,OVERSUPPLY,1281.0,0.0
1038,7.1,Red-S,1338,1341,8.0,63.16666666666667,3.0,1350.0,0.04679012345679013,OVERSUPPLY,1286.8333333333333,0.0
1038,7.1,Red-S,1338,1341,9.0,42.5,3.0,1350.0,0.03148148148148148,OVERSUPPLY,1307.5,0.0
1038,7.1,Red-S,1338,1341,10.0,27.0,3.0,1350.0,0.02,OVERSUPPLY,1323.0,0.0
1038,7.1,Red-S,1338,1341,11.0,22.833333333333332,3.0,1350.0,0.01691358024691358,OVERSUPPLY,1327.1666666666667,0.0
1038,7.1,Red-S,1338,1341,12.0,23.333333333333332,3.0,1350.0,0.01728395061728395,OVERSUPPLY,1326.6666666666667,0.0
1038,7.1,Red-S,1338,1341,13.0,26.666666666666664,3.0,1350.0,0.019753086419753086,OVERSUPPLY,1323.3333333333333,0.0
1038,7.1,Red-S,1338,1341,14.0,43.0,3.0,1350.0,0.03185185185185185,OVERSUPPLY,1307.0,0.0
1038,7.1,Red-S,1338,1341,15.0,48.333333333333336,3.0,1350.0,0.03580246913580247,OVERSUPPLY,1301.6666666666667,0.0
1038,7.1,Red-S,1338,1341,16.0,68.0,3.0,1350.0,0.05037037037037037,OVERSUPPLY,1282.0,0.0
1038,7.1,Red-S,1338,1341,17.0,124.0,3.0,1350.0,0.09185185185185185,OVERSUPPLY,1226.0,0.0
1038,7.1,Red-S,1338,1341,18.0,82.66666666666667,3.0,1350.0,0.06123456790123457,OVERSUPPLY,1267.3333333333333,0.0
1038,7.1,Red-S,1338,1341,19.0,50.333333333333336,2.0,900.0,0.05592592592592593,OVERSUPPLY,849.6666666666666,0.0
1040,7.1,Red-S,1339,1334,6.0,38.333333333333336,3.0,1350.0,0.028395061728395062,OVERSUPPLY,1311.6666666666667,0.0
1040,7.1,Red-S,1339,1334,7.0,37.333333333333336,3.0,1350.0,0.027654320987654323,OVERSUPPLY,1312.6666666666667,0.0
1040,7.1,Red-S,1339,1334,8.0,36.5,3.0,1350.0,0.027037037037037037,OVERSUPPLY,1313.5,0.0
1040,7.1,Red-S,1339,1334,9.0,25.833333333333332,3.0,1350.0,0.0191358024691358,OVERSUPPLY,1324.1666666666667,0.0
1040,7.1,Red-S,1339,1334,10.0,16.333333333333332,3.0,1350.0,0.012098765432098764,OVERSUPPLY,1333.6666666666667,0.0
1040,7.1,Red-S,1339,1334,11.0,15.166666666666666,3.0,1350.0,0.011234567901234567,OVERSUPPLY,1334.8333333333333,0.0
1040,7.1,Red-S,1339,1334,12.0,17.666666666666668,3.0,1350.0,0.01308641975308642,OVERSUPPLY,1332.3333333333333,0.0
1040,7.1,Red-S,1339,1334,13.0,18.5,3.0,1350.0,0.013703703703703704,OVERSUPPLY,1331.5,0.0
1040,7.1,Red-S,1339,1334,14.0,29.5,3.0,1350.0,0.02185185185185185,OVERSUPPLY,1320.5,0.0
1040,7.1,Red-S,1339,1334,15.0,36.833333333333336,3.0,1350.0,0.02728395061728395,OVERSUPPLY,1313.1666666666667,0.0
1040,7.1,Red-S,1339,1334,16.0,50.833333333333336,3.0,1350.0,0.037654320987654324,OVERSUPPLY,1299.1666666666667,0.0
1040,7.1,Red-S,1339,1334,17.0,98.16666666666667,3.0,1350.0,0.07271604938271606,OVERSUPPLY,1251.8333333333333,0.0
1040,7.1,Red-S,1339,1334,18.0,65.16666666666667,3.0,1350.0,0.04827160493827161,OVERSUPPLY,1284.8333333333333,0.0
1040,7.1,Red-S,1339,1334,19.0,40.333333333333336,2.0,900.0,0.044814814814814814,OVERSUPPLY,859.6666666666666,0.0
1042,7.1,Red-S,1340,1355,6.0,54.833333333333336,3.0,1350.0,0.04061728395061728,OVERSUPPLY,1295.1666666666667,0.0
1042,7.1,Red-S,1340,1355,7.0,84.66666666666667,3.0,1350.0,0.06271604938271605,OVERSUPPLY,1265.3333333333333,0.0
1042,7.1,Red-S,1340,1355,8.0,79.0,3.0,1350.0,0.05851851851851852,OVERSUPPLY,1271.0,0.0
1042,7.1,Red-S,1340,1355,9.0,50.0,3.0,1350.0,0.037037037037037035,OVERSUPPLY,1300.0,0.0
1042,7.1,Red-S,1340,1355,10.0,33.0,3.0,1350.0,0.024444444444444446,OVERSUPPLY,1317.0,0.0
1042,7.1,Red-S,1340,1355,11.0,28.166666666666668,3.0,1350.0,0.020864197530864197,OVERSUPPLY,1321.8333333333333,0.0
1042,7.1,Red-S,1340,1355,12.0,30.0,3.0,1350.0,0.022222222222222223,OVERSUPPLY,1320.0,0.0
1042,7.1,Red-S,1340,1355,13.0,32.166666666666664,3.0,1350.0,0.02382716049382716,OVERSUPPLY,1317.8333333333333,0.0
1042,7.1,Red-S,1340,1355,14.0,53.333333333333336,3.0,1350.0,0.03950617283950617,OVERSUPPLY,1296.6666666666667,0.0
1042,7.1,Red-S,1340,1355,15.0,55.5,3.0,1350.0,0.04111111111111111,OVERSUPPLY,1294.5,0.0
1042,7.1,Red-S,1340,1355,16.0,81.83333333333333,3.0,1350.0,0.06061728395061728,OVERSUPPLY,1268.1666666666667,0.0
1042,7.1,Red-S,1340,1355,17.0,136.33333333333334,3.0,1350.0,0.10098765432098766,OVERSUPPLY,1213.6666666666667,0.0
1042,7.1,Red-S,1340,1355,18.0,90.16666666666667,3.0,1350.0,0.06679012345679013,OVERSUPPLY,1259.8333333333333,0.0
1042,7.1,Red-S,1340,1355,19.0,54.666666666666664,2.0,900.0,0.06074074074074074,OVERSUPPLY,845.3333333333334,0.0
1044,7.1,Red-S,1341,1340,6.0,51.166666666666664,3.0,1350.0,0.03790123456790123,OVERSUPPLY,1298.8333333333333,0.0
1044,7.1,Red-S,1341,1340,7.0,77.66666666666667,3.0,1350.0,0.05753086419753087,OVERSUPPLY,1272.3333333333333,0.0
1044,7.1,Red-S,1341,1340,8.0,72.0,3.0,1350.0,0.05333333333333334,OVERSUPPLY,1278.0,0.0
1044,7.1,Red-S,1341,1340,9.0,46.833333333333336,3.0,1350.0,0.03469135802469136,OVERSUPPLY,1303.1666666666667,0.0
1044,7.1,Red-S,1341,1340,10.0,30.833333333333332,3.0,1350.0,0.022839506172839506,OVERSUPPLY,1319.1666666666667,0.0
1044,7.1,Red-S,1341,1340,11.0,26.166666666666668,3.0,1350.0,0.019382716049382718,OVERSUPPLY,1323.8333333333333,0.0
1044,7.1,Red-S,1341,1340,12.0,27.0,3.0,1350.0,0.02,OVERSUPPLY,1323.0,0.0
1044,7.1,Red-S,1341,1340,13.0,29.5,3.0,1350.0,0.02185185185185185,OVERSUPPLY,1320.5,0.0
1044,7.1,Red-S,1341,1340,14.0,48.5,3.0,1350.0,0.035925925925925924,OVERSUPPLY,1301.5,0.0
1044,7.1,Red-S,1341,1340,15.0,52.833333333333336,3.0,1350.0,0.039135802469135804,OVERSUPPLY,1297.1666666666667,0.0
1044,7.1,Red-S,1341,1340,16.0,76.5,3.0,1350.0,0.056666666666666664,OVERSUPPLY,1273.5,0.0
1044,7.1,Red-S,1341,1340,17.0,131.16666666666669,3.0,1350.0,0.09716049382716051,OVERSUPPLY,1218.8333333333333,0.0
1044,7.1,Red-S,1341,1340,18.0,87.16666666666667,3.0,1350.0,0.0645679012345679,OVERSUPPLY,1262.8333333333333,0.0
1044,7.1,Red-S,1341,1340,19.0,52.83333333333333,2.0,900.0,0.058703703703703695,OVERSUPPLY,847.1666666666666,0.0
1046,7.1,Red-S,1342,1337,5.0,198.0,3.0,1350.0,0.14666666666666667,OVERSUPPLY,1152.0,0.0
1046,7.1,Red-S,1342,1337,6.0,494.8333333333333,3.0,1350.0,0.3665432098765432,BALANCED,855.1666666666667,0.0
1046,7.1,Red-S,1342,1337,7.0,850.6666666666666,3.0,1350.0,0.6301234567901234,BALANCED,499.33333333333337,0.0
1046,7.1,Red-S,1342,1337,8.0,946.0,3.0,1350.0,0.7007407407407408,BALANCED,404.0,0.0
1046,7.1,Red-S,1342,1337,9.0,538.1666666666666,3.0,1350.0,0.3986419753086419,BALANCED,811.8333333333334,0.0
1046,7.1,Red-S,1342,1337,10.0,315.3333333333333,3.0,1350.0,0.23358024691358023,BALANCED,1034.6666666666667,0.0
1046,7.1,Red-S,1342,1337,11.0,236.0,3.0,1350.0,0.1748148148148148,OVERSUPPLY,1114.0,0.0
1046,7.1,Red-S,1342,1337,12.0,213.33333333333334,3.0,1350.0,0.1580246913580247,OVERSUPPLY,1136.6666666666667,0.0
1046,7.1,Red-S,1342,1337,13.0,193.16666666666666,3.0,1350.0,0.14308641975308642,OVERSUPPLY,1156.8333333333333,0.0
1046,7.1,Red-S,1342,1337,14.0,206.0,3.0,1350.0,0.15259259259259259,OVERSUPPLY,1144.0,0.0
1046,7.1,Red-S,1342,1337,15.0,193.83333333333334,3.0,1350.0,0.14358024691358026,OVERSUPPLY,1156.1666666666667,0.0
1046,7.1,Red-S,1342,1337,16.0,232.5,3.0,1350.0,0.17222222222222222,OVERSUPPLY,1117.5,0.0
1046,7.1,Red-S,1342,1337,17.0,244.66666666666666,3.0,1350.0,0.18123456790123457,OVERSUPPLY,1105.3333333333333,0.0
1046,7.1,Red-S,1342,1337,18.0,205.0,3.0,1350.0,0.15185185185185185,OVERSUPPLY,1145.0,0.0
1046,7.1,Red-S,1342,1337,19.0,134.16666666666666,2.0,900.0,0.14907407407407405,OVERSUPPLY,765.8333333333334,0.0
1048,7.1,Red-S,1343,1350,5.0,1.0,3.0,1350.0,0.0007407407407407407,OVERSUPPLY,1349.0,0.0
1048,7.1,Red-S,1343,1350,6.0,1.5,3.0,1350.0,0.0011111111111111111,OVERSUPPLY,1348.5,0.0
1048,7.1,Red-S,1343,1350,7.0,7.0,3.0,1350.0,0.005185185185185185,OVERSUPPLY,1343.0,0.0
1048,7.1,Red-S,1343,1350,8.0,12.333333333333332,3.0,1350.0,0.009135802469135802,OVERSUPPLY,1337.6666666666667,0.0
1048,7.1,Red-S,1343,1350,9.0,5.833333333333334,3.0,1350.0,0.004320987654320988,OVERSUPPLY,1344.1666666666667,0.0
1048,7.1,Red-S,1343,1350,10.0,3.833333333333333,3.0,1350.0,0.002839506172839506,OVERSUPPLY,1346.1666666666667,0.0
1048,7.1,Red-S,1343,1350,11.0,2.5,3.0,1350.0,0.001851851851851852,OVERSUPPLY,1347.5,0.0
1048,7.1,Red-S,1343,1350,12.0,3.666666666666666,3.0,1350.0,0.002716049382716049,OVERSUPPLY,1346.3333333333333,0.0
1048,7.1,Red-S,1343,1350,13.0,3.833333333333333,3.0,1350.0,0.002839506172839506,OVERSUPPLY,1346.1666666666667,0.0
1048,7.1,Red-S,1343,1350,14.0,5.333333333333333,3.0,1350.0,0.003950617283950617,OVERSUPPLY,1344.6666666666667,0.0
1048,7.1,Red-S,1343,1350,15.0,4.333333333333334,3.0,1350.0,0.0032098765432098768,OVERSUPPLY,1345.6666666666667,0.0
1048,7.1,Red-S,1343,1350,16.0,4.0,3.0,1350.0,0.002962962962962963,OVERSUPPLY,1346.0,0.0
1048,7.1,Red-S,1343,1350,17.0,3.5,3.0,1350.0,0.0025925925925925925,OVERSUPPLY,1346.5,0.0
1048,7.1,Red-S,1343,1350,18.0,3.333333333333333,3.0,1350.0,0.0024691358024691358,OVERSUPPLY,1346.6666666666667,0.0
1048,7.1,Red-S,1343,1350,19.0,1.6666666666666667,2.0,900.0,0.001851851851851852,OVERSUPPLY,898.3333333333334,0.0
1050,7.1,Red-S,1344,1348,6.0,19.0,3.0,1350.0,0.014074074074074074,OVERSUPPLY,1331.0,0.0
1050,7.1,Red-S,1344,1348,7.0,19.333333333333332,3.0,1350.0,0.014320987654320987,OVERSUPPLY,1330.6666666666667,0.0
1050,7.1,Red-S,1344,1348,8.0,17.666666666666668,3.0,1350.0,0.01308641975308642,OVERSUPPLY,1332.3333333333333,0.0
1050,7.1,Red-S,1344,1348,9.0,12.166666666666666,3.0,1350.0,0.009012345679012346,OVERSUPPLY,1337.8333333333333,0.0
1050,7.1,Red-S,1344,1348,10.0,7.0,3.0,1350.0,0.005185185185185185,OVERSUPPLY,1343.0,0.0
1050,7.1,Red-S,1344,1348,11.0,6.833333333333333,3.0,1350.0,0.005061728395061728,OVERSUPPLY,1343.1666666666667,0.0
1050,7.1,Red-S,1344,1348,12.0,6.333333333333333,3.0,1350.0,0.004691358024691358,OVERSUPPLY,1343.6666666666667,0.0
1050,7.1,Red-S,1344,1348,13.0,7.166666666666667,3.0,1350.0,0.005308641975308642,OVERSUPPLY,1342.8333333333333,0.0
1050,7.1,Red-S,1344,1348,14.0,6.0,3.0,1350.0,0.0044444444444444444,OVERSUPPLY,1344.0,0.0
1050,7.1,Red-S,1344,1348,15.0,6.333333333333333,3.0,1350.0,0.004691358024691358,OVERSUPPLY,1343.6666666666667,0.0
1050,7.1,Red-S,1344,1348,16.0,12.666666666666666,3.0,1350.0,0.009382716049382716,OVERSUPPLY,1337.3333333333333,0.0
1050,7.1,Red-S,1344,1348,17.0,25.166666666666668,3.0,1350.0,0.018641975308641975,OVERSUPPLY,1324.8333333333333,0.0
1050,7.1,Red-S,1344,1348,18.0,17.5,3.0,1350.0,0.012962962962962963,OVERSUPPLY,1332.5,0.0
1050,7.1,Red-S,1344,1348,19.0,10.333333333333334,2.0,900.0,0.011481481481481481,OVERSUPPLY,889.6666666666666,0.0
1052,7.1,Red-S,1345,1338,6.0,43.5,3.0,1350.0,0.03222222222222222,OVERSUPPLY,1306.5,0.0
1052,7.1,Red-S,1345,1338,7.0,59.5,3.0,1350.0,0.04407407407407407,OVERSUPPLY,1290.5,0.0
1052,7.1,Red-S,1345,1338,8.0,56.66666666666667,3.0,1350.0,0.04197530864197531,OVERSUPPLY,1293.3333333333333,0.0
1052,7.1,Red-S,1345,1338,9.0,38.833333333333336,3.0,1350.0,0.028765432098765434,OVERSUPPLY,1311.1666666666667,0.0
1052,7.1,Red-S,1345,1338,10.0,24.0,3.0,1350.0,0.017777777777777778,OVERSUPPLY,1326.0,0.0
1052,7.1,Red-S,1345,1338,11.0,20.833333333333332,3.0,1350.0,0.015432098765432098,OVERSUPPLY,1329.1666666666667,0.0
1052,7.1,Red-S,1345,1338,12.0,21.833333333333332,3.0,1350.0,0.016172839506172838,OVERSUPPLY,1328.1666666666667,0.0
1052,7.1,Red-S,1345,1338,13.0,24.833333333333332,3.0,1350.0,0.01839506172839506,OVERSUPPLY,1325.1666666666667,0.0
1052,7.1,Red-S,1345,1338,14.0,41.33333333333333,3.0,1350.0,0.03061728395061728,OVERSUPPLY,1308.6666666666667,0.0
1052,7.1,Red-S,1345,1338,15.0,45.833333333333336,3.0,1350.0,0.03395061728395062,OVERSUPPLY,1304.1666666666667,0.0
1052,7.1,Red-S,1345,1338,16.0,63.5,3.0,1350.0,0.04703703703703704,OVERSUPPLY,1286.5,0.0
1052,7.1,Red-S,1345,1338,17.0,119.83333333333334,3.0,1350.0,0.08876543209876545,OVERSUPPLY,1230.1666666666667,0.0
1052,7.1,Red-S,1345,1338,18.0,80.33333333333333,3.0,1350.0,0.05950617283950617,OVERSUPPLY,1269.6666666666667,0.0
1052,7.1,Red-S,1345,1338,19.0,49.5,2.0,900.0,0.055,OVERSUPPLY,850.5,0.0
1054,7.1,Red-S,1346,1335,5.0,244.0,3.0,1350.0,0.18074074074074073,OVERSUPPLY,1106.0,0.0
1054,7.1,Red-S,1346,1335,6.0,690.3333333333334,3.0,1350.0,0.511358024691358,BALANCED,659.6666666666666,0.0
1054,7.1,Red-S,1346,1335,7.0,1343.3333333333333,3.0,1350.0,0.9950617283950617,CROWDED,6.6666666666667425,0.0
1054,7.1,Red-S,1346,1335,8.0,1679.3333333333333,3.0,1350.0,1.2439506172839505,UNDERSUPPLY,0.0,329.33333333333326
1054,7.1,Red-S,1346,1335,9.0,998.6666666666666,3.0,1350.0,0.739753086419753,BALANCED,351.33333333333337,0.0
1054,7.1,Red-S,1346,1335,10.0,569.3333333333334,3.0,1350.0,0.42172839506172843,BALANCED,780.6666666666666,0.0
1054,7.1,Red-S,1346,1335,11.0,458.6666666666667,3.0,1350.0,0.3397530864197531,BALANCED,891.3333333333333,0.0
1054,7.1,Red-S,1346,1335,12.0,427.5,3.0,1350.0,0.31666666666666665,BALANCED,922.5,0.0
1054,7.1,Red-S,1346,1335,13.0,410.5,3.0,1350.0,0.30407407407407405,BALANCED,939.5,0.0
1054,7.1,Red-S,1346,1335,14.0,446.3333333333333,3.0,1350.0,0.3306172839506173,BALANCED,903.6666666666667,0.0
1054,7.1,Red-S,1346,1335,15.0,502.6666666666667,3.0,1350.0,0.3723456790123457,BALANCED,847.3333333333333,0.0
1054,7.1,Red-S,1346,1335,16.0,710.3333333333334,3.0,1350.0,0.5261728395061729,BALANCED,639.6666666666666,0.0
1054,7.1,Red-S,1346,1335,17.0,791.8333333333334,3.0,1350.0,0.5865432098765433,BALANCED,558.1666666666666,0.0
1054,7.1,Red-S,1346,1335,18.0,662.5,3.0,1350.0,0.49074074074074076,BALANCED,687.5,0.0
1054,7.1,Red-S,1346,1335,19.0,424.1666666666667,2.0,900.0,0.4712962962962963,BALANCED,475.8333333333333,0.0
1057,7.1,Red-S,1348,1351,6.0,19.0,3.0,1350.0,0.014074074074074074,OVERSUPPLY,1331.0,0.0
1057,7.1,Red-S,1348,1351,7.0,19.666666666666668,3.0,1350.0,0.014567901234567903,OVERSUPPLY,1330.3333333333333,0.0
1057,7.1,Red-S,1348,1351,8.0,18.666666666666668,3.0,1350.0,0.013827160493827161,OVERSUPPLY,1331.3333333333333,0.0
1057,7.1,Red-S,1348,1351,9.0,12.5,3.0,1350.0,0.009259259259259259,OVERSUPPLY,1337.5,0.0
1057,7.1,Red-S,1348,1351,10.0,7.5,3.0,1350.0,0.005555555555555556,OVERSUPPLY,1342.5,0.0
1057,7.1,Red-S,1348,1351,11.0,7.333333333333333,3.0,1350.0,0.005432098765432099,OVERSUPPLY,1342.6666666666667,0.0
1057,7.1,Red-S,1348,1351,12.0,7.833333333333333,3.0,1350.0,0.005802469135802469,OVERSUPPLY,1342.1666666666667,0.0
1057,7.1,Red-S,1348,1351,13.0,8.666666666666666,3.0,1350.0,0.006419753086419753,OVERSUPPLY,1341.3333333333333,0.0
1057,7.1,Red-S,1348,1351,14.0,10.333333333333332,3.0,1350.0,0.00765432098765432,OVERSUPPLY,1339.6666666666667,0.0
1057,7.1,Red-S,1348,1351,15.0,14.166666666666666,3.0,1350.0,0.010493827160493827,OVERSUPPLY,1335.8333333333333,0.0
1057,7.1,Red-S,1348,1351,16.0,19.166666666666664,3.0,1350.0,0.01419753086419753,OVERSUPPLY,1330.8333333333333,0.0
1057,7.1,Red-S,1348,1351,17.0,38.0,3.0,1350.0,0.028148148148148148,OVERSUPPLY,1312.0,0.0
1057,7.1,Red-S,1348,1351,18.0,27.666666666666664,3.0,1350.0,0.020493827160493826,OVERSUPPLY,1322.3333333333333,0.0
1057,7.1,Red-S,1348,1351,19.0,16.666666666666668,2.0,900.0,0.01851851851851852,OVERSUPPLY,883.3333333333334,0.0
1059,7.1,Red-S,1349,1342,5.0,206.16666666666666,3.0,1350.0,0.15271604938271605,OVERSUPPLY,1143.8333333333333,0.0
1059,7.1,Red-S,1349,1342,6.0,523.8333333333334,3.0,1350.0,0.3880246913580247,BALANCED,826.1666666666666,0.0
1059,7.1,Red-S,1349,1342,7.0,933.3333333333334,3.0,1350.0,0.6913580246913581,BALANCED,416.66666666666663,0.0
1059,7.1,Red-S,1349,1342,8.0,1097.6666666666667,3.0,1350.0,0.8130864197530865,CROWDED,252.33333333333326,0.0
1059,7.1,Red-S,1349,1342,9.0,607.8333333333334,3.0,1350.0,0.45024691358024693,BALANCED,742.1666666666666,0.0
1059,7.1,Red-S,1349,1342,10.0,362.5,3.0,1350.0,0.26851851851851855,BALANCED,987.5,0.0
1059,7.1,Red-S,1349,1342,11.0,262.8333333333333,3.0,1350.0,0.19469135802469134,OVERSUPPLY,1087.1666666666667,0.0
1059,7.1,Red-S,1349,1342,12.0,236.33333333333334,3.0,1350.0,0.17506172839506173,OVERSUPPLY,1113.6666666666667,0.0
1059,7.1,Red-S,1349,1342,13.0,211.16666666666666,3.0,1350.0,0.15641975308641975,OVERSUPPLY,1138.8333333333333,0.0
1059,7.1,Red-S,1349,1342,14.0,219.16666666666666,3.0,1350.0,0.16234567901234567,OVERSUPPLY,1130.8333333333333,0.0
1059,7.1,Red-S,1349,1342,15.0,199.0,3.0,1350.0,0.1474074074074074,OVERSUPPLY,1151.0,0.0
1059,7.1,Red-S,1349,1342,16.0,244.83333333333334,3.0,1350.0,0.18135802469135803,OVERSUPPLY,1105.1666666666667,0.0
1059,7.1,Red-S,1349,1342,17.0,236.5,3.0,1350.0,0.1751851851851852,OVERSUPPLY,1113.5,0.0
1059,7.1,Red-S,1349,1342,18.0,198.83333333333334,3.0,1350.0,0.14728395061728397,OVERSUPPLY,1151.1666666666667,0.0
1059,7.1,Red-S,1349,1342,19.0,128.66666666666666,2.0,900.0,0.14296296296296296,OVERSUPPLY,771.3333333333334,0.0
1061,7.1,Red-S,1350,1349,7.0,1.0,3.0,1350.0,0.0007407407407407407,OVERSUPPLY,1349.0,0.0
1061,7.1,Red-S,1350,1349,8.0,1.1666666666666667,3.0,1350.0,0.0008641975308641976,OVERSUPPLY,1348.8333333333333,0.0
1061,7.1,Red-S,1350,1349,9.0,2.0,3.0,1350.0,0.0014814814814814814,OVERSUPPLY,1348.0,0.0
1061,7.1,Red-S,1350,1349,10.0,0.5,3.0,1350.0,0.00037037037037037035,OVERSUPPLY,1349.5,0.0
1061,7.1,Red-S,1350,1349,11.0,0.6666666666666666,3.0,1350.0,0.0004938271604938272,OVERSUPPLY,1349.3333333333333,0.0
1061,7.1,Red-S,1350,1349,12.0,0.8333333333333334,3.0,1350.0,0.0006172839506172839,OVERSUPPLY,1349.1666666666667,0.0
1061,7.1,Red-S,1350,1349,13.0,1.1666666666666667,3.0,1350.0,0.0008641975308641976,OVERSUPPLY,1348.8333333333333,0.0
1061,7.1,Red-S,1350,1349,14.0,0.8333333333333334,3.0,1350.0,0.0006172839506172839,OVERSUPPLY,1349.1666666666667,0.0
1061,7.1,Red-S,1350,1349,15.0,0.8333333333333334,3.0,1350.0,0.0006172839506172839,OVERSUPPLY,1349.1666666666667,0.0
1061,7.1,Red-S,1350,1349,16.0,1.1666666666666667,3.0,1350.0,0.0008641975308641976,OVERSUPPLY,1348.8333333333333,0.0
1061,7.1,Red-S,1350,1349,17.0,1.0,3.0,1350.0,0.0007407407407407407,OVERSUPPLY,1349.0,0.0
1061,7.1,Red-S,1350,1349,18.0,0.3333333333333333,3.0,1350.0,0.0002469135802469136,OVERSUPPLY,1349.6666666666667,0.0
1061,7.1,Red-S,1350,1349,19.0,1.8333333333333333,2.0,900.0,0.002037037037037037,OVERSUPPLY,898.1666666666666,0.0
1063,7.1,Red-S,1351,1339,6.0,20.666666666666668,3.0,1350.0,0.015308641975308642,OVERSUPPLY,1329.3333333333333,0.0
1063,7.1,Red-S,1351,1339,7.0,21.833333333333332,3.0,1350.0,0.016172839506172838,OVERSUPPLY,1328.1666666666667,0.0
1063,7.1,Red-S,1351,1339,8.0,22.0,3.0,1350.0,0.016296296296296295,OVERSUPPLY,1328.0,0.0
1063,7.1,Red-S,1351,1339,9.0,13.666666666666666,3.0,1350.0,0.010123456790123456,OVERSUPPLY,1336.3333333333333,0.0
1063,7.1,Red-S,1351,1339,10.0,9.666666666666666,3.0,1350.0,0.007160493827160493,OVERSUPPLY,1340.3333333333333,0.0
1063,7.1,Red-S,1351,1339,11.0,8.833333333333334,3.0,1350.0,0.00654320987654321,OVERSUPPLY,1341.1666666666667,0.0
1063,7.1,Red-S,1351,1339,12.0,9.0,3.0,1350.0,0.006666666666666667,OVERSUPPLY,1341.0,0.0
1063,7.1,Red-S,1351,1339,13.0,10.833333333333332,3.0,1350.0,0.00802469135802469,OVERSUPPLY,1339.1666666666667,0.0
1063,7.1,Red-S,1351,1339,14.0,14.0,3.0,1350.0,0.01037037037037037,OVERSUPPLY,1336.0,0.0
1063,7.1,Red-S,1351,1339,15.0,17.166666666666664,3.0,1350.0,0.012716049382716048,OVERSUPPLY,1332.8333333333333,0.0
1063,7.1,Red-S,1351,1339,16.0,25.833333333333332,3.0,1350.0,0.0191358024691358,OVERSUPPLY,1324.1666666666667,0.0
1063,7.1,Red-S,1351,1339,17.0,48.0,3.0,1350.0,0.035555555555555556,OVERSUPPLY,1302.0,0.0
1063,7.1,Red-S,1351,1339,18.0,33.333333333333336,3.0,1350.0,0.02469135802469136,OVERSUPPLY,1316.6666666666667,0.0
1063,7.1,Red-S,1351,1339,19.0,20.166666666666668,2.0,900.0,0.022407407407407407,OVERSUPPLY,879.8333333333334,0.0
1065,7.1,Red-S,1352,1343,5.0,1.0,3.0,1350.0,0.0007407407407407407,OVERSUPPLY,1349.0,0.0
1065,7.1,Red-S,1352,1343,6.0,2.6666666666666665,3.0,1350.0,0.0019753086419753087,OVERSUPPLY,1347.3333333333333,0.0
1065,7.1,Red-S,1352,1343,7.0,11.0,3.0,1350.0,0.008148148148148147,OVERSUPPLY,1339.0,0.0
1065,7.1,Red-S,1352,1343,8.0,20.166666666666664,3.0,1350.0,0.014938271604938269,OVERSUPPLY,1329.8333333333333,0.0
1065,7.1,Red-S,1352,1343,9.0,6.0,3.0,1350.0,0.0044444444444444444,OVERSUPPLY,1344.0,0.0
1065,7.1,Red-S,1352,1343,10.0,2.6666666666666665,3.0,1350.0,0.0019753086419753087,OVERSUPPLY,1347.3333333333333,0.0
1065,7.1,Red-S,1352,1343,11.0,3.833333333333333,3.0,1350.0,0.002839506172839506,OVERSUPPLY,1346.1666666666667,0.0
1065,7.1,Red-S,1352,1343,12.0,3.333333333333333,3.0,1350.0,0.0024691358024691358,OVERSUPPLY,1346.6666666666667,0.0
1065,7.1,Red-S,1352,1343,13.0,5.0,3.0,1350.0,0.003703703703703704,OVERSUPPLY,1345.0,0.0
1065,7.1,Red-S,1352,1343,14.0,5.0,3.0,1350.0,0.003703703703703704,OVERSUPPLY,1345.0,0.0
1065,7.1,Red-S,1352,1343,15.0,4.333333333333333,3.0,1350.0,0.0032098765432098763,OVERSUPPLY,1345.6666666666667,0.0
1065,7.1,Red-S,1352,1343,16.0,6.0,3.0,1350.0,0.0044444444444444444,OVERSUPPLY,1344.0,0.0
1065,7.1,Red-S,1352,1343,17.0,3.833333333333333,3.0,1350.0,0.002839506172839506,OVERSUPPLY,1346.1666666666667,0.0
1065,7.1,Red-S,1352,1343,18.0,4.0,3.0,1350.0,0.002962962962962963,OVERSUPPLY,1346.0,0.0
1065,7.1,Red-S,1352,1343,19.0,0.6666666666666666,2.0,900.0,0.0007407407407407407,OVERSUPPLY,899.3333333333334,0.0
1067,7.1,Red-S,1353,1354,6.0,59.666666666666664,3.0,1350.0,0.04419753086419753,OVERSUPPLY,1290.3333333333333,0.0
1067,7.1,Red-S,1353,1354,7.0,91.0,3.0,1350.0,0.0674074074074074,OVERSUPPLY,1259.0,0.0
1067,7.1,Red-S,1353,1354,8.0,83.66666666666667,3.0,1350.0,0.06197530864197531,OVERSUPPLY,1266.3333333333333,0.0
1067,7.1,Red-S,1353,1354,9.0,56.5,3.0,1350.0,0.04185185185185185,OVERSUPPLY,1293.5,0.0
1067,7.1,Red-S,1353,1354,10.0,40.333333333333336,3.0,1350.0,0.029876543209876545,OVERSUPPLY,1309.6666666666667,0.0
1067,7.1,Red-S,1353,1354,11.0,33.833333333333336,3.0,1350.0,0.02506172839506173,OVERSUPPLY,1316.1666666666667,0.0
1067,7.1,Red-S,1353,1354,12.0,34.666666666666664,3.0,1350.0,0.02567901234567901,OVERSUPPLY,1315.3333333333333,0.0
1067,7.1,Red-S,1353,1354,13.0,38.5,3.0,1350.0,0.02851851851851852,OVERSUPPLY,1311.5,0.0
1067,7.1,Red-S,1353,1354,14.0,59.5,3.0,1350.0,0.04407407407407407,OVERSUPPLY,1290.5,0.0
1067,7.1,Red-S,1353,1354,15.0,60.666666666666664,3.0,1350.0,0.04493827160493827,OVERSUPPLY,1289.3333333333333,0.0
1067,7.1,Red-S,1353,1354,16.0,91.5,3.0,1350.0,0.06777777777777778,OVERSUPPLY,1258.5,0.0
1067,7.1,Red-S,1353,1354,17.0,145.0,3.0,1350.0,0.10740740740740741,OVERSUPPLY,1205.0,0.0
1067,7.1,Red-S,1353,1354,18.0,96.83333333333333,3.0,1350.0,0.07172839506172839,OVERSUPPLY,1253.1666666666667,0.0
1067,7.1,Red-S,1353,1354,19.0,60.33333333333333,2.0,900.0,0.06703703703703703,OVERSUPPLY,839.6666666666666,0.0
1069,7.1,Red-S,1354,1347,6.0,60.333333333333336,3.0,1350.0,0.04469135802469136,OVERSUPPLY,1289.6666666666667,0.0
1069,7.1,Red-S,1354,1347,7.0,93.66666666666667,3.0,1350.0,0.06938271604938272,OVERSUPPLY,1256.3333333333333,0.0
1069,7.1,Red-S,1354,1347,8.0,85.33333333333333,3.0,1350.0,0.06320987654320988,OVERSUPPLY,1264.6666666666667,0.0
1069,7.1,Red-S,1354,1347,9.0,60.0,3.0,1350.0,0.044444444444444446,OVERSUPPLY,1290.0,0.0
1069,7.1,Red-S,1354,1347,10.0,45.333333333333336,3.0,1350.0,0.03358024691358025,OVERSUPPLY,1304.6666666666667,0.0
1069,7.1,Red-S,1354,1347,11.0,38.0,3.0,1350.0,0.028148148148148148,OVERSUPPLY,1312.0,0.0
1069,7.1,Red-S,1354,1347,12.0,38.666666666666664,3.0,1350.0,0.028641975308641973,OVERSUPPLY,1311.3333333333333,0.0
1069,7.1,Red-S,1354,1347,13.0,42.666666666666664,3.0,1350.0,0.03160493827160494,OVERSUPPLY,1307.3333333333333,0.0
1069,7.1,Red-S,1354,1347,14.0,64.66666666666667,3.0,1350.0,0.04790123456790124,OVERSUPPLY,1285.3333333333333,0.0
1069,7.1,Red-S,1354,1347,15.0,65.33333333333333,3.0,1350.0,0.048395061728395056,OVERSUPPLY,1284.6666666666667,0.0
1069,7.1,Red-S,1354,1347,16.0,99.33333333333333,3.0,1350.0,0.07358024691358024,OVERSUPPLY,1250.6666666666667,0.0
1069,7.1,Red-S,1354,1347,17.0,151.0,3.0,1350.0,0.11185185185185186,OVERSUPPLY,1199.0,0.0
1069,7.1,Red-S,1354,1347,18.0,102.66666666666667,3.0,1350.0,0.07604938271604939,OVERSUPPLY,1247.3333333333333,0.0
1069,7.1,Red-S,1354,1347,19.0,66.0,2.0,900.0,0.07333333333333333,OVERSUPPLY,834.0,0.0
1072,7.1,Red-S,1355,1353,6.0,57.5,3.0,1350.0,0.04259259259259259,OVERSUPPLY,1292.5,0.0
1072,7.1,Red-S,1355,1353,7.0,87.66666666666667,3.0,1350.0,0.06493827160493827,OVERSUPPLY,1262.3333333333333,0.0
1072,7.1,Red-S,1355,1353,8.0,81.16666666666667,3.0,1350.0,0.06012345679012346,OVERSUPPLY,1268.8333333333333,0.0
1072,7.1,Red-S,1355,1353,9.0,52.166666666666664,3.0,1350.0,0.038641975308641975,OVERSUPPLY,1297.8333333333333,0.0
1072,7.1,Red-S,1355,1353,10.0,34.5,3.0,1350.0,0.025555555555555557,OVERSUPPLY,1315.5,0.0
1072,7.1,Red-S,1355,1353,11.0,29.0,3.0,1350.0,0.02148148148148148,OVERSUPPLY,1321.0,0.0
1072,7.1,Red-S,1355,1353,12.0,30.5,3.0,1350.0,0.02259259259259259,OVERSUPPLY,1319.5,0.0
1072,7.1,Red-S,1355,1353,13.0,33.833333333333336,3.0,1350.0,0.02506172839506173,OVERSUPPLY,1316.1666666666667,0.0
1072,7.1,Red-S,1355,1353,14.0,54.166666666666664,3.0,1350.0,0.040123456790123455,OVERSUPPLY,1295.8333333333333,0.0
1072,7.1,Red-S,1355,1353,15.0,55.833333333333336,3.0,1350.0,0.04135802469135803,OVERSUPPLY,1294.1666666666667,0.0
1072,7.1,Red-S,1355,1353,16.0,83.16666666666667,3.0,1350.0,0.061604938271604945,OVERSUPPLY,1266.8333333333333,0.0
1072,7.1,Red-S,1355,1353,17.0,138.16666666666666,3.0,1350.0,0.10234567901234567,OVERSUPPLY,1211.8333333333333,0.0
1072,7.1,Red-S,1355,1353,18.0,90.66666666666667,3.0,1350.0,0.0671604938271605,OVERSUPPLY,1259.3333333333333,0.0
1072,7.1,Red-S,1355,1353,19.0,54.666666666666664,2.0,900.0,0.06074074074074074,OVERSUPPLY,845.3333333333334,0.0
1074,7.1,Red-S,1356,1344,6.0,18.166666666666668,3.0,1350.0,0.013456790123456791,OVERSUPPLY,1331.8333333333333,0.0
1074,7.1,Red-S,1356,1344,7.0,16.333333333333332,3.0,1350.0,0.012098765432098764,OVERSUPPLY,1333.6666666666667,0.0
1074,7.1,Red-S,1356,1344,8.0,16.333333333333332,3.0,1350.0,0.012098765432098764,OVERSUPPLY,1333.6666666666667,0.0
1074,7.1,Red-S,1356,1344,9.0,10.833333333333334,3.0,1350.0,0.008024691358024692,OVERSUPPLY,1339.1666666666667,0.0
1074,7.1,Red-S,1356,1344,10.0,5.666666666666667,3.0,1350.0,0.004197530864197531,OVERSUPPLY,1344.3333333333333,0.0
1074,7.1,Red-S,1356,1344,11.0,6.166666666666667,3.0,1350.0,0.004567901234567902,OVERSUPPLY,1343.8333333333333,0.0
1074,7.1,Red-S,1356,1344,12.0,4.833333333333333,3.0,1350.0,0.0035802469135802466,OVERSUPPLY,1345.1666666666667,0.0
1074,7.1,Red-S,1356,1344,13.0,5.833333333333333,3.0,1350.0,0.004320987654320987,OVERSUPPLY,1344.1666666666667,0.0
1074,7.1,Red-S,1356,1344,14.0,4.333333333333333,3.0,1350.0,0.0032098765432098763,OVERSUPPLY,1345.6666666666667,0.0
1074,7.1,Red-S,1356,1344,15.0,4.333333333333333,3.0,1350.0,0.0032098765432098763,OVERSUPPLY,1345.6666666666667,0.0
1074,7.1,Red-S,1356,1344,16.0,6.333333333333333,3.0,1350.0,0.004691358024691358,OVERSUPPLY,1343.6666666666667,0.0
1074,7.1,Red-S,1356,1344,17.0,13.333333333333334,3.0,1350.0,0.009876543209876543,OVERSUPPLY,1336.6666666666667,0.0
1074,7.1,Red-S,1356,1344,18.0,8.833333333333332,3.0,1350.0,0.006543209876543209,OVERSUPPLY,1341.1666666666667,0.0
1074,7.1,Red-S,1356,1344,19.0,6.5,2.0,900.0,0.007222222222222222,OVERSUPPLY,893.5,0.0
1076,8.2,Red-N,1357,1359,6.0,45.5,3.0,1350.0,0.0337037037037037,OVERSUPPLY,1304.5,0.0
1076,8.2,Red-N,1357,1359,7.0,138.16666666666666,3.0,1350.0,0.10234567901234567,OVERSUPPLY,1211.8333333333333,0.0
1076,8.2,Red-N,1357,1359,8.0,212.83333333333331,3.0,1350.0,0.1576543209876543,OVERSUPPLY,1137.1666666666667,0.0
1076,8.2,Red-N,1357,1359,9.0,185.33333333333334,3.0,1350.0,0.13728395061728396,OVERSUPPLY,1164.6666666666667,0.0
1076,8.2,Red-N,1357,1359,10.0,141.0,3.0,1350.0,0.10444444444444445,OVERSUPPLY,1209.0,0.0
1076,8.2,Red-N,1357,1359,11.0,108.33333333333333,3.0,1350.0,0.08024691358024691,OVERSUPPLY,1241.6666666666667,0.0
1076,8.2,Red-N,1357,1359,12.0,168.5,3.0,1350.0,0.12481481481481481,OVERSUPPLY,1181.5,0.0
1076,8.2,Red-N,1357,1359,13.0,181.83333333333334,3.0,1350.0,0.13469135802469137,OVERSUPPLY,1168.1666666666667,0.0
1076,8.2,Red-N,1357,1359,14.0,255.66666666666666,3.0,1350.0,0.1893827160493827,OVERSUPPLY,1094.3333333333333,0.0
1076,8.2,Red-N,1357,1359,15.0,422.5,3.0,1350.0,0.31296296296296294,BALANCED,927.5,0.0
1076,8.2,Red-N,1357,1359,16.0,640.8333333333334,3.0,1350.0,0.47469135802469137,BALANCED,709.1666666666666,0.0
1076,8.2,Red-N,1357,1359,17.0,954.6666666666666,3.0,1350.0,0.7071604938271605,BALANCED,395.33333333333337,0.0
1076,8.2,Red-N,1357,1359,18.0,774.8333333333334,3.0,1350.0,0.5739506172839507,BALANCED,575.1666666666666,0.0
1076,8.2,Red-N,1357,1359,19.0,462.5,3.0,1350.0,0.3425925925925926,BALANCED,887.5,0.0
1076,8.2,Red-N,1357,1359,20.0,238.0,3.0,1350.0,0.17629629629629628,OVERSUPPLY,1112.0,0.0
1078,8.2,Red-N,1358,1363,6.0,179.83333333333334,3.0,1350.0,0.13320987654320987,OVERSUPPLY,1170.1666666666667,0.0
1078,8.2,Red-N,1358,1363,7.0,431.6666666666667,3.0,1350.0,0.3197530864197531,BALANCED,918.3333333333333,0.0
1078,8.2,Red-N,1358,1363,8.0,631.1666666666666,3.0,1350.0,0.4675308641975308,BALANCED,718.8333333333334,0.0
1078,8.2,Red-N,1358,1363,9.0,401.6666666666667,3.0,1350.0,0.2975308641975309,BALANCED,948.3333333333333,0.0
1078,8.2,Red-N,1358,1363,10.0,255.0,3.0,1350.0,0.18888888888888888,OVERSUPPLY,1095.0,0.0
1078,8.2,Red-N,1358,1363,11.0,199.33333333333334,3.0,1350.0,0.14765432098765433,OVERSUPPLY,1150.6666666666667,0.0
1078,8.2,Red-N,1358,1363,12.0,217.16666666666666,3.0,1350.0,0.1608641975308642,OVERSUPPLY,1132.8333333333333,0.0
1078,8.2,Red-N,1358,1363,13.0,220.66666666666666,3.0,1350.0,0.1634567901234568,OVERSUPPLY,1129.3333333333333,0.0
1078,8.2,Red-N,1358,1363,14.0,269.6666666666667,3.0,1350.0,0.1997530864197531,OVERSUPPLY,1080.3333333333333,0.0
1078,8.2,Red-N,1358,1363,15.0,395.1666666666667,3.0,1350.0,0.29271604938271606,BALANCED,954.8333333333333,0.0
1078,8.2,Red-N,1358,1363,16.0,625.3333333333334,3.0,1350.0,0.4632098765432099,BALANCED,724.6666666666666,0.0
1078,8.2,Red-N,1358,1363,17.0,781.5,3.0,1350.0,0.5788888888888889,BALANCED,568.5,0.0
1078,8.2,Red-N,1358,1363,18.0,657.0,3.0,1350.0,0.4866666666666667,BALANCED,693.0,0.0
1078,8.2,Red-N,1358,1363,19.0,379.8333333333333,3.0,1350.0,0.281358024691358,BALANCED,970.1666666666667,0.0
1078,8.2,Red-N,1358,1363,20.0,189.5,3.0,1350.0,0.14037037037037037,OVERSUPPLY,1160.5,0.0
1080,8.2,Red-N,1359,1370,6.0,37.166666666666664,3.0,1350.0,0.027530864197530862,OVERSUPPLY,1312.8333333333333,0.0
1080,8.2,Red-N,1359,1370,7.0,116.83333333333333,3.0,1350.0,0.08654320987654321,OVERSUPPLY,1233.1666666666667,0.0
1080,8.2,Red-N,1359,1370,8.0,187.0,3.0,1350.0,0.1385185185185185,OVERSUPPLY,1163.0,0.0
1080,8.2,Red-N,1359,1370,9.0,168.33333333333334,3.0,1350.0,0.12469135802469136,OVERSUPPLY,1181.6666666666667,0.0
1080,8.2,Red-N,1359,1370,10.0,132.16666666666666,3.0,1350.0,0.09790123456790123,OVERSUPPLY,1217.8333333333333,0.0
1080,8.2,Red-N,1359,1370,11.0,98.33333333333333,3.0,1350.0,0.0728395061728395,OVERSUPPLY,1251.6666666666667,0.0
1080,8.2,Red-N,1359,1370,12.0,153.66666666666666,3.0,1350.0,0.11382716049382716,OVERSUPPLY,1196.3333333333333,0.0
1080,8.2,Red-N,1359,1370,13.0,167.33333333333334,3.0,1350.0,0.12395061728395063,OVERSUPPLY,1182.6666666666667,0.0
1080,8.2,Red-N,1359,1370,14.0,235.33333333333334,3.0,1350.0,0.174320987654321,OVERSUPPLY,1114.6666666666667,0.0
1080,8.2,Red-N,1359,1370,15.0,385.0,3.0,1350.0,0.2851851851851852,BALANCED,965.0,0.0
1080,8.2,Red-N,1359,1370,16.0,579.1666666666666,3.0,1350.0,0.4290123456790123,BALANCED,770.8333333333334,0.0
1080,8.2,Red-N,1359,1370,17.0,868.5,3.0,1350.0,0.6433333333333333,BALANCED,481.5,0.0
1080,8.2,Red-N,1359,1370,18.0,703.8333333333334,3.0,1350.0,0.5213580246913581,BALANCED,646.1666666666666,0.0
1080,8.2,Red-N,1359,1370,19.0,419.5,3.0,1350.0,0.31074074074074076,BALANCED,930.5,0.0
1080,8.2,Red-N,1359,1370,20.0,211.5,3.0,1350.0,0.15666666666666668,OVERSUPPLY,1138.5,0.0
1082,8.2,Red-N,1360,1358,6.0,144.33333333333334,3.0,1350.0,0.10691358024691358,OVERSUPPLY,1205.6666666666667,0.0
1082,8.2,Red-N,1360,1358,7.0,336.6666666666667,3.0,1350.0,0.24938271604938272,BALANCED,1013.3333333333333,0.0
1082,8.2,Red-N,1360,1358,8.0,482.3333333333333,3.0,1350.0,0.35728395061728396,BALANCED,867.6666666666667,0.0
1082,8.2,Red-N,1360,1358,9.0,285.6666666666667,3.0,1350.0,0.21160493827160495,BALANCED,1064.3333333333333,0.0
1082,8.2,Red-N,1360,1358,10.0,185.33333333333334,3.0,1350.0,0.13728395061728396,OVERSUPPLY,1164.6666666666667,0.0
1082,8.2,Red-N,1360,1358,11.0,138.5,3.0,1350.0,0.1025925925925926,OVERSUPPLY,1211.5,0.0
1082,8.2,Red-N,1360,1358,12.0,146.16666666666666,3.0,1350.0,0.10827160493827159,OVERSUPPLY,1203.8333333333333,0.0
1082,8.2,Red-N,1360,1358,13.0,138.16666666666666,3.0,1350.0,0.10234567901234567,OVERSUPPLY,1211.8333333333333,0.0
1082,8.2,Red-N,1360,1358,14.0,167.0,3.0,1350.0,0.1237037037037037,OVERSUPPLY,1183.0,0.0
1082,8.2,Red-N,1360,1358,15.0,218.66666666666666,3.0,1350.0,0.1619753086419753,OVERSUPPLY,1131.3333333333333,0.0
1082,8.2,Red-N,1360,1358,16.0,360.5,3.0,1350.0,0.267037037037037,BALANCED,989.5,0.0
1082,8.2,Red-N,1360,1358,17.0,387.0,3.0,1350.0,0.2866666666666667,BALANCED,963.0,0.0
1082,8.2,Red-N,1360,1358,18.0,316.1666666666667,3.0,1350.0,0.23419753086419753,BALANCED,1033.8333333333333,0.0
1082,8.2,Red-N,1360,1358,19.0,201.33333333333334,3.0,1350.0,0.1491358024691358,OVERSUPPLY,1148.6666666666667,0.0
1082,8.2,Red-N,1360,1358,20.0,85.16666666666667,3.0,1350.0,0.06308641975308642,OVERSUPPLY,1264.8333333333333,0.0
1084,8.2,Red-N,1361,1366,6.0,20.666666666666664,3.0,1350.0,0.01530864197530864,OVERSUPPLY,1329.3333333333333,0.0
1084,8.2,Red-N,1361,1366,7.0,70.16666666666667,3.0,1350.0,0.05197530864197531,OVERSUPPLY,1279.8333333333333,0.0
1084,8.2,Red-N,1361,1366,8.0,131.83333333333334,3.0,1350.0,0.09765432098765432,OVERSUPPLY,1218.1666666666667,0.0
1084,8.2,Red-N,1361,1366,9.0,122.0,3.0,1350.0,0.09037037037037036,OVERSUPPLY,1228.0,0.0
1084,8.2,Red-N,1361,1366,10.0,93.83333333333333,3.0,1350.0,0.06950617283950616,OVERSUPPLY,1256.1666666666667,0.0
1084,8.2,Red-N,1361,1366,11.0,66.16666666666667,3.0,1350.0,0.04901234567901235,OVERSUPPLY,1283.8333333333333,0.0
1084,8.2,Red-N,1361,1366,12.0,99.33333333333333,3.0,1350.0,0.07358024691358024,OVERSUPPLY,1250.6666666666667,0.0
1084,8.2,Red-N,1361,1366,13.0,104.33333333333333,3.0,1350.0,0.07728395061728395,OVERSUPPLY,1245.6666666666667,0.0
1084,8.2,Red-N,1361,1366,14.0,133.5,3.0,1350.0,0.09888888888888889,OVERSUPPLY,1216.5,0.0
1084,8.2,Red-N,1361,1366,15.0,223.16666666666666,3.0,1350.0,0.16530864197530865,OVERSUPPLY,1126.8333333333333,0.0
1084,8.2,Red-N,1361,1366,16.0,286.1666666666667,3.0,1350.0,0.21197530864197534,BALANCED,1063.8333333333333,0.0
1084,8.2,Red-N,1361,1366,17.0,435.0,3.0,1350.0,0.32222222222222224,BALANCED,915.0,0.0
1084,8.2,Red-N,1361,1366,18.0,354.5,3.0,1350.0,0.2625925925925926,BALANCED,995.5,0.0
1084,8.2,Red-N,1361,1366,19.0,207.16666666666666,3.0,1350.0,0.15345679012345678,OVERSUPPLY,1142.8333333333333,0.0
1084,8.2,Red-N,1361,1366,20.0,113.83333333333333,3.0,1350.0,0.08432098765432099,OVERSUPPLY,1236.1666666666667,0.0
1086,8.2,Red-N,1362,1369,6.0,78.83333333333333,3.0,1350.0,0.05839506172839506,OVERSUPPLY,1271.1666666666667,0.0
1086,8.2,Red-N,1362,1369,7.0,172.33333333333334,3.0,1350.0,0.12765432098765433,OVERSUPPLY,1177.6666666666667,0.0
1086,8.2,Red-N,1362,1369,8.0,222.5,3.0,1350.0,0.1648148148148148,OVERSUPPLY,1127.5,0.0
1086,8.2,Red-N,1362,1369,9.0,110.0,3.0,1350.0,0.08148148148148149,OVERSUPPLY,1240.0,0.0
1086,8.2,Red-N,1362,1369,10.0,78.5,3.0,1350.0,0.05814814814814815,OVERSUPPLY,1271.5,0.0
1086,8.2,Red-N,1362,1369,11.0,48.666666666666664,3.0,1350.0,0.036049382716049384,OVERSUPPLY,1301.3333333333333,0.0
1086,8.2,Red-N,1362,1369,12.0,49.333333333333336,3.0,1350.0,0.03654320987654321,OVERSUPPLY,1300.6666666666667,0.0
1086,8.2,Red-N,1362,1369,13.0,52.666666666666664,3.0,1350.0,0.03901234567901234,OVERSUPPLY,1297.3333333333333,0.0
1086,8.2,Red-N,1362,1369,14.0,57.333333333333336,3.0,1350.0,0.04246913580246914,OVERSUPPLY,1292.6666666666667,0.0
1086,8.2,Red-N,1362,1369,15.0,71.5,3.0,1350.0,0.05296296296296296,OVERSUPPLY,1278.5,0.0
1086,8.2,Red-N,1362,1369,16.0,130.33333333333334,3.0,1350.0,0.09654320987654322,OVERSUPPLY,1219.6666666666667,0.0
1086,8.2,Red-N,1362,1369,17.0,98.33333333333333,3.0,1350.0,0.0728395061728395,OVERSUPPLY,1251.6666666666667,0.0
1086,8.2,Red-N,1362,1369,18.0,76.16666666666667,3.0,1350.0,0.056419753086419756,OVERSUPPLY,1273.8333333333333,0.0
1086,8.2,Red-N,1362,1369,19.0,49.5,3.0,1350.0,0.03666666666666667,OVERSUPPLY,1300.5,0.0
1086,8.2,Red-N,1362,1369,20.0,20.0,3.0,1350.0,0.014814814814814815,OVERSUPPLY,1330.0,0.0
1088,8.2,Red-N,1363,1375,6.0,151.5,3.0,1350.0,0.11222222222222222,OVERSUPPLY,1198.5,0.0
1088,8.2,Red-N,1363,1375,7.0,349.6666666666667,3.0,1350.0,0.2590123456790124,BALANCED,1000.3333333333333,0.0
1088,8.2,Red-N,1363,1375,8.0,514.8333333333334,3.0,1350.0,0.38135802469135804,BALANCED,835.1666666666666,0.0
1088,8.2,Red-N,1363,1375,9.0,329.8333333333333,3.0,1350.0,0.24432098765432098,BALANCED,1020.1666666666667,0.0
1088,8.2,Red-N,1363,1375,10.0,194.83333333333334,3.0,1350.0,0.144320987654321,OVERSUPPLY,1155.1666666666667,0.0
1088,8.2,Red-N,1363,1375,11.0,151.0,3.0,1350.0,0.11185185185185186,OVERSUPPLY,1199.0,0.0
1088,8.2,Red-N,1363,1375,12.0,169.5,3.0,1350.0,0.12555555555555556,OVERSUPPLY,1180.5,0.0
1088,8.2,Red-N,1363,1375,13.0,172.66666666666666,3.0,1350.0,0.12790123456790123,OVERSUPPLY,1177.3333333333333,0.0
1088,8.2,Red-N,1363,1375,14.0,219.16666666666666,3.0,1350.0,0.16234567901234567,OVERSUPPLY,1130.8333333333333,0.0
1088,8.2,Red-N,1363,1375,15.0,334.1666666666667,3.0,1350.0,0.24753086419753087,BALANCED,1015.8333333333333,0.0
1088,8.2,Red-N,1363,1375,16.0,552.6666666666666,3.0,1350.0,0.4093827160493827,BALANCED,797.3333333333334,0.0
1088,8.2,Red-N,1363,1375,17.0,708.6666666666666,3.0,1350.0,0.5249382716049382,BALANCED,641.3333333333334,0.0
1088,8.2,Red-N,1363,1375,18.0,597.0,3.0,1350.0,0.44222222222222224,BALANCED,753.0,0.0
1088,8.2,Red-N,1363,1375,19.0,346.1666666666667,3.0,1350.0,0.2564197530864198,BALANCED,1003.8333333333333,0.0
1088,8.2,Red-N,1363,1375,20.0,170.16666666666666,3.0,1350.0,0.12604938271604937,OVERSUPPLY,1179.8333333333333,0.0
1090,8.2,Red-N,1364,1365,6.0,75.33333333333333,3.0,1350.0,0.05580246913580247,OVERSUPPLY,1274.6666666666667,0.0
1090,8.2,Red-N,1364,1365,7.0,188.66666666666666,3.0,1350.0,0.1397530864197531,OVERSUPPLY,1161.3333333333333,0.0
1090,8.2,Red-N,1364,1365,8.0,251.16666666666666,3.0,1350.0,0.18604938271604937,OVERSUPPLY,1098.8333333333333,0.0
1090,8.2,Red-N,1364,1365,9.0,178.66666666666666,3.0,1350.0,0.13234567901234567,OVERSUPPLY,1171.3333333333333,0.0
1090,8.2,Red-N,1364,1365,10.0,127.5,3.0,1350.0,0.09444444444444444,OVERSUPPLY,1222.5,0.0
1090,8.2,Red-N,1364,1365,11.0,114.33333333333333,3.0,1350.0,0.08469135802469135,OVERSUPPLY,1235.6666666666667,0.0
1090,8.2,Red-N,1364,1365,12.0,135.83333333333334,3.0,1350.0,0.1006172839506173,OVERSUPPLY,1214.1666666666667,0.0
1090,8.2,Red-N,1364,1365,13.0,145.16666666666666,3.0,1350.0,0.10753086419753086,OVERSUPPLY,1204.8333333333333,0.0
1090,8.2,Red-N,1364,1365,14.0,152.33333333333334,3.0,1350.0,0.11283950617283951,OVERSUPPLY,1197.6666666666667,0.0
1090,8.2,Red-N,1364,1365,15.0,166.5,3.0,1350.0,0.12333333333333334,OVERSUPPLY,1183.5,0.0
1090,8.2,Red-N,1364,1365,16.0,208.5,3.0,1350.0,0.15444444444444444,OVERSUPPLY,1141.5,0.0
1090,8.2,Red-N,1364,1365,17.0,264.8333333333333,3.0,1350.0,0.1961728395061728,OVERSUPPLY,1085.1666666666667,0.0
1090,8.2,Red-N,1364,1365,18.0,242.16666666666666,3.0,1350.0,0.17938271604938272,OVERSUPPLY,1107.8333333333333,0.0
1090,8.2,Red-N,1364,1365,19.0,160.66666666666666,3.0,1350.0,0.11901234567901234,OVERSUPPLY,1189.3333333333333,0.0
1090,8.2,Red-N,1364,1365,20.0,94.66666666666667,3.0,1350.0,0.07012345679012345,OVERSUPPLY,1255.3333333333333,0.0
1094,8.2,Red-N,1366,1373,6.0,7.666666666666666,3.0,1350.0,0.005679012345679012,OVERSUPPLY,1342.3333333333333,0.0
1094,8.2,Red-N,1366,1373,7.0,27.666666666666668,3.0,1350.0,0.02049382716049383,OVERSUPPLY,1322.3333333333333,0.0
1094,8.2,Red-N,1366,1373,8.0,24.666666666666668,3.0,1350.0,0.018271604938271607,OVERSUPPLY,1325.3333333333333,0.0
1094,8.2,Red-N,1366,1373,9.0,23.333333333333332,3.0,1350.0,0.01728395061728395,OVERSUPPLY,1326.6666666666667,0.0
1094,8.2,Red-N,1366,1373,10.0,21.833333333333332,3.0,1350.0,0.016172839506172838,OVERSUPPLY,1328.1666666666667,0.0
1094,8.2,Red-N,1366,1373,11.0,20.0,3.0,1350.0,0.014814814814814815,OVERSUPPLY,1330.0,0.0
1094,8.2,Red-N,1366,1373,12.0,34.0,3.0,1350.0,0.025185185185185185,OVERSUPPLY,1316.0,0.0
1094,8.2,Red-N,1366,1373,13.0,50.5,3.0,1350.0,0.03740740740740741,OVERSUPPLY,1299.5,0.0
1094,8.2,Red-N,1366,1373,14.0,79.5,3.0,1350.0,0.058888888888888886,OVERSUPPLY,1270.5,0.0
1094,8.2,Red-N,1366,1373,15.0,162.0,3.0,1350.0,0.12,OVERSUPPLY,1188.0,0.0
1094,8.2,Red-N,1366,1373,16.0,209.83333333333334,3.0,1350.0,0.1554320987654321,OVERSUPPLY,1140.1666666666667,0.0
1094,8.2,Red-N,1366,1373,17.0,321.1666666666667,3.0,1350.0,0.23790123456790124,BALANCED,1028.8333333333333,0.0
1094,8.2,Red-N,1366,1373,18.0,255.5,3.0,1350.0,0.18925925925925927,OVERSUPPLY,1094.5,0.0
1094,8.2,Red-N,1366,1373,19.0,135.66666666666666,3.0,1350.0,0.10049382716049382,OVERSUPPLY,1214.3333333333333,0.0
1094,8.2,Red-N,1366,1373,20.0,72.0,3.0,1350.0,0.05333333333333334,OVERSUPPLY,1278.0,0.0
1096,8.2,Red-N,1367,1376,6.0,24.0,3.0,1350.0,0.017777777777777778,OVERSUPPLY,1326.0,0.0
1096,8.2,Red-N,1367,1376,7.0,57.666666666666664,3.0,1350.0,0.042716049382716045,OVERSUPPLY,1292.3333333333333,0.0
1096,8.2,Red-N,1367,1376,8.0,45.5,3.0,1350.0,0.0337037037037037,OVERSUPPLY,1304.5,0.0
1096,8.2,Red-N,1367,1376,9.0,37.333333333333336,3.0,1350.0,0.027654320987654323,OVERSUPPLY,1312.6666666666667,0.0
1096,8.2,Red-N,1367,1376,10.0,36.5,3.0,1350.0,0.027037037037037037,OVERSUPPLY,1313.5,0.0
1096,8.2,Red-N,1367,1376,11.0,29.833333333333332,3.0,1350.0,0.022098765432098766,OVERSUPPLY,1320.1666666666667,0.0
1096,8.2,Red-N,1367,1376,12.0,36.333333333333336,3.0,1350.0,0.026913580246913583,OVERSUPPLY,1313.6666666666667,0.0
1096,8.2,Red-N,1367,1376,13.0,59.0,3.0,1350.0,0.0437037037037037,OVERSUPPLY,1291.0,0.0
1096,8.2,Red-N,1367,1376,14.0,95.16666666666667,3.0,1350.0,0.07049382716049384,OVERSUPPLY,1254.8333333333333,0.0
1096,8.2,Red-N,1367,1376,15.0,191.5,3.0,1350.0,0.14185185185185184,OVERSUPPLY,1158.5,0.0
1096,8.2,Red-N,1367,1376,16.0,287.6666666666667,3.0,1350.0,0.21308641975308643,BALANCED,1062.3333333333333,0.0
1096,8.2,Red-N,1367,1376,17.0,326.5,3.0,1350.0,0.24185185185185185,BALANCED,1023.5,0.0
1096,8.2,Red-N,1367,1376,18.0,215.66666666666666,3.0,1350.0,0.15975308641975308,OVERSUPPLY,1134.3333333333333,0.0
1096,8.2,Red-N,1367,1376,19.0,126.0,3.0,1350.0,0.09333333333333334,OVERSUPPLY,1224.0,0.0
1096,8.2,Red-N,1367,1376,20.0,67.0,3.0,1350.0,0.04962962962962963,OVERSUPPLY,1283.0,0.0
1098,8.2,Red-N,1368,1380,6.0,32.166666666666664,3.0,1350.0,0.02382716049382716,OVERSUPPLY,1317.8333333333333,0.0
1098,8.2,Red-N,1368,1380,7.0,103.33333333333334,3.0,1350.0,0.07654320987654321,OVERSUPPLY,1246.6666666666667,0.0
1098,8.2,Red-N,1368,1380,8.0,129.0,3.0,1350.0,0.09555555555555556,OVERSUPPLY,1221.0,0.0
1098,8.2,Red-N,1368,1380,9.0,111.83333333333333,3.0,1350.0,0.0828395061728395,OVERSUPPLY,1238.1666666666667,0.0
1098,8.2,Red-N,1368,1380,10.0,83.83333333333333,3.0,1350.0,0.06209876543209876,OVERSUPPLY,1266.1666666666667,0.0
1098,8.2,Red-N,1368,1380,11.0,66.16666666666667,3.0,1350.0,0.04901234567901235,OVERSUPPLY,1283.8333333333333,0.0
1098,8.2,Red-N,1368,1380,12.0,106.5,3.0,1350.0,0.07888888888888888,OVERSUPPLY,1243.5,0.0
1098,8.2,Red-N,1368,1380,13.0,125.66666666666667,3.0,1350.0,0.09308641975308643,OVERSUPPLY,1224.3333333333333,0.0
1098,8.2,Red-N,1368,1380,14.0,192.5,3.0,1350.0,0.1425925925925926,OVERSUPPLY,1157.5,0.0
1098,8.2,Red-N,1368,1380,15.0,340.1666666666667,3.0,1350.0,0.2519753086419753,BALANCED,1009.8333333333333,0.0
1098,8.2,Red-N,1368,1380,16.0,524.6666666666666,3.0,1350.0,0.388641975308642,BALANCED,825.3333333333334,0.0
1098,8.2,Red-N,1368,1380,17.0,776.0,3.0,1350.0,0.5748148148148148,BALANCED,574.0,0.0
1098,8.2,Red-N,1368,1380,18.0,610.3333333333334,3.0,1350.0,0.4520987654320988,BALANCED,739.6666666666666,0.0
1098,8.2,Red-N,1368,1380,19.0,364.6666666666667,3.0,1350.0,0.27012345679012345,BALANCED,985.3333333333333,0.0
1098,8.2,Red-N,1368,1380,20.0,179.83333333333334,3.0,1350.0,0.13320987654320987,OVERSUPPLY,1170.1666666666667,0.0
1100,8.2,Red-N,1369,1360,6.0,78.83333333333333,3.0,1350.0,0.05839506172839506,OVERSUPPLY,1271.1666666666667,0.0
1100,8.2,Red-N,1369,1360,7.0,172.33333333333334,3.0,1350.0,0.12765432098765433,OVERSUPPLY,1177.6666666666667,0.0
1100,8.2,Red-N,1369,1360,8.0,222.5,3.0,1350.0,0.1648148148148148,OVERSUPPLY,1127.5,0.0
1100,8.2,Red-N,1369,1360,9.0,110.0,3.0,1350.0,0.08148148148148149,OVERSUPPLY,1240.0,0.0
1100,8.2,Red-N,1369,1360,10.0,78.5,3.0,1350.0,0.05814814814814815,OVERSUPPLY,1271.5,0.0
1100,8.2,Red-N,1369,1360,11.0,48.666666666666664,3.0,1350.0,0.036049382716049384,OVERSUPPLY,1301.3333333333333,0.0
1100,8.2,Red-N,1369,1360,12.0,49.333333333333336,3.0,1350.0,0.03654320987654321,OVERSUPPLY,1300.6666666666667,0.0
1100,8.2,Red-N,1369,1360,13.0,52.666666666666664,3.0,1350.0,0.03901234567901234,OVERSUPPLY,1297.3333333333333,0.0
1100,8.2,Red-N,1369,1360,14.0,57.333333333333336,3.0,1350.0,0.04246913580246914,OVERSUPPLY,1292.6666666666667,0.0
1100,8.2,Red-N,1369,1360,15.0,71.5,3.0,1350.0,0.05296296296296296,OVERSUPPLY,1278.5,0.0
1100,8.2,Red-N,1369,1360,16.0,130.33333333333334,3.0,1350.0,0.09654320987654322,OVERSUPPLY,1219.6666666666667,0.0
1100,8.2,Red-N,1369,1360,17.0,98.33333333333333,3.0,1350.0,0.0728395061728395,OVERSUPPLY,1251.6666666666667,0.0
1100,8.2,Red-N,1369,1360,18.0,76.16666666666667,3.0,1350.0,0.056419753086419756,OVERSUPPLY,1273.8333333333333,0.0
1100,8.2,Red-N,1369,1360,19.0,49.5,3.0,1350.0,0.03666666666666667,OVERSUPPLY,1300.5,0.0
1100,8.2,Red-N,1369,1360,20.0,20.0,3.0,1350.0,0.014814814814814815,OVERSUPPLY,1330.0,0.0
1102,8.2,Red-N,1370,1361,6.0,26.833333333333332,3.0,1350.0,0.019876543209876543,OVERSUPPLY,1323.1666666666667,0.0
1102,8.2,Red-N,1370,1361,7.0,85.0,3.0,1350.0,0.06296296296296296,OVERSUPPLY,1265.0,0.0
1102,8.2,Red-N,1370,1361,8.0,156.33333333333334,3.0,1350.0,0.11580246913580247,OVERSUPPLY,1193.6666666666667,0.0
1102,8.2,Red-N,1370,1361,9.0,141.5,3.0,1350.0,0.10481481481481482,OVERSUPPLY,1208.5,0.0
1102,8.2,Red-N,1370,1361,10.0,115.5,3.0,1350.0,0.08555555555555555,OVERSUPPLY,1234.5,0.0
1102,8.2,Red-N,1370,1361,11.0,80.5,3.0,1350.0,0.05962962962962963,OVERSUPPLY,1269.5,0.0
1102,8.2,Red-N,1370,1361,12.0,123.5,3.0,1350.0,0.09148148148148148,OVERSUPPLY,1226.5,0.0
1102,8.2,Red-N,1370,1361,13.0,129.33333333333334,3.0,1350.0,0.09580246913580248,OVERSUPPLY,1220.6666666666667,0.0
1102,8.2,Red-N,1370,1361,14.0,173.0,3.0,1350.0,0.12814814814814815,OVERSUPPLY,1177.0,0.0
1102,8.2,Red-N,1370,1361,15.0,270.6666666666667,3.0,1350.0,0.20049382716049385,BALANCED,1079.3333333333333,0.0
1102,8.2,Red-N,1370,1361,16.0,363.8333333333333,3.0,1350.0,0.2695061728395062,BALANCED,986.1666666666667,0.0
1102,8.2,Red-N,1370,1361,17.0,544.0,3.0,1350.0,0.40296296296296297,BALANCED,806.0,0.0
1102,8.2,Red-N,1370,1361,18.0,448.0,3.0,1350.0,0.33185185185185184,BALANCED,902.0,0.0
1102,8.2,Red-N,1370,1361,19.0,259.0,3.0,1350.0,0.19185185185185186,OVERSUPPLY,1091.0,0.0
1102,8.2,Red-N,1370,1361,20.0,143.16666666666666,3.0,1350.0,0.10604938271604937,OVERSUPPLY,1206.8333333333333,0.0
1104,8.2,Red-N,1371,1378,6.0,41.666666666666664,3.0,1350.0,0.030864197530864196,OVERSUPPLY,1308.3333333333333,0.0
1104,8.2,Red-N,1371,1378,7.0,90.0,3.0,1350.0,0.06666666666666667,OVERSUPPLY,1260.0,0.0
1104,8.2,Red-N,1371,1378,8.0,140.0,3.0,1350.0,0.1037037037037037,OVERSUPPLY,1210.0,0.0
1104,8.2,Red-N,1371,1378,9.0,101.66666666666667,3.0,1350.0,0.07530864197530865,OVERSUPPLY,1248.3333333333333,0.0
1104,8.2,Red-N,1371,1378,10.0,56.666666666666664,3.0,1350.0,0.04197530864197531,OVERSUPPLY,1293.3333333333333,0.0
1104,8.2,Red-N,1371,1378,11.0,45.33333333333333,3.0,1350.0,0.03358024691358024,OVERSUPPLY,1304.6666666666667,0.0
1104,8.2,Red-N,1371,1378,12.0,42.333333333333336,3.0,1350.0,0.031358024691358025,OVERSUPPLY,1307.6666666666667,0.0
1104,8.2,Red-N,1371,1378,13.0,39.0,3.0,1350.0,0.028888888888888888,OVERSUPPLY,1311.0,0.0
1104,8.2,Red-N,1371,1378,14.0,47.0,3.0,1350.0,0.03481481481481481,OVERSUPPLY,1303.0,0.0
1104,8.2,Red-N,1371,1378,15.0,56.666666666666664,3.0,1350.0,0.04197530864197531,OVERSUPPLY,1293.3333333333333,0.0
1104,8.2,Red-N,1371,1378,16.0,83.0,3.0,1350.0,0.061481481481481484,OVERSUPPLY,1267.0,0.0
1104,8.2,Red-N,1371,1378,17.0,139.33333333333334,3.0,1350.0,0.10320987654320989,OVERSUPPLY,1210.6666666666667,0.0
1104,8.2,Red-N,1371,1378,18.0,114.0,3.0,1350.0,0.08444444444444445,OVERSUPPLY,1236.0,0.0
1104,8.2,Red-N,1371,1378,19.0,68.33333333333333,3.0,1350.0,0.05061728395061728,OVERSUPPLY,1281.6666666666667,0.0
1104,8.2,Red-N,1371,1378,20.0,31.333333333333332,3.0,1350.0,0.023209876543209877,OVERSUPPLY,1318.6666666666667,0.0
1106,8.2,Red-N,1372,1368,6.0,28.5,3.0,1350.0,0.021111111111111112,OVERSUPPLY,1321.5,0.0
1106,8.2,Red-N,1372,1368,7.0,86.33333333333333,3.0,1350.0,0.06395061728395061,OVERSUPPLY,1263.6666666666667,0.0
1106,8.2,Red-N,1372,1368,8.0,102.66666666666666,3.0,1350.0,0.07604938271604937,OVERSUPPLY,1247.3333333333333,0.0
1106,8.2,Red-N,1372,1368,9.0,88.33333333333333,3.0,1350.0,0.0654320987654321,OVERSUPPLY,1261.6666666666667,0.0
1106,8.2,Red-N,1372,1368,10.0,60.0,3.0,1350.0,0.044444444444444446,OVERSUPPLY,1290.0,0.0
1106,8.2,Red-N,1372,1368,11.0,52.333333333333336,3.0,1350.0,0.038765432098765436,OVERSUPPLY,1297.6666666666667,0.0
1106,8.2,Red-N,1372,1368,12.0,75.33333333333333,3.0,1350.0,0.05580246913580247,OVERSUPPLY,1274.6666666666667,0.0
1106,8.2,Red-N,1372,1368,13.0,93.0,3.0,1350.0,0.06888888888888889,OVERSUPPLY,1257.0,0.0
1106,8.2,Red-N,1372,1368,14.0,136.5,3.0,1350.0,0.10111111111111111,OVERSUPPLY,1213.5,0.0
1106,8.2,Red-N,1372,1368,15.0,239.33333333333334,3.0,1350.0,0.17728395061728397,OVERSUPPLY,1110.6666666666667,0.0
1106,8.2,Red-N,1372,1368,16.0,401.8333333333333,3.0,1350.0,0.2976543209876543,BALANCED,948.1666666666667,0.0
1106,8.2,Red-N,1372,1368,17.0,588.8333333333334,3.0,1350.0,0.43617283950617286,BALANCED,761.1666666666666,0.0
1106,8.2,Red-N,1372,1368,18.0,463.1666666666667,3.0,1350.0,0.34308641975308646,BALANCED,886.8333333333333,0.0
1106,8.2,Red-N,1372,1368,19.0,298.0,3.0,1350.0,0.22074074074074074,BALANCED,1052.0,0.0
1106,8.2,Red-N,1372,1368,20.0,141.66666666666666,3.0,1350.0,0.10493827160493827,OVERSUPPLY,1208.3333333333333,0.0
1108,8.2,Red-N,1373,1374,6.0,4.166666666666666,3.0,1350.0,0.003086419753086419,OVERSUPPLY,1345.8333333333333,0.0
1108,8.2,Red-N,1373,1374,7.0,18.333333333333336,3.0,1350.0,0.013580246913580249,OVERSUPPLY,1331.6666666666667,0.0
1108,8.2,Red-N,1373,1374,8.0,12.833333333333334,3.0,1350.0,0.009506172839506173,OVERSUPPLY,1337.1666666666667,0.0
1108,8.2,Red-N,1373,1374,9.0,10.0,3.0,1350.0,0.007407407407407408,OVERSUPPLY,1340.0,0.0
1108,8.2,Red-N,1373,1374,10.0,9.833333333333334,3.0,1350.0,0.007283950617283951,OVERSUPPLY,1340.1666666666667,0.0
1108,8.2,Red-N,1373,1374,11.0,10.833333333333334,3.0,1350.0,0.008024691358024692,OVERSUPPLY,1339.1666666666667,0.0
1108,8.2,Red-N,1373,1374,12.0,16.833333333333332,3.0,1350.0,0.012469135802469136,OVERSUPPLY,1333.1666666666667,0.0
1108,8.2,Red-N,1373,1374,13.0,26.833333333333332,3.0,1350.0,0.019876543209876543,OVERSUPPLY,1323.1666666666667,0.0
1108,8.2,Red-N,1373,1374,14.0,45.833333333333336,3.0,1350.0,0.03395061728395062,OVERSUPPLY,1304.1666666666667,0.0
1108,8.2,Red-N,1373,1374,15.0,92.33333333333333,3.0,1350.0,0.06839506172839506,OVERSUPPLY,1257.6666666666667,0.0
1108,8.2,Red-N,1373,1374,16.0,117.33333333333333,3.0,1350.0,0.08691358024691358,OVERSUPPLY,1232.6666666666667,0.0
1108,8.2,Red-N,1373,1374,17.0,178.16666666666666,3.0,1350.0,0.1319753086419753,OVERSUPPLY,1171.8333333333333,0.0
1108,8.2,Red-N,1373,1374,18.0,120.5,3.0,1350.0,0.08925925925925926,OVERSUPPLY,1229.5,0.0
1108,8.2,Red-N,1373,1374,19.0,72.33333333333333,3.0,1350.0,0.053580246913580244,OVERSUPPLY,1277.6666666666667,0.0
1108,8.2,Red-N,1373,1374,20.0,38.0,3.0,1350.0,0.028148148148148148,OVERSUPPLY,1312.0,0.0
1110,8.2,Red-N,1374,1367,6.0,48.666666666666664,3.0,1350.0,0.036049382716049384,OVERSUPPLY,1301.3333333333333,0.0
1110,8.2,Red-N,1374,1367,7.0,138.5,3.0,1350.0,0.1025925925925926,OVERSUPPLY,1211.5,0.0
1110,8.2,Red-N,1374,1367,8.0,101.16666666666667,3.0,1350.0,0.07493827160493828,OVERSUPPLY,1248.8333333333333,0.0
1110,8.2,Red-N,1374,1367,9.0,82.5,3.0,1350.0,0.06111111111111111,OVERSUPPLY,1267.5,0.0
1110,8.2,Red-N,1374,1367,10.0,78.16666666666667,3.0,1350.0,0.057901234567901236,OVERSUPPLY,1271.8333333333333,0.0
1110,8.2,Red-N,1374,1367,11.0,82.33333333333333,3.0,1350.0,0.06098765432098765,OVERSUPPLY,1267.6666666666667,0.0
1110,8.2,Red-N,1374,1367,12.0,117.83333333333333,3.0,1350.0,0.08728395061728395,OVERSUPPLY,1232.1666666666667,0.0
1110,8.2,Red-N,1374,1367,13.0,155.66666666666666,3.0,1350.0,0.11530864197530863,OVERSUPPLY,1194.3333333333333,0.0
1110,8.2,Red-N,1374,1367,14.0,266.8333333333333,3.0,1350.0,0.19765432098765431,OVERSUPPLY,1083.1666666666667,0.0
1110,8.2,Red-N,1374,1367,15.0,496.3333333333333,3.0,1350.0,0.3676543209876543,BALANCED,853.6666666666667,0.0
1110,8.2,Red-N,1374,1367,16.0,660.8333333333334,3.0,1350.0,0.4895061728395062,BALANCED,689.1666666666666,0.0
1110,8.2,Red-N,1374,1367,17.0,906.6666666666666,3.0,1350.0,0.671604938271605,BALANCED,443.33333333333337,0.0
1110,8.2,Red-N,1374,1367,18.0,604.3333333333334,3.0,1350.0,0.44765432098765434,BALANCED,745.6666666666666,0.0
1110,8.2,Red-N,1374,1367,19.0,345.0,3.0,1350.0,0.25555555555555554,BALANCED,1005.0,0.0
1110,8.2,Red-N,1374,1367,20.0,200.83333333333334,3.0,1350.0,0.14876543209876544,OVERSUPPLY,1149.1666666666667,0.0
1112,8.2,Red-N,1375,1372,6.0,371.1666666666667,3.0,1350.0,0.2749382716049383,BALANCED,978.8333333333333,0.0
1112,8.2,Red-N,1375,1372,7.0,831.3333333333334,3.0,1350.0,0.6158024691358025,BALANCED,518.6666666666666,0.0
1112,8.2,Red-N,1375,1372,8.0,1265.3333333333333,3.0,1350.0,0.9372839506172839,CROWDED,84.66666666666674,0.0
1112,8.2,Red-N,1375,1372,9.0,780.0,3.0,1350.0,0.5777777777777777,BALANCED,570.0,0.0
1112,8.2,Red-N,1375,1372,10.0,494.5,3.0,1350.0,0.3662962962962963,BALANCED,855.5,0.0
1112,8.2,Red-N,1375,1372,11.0,385.1666666666667,3.0,1350.0,0.28530864197530864,BALANCED,964.8333333333333,0.0
1112,8.2,Red-N,1375,1372,12.0,478.3333333333333,3.0,1350.0,0.35432098765432096,BALANCED,871.6666666666667,0.0
1112,8.2,Red-N,1375,1372,13.0,504.1666666666667,3.0,1350.0,0.3734567901234568,BALANCED,845.8333333333333,0.0
1112,8.2,Red-N,1375,1372,14.0,636.1666666666666,3.0,1350.0,0.4712345679012345,BALANCED,713.8333333333334,0.0
1112,8.2,Red-N,1375,1372,15.0,971.5,3.0,1350.0,0.7196296296296296,BALANCED,378.5,0.0
1112,8.2,Red-N,1375,1372,16.0,1459.3333333333333,3.0,1350.0,1.0809876543209875,UNDERSUPPLY,0.0,109.33333333333326
1112,8.2,Red-N,1375,1372,17.0,1919.8333333333333,3.0,1350.0,1.4220987654320987,UNDERSUPPLY,0.0,569.8333333333333
1112,8.2,Red-N,1375,1372,18.0,1604.6666666666667,3.0,1350.0,1.1886419753086421,UNDERSUPPLY,0.0,254.66666666666674
1112,8.2,Red-N,1375,1372,19.0,965.0,3.0,1350.0,0.7148148148148148,BALANCED,385.0,0.0
1112,8.2,Red-N,1375,1372,20.0,470.5,3.0,1350.0,0.3485185185185185,BALANCED,879.5,0.0
1115,8.2,Red-N,1377,1379,6.0,47.333333333333336,3.0,1350.0,0.03506172839506173,OVERSUPPLY,1302.6666666666667,0.0
1115,8.2,Red-N,1377,1379,7.0,113.16666666666667,3.0,1350.0,0.08382716049382716,OVERSUPPLY,1236.8333333333333,0.0
1115,8.2,Red-N,1377,1379,8.0,164.16666666666669,3.0,1350.0,0.12160493827160496,OVERSUPPLY,1185.8333333333333,0.0
1115,8.2,Red-N,1377,1379,9.0,112.0,3.0,1350.0,0.08296296296296296,OVERSUPPLY,1238.0,0.0
1115,8.2,Red-N,1377,1379,10.0,61.333333333333336,3.0,1350.0,0.045432098765432104,OVERSUPPLY,1288.6666666666667,0.0
1115,8.2,Red-N,1377,1379,11.0,46.333333333333336,3.0,1350.0,0.03432098765432099,OVERSUPPLY,1303.6666666666667,0.0
1115,8.2,Red-N,1377,1379,12.0,47.333333333333336,3.0,1350.0,0.03506172839506173,OVERSUPPLY,1302.6666666666667,0.0
1115,8.2,Red-N,1377,1379,13.0,42.166666666666664,3.0,1350.0,0.031234567901234567,OVERSUPPLY,1307.8333333333333,0.0
1115,8.2,Red-N,1377,1379,14.0,53.833333333333336,3.0,1350.0,0.03987654320987655,OVERSUPPLY,1296.1666666666667,0.0
1115,8.2,Red-N,1377,1379,15.0,65.33333333333333,3.0,1350.0,0.048395061728395056,OVERSUPPLY,1284.6666666666667,0.0
1115,8.2,Red-N,1377,1379,16.0,96.66666666666667,3.0,1350.0,0.07160493827160494,OVERSUPPLY,1253.3333333333333,0.0
1115,8.2,Red-N,1377,1379,17.0,148.16666666666666,3.0,1350.0,0.10975308641975308,OVERSUPPLY,1201.8333333333333,0.0
1115,8.2,Red-N,1377,1379,18.0,131.33333333333334,3.0,1350.0,0.09728395061728395,OVERSUPPLY,1218.6666666666667,0.0
1115,8.2,Red-N,1377,1379,19.0,77.5,3.0,1350.0,0.05740740740740741,OVERSUPPLY,1272.5,0.0
1115,8.2,Red-N,1377,1379,20.0,40.333333333333336,3.0,1350.0,0.029876543209876545,OVERSUPPLY,1309.6666666666667,0.0
1117,8.2,Red-N,1378,1377,6.0,36.5,3.0,1350.0,0.027037037037037037,OVERSUPPLY,1313.5,0.0
1117,8.2,Red-N,1378,1377,7.0,82.83333333333333,3.0,1350.0,0.061358024691358024,OVERSUPPLY,1267.1666666666667,0.0
1117,8.2,Red-N,1378,1377,8.0,128.83333333333334,3.0,1350.0,0.0954320987654321,OVERSUPPLY,1221.1666666666667,0.0
1117,8.2,Red-N,1378,1377,9.0,92.16666666666667,3.0,1350.0,0.06827160493827161,OVERSUPPLY,1257.8333333333333,0.0
1117,8.2,Red-N,1378,1377,10.0,49.5,3.0,1350.0,0.03666666666666667,OVERSUPPLY,1300.5,0.0
1117,8.2,Red-N,1378,1377,11.0,37.5,3.0,1350.0,0.027777777777777776,OVERSUPPLY,1312.5,0.0
1117,8.2,Red-N,1378,1377,12.0,36.333333333333336,3.0,1350.0,0.026913580246913583,OVERSUPPLY,1313.6666666666667,0.0
1117,8.2,Red-N,1378,1377,13.0,32.5,3.0,1350.0,0.024074074074074074,OVERSUPPLY,1317.5,0.0
1117,8.2,Red-N,1378,1377,14.0,39.333333333333336,3.0,1350.0,0.029135802469135805,OVERSUPPLY,1310.6666666666667,0.0
1117,8.2,Red-N,1378,1377,15.0,48.333333333333336,3.0,1350.0,0.03580246913580247,OVERSUPPLY,1301.6666666666667,0.0
1117,8.2,Red-N,1378,1377,16.0,66.33333333333333,3.0,1350.0,0.0491358024691358,OVERSUPPLY,1283.6666666666667,0.0
1117,8.2,Red-N,1378,1377,17.0,114.83333333333333,3.0,1350.0,0.08506172839506172,OVERSUPPLY,1235.1666666666667,0.0
1117,8.2,Red-N,1378,1377,18.0,98.33333333333333,3.0,1350.0,0.0728395061728395,OVERSUPPLY,1251.6666666666667,0.0
1117,8.2,Red-N,1378,1377,19.0,57.833333333333336,3.0,1350.0,0.042839506172839506,OVERSUPPLY,1292.1666666666667,0.0
1117,8.2,Red-N,1378,1377,20.0,27.166666666666668,3.0,1350.0,0.020123456790123458,OVERSUPPLY,1322.8333333333333,0.0
1120,8.2,Red-N,1379,1364,6.0,76.66666666666667,3.0,1350.0,0.056790123456790124,OVERSUPPLY,1273.3333333333333,0.0
1120,8.2,Red-N,1379,1364,7.0,190.66666666666666,3.0,1350.0,0.14123456790123456,OVERSUPPLY,1159.3333333333333,0.0
1120,8.2,Red-N,1379,1364,8.0,253.83333333333334,3.0,1350.0,0.1880246913580247,OVERSUPPLY,1096.1666666666667,0.0
1120,8.2,Red-N,1379,1364,9.0,179.83333333333334,3.0,1350.0,0.13320987654320987,OVERSUPPLY,1170.1666666666667,0.0
1120,8.2,Red-N,1379,1364,10.0,129.5,3.0,1350.0,0.09592592592592593,OVERSUPPLY,1220.5,0.0
1120,8.2,Red-N,1379,1364,11.0,115.83333333333333,3.0,1350.0,0.08580246913580246,OVERSUPPLY,1234.1666666666667,0.0
1120,8.2,Red-N,1379,1364,12.0,138.33333333333334,3.0,1350.0,0.10246913580246915,OVERSUPPLY,1211.6666666666667,0.0
1120,8.2,Red-N,1379,1364,13.0,147.83333333333334,3.0,1350.0,0.10950617283950619,OVERSUPPLY,1202.1666666666667,0.0
1120,8.2,Red-N,1379,1364,14.0,157.66666666666666,3.0,1350.0,0.11679012345679012,OVERSUPPLY,1192.3333333333333,0.0
1120,8.2,Red-N,1379,1364,15.0,173.66666666666666,3.0,1350.0,0.12864197530864196,OVERSUPPLY,1176.3333333333333,0.0
1120,8.2,Red-N,1379,1364,16.0,215.16666666666666,3.0,1350.0,0.1593827160493827,OVERSUPPLY,1134.8333333333333,0.0
1120,8.2,Red-N,1379,1364,17.0,271.8333333333333,3.0,1350.0,0.20135802469135802,BALANCED,1078.1666666666667,0.0
1120,8.2,Red-N,1379,1364,18.0,250.5,3.0,1350.0,0.18555555555555556,OVERSUPPLY,1099.5,0.0
1120,8.2,Red-N,1379,1364,19.0,163.83333333333334,3.0,1350.0,0.12135802469135804,OVERSUPPLY,1186.1666666666667,0.0
1120,8.2,Red-N,1379,1364,20.0,97.66666666666667,3.0,1350.0,0.07234567901234568,OVERSUPPLY,1252.3333333333333,0.0
1122,8.2,Red-N,1380,1357,6.0,45.5,3.0,1350.0,0.0337037037037037,OVERSUPPLY,1304.5,0.0
1122,8.2,Red-N,1380,1357,7.0,138.16666666666666,3.0,1350.0,0.10234567901234567,OVERSUPPLY,1211.8333333333333,0.0
1122,8.2,Red-N,1380,1357,8.0,212.83333333333331,3.0,1350.0,0.1576543209876543,OVERSUPPLY,1137.1666666666667,0.0
1122,8.2,Red-N,1380,1357,9.0,185.33333333333334,3.0,1350.0,0.13728395061728396,OVERSUPPLY,1164.6666666666667,0.0
1122,8.2,Red-N,1380,1357,10.0,141.0,3.0,1350.0,0.10444444444444445,OVERSUPPLY,1209.0,0.0
1122,8.2,Red-N,1380,1357,11.0,108.33333333333333,3.0,1350.0,0.08024691358024691,OVERSUPPLY,1241.6666666666667,0.0
1122,8.2,Red-N,1380,1357,12.0,168.5,3.0,1350.0,0.12481481481481481,OVERSUPPLY,1181.5,0.0
1122,8.2,Red-N,1380,1357,13.0,181.83333333333334,3.0,1350.0,0.13469135802469137,OVERSUPPLY,1168.1666666666667,0.0
1122,8.2,Red-N,1380,1357,14.0,255.66666666666666,3.0,1350.0,0.1893827160493827,OVERSUPPLY,1094.3333333333333,0.0
1122,8.2,Red-N,1380,1357,15.0,422.5,3.0,1350.0,0.31296296296296294,BALANCED,927.5,0.0
1122,8.2,Red-N,1380,1357,16.0,640.8333333333334,3.0,1350.0,0.47469135802469137,BALANCED,709.1666666666666,0.0
1122,8.2,Red-N,1380,1357,17.0,954.6666666666666,3.0,1350.0,0.7071604938271605,BALANCED,395.33333333333337,0.0
1122,8.2,Red-N,1380,1357,18.0,774.8333333333334,3.0,1350.0,0.5739506172839507,BALANCED,575.1666666666666,0.0
1122,8.2,Red-N,1380,1357,19.0,462.5,3.0,1350.0,0.3425925925925926,BALANCED,887.5,0.0
1122,8.2,Red-N,1380,1357,20.0,238.0,3.0,1350.0,0.17629629629629628,OVERSUPPLY,1112.0,0.0
