link_id,directed_route_id,route_short_name,from_node_id,to_node_id,hour,load,num_trips,period_capacity,vc,state,empty_seats,excess_riders
382,1.1,Yellow-S,1001,1073,5.0,766.6666666666666,6.0,4500.0,0.17037037037037037,OVERSUPPLY,3733.3333333333335,0.0
382,1.1,Yellow-S,1001,1073,6.0,3111.0,6.0,4500.0,0.6913333333333334,BALANCED,1389.0,0.0
382,1.1,Yellow-S,1001,1073,7.0,5268.166666666667,6.0,4500.0,1.1707037037037038,UNDERSUPPLY,0.0,768.166666666667
382,1.1,Yellow-S,1001,1073,8.0,7771.166666666667,6.0,4500.0,1.726925925925926,UNDERSUPPLY,0.0,3271.166666666667
382,1.1,Yellow-S,1001,1073,9.0,5592.0,6.0,4500.0,1.2426666666666666,UNDERSUPPLY,0.0,1092.0
382,1.1,Yellow-S,1001,1073,10.0,2647.3333333333335,6.0,4500.0,0.5882962962962963,BALANCED,1852.6666666666665,0.0
382,1.1,Yellow-S,1001,1073,11.0,1413.5,6.0,4500.0,0.3141111111111111,BALANCED,3086.5,0.0
382,1.1,Yellow-S,1001,1073,12.0,1046.0,6.0,4500.0,0.23244444444444445,BALANCED,3454.0,0.0
382,1.1,Yellow-S,1001,1073,13.0,861.5,6.0,4500.0,0.19144444444444444,OVERSUPPLY,3638.5,0.0
382,1.1,Yellow-S,1001,1073,14.0,747.3333333333334,6.0,4500.0,0.1660740740740741,OVERSUPPLY,3752.6666666666665,0.0
382,1.1,Yellow-S,1001,1073,15.0,775.0,6.0,4500.0,0.17222222222222222,OVERSUPPLY,3725.0,0.0
382,1.1,Yellow-S,1001,1073,16.0,1138.3333333333333,6.0,4500.0,0.25296296296296295,BALANCED,3361.666666666667,0.0
382,1.1,Yellow-S,1001,1073,17.0,1872.5,6.0,4500.0,0.4161111111111111,BALANCED,2627.5,0.0
382,1.1,Yellow-S,1001,1073,18.0,1454.3333333333333,6.0,4500.0,0.3231851851851852,BALANCED,3045.666666666667,0.0
382,1.1,Yellow-S,1001,1073,19.0,723.6666666666666,6.0,4500.0,0.1608148148148148,OVERSUPPLY,3776.3333333333335,0.0
382,1.1,Yellow-S,1001,1073,20.0,355.6666666666667,6.0,4500.0,0.07903703703703704,OVERSUPPLY,4144.333333333333,0.0
382,1.1,Yellow-S,1001,1073,21.0,295.3333333333333,4.0,3000.0,0.09844444444444443,OVERSUPPLY,2704.6666666666665,0.0
382,1.1,Yellow-S,1001,1073,22.0,303.5,3.0,2250.0,0.1348888888888889,OVERSUPPLY,1946.5,0.0
382,1.1,Yellow-S,1001,1073,23.0,210.16666666666666,3.0,2250.0,0.0934074074074074,OVERSUPPLY,2039.8333333333333,0.0
384,1.1,Yellow-S,1002,1074,5.0,352.0,6.0,4500.0,0.07822222222222222,OVERSUPPLY,4148.0,0.0
384,1.1,Yellow-S,1002,1074,6.0,1098.3333333333333,6.0,4500.0,0.24407407407407405,BALANCED,3401.666666666667,0.0
384,1.1,Yellow-S,1002,1074,7.0,2438.0,6.0,4500.0,0.5417777777777778,BALANCED,2062.0,0.0
384,1.1,Yellow-S,1002,1074,8.0,4241.833333333333,6.0,4500.0,0.9426296296296296,CROWDED,258.16666666666697,0.0
384,1.1,Yellow-S,1002,1074,9.0,3401.0,6.0,4500.0,0.7557777777777778,BALANCED,1099.0,0.0
384,1.1,Yellow-S,1002,1074,10.0,1593.5,6.0,4500.0,0.3541111111111111,BALANCED,2906.5,0.0
384,1.1,Yellow-S,1002,1074,11.0,932.6666666666666,6.0,4500.0,0.20725925925925925,BALANCED,3567.3333333333335,0.0
384,1.1,Yellow-S,1002,1074,12.0,728.5,6.0,4500.0,0.1618888888888889,OVERSUPPLY,3771.5,0.0
384,1.1,Yellow-S,1002,1074,13.0,608.6666666666666,6.0,4500.0,0.13525925925925925,OVERSUPPLY,3891.3333333333335,0.0
384,1.1,Yellow-S,1002,1074,14.0,551.3333333333334,6.0,4500.0,0.12251851851851853,OVERSUPPLY,3948.6666666666665,0.0
384,1.1,Yellow-S,1002,1074,15.0,594.1666666666666,6.0,4500.0,0.13203703703703704,OVERSUPPLY,3905.8333333333335,0.0
384,1.1,Yellow-S,1002,1074,16.0,921.8333333333334,6.0,4500.0,0.20485185185185187,BALANCED,3578.1666666666665,0.0
384,1.1,Yellow-S,1002,1074,17.0,1586.1666666666667,6.0,4500.0,0.3524814814814815,BALANCED,2913.833333333333,0.0
384,1.1,Yellow-S,1002,1074,18.0,1198.5,6.0,4500.0,0.2663333333333333,BALANCED,3301.5,0.0
384,1.1,Yellow-S,1002,1074,19.0,593.0,6.0,4500.0,0.13177777777777777,OVERSUPPLY,3907.0,0.0
384,1.1,Yellow-S,1002,1074,20.0,271.1666666666667,6.0,4500.0,0.06025925925925926,OVERSUPPLY,4228.833333333333,0.0
384,1.1,Yellow-S,1002,1074,21.0,226.5,4.0,3000.0,0.0755,OVERSUPPLY,2773.5,0.0
384,1.1,Yellow-S,1002,1074,22.0,227.16666666666666,3.0,2250.0,0.10096296296296296,OVERSUPPLY,2022.8333333333333,0.0
384,1.1,Yellow-S,1002,1074,23.0,189.83333333333334,3.0,2250.0,0.08437037037037037,OVERSUPPLY,2060.1666666666665,0.0
386,1.1,Yellow-S,1003,1075,5.0,337.0,6.0,4500.0,0.0748888888888889,OVERSUPPLY,4163.0,0.0
386,1.1,Yellow-S,1003,1075,6.0,1174.0,6.0,4500.0,0.2608888888888889,BALANCED,3326.0,0.0
386,1.1,Yellow-S,1003,1075,7.0,2324.6666666666665,6.0,4500.0,0.5165925925925926,BALANCED,2175.3333333333335,0.0
386,1.1,Yellow-S,1003,1075,8.0,3035.3333333333335,6.0,4500.0,0.6745185185185185,BALANCED,1464.6666666666665,0.0
386,1.1,Yellow-S,1003,1075,9.0,1803.1666666666667,6.0,4500.0,0.40070370370370373,BALANCED,2696.833333333333,0.0
386,1.1,Yellow-S,1003,1075,10.0,886.0,6.0,4500.0,0.1968888888888889,OVERSUPPLY,3614.0,0.0
386,1.1,Yellow-S,1003,1075,11.0,388.8333333333333,6.0,4500.0,0.0864074074074074,OVERSUPPLY,4111.166666666667,0.0
386,1.1,Yellow-S,1003,1075,12.0,256.5,6.0,4500.0,0.057,OVERSUPPLY,4243.5,0.0
386,1.1,Yellow-S,1003,1075,13.0,186.83333333333334,6.0,4500.0,0.041518518518518524,OVERSUPPLY,4313.166666666667,0.0
386,1.1,Yellow-S,1003,1075,14.0,158.16666666666666,6.0,4500.0,0.035148148148148144,OVERSUPPLY,4341.833333333333,0.0
386,1.1,Yellow-S,1003,1075,15.0,139.0,6.0,4500.0,0.03088888888888889,OVERSUPPLY,4361.0,0.0
386,1.1,Yellow-S,1003,1075,16.0,183.66666666666666,6.0,4500.0,0.04081481481481481,OVERSUPPLY,4316.333333333333,0.0
386,1.1,Yellow-S,1003,1075,17.0,248.0,6.0,4500.0,0.05511111111111111,OVERSUPPLY,4252.0,0.0
386,1.1,Yellow-S,1003,1075,18.0,214.66666666666666,6.0,4500.0,0.0477037037037037,OVERSUPPLY,4285.333333333333,0.0
386,1.1,Yellow-S,1003,1075,19.0,108.83333333333333,6.0,4500.0,0.024185185185185185,OVERSUPPLY,4391.166666666667,0.0
386,1.1,Yellow-S,1003,1075,20.0,68.66666666666667,6.0,4500.0,0.01525925925925926,OVERSUPPLY,4431.333333333333,0.0
386,1.1,Yellow-S,1003,1075,21.0,47.666666666666664,4.0,3000.0,0.015888888888888886,OVERSUPPLY,2952.3333333333335,0.0
386,1.1,Yellow-S,1003,1075,22.0,52.0,3.0,2250.0,0.02311111111111111,OVERSUPPLY,2198.0,0.0
386,1.1,Yellow-S,1003,1075,23.0,13.166666666666666,3.0,2250.0,0.005851851851851852,OVERSUPPLY,2236.8333333333335,0.0
388,1.1,Yellow-S,1004,1010,5.0,76.33333333333333,6.0,4500.0,0.01696296296296296,OVERSUPPLY,4423.666666666667,0.0
388,1.1,Yellow-S,1004,1010,6.0,771.8333333333334,6.0,4500.0,0.17151851851851851,OVERSUPPLY,3728.1666666666665,0.0
388,1.1,Yellow-S,1004,1010,7.0,1254.8333333333333,6.0,4500.0,0.27885185185185185,BALANCED,3245.166666666667,0.0
388,1.1,Yellow-S,1004,1010,8.0,1373.8333333333333,6.0,4500.0,0.3052962962962963,BALANCED,3126.166666666667,0.0
388,1.1,Yellow-S,1004,1010,9.0,990.0,6.0,4500.0,0.22,BALANCED,3510.0,0.0
388,1.1,Yellow-S,1004,1010,10.0,759.8333333333334,6.0,4500.0,0.16885185185185186,OVERSUPPLY,3740.1666666666665,0.0
388,1.1,Yellow-S,1004,1010,11.0,677.6666666666666,6.0,4500.0,0.15059259259259258,OVERSUPPLY,3822.3333333333335,0.0
388,1.1,Yellow-S,1004,1010,12.0,695.5,6.0,4500.0,0.15455555555555556,OVERSUPPLY,3804.5,0.0
388,1.1,Yellow-S,1004,1010,13.0,749.0,6.0,4500.0,0.16644444444444445,OVERSUPPLY,3751.0,0.0
388,1.1,Yellow-S,1004,1010,14.0,967.8333333333334,6.0,4500.0,0.21507407407407408,BALANCED,3532.1666666666665,0.0
388,1.1,Yellow-S,1004,1010,15.0,1407.0,6.0,4500.0,0.31266666666666665,BALANCED,3093.0,0.0
388,1.1,Yellow-S,1004,1010,16.0,2514.1666666666665,6.0,4500.0,0.5587037037037037,BALANCED,1985.8333333333335,0.0
388,1.1,Yellow-S,1004,1010,17.0,4524.833333333333,6.0,4500.0,1.0055185185185185,UNDERSUPPLY,0.0,24.83333333333303
388,1.1,Yellow-S,1004,1010,18.0,3709.8333333333335,6.0,4500.0,0.8244074074074075,CROWDED,790.1666666666665,0.0
388,1.1,Yellow-S,1004,1010,19.0,1847.1666666666667,6.0,4500.0,0.4104814814814815,BALANCED,2652.833333333333,0.0
388,1.1,Yellow-S,1004,1010,20.0,1072.1666666666667,6.0,4500.0,0.23825925925925928,BALANCED,3427.833333333333,0.0
388,1.1,Yellow-S,1004,1010,21.0,745.3333333333334,4.0,3000.0,0.24844444444444447,BALANCED,2254.6666666666665,0.0
388,1.1,Yellow-S,1004,1010,22.0,688.8333333333334,3.0,2250.0,0.30614814814814817,BALANCED,1561.1666666666665,0.0
388,1.1,Yellow-S,1004,1010,23.0,401.0,3.0,2250.0,0.17822222222222223,OVERSUPPLY,1849.0,0.0
390,1.1,Yellow-S,1005,1011,5.0,67.0,6.0,4500.0,0.014888888888888889,OVERSUPPLY,4433.0,0.0
390,1.1,Yellow-S,1005,1011,6.0,428.8333333333333,6.0,4500.0,0.0952962962962963,OVERSUPPLY,4071.1666666666665,0.0
390,1.1,Yellow-S,1005,1011,7.0,859.6666666666666,6.0,4500.0,0.19103703703703703,OVERSUPPLY,3640.3333333333335,0.0
390,1.1,Yellow-S,1005,1011,8.0,1010.8333333333334,6.0,4500.0,0.22462962962962965,BALANCED,3489.1666666666665,0.0
390,1.1,Yellow-S,1005,1011,9.0,739.8333333333334,6.0,4500.0,0.16440740740740742,OVERSUPPLY,3760.1666666666665,0.0
390,1.1,Yellow-S,1005,1011,10.0,577.8333333333334,6.0,4500.0,0.12840740740740741,OVERSUPPLY,3922.1666666666665,0.0
390,1.1,Yellow-S,1005,1011,11.0,545.3333333333334,6.0,4500.0,0.12118518518518519,OVERSUPPLY,3954.6666666666665,0.0
390,1.1,Yellow-S,1005,1011,12.0,600.8333333333334,6.0,4500.0,0.13351851851851854,OVERSUPPLY,3899.1666666666665,0.0
390,1.1,Yellow-S,1005,1011,13.0,664.8333333333334,6.0,4500.0,0.14774074074074076,OVERSUPPLY,3835.1666666666665,0.0
390,1.1,Yellow-S,1005,1011,14.0,906.5,6.0,4500.0,0.20144444444444445,BALANCED,3593.5,0.0
390,1.1,Yellow-S,1005,1011,15.0,1337.3333333333333,6.0,4500.0,0.29718518518518516,BALANCED,3162.666666666667,0.0
390,1.1,Yellow-S,1005,1011,16.0,2438.3333333333335,6.0,4500.0,0.5418518518518519,BALANCED,2061.6666666666665,0.0
390,1.1,Yellow-S,1005,1011,17.0,4428.833333333333,6.0,4500.0,0.9841851851851852,CROWDED,71.16666666666697,0.0
390,1.1,Yellow-S,1005,1011,18.0,3605.1666666666665,6.0,4500.0,0.8011481481481482,CROWDED,894.8333333333335,0.0
390,1.1,Yellow-S,1005,1011,19.0,1779.6666666666667,6.0,4500.0,0.3954814814814815,BALANCED,2720.333333333333,0.0
390,1.1,Yellow-S,1005,1011,20.0,1012.6666666666666,6.0,4500.0,0.22503703703703704,BALANCED,3487.3333333333335,0.0
390,1.1,Yellow-S,1005,1011,21.0,697.3333333333334,4.0,3000.0,0.23244444444444445,BALANCED,2302.6666666666665,0.0
390,1.1,Yellow-S,1005,1011,22.0,646.1666666666666,3.0,2250.0,0.28718518518518515,BALANCED,1603.8333333333335,0.0
390,1.1,Yellow-S,1005,1011,23.0,381.3333333333333,3.0,2250.0,0.16948148148148148,OVERSUPPLY,1868.6666666666667,0.0
392,1.1,Yellow-S,1006,1012,5.0,9.333333333333334,6.0,4500.0,0.002074074074074074,OVERSUPPLY,4490.666666666667,0.0
392,1.1,Yellow-S,1006,1012,6.0,150.83333333333334,6.0,4500.0,0.033518518518518524,OVERSUPPLY,4349.166666666667,0.0
392,1.1,Yellow-S,1006,1012,7.0,205.83333333333334,6.0,4500.0,0.04574074074074074,OVERSUPPLY,4294.166666666667,0.0
392,1.1,Yellow-S,1006,1012,8.0,207.16666666666666,6.0,4500.0,0.046037037037037036,OVERSUPPLY,4292.833333333333,0.0
392,1.1,Yellow-S,1006,1012,9.0,134.33333333333334,6.0,4500.0,0.029851851851851855,OVERSUPPLY,4365.666666666667,0.0
392,1.1,Yellow-S,1006,1012,10.0,102.66666666666667,6.0,4500.0,0.022814814814814816,OVERSUPPLY,4397.333333333333,0.0
392,1.1,Yellow-S,1006,1012,11.0,81.83333333333333,6.0,4500.0,0.018185185185185183,OVERSUPPLY,4418.166666666667,0.0
392,1.1,Yellow-S,1006,1012,12.0,49.5,6.0,4500.0,0.011,OVERSUPPLY,4450.5,0.0
392,1.1,Yellow-S,1006,1012,13.0,42.5,6.0,4500.0,0.009444444444444445,OVERSUPPLY,4457.5,0.0
392,1.1,Yellow-S,1006,1012,14.0,32.333333333333336,6.0,4500.0,0.007185185185185186,OVERSUPPLY,4467.666666666667,0.0
392,1.1,Yellow-S,1006,1012,15.0,34.166666666666664,6.0,4500.0,0.007592592592592592,OVERSUPPLY,4465.833333333333,0.0
392,1.1,Yellow-S,1006,1012,16.0,44.833333333333336,6.0,4500.0,0.009962962962962963,OVERSUPPLY,4455.166666666667,0.0
392,1.1,Yellow-S,1006,1012,17.0,53.166666666666664,6.0,4500.0,0.011814814814814814,OVERSUPPLY,4446.833333333333,0.0
392,1.1,Yellow-S,1006,1012,18.0,59.333333333333336,6.0,4500.0,0.013185185185185185,OVERSUPPLY,4440.666666666667,0.0
392,1.1,Yellow-S,1006,1012,19.0,39.166666666666664,6.0,4500.0,0.008703703703703703,OVERSUPPLY,4460.833333333333,0.0
392,1.1,Yellow-S,1006,1012,20.0,33.0,6.0,4500.0,0.007333333333333333,OVERSUPPLY,4467.0,0.0
392,1.1,Yellow-S,1006,1012,21.0,28.333333333333332,4.0,3000.0,0.009444444444444445,OVERSUPPLY,2971.6666666666665,0.0
392,1.1,Yellow-S,1006,1012,22.0,20.666666666666668,3.0,2250.0,0.009185185185185185,OVERSUPPLY,2229.3333333333335,0.0
392,1.1,Yellow-S,1006,1012,23.0,5.166666666666666,3.0,2250.0,0.002296296296296296,OVERSUPPLY,2244.8333333333335,0.0
394,1.1,Yellow-S,1007,1001,5.0,841.3333333333334,6.0,4500.0,0.18696296296296297,OVERSUPPLY,3658.6666666666665,0.0
394,1.1,Yellow-S,1007,1001,6.0,3501.3333333333335,6.0,4500.0,0.7780740740740741,BALANCED,998.6666666666665,0.0
394,1.1,Yellow-S,1007,1001,7.0,5907.833333333333,6.0,4500.0,1.3128518518518517,UNDERSUPPLY,0.0,1407.833333333333
394,1.1,Yellow-S,1007,1001,8.0,8386.5,6.0,4500.0,1.8636666666666666,UNDERSUPPLY,0.0,3886.5
394,1.1,Yellow-S,1007,1001,9.0,5900.333333333333,6.0,4500.0,1.311185185185185,UNDERSUPPLY,0.0,1400.333333333333
394,1.1,Yellow-S,1007,1001,10.0,2782.8333333333335,6.0,4500.0,0.6184074074074074,BALANCED,1717.1666666666665,0.0
394,1.1,Yellow-S,1007,1001,11.0,1507.8333333333333,6.0,4500.0,0.3350740740740741,BALANCED,2992.166666666667,0.0
394,1.1,Yellow-S,1007,1001,12.0,1176.1666666666667,6.0,4500.0,0.26137037037037036,BALANCED,3323.833333333333,0.0
394,1.1,Yellow-S,1007,1001,13.0,977.0,6.0,4500.0,0.21711111111111112,BALANCED,3523.0,0.0
394,1.1,Yellow-S,1007,1001,14.0,891.5,6.0,4500.0,0.1981111111111111,OVERSUPPLY,3608.5,0.0
394,1.1,Yellow-S,1007,1001,15.0,1013.3333333333334,6.0,4500.0,0.22518518518518518,BALANCED,3486.6666666666665,0.0
394,1.1,Yellow-S,1007,1001,16.0,1529.1666666666667,6.0,4500.0,0.33981481481481485,BALANCED,2970.833333333333,0.0
394,1.1,Yellow-S,1007,1001,17.0,2285.3333333333335,6.0,4500.0,0.5078518518518519,BALANCED,2214.6666666666665,0.0
394,1.1,Yellow-S,1007,1001,18.0,1849.6666666666667,6.0,4500.0,0.41103703703703703,BALANCED,2650.333333333333,0.0
394,1.1,Yellow-S,1007,1001,19.0,959.1666666666666,6.0,4500.0,0.21314814814814814,BALANCED,3540.8333333333335,0.0
394,1.1,Yellow-S,1007,1001,20.0,483.3333333333333,6.0,4500.0,0.10740740740740741,OVERSUPPLY,4016.6666666666665,0.0
394,1.1,Yellow-S,1007,1001,21.0,399.8333333333333,4.0,3000.0,0.13327777777777777,OVERSUPPLY,2600.1666666666665,0.0
394,1.1,Yellow-S,1007,1001,22.0,370.8333333333333,3.0,2250.0,0.1648148148148148,OVERSUPPLY,1879.1666666666667,0.0
394,1.1,Yellow-S,1007,1001,23.0,288.5,3.0,2250.0,0.1282222222222222,OVERSUPPLY,1961.5,0.0
396,1.1,Yellow-S,1008,1002,5.0,359.5,6.0,4500.0,0.07988888888888888,OVERSUPPLY,4140.5,0.0
396,1.1,Yellow-S,1008,1002,6.0,1213.6666666666667,6.0,4500.0,0.2697037037037037,BALANCED,3286.333333333333,0.0
396,1.1,Yellow-S,1008,1002,7.0,2613.5,6.0,4500.0,0.5807777777777777,BALANCED,1886.5,0.0
396,1.1,Yellow-S,1008,1002,8.0,4421.666666666667,6.0,4500.0,0.9825925925925927,CROWDED,78.33333333333303,0.0
396,1.1,Yellow-S,1008,1002,9.0,3461.8333333333335,6.0,4500.0,0.7692962962962964,BALANCED,1038.1666666666665,0.0
396,1.1,Yellow-S,1008,1002,10.0,1622.1666666666667,6.0,4500.0,0.3604814814814815,BALANCED,2877.833333333333,0.0
396,1.1,Yellow-S,1008,1002,11.0,960.1666666666666,6.0,4500.0,0.21337037037037035,BALANCED,3539.8333333333335,0.0
396,1.1,Yellow-S,1008,1002,12.0,804.8333333333334,6.0,4500.0,0.17885185185185187,OVERSUPPLY,3695.1666666666665,0.0
396,1.1,Yellow-S,1008,1002,13.0,683.0,6.0,4500.0,0.1517777777777778,OVERSUPPLY,3817.0,0.0
396,1.1,Yellow-S,1008,1002,14.0,657.6666666666666,6.0,4500.0,0.14614814814814814,OVERSUPPLY,3842.3333333333335,0.0
396,1.1,Yellow-S,1008,1002,15.0,789.5,6.0,4500.0,0.17544444444444443,OVERSUPPLY,3710.5,0.0
396,1.1,Yellow-S,1008,1002,16.0,1251.3333333333333,6.0,4500.0,0.2780740740740741,BALANCED,3248.666666666667,0.0
396,1.1,Yellow-S,1008,1002,17.0,1931.0,6.0,4500.0,0.4291111111111111,BALANCED,2569.0,0.0
396,1.1,Yellow-S,1008,1002,18.0,1522.3333333333333,6.0,4500.0,0.33829629629629626,BALANCED,2977.666666666667,0.0
396,1.1,Yellow-S,1008,1002,19.0,781.6666666666666,6.0,4500.0,0.1737037037037037,OVERSUPPLY,3718.3333333333335,0.0
396,1.1,Yellow-S,1008,1002,20.0,372.6666666666667,6.0,4500.0,0.08281481481481481,OVERSUPPLY,4127.333333333333,0.0
396,1.1,Yellow-S,1008,1002,21.0,314.6666666666667,4.0,3000.0,0.10488888888888889,OVERSUPPLY,2685.3333333333335,0.0
396,1.1,Yellow-S,1008,1002,22.0,281.1666666666667,3.0,2250.0,0.12496296296296297,OVERSUPPLY,1968.8333333333333,0.0
396,1.1,Yellow-S,1008,1002,23.0,258.8333333333333,3.0,2250.0,0.11503703703703703,OVERSUPPLY,1991.1666666666667,0.0
398,1.1,Yellow-S,1009,1003,5.0,369.5,6.0,4500.0,0.08211111111111111,OVERSUPPLY,4130.5,0.0
398,1.1,Yellow-S,1009,1003,6.0,1335.3333333333333,6.0,4500.0,0.29674074074074075,BALANCED,3164.666666666667,0.0
398,1.1,Yellow-S,1009,1003,7.0,2662.0,6.0,4500.0,0.5915555555555555,BALANCED,1838.0,0.0
398,1.1,Yellow-S,1009,1003,8.0,3368.1666666666665,6.0,4500.0,0.7484814814814814,BALANCED,1131.8333333333335,0.0
398,1.1,Yellow-S,1009,1003,9.0,1987.5,6.0,4500.0,0.44166666666666665,BALANCED,2512.5,0.0
398,1.1,Yellow-S,1009,1003,10.0,964.3333333333333,6.0,4500.0,0.2142962962962963,BALANCED,3535.666666666667,0.0
398,1.1,Yellow-S,1009,1003,11.0,438.3333333333333,6.0,4500.0,0.0974074074074074,OVERSUPPLY,4061.6666666666665,0.0
398,1.1,Yellow-S,1009,1003,12.0,294.6666666666667,6.0,4500.0,0.06548148148148149,OVERSUPPLY,4205.333333333333,0.0
398,1.1,Yellow-S,1009,1003,13.0,216.33333333333334,6.0,4500.0,0.048074074074074075,OVERSUPPLY,4283.666666666667,0.0
398,1.1,Yellow-S,1009,1003,14.0,189.83333333333334,6.0,4500.0,0.04218518518518519,OVERSUPPLY,4310.166666666667,0.0
398,1.1,Yellow-S,1009,1003,15.0,174.66666666666666,6.0,4500.0,0.038814814814814816,OVERSUPPLY,4325.333333333333,0.0
398,1.1,Yellow-S,1009,1003,16.0,242.66666666666666,6.0,4500.0,0.053925925925925926,OVERSUPPLY,4257.333333333333,0.0
398,1.1,Yellow-S,1009,1003,17.0,322.0,6.0,4500.0,0.07155555555555555,OVERSUPPLY,4178.0,0.0
398,1.1,Yellow-S,1009,1003,18.0,289.0,6.0,4500.0,0.06422222222222222,OVERSUPPLY,4211.0,0.0
398,1.1,Yellow-S,1009,1003,19.0,151.66666666666666,6.0,4500.0,0.0337037037037037,OVERSUPPLY,4348.333333333333,0.0
398,1.1,Yellow-S,1009,1003,20.0,92.66666666666667,6.0,4500.0,0.020592592592592593,OVERSUPPLY,4407.333333333333,0.0
398,1.1,Yellow-S,1009,1003,21.0,59.666666666666664,4.0,3000.0,0.019888888888888887,OVERSUPPLY,2940.3333333333335,0.0
398,1.1,Yellow-S,1009,1003,22.0,62.666666666666664,3.0,2250.0,0.02785185185185185,OVERSUPPLY,2187.3333333333335,0.0
398,1.1,Yellow-S,1009,1003,23.0,20.333333333333332,3.0,2250.0,0.009037037037037036,OVERSUPPLY,2229.6666666666665,0.0
400,1.1,Yellow-S,1010,1032,5.0,46.166666666666664,6.0,4500.0,0.010259259259259258,OVERSUPPLY,4453.833333333333,0.0
400,1.1,Yellow-S,1010,1032,6.0,602.6666666666666,6.0,4500.0,0.13392592592592592,OVERSUPPLY,3897.3333333333335,0.0
400,1.1,Yellow-S,1010,1032,7.0,1036.1666666666667,6.0,4500.0,0.23025925925925927,BALANCED,3463.833333333333,0.0
400,1.1,Yellow-S,1010,1032,8.0,1167.5,6.0,4500.0,0.2594444444444444,BALANCED,3332.5,0.0
400,1.1,Yellow-S,1010,1032,9.0,841.0,6.0,4500.0,0.18688888888888888,OVERSUPPLY,3659.0,0.0
400,1.1,Yellow-S,1010,1032,10.0,656.0,6.0,4500.0,0.14577777777777778,OVERSUPPLY,3844.0,0.0
400,1.1,Yellow-S,1010,1032,11.0,573.6666666666666,6.0,4500.0,0.12748148148148147,OVERSUPPLY,3926.3333333333335,0.0
400,1.1,Yellow-S,1010,1032,12.0,588.5,6.0,4500.0,0.13077777777777777,OVERSUPPLY,3911.5,0.0
400,1.1,Yellow-S,1010,1032,13.0,626.8333333333334,6.0,4500.0,0.1392962962962963,OVERSUPPLY,3873.1666666666665,0.0
400,1.1,Yellow-S,1010,1032,14.0,802.0,6.0,4500.0,0.17822222222222223,OVERSUPPLY,3698.0,0.0
400,1.1,Yellow-S,1010,1032,15.0,1166.3333333333333,6.0,4500.0,0.2591851851851852,BALANCED,3333.666666666667,0.0
400,1.1,Yellow-S,1010,1032,16.0,2135.5,6.0,4500.0,0.47455555555555556,BALANCED,2364.5,0.0
400,1.1,Yellow-S,1010,1032,17.0,3760.1666666666665,6.0,4500.0,0.8355925925925926,CROWDED,739.8333333333335,0.0
400,1.1,Yellow-S,1010,1032,18.0,2994.6666666666665,6.0,4500.0,0.6654814814814815,BALANCED,1505.3333333333335,0.0
400,1.1,Yellow-S,1010,1032,19.0,1465.0,6.0,4500.0,0.32555555555555554,BALANCED,3035.0,0.0
400,1.1,Yellow-S,1010,1032,20.0,885.6666666666666,6.0,4500.0,0.1968148148148148,OVERSUPPLY,3614.3333333333335,0.0
400,1.1,Yellow-S,1010,1032,21.0,635.6666666666666,4.0,3000.0,0.21188888888888888,BALANCED,2364.3333333333335,0.0
400,1.1,Yellow-S,1010,1032,22.0,572.6666666666666,3.0,2250.0,0.2545185185185185,BALANCED,1677.3333333333335,0.0
400,1.1,Yellow-S,1010,1032,23.0,342.8333333333333,3.0,2250.0,0.15237037037037035,OVERSUPPLY,1907.1666666666667,0.0
402,1.1,Yellow-S,1011,1033,5.0,40.5,6.0,4500.0,0.009,OVERSUPPLY,4459.5,0.0
402,1.1,Yellow-S,1011,1033,6.0,327.0,6.0,4500.0,0.07266666666666667,OVERSUPPLY,4173.0,0.0
402,1.1,Yellow-S,1011,1033,7.0,706.3333333333334,6.0,4500.0,0.15696296296296297,OVERSUPPLY,3793.6666666666665,0.0
402,1.1,Yellow-S,1011,1033,8.0,850.5,6.0,4500.0,0.189,OVERSUPPLY,3649.5,0.0
402,1.1,Yellow-S,1011,1033,9.0,621.8333333333334,6.0,4500.0,0.1381851851851852,OVERSUPPLY,3878.1666666666665,0.0
402,1.1,Yellow-S,1011,1033,10.0,490.1666666666667,6.0,4500.0,0.10892592592592593,OVERSUPPLY,4009.8333333333335,0.0
402,1.1,Yellow-S,1011,1033,11.0,454.0,6.0,4500.0,0.10088888888888889,OVERSUPPLY,4046.0,0.0
402,1.1,Yellow-S,1011,1033,12.0,499.5,6.0,4500.0,0.111,OVERSUPPLY,4000.5,0.0
402,1.1,Yellow-S,1011,1033,13.0,549.0,6.0,4500.0,0.122,OVERSUPPLY,3951.0,0.0
402,1.1,Yellow-S,1011,1033,14.0,749.8333333333334,6.0,4500.0,0.16662962962962963,OVERSUPPLY,3750.1666666666665,0.0
402,1.1,Yellow-S,1011,1033,15.0,1107.5,6.0,4500.0,0.2461111111111111,BALANCED,3392.5,0.0
402,1.1,Yellow-S,1011,1033,16.0,2071.3333333333335,6.0,4500.0,0.4602962962962963,BALANCED,2428.6666666666665,0.0
402,1.1,Yellow-S,1011,1033,17.0,3685.1666666666665,6.0,4500.0,0.818925925925926,CROWDED,814.8333333333335,0.0
402,1.1,Yellow-S,1011,1033,18.0,2914.0,6.0,4500.0,0.6475555555555556,BALANCED,1586.0,0.0
402,1.1,Yellow-S,1011,1033,19.0,1409.0,6.0,4500.0,0.3131111111111111,BALANCED,3091.0,0.0
402,1.1,Yellow-S,1011,1033,20.0,831.3333333333334,6.0,4500.0,0.18474074074074076,OVERSUPPLY,3668.6666666666665,0.0
402,1.1,Yellow-S,1011,1033,21.0,591.3333333333334,4.0,3000.0,0.19711111111111113,OVERSUPPLY,2408.6666666666665,0.0
402,1.1,Yellow-S,1011,1033,22.0,532.5,3.0,2250.0,0.23666666666666666,BALANCED,1717.5,0.0
402,1.1,Yellow-S,1011,1033,23.0,329.8333333333333,3.0,2250.0,0.14659259259259258,OVERSUPPLY,1920.1666666666667,0.0
404,1.1,Yellow-S,1012,1034,5.0,5.666666666666666,6.0,4500.0,0.0012592592592592592,OVERSUPPLY,4494.333333333333,0.0
404,1.1,Yellow-S,1012,1034,6.0,117.83333333333333,6.0,4500.0,0.026185185185185183,OVERSUPPLY,4382.166666666667,0.0
404,1.1,Yellow-S,1012,1034,7.0,169.83333333333334,6.0,4500.0,0.03774074074074074,OVERSUPPLY,4330.166666666667,0.0
404,1.1,Yellow-S,1012,1034,8.0,175.0,6.0,4500.0,0.03888888888888889,OVERSUPPLY,4325.0,0.0
404,1.1,Yellow-S,1012,1034,9.0,115.5,6.0,4500.0,0.025666666666666667,OVERSUPPLY,4384.5,0.0
404,1.1,Yellow-S,1012,1034,10.0,93.66666666666667,6.0,4500.0,0.020814814814814817,OVERSUPPLY,4406.333333333333,0.0
404,1.1,Yellow-S,1012,1034,11.0,75.16666666666667,6.0,4500.0,0.016703703703703703,OVERSUPPLY,4424.833333333333,0.0
404,1.1,Yellow-S,1012,1034,12.0,45.0,6.0,4500.0,0.01,OVERSUPPLY,4455.0,0.0
404,1.1,Yellow-S,1012,1034,13.0,38.0,6.0,4500.0,0.008444444444444444,OVERSUPPLY,4462.0,0.0
404,1.1,Yellow-S,1012,1034,14.0,28.0,6.0,4500.0,0.006222222222222222,OVERSUPPLY,4472.0,0.0
404,1.1,Yellow-S,1012,1034,15.0,30.0,6.0,4500.0,0.006666666666666667,OVERSUPPLY,4470.0,0.0
404,1.1,Yellow-S,1012,1034,16.0,38.5,6.0,4500.0,0.008555555555555556,OVERSUPPLY,4461.5,0.0
404,1.1,Yellow-S,1012,1034,17.0,44.0,6.0,4500.0,0.009777777777777778,OVERSUPPLY,4456.0,0.0
404,1.1,Yellow-S,1012,1034,18.0,48.666666666666664,6.0,4500.0,0.010814814814814814,OVERSUPPLY,4451.333333333333,0.0
404,1.1,Yellow-S,1012,1034,19.0,32.666666666666664,6.0,4500.0,0.007259259259259259,OVERSUPPLY,4467.333333333333,0.0
404,1.1,Yellow-S,1012,1034,20.0,30.5,6.0,4500.0,0.0067777777777777775,OVERSUPPLY,4469.5,0.0
404,1.1,Yellow-S,1012,1034,21.0,25.833333333333336,4.0,3000.0,0.008611111111111111,OVERSUPPLY,2974.1666666666665,0.0
404,1.1,Yellow-S,1012,1034,22.0,18.666666666666668,3.0,2250.0,0.008296296296296296,OVERSUPPLY,2231.3333333333335,0.0
404,1.1,Yellow-S,1012,1034,23.0,4.0,3.0,2250.0,0.0017777777777777779,OVERSUPPLY,2246.0,0.0
406,1.1,Yellow-S,1013,1049,5.0,139.0,6.0,4500.0,0.03088888888888889,OVERSUPPLY,4361.0,0.0
406,1.1,Yellow-S,1013,1049,6.0,884.0,6.0,4500.0,0.19644444444444445,OVERSUPPLY,3616.0,0.0
406,1.1,Yellow-S,1013,1049,7.0,575.0,6.0,4500.0,0.12777777777777777,OVERSUPPLY,3925.0,0.0
406,1.1,Yellow-S,1013,1049,8.0,557.6666666666666,6.0,4500.0,0.12392592592592591,OVERSUPPLY,3942.3333333333335,0.0
406,1.1,Yellow-S,1013,1049,9.0,390.6666666666667,6.0,4500.0,0.08681481481481482,OVERSUPPLY,4109.333333333333,0.0
406,1.1,Yellow-S,1013,1049,10.0,186.33333333333334,6.0,4500.0,0.04140740740740741,OVERSUPPLY,4313.666666666667,0.0
406,1.1,Yellow-S,1013,1049,11.0,113.0,6.0,4500.0,0.025111111111111112,OVERSUPPLY,4387.0,0.0
406,1.1,Yellow-S,1013,1049,12.0,80.66666666666667,6.0,4500.0,0.01792592592592593,OVERSUPPLY,4419.333333333333,0.0
406,1.1,Yellow-S,1013,1049,13.0,80.33333333333333,6.0,4500.0,0.01785185185185185,OVERSUPPLY,4419.666666666667,0.0
406,1.1,Yellow-S,1013,1049,14.0,38.0,6.0,4500.0,0.008444444444444444,OVERSUPPLY,4462.0,0.0
406,1.1,Yellow-S,1013,1049,15.0,56.333333333333336,6.0,4500.0,0.012518518518518519,OVERSUPPLY,4443.666666666667,0.0
406,1.1,Yellow-S,1013,1049,16.0,45.666666666666664,6.0,4500.0,0.010148148148148147,OVERSUPPLY,4454.333333333333,0.0
406,1.1,Yellow-S,1013,1049,17.0,37.666666666666664,6.0,4500.0,0.00837037037037037,OVERSUPPLY,4462.333333333333,0.0
406,1.1,Yellow-S,1013,1049,18.0,35.333333333333336,6.0,4500.0,0.007851851851851853,OVERSUPPLY,4464.666666666667,0.0
406,1.1,Yellow-S,1013,1049,19.0,27.0,6.0,4500.0,0.006,OVERSUPPLY,4473.0,0.0
406,1.1,Yellow-S,1013,1049,20.0,19.333333333333332,6.0,4500.0,0.004296296296296296,OVERSUPPLY,4480.666666666667,0.0
406,1.1,Yellow-S,1013,1049,21.0,20.666666666666668,4.0,3000.0,0.00688888888888889,OVERSUPPLY,2979.3333333333335,0.0
406,1.1,Yellow-S,1013,1049,22.0,26.0,3.0,2250.0,0.011555555555555555,OVERSUPPLY,2224.0,0.0
406,1.1,Yellow-S,1013,1049,23.0,9.333333333333332,3.0,2250.0,0.004148148148148147,OVERSUPPLY,2240.6666666666665,0.0
408,1.1,Yellow-S,1014,1026,5.0,12.333333333333334,6.0,4500.0,0.002740740740740741,OVERSUPPLY,4487.666666666667,0.0
408,1.1,Yellow-S,1014,1026,6.0,433.8333333333333,6.0,4500.0,0.0964074074074074,OVERSUPPLY,4066.1666666666665,0.0
408,1.1,Yellow-S,1014,1026,7.0,701.3333333333334,6.0,4500.0,0.15585185185185185,OVERSUPPLY,3798.6666666666665,0.0
408,1.1,Yellow-S,1014,1026,8.0,784.1666666666666,6.0,4500.0,0.17425925925925925,OVERSUPPLY,3715.8333333333335,0.0
408,1.1,Yellow-S,1014,1026,9.0,599.1666666666666,6.0,4500.0,0.13314814814814813,OVERSUPPLY,3900.8333333333335,0.0
408,1.1,Yellow-S,1014,1026,10.0,515.3333333333334,6.0,4500.0,0.11451851851851853,OVERSUPPLY,3984.6666666666665,0.0
408,1.1,Yellow-S,1014,1026,11.0,437.5,6.0,4500.0,0.09722222222222222,OVERSUPPLY,4062.5,0.0
408,1.1,Yellow-S,1014,1026,12.0,420.6666666666667,6.0,4500.0,0.09348148148148148,OVERSUPPLY,4079.3333333333335,0.0
408,1.1,Yellow-S,1014,1026,13.0,426.3333333333333,6.0,4500.0,0.09474074074074074,OVERSUPPLY,4073.6666666666665,0.0
408,1.1,Yellow-S,1014,1026,14.0,521.5,6.0,4500.0,0.11588888888888889,OVERSUPPLY,3978.5,0.0
408,1.1,Yellow-S,1014,1026,15.0,740.8333333333334,6.0,4500.0,0.16462962962962963,OVERSUPPLY,3759.1666666666665,0.0
408,1.1,Yellow-S,1014,1026,16.0,1309.5,6.0,4500.0,0.291,BALANCED,3190.5,0.0
408,1.1,Yellow-S,1014,1026,17.0,2213.6666666666665,6.0,4500.0,0.4919259259259259,BALANCED,2286.3333333333335,0.0
408,1.1,Yellow-S,1014,1026,18.0,1834.0,6.0,4500.0,0.40755555555555556,BALANCED,2666.0,0.0
408,1.1,Yellow-S,1014,1026,19.0,899.6666666666666,6.0,4500.0,0.19992592592592592,OVERSUPPLY,3600.3333333333335,0.0
408,1.1,Yellow-S,1014,1026,20.0,533.5,6.0,4500.0,0.11855555555555555,OVERSUPPLY,3966.5,0.0
408,1.1,Yellow-S,1014,1026,21.0,378.8333333333333,4.0,3000.0,0.12627777777777777,OVERSUPPLY,2621.1666666666665,0.0
408,1.1,Yellow-S,1014,1026,22.0,306.3333333333333,3.0,2250.0,0.13614814814814813,OVERSUPPLY,1943.6666666666667,0.0
408,1.1,Yellow-S,1014,1026,23.0,191.16666666666666,3.0,2250.0,0.08496296296296296,OVERSUPPLY,2058.8333333333335,0.0
410,1.1,Yellow-S,1015,1027,5.0,12.333333333333334,6.0,4500.0,0.002740740740740741,OVERSUPPLY,4487.666666666667,0.0
410,1.1,Yellow-S,1015,1027,6.0,225.83333333333334,6.0,4500.0,0.05018518518518519,OVERSUPPLY,4274.166666666667,0.0
410,1.1,Yellow-S,1015,1027,7.0,445.6666666666667,6.0,4500.0,0.09903703703703703,OVERSUPPLY,4054.3333333333335,0.0
410,1.1,Yellow-S,1015,1027,8.0,533.0,6.0,4500.0,0.11844444444444445,OVERSUPPLY,3967.0,0.0
410,1.1,Yellow-S,1015,1027,9.0,418.5,6.0,4500.0,0.093,OVERSUPPLY,4081.5,0.0
410,1.1,Yellow-S,1015,1027,10.0,366.5,6.0,4500.0,0.08144444444444444,OVERSUPPLY,4133.5,0.0
410,1.1,Yellow-S,1015,1027,11.0,329.8333333333333,6.0,4500.0,0.07329629629629629,OVERSUPPLY,4170.166666666667,0.0
410,1.1,Yellow-S,1015,1027,12.0,341.8333333333333,6.0,4500.0,0.07596296296296295,OVERSUPPLY,4158.166666666667,0.0
410,1.1,Yellow-S,1015,1027,13.0,353.8333333333333,6.0,4500.0,0.07862962962962962,OVERSUPPLY,4146.166666666667,0.0
410,1.1,Yellow-S,1015,1027,14.0,475.8333333333333,6.0,4500.0,0.10574074074074073,OVERSUPPLY,4024.1666666666665,0.0
410,1.1,Yellow-S,1015,1027,15.0,685.6666666666666,6.0,4500.0,0.15237037037037035,OVERSUPPLY,3814.3333333333335,0.0
410,1.1,Yellow-S,1015,1027,16.0,1259.6666666666667,6.0,4500.0,0.27992592592592597,BALANCED,3240.333333333333,0.0
410,1.1,Yellow-S,1015,1027,17.0,2162.5,6.0,4500.0,0.48055555555555557,BALANCED,2337.5,0.0
410,1.1,Yellow-S,1015,1027,18.0,1770.1666666666667,6.0,4500.0,0.39337037037037037,BALANCED,2729.833333333333,0.0
410,1.1,Yellow-S,1015,1027,19.0,856.5,6.0,4500.0,0.19033333333333333,OVERSUPPLY,3643.5,0.0
410,1.1,Yellow-S,1015,1027,20.0,488.6666666666667,6.0,4500.0,0.1085925925925926,OVERSUPPLY,4011.3333333333335,0.0
410,1.1,Yellow-S,1015,1027,21.0,343.1666666666667,4.0,3000.0,0.1143888888888889,OVERSUPPLY,2656.8333333333335,0.0
410,1.1,Yellow-S,1015,1027,22.0,276.8333333333333,3.0,2250.0,0.12303703703703703,OVERSUPPLY,1973.1666666666667,0.0
410,1.1,Yellow-S,1015,1027,23.0,182.66666666666669,3.0,2250.0,0.0811851851851852,OVERSUPPLY,2067.3333333333335,0.0
412,1.1,Yellow-S,1016,1028,6.0,85.66666666666667,6.0,4500.0,0.01903703703703704,OVERSUPPLY,4414.333333333333,0.0
412,1.1,Yellow-S,1016,1028,7.0,123.16666666666667,6.0,4500.0,0.02737037037037037,OVERSUPPLY,4376.833333333333,0.0
412,1.1,Yellow-S,1016,1028,8.0,134.5,6.0,4500.0,0.02988888888888889,OVERSUPPLY,4365.5,0.0
412,1.1,Yellow-S,1016,1028,9.0,93.5,6.0,4500.0,0.020777777777777777,OVERSUPPLY,4406.5,0.0
412,1.1,Yellow-S,1016,1028,10.0,84.16666666666667,6.0,4500.0,0.018703703703703705,OVERSUPPLY,4415.833333333333,0.0
412,1.1,Yellow-S,1016,1028,11.0,68.16666666666667,6.0,4500.0,0.015148148148148148,OVERSUPPLY,4431.833333333333,0.0
412,1.1,Yellow-S,1016,1028,12.0,41.166666666666664,6.0,4500.0,0.009148148148148148,OVERSUPPLY,4458.833333333333,0.0
412,1.1,Yellow-S,1016,1028,13.0,34.666666666666664,6.0,4500.0,0.007703703703703703,OVERSUPPLY,4465.333333333333,0.0
412,1.1,Yellow-S,1016,1028,14.0,24.833333333333332,6.0,4500.0,0.005518518518518518,OVERSUPPLY,4475.166666666667,0.0
412,1.1,Yellow-S,1016,1028,15.0,25.333333333333332,6.0,4500.0,0.005629629629629629,OVERSUPPLY,4474.666666666667,0.0
412,1.1,Yellow-S,1016,1028,16.0,28.166666666666668,6.0,4500.0,0.0062592592592592596,OVERSUPPLY,4471.833333333333,0.0
412,1.1,Yellow-S,1016,1028,17.0,32.166666666666664,6.0,4500.0,0.007148148148148147,OVERSUPPLY,4467.833333333333,0.0
412,1.1,Yellow-S,1016,1028,18.0,36.5,6.0,4500.0,0.00811111111111111,OVERSUPPLY,4463.5,0.0
412,1.1,Yellow-S,1016,1028,19.0,25.833333333333332,6.0,4500.0,0.005740740740740741,OVERSUPPLY,4474.166666666667,0.0
412,1.1,Yellow-S,1016,1028,20.0,27.333333333333332,6.0,4500.0,0.006074074074074074,OVERSUPPLY,4472.666666666667,0.0
412,1.1,Yellow-S,1016,1028,21.0,22.666666666666664,4.0,3000.0,0.007555555555555555,OVERSUPPLY,2977.3333333333335,0.0
412,1.1,Yellow-S,1016,1028,22.0,16.0,3.0,2250.0,0.0071111111111111115,OVERSUPPLY,2234.0,0.0
412,1.1,Yellow-S,1016,1028,23.0,2.833333333333333,3.0,2250.0,0.0012592592592592592,OVERSUPPLY,2247.1666666666665,0.0
414,1.1,Yellow-S,1017,1004,5.0,122.0,6.0,4500.0,0.02711111111111111,OVERSUPPLY,4378.0,0.0
414,1.1,Yellow-S,1017,1004,6.0,1020.8333333333334,6.0,4500.0,0.22685185185185186,BALANCED,3479.1666666666665,0.0
414,1.1,Yellow-S,1017,1004,7.0,1665.0,6.0,4500.0,0.37,BALANCED,2835.0,0.0
414,1.1,Yellow-S,1017,1004,8.0,1952.6666666666667,6.0,4500.0,0.43392592592592594,BALANCED,2547.333333333333,0.0
414,1.1,Yellow-S,1017,1004,9.0,1425.5,6.0,4500.0,0.31677777777777777,BALANCED,3074.5,0.0
414,1.1,Yellow-S,1017,1004,10.0,959.1666666666666,6.0,4500.0,0.21314814814814814,BALANCED,3540.8333333333335,0.0
414,1.1,Yellow-S,1017,1004,11.0,805.3333333333334,6.0,4500.0,0.17896296296296296,OVERSUPPLY,3694.6666666666665,0.0
414,1.1,Yellow-S,1017,1004,12.0,821.3333333333334,6.0,4500.0,0.18251851851851852,OVERSUPPLY,3678.6666666666665,0.0
414,1.1,Yellow-S,1017,1004,13.0,878.8333333333334,6.0,4500.0,0.1952962962962963,OVERSUPPLY,3621.1666666666665,0.0
414,1.1,Yellow-S,1017,1004,14.0,1113.3333333333333,6.0,4500.0,0.24740740740740738,BALANCED,3386.666666666667,0.0
414,1.1,Yellow-S,1017,1004,15.0,1581.0,6.0,4500.0,0.35133333333333333,BALANCED,2919.0,0.0
414,1.1,Yellow-S,1017,1004,16.0,2757.3333333333335,6.0,4500.0,0.6127407407407408,BALANCED,1742.6666666666665,0.0
414,1.1,Yellow-S,1017,1004,17.0,5086.166666666667,6.0,4500.0,1.1302592592592593,UNDERSUPPLY,0.0,586.166666666667
414,1.1,Yellow-S,1017,1004,18.0,4163.5,6.0,4500.0,0.9252222222222222,CROWDED,336.5,0.0
414,1.1,Yellow-S,1017,1004,19.0,2080.0,6.0,4500.0,0.4622222222222222,BALANCED,2420.0,0.0
414,1.1,Yellow-S,1017,1004,20.0,1175.6666666666667,6.0,4500.0,0.2612592592592593,BALANCED,3324.333333333333,0.0
414,1.1,Yellow-S,1017,1004,21.0,787.5,4.0,3000.0,0.2625,BALANCED,2212.5,0.0
414,1.1,Yellow-S,1017,1004,22.0,741.3333333333334,3.0,2250.0,0.3294814814814815,BALANCED,1508.6666666666665,0.0
414,1.1,Yellow-S,1017,1004,23.0,419.3333333333333,3.0,2250.0,0.18637037037037035,OVERSUPPLY,1830.6666666666667,0.0
416,1.1,Yellow-S,1018,1005,5.0,103.5,6.0,4500.0,0.023,OVERSUPPLY,4396.5,0.0
416,1.1,Yellow-S,1018,1005,6.0,559.5,6.0,4500.0,0.12433333333333334,OVERSUPPLY,3940.5,0.0
416,1.1,Yellow-S,1018,1005,7.0,1136.5,6.0,4500.0,0.25255555555555553,BALANCED,3363.5,0.0
416,1.1,Yellow-S,1018,1005,8.0,1463.1666666666667,6.0,4500.0,0.3251481481481482,BALANCED,3036.833333333333,0.0
416,1.1,Yellow-S,1018,1005,9.0,1066.1666666666667,6.0,4500.0,0.23692592592592596,BALANCED,3433.833333333333,0.0
416,1.1,Yellow-S,1018,1005,10.0,742.6666666666666,6.0,4500.0,0.16503703703703704,OVERSUPPLY,3757.3333333333335,0.0
416,1.1,Yellow-S,1018,1005,11.0,649.3333333333334,6.0,4500.0,0.1442962962962963,OVERSUPPLY,3850.6666666666665,0.0
416,1.1,Yellow-S,1018,1005,12.0,709.8333333333334,6.0,4500.0,0.15774074074074074,OVERSUPPLY,3790.1666666666665,0.0
416,1.1,Yellow-S,1018,1005,13.0,775.6666666666666,6.0,4500.0,0.17237037037037037,OVERSUPPLY,3724.3333333333335,0.0
416,1.1,Yellow-S,1018,1005,14.0,1036.6666666666667,6.0,4500.0,0.2303703703703704,BALANCED,3463.333333333333,0.0
416,1.1,Yellow-S,1018,1005,15.0,1494.6666666666667,6.0,4500.0,0.3321481481481482,BALANCED,3005.333333333333,0.0
416,1.1,Yellow-S,1018,1005,16.0,2651.0,6.0,4500.0,0.5891111111111111,BALANCED,1849.0,0.0
416,1.1,Yellow-S,1018,1005,17.0,4918.833333333333,6.0,4500.0,1.093074074074074,UNDERSUPPLY,0.0,418.83333333333303
416,1.1,Yellow-S,1018,1005,18.0,4005.5,6.0,4500.0,0.8901111111111111,CROWDED,494.5,0.0
416,1.1,Yellow-S,1018,1005,19.0,1990.5,6.0,4500.0,0.44233333333333336,BALANCED,2509.5,0.0
416,1.1,Yellow-S,1018,1005,20.0,1098.1666666666667,6.0,4500.0,0.24403703703703705,BALANCED,3401.833333333333,0.0
416,1.1,Yellow-S,1018,1005,21.0,734.5,4.0,3000.0,0.24483333333333332,BALANCED,2265.5,0.0
416,1.1,Yellow-S,1018,1005,22.0,684.8333333333334,3.0,2250.0,0.3043703703703704,BALANCED,1565.1666666666665,0.0
416,1.1,Yellow-S,1018,1005,23.0,396.3333333333333,3.0,2250.0,0.17614814814814814,OVERSUPPLY,1853.6666666666667,0.0
418,1.1,Yellow-S,1019,1006,5.0,18.5,6.0,4500.0,0.004111111111111111,OVERSUPPLY,4481.5,0.0
418,1.1,Yellow-S,1019,1006,6.0,193.83333333333334,6.0,4500.0,0.04307407407407408,OVERSUPPLY,4306.166666666667,0.0
418,1.1,Yellow-S,1019,1006,7.0,295.8333333333333,6.0,4500.0,0.06574074074074074,OVERSUPPLY,4204.166666666667,0.0
418,1.1,Yellow-S,1019,1006,8.0,282.8333333333333,6.0,4500.0,0.06285185185185185,OVERSUPPLY,4217.166666666667,0.0
418,1.1,Yellow-S,1019,1006,9.0,185.16666666666666,6.0,4500.0,0.04114814814814815,OVERSUPPLY,4314.833333333333,0.0
418,1.1,Yellow-S,1019,1006,10.0,120.5,6.0,4500.0,0.02677777777777778,OVERSUPPLY,4379.5,0.0
418,1.1,Yellow-S,1019,1006,11.0,93.83333333333333,6.0,4500.0,0.02085185185185185,OVERSUPPLY,4406.166666666667,0.0
418,1.1,Yellow-S,1019,1006,12.0,55.833333333333336,6.0,4500.0,0.012407407407407409,OVERSUPPLY,4444.166666666667,0.0
418,1.1,Yellow-S,1019,1006,13.0,49.166666666666664,6.0,4500.0,0.010925925925925926,OVERSUPPLY,4450.833333333333,0.0
418,1.1,Yellow-S,1019,1006,14.0,37.666666666666664,6.0,4500.0,0.00837037037037037,OVERSUPPLY,4462.333333333333,0.0
418,1.1,Yellow-S,1019,1006,15.0,39.333333333333336,6.0,4500.0,0.008740740740740742,OVERSUPPLY,4460.666666666667,0.0
418,1.1,Yellow-S,1019,1006,16.0,51.0,6.0,4500.0,0.011333333333333334,OVERSUPPLY,4449.0,0.0
418,1.1,Yellow-S,1019,1006,17.0,67.16666666666667,6.0,4500.0,0.014925925925925928,OVERSUPPLY,4432.833333333333,0.0
418,1.1,Yellow-S,1019,1006,18.0,70.66666666666667,6.0,4500.0,0.015703703703703706,OVERSUPPLY,4429.333333333333,0.0
418,1.1,Yellow-S,1019,1006,19.0,43.5,6.0,4500.0,0.009666666666666667,OVERSUPPLY,4456.5,0.0
418,1.1,Yellow-S,1019,1006,20.0,37.5,6.0,4500.0,0.008333333333333333,OVERSUPPLY,4462.5,0.0
418,1.1,Yellow-S,1019,1006,21.0,29.666666666666668,4.0,3000.0,0.00988888888888889,OVERSUPPLY,2970.3333333333335,0.0
418,1.1,Yellow-S,1019,1006,22.0,22.166666666666664,3.0,2250.0,0.009851851851851851,OVERSUPPLY,2227.8333333333335,0.0
418,1.1,Yellow-S,1019,1006,23.0,5.833333333333333,3.0,2250.0,0.0025925925925925925,OVERSUPPLY,2244.1666666666665,0.0
420,1.1,Yellow-S,1020,1067,6.0,330.6666666666667,6.0,4500.0,0.07348148148148148,OVERSUPPLY,4169.333333333333,0.0
420,1.1,Yellow-S,1020,1067,7.0,468.3333333333333,6.0,4500.0,0.10407407407407407,OVERSUPPLY,4031.6666666666665,0.0
420,1.1,Yellow-S,1020,1067,8.0,469.0,6.0,4500.0,0.10422222222222222,OVERSUPPLY,4031.0,0.0
420,1.1,Yellow-S,1020,1067,9.0,362.0,6.0,4500.0,0.08044444444444444,OVERSUPPLY,4138.0,0.0
420,1.1,Yellow-S,1020,1067,10.0,291.1666666666667,6.0,4500.0,0.06470370370370371,OVERSUPPLY,4208.833333333333,0.0
420,1.1,Yellow-S,1020,1067,11.0,287.8333333333333,6.0,4500.0,0.06396296296296296,OVERSUPPLY,4212.166666666667,0.0
420,1.1,Yellow-S,1020,1067,12.0,270.1666666666667,6.0,4500.0,0.06003703703703704,OVERSUPPLY,4229.833333333333,0.0
420,1.1,Yellow-S,1020,1067,13.0,250.5,6.0,4500.0,0.05566666666666667,OVERSUPPLY,4249.5,0.0
420,1.1,Yellow-S,1020,1067,14.0,289.1666666666667,6.0,4500.0,0.06425925925925927,OVERSUPPLY,4210.833333333333,0.0
420,1.1,Yellow-S,1020,1067,15.0,325.1666666666667,6.0,4500.0,0.07225925925925926,OVERSUPPLY,4174.833333333333,0.0
420,1.1,Yellow-S,1020,1067,16.0,535.3333333333334,6.0,4500.0,0.11896296296296296,OVERSUPPLY,3964.6666666666665,0.0
420,1.1,Yellow-S,1020,1067,17.0,888.1666666666666,6.0,4500.0,0.19737037037037036,OVERSUPPLY,3611.8333333333335,0.0
420,1.1,Yellow-S,1020,1067,18.0,810.6666666666666,6.0,4500.0,0.18014814814814814,OVERSUPPLY,3689.3333333333335,0.0
420,1.1,Yellow-S,1020,1067,19.0,416.6666666666667,6.0,4500.0,0.0925925925925926,OVERSUPPLY,4083.3333333333335,0.0
420,1.1,Yellow-S,1020,1067,20.0,280.1666666666667,6.0,4500.0,0.062259259259259264,OVERSUPPLY,4219.833333333333,0.0
420,1.1,Yellow-S,1020,1067,21.0,190.5,4.0,3000.0,0.0635,OVERSUPPLY,2809.5,0.0
420,1.1,Yellow-S,1020,1067,22.0,146.33333333333334,3.0,2250.0,0.06503703703703705,OVERSUPPLY,2103.6666666666665,0.0
420,1.1,Yellow-S,1020,1067,23.0,48.5,3.0,2250.0,0.021555555555555557,OVERSUPPLY,2201.5,0.0
422,1.1,Yellow-S,1021,1068,6.0,175.5,6.0,4500.0,0.039,OVERSUPPLY,4324.5,0.0
422,1.1,Yellow-S,1021,1068,7.0,299.6666666666667,6.0,4500.0,0.06659259259259259,OVERSUPPLY,4200.333333333333,0.0
422,1.1,Yellow-S,1021,1068,8.0,339.8333333333333,6.0,4500.0,0.07551851851851851,OVERSUPPLY,4160.166666666667,0.0
422,1.1,Yellow-S,1021,1068,9.0,266.1666666666667,6.0,4500.0,0.05914814814814815,OVERSUPPLY,4233.833333333333,0.0
422,1.1,Yellow-S,1021,1068,10.0,218.33333333333334,6.0,4500.0,0.04851851851851852,OVERSUPPLY,4281.666666666667,0.0
422,1.1,Yellow-S,1021,1068,11.0,218.33333333333334,6.0,4500.0,0.04851851851851852,OVERSUPPLY,4281.666666666667,0.0
422,1.1,Yellow-S,1021,1068,12.0,216.0,6.0,4500.0,0.048,OVERSUPPLY,4284.0,0.0
422,1.1,Yellow-S,1021,1068,13.0,206.33333333333334,6.0,4500.0,0.04585185185185185,OVERSUPPLY,4293.666666666667,0.0
422,1.1,Yellow-S,1021,1068,14.0,258.5,6.0,4500.0,0.057444444444444444,OVERSUPPLY,4241.5,0.0
422,1.1,Yellow-S,1021,1068,15.0,291.8333333333333,6.0,4500.0,0.06485185185185184,OVERSUPPLY,4208.166666666667,0.0
422,1.1,Yellow-S,1021,1068,16.0,502.1666666666667,6.0,4500.0,0.11159259259259259,OVERSUPPLY,3997.8333333333335,0.0
422,1.1,Yellow-S,1021,1068,17.0,858.0,6.0,4500.0,0.19066666666666668,OVERSUPPLY,3642.0,0.0
422,1.1,Yellow-S,1021,1068,18.0,774.5,6.0,4500.0,0.1721111111111111,OVERSUPPLY,3725.5,0.0
422,1.1,Yellow-S,1021,1068,19.0,387.8333333333333,6.0,4500.0,0.08618518518518518,OVERSUPPLY,4112.166666666667,0.0
422,1.1,Yellow-S,1021,1068,20.0,243.16666666666666,6.0,4500.0,0.054037037037037036,OVERSUPPLY,4256.833333333333,0.0
422,1.1,Yellow-S,1021,1068,21.0,158.0,4.0,3000.0,0.05266666666666667,OVERSUPPLY,2842.0,0.0
422,1.1,Yellow-S,1021,1068,22.0,120.33333333333333,3.0,2250.0,0.05348148148148148,OVERSUPPLY,2129.6666666666665,0.0
422,1.1,Yellow-S,1021,1068,23.0,42.5,3.0,2250.0,0.01888888888888889,OVERSUPPLY,2207.5,0.0
424,1.1,Yellow-S,1022,1069,6.0,68.5,6.0,4500.0,0.015222222222222222,OVERSUPPLY,4431.5,0.0
424,1.1,Yellow-S,1022,1069,7.0,79.83333333333333,6.0,4500.0,0.01774074074074074,OVERSUPPLY,4420.166666666667,0.0
424,1.1,Yellow-S,1022,1069,8.0,73.83333333333334,6.0,4500.0,0.01640740740740741,OVERSUPPLY,4426.166666666667,0.0
424,1.1,Yellow-S,1022,1069,9.0,56.166666666666664,6.0,4500.0,0.01248148148148148,OVERSUPPLY,4443.833333333333,0.0
424,1.1,Yellow-S,1022,1069,10.0,47.333333333333336,6.0,4500.0,0.010518518518518519,OVERSUPPLY,4452.666666666667,0.0
424,1.1,Yellow-S,1022,1069,11.0,43.83333333333333,6.0,4500.0,0.009740740740740739,OVERSUPPLY,4456.166666666667,0.0
424,1.1,Yellow-S,1022,1069,12.0,27.5,6.0,4500.0,0.006111111111111111,OVERSUPPLY,4472.5,0.0
424,1.1,Yellow-S,1022,1069,13.0,22.333333333333332,6.0,4500.0,0.004962962962962962,OVERSUPPLY,4477.666666666667,0.0
424,1.1,Yellow-S,1022,1069,14.0,17.833333333333332,6.0,4500.0,0.003962962962962962,OVERSUPPLY,4482.166666666667,0.0
424,1.1,Yellow-S,1022,1069,15.0,17.833333333333332,6.0,4500.0,0.003962962962962962,OVERSUPPLY,4482.166666666667,0.0
424,1.1,Yellow-S,1022,1069,16.0,20.0,6.0,4500.0,0.0044444444444444444,OVERSUPPLY,4480.0,0.0
424,1.1,Yellow-S,1022,1069,17.0,19.333333333333332,6.0,4500.0,0.004296296296296296,OVERSUPPLY,4480.666666666667,0.0
424,1.1,Yellow-S,1022,1069,18.0,22.166666666666668,6.0,4500.0,0.0049259259259259265,OVERSUPPLY,4477.833333333333,0.0
424,1.1,Yellow-S,1022,1069,19.0,18.0,6.0,4500.0,0.004,OVERSUPPLY,4482.0,0.0
424,1.1,Yellow-S,1022,1069,20.0,23.666666666666668,6.0,4500.0,0.0052592592592592595,OVERSUPPLY,4476.333333333333,0.0
424,1.1,Yellow-S,1022,1069,21.0,20.5,4.0,3000.0,0.006833333333333334,OVERSUPPLY,2979.5,0.0
424,1.1,Yellow-S,1022,1069,22.0,13.0,3.0,2250.0,0.0057777777777777775,OVERSUPPLY,2237.0,0.0
424,1.1,Yellow-S,1022,1069,23.0,2.1666666666666665,3.0,2250.0,0.0009629629629629629,OVERSUPPLY,2247.8333333333335,0.0
426,1.1,Yellow-S,1023,1050,5.0,105.66666666666667,6.0,4500.0,0.02348148148148148,OVERSUPPLY,4394.333333333333,0.0
426,1.1,Yellow-S,1023,1050,6.0,713.1666666666666,6.0,4500.0,0.15848148148148147,OVERSUPPLY,3786.8333333333335,0.0
426,1.1,Yellow-S,1023,1050,7.0,604.1666666666666,6.0,4500.0,0.13425925925925924,OVERSUPPLY,3895.8333333333335,0.0
426,1.1,Yellow-S,1023,1050,8.0,562.1666666666666,6.0,4500.0,0.12492592592592591,OVERSUPPLY,3937.8333333333335,0.0
426,1.1,Yellow-S,1023,1050,9.0,373.0,6.0,4500.0,0.08288888888888889,OVERSUPPLY,4127.0,0.0
426,1.1,Yellow-S,1023,1050,10.0,158.33333333333334,6.0,4500.0,0.03518518518518519,OVERSUPPLY,4341.666666666667,0.0
426,1.1,Yellow-S,1023,1050,11.0,98.5,6.0,4500.0,0.02188888888888889,OVERSUPPLY,4401.5,0.0
426,1.1,Yellow-S,1023,1050,12.0,77.16666666666667,6.0,4500.0,0.01714814814814815,OVERSUPPLY,4422.833333333333,0.0
426,1.1,Yellow-S,1023,1050,13.0,77.83333333333333,6.0,4500.0,0.017296296296296296,OVERSUPPLY,4422.166666666667,0.0
426,1.1,Yellow-S,1023,1050,14.0,49.666666666666664,6.0,4500.0,0.011037037037037036,OVERSUPPLY,4450.333333333333,0.0
426,1.1,Yellow-S,1023,1050,15.0,64.0,6.0,4500.0,0.014222222222222223,OVERSUPPLY,4436.0,0.0
426,1.1,Yellow-S,1023,1050,16.0,58.666666666666664,6.0,4500.0,0.013037037037037036,OVERSUPPLY,4441.333333333333,0.0
426,1.1,Yellow-S,1023,1050,17.0,50.333333333333336,6.0,4500.0,0.011185185185185185,OVERSUPPLY,4449.666666666667,0.0
426,1.1,Yellow-S,1023,1050,18.0,43.5,6.0,4500.0,0.009666666666666667,OVERSUPPLY,4456.5,0.0
426,1.1,Yellow-S,1023,1050,19.0,26.333333333333332,6.0,4500.0,0.005851851851851852,OVERSUPPLY,4473.666666666667,0.0
426,1.1,Yellow-S,1023,1050,20.0,18.166666666666664,6.0,4500.0,0.004037037037037037,OVERSUPPLY,4481.833333333333,0.0
426,1.1,Yellow-S,1023,1050,21.0,21.0,4.0,3000.0,0.007,OVERSUPPLY,2979.0,0.0
426,1.1,Yellow-S,1023,1050,22.0,20.666666666666668,3.0,2250.0,0.009185185185185185,OVERSUPPLY,2229.3333333333335,0.0
426,1.1,Yellow-S,1023,1050,23.0,9.0,3.0,2250.0,0.004,OVERSUPPLY,2241.0,0.0
428,1.1,Yellow-S,1024,1051,5.0,463.0,6.0,4500.0,0.10288888888888889,OVERSUPPLY,4037.0,0.0
428,1.1,Yellow-S,1024,1051,6.0,1845.1666666666667,6.0,4500.0,0.41003703703703703,BALANCED,2654.833333333333,0.0
428,1.1,Yellow-S,1024,1051,7.0,2723.8333333333335,6.0,4500.0,0.6052962962962963,BALANCED,1776.1666666666665,0.0
428,1.1,Yellow-S,1024,1051,8.0,2760.5,6.0,4500.0,0.6134444444444445,BALANCED,1739.5,0.0
428,1.1,Yellow-S,1024,1051,9.0,1830.3333333333333,6.0,4500.0,0.40674074074074074,BALANCED,2669.666666666667,0.0
428,1.1,Yellow-S,1024,1051,10.0,785.3333333333334,6.0,4500.0,0.17451851851851852,OVERSUPPLY,3714.6666666666665,0.0
428,1.1,Yellow-S,1024,1051,11.0,437.8333333333333,6.0,4500.0,0.0972962962962963,OVERSUPPLY,4062.1666666666665,0.0
428,1.1,Yellow-S,1024,1051,12.0,320.1666666666667,6.0,4500.0,0.07114814814814815,OVERSUPPLY,4179.833333333333,0.0
428,1.1,Yellow-S,1024,1051,13.0,267.1666666666667,6.0,4500.0,0.05937037037037037,OVERSUPPLY,4232.833333333333,0.0
428,1.1,Yellow-S,1024,1051,14.0,230.0,6.0,4500.0,0.051111111111111114,OVERSUPPLY,4270.0,0.0
428,1.1,Yellow-S,1024,1051,15.0,222.0,6.0,4500.0,0.04933333333333333,OVERSUPPLY,4278.0,0.0
428,1.1,Yellow-S,1024,1051,16.0,227.66666666666666,6.0,4500.0,0.05059259259259259,OVERSUPPLY,4272.333333333333,0.0
428,1.1,Yellow-S,1024,1051,17.0,254.33333333333334,6.0,4500.0,0.056518518518518523,OVERSUPPLY,4245.666666666667,0.0
428,1.1,Yellow-S,1024,1051,18.0,232.83333333333334,6.0,4500.0,0.05174074074074074,OVERSUPPLY,4267.166666666667,0.0
428,1.1,Yellow-S,1024,1051,19.0,139.66666666666666,6.0,4500.0,0.031037037037037037,OVERSUPPLY,4360.333333333333,0.0
428,1.1,Yellow-S,1024,1051,20.0,103.5,6.0,4500.0,0.023,OVERSUPPLY,4396.5,0.0
428,1.1,Yellow-S,1024,1051,21.0,74.33333333333333,4.0,3000.0,0.024777777777777777,OVERSUPPLY,2925.6666666666665,0.0
428,1.1,Yellow-S,1024,1051,22.0,90.0,3.0,2250.0,0.04,OVERSUPPLY,2160.0,0.0
428,1.1,Yellow-S,1024,1051,23.0,25.666666666666664,3.0,2250.0,0.011407407407407406,OVERSUPPLY,2224.3333333333335,0.0
432,1.1,Yellow-S,1026,1020,5.0,3.1666666666666665,6.0,4500.0,0.0007037037037037037,OVERSUPPLY,4496.833333333333,0.0
432,1.1,Yellow-S,1026,1020,6.0,359.0,6.0,4500.0,0.07977777777777778,OVERSUPPLY,4141.0,0.0
432,1.1,Yellow-S,1026,1020,7.0,500.6666666666667,6.0,4500.0,0.11125925925925927,OVERSUPPLY,3999.3333333333335,0.0
432,1.1,Yellow-S,1026,1020,8.0,499.0,6.0,4500.0,0.11088888888888888,OVERSUPPLY,4001.0,0.0
432,1.1,Yellow-S,1026,1020,9.0,384.8333333333333,6.0,4500.0,0.08551851851851851,OVERSUPPLY,4115.166666666667,0.0
432,1.1,Yellow-S,1026,1020,10.0,317.1666666666667,6.0,4500.0,0.07048148148148149,OVERSUPPLY,4182.833333333333,0.0
432,1.1,Yellow-S,1026,1020,11.0,315.1666666666667,6.0,4500.0,0.07003703703703704,OVERSUPPLY,4184.833333333333,0.0
432,1.1,Yellow-S,1026,1020,12.0,304.6666666666667,6.0,4500.0,0.06770370370370371,OVERSUPPLY,4195.333333333333,0.0
432,1.1,Yellow-S,1026,1020,13.0,295.0,6.0,4500.0,0.06555555555555556,OVERSUPPLY,4205.0,0.0
432,1.1,Yellow-S,1026,1020,14.0,364.1666666666667,6.0,4500.0,0.08092592592592593,OVERSUPPLY,4135.833333333333,0.0
432,1.1,Yellow-S,1026,1020,15.0,456.3333333333333,6.0,4500.0,0.1014074074074074,OVERSUPPLY,4043.6666666666665,0.0
432,1.1,Yellow-S,1026,1020,16.0,824.0,6.0,4500.0,0.1831111111111111,OVERSUPPLY,3676.0,0.0
432,1.1,Yellow-S,1026,1020,17.0,1436.0,6.0,4500.0,0.3191111111111111,BALANCED,3064.0,0.0
432,1.1,Yellow-S,1026,1020,18.0,1211.6666666666667,6.0,4500.0,0.26925925925925925,BALANCED,3288.333333333333,0.0
432,1.1,Yellow-S,1026,1020,19.0,604.0,6.0,4500.0,0.13422222222222221,OVERSUPPLY,3896.0,0.0
432,1.1,Yellow-S,1026,1020,20.0,368.8333333333333,6.0,4500.0,0.08196296296296296,OVERSUPPLY,4131.166666666667,0.0
432,1.1,Yellow-S,1026,1020,21.0,244.0,4.0,3000.0,0.08133333333333333,OVERSUPPLY,2756.0,0.0
432,1.1,Yellow-S,1026,1020,22.0,184.16666666666666,3.0,2250.0,0.08185185185185184,OVERSUPPLY,2065.8333333333335,0.0
432,1.1,Yellow-S,1026,1020,23.0,79.16666666666667,3.0,2250.0,0.03518518518518519,OVERSUPPLY,2170.8333333333335,0.0
434,1.1,Yellow-S,1027,1021,5.0,3.1666666666666665,6.0,4500.0,0.0007037037037037037,OVERSUPPLY,4496.833333333333,0.0
434,1.1,Yellow-S,1027,1021,6.0,186.16666666666666,6.0,4500.0,0.04137037037037037,OVERSUPPLY,4313.833333333333,0.0
434,1.1,Yellow-S,1027,1021,7.0,309.8333333333333,6.0,4500.0,0.06885185185185184,OVERSUPPLY,4190.166666666667,0.0
434,1.1,Yellow-S,1027,1021,8.0,350.5,6.0,4500.0,0.07788888888888888,OVERSUPPLY,4149.5,0.0
434,1.1,Yellow-S,1027,1021,9.0,277.5,6.0,4500.0,0.06166666666666667,OVERSUPPLY,4222.5,0.0
434,1.1,Yellow-S,1027,1021,10.0,238.16666666666666,6.0,4500.0,0.052925925925925925,OVERSUPPLY,4261.833333333333,0.0
434,1.1,Yellow-S,1027,1021,11.0,238.83333333333334,6.0,4500.0,0.05307407407407408,OVERSUPPLY,4261.166666666667,0.0
434,1.1,Yellow-S,1027,1021,12.0,244.5,6.0,4500.0,0.05433333333333333,OVERSUPPLY,4255.5,0.0
434,1.1,Yellow-S,1027,1021,13.0,244.33333333333334,6.0,4500.0,0.0542962962962963,OVERSUPPLY,4255.666666666667,0.0
434,1.1,Yellow-S,1027,1021,14.0,324.6666666666667,6.0,4500.0,0.07214814814814816,OVERSUPPLY,4175.333333333333,0.0
434,1.1,Yellow-S,1027,1021,15.0,412.8333333333333,6.0,4500.0,0.09174074074074073,OVERSUPPLY,4087.1666666666665,0.0
434,1.1,Yellow-S,1027,1021,16.0,773.6666666666666,6.0,4500.0,0.17192592592592593,OVERSUPPLY,3726.3333333333335,0.0
434,1.1,Yellow-S,1027,1021,17.0,1385.8333333333333,6.0,4500.0,0.30796296296296294,BALANCED,3114.166666666667,0.0
434,1.1,Yellow-S,1027,1021,18.0,1160.0,6.0,4500.0,0.2577777777777778,BALANCED,3340.0,0.0
434,1.1,Yellow-S,1027,1021,19.0,562.5,6.0,4500.0,0.125,OVERSUPPLY,3937.5,0.0
434,1.1,Yellow-S,1027,1021,20.0,326.1666666666667,6.0,4500.0,0.07248148148148148,OVERSUPPLY,4173.833333333333,0.0
434,1.1,Yellow-S,1027,1021,21.0,208.83333333333334,4.0,3000.0,0.06961111111111111,OVERSUPPLY,2791.1666666666665,0.0
434,1.1,Yellow-S,1027,1021,22.0,156.5,3.0,2250.0,0.06955555555555555,OVERSUPPLY,2093.5,0.0
434,1.1,Yellow-S,1027,1021,23.0,70.83333333333333,3.0,2250.0,0.03148148148148148,OVERSUPPLY,2179.1666666666665,0.0
436,1.1,Yellow-S,1028,1022,6.0,72.16666666666667,6.0,4500.0,0.016037037037037037,OVERSUPPLY,4427.833333333333,0.0
436,1.1,Yellow-S,1028,1022,7.0,86.0,6.0,4500.0,0.01911111111111111,OVERSUPPLY,4414.0,0.0
436,1.1,Yellow-S,1028,1022,8.0,76.66666666666667,6.0,4500.0,0.017037037037037038,OVERSUPPLY,4423.333333333333,0.0
436,1.1,Yellow-S,1028,1022,9.0,58.0,6.0,4500.0,0.012888888888888889,OVERSUPPLY,4442.0,0.0
436,1.1,Yellow-S,1028,1022,10.0,49.166666666666664,6.0,4500.0,0.010925925925925926,OVERSUPPLY,4450.833333333333,0.0
436,1.1,Yellow-S,1028,1022,11.0,46.166666666666664,6.0,4500.0,0.010259259259259258,OVERSUPPLY,4453.833333333333,0.0
436,1.1,Yellow-S,1028,1022,12.0,28.5,6.0,4500.0,0.006333333333333333,OVERSUPPLY,4471.5,0.0
436,1.1,Yellow-S,1028,1022,13.0,23.666666666666668,6.0,4500.0,0.0052592592592592595,OVERSUPPLY,4476.333333333333,0.0
436,1.1,Yellow-S,1028,1022,14.0,18.166666666666668,6.0,4500.0,0.004037037037037037,OVERSUPPLY,4481.833333333333,0.0
436,1.1,Yellow-S,1028,1022,15.0,19.166666666666668,6.0,4500.0,0.0042592592592592595,OVERSUPPLY,4480.833333333333,0.0
436,1.1,Yellow-S,1028,1022,16.0,23.666666666666668,6.0,4500.0,0.0052592592592592595,OVERSUPPLY,4476.333333333333,0.0
436,1.1,Yellow-S,1028,1022,17.0,24.0,6.0,4500.0,0.005333333333333333,OVERSUPPLY,4476.0,0.0
436,1.1,Yellow-S,1028,1022,18.0,28.0,6.0,4500.0,0.006222222222222222,OVERSUPPLY,4472.0,0.0
436,1.1,Yellow-S,1028,1022,19.0,20.666666666666668,6.0,4500.0,0.0045925925925925926,OVERSUPPLY,4479.333333333333,0.0
436,1.1,Yellow-S,1028,1022,20.0,25.5,6.0,4500.0,0.005666666666666667,OVERSUPPLY,4474.5,0.0
436,1.1,Yellow-S,1028,1022,21.0,21.166666666666668,4.0,3000.0,0.007055555555555556,OVERSUPPLY,2978.8333333333335,0.0
436,1.1,Yellow-S,1028,1022,22.0,13.666666666666666,3.0,2250.0,0.006074074074074074,OVERSUPPLY,2236.3333333333335,0.0
436,1.1,Yellow-S,1028,1022,23.0,2.333333333333333,3.0,2250.0,0.0010370370370370368,OVERSUPPLY,2247.6666666666665,0.0
438,1.1,Yellow-S,1029,1041,5.0,755.1666666666666,6.0,4500.0,0.1678148148148148,OVERSUPPLY,3744.8333333333335,0.0
438,1.1,Yellow-S,1029,1041,6.0,3244.3333333333335,6.0,4500.0,0.720962962962963,BALANCED,1255.6666666666665,0.0
438,1.1,Yellow-S,1029,1041,7.0,5508.5,6.0,4500.0,1.2241111111111111,UNDERSUPPLY,0.0,1008.5
438,1.1,Yellow-S,1029,1041,8.0,8270.833333333334,6.0,4500.0,1.837962962962963,UNDERSUPPLY,0.0,3770.833333333334
438,1.1,Yellow-S,1029,1041,9.0,6514.0,6.0,4500.0,1.4475555555555555,UNDERSUPPLY,0.0,2014.0
438,1.1,Yellow-S,1029,1041,10.0,3231.0,6.0,4500.0,0.718,BALANCED,1269.0,0.0
438,1.1,Yellow-S,1029,1041,11.0,1760.1666666666667,6.0,4500.0,0.3911481481481482,BALANCED,2739.833333333333,0.0
438,1.1,Yellow-S,1029,1041,12.0,1354.5,6.0,4500.0,0.301,BALANCED,3145.5,0.0
438,1.1,Yellow-S,1029,1041,13.0,1153.5,6.0,4500.0,0.25633333333333336,BALANCED,3346.5,0.0
438,1.1,Yellow-S,1029,1041,14.0,1092.0,6.0,4500.0,0.24266666666666667,BALANCED,3408.0,0.0
438,1.1,Yellow-S,1029,1041,15.0,1270.5,6.0,4500.0,0.2823333333333333,BALANCED,3229.5,0.0
438,1.1,Yellow-S,1029,1041,16.0,1868.1666666666667,6.0,4500.0,0.41514814814814816,BALANCED,2631.833333333333,0.0
438,1.1,Yellow-S,1029,1041,17.0,3404.8333333333335,6.0,4500.0,0.7566296296296297,BALANCED,1095.1666666666665,0.0
438,1.1,Yellow-S,1029,1041,18.0,2737.3333333333335,6.0,4500.0,0.6082962962962963,BALANCED,1762.6666666666665,0.0
438,1.1,Yellow-S,1029,1041,19.0,1287.1666666666667,6.0,4500.0,0.28603703703703703,BALANCED,3212.833333333333,0.0
438,1.1,Yellow-S,1029,1041,20.0,666.6666666666666,6.0,4500.0,0.14814814814814814,OVERSUPPLY,3833.3333333333335,0.0
438,1.1,Yellow-S,1029,1041,21.0,458.5,4.0,3000.0,0.15283333333333332,OVERSUPPLY,2541.5,0.0
438,1.1,Yellow-S,1029,1041,22.0,491.8333333333333,3.0,2250.0,0.2185925925925926,BALANCED,1758.1666666666667,0.0
438,1.1,Yellow-S,1029,1041,23.0,302.8333333333333,3.0,2250.0,0.1345925925925926,OVERSUPPLY,1947.1666666666667,0.0
440,1.1,Yellow-S,1030,1042,5.0,476.0,6.0,4500.0,0.10577777777777778,OVERSUPPLY,4024.0,0.0
440,1.1,Yellow-S,1030,1042,6.0,1555.3333333333333,6.0,4500.0,0.3456296296296296,BALANCED,2944.666666666667,0.0
440,1.1,Yellow-S,1030,1042,7.0,3137.6666666666665,6.0,4500.0,0.6972592592592592,BALANCED,1362.3333333333335,0.0
440,1.1,Yellow-S,1030,1042,8.0,5049.0,6.0,4500.0,1.122,UNDERSUPPLY,0.0,549.0
440,1.1,Yellow-S,1030,1042,9.0,4125.833333333333,6.0,4500.0,0.9168518518518518,CROWDED,374.16666666666697,0.0
440,1.1,Yellow-S,1030,1042,10.0,2090.1666666666665,6.0,4500.0,0.46448148148148144,BALANCED,2409.8333333333335,0.0
440,1.1,Yellow-S,1030,1042,11.0,1218.5,6.0,4500.0,0.2707777777777778,BALANCED,3281.5,0.0
440,1.1,Yellow-S,1030,1042,12.0,999.3333333333334,6.0,4500.0,0.2220740740740741,BALANCED,3500.6666666666665,0.0
440,1.1,Yellow-S,1030,1042,13.0,865.8333333333334,6.0,4500.0,0.19240740740740742,OVERSUPPLY,3634.1666666666665,0.0
440,1.1,Yellow-S,1030,1042,14.0,864.0,6.0,4500.0,0.192,OVERSUPPLY,3636.0,0.0
440,1.1,Yellow-S,1030,1042,15.0,1036.6666666666667,6.0,4500.0,0.2303703703703704,BALANCED,3463.333333333333,0.0
440,1.1,Yellow-S,1030,1042,16.0,1585.6666666666667,6.0,4500.0,0.3523703703703704,BALANCED,2914.333333333333,0.0
440,1.1,Yellow-S,1030,1042,17.0,2912.0,6.0,4500.0,0.6471111111111111,BALANCED,1588.0,0.0
440,1.1,Yellow-S,1030,1042,18.0,2288.5,6.0,4500.0,0.5085555555555555,BALANCED,2211.5,0.0
440,1.1,Yellow-S,1030,1042,19.0,1075.3333333333333,6.0,4500.0,0.23896296296296293,BALANCED,3424.666666666667,0.0
440,1.1,Yellow-S,1030,1042,20.0,533.6666666666666,6.0,4500.0,0.11859259259259258,OVERSUPPLY,3966.3333333333335,0.0
440,1.1,Yellow-S,1030,1042,21.0,364.3333333333333,4.0,3000.0,0.12144444444444444,OVERSUPPLY,2635.6666666666665,0.0
440,1.1,Yellow-S,1030,1042,22.0,394.1666666666667,3.0,2250.0,0.1751851851851852,OVERSUPPLY,1855.8333333333333,0.0
440,1.1,Yellow-S,1030,1042,23.0,267.8333333333333,3.0,2250.0,0.11903703703703702,OVERSUPPLY,1982.1666666666667,0.0
442,1.1,Yellow-S,1031,1043,5.0,187.16666666666666,6.0,4500.0,0.04159259259259259,OVERSUPPLY,4312.833333333333,0.0
442,1.1,Yellow-S,1031,1043,6.0,744.0,6.0,4500.0,0.16533333333333333,OVERSUPPLY,3756.0,0.0
442,1.1,Yellow-S,1031,1043,7.0,1419.6666666666667,6.0,4500.0,0.3154814814814815,BALANCED,3080.333333333333,0.0
442,1.1,Yellow-S,1031,1043,8.0,1810.8333333333333,6.0,4500.0,0.4024074074074074,BALANCED,2689.166666666667,0.0
442,1.1,Yellow-S,1031,1043,9.0,1115.8333333333333,6.0,4500.0,0.24796296296296294,BALANCED,3384.166666666667,0.0
442,1.1,Yellow-S,1031,1043,10.0,567.3333333333334,6.0,4500.0,0.1260740740740741,OVERSUPPLY,3932.6666666666665,0.0
442,1.1,Yellow-S,1031,1043,11.0,290.6666666666667,6.0,4500.0,0.06459259259259259,OVERSUPPLY,4209.333333333333,0.0
442,1.1,Yellow-S,1031,1043,12.0,194.83333333333334,6.0,4500.0,0.0432962962962963,OVERSUPPLY,4305.166666666667,0.0
442,1.1,Yellow-S,1031,1043,13.0,143.0,6.0,4500.0,0.03177777777777778,OVERSUPPLY,4357.0,0.0
442,1.1,Yellow-S,1031,1043,14.0,118.0,6.0,4500.0,0.026222222222222223,OVERSUPPLY,4382.0,0.0
442,1.1,Yellow-S,1031,1043,15.0,107.0,6.0,4500.0,0.023777777777777776,OVERSUPPLY,4393.0,0.0
442,1.1,Yellow-S,1031,1043,16.0,129.16666666666666,6.0,4500.0,0.0287037037037037,OVERSUPPLY,4370.833333333333,0.0
442,1.1,Yellow-S,1031,1043,17.0,179.33333333333334,6.0,4500.0,0.039851851851851854,OVERSUPPLY,4320.666666666667,0.0
442,1.1,Yellow-S,1031,1043,18.0,164.0,6.0,4500.0,0.036444444444444446,OVERSUPPLY,4336.0,0.0
442,1.1,Yellow-S,1031,1043,19.0,83.0,6.0,4500.0,0.018444444444444444,OVERSUPPLY,4417.0,0.0
442,1.1,Yellow-S,1031,1043,20.0,60.166666666666664,6.0,4500.0,0.01337037037037037,OVERSUPPLY,4439.833333333333,0.0
442,1.1,Yellow-S,1031,1043,21.0,42.0,4.0,3000.0,0.014,OVERSUPPLY,2958.0,0.0
442,1.1,Yellow-S,1031,1043,22.0,42.333333333333336,3.0,2250.0,0.018814814814814815,OVERSUPPLY,2207.6666666666665,0.0
442,1.1,Yellow-S,1031,1043,23.0,10.666666666666666,3.0,2250.0,0.004740740740740741,OVERSUPPLY,2239.3333333333335,0.0
444,1.1,Yellow-S,1032,1014,5.0,25.0,6.0,4500.0,0.005555555555555556,OVERSUPPLY,4475.0,0.0
444,1.1,Yellow-S,1032,1014,6.0,500.5,6.0,4500.0,0.11122222222222222,OVERSUPPLY,3999.5,0.0
444,1.1,Yellow-S,1032,1014,7.0,907.8333333333334,6.0,4500.0,0.20174074074074075,BALANCED,3592.1666666666665,0.0
444,1.1,Yellow-S,1032,1014,8.0,1040.0,6.0,4500.0,0.2311111111111111,BALANCED,3460.0,0.0
444,1.1,Yellow-S,1032,1014,9.0,758.8333333333334,6.0,4500.0,0.16862962962962963,OVERSUPPLY,3741.1666666666665,0.0
444,1.1,Yellow-S,1032,1014,10.0,609.0,6.0,4500.0,0.13533333333333333,OVERSUPPLY,3891.0,0.0
444,1.1,Yellow-S,1032,1014,11.0,529.1666666666666,6.0,4500.0,0.11759259259259258,OVERSUPPLY,3970.8333333333335,0.0
444,1.1,Yellow-S,1032,1014,12.0,524.8333333333334,6.0,4500.0,0.11662962962962964,OVERSUPPLY,3975.1666666666665,0.0
444,1.1,Yellow-S,1032,1014,13.0,538.8333333333334,6.0,4500.0,0.11974074074074074,OVERSUPPLY,3961.1666666666665,0.0
444,1.1,Yellow-S,1032,1014,14.0,679.0,6.0,4500.0,0.15088888888888888,OVERSUPPLY,3821.0,0.0
444,1.1,Yellow-S,1032,1014,15.0,998.0,6.0,4500.0,0.22177777777777777,BALANCED,3502.0,0.0
444,1.1,Yellow-S,1032,1014,16.0,1802.8333333333333,6.0,4500.0,0.4006296296296296,BALANCED,2697.166666666667,0.0
444,1.1,Yellow-S,1032,1014,17.0,3098.5,6.0,4500.0,0.6885555555555556,BALANCED,1401.5,0.0
444,1.1,Yellow-S,1032,1014,18.0,2497.3333333333335,6.0,4500.0,0.554962962962963,BALANCED,2002.6666666666665,0.0
444,1.1,Yellow-S,1032,1014,19.0,1207.3333333333333,6.0,4500.0,0.26829629629629625,BALANCED,3292.666666666667,0.0
444,1.1,Yellow-S,1032,1014,20.0,722.6666666666666,6.0,4500.0,0.1605925925925926,OVERSUPPLY,3777.3333333333335,0.0
444,1.1,Yellow-S,1032,1014,21.0,523.1666666666666,4.0,3000.0,0.17438888888888887,OVERSUPPLY,2476.8333333333335,0.0
444,1.1,Yellow-S,1032,1014,22.0,472.0,3.0,2250.0,0.20977777777777779,BALANCED,1778.0,0.0
444,1.1,Yellow-S,1032,1014,23.0,289.3333333333333,3.0,2250.0,0.1285925925925926,OVERSUPPLY,1960.6666666666667,0.0
446,1.1,Yellow-S,1033,1015,5.0,23.666666666666668,6.0,4500.0,0.0052592592592592595,OVERSUPPLY,4476.333333333333,0.0
446,1.1,Yellow-S,1033,1015,6.0,268.5,6.0,4500.0,0.059666666666666666,OVERSUPPLY,4231.5,0.0
446,1.1,Yellow-S,1033,1015,7.0,611.8333333333334,6.0,4500.0,0.13596296296296298,OVERSUPPLY,3888.1666666666665,0.0
446,1.1,Yellow-S,1033,1015,8.0,756.0,6.0,4500.0,0.168,OVERSUPPLY,3744.0,0.0
446,1.1,Yellow-S,1033,1015,9.0,559.8333333333334,6.0,4500.0,0.12440740740740741,OVERSUPPLY,3940.1666666666665,0.0
446,1.1,Yellow-S,1033,1015,10.0,449.8333333333333,6.0,4500.0,0.09996296296296296,OVERSUPPLY,4050.1666666666665,0.0
446,1.1,Yellow-S,1033,1015,11.0,414.1666666666667,6.0,4500.0,0.09203703703703704,OVERSUPPLY,4085.8333333333335,0.0
446,1.1,Yellow-S,1033,1015,12.0,441.1666666666667,6.0,4500.0,0.09803703703703705,OVERSUPPLY,4058.8333333333335,0.0
446,1.1,Yellow-S,1033,1015,13.0,463.8333333333333,6.0,4500.0,0.10307407407407407,OVERSUPPLY,4036.1666666666665,0.0
446,1.1,Yellow-S,1033,1015,14.0,630.5,6.0,4500.0,0.1401111111111111,OVERSUPPLY,3869.5,0.0
446,1.1,Yellow-S,1033,1015,15.0,942.1666666666666,6.0,4500.0,0.20937037037037037,BALANCED,3557.8333333333335,0.0
446,1.1,Yellow-S,1033,1015,16.0,1748.0,6.0,4500.0,0.3884444444444444,BALANCED,2752.0,0.0
446,1.1,Yellow-S,1033,1015,17.0,3040.8333333333335,6.0,4500.0,0.6757407407407408,BALANCED,1459.1666666666665,0.0
446,1.1,Yellow-S,1033,1015,18.0,2432.1666666666665,6.0,4500.0,0.5404814814814815,BALANCED,2067.8333333333335,0.0
446,1.1,Yellow-S,1033,1015,19.0,1161.1666666666667,6.0,4500.0,0.25803703703703706,BALANCED,3338.833333333333,0.0
446,1.1,Yellow-S,1033,1015,20.0,676.1666666666666,6.0,4500.0,0.15025925925925926,OVERSUPPLY,3823.8333333333335,0.0
446,1.1,Yellow-S,1033,1015,21.0,484.5,4.0,3000.0,0.1615,OVERSUPPLY,2515.5,0.0
446,1.1,Yellow-S,1033,1015,22.0,440.1666666666667,3.0,2250.0,0.19562962962962963,OVERSUPPLY,1809.8333333333333,0.0
446,1.1,Yellow-S,1033,1015,23.0,279.1666666666667,3.0,2250.0,0.12407407407407409,OVERSUPPLY,1970.8333333333333,0.0
448,1.1,Yellow-S,1034,1016,5.0,1.3333333333333333,6.0,4500.0,0.0002962962962962963,OVERSUPPLY,4498.666666666667,0.0
448,1.1,Yellow-S,1034,1016,6.0,98.83333333333333,6.0,4500.0,0.021962962962962962,OVERSUPPLY,4401.166666666667,0.0
448,1.1,Yellow-S,1034,1016,7.0,143.0,6.0,4500.0,0.03177777777777778,OVERSUPPLY,4357.0,0.0
448,1.1,Yellow-S,1034,1016,8.0,153.83333333333334,6.0,4500.0,0.034185185185185187,OVERSUPPLY,4346.166666666667,0.0
448,1.1,Yellow-S,1034,1016,9.0,104.66666666666667,6.0,4500.0,0.02325925925925926,OVERSUPPLY,4395.333333333333,0.0
448,1.1,Yellow-S,1034,1016,10.0,90.16666666666667,6.0,4500.0,0.020037037037037037,OVERSUPPLY,4409.833333333333,0.0
448,1.1,Yellow-S,1034,1016,11.0,72.33333333333333,6.0,4500.0,0.016074074074074074,OVERSUPPLY,4427.666666666667,0.0
448,1.1,Yellow-S,1034,1016,12.0,43.166666666666664,6.0,4500.0,0.009592592592592592,OVERSUPPLY,4456.833333333333,0.0
448,1.1,Yellow-S,1034,1016,13.0,36.833333333333336,6.0,4500.0,0.008185185185185186,OVERSUPPLY,4463.166666666667,0.0
448,1.1,Yellow-S,1034,1016,14.0,26.333333333333332,6.0,4500.0,0.005851851851851852,OVERSUPPLY,4473.666666666667,0.0
448,1.1,Yellow-S,1034,1016,15.0,28.0,6.0,4500.0,0.006222222222222222,OVERSUPPLY,4472.0,0.0
448,1.1,Yellow-S,1034,1016,16.0,33.666666666666664,6.0,4500.0,0.007481481481481481,OVERSUPPLY,4466.333333333333,0.0
448,1.1,Yellow-S,1034,1016,17.0,37.0,6.0,4500.0,0.008222222222222223,OVERSUPPLY,4463.0,0.0
448,1.1,Yellow-S,1034,1016,18.0,41.333333333333336,6.0,4500.0,0.009185185185185185,OVERSUPPLY,4458.666666666667,0.0
448,1.1,Yellow-S,1034,1016,19.0,29.666666666666668,6.0,4500.0,0.006592592592592593,OVERSUPPLY,4470.333333333333,0.0
448,1.1,Yellow-S,1034,1016,20.0,28.666666666666668,6.0,4500.0,0.006370370370370371,OVERSUPPLY,4471.333333333333,0.0
448,1.1,Yellow-S,1034,1016,21.0,24.833333333333332,4.0,3000.0,0.008277777777777778,OVERSUPPLY,2975.1666666666665,0.0
448,1.1,Yellow-S,1034,1016,22.0,16.833333333333332,3.0,2250.0,0.007481481481481481,OVERSUPPLY,2233.1666666666665,0.0
448,1.1,Yellow-S,1034,1016,23.0,3.666666666666666,3.0,2250.0,0.0016296296296296293,OVERSUPPLY,2246.3333333333335,0.0
450,1.1,Yellow-S,1035,1046,5.0,79.33333333333334,6.0,4500.0,0.01762962962962963,OVERSUPPLY,4420.666666666667,0.0
450,1.1,Yellow-S,1035,1046,6.0,659.0,6.0,4500.0,0.14644444444444443,OVERSUPPLY,3841.0,0.0
450,1.1,Yellow-S,1035,1046,7.0,489.3333333333333,6.0,4500.0,0.10874074074074074,OVERSUPPLY,4010.6666666666665,0.0
450,1.1,Yellow-S,1035,1046,8.0,470.3333333333333,6.0,4500.0,0.10451851851851851,OVERSUPPLY,4029.6666666666665,0.0
450,1.1,Yellow-S,1035,1046,9.0,322.66666666666663,6.0,4500.0,0.0717037037037037,OVERSUPPLY,4177.333333333333,0.0
450,1.1,Yellow-S,1035,1046,10.0,133.33333333333334,6.0,4500.0,0.02962962962962963,OVERSUPPLY,4366.666666666667,0.0
450,1.1,Yellow-S,1035,1046,11.0,75.66666666666667,6.0,4500.0,0.016814814814814817,OVERSUPPLY,4424.333333333333,0.0
450,1.1,Yellow-S,1035,1046,12.0,53.0,6.0,4500.0,0.011777777777777778,OVERSUPPLY,4447.0,0.0
450,1.1,Yellow-S,1035,1046,13.0,57.666666666666664,6.0,4500.0,0.012814814814814814,OVERSUPPLY,4442.333333333333,0.0
450,1.1,Yellow-S,1035,1046,14.0,31.333333333333332,6.0,4500.0,0.0069629629629629625,OVERSUPPLY,4468.666666666667,0.0
450,1.1,Yellow-S,1035,1046,15.0,31.333333333333332,6.0,4500.0,0.0069629629629629625,OVERSUPPLY,4468.666666666667,0.0
450,1.1,Yellow-S,1035,1046,16.0,29.666666666666664,6.0,4500.0,0.006592592592592592,OVERSUPPLY,4470.333333333333,0.0
450,1.1,Yellow-S,1035,1046,17.0,25.166666666666668,6.0,4500.0,0.005592592592592593,OVERSUPPLY,4474.833333333333,0.0
450,1.1,Yellow-S,1035,1046,18.0,28.5,6.0,4500.0,0.006333333333333333,OVERSUPPLY,4471.5,0.0
450,1.1,Yellow-S,1035,1046,19.0,19.0,6.0,4500.0,0.004222222222222222,OVERSUPPLY,4481.0,0.0
450,1.1,Yellow-S,1035,1046,20.0,13.166666666666666,6.0,4500.0,0.002925925925925926,OVERSUPPLY,4486.833333333333,0.0
450,1.1,Yellow-S,1035,1046,21.0,16.666666666666668,4.0,3000.0,0.005555555555555556,OVERSUPPLY,2983.3333333333335,0.0
450,1.1,Yellow-S,1035,1046,22.0,17.166666666666668,3.0,2250.0,0.00762962962962963,OVERSUPPLY,2232.8333333333335,0.0
450,1.1,Yellow-S,1035,1046,23.0,7.0,3.0,2250.0,0.003111111111111111,OVERSUPPLY,2243.0,0.0
452,1.1,Yellow-S,1036,1047,5.0,805.6666666666666,6.0,4500.0,0.17903703703703702,OVERSUPPLY,3694.3333333333335,0.0
452,1.1,Yellow-S,1036,1047,6.0,3198.3333333333335,6.0,4500.0,0.7107407407407408,BALANCED,1301.6666666666665,0.0
452,1.1,Yellow-S,1036,1047,7.0,5966.0,6.0,4500.0,1.3257777777777777,UNDERSUPPLY,0.0,1466.0
452,1.1,Yellow-S,1036,1047,8.0,7295.333333333333,6.0,4500.0,1.621185185185185,UNDERSUPPLY,0.0,2795.333333333333
452,1.1,Yellow-S,1036,1047,9.0,4342.333333333333,6.0,4500.0,0.9649629629629629,CROWDED,157.66666666666697,0.0
452,1.1,Yellow-S,1036,1047,10.0,2002.6666666666667,6.0,4500.0,0.44503703703703706,BALANCED,2497.333333333333,0.0
452,1.1,Yellow-S,1036,1047,11.0,961.3333333333334,6.0,4500.0,0.21362962962962964,BALANCED,3538.6666666666665,0.0
452,1.1,Yellow-S,1036,1047,12.0,668.6666666666666,6.0,4500.0,0.14859259259259258,OVERSUPPLY,3831.3333333333335,0.0
452,1.1,Yellow-S,1036,1047,13.0,507.3333333333333,6.0,4500.0,0.11274074074074074,OVERSUPPLY,3992.6666666666665,0.0
452,1.1,Yellow-S,1036,1047,14.0,445.3333333333333,6.0,4500.0,0.09896296296296296,OVERSUPPLY,4054.6666666666665,0.0
452,1.1,Yellow-S,1036,1047,15.0,433.6666666666667,6.0,4500.0,0.09637037037037037,OVERSUPPLY,4066.3333333333335,0.0
452,1.1,Yellow-S,1036,1047,16.0,583.6666666666666,6.0,4500.0,0.12970370370370368,OVERSUPPLY,3916.3333333333335,0.0
452,1.1,Yellow-S,1036,1047,17.0,771.8333333333334,6.0,4500.0,0.17151851851851851,OVERSUPPLY,3728.1666666666665,0.0
452,1.1,Yellow-S,1036,1047,18.0,701.1666666666666,6.0,4500.0,0.1558148148148148,OVERSUPPLY,3798.8333333333335,0.0
452,1.1,Yellow-S,1036,1047,19.0,376.3333333333333,6.0,4500.0,0.08362962962962962,OVERSUPPLY,4123.666666666667,0.0
452,1.1,Yellow-S,1036,1047,20.0,238.16666666666666,6.0,4500.0,0.052925925925925925,OVERSUPPLY,4261.833333333333,0.0
452,1.1,Yellow-S,1036,1047,21.0,148.33333333333334,4.0,3000.0,0.04944444444444445,OVERSUPPLY,2851.6666666666665,0.0
452,1.1,Yellow-S,1036,1047,22.0,157.83333333333334,3.0,2250.0,0.07014814814814815,OVERSUPPLY,2092.1666666666665,0.0
452,1.1,Yellow-S,1036,1047,23.0,57.666666666666664,3.0,2250.0,0.025629629629629627,OVERSUPPLY,2192.3333333333335,0.0
456,1.1,Yellow-S,1038,1007,5.0,509.3333333333333,6.0,4500.0,0.11318518518518518,OVERSUPPLY,3990.6666666666665,0.0
456,1.1,Yellow-S,1038,1007,6.0,2403.6666666666665,6.0,4500.0,0.5341481481481481,BALANCED,2096.3333333333335,0.0
456,1.1,Yellow-S,1038,1007,7.0,3615.0,6.0,4500.0,0.8033333333333333,CROWDED,885.0,0.0
456,1.1,Yellow-S,1038,1007,8.0,4536.333333333333,6.0,4500.0,1.008074074074074,UNDERSUPPLY,0.0,36.33333333333303
456,1.1,Yellow-S,1038,1007,9.0,2852.5,6.0,4500.0,0.6338888888888888,BALANCED,1647.5,0.0
456,1.1,Yellow-S,1038,1007,10.0,1350.1666666666667,6.0,4500.0,0.30003703703703705,BALANCED,3149.833333333333,0.0
456,1.1,Yellow-S,1038,1007,11.0,656.3333333333334,6.0,4500.0,0.14585185185185187,OVERSUPPLY,3843.6666666666665,0.0
456,1.1,Yellow-S,1038,1007,12.0,454.0,6.0,4500.0,0.10088888888888889,OVERSUPPLY,4046.0,0.0
456,1.1,Yellow-S,1038,1007,13.0,352.1666666666667,6.0,4500.0,0.07825925925925926,OVERSUPPLY,4147.833333333333,0.0
456,1.1,Yellow-S,1038,1007,14.0,282.1666666666667,6.0,4500.0,0.0627037037037037,OVERSUPPLY,4217.833333333333,0.0
456,1.1,Yellow-S,1038,1007,15.0,273.1666666666667,6.0,4500.0,0.06070370370370371,OVERSUPPLY,4226.833333333333,0.0
456,1.1,Yellow-S,1038,1007,16.0,359.0,6.0,4500.0,0.07977777777777778,OVERSUPPLY,4141.0,0.0
456,1.1,Yellow-S,1038,1007,17.0,468.3333333333333,6.0,4500.0,0.10407407407407407,OVERSUPPLY,4031.6666666666665,0.0
456,1.1,Yellow-S,1038,1007,18.0,418.5,6.0,4500.0,0.093,OVERSUPPLY,4081.5,0.0
456,1.1,Yellow-S,1038,1007,19.0,236.66666666666666,6.0,4500.0,0.052592592592592594,OVERSUPPLY,4263.333333333333,0.0
456,1.1,Yellow-S,1038,1007,20.0,138.5,6.0,4500.0,0.03077777777777778,OVERSUPPLY,4361.5,0.0
456,1.1,Yellow-S,1038,1007,21.0,109.33333333333333,4.0,3000.0,0.036444444444444446,OVERSUPPLY,2890.6666666666665,0.0
456,1.1,Yellow-S,1038,1007,22.0,110.16666666666667,3.0,2250.0,0.048962962962962965,OVERSUPPLY,2139.8333333333335,0.0
456,1.1,Yellow-S,1038,1007,23.0,38.0,3.0,2250.0,0.016888888888888887,OVERSUPPLY,2212.0,0.0
458,1.1,Yellow-S,1039,1008,5.0,22.0,6.0,4500.0,0.004888888888888889,OVERSUPPLY,4478.0,0.0
458,1.1,Yellow-S,1039,1008,6.0,96.33333333333333,6.0,4500.0,0.021407407407407406,OVERSUPPLY,4403.666666666667,0.0
458,1.1,Yellow-S,1039,1008,7.0,293.1666666666667,6.0,4500.0,0.06514814814814815,OVERSUPPLY,4206.833333333333,0.0
458,1.1,Yellow-S,1039,1008,8.0,524.1666666666667,6.0,4500.0,0.11648148148148149,OVERSUPPLY,3975.833333333333,0.0
458,1.1,Yellow-S,1039,1008,9.0,385.5,6.0,4500.0,0.08566666666666667,OVERSUPPLY,4114.5,0.0
458,1.1,Yellow-S,1039,1008,10.0,181.0,6.0,4500.0,0.04022222222222222,OVERSUPPLY,4319.0,0.0
458,1.1,Yellow-S,1039,1008,11.0,105.83333333333333,6.0,4500.0,0.02351851851851852,OVERSUPPLY,4394.166666666667,0.0
458,1.1,Yellow-S,1039,1008,12.0,80.33333333333333,6.0,4500.0,0.01785185185185185,OVERSUPPLY,4419.666666666667,0.0
458,1.1,Yellow-S,1039,1008,13.0,53.166666666666664,6.0,4500.0,0.011814814814814814,OVERSUPPLY,4446.833333333333,0.0
458,1.1,Yellow-S,1039,1008,14.0,45.833333333333336,6.0,4500.0,0.010185185185185186,OVERSUPPLY,4454.166666666667,0.0
458,1.1,Yellow-S,1039,1008,15.0,46.0,6.0,4500.0,0.010222222222222223,OVERSUPPLY,4454.0,0.0
458,1.1,Yellow-S,1039,1008,16.0,77.16666666666667,6.0,4500.0,0.01714814814814815,OVERSUPPLY,4422.833333333333,0.0
458,1.1,Yellow-S,1039,1008,17.0,107.0,6.0,4500.0,0.023777777777777776,OVERSUPPLY,4393.0,0.0
458,1.1,Yellow-S,1039,1008,18.0,83.66666666666667,6.0,4500.0,0.018592592592592595,OVERSUPPLY,4416.333333333333,0.0
458,1.1,Yellow-S,1039,1008,19.0,52.333333333333336,6.0,4500.0,0.01162962962962963,OVERSUPPLY,4447.666666666667,0.0
458,1.1,Yellow-S,1039,1008,20.0,26.333333333333336,6.0,4500.0,0.005851851851851852,OVERSUPPLY,4473.666666666667,0.0
458,1.1,Yellow-S,1039,1008,21.0,23.666666666666668,4.0,3000.0,0.00788888888888889,OVERSUPPLY,2976.3333333333335,0.0
458,1.1,Yellow-S,1039,1008,22.0,20.0,3.0,2250.0,0.008888888888888889,OVERSUPPLY,2230.0,0.0
458,1.1,Yellow-S,1039,1008,23.0,8.333333333333334,3.0,2250.0,0.003703703703703704,OVERSUPPLY,2241.6666666666665,0.0
460,1.1,Yellow-S,1040,1009,5.0,369.5,6.0,4500.0,0.08211111111111111,OVERSUPPLY,4130.5,0.0
460,1.1,Yellow-S,1040,1009,6.0,1335.3333333333333,6.0,4500.0,0.29674074074074075,BALANCED,3164.666666666667,0.0
460,1.1,Yellow-S,1040,1009,7.0,2662.0,6.0,4500.0,0.5915555555555555,BALANCED,1838.0,0.0
460,1.1,Yellow-S,1040,1009,8.0,3368.1666666666665,6.0,4500.0,0.7484814814814814,BALANCED,1131.8333333333335,0.0
460,1.1,Yellow-S,1040,1009,9.0,1987.5,6.0,4500.0,0.44166666666666665,BALANCED,2512.5,0.0
460,1.1,Yellow-S,1040,1009,10.0,964.3333333333333,6.0,4500.0,0.2142962962962963,BALANCED,3535.666666666667,0.0
460,1.1,Yellow-S,1040,1009,11.0,438.3333333333333,6.0,4500.0,0.0974074074074074,OVERSUPPLY,4061.6666666666665,0.0
460,1.1,Yellow-S,1040,1009,12.0,294.6666666666667,6.0,4500.0,0.06548148148148149,OVERSUPPLY,4205.333333333333,0.0
460,1.1,Yellow-S,1040,1009,13.0,216.33333333333334,6.0,4500.0,0.048074074074074075,OVERSUPPLY,4283.666666666667,0.0
460,1.1,Yellow-S,1040,1009,14.0,189.83333333333334,6.0,4500.0,0.04218518518518519,OVERSUPPLY,4310.166666666667,0.0
460,1.1,Yellow-S,1040,1009,15.0,174.66666666666666,6.0,4500.0,0.038814814814814816,OVERSUPPLY,4325.333333333333,0.0
460,1.1,Yellow-S,1040,1009,16.0,242.66666666666666,6.0,4500.0,0.053925925925925926,OVERSUPPLY,4257.333333333333,0.0
460,1.1,Yellow-S,1040,1009,17.0,322.0,6.0,4500.0,0.07155555555555555,OVERSUPPLY,4178.0,0.0
460,1.1,Yellow-S,1040,1009,18.0,289.0,6.0,4500.0,0.06422222222222222,OVERSUPPLY,4211.0,0.0
460,1.1,Yellow-S,1040,1009,19.0,151.66666666666666,6.0,4500.0,0.0337037037037037,OVERSUPPLY,4348.333333333333,0.0
460,1.1,Yellow-S,1040,1009,20.0,92.66666666666667,6.0,4500.0,0.020592592592592593,OVERSUPPLY,4407.333333333333,0.0
460,1.1,Yellow-S,1040,1009,21.0,59.666666666666664,4.0,3000.0,0.019888888888888887,OVERSUPPLY,2940.3333333333335,0.0
460,1.1,Yellow-S,1040,1009,22.0,62.666666666666664,3.0,2250.0,0.02785185185185185,OVERSUPPLY,2187.3333333333335,0.0
460,1.1,Yellow-S,1040,1009,23.0,20.333333333333332,3.0,2250.0,0.009037037037037036,OVERSUPPLY,2229.6666666666665,0.0
462,1.1,Yellow-S,1041,1055,5.0,293.1666666666667,6.0,4500.0,0.06514814814814815,OVERSUPPLY,4206.833333333333,0.0
462,1.1,Yellow-S,1041,1055,6.0,1537.1666666666667,6.0,4500.0,0.3415925925925926,BALANCED,2962.833333333333,0.0
462,1.1,Yellow-S,1041,1055,7.0,2255.6666666666665,6.0,4500.0,0.5012592592592592,BALANCED,2244.3333333333335,0.0
462,1.1,Yellow-S,1041,1055,8.0,2882.6666666666665,6.0,4500.0,0.6405925925925926,BALANCED,1617.3333333333335,0.0
462,1.1,Yellow-S,1041,1055,9.0,2224.1666666666665,6.0,4500.0,0.49425925925925923,BALANCED,2275.8333333333335,0.0
462,1.1,Yellow-S,1041,1055,10.0,1288.3333333333333,6.0,4500.0,0.28629629629629627,BALANCED,3211.666666666667,0.0
462,1.1,Yellow-S,1041,1055,11.0,936.1666666666666,6.0,4500.0,0.20803703703703702,BALANCED,3563.8333333333335,0.0
462,1.1,Yellow-S,1041,1055,12.0,794.3333333333334,6.0,4500.0,0.17651851851851852,OVERSUPPLY,3705.6666666666665,0.0
462,1.1,Yellow-S,1041,1055,13.0,737.5,6.0,4500.0,0.1638888888888889,OVERSUPPLY,3762.5,0.0
462,1.1,Yellow-S,1041,1055,14.0,707.3333333333334,6.0,4500.0,0.1571851851851852,OVERSUPPLY,3792.6666666666665,0.0
462,1.1,Yellow-S,1041,1055,15.0,883.3333333333334,6.0,4500.0,0.1962962962962963,OVERSUPPLY,3616.6666666666665,0.0
462,1.1,Yellow-S,1041,1055,16.0,1387.1666666666667,6.0,4500.0,0.3082592592592593,BALANCED,3112.833333333333,0.0
462,1.1,Yellow-S,1041,1055,17.0,2552.3333333333335,6.0,4500.0,0.5671851851851852,BALANCED,1947.6666666666665,0.0
462,1.1,Yellow-S,1041,1055,18.0,2037.5,6.0,4500.0,0.4527777777777778,BALANCED,2462.5,0.0
462,1.1,Yellow-S,1041,1055,19.0,949.1666666666666,6.0,4500.0,0.2109259259259259,BALANCED,3550.8333333333335,0.0
462,1.1,Yellow-S,1041,1055,20.0,527.8333333333334,6.0,4500.0,0.1172962962962963,OVERSUPPLY,3972.1666666666665,0.0
462,1.1,Yellow-S,1041,1055,21.0,358.5,4.0,3000.0,0.1195,OVERSUPPLY,2641.5,0.0
462,1.1,Yellow-S,1041,1055,22.0,367.8333333333333,3.0,2250.0,0.16348148148148148,OVERSUPPLY,1882.1666666666667,0.0
462,1.1,Yellow-S,1041,1055,23.0,220.16666666666666,3.0,2250.0,0.09785185185185184,OVERSUPPLY,2029.8333333333333,0.0
464,1.1,Yellow-S,1042,1056,5.0,235.33333333333334,6.0,4500.0,0.0522962962962963,OVERSUPPLY,4264.666666666667,0.0
464,1.1,Yellow-S,1042,1056,6.0,764.8333333333334,6.0,4500.0,0.16996296296296298,OVERSUPPLY,3735.1666666666665,0.0
464,1.1,Yellow-S,1042,1056,7.0,1420.1666666666667,6.0,4500.0,0.3155925925925926,BALANCED,3079.833333333333,0.0
464,1.1,Yellow-S,1042,1056,8.0,1956.1666666666667,6.0,4500.0,0.4347037037037037,BALANCED,2543.833333333333,0.0
464,1.1,Yellow-S,1042,1056,9.0,1512.5,6.0,4500.0,0.33611111111111114,BALANCED,2987.5,0.0
464,1.1,Yellow-S,1042,1056,10.0,895.8333333333334,6.0,4500.0,0.19907407407407407,OVERSUPPLY,3604.1666666666665,0.0
464,1.1,Yellow-S,1042,1056,11.0,660.6666666666666,6.0,4500.0,0.14681481481481481,OVERSUPPLY,3839.3333333333335,0.0
464,1.1,Yellow-S,1042,1056,12.0,596.1666666666666,6.0,4500.0,0.13248148148148148,OVERSUPPLY,3903.8333333333335,0.0
464,1.1,Yellow-S,1042,1056,13.0,557.0,6.0,4500.0,0.12377777777777778,OVERSUPPLY,3943.0,0.0
464,1.1,Yellow-S,1042,1056,14.0,578.8333333333334,6.0,4500.0,0.12862962962962965,OVERSUPPLY,3921.1666666666665,0.0
464,1.1,Yellow-S,1042,1056,15.0,746.5,6.0,4500.0,0.1658888888888889,OVERSUPPLY,3753.5,0.0
464,1.1,Yellow-S,1042,1056,16.0,1242.0,6.0,4500.0,0.276,BALANCED,3258.0,0.0
464,1.1,Yellow-S,1042,1056,17.0,2333.1666666666665,6.0,4500.0,0.5184814814814814,BALANCED,2166.8333333333335,0.0
464,1.1,Yellow-S,1042,1056,18.0,1841.8333333333333,6.0,4500.0,0.40929629629629627,BALANCED,2658.166666666667,0.0
464,1.1,Yellow-S,1042,1056,19.0,840.0,6.0,4500.0,0.18666666666666668,OVERSUPPLY,3660.0,0.0
464,1.1,Yellow-S,1042,1056,20.0,441.6666666666667,6.0,4500.0,0.09814814814814815,OVERSUPPLY,4058.3333333333335,0.0
464,1.1,Yellow-S,1042,1056,21.0,294.0,4.0,3000.0,0.098,OVERSUPPLY,2706.0,0.0
464,1.1,Yellow-S,1042,1056,22.0,308.6666666666667,3.0,2250.0,0.1371851851851852,OVERSUPPLY,1941.3333333333333,0.0
464,1.1,Yellow-S,1042,1056,23.0,201.5,3.0,2250.0,0.08955555555555555,OVERSUPPLY,2048.5,0.0
466,1.1,Yellow-S,1043,1057,5.0,57.0,6.0,4500.0,0.012666666666666666,OVERSUPPLY,4443.0,0.0
466,1.1,Yellow-S,1043,1057,6.0,294.8333333333333,6.0,4500.0,0.06551851851851852,OVERSUPPLY,4205.166666666667,0.0
466,1.1,Yellow-S,1043,1057,7.0,457.6666666666667,6.0,4500.0,0.10170370370370371,OVERSUPPLY,4042.3333333333335,0.0
466,1.1,Yellow-S,1043,1057,8.0,538.0,6.0,4500.0,0.11955555555555555,OVERSUPPLY,3962.0,0.0
466,1.1,Yellow-S,1043,1057,9.0,342.3333333333333,6.0,4500.0,0.07607407407407407,OVERSUPPLY,4157.666666666667,0.0
466,1.1,Yellow-S,1043,1057,10.0,207.5,6.0,4500.0,0.04611111111111111,OVERSUPPLY,4292.5,0.0
466,1.1,Yellow-S,1043,1057,11.0,156.0,6.0,4500.0,0.034666666666666665,OVERSUPPLY,4344.0,0.0
466,1.1,Yellow-S,1043,1057,12.0,101.5,6.0,4500.0,0.022555555555555554,OVERSUPPLY,4398.5,0.0
466,1.1,Yellow-S,1043,1057,13.0,84.5,6.0,4500.0,0.01877777777777778,OVERSUPPLY,4415.5,0.0
466,1.1,Yellow-S,1043,1057,14.0,68.33333333333333,6.0,4500.0,0.015185185185185184,OVERSUPPLY,4431.666666666667,0.0
466,1.1,Yellow-S,1043,1057,15.0,65.16666666666667,6.0,4500.0,0.014481481481481482,OVERSUPPLY,4434.833333333333,0.0
466,1.1,Yellow-S,1043,1057,16.0,78.5,6.0,4500.0,0.017444444444444443,OVERSUPPLY,4421.5,0.0
466,1.1,Yellow-S,1043,1057,17.0,106.0,6.0,4500.0,0.023555555555555555,OVERSUPPLY,4394.0,0.0
466,1.1,Yellow-S,1043,1057,18.0,93.83333333333333,6.0,4500.0,0.02085185185185185,OVERSUPPLY,4406.166666666667,0.0
466,1.1,Yellow-S,1043,1057,19.0,54.333333333333336,6.0,4500.0,0.012074074074074074,OVERSUPPLY,4445.666666666667,0.0
466,1.1,Yellow-S,1043,1057,20.0,46.666666666666664,6.0,4500.0,0.01037037037037037,OVERSUPPLY,4453.333333333333,0.0
466,1.1,Yellow-S,1043,1057,21.0,36.666666666666664,4.0,3000.0,0.012222222222222221,OVERSUPPLY,2963.3333333333335,0.0
466,1.1,Yellow-S,1043,1057,22.0,30.166666666666664,3.0,2250.0,0.013407407407407406,OVERSUPPLY,2219.8333333333335,0.0
466,1.1,Yellow-S,1043,1057,23.0,7.666666666666666,3.0,2250.0,0.003407407407407407,OVERSUPPLY,2242.3333333333335,0.0
468,1.1,Yellow-S,1044,1023,5.0,102.33333333333333,6.0,4500.0,0.02274074074074074,OVERSUPPLY,4397.666666666667,0.0
468,1.1,Yellow-S,1044,1023,6.0,716.8333333333334,6.0,4500.0,0.1592962962962963,OVERSUPPLY,3783.1666666666665,0.0
468,1.1,Yellow-S,1044,1023,7.0,608.5,6.0,4500.0,0.13522222222222222,OVERSUPPLY,3891.5,0.0
468,1.1,Yellow-S,1044,1023,8.0,579.6666666666666,6.0,4500.0,0.1288148148148148,OVERSUPPLY,3920.3333333333335,0.0
468,1.1,Yellow-S,1044,1023,9.0,368.1666666666667,6.0,4500.0,0.08181481481481481,OVERSUPPLY,4131.833333333333,0.0
468,1.1,Yellow-S,1044,1023,10.0,160.5,6.0,4500.0,0.035666666666666666,OVERSUPPLY,4339.5,0.0
468,1.1,Yellow-S,1044,1023,11.0,103.33333333333333,6.0,4500.0,0.022962962962962963,OVERSUPPLY,4396.666666666667,0.0
468,1.1,Yellow-S,1044,1023,12.0,76.16666666666667,6.0,4500.0,0.016925925925925928,OVERSUPPLY,4423.833333333333,0.0
468,1.1,Yellow-S,1044,1023,13.0,80.5,6.0,4500.0,0.017888888888888888,OVERSUPPLY,4419.5,0.0
468,1.1,Yellow-S,1044,1023,14.0,47.0,6.0,4500.0,0.010444444444444444,OVERSUPPLY,4453.0,0.0
468,1.1,Yellow-S,1044,1023,15.0,61.666666666666664,6.0,4500.0,0.013703703703703702,OVERSUPPLY,4438.333333333333,0.0
468,1.1,Yellow-S,1044,1023,16.0,49.5,6.0,4500.0,0.011,OVERSUPPLY,4450.5,0.0
468,1.1,Yellow-S,1044,1023,17.0,42.0,6.0,4500.0,0.009333333333333334,OVERSUPPLY,4458.0,0.0
468,1.1,Yellow-S,1044,1023,18.0,39.333333333333336,6.0,4500.0,0.008740740740740742,OVERSUPPLY,4460.666666666667,0.0
468,1.1,Yellow-S,1044,1023,19.0,25.5,6.0,4500.0,0.005666666666666667,OVERSUPPLY,4474.5,0.0
468,1.1,Yellow-S,1044,1023,20.0,18.5,6.0,4500.0,0.004111111111111111,OVERSUPPLY,4481.5,0.0
468,1.1,Yellow-S,1044,1023,21.0,19.666666666666668,4.0,3000.0,0.006555555555555556,OVERSUPPLY,2980.3333333333335,0.0
468,1.1,Yellow-S,1044,1023,22.0,20.666666666666668,3.0,2250.0,0.009185185185185185,OVERSUPPLY,2229.3333333333335,0.0
468,1.1,Yellow-S,1044,1023,23.0,8.0,3.0,2250.0,0.0035555555555555557,OVERSUPPLY,2242.0,0.0
470,1.1,Yellow-S,1045,1024,5.0,165.66666666666666,6.0,4500.0,0.036814814814814814,OVERSUPPLY,4334.333333333333,0.0
470,1.1,Yellow-S,1045,1024,6.0,1378.5,6.0,4500.0,0.30633333333333335,BALANCED,3121.5,0.0
470,1.1,Yellow-S,1045,1024,7.0,1706.5,6.0,4500.0,0.37922222222222224,BALANCED,2793.5,0.0
470,1.1,Yellow-S,1045,1024,8.0,1583.0,6.0,4500.0,0.3517777777777778,BALANCED,2917.0,0.0
470,1.1,Yellow-S,1045,1024,9.0,1075.1666666666667,6.0,4500.0,0.23892592592592593,BALANCED,3424.833333333333,0.0
470,1.1,Yellow-S,1045,1024,10.0,487.1666666666667,6.0,4500.0,0.10825925925925926,OVERSUPPLY,4012.8333333333335,0.0
470,1.1,Yellow-S,1045,1024,11.0,280.0,6.0,4500.0,0.06222222222222222,OVERSUPPLY,4220.0,0.0
470,1.1,Yellow-S,1045,1024,12.0,189.16666666666666,6.0,4500.0,0.04203703703703703,OVERSUPPLY,4310.833333333333,0.0
470,1.1,Yellow-S,1045,1024,13.0,180.16666666666666,6.0,4500.0,0.04003703703703704,OVERSUPPLY,4319.833333333333,0.0
470,1.1,Yellow-S,1045,1024,14.0,131.66666666666666,6.0,4500.0,0.029259259259259256,OVERSUPPLY,4368.333333333333,0.0
470,1.1,Yellow-S,1045,1024,15.0,117.33333333333333,6.0,4500.0,0.026074074074074072,OVERSUPPLY,4382.666666666667,0.0
470,1.1,Yellow-S,1045,1024,16.0,108.5,6.0,4500.0,0.02411111111111111,OVERSUPPLY,4391.5,0.0
470,1.1,Yellow-S,1045,1024,17.0,104.0,6.0,4500.0,0.02311111111111111,OVERSUPPLY,4396.0,0.0
470,1.1,Yellow-S,1045,1024,18.0,95.33333333333333,6.0,4500.0,0.021185185185185185,OVERSUPPLY,4404.666666666667,0.0
470,1.1,Yellow-S,1045,1024,19.0,65.16666666666667,6.0,4500.0,0.014481481481481482,OVERSUPPLY,4434.833333333333,0.0
470,1.1,Yellow-S,1045,1024,20.0,54.5,6.0,4500.0,0.01211111111111111,OVERSUPPLY,4445.5,0.0
470,1.1,Yellow-S,1045,1024,21.0,38.0,4.0,3000.0,0.012666666666666666,OVERSUPPLY,2962.0,0.0
470,1.1,Yellow-S,1045,1024,22.0,56.0,3.0,2250.0,0.024888888888888887,OVERSUPPLY,2194.0,0.0
470,1.1,Yellow-S,1045,1024,23.0,14.0,3.0,2250.0,0.006222222222222222,OVERSUPPLY,2236.0,0.0
472,1.1,Yellow-S,1046,1058,5.0,544.3333333333334,6.0,4500.0,0.12096296296296297,OVERSUPPLY,3955.6666666666665,0.0
472,1.1,Yellow-S,1046,1058,6.0,2569.0,6.0,4500.0,0.5708888888888889,BALANCED,1931.0,0.0
472,1.1,Yellow-S,1046,1058,7.0,3905.6666666666665,6.0,4500.0,0.8679259259259259,CROWDED,594.3333333333335,0.0
472,1.1,Yellow-S,1046,1058,8.0,4609.666666666667,6.0,4500.0,1.0243703703703704,UNDERSUPPLY,0.0,109.66666666666697
472,1.1,Yellow-S,1046,1058,9.0,2776.6666666666665,6.0,4500.0,0.617037037037037,BALANCED,1723.3333333333335,0.0
472,1.1,Yellow-S,1046,1058,10.0,1288.3333333333333,6.0,4500.0,0.28629629629629627,BALANCED,3211.666666666667,0.0
472,1.1,Yellow-S,1046,1058,11.0,621.8333333333334,6.0,4500.0,0.1381851851851852,OVERSUPPLY,3878.1666666666665,0.0
472,1.1,Yellow-S,1046,1058,12.0,431.5,6.0,4500.0,0.09588888888888888,OVERSUPPLY,4068.5,0.0
472,1.1,Yellow-S,1046,1058,13.0,348.3333333333333,6.0,4500.0,0.0774074074074074,OVERSUPPLY,4151.666666666667,0.0
472,1.1,Yellow-S,1046,1058,14.0,282.3333333333333,6.0,4500.0,0.06274074074074074,OVERSUPPLY,4217.666666666667,0.0
472,1.1,Yellow-S,1046,1058,15.0,284.6666666666667,6.0,4500.0,0.06325925925925927,OVERSUPPLY,4215.333333333333,0.0
472,1.1,Yellow-S,1046,1058,16.0,370.0,6.0,4500.0,0.08222222222222222,OVERSUPPLY,4130.0,0.0
472,1.1,Yellow-S,1046,1058,17.0,460.6666666666667,6.0,4500.0,0.10237037037037038,OVERSUPPLY,4039.3333333333335,0.0
472,1.1,Yellow-S,1046,1058,18.0,421.6666666666667,6.0,4500.0,0.0937037037037037,OVERSUPPLY,4078.3333333333335,0.0
472,1.1,Yellow-S,1046,1058,19.0,227.0,6.0,4500.0,0.050444444444444445,OVERSUPPLY,4273.0,0.0
472,1.1,Yellow-S,1046,1058,20.0,144.66666666666666,6.0,4500.0,0.03214814814814815,OVERSUPPLY,4355.333333333333,0.0
472,1.1,Yellow-S,1046,1058,21.0,103.33333333333333,4.0,3000.0,0.034444444444444444,OVERSUPPLY,2896.6666666666665,0.0
472,1.1,Yellow-S,1046,1058,22.0,106.66666666666667,3.0,2250.0,0.04740740740740741,OVERSUPPLY,2143.3333333333335,0.0
472,1.1,Yellow-S,1046,1058,23.0,38.166666666666664,3.0,2250.0,0.01696296296296296,OVERSUPPLY,2211.8333333333335,0.0
476,1.1,Yellow-S,1048,1060,5.0,404.0,6.0,4500.0,0.08977777777777778,OVERSUPPLY,4096.0,0.0
476,1.1,Yellow-S,1048,1060,6.0,1504.6666666666667,6.0,4500.0,0.3343703703703704,BALANCED,2995.333333333333,0.0
476,1.1,Yellow-S,1048,1060,7.0,3125.0,6.0,4500.0,0.6944444444444444,BALANCED,1375.0,0.0
476,1.1,Yellow-S,1048,1060,8.0,3857.333333333333,6.0,4500.0,0.8571851851851852,CROWDED,642.666666666667,0.0
476,1.1,Yellow-S,1048,1060,9.0,2251.6666666666665,6.0,4500.0,0.5003703703703704,BALANCED,2248.3333333333335,0.0
476,1.1,Yellow-S,1048,1060,10.0,1067.6666666666667,6.0,4500.0,0.23725925925925928,BALANCED,3432.333333333333,0.0
476,1.1,Yellow-S,1048,1060,11.0,495.5,6.0,4500.0,0.11011111111111112,OVERSUPPLY,4004.5,0.0
476,1.1,Yellow-S,1048,1060,12.0,343.8333333333333,6.0,4500.0,0.07640740740740741,OVERSUPPLY,4156.166666666667,0.0
476,1.1,Yellow-S,1048,1060,13.0,257.3333333333333,6.0,4500.0,0.05718518518518518,OVERSUPPLY,4242.666666666667,0.0
476,1.1,Yellow-S,1048,1060,14.0,232.33333333333334,6.0,4500.0,0.05162962962962963,OVERSUPPLY,4267.666666666667,0.0
476,1.1,Yellow-S,1048,1060,15.0,230.66666666666666,6.0,4500.0,0.051259259259259254,OVERSUPPLY,4269.333333333333,0.0
476,1.1,Yellow-S,1048,1060,16.0,324.0,6.0,4500.0,0.072,OVERSUPPLY,4176.0,0.0
476,1.1,Yellow-S,1048,1060,17.0,424.6666666666667,6.0,4500.0,0.09437037037037037,OVERSUPPLY,4075.3333333333335,0.0
476,1.1,Yellow-S,1048,1060,18.0,379.0,6.0,4500.0,0.08422222222222223,OVERSUPPLY,4121.0,0.0
476,1.1,Yellow-S,1048,1060,19.0,197.66666666666666,6.0,4500.0,0.043925925925925924,OVERSUPPLY,4302.333333333333,0.0
476,1.1,Yellow-S,1048,1060,20.0,123.66666666666667,6.0,4500.0,0.02748148148148148,OVERSUPPLY,4376.333333333333,0.0
476,1.1,Yellow-S,1048,1060,21.0,76.0,4.0,3000.0,0.025333333333333333,OVERSUPPLY,2924.0,0.0
476,1.1,Yellow-S,1048,1060,22.0,76.66666666666667,3.0,2250.0,0.034074074074074076,OVERSUPPLY,2173.3333333333335,0.0
476,1.1,Yellow-S,1048,1060,23.0,27.5,3.0,2250.0,0.012222222222222223,OVERSUPPLY,2222.5,0.0
478,1.1,Yellow-S,1049,1053,5.0,171.5,6.0,4500.0,0.03811111111111111,OVERSUPPLY,4328.5,0.0
478,1.1,Yellow-S,1049,1053,6.0,1128.3333333333333,6.0,4500.0,0.2507407407407407,BALANCED,3371.666666666667,0.0
478,1.1,Yellow-S,1049,1053,7.0,933.1666666666666,6.0,4500.0,0.20737037037037037,BALANCED,3566.8333333333335,0.0
478,1.1,Yellow-S,1049,1053,8.0,885.6666666666666,6.0,4500.0,0.1968148148148148,OVERSUPPLY,3614.3333333333335,0.0
478,1.1,Yellow-S,1049,1053,9.0,581.0,6.0,4500.0,0.12911111111111112,OVERSUPPLY,3919.0,0.0
478,1.1,Yellow-S,1049,1053,10.0,245.5,6.0,4500.0,0.05455555555555556,OVERSUPPLY,4254.5,0.0
478,1.1,Yellow-S,1049,1053,11.0,154.83333333333334,6.0,4500.0,0.03440740740740741,OVERSUPPLY,4345.166666666667,0.0
478,1.1,Yellow-S,1049,1053,12.0,116.33333333333333,6.0,4500.0,0.02585185185185185,OVERSUPPLY,4383.666666666667,0.0
478,1.1,Yellow-S,1049,1053,13.0,118.66666666666667,6.0,4500.0,0.02637037037037037,OVERSUPPLY,4381.333333333333,0.0
478,1.1,Yellow-S,1049,1053,14.0,65.33333333333333,6.0,4500.0,0.014518518518518517,OVERSUPPLY,4434.666666666667,0.0
478,1.1,Yellow-S,1049,1053,15.0,82.83333333333333,6.0,4500.0,0.018407407407407407,OVERSUPPLY,4417.166666666667,0.0
478,1.1,Yellow-S,1049,1053,16.0,72.0,6.0,4500.0,0.016,OVERSUPPLY,4428.0,0.0
478,1.1,Yellow-S,1049,1053,17.0,57.666666666666664,6.0,4500.0,0.012814814814814814,OVERSUPPLY,4442.333333333333,0.0
478,1.1,Yellow-S,1049,1053,18.0,57.333333333333336,6.0,4500.0,0.012740740740740742,OVERSUPPLY,4442.666666666667,0.0
478,1.1,Yellow-S,1049,1053,19.0,39.5,6.0,4500.0,0.008777777777777778,OVERSUPPLY,4460.5,0.0
478,1.1,Yellow-S,1049,1053,20.0,28.833333333333332,6.0,4500.0,0.006407407407407407,OVERSUPPLY,4471.166666666667,0.0
478,1.1,Yellow-S,1049,1053,21.0,32.333333333333336,4.0,3000.0,0.010777777777777778,OVERSUPPLY,2967.6666666666665,0.0
478,1.1,Yellow-S,1049,1053,22.0,37.333333333333336,3.0,2250.0,0.016592592592592593,OVERSUPPLY,2212.6666666666665,0.0
478,1.1,Yellow-S,1049,1053,23.0,12.333333333333332,3.0,2250.0,0.005481481481481481,OVERSUPPLY,2237.6666666666665,0.0
480,1.1,Yellow-S,1050,1070,5.0,96.0,6.0,4500.0,0.021333333333333333,OVERSUPPLY,4404.0,0.0
480,1.1,Yellow-S,1050,1070,6.0,698.1666666666666,6.0,4500.0,0.15514814814814815,OVERSUPPLY,3801.8333333333335,0.0
480,1.1,Yellow-S,1050,1070,7.0,583.1666666666666,6.0,4500.0,0.1295925925925926,OVERSUPPLY,3916.8333333333335,0.0
480,1.1,Yellow-S,1050,1070,8.0,554.1666666666666,6.0,4500.0,0.12314814814814815,OVERSUPPLY,3945.8333333333335,0.0
480,1.1,Yellow-S,1050,1070,9.0,365.6666666666667,6.0,4500.0,0.08125925925925927,OVERSUPPLY,4134.333333333333,0.0
480,1.1,Yellow-S,1050,1070,10.0,155.33333333333334,6.0,4500.0,0.03451851851851852,OVERSUPPLY,4344.666666666667,0.0
480,1.1,Yellow-S,1050,1070,11.0,99.33333333333333,6.0,4500.0,0.022074074074074072,OVERSUPPLY,4400.666666666667,0.0
480,1.1,Yellow-S,1050,1070,12.0,73.66666666666667,6.0,4500.0,0.016370370370370372,OVERSUPPLY,4426.333333333333,0.0
480,1.1,Yellow-S,1050,1070,13.0,74.5,6.0,4500.0,0.016555555555555556,OVERSUPPLY,4425.5,0.0
480,1.1,Yellow-S,1050,1070,14.0,47.5,6.0,4500.0,0.010555555555555556,OVERSUPPLY,4452.5,0.0
480,1.1,Yellow-S,1050,1070,15.0,55.833333333333336,6.0,4500.0,0.012407407407407409,OVERSUPPLY,4444.166666666667,0.0
480,1.1,Yellow-S,1050,1070,16.0,55.83333333333333,6.0,4500.0,0.012407407407407407,OVERSUPPLY,4444.166666666667,0.0
480,1.1,Yellow-S,1050,1070,17.0,46.0,6.0,4500.0,0.010222222222222223,OVERSUPPLY,4454.0,0.0
480,1.1,Yellow-S,1050,1070,18.0,41.5,6.0,4500.0,0.009222222222222222,OVERSUPPLY,4458.5,0.0
480,1.1,Yellow-S,1050,1070,19.0,25.833333333333332,6.0,4500.0,0.005740740740740741,OVERSUPPLY,4474.166666666667,0.0
480,1.1,Yellow-S,1050,1070,20.0,16.166666666666668,6.0,4500.0,0.003592592592592593,OVERSUPPLY,4483.833333333333,0.0
480,1.1,Yellow-S,1050,1070,21.0,21.0,4.0,3000.0,0.007,OVERSUPPLY,2979.0,0.0
480,1.1,Yellow-S,1050,1070,22.0,19.833333333333332,3.0,2250.0,0.008814814814814814,OVERSUPPLY,2230.1666666666665,0.0
480,1.1,Yellow-S,1050,1070,23.0,9.5,3.0,2250.0,0.004222222222222222,OVERSUPPLY,2240.5,0.0
482,1.1,Yellow-S,1051,1071,5.0,618.6666666666666,6.0,4500.0,0.13748148148148148,OVERSUPPLY,3881.3333333333335,0.0
482,1.1,Yellow-S,1051,1071,6.0,2505.5,6.0,4500.0,0.5567777777777778,BALANCED,1994.5,0.0
482,1.1,Yellow-S,1051,1071,7.0,4312.166666666667,6.0,4500.0,0.9582592592592594,CROWDED,187.83333333333303,0.0
482,1.1,Yellow-S,1051,1071,8.0,5043.833333333333,6.0,4500.0,1.1208518518518518,UNDERSUPPLY,0.0,543.833333333333
482,1.1,Yellow-S,1051,1071,9.0,2965.6666666666665,6.0,4500.0,0.659037037037037,BALANCED,1534.3333333333335,0.0
482,1.1,Yellow-S,1051,1071,10.0,1372.0,6.0,4500.0,0.3048888888888889,BALANCED,3128.0,0.0
482,1.1,Yellow-S,1051,1071,11.0,655.6666666666666,6.0,4500.0,0.1457037037037037,OVERSUPPLY,3844.3333333333335,0.0
482,1.1,Yellow-S,1051,1071,12.0,459.3333333333333,6.0,4500.0,0.10207407407407407,OVERSUPPLY,4040.6666666666665,0.0
482,1.1,Yellow-S,1051,1071,13.0,360.1666666666667,6.0,4500.0,0.08003703703703705,OVERSUPPLY,4139.833333333333,0.0
482,1.1,Yellow-S,1051,1071,14.0,307.5,6.0,4500.0,0.06833333333333333,OVERSUPPLY,4192.5,0.0
482,1.1,Yellow-S,1051,1071,15.0,307.8333333333333,6.0,4500.0,0.0684074074074074,OVERSUPPLY,4192.166666666667,0.0
482,1.1,Yellow-S,1051,1071,16.0,361.1666666666667,6.0,4500.0,0.08025925925925927,OVERSUPPLY,4138.833333333333,0.0
482,1.1,Yellow-S,1051,1071,17.0,441.3333333333333,6.0,4500.0,0.09807407407407406,OVERSUPPLY,4058.6666666666665,0.0
482,1.1,Yellow-S,1051,1071,18.0,399.8333333333333,6.0,4500.0,0.08885185185185185,OVERSUPPLY,4100.166666666667,0.0
482,1.1,Yellow-S,1051,1071,19.0,214.5,6.0,4500.0,0.04766666666666667,OVERSUPPLY,4285.5,0.0
482,1.1,Yellow-S,1051,1071,20.0,143.16666666666666,6.0,4500.0,0.03181481481481481,OVERSUPPLY,4356.833333333333,0.0
482,1.1,Yellow-S,1051,1071,21.0,103.66666666666667,4.0,3000.0,0.034555555555555555,OVERSUPPLY,2896.3333333333335,0.0
482,1.1,Yellow-S,1051,1071,22.0,112.83333333333333,3.0,2250.0,0.05014814814814814,OVERSUPPLY,2137.1666666666665,0.0
482,1.1,Yellow-S,1051,1071,23.0,36.5,3.0,2250.0,0.01622222222222222,OVERSUPPLY,2213.5,0.0
486,1.1,Yellow-S,1053,1044,5.0,105.16666666666667,6.0,4500.0,0.02337037037037037,OVERSUPPLY,4394.833333333333,0.0
486,1.1,Yellow-S,1053,1044,6.0,719.1666666666666,6.0,4500.0,0.1598148148148148,OVERSUPPLY,3780.8333333333335,0.0
486,1.1,Yellow-S,1053,1044,7.0,608.6666666666666,6.0,4500.0,0.13525925925925925,OVERSUPPLY,3891.3333333333335,0.0
486,1.1,Yellow-S,1053,1044,8.0,582.1666666666666,6.0,4500.0,0.12937037037037036,OVERSUPPLY,3917.8333333333335,0.0
486,1.1,Yellow-S,1053,1044,9.0,367.5,6.0,4500.0,0.08166666666666667,OVERSUPPLY,4132.5,0.0
486,1.1,Yellow-S,1053,1044,10.0,158.33333333333334,6.0,4500.0,0.03518518518518519,OVERSUPPLY,4341.666666666667,0.0
486,1.1,Yellow-S,1053,1044,11.0,99.5,6.0,4500.0,0.022111111111111113,OVERSUPPLY,4400.5,0.0
486,1.1,Yellow-S,1053,1044,12.0,73.83333333333333,6.0,4500.0,0.016407407407407405,OVERSUPPLY,4426.166666666667,0.0
486,1.1,Yellow-S,1053,1044,13.0,79.66666666666667,6.0,4500.0,0.017703703703703704,OVERSUPPLY,4420.333333333333,0.0
486,1.1,Yellow-S,1053,1044,14.0,48.333333333333336,6.0,4500.0,0.010740740740740742,OVERSUPPLY,4451.666666666667,0.0
486,1.1,Yellow-S,1053,1044,15.0,56.0,6.0,4500.0,0.012444444444444444,OVERSUPPLY,4444.0,0.0
486,1.1,Yellow-S,1053,1044,16.0,49.5,6.0,4500.0,0.011,OVERSUPPLY,4450.5,0.0
486,1.1,Yellow-S,1053,1044,17.0,41.833333333333336,6.0,4500.0,0.009296296296296297,OVERSUPPLY,4458.166666666667,0.0
486,1.1,Yellow-S,1053,1044,18.0,40.166666666666664,6.0,4500.0,0.008925925925925926,OVERSUPPLY,4459.833333333333,0.0
486,1.1,Yellow-S,1053,1044,19.0,26.0,6.0,4500.0,0.0057777777777777775,OVERSUPPLY,4474.0,0.0
486,1.1,Yellow-S,1053,1044,20.0,19.333333333333332,6.0,4500.0,0.004296296296296296,OVERSUPPLY,4480.666666666667,0.0
486,1.1,Yellow-S,1053,1044,21.0,20.833333333333332,4.0,3000.0,0.006944444444444444,OVERSUPPLY,2979.1666666666665,0.0
486,1.1,Yellow-S,1053,1044,22.0,21.5,3.0,2250.0,0.009555555555555555,OVERSUPPLY,2228.5,0.0
486,1.1,Yellow-S,1053,1044,23.0,8.166666666666666,3.0,2250.0,0.0036296296296296294,OVERSUPPLY,2241.8333333333335,0.0
488,1.1,Yellow-S,1054,1045,5.0,149.33333333333334,6.0,4500.0,0.033185185185185186,OVERSUPPLY,4350.666666666667,0.0
488,1.1,Yellow-S,1054,1045,6.0,1143.6666666666667,6.0,4500.0,0.2541481481481482,BALANCED,3356.333333333333,0.0
488,1.1,Yellow-S,1054,1045,7.0,1277.0,6.0,4500.0,0.2837777777777778,BALANCED,3223.0,0.0
488,1.1,Yellow-S,1054,1045,8.0,1095.3333333333333,6.0,4500.0,0.24340740740740738,BALANCED,3404.666666666667,0.0
488,1.1,Yellow-S,1054,1045,9.0,693.1666666666666,6.0,4500.0,0.15403703703703703,OVERSUPPLY,3806.8333333333335,0.0
488,1.1,Yellow-S,1054,1045,10.0,298.8333333333333,6.0,4500.0,0.0664074074074074,OVERSUPPLY,4201.166666666667,0.0
488,1.1,Yellow-S,1054,1045,11.0,197.66666666666666,6.0,4500.0,0.043925925925925924,OVERSUPPLY,4302.333333333333,0.0
488,1.1,Yellow-S,1054,1045,12.0,137.66666666666666,6.0,4500.0,0.03059259259259259,OVERSUPPLY,4362.333333333333,0.0
488,1.1,Yellow-S,1054,1045,13.0,137.0,6.0,4500.0,0.030444444444444444,OVERSUPPLY,4363.0,0.0
488,1.1,Yellow-S,1054,1045,14.0,97.5,6.0,4500.0,0.021666666666666667,OVERSUPPLY,4402.5,0.0
488,1.1,Yellow-S,1054,1045,15.0,87.16666666666667,6.0,4500.0,0.01937037037037037,OVERSUPPLY,4412.833333333333,0.0
488,1.1,Yellow-S,1054,1045,16.0,82.0,6.0,4500.0,0.018222222222222223,OVERSUPPLY,4418.0,0.0
488,1.1,Yellow-S,1054,1045,17.0,76.0,6.0,4500.0,0.016888888888888887,OVERSUPPLY,4424.0,0.0
488,1.1,Yellow-S,1054,1045,18.0,65.66666666666667,6.0,4500.0,0.014592592592592595,OVERSUPPLY,4434.333333333333,0.0
488,1.1,Yellow-S,1054,1045,19.0,50.333333333333336,6.0,4500.0,0.011185185185185185,OVERSUPPLY,4449.666666666667,0.0
488,1.1,Yellow-S,1054,1045,20.0,41.166666666666664,6.0,4500.0,0.009148148148148148,OVERSUPPLY,4458.833333333333,0.0
488,1.1,Yellow-S,1054,1045,21.0,33.0,4.0,3000.0,0.011,OVERSUPPLY,2967.0,0.0
488,1.1,Yellow-S,1054,1045,22.0,49.0,3.0,2250.0,0.021777777777777778,OVERSUPPLY,2201.0,0.0
488,1.1,Yellow-S,1054,1045,23.0,11.5,3.0,2250.0,0.005111111111111111,OVERSUPPLY,2238.5,0.0
490,1.1,Yellow-S,1055,1017,5.0,107.33333333333333,6.0,4500.0,0.02385185185185185,OVERSUPPLY,4392.666666666667,0.0
490,1.1,Yellow-S,1055,1017,6.0,928.8333333333334,6.0,4500.0,0.20640740740740743,BALANCED,3571.1666666666665,0.0
490,1.1,Yellow-S,1055,1017,7.0,1453.0,6.0,4500.0,0.3228888888888889,BALANCED,3047.0,0.0
490,1.1,Yellow-S,1055,1017,8.0,1593.1666666666667,6.0,4500.0,0.35403703703703704,BALANCED,2906.833333333333,0.0
490,1.1,Yellow-S,1055,1017,9.0,1155.0,6.0,4500.0,0.25666666666666665,BALANCED,3345.0,0.0
490,1.1,Yellow-S,1055,1017,10.0,708.0,6.0,4500.0,0.15733333333333333,OVERSUPPLY,3792.0,0.0
490,1.1,Yellow-S,1055,1017,11.0,519.8333333333334,6.0,4500.0,0.11551851851851852,OVERSUPPLY,3980.1666666666665,0.0
490,1.1,Yellow-S,1055,1017,12.0,450.8333333333333,6.0,4500.0,0.10018518518518518,OVERSUPPLY,4049.1666666666665,0.0
490,1.1,Yellow-S,1055,1017,13.0,440.6666666666667,6.0,4500.0,0.09792592592592593,OVERSUPPLY,4059.3333333333335,0.0
490,1.1,Yellow-S,1055,1017,14.0,464.5,6.0,4500.0,0.10322222222222223,OVERSUPPLY,4035.5,0.0
490,1.1,Yellow-S,1055,1017,15.0,617.6666666666666,6.0,4500.0,0.13725925925925925,OVERSUPPLY,3882.3333333333335,0.0
490,1.1,Yellow-S,1055,1017,16.0,1101.3333333333333,6.0,4500.0,0.24474074074074073,BALANCED,3398.666666666667,0.0
490,1.1,Yellow-S,1055,1017,17.0,2063.0,6.0,4500.0,0.45844444444444443,BALANCED,2437.0,0.0
490,1.1,Yellow-S,1055,1017,18.0,1692.1666666666667,6.0,4500.0,0.37603703703703706,BALANCED,2807.833333333333,0.0
490,1.1,Yellow-S,1055,1017,19.0,782.5,6.0,4500.0,0.1738888888888889,OVERSUPPLY,3717.5,0.0
490,1.1,Yellow-S,1055,1017,20.0,436.5,6.0,4500.0,0.097,OVERSUPPLY,4063.5,0.0
490,1.1,Yellow-S,1055,1017,21.0,291.6666666666667,4.0,3000.0,0.09722222222222222,OVERSUPPLY,2708.3333333333335,0.0
490,1.1,Yellow-S,1055,1017,22.0,297.3333333333333,3.0,2250.0,0.13214814814814815,OVERSUPPLY,1952.6666666666667,0.0
490,1.1,Yellow-S,1055,1017,23.0,169.5,3.0,2250.0,0.07533333333333334,OVERSUPPLY,2080.5,0.0
492,1.1,Yellow-S,1056,1018,5.0,88.5,6.0,4500.0,0.019666666666666666,OVERSUPPLY,4411.5,0.0
492,1.1,Yellow-S,1056,1018,6.0,470.3333333333333,6.0,4500.0,0.10451851851851851,OVERSUPPLY,4029.6666666666665,0.0
492,1.1,Yellow-S,1056,1018,7.0,927.3333333333334,6.0,4500.0,0.20607407407407408,BALANCED,3572.6666666666665,0.0
492,1.1,Yellow-S,1056,1018,8.0,1112.0,6.0,4500.0,0.24711111111111111,BALANCED,3388.0,0.0
492,1.1,Yellow-S,1056,1018,9.0,799.1666666666666,6.0,4500.0,0.17759259259259258,OVERSUPPLY,3700.8333333333335,0.0
492,1.1,Yellow-S,1056,1018,10.0,490.5,6.0,4500.0,0.109,OVERSUPPLY,4009.5,0.0
492,1.1,Yellow-S,1056,1018,11.0,363.3333333333333,6.0,4500.0,0.08074074074074074,OVERSUPPLY,4136.666666666667,0.0
492,1.1,Yellow-S,1056,1018,12.0,334.3333333333333,6.0,4500.0,0.07429629629629629,OVERSUPPLY,4165.666666666667,0.0
492,1.1,Yellow-S,1056,1018,13.0,332.1666666666667,6.0,4500.0,0.07381481481481482,OVERSUPPLY,4167.833333333333,0.0
492,1.1,Yellow-S,1056,1018,14.0,388.3333333333333,6.0,4500.0,0.08629629629629629,OVERSUPPLY,4111.666666666667,0.0
492,1.1,Yellow-S,1056,1018,15.0,537.8333333333334,6.0,4500.0,0.11951851851851852,OVERSUPPLY,3962.1666666666665,0.0
492,1.1,Yellow-S,1056,1018,16.0,1010.3333333333333,6.0,4500.0,0.2245185185185185,BALANCED,3489.666666666667,0.0
492,1.1,Yellow-S,1056,1018,17.0,1950.6666666666667,6.0,4500.0,0.4334814814814815,BALANCED,2549.333333333333,0.0
492,1.1,Yellow-S,1056,1018,18.0,1566.5,6.0,4500.0,0.3481111111111111,BALANCED,2933.5,0.0
492,1.1,Yellow-S,1056,1018,19.0,704.0,6.0,4500.0,0.15644444444444444,OVERSUPPLY,3796.0,0.0
492,1.1,Yellow-S,1056,1018,20.0,370.6666666666667,6.0,4500.0,0.08237037037037037,OVERSUPPLY,4129.333333333333,0.0
492,1.1,Yellow-S,1056,1018,21.0,242.5,4.0,3000.0,0.08083333333333333,OVERSUPPLY,2757.5,0.0
492,1.1,Yellow-S,1056,1018,22.0,252.83333333333334,3.0,2250.0,0.11237037037037037,OVERSUPPLY,1997.1666666666667,0.0
492,1.1,Yellow-S,1056,1018,23.0,155.33333333333334,3.0,2250.0,0.06903703703703704,OVERSUPPLY,2094.6666666666665,0.0
494,1.1,Yellow-S,1057,1019,5.0,18.5,6.0,4500.0,0.004111111111111111,OVERSUPPLY,4481.5,0.0
494,1.1,Yellow-S,1057,1019,6.0,193.83333333333334,6.0,4500.0,0.04307407407407408,OVERSUPPLY,4306.166666666667,0.0
494,1.1,Yellow-S,1057,1019,7.0,295.8333333333333,6.0,4500.0,0.06574074074074074,OVERSUPPLY,4204.166666666667,0.0
494,1.1,Yellow-S,1057,1019,8.0,282.8333333333333,6.0,4500.0,0.06285185185185185,OVERSUPPLY,4217.166666666667,0.0
494,1.1,Yellow-S,1057,1019,9.0,185.16666666666666,6.0,4500.0,0.04114814814814815,OVERSUPPLY,4314.833333333333,0.0
494,1.1,Yellow-S,1057,1019,10.0,120.5,6.0,4500.0,0.02677777777777778,OVERSUPPLY,4379.5,0.0
494,1.1,Yellow-S,1057,1019,11.0,93.83333333333333,6.0,4500.0,0.02085185185185185,OVERSUPPLY,4406.166666666667,0.0
494,1.1,Yellow-S,1057,1019,12.0,55.833333333333336,6.0,4500.0,0.012407407407407409,OVERSUPPLY,4444.166666666667,0.0
494,1.1,Yellow-S,1057,1019,13.0,49.166666666666664,6.0,4500.0,0.010925925925925926,OVERSUPPLY,4450.833333333333,0.0
494,1.1,Yellow-S,1057,1019,14.0,37.666666666666664,6.0,4500.0,0.00837037037037037,OVERSUPPLY,4462.333333333333,0.0
494,1.1,Yellow-S,1057,1019,15.0,39.333333333333336,6.0,4500.0,0.008740740740740742,OVERSUPPLY,4460.666666666667,0.0
494,1.1,Yellow-S,1057,1019,16.0,51.0,6.0,4500.0,0.011333333333333334,OVERSUPPLY,4449.0,0.0
494,1.1,Yellow-S,1057,1019,17.0,67.16666666666667,6.0,4500.0,0.014925925925925928,OVERSUPPLY,4432.833333333333,0.0
494,1.1,Yellow-S,1057,1019,18.0,70.66666666666667,6.0,4500.0,0.015703703703703706,OVERSUPPLY,4429.333333333333,0.0
494,1.1,Yellow-S,1057,1019,19.0,43.5,6.0,4500.0,0.009666666666666667,OVERSUPPLY,4456.5,0.0
494,1.1,Yellow-S,1057,1019,20.0,37.5,6.0,4500.0,0.008333333333333333,OVERSUPPLY,4462.5,0.0
494,1.1,Yellow-S,1057,1019,21.0,29.666666666666668,4.0,3000.0,0.00988888888888889,OVERSUPPLY,2970.3333333333335,0.0
494,1.1,Yellow-S,1057,1019,22.0,22.166666666666664,3.0,2250.0,0.009851851851851851,OVERSUPPLY,2227.8333333333335,0.0
494,1.1,Yellow-S,1057,1019,23.0,5.833333333333333,3.0,2250.0,0.0025925925925925925,OVERSUPPLY,2244.1666666666665,0.0
496,1.1,Yellow-S,1058,1038,5.0,562.3333333333334,6.0,4500.0,0.12496296296296297,OVERSUPPLY,3937.6666666666665,0.0
496,1.1,Yellow-S,1058,1038,6.0,2648.5,6.0,4500.0,0.5885555555555556,BALANCED,1851.5,0.0
496,1.1,Yellow-S,1058,1038,7.0,4154.666666666667,6.0,4500.0,0.9232592592592593,CROWDED,345.33333333333303,0.0
496,1.1,Yellow-S,1058,1038,8.0,5125.666666666667,6.0,4500.0,1.139037037037037,UNDERSUPPLY,0.0,625.666666666667
496,1.1,Yellow-S,1058,1038,9.0,3150.8333333333335,6.0,4500.0,0.7001851851851852,BALANCED,1349.1666666666665,0.0
496,1.1,Yellow-S,1058,1038,10.0,1467.0,6.0,4500.0,0.326,BALANCED,3033.0,0.0
496,1.1,Yellow-S,1058,1038,11.0,720.5,6.0,4500.0,0.16011111111111112,OVERSUPPLY,3779.5,0.0
496,1.1,Yellow-S,1058,1038,12.0,509.6666666666667,6.0,4500.0,0.11325925925925927,OVERSUPPLY,3990.3333333333335,0.0
496,1.1,Yellow-S,1058,1038,13.0,404.1666666666667,6.0,4500.0,0.08981481481481482,OVERSUPPLY,4095.8333333333335,0.0
496,1.1,Yellow-S,1058,1038,14.0,327.0,6.0,4500.0,0.07266666666666667,OVERSUPPLY,4173.0,0.0
496,1.1,Yellow-S,1058,1038,15.0,327.6666666666667,6.0,4500.0,0.07281481481481482,OVERSUPPLY,4172.333333333333,0.0
496,1.1,Yellow-S,1058,1038,16.0,434.3333333333333,6.0,4500.0,0.09651851851851852,OVERSUPPLY,4065.6666666666665,0.0
496,1.1,Yellow-S,1058,1038,17.0,555.0,6.0,4500.0,0.12333333333333334,OVERSUPPLY,3945.0,0.0
496,1.1,Yellow-S,1058,1038,18.0,501.3333333333333,6.0,4500.0,0.1114074074074074,OVERSUPPLY,3998.6666666666665,0.0
496,1.1,Yellow-S,1058,1038,19.0,284.5,6.0,4500.0,0.06322222222222222,OVERSUPPLY,4215.5,0.0
496,1.1,Yellow-S,1058,1038,20.0,172.0,6.0,4500.0,0.03822222222222222,OVERSUPPLY,4328.0,0.0
496,1.1,Yellow-S,1058,1038,21.0,126.16666666666667,4.0,3000.0,0.042055555555555554,OVERSUPPLY,2873.8333333333335,0.0
496,1.1,Yellow-S,1058,1038,22.0,129.16666666666666,3.0,2250.0,0.0574074074074074,OVERSUPPLY,2120.8333333333335,0.0
496,1.1,Yellow-S,1058,1038,23.0,48.166666666666664,3.0,2250.0,0.021407407407407406,OVERSUPPLY,2201.8333333333335,0.0
498,1.1,Yellow-S,1059,1039,5.0,22.833333333333336,6.0,4500.0,0.005074074074074075,OVERSUPPLY,4477.166666666667,0.0
498,1.1,Yellow-S,1059,1039,6.0,100.66666666666667,6.0,4500.0,0.02237037037037037,OVERSUPPLY,4399.333333333333,0.0
498,1.1,Yellow-S,1059,1039,7.0,311.8333333333333,6.0,4500.0,0.06929629629629629,OVERSUPPLY,4188.166666666667,0.0
498,1.1,Yellow-S,1059,1039,8.0,565.3333333333334,6.0,4500.0,0.12562962962962965,OVERSUPPLY,3934.6666666666665,0.0
498,1.1,Yellow-S,1059,1039,9.0,404.5,6.0,4500.0,0.0898888888888889,OVERSUPPLY,4095.5,0.0
498,1.1,Yellow-S,1059,1039,10.0,194.83333333333331,6.0,4500.0,0.04329629629629629,OVERSUPPLY,4305.166666666667,0.0
498,1.1,Yellow-S,1059,1039,11.0,111.0,6.0,4500.0,0.024666666666666667,OVERSUPPLY,4389.0,0.0
498,1.1,Yellow-S,1059,1039,12.0,89.0,6.0,4500.0,0.019777777777777776,OVERSUPPLY,4411.0,0.0
498,1.1,Yellow-S,1059,1039,13.0,61.666666666666664,6.0,4500.0,0.013703703703703702,OVERSUPPLY,4438.333333333333,0.0
498,1.1,Yellow-S,1059,1039,14.0,53.0,6.0,4500.0,0.011777777777777778,OVERSUPPLY,4447.0,0.0
498,1.1,Yellow-S,1059,1039,15.0,59.833333333333336,6.0,4500.0,0.013296296296296297,OVERSUPPLY,4440.166666666667,0.0
498,1.1,Yellow-S,1059,1039,16.0,87.33333333333333,6.0,4500.0,0.019407407407407408,OVERSUPPLY,4412.666666666667,0.0
498,1.1,Yellow-S,1059,1039,17.0,124.0,6.0,4500.0,0.027555555555555555,OVERSUPPLY,4376.0,0.0
498,1.1,Yellow-S,1059,1039,18.0,99.16666666666667,6.0,4500.0,0.02203703703703704,OVERSUPPLY,4400.833333333333,0.0
498,1.1,Yellow-S,1059,1039,19.0,64.33333333333333,6.0,4500.0,0.014296296296296295,OVERSUPPLY,4435.666666666667,0.0
498,1.1,Yellow-S,1059,1039,20.0,31.833333333333332,6.0,4500.0,0.007074074074074074,OVERSUPPLY,4468.166666666667,0.0
498,1.1,Yellow-S,1059,1039,21.0,26.833333333333332,4.0,3000.0,0.008944444444444444,OVERSUPPLY,2973.1666666666665,0.0
498,1.1,Yellow-S,1059,1039,22.0,26.5,3.0,2250.0,0.011777777777777778,OVERSUPPLY,2223.5,0.0
498,1.1,Yellow-S,1059,1039,23.0,10.833333333333332,3.0,2250.0,0.004814814814814814,OVERSUPPLY,2239.1666666666665,0.0
500,1.1,Yellow-S,1060,1040,5.0,402.1666666666667,6.0,4500.0,0.08937037037037038,OVERSUPPLY,4097.833333333333,0.0
500,1.1,Yellow-S,1060,1040,6.0,1489.1666666666667,6.0,4500.0,0.33092592592592596,BALANCED,3010.833333333333,0.0
500,1.1,Yellow-S,1060,1040,7.0,3076.5,6.0,4500.0,0.6836666666666666,BALANCED,1423.5,0.0
500,1.1,Yellow-S,1060,1040,8.0,3824.333333333333,6.0,4500.0,0.8498518518518517,CROWDED,675.666666666667,0.0
500,1.1,Yellow-S,1060,1040,9.0,2226.3333333333335,6.0,4500.0,0.49474074074074076,BALANCED,2273.6666666666665,0.0
500,1.1,Yellow-S,1060,1040,10.0,1054.5,6.0,4500.0,0.23433333333333334,BALANCED,3445.5,0.0
500,1.1,Yellow-S,1060,1040,11.0,485.1666666666667,6.0,4500.0,0.10781481481481482,OVERSUPPLY,4014.8333333333335,0.0
500,1.1,Yellow-S,1060,1040,12.0,334.3333333333333,6.0,4500.0,0.07429629629629629,OVERSUPPLY,4165.666666666667,0.0
500,1.1,Yellow-S,1060,1040,13.0,251.16666666666666,6.0,4500.0,0.05581481481481481,OVERSUPPLY,4248.833333333333,0.0
500,1.1,Yellow-S,1060,1040,14.0,224.33333333333334,6.0,4500.0,0.049851851851851856,OVERSUPPLY,4275.666666666667,0.0
500,1.1,Yellow-S,1060,1040,15.0,213.83333333333334,6.0,4500.0,0.04751851851851852,OVERSUPPLY,4286.166666666667,0.0
500,1.1,Yellow-S,1060,1040,16.0,301.6666666666667,6.0,4500.0,0.06703703703703705,OVERSUPPLY,4198.333333333333,0.0
500,1.1,Yellow-S,1060,1040,17.0,395.0,6.0,4500.0,0.08777777777777777,OVERSUPPLY,4105.0,0.0
500,1.1,Yellow-S,1060,1040,18.0,359.1666666666667,6.0,4500.0,0.07981481481481482,OVERSUPPLY,4140.833333333333,0.0
500,1.1,Yellow-S,1060,1040,19.0,189.83333333333334,6.0,4500.0,0.04218518518518519,OVERSUPPLY,4310.166666666667,0.0
500,1.1,Yellow-S,1060,1040,20.0,118.16666666666667,6.0,4500.0,0.02625925925925926,OVERSUPPLY,4381.833333333333,0.0
500,1.1,Yellow-S,1060,1040,21.0,71.33333333333333,4.0,3000.0,0.023777777777777776,OVERSUPPLY,2928.6666666666665,0.0
500,1.1,Yellow-S,1060,1040,22.0,73.0,3.0,2250.0,0.03244444444444444,OVERSUPPLY,2177.0,0.0
500,1.1,Yellow-S,1060,1040,23.0,26.666666666666664,3.0,2250.0,0.011851851851851851,OVERSUPPLY,2223.3333333333335,0.0
502,1.1,Yellow-S,1061,1064,5.0,3.8333333333333335,6.0,4500.0,0.0008518518518518519,OVERSUPPLY,4496.166666666667,0.0
502,1.1,Yellow-S,1061,1064,6.0,213.16666666666666,6.0,4500.0,0.04737037037037037,OVERSUPPLY,4286.833333333333,0.0
502,1.1,Yellow-S,1061,1064,7.0,295.8333333333333,6.0,4500.0,0.06574074074074074,OVERSUPPLY,4204.166666666667,0.0
502,1.1,Yellow-S,1061,1064,8.0,294.0,6.0,4500.0,0.06533333333333333,OVERSUPPLY,4206.0,0.0
502,1.1,Yellow-S,1061,1064,9.0,272.8333333333333,6.0,4500.0,0.060629629629629624,OVERSUPPLY,4227.166666666667,0.0
502,1.1,Yellow-S,1061,1064,10.0,234.5,6.0,4500.0,0.05211111111111111,OVERSUPPLY,4265.5,0.0
502,1.1,Yellow-S,1061,1064,11.0,239.0,6.0,4500.0,0.05311111111111111,OVERSUPPLY,4261.0,0.0
502,1.1,Yellow-S,1061,1064,12.0,201.16666666666666,6.0,4500.0,0.044703703703703704,OVERSUPPLY,4298.833333333333,0.0
502,1.1,Yellow-S,1061,1064,13.0,163.83333333333334,6.0,4500.0,0.03640740740740741,OVERSUPPLY,4336.166666666667,0.0
502,1.1,Yellow-S,1061,1064,14.0,181.5,6.0,4500.0,0.04033333333333333,OVERSUPPLY,4318.5,0.0
502,1.1,Yellow-S,1061,1064,15.0,151.33333333333334,6.0,4500.0,0.033629629629629634,OVERSUPPLY,4348.666666666667,0.0
502,1.1,Yellow-S,1061,1064,16.0,179.83333333333334,6.0,4500.0,0.039962962962962964,OVERSUPPLY,4320.166666666667,0.0
502,1.1,Yellow-S,1061,1064,17.0,188.16666666666666,6.0,4500.0,0.04181481481481481,OVERSUPPLY,4311.833333333333,0.0
502,1.1,Yellow-S,1061,1064,18.0,165.16666666666666,6.0,4500.0,0.036703703703703704,OVERSUPPLY,4334.833333333333,0.0
502,1.1,Yellow-S,1061,1064,19.0,135.16666666666666,6.0,4500.0,0.030037037037037036,OVERSUPPLY,4364.833333333333,0.0
502,1.1,Yellow-S,1061,1064,20.0,139.83333333333334,6.0,4500.0,0.031074074074074077,OVERSUPPLY,4360.166666666667,0.0
502,1.1,Yellow-S,1061,1064,21.0,110.16666666666667,4.0,3000.0,0.036722222222222226,OVERSUPPLY,2889.8333333333335,0.0
502,1.1,Yellow-S,1061,1064,22.0,72.0,3.0,2250.0,0.032,OVERSUPPLY,2178.0,0.0
502,1.1,Yellow-S,1061,1064,23.0,15.0,3.0,2250.0,0.006666666666666667,OVERSUPPLY,2235.0,0.0
504,1.1,Yellow-S,1062,1065,6.0,114.5,6.0,4500.0,0.025444444444444443,OVERSUPPLY,4385.5,0.0
504,1.1,Yellow-S,1062,1065,7.0,188.33333333333334,6.0,4500.0,0.041851851851851855,OVERSUPPLY,4311.666666666667,0.0
504,1.1,Yellow-S,1062,1065,8.0,207.66666666666666,6.0,4500.0,0.046148148148148146,OVERSUPPLY,4292.333333333333,0.0
504,1.1,Yellow-S,1062,1065,9.0,196.33333333333334,6.0,4500.0,0.04362962962962963,OVERSUPPLY,4303.666666666667,0.0
504,1.1,Yellow-S,1062,1065,10.0,167.5,6.0,4500.0,0.03722222222222222,OVERSUPPLY,4332.5,0.0
504,1.1,Yellow-S,1062,1065,11.0,172.0,6.0,4500.0,0.03822222222222222,OVERSUPPLY,4328.0,0.0
504,1.1,Yellow-S,1062,1065,12.0,151.33333333333334,6.0,4500.0,0.033629629629629634,OVERSUPPLY,4348.666666666667,0.0
504,1.1,Yellow-S,1062,1065,13.0,118.83333333333333,6.0,4500.0,0.026407407407407407,OVERSUPPLY,4381.166666666667,0.0
504,1.1,Yellow-S,1062,1065,14.0,153.16666666666666,6.0,4500.0,0.03403703703703703,OVERSUPPLY,4346.833333333333,0.0
504,1.1,Yellow-S,1062,1065,15.0,119.5,6.0,4500.0,0.026555555555555554,OVERSUPPLY,4380.5,0.0
504,1.1,Yellow-S,1062,1065,16.0,149.5,6.0,4500.0,0.03322222222222222,OVERSUPPLY,4350.5,0.0
504,1.1,Yellow-S,1062,1065,17.0,156.33333333333334,6.0,4500.0,0.034740740740740746,OVERSUPPLY,4343.666666666667,0.0
504,1.1,Yellow-S,1062,1065,18.0,135.16666666666666,6.0,4500.0,0.030037037037037036,OVERSUPPLY,4364.833333333333,0.0
504,1.1,Yellow-S,1062,1065,19.0,103.0,6.0,4500.0,0.02288888888888889,OVERSUPPLY,4397.0,0.0
504,1.1,Yellow-S,1062,1065,20.0,100.5,6.0,4500.0,0.022333333333333334,OVERSUPPLY,4399.5,0.0
504,1.1,Yellow-S,1062,1065,21.0,77.0,4.0,3000.0,0.025666666666666667,OVERSUPPLY,2923.0,0.0
504,1.1,Yellow-S,1062,1065,22.0,45.5,3.0,2250.0,0.02022222222222222,OVERSUPPLY,2204.5,0.0
504,1.1,Yellow-S,1062,1065,23.0,10.666666666666666,3.0,2250.0,0.004740740740740741,OVERSUPPLY,2239.3333333333335,0.0
506,1.1,Yellow-S,1063,1066,6.0,50.66666666666667,6.0,4500.0,0.01125925925925926,OVERSUPPLY,4449.333333333333,0.0
506,1.1,Yellow-S,1063,1066,7.0,50.66666666666667,6.0,4500.0,0.01125925925925926,OVERSUPPLY,4449.333333333333,0.0
506,1.1,Yellow-S,1063,1066,8.0,53.16666666666667,6.0,4500.0,0.011814814814814816,OVERSUPPLY,4446.833333333333,0.0
506,1.1,Yellow-S,1063,1066,9.0,47.66666666666667,6.0,4500.0,0.010592592592592594,OVERSUPPLY,4452.333333333333,0.0
506,1.1,Yellow-S,1063,1066,10.0,40.666666666666664,6.0,4500.0,0.009037037037037036,OVERSUPPLY,4459.333333333333,0.0
506,1.1,Yellow-S,1063,1066,11.0,40.166666666666664,6.0,4500.0,0.008925925925925926,OVERSUPPLY,4459.833333333333,0.0
506,1.1,Yellow-S,1063,1066,12.0,25.666666666666664,6.0,4500.0,0.005703703703703703,OVERSUPPLY,4474.333333333333,0.0
506,1.1,Yellow-S,1063,1066,13.0,20.333333333333332,6.0,4500.0,0.004518518518518518,OVERSUPPLY,4479.666666666667,0.0
506,1.1,Yellow-S,1063,1066,14.0,15.333333333333332,6.0,4500.0,0.003407407407407407,OVERSUPPLY,4484.666666666667,0.0
506,1.1,Yellow-S,1063,1066,15.0,15.5,6.0,4500.0,0.0034444444444444444,OVERSUPPLY,4484.5,0.0
506,1.1,Yellow-S,1063,1066,16.0,16.166666666666668,6.0,4500.0,0.003592592592592593,OVERSUPPLY,4483.833333333333,0.0
506,1.1,Yellow-S,1063,1066,17.0,12.333333333333332,6.0,4500.0,0.0027407407407407406,OVERSUPPLY,4487.666666666667,0.0
506,1.1,Yellow-S,1063,1066,18.0,15.833333333333334,6.0,4500.0,0.0035185185185185185,OVERSUPPLY,4484.166666666667,0.0
506,1.1,Yellow-S,1063,1066,19.0,15.666666666666668,6.0,4500.0,0.0034814814814814817,OVERSUPPLY,4484.333333333333,0.0
506,1.1,Yellow-S,1063,1066,20.0,21.5,6.0,4500.0,0.0047777777777777775,OVERSUPPLY,4478.5,0.0
506,1.1,Yellow-S,1063,1066,21.0,19.166666666666668,4.0,3000.0,0.006388888888888889,OVERSUPPLY,2980.8333333333335,0.0
506,1.1,Yellow-S,1063,1066,22.0,11.666666666666668,3.0,2250.0,0.005185185185185186,OVERSUPPLY,2238.3333333333335,0.0
506,1.1,Yellow-S,1063,1066,23.0,1.8333333333333333,3.0,2250.0,0.0008148148148148148,OVERSUPPLY,2248.1666666666665,0.0
511,1.1,Yellow-S,1067,1061,6.0,279.6666666666667,6.0,4500.0,0.062148148148148154,OVERSUPPLY,4220.333333333333,0.0
511,1.1,Yellow-S,1067,1061,7.0,394.1666666666667,6.0,4500.0,0.0875925925925926,OVERSUPPLY,4105.833333333333,0.0
511,1.1,Yellow-S,1067,1061,8.0,392.6666666666667,6.0,4500.0,0.08725925925925926,OVERSUPPLY,4107.333333333333,0.0
511,1.1,Yellow-S,1067,1061,9.0,326.6666666666667,6.0,4500.0,0.0725925925925926,OVERSUPPLY,4173.333333333333,0.0
511,1.1,Yellow-S,1067,1061,10.0,269.3333333333333,6.0,4500.0,0.05985185185185185,OVERSUPPLY,4230.666666666667,0.0
511,1.1,Yellow-S,1067,1061,11.0,266.3333333333333,6.0,4500.0,0.05918518518518518,OVERSUPPLY,4233.666666666667,0.0
511,1.1,Yellow-S,1067,1061,12.0,234.16666666666666,6.0,4500.0,0.052037037037037034,OVERSUPPLY,4265.833333333333,0.0
511,1.1,Yellow-S,1067,1061,13.0,206.16666666666666,6.0,4500.0,0.045814814814814815,OVERSUPPLY,4293.833333333333,0.0
511,1.1,Yellow-S,1067,1061,14.0,235.16666666666666,6.0,4500.0,0.052259259259259255,OVERSUPPLY,4264.833333333333,0.0
511,1.1,Yellow-S,1067,1061,15.0,236.0,6.0,4500.0,0.052444444444444446,OVERSUPPLY,4264.0,0.0
511,1.1,Yellow-S,1067,1061,16.0,366.6666666666667,6.0,4500.0,0.08148148148148149,OVERSUPPLY,4133.333333333333,0.0
511,1.1,Yellow-S,1067,1061,17.0,527.1666666666666,6.0,4500.0,0.11714814814814814,OVERSUPPLY,3972.8333333333335,0.0
511,1.1,Yellow-S,1067,1061,18.0,470.3333333333333,6.0,4500.0,0.10451851851851851,OVERSUPPLY,4029.6666666666665,0.0
511,1.1,Yellow-S,1067,1061,19.0,282.5,6.0,4500.0,0.06277777777777778,OVERSUPPLY,4217.5,0.0
511,1.1,Yellow-S,1067,1061,20.0,198.5,6.0,4500.0,0.04411111111111111,OVERSUPPLY,4301.5,0.0
511,1.1,Yellow-S,1067,1061,21.0,147.16666666666666,4.0,3000.0,0.049055555555555554,OVERSUPPLY,2852.8333333333335,0.0
511,1.1,Yellow-S,1067,1061,22.0,105.33333333333333,3.0,2250.0,0.046814814814814816,OVERSUPPLY,2144.6666666666665,0.0
511,1.1,Yellow-S,1067,1061,23.0,29.666666666666668,3.0,2250.0,0.013185185185185185,OVERSUPPLY,2220.3333333333335,0.0
513,1.1,Yellow-S,1068,1062,6.0,155.33333333333334,6.0,4500.0,0.03451851851851852,OVERSUPPLY,4344.666666666667,0.0
513,1.1,Yellow-S,1068,1062,7.0,255.66666666666666,6.0,4500.0,0.05681481481481481,OVERSUPPLY,4244.333333333333,0.0
513,1.1,Yellow-S,1068,1062,8.0,284.1666666666667,6.0,4500.0,0.06314814814814815,OVERSUPPLY,4215.833333333333,0.0
513,1.1,Yellow-S,1068,1062,9.0,240.0,6.0,4500.0,0.05333333333333334,OVERSUPPLY,4260.0,0.0
513,1.1,Yellow-S,1068,1062,10.0,201.66666666666666,6.0,4500.0,0.044814814814814814,OVERSUPPLY,4298.333333333333,0.0
513,1.1,Yellow-S,1068,1062,11.0,201.83333333333334,6.0,4500.0,0.04485185185185185,OVERSUPPLY,4298.166666666667,0.0
513,1.1,Yellow-S,1068,1062,12.0,188.16666666666666,6.0,4500.0,0.04181481481481481,OVERSUPPLY,4311.833333333333,0.0
513,1.1,Yellow-S,1068,1062,13.0,164.33333333333334,6.0,4500.0,0.03651851851851852,OVERSUPPLY,4335.666666666667,0.0
513,1.1,Yellow-S,1068,1062,14.0,207.66666666666666,6.0,4500.0,0.046148148148148146,OVERSUPPLY,4292.333333333333,0.0
513,1.1,Yellow-S,1068,1062,15.0,208.16666666666666,6.0,4500.0,0.04625925925925926,OVERSUPPLY,4291.833333333333,0.0
513,1.1,Yellow-S,1068,1062,16.0,337.6666666666667,6.0,4500.0,0.07503703703703704,OVERSUPPLY,4162.333333333333,0.0
513,1.1,Yellow-S,1068,1062,17.0,502.83333333333337,6.0,4500.0,0.11174074074074075,OVERSUPPLY,3997.1666666666665,0.0
513,1.1,Yellow-S,1068,1062,18.0,441.0,6.0,4500.0,0.098,OVERSUPPLY,4059.0,0.0
513,1.1,Yellow-S,1068,1062,19.0,255.0,6.0,4500.0,0.056666666666666664,OVERSUPPLY,4245.0,0.0
513,1.1,Yellow-S,1068,1062,20.0,164.16666666666666,6.0,4500.0,0.03648148148148148,OVERSUPPLY,4335.833333333333,0.0
513,1.1,Yellow-S,1068,1062,21.0,115.66666666666667,4.0,3000.0,0.03855555555555556,OVERSUPPLY,2884.3333333333335,0.0
513,1.1,Yellow-S,1068,1062,22.0,81.5,3.0,2250.0,0.036222222222222225,OVERSUPPLY,2168.5,0.0
513,1.1,Yellow-S,1068,1062,23.0,24.666666666666668,3.0,2250.0,0.010962962962962964,OVERSUPPLY,2225.3333333333335,0.0
515,1.1,Yellow-S,1069,1063,6.0,60.66666666666667,6.0,4500.0,0.013481481481481483,OVERSUPPLY,4439.333333333333,0.0
515,1.1,Yellow-S,1069,1063,7.0,64.66666666666667,6.0,4500.0,0.014370370370370372,OVERSUPPLY,4435.333333333333,0.0
515,1.1,Yellow-S,1069,1063,8.0,64.0,6.0,4500.0,0.014222222222222223,OVERSUPPLY,4436.0,0.0
515,1.1,Yellow-S,1069,1063,9.0,53.333333333333336,6.0,4500.0,0.011851851851851853,OVERSUPPLY,4446.666666666667,0.0
515,1.1,Yellow-S,1069,1063,10.0,45.833333333333336,6.0,4500.0,0.010185185185185186,OVERSUPPLY,4454.166666666667,0.0
515,1.1,Yellow-S,1069,1063,11.0,42.833333333333336,6.0,4500.0,0.00951851851851852,OVERSUPPLY,4457.166666666667,0.0
515,1.1,Yellow-S,1069,1063,12.0,26.166666666666668,6.0,4500.0,0.005814814814814815,OVERSUPPLY,4473.833333333333,0.0
515,1.1,Yellow-S,1069,1063,13.0,21.833333333333332,6.0,4500.0,0.004851851851851852,OVERSUPPLY,4478.166666666667,0.0
515,1.1,Yellow-S,1069,1063,14.0,16.333333333333332,6.0,4500.0,0.0036296296296296294,OVERSUPPLY,4483.666666666667,0.0
515,1.1,Yellow-S,1069,1063,15.0,16.5,6.0,4500.0,0.0036666666666666666,OVERSUPPLY,4483.5,0.0
515,1.1,Yellow-S,1069,1063,16.0,18.166666666666668,6.0,4500.0,0.004037037037037037,OVERSUPPLY,4481.833333333333,0.0
515,1.1,Yellow-S,1069,1063,17.0,14.5,6.0,4500.0,0.0032222222222222222,OVERSUPPLY,4485.5,0.0
515,1.1,Yellow-S,1069,1063,18.0,18.333333333333336,6.0,4500.0,0.004074074074074075,OVERSUPPLY,4481.666666666667,0.0
515,1.1,Yellow-S,1069,1063,19.0,17.666666666666668,6.0,4500.0,0.0039259259259259265,OVERSUPPLY,4482.333333333333,0.0
515,1.1,Yellow-S,1069,1063,20.0,22.0,6.0,4500.0,0.004888888888888889,OVERSUPPLY,4478.0,0.0
515,1.1,Yellow-S,1069,1063,21.0,20.333333333333332,4.0,3000.0,0.0067777777777777775,OVERSUPPLY,2979.6666666666665,0.0
515,1.1,Yellow-S,1069,1063,22.0,12.166666666666668,3.0,2250.0,0.005407407407407408,OVERSUPPLY,2237.8333333333335,0.0
515,1.1,Yellow-S,1069,1063,23.0,2.0,3.0,2250.0,0.0008888888888888889,OVERSUPPLY,2248.0,0.0
517,1.1,Yellow-S,1070,1035,5.0,82.5,6.0,4500.0,0.018333333333333333,OVERSUPPLY,4417.5,0.0
517,1.1,Yellow-S,1070,1035,6.0,667.8333333333334,6.0,4500.0,0.1484074074074074,OVERSUPPLY,3832.1666666666665,0.0
517,1.1,Yellow-S,1070,1035,7.0,509.1666666666667,6.0,4500.0,0.11314814814814815,OVERSUPPLY,3990.8333333333335,0.0
517,1.1,Yellow-S,1070,1035,8.0,502.0,6.0,4500.0,0.11155555555555556,OVERSUPPLY,3998.0,0.0
517,1.1,Yellow-S,1070,1035,9.0,337.3333333333333,6.0,4500.0,0.07496296296296295,OVERSUPPLY,4162.666666666667,0.0
517,1.1,Yellow-S,1070,1035,10.0,139.66666666666666,6.0,4500.0,0.031037037037037037,OVERSUPPLY,4360.333333333333,0.0
517,1.1,Yellow-S,1070,1035,11.0,83.33333333333333,6.0,4500.0,0.018518518518518517,OVERSUPPLY,4416.666666666667,0.0
517,1.1,Yellow-S,1070,1035,12.0,60.166666666666664,6.0,4500.0,0.01337037037037037,OVERSUPPLY,4439.833333333333,0.0
517,1.1,Yellow-S,1070,1035,13.0,63.0,6.0,4500.0,0.014,OVERSUPPLY,4437.0,0.0
517,1.1,Yellow-S,1070,1035,14.0,38.0,6.0,4500.0,0.008444444444444444,OVERSUPPLY,4462.0,0.0
517,1.1,Yellow-S,1070,1035,15.0,41.833333333333336,6.0,4500.0,0.009296296296296297,OVERSUPPLY,4458.166666666667,0.0
517,1.1,Yellow-S,1070,1035,16.0,40.166666666666664,6.0,4500.0,0.008925925925925926,OVERSUPPLY,4459.833333333333,0.0
517,1.1,Yellow-S,1070,1035,17.0,32.5,6.0,4500.0,0.007222222222222222,OVERSUPPLY,4467.5,0.0
517,1.1,Yellow-S,1070,1035,18.0,35.666666666666664,6.0,4500.0,0.007925925925925925,OVERSUPPLY,4464.333333333333,0.0
517,1.1,Yellow-S,1070,1035,19.0,22.333333333333332,6.0,4500.0,0.004962962962962962,OVERSUPPLY,4477.666666666667,0.0
517,1.1,Yellow-S,1070,1035,20.0,14.0,6.0,4500.0,0.003111111111111111,OVERSUPPLY,4486.0,0.0
517,1.1,Yellow-S,1070,1035,21.0,18.666666666666668,4.0,3000.0,0.006222222222222223,OVERSUPPLY,2981.3333333333335,0.0
517,1.1,Yellow-S,1070,1035,22.0,18.166666666666668,3.0,2250.0,0.008074074074074074,OVERSUPPLY,2231.8333333333335,0.0
517,1.1,Yellow-S,1070,1035,23.0,7.333333333333333,3.0,2250.0,0.003259259259259259,OVERSUPPLY,2242.6666666666665,0.0
519,1.1,Yellow-S,1071,1036,5.0,720.5,6.0,4500.0,0.16011111111111112,OVERSUPPLY,3779.5,0.0
519,1.1,Yellow-S,1071,1036,6.0,2952.1666666666665,6.0,4500.0,0.656037037037037,BALANCED,1547.8333333333335,0.0
519,1.1,Yellow-S,1071,1036,7.0,5349.833333333333,6.0,4500.0,1.1888518518518518,UNDERSUPPLY,0.0,849.833333333333
519,1.1,Yellow-S,1071,1036,8.0,6389.0,6.0,4500.0,1.4197777777777778,UNDERSUPPLY,0.0,1889.0
519,1.1,Yellow-S,1071,1036,9.0,3830.0,6.0,4500.0,0.8511111111111112,CROWDED,670.0,0.0
519,1.1,Yellow-S,1071,1036,10.0,1746.6666666666667,6.0,4500.0,0.3881481481481482,BALANCED,2753.333333333333,0.0
519,1.1,Yellow-S,1071,1036,11.0,837.3333333333334,6.0,4500.0,0.1860740740740741,OVERSUPPLY,3662.6666666666665,0.0
519,1.1,Yellow-S,1071,1036,12.0,591.5,6.0,4500.0,0.13144444444444445,OVERSUPPLY,3908.5,0.0
519,1.1,Yellow-S,1071,1036,13.0,451.3333333333333,6.0,4500.0,0.10029629629629629,OVERSUPPLY,4048.6666666666665,0.0
519,1.1,Yellow-S,1071,1036,14.0,397.6666666666667,6.0,4500.0,0.08837037037037038,OVERSUPPLY,4102.333333333333,0.0
519,1.1,Yellow-S,1071,1036,15.0,390.8333333333333,6.0,4500.0,0.08685185185185185,OVERSUPPLY,4109.166666666667,0.0
519,1.1,Yellow-S,1071,1036,16.0,511.5,6.0,4500.0,0.11366666666666667,OVERSUPPLY,3988.5,0.0
519,1.1,Yellow-S,1071,1036,17.0,678.1666666666666,6.0,4500.0,0.1507037037037037,OVERSUPPLY,3821.8333333333335,0.0
519,1.1,Yellow-S,1071,1036,18.0,612.6666666666666,6.0,4500.0,0.13614814814814813,OVERSUPPLY,3887.3333333333335,0.0
519,1.1,Yellow-S,1071,1036,19.0,340.0,6.0,4500.0,0.07555555555555556,OVERSUPPLY,4160.0,0.0
519,1.1,Yellow-S,1071,1036,20.0,211.66666666666666,6.0,4500.0,0.04703703703703704,OVERSUPPLY,4288.333333333333,0.0
519,1.1,Yellow-S,1071,1036,21.0,136.66666666666666,4.0,3000.0,0.04555555555555555,OVERSUPPLY,2863.3333333333335,0.0
519,1.1,Yellow-S,1071,1036,22.0,144.16666666666666,3.0,2250.0,0.06407407407407407,OVERSUPPLY,2105.8333333333335,0.0
519,1.1,Yellow-S,1071,1036,23.0,54.0,3.0,2250.0,0.024,OVERSUPPLY,2196.0,0.0
523,1.1,Yellow-S,1073,1029,5.0,1168.1666666666667,6.0,4500.0,0.2595925925925926,BALANCED,3331.833333333333,0.0
523,1.1,Yellow-S,1073,1029,6.0,4446.5,6.0,4500.0,0.9881111111111112,CROWDED,53.5,0.0
523,1.1,Yellow-S,1073,1029,7.0,7707.333333333333,6.0,4500.0,1.7127407407407407,UNDERSUPPLY,0.0,3207.333333333333
523,1.1,Yellow-S,1073,1029,8.0,11700.833333333334,6.0,4500.0,2.600185185185185,UNDERSUPPLY,0.0,7200.833333333334
523,1.1,Yellow-S,1073,1029,9.0,8955.0,6.0,4500.0,1.99,UNDERSUPPLY,0.0,4455.0
523,1.1,Yellow-S,1073,1029,10.0,4245.666666666667,6.0,4500.0,0.9434814814814816,CROWDED,254.33333333333303,0.0
523,1.1,Yellow-S,1073,1029,11.0,2127.3333333333335,6.0,4500.0,0.4727407407407408,BALANCED,2372.6666666666665,0.0
523,1.1,Yellow-S,1073,1029,12.0,1540.0,6.0,4500.0,0.3422222222222222,BALANCED,2960.0,0.0
523,1.1,Yellow-S,1073,1029,13.0,1276.8333333333333,6.0,4500.0,0.28374074074074074,BALANCED,3223.166666666667,0.0
523,1.1,Yellow-S,1073,1029,14.0,1106.3333333333333,6.0,4500.0,0.24585185185185182,BALANCED,3393.666666666667,0.0
523,1.1,Yellow-S,1073,1029,15.0,1125.1666666666667,6.0,4500.0,0.25003703703703706,BALANCED,3374.833333333333,0.0
523,1.1,Yellow-S,1073,1029,16.0,1506.5,6.0,4500.0,0.3347777777777778,BALANCED,2993.5,0.0
523,1.1,Yellow-S,1073,1029,17.0,2421.5,6.0,4500.0,0.5381111111111111,BALANCED,2078.5,0.0
523,1.1,Yellow-S,1073,1029,18.0,1911.6666666666667,6.0,4500.0,0.4248148148148148,BALANCED,2588.333333333333,0.0
523,1.1,Yellow-S,1073,1029,19.0,946.5,6.0,4500.0,0.21033333333333334,BALANCED,3553.5,0.0
523,1.1,Yellow-S,1073,1029,20.0,503.5,6.0,4500.0,0.11188888888888888,OVERSUPPLY,3996.5,0.0
523,1.1,Yellow-S,1073,1029,21.0,393.6666666666667,4.0,3000.0,0.13122222222222224,OVERSUPPLY,2606.3333333333335,0.0
523,1.1,Yellow-S,1073,1029,22.0,423.0,3.0,2250.0,0.188,OVERSUPPLY,1827.0,0.0
523,1.1,Yellow-S,1073,1029,23.0,291.3333333333333,3.0,2250.0,0.12948148148148148,OVERSUPPLY,1958.6666666666667,0.0
525,1.1,Yellow-S,1074,1030,5.0,612.6666666666666,6.0,4500.0,0.13614814814814813,OVERSUPPLY,3887.3333333333335,0.0
525,1.1,Yellow-S,1074,1030,6.0,1919.5,6.0,4500.0,0.4265555555555556,BALANCED,2580.5,0.0
525,1.1,Yellow-S,1074,1030,7.0,3962.6666666666665,6.0,4500.0,0.8805925925925926,CROWDED,537.3333333333335,0.0
525,1.1,Yellow-S,1074,1030,8.0,6570.833333333333,6.0,4500.0,1.460185185185185,UNDERSUPPLY,0.0,2070.833333333333
525,1.1,Yellow-S,1074,1030,9.0,5318.5,6.0,4500.0,1.181888888888889,UNDERSUPPLY,0.0,818.5
525,1.1,Yellow-S,1074,1030,10.0,2569.6666666666665,6.0,4500.0,0.571037037037037,BALANCED,1930.3333333333335,0.0
525,1.1,Yellow-S,1074,1030,11.0,1400.5,6.0,4500.0,0.31122222222222223,BALANCED,3099.5,0.0
525,1.1,Yellow-S,1074,1030,12.0,1070.0,6.0,4500.0,0.23777777777777778,BALANCED,3430.0,0.0
525,1.1,Yellow-S,1074,1030,13.0,896.3333333333334,6.0,4500.0,0.1991851851851852,OVERSUPPLY,3603.6666666666665,0.0
525,1.1,Yellow-S,1074,1030,14.0,805.1666666666666,6.0,4500.0,0.1789259259259259,OVERSUPPLY,3694.8333333333335,0.0
525,1.1,Yellow-S,1074,1030,15.0,843.5,6.0,4500.0,0.18744444444444444,OVERSUPPLY,3656.5,0.0
525,1.1,Yellow-S,1074,1030,16.0,1179.1666666666667,6.0,4500.0,0.26203703703703707,BALANCED,3320.833333333333,0.0
525,1.1,Yellow-S,1074,1030,17.0,1958.3333333333333,6.0,4500.0,0.4351851851851852,BALANCED,2541.666666666667,0.0
525,1.1,Yellow-S,1074,1030,18.0,1510.0,6.0,4500.0,0.33555555555555555,BALANCED,2990.0,0.0
525,1.1,Yellow-S,1074,1030,19.0,745.6666666666666,6.0,4500.0,0.1657037037037037,OVERSUPPLY,3754.3333333333335,0.0
525,1.1,Yellow-S,1074,1030,20.0,376.0,6.0,4500.0,0.08355555555555555,OVERSUPPLY,4124.0,0.0
525,1.1,Yellow-S,1074,1030,21.0,296.8333333333333,4.0,3000.0,0.09894444444444443,OVERSUPPLY,2703.1666666666665,0.0
525,1.1,Yellow-S,1074,1030,22.0,312.3333333333333,3.0,2250.0,0.1388148148148148,OVERSUPPLY,1937.6666666666667,0.0
525,1.1,Yellow-S,1074,1030,23.0,241.83333333333331,3.0,2250.0,0.10748148148148147,OVERSUPPLY,2008.1666666666667,0.0
527,1.1,Yellow-S,1075,1031,5.0,336.5,6.0,4500.0,0.07477777777777778,OVERSUPPLY,4163.5,0.0
527,1.1,Yellow-S,1075,1031,6.0,1169.0,6.0,4500.0,0.2597777777777778,BALANCED,3331.0,0.0
527,1.1,Yellow-S,1075,1031,7.0,2319.1666666666665,6.0,4500.0,0.5153703703703704,BALANCED,2180.8333333333335,0.0
527,1.1,Yellow-S,1075,1031,8.0,3031.5,6.0,4500.0,0.6736666666666666,BALANCED,1468.5,0.0
527,1.1,Yellow-S,1075,1031,9.0,1800.1666666666667,6.0,4500.0,0.4000370370370371,BALANCED,2699.833333333333,0.0
527,1.1,Yellow-S,1075,1031,10.0,885.3333333333334,6.0,4500.0,0.19674074074074074,OVERSUPPLY,3614.6666666666665,0.0
527,1.1,Yellow-S,1075,1031,11.0,387.6666666666667,6.0,4500.0,0.08614814814814815,OVERSUPPLY,4112.333333333333,0.0
527,1.1,Yellow-S,1075,1031,12.0,256.3333333333333,6.0,4500.0,0.05696296296296296,OVERSUPPLY,4243.666666666667,0.0
527,1.1,Yellow-S,1075,1031,13.0,185.66666666666666,6.0,4500.0,0.04125925925925926,OVERSUPPLY,4314.333333333333,0.0
527,1.1,Yellow-S,1075,1031,14.0,158.0,6.0,4500.0,0.035111111111111114,OVERSUPPLY,4342.0,0.0
527,1.1,Yellow-S,1075,1031,15.0,136.83333333333334,6.0,4500.0,0.03040740740740741,OVERSUPPLY,4363.166666666667,0.0
527,1.1,Yellow-S,1075,1031,16.0,182.0,6.0,4500.0,0.04044444444444444,OVERSUPPLY,4318.0,0.0
527,1.1,Yellow-S,1075,1031,17.0,245.66666666666666,6.0,4500.0,0.05459259259259259,OVERSUPPLY,4254.333333333333,0.0
527,1.1,Yellow-S,1075,1031,18.0,213.33333333333334,6.0,4500.0,0.04740740740740741,OVERSUPPLY,4286.666666666667,0.0
527,1.1,Yellow-S,1075,1031,19.0,108.16666666666667,6.0,4500.0,0.024037037037037037,OVERSUPPLY,4391.833333333333,0.0
527,1.1,Yellow-S,1075,1031,20.0,68.0,6.0,4500.0,0.015111111111111112,OVERSUPPLY,4432.0,0.0
527,1.1,Yellow-S,1075,1031,21.0,46.5,4.0,3000.0,0.0155,OVERSUPPLY,2953.5,0.0
527,1.1,Yellow-S,1075,1031,22.0,51.333333333333336,3.0,2250.0,0.022814814814814816,OVERSUPPLY,2198.6666666666665,0.0
527,1.1,Yellow-S,1075,1031,23.0,12.666666666666666,3.0,2250.0,0.005629629629629629,OVERSUPPLY,2237.3333333333335,0.0
535,11.1,Blue-S,1079,1091,5.0,273.6666666666667,3.0,1350.0,0.20271604938271606,BALANCED,1076.3333333333333,0.0
535,11.1,Blue-S,1079,1091,6.0,760.6666666666666,3.0,1350.0,0.5634567901234567,BALANCED,589.3333333333334,0.0
535,11.1,Blue-S,1079,1091,7.0,1513.3333333333333,3.0,1350.0,1.1209876543209876,UNDERSUPPLY,0.0,163.33333333333326
535,11.1,Blue-S,1079,1091,8.0,2120.0,3.0,1350.0,1.5703703703703704,UNDERSUPPLY,0.0,770.0
535,11.1,Blue-S,1079,1091,9.0,1879.3333333333335,3.0,1350.0,1.3920987654320989,UNDERSUPPLY,0.0,529.3333333333335
535,11.1,Blue-S,1079,1091,10.0,939.3333333333334,3.0,1350.0,0.6958024691358025,BALANCED,410.66666666666663,0.0
535,11.1,Blue-S,1079,1091,11.0,332.5,3.0,1350.0,0.2462962962962963,BALANCED,1017.5,0.0
535,11.1,Blue-S,1079,1091,12.0,184.0,3.0,1350.0,0.1362962962962963,OVERSUPPLY,1166.0,0.0
535,11.1,Blue-S,1079,1091,13.0,136.66666666666666,3.0,1350.0,0.10123456790123456,OVERSUPPLY,1213.3333333333333,0.0
535,11.1,Blue-S,1079,1091,14.0,100.5,3.0,1350.0,0.07444444444444444,OVERSUPPLY,1249.5,0.0
535,11.1,Blue-S,1079,1091,15.0,96.66666666666667,3.0,1350.0,0.07160493827160494,OVERSUPPLY,1253.3333333333333,0.0
535,11.1,Blue-S,1079,1091,16.0,119.83333333333333,3.0,1350.0,0.08876543209876543,OVERSUPPLY,1230.1666666666667,0.0
535,11.1,Blue-S,1079,1091,17.0,256.1666666666667,3.0,1350.0,0.1897530864197531,OVERSUPPLY,1093.8333333333333,0.0
535,11.1,Blue-S,1079,1091,18.0,277.6666666666667,3.0,1350.0,0.20567901234567904,BALANCED,1072.3333333333333,0.0
535,11.1,Blue-S,1079,1091,19.0,103.83333333333333,3.0,1350.0,0.07691358024691358,OVERSUPPLY,1246.1666666666667,0.0
535,11.1,Blue-S,1079,1091,20.0,56.0,3.0,1350.0,0.04148148148148148,OVERSUPPLY,1294.0,0.0
535,11.1,Blue-S,1079,1091,21.0,44.333333333333336,2.0,900.0,0.04925925925925926,OVERSUPPLY,855.6666666666666,0.0
535,11.1,Blue-S,1079,1091,22.0,41.666666666666664,3.0,1350.0,0.030864197530864196,OVERSUPPLY,1308.3333333333333,0.0
535,11.1,Blue-S,1079,1091,23.0,14.5,3.0,1350.0,0.01074074074074074,OVERSUPPLY,1335.5,0.0
537,11.1,Blue-S,1080,1079,5.0,379.1666666666667,3.0,1350.0,0.2808641975308642,BALANCED,970.8333333333333,0.0
537,11.1,Blue-S,1080,1079,6.0,1195.8333333333333,3.0,1350.0,0.8858024691358024,CROWDED,154.16666666666674,0.0
537,11.1,Blue-S,1080,1079,7.0,2407.5,3.0,1350.0,1.7833333333333334,UNDERSUPPLY,0.0,1057.5
537,11.1,Blue-S,1080,1079,8.0,3286.8333333333335,3.0,1350.0,2.4346913580246916,UNDERSUPPLY,0.0,1936.8333333333335
537,11.1,Blue-S,1080,1079,9.0,2801.3333333333335,3.0,1350.0,2.075061728395062,UNDERSUPPLY,0.0,1451.3333333333335
537,11.1,Blue-S,1080,1079,10.0,1342.1666666666667,3.0,1350.0,0.9941975308641976,CROWDED,7.8333333333332575,0.0
537,11.1,Blue-S,1080,1079,11.0,509.5,3.0,1350.0,0.3774074074074074,BALANCED,840.5,0.0
537,11.1,Blue-S,1080,1079,12.0,314.3333333333333,3.0,1350.0,0.2328395061728395,BALANCED,1035.6666666666667,0.0
537,11.1,Blue-S,1080,1079,13.0,241.83333333333334,3.0,1350.0,0.1791358024691358,OVERSUPPLY,1108.1666666666667,0.0
537,11.1,Blue-S,1080,1079,14.0,210.33333333333334,3.0,1350.0,0.15580246913580248,OVERSUPPLY,1139.6666666666667,0.0
537,11.1,Blue-S,1080,1079,15.0,230.0,3.0,1350.0,0.17037037037037037,OVERSUPPLY,1120.0,0.0
537,11.1,Blue-S,1080,1079,16.0,336.6666666666667,3.0,1350.0,0.24938271604938272,BALANCED,1013.3333333333333,0.0
537,11.1,Blue-S,1080,1079,17.0,596.0,3.0,1350.0,0.4414814814814815,BALANCED,754.0,0.0
537,11.1,Blue-S,1080,1079,18.0,589.8333333333334,3.0,1350.0,0.4369135802469136,BALANCED,760.1666666666666,0.0
537,11.1,Blue-S,1080,1079,19.0,246.83333333333334,3.0,1350.0,0.1828395061728395,OVERSUPPLY,1103.1666666666667,0.0
537,11.1,Blue-S,1080,1079,20.0,114.5,3.0,1350.0,0.08481481481481482,OVERSUPPLY,1235.5,0.0
537,11.1,Blue-S,1080,1079,21.0,97.33333333333333,2.0,900.0,0.10814814814814815,OVERSUPPLY,802.6666666666666,0.0
537,11.1,Blue-S,1080,1079,22.0,96.0,3.0,1350.0,0.07111111111111111,OVERSUPPLY,1254.0,0.0
537,11.1,Blue-S,1080,1079,23.0,42.5,3.0,1350.0,0.03148148148148148,OVERSUPPLY,1307.5,0.0
541,11.1,Blue-S,1082,1086,5.0,514.6666666666666,3.0,1350.0,0.38123456790123456,BALANCED,835.3333333333334,0.0
541,11.1,Blue-S,1082,1086,6.0,1430.6666666666667,3.0,1350.0,1.059753086419753,UNDERSUPPLY,0.0,80.66666666666674
541,11.1,Blue-S,1082,1086,7.0,2609.6666666666665,3.0,1350.0,1.9330864197530864,UNDERSUPPLY,0.0,1259.6666666666665
541,11.1,Blue-S,1082,1086,8.0,3621.666666666667,3.0,1350.0,2.6827160493827162,UNDERSUPPLY,0.0,2271.666666666667
541,11.1,Blue-S,1082,1086,9.0,2974.1666666666665,3.0,1350.0,2.2030864197530864,UNDERSUPPLY,0.0,1624.1666666666665
541,11.1,Blue-S,1082,1086,10.0,1476.0,3.0,1350.0,1.0933333333333333,UNDERSUPPLY,0.0,126.0
541,11.1,Blue-S,1082,1086,11.0,643.8333333333334,3.0,1350.0,0.4769135802469136,BALANCED,706.1666666666666,0.0
541,11.1,Blue-S,1082,1086,12.0,419.5,3.0,1350.0,0.31074074074074076,BALANCED,930.5,0.0
541,11.1,Blue-S,1082,1086,13.0,362.3333333333333,3.0,1350.0,0.26839506172839506,BALANCED,987.6666666666667,0.0
541,11.1,Blue-S,1082,1086,14.0,286.5,3.0,1350.0,0.21222222222222223,BALANCED,1063.5,0.0
541,11.1,Blue-S,1082,1086,15.0,277.5,3.0,1350.0,0.20555555555555555,BALANCED,1072.5,0.0
541,11.1,Blue-S,1082,1086,16.0,330.6666666666667,3.0,1350.0,0.24493827160493828,BALANCED,1019.3333333333333,0.0
541,11.1,Blue-S,1082,1086,17.0,507.0,3.0,1350.0,0.37555555555555553,BALANCED,843.0,0.0
541,11.1,Blue-S,1082,1086,18.0,444.5,3.0,1350.0,0.32925925925925925,BALANCED,905.5,0.0
541,11.1,Blue-S,1082,1086,19.0,215.5,3.0,1350.0,0.15962962962962962,OVERSUPPLY,1134.5,0.0
541,11.1,Blue-S,1082,1086,20.0,140.5,3.0,1350.0,0.10407407407407407,OVERSUPPLY,1209.5,0.0
541,11.1,Blue-S,1082,1086,21.0,105.66666666666667,2.0,900.0,0.11740740740740742,OVERSUPPLY,794.3333333333334,0.0
541,11.1,Blue-S,1082,1086,22.0,121.5,3.0,1350.0,0.09,OVERSUPPLY,1228.5,0.0
541,11.1,Blue-S,1082,1086,23.0,136.66666666666666,3.0,1350.0,0.10123456790123456,OVERSUPPLY,1213.3333333333333,0.0
544,11.1,Blue-S,1084,1092,5.0,246.16666666666666,3.0,1350.0,0.18234567901234566,OVERSUPPLY,1103.8333333333333,0.0
544,11.1,Blue-S,1084,1092,6.0,682.6666666666666,3.0,1350.0,0.505679012345679,BALANCED,667.3333333333334,0.0
544,11.1,Blue-S,1084,1092,7.0,1376.8333333333333,3.0,1350.0,1.0198765432098764,UNDERSUPPLY,0.0,26.833333333333258
544,11.1,Blue-S,1084,1092,8.0,1928.6666666666667,3.0,1350.0,1.4286419753086421,UNDERSUPPLY,0.0,578.6666666666667
544,11.1,Blue-S,1084,1092,9.0,1774.5,3.0,1350.0,1.3144444444444445,UNDERSUPPLY,0.0,424.5
544,11.1,Blue-S,1084,1092,10.0,838.8333333333334,3.0,1350.0,0.621358024691358,BALANCED,511.16666666666663,0.0
544,11.1,Blue-S,1084,1092,11.0,296.6666666666667,3.0,1350.0,0.2197530864197531,BALANCED,1053.3333333333333,0.0
544,11.1,Blue-S,1084,1092,12.0,184.5,3.0,1350.0,0.13666666666666666,OVERSUPPLY,1165.5,0.0
544,11.1,Blue-S,1084,1092,13.0,135.33333333333334,3.0,1350.0,0.10024691358024693,OVERSUPPLY,1214.6666666666667,0.0
544,11.1,Blue-S,1084,1092,14.0,129.0,3.0,1350.0,0.09555555555555556,OVERSUPPLY,1221.0,0.0
544,11.1,Blue-S,1084,1092,15.0,135.5,3.0,1350.0,0.10037037037037037,OVERSUPPLY,1214.5,0.0
544,11.1,Blue-S,1084,1092,16.0,220.83333333333334,3.0,1350.0,0.16358024691358025,OVERSUPPLY,1129.1666666666667,0.0
544,11.1,Blue-S,1084,1092,17.0,327.8333333333333,3.0,1350.0,0.2428395061728395,BALANCED,1022.1666666666667,0.0
544,11.1,Blue-S,1084,1092,18.0,336.6666666666667,3.0,1350.0,0.24938271604938272,BALANCED,1013.3333333333333,0.0
544,11.1,Blue-S,1084,1092,19.0,155.66666666666666,3.0,1350.0,0.11530864197530863,OVERSUPPLY,1194.3333333333333,0.0
544,11.1,Blue-S,1084,1092,20.0,75.5,3.0,1350.0,0.05592592592592593,OVERSUPPLY,1274.5,0.0
544,11.1,Blue-S,1084,1092,21.0,62.333333333333336,2.0,900.0,0.06925925925925926,OVERSUPPLY,837.6666666666666,0.0
544,11.1,Blue-S,1084,1092,22.0,65.16666666666667,3.0,1350.0,0.04827160493827161,OVERSUPPLY,1284.8333333333333,0.0
544,11.1,Blue-S,1084,1092,23.0,30.333333333333332,3.0,1350.0,0.022469135802469134,OVERSUPPLY,1319.6666666666667,0.0
546,11.1,Blue-S,1085,1089,5.0,125.16666666666667,3.0,1350.0,0.09271604938271605,OVERSUPPLY,1224.8333333333333,0.0
546,11.1,Blue-S,1085,1089,6.0,403.66666666666663,3.0,1350.0,0.2990123456790123,BALANCED,946.3333333333334,0.0
546,11.1,Blue-S,1085,1089,7.0,697.0,3.0,1350.0,0.5162962962962963,BALANCED,653.0,0.0
546,11.1,Blue-S,1085,1089,8.0,899.8333333333334,3.0,1350.0,0.6665432098765433,BALANCED,450.16666666666663,0.0
546,11.1,Blue-S,1085,1089,9.0,682.0,3.0,1350.0,0.5051851851851852,BALANCED,668.0,0.0
546,11.1,Blue-S,1085,1089,10.0,310.5,3.0,1350.0,0.23,BALANCED,1039.5,0.0
546,11.1,Blue-S,1085,1089,11.0,117.66666666666667,3.0,1350.0,0.0871604938271605,OVERSUPPLY,1232.3333333333333,0.0
546,11.1,Blue-S,1085,1089,12.0,79.83333333333333,3.0,1350.0,0.0591358024691358,OVERSUPPLY,1270.1666666666667,0.0
546,11.1,Blue-S,1085,1089,13.0,61.833333333333336,3.0,1350.0,0.04580246913580247,OVERSUPPLY,1288.1666666666667,0.0
546,11.1,Blue-S,1085,1089,14.0,54.333333333333336,3.0,1350.0,0.040246913580246915,OVERSUPPLY,1295.6666666666667,0.0
546,11.1,Blue-S,1085,1089,15.0,43.0,3.0,1350.0,0.03185185185185185,OVERSUPPLY,1307.0,0.0
546,11.1,Blue-S,1085,1089,16.0,62.166666666666664,3.0,1350.0,0.04604938271604938,OVERSUPPLY,1287.8333333333333,0.0
546,11.1,Blue-S,1085,1089,17.0,101.33333333333333,3.0,1350.0,0.07506172839506173,OVERSUPPLY,1248.6666666666667,0.0
546,11.1,Blue-S,1085,1089,18.0,113.83333333333333,3.0,1350.0,0.08432098765432099,OVERSUPPLY,1236.1666666666667,0.0
546,11.1,Blue-S,1085,1089,19.0,45.16666666666667,3.0,1350.0,0.033456790123456794,OVERSUPPLY,1304.8333333333333,0.0
546,11.1,Blue-S,1085,1089,20.0,19.833333333333332,3.0,1350.0,0.014691358024691356,OVERSUPPLY,1330.1666666666667,0.0
546,11.1,Blue-S,1085,1089,21.0,15.833333333333332,2.0,900.0,0.01759259259259259,OVERSUPPLY,884.1666666666666,0.0
546,11.1,Blue-S,1085,1089,22.0,21.833333333333332,3.0,1350.0,0.016172839506172838,OVERSUPPLY,1328.1666666666667,0.0
546,11.1,Blue-S,1085,1089,23.0,8.166666666666666,3.0,1350.0,0.006049382716049382,OVERSUPPLY,1341.8333333333333,0.0
548,11.1,Blue-S,1086,1088,5.0,675.3333333333334,3.0,1350.0,0.500246913580247,BALANCED,674.6666666666666,0.0
548,11.1,Blue-S,1086,1088,6.0,1857.0,3.0,1350.0,1.3755555555555556,UNDERSUPPLY,0.0,507.0
548,11.1,Blue-S,1086,1088,7.0,3336.6666666666665,3.0,1350.0,2.471604938271605,UNDERSUPPLY,0.0,1986.6666666666665
548,11.1,Blue-S,1086,1088,8.0,4620.666666666667,3.0,1350.0,3.4227160493827165,UNDERSUPPLY,0.0,3270.666666666667
548,11.1,Blue-S,1086,1088,9.0,3786.1666666666665,3.0,1350.0,2.804567901234568,UNDERSUPPLY,0.0,2436.1666666666665
548,11.1,Blue-S,1086,1088,10.0,1849.0,3.0,1350.0,1.3696296296296295,UNDERSUPPLY,0.0,499.0
548,11.1,Blue-S,1086,1088,11.0,829.3333333333334,3.0,1350.0,0.614320987654321,BALANCED,520.6666666666666,0.0
548,11.1,Blue-S,1086,1088,12.0,584.0,3.0,1350.0,0.4325925925925926,BALANCED,766.0,0.0
548,11.1,Blue-S,1086,1088,13.0,495.5,3.0,1350.0,0.36703703703703705,BALANCED,854.5,0.0
548,11.1,Blue-S,1086,1088,14.0,401.5,3.0,1350.0,0.2974074074074074,BALANCED,948.5,0.0
548,11.1,Blue-S,1086,1088,15.0,402.5,3.0,1350.0,0.29814814814814816,BALANCED,947.5,0.0
548,11.1,Blue-S,1086,1088,16.0,433.6666666666667,3.0,1350.0,0.32123456790123456,BALANCED,916.3333333333333,0.0
548,11.1,Blue-S,1086,1088,17.0,633.5,3.0,1350.0,0.46925925925925926,BALANCED,716.5,0.0
548,11.1,Blue-S,1086,1088,18.0,555.1666666666666,3.0,1350.0,0.4112345679012345,BALANCED,794.8333333333334,0.0
548,11.1,Blue-S,1086,1088,19.0,272.1666666666667,3.0,1350.0,0.20160493827160494,BALANCED,1077.8333333333333,0.0
548,11.1,Blue-S,1086,1088,20.0,173.0,3.0,1350.0,0.12814814814814815,OVERSUPPLY,1177.0,0.0
548,11.1,Blue-S,1086,1088,21.0,128.83333333333334,2.0,900.0,0.14314814814814816,OVERSUPPLY,771.1666666666666,0.0
548,11.1,Blue-S,1086,1088,22.0,149.83333333333334,3.0,1350.0,0.11098765432098766,OVERSUPPLY,1200.1666666666667,0.0
548,11.1,Blue-S,1086,1088,23.0,141.66666666666666,3.0,1350.0,0.10493827160493827,OVERSUPPLY,1208.3333333333333,0.0
552,11.1,Blue-S,1088,1093,5.0,924.6666666666666,3.0,1350.0,0.6849382716049383,BALANCED,425.33333333333337,0.0
552,11.1,Blue-S,1088,1093,6.0,3087.6666666666665,3.0,1350.0,2.2871604938271606,UNDERSUPPLY,0.0,1737.6666666666665
552,11.1,Blue-S,1088,1093,7.0,5713.0,3.0,1350.0,4.231851851851852,UNDERSUPPLY,0.0,4363.0
552,11.1,Blue-S,1088,1093,8.0,8910.0,3.0,1350.0,6.6,UNDERSUPPLY,0.0,7560.0
552,11.1,Blue-S,1088,1093,9.0,7948.666666666667,3.0,1350.0,5.887901234567901,UNDERSUPPLY,0.0,6598.666666666667
552,11.1,Blue-S,1088,1093,10.0,3526.1666666666665,3.0,1350.0,2.6119753086419752,UNDERSUPPLY,0.0,2176.1666666666665
552,11.1,Blue-S,1088,1093,11.0,1440.6666666666667,3.0,1350.0,1.0671604938271606,UNDERSUPPLY,0.0,90.66666666666674
552,11.1,Blue-S,1088,1093,12.0,932.1666666666666,3.0,1350.0,0.6904938271604938,BALANCED,417.83333333333337,0.0
552,11.1,Blue-S,1088,1093,13.0,751.6666666666666,3.0,1350.0,0.5567901234567901,BALANCED,598.3333333333334,0.0
552,11.1,Blue-S,1088,1093,14.0,626.6666666666666,3.0,1350.0,0.4641975308641975,BALANCED,723.3333333333334,0.0
552,11.1,Blue-S,1088,1093,15.0,606.3333333333334,3.0,1350.0,0.4491358024691358,BALANCED,743.6666666666666,0.0
552,11.1,Blue-S,1088,1093,16.0,664.1666666666666,3.0,1350.0,0.4919753086419753,BALANCED,685.8333333333334,0.0
552,11.1,Blue-S,1088,1093,17.0,1000.0,3.0,1350.0,0.7407407407407407,BALANCED,350.0,0.0
552,11.1,Blue-S,1088,1093,18.0,880.3333333333334,3.0,1350.0,0.6520987654320988,BALANCED,469.66666666666663,0.0
552,11.1,Blue-S,1088,1093,19.0,433.8333333333333,3.0,1350.0,0.321358024691358,BALANCED,916.1666666666667,0.0
552,11.1,Blue-S,1088,1093,20.0,271.5,3.0,1350.0,0.2011111111111111,BALANCED,1078.5,0.0
552,11.1,Blue-S,1088,1093,21.0,199.83333333333334,2.0,900.0,0.22203703703703706,BALANCED,700.1666666666666,0.0
552,11.1,Blue-S,1088,1093,22.0,220.5,3.0,1350.0,0.16333333333333333,OVERSUPPLY,1129.5,0.0
552,11.1,Blue-S,1088,1093,23.0,164.16666666666666,3.0,1350.0,0.12160493827160493,OVERSUPPLY,1185.8333333333333,0.0
554,11.1,Blue-S,1089,1090,5.0,418.8333333333333,3.0,1350.0,0.3102469135802469,BALANCED,931.1666666666667,0.0
554,11.1,Blue-S,1089,1090,6.0,1413.0,3.0,1350.0,1.0466666666666666,UNDERSUPPLY,0.0,63.0
554,11.1,Blue-S,1089,1090,7.0,2700.0,3.0,1350.0,2.0,UNDERSUPPLY,0.0,1350.0
554,11.1,Blue-S,1089,1090,8.0,3864.6666666666665,3.0,1350.0,2.862716049382716,UNDERSUPPLY,0.0,2514.6666666666665
554,11.1,Blue-S,1089,1090,9.0,2702.1666666666665,3.0,1350.0,2.001604938271605,UNDERSUPPLY,0.0,1352.1666666666665
554,11.1,Blue-S,1089,1090,10.0,1257.3333333333333,3.0,1350.0,0.931358024691358,CROWDED,92.66666666666674,0.0
554,11.1,Blue-S,1089,1090,11.0,744.8333333333334,3.0,1350.0,0.5517283950617284,BALANCED,605.1666666666666,0.0
554,11.1,Blue-S,1089,1090,12.0,685.1666666666666,3.0,1350.0,0.5075308641975308,BALANCED,664.8333333333334,0.0
554,11.1,Blue-S,1089,1090,13.0,663.6666666666666,3.0,1350.0,0.4916049382716049,BALANCED,686.3333333333334,0.0
554,11.1,Blue-S,1089,1090,14.0,855.8333333333334,3.0,1350.0,0.6339506172839506,BALANCED,494.16666666666663,0.0
554,11.1,Blue-S,1089,1090,15.0,1162.0,3.0,1350.0,0.8607407407407407,CROWDED,188.0,0.0
554,11.1,Blue-S,1089,1090,16.0,2060.1666666666665,3.0,1350.0,1.5260493827160493,UNDERSUPPLY,0.0,710.1666666666665
554,11.1,Blue-S,1089,1090,17.0,4236.5,3.0,1350.0,3.138148148148148,UNDERSUPPLY,0.0,2886.5
554,11.1,Blue-S,1089,1090,18.0,3668.6666666666665,3.0,1350.0,2.717530864197531,UNDERSUPPLY,0.0,2318.6666666666665
554,11.1,Blue-S,1089,1090,19.0,1730.8333333333333,3.0,1350.0,1.2820987654320988,UNDERSUPPLY,0.0,380.83333333333326
554,11.1,Blue-S,1089,1090,20.0,789.8333333333334,3.0,1350.0,0.5850617283950618,BALANCED,560.1666666666666,0.0
554,11.1,Blue-S,1089,1090,21.0,477.1666666666667,2.0,900.0,0.5301851851851852,BALANCED,422.8333333333333,0.0
554,11.1,Blue-S,1089,1090,22.0,425.33333333333337,3.0,1350.0,0.31506172839506175,BALANCED,924.6666666666666,0.0
554,11.1,Blue-S,1089,1090,23.0,239.83333333333334,3.0,1350.0,0.17765432098765432,OVERSUPPLY,1110.1666666666667,0.0
556,11.1,Blue-S,1090,1081,5.0,434.3333333333333,3.0,1350.0,0.3217283950617284,BALANCED,915.6666666666667,0.0
556,11.1,Blue-S,1090,1081,6.0,1573.0,3.0,1350.0,1.165185185185185,UNDERSUPPLY,0.0,223.0
556,11.1,Blue-S,1090,1081,7.0,2935.3333333333335,3.0,1350.0,2.1743209876543212,UNDERSUPPLY,0.0,1585.3333333333335
556,11.1,Blue-S,1090,1081,8.0,4266.666666666667,3.0,1350.0,3.160493827160494,UNDERSUPPLY,0.0,2916.666666666667
556,11.1,Blue-S,1090,1081,9.0,2991.1666666666665,3.0,1350.0,2.215679012345679,UNDERSUPPLY,0.0,1641.1666666666665
556,11.1,Blue-S,1090,1081,10.0,1489.1666666666667,3.0,1350.0,1.1030864197530865,UNDERSUPPLY,0.0,139.16666666666674
556,11.1,Blue-S,1090,1081,11.0,1036.0,3.0,1350.0,0.7674074074074074,BALANCED,314.0,0.0
556,11.1,Blue-S,1090,1081,12.0,1059.3333333333333,3.0,1350.0,0.7846913580246913,BALANCED,290.66666666666674,0.0
556,11.1,Blue-S,1090,1081,13.0,1097.0,3.0,1350.0,0.8125925925925926,CROWDED,253.0,0.0
556,11.1,Blue-S,1090,1081,14.0,1398.1666666666667,3.0,1350.0,1.0356790123456792,UNDERSUPPLY,0.0,48.16666666666674
556,11.1,Blue-S,1090,1081,15.0,1908.3333333333333,3.0,1350.0,1.41358024691358,UNDERSUPPLY,0.0,558.3333333333333
556,11.1,Blue-S,1090,1081,16.0,3193.1666666666665,3.0,1350.0,2.3653086419753087,UNDERSUPPLY,0.0,1843.1666666666665
556,11.1,Blue-S,1090,1081,17.0,5972.0,3.0,1350.0,4.423703703703704,UNDERSUPPLY,0.0,4622.0
556,11.1,Blue-S,1090,1081,18.0,5320.0,3.0,1350.0,3.9407407407407407,UNDERSUPPLY,0.0,3970.0
556,11.1,Blue-S,1090,1081,19.0,2746.8333333333335,3.0,1350.0,2.0346913580246913,UNDERSUPPLY,0.0,1396.8333333333335
556,11.1,Blue-S,1090,1081,20.0,1465.8333333333333,3.0,1350.0,1.0858024691358024,UNDERSUPPLY,0.0,115.83333333333326
556,11.1,Blue-S,1090,1081,21.0,992.3333333333334,2.0,900.0,1.1025925925925926,UNDERSUPPLY,0.0,92.33333333333337
556,11.1,Blue-S,1090,1081,22.0,831.5,3.0,1350.0,0.6159259259259259,BALANCED,518.5,0.0
556,11.1,Blue-S,1090,1081,23.0,512.5,3.0,1350.0,0.37962962962962965,BALANCED,837.5,0.0
558,11.1,Blue-S,1091,1082,5.0,402.0,3.0,1350.0,0.29777777777777775,BALANCED,948.0,0.0
558,11.1,Blue-S,1091,1082,6.0,1154.1666666666667,3.0,1350.0,0.8549382716049383,CROWDED,195.83333333333326,0.0
558,11.1,Blue-S,1091,1082,7.0,2197.6666666666665,3.0,1350.0,1.6279012345679011,UNDERSUPPLY,0.0,847.6666666666665
558,11.1,Blue-S,1091,1082,8.0,3003.8333333333335,3.0,1350.0,2.2250617283950618,UNDERSUPPLY,0.0,1653.8333333333335
558,11.1,Blue-S,1091,1082,9.0,2466.1666666666665,3.0,1350.0,1.82679012345679,UNDERSUPPLY,0.0,1116.1666666666665
558,11.1,Blue-S,1091,1082,10.0,1220.3333333333333,3.0,1350.0,0.9039506172839505,CROWDED,129.66666666666674,0.0
558,11.1,Blue-S,1091,1082,11.0,476.3333333333333,3.0,1350.0,0.3528395061728395,BALANCED,873.6666666666667,0.0
558,11.1,Blue-S,1091,1082,12.0,302.5,3.0,1350.0,0.22407407407407406,BALANCED,1047.5,0.0
558,11.1,Blue-S,1091,1082,13.0,229.0,3.0,1350.0,0.16962962962962963,OVERSUPPLY,1121.0,0.0
558,11.1,Blue-S,1091,1082,14.0,173.5,3.0,1350.0,0.12851851851851853,OVERSUPPLY,1176.5,0.0
558,11.1,Blue-S,1091,1082,15.0,170.33333333333334,3.0,1350.0,0.12617283950617283,OVERSUPPLY,1179.6666666666667,0.0
558,11.1,Blue-S,1091,1082,16.0,217.16666666666666,3.0,1350.0,0.1608641975308642,OVERSUPPLY,1132.8333333333333,0.0
558,11.1,Blue-S,1091,1082,17.0,376.5,3.0,1350.0,0.2788888888888889,BALANCED,973.5,0.0
558,11.1,Blue-S,1091,1082,18.0,362.0,3.0,1350.0,0.26814814814814814,BALANCED,988.0,0.0
558,11.1,Blue-S,1091,1082,19.0,154.16666666666666,3.0,1350.0,0.11419753086419752,OVERSUPPLY,1195.8333333333333,0.0
558,11.1,Blue-S,1091,1082,20.0,80.5,3.0,1350.0,0.05962962962962963,OVERSUPPLY,1269.5,0.0
558,11.1,Blue-S,1091,1082,21.0,62.166666666666664,2.0,900.0,0.06907407407407407,OVERSUPPLY,837.8333333333334,0.0
558,11.1,Blue-S,1091,1082,22.0,57.666666666666664,3.0,1350.0,0.042716049382716045,OVERSUPPLY,1292.3333333333333,0.0
558,11.1,Blue-S,1091,1082,23.0,40.0,3.0,1350.0,0.02962962962962963,OVERSUPPLY,1310.0,0.0
560,11.1,Blue-S,1092,1080,5.0,303.6666666666667,3.0,1350.0,0.2249382716049383,BALANCED,1046.3333333333333,0.0
560,11.1,Blue-S,1092,1080,6.0,936.8333333333334,3.0,1350.0,0.6939506172839507,BALANCED,413.16666666666663,0.0
560,11.1,Blue-S,1092,1080,7.0,1884.8333333333333,3.0,1350.0,1.3961728395061728,UNDERSUPPLY,0.0,534.8333333333333
560,11.1,Blue-S,1092,1080,8.0,2571.8333333333335,3.0,1350.0,1.905061728395062,UNDERSUPPLY,0.0,1221.8333333333335
560,11.1,Blue-S,1092,1080,9.0,2388.5,3.0,1350.0,1.7692592592592593,UNDERSUPPLY,0.0,1038.5
560,11.1,Blue-S,1092,1080,10.0,1153.5,3.0,1350.0,0.8544444444444445,CROWDED,196.5,0.0
560,11.1,Blue-S,1092,1080,11.0,430.8333333333333,3.0,1350.0,0.3191358024691358,BALANCED,919.1666666666667,0.0
560,11.1,Blue-S,1092,1080,12.0,254.0,3.0,1350.0,0.18814814814814815,OVERSUPPLY,1096.0,0.0
560,11.1,Blue-S,1092,1080,13.0,188.83333333333334,3.0,1350.0,0.13987654320987655,OVERSUPPLY,1161.1666666666667,0.0
560,11.1,Blue-S,1092,1080,14.0,167.66666666666666,3.0,1350.0,0.12419753086419752,OVERSUPPLY,1182.3333333333333,0.0
560,11.1,Blue-S,1092,1080,15.0,181.66666666666666,3.0,1350.0,0.13456790123456788,OVERSUPPLY,1168.3333333333333,0.0
560,11.1,Blue-S,1092,1080,16.0,302.6666666666667,3.0,1350.0,0.22419753086419755,BALANCED,1047.3333333333333,0.0
560,11.1,Blue-S,1092,1080,17.0,538.8333333333334,3.0,1350.0,0.3991358024691358,BALANCED,811.1666666666666,0.0
560,11.1,Blue-S,1092,1080,18.0,528.1666666666666,3.0,1350.0,0.39123456790123456,BALANCED,821.8333333333334,0.0
560,11.1,Blue-S,1092,1080,19.0,220.0,3.0,1350.0,0.16296296296296298,OVERSUPPLY,1130.0,0.0
560,11.1,Blue-S,1092,1080,20.0,103.0,3.0,1350.0,0.07629629629629629,OVERSUPPLY,1247.0,0.0
560,11.1,Blue-S,1092,1080,21.0,87.33333333333333,2.0,900.0,0.09703703703703703,OVERSUPPLY,812.6666666666666,0.0
560,11.1,Blue-S,1092,1080,22.0,93.33333333333333,3.0,1350.0,0.0691358024691358,OVERSUPPLY,1256.6666666666667,0.0
560,11.1,Blue-S,1092,1080,23.0,39.5,3.0,1350.0,0.02925925925925926,OVERSUPPLY,1310.5,0.0
562,11.1,Blue-S,1093,1085,5.0,386.8333333333333,3.0,1350.0,0.2865432098765432,BALANCED,963.1666666666667,0.0
562,11.1,Blue-S,1093,1085,6.0,1364.6666666666667,3.0,1350.0,1.0108641975308643,UNDERSUPPLY,0.0,14.666666666666742
562,11.1,Blue-S,1093,1085,7.0,2586.3333333333335,3.0,1350.0,1.9158024691358027,UNDERSUPPLY,0.0,1236.3333333333335
562,11.1,Blue-S,1093,1085,8.0,4062.166666666667,3.0,1350.0,3.0090123456790128,UNDERSUPPLY,0.0,2712.166666666667
562,11.1,Blue-S,1093,1085,9.0,3908.3333333333335,3.0,1350.0,2.8950617283950617,UNDERSUPPLY,0.0,2558.3333333333335
562,11.1,Blue-S,1093,1085,10.0,1543.3333333333335,3.0,1350.0,1.14320987654321,UNDERSUPPLY,0.0,193.33333333333348
562,11.1,Blue-S,1093,1085,11.0,527.1666666666666,3.0,1350.0,0.3904938271604938,BALANCED,822.8333333333334,0.0
562,11.1,Blue-S,1093,1085,12.0,286.0,3.0,1350.0,0.21185185185185185,BALANCED,1064.0,0.0
562,11.1,Blue-S,1093,1085,13.0,209.66666666666666,3.0,1350.0,0.15530864197530864,OVERSUPPLY,1140.3333333333333,0.0
562,11.1,Blue-S,1093,1085,14.0,182.16666666666666,3.0,1350.0,0.13493827160493826,OVERSUPPLY,1167.8333333333333,0.0
562,11.1,Blue-S,1093,1085,15.0,147.16666666666666,3.0,1350.0,0.10901234567901234,OVERSUPPLY,1202.8333333333333,0.0
562,11.1,Blue-S,1093,1085,16.0,187.5,3.0,1350.0,0.1388888888888889,OVERSUPPLY,1162.5,0.0
562,11.1,Blue-S,1093,1085,17.0,292.8333333333333,3.0,1350.0,0.21691358024691357,BALANCED,1057.1666666666667,0.0
562,11.1,Blue-S,1093,1085,18.0,291.5,3.0,1350.0,0.21592592592592594,BALANCED,1058.5,0.0
562,11.1,Blue-S,1093,1085,19.0,126.0,3.0,1350.0,0.09333333333333334,OVERSUPPLY,1224.0,0.0
562,11.1,Blue-S,1093,1085,20.0,51.0,3.0,1350.0,0.03777777777777778,OVERSUPPLY,1299.0,0.0
562,11.1,Blue-S,1093,1085,21.0,44.666666666666664,2.0,900.0,0.04962962962962963,OVERSUPPLY,855.3333333333334,0.0
562,11.1,Blue-S,1093,1085,22.0,41.333333333333336,3.0,1350.0,0.030617283950617285,OVERSUPPLY,1308.6666666666667,0.0
562,11.1,Blue-S,1093,1085,23.0,28.666666666666668,3.0,1350.0,0.02123456790123457,OVERSUPPLY,1321.3333333333333,0.0
564,12.2,Blue-N,1094,1099,5.0,47.0,3.0,1350.0,0.03481481481481481,OVERSUPPLY,1303.0,0.0
564,12.2,Blue-N,1094,1099,6.0,119.16666666666666,3.0,1350.0,0.0882716049382716,OVERSUPPLY,1230.8333333333333,0.0
564,12.2,Blue-N,1094,1099,7.0,289.66666666666663,3.0,1350.0,0.21456790123456787,BALANCED,1060.3333333333335,0.0
564,12.2,Blue-N,1094,1099,8.0,694.0,3.0,1350.0,0.5140740740740741,BALANCED,656.0,0.0
564,12.2,Blue-N,1094,1099,9.0,507.5,3.0,1350.0,0.37592592592592594,BALANCED,842.5,0.0
564,12.2,Blue-N,1094,1099,10.0,177.5,3.0,1350.0,0.13148148148148148,OVERSUPPLY,1172.5,0.0
564,12.2,Blue-N,1094,1099,11.0,99.0,3.0,1350.0,0.07333333333333333,OVERSUPPLY,1251.0,0.0
564,12.2,Blue-N,1094,1099,12.0,76.5,3.0,1350.0,0.056666666666666664,OVERSUPPLY,1273.5,0.0
564,12.2,Blue-N,1094,1099,13.0,74.83333333333334,3.0,1350.0,0.055432098765432106,OVERSUPPLY,1275.1666666666667,0.0
564,12.2,Blue-N,1094,1099,14.0,68.16666666666667,3.0,1350.0,0.05049382716049383,OVERSUPPLY,1281.8333333333333,0.0
564,12.2,Blue-N,1094,1099,15.0,88.5,3.0,1350.0,0.06555555555555556,OVERSUPPLY,1261.5,0.0
564,12.2,Blue-N,1094,1099,16.0,135.0,3.0,1350.0,0.1,OVERSUPPLY,1215.0,0.0
564,12.2,Blue-N,1094,1099,17.0,152.0,3.0,1350.0,0.11259259259259259,OVERSUPPLY,1198.0,0.0
564,12.2,Blue-N,1094,1099,18.0,155.16666666666666,3.0,1350.0,0.11493827160493826,OVERSUPPLY,1194.8333333333333,0.0
564,12.2,Blue-N,1094,1099,19.0,76.5,4.0,1800.0,0.0425,OVERSUPPLY,1723.5,0.0
564,12.2,Blue-N,1094,1099,20.0,33.166666666666664,3.0,1350.0,0.0245679012345679,OVERSUPPLY,1316.8333333333333,0.0
564,12.2,Blue-N,1094,1099,21.0,19.333333333333332,3.0,1350.0,0.014320987654320987,OVERSUPPLY,1330.6666666666667,0.0
564,12.2,Blue-N,1094,1099,22.0,11.333333333333334,3.0,1350.0,0.008395061728395062,OVERSUPPLY,1338.6666666666667,0.0
564,12.2,Blue-N,1094,1099,23.0,6.833333333333333,3.0,1350.0,0.005061728395061728,OVERSUPPLY,1343.1666666666667,0.0
566,12.2,Blue-N,1095,1094,5.0,78.66666666666667,3.0,1350.0,0.05827160493827161,OVERSUPPLY,1271.3333333333333,0.0
566,12.2,Blue-N,1095,1094,6.0,272.5,3.0,1350.0,0.20185185185185187,BALANCED,1077.5,0.0
566,12.2,Blue-N,1095,1094,7.0,738.1666666666666,3.0,1350.0,0.5467901234567901,BALANCED,611.8333333333334,0.0
566,12.2,Blue-N,1095,1094,8.0,1316.3333333333333,3.0,1350.0,0.9750617283950617,CROWDED,33.66666666666674,0.0
566,12.2,Blue-N,1095,1094,9.0,890.3333333333334,3.0,1350.0,0.6595061728395062,BALANCED,459.66666666666663,0.0
566,12.2,Blue-N,1095,1094,10.0,352.6666666666667,3.0,1350.0,0.26123456790123456,BALANCED,997.3333333333333,0.0
566,12.2,Blue-N,1095,1094,11.0,220.66666666666666,3.0,1350.0,0.1634567901234568,OVERSUPPLY,1129.3333333333333,0.0
566,12.2,Blue-N,1095,1094,12.0,188.33333333333334,3.0,1350.0,0.13950617283950617,OVERSUPPLY,1161.6666666666667,0.0
566,12.2,Blue-N,1095,1094,13.0,173.5,3.0,1350.0,0.12851851851851853,OVERSUPPLY,1176.5,0.0
566,12.2,Blue-N,1095,1094,14.0,171.5,3.0,1350.0,0.12703703703703703,OVERSUPPLY,1178.5,0.0
566,12.2,Blue-N,1095,1094,15.0,216.0,3.0,1350.0,0.16,OVERSUPPLY,1134.0,0.0
566,12.2,Blue-N,1095,1094,16.0,283.3333333333333,3.0,1350.0,0.20987654320987653,BALANCED,1066.6666666666667,0.0
566,12.2,Blue-N,1095,1094,17.0,353.3333333333333,3.0,1350.0,0.2617283950617284,BALANCED,996.6666666666667,0.0
566,12.2,Blue-N,1095,1094,18.0,345.8333333333333,3.0,1350.0,0.2561728395061728,BALANCED,1004.1666666666667,0.0
566,12.2,Blue-N,1095,1094,19.0,177.33333333333334,4.0,1800.0,0.09851851851851852,OVERSUPPLY,1622.6666666666667,0.0
566,12.2,Blue-N,1095,1094,20.0,85.66666666666667,3.0,1350.0,0.0634567901234568,OVERSUPPLY,1264.3333333333333,0.0
566,12.2,Blue-N,1095,1094,21.0,50.666666666666664,3.0,1350.0,0.037530864197530864,OVERSUPPLY,1299.3333333333333,0.0
566,12.2,Blue-N,1095,1094,22.0,38.0,3.0,1350.0,0.028148148148148148,OVERSUPPLY,1312.0,0.0
566,12.2,Blue-N,1095,1094,23.0,28.0,3.0,1350.0,0.02074074074074074,OVERSUPPLY,1322.0,0.0
570,12.2,Blue-N,1097,1098,5.0,5.833333333333333,3.0,1350.0,0.004320987654320987,OVERSUPPLY,1344.1666666666667,0.0
570,12.2,Blue-N,1097,1098,6.0,210.5,3.0,1350.0,0.1559259259259259,OVERSUPPLY,1139.5,0.0
570,12.2,Blue-N,1097,1098,7.0,347.5,3.0,1350.0,0.2574074074074074,BALANCED,1002.5,0.0
570,12.2,Blue-N,1097,1098,8.0,472.5,3.0,1350.0,0.35,BALANCED,877.5,0.0
570,12.2,Blue-N,1097,1098,9.0,305.3333333333333,3.0,1350.0,0.2261728395061728,BALANCED,1044.6666666666667,0.0
570,12.2,Blue-N,1097,1098,10.0,224.5,3.0,1350.0,0.1662962962962963,OVERSUPPLY,1125.5,0.0
570,12.2,Blue-N,1097,1098,11.0,189.83333333333334,3.0,1350.0,0.1406172839506173,OVERSUPPLY,1160.1666666666667,0.0
570,12.2,Blue-N,1097,1098,12.0,228.33333333333334,3.0,1350.0,0.16913580246913582,OVERSUPPLY,1121.6666666666667,0.0
570,12.2,Blue-N,1097,1098,13.0,266.5,3.0,1350.0,0.19740740740740742,OVERSUPPLY,1083.5,0.0
570,12.2,Blue-N,1097,1098,14.0,505.6666666666667,3.0,1350.0,0.3745679012345679,BALANCED,844.3333333333333,0.0
570,12.2,Blue-N,1097,1098,15.0,891.6666666666666,3.0,1350.0,0.6604938271604938,BALANCED,458.33333333333337,0.0
570,12.2,Blue-N,1097,1098,16.0,1723.3333333333333,3.0,1350.0,1.2765432098765432,UNDERSUPPLY,0.0,373.33333333333326
570,12.2,Blue-N,1097,1098,17.0,3301.0,3.0,1350.0,2.4451851851851854,UNDERSUPPLY,0.0,1951.0
570,12.2,Blue-N,1097,1098,18.0,3155.1666666666665,3.0,1350.0,2.3371604938271604,UNDERSUPPLY,0.0,1805.1666666666665
570,12.2,Blue-N,1097,1098,19.0,1407.5,4.0,1800.0,0.7819444444444444,BALANCED,392.5,0.0
570,12.2,Blue-N,1097,1098,20.0,743.1666666666666,3.0,1350.0,0.5504938271604938,BALANCED,606.8333333333334,0.0
570,12.2,Blue-N,1097,1098,21.0,404.6666666666667,3.0,1350.0,0.2997530864197531,BALANCED,945.3333333333333,0.0
570,12.2,Blue-N,1097,1098,22.0,241.0,3.0,1350.0,0.17851851851851852,OVERSUPPLY,1109.0,0.0
570,12.2,Blue-N,1097,1098,23.0,224.16666666666666,3.0,1350.0,0.16604938271604938,OVERSUPPLY,1125.8333333333333,0.0
572,12.2,Blue-N,1098,1110,5.0,5.666666666666666,3.0,1350.0,0.00419753086419753,OVERSUPPLY,1344.3333333333333,0.0
572,12.2,Blue-N,1098,1110,6.0,207.83333333333334,3.0,1350.0,0.15395061728395062,OVERSUPPLY,1142.1666666666667,0.0
572,12.2,Blue-N,1098,1110,7.0,323.1666666666667,3.0,1350.0,0.23938271604938274,BALANCED,1026.8333333333333,0.0
572,12.2,Blue-N,1098,1110,8.0,446.1666666666667,3.0,1350.0,0.33049382716049386,BALANCED,903.8333333333333,0.0
572,12.2,Blue-N,1098,1110,9.0,282.1666666666667,3.0,1350.0,0.20901234567901236,BALANCED,1067.8333333333333,0.0
572,12.2,Blue-N,1098,1110,10.0,198.83333333333334,3.0,1350.0,0.14728395061728397,OVERSUPPLY,1151.1666666666667,0.0
572,12.2,Blue-N,1098,1110,11.0,160.5,3.0,1350.0,0.11888888888888889,OVERSUPPLY,1189.5,0.0
572,12.2,Blue-N,1098,1110,12.0,186.33333333333334,3.0,1350.0,0.1380246913580247,OVERSUPPLY,1163.6666666666667,0.0
572,12.2,Blue-N,1098,1110,13.0,209.5,3.0,1350.0,0.15518518518518518,OVERSUPPLY,1140.5,0.0
572,12.2,Blue-N,1098,1110,14.0,422.0,3.0,1350.0,0.3125925925925926,BALANCED,928.0,0.0
572,12.2,Blue-N,1098,1110,15.0,735.6666666666666,3.0,1350.0,0.5449382716049382,BALANCED,614.3333333333334,0.0
572,12.2,Blue-N,1098,1110,16.0,1377.3333333333333,3.0,1350.0,1.0202469135802468,UNDERSUPPLY,0.0,27.333333333333258
572,12.2,Blue-N,1098,1110,17.0,2703.5,3.0,1350.0,2.0025925925925927,UNDERSUPPLY,0.0,1353.5
572,12.2,Blue-N,1098,1110,18.0,2617.5,3.0,1350.0,1.9388888888888889,UNDERSUPPLY,0.0,1267.5
572,12.2,Blue-N,1098,1110,19.0,1093.6666666666667,4.0,1800.0,0.6075925925925927,BALANCED,706.3333333333333,0.0
572,12.2,Blue-N,1098,1110,20.0,593.3333333333334,3.0,1350.0,0.4395061728395062,BALANCED,756.6666666666666,0.0
572,12.2,Blue-N,1098,1110,21.0,315.0,3.0,1350.0,0.23333333333333334,BALANCED,1035.0,0.0
572,12.2,Blue-N,1098,1110,22.0,163.33333333333334,3.0,1350.0,0.12098765432098767,OVERSUPPLY,1186.6666666666667,0.0
572,12.2,Blue-N,1098,1110,23.0,176.5,3.0,1350.0,0.13074074074074074,OVERSUPPLY,1173.5,0.0
574,12.2,Blue-N,1099,1108,5.0,320.5,3.0,1350.0,0.2374074074074074,BALANCED,1029.5,0.0
574,12.2,Blue-N,1099,1108,6.0,772.1666666666666,3.0,1350.0,0.5719753086419753,BALANCED,577.8333333333334,0.0
574,12.2,Blue-N,1099,1108,7.0,1841.5,3.0,1350.0,1.364074074074074,UNDERSUPPLY,0.0,491.5
574,12.2,Blue-N,1099,1108,8.0,4432.5,3.0,1350.0,3.283333333333333,UNDERSUPPLY,0.0,3082.5
574,12.2,Blue-N,1099,1108,9.0,3464.1666666666665,3.0,1350.0,2.566049382716049,UNDERSUPPLY,0.0,2114.1666666666665
574,12.2,Blue-N,1099,1108,10.0,1511.5,3.0,1350.0,1.1196296296296295,UNDERSUPPLY,0.0,161.5
574,12.2,Blue-N,1099,1108,11.0,912.0,3.0,1350.0,0.6755555555555556,BALANCED,438.0,0.0
574,12.2,Blue-N,1099,1108,12.0,771.6666666666666,3.0,1350.0,0.5716049382716049,BALANCED,578.3333333333334,0.0
574,12.2,Blue-N,1099,1108,13.0,793.6666666666666,3.0,1350.0,0.5879012345679012,BALANCED,556.3333333333334,0.0
574,12.2,Blue-N,1099,1108,14.0,810.5,3.0,1350.0,0.6003703703703703,BALANCED,539.5,0.0
574,12.2,Blue-N,1099,1108,15.0,895.6666666666666,3.0,1350.0,0.6634567901234567,BALANCED,454.33333333333337,0.0
574,12.2,Blue-N,1099,1108,16.0,1149.8333333333333,3.0,1350.0,0.8517283950617284,CROWDED,200.16666666666674,0.0
574,12.2,Blue-N,1099,1108,17.0,1464.6666666666667,3.0,1350.0,1.0849382716049383,UNDERSUPPLY,0.0,114.66666666666674
574,12.2,Blue-N,1099,1108,18.0,1257.8333333333333,3.0,1350.0,0.9317283950617283,CROWDED,92.16666666666674,0.0
574,12.2,Blue-N,1099,1108,19.0,661.5,4.0,1800.0,0.3675,BALANCED,1138.5,0.0
574,12.2,Blue-N,1099,1108,20.0,341.0,3.0,1350.0,0.2525925925925926,BALANCED,1009.0,0.0
574,12.2,Blue-N,1099,1108,21.0,262.8333333333333,3.0,1350.0,0.19469135802469134,OVERSUPPLY,1087.1666666666667,0.0
574,12.2,Blue-N,1099,1108,22.0,224.83333333333334,3.0,1350.0,0.16654320987654322,OVERSUPPLY,1125.1666666666667,0.0
574,12.2,Blue-N,1099,1108,23.0,145.33333333333334,3.0,1350.0,0.10765432098765433,OVERSUPPLY,1204.6666666666667,0.0
576,12.2,Blue-N,1100,1109,5.0,18.166666666666668,3.0,1350.0,0.013456790123456791,OVERSUPPLY,1331.8333333333333,0.0
576,12.2,Blue-N,1100,1109,6.0,162.33333333333334,3.0,1350.0,0.12024691358024692,OVERSUPPLY,1187.6666666666667,0.0
576,12.2,Blue-N,1100,1109,7.0,324.8333333333333,3.0,1350.0,0.24061728395061727,BALANCED,1025.1666666666667,0.0
576,12.2,Blue-N,1100,1109,8.0,443.0,3.0,1350.0,0.32814814814814813,BALANCED,907.0,0.0
576,12.2,Blue-N,1100,1109,9.0,289.1666666666667,3.0,1350.0,0.21419753086419754,BALANCED,1060.8333333333333,0.0
576,12.2,Blue-N,1100,1109,10.0,237.66666666666666,3.0,1350.0,0.17604938271604936,OVERSUPPLY,1112.3333333333333,0.0
576,12.2,Blue-N,1100,1109,11.0,224.5,3.0,1350.0,0.1662962962962963,OVERSUPPLY,1125.5,0.0
576,12.2,Blue-N,1100,1109,12.0,284.3333333333333,3.0,1350.0,0.21061728395061727,BALANCED,1065.6666666666667,0.0
576,12.2,Blue-N,1100,1109,13.0,359.0,3.0,1350.0,0.2659259259259259,BALANCED,991.0,0.0
576,12.2,Blue-N,1100,1109,14.0,714.6666666666666,3.0,1350.0,0.5293827160493827,BALANCED,635.3333333333334,0.0
576,12.2,Blue-N,1100,1109,15.0,1170.8333333333333,3.0,1350.0,0.8672839506172839,CROWDED,179.16666666666674,0.0
576,12.2,Blue-N,1100,1109,16.0,2187.1666666666665,3.0,1350.0,1.6201234567901233,UNDERSUPPLY,0.0,837.1666666666665
576,12.2,Blue-N,1100,1109,17.0,4014.3333333333335,3.0,1350.0,2.9735802469135804,UNDERSUPPLY,0.0,2664.3333333333335
576,12.2,Blue-N,1100,1109,18.0,3792.5,3.0,1350.0,2.8092592592592593,UNDERSUPPLY,0.0,2442.5
576,12.2,Blue-N,1100,1109,19.0,1805.3333333333333,4.0,1800.0,1.0029629629629628,UNDERSUPPLY,0.0,5.3333333333332575
576,12.2,Blue-N,1100,1109,20.0,926.0,3.0,1350.0,0.6859259259259259,BALANCED,424.0,0.0
576,12.2,Blue-N,1100,1109,21.0,484.8333333333333,3.0,1350.0,0.3591358024691358,BALANCED,865.1666666666667,0.0
576,12.2,Blue-N,1100,1109,22.0,374.8333333333333,3.0,1350.0,0.2776543209876543,BALANCED,975.1666666666667,0.0
576,12.2,Blue-N,1100,1109,23.0,310.5,3.0,1350.0,0.23,BALANCED,1039.5,0.0
578,12.2,Blue-N,1101,1096,5.0,3.6666666666666665,3.0,1350.0,0.0027160493827160493,OVERSUPPLY,1346.3333333333333,0.0
578,12.2,Blue-N,1101,1096,6.0,17.666666666666664,3.0,1350.0,0.013086419753086418,OVERSUPPLY,1332.3333333333333,0.0
578,12.2,Blue-N,1101,1096,7.0,39.5,3.0,1350.0,0.02925925925925926,OVERSUPPLY,1310.5,0.0
578,12.2,Blue-N,1101,1096,8.0,51.5,3.0,1350.0,0.038148148148148146,OVERSUPPLY,1298.5,0.0
578,12.2,Blue-N,1101,1096,9.0,31.5,3.0,1350.0,0.023333333333333334,OVERSUPPLY,1318.5,0.0
578,12.2,Blue-N,1101,1096,10.0,20.666666666666668,3.0,1350.0,0.015308641975308642,OVERSUPPLY,1329.3333333333333,0.0
578,12.2,Blue-N,1101,1096,11.0,21.333333333333332,3.0,1350.0,0.01580246913580247,OVERSUPPLY,1328.6666666666667,0.0
578,12.2,Blue-N,1101,1096,12.0,15.666666666666666,3.0,1350.0,0.011604938271604939,OVERSUPPLY,1334.3333333333333,0.0
578,12.2,Blue-N,1101,1096,13.0,18.166666666666668,3.0,1350.0,0.013456790123456791,OVERSUPPLY,1331.8333333333333,0.0
578,12.2,Blue-N,1101,1096,14.0,22.833333333333332,3.0,1350.0,0.01691358024691358,OVERSUPPLY,1327.1666666666667,0.0
578,12.2,Blue-N,1101,1096,15.0,28.833333333333336,3.0,1350.0,0.021358024691358026,OVERSUPPLY,1321.1666666666667,0.0
578,12.2,Blue-N,1101,1096,16.0,45.5,3.0,1350.0,0.0337037037037037,OVERSUPPLY,1304.5,0.0
578,12.2,Blue-N,1101,1096,17.0,63.0,3.0,1350.0,0.04666666666666667,OVERSUPPLY,1287.0,0.0
578,12.2,Blue-N,1101,1096,18.0,53.0,3.0,1350.0,0.03925925925925926,OVERSUPPLY,1297.0,0.0
578,12.2,Blue-N,1101,1096,19.0,27.5,4.0,1800.0,0.015277777777777777,OVERSUPPLY,1772.5,0.0
578,12.2,Blue-N,1101,1096,20.0,17.666666666666668,3.0,1350.0,0.01308641975308642,OVERSUPPLY,1332.3333333333333,0.0
578,12.2,Blue-N,1101,1096,21.0,15.499999999999998,3.0,1350.0,0.01148148148148148,OVERSUPPLY,1334.5,0.0
578,12.2,Blue-N,1101,1096,22.0,16.166666666666668,3.0,1350.0,0.01197530864197531,OVERSUPPLY,1333.8333333333333,0.0
578,12.2,Blue-N,1101,1096,23.0,9.166666666666666,3.0,1350.0,0.006790123456790123,OVERSUPPLY,1340.8333333333333,0.0
581,12.2,Blue-N,1103,1111,5.0,7.166666666666667,3.0,1350.0,0.005308641975308642,OVERSUPPLY,1342.8333333333333,0.0
581,12.2,Blue-N,1103,1111,6.0,46.833333333333336,3.0,1350.0,0.03469135802469136,OVERSUPPLY,1303.1666666666667,0.0
581,12.2,Blue-N,1103,1111,7.0,108.5,3.0,1350.0,0.08037037037037037,OVERSUPPLY,1241.5,0.0
581,12.2,Blue-N,1103,1111,8.0,168.33333333333334,3.0,1350.0,0.12469135802469136,OVERSUPPLY,1181.6666666666667,0.0
581,12.2,Blue-N,1103,1111,9.0,112.33333333333333,3.0,1350.0,0.08320987654320987,OVERSUPPLY,1237.6666666666667,0.0
581,12.2,Blue-N,1103,1111,10.0,87.0,3.0,1350.0,0.06444444444444444,OVERSUPPLY,1263.0,0.0
581,12.2,Blue-N,1103,1111,11.0,94.5,3.0,1350.0,0.07,OVERSUPPLY,1255.5,0.0
581,12.2,Blue-N,1103,1111,12.0,143.66666666666666,3.0,1350.0,0.10641975308641975,OVERSUPPLY,1206.3333333333333,0.0
581,12.2,Blue-N,1103,1111,13.0,200.33333333333334,3.0,1350.0,0.14839506172839506,OVERSUPPLY,1149.6666666666667,0.0
581,12.2,Blue-N,1103,1111,14.0,581.8333333333334,3.0,1350.0,0.4309876543209877,BALANCED,768.1666666666666,0.0
581,12.2,Blue-N,1103,1111,15.0,837.8333333333334,3.0,1350.0,0.6206172839506173,BALANCED,512.1666666666666,0.0
581,12.2,Blue-N,1103,1111,16.0,1647.6666666666667,3.0,1350.0,1.220493827160494,UNDERSUPPLY,0.0,297.66666666666674
581,12.2,Blue-N,1103,1111,17.0,3083.1666666666665,3.0,1350.0,2.283827160493827,UNDERSUPPLY,0.0,1733.1666666666665
581,12.2,Blue-N,1103,1111,18.0,2932.8333333333335,3.0,1350.0,2.1724691358024693,UNDERSUPPLY,0.0,1582.8333333333335
581,12.2,Blue-N,1103,1111,19.0,1384.5,4.0,1800.0,0.7691666666666667,BALANCED,415.5,0.0
581,12.2,Blue-N,1103,1111,20.0,595.8333333333334,3.0,1350.0,0.44135802469135804,BALANCED,754.1666666666666,0.0
581,12.2,Blue-N,1103,1111,21.0,315.0,3.0,1350.0,0.23333333333333334,BALANCED,1035.0,0.0
581,12.2,Blue-N,1103,1111,22.0,243.83333333333334,3.0,1350.0,0.1806172839506173,OVERSUPPLY,1106.1666666666667,0.0
581,12.2,Blue-N,1103,1111,23.0,171.33333333333334,3.0,1350.0,0.1269135802469136,OVERSUPPLY,1178.6666666666667,0.0
583,12.2,Blue-N,1104,1100,5.0,34.666666666666664,3.0,1350.0,0.02567901234567901,OVERSUPPLY,1315.3333333333333,0.0
583,12.2,Blue-N,1104,1100,6.0,267.8333333333333,3.0,1350.0,0.19839506172839505,OVERSUPPLY,1082.1666666666667,0.0
583,12.2,Blue-N,1104,1100,7.0,539.8333333333334,3.0,1350.0,0.3998765432098766,BALANCED,810.1666666666666,0.0
583,12.2,Blue-N,1104,1100,8.0,668.5,3.0,1350.0,0.4951851851851852,BALANCED,681.5,0.0
583,12.2,Blue-N,1104,1100,9.0,457.1666666666667,3.0,1350.0,0.338641975308642,BALANCED,892.8333333333333,0.0
583,12.2,Blue-N,1104,1100,10.0,375.8333333333333,3.0,1350.0,0.27839506172839507,BALANCED,974.1666666666667,0.0
583,12.2,Blue-N,1104,1100,11.0,365.0,3.0,1350.0,0.27037037037037037,BALANCED,985.0,0.0
583,12.2,Blue-N,1104,1100,12.0,475.6666666666667,3.0,1350.0,0.3523456790123457,BALANCED,874.3333333333333,0.0
583,12.2,Blue-N,1104,1100,13.0,598.8333333333334,3.0,1350.0,0.4435802469135803,BALANCED,751.1666666666666,0.0
583,12.2,Blue-N,1104,1100,14.0,1128.0,3.0,1350.0,0.8355555555555556,CROWDED,222.0,0.0
583,12.2,Blue-N,1104,1100,15.0,1806.0,3.0,1350.0,1.3377777777777777,UNDERSUPPLY,0.0,456.0
583,12.2,Blue-N,1104,1100,16.0,3361.1666666666665,3.0,1350.0,2.489753086419753,UNDERSUPPLY,0.0,2011.1666666666665
583,12.2,Blue-N,1104,1100,17.0,6015.833333333333,3.0,1350.0,4.456172839506173,UNDERSUPPLY,0.0,4665.833333333333
583,12.2,Blue-N,1104,1100,18.0,5647.166666666667,3.0,1350.0,4.183086419753087,UNDERSUPPLY,0.0,4297.166666666667
583,12.2,Blue-N,1104,1100,19.0,2723.8333333333335,4.0,1800.0,1.5132407407407409,UNDERSUPPLY,0.0,923.8333333333335
583,12.2,Blue-N,1104,1100,20.0,1324.3333333333333,3.0,1350.0,0.9809876543209876,CROWDED,25.666666666666742,0.0
583,12.2,Blue-N,1104,1100,21.0,709.0,3.0,1350.0,0.5251851851851852,BALANCED,641.0,0.0
583,12.2,Blue-N,1104,1100,22.0,530.3333333333334,3.0,1350.0,0.3928395061728395,BALANCED,819.6666666666666,0.0
583,12.2,Blue-N,1104,1100,23.0,368.3333333333333,3.0,1350.0,0.2728395061728395,BALANCED,981.6666666666667,0.0
585,12.2,Blue-N,1105,1095,5.0,89.16666666666667,3.0,1350.0,0.06604938271604939,OVERSUPPLY,1260.8333333333333,0.0
585,12.2,Blue-N,1105,1095,6.0,316.1666666666667,3.0,1350.0,0.23419753086419753,BALANCED,1033.8333333333333,0.0
585,12.2,Blue-N,1105,1095,7.0,869.1666666666666,3.0,1350.0,0.6438271604938272,BALANCED,480.83333333333337,0.0
585,12.2,Blue-N,1105,1095,8.0,1477.3333333333333,3.0,1350.0,1.094320987654321,UNDERSUPPLY,0.0,127.33333333333326
585,12.2,Blue-N,1105,1095,9.0,981.6666666666666,3.0,1350.0,0.7271604938271604,BALANCED,368.33333333333337,0.0
585,12.2,Blue-N,1105,1095,10.0,414.1666666666667,3.0,1350.0,0.30679012345679013,BALANCED,935.8333333333333,0.0
585,12.2,Blue-N,1105,1095,11.0,280.0,3.0,1350.0,0.2074074074074074,BALANCED,1070.0,0.0
585,12.2,Blue-N,1105,1095,12.0,254.5,3.0,1350.0,0.18851851851851853,OVERSUPPLY,1095.5,0.0
585,12.2,Blue-N,1105,1095,13.0,234.16666666666666,3.0,1350.0,0.17345679012345677,OVERSUPPLY,1115.8333333333333,0.0
585,12.2,Blue-N,1105,1095,14.0,251.0,3.0,1350.0,0.18592592592592594,OVERSUPPLY,1099.0,0.0
585,12.2,Blue-N,1105,1095,15.0,302.8333333333333,3.0,1350.0,0.22432098765432099,BALANCED,1047.1666666666667,0.0
585,12.2,Blue-N,1105,1095,16.0,396.6666666666667,3.0,1350.0,0.2938271604938272,BALANCED,953.3333333333333,0.0
585,12.2,Blue-N,1105,1095,17.0,493.3333333333333,3.0,1350.0,0.3654320987654321,BALANCED,856.6666666666667,0.0
585,12.2,Blue-N,1105,1095,18.0,460.5,3.0,1350.0,0.3411111111111111,BALANCED,889.5,0.0
585,12.2,Blue-N,1105,1095,19.0,237.66666666666666,4.0,1800.0,0.13203703703703704,OVERSUPPLY,1562.3333333333333,0.0
585,12.2,Blue-N,1105,1095,20.0,118.33333333333333,3.0,1350.0,0.08765432098765431,OVERSUPPLY,1231.6666666666667,0.0
585,12.2,Blue-N,1105,1095,21.0,73.33333333333333,3.0,1350.0,0.05432098765432099,OVERSUPPLY,1276.6666666666667,0.0
585,12.2,Blue-N,1105,1095,22.0,59.5,3.0,1350.0,0.04407407407407407,OVERSUPPLY,1290.5,0.0
585,12.2,Blue-N,1105,1095,23.0,40.166666666666664,3.0,1350.0,0.029753086419753084,OVERSUPPLY,1309.8333333333333,0.0
587,12.2,Blue-N,1106,1104,5.0,31.666666666666664,3.0,1350.0,0.023456790123456788,OVERSUPPLY,1318.3333333333333,0.0
587,12.2,Blue-N,1106,1104,6.0,209.66666666666666,3.0,1350.0,0.15530864197530864,OVERSUPPLY,1140.3333333333333,0.0
587,12.2,Blue-N,1106,1104,7.0,425.6666666666667,3.0,1350.0,0.31530864197530867,BALANCED,924.3333333333333,0.0
587,12.2,Blue-N,1106,1104,8.0,594.5,3.0,1350.0,0.44037037037037036,BALANCED,755.5,0.0
587,12.2,Blue-N,1106,1104,9.0,400.6666666666667,3.0,1350.0,0.2967901234567901,BALANCED,949.3333333333333,0.0
587,12.2,Blue-N,1106,1104,10.0,346.0,3.0,1350.0,0.2562962962962963,BALANCED,1004.0,0.0
587,12.2,Blue-N,1106,1104,11.0,346.5,3.0,1350.0,0.25666666666666665,BALANCED,1003.5,0.0
587,12.2,Blue-N,1106,1104,12.0,450.8333333333333,3.0,1350.0,0.3339506172839506,BALANCED,899.1666666666667,0.0
587,12.2,Blue-N,1106,1104,13.0,584.0,3.0,1350.0,0.4325925925925926,BALANCED,766.0,0.0
587,12.2,Blue-N,1106,1104,14.0,1178.3333333333333,3.0,1350.0,0.8728395061728395,CROWDED,171.66666666666674,0.0
587,12.2,Blue-N,1106,1104,15.0,1836.6666666666667,3.0,1350.0,1.3604938271604938,UNDERSUPPLY,0.0,486.66666666666674
587,12.2,Blue-N,1106,1104,16.0,3434.6666666666665,3.0,1350.0,2.5441975308641975,UNDERSUPPLY,0.0,2084.6666666666665
587,12.2,Blue-N,1106,1104,17.0,6084.5,3.0,1350.0,4.507037037037037,UNDERSUPPLY,0.0,4734.5
587,12.2,Blue-N,1106,1104,18.0,5752.5,3.0,1350.0,4.261111111111111,UNDERSUPPLY,0.0,4402.5
587,12.2,Blue-N,1106,1104,19.0,2764.6666666666665,4.0,1800.0,1.535925925925926,UNDERSUPPLY,0.0,964.6666666666665
587,12.2,Blue-N,1106,1104,20.0,1344.1666666666667,3.0,1350.0,0.995679012345679,CROWDED,5.8333333333332575,0.0
587,12.2,Blue-N,1106,1104,21.0,730.1666666666666,3.0,1350.0,0.5408641975308641,BALANCED,619.8333333333334,0.0
587,12.2,Blue-N,1106,1104,22.0,544.6666666666666,3.0,1350.0,0.40345679012345675,BALANCED,805.3333333333334,0.0
587,12.2,Blue-N,1106,1104,23.0,395.6666666666667,3.0,1350.0,0.2930864197530864,BALANCED,954.3333333333333,0.0
589,12.2,Blue-N,1107,1103,5.0,0.5,3.0,1350.0,0.00037037037037037035,OVERSUPPLY,1349.5,0.0
589,12.2,Blue-N,1107,1103,6.0,5.666666666666666,3.0,1350.0,0.00419753086419753,OVERSUPPLY,1344.3333333333333,0.0
589,12.2,Blue-N,1107,1103,7.0,7.0,3.0,1350.0,0.005185185185185185,OVERSUPPLY,1343.0,0.0
589,12.2,Blue-N,1107,1103,8.0,8.833333333333332,3.0,1350.0,0.006543209876543209,OVERSUPPLY,1341.1666666666667,0.0
589,12.2,Blue-N,1107,1103,9.0,4.666666666666667,3.0,1350.0,0.0034567901234567903,OVERSUPPLY,1345.3333333333333,0.0
589,12.2,Blue-N,1107,1103,10.0,3.0,3.0,1350.0,0.0022222222222222222,OVERSUPPLY,1347.0,0.0
589,12.2,Blue-N,1107,1103,11.0,0.9999999999999999,3.0,1350.0,0.0007407407407407407,OVERSUPPLY,1349.0,0.0
589,12.2,Blue-N,1107,1103,12.0,1.3333333333333333,3.0,1350.0,0.0009876543209876543,OVERSUPPLY,1348.6666666666667,0.0
589,12.2,Blue-N,1107,1103,13.0,2.333333333333333,3.0,1350.0,0.001728395061728395,OVERSUPPLY,1347.6666666666667,0.0
589,12.2,Blue-N,1107,1103,14.0,2.5,3.0,1350.0,0.001851851851851852,OVERSUPPLY,1347.5,0.0
589,12.2,Blue-N,1107,1103,15.0,5.5,3.0,1350.0,0.004074074074074074,OVERSUPPLY,1344.5,0.0
589,12.2,Blue-N,1107,1103,16.0,12.5,3.0,1350.0,0.009259259259259259,OVERSUPPLY,1337.5,0.0
589,12.2,Blue-N,1107,1103,17.0,22.166666666666668,3.0,1350.0,0.016419753086419756,OVERSUPPLY,1327.8333333333333,0.0
589,12.2,Blue-N,1107,1103,18.0,22.833333333333336,3.0,1350.0,0.01691358024691358,OVERSUPPLY,1327.1666666666667,0.0
589,12.2,Blue-N,1107,1103,19.0,14.166666666666666,4.0,1800.0,0.00787037037037037,OVERSUPPLY,1785.8333333333333,0.0
589,12.2,Blue-N,1107,1103,20.0,6.0,3.0,1350.0,0.0044444444444444444,OVERSUPPLY,1344.0,0.0
589,12.2,Blue-N,1107,1103,21.0,3.0,3.0,1350.0,0.0022222222222222222,OVERSUPPLY,1347.0,0.0
589,12.2,Blue-N,1107,1103,22.0,1.5,3.0,1350.0,0.0011111111111111111,OVERSUPPLY,1348.5,0.0
589,12.2,Blue-N,1107,1103,23.0,0.8333333333333333,3.0,1350.0,0.0006172839506172839,OVERSUPPLY,1349.1666666666667,0.0
591,12.2,Blue-N,1108,1107,5.0,1.0,3.0,1350.0,0.0007407407407407407,OVERSUPPLY,1349.0,0.0
591,12.2,Blue-N,1108,1107,6.0,6.5,3.0,1350.0,0.004814814814814815,OVERSUPPLY,1343.5,0.0
591,12.2,Blue-N,1108,1107,7.0,8.666666666666668,3.0,1350.0,0.0064197530864197536,OVERSUPPLY,1341.3333333333333,0.0
591,12.2,Blue-N,1108,1107,8.0,13.0,3.0,1350.0,0.00962962962962963,OVERSUPPLY,1337.0,0.0
591,12.2,Blue-N,1108,1107,9.0,9.333333333333334,3.0,1350.0,0.006913580246913581,OVERSUPPLY,1340.6666666666667,0.0
591,12.2,Blue-N,1108,1107,10.0,6.333333333333334,3.0,1350.0,0.004691358024691359,OVERSUPPLY,1343.6666666666667,0.0
591,12.2,Blue-N,1108,1107,11.0,7.166666666666667,3.0,1350.0,0.005308641975308642,OVERSUPPLY,1342.8333333333333,0.0
591,12.2,Blue-N,1108,1107,12.0,14.166666666666668,3.0,1350.0,0.010493827160493827,OVERSUPPLY,1335.8333333333333,0.0
591,12.2,Blue-N,1108,1107,13.0,14.333333333333332,3.0,1350.0,0.010617283950617283,OVERSUPPLY,1335.6666666666667,0.0
591,12.2,Blue-N,1108,1107,14.0,11.0,3.0,1350.0,0.008148148148148147,OVERSUPPLY,1339.0,0.0
591,12.2,Blue-N,1108,1107,15.0,12.5,3.0,1350.0,0.009259259259259259,OVERSUPPLY,1337.5,0.0
591,12.2,Blue-N,1108,1107,16.0,17.333333333333332,3.0,1350.0,0.012839506172839505,OVERSUPPLY,1332.6666666666667,0.0
591,12.2,Blue-N,1108,1107,17.0,29.666666666666664,3.0,1350.0,0.021975308641975305,OVERSUPPLY,1320.3333333333333,0.0
591,12.2,Blue-N,1108,1107,18.0,27.0,3.0,1350.0,0.02,OVERSUPPLY,1323.0,0.0
591,12.2,Blue-N,1108,1107,19.0,16.166666666666668,4.0,1800.0,0.008981481481481483,OVERSUPPLY,1783.8333333333333,0.0
591,12.2,Blue-N,1108,1107,20.0,7.833333333333333,3.0,1350.0,0.005802469135802469,OVERSUPPLY,1342.1666666666667,0.0
591,12.2,Blue-N,1108,1107,21.0,3.6666666666666665,3.0,1350.0,0.0027160493827160493,OVERSUPPLY,1346.3333333333333,0.0
591,12.2,Blue-N,1108,1107,22.0,2.1666666666666665,3.0,1350.0,0.0016049382716049382,OVERSUPPLY,1347.8333333333333,0.0
591,12.2,Blue-N,1108,1107,23.0,1.5,3.0,1350.0,0.0011111111111111111,OVERSUPPLY,1348.5,0.0
593,12.2,Blue-N,1109,1097,5.0,4.166666666666666,3.0,1350.0,0.003086419753086419,OVERSUPPLY,1345.8333333333333,0.0
593,12.2,Blue-N,1109,1097,6.0,91.83333333333333,3.0,1350.0,0.06802469135802469,OVERSUPPLY,1258.1666666666667,0.0
593,12.2,Blue-N,1109,1097,7.0,180.66666666666666,3.0,1350.0,0.13382716049382715,OVERSUPPLY,1169.3333333333333,0.0
593,12.2,Blue-N,1109,1097,8.0,267.1666666666667,3.0,1350.0,0.19790123456790124,OVERSUPPLY,1082.8333333333333,0.0
593,12.2,Blue-N,1109,1097,9.0,166.5,3.0,1350.0,0.12333333333333334,OVERSUPPLY,1183.5,0.0
593,12.2,Blue-N,1109,1097,10.0,133.66666666666666,3.0,1350.0,0.09901234567901233,OVERSUPPLY,1216.3333333333333,0.0
593,12.2,Blue-N,1109,1097,11.0,114.33333333333333,3.0,1350.0,0.08469135802469135,OVERSUPPLY,1235.6666666666667,0.0
593,12.2,Blue-N,1109,1097,12.0,129.83333333333334,3.0,1350.0,0.09617283950617285,OVERSUPPLY,1220.1666666666667,0.0
593,12.2,Blue-N,1109,1097,13.0,171.5,3.0,1350.0,0.12703703703703703,OVERSUPPLY,1178.5,0.0
593,12.2,Blue-N,1109,1097,14.0,329.6666666666667,3.0,1350.0,0.24419753086419754,BALANCED,1020.3333333333333,0.0
593,12.2,Blue-N,1109,1097,15.0,622.6666666666666,3.0,1350.0,0.4612345679012345,BALANCED,727.3333333333334,0.0
593,12.2,Blue-N,1109,1097,16.0,1175.6666666666667,3.0,1350.0,0.8708641975308643,CROWDED,174.33333333333326,0.0
593,12.2,Blue-N,1109,1097,17.0,2297.5,3.0,1350.0,1.701851851851852,UNDERSUPPLY,0.0,947.5
593,12.2,Blue-N,1109,1097,18.0,2351.0,3.0,1350.0,1.7414814814814814,UNDERSUPPLY,0.0,1001.0
593,12.2,Blue-N,1109,1097,19.0,1074.3333333333333,4.0,1800.0,0.5968518518518519,BALANCED,725.6666666666667,0.0
593,12.2,Blue-N,1109,1097,20.0,577.5,3.0,1350.0,0.42777777777777776,BALANCED,772.5,0.0
593,12.2,Blue-N,1109,1097,21.0,307.0,3.0,1350.0,0.22740740740740742,BALANCED,1043.0,0.0
593,12.2,Blue-N,1109,1097,22.0,179.5,3.0,1350.0,0.13296296296296295,OVERSUPPLY,1170.5,0.0
593,12.2,Blue-N,1109,1097,23.0,166.0,3.0,1350.0,0.12296296296296297,OVERSUPPLY,1184.0,0.0
595,12.2,Blue-N,1110,1102,5.0,5.5,3.0,1350.0,0.004074074074074074,OVERSUPPLY,1344.5,0.0
595,12.2,Blue-N,1110,1102,6.0,169.66666666666666,3.0,1350.0,0.125679012345679,OVERSUPPLY,1180.3333333333333,0.0
595,12.2,Blue-N,1110,1102,7.0,238.16666666666666,3.0,1350.0,0.17641975308641974,OVERSUPPLY,1111.8333333333333,0.0
595,12.2,Blue-N,1110,1102,8.0,283.0,3.0,1350.0,0.20962962962962964,BALANCED,1067.0,0.0
595,12.2,Blue-N,1110,1102,9.0,143.16666666666666,3.0,1350.0,0.10604938271604937,OVERSUPPLY,1206.8333333333333,0.0
595,12.2,Blue-N,1110,1102,10.0,144.16666666666666,3.0,1350.0,0.10679012345679012,OVERSUPPLY,1205.8333333333333,0.0
595,12.2,Blue-N,1110,1102,11.0,118.0,3.0,1350.0,0.0874074074074074,OVERSUPPLY,1232.0,0.0
595,12.2,Blue-N,1110,1102,12.0,132.5,3.0,1350.0,0.09814814814814815,OVERSUPPLY,1217.5,0.0
595,12.2,Blue-N,1110,1102,13.0,153.66666666666666,3.0,1350.0,0.11382716049382716,OVERSUPPLY,1196.3333333333333,0.0
595,12.2,Blue-N,1110,1102,14.0,307.0,3.0,1350.0,0.22740740740740742,BALANCED,1043.0,0.0
595,12.2,Blue-N,1110,1102,15.0,550.1666666666666,3.0,1350.0,0.4075308641975308,BALANCED,799.8333333333334,0.0
595,12.2,Blue-N,1110,1102,16.0,982.8333333333334,3.0,1350.0,0.7280246913580247,BALANCED,367.16666666666663,0.0
595,12.2,Blue-N,1110,1102,17.0,1919.5,3.0,1350.0,1.421851851851852,UNDERSUPPLY,0.0,569.5
595,12.2,Blue-N,1110,1102,18.0,1916.3333333333333,3.0,1350.0,1.4195061728395062,UNDERSUPPLY,0.0,566.3333333333333
595,12.2,Blue-N,1110,1102,19.0,791.3333333333334,4.0,1800.0,0.43962962962962965,BALANCED,1008.6666666666666,0.0
595,12.2,Blue-N,1110,1102,20.0,424.5,3.0,1350.0,0.31444444444444447,BALANCED,925.5,0.0
595,12.2,Blue-N,1110,1102,21.0,209.66666666666666,3.0,1350.0,0.15530864197530864,OVERSUPPLY,1140.3333333333333,0.0
595,12.2,Blue-N,1110,1102,22.0,122.16666666666667,3.0,1350.0,0.09049382716049383,OVERSUPPLY,1227.8333333333333,0.0
595,12.2,Blue-N,1110,1102,23.0,111.33333333333333,3.0,1350.0,0.08246913580246913,OVERSUPPLY,1238.6666666666667,0.0
597,12.2,Blue-N,1111,1106,5.0,28.0,3.0,1350.0,0.02074074074074074,OVERSUPPLY,1322.0,0.0
597,12.2,Blue-N,1111,1106,6.0,147.16666666666666,3.0,1350.0,0.10901234567901234,OVERSUPPLY,1202.8333333333333,0.0
597,12.2,Blue-N,1111,1106,7.0,312.6666666666667,3.0,1350.0,0.23160493827160494,BALANCED,1037.3333333333333,0.0
597,12.2,Blue-N,1111,1106,8.0,453.5,3.0,1350.0,0.3359259259259259,BALANCED,896.5,0.0
597,12.2,Blue-N,1111,1106,9.0,301.0,3.0,1350.0,0.22296296296296297,BALANCED,1049.0,0.0
597,12.2,Blue-N,1111,1106,10.0,266.6666666666667,3.0,1350.0,0.19753086419753088,OVERSUPPLY,1083.3333333333333,0.0
597,12.2,Blue-N,1111,1106,11.0,261.5,3.0,1350.0,0.1937037037037037,OVERSUPPLY,1088.5,0.0
597,12.2,Blue-N,1111,1106,12.0,345.0,3.0,1350.0,0.25555555555555554,BALANCED,1005.0,0.0
597,12.2,Blue-N,1111,1106,13.0,486.8333333333333,3.0,1350.0,0.36061728395061726,BALANCED,863.1666666666667,0.0
597,12.2,Blue-N,1111,1106,14.0,1061.8333333333333,3.0,1350.0,0.7865432098765431,BALANCED,288.16666666666674,0.0
597,12.2,Blue-N,1111,1106,15.0,1661.5,3.0,1350.0,1.2307407407407407,UNDERSUPPLY,0.0,311.5
597,12.2,Blue-N,1111,1106,16.0,3125.6666666666665,3.0,1350.0,2.3153086419753084,UNDERSUPPLY,0.0,1775.6666666666665
597,12.2,Blue-N,1111,1106,17.0,5697.833333333333,3.0,1350.0,4.220617283950617,UNDERSUPPLY,0.0,4347.833333333333
597,12.2,Blue-N,1111,1106,18.0,5612.0,3.0,1350.0,4.157037037037037,UNDERSUPPLY,0.0,4262.0
597,12.2,Blue-N,1111,1106,19.0,2723.6666666666665,4.0,1800.0,1.5131481481481481,UNDERSUPPLY,0.0,923.6666666666665
597,12.2,Blue-N,1111,1106,20.0,1311.0,3.0,1350.0,0.9711111111111111,CROWDED,39.0,0.0
597,12.2,Blue-N,1111,1106,21.0,698.6666666666666,3.0,1350.0,0.5175308641975308,BALANCED,651.3333333333334,0.0
597,12.2,Blue-N,1111,1106,22.0,521.6666666666666,3.0,1350.0,0.38641975308641974,BALANCED,828.3333333333334,0.0
597,12.2,Blue-N,1111,1106,23.0,381.3333333333333,3.0,1350.0,0.28246913580246913,BALANCED,968.6666666666667,0.0
600,19.2,Beige-N,1113,1112,5.0,0.6666666666666666,9.0,4050.0,0.00016460905349794237,OVERSUPPLY,4049.3333333333335,0.0
600,19.2,Beige-N,1113,1112,6.0,3.333333333333333,10.0,4500.0,0.0007407407407407407,OVERSUPPLY,4496.666666666667,0.0
600,19.2,Beige-N,1113,1112,7.0,29.333333333333332,10.0,4500.0,0.006518518518518518,OVERSUPPLY,4470.666666666667,0.0
600,19.2,Beige-N,1113,1112,8.0,97.0,9.0,4050.0,0.023950617283950617,OVERSUPPLY,3953.0,0.0
600,19.2,Beige-N,1113,1112,9.0,97.0,10.0,4500.0,0.021555555555555557,OVERSUPPLY,4403.0,0.0
600,19.2,Beige-N,1113,1112,10.0,133.33333333333334,10.0,4500.0,0.02962962962962963,OVERSUPPLY,4366.666666666667,0.0
600,19.2,Beige-N,1113,1112,11.0,89.33333333333333,9.0,4050.0,0.022057613168724278,OVERSUPPLY,3960.6666666666665,0.0
600,19.2,Beige-N,1113,1112,12.0,73.66666666666667,10.0,4500.0,0.016370370370370372,OVERSUPPLY,4426.333333333333,0.0
600,19.2,Beige-N,1113,1112,13.0,91.33333333333333,10.0,4500.0,0.020296296296296295,OVERSUPPLY,4408.666666666667,0.0
600,19.2,Beige-N,1113,1112,14.0,70.0,9.0,4050.0,0.01728395061728395,OVERSUPPLY,3980.0,0.0
600,19.2,Beige-N,1113,1112,15.0,83.0,10.0,4500.0,0.018444444444444444,OVERSUPPLY,4417.0,0.0
600,19.2,Beige-N,1113,1112,16.0,93.66666666666667,10.0,4500.0,0.020814814814814817,OVERSUPPLY,4406.333333333333,0.0
600,19.2,Beige-N,1113,1112,17.0,79.0,9.0,4050.0,0.01950617283950617,OVERSUPPLY,3971.0,0.0
600,19.2,Beige-N,1113,1112,18.0,67.33333333333333,10.0,4500.0,0.014962962962962963,OVERSUPPLY,4432.666666666667,0.0
600,19.2,Beige-N,1113,1112,19.0,95.66666666666667,10.0,4500.0,0.02125925925925926,OVERSUPPLY,4404.333333333333,0.0
600,19.2,Beige-N,1113,1112,20.0,94.66666666666667,10.0,4500.0,0.021037037037037038,OVERSUPPLY,4405.333333333333,0.0
600,19.2,Beige-N,1113,1112,21.0,54.333333333333336,9.0,4050.0,0.013415637860082305,OVERSUPPLY,3995.6666666666665,0.0
600,19.2,Beige-N,1113,1112,22.0,44.333333333333336,10.0,4500.0,0.009851851851851853,OVERSUPPLY,4455.666666666667,0.0
600,19.2,Beige-N,1113,1112,23.0,33.666666666666664,3.0,1350.0,0.02493827160493827,OVERSUPPLY,1316.3333333333333,0.0
602,2.2,Yellow-N,1114,1120,5.0,0.8333333333333333,7.0,5250.0,0.0001587301587301587,OVERSUPPLY,5249.166666666667,0.0
602,2.2,Yellow-N,1114,1120,6.0,40.166666666666664,6.0,4500.0,0.008925925925925926,OVERSUPPLY,4459.833333333333,0.0
602,2.2,Yellow-N,1114,1120,7.0,65.33333333333333,6.0,4500.0,0.014518518518518517,OVERSUPPLY,4434.666666666667,0.0
602,2.2,Yellow-N,1114,1120,8.0,107.0,6.0,4500.0,0.023777777777777776,OVERSUPPLY,4393.0,0.0
602,2.2,Yellow-N,1114,1120,9.0,90.83333333333333,6.0,4500.0,0.020185185185185184,OVERSUPPLY,4409.166666666667,0.0
602,2.2,Yellow-N,1114,1120,10.0,69.0,6.0,4500.0,0.015333333333333332,OVERSUPPLY,4431.0,0.0
602,2.2,Yellow-N,1114,1120,11.0,84.5,6.0,4500.0,0.01877777777777778,OVERSUPPLY,4415.5,0.0
602,2.2,Yellow-N,1114,1120,12.0,109.5,6.0,4500.0,0.024333333333333332,OVERSUPPLY,4390.5,0.0
602,2.2,Yellow-N,1114,1120,13.0,191.83333333333334,6.0,4500.0,0.04262962962962963,OVERSUPPLY,4308.166666666667,0.0
602,2.2,Yellow-N,1114,1120,14.0,278.8333333333333,6.0,4500.0,0.061962962962962956,OVERSUPPLY,4221.166666666667,0.0
602,2.2,Yellow-N,1114,1120,15.0,614.3333333333334,6.0,4500.0,0.13651851851851854,OVERSUPPLY,3885.6666666666665,0.0
602,2.2,Yellow-N,1114,1120,16.0,1263.8333333333333,6.0,4500.0,0.28085185185185185,BALANCED,3236.166666666667,0.0
602,2.2,Yellow-N,1114,1120,17.0,1826.8333333333333,6.0,4500.0,0.40596296296296297,BALANCED,2673.166666666667,0.0
602,2.2,Yellow-N,1114,1120,18.0,2183.3333333333335,6.0,4500.0,0.4851851851851852,BALANCED,2316.6666666666665,0.0
602,2.2,Yellow-N,1114,1120,19.0,966.8333333333334,6.0,4500.0,0.21485185185185185,BALANCED,3533.1666666666665,0.0
602,2.2,Yellow-N,1114,1120,20.0,522.5,5.0,3750.0,0.13933333333333334,OVERSUPPLY,3227.5,0.0
602,2.2,Yellow-N,1114,1120,21.0,290.0,4.0,3000.0,0.09666666666666666,OVERSUPPLY,2710.0,0.0
602,2.2,Yellow-N,1114,1120,22.0,234.83333333333334,3.0,2250.0,0.10437037037037038,OVERSUPPLY,2015.1666666666667,0.0
602,2.2,Yellow-N,1114,1120,23.0,165.83333333333334,4.0,3000.0,0.05527777777777778,OVERSUPPLY,2834.1666666666665,0.0
604,2.2,Yellow-N,1115,1121,5.0,20.5,7.0,5250.0,0.003904761904761905,OVERSUPPLY,5229.5,0.0
604,2.2,Yellow-N,1115,1121,6.0,132.66666666666666,6.0,4500.0,0.02948148148148148,OVERSUPPLY,4367.333333333333,0.0
604,2.2,Yellow-N,1115,1121,7.0,448.0,6.0,4500.0,0.09955555555555555,OVERSUPPLY,4052.0,0.0
604,2.2,Yellow-N,1115,1121,8.0,718.8333333333334,6.0,4500.0,0.15974074074074074,OVERSUPPLY,3781.1666666666665,0.0
604,2.2,Yellow-N,1115,1121,9.0,510.1666666666667,6.0,4500.0,0.11337037037037037,OVERSUPPLY,3989.8333333333335,0.0
604,2.2,Yellow-N,1115,1121,10.0,250.0,6.0,4500.0,0.05555555555555555,OVERSUPPLY,4250.0,0.0
604,2.2,Yellow-N,1115,1121,11.0,252.66666666666666,6.0,4500.0,0.05614814814814815,OVERSUPPLY,4247.333333333333,0.0
604,2.2,Yellow-N,1115,1121,12.0,348.1666666666667,6.0,4500.0,0.07737037037037038,OVERSUPPLY,4151.833333333333,0.0
604,2.2,Yellow-N,1115,1121,13.0,465.6666666666667,6.0,4500.0,0.10348148148148148,OVERSUPPLY,4034.3333333333335,0.0
604,2.2,Yellow-N,1115,1121,14.0,694.1666666666666,6.0,4500.0,0.15425925925925926,OVERSUPPLY,3805.8333333333335,0.0
604,2.2,Yellow-N,1115,1121,15.0,1166.3333333333333,6.0,4500.0,0.2591851851851852,BALANCED,3333.666666666667,0.0
604,2.2,Yellow-N,1115,1121,16.0,2456.6666666666665,6.0,4500.0,0.5459259259259259,BALANCED,2043.3333333333335,0.0
604,2.2,Yellow-N,1115,1121,17.0,4517.0,6.0,4500.0,1.0037777777777779,UNDERSUPPLY,0.0,17.0
604,2.2,Yellow-N,1115,1121,18.0,3997.6666666666665,6.0,4500.0,0.8883703703703704,CROWDED,502.3333333333335,0.0
604,2.2,Yellow-N,1115,1121,19.0,2085.5,6.0,4500.0,0.46344444444444444,BALANCED,2414.5,0.0
604,2.2,Yellow-N,1115,1121,20.0,1148.3333333333333,5.0,3750.0,0.30622222222222223,BALANCED,2601.666666666667,0.0
604,2.2,Yellow-N,1115,1121,21.0,656.6666666666666,4.0,3000.0,0.21888888888888888,BALANCED,2343.3333333333335,0.0
604,2.2,Yellow-N,1115,1121,22.0,523.3333333333334,3.0,2250.0,0.2325925925925926,BALANCED,1726.6666666666665,0.0
604,2.2,Yellow-N,1115,1121,23.0,280.8333333333333,4.0,3000.0,0.0936111111111111,OVERSUPPLY,2719.1666666666665,0.0
606,2.2,Yellow-N,1116,1122,5.0,7.833333333333333,7.0,5250.0,0.001492063492063492,OVERSUPPLY,5242.166666666667,0.0
606,2.2,Yellow-N,1116,1122,6.0,52.333333333333336,6.0,4500.0,0.01162962962962963,OVERSUPPLY,4447.666666666667,0.0
606,2.2,Yellow-N,1116,1122,7.0,161.66666666666666,6.0,4500.0,0.035925925925925924,OVERSUPPLY,4338.333333333333,0.0
606,2.2,Yellow-N,1116,1122,8.0,255.33333333333334,6.0,4500.0,0.056740740740740744,OVERSUPPLY,4244.666666666667,0.0
606,2.2,Yellow-N,1116,1122,9.0,182.0,6.0,4500.0,0.04044444444444444,OVERSUPPLY,4318.0,0.0
606,2.2,Yellow-N,1116,1122,10.0,102.16666666666667,6.0,4500.0,0.022703703703703705,OVERSUPPLY,4397.833333333333,0.0
606,2.2,Yellow-N,1116,1122,11.0,100.33333333333333,6.0,4500.0,0.022296296296296297,OVERSUPPLY,4399.666666666667,0.0
606,2.2,Yellow-N,1116,1122,12.0,152.33333333333334,6.0,4500.0,0.033851851851851855,OVERSUPPLY,4347.666666666667,0.0
606,2.2,Yellow-N,1116,1122,13.0,224.5,6.0,4500.0,0.04988888888888889,OVERSUPPLY,4275.5,0.0
606,2.2,Yellow-N,1116,1122,14.0,348.0,6.0,4500.0,0.07733333333333334,OVERSUPPLY,4152.0,0.0
606,2.2,Yellow-N,1116,1122,15.0,628.6666666666666,6.0,4500.0,0.1397037037037037,OVERSUPPLY,3871.3333333333335,0.0
606,2.2,Yellow-N,1116,1122,16.0,1342.5,6.0,4500.0,0.29833333333333334,BALANCED,3157.5,0.0
606,2.2,Yellow-N,1116,1122,17.0,2280.8333333333335,6.0,4500.0,0.5068518518518519,BALANCED,2219.1666666666665,0.0
606,2.2,Yellow-N,1116,1122,18.0,1961.5,6.0,4500.0,0.4358888888888889,BALANCED,2538.5,0.0
606,2.2,Yellow-N,1116,1122,19.0,959.1666666666666,6.0,4500.0,0.21314814814814814,BALANCED,3540.8333333333335,0.0
606,2.2,Yellow-N,1116,1122,20.0,483.6666666666667,5.0,3750.0,0.12897777777777777,OVERSUPPLY,3266.3333333333335,0.0
606,2.2,Yellow-N,1116,1122,21.0,264.6666666666667,4.0,3000.0,0.08822222222222223,OVERSUPPLY,2735.3333333333335,0.0
606,2.2,Yellow-N,1116,1122,22.0,228.16666666666666,3.0,2250.0,0.1014074074074074,OVERSUPPLY,2021.8333333333333,0.0
606,2.2,Yellow-N,1116,1122,23.0,120.0,4.0,3000.0,0.04,OVERSUPPLY,2880.0,0.0
610,2.2,Yellow-N,1118,1132,5.0,47.333333333333336,7.0,5250.0,0.009015873015873017,OVERSUPPLY,5202.666666666667,0.0
610,2.2,Yellow-N,1118,1132,6.0,122.16666666666666,6.0,4500.0,0.027148148148148147,OVERSUPPLY,4377.833333333333,0.0
610,2.2,Yellow-N,1118,1132,7.0,294.66666666666663,6.0,4500.0,0.06548148148148147,OVERSUPPLY,4205.333333333333,0.0
610,2.2,Yellow-N,1118,1132,8.0,697.8333333333333,6.0,4500.0,0.15507407407407406,OVERSUPPLY,3802.166666666667,0.0
610,2.2,Yellow-N,1118,1132,9.0,510.16666666666663,6.0,4500.0,0.11337037037037036,OVERSUPPLY,3989.8333333333335,0.0
610,2.2,Yellow-N,1118,1132,10.0,180.66666666666669,6.0,4500.0,0.040148148148148155,OVERSUPPLY,4319.333333333333,0.0
610,2.2,Yellow-N,1118,1132,11.0,100.83333333333333,6.0,4500.0,0.022407407407407407,OVERSUPPLY,4399.166666666667,0.0
610,2.2,Yellow-N,1118,1132,12.0,77.66666666666666,6.0,4500.0,0.017259259259259255,OVERSUPPLY,4422.333333333333,0.0
610,2.2,Yellow-N,1118,1132,13.0,76.66666666666667,6.0,4500.0,0.017037037037037038,OVERSUPPLY,4423.333333333333,0.0
610,2.2,Yellow-N,1118,1132,14.0,73.16666666666667,6.0,4500.0,0.01625925925925926,OVERSUPPLY,4426.833333333333,0.0
610,2.2,Yellow-N,1118,1132,15.0,97.83333333333333,6.0,4500.0,0.02174074074074074,OVERSUPPLY,4402.166666666667,0.0
610,2.2,Yellow-N,1118,1132,16.0,167.83333333333334,6.0,4500.0,0.0372962962962963,OVERSUPPLY,4332.166666666667,0.0
610,2.2,Yellow-N,1118,1132,17.0,187.66666666666666,6.0,4500.0,0.0417037037037037,OVERSUPPLY,4312.333333333333,0.0
610,2.2,Yellow-N,1118,1132,18.0,189.66666666666666,6.0,4500.0,0.04214814814814814,OVERSUPPLY,4310.333333333333,0.0
610,2.2,Yellow-N,1118,1132,19.0,90.0,6.0,4500.0,0.02,OVERSUPPLY,4410.0,0.0
610,2.2,Yellow-N,1118,1132,20.0,39.833333333333336,5.0,3750.0,0.010622222222222222,OVERSUPPLY,3710.1666666666665,0.0
610,2.2,Yellow-N,1118,1132,21.0,22.666666666666668,4.0,3000.0,0.007555555555555556,OVERSUPPLY,2977.3333333333335,0.0
610,2.2,Yellow-N,1118,1132,22.0,13.166666666666666,3.0,2250.0,0.005851851851851852,OVERSUPPLY,2236.8333333333335,0.0
610,2.2,Yellow-N,1118,1132,23.0,7.833333333333333,4.0,3000.0,0.002611111111111111,OVERSUPPLY,2992.1666666666665,0.0
612,2.2,Yellow-N,1119,1133,5.0,0.3333333333333333,7.0,5250.0,6.349206349206349e-05,OVERSUPPLY,5249.666666666667,0.0
612,2.2,Yellow-N,1119,1133,6.0,3.0,6.0,4500.0,0.0006666666666666666,OVERSUPPLY,4497.0,0.0
612,2.2,Yellow-N,1119,1133,7.0,5.0,6.0,4500.0,0.0011111111111111111,OVERSUPPLY,4495.0,0.0
612,2.2,Yellow-N,1119,1133,8.0,3.833333333333333,6.0,4500.0,0.0008518518518518518,OVERSUPPLY,4496.166666666667,0.0
612,2.2,Yellow-N,1119,1133,9.0,2.6666666666666665,6.0,4500.0,0.0005925925925925926,OVERSUPPLY,4497.333333333333,0.0
612,2.2,Yellow-N,1119,1133,10.0,3.1666666666666665,6.0,4500.0,0.0007037037037037037,OVERSUPPLY,4496.833333333333,0.0
612,2.2,Yellow-N,1119,1133,11.0,1.8333333333333333,6.0,4500.0,0.0004074074074074074,OVERSUPPLY,4498.166666666667,0.0
612,2.2,Yellow-N,1119,1133,12.0,1.1666666666666665,6.0,4500.0,0.0002592592592592592,OVERSUPPLY,4498.833333333333,0.0
612,2.2,Yellow-N,1119,1133,13.0,1.833333333333333,6.0,4500.0,0.00040740740740740733,OVERSUPPLY,4498.166666666667,0.0
612,2.2,Yellow-N,1119,1133,14.0,5.0,6.0,4500.0,0.0011111111111111111,OVERSUPPLY,4495.0,0.0
612,2.2,Yellow-N,1119,1133,15.0,9.333333333333334,6.0,4500.0,0.002074074074074074,OVERSUPPLY,4490.666666666667,0.0
612,2.2,Yellow-N,1119,1133,16.0,32.833333333333336,6.0,4500.0,0.007296296296296297,OVERSUPPLY,4467.166666666667,0.0
612,2.2,Yellow-N,1119,1133,17.0,35.666666666666664,6.0,4500.0,0.007925925925925925,OVERSUPPLY,4464.333333333333,0.0
612,2.2,Yellow-N,1119,1133,18.0,34.5,6.0,4500.0,0.007666666666666666,OVERSUPPLY,4465.5,0.0
612,2.2,Yellow-N,1119,1133,19.0,13.5,6.0,4500.0,0.003,OVERSUPPLY,4486.5,0.0
612,2.2,Yellow-N,1119,1133,20.0,6.666666666666667,5.0,3750.0,0.0017777777777777779,OVERSUPPLY,3743.3333333333335,0.0
612,2.2,Yellow-N,1119,1133,21.0,3.3333333333333335,4.0,3000.0,0.0011111111111111111,OVERSUPPLY,2996.6666666666665,0.0
612,2.2,Yellow-N,1119,1133,22.0,1.8333333333333333,3.0,2250.0,0.0008148148148148148,OVERSUPPLY,2248.1666666666665,0.0
612,2.2,Yellow-N,1119,1133,23.0,1.0,4.0,3000.0,0.0003333333333333333,OVERSUPPLY,2999.0,0.0
614,2.2,Yellow-N,1120,1151,5.0,1.3333333333333333,7.0,5250.0,0.00025396825396825396,OVERSUPPLY,5248.666666666667,0.0
614,2.2,Yellow-N,1120,1151,6.0,62.0,6.0,4500.0,0.013777777777777778,OVERSUPPLY,4438.0,0.0
614,2.2,Yellow-N,1120,1151,7.0,104.5,6.0,4500.0,0.02322222222222222,OVERSUPPLY,4395.5,0.0
614,2.2,Yellow-N,1120,1151,8.0,160.16666666666666,6.0,4500.0,0.03559259259259259,OVERSUPPLY,4339.833333333333,0.0
614,2.2,Yellow-N,1120,1151,9.0,127.66666666666667,6.0,4500.0,0.028370370370370372,OVERSUPPLY,4372.333333333333,0.0
614,2.2,Yellow-N,1120,1151,10.0,91.83333333333333,6.0,4500.0,0.020407407407407405,OVERSUPPLY,4408.166666666667,0.0
614,2.2,Yellow-N,1120,1151,11.0,116.16666666666667,6.0,4500.0,0.025814814814814815,OVERSUPPLY,4383.833333333333,0.0
614,2.2,Yellow-N,1120,1151,12.0,160.5,6.0,4500.0,0.035666666666666666,OVERSUPPLY,4339.5,0.0
614,2.2,Yellow-N,1120,1151,13.0,260.3333333333333,6.0,4500.0,0.05785185185185185,OVERSUPPLY,4239.666666666667,0.0
614,2.2,Yellow-N,1120,1151,14.0,362.5,6.0,4500.0,0.08055555555555556,OVERSUPPLY,4137.5,0.0
614,2.2,Yellow-N,1120,1151,15.0,831.8333333333333,6.0,4500.0,0.18485185185185182,OVERSUPPLY,3668.166666666667,0.0
614,2.2,Yellow-N,1120,1151,16.0,1743.8333333333333,6.0,4500.0,0.3875185185185185,BALANCED,2756.166666666667,0.0
614,2.2,Yellow-N,1120,1151,17.0,2509.8333333333335,6.0,4500.0,0.5577407407407408,BALANCED,1990.1666666666665,0.0
614,2.2,Yellow-N,1120,1151,18.0,2698.6666666666665,6.0,4500.0,0.5997037037037036,BALANCED,1801.3333333333335,0.0
614,2.2,Yellow-N,1120,1151,19.0,1167.5,6.0,4500.0,0.2594444444444444,BALANCED,3332.5,0.0
614,2.2,Yellow-N,1120,1151,20.0,641.3333333333334,5.0,3750.0,0.17102222222222224,OVERSUPPLY,3108.6666666666665,0.0
614,2.2,Yellow-N,1120,1151,21.0,359.3333333333333,4.0,3000.0,0.11977777777777777,OVERSUPPLY,2640.6666666666665,0.0
614,2.2,Yellow-N,1120,1151,22.0,277.8333333333333,3.0,2250.0,0.12348148148148147,OVERSUPPLY,1972.1666666666667,0.0
614,2.2,Yellow-N,1120,1151,23.0,209.5,4.0,3000.0,0.06983333333333333,OVERSUPPLY,2790.5,0.0
616,2.2,Yellow-N,1121,1152,5.0,9.333333333333334,7.0,5250.0,0.0017777777777777779,OVERSUPPLY,5240.666666666667,0.0
616,2.2,Yellow-N,1121,1152,6.0,77.16666666666667,6.0,4500.0,0.01714814814814815,OVERSUPPLY,4422.833333333333,0.0
616,2.2,Yellow-N,1121,1152,7.0,189.33333333333334,6.0,4500.0,0.042074074074074076,OVERSUPPLY,4310.666666666667,0.0
616,2.2,Yellow-N,1121,1152,8.0,268.0,6.0,4500.0,0.059555555555555556,OVERSUPPLY,4232.0,0.0
616,2.2,Yellow-N,1121,1152,9.0,181.66666666666666,6.0,4500.0,0.04037037037037037,OVERSUPPLY,4318.333333333333,0.0
616,2.2,Yellow-N,1121,1152,10.0,142.33333333333334,6.0,4500.0,0.03162962962962963,OVERSUPPLY,4357.666666666667,0.0
616,2.2,Yellow-N,1121,1152,11.0,165.33333333333334,6.0,4500.0,0.03674074074074074,OVERSUPPLY,4334.666666666667,0.0
616,2.2,Yellow-N,1121,1152,12.0,250.83333333333334,6.0,4500.0,0.055740740740740743,OVERSUPPLY,4249.166666666667,0.0
616,2.2,Yellow-N,1121,1152,13.0,368.1666666666667,6.0,4500.0,0.08181481481481481,OVERSUPPLY,4131.833333333333,0.0
616,2.2,Yellow-N,1121,1152,14.0,593.0,6.0,4500.0,0.13177777777777777,OVERSUPPLY,3907.0,0.0
616,2.2,Yellow-N,1121,1152,15.0,1030.5,6.0,4500.0,0.229,BALANCED,3469.5,0.0
616,2.2,Yellow-N,1121,1152,16.0,2217.5,6.0,4500.0,0.49277777777777776,BALANCED,2282.5,0.0
616,2.2,Yellow-N,1121,1152,17.0,3787.3333333333335,6.0,4500.0,0.8416296296296296,CROWDED,712.6666666666665,0.0
616,2.2,Yellow-N,1121,1152,18.0,3240.1666666666665,6.0,4500.0,0.720037037037037,BALANCED,1259.8333333333335,0.0
616,2.2,Yellow-N,1121,1152,19.0,1645.8333333333333,6.0,4500.0,0.3657407407407407,BALANCED,2854.166666666667,0.0
616,2.2,Yellow-N,1121,1152,20.0,862.1666666666666,5.0,3750.0,0.2299111111111111,BALANCED,2887.8333333333335,0.0
616,2.2,Yellow-N,1121,1152,21.0,545.3333333333334,4.0,3000.0,0.1817777777777778,OVERSUPPLY,2454.6666666666665,0.0
616,2.2,Yellow-N,1121,1152,22.0,424.0,3.0,2250.0,0.18844444444444444,OVERSUPPLY,1826.0,0.0
616,2.2,Yellow-N,1121,1152,23.0,244.33333333333334,4.0,3000.0,0.08144444444444444,OVERSUPPLY,2755.6666666666665,0.0
618,2.2,Yellow-N,1122,1153,5.0,4.166666666666667,7.0,5250.0,0.0007936507936507938,OVERSUPPLY,5245.833333333333,0.0
618,2.2,Yellow-N,1122,1153,6.0,33.5,6.0,4500.0,0.0074444444444444445,OVERSUPPLY,4466.5,0.0
618,2.2,Yellow-N,1122,1153,7.0,87.0,6.0,4500.0,0.019333333333333334,OVERSUPPLY,4413.0,0.0
618,2.2,Yellow-N,1122,1153,8.0,106.0,6.0,4500.0,0.023555555555555555,OVERSUPPLY,4394.0,0.0
618,2.2,Yellow-N,1122,1153,9.0,74.33333333333333,6.0,4500.0,0.01651851851851852,OVERSUPPLY,4425.666666666667,0.0
618,2.2,Yellow-N,1122,1153,10.0,62.666666666666664,6.0,4500.0,0.013925925925925925,OVERSUPPLY,4437.333333333333,0.0
618,2.2,Yellow-N,1122,1153,11.0,69.83333333333333,6.0,4500.0,0.015518518518518518,OVERSUPPLY,4430.166666666667,0.0
618,2.2,Yellow-N,1122,1153,12.0,105.66666666666667,6.0,4500.0,0.02348148148148148,OVERSUPPLY,4394.333333333333,0.0
618,2.2,Yellow-N,1122,1153,13.0,177.16666666666666,6.0,4500.0,0.03937037037037037,OVERSUPPLY,4322.833333333333,0.0
618,2.2,Yellow-N,1122,1153,14.0,307.0,6.0,4500.0,0.06822222222222223,OVERSUPPLY,4193.0,0.0
618,2.2,Yellow-N,1122,1153,15.0,558.0,6.0,4500.0,0.124,OVERSUPPLY,3942.0,0.0
618,2.2,Yellow-N,1122,1153,16.0,1218.1666666666667,6.0,4500.0,0.2707037037037037,BALANCED,3281.833333333333,0.0
618,2.2,Yellow-N,1122,1153,17.0,1966.5,6.0,4500.0,0.437,BALANCED,2533.5,0.0
618,2.2,Yellow-N,1122,1153,18.0,1688.8333333333333,6.0,4500.0,0.3752962962962963,BALANCED,2811.166666666667,0.0
618,2.2,Yellow-N,1122,1153,19.0,812.6666666666666,6.0,4500.0,0.18059259259259258,OVERSUPPLY,3687.3333333333335,0.0
618,2.2,Yellow-N,1122,1153,20.0,390.6666666666667,5.0,3750.0,0.10417777777777779,OVERSUPPLY,3359.3333333333335,0.0
618,2.2,Yellow-N,1122,1153,21.0,224.0,4.0,3000.0,0.07466666666666667,OVERSUPPLY,2776.0,0.0
618,2.2,Yellow-N,1122,1153,22.0,192.16666666666666,3.0,2250.0,0.0854074074074074,OVERSUPPLY,2057.8333333333335,0.0
618,2.2,Yellow-N,1122,1153,23.0,106.83333333333333,4.0,3000.0,0.03561111111111111,OVERSUPPLY,2893.1666666666665,0.0
620,2.2,Yellow-N,1123,1117,5.0,0.5,7.0,5250.0,9.523809523809524e-05,OVERSUPPLY,5249.5,0.0
620,2.2,Yellow-N,1123,1117,6.0,3.0,6.0,4500.0,0.0006666666666666666,OVERSUPPLY,4497.0,0.0
620,2.2,Yellow-N,1123,1117,7.0,5.166666666666667,6.0,4500.0,0.0011481481481481481,OVERSUPPLY,4494.833333333333,0.0
620,2.2,Yellow-N,1123,1117,8.0,11.333333333333334,6.0,4500.0,0.0025185185185185185,OVERSUPPLY,4488.666666666667,0.0
620,2.2,Yellow-N,1123,1117,9.0,5.333333333333333,6.0,4500.0,0.0011851851851851852,OVERSUPPLY,4494.666666666667,0.0
620,2.2,Yellow-N,1123,1117,10.0,4.333333333333333,6.0,4500.0,0.0009629629629629629,OVERSUPPLY,4495.666666666667,0.0
620,2.2,Yellow-N,1123,1117,11.0,5.5,6.0,4500.0,0.0012222222222222222,OVERSUPPLY,4494.5,0.0
620,2.2,Yellow-N,1123,1117,12.0,5.666666666666667,6.0,4500.0,0.0012592592592592592,OVERSUPPLY,4494.333333333333,0.0
620,2.2,Yellow-N,1123,1117,13.0,5.0,6.0,4500.0,0.0011111111111111111,OVERSUPPLY,4495.0,0.0
620,2.2,Yellow-N,1123,1117,14.0,4.166666666666667,6.0,4500.0,0.000925925925925926,OVERSUPPLY,4495.833333333333,0.0
620,2.2,Yellow-N,1123,1117,15.0,7.0,6.0,4500.0,0.0015555555555555555,OVERSUPPLY,4493.0,0.0
620,2.2,Yellow-N,1123,1117,16.0,6.333333333333333,6.0,4500.0,0.0014074074074074073,OVERSUPPLY,4493.666666666667,0.0
620,2.2,Yellow-N,1123,1117,17.0,7.833333333333333,6.0,4500.0,0.0017407407407407406,OVERSUPPLY,4492.166666666667,0.0
620,2.2,Yellow-N,1123,1117,18.0,7.333333333333333,6.0,4500.0,0.0016296296296296295,OVERSUPPLY,4492.666666666667,0.0
620,2.2,Yellow-N,1123,1117,19.0,7.0,6.0,4500.0,0.0015555555555555555,OVERSUPPLY,4493.0,0.0
620,2.2,Yellow-N,1123,1117,20.0,4.666666666666667,5.0,3750.0,0.0012444444444444445,OVERSUPPLY,3745.3333333333335,0.0
620,2.2,Yellow-N,1123,1117,21.0,3.0,4.0,3000.0,0.001,OVERSUPPLY,2997.0,0.0
620,2.2,Yellow-N,1123,1117,22.0,1.6666666666666667,3.0,2250.0,0.0007407407407407408,OVERSUPPLY,2248.3333333333335,0.0
620,2.2,Yellow-N,1123,1117,23.0,0.8333333333333334,4.0,3000.0,0.0002777777777777778,OVERSUPPLY,2999.1666666666665,0.0
622,2.2,Yellow-N,1124,1118,5.0,52.666666666666664,7.0,5250.0,0.01003174603174603,OVERSUPPLY,5197.333333333333,0.0
622,2.2,Yellow-N,1124,1118,6.0,157.83333333333334,6.0,4500.0,0.03507407407407408,OVERSUPPLY,4342.166666666667,0.0
622,2.2,Yellow-N,1124,1118,7.0,418.0,6.0,4500.0,0.09288888888888888,OVERSUPPLY,4082.0,0.0
622,2.2,Yellow-N,1124,1118,8.0,908.1666666666666,6.0,4500.0,0.2018148148148148,BALANCED,3591.8333333333335,0.0
622,2.2,Yellow-N,1124,1118,9.0,623.3333333333334,6.0,4500.0,0.13851851851851854,OVERSUPPLY,3876.6666666666665,0.0
622,2.2,Yellow-N,1124,1118,10.0,227.83333333333334,6.0,4500.0,0.05062962962962963,OVERSUPPLY,4272.166666666667,0.0
622,2.2,Yellow-N,1124,1118,11.0,129.66666666666666,6.0,4500.0,0.028814814814814814,OVERSUPPLY,4370.333333333333,0.0
622,2.2,Yellow-N,1124,1118,12.0,106.16666666666666,6.0,4500.0,0.023592592592592592,OVERSUPPLY,4393.833333333333,0.0
622,2.2,Yellow-N,1124,1118,13.0,100.66666666666667,6.0,4500.0,0.02237037037037037,OVERSUPPLY,4399.333333333333,0.0
622,2.2,Yellow-N,1124,1118,14.0,95.83333333333333,6.0,4500.0,0.021296296296296296,OVERSUPPLY,4404.166666666667,0.0
622,2.2,Yellow-N,1124,1118,15.0,129.0,6.0,4500.0,0.028666666666666667,OVERSUPPLY,4371.0,0.0
622,2.2,Yellow-N,1124,1118,16.0,209.66666666666666,6.0,4500.0,0.04659259259259259,OVERSUPPLY,4290.333333333333,0.0
622,2.2,Yellow-N,1124,1118,17.0,257.8333333333333,6.0,4500.0,0.05729629629629629,OVERSUPPLY,4242.166666666667,0.0
622,2.2,Yellow-N,1124,1118,18.0,252.16666666666666,6.0,4500.0,0.05603703703703704,OVERSUPPLY,4247.833333333333,0.0
622,2.2,Yellow-N,1124,1118,19.0,123.83333333333333,6.0,4500.0,0.02751851851851852,OVERSUPPLY,4376.166666666667,0.0
622,2.2,Yellow-N,1124,1118,20.0,52.0,5.0,3750.0,0.013866666666666666,OVERSUPPLY,3698.0,0.0
622,2.2,Yellow-N,1124,1118,21.0,31.0,4.0,3000.0,0.010333333333333333,OVERSUPPLY,2969.0,0.0
622,2.2,Yellow-N,1124,1118,22.0,19.833333333333332,3.0,2250.0,0.008814814814814814,OVERSUPPLY,2230.1666666666665,0.0
622,2.2,Yellow-N,1124,1118,23.0,10.5,4.0,3000.0,0.0035,OVERSUPPLY,2989.5,0.0
624,2.2,Yellow-N,1125,1119,5.0,0.3333333333333333,7.0,5250.0,6.349206349206349e-05,OVERSUPPLY,5249.666666666667,0.0
624,2.2,Yellow-N,1125,1119,6.0,3.0,6.0,4500.0,0.0006666666666666666,OVERSUPPLY,4497.0,0.0
624,2.2,Yellow-N,1125,1119,7.0,5.0,6.0,4500.0,0.0011111111111111111,OVERSUPPLY,4495.0,0.0
624,2.2,Yellow-N,1125,1119,8.0,3.833333333333333,6.0,4500.0,0.0008518518518518518,OVERSUPPLY,4496.166666666667,0.0
624,2.2,Yellow-N,1125,1119,9.0,2.6666666666666665,6.0,4500.0,0.0005925925925925926,OVERSUPPLY,4497.333333333333,0.0
624,2.2,Yellow-N,1125,1119,10.0,3.1666666666666665,6.0,4500.0,0.0007037037037037037,OVERSUPPLY,4496.833333333333,0.0
624,2.2,Yellow-N,1125,1119,11.0,1.8333333333333333,6.0,4500.0,0.0004074074074074074,OVERSUPPLY,4498.166666666667,0.0
624,2.2,Yellow-N,1125,1119,12.0,1.1666666666666665,6.0,4500.0,0.0002592592592592592,OVERSUPPLY,4498.833333333333,0.0
624,2.2,Yellow-N,1125,1119,13.0,1.833333333333333,6.0,4500.0,0.00040740740740740733,OVERSUPPLY,4498.166666666667,0.0
624,2.2,Yellow-N,1125,1119,14.0,5.0,6.0,4500.0,0.0011111111111111111,OVERSUPPLY,4495.0,0.0
624,2.2,Yellow-N,1125,1119,15.0,9.333333333333334,6.0,4500.0,0.002074074074074074,OVERSUPPLY,4490.666666666667,0.0
624,2.2,Yellow-N,1125,1119,16.0,32.833333333333336,6.0,4500.0,0.007296296296296297,OVERSUPPLY,4467.166666666667,0.0
624,2.2,Yellow-N,1125,1119,17.0,35.666666666666664,6.0,4500.0,0.007925925925925925,OVERSUPPLY,4464.333333333333,0.0
624,2.2,Yellow-N,1125,1119,18.0,34.5,6.0,4500.0,0.007666666666666666,OVERSUPPLY,4465.5,0.0
624,2.2,Yellow-N,1125,1119,19.0,13.5,6.0,4500.0,0.003,OVERSUPPLY,4486.5,0.0
624,2.2,Yellow-N,1125,1119,20.0,6.666666666666667,5.0,3750.0,0.0017777777777777779,OVERSUPPLY,3743.3333333333335,0.0
624,2.2,Yellow-N,1125,1119,21.0,3.3333333333333335,4.0,3000.0,0.0011111111111111111,OVERSUPPLY,2996.6666666666665,0.0
624,2.2,Yellow-N,1125,1119,22.0,1.8333333333333333,3.0,2250.0,0.0008148148148148148,OVERSUPPLY,2248.1666666666665,0.0
624,2.2,Yellow-N,1125,1119,23.0,1.0,4.0,3000.0,0.0003333333333333333,OVERSUPPLY,2999.0,0.0
628,2.2,Yellow-N,1128,1145,5.0,7.666666666666666,7.0,5250.0,0.0014603174603174602,OVERSUPPLY,5242.333333333333,0.0
628,2.2,Yellow-N,1128,1145,6.0,28.333333333333332,6.0,4500.0,0.006296296296296296,OVERSUPPLY,4471.666666666667,0.0
628,2.2,Yellow-N,1128,1145,7.0,101.83333333333333,6.0,4500.0,0.022629629629629628,OVERSUPPLY,4398.166666666667,0.0
628,2.2,Yellow-N,1128,1145,8.0,105.5,6.0,4500.0,0.023444444444444445,OVERSUPPLY,4394.5,0.0
628,2.2,Yellow-N,1128,1145,9.0,64.16666666666667,6.0,4500.0,0.01425925925925926,OVERSUPPLY,4435.833333333333,0.0
628,2.2,Yellow-N,1128,1145,10.0,35.0,6.0,4500.0,0.0077777777777777776,OVERSUPPLY,4465.0,0.0
628,2.2,Yellow-N,1128,1145,11.0,37.0,6.0,4500.0,0.008222222222222223,OVERSUPPLY,4463.0,0.0
628,2.2,Yellow-N,1128,1145,12.0,36.5,6.0,4500.0,0.00811111111111111,OVERSUPPLY,4463.5,0.0
628,2.2,Yellow-N,1128,1145,13.0,31.666666666666668,6.0,4500.0,0.007037037037037037,OVERSUPPLY,4468.333333333333,0.0
628,2.2,Yellow-N,1128,1145,14.0,44.666666666666664,6.0,4500.0,0.009925925925925925,OVERSUPPLY,4455.333333333333,0.0
628,2.2,Yellow-N,1128,1145,15.0,48.666666666666664,6.0,4500.0,0.010814814814814814,OVERSUPPLY,4451.333333333333,0.0
628,2.2,Yellow-N,1128,1145,16.0,42.166666666666664,6.0,4500.0,0.00937037037037037,OVERSUPPLY,4457.833333333333,0.0
628,2.2,Yellow-N,1128,1145,17.0,44.166666666666664,6.0,4500.0,0.009814814814814814,OVERSUPPLY,4455.833333333333,0.0
628,2.2,Yellow-N,1128,1145,18.0,36.5,6.0,4500.0,0.00811111111111111,OVERSUPPLY,4463.5,0.0
628,2.2,Yellow-N,1128,1145,19.0,23.0,6.0,4500.0,0.005111111111111111,OVERSUPPLY,4477.0,0.0
628,2.2,Yellow-N,1128,1145,20.0,15.5,5.0,3750.0,0.0041333333333333335,OVERSUPPLY,3734.5,0.0
628,2.2,Yellow-N,1128,1145,21.0,8.666666666666666,4.0,3000.0,0.0028888888888888888,OVERSUPPLY,2991.3333333333335,0.0
628,2.2,Yellow-N,1128,1145,22.0,6.333333333333333,3.0,2250.0,0.0028148148148148147,OVERSUPPLY,2243.6666666666665,0.0
628,2.2,Yellow-N,1128,1145,23.0,2.833333333333333,4.0,3000.0,0.0009444444444444444,OVERSUPPLY,2997.1666666666665,0.0
634,2.2,Yellow-N,1131,1171,5.0,223.0,7.0,5250.0,0.04247619047619047,OVERSUPPLY,5027.0,0.0
634,2.2,Yellow-N,1131,1171,6.0,716.0,6.0,4500.0,0.15911111111111112,OVERSUPPLY,3784.0,0.0
634,2.2,Yellow-N,1131,1171,7.0,1829.8333333333333,6.0,4500.0,0.4066296296296296,BALANCED,2670.166666666667,0.0
634,2.2,Yellow-N,1131,1171,8.0,3437.0,6.0,4500.0,0.7637777777777778,BALANCED,1063.0,0.0
634,2.2,Yellow-N,1131,1171,9.0,2579.1666666666665,6.0,4500.0,0.5731481481481481,BALANCED,1920.8333333333335,0.0
634,2.2,Yellow-N,1131,1171,10.0,1152.3333333333333,6.0,4500.0,0.25607407407407407,BALANCED,3347.666666666667,0.0
634,2.2,Yellow-N,1131,1171,11.0,778.0,6.0,4500.0,0.1728888888888889,OVERSUPPLY,3722.0,0.0
634,2.2,Yellow-N,1131,1171,12.0,769.1666666666666,6.0,4500.0,0.17092592592592593,OVERSUPPLY,3730.8333333333335,0.0
634,2.2,Yellow-N,1131,1171,13.0,912.5,6.0,4500.0,0.20277777777777778,BALANCED,3587.5,0.0
634,2.2,Yellow-N,1131,1171,14.0,1015.6666666666666,6.0,4500.0,0.22570370370370368,BALANCED,3484.3333333333335,0.0
634,2.2,Yellow-N,1131,1171,15.0,1647.0,6.0,4500.0,0.366,BALANCED,2853.0,0.0
634,2.2,Yellow-N,1131,1171,16.0,2885.0,6.0,4500.0,0.6411111111111111,BALANCED,1615.0,0.0
634,2.2,Yellow-N,1131,1171,17.0,4487.666666666667,6.0,4500.0,0.9972592592592593,CROWDED,12.33333333333303,0.0
634,2.2,Yellow-N,1131,1171,18.0,4349.0,6.0,4500.0,0.9664444444444444,CROWDED,151.0,0.0
634,2.2,Yellow-N,1131,1171,19.0,2156.1666666666665,6.0,4500.0,0.4791481481481481,BALANCED,2343.8333333333335,0.0
634,2.2,Yellow-N,1131,1171,20.0,1259.1666666666667,5.0,3750.0,0.3357777777777778,BALANCED,2490.833333333333,0.0
634,2.2,Yellow-N,1131,1171,21.0,783.6666666666666,4.0,3000.0,0.2612222222222222,BALANCED,2216.3333333333335,0.0
634,2.2,Yellow-N,1131,1171,22.0,821.3333333333334,3.0,2250.0,0.36503703703703705,BALANCED,1428.6666666666665,0.0
634,2.2,Yellow-N,1131,1171,23.0,474.1666666666667,4.0,3000.0,0.15805555555555556,OVERSUPPLY,2525.8333333333335,0.0
636,2.2,Yellow-N,1132,1172,5.0,47.333333333333336,7.0,5250.0,0.009015873015873017,OVERSUPPLY,5202.666666666667,0.0
636,2.2,Yellow-N,1132,1172,6.0,122.16666666666666,6.0,4500.0,0.027148148148148147,OVERSUPPLY,4377.833333333333,0.0
636,2.2,Yellow-N,1132,1172,7.0,294.66666666666663,6.0,4500.0,0.06548148148148147,OVERSUPPLY,4205.333333333333,0.0
636,2.2,Yellow-N,1132,1172,8.0,697.8333333333333,6.0,4500.0,0.15507407407407406,OVERSUPPLY,3802.166666666667,0.0
636,2.2,Yellow-N,1132,1172,9.0,510.16666666666663,6.0,4500.0,0.11337037037037036,OVERSUPPLY,3989.8333333333335,0.0
636,2.2,Yellow-N,1132,1172,10.0,180.66666666666669,6.0,4500.0,0.040148148148148155,OVERSUPPLY,4319.333333333333,0.0
636,2.2,Yellow-N,1132,1172,11.0,100.83333333333333,6.0,4500.0,0.022407407407407407,OVERSUPPLY,4399.166666666667,0.0
636,2.2,Yellow-N,1132,1172,12.0,77.66666666666666,6.0,4500.0,0.017259259259259255,OVERSUPPLY,4422.333333333333,0.0
636,2.2,Yellow-N,1132,1172,13.0,76.66666666666667,6.0,4500.0,0.017037037037037038,OVERSUPPLY,4423.333333333333,0.0
636,2.2,Yellow-N,1132,1172,14.0,73.16666666666667,6.0,4500.0,0.01625925925925926,OVERSUPPLY,4426.833333333333,0.0
636,2.2,Yellow-N,1132,1172,15.0,97.83333333333333,6.0,4500.0,0.02174074074074074,OVERSUPPLY,4402.166666666667,0.0
636,2.2,Yellow-N,1132,1172,16.0,167.83333333333334,6.0,4500.0,0.0372962962962963,OVERSUPPLY,4332.166666666667,0.0
636,2.2,Yellow-N,1132,1172,17.0,187.66666666666666,6.0,4500.0,0.0417037037037037,OVERSUPPLY,4312.333333333333,0.0
636,2.2,Yellow-N,1132,1172,18.0,189.66666666666666,6.0,4500.0,0.04214814814814814,OVERSUPPLY,4310.333333333333,0.0
636,2.2,Yellow-N,1132,1172,19.0,90.0,6.0,4500.0,0.02,OVERSUPPLY,4410.0,0.0
636,2.2,Yellow-N,1132,1172,20.0,39.833333333333336,5.0,3750.0,0.010622222222222222,OVERSUPPLY,3710.1666666666665,0.0
636,2.2,Yellow-N,1132,1172,21.0,22.666666666666668,4.0,3000.0,0.007555555555555556,OVERSUPPLY,2977.3333333333335,0.0
636,2.2,Yellow-N,1132,1172,22.0,13.166666666666666,3.0,2250.0,0.005851851851851852,OVERSUPPLY,2236.8333333333335,0.0
636,2.2,Yellow-N,1132,1172,23.0,7.833333333333333,4.0,3000.0,0.002611111111111111,OVERSUPPLY,2992.1666666666665,0.0
638,2.2,Yellow-N,1133,1173,5.0,0.3333333333333333,7.0,5250.0,6.349206349206349e-05,OVERSUPPLY,5249.666666666667,0.0
638,2.2,Yellow-N,1133,1173,6.0,3.0,6.0,4500.0,0.0006666666666666666,OVERSUPPLY,4497.0,0.0
638,2.2,Yellow-N,1133,1173,7.0,5.0,6.0,4500.0,0.0011111111111111111,OVERSUPPLY,4495.0,0.0
638,2.2,Yellow-N,1133,1173,8.0,3.833333333333333,6.0,4500.0,0.0008518518518518518,OVERSUPPLY,4496.166666666667,0.0
638,2.2,Yellow-N,1133,1173,9.0,2.6666666666666665,6.0,4500.0,0.0005925925925925926,OVERSUPPLY,4497.333333333333,0.0
638,2.2,Yellow-N,1133,1173,10.0,3.1666666666666665,6.0,4500.0,0.0007037037037037037,OVERSUPPLY,4496.833333333333,0.0
638,2.2,Yellow-N,1133,1173,11.0,1.8333333333333333,6.0,4500.0,0.0004074074074074074,OVERSUPPLY,4498.166666666667,0.0
638,2.2,Yellow-N,1133,1173,12.0,1.1666666666666665,6.0,4500.0,0.0002592592592592592,OVERSUPPLY,4498.833333333333,0.0
638,2.2,Yellow-N,1133,1173,13.0,1.833333333333333,6.0,4500.0,0.00040740740740740733,OVERSUPPLY,4498.166666666667,0.0
638,2.2,Yellow-N,1133,1173,14.0,5.0,6.0,4500.0,0.0011111111111111111,OVERSUPPLY,4495.0,0.0
638,2.2,Yellow-N,1133,1173,15.0,9.333333333333334,6.0,4500.0,0.002074074074074074,OVERSUPPLY,4490.666666666667,0.0
638,2.2,Yellow-N,1133,1173,16.0,32.833333333333336,6.0,4500.0,0.007296296296296297,OVERSUPPLY,4467.166666666667,0.0
638,2.2,Yellow-N,1133,1173,17.0,35.666666666666664,6.0,4500.0,0.007925925925925925,OVERSUPPLY,4464.333333333333,0.0
638,2.2,Yellow-N,1133,1173,18.0,34.5,6.0,4500.0,0.007666666666666666,OVERSUPPLY,4465.5,0.0
638,2.2,Yellow-N,1133,1173,19.0,13.5,6.0,4500.0,0.003,OVERSUPPLY,4486.5,0.0
638,2.2,Yellow-N,1133,1173,20.0,6.666666666666667,5.0,3750.0,0.0017777777777777779,OVERSUPPLY,3743.3333333333335,0.0
638,2.2,Yellow-N,1133,1173,21.0,3.3333333333333335,4.0,3000.0,0.0011111111111111111,OVERSUPPLY,2996.6666666666665,0.0
638,2.2,Yellow-N,1133,1173,22.0,1.8333333333333333,3.0,2250.0,0.0008148148148148148,OVERSUPPLY,2248.1666666666665,0.0
638,2.2,Yellow-N,1133,1173,23.0,1.0,4.0,3000.0,0.0003333333333333333,OVERSUPPLY,2999.0,0.0
640,2.2,Yellow-N,1134,1139,5.0,35.166666666666664,7.0,5250.0,0.006698412698412698,OVERSUPPLY,5214.833333333333,0.0
640,2.2,Yellow-N,1134,1139,6.0,144.33333333333334,6.0,4500.0,0.032074074074074074,OVERSUPPLY,4355.666666666667,0.0
640,2.2,Yellow-N,1134,1139,7.0,345.66666666666663,6.0,4500.0,0.07681481481481481,OVERSUPPLY,4154.333333333333,0.0
640,2.2,Yellow-N,1134,1139,8.0,633.5,6.0,4500.0,0.14077777777777778,OVERSUPPLY,3866.5,0.0
640,2.2,Yellow-N,1134,1139,9.0,401.5,6.0,4500.0,0.08922222222222222,OVERSUPPLY,4098.5,0.0
640,2.2,Yellow-N,1134,1139,10.0,142.33333333333334,6.0,4500.0,0.03162962962962963,OVERSUPPLY,4357.666666666667,0.0
640,2.2,Yellow-N,1134,1139,11.0,70.83333333333333,6.0,4500.0,0.01574074074074074,OVERSUPPLY,4429.166666666667,0.0
640,2.2,Yellow-N,1134,1139,12.0,47.833333333333336,6.0,4500.0,0.01062962962962963,OVERSUPPLY,4452.166666666667,0.0
640,2.2,Yellow-N,1134,1139,13.0,48.166666666666664,6.0,4500.0,0.010703703703703703,OVERSUPPLY,4451.833333333333,0.0
640,2.2,Yellow-N,1134,1139,14.0,37.333333333333336,6.0,4500.0,0.008296296296296296,OVERSUPPLY,4462.666666666667,0.0
640,2.2,Yellow-N,1134,1139,15.0,39.5,6.0,4500.0,0.008777777777777778,OVERSUPPLY,4460.5,0.0
640,2.2,Yellow-N,1134,1139,16.0,50.16666666666667,6.0,4500.0,0.011148148148148148,OVERSUPPLY,4449.833333333333,0.0
640,2.2,Yellow-N,1134,1139,17.0,55.833333333333336,6.0,4500.0,0.012407407407407409,OVERSUPPLY,4444.166666666667,0.0
640,2.2,Yellow-N,1134,1139,18.0,65.16666666666667,6.0,4500.0,0.014481481481481482,OVERSUPPLY,4434.833333333333,0.0
640,2.2,Yellow-N,1134,1139,19.0,33.166666666666664,6.0,4500.0,0.00737037037037037,OVERSUPPLY,4466.833333333333,0.0
640,2.2,Yellow-N,1134,1139,20.0,17.333333333333332,5.0,3750.0,0.004622222222222222,OVERSUPPLY,3732.6666666666665,0.0
640,2.2,Yellow-N,1134,1139,21.0,9.166666666666666,4.0,3000.0,0.0030555555555555553,OVERSUPPLY,2990.8333333333335,0.0
640,2.2,Yellow-N,1134,1139,22.0,8.166666666666666,3.0,2250.0,0.0036296296296296294,OVERSUPPLY,2241.8333333333335,0.0
640,2.2,Yellow-N,1134,1139,23.0,3.6666666666666665,4.0,3000.0,0.0012222222222222222,OVERSUPPLY,2996.3333333333335,0.0
642,2.2,Yellow-N,1135,1140,5.0,101.0,7.0,5250.0,0.019238095238095238,OVERSUPPLY,5149.0,0.0
642,2.2,Yellow-N,1135,1140,6.0,366.3333333333333,6.0,4500.0,0.0814074074074074,OVERSUPPLY,4133.666666666667,0.0
642,2.2,Yellow-N,1135,1140,7.0,868.3333333333334,6.0,4500.0,0.19296296296296298,OVERSUPPLY,3631.6666666666665,0.0
642,2.2,Yellow-N,1135,1140,8.0,1703.5,6.0,4500.0,0.37855555555555553,BALANCED,2796.5,0.0
642,2.2,Yellow-N,1135,1140,9.0,1291.3333333333333,6.0,4500.0,0.2869629629629629,BALANCED,3208.666666666667,0.0
642,2.2,Yellow-N,1135,1140,10.0,619.3333333333334,6.0,4500.0,0.13762962962962963,OVERSUPPLY,3880.6666666666665,0.0
642,2.2,Yellow-N,1135,1140,11.0,380.6666666666667,6.0,4500.0,0.0845925925925926,OVERSUPPLY,4119.333333333333,0.0
642,2.2,Yellow-N,1135,1140,12.0,310.6666666666667,6.0,4500.0,0.06903703703703704,OVERSUPPLY,4189.333333333333,0.0
642,2.2,Yellow-N,1135,1140,13.0,342.5,6.0,4500.0,0.07611111111111112,OVERSUPPLY,4157.5,0.0
642,2.2,Yellow-N,1135,1140,14.0,341.3333333333333,6.0,4500.0,0.07585185185185185,OVERSUPPLY,4158.666666666667,0.0
642,2.2,Yellow-N,1135,1140,15.0,385.6666666666667,6.0,4500.0,0.08570370370370371,OVERSUPPLY,4114.333333333333,0.0
642,2.2,Yellow-N,1135,1140,16.0,525.3333333333334,6.0,4500.0,0.11674074074074076,OVERSUPPLY,3974.6666666666665,0.0
642,2.2,Yellow-N,1135,1140,17.0,633.8333333333334,6.0,4500.0,0.14085185185185187,OVERSUPPLY,3866.1666666666665,0.0
642,2.2,Yellow-N,1135,1140,18.0,622.6666666666666,6.0,4500.0,0.13837037037037037,OVERSUPPLY,3877.3333333333335,0.0
642,2.2,Yellow-N,1135,1140,19.0,358.6666666666667,6.0,4500.0,0.07970370370370371,OVERSUPPLY,4141.333333333333,0.0
642,2.2,Yellow-N,1135,1140,20.0,221.83333333333334,5.0,3750.0,0.05915555555555556,OVERSUPPLY,3528.1666666666665,0.0
642,2.2,Yellow-N,1135,1140,21.0,176.66666666666666,4.0,3000.0,0.058888888888888886,OVERSUPPLY,2823.3333333333335,0.0
642,2.2,Yellow-N,1135,1140,22.0,154.0,3.0,2250.0,0.06844444444444445,OVERSUPPLY,2096.0,0.0
642,2.2,Yellow-N,1135,1140,23.0,132.16666666666666,4.0,3000.0,0.04405555555555555,OVERSUPPLY,2867.8333333333335,0.0
646,2.2,Yellow-N,1137,1158,5.0,1.5,7.0,5250.0,0.00028571428571428574,OVERSUPPLY,5248.5,0.0
646,2.2,Yellow-N,1137,1158,6.0,25.333333333333332,6.0,4500.0,0.005629629629629629,OVERSUPPLY,4474.666666666667,0.0
646,2.2,Yellow-N,1137,1158,7.0,45.333333333333336,6.0,4500.0,0.010074074074074074,OVERSUPPLY,4454.666666666667,0.0
646,2.2,Yellow-N,1137,1158,8.0,56.5,6.0,4500.0,0.012555555555555556,OVERSUPPLY,4443.5,0.0
646,2.2,Yellow-N,1137,1158,9.0,53.83333333333333,6.0,4500.0,0.011962962962962962,OVERSUPPLY,4446.166666666667,0.0
646,2.2,Yellow-N,1137,1158,10.0,51.166666666666664,6.0,4500.0,0.01137037037037037,OVERSUPPLY,4448.833333333333,0.0
646,2.2,Yellow-N,1137,1158,11.0,57.666666666666664,6.0,4500.0,0.012814814814814814,OVERSUPPLY,4442.333333333333,0.0
646,2.2,Yellow-N,1137,1158,12.0,76.33333333333333,6.0,4500.0,0.01696296296296296,OVERSUPPLY,4423.666666666667,0.0
646,2.2,Yellow-N,1137,1158,13.0,138.66666666666666,6.0,4500.0,0.030814814814814812,OVERSUPPLY,4361.333333333333,0.0
646,2.2,Yellow-N,1137,1158,14.0,182.83333333333334,6.0,4500.0,0.040629629629629634,OVERSUPPLY,4317.166666666667,0.0
646,2.2,Yellow-N,1137,1158,15.0,391.1666666666667,6.0,4500.0,0.08692592592592593,OVERSUPPLY,4108.833333333333,0.0
646,2.2,Yellow-N,1137,1158,16.0,779.3333333333334,6.0,4500.0,0.1731851851851852,OVERSUPPLY,3720.6666666666665,0.0
646,2.2,Yellow-N,1137,1158,17.0,994.3333333333334,6.0,4500.0,0.22096296296296297,BALANCED,3505.6666666666665,0.0
646,2.2,Yellow-N,1137,1158,18.0,1212.8333333333333,6.0,4500.0,0.2695185185185185,BALANCED,3287.166666666667,0.0
646,2.2,Yellow-N,1137,1158,19.0,574.3333333333334,6.0,4500.0,0.12762962962962965,OVERSUPPLY,3925.6666666666665,0.0
646,2.2,Yellow-N,1137,1158,20.0,329.5,5.0,3750.0,0.08786666666666666,OVERSUPPLY,3420.5,0.0
646,2.2,Yellow-N,1137,1158,21.0,191.5,4.0,3000.0,0.06383333333333334,OVERSUPPLY,2808.5,0.0
646,2.2,Yellow-N,1137,1158,22.0,133.5,3.0,2250.0,0.059333333333333335,OVERSUPPLY,2116.5,0.0
646,2.2,Yellow-N,1137,1158,23.0,116.0,4.0,3000.0,0.03866666666666667,OVERSUPPLY,2884.0,0.0
648,2.2,Yellow-N,1138,1159,5.0,1.5,7.0,5250.0,0.00028571428571428574,OVERSUPPLY,5248.5,0.0
648,2.2,Yellow-N,1138,1159,6.0,21.333333333333332,6.0,4500.0,0.004740740740740741,OVERSUPPLY,4478.666666666667,0.0
648,2.2,Yellow-N,1138,1159,7.0,38.0,6.0,4500.0,0.008444444444444444,OVERSUPPLY,4462.0,0.0
648,2.2,Yellow-N,1138,1159,8.0,52.166666666666664,6.0,4500.0,0.011592592592592592,OVERSUPPLY,4447.833333333333,0.0
648,2.2,Yellow-N,1138,1159,9.0,43.833333333333336,6.0,4500.0,0.00974074074074074,OVERSUPPLY,4456.166666666667,0.0
648,2.2,Yellow-N,1138,1159,10.0,38.833333333333336,6.0,4500.0,0.00862962962962963,OVERSUPPLY,4461.166666666667,0.0
648,2.2,Yellow-N,1138,1159,11.0,47.666666666666664,6.0,4500.0,0.010592592592592593,OVERSUPPLY,4452.333333333333,0.0
648,2.2,Yellow-N,1138,1159,12.0,67.33333333333333,6.0,4500.0,0.014962962962962963,OVERSUPPLY,4432.666666666667,0.0
648,2.2,Yellow-N,1138,1159,13.0,121.0,6.0,4500.0,0.02688888888888889,OVERSUPPLY,4379.0,0.0
648,2.2,Yellow-N,1138,1159,14.0,168.16666666666666,6.0,4500.0,0.037370370370370366,OVERSUPPLY,4331.833333333333,0.0
648,2.2,Yellow-N,1138,1159,15.0,375.1666666666667,6.0,4500.0,0.08337037037037037,OVERSUPPLY,4124.833333333333,0.0
648,2.2,Yellow-N,1138,1159,16.0,746.0,6.0,4500.0,0.16577777777777777,OVERSUPPLY,3754.0,0.0
648,2.2,Yellow-N,1138,1159,17.0,937.6666666666666,6.0,4500.0,0.20837037037037037,BALANCED,3562.3333333333335,0.0
648,2.2,Yellow-N,1138,1159,18.0,1133.1666666666667,6.0,4500.0,0.2518148148148148,BALANCED,3366.833333333333,0.0
648,2.2,Yellow-N,1138,1159,19.0,523.6666666666666,6.0,4500.0,0.11637037037037036,OVERSUPPLY,3976.3333333333335,0.0
648,2.2,Yellow-N,1138,1159,20.0,301.1666666666667,5.0,3750.0,0.08031111111111111,OVERSUPPLY,3448.8333333333335,0.0
648,2.2,Yellow-N,1138,1159,21.0,176.83333333333334,4.0,3000.0,0.058944444444444445,OVERSUPPLY,2823.1666666666665,0.0
648,2.2,Yellow-N,1138,1159,22.0,117.16666666666667,3.0,2250.0,0.05207407407407408,OVERSUPPLY,2132.8333333333335,0.0
648,2.2,Yellow-N,1138,1159,23.0,106.33333333333333,4.0,3000.0,0.035444444444444445,OVERSUPPLY,2893.6666666666665,0.0
656,2.2,Yellow-N,1142,1186,5.0,81.5,7.0,5250.0,0.015523809523809523,OVERSUPPLY,5168.5,0.0
656,2.2,Yellow-N,1142,1186,6.0,422.0,6.0,4500.0,0.09377777777777778,OVERSUPPLY,4078.0,0.0
656,2.2,Yellow-N,1142,1186,7.0,1197.6666666666667,6.0,4500.0,0.2661481481481482,BALANCED,3302.333333333333,0.0
656,2.2,Yellow-N,1142,1186,8.0,2025.8333333333333,6.0,4500.0,0.4501851851851852,BALANCED,2474.166666666667,0.0
656,2.2,Yellow-N,1142,1186,9.0,1573.8333333333333,6.0,4500.0,0.34974074074074074,BALANCED,2926.166666666667,0.0
656,2.2,Yellow-N,1142,1186,10.0,841.5,6.0,4500.0,0.187,OVERSUPPLY,3658.5,0.0
656,2.2,Yellow-N,1142,1186,11.0,803.6666666666666,6.0,4500.0,0.17859259259259258,OVERSUPPLY,3696.3333333333335,0.0
656,2.2,Yellow-N,1142,1186,12.0,1011.1666666666666,6.0,4500.0,0.22470370370370368,BALANCED,3488.8333333333335,0.0
656,2.2,Yellow-N,1142,1186,13.0,1252.0,6.0,4500.0,0.2782222222222222,BALANCED,3248.0,0.0
656,2.2,Yellow-N,1142,1186,14.0,1847.3333333333333,6.0,4500.0,0.4105185185185185,BALANCED,2652.666666666667,0.0
656,2.2,Yellow-N,1142,1186,15.0,3098.1666666666665,6.0,4500.0,0.6884814814814815,BALANCED,1401.8333333333335,0.0
656,2.2,Yellow-N,1142,1186,16.0,5721.833333333333,6.0,4500.0,1.2715185185185185,UNDERSUPPLY,0.0,1221.833333333333
656,2.2,Yellow-N,1142,1186,17.0,9677.833333333334,6.0,4500.0,2.1506296296296297,UNDERSUPPLY,0.0,5177.833333333334
656,2.2,Yellow-N,1142,1186,18.0,9562.166666666666,6.0,4500.0,2.124925925925926,UNDERSUPPLY,0.0,5062.166666666666
656,2.2,Yellow-N,1142,1186,19.0,4960.0,6.0,4500.0,1.1022222222222222,UNDERSUPPLY,0.0,460.0
656,2.2,Yellow-N,1142,1186,20.0,2879.5,5.0,3750.0,0.7678666666666667,BALANCED,870.5,0.0
656,2.2,Yellow-N,1142,1186,21.0,1793.0,4.0,3000.0,0.5976666666666667,BALANCED,1207.0,0.0
656,2.2,Yellow-N,1142,1186,22.0,1552.3333333333333,3.0,2250.0,0.6899259259259259,BALANCED,697.6666666666667,0.0
656,2.2,Yellow-N,1142,1186,23.0,887.8333333333334,4.0,3000.0,0.29594444444444445,BALANCED,2112.1666666666665,0.0
658,2.2,Yellow-N,1143,1187,5.0,5.333333333333333,7.0,5250.0,0.0010158730158730158,OVERSUPPLY,5244.666666666667,0.0
658,2.2,Yellow-N,1143,1187,6.0,32.0,6.0,4500.0,0.0071111111111111115,OVERSUPPLY,4468.0,0.0
658,2.2,Yellow-N,1143,1187,7.0,98.33333333333334,6.0,4500.0,0.021851851851851855,OVERSUPPLY,4401.666666666667,0.0
658,2.2,Yellow-N,1143,1187,8.0,188.33333333333334,6.0,4500.0,0.041851851851851855,OVERSUPPLY,4311.666666666667,0.0
658,2.2,Yellow-N,1143,1187,9.0,124.0,6.0,4500.0,0.027555555555555555,OVERSUPPLY,4376.0,0.0
658,2.2,Yellow-N,1143,1187,10.0,70.0,6.0,4500.0,0.015555555555555555,OVERSUPPLY,4430.0,0.0
658,2.2,Yellow-N,1143,1187,11.0,71.16666666666667,6.0,4500.0,0.015814814814814816,OVERSUPPLY,4428.833333333333,0.0
658,2.2,Yellow-N,1143,1187,12.0,100.16666666666667,6.0,4500.0,0.02225925925925926,OVERSUPPLY,4399.833333333333,0.0
658,2.2,Yellow-N,1143,1187,13.0,171.33333333333334,6.0,4500.0,0.03807407407407408,OVERSUPPLY,4328.666666666667,0.0
658,2.2,Yellow-N,1143,1187,14.0,278.3333333333333,6.0,4500.0,0.061851851851851845,OVERSUPPLY,4221.666666666667,0.0
658,2.2,Yellow-N,1143,1187,15.0,446.3333333333333,6.0,4500.0,0.09918518518518518,OVERSUPPLY,4053.6666666666665,0.0
658,2.2,Yellow-N,1143,1187,16.0,929.5,6.0,4500.0,0.20655555555555555,BALANCED,3570.5,0.0
658,2.2,Yellow-N,1143,1187,17.0,1531.3333333333333,6.0,4500.0,0.34029629629629626,BALANCED,2968.666666666667,0.0
658,2.2,Yellow-N,1143,1187,18.0,1421.3333333333333,6.0,4500.0,0.31585185185185183,BALANCED,3078.666666666667,0.0
658,2.2,Yellow-N,1143,1187,19.0,695.5,6.0,4500.0,0.15455555555555556,OVERSUPPLY,3804.5,0.0
658,2.2,Yellow-N,1143,1187,20.0,357.3333333333333,5.0,3750.0,0.09528888888888888,OVERSUPPLY,3392.6666666666665,0.0
658,2.2,Yellow-N,1143,1187,21.0,195.83333333333334,4.0,3000.0,0.06527777777777778,OVERSUPPLY,2804.1666666666665,0.0
658,2.2,Yellow-N,1143,1187,22.0,126.83333333333333,3.0,2250.0,0.05637037037037037,OVERSUPPLY,2123.1666666666665,0.0
658,2.2,Yellow-N,1143,1187,23.0,90.33333333333333,4.0,3000.0,0.03011111111111111,OVERSUPPLY,2909.6666666666665,0.0
660,2.2,Yellow-N,1144,1188,5.0,2.333333333333333,7.0,5250.0,0.0004444444444444444,OVERSUPPLY,5247.666666666667,0.0
660,2.2,Yellow-N,1144,1188,6.0,18.333333333333332,6.0,4500.0,0.004074074074074074,OVERSUPPLY,4481.666666666667,0.0
660,2.2,Yellow-N,1144,1188,7.0,57.83333333333333,6.0,4500.0,0.01285185185185185,OVERSUPPLY,4442.166666666667,0.0
660,2.2,Yellow-N,1144,1188,8.0,103.16666666666666,6.0,4500.0,0.022925925925925923,OVERSUPPLY,4396.833333333333,0.0
660,2.2,Yellow-N,1144,1188,9.0,68.33333333333333,6.0,4500.0,0.015185185185185184,OVERSUPPLY,4431.666666666667,0.0
660,2.2,Yellow-N,1144,1188,10.0,45.0,6.0,4500.0,0.01,OVERSUPPLY,4455.0,0.0
660,2.2,Yellow-N,1144,1188,11.0,44.0,6.0,4500.0,0.009777777777777778,OVERSUPPLY,4456.0,0.0
660,2.2,Yellow-N,1144,1188,12.0,72.83333333333333,6.0,4500.0,0.016185185185185184,OVERSUPPLY,4427.166666666667,0.0
660,2.2,Yellow-N,1144,1188,13.0,128.5,6.0,4500.0,0.028555555555555556,OVERSUPPLY,4371.5,0.0
660,2.2,Yellow-N,1144,1188,14.0,231.33333333333334,6.0,4500.0,0.05140740740740741,OVERSUPPLY,4268.666666666667,0.0
660,2.2,Yellow-N,1144,1188,15.0,392.5,6.0,4500.0,0.08722222222222223,OVERSUPPLY,4107.5,0.0
660,2.2,Yellow-N,1144,1188,16.0,829.6666666666667,6.0,4500.0,0.18437037037037038,OVERSUPPLY,3670.333333333333,0.0
660,2.2,Yellow-N,1144,1188,17.0,1339.1666666666667,6.0,4500.0,0.29759259259259263,BALANCED,3160.833333333333,0.0
660,2.2,Yellow-N,1144,1188,18.0,1239.6666666666665,6.0,4500.0,0.27548148148148144,BALANCED,3260.3333333333335,0.0
660,2.2,Yellow-N,1144,1188,19.0,610.3333333333334,6.0,4500.0,0.13562962962962963,OVERSUPPLY,3889.6666666666665,0.0
660,2.2,Yellow-N,1144,1188,20.0,305.0,5.0,3750.0,0.08133333333333333,OVERSUPPLY,3445.0,0.0
660,2.2,Yellow-N,1144,1188,21.0,163.66666666666666,4.0,3000.0,0.05455555555555555,OVERSUPPLY,2836.3333333333335,0.0
660,2.2,Yellow-N,1144,1188,22.0,107.16666666666667,3.0,2250.0,0.04762962962962963,OVERSUPPLY,2142.8333333333335,0.0
660,2.2,Yellow-N,1144,1188,23.0,76.5,4.0,3000.0,0.0255,OVERSUPPLY,2923.5,0.0
664,2.2,Yellow-N,1146,1124,5.0,54.666666666666664,7.0,5250.0,0.010412698412698412,OVERSUPPLY,5195.333333333333,0.0
664,2.2,Yellow-N,1146,1124,6.0,169.5,6.0,4500.0,0.03766666666666667,OVERSUPPLY,4330.5,0.0
664,2.2,Yellow-N,1146,1124,7.0,452.5,6.0,4500.0,0.10055555555555555,OVERSUPPLY,4047.5,0.0
664,2.2,Yellow-N,1146,1124,8.0,959.1666666666666,6.0,4500.0,0.21314814814814814,BALANCED,3540.8333333333335,0.0
664,2.2,Yellow-N,1146,1124,9.0,651.0,6.0,4500.0,0.14466666666666667,OVERSUPPLY,3849.0,0.0
664,2.2,Yellow-N,1146,1124,10.0,240.33333333333334,6.0,4500.0,0.05340740740740741,OVERSUPPLY,4259.666666666667,0.0
664,2.2,Yellow-N,1146,1124,11.0,142.5,6.0,4500.0,0.03166666666666667,OVERSUPPLY,4357.5,0.0
664,2.2,Yellow-N,1146,1124,12.0,118.33333333333333,6.0,4500.0,0.026296296296296297,OVERSUPPLY,4381.666666666667,0.0
664,2.2,Yellow-N,1146,1124,13.0,116.66666666666667,6.0,4500.0,0.02592592592592593,OVERSUPPLY,4383.333333333333,0.0
664,2.2,Yellow-N,1146,1124,14.0,112.83333333333333,6.0,4500.0,0.02507407407407407,OVERSUPPLY,4387.166666666667,0.0
664,2.2,Yellow-N,1146,1124,15.0,151.5,6.0,4500.0,0.033666666666666664,OVERSUPPLY,4348.5,0.0
664,2.2,Yellow-N,1146,1124,16.0,243.33333333333334,6.0,4500.0,0.05407407407407407,OVERSUPPLY,4256.666666666667,0.0
664,2.2,Yellow-N,1146,1124,17.0,306.3333333333333,6.0,4500.0,0.06807407407407406,OVERSUPPLY,4193.666666666667,0.0
664,2.2,Yellow-N,1146,1124,18.0,292.1666666666667,6.0,4500.0,0.06492592592592593,OVERSUPPLY,4207.833333333333,0.0
664,2.2,Yellow-N,1146,1124,19.0,144.83333333333334,6.0,4500.0,0.032185185185185185,OVERSUPPLY,4355.166666666667,0.0
664,2.2,Yellow-N,1146,1124,20.0,61.666666666666664,5.0,3750.0,0.016444444444444442,OVERSUPPLY,3688.3333333333335,0.0
664,2.2,Yellow-N,1146,1124,21.0,37.666666666666664,4.0,3000.0,0.012555555555555554,OVERSUPPLY,2962.3333333333335,0.0
664,2.2,Yellow-N,1146,1124,22.0,24.333333333333332,3.0,2250.0,0.010814814814814814,OVERSUPPLY,2225.6666666666665,0.0
664,2.2,Yellow-N,1146,1124,23.0,12.5,4.0,3000.0,0.004166666666666667,OVERSUPPLY,2987.5,0.0
666,2.2,Yellow-N,1147,1125,5.0,0.3333333333333333,7.0,5250.0,6.349206349206349e-05,OVERSUPPLY,5249.666666666667,0.0
666,2.2,Yellow-N,1147,1125,6.0,3.0,6.0,4500.0,0.0006666666666666666,OVERSUPPLY,4497.0,0.0
666,2.2,Yellow-N,1147,1125,7.0,5.0,6.0,4500.0,0.0011111111111111111,OVERSUPPLY,4495.0,0.0
666,2.2,Yellow-N,1147,1125,8.0,3.833333333333333,6.0,4500.0,0.0008518518518518518,OVERSUPPLY,4496.166666666667,0.0
666,2.2,Yellow-N,1147,1125,9.0,2.6666666666666665,6.0,4500.0,0.0005925925925925926,OVERSUPPLY,4497.333333333333,0.0
666,2.2,Yellow-N,1147,1125,10.0,3.1666666666666665,6.0,4500.0,0.0007037037037037037,OVERSUPPLY,4496.833333333333,0.0
666,2.2,Yellow-N,1147,1125,11.0,1.8333333333333333,6.0,4500.0,0.0004074074074074074,OVERSUPPLY,4498.166666666667,0.0
666,2.2,Yellow-N,1147,1125,12.0,1.1666666666666665,6.0,4500.0,0.0002592592592592592,OVERSUPPLY,4498.833333333333,0.0
666,2.2,Yellow-N,1147,1125,13.0,1.833333333333333,6.0,4500.0,0.00040740740740740733,OVERSUPPLY,4498.166666666667,0.0
666,2.2,Yellow-N,1147,1125,14.0,5.0,6.0,4500.0,0.0011111111111111111,OVERSUPPLY,4495.0,0.0
666,2.2,Yellow-N,1147,1125,15.0,9.333333333333334,6.0,4500.0,0.002074074074074074,OVERSUPPLY,4490.666666666667,0.0
666,2.2,Yellow-N,1147,1125,16.0,32.833333333333336,6.0,4500.0,0.007296296296296297,OVERSUPPLY,4467.166666666667,0.0
666,2.2,Yellow-N,1147,1125,17.0,35.666666666666664,6.0,4500.0,0.007925925925925925,OVERSUPPLY,4464.333333333333,0.0
666,2.2,Yellow-N,1147,1125,18.0,34.5,6.0,4500.0,0.007666666666666666,OVERSUPPLY,4465.5,0.0
666,2.2,Yellow-N,1147,1125,19.0,13.5,6.0,4500.0,0.003,OVERSUPPLY,4486.5,0.0
666,2.2,Yellow-N,1147,1125,20.0,6.666666666666667,5.0,3750.0,0.0017777777777777779,OVERSUPPLY,3743.3333333333335,0.0
666,2.2,Yellow-N,1147,1125,21.0,3.3333333333333335,4.0,3000.0,0.0011111111111111111,OVERSUPPLY,2996.6666666666665,0.0
666,2.2,Yellow-N,1147,1125,22.0,1.8333333333333333,3.0,2250.0,0.0008148148148148148,OVERSUPPLY,2248.1666666666665,0.0
666,2.2,Yellow-N,1147,1125,23.0,1.0,4.0,3000.0,0.0003333333333333333,OVERSUPPLY,2999.0,0.0
668,2.2,Yellow-N,1148,1183,5.0,2.6666666666666665,7.0,5250.0,0.0005079365079365079,OVERSUPPLY,5247.333333333333,0.0
668,2.2,Yellow-N,1148,1183,6.0,192.33333333333334,6.0,4500.0,0.042740740740740746,OVERSUPPLY,4307.666666666667,0.0
668,2.2,Yellow-N,1148,1183,7.0,356.6666666666667,6.0,4500.0,0.07925925925925927,OVERSUPPLY,4143.333333333333,0.0
668,2.2,Yellow-N,1148,1183,8.0,479.6666666666667,6.0,4500.0,0.1065925925925926,OVERSUPPLY,4020.3333333333335,0.0
668,2.2,Yellow-N,1148,1183,9.0,364.8333333333333,6.0,4500.0,0.08107407407407408,OVERSUPPLY,4135.166666666667,0.0
668,2.2,Yellow-N,1148,1183,10.0,251.83333333333334,6.0,4500.0,0.055962962962962964,OVERSUPPLY,4248.166666666667,0.0
668,2.2,Yellow-N,1148,1183,11.0,248.66666666666666,6.0,4500.0,0.05525925925925926,OVERSUPPLY,4251.333333333333,0.0
668,2.2,Yellow-N,1148,1183,12.0,322.6666666666667,6.0,4500.0,0.07170370370370371,OVERSUPPLY,4177.333333333333,0.0
668,2.2,Yellow-N,1148,1183,13.0,501.1666666666667,6.0,4500.0,0.11137037037037037,OVERSUPPLY,3998.8333333333335,0.0
668,2.2,Yellow-N,1148,1183,14.0,717.6666666666666,6.0,4500.0,0.15948148148148147,OVERSUPPLY,3782.3333333333335,0.0
668,2.2,Yellow-N,1148,1183,15.0,1512.1666666666667,6.0,4500.0,0.3360370370370371,BALANCED,2987.833333333333,0.0
668,2.2,Yellow-N,1148,1183,16.0,3245.1666666666665,6.0,4500.0,0.7211481481481481,BALANCED,1254.8333333333335,0.0
668,2.2,Yellow-N,1148,1183,17.0,4538.833333333333,6.0,4500.0,1.0086296296296295,UNDERSUPPLY,0.0,38.83333333333303
668,2.2,Yellow-N,1148,1183,18.0,4764.0,6.0,4500.0,1.0586666666666666,UNDERSUPPLY,0.0,264.0
668,2.2,Yellow-N,1148,1183,19.0,2158.3333333333335,6.0,4500.0,0.4796296296296297,BALANCED,2341.6666666666665,0.0
668,2.2,Yellow-N,1148,1183,20.0,1256.6666666666667,5.0,3750.0,0.33511111111111114,BALANCED,2493.333333333333,0.0
668,2.2,Yellow-N,1148,1183,21.0,705.6666666666666,4.0,3000.0,0.23522222222222222,BALANCED,2294.3333333333335,0.0
668,2.2,Yellow-N,1148,1183,22.0,539.8333333333334,3.0,2250.0,0.23992592592592593,BALANCED,1710.1666666666665,0.0
668,2.2,Yellow-N,1148,1183,23.0,382.6666666666667,4.0,3000.0,0.12755555555555556,OVERSUPPLY,2617.3333333333335,0.0
670,2.2,Yellow-N,1149,1184,5.0,0.5,7.0,5250.0,9.523809523809524e-05,OVERSUPPLY,5249.5,0.0
670,2.2,Yellow-N,1149,1184,6.0,12.333333333333332,6.0,4500.0,0.0027407407407407406,OVERSUPPLY,4487.666666666667,0.0
670,2.2,Yellow-N,1149,1184,7.0,18.833333333333332,6.0,4500.0,0.004185185185185185,OVERSUPPLY,4481.166666666667,0.0
670,2.2,Yellow-N,1149,1184,8.0,22.0,6.0,4500.0,0.004888888888888889,OVERSUPPLY,4478.0,0.0
670,2.2,Yellow-N,1149,1184,9.0,15.833333333333332,6.0,4500.0,0.003518518518518518,OVERSUPPLY,4484.166666666667,0.0
670,2.2,Yellow-N,1149,1184,10.0,15.833333333333334,6.0,4500.0,0.0035185185185185185,OVERSUPPLY,4484.166666666667,0.0
670,2.2,Yellow-N,1149,1184,11.0,15.833333333333332,6.0,4500.0,0.003518518518518518,OVERSUPPLY,4484.166666666667,0.0
670,2.2,Yellow-N,1149,1184,12.0,31.833333333333332,6.0,4500.0,0.007074074074074074,OVERSUPPLY,4468.166666666667,0.0
670,2.2,Yellow-N,1149,1184,13.0,69.83333333333333,6.0,4500.0,0.015518518518518518,OVERSUPPLY,4430.166666666667,0.0
670,2.2,Yellow-N,1149,1184,14.0,135.33333333333334,6.0,4500.0,0.030074074074074076,OVERSUPPLY,4364.666666666667,0.0
670,2.2,Yellow-N,1149,1184,15.0,240.33333333333334,6.0,4500.0,0.05340740740740741,OVERSUPPLY,4259.666666666667,0.0
670,2.2,Yellow-N,1149,1184,16.0,501.6666666666667,6.0,4500.0,0.11148148148148149,OVERSUPPLY,3998.3333333333335,0.0
670,2.2,Yellow-N,1149,1184,17.0,671.5,6.0,4500.0,0.14922222222222223,OVERSUPPLY,3828.5,0.0
670,2.2,Yellow-N,1149,1184,18.0,681.5,6.0,4500.0,0.15144444444444444,OVERSUPPLY,3818.5,0.0
670,2.2,Yellow-N,1149,1184,19.0,285.0,6.0,4500.0,0.06333333333333334,OVERSUPPLY,4215.0,0.0
670,2.2,Yellow-N,1149,1184,20.0,134.83333333333334,5.0,3750.0,0.03595555555555556,OVERSUPPLY,3615.1666666666665,0.0
670,2.2,Yellow-N,1149,1184,21.0,72.66666666666667,4.0,3000.0,0.024222222222222225,OVERSUPPLY,2927.3333333333335,0.0
670,2.2,Yellow-N,1149,1184,22.0,43.5,3.0,2250.0,0.019333333333333334,OVERSUPPLY,2206.5,0.0
670,2.2,Yellow-N,1149,1184,23.0,37.333333333333336,4.0,3000.0,0.012444444444444445,OVERSUPPLY,2962.6666666666665,0.0
672,2.2,Yellow-N,1150,1185,5.0,0.5,7.0,5250.0,9.523809523809524e-05,OVERSUPPLY,5249.5,0.0
672,2.2,Yellow-N,1150,1185,6.0,9.333333333333332,6.0,4500.0,0.0020740740740740737,OVERSUPPLY,4490.666666666667,0.0
672,2.2,Yellow-N,1150,1185,7.0,17.5,6.0,4500.0,0.0038888888888888888,OVERSUPPLY,4482.5,0.0
672,2.2,Yellow-N,1150,1185,8.0,19.333333333333332,6.0,4500.0,0.004296296296296296,OVERSUPPLY,4480.666666666667,0.0
672,2.2,Yellow-N,1150,1185,9.0,14.666666666666666,6.0,4500.0,0.003259259259259259,OVERSUPPLY,4485.333333333333,0.0
672,2.2,Yellow-N,1150,1185,10.0,14.333333333333334,6.0,4500.0,0.0031851851851851854,OVERSUPPLY,4485.666666666667,0.0
672,2.2,Yellow-N,1150,1185,11.0,15.166666666666666,6.0,4500.0,0.0033703703703703704,OVERSUPPLY,4484.833333333333,0.0
672,2.2,Yellow-N,1150,1185,12.0,29.833333333333332,6.0,4500.0,0.006629629629629629,OVERSUPPLY,4470.166666666667,0.0
672,2.2,Yellow-N,1150,1185,13.0,69.0,6.0,4500.0,0.015333333333333332,OVERSUPPLY,4431.0,0.0
672,2.2,Yellow-N,1150,1185,14.0,132.33333333333334,6.0,4500.0,0.02940740740740741,OVERSUPPLY,4367.666666666667,0.0
672,2.2,Yellow-N,1150,1185,15.0,237.83333333333334,6.0,4500.0,0.05285185185185185,OVERSUPPLY,4262.166666666667,0.0
672,2.2,Yellow-N,1150,1185,16.0,497.8333333333333,6.0,4500.0,0.11062962962962962,OVERSUPPLY,4002.1666666666665,0.0
672,2.2,Yellow-N,1150,1185,17.0,668.3333333333334,6.0,4500.0,0.14851851851851852,OVERSUPPLY,3831.6666666666665,0.0
672,2.2,Yellow-N,1150,1185,18.0,680.5,6.0,4500.0,0.15122222222222223,OVERSUPPLY,3819.5,0.0
672,2.2,Yellow-N,1150,1185,19.0,284.6666666666667,6.0,4500.0,0.06325925925925927,OVERSUPPLY,4215.333333333333,0.0
672,2.2,Yellow-N,1150,1185,20.0,134.16666666666666,5.0,3750.0,0.035777777777777776,OVERSUPPLY,3615.8333333333335,0.0
672,2.2,Yellow-N,1150,1185,21.0,72.0,4.0,3000.0,0.024,OVERSUPPLY,2928.0,0.0
672,2.2,Yellow-N,1150,1185,22.0,43.0,3.0,2250.0,0.01911111111111111,OVERSUPPLY,2207.0,0.0
672,2.2,Yellow-N,1150,1185,23.0,37.333333333333336,4.0,3000.0,0.012444444444444445,OVERSUPPLY,2962.6666666666665,0.0
674,2.2,Yellow-N,1151,1174,5.0,6.166666666666666,7.0,5250.0,0.0011746031746031746,OVERSUPPLY,5243.833333333333,0.0
674,2.2,Yellow-N,1151,1174,6.0,169.0,6.0,4500.0,0.03755555555555556,OVERSUPPLY,4331.0,0.0
674,2.2,Yellow-N,1151,1174,7.0,365.8333333333333,6.0,4500.0,0.0812962962962963,OVERSUPPLY,4134.166666666667,0.0
674,2.2,Yellow-N,1151,1174,8.0,417.6666666666667,6.0,4500.0,0.09281481481481482,OVERSUPPLY,4082.3333333333335,0.0
674,2.2,Yellow-N,1151,1174,9.0,331.0,6.0,4500.0,0.07355555555555555,OVERSUPPLY,4169.0,0.0
674,2.2,Yellow-N,1151,1174,10.0,244.5,6.0,4500.0,0.05433333333333333,OVERSUPPLY,4255.5,0.0
674,2.2,Yellow-N,1151,1174,11.0,246.66666666666666,6.0,4500.0,0.05481481481481481,OVERSUPPLY,4253.333333333333,0.0
674,2.2,Yellow-N,1151,1174,12.0,295.8333333333333,6.0,4500.0,0.06574074074074074,OVERSUPPLY,4204.166666666667,0.0
674,2.2,Yellow-N,1151,1174,13.0,447.0,6.0,4500.0,0.09933333333333333,OVERSUPPLY,4053.0,0.0
674,2.2,Yellow-N,1151,1174,14.0,614.8333333333334,6.0,4500.0,0.13662962962962963,OVERSUPPLY,3885.1666666666665,0.0
674,2.2,Yellow-N,1151,1174,15.0,1319.6666666666667,6.0,4500.0,0.2932592592592593,BALANCED,3180.333333333333,0.0
674,2.2,Yellow-N,1151,1174,16.0,2709.3333333333335,6.0,4500.0,0.6020740740740741,BALANCED,1790.6666666666665,0.0
674,2.2,Yellow-N,1151,1174,17.0,3785.1666666666665,6.0,4500.0,0.8411481481481481,CROWDED,714.8333333333335,0.0
674,2.2,Yellow-N,1151,1174,18.0,4119.0,6.0,4500.0,0.9153333333333333,CROWDED,381.0,0.0
674,2.2,Yellow-N,1151,1174,19.0,1850.0,6.0,4500.0,0.4111111111111111,BALANCED,2650.0,0.0
674,2.2,Yellow-N,1151,1174,20.0,1067.3333333333333,5.0,3750.0,0.2846222222222222,BALANCED,2682.666666666667,0.0
674,2.2,Yellow-N,1151,1174,21.0,638.5,4.0,3000.0,0.21283333333333335,BALANCED,2361.5,0.0
674,2.2,Yellow-N,1151,1174,22.0,462.6666666666667,3.0,2250.0,0.20562962962962963,BALANCED,1787.3333333333333,0.0
674,2.2,Yellow-N,1151,1174,23.0,361.0,4.0,3000.0,0.12033333333333333,OVERSUPPLY,2639.0,0.0
676,2.2,Yellow-N,1152,1175,5.0,3.833333333333333,7.0,5250.0,0.0007301587301587301,OVERSUPPLY,5246.166666666667,0.0
676,2.2,Yellow-N,1152,1175,6.0,43.666666666666664,6.0,4500.0,0.009703703703703704,OVERSUPPLY,4456.333333333333,0.0
676,2.2,Yellow-N,1152,1175,7.0,129.5,6.0,4500.0,0.028777777777777777,OVERSUPPLY,4370.5,0.0
676,2.2,Yellow-N,1152,1175,8.0,155.33333333333334,6.0,4500.0,0.03451851851851852,OVERSUPPLY,4344.666666666667,0.0
676,2.2,Yellow-N,1152,1175,9.0,119.16666666666667,6.0,4500.0,0.02648148148148148,OVERSUPPLY,4380.833333333333,0.0
676,2.2,Yellow-N,1152,1175,10.0,102.66666666666667,6.0,4500.0,0.022814814814814816,OVERSUPPLY,4397.333333333333,0.0
676,2.2,Yellow-N,1152,1175,11.0,126.0,6.0,4500.0,0.028,OVERSUPPLY,4374.0,0.0
676,2.2,Yellow-N,1152,1175,12.0,192.33333333333334,6.0,4500.0,0.042740740740740746,OVERSUPPLY,4307.666666666667,0.0
676,2.2,Yellow-N,1152,1175,13.0,281.8333333333333,6.0,4500.0,0.06262962962962963,OVERSUPPLY,4218.166666666667,0.0
676,2.2,Yellow-N,1152,1175,14.0,482.1666666666667,6.0,4500.0,0.10714814814814816,OVERSUPPLY,4017.8333333333335,0.0
676,2.2,Yellow-N,1152,1175,15.0,843.0,6.0,4500.0,0.18733333333333332,OVERSUPPLY,3657.0,0.0
676,2.2,Yellow-N,1152,1175,16.0,1862.8333333333333,6.0,4500.0,0.4139629629629629,BALANCED,2637.166666666667,0.0
676,2.2,Yellow-N,1152,1175,17.0,2980.1666666666665,6.0,4500.0,0.6622592592592592,BALANCED,1519.8333333333335,0.0
676,2.2,Yellow-N,1152,1175,18.0,2534.0,6.0,4500.0,0.5631111111111111,BALANCED,1966.0,0.0
676,2.2,Yellow-N,1152,1175,19.0,1223.3333333333333,6.0,4500.0,0.27185185185185184,BALANCED,3276.666666666667,0.0
676,2.2,Yellow-N,1152,1175,20.0,620.3333333333334,5.0,3750.0,0.16542222222222222,OVERSUPPLY,3129.6666666666665,0.0
676,2.2,Yellow-N,1152,1175,21.0,390.5,4.0,3000.0,0.13016666666666668,OVERSUPPLY,2609.5,0.0
676,2.2,Yellow-N,1152,1175,22.0,304.5,3.0,2250.0,0.13533333333333333,OVERSUPPLY,1945.5,0.0
676,2.2,Yellow-N,1152,1175,23.0,191.5,4.0,3000.0,0.06383333333333334,OVERSUPPLY,2808.5,0.0
678,2.2,Yellow-N,1153,1176,5.0,1.3333333333333333,7.0,5250.0,0.00025396825396825396,OVERSUPPLY,5248.666666666667,0.0
678,2.2,Yellow-N,1153,1176,6.0,19.333333333333332,6.0,4500.0,0.004296296296296296,OVERSUPPLY,4480.666666666667,0.0
678,2.2,Yellow-N,1153,1176,7.0,48.666666666666664,6.0,4500.0,0.010814814814814814,OVERSUPPLY,4451.333333333333,0.0
678,2.2,Yellow-N,1153,1176,8.0,60.333333333333336,6.0,4500.0,0.013407407407407408,OVERSUPPLY,4439.666666666667,0.0
678,2.2,Yellow-N,1153,1176,9.0,47.166666666666664,6.0,4500.0,0.01048148148148148,OVERSUPPLY,4452.833333333333,0.0
678,2.2,Yellow-N,1153,1176,10.0,45.166666666666664,6.0,4500.0,0.010037037037037037,OVERSUPPLY,4454.833333333333,0.0
678,2.2,Yellow-N,1153,1176,11.0,53.666666666666664,6.0,4500.0,0.011925925925925925,OVERSUPPLY,4446.333333333333,0.0
678,2.2,Yellow-N,1153,1176,12.0,81.83333333333333,6.0,4500.0,0.018185185185185183,OVERSUPPLY,4418.166666666667,0.0
678,2.2,Yellow-N,1153,1176,13.0,146.16666666666666,6.0,4500.0,0.03248148148148148,OVERSUPPLY,4353.833333333333,0.0
678,2.2,Yellow-N,1153,1176,14.0,267.6666666666667,6.0,4500.0,0.05948148148148148,OVERSUPPLY,4232.333333333333,0.0
678,2.2,Yellow-N,1153,1176,15.0,483.3333333333333,6.0,4500.0,0.10740740740740741,OVERSUPPLY,4016.6666666666665,0.0
678,2.2,Yellow-N,1153,1176,16.0,1091.8333333333333,6.0,4500.0,0.2426296296296296,BALANCED,3408.166666666667,0.0
678,2.2,Yellow-N,1153,1176,17.0,1660.0,6.0,4500.0,0.3688888888888889,BALANCED,2840.0,0.0
678,2.2,Yellow-N,1153,1176,18.0,1452.0,6.0,4500.0,0.32266666666666666,BALANCED,3048.0,0.0
678,2.2,Yellow-N,1153,1176,19.0,665.6666666666666,6.0,4500.0,0.1479259259259259,OVERSUPPLY,3834.3333333333335,0.0
678,2.2,Yellow-N,1153,1176,20.0,318.6666666666667,5.0,3750.0,0.08497777777777778,OVERSUPPLY,3431.3333333333335,0.0
678,2.2,Yellow-N,1153,1176,21.0,177.0,4.0,3000.0,0.059,OVERSUPPLY,2823.0,0.0
678,2.2,Yellow-N,1153,1176,22.0,147.16666666666666,3.0,2250.0,0.0654074074074074,OVERSUPPLY,2102.8333333333335,0.0
678,2.2,Yellow-N,1153,1176,23.0,88.16666666666667,4.0,3000.0,0.02938888888888889,OVERSUPPLY,2911.8333333333335,0.0
680,2.2,Yellow-N,1154,1142,5.0,229.83333333333334,7.0,5250.0,0.04377777777777778,OVERSUPPLY,5020.166666666667,0.0
680,2.2,Yellow-N,1154,1142,6.0,833.1666666666666,6.0,4500.0,0.18514814814814815,OVERSUPPLY,3666.8333333333335,0.0
680,2.2,Yellow-N,1154,1142,7.0,2240.3333333333335,6.0,4500.0,0.4978518518518519,BALANCED,2259.6666666666665,0.0
680,2.2,Yellow-N,1154,1142,8.0,4455.833333333333,6.0,4500.0,0.9901851851851852,CROWDED,44.16666666666697,0.0
680,2.2,Yellow-N,1154,1142,9.0,3374.5,6.0,4500.0,0.7498888888888889,BALANCED,1125.5,0.0
680,2.2,Yellow-N,1154,1142,10.0,1482.3333333333333,6.0,4500.0,0.32940740740740737,BALANCED,3017.666666666667,0.0
680,2.2,Yellow-N,1154,1142,11.0,1100.0,6.0,4500.0,0.24444444444444444,BALANCED,3400.0,0.0
680,2.2,Yellow-N,1154,1142,12.0,1249.6666666666667,6.0,4500.0,0.27770370370370373,BALANCED,3250.333333333333,0.0
680,2.2,Yellow-N,1154,1142,13.0,1451.1666666666667,6.0,4500.0,0.3224814814814815,BALANCED,3048.833333333333,0.0
680,2.2,Yellow-N,1154,1142,14.0,1963.0,6.0,4500.0,0.43622222222222223,BALANCED,2537.0,0.0
680,2.2,Yellow-N,1154,1142,15.0,3279.0,6.0,4500.0,0.7286666666666667,BALANCED,1221.0,0.0
680,2.2,Yellow-N,1154,1142,16.0,5913.0,6.0,4500.0,1.314,UNDERSUPPLY,0.0,1413.0
680,2.2,Yellow-N,1154,1142,17.0,9849.833333333334,6.0,4500.0,2.188851851851852,UNDERSUPPLY,0.0,5349.833333333334
680,2.2,Yellow-N,1154,1142,18.0,9721.0,6.0,4500.0,2.160222222222222,UNDERSUPPLY,0.0,5221.0
680,2.2,Yellow-N,1154,1142,19.0,4989.166666666667,6.0,4500.0,1.1087037037037037,UNDERSUPPLY,0.0,489.16666666666697
680,2.2,Yellow-N,1154,1142,20.0,2892.5,5.0,3750.0,0.7713333333333333,BALANCED,857.5,0.0
680,2.2,Yellow-N,1154,1142,21.0,1780.6666666666667,4.0,3000.0,0.5935555555555556,BALANCED,1219.3333333333333,0.0
680,2.2,Yellow-N,1154,1142,22.0,1543.8333333333333,3.0,2250.0,0.6861481481481481,BALANCED,706.1666666666667,0.0
680,2.2,Yellow-N,1154,1142,23.0,887.5,4.0,3000.0,0.29583333333333334,BALANCED,2112.5,0.0
682,2.2,Yellow-N,1155,1143,5.0,0.3333333333333333,7.0,5250.0,6.349206349206349e-05,OVERSUPPLY,5249.666666666667,0.0
682,2.2,Yellow-N,1155,1143,6.0,3.0,6.0,4500.0,0.0006666666666666666,OVERSUPPLY,4497.0,0.0
682,2.2,Yellow-N,1155,1143,7.0,5.0,6.0,4500.0,0.0011111111111111111,OVERSUPPLY,4495.0,0.0
682,2.2,Yellow-N,1155,1143,8.0,3.833333333333333,6.0,4500.0,0.0008518518518518518,OVERSUPPLY,4496.166666666667,0.0
682,2.2,Yellow-N,1155,1143,9.0,2.6666666666666665,6.0,4500.0,0.0005925925925925926,OVERSUPPLY,4497.333333333333,0.0
682,2.2,Yellow-N,1155,1143,10.0,3.1666666666666665,6.0,4500.0,0.0007037037037037037,OVERSUPPLY,4496.833333333333,0.0
682,2.2,Yellow-N,1155,1143,11.0,1.8333333333333333,6.0,4500.0,0.0004074074074074074,OVERSUPPLY,4498.166666666667,0.0
682,2.2,Yellow-N,1155,1143,12.0,1.1666666666666665,6.0,4500.0,0.0002592592592592592,OVERSUPPLY,4498.833333333333,0.0
682,2.2,Yellow-N,1155,1143,13.0,1.833333333333333,6.0,4500.0,0.00040740740740740733,OVERSUPPLY,4498.166666666667,0.0
682,2.2,Yellow-N,1155,1143,14.0,5.0,6.0,4500.0,0.0011111111111111111,OVERSUPPLY,4495.0,0.0
682,2.2,Yellow-N,1155,1143,15.0,9.333333333333334,6.0,4500.0,0.002074074074074074,OVERSUPPLY,4490.666666666667,0.0
682,2.2,Yellow-N,1155,1143,16.0,32.833333333333336,6.0,4500.0,0.007296296296296297,OVERSUPPLY,4467.166666666667,0.0
682,2.2,Yellow-N,1155,1143,17.0,35.666666666666664,6.0,4500.0,0.007925925925925925,OVERSUPPLY,4464.333333333333,0.0
682,2.2,Yellow-N,1155,1143,18.0,34.5,6.0,4500.0,0.007666666666666666,OVERSUPPLY,4465.5,0.0
682,2.2,Yellow-N,1155,1143,19.0,13.5,6.0,4500.0,0.003,OVERSUPPLY,4486.5,0.0
682,2.2,Yellow-N,1155,1143,20.0,6.666666666666667,5.0,3750.0,0.0017777777777777779,OVERSUPPLY,3743.3333333333335,0.0
682,2.2,Yellow-N,1155,1143,21.0,3.3333333333333335,4.0,3000.0,0.0011111111111111111,OVERSUPPLY,2996.6666666666665,0.0
682,2.2,Yellow-N,1155,1143,22.0,1.8333333333333333,3.0,2250.0,0.0008148148148148148,OVERSUPPLY,2248.1666666666665,0.0
682,2.2,Yellow-N,1155,1143,23.0,1.0,4.0,3000.0,0.0003333333333333333,OVERSUPPLY,2999.0,0.0
684,2.2,Yellow-N,1156,1144,5.0,0.3333333333333333,7.0,5250.0,6.349206349206349e-05,OVERSUPPLY,5249.666666666667,0.0
684,2.2,Yellow-N,1156,1144,6.0,3.0,6.0,4500.0,0.0006666666666666666,OVERSUPPLY,4497.0,0.0
684,2.2,Yellow-N,1156,1144,7.0,5.0,6.0,4500.0,0.0011111111111111111,OVERSUPPLY,4495.0,0.0
684,2.2,Yellow-N,1156,1144,8.0,3.833333333333333,6.0,4500.0,0.0008518518518518518,OVERSUPPLY,4496.166666666667,0.0
684,2.2,Yellow-N,1156,1144,9.0,2.6666666666666665,6.0,4500.0,0.0005925925925925926,OVERSUPPLY,4497.333333333333,0.0
684,2.2,Yellow-N,1156,1144,10.0,3.1666666666666665,6.0,4500.0,0.0007037037037037037,OVERSUPPLY,4496.833333333333,0.0
684,2.2,Yellow-N,1156,1144,11.0,1.8333333333333333,6.0,4500.0,0.0004074074074074074,OVERSUPPLY,4498.166666666667,0.0
684,2.2,Yellow-N,1156,1144,12.0,1.1666666666666665,6.0,4500.0,0.0002592592592592592,OVERSUPPLY,4498.833333333333,0.0
684,2.2,Yellow-N,1156,1144,13.0,1.833333333333333,6.0,4500.0,0.00040740740740740733,OVERSUPPLY,4498.166666666667,0.0
684,2.2,Yellow-N,1156,1144,14.0,5.0,6.0,4500.0,0.0011111111111111111,OVERSUPPLY,4495.0,0.0
684,2.2,Yellow-N,1156,1144,15.0,9.333333333333334,6.0,4500.0,0.002074074074074074,OVERSUPPLY,4490.666666666667,0.0
684,2.2,Yellow-N,1156,1144,16.0,32.833333333333336,6.0,4500.0,0.007296296296296297,OVERSUPPLY,4467.166666666667,0.0
684,2.2,Yellow-N,1156,1144,17.0,35.666666666666664,6.0,4500.0,0.007925925925925925,OVERSUPPLY,4464.333333333333,0.0
684,2.2,Yellow-N,1156,1144,18.0,34.5,6.0,4500.0,0.007666666666666666,OVERSUPPLY,4465.5,0.0
684,2.2,Yellow-N,1156,1144,19.0,13.5,6.0,4500.0,0.003,OVERSUPPLY,4486.5,0.0
684,2.2,Yellow-N,1156,1144,20.0,6.666666666666667,5.0,3750.0,0.0017777777777777779,OVERSUPPLY,3743.3333333333335,0.0
684,2.2,Yellow-N,1156,1144,21.0,3.3333333333333335,4.0,3000.0,0.0011111111111111111,OVERSUPPLY,2996.6666666666665,0.0
684,2.2,Yellow-N,1156,1144,22.0,1.8333333333333333,3.0,2250.0,0.0008148148148148148,OVERSUPPLY,2248.1666666666665,0.0
684,2.2,Yellow-N,1156,1144,23.0,1.0,4.0,3000.0,0.0003333333333333333,OVERSUPPLY,2999.0,0.0
686,2.2,Yellow-N,1157,1168,5.0,2.1666666666666665,7.0,5250.0,0.0004126984126984127,OVERSUPPLY,5247.833333333333,0.0
686,2.2,Yellow-N,1157,1168,6.0,3.3333333333333335,6.0,4500.0,0.0007407407407407408,OVERSUPPLY,4496.666666666667,0.0
686,2.2,Yellow-N,1157,1168,7.0,5.0,6.0,4500.0,0.0011111111111111111,OVERSUPPLY,4495.0,0.0
686,2.2,Yellow-N,1157,1168,8.0,2.3333333333333335,6.0,4500.0,0.0005185185185185185,OVERSUPPLY,4497.666666666667,0.0
686,2.2,Yellow-N,1157,1168,9.0,1.8333333333333333,6.0,4500.0,0.0004074074074074074,OVERSUPPLY,4498.166666666667,0.0
686,2.2,Yellow-N,1157,1168,10.0,0.8333333333333333,6.0,4500.0,0.00018518518518518518,OVERSUPPLY,4499.166666666667,0.0
686,2.2,Yellow-N,1157,1168,11.0,1.3333333333333333,6.0,4500.0,0.0002962962962962963,OVERSUPPLY,4498.666666666667,0.0
686,2.2,Yellow-N,1157,1168,12.0,1.1666666666666665,6.0,4500.0,0.0002592592592592592,OVERSUPPLY,4498.833333333333,0.0
686,2.2,Yellow-N,1157,1168,13.0,1.1666666666666665,6.0,4500.0,0.0002592592592592592,OVERSUPPLY,4498.833333333333,0.0
686,2.2,Yellow-N,1157,1168,14.0,1.1666666666666667,6.0,4500.0,0.00025925925925925926,OVERSUPPLY,4498.833333333333,0.0
686,2.2,Yellow-N,1157,1168,15.0,4.0,6.0,4500.0,0.0008888888888888889,OVERSUPPLY,4496.0,0.0
686,2.2,Yellow-N,1157,1168,16.0,2.333333333333333,6.0,4500.0,0.0005185185185185184,OVERSUPPLY,4497.666666666667,0.0
686,2.2,Yellow-N,1157,1168,17.0,2.666666666666667,6.0,4500.0,0.0005925925925925927,OVERSUPPLY,4497.333333333333,0.0
686,2.2,Yellow-N,1157,1168,18.0,1.5,6.0,4500.0,0.0003333333333333333,OVERSUPPLY,4498.5,0.0
686,2.2,Yellow-N,1157,1168,19.0,1.1666666666666667,6.0,4500.0,0.00025925925925925926,OVERSUPPLY,4498.833333333333,0.0
686,2.2,Yellow-N,1157,1168,20.0,1.8333333333333333,5.0,3750.0,0.0004888888888888889,OVERSUPPLY,3748.1666666666665,0.0
686,2.2,Yellow-N,1157,1168,21.0,1.8333333333333333,4.0,3000.0,0.0006111111111111111,OVERSUPPLY,2998.1666666666665,0.0
686,2.2,Yellow-N,1157,1168,22.0,0.8333333333333333,3.0,2250.0,0.00037037037037037035,OVERSUPPLY,2249.1666666666665,0.0
688,2.2,Yellow-N,1158,1169,5.0,1.5,7.0,5250.0,0.00028571428571428574,OVERSUPPLY,5248.5,0.0
688,2.2,Yellow-N,1158,1169,6.0,18.333333333333332,6.0,4500.0,0.004074074074074074,OVERSUPPLY,4481.666666666667,0.0
688,2.2,Yellow-N,1158,1169,7.0,38.166666666666664,6.0,4500.0,0.00848148148148148,OVERSUPPLY,4461.833333333333,0.0
688,2.2,Yellow-N,1158,1169,8.0,46.333333333333336,6.0,4500.0,0.010296296296296296,OVERSUPPLY,4453.666666666667,0.0
688,2.2,Yellow-N,1158,1169,9.0,46.5,6.0,4500.0,0.010333333333333333,OVERSUPPLY,4453.5,0.0
688,2.2,Yellow-N,1158,1169,10.0,39.0,6.0,4500.0,0.008666666666666666,OVERSUPPLY,4461.0,0.0
688,2.2,Yellow-N,1158,1169,11.0,45.5,6.0,4500.0,0.01011111111111111,OVERSUPPLY,4454.5,0.0
688,2.2,Yellow-N,1158,1169,12.0,60.666666666666664,6.0,4500.0,0.013481481481481481,OVERSUPPLY,4439.333333333333,0.0
688,2.2,Yellow-N,1158,1169,13.0,109.33333333333333,6.0,4500.0,0.024296296296296295,OVERSUPPLY,4390.666666666667,0.0
688,2.2,Yellow-N,1158,1169,14.0,137.66666666666666,6.0,4500.0,0.03059259259259259,OVERSUPPLY,4362.333333333333,0.0
688,2.2,Yellow-N,1158,1169,15.0,327.6666666666667,6.0,4500.0,0.07281481481481482,OVERSUPPLY,4172.333333333333,0.0
688,2.2,Yellow-N,1158,1169,16.0,638.1666666666666,6.0,4500.0,0.1418148148148148,OVERSUPPLY,3861.8333333333335,0.0
688,2.2,Yellow-N,1158,1169,17.0,783.6666666666666,6.0,4500.0,0.17414814814814814,OVERSUPPLY,3716.3333333333335,0.0
688,2.2,Yellow-N,1158,1169,18.0,971.3333333333334,6.0,4500.0,0.21585185185185185,BALANCED,3528.6666666666665,0.0
688,2.2,Yellow-N,1158,1169,19.0,465.0,6.0,4500.0,0.10333333333333333,OVERSUPPLY,4035.0,0.0
688,2.2,Yellow-N,1158,1169,20.0,257.3333333333333,5.0,3750.0,0.06862222222222222,OVERSUPPLY,3492.6666666666665,0.0
688,2.2,Yellow-N,1158,1169,21.0,149.83333333333334,4.0,3000.0,0.04994444444444445,OVERSUPPLY,2850.1666666666665,0.0
688,2.2,Yellow-N,1158,1169,22.0,108.16666666666667,3.0,2250.0,0.048074074074074075,OVERSUPPLY,2141.8333333333335,0.0
688,2.2,Yellow-N,1158,1169,23.0,91.0,4.0,3000.0,0.030333333333333334,OVERSUPPLY,2909.0,0.0
690,2.2,Yellow-N,1159,1170,5.0,1.5,7.0,5250.0,0.00028571428571428574,OVERSUPPLY,5248.5,0.0
690,2.2,Yellow-N,1159,1170,6.0,16.5,6.0,4500.0,0.0036666666666666666,OVERSUPPLY,4483.5,0.0
690,2.2,Yellow-N,1159,1170,7.0,31.5,6.0,4500.0,0.007,OVERSUPPLY,4468.5,0.0
690,2.2,Yellow-N,1159,1170,8.0,43.5,6.0,4500.0,0.009666666666666667,OVERSUPPLY,4456.5,0.0
690,2.2,Yellow-N,1159,1170,9.0,38.33333333333333,6.0,4500.0,0.008518518518518517,OVERSUPPLY,4461.666666666667,0.0
690,2.2,Yellow-N,1159,1170,10.0,32.333333333333336,6.0,4500.0,0.007185185185185186,OVERSUPPLY,4467.666666666667,0.0
690,2.2,Yellow-N,1159,1170,11.0,39.0,6.0,4500.0,0.008666666666666666,OVERSUPPLY,4461.0,0.0
690,2.2,Yellow-N,1159,1170,12.0,53.333333333333336,6.0,4500.0,0.011851851851851853,OVERSUPPLY,4446.666666666667,0.0
690,2.2,Yellow-N,1159,1170,13.0,98.83333333333333,6.0,4500.0,0.021962962962962962,OVERSUPPLY,4401.166666666667,0.0
690,2.2,Yellow-N,1159,1170,14.0,131.66666666666666,6.0,4500.0,0.029259259259259256,OVERSUPPLY,4368.333333333333,0.0
690,2.2,Yellow-N,1159,1170,15.0,316.5,6.0,4500.0,0.07033333333333333,OVERSUPPLY,4183.5,0.0
690,2.2,Yellow-N,1159,1170,16.0,618.3333333333334,6.0,4500.0,0.13740740740740742,OVERSUPPLY,3881.6666666666665,0.0
690,2.2,Yellow-N,1159,1170,17.0,749.1666666666666,6.0,4500.0,0.16648148148148148,OVERSUPPLY,3750.8333333333335,0.0
690,2.2,Yellow-N,1159,1170,18.0,912.3333333333334,6.0,4500.0,0.20274074074074075,BALANCED,3587.6666666666665,0.0
690,2.2,Yellow-N,1159,1170,19.0,429.8333333333333,6.0,4500.0,0.09551851851851852,OVERSUPPLY,4070.1666666666665,0.0
690,2.2,Yellow-N,1159,1170,20.0,239.33333333333334,5.0,3750.0,0.06382222222222222,OVERSUPPLY,3510.6666666666665,0.0
690,2.2,Yellow-N,1159,1170,21.0,140.5,4.0,3000.0,0.04683333333333333,OVERSUPPLY,2859.5,0.0
690,2.2,Yellow-N,1159,1170,22.0,100.5,3.0,2250.0,0.04466666666666667,OVERSUPPLY,2149.5,0.0
690,2.2,Yellow-N,1159,1170,23.0,85.66666666666667,4.0,3000.0,0.028555555555555556,OVERSUPPLY,2914.3333333333335,0.0
692,2.2,Yellow-N,1160,1148,5.0,2.5,7.0,5250.0,0.0004761904761904762,OVERSUPPLY,5247.5,0.0
692,2.2,Yellow-N,1160,1148,6.0,173.5,6.0,4500.0,0.03855555555555556,OVERSUPPLY,4326.5,0.0
692,2.2,Yellow-N,1160,1148,7.0,320.8333333333333,6.0,4500.0,0.07129629629629629,OVERSUPPLY,4179.166666666667,0.0
692,2.2,Yellow-N,1160,1148,8.0,415.8333333333333,6.0,4500.0,0.0924074074074074,OVERSUPPLY,4084.1666666666665,0.0
692,2.2,Yellow-N,1160,1148,9.0,317.0,6.0,4500.0,0.07044444444444445,OVERSUPPLY,4183.0,0.0
692,2.2,Yellow-N,1160,1148,10.0,230.33333333333334,6.0,4500.0,0.05118518518518519,OVERSUPPLY,4269.666666666667,0.0
692,2.2,Yellow-N,1160,1148,11.0,216.16666666666666,6.0,4500.0,0.04803703703703704,OVERSUPPLY,4283.833333333333,0.0
692,2.2,Yellow-N,1160,1148,12.0,282.6666666666667,6.0,4500.0,0.06281481481481482,OVERSUPPLY,4217.333333333333,0.0
692,2.2,Yellow-N,1160,1148,13.0,433.6666666666667,6.0,4500.0,0.09637037037037037,OVERSUPPLY,4066.3333333333335,0.0
692,2.2,Yellow-N,1160,1148,14.0,607.8333333333334,6.0,4500.0,0.13507407407407407,OVERSUPPLY,3892.1666666666665,0.0
692,2.2,Yellow-N,1160,1148,15.0,1304.0,6.0,4500.0,0.2897777777777778,BALANCED,3196.0,0.0
692,2.2,Yellow-N,1160,1148,16.0,2724.1666666666665,6.0,4500.0,0.6053703703703703,BALANCED,1775.8333333333335,0.0
692,2.2,Yellow-N,1160,1148,17.0,3794.3333333333335,6.0,4500.0,0.8431851851851853,CROWDED,705.6666666666665,0.0
692,2.2,Yellow-N,1160,1148,18.0,4135.333333333333,6.0,4500.0,0.9189629629629629,CROWDED,364.66666666666697,0.0
692,2.2,Yellow-N,1160,1148,19.0,1865.5,6.0,4500.0,0.41455555555555557,BALANCED,2634.5,0.0
692,2.2,Yellow-N,1160,1148,20.0,1090.1666666666667,5.0,3750.0,0.29071111111111114,BALANCED,2659.833333333333,0.0
692,2.2,Yellow-N,1160,1148,21.0,643.1666666666666,4.0,3000.0,0.21438888888888888,BALANCED,2356.8333333333335,0.0
692,2.2,Yellow-N,1160,1148,22.0,471.5,3.0,2250.0,0.20955555555555555,BALANCED,1778.5,0.0
692,2.2,Yellow-N,1160,1148,23.0,357.8333333333333,4.0,3000.0,0.11927777777777777,OVERSUPPLY,2642.1666666666665,0.0
694,2.2,Yellow-N,1161,1149,5.0,0.9999999999999999,7.0,5250.0,0.00019047619047619045,OVERSUPPLY,5249.0,0.0
694,2.2,Yellow-N,1161,1149,6.0,32.166666666666664,6.0,4500.0,0.007148148148148147,OVERSUPPLY,4467.833333333333,0.0
694,2.2,Yellow-N,1161,1149,7.0,63.83333333333333,6.0,4500.0,0.014185185185185184,OVERSUPPLY,4436.166666666667,0.0
694,2.2,Yellow-N,1161,1149,8.0,97.0,6.0,4500.0,0.021555555555555557,OVERSUPPLY,4403.0,0.0
694,2.2,Yellow-N,1161,1149,9.0,64.16666666666667,6.0,4500.0,0.01425925925925926,OVERSUPPLY,4435.833333333333,0.0
694,2.2,Yellow-N,1161,1149,10.0,46.833333333333336,6.0,4500.0,0.010407407407407409,OVERSUPPLY,4453.166666666667,0.0
694,2.2,Yellow-N,1161,1149,11.0,60.0,6.0,4500.0,0.013333333333333334,OVERSUPPLY,4440.0,0.0
694,2.2,Yellow-N,1161,1149,12.0,85.66666666666667,6.0,4500.0,0.01903703703703704,OVERSUPPLY,4414.333333333333,0.0
694,2.2,Yellow-N,1161,1149,13.0,154.16666666666666,6.0,4500.0,0.03425925925925926,OVERSUPPLY,4345.833333333333,0.0
694,2.2,Yellow-N,1161,1149,14.0,277.0,6.0,4500.0,0.06155555555555556,OVERSUPPLY,4223.0,0.0
694,2.2,Yellow-N,1161,1149,15.0,508.5,6.0,4500.0,0.113,OVERSUPPLY,3991.5,0.0
694,2.2,Yellow-N,1161,1149,16.0,1130.3333333333333,6.0,4500.0,0.2511851851851852,BALANCED,3369.666666666667,0.0
694,2.2,Yellow-N,1161,1149,17.0,1720.1666666666667,6.0,4500.0,0.3822592592592593,BALANCED,2779.833333333333,0.0
694,2.2,Yellow-N,1161,1149,18.0,1498.6666666666667,6.0,4500.0,0.3330370370370371,BALANCED,3001.333333333333,0.0
694,2.2,Yellow-N,1161,1149,19.0,692.8333333333334,6.0,4500.0,0.15396296296296297,OVERSUPPLY,3807.1666666666665,0.0
694,2.2,Yellow-N,1161,1149,20.0,362.5,5.0,3750.0,0.09666666666666666,OVERSUPPLY,3387.5,0.0
694,2.2,Yellow-N,1161,1149,21.0,162.83333333333334,4.0,3000.0,0.05427777777777778,OVERSUPPLY,2837.1666666666665,0.0
694,2.2,Yellow-N,1161,1149,22.0,159.0,3.0,2250.0,0.07066666666666667,OVERSUPPLY,2091.0,0.0
694,2.2,Yellow-N,1161,1149,23.0,80.0,4.0,3000.0,0.02666666666666667,OVERSUPPLY,2920.0,0.0
696,2.2,Yellow-N,1162,1150,5.0,0.8333333333333333,7.0,5250.0,0.0001587301587301587,OVERSUPPLY,5249.166666666667,0.0
696,2.2,Yellow-N,1162,1150,6.0,14.666666666666666,6.0,4500.0,0.003259259259259259,OVERSUPPLY,4485.333333333333,0.0
696,2.2,Yellow-N,1162,1150,7.0,31.0,6.0,4500.0,0.006888888888888889,OVERSUPPLY,4469.0,0.0
696,2.2,Yellow-N,1162,1150,8.0,41.166666666666664,6.0,4500.0,0.009148148148148148,OVERSUPPLY,4458.833333333333,0.0
696,2.2,Yellow-N,1162,1150,9.0,30.166666666666668,6.0,4500.0,0.006703703703703704,OVERSUPPLY,4469.833333333333,0.0
696,2.2,Yellow-N,1162,1150,10.0,26.166666666666668,6.0,4500.0,0.005814814814814815,OVERSUPPLY,4473.833333333333,0.0
696,2.2,Yellow-N,1162,1150,11.0,34.166666666666664,6.0,4500.0,0.007592592592592592,OVERSUPPLY,4465.833333333333,0.0
696,2.2,Yellow-N,1162,1150,12.0,54.0,6.0,4500.0,0.012,OVERSUPPLY,4446.0,0.0
696,2.2,Yellow-N,1162,1150,13.0,108.5,6.0,4500.0,0.02411111111111111,OVERSUPPLY,4391.5,0.0
696,2.2,Yellow-N,1162,1150,14.0,202.16666666666666,6.0,4500.0,0.044925925925925925,OVERSUPPLY,4297.833333333333,0.0
696,2.2,Yellow-N,1162,1150,15.0,372.1666666666667,6.0,4500.0,0.08270370370370371,OVERSUPPLY,4127.833333333333,0.0
696,2.2,Yellow-N,1162,1150,16.0,832.8333333333334,6.0,4500.0,0.18507407407407409,OVERSUPPLY,3667.1666666666665,0.0
696,2.2,Yellow-N,1162,1150,17.0,1247.1666666666667,6.0,4500.0,0.27714814814814814,BALANCED,3252.833333333333,0.0
696,2.2,Yellow-N,1162,1150,18.0,1118.6666666666667,6.0,4500.0,0.24859259259259261,BALANCED,3381.333333333333,0.0
696,2.2,Yellow-N,1162,1150,19.0,497.6666666666667,6.0,4500.0,0.1105925925925926,OVERSUPPLY,4002.3333333333335,0.0
696,2.2,Yellow-N,1162,1150,20.0,242.0,5.0,3750.0,0.06453333333333333,OVERSUPPLY,3508.0,0.0
696,2.2,Yellow-N,1162,1150,21.0,113.66666666666667,4.0,3000.0,0.03788888888888889,OVERSUPPLY,2886.3333333333335,0.0
696,2.2,Yellow-N,1162,1150,22.0,90.83333333333333,3.0,2250.0,0.04037037037037037,OVERSUPPLY,2159.1666666666665,0.0
696,2.2,Yellow-N,1162,1150,23.0,56.5,4.0,3000.0,0.018833333333333334,OVERSUPPLY,2943.5,0.0
698,2.2,Yellow-N,1163,1126,6.0,4.833333333333333,6.0,4500.0,0.001074074074074074,OVERSUPPLY,4495.166666666667,0.0
698,2.2,Yellow-N,1163,1126,7.0,10.166666666666666,6.0,4500.0,0.002259259259259259,OVERSUPPLY,4489.833333333333,0.0
698,2.2,Yellow-N,1163,1126,8.0,15.5,6.0,4500.0,0.0034444444444444444,OVERSUPPLY,4484.5,0.0
698,2.2,Yellow-N,1163,1126,9.0,22.166666666666668,6.0,4500.0,0.0049259259259259265,OVERSUPPLY,4477.833333333333,0.0
698,2.2,Yellow-N,1163,1126,10.0,14.833333333333334,6.0,4500.0,0.0032962962962962963,OVERSUPPLY,4485.166666666667,0.0
698,2.2,Yellow-N,1163,1126,11.0,16.5,6.0,4500.0,0.0036666666666666666,OVERSUPPLY,4483.5,0.0
698,2.2,Yellow-N,1163,1126,12.0,25.166666666666668,6.0,4500.0,0.005592592592592593,OVERSUPPLY,4474.833333333333,0.0
698,2.2,Yellow-N,1163,1126,13.0,40.0,6.0,4500.0,0.008888888888888889,OVERSUPPLY,4460.0,0.0
698,2.2,Yellow-N,1163,1126,14.0,50.666666666666664,6.0,4500.0,0.011259259259259259,OVERSUPPLY,4449.333333333333,0.0
698,2.2,Yellow-N,1163,1126,15.0,122.0,6.0,4500.0,0.02711111111111111,OVERSUPPLY,4378.0,0.0
698,2.2,Yellow-N,1163,1126,16.0,226.16666666666666,6.0,4500.0,0.05025925925925926,OVERSUPPLY,4273.833333333333,0.0
698,2.2,Yellow-N,1163,1126,17.0,248.66666666666669,6.0,4500.0,0.055259259259259265,OVERSUPPLY,4251.333333333333,0.0
698,2.2,Yellow-N,1163,1126,18.0,374.1666666666667,6.0,4500.0,0.08314814814814815,OVERSUPPLY,4125.833333333333,0.0
698,2.2,Yellow-N,1163,1126,19.0,196.0,6.0,4500.0,0.043555555555555556,OVERSUPPLY,4304.0,0.0
698,2.2,Yellow-N,1163,1126,20.0,110.83333333333333,5.0,3750.0,0.029555555555555554,OVERSUPPLY,3639.1666666666665,0.0
698,2.2,Yellow-N,1163,1126,21.0,67.83333333333333,4.0,3000.0,0.02261111111111111,OVERSUPPLY,2932.1666666666665,0.0
698,2.2,Yellow-N,1163,1126,22.0,31.5,3.0,2250.0,0.014,OVERSUPPLY,2218.5,0.0
698,2.2,Yellow-N,1163,1126,23.0,40.0,4.0,3000.0,0.013333333333333334,OVERSUPPLY,2960.0,0.0
700,2.2,Yellow-N,1164,1127,6.0,4.833333333333333,6.0,4500.0,0.001074074074074074,OVERSUPPLY,4495.166666666667,0.0
700,2.2,Yellow-N,1164,1127,7.0,9.166666666666666,6.0,4500.0,0.002037037037037037,OVERSUPPLY,4490.833333333333,0.0
700,2.2,Yellow-N,1164,1127,8.0,14.833333333333334,6.0,4500.0,0.0032962962962962963,OVERSUPPLY,4485.166666666667,0.0
700,2.2,Yellow-N,1164,1127,9.0,17.5,6.0,4500.0,0.0038888888888888888,OVERSUPPLY,4482.5,0.0
700,2.2,Yellow-N,1164,1127,10.0,12.833333333333334,6.0,4500.0,0.002851851851851852,OVERSUPPLY,4487.166666666667,0.0
700,2.2,Yellow-N,1164,1127,11.0,12.5,6.0,4500.0,0.002777777777777778,OVERSUPPLY,4487.5,0.0
700,2.2,Yellow-N,1164,1127,12.0,21.166666666666668,6.0,4500.0,0.004703703703703704,OVERSUPPLY,4478.833333333333,0.0
700,2.2,Yellow-N,1164,1127,13.0,33.0,6.0,4500.0,0.007333333333333333,OVERSUPPLY,4467.0,0.0
700,2.2,Yellow-N,1164,1127,14.0,48.333333333333336,6.0,4500.0,0.010740740740740742,OVERSUPPLY,4451.666666666667,0.0
700,2.2,Yellow-N,1164,1127,15.0,116.33333333333333,6.0,4500.0,0.02585185185185185,OVERSUPPLY,4383.666666666667,0.0
700,2.2,Yellow-N,1164,1127,16.0,216.5,6.0,4500.0,0.04811111111111111,OVERSUPPLY,4283.5,0.0
700,2.2,Yellow-N,1164,1127,17.0,234.66666666666666,6.0,4500.0,0.052148148148148145,OVERSUPPLY,4265.333333333333,0.0
700,2.2,Yellow-N,1164,1127,18.0,345.5,6.0,4500.0,0.07677777777777778,OVERSUPPLY,4154.5,0.0
700,2.2,Yellow-N,1164,1127,19.0,184.0,6.0,4500.0,0.04088888888888889,OVERSUPPLY,4316.0,0.0
700,2.2,Yellow-N,1164,1127,20.0,103.5,5.0,3750.0,0.0276,OVERSUPPLY,3646.5,0.0
700,2.2,Yellow-N,1164,1127,21.0,63.166666666666664,4.0,3000.0,0.021055555555555553,OVERSUPPLY,2936.8333333333335,0.0
700,2.2,Yellow-N,1164,1127,22.0,28.833333333333332,3.0,2250.0,0.012814814814814814,OVERSUPPLY,2221.1666666666665,0.0
700,2.2,Yellow-N,1164,1127,23.0,34.666666666666664,4.0,3000.0,0.011555555555555555,OVERSUPPLY,2965.3333333333335,0.0
702,2.2,Yellow-N,1165,1136,5.0,2.333333333333333,7.0,5250.0,0.0004444444444444444,OVERSUPPLY,5247.666666666667,0.0
702,2.2,Yellow-N,1165,1136,6.0,96.5,6.0,4500.0,0.021444444444444443,OVERSUPPLY,4403.5,0.0
702,2.2,Yellow-N,1165,1136,7.0,174.0,6.0,4500.0,0.03866666666666667,OVERSUPPLY,4326.0,0.0
702,2.2,Yellow-N,1165,1136,8.0,213.5,6.0,4500.0,0.04744444444444444,OVERSUPPLY,4286.5,0.0
702,2.2,Yellow-N,1165,1136,9.0,158.5,6.0,4500.0,0.035222222222222224,OVERSUPPLY,4341.5,0.0
702,2.2,Yellow-N,1165,1136,10.0,145.5,6.0,4500.0,0.03233333333333333,OVERSUPPLY,4354.5,0.0
702,2.2,Yellow-N,1165,1136,11.0,145.33333333333334,6.0,4500.0,0.032296296296296295,OVERSUPPLY,4354.666666666667,0.0
702,2.2,Yellow-N,1165,1136,12.0,203.33333333333334,6.0,4500.0,0.04518518518518519,OVERSUPPLY,4296.666666666667,0.0
702,2.2,Yellow-N,1165,1136,13.0,294.3333333333333,6.0,4500.0,0.0654074074074074,OVERSUPPLY,4205.666666666667,0.0
702,2.2,Yellow-N,1165,1136,14.0,440.6666666666667,6.0,4500.0,0.09792592592592593,OVERSUPPLY,4059.3333333333335,0.0
702,2.2,Yellow-N,1165,1136,15.0,964.5,6.0,4500.0,0.21433333333333332,BALANCED,3535.5,0.0
702,2.2,Yellow-N,1165,1136,16.0,1794.1666666666667,6.0,4500.0,0.3987037037037037,BALANCED,2705.833333333333,0.0
702,2.2,Yellow-N,1165,1136,17.0,2407.6666666666665,6.0,4500.0,0.535037037037037,BALANCED,2092.3333333333335,0.0
702,2.2,Yellow-N,1165,1136,18.0,2899.8333333333335,6.0,4500.0,0.6444074074074074,BALANCED,1600.1666666666665,0.0
702,2.2,Yellow-N,1165,1136,19.0,1237.6666666666667,6.0,4500.0,0.2750370370370371,BALANCED,3262.333333333333,0.0
702,2.2,Yellow-N,1165,1136,20.0,729.1666666666666,5.0,3750.0,0.19444444444444445,OVERSUPPLY,3020.8333333333335,0.0
702,2.2,Yellow-N,1165,1136,21.0,449.6666666666667,4.0,3000.0,0.1498888888888889,OVERSUPPLY,2550.3333333333335,0.0
702,2.2,Yellow-N,1165,1136,22.0,280.8333333333333,3.0,2250.0,0.12481481481481481,OVERSUPPLY,1969.1666666666667,0.0
702,2.2,Yellow-N,1165,1136,23.0,307.0,4.0,3000.0,0.10233333333333333,OVERSUPPLY,2693.0,0.0
704,2.2,Yellow-N,1166,1137,5.0,0.5,7.0,5250.0,9.523809523809524e-05,OVERSUPPLY,5249.5,0.0
704,2.2,Yellow-N,1166,1137,6.0,6.333333333333333,6.0,4500.0,0.0014074074074074073,OVERSUPPLY,4493.666666666667,0.0
704,2.2,Yellow-N,1166,1137,7.0,13.666666666666666,6.0,4500.0,0.003037037037037037,OVERSUPPLY,4486.333333333333,0.0
704,2.2,Yellow-N,1166,1137,8.0,15.333333333333334,6.0,4500.0,0.0034074074074074076,OVERSUPPLY,4484.666666666667,0.0
704,2.2,Yellow-N,1166,1137,9.0,10.333333333333334,6.0,4500.0,0.0022962962962962963,OVERSUPPLY,4489.666666666667,0.0
704,2.2,Yellow-N,1166,1137,10.0,8.5,6.0,4500.0,0.001888888888888889,OVERSUPPLY,4491.5,0.0
704,2.2,Yellow-N,1166,1137,11.0,9.833333333333334,6.0,4500.0,0.0021851851851851854,OVERSUPPLY,4490.166666666667,0.0
704,2.2,Yellow-N,1166,1137,12.0,11.666666666666666,6.0,4500.0,0.0025925925925925925,OVERSUPPLY,4488.333333333333,0.0
704,2.2,Yellow-N,1166,1137,13.0,29.5,6.0,4500.0,0.006555555555555556,OVERSUPPLY,4470.5,0.0
704,2.2,Yellow-N,1166,1137,14.0,56.0,6.0,4500.0,0.012444444444444444,OVERSUPPLY,4444.0,0.0
704,2.2,Yellow-N,1166,1137,15.0,113.16666666666667,6.0,4500.0,0.02514814814814815,OVERSUPPLY,4386.833333333333,0.0
704,2.2,Yellow-N,1166,1137,16.0,198.33333333333334,6.0,4500.0,0.04407407407407408,OVERSUPPLY,4301.666666666667,0.0
704,2.2,Yellow-N,1166,1137,17.0,266.5,6.0,4500.0,0.059222222222222225,OVERSUPPLY,4233.5,0.0
704,2.2,Yellow-N,1166,1137,18.0,308.8333333333333,6.0,4500.0,0.06862962962962962,OVERSUPPLY,4191.166666666667,0.0
704,2.2,Yellow-N,1166,1137,19.0,138.16666666666666,6.0,4500.0,0.030703703703703702,OVERSUPPLY,4361.833333333333,0.0
704,2.2,Yellow-N,1166,1137,20.0,68.66666666666667,5.0,3750.0,0.01831111111111111,OVERSUPPLY,3681.3333333333335,0.0
704,2.2,Yellow-N,1166,1137,21.0,36.333333333333336,4.0,3000.0,0.012111111111111112,OVERSUPPLY,2963.6666666666665,0.0
704,2.2,Yellow-N,1166,1137,22.0,26.5,3.0,2250.0,0.011777777777777778,OVERSUPPLY,2223.5,0.0
704,2.2,Yellow-N,1166,1137,23.0,22.0,4.0,3000.0,0.007333333333333333,OVERSUPPLY,2978.0,0.0
706,2.2,Yellow-N,1167,1138,5.0,0.5,7.0,5250.0,9.523809523809524e-05,OVERSUPPLY,5249.5,0.0
706,2.2,Yellow-N,1167,1138,6.0,3.5,6.0,4500.0,0.0007777777777777777,OVERSUPPLY,4496.5,0.0
706,2.2,Yellow-N,1167,1138,7.0,7.333333333333333,6.0,4500.0,0.0016296296296296295,OVERSUPPLY,4492.666666666667,0.0
706,2.2,Yellow-N,1167,1138,8.0,8.833333333333334,6.0,4500.0,0.0019629629629629632,OVERSUPPLY,4491.166666666667,0.0
706,2.2,Yellow-N,1167,1138,9.0,6.833333333333333,6.0,4500.0,0.0015185185185185184,OVERSUPPLY,4493.166666666667,0.0
706,2.2,Yellow-N,1167,1138,10.0,7.0,6.0,4500.0,0.0015555555555555555,OVERSUPPLY,4493.0,0.0
706,2.2,Yellow-N,1167,1138,11.0,8.5,6.0,4500.0,0.001888888888888889,OVERSUPPLY,4491.5,0.0
706,2.2,Yellow-N,1167,1138,12.0,10.333333333333334,6.0,4500.0,0.0022962962962962963,OVERSUPPLY,4489.666666666667,0.0
706,2.2,Yellow-N,1167,1138,13.0,28.166666666666668,6.0,4500.0,0.0062592592592592596,OVERSUPPLY,4471.833333333333,0.0
706,2.2,Yellow-N,1167,1138,14.0,52.0,6.0,4500.0,0.011555555555555555,OVERSUPPLY,4448.0,0.0
706,2.2,Yellow-N,1167,1138,15.0,110.66666666666667,6.0,4500.0,0.024592592592592593,OVERSUPPLY,4389.333333333333,0.0
706,2.2,Yellow-N,1167,1138,16.0,191.83333333333334,6.0,4500.0,0.04262962962962963,OVERSUPPLY,4308.166666666667,0.0
706,2.2,Yellow-N,1167,1138,17.0,261.83333333333337,6.0,4500.0,0.058185185185185194,OVERSUPPLY,4238.166666666667,0.0
706,2.2,Yellow-N,1167,1138,18.0,303.66666666666663,6.0,4500.0,0.06748148148148148,OVERSUPPLY,4196.333333333333,0.0
706,2.2,Yellow-N,1167,1138,19.0,136.5,6.0,4500.0,0.030333333333333334,OVERSUPPLY,4363.5,0.0
706,2.2,Yellow-N,1167,1138,20.0,68.16666666666667,5.0,3750.0,0.01817777777777778,OVERSUPPLY,3681.8333333333335,0.0
706,2.2,Yellow-N,1167,1138,21.0,35.333333333333336,4.0,3000.0,0.01177777777777778,OVERSUPPLY,2964.6666666666665,0.0
706,2.2,Yellow-N,1167,1138,22.0,25.333333333333332,3.0,2250.0,0.011259259259259259,OVERSUPPLY,2224.6666666666665,0.0
706,2.2,Yellow-N,1167,1138,23.0,21.333333333333332,4.0,3000.0,0.007111111111111111,OVERSUPPLY,2978.6666666666665,0.0
709,2.2,Yellow-N,1169,1163,5.0,0.8333333333333334,7.0,5250.0,0.00015873015873015873,OVERSUPPLY,5249.166666666667,0.0
709,2.2,Yellow-N,1169,1163,6.0,9.5,6.0,4500.0,0.002111111111111111,OVERSUPPLY,4490.5,0.0
709,2.2,Yellow-N,1169,1163,7.0,26.333333333333332,6.0,4500.0,0.005851851851851852,OVERSUPPLY,4473.666666666667,0.0
709,2.2,Yellow-N,1169,1163,8.0,28.0,6.0,4500.0,0.006222222222222222,OVERSUPPLY,4472.0,0.0
709,2.2,Yellow-N,1169,1163,9.0,33.166666666666664,6.0,4500.0,0.00737037037037037,OVERSUPPLY,4466.833333333333,0.0
709,2.2,Yellow-N,1169,1163,10.0,27.833333333333332,6.0,4500.0,0.006185185185185185,OVERSUPPLY,4472.166666666667,0.0
709,2.2,Yellow-N,1169,1163,11.0,27.166666666666668,6.0,4500.0,0.006037037037037037,OVERSUPPLY,4472.833333333333,0.0
709,2.2,Yellow-N,1169,1163,12.0,36.166666666666664,6.0,4500.0,0.008037037037037037,OVERSUPPLY,4463.833333333333,0.0
709,2.2,Yellow-N,1169,1163,13.0,55.666666666666664,6.0,4500.0,0.01237037037037037,OVERSUPPLY,4444.333333333333,0.0
709,2.2,Yellow-N,1169,1163,14.0,71.0,6.0,4500.0,0.01577777777777778,OVERSUPPLY,4429.0,0.0
709,2.2,Yellow-N,1169,1163,15.0,162.83333333333334,6.0,4500.0,0.03618518518518519,OVERSUPPLY,4337.166666666667,0.0
709,2.2,Yellow-N,1169,1163,16.0,299.6666666666667,6.0,4500.0,0.06659259259259259,OVERSUPPLY,4200.333333333333,0.0
709,2.2,Yellow-N,1169,1163,17.0,392.0,6.0,4500.0,0.08711111111111111,OVERSUPPLY,4108.0,0.0
709,2.2,Yellow-N,1169,1163,18.0,508.3333333333333,6.0,4500.0,0.11296296296296296,OVERSUPPLY,3991.6666666666665,0.0
709,2.2,Yellow-N,1169,1163,19.0,263.0,6.0,4500.0,0.058444444444444445,OVERSUPPLY,4237.0,0.0
709,2.2,Yellow-N,1169,1163,20.0,154.0,5.0,3750.0,0.04106666666666667,OVERSUPPLY,3596.0,0.0
709,2.2,Yellow-N,1169,1163,21.0,89.5,4.0,3000.0,0.029833333333333333,OVERSUPPLY,2910.5,0.0
709,2.2,Yellow-N,1169,1163,22.0,51.166666666666664,3.0,2250.0,0.02274074074074074,OVERSUPPLY,2198.8333333333335,0.0
709,2.2,Yellow-N,1169,1163,23.0,50.0,4.0,3000.0,0.016666666666666666,OVERSUPPLY,2950.0,0.0
711,2.2,Yellow-N,1170,1164,6.0,8.5,6.0,4500.0,0.001888888888888889,OVERSUPPLY,4491.5,0.0
711,2.2,Yellow-N,1170,1164,7.0,21.166666666666668,6.0,4500.0,0.004703703703703704,OVERSUPPLY,4478.833333333333,0.0
711,2.2,Yellow-N,1170,1164,8.0,26.0,6.0,4500.0,0.0057777777777777775,OVERSUPPLY,4474.0,0.0
711,2.2,Yellow-N,1170,1164,9.0,25.166666666666664,6.0,4500.0,0.005592592592592592,OVERSUPPLY,4474.833333333333,0.0
711,2.2,Yellow-N,1170,1164,10.0,22.0,6.0,4500.0,0.004888888888888889,OVERSUPPLY,4478.0,0.0
711,2.2,Yellow-N,1170,1164,11.0,21.0,6.0,4500.0,0.004666666666666667,OVERSUPPLY,4479.0,0.0
711,2.2,Yellow-N,1170,1164,12.0,29.166666666666668,6.0,4500.0,0.006481481481481482,OVERSUPPLY,4470.833333333333,0.0
711,2.2,Yellow-N,1170,1164,13.0,46.666666666666664,6.0,4500.0,0.01037037037037037,OVERSUPPLY,4453.333333333333,0.0
711,2.2,Yellow-N,1170,1164,14.0,65.33333333333333,6.0,4500.0,0.014518518518518517,OVERSUPPLY,4434.666666666667,0.0
711,2.2,Yellow-N,1170,1164,15.0,154.0,6.0,4500.0,0.03422222222222222,OVERSUPPLY,4346.0,0.0
711,2.2,Yellow-N,1170,1164,16.0,285.6666666666667,6.0,4500.0,0.06348148148148149,OVERSUPPLY,4214.333333333333,0.0
711,2.2,Yellow-N,1170,1164,17.0,365.3333333333333,6.0,4500.0,0.08118518518518518,OVERSUPPLY,4134.666666666667,0.0
711,2.2,Yellow-N,1170,1164,18.0,465.3333333333333,6.0,4500.0,0.1034074074074074,OVERSUPPLY,4034.6666666666665,0.0
711,2.2,Yellow-N,1170,1164,19.0,236.83333333333331,6.0,4500.0,0.05262962962962962,OVERSUPPLY,4263.166666666667,0.0
711,2.2,Yellow-N,1170,1164,20.0,140.16666666666666,5.0,3750.0,0.037377777777777774,OVERSUPPLY,3609.8333333333335,0.0
711,2.2,Yellow-N,1170,1164,21.0,81.83333333333333,4.0,3000.0,0.027277777777777776,OVERSUPPLY,2918.1666666666665,0.0
711,2.2,Yellow-N,1170,1164,22.0,45.5,3.0,2250.0,0.02022222222222222,OVERSUPPLY,2204.5,0.0
711,2.2,Yellow-N,1170,1164,23.0,44.333333333333336,4.0,3000.0,0.014777777777777779,OVERSUPPLY,2955.6666666666665,0.0
713,2.2,Yellow-N,1171,1154,5.0,117.83333333333333,7.0,5250.0,0.022444444444444444,OVERSUPPLY,5132.166666666667,0.0
713,2.2,Yellow-N,1171,1154,6.0,489.5,6.0,4500.0,0.10877777777777778,OVERSUPPLY,4010.5,0.0
713,2.2,Yellow-N,1171,1154,7.0,1274.6666666666667,6.0,4500.0,0.28325925925925927,BALANCED,3225.333333333333,0.0
713,2.2,Yellow-N,1171,1154,8.0,2310.8333333333335,6.0,4500.0,0.5135185185185186,BALANCED,2189.1666666666665,0.0
713,2.2,Yellow-N,1171,1154,9.0,1751.6666666666667,6.0,4500.0,0.38925925925925925,BALANCED,2748.333333333333,0.0
713,2.2,Yellow-N,1171,1154,10.0,774.3333333333334,6.0,4500.0,0.17207407407407407,OVERSUPPLY,3725.6666666666665,0.0
713,2.2,Yellow-N,1171,1154,11.0,557.1666666666666,6.0,4500.0,0.12381481481481481,OVERSUPPLY,3942.8333333333335,0.0
713,2.2,Yellow-N,1171,1154,12.0,591.6666666666666,6.0,4500.0,0.13148148148148148,OVERSUPPLY,3908.3333333333335,0.0
713,2.2,Yellow-N,1171,1154,13.0,715.8333333333334,6.0,4500.0,0.1590740740740741,OVERSUPPLY,3784.1666666666665,0.0
713,2.2,Yellow-N,1171,1154,14.0,824.1666666666666,6.0,4500.0,0.18314814814814814,OVERSUPPLY,3675.8333333333335,0.0
713,2.2,Yellow-N,1171,1154,15.0,1408.6666666666667,6.0,4500.0,0.31303703703703706,BALANCED,3091.333333333333,0.0
713,2.2,Yellow-N,1171,1154,16.0,2515.0,6.0,4500.0,0.5588888888888889,BALANCED,1985.0,0.0
713,2.2,Yellow-N,1171,1154,17.0,3928.1666666666665,6.0,4500.0,0.8729259259259259,CROWDED,571.8333333333335,0.0
713,2.2,Yellow-N,1171,1154,18.0,3884.5,6.0,4500.0,0.8632222222222222,CROWDED,615.5,0.0
713,2.2,Yellow-N,1171,1154,19.0,1962.6666666666667,6.0,4500.0,0.4361481481481482,BALANCED,2537.333333333333,0.0
713,2.2,Yellow-N,1171,1154,20.0,1181.6666666666667,5.0,3750.0,0.3151111111111111,BALANCED,2568.333333333333,0.0
713,2.2,Yellow-N,1171,1154,21.0,728.5,4.0,3000.0,0.24283333333333335,BALANCED,2271.5,0.0
713,2.2,Yellow-N,1171,1154,22.0,770.0,3.0,2250.0,0.3422222222222222,BALANCED,1480.0,0.0
713,2.2,Yellow-N,1171,1154,23.0,424.0,4.0,3000.0,0.14133333333333334,OVERSUPPLY,2576.0,0.0
715,2.2,Yellow-N,1172,1155,5.0,0.3333333333333333,7.0,5250.0,6.349206349206349e-05,OVERSUPPLY,5249.666666666667,0.0
715,2.2,Yellow-N,1172,1155,6.0,3.0,6.0,4500.0,0.0006666666666666666,OVERSUPPLY,4497.0,0.0
715,2.2,Yellow-N,1172,1155,7.0,5.0,6.0,4500.0,0.0011111111111111111,OVERSUPPLY,4495.0,0.0
715,2.2,Yellow-N,1172,1155,8.0,3.833333333333333,6.0,4500.0,0.0008518518518518518,OVERSUPPLY,4496.166666666667,0.0
715,2.2,Yellow-N,1172,1155,9.0,2.6666666666666665,6.0,4500.0,0.0005925925925925926,OVERSUPPLY,4497.333333333333,0.0
715,2.2,Yellow-N,1172,1155,10.0,3.1666666666666665,6.0,4500.0,0.0007037037037037037,OVERSUPPLY,4496.833333333333,0.0
715,2.2,Yellow-N,1172,1155,11.0,1.8333333333333333,6.0,4500.0,0.0004074074074074074,OVERSUPPLY,4498.166666666667,0.0
715,2.2,Yellow-N,1172,1155,12.0,1.1666666666666665,6.0,4500.0,0.0002592592592592592,OVERSUPPLY,4498.833333333333,0.0
715,2.2,Yellow-N,1172,1155,13.0,1.833333333333333,6.0,4500.0,0.00040740740740740733,OVERSUPPLY,4498.166666666667,0.0
715,2.2,Yellow-N,1172,1155,14.0,5.0,6.0,4500.0,0.0011111111111111111,OVERSUPPLY,4495.0,0.0
715,2.2,Yellow-N,1172,1155,15.0,9.333333333333334,6.0,4500.0,0.002074074074074074,OVERSUPPLY,4490.666666666667,0.0
715,2.2,Yellow-N,1172,1155,16.0,32.833333333333336,6.0,4500.0,0.007296296296296297,OVERSUPPLY,4467.166666666667,0.0
715,2.2,Yellow-N,1172,1155,17.0,35.666666666666664,6.0,4500.0,0.007925925925925925,OVERSUPPLY,4464.333333333333,0.0
715,2.2,Yellow-N,1172,1155,18.0,34.5,6.0,4500.0,0.007666666666666666,OVERSUPPLY,4465.5,0.0
715,2.2,Yellow-N,1172,1155,19.0,13.5,6.0,4500.0,0.003,OVERSUPPLY,4486.5,0.0
715,2.2,Yellow-N,1172,1155,20.0,6.666666666666667,5.0,3750.0,0.0017777777777777779,OVERSUPPLY,3743.3333333333335,0.0
715,2.2,Yellow-N,1172,1155,21.0,3.3333333333333335,4.0,3000.0,0.0011111111111111111,OVERSUPPLY,2996.6666666666665,0.0
715,2.2,Yellow-N,1172,1155,22.0,1.8333333333333333,3.0,2250.0,0.0008148148148148148,OVERSUPPLY,2248.1666666666665,0.0
715,2.2,Yellow-N,1172,1155,23.0,1.0,4.0,3000.0,0.0003333333333333333,OVERSUPPLY,2999.0,0.0
717,2.2,Yellow-N,1173,1156,5.0,0.3333333333333333,7.0,5250.0,6.349206349206349e-05,OVERSUPPLY,5249.666666666667,0.0
717,2.2,Yellow-N,1173,1156,6.0,3.0,6.0,4500.0,0.0006666666666666666,OVERSUPPLY,4497.0,0.0
717,2.2,Yellow-N,1173,1156,7.0,5.0,6.0,4500.0,0.0011111111111111111,OVERSUPPLY,4495.0,0.0
717,2.2,Yellow-N,1173,1156,8.0,3.833333333333333,6.0,4500.0,0.0008518518518518518,OVERSUPPLY,4496.166666666667,0.0
717,2.2,Yellow-N,1173,1156,9.0,2.6666666666666665,6.0,4500.0,0.0005925925925925926,OVERSUPPLY,4497.333333333333,0.0
717,2.2,Yellow-N,1173,1156,10.0,3.1666666666666665,6.0,4500.0,0.0007037037037037037,OVERSUPPLY,4496.833333333333,0.0
717,2.2,Yellow-N,1173,1156,11.0,1.8333333333333333,6.0,4500.0,0.0004074074074074074,OVERSUPPLY,4498.166666666667,0.0
717,2.2,Yellow-N,1173,1156,12.0,1.1666666666666665,6.0,4500.0,0.0002592592592592592,OVERSUPPLY,4498.833333333333,0.0
717,2.2,Yellow-N,1173,1156,13.0,1.833333333333333,6.0,4500.0,0.00040740740740740733,OVERSUPPLY,4498.166666666667,0.0
717,2.2,Yellow-N,1173,1156,14.0,5.0,6.0,4500.0,0.0011111111111111111,OVERSUPPLY,4495.0,0.0
717,2.2,Yellow-N,1173,1156,15.0,9.333333333333334,6.0,4500.0,0.002074074074074074,OVERSUPPLY,4490.666666666667,0.0
717,2.2,Yellow-N,1173,1156,16.0,32.833333333333336,6.0,4500.0,0.007296296296296297,OVERSUPPLY,4467.166666666667,0.0
717,2.2,Yellow-N,1173,1156,17.0,35.666666666666664,6.0,4500.0,0.007925925925925925,OVERSUPPLY,4464.333333333333,0.0
717,2.2,Yellow-N,1173,1156,18.0,34.5,6.0,4500.0,0.007666666666666666,OVERSUPPLY,4465.5,0.0
717,2.2,Yellow-N,1173,1156,19.0,13.5,6.0,4500.0,0.003,OVERSUPPLY,4486.5,0.0
717,2.2,Yellow-N,1173,1156,20.0,6.666666666666667,5.0,3750.0,0.0017777777777777779,OVERSUPPLY,3743.3333333333335,0.0
717,2.2,Yellow-N,1173,1156,21.0,3.3333333333333335,4.0,3000.0,0.0011111111111111111,OVERSUPPLY,2996.6666666666665,0.0
717,2.2,Yellow-N,1173,1156,22.0,1.8333333333333333,3.0,2250.0,0.0008148148148148148,OVERSUPPLY,2248.1666666666665,0.0
717,2.2,Yellow-N,1173,1156,23.0,1.0,4.0,3000.0,0.0003333333333333333,OVERSUPPLY,2999.0,0.0
719,2.2,Yellow-N,1174,1160,5.0,4.5,7.0,5250.0,0.0008571428571428571,OVERSUPPLY,5245.5,0.0
719,2.2,Yellow-N,1174,1160,6.0,173.33333333333334,6.0,4500.0,0.03851851851851852,OVERSUPPLY,4326.666666666667,0.0
719,2.2,Yellow-N,1174,1160,7.0,336.3333333333333,6.0,4500.0,0.07474074074074073,OVERSUPPLY,4163.666666666667,0.0
719,2.2,Yellow-N,1174,1160,8.0,423.6666666666667,6.0,4500.0,0.09414814814814815,OVERSUPPLY,4076.3333333333335,0.0
719,2.2,Yellow-N,1174,1160,9.0,325.1666666666667,6.0,4500.0,0.07225925925925926,OVERSUPPLY,4174.833333333333,0.0
719,2.2,Yellow-N,1174,1160,10.0,234.33333333333334,6.0,4500.0,0.05207407407407408,OVERSUPPLY,4265.666666666667,0.0
719,2.2,Yellow-N,1174,1160,11.0,217.33333333333334,6.0,4500.0,0.048296296296296296,OVERSUPPLY,4282.666666666667,0.0
719,2.2,Yellow-N,1174,1160,12.0,286.6666666666667,6.0,4500.0,0.0637037037037037,OVERSUPPLY,4213.333333333333,0.0
719,2.2,Yellow-N,1174,1160,13.0,432.8333333333333,6.0,4500.0,0.09618518518518518,OVERSUPPLY,4067.1666666666665,0.0
719,2.2,Yellow-N,1174,1160,14.0,610.8333333333334,6.0,4500.0,0.13574074074074075,OVERSUPPLY,3889.1666666666665,0.0
719,2.2,Yellow-N,1174,1160,15.0,1310.1666666666667,6.0,4500.0,0.29114814814814816,BALANCED,3189.833333333333,0.0
719,2.2,Yellow-N,1174,1160,16.0,2730.0,6.0,4500.0,0.6066666666666667,BALANCED,1770.0,0.0
719,2.2,Yellow-N,1174,1160,17.0,3807.5,6.0,4500.0,0.8461111111111111,CROWDED,692.5,0.0
719,2.2,Yellow-N,1174,1160,18.0,4139.833333333333,6.0,4500.0,0.9199629629629629,CROWDED,360.16666666666697,0.0
719,2.2,Yellow-N,1174,1160,19.0,1870.1666666666667,6.0,4500.0,0.4155925925925926,BALANCED,2629.833333333333,0.0
719,2.2,Yellow-N,1174,1160,20.0,1092.1666666666667,5.0,3750.0,0.2912444444444445,BALANCED,2657.833333333333,0.0
719,2.2,Yellow-N,1174,1160,21.0,645.6666666666666,4.0,3000.0,0.2152222222222222,BALANCED,2354.3333333333335,0.0
719,2.2,Yellow-N,1174,1160,22.0,470.8333333333333,3.0,2250.0,0.20925925925925926,BALANCED,1779.1666666666667,0.0
719,2.2,Yellow-N,1174,1160,23.0,364.0,4.0,3000.0,0.12133333333333333,OVERSUPPLY,2636.0,0.0
721,2.2,Yellow-N,1175,1161,5.0,3.0,7.0,5250.0,0.0005714285714285715,OVERSUPPLY,5247.0,0.0
721,2.2,Yellow-N,1175,1161,6.0,41.166666666666664,6.0,4500.0,0.009148148148148148,OVERSUPPLY,4458.833333333333,0.0
721,2.2,Yellow-N,1175,1161,7.0,81.0,6.0,4500.0,0.018,OVERSUPPLY,4419.0,0.0
721,2.2,Yellow-N,1175,1161,8.0,120.0,6.0,4500.0,0.02666666666666667,OVERSUPPLY,4380.0,0.0
721,2.2,Yellow-N,1175,1161,9.0,80.5,6.0,4500.0,0.017888888888888888,OVERSUPPLY,4419.5,0.0
721,2.2,Yellow-N,1175,1161,10.0,62.833333333333336,6.0,4500.0,0.013962962962962963,OVERSUPPLY,4437.166666666667,0.0
721,2.2,Yellow-N,1175,1161,11.0,75.0,6.0,4500.0,0.016666666666666666,OVERSUPPLY,4425.0,0.0
721,2.2,Yellow-N,1175,1161,12.0,116.0,6.0,4500.0,0.025777777777777778,OVERSUPPLY,4384.0,0.0
721,2.2,Yellow-N,1175,1161,13.0,186.33333333333334,6.0,4500.0,0.04140740740740741,OVERSUPPLY,4313.666666666667,0.0
721,2.2,Yellow-N,1175,1161,14.0,350.0,6.0,4500.0,0.07777777777777778,OVERSUPPLY,4150.0,0.0
721,2.2,Yellow-N,1175,1161,15.0,644.6666666666666,6.0,4500.0,0.14325925925925925,OVERSUPPLY,3855.3333333333335,0.0
721,2.2,Yellow-N,1175,1161,16.0,1453.6666666666667,6.0,4500.0,0.32303703703703707,BALANCED,3046.333333333333,0.0
721,2.2,Yellow-N,1175,1161,17.0,2198.1666666666665,6.0,4500.0,0.48848148148148146,BALANCED,2301.8333333333335,0.0
721,2.2,Yellow-N,1175,1161,18.0,1877.1666666666665,6.0,4500.0,0.4171481481481481,BALANCED,2622.8333333333335,0.0
721,2.2,Yellow-N,1175,1161,19.0,873.5,6.0,4500.0,0.19411111111111112,OVERSUPPLY,3626.5,0.0
721,2.2,Yellow-N,1175,1161,20.0,448.3333333333333,5.0,3750.0,0.11955555555555555,OVERSUPPLY,3301.6666666666665,0.0
721,2.2,Yellow-N,1175,1161,21.0,230.33333333333334,4.0,3000.0,0.07677777777777778,OVERSUPPLY,2769.6666666666665,0.0
721,2.2,Yellow-N,1175,1161,22.0,203.16666666666666,3.0,2250.0,0.09029629629629629,OVERSUPPLY,2046.8333333333333,0.0
721,2.2,Yellow-N,1175,1161,23.0,114.33333333333333,4.0,3000.0,0.03811111111111111,OVERSUPPLY,2885.6666666666665,0.0
723,2.2,Yellow-N,1176,1162,5.0,1.1666666666666665,7.0,5250.0,0.0002222222222222222,OVERSUPPLY,5248.833333333333,0.0
723,2.2,Yellow-N,1176,1162,6.0,16.833333333333332,6.0,4500.0,0.0037407407407407407,OVERSUPPLY,4483.166666666667,0.0
723,2.2,Yellow-N,1176,1162,7.0,33.666666666666664,6.0,4500.0,0.007481481481481481,OVERSUPPLY,4466.333333333333,0.0
723,2.2,Yellow-N,1176,1162,8.0,45.0,6.0,4500.0,0.01,OVERSUPPLY,4455.0,0.0
723,2.2,Yellow-N,1176,1162,9.0,33.333333333333336,6.0,4500.0,0.007407407407407408,OVERSUPPLY,4466.666666666667,0.0
723,2.2,Yellow-N,1176,1162,10.0,31.5,6.0,4500.0,0.007,OVERSUPPLY,4468.5,0.0
723,2.2,Yellow-N,1176,1162,11.0,37.666666666666664,6.0,4500.0,0.00837037037037037,OVERSUPPLY,4462.333333333333,0.0
723,2.2,Yellow-N,1176,1162,12.0,63.0,6.0,4500.0,0.014,OVERSUPPLY,4437.0,0.0
723,2.2,Yellow-N,1176,1162,13.0,117.5,6.0,4500.0,0.026111111111111113,OVERSUPPLY,4382.5,0.0
723,2.2,Yellow-N,1176,1162,14.0,227.5,6.0,4500.0,0.050555555555555555,OVERSUPPLY,4272.5,0.0
723,2.2,Yellow-N,1176,1162,15.0,420.5,6.0,4500.0,0.09344444444444444,OVERSUPPLY,4079.5,0.0
723,2.2,Yellow-N,1176,1162,16.0,955.6666666666666,6.0,4500.0,0.21237037037037035,BALANCED,3544.3333333333335,0.0
723,2.2,Yellow-N,1176,1162,17.0,1414.3333333333335,6.0,4500.0,0.31429629629629635,BALANCED,3085.6666666666665,0.0
723,2.2,Yellow-N,1176,1162,18.0,1240.6666666666667,6.0,4500.0,0.27570370370370373,BALANCED,3259.333333333333,0.0
723,2.2,Yellow-N,1176,1162,19.0,551.3333333333334,6.0,4500.0,0.12251851851851853,OVERSUPPLY,3948.6666666666665,0.0
723,2.2,Yellow-N,1176,1162,20.0,266.8333333333333,5.0,3750.0,0.07115555555555556,OVERSUPPLY,3483.1666666666665,0.0
723,2.2,Yellow-N,1176,1162,21.0,131.33333333333334,4.0,3000.0,0.043777777777777784,OVERSUPPLY,2868.6666666666665,0.0
723,2.2,Yellow-N,1176,1162,22.0,109.66666666666666,3.0,2250.0,0.04874074074074074,OVERSUPPLY,2140.3333333333335,0.0
723,2.2,Yellow-N,1176,1162,23.0,65.66666666666667,4.0,3000.0,0.021888888888888892,OVERSUPPLY,2934.3333333333335,0.0
725,2.2,Yellow-N,1177,1181,5.0,8.5,7.0,5250.0,0.0016190476190476191,OVERSUPPLY,5241.5,0.0
725,2.2,Yellow-N,1177,1181,6.0,53.0,6.0,4500.0,0.011777777777777778,OVERSUPPLY,4447.0,0.0
725,2.2,Yellow-N,1177,1181,7.0,122.83333333333333,6.0,4500.0,0.027296296296296294,OVERSUPPLY,4377.166666666667,0.0
725,2.2,Yellow-N,1177,1181,8.0,170.33333333333334,6.0,4500.0,0.03785185185185185,OVERSUPPLY,4329.666666666667,0.0
725,2.2,Yellow-N,1177,1181,9.0,305.1666666666667,6.0,4500.0,0.06781481481481481,OVERSUPPLY,4194.833333333333,0.0
725,2.2,Yellow-N,1177,1181,10.0,359.6666666666667,6.0,4500.0,0.07992592592592593,OVERSUPPLY,4140.333333333333,0.0
725,2.2,Yellow-N,1177,1181,11.0,355.5,6.0,4500.0,0.079,OVERSUPPLY,4144.5,0.0
725,2.2,Yellow-N,1177,1181,12.0,344.8333333333333,6.0,4500.0,0.07662962962962963,OVERSUPPLY,4155.166666666667,0.0
725,2.2,Yellow-N,1177,1181,13.0,421.6666666666667,6.0,4500.0,0.0937037037037037,OVERSUPPLY,4078.3333333333335,0.0
725,2.2,Yellow-N,1177,1181,14.0,453.8333333333333,6.0,4500.0,0.10085185185185185,OVERSUPPLY,4046.1666666666665,0.0
725,2.2,Yellow-N,1177,1181,15.0,505.3333333333333,6.0,4500.0,0.1122962962962963,OVERSUPPLY,3994.6666666666665,0.0
725,2.2,Yellow-N,1177,1181,16.0,630.3333333333334,6.0,4500.0,0.14007407407407407,OVERSUPPLY,3869.6666666666665,0.0
725,2.2,Yellow-N,1177,1181,17.0,685.1666666666666,6.0,4500.0,0.15225925925925926,OVERSUPPLY,3814.8333333333335,0.0
725,2.2,Yellow-N,1177,1181,18.0,638.8333333333334,6.0,4500.0,0.14196296296296299,OVERSUPPLY,3861.1666666666665,0.0
725,2.2,Yellow-N,1177,1181,19.0,415.1666666666667,6.0,4500.0,0.09225925925925926,OVERSUPPLY,4084.8333333333335,0.0
725,2.2,Yellow-N,1177,1181,20.0,301.6666666666667,5.0,3750.0,0.08044444444444444,OVERSUPPLY,3448.3333333333335,0.0
725,2.2,Yellow-N,1177,1181,21.0,257.8333333333333,4.0,3000.0,0.08594444444444443,OVERSUPPLY,2742.1666666666665,0.0
725,2.2,Yellow-N,1177,1181,22.0,237.0,3.0,2250.0,0.10533333333333333,OVERSUPPLY,2013.0,0.0
725,2.2,Yellow-N,1177,1181,23.0,227.83333333333334,4.0,3000.0,0.07594444444444445,OVERSUPPLY,2772.1666666666665,0.0
727,2.2,Yellow-N,1178,1182,5.0,28.833333333333332,7.0,5250.0,0.005492063492063492,OVERSUPPLY,5221.166666666667,0.0
727,2.2,Yellow-N,1178,1182,6.0,98.5,6.0,4500.0,0.02188888888888889,OVERSUPPLY,4401.5,0.0
727,2.2,Yellow-N,1178,1182,7.0,210.5,6.0,4500.0,0.04677777777777778,OVERSUPPLY,4289.5,0.0
727,2.2,Yellow-N,1178,1182,8.0,539.6666666666666,6.0,4500.0,0.11992592592592592,OVERSUPPLY,3960.3333333333335,0.0
727,2.2,Yellow-N,1178,1182,9.0,431.1666666666667,6.0,4500.0,0.09581481481481482,OVERSUPPLY,4068.8333333333335,0.0
727,2.2,Yellow-N,1178,1182,10.0,179.16666666666666,6.0,4500.0,0.03981481481481481,OVERSUPPLY,4320.833333333333,0.0
727,2.2,Yellow-N,1178,1182,11.0,72.5,6.0,4500.0,0.01611111111111111,OVERSUPPLY,4427.5,0.0
727,2.2,Yellow-N,1178,1182,12.0,53.166666666666664,6.0,4500.0,0.011814814814814814,OVERSUPPLY,4446.833333333333,0.0
727,2.2,Yellow-N,1178,1182,13.0,51.666666666666664,6.0,4500.0,0.011481481481481481,OVERSUPPLY,4448.333333333333,0.0
727,2.2,Yellow-N,1178,1182,14.0,48.0,6.0,4500.0,0.010666666666666666,OVERSUPPLY,4452.0,0.0
727,2.2,Yellow-N,1178,1182,15.0,65.83333333333333,6.0,4500.0,0.014629629629629628,OVERSUPPLY,4434.166666666667,0.0
727,2.2,Yellow-N,1178,1182,16.0,95.66666666666667,6.0,4500.0,0.02125925925925926,OVERSUPPLY,4404.333333333333,0.0
727,2.2,Yellow-N,1178,1182,17.0,132.0,6.0,4500.0,0.029333333333333333,OVERSUPPLY,4368.0,0.0
727,2.2,Yellow-N,1178,1182,18.0,127.0,6.0,4500.0,0.02822222222222222,OVERSUPPLY,4373.0,0.0
727,2.2,Yellow-N,1178,1182,19.0,62.166666666666664,6.0,4500.0,0.013814814814814814,OVERSUPPLY,4437.833333333333,0.0
727,2.2,Yellow-N,1178,1182,20.0,36.5,5.0,3750.0,0.009733333333333333,OVERSUPPLY,3713.5,0.0
727,2.2,Yellow-N,1178,1182,21.0,28.0,4.0,3000.0,0.009333333333333334,OVERSUPPLY,2972.0,0.0
727,2.2,Yellow-N,1178,1182,22.0,22.333333333333332,3.0,2250.0,0.009925925925925925,OVERSUPPLY,2227.6666666666665,0.0
727,2.2,Yellow-N,1178,1182,23.0,11.333333333333332,4.0,3000.0,0.0037777777777777775,OVERSUPPLY,2988.6666666666665,0.0
729,2.2,Yellow-N,1179,1177,5.0,8.5,7.0,5250.0,0.0016190476190476191,OVERSUPPLY,5241.5,0.0
729,2.2,Yellow-N,1179,1177,6.0,57.0,6.0,4500.0,0.012666666666666666,OVERSUPPLY,4443.0,0.0
729,2.2,Yellow-N,1179,1177,7.0,128.83333333333334,6.0,4500.0,0.028629629629629633,OVERSUPPLY,4371.166666666667,0.0
729,2.2,Yellow-N,1179,1177,8.0,176.33333333333334,6.0,4500.0,0.039185185185185184,OVERSUPPLY,4323.666666666667,0.0
729,2.2,Yellow-N,1179,1177,9.0,316.6666666666667,6.0,4500.0,0.07037037037037037,OVERSUPPLY,4183.333333333333,0.0
729,2.2,Yellow-N,1179,1177,10.0,369.5,6.0,4500.0,0.08211111111111111,OVERSUPPLY,4130.5,0.0
729,2.2,Yellow-N,1179,1177,11.0,365.0,6.0,4500.0,0.0811111111111111,OVERSUPPLY,4135.0,0.0
729,2.2,Yellow-N,1179,1177,12.0,357.5,6.0,4500.0,0.07944444444444444,OVERSUPPLY,4142.5,0.0
729,2.2,Yellow-N,1179,1177,13.0,432.1666666666667,6.0,4500.0,0.09603703703703705,OVERSUPPLY,4067.8333333333335,0.0
729,2.2,Yellow-N,1179,1177,14.0,465.1666666666667,6.0,4500.0,0.10337037037037038,OVERSUPPLY,4034.8333333333335,0.0
729,2.2,Yellow-N,1179,1177,15.0,524.3333333333334,6.0,4500.0,0.11651851851851852,OVERSUPPLY,3975.6666666666665,0.0
729,2.2,Yellow-N,1179,1177,16.0,651.5,6.0,4500.0,0.14477777777777778,OVERSUPPLY,3848.5,0.0
729,2.2,Yellow-N,1179,1177,17.0,707.6666666666666,6.0,4500.0,0.15725925925925924,OVERSUPPLY,3792.3333333333335,0.0
729,2.2,Yellow-N,1179,1177,18.0,651.3333333333334,6.0,4500.0,0.14474074074074075,OVERSUPPLY,3848.6666666666665,0.0
729,2.2,Yellow-N,1179,1177,19.0,419.5,6.0,4500.0,0.09322222222222222,OVERSUPPLY,4080.5,0.0
729,2.2,Yellow-N,1179,1177,20.0,307.0,5.0,3750.0,0.08186666666666667,OVERSUPPLY,3443.0,0.0
729,2.2,Yellow-N,1179,1177,21.0,262.6666666666667,4.0,3000.0,0.08755555555555557,OVERSUPPLY,2737.3333333333335,0.0
729,2.2,Yellow-N,1179,1177,22.0,243.16666666666666,3.0,2250.0,0.10807407407407407,OVERSUPPLY,2006.8333333333333,0.0
729,2.2,Yellow-N,1179,1177,23.0,233.16666666666666,4.0,3000.0,0.07772222222222222,OVERSUPPLY,2766.8333333333335,0.0
731,2.2,Yellow-N,1180,1178,5.0,0.16666666666666666,7.0,5250.0,3.1746031746031745e-05,OVERSUPPLY,5249.833333333333,0.0
731,2.2,Yellow-N,1180,1178,6.0,0.3333333333333333,6.0,4500.0,7.407407407407407e-05,OVERSUPPLY,4499.666666666667,0.0
731,2.2,Yellow-N,1180,1178,7.0,0.5,6.0,4500.0,0.00011111111111111112,OVERSUPPLY,4499.5,0.0
731,2.2,Yellow-N,1180,1178,8.0,0.8333333333333334,6.0,4500.0,0.0001851851851851852,OVERSUPPLY,4499.166666666667,0.0
731,2.2,Yellow-N,1180,1178,9.0,1.3333333333333333,6.0,4500.0,0.0002962962962962963,OVERSUPPLY,4498.666666666667,0.0
731,2.2,Yellow-N,1180,1178,10.0,0.5,6.0,4500.0,0.00011111111111111112,OVERSUPPLY,4499.5,0.0
731,2.2,Yellow-N,1180,1178,11.0,1.5,6.0,4500.0,0.0003333333333333333,OVERSUPPLY,4498.5,0.0
731,2.2,Yellow-N,1180,1178,12.0,2.1666666666666665,6.0,4500.0,0.00048148148148148144,OVERSUPPLY,4497.833333333333,0.0
731,2.2,Yellow-N,1180,1178,13.0,2.5,6.0,4500.0,0.0005555555555555556,OVERSUPPLY,4497.5,0.0
731,2.2,Yellow-N,1180,1178,14.0,1.6666666666666667,6.0,4500.0,0.0003703703703703704,OVERSUPPLY,4498.333333333333,0.0
731,2.2,Yellow-N,1180,1178,15.0,2.8333333333333335,6.0,4500.0,0.0006296296296296296,OVERSUPPLY,4497.166666666667,0.0
731,2.2,Yellow-N,1180,1178,16.0,5.666666666666667,6.0,4500.0,0.0012592592592592592,OVERSUPPLY,4494.333333333333,0.0
731,2.2,Yellow-N,1180,1178,17.0,3.1666666666666665,6.0,4500.0,0.0007037037037037037,OVERSUPPLY,4496.833333333333,0.0
731,2.2,Yellow-N,1180,1178,18.0,2.1666666666666665,6.0,4500.0,0.00048148148148148144,OVERSUPPLY,4497.833333333333,0.0
731,2.2,Yellow-N,1180,1178,19.0,1.6666666666666667,6.0,4500.0,0.0003703703703703704,OVERSUPPLY,4498.333333333333,0.0
731,2.2,Yellow-N,1180,1178,20.0,0.3333333333333333,5.0,3750.0,8.888888888888888e-05,OVERSUPPLY,3749.6666666666665,0.0
731,2.2,Yellow-N,1180,1178,21.0,0.6666666666666666,4.0,3000.0,0.0002222222222222222,OVERSUPPLY,2999.3333333333335,0.0
731,2.2,Yellow-N,1180,1178,22.0,1.1666666666666667,3.0,2250.0,0.0005185185185185185,OVERSUPPLY,2248.8333333333335,0.0
731,2.2,Yellow-N,1180,1178,23.0,0.5,4.0,3000.0,0.00016666666666666666,OVERSUPPLY,2999.5,0.0
735,2.2,Yellow-N,1182,1135,5.0,67.33333333333333,7.0,5250.0,0.012825396825396825,OVERSUPPLY,5182.666666666667,0.0
735,2.2,Yellow-N,1182,1135,6.0,224.16666666666666,6.0,4500.0,0.04981481481481481,OVERSUPPLY,4275.833333333333,0.0
735,2.2,Yellow-N,1182,1135,7.0,527.8333333333334,6.0,4500.0,0.1172962962962963,OVERSUPPLY,3972.1666666666665,0.0
735,2.2,Yellow-N,1182,1135,8.0,1076.3333333333333,6.0,4500.0,0.23918518518518517,BALANCED,3423.666666666667,0.0
735,2.2,Yellow-N,1182,1135,9.0,893.0,6.0,4500.0,0.19844444444444445,OVERSUPPLY,3607.0,0.0
735,2.2,Yellow-N,1182,1135,10.0,481.1666666666667,6.0,4500.0,0.10692592592592592,OVERSUPPLY,4018.8333333333335,0.0
735,2.2,Yellow-N,1182,1135,11.0,312.8333333333333,6.0,4500.0,0.06951851851851852,OVERSUPPLY,4187.166666666667,0.0
735,2.2,Yellow-N,1182,1135,12.0,269.3333333333333,6.0,4500.0,0.05985185185185185,OVERSUPPLY,4230.666666666667,0.0
735,2.2,Yellow-N,1182,1135,13.0,302.5,6.0,4500.0,0.06722222222222222,OVERSUPPLY,4197.5,0.0
735,2.2,Yellow-N,1182,1135,14.0,311.1666666666667,6.0,4500.0,0.06914814814814815,OVERSUPPLY,4188.833333333333,0.0
735,2.2,Yellow-N,1182,1135,15.0,360.0,6.0,4500.0,0.08,OVERSUPPLY,4140.0,0.0
735,2.2,Yellow-N,1182,1135,16.0,495.1666666666667,6.0,4500.0,0.11003703703703704,OVERSUPPLY,4004.8333333333335,0.0
735,2.2,Yellow-N,1182,1135,17.0,602.6666666666666,6.0,4500.0,0.13392592592592592,OVERSUPPLY,3897.3333333333335,0.0
735,2.2,Yellow-N,1182,1135,18.0,576.1666666666666,6.0,4500.0,0.12803703703703703,OVERSUPPLY,3923.8333333333335,0.0
735,2.2,Yellow-N,1182,1135,19.0,334.1666666666667,6.0,4500.0,0.07425925925925926,OVERSUPPLY,4165.833333333333,0.0
735,2.2,Yellow-N,1182,1135,20.0,212.33333333333334,5.0,3750.0,0.05662222222222223,OVERSUPPLY,3537.6666666666665,0.0
735,2.2,Yellow-N,1182,1135,21.0,175.0,4.0,3000.0,0.058333333333333334,OVERSUPPLY,2825.0,0.0
735,2.2,Yellow-N,1182,1135,22.0,150.5,3.0,2250.0,0.06688888888888889,OVERSUPPLY,2099.5,0.0
735,2.2,Yellow-N,1182,1135,23.0,133.5,4.0,3000.0,0.0445,OVERSUPPLY,2866.5,0.0
737,2.2,Yellow-N,1183,1165,5.0,1.8333333333333333,7.0,5250.0,0.0003492063492063492,OVERSUPPLY,5248.166666666667,0.0
737,2.2,Yellow-N,1183,1165,6.0,70.5,6.0,4500.0,0.015666666666666666,OVERSUPPLY,4429.5,0.0
737,2.2,Yellow-N,1183,1165,7.0,121.33333333333333,6.0,4500.0,0.026962962962962963,OVERSUPPLY,4378.666666666667,0.0
737,2.2,Yellow-N,1183,1165,8.0,149.5,6.0,4500.0,0.03322222222222222,OVERSUPPLY,4350.5,0.0
737,2.2,Yellow-N,1183,1165,9.0,122.16666666666666,6.0,4500.0,0.027148148148148147,OVERSUPPLY,4377.833333333333,0.0
737,2.2,Yellow-N,1183,1165,10.0,109.83333333333333,6.0,4500.0,0.024407407407407405,OVERSUPPLY,4390.166666666667,0.0
737,2.2,Yellow-N,1183,1165,11.0,105.83333333333333,6.0,4500.0,0.02351851851851852,OVERSUPPLY,4394.166666666667,0.0
737,2.2,Yellow-N,1183,1165,12.0,147.0,6.0,4500.0,0.03266666666666666,OVERSUPPLY,4353.0,0.0
737,2.2,Yellow-N,1183,1165,13.0,229.5,6.0,4500.0,0.051,OVERSUPPLY,4270.5,0.0
737,2.2,Yellow-N,1183,1165,14.0,305.3333333333333,6.0,4500.0,0.06785185185185184,OVERSUPPLY,4194.666666666667,0.0
737,2.2,Yellow-N,1183,1165,15.0,710.0,6.0,4500.0,0.15777777777777777,OVERSUPPLY,3790.0,0.0
737,2.2,Yellow-N,1183,1165,16.0,1376.5,6.0,4500.0,0.3058888888888889,BALANCED,3123.5,0.0
737,2.2,Yellow-N,1183,1165,17.0,1778.6666666666667,6.0,4500.0,0.39525925925925925,BALANCED,2721.333333333333,0.0
737,2.2,Yellow-N,1183,1165,18.0,2254.6666666666665,6.0,4500.0,0.5010370370370371,BALANCED,2245.3333333333335,0.0
737,2.2,Yellow-N,1183,1165,19.0,998.6666666666666,6.0,4500.0,0.22192592592592592,BALANCED,3501.3333333333335,0.0
737,2.2,Yellow-N,1183,1165,20.0,607.3333333333334,5.0,3750.0,0.16195555555555557,OVERSUPPLY,3142.6666666666665,0.0
737,2.2,Yellow-N,1183,1165,21.0,371.3333333333333,4.0,3000.0,0.12377777777777778,OVERSUPPLY,2628.6666666666665,0.0
737,2.2,Yellow-N,1183,1165,22.0,230.83333333333334,3.0,2250.0,0.1025925925925926,OVERSUPPLY,2019.1666666666667,0.0
737,2.2,Yellow-N,1183,1165,23.0,242.16666666666666,4.0,3000.0,0.08072222222222222,OVERSUPPLY,2757.8333333333335,0.0
739,2.2,Yellow-N,1184,1166,5.0,0.8333333333333333,7.0,5250.0,0.0001587301587301587,OVERSUPPLY,5249.166666666667,0.0
739,2.2,Yellow-N,1184,1166,6.0,51.5,6.0,4500.0,0.011444444444444445,OVERSUPPLY,4448.5,0.0
739,2.2,Yellow-N,1184,1166,7.0,102.0,6.0,4500.0,0.02266666666666667,OVERSUPPLY,4398.0,0.0
739,2.2,Yellow-N,1184,1166,8.0,121.83333333333333,6.0,4500.0,0.027074074074074073,OVERSUPPLY,4378.166666666667,0.0
739,2.2,Yellow-N,1184,1166,9.0,93.66666666666667,6.0,4500.0,0.020814814814814817,OVERSUPPLY,4406.333333333333,0.0
739,2.2,Yellow-N,1184,1166,10.0,65.66666666666667,6.0,4500.0,0.014592592592592595,OVERSUPPLY,4434.333333333333,0.0
739,2.2,Yellow-N,1184,1166,11.0,67.83333333333333,6.0,4500.0,0.015074074074074073,OVERSUPPLY,4432.166666666667,0.0
739,2.2,Yellow-N,1184,1166,12.0,96.83333333333333,6.0,4500.0,0.021518518518518517,OVERSUPPLY,4403.166666666667,0.0
739,2.2,Yellow-N,1184,1166,13.0,169.16666666666666,6.0,4500.0,0.03759259259259259,OVERSUPPLY,4330.833333333333,0.0
739,2.2,Yellow-N,1184,1166,14.0,280.8333333333333,6.0,4500.0,0.062407407407407404,OVERSUPPLY,4219.166666666667,0.0
739,2.2,Yellow-N,1184,1166,15.0,544.0,6.0,4500.0,0.12088888888888889,OVERSUPPLY,3956.0,0.0
739,2.2,Yellow-N,1184,1166,16.0,1138.0,6.0,4500.0,0.2528888888888889,BALANCED,3362.0,0.0
739,2.2,Yellow-N,1184,1166,17.0,1602.6666666666667,6.0,4500.0,0.35614814814814816,BALANCED,2897.333333333333,0.0
739,2.2,Yellow-N,1184,1166,18.0,1590.5,6.0,4500.0,0.35344444444444445,BALANCED,2909.5,0.0
739,2.2,Yellow-N,1184,1166,19.0,668.3333333333334,6.0,4500.0,0.14851851851851852,OVERSUPPLY,3831.6666666666665,0.0
739,2.2,Yellow-N,1184,1166,20.0,344.6666666666667,5.0,3750.0,0.09191111111111111,OVERSUPPLY,3405.3333333333335,0.0
739,2.2,Yellow-N,1184,1166,21.0,213.83333333333334,4.0,3000.0,0.07127777777777779,OVERSUPPLY,2786.1666666666665,0.0
739,2.2,Yellow-N,1184,1166,22.0,150.16666666666666,3.0,2250.0,0.06674074074074074,OVERSUPPLY,2099.8333333333335,0.0
739,2.2,Yellow-N,1184,1166,23.0,102.33333333333333,4.0,3000.0,0.03411111111111111,OVERSUPPLY,2897.6666666666665,0.0
741,2.2,Yellow-N,1185,1167,5.0,0.6666666666666666,7.0,5250.0,0.00012698412698412698,OVERSUPPLY,5249.333333333333,0.0
741,2.2,Yellow-N,1185,1167,6.0,27.0,6.0,4500.0,0.006,OVERSUPPLY,4473.0,0.0
741,2.2,Yellow-N,1185,1167,7.0,57.0,6.0,4500.0,0.012666666666666666,OVERSUPPLY,4443.0,0.0
741,2.2,Yellow-N,1185,1167,8.0,72.66666666666667,6.0,4500.0,0.016148148148148148,OVERSUPPLY,4427.333333333333,0.0
741,2.2,Yellow-N,1185,1167,9.0,55.5,6.0,4500.0,0.012333333333333333,OVERSUPPLY,4444.5,0.0
741,2.2,Yellow-N,1185,1167,10.0,35.833333333333336,6.0,4500.0,0.007962962962962963,OVERSUPPLY,4464.166666666667,0.0
741,2.2,Yellow-N,1185,1167,11.0,39.666666666666664,6.0,4500.0,0.008814814814814814,OVERSUPPLY,4460.333333333333,0.0
741,2.2,Yellow-N,1185,1167,12.0,63.5,6.0,4500.0,0.01411111111111111,OVERSUPPLY,4436.5,0.0
741,2.2,Yellow-N,1185,1167,13.0,127.0,6.0,4500.0,0.02822222222222222,OVERSUPPLY,4373.0,0.0
741,2.2,Yellow-N,1185,1167,14.0,215.5,6.0,4500.0,0.04788888888888889,OVERSUPPLY,4284.5,0.0
741,2.2,Yellow-N,1185,1167,15.0,414.0,6.0,4500.0,0.092,OVERSUPPLY,4086.0,0.0
741,2.2,Yellow-N,1185,1167,16.0,922.8333333333334,6.0,4500.0,0.20507407407407408,BALANCED,3577.1666666666665,0.0
741,2.2,Yellow-N,1185,1167,17.0,1276.3333333333333,6.0,4500.0,0.2836296296296296,BALANCED,3223.666666666667,0.0
741,2.2,Yellow-N,1185,1167,18.0,1242.5,6.0,4500.0,0.2761111111111111,BALANCED,3257.5,0.0
741,2.2,Yellow-N,1185,1167,19.0,540.3333333333334,6.0,4500.0,0.12007407407407408,OVERSUPPLY,3959.6666666666665,0.0
741,2.2,Yellow-N,1185,1167,20.0,266.6666666666667,5.0,3750.0,0.07111111111111111,OVERSUPPLY,3483.3333333333335,0.0
741,2.2,Yellow-N,1185,1167,21.0,155.16666666666666,4.0,3000.0,0.05172222222222222,OVERSUPPLY,2844.8333333333335,0.0
741,2.2,Yellow-N,1185,1167,22.0,112.0,3.0,2250.0,0.049777777777777775,OVERSUPPLY,2138.0,0.0
741,2.2,Yellow-N,1185,1167,23.0,66.83333333333333,4.0,3000.0,0.022277777777777775,OVERSUPPLY,2933.1666666666665,0.0
743,2.2,Yellow-N,1186,1114,5.0,44.333333333333336,7.0,5250.0,0.008444444444444445,OVERSUPPLY,5205.666666666667,0.0
743,2.2,Yellow-N,1186,1114,6.0,219.66666666666666,6.0,4500.0,0.04881481481481481,OVERSUPPLY,4280.333333333333,0.0
743,2.2,Yellow-N,1186,1114,7.0,623.8333333333334,6.0,4500.0,0.13862962962962963,OVERSUPPLY,3876.1666666666665,0.0
743,2.2,Yellow-N,1186,1114,8.0,1074.1666666666667,6.0,4500.0,0.23870370370370372,BALANCED,3425.833333333333,0.0
743,2.2,Yellow-N,1186,1114,9.0,806.0,6.0,4500.0,0.1791111111111111,OVERSUPPLY,3694.0,0.0
743,2.2,Yellow-N,1186,1114,10.0,395.3333333333333,6.0,4500.0,0.08785185185185185,OVERSUPPLY,4104.666666666667,0.0
743,2.2,Yellow-N,1186,1114,11.0,367.3333333333333,6.0,4500.0,0.08162962962962962,OVERSUPPLY,4132.666666666667,0.0
743,2.2,Yellow-N,1186,1114,12.0,469.6666666666667,6.0,4500.0,0.10437037037037038,OVERSUPPLY,4030.3333333333335,0.0
743,2.2,Yellow-N,1186,1114,13.0,594.0,6.0,4500.0,0.132,OVERSUPPLY,3906.0,0.0
743,2.2,Yellow-N,1186,1114,14.0,823.5,6.0,4500.0,0.183,OVERSUPPLY,3676.5,0.0
743,2.2,Yellow-N,1186,1114,15.0,1466.0,6.0,4500.0,0.3257777777777778,BALANCED,3034.0,0.0
743,2.2,Yellow-N,1186,1114,16.0,2681.1666666666665,6.0,4500.0,0.5958148148148148,BALANCED,1818.8333333333335,0.0
743,2.2,Yellow-N,1186,1114,17.0,4092.6666666666665,6.0,4500.0,0.9094814814814814,CROWDED,407.3333333333335,0.0
743,2.2,Yellow-N,1186,1114,18.0,4250.833333333333,6.0,4500.0,0.9446296296296296,CROWDED,249.16666666666697,0.0
743,2.2,Yellow-N,1186,1114,19.0,2108.0,6.0,4500.0,0.46844444444444444,BALANCED,2392.0,0.0
743,2.2,Yellow-N,1186,1114,20.0,1207.6666666666667,5.0,3750.0,0.32204444444444447,BALANCED,2542.333333333333,0.0
743,2.2,Yellow-N,1186,1114,21.0,761.8333333333334,4.0,3000.0,0.2539444444444445,BALANCED,2238.1666666666665,0.0
743,2.2,Yellow-N,1186,1114,22.0,600.3333333333334,3.0,2250.0,0.26681481481481484,BALANCED,1649.6666666666665,0.0
743,2.2,Yellow-N,1186,1114,23.0,366.6666666666667,4.0,3000.0,0.12222222222222223,OVERSUPPLY,2633.3333333333335,0.0
745,2.2,Yellow-N,1187,1115,5.0,22.5,7.0,5250.0,0.004285714285714286,OVERSUPPLY,5227.5,0.0
745,2.2,Yellow-N,1187,1115,6.0,128.83333333333334,6.0,4500.0,0.028629629629629633,OVERSUPPLY,4371.166666666667,0.0
745,2.2,Yellow-N,1187,1115,7.0,440.8333333333333,6.0,4500.0,0.09796296296296296,OVERSUPPLY,4059.1666666666665,0.0
745,2.2,Yellow-N,1187,1115,8.0,746.3333333333334,6.0,4500.0,0.16585185185185186,OVERSUPPLY,3753.6666666666665,0.0
745,2.2,Yellow-N,1187,1115,9.0,530.8333333333334,6.0,4500.0,0.11796296296296298,OVERSUPPLY,3969.1666666666665,0.0
745,2.2,Yellow-N,1187,1115,10.0,252.5,6.0,4500.0,0.05611111111111111,OVERSUPPLY,4247.5,0.0
745,2.2,Yellow-N,1187,1115,11.0,253.5,6.0,4500.0,0.05633333333333333,OVERSUPPLY,4246.5,0.0
745,2.2,Yellow-N,1187,1115,12.0,339.6666666666667,6.0,4500.0,0.07548148148148148,OVERSUPPLY,4160.333333333333,0.0
745,2.2,Yellow-N,1187,1115,13.0,451.6666666666667,6.0,4500.0,0.10037037037037037,OVERSUPPLY,4048.3333333333335,0.0
745,2.2,Yellow-N,1187,1115,14.0,683.3333333333334,6.0,4500.0,0.15185185185185185,OVERSUPPLY,3816.6666666666665,0.0
745,2.2,Yellow-N,1187,1115,15.0,1090.6666666666667,6.0,4500.0,0.24237037037037037,BALANCED,3409.333333333333,0.0
745,2.2,Yellow-N,1187,1115,16.0,2253.8333333333335,6.0,4500.0,0.5008518518518519,BALANCED,2246.1666666666665,0.0
745,2.2,Yellow-N,1187,1115,17.0,4265.833333333333,6.0,4500.0,0.9479629629629629,CROWDED,234.16666666666697,0.0
745,2.2,Yellow-N,1187,1115,18.0,3845.5,6.0,4500.0,0.8545555555555555,CROWDED,654.5,0.0
745,2.2,Yellow-N,1187,1115,19.0,2043.0,6.0,4500.0,0.454,BALANCED,2457.0,0.0
745,2.2,Yellow-N,1187,1115,20.0,1135.0,5.0,3750.0,0.30266666666666664,BALANCED,2615.0,0.0
745,2.2,Yellow-N,1187,1115,21.0,658.3333333333334,4.0,3000.0,0.21944444444444447,BALANCED,2341.6666666666665,0.0
745,2.2,Yellow-N,1187,1115,22.0,525.8333333333334,3.0,2250.0,0.23370370370370372,BALANCED,1724.1666666666665,0.0
745,2.2,Yellow-N,1187,1115,23.0,279.3333333333333,4.0,3000.0,0.0931111111111111,OVERSUPPLY,2720.6666666666665,0.0
747,2.2,Yellow-N,1188,1116,5.0,6.5,7.0,5250.0,0.001238095238095238,OVERSUPPLY,5243.5,0.0
747,2.2,Yellow-N,1188,1116,6.0,45.0,6.0,4500.0,0.01,OVERSUPPLY,4455.0,0.0
747,2.2,Yellow-N,1188,1116,7.0,140.33333333333334,6.0,4500.0,0.031185185185185187,OVERSUPPLY,4359.666666666667,0.0
747,2.2,Yellow-N,1188,1116,8.0,233.0,6.0,4500.0,0.05177777777777778,OVERSUPPLY,4267.0,0.0
747,2.2,Yellow-N,1188,1116,9.0,165.0,6.0,4500.0,0.03666666666666667,OVERSUPPLY,4335.0,0.0
747,2.2,Yellow-N,1188,1116,10.0,84.83333333333333,6.0,4500.0,0.018851851851851852,OVERSUPPLY,4415.166666666667,0.0
747,2.2,Yellow-N,1188,1116,11.0,80.0,6.0,4500.0,0.017777777777777778,OVERSUPPLY,4420.0,0.0
747,2.2,Yellow-N,1188,1116,12.0,122.83333333333333,6.0,4500.0,0.027296296296296294,OVERSUPPLY,4377.166666666667,0.0
747,2.2,Yellow-N,1188,1116,13.0,185.5,6.0,4500.0,0.04122222222222222,OVERSUPPLY,4314.5,0.0
747,2.2,Yellow-N,1188,1116,14.0,303.0,6.0,4500.0,0.06733333333333333,OVERSUPPLY,4197.0,0.0
747,2.2,Yellow-N,1188,1116,15.0,523.3333333333334,6.0,4500.0,0.1162962962962963,OVERSUPPLY,3976.6666666666665,0.0
747,2.2,Yellow-N,1188,1116,16.0,1092.1666666666667,6.0,4500.0,0.24270370370370373,BALANCED,3407.833333333333,0.0
747,2.2,Yellow-N,1188,1116,17.0,1920.3333333333335,6.0,4500.0,0.42674074074074075,BALANCED,2579.6666666666665,0.0
747,2.2,Yellow-N,1188,1116,18.0,1730.6666666666667,6.0,4500.0,0.3845925925925926,BALANCED,2769.333333333333,0.0
747,2.2,Yellow-N,1188,1116,19.0,877.5,6.0,4500.0,0.195,OVERSUPPLY,3622.5,0.0
747,2.2,Yellow-N,1188,1116,20.0,442.8333333333333,5.0,3750.0,0.11808888888888888,OVERSUPPLY,3307.1666666666665,0.0
747,2.2,Yellow-N,1188,1116,21.0,248.83333333333334,4.0,3000.0,0.08294444444444445,OVERSUPPLY,2751.1666666666665,0.0
747,2.2,Yellow-N,1188,1116,22.0,218.16666666666669,3.0,2250.0,0.09696296296296297,OVERSUPPLY,2031.8333333333333,0.0
747,2.2,Yellow-N,1188,1116,23.0,112.0,4.0,3000.0,0.037333333333333336,OVERSUPPLY,2888.0,0.0
749,20.1,Beige-S,1189,1190,5.0,10.333333333333332,9.0,4050.0,0.0025514403292181066,OVERSUPPLY,4039.6666666666665,0.0
749,20.1,Beige-S,1189,1190,6.0,42.666666666666664,9.0,4050.0,0.010534979423868312,OVERSUPPLY,4007.3333333333335,0.0
749,20.1,Beige-S,1189,1190,7.0,74.66666666666667,10.0,4500.0,0.016592592592592593,OVERSUPPLY,4425.333333333333,0.0
749,20.1,Beige-S,1189,1190,8.0,102.66666666666667,10.0,4500.0,0.022814814814814816,OVERSUPPLY,4397.333333333333,0.0
749,20.1,Beige-S,1189,1190,9.0,77.0,10.0,4500.0,0.01711111111111111,OVERSUPPLY,4423.0,0.0
749,20.1,Beige-S,1189,1190,10.0,81.66666666666667,9.0,4050.0,0.020164609053497942,OVERSUPPLY,3968.3333333333335,0.0
749,20.1,Beige-S,1189,1190,11.0,64.66666666666667,10.0,4500.0,0.014370370370370372,OVERSUPPLY,4435.333333333333,0.0
749,20.1,Beige-S,1189,1190,12.0,73.66666666666667,10.0,4500.0,0.016370370370370372,OVERSUPPLY,4426.333333333333,0.0
749,20.1,Beige-S,1189,1190,13.0,65.0,9.0,4050.0,0.016049382716049384,OVERSUPPLY,3985.0,0.0
749,20.1,Beige-S,1189,1190,14.0,70.33333333333333,10.0,4500.0,0.01562962962962963,OVERSUPPLY,4429.666666666667,0.0
749,20.1,Beige-S,1189,1190,15.0,93.66666666666667,10.0,4500.0,0.020814814814814817,OVERSUPPLY,4406.333333333333,0.0
749,20.1,Beige-S,1189,1190,16.0,149.0,9.0,4050.0,0.03679012345679012,OVERSUPPLY,3901.0,0.0
749,20.1,Beige-S,1189,1190,17.0,158.0,10.0,4500.0,0.035111111111111114,OVERSUPPLY,4342.0,0.0
749,20.1,Beige-S,1189,1190,18.0,130.0,10.0,4500.0,0.028888888888888888,OVERSUPPLY,4370.0,0.0
749,20.1,Beige-S,1189,1190,19.0,54.333333333333336,9.0,4050.0,0.013415637860082305,OVERSUPPLY,3995.6666666666665,0.0
749,20.1,Beige-S,1189,1190,20.0,29.333333333333332,10.0,4500.0,0.006518518518518518,OVERSUPPLY,4470.666666666667,0.0
749,20.1,Beige-S,1189,1190,21.0,14.0,10.0,4500.0,0.003111111111111111,OVERSUPPLY,4486.0,0.0
749,20.1,Beige-S,1189,1190,22.0,7.666666666666667,9.0,4050.0,0.0018930041152263376,OVERSUPPLY,4042.3333333333335,0.0
749,20.1,Beige-S,1189,1190,23.0,1.6666666666666665,3.0,1350.0,0.0012345679012345679,OVERSUPPLY,1348.3333333333333,0.0
752,3.2,Orange-N,1191,1194,5.0,32.5,3.0,1350.0,0.024074074074074074,OVERSUPPLY,1317.5,0.0
752,3.2,Orange-N,1191,1194,6.0,236.83333333333334,3.0,1350.0,0.17543209876543212,OVERSUPPLY,1113.1666666666667,0.0
752,3.2,Orange-N,1191,1194,7.0,609.6666666666666,3.0,1350.0,0.4516049382716049,BALANCED,740.3333333333334,0.0
752,3.2,Orange-N,1191,1194,8.0,739.0,3.0,1350.0,0.5474074074074075,BALANCED,611.0,0.0
752,3.2,Orange-N,1191,1194,9.0,527.1666666666666,3.0,1350.0,0.3904938271604938,BALANCED,822.8333333333334,0.0
752,3.2,Orange-N,1191,1194,10.0,326.3333333333333,3.0,1350.0,0.24172839506172838,BALANCED,1023.6666666666667,0.0
752,3.2,Orange-N,1191,1194,11.0,261.5,3.0,1350.0,0.1937037037037037,OVERSUPPLY,1088.5,0.0
752,3.2,Orange-N,1191,1194,12.0,326.8333333333333,3.0,1350.0,0.24209876543209874,BALANCED,1023.1666666666667,0.0
752,3.2,Orange-N,1191,1194,13.0,368.0,3.0,1350.0,0.2725925925925926,BALANCED,982.0,0.0
752,3.2,Orange-N,1191,1194,14.0,442.8333333333333,3.0,1350.0,0.3280246913580247,BALANCED,907.1666666666667,0.0
752,3.2,Orange-N,1191,1194,15.0,678.8333333333334,3.0,1350.0,0.5028395061728396,BALANCED,671.1666666666666,0.0
752,3.2,Orange-N,1191,1194,16.0,1134.1666666666667,3.0,1350.0,0.8401234567901236,CROWDED,215.83333333333326,0.0
752,3.2,Orange-N,1191,1194,17.0,1604.1666666666667,3.0,1350.0,1.1882716049382716,UNDERSUPPLY,0.0,254.16666666666674
752,3.2,Orange-N,1191,1194,18.0,1438.8333333333333,3.0,1350.0,1.0658024691358023,UNDERSUPPLY,0.0,88.83333333333326
752,3.2,Orange-N,1191,1194,19.0,768.6666666666666,3.0,1350.0,0.5693827160493827,BALANCED,581.3333333333334,0.0
752,3.2,Orange-N,1191,1194,20.0,453.5,3.0,1350.0,0.3359259259259259,BALANCED,896.5,0.0
752,3.2,Orange-N,1191,1194,21.0,315.5,3.0,1350.0,0.2337037037037037,BALANCED,1034.5,0.0
752,3.2,Orange-N,1191,1194,22.0,240.0,3.0,1350.0,0.17777777777777778,OVERSUPPLY,1110.0,0.0
752,3.2,Orange-N,1191,1194,23.0,161.83333333333334,3.0,1350.0,0.11987654320987655,OVERSUPPLY,1188.1666666666667,0.0
754,3.2,Orange-N,1192,1195,5.0,39.0,3.0,1350.0,0.028888888888888888,OVERSUPPLY,1311.0,0.0
754,3.2,Orange-N,1192,1195,6.0,269.5,3.0,1350.0,0.19962962962962963,OVERSUPPLY,1080.5,0.0
754,3.2,Orange-N,1192,1195,7.0,704.6666666666666,3.0,1350.0,0.5219753086419753,BALANCED,645.3333333333334,0.0
754,3.2,Orange-N,1192,1195,8.0,915.0,3.0,1350.0,0.6777777777777778,BALANCED,435.0,0.0
754,3.2,Orange-N,1192,1195,9.0,628.6666666666666,3.0,1350.0,0.465679012345679,BALANCED,721.3333333333334,0.0
754,3.2,Orange-N,1192,1195,10.0,328.6666666666667,3.0,1350.0,0.2434567901234568,BALANCED,1021.3333333333333,0.0
754,3.2,Orange-N,1192,1195,11.0,243.0,3.0,1350.0,0.18,OVERSUPPLY,1107.0,0.0
754,3.2,Orange-N,1192,1195,12.0,271.6666666666667,3.0,1350.0,0.2012345679012346,BALANCED,1078.3333333333333,0.0
754,3.2,Orange-N,1192,1195,13.0,295.1666666666667,3.0,1350.0,0.218641975308642,BALANCED,1054.8333333333333,0.0
754,3.2,Orange-N,1192,1195,14.0,321.0,3.0,1350.0,0.23777777777777778,BALANCED,1029.0,0.0
754,3.2,Orange-N,1192,1195,15.0,493.5,3.0,1350.0,0.3655555555555556,BALANCED,856.5,0.0
754,3.2,Orange-N,1192,1195,16.0,818.6666666666666,3.0,1350.0,0.6064197530864197,BALANCED,531.3333333333334,0.0
754,3.2,Orange-N,1192,1195,17.0,1159.8333333333333,3.0,1350.0,0.8591358024691358,CROWDED,190.16666666666674,0.0
754,3.2,Orange-N,1192,1195,18.0,1003.6666666666666,3.0,1350.0,0.7434567901234568,BALANCED,346.33333333333337,0.0
754,3.2,Orange-N,1192,1195,19.0,562.3333333333334,3.0,1350.0,0.41654320987654325,BALANCED,787.6666666666666,0.0
754,3.2,Orange-N,1192,1195,20.0,306.1666666666667,3.0,1350.0,0.22679012345679014,BALANCED,1043.8333333333333,0.0
754,3.2,Orange-N,1192,1195,21.0,210.33333333333334,3.0,1350.0,0.15580246913580248,OVERSUPPLY,1139.6666666666667,0.0
754,3.2,Orange-N,1192,1195,22.0,151.66666666666666,3.0,1350.0,0.11234567901234567,OVERSUPPLY,1198.3333333333333,0.0
754,3.2,Orange-N,1192,1195,23.0,115.0,3.0,1350.0,0.08518518518518518,OVERSUPPLY,1235.0,0.0
756,3.2,Orange-N,1193,1196,5.0,7.0,3.0,1350.0,0.005185185185185185,OVERSUPPLY,1343.0,0.0
756,3.2,Orange-N,1193,1196,6.0,37.666666666666664,3.0,1350.0,0.027901234567901233,OVERSUPPLY,1312.3333333333333,0.0
756,3.2,Orange-N,1193,1196,7.0,96.5,3.0,1350.0,0.07148148148148148,OVERSUPPLY,1253.5,0.0
756,3.2,Orange-N,1193,1196,8.0,155.16666666666666,3.0,1350.0,0.11493827160493826,OVERSUPPLY,1194.8333333333333,0.0
756,3.2,Orange-N,1193,1196,9.0,129.33333333333334,3.0,1350.0,0.09580246913580248,OVERSUPPLY,1220.6666666666667,0.0
756,3.2,Orange-N,1193,1196,10.0,40.833333333333336,3.0,1350.0,0.030246913580246917,OVERSUPPLY,1309.1666666666667,0.0
756,3.2,Orange-N,1193,1196,11.0,18.5,3.0,1350.0,0.013703703703703704,OVERSUPPLY,1331.5,0.0
756,3.2,Orange-N,1193,1196,12.0,21.5,3.0,1350.0,0.015925925925925927,OVERSUPPLY,1328.5,0.0
756,3.2,Orange-N,1193,1196,13.0,13.166666666666666,3.0,1350.0,0.009753086419753086,OVERSUPPLY,1336.8333333333333,0.0
756,3.2,Orange-N,1193,1196,14.0,10.0,3.0,1350.0,0.007407407407407408,OVERSUPPLY,1340.0,0.0
756,3.2,Orange-N,1193,1196,15.0,16.5,3.0,1350.0,0.012222222222222223,OVERSUPPLY,1333.5,0.0
756,3.2,Orange-N,1193,1196,16.0,24.333333333333332,3.0,1350.0,0.018024691358024692,OVERSUPPLY,1325.6666666666667,0.0
756,3.2,Orange-N,1193,1196,17.0,41.5,3.0,1350.0,0.030740740740740742,OVERSUPPLY,1308.5,0.0
756,3.2,Orange-N,1193,1196,18.0,49.833333333333336,3.0,1350.0,0.03691358024691358,OVERSUPPLY,1300.1666666666667,0.0
756,3.2,Orange-N,1193,1196,19.0,33.333333333333336,3.0,1350.0,0.02469135802469136,OVERSUPPLY,1316.6666666666667,0.0
756,3.2,Orange-N,1193,1196,20.0,15.0,3.0,1350.0,0.011111111111111112,OVERSUPPLY,1335.0,0.0
756,3.2,Orange-N,1193,1196,21.0,9.0,3.0,1350.0,0.006666666666666667,OVERSUPPLY,1341.0,0.0
756,3.2,Orange-N,1193,1196,22.0,6.5,3.0,1350.0,0.004814814814814815,OVERSUPPLY,1343.5,0.0
756,3.2,Orange-N,1193,1196,23.0,3.833333333333333,3.0,1350.0,0.002839506172839506,OVERSUPPLY,1346.1666666666667,0.0
758,3.2,Orange-N,1194,1224,5.0,19.333333333333332,3.0,1350.0,0.014320987654320987,OVERSUPPLY,1330.6666666666667,0.0
758,3.2,Orange-N,1194,1224,6.0,170.83333333333334,3.0,1350.0,0.12654320987654322,OVERSUPPLY,1179.1666666666667,0.0
758,3.2,Orange-N,1194,1224,7.0,435.6666666666667,3.0,1350.0,0.3227160493827161,BALANCED,914.3333333333333,0.0
758,3.2,Orange-N,1194,1224,8.0,523.0,3.0,1350.0,0.3874074074074074,BALANCED,827.0,0.0
758,3.2,Orange-N,1194,1224,9.0,451.8333333333333,3.0,1350.0,0.33469135802469135,BALANCED,898.1666666666667,0.0
758,3.2,Orange-N,1194,1224,10.0,308.3333333333333,3.0,1350.0,0.22839506172839505,BALANCED,1041.6666666666667,0.0
758,3.2,Orange-N,1194,1224,11.0,260.1666666666667,3.0,1350.0,0.19271604938271605,OVERSUPPLY,1089.8333333333333,0.0
758,3.2,Orange-N,1194,1224,12.0,330.0,3.0,1350.0,0.24444444444444444,BALANCED,1020.0,0.0
758,3.2,Orange-N,1194,1224,13.0,393.8333333333333,3.0,1350.0,0.2917283950617284,BALANCED,956.1666666666667,0.0
758,3.2,Orange-N,1194,1224,14.0,462.0,3.0,1350.0,0.3422222222222222,BALANCED,888.0,0.0
758,3.2,Orange-N,1194,1224,15.0,740.8333333333334,3.0,1350.0,0.5487654320987655,BALANCED,609.1666666666666,0.0
758,3.2,Orange-N,1194,1224,16.0,1265.1666666666667,3.0,1350.0,0.9371604938271606,CROWDED,84.83333333333326,0.0
758,3.2,Orange-N,1194,1224,17.0,1802.8333333333333,3.0,1350.0,1.335432098765432,UNDERSUPPLY,0.0,452.83333333333326
758,3.2,Orange-N,1194,1224,18.0,1550.5,3.0,1350.0,1.1485185185185185,UNDERSUPPLY,0.0,200.5
758,3.2,Orange-N,1194,1224,19.0,806.3333333333334,3.0,1350.0,0.597283950617284,BALANCED,543.6666666666666,0.0
758,3.2,Orange-N,1194,1224,20.0,480.6666666666667,3.0,1350.0,0.3560493827160494,BALANCED,869.3333333333333,0.0
758,3.2,Orange-N,1194,1224,21.0,337.3333333333333,3.0,1350.0,0.24987654320987654,BALANCED,1012.6666666666667,0.0
758,3.2,Orange-N,1194,1224,22.0,253.83333333333334,3.0,1350.0,0.1880246913580247,OVERSUPPLY,1096.1666666666667,0.0
758,3.2,Orange-N,1194,1224,23.0,200.83333333333331,3.0,1350.0,0.14876543209876542,OVERSUPPLY,1149.1666666666667,0.0
760,3.2,Orange-N,1195,1225,5.0,22.833333333333332,3.0,1350.0,0.01691358024691358,OVERSUPPLY,1327.1666666666667,0.0
760,3.2,Orange-N,1195,1225,6.0,173.33333333333334,3.0,1350.0,0.12839506172839507,OVERSUPPLY,1176.6666666666667,0.0
760,3.2,Orange-N,1195,1225,7.0,447.8333333333333,3.0,1350.0,0.33172839506172835,BALANCED,902.1666666666667,0.0
760,3.2,Orange-N,1195,1225,8.0,570.6666666666666,3.0,1350.0,0.422716049382716,BALANCED,779.3333333333334,0.0
760,3.2,Orange-N,1195,1225,9.0,466.1666666666667,3.0,1350.0,0.34530864197530864,BALANCED,883.8333333333333,0.0
760,3.2,Orange-N,1195,1225,10.0,292.1666666666667,3.0,1350.0,0.21641975308641978,BALANCED,1057.8333333333333,0.0
760,3.2,Orange-N,1195,1225,11.0,232.16666666666666,3.0,1350.0,0.1719753086419753,OVERSUPPLY,1117.8333333333333,0.0
760,3.2,Orange-N,1195,1225,12.0,262.0,3.0,1350.0,0.19407407407407407,OVERSUPPLY,1088.0,0.0
760,3.2,Orange-N,1195,1225,13.0,316.1666666666667,3.0,1350.0,0.23419753086419753,BALANCED,1033.8333333333333,0.0
760,3.2,Orange-N,1195,1225,14.0,336.5,3.0,1350.0,0.24925925925925926,BALANCED,1013.5,0.0
760,3.2,Orange-N,1195,1225,15.0,549.6666666666666,3.0,1350.0,0.40716049382716046,BALANCED,800.3333333333334,0.0
760,3.2,Orange-N,1195,1225,16.0,942.0,3.0,1350.0,0.6977777777777778,BALANCED,408.0,0.0
760,3.2,Orange-N,1195,1225,17.0,1345.0,3.0,1350.0,0.9962962962962963,CROWDED,5.0,0.0
760,3.2,Orange-N,1195,1225,18.0,1089.8333333333333,3.0,1350.0,0.8072839506172839,CROWDED,260.16666666666674,0.0
760,3.2,Orange-N,1195,1225,19.0,576.6666666666666,3.0,1350.0,0.4271604938271605,BALANCED,773.3333333333334,0.0
760,3.2,Orange-N,1195,1225,20.0,324.3333333333333,3.0,1350.0,0.2402469135802469,BALANCED,1025.6666666666667,0.0
760,3.2,Orange-N,1195,1225,21.0,229.16666666666666,3.0,1350.0,0.1697530864197531,OVERSUPPLY,1120.8333333333333,0.0
760,3.2,Orange-N,1195,1225,22.0,162.0,3.0,1350.0,0.12,OVERSUPPLY,1188.0,0.0
760,3.2,Orange-N,1195,1225,23.0,152.0,3.0,1350.0,0.11259259259259259,OVERSUPPLY,1198.0,0.0
762,3.2,Orange-N,1196,1226,5.0,4.166666666666667,3.0,1350.0,0.00308641975308642,OVERSUPPLY,1345.8333333333333,0.0
762,3.2,Orange-N,1196,1226,6.0,21.0,3.0,1350.0,0.015555555555555555,OVERSUPPLY,1329.0,0.0
762,3.2,Orange-N,1196,1226,7.0,45.666666666666664,3.0,1350.0,0.03382716049382716,OVERSUPPLY,1304.3333333333333,0.0
762,3.2,Orange-N,1196,1226,8.0,71.0,3.0,1350.0,0.052592592592592594,OVERSUPPLY,1279.0,0.0
762,3.2,Orange-N,1196,1226,9.0,65.16666666666667,3.0,1350.0,0.04827160493827161,OVERSUPPLY,1284.8333333333333,0.0
762,3.2,Orange-N,1196,1226,10.0,27.833333333333332,3.0,1350.0,0.020617283950617283,OVERSUPPLY,1322.1666666666667,0.0
762,3.2,Orange-N,1196,1226,11.0,13.0,3.0,1350.0,0.00962962962962963,OVERSUPPLY,1337.0,0.0
762,3.2,Orange-N,1196,1226,12.0,12.0,3.0,1350.0,0.008888888888888889,OVERSUPPLY,1338.0,0.0
762,3.2,Orange-N,1196,1226,13.0,10.5,3.0,1350.0,0.0077777777777777776,OVERSUPPLY,1339.5,0.0
762,3.2,Orange-N,1196,1226,14.0,8.833333333333334,3.0,1350.0,0.00654320987654321,OVERSUPPLY,1341.1666666666667,0.0
762,3.2,Orange-N,1196,1226,15.0,14.0,3.0,1350.0,0.01037037037037037,OVERSUPPLY,1336.0,0.0
762,3.2,Orange-N,1196,1226,16.0,21.5,3.0,1350.0,0.015925925925925927,OVERSUPPLY,1328.5,0.0
762,3.2,Orange-N,1196,1226,17.0,35.333333333333336,3.0,1350.0,0.02617283950617284,OVERSUPPLY,1314.6666666666667,0.0
762,3.2,Orange-N,1196,1226,18.0,38.5,3.0,1350.0,0.02851851851851852,OVERSUPPLY,1311.5,0.0
762,3.2,Orange-N,1196,1226,19.0,23.333333333333332,3.0,1350.0,0.01728395061728395,OVERSUPPLY,1326.6666666666667,0.0
762,3.2,Orange-N,1196,1226,20.0,10.666666666666666,3.0,1350.0,0.007901234567901235,OVERSUPPLY,1339.3333333333333,0.0
762,3.2,Orange-N,1196,1226,21.0,7.5,3.0,1350.0,0.005555555555555556,OVERSUPPLY,1342.5,0.0
762,3.2,Orange-N,1196,1226,22.0,5.333333333333333,3.0,1350.0,0.003950617283950617,OVERSUPPLY,1344.6666666666667,0.0
762,3.2,Orange-N,1196,1226,23.0,3.4999999999999996,3.0,1350.0,0.002592592592592592,OVERSUPPLY,1346.5,0.0
764,3.2,Orange-N,1197,1207,5.0,26.166666666666668,3.0,1350.0,0.019382716049382718,OVERSUPPLY,1323.8333333333333,0.0
764,3.2,Orange-N,1197,1207,6.0,199.16666666666666,3.0,1350.0,0.14753086419753086,OVERSUPPLY,1150.8333333333333,0.0
764,3.2,Orange-N,1197,1207,7.0,522.1666666666666,3.0,1350.0,0.3867901234567901,BALANCED,827.8333333333334,0.0
764,3.2,Orange-N,1197,1207,8.0,684.3333333333334,3.0,1350.0,0.5069135802469136,BALANCED,665.6666666666666,0.0
764,3.2,Orange-N,1197,1207,9.0,624.3333333333334,3.0,1350.0,0.4624691358024692,BALANCED,725.6666666666666,0.0
764,3.2,Orange-N,1197,1207,10.0,383.6666666666667,3.0,1350.0,0.2841975308641975,BALANCED,966.3333333333333,0.0
764,3.2,Orange-N,1197,1207,11.0,299.5,3.0,1350.0,0.22185185185185186,BALANCED,1050.5,0.0
764,3.2,Orange-N,1197,1207,12.0,357.8333333333333,3.0,1350.0,0.2650617283950617,BALANCED,992.1666666666667,0.0
764,3.2,Orange-N,1197,1207,13.0,401.3333333333333,3.0,1350.0,0.2972839506172839,BALANCED,948.6666666666667,0.0
764,3.2,Orange-N,1197,1207,14.0,504.0,3.0,1350.0,0.37333333333333335,BALANCED,846.0,0.0
764,3.2,Orange-N,1197,1207,15.0,753.8333333333334,3.0,1350.0,0.558395061728395,BALANCED,596.1666666666666,0.0
764,3.2,Orange-N,1197,1207,16.0,1264.3333333333333,3.0,1350.0,0.9365432098765432,CROWDED,85.66666666666674,0.0
764,3.2,Orange-N,1197,1207,17.0,1789.0,3.0,1350.0,1.3251851851851852,UNDERSUPPLY,0.0,439.0
764,3.2,Orange-N,1197,1207,18.0,1534.8333333333333,3.0,1350.0,1.1369135802469135,UNDERSUPPLY,0.0,184.83333333333326
764,3.2,Orange-N,1197,1207,19.0,823.0,3.0,1350.0,0.6096296296296296,BALANCED,527.0,0.0
764,3.2,Orange-N,1197,1207,20.0,471.0,3.0,1350.0,0.3488888888888889,BALANCED,879.0,0.0
764,3.2,Orange-N,1197,1207,21.0,316.0,3.0,1350.0,0.23407407407407407,BALANCED,1034.0,0.0
764,3.2,Orange-N,1197,1207,22.0,243.33333333333334,3.0,1350.0,0.18024691358024691,OVERSUPPLY,1106.6666666666667,0.0
764,3.2,Orange-N,1197,1207,23.0,186.5,3.0,1350.0,0.13814814814814816,OVERSUPPLY,1163.5,0.0
766,3.2,Orange-N,1198,1208,5.0,15.666666666666666,3.0,1350.0,0.011604938271604939,OVERSUPPLY,1334.3333333333333,0.0
766,3.2,Orange-N,1198,1208,6.0,123.16666666666667,3.0,1350.0,0.09123456790123458,OVERSUPPLY,1226.8333333333333,0.0
766,3.2,Orange-N,1198,1208,7.0,320.6666666666667,3.0,1350.0,0.2375308641975309,BALANCED,1029.3333333333333,0.0
766,3.2,Orange-N,1198,1208,8.0,467.5,3.0,1350.0,0.34629629629629627,BALANCED,882.5,0.0
766,3.2,Orange-N,1198,1208,9.0,423.8333333333333,3.0,1350.0,0.31395061728395063,BALANCED,926.1666666666667,0.0
766,3.2,Orange-N,1198,1208,10.0,254.83333333333334,3.0,1350.0,0.18876543209876545,OVERSUPPLY,1095.1666666666667,0.0
766,3.2,Orange-N,1198,1208,11.0,202.5,3.0,1350.0,0.15,OVERSUPPLY,1147.5,0.0
766,3.2,Orange-N,1198,1208,12.0,243.33333333333334,3.0,1350.0,0.18024691358024691,OVERSUPPLY,1106.6666666666667,0.0
766,3.2,Orange-N,1198,1208,13.0,277.0,3.0,1350.0,0.2051851851851852,BALANCED,1073.0,0.0
766,3.2,Orange-N,1198,1208,14.0,310.8333333333333,3.0,1350.0,0.2302469135802469,BALANCED,1039.1666666666667,0.0
766,3.2,Orange-N,1198,1208,15.0,512.0,3.0,1350.0,0.37925925925925924,BALANCED,838.0,0.0
766,3.2,Orange-N,1198,1208,16.0,874.6666666666666,3.0,1350.0,0.6479012345679012,BALANCED,475.33333333333337,0.0
766,3.2,Orange-N,1198,1208,17.0,1231.8333333333333,3.0,1350.0,0.9124691358024691,CROWDED,118.16666666666674,0.0
766,3.2,Orange-N,1198,1208,18.0,971.5,3.0,1350.0,0.7196296296296296,BALANCED,378.5,0.0
766,3.2,Orange-N,1198,1208,19.0,516.0,3.0,1350.0,0.38222222222222224,BALANCED,834.0,0.0
766,3.2,Orange-N,1198,1208,20.0,277.5,3.0,1350.0,0.20555555555555555,BALANCED,1072.5,0.0
766,3.2,Orange-N,1198,1208,21.0,191.83333333333334,3.0,1350.0,0.14209876543209876,OVERSUPPLY,1158.1666666666667,0.0
766,3.2,Orange-N,1198,1208,22.0,139.83333333333334,3.0,1350.0,0.10358024691358025,OVERSUPPLY,1210.1666666666667,0.0
766,3.2,Orange-N,1198,1208,23.0,127.66666666666667,3.0,1350.0,0.0945679012345679,OVERSUPPLY,1222.3333333333333,0.0
768,3.2,Orange-N,1199,1209,5.0,1.1666666666666667,3.0,1350.0,0.0008641975308641976,OVERSUPPLY,1348.8333333333333,0.0
768,3.2,Orange-N,1199,1209,6.0,10.333333333333334,3.0,1350.0,0.007654320987654321,OVERSUPPLY,1339.6666666666667,0.0
768,3.2,Orange-N,1199,1209,7.0,24.166666666666668,3.0,1350.0,0.017901234567901235,OVERSUPPLY,1325.8333333333333,0.0
768,3.2,Orange-N,1199,1209,8.0,43.333333333333336,3.0,1350.0,0.03209876543209877,OVERSUPPLY,1306.6666666666667,0.0
768,3.2,Orange-N,1199,1209,9.0,37.5,3.0,1350.0,0.027777777777777776,OVERSUPPLY,1312.5,0.0
768,3.2,Orange-N,1199,1209,10.0,19.666666666666664,3.0,1350.0,0.0145679012345679,OVERSUPPLY,1330.3333333333333,0.0
768,3.2,Orange-N,1199,1209,11.0,9.833333333333332,3.0,1350.0,0.00728395061728395,OVERSUPPLY,1340.1666666666667,0.0
768,3.2,Orange-N,1199,1209,12.0,9.0,3.0,1350.0,0.006666666666666667,OVERSUPPLY,1341.0,0.0
768,3.2,Orange-N,1199,1209,13.0,6.666666666666666,3.0,1350.0,0.0049382716049382715,OVERSUPPLY,1343.3333333333333,0.0
768,3.2,Orange-N,1199,1209,14.0,5.666666666666666,3.0,1350.0,0.00419753086419753,OVERSUPPLY,1344.3333333333333,0.0
768,3.2,Orange-N,1199,1209,15.0,8.5,3.0,1350.0,0.006296296296296296,OVERSUPPLY,1341.5,0.0
768,3.2,Orange-N,1199,1209,16.0,11.166666666666668,3.0,1350.0,0.008271604938271606,OVERSUPPLY,1338.8333333333333,0.0
768,3.2,Orange-N,1199,1209,17.0,17.666666666666668,3.0,1350.0,0.01308641975308642,OVERSUPPLY,1332.3333333333333,0.0
768,3.2,Orange-N,1199,1209,18.0,19.833333333333332,3.0,1350.0,0.014691358024691356,OVERSUPPLY,1330.1666666666667,0.0
768,3.2,Orange-N,1199,1209,19.0,12.833333333333334,3.0,1350.0,0.009506172839506173,OVERSUPPLY,1337.1666666666667,0.0
768,3.2,Orange-N,1199,1209,20.0,5.833333333333333,3.0,1350.0,0.004320987654320987,OVERSUPPLY,1344.1666666666667,0.0
768,3.2,Orange-N,1199,1209,21.0,3.3333333333333335,3.0,1350.0,0.0024691358024691358,OVERSUPPLY,1346.6666666666667,0.0
768,3.2,Orange-N,1199,1209,22.0,2.833333333333333,3.0,1350.0,0.002098765432098765,OVERSUPPLY,1347.1666666666667,0.0
768,3.2,Orange-N,1199,1209,23.0,2.333333333333333,3.0,1350.0,0.001728395061728395,OVERSUPPLY,1347.6666666666667,0.0
770,3.2,Orange-N,1200,1237,5.0,175.66666666666666,3.0,1350.0,0.13012345679012344,OVERSUPPLY,1174.3333333333333,0.0
770,3.2,Orange-N,1200,1237,6.0,650.0,3.0,1350.0,0.48148148148148145,BALANCED,700.0,0.0
770,3.2,Orange-N,1200,1237,7.0,1327.5,3.0,1350.0,0.9833333333333333,CROWDED,22.5,0.0
770,3.2,Orange-N,1200,1237,8.0,1732.0,3.0,1350.0,1.2829629629629629,UNDERSUPPLY,0.0,382.0
770,3.2,Orange-N,1200,1237,9.0,1227.1666666666667,3.0,1350.0,0.9090123456790125,CROWDED,122.83333333333326,0.0
770,3.2,Orange-N,1200,1237,10.0,522.8333333333334,3.0,1350.0,0.387283950617284,BALANCED,827.1666666666666,0.0
770,3.2,Orange-N,1200,1237,11.0,234.33333333333334,3.0,1350.0,0.17358024691358026,OVERSUPPLY,1115.6666666666667,0.0
770,3.2,Orange-N,1200,1237,12.0,198.0,3.0,1350.0,0.14666666666666667,OVERSUPPLY,1152.0,0.0
770,3.2,Orange-N,1200,1237,13.0,168.33333333333334,3.0,1350.0,0.12469135802469136,OVERSUPPLY,1181.6666666666667,0.0
770,3.2,Orange-N,1200,1237,14.0,166.16666666666666,3.0,1350.0,0.12308641975308642,OVERSUPPLY,1183.8333333333333,0.0
770,3.2,Orange-N,1200,1237,15.0,186.16666666666666,3.0,1350.0,0.13790123456790124,OVERSUPPLY,1163.8333333333333,0.0
770,3.2,Orange-N,1200,1237,16.0,226.66666666666666,3.0,1350.0,0.16790123456790124,OVERSUPPLY,1123.3333333333333,0.0
770,3.2,Orange-N,1200,1237,17.0,339.1666666666667,3.0,1350.0,0.2512345679012346,BALANCED,1010.8333333333333,0.0
770,3.2,Orange-N,1200,1237,18.0,336.3333333333333,3.0,1350.0,0.24913580246913578,BALANCED,1013.6666666666667,0.0
770,3.2,Orange-N,1200,1237,19.0,169.0,3.0,1350.0,0.12518518518518518,OVERSUPPLY,1181.0,0.0
770,3.2,Orange-N,1200,1237,20.0,79.33333333333333,3.0,1350.0,0.058765432098765426,OVERSUPPLY,1270.6666666666667,0.0
770,3.2,Orange-N,1200,1237,21.0,64.5,3.0,1350.0,0.04777777777777778,OVERSUPPLY,1285.5,0.0
770,3.2,Orange-N,1200,1237,22.0,49.0,3.0,1350.0,0.0362962962962963,OVERSUPPLY,1301.0,0.0
770,3.2,Orange-N,1200,1237,23.0,28.833333333333332,3.0,1350.0,0.021358024691358023,OVERSUPPLY,1321.1666666666667,0.0
772,3.2,Orange-N,1201,1238,5.0,147.83333333333334,3.0,1350.0,0.10950617283950619,OVERSUPPLY,1202.1666666666667,0.0
772,3.2,Orange-N,1201,1238,6.0,835.8333333333334,3.0,1350.0,0.6191358024691358,BALANCED,514.1666666666666,0.0
772,3.2,Orange-N,1201,1238,7.0,1707.6666666666667,3.0,1350.0,1.2649382716049384,UNDERSUPPLY,0.0,357.66666666666674
772,3.2,Orange-N,1201,1238,8.0,2689.3333333333335,3.0,1350.0,1.992098765432099,UNDERSUPPLY,0.0,1339.3333333333335
772,3.2,Orange-N,1201,1238,9.0,2294.0,3.0,1350.0,1.6992592592592592,UNDERSUPPLY,0.0,944.0
772,3.2,Orange-N,1201,1238,10.0,934.8333333333334,3.0,1350.0,0.6924691358024692,BALANCED,415.16666666666663,0.0
772,3.2,Orange-N,1201,1238,11.0,385.8333333333333,3.0,1350.0,0.28580246913580243,BALANCED,964.1666666666667,0.0
772,3.2,Orange-N,1201,1238,12.0,302.5,3.0,1350.0,0.22407407407407406,BALANCED,1047.5,0.0
772,3.2,Orange-N,1201,1238,13.0,239.83333333333334,3.0,1350.0,0.17765432098765432,OVERSUPPLY,1110.1666666666667,0.0
772,3.2,Orange-N,1201,1238,14.0,234.83333333333334,3.0,1350.0,0.17395061728395061,OVERSUPPLY,1115.1666666666667,0.0
772,3.2,Orange-N,1201,1238,15.0,265.6666666666667,3.0,1350.0,0.19679012345679014,OVERSUPPLY,1084.3333333333333,0.0
772,3.2,Orange-N,1201,1238,16.0,363.0,3.0,1350.0,0.2688888888888889,BALANCED,987.0,0.0
772,3.2,Orange-N,1201,1238,17.0,541.6666666666666,3.0,1350.0,0.4012345679012345,BALANCED,808.3333333333334,0.0
772,3.2,Orange-N,1201,1238,18.0,577.1666666666666,3.0,1350.0,0.42753086419753084,BALANCED,772.8333333333334,0.0
772,3.2,Orange-N,1201,1238,19.0,327.5,3.0,1350.0,0.24259259259259258,BALANCED,1022.5,0.0
772,3.2,Orange-N,1201,1238,20.0,149.83333333333334,3.0,1350.0,0.11098765432098766,OVERSUPPLY,1200.1666666666667,0.0
772,3.2,Orange-N,1201,1238,21.0,107.5,3.0,1350.0,0.07962962962962963,OVERSUPPLY,1242.5,0.0
772,3.2,Orange-N,1201,1238,22.0,87.16666666666667,3.0,1350.0,0.0645679012345679,OVERSUPPLY,1262.8333333333333,0.0
772,3.2,Orange-N,1201,1238,23.0,49.5,3.0,1350.0,0.03666666666666667,OVERSUPPLY,1300.5,0.0
774,3.2,Orange-N,1202,1239,5.0,19.833333333333332,3.0,1350.0,0.014691358024691356,OVERSUPPLY,1330.1666666666667,0.0
774,3.2,Orange-N,1202,1239,6.0,172.0,3.0,1350.0,0.1274074074074074,OVERSUPPLY,1178.0,0.0
774,3.2,Orange-N,1202,1239,7.0,407.1666666666667,3.0,1350.0,0.30160493827160495,BALANCED,942.8333333333333,0.0
774,3.2,Orange-N,1202,1239,8.0,681.8333333333334,3.0,1350.0,0.5050617283950618,BALANCED,668.1666666666666,0.0
774,3.2,Orange-N,1202,1239,9.0,794.0,3.0,1350.0,0.5881481481481482,BALANCED,556.0,0.0
774,3.2,Orange-N,1202,1239,10.0,308.1666666666667,3.0,1350.0,0.22827160493827162,BALANCED,1041.8333333333333,0.0
774,3.2,Orange-N,1202,1239,11.0,98.5,3.0,1350.0,0.07296296296296297,OVERSUPPLY,1251.5,0.0
774,3.2,Orange-N,1202,1239,12.0,67.0,3.0,1350.0,0.04962962962962963,OVERSUPPLY,1283.0,0.0
774,3.2,Orange-N,1202,1239,13.0,47.166666666666664,3.0,1350.0,0.03493827160493827,OVERSUPPLY,1302.8333333333333,0.0
774,3.2,Orange-N,1202,1239,14.0,40.666666666666664,3.0,1350.0,0.030123456790123456,OVERSUPPLY,1309.3333333333333,0.0
774,3.2,Orange-N,1202,1239,15.0,46.166666666666664,3.0,1350.0,0.03419753086419753,OVERSUPPLY,1303.8333333333333,0.0
774,3.2,Orange-N,1202,1239,16.0,76.16666666666667,3.0,1350.0,0.056419753086419756,OVERSUPPLY,1273.8333333333333,0.0
774,3.2,Orange-N,1202,1239,17.0,119.33333333333334,3.0,1350.0,0.08839506172839506,OVERSUPPLY,1230.6666666666667,0.0
774,3.2,Orange-N,1202,1239,18.0,118.83333333333333,3.0,1350.0,0.08802469135802468,OVERSUPPLY,1231.1666666666667,0.0
774,3.2,Orange-N,1202,1239,19.0,72.0,3.0,1350.0,0.05333333333333334,OVERSUPPLY,1278.0,0.0
774,3.2,Orange-N,1202,1239,20.0,29.833333333333332,3.0,1350.0,0.022098765432098766,OVERSUPPLY,1320.1666666666667,0.0
774,3.2,Orange-N,1202,1239,21.0,24.833333333333332,3.0,1350.0,0.01839506172839506,OVERSUPPLY,1325.1666666666667,0.0
774,3.2,Orange-N,1202,1239,22.0,18.166666666666668,3.0,1350.0,0.013456790123456791,OVERSUPPLY,1331.8333333333333,0.0
774,3.2,Orange-N,1202,1239,23.0,9.166666666666666,3.0,1350.0,0.006790123456790123,OVERSUPPLY,1340.8333333333333,0.0
778,3.2,Orange-N,1204,1215,5.0,186.66666666666666,3.0,1350.0,0.1382716049382716,OVERSUPPLY,1163.3333333333333,0.0
778,3.2,Orange-N,1204,1215,6.0,685.1666666666666,3.0,1350.0,0.5075308641975308,BALANCED,664.8333333333334,0.0
778,3.2,Orange-N,1204,1215,7.0,1510.6666666666667,3.0,1350.0,1.1190123456790124,UNDERSUPPLY,0.0,160.66666666666674
778,3.2,Orange-N,1204,1215,8.0,1994.1666666666667,3.0,1350.0,1.4771604938271605,UNDERSUPPLY,0.0,644.1666666666667
778,3.2,Orange-N,1204,1215,9.0,1387.1666666666667,3.0,1350.0,1.027530864197531,UNDERSUPPLY,0.0,37.16666666666674
778,3.2,Orange-N,1204,1215,10.0,616.0,3.0,1350.0,0.4562962962962963,BALANCED,734.0,0.0
778,3.2,Orange-N,1204,1215,11.0,290.0,3.0,1350.0,0.21481481481481482,BALANCED,1060.0,0.0
778,3.2,Orange-N,1204,1215,12.0,257.6666666666667,3.0,1350.0,0.1908641975308642,OVERSUPPLY,1092.3333333333333,0.0
778,3.2,Orange-N,1204,1215,13.0,225.66666666666666,3.0,1350.0,0.1671604938271605,OVERSUPPLY,1124.3333333333333,0.0
778,3.2,Orange-N,1204,1215,14.0,225.16666666666666,3.0,1350.0,0.16679012345679012,OVERSUPPLY,1124.8333333333333,0.0
778,3.2,Orange-N,1204,1215,15.0,253.5,3.0,1350.0,0.18777777777777777,OVERSUPPLY,1096.5,0.0
778,3.2,Orange-N,1204,1215,16.0,322.3333333333333,3.0,1350.0,0.2387654320987654,BALANCED,1027.6666666666667,0.0
778,3.2,Orange-N,1204,1215,17.0,430.6666666666667,3.0,1350.0,0.3190123456790124,BALANCED,919.3333333333333,0.0
778,3.2,Orange-N,1204,1215,18.0,401.3333333333333,3.0,1350.0,0.2972839506172839,BALANCED,948.6666666666667,0.0
778,3.2,Orange-N,1204,1215,19.0,197.0,3.0,1350.0,0.14592592592592593,OVERSUPPLY,1153.0,0.0
778,3.2,Orange-N,1204,1215,20.0,122.0,3.0,1350.0,0.09037037037037036,OVERSUPPLY,1228.0,0.0
778,3.2,Orange-N,1204,1215,21.0,85.33333333333333,3.0,1350.0,0.06320987654320988,OVERSUPPLY,1264.6666666666667,0.0
778,3.2,Orange-N,1204,1215,22.0,86.0,3.0,1350.0,0.0637037037037037,OVERSUPPLY,1264.0,0.0
778,3.2,Orange-N,1204,1215,23.0,85.33333333333333,3.0,1350.0,0.06320987654320988,OVERSUPPLY,1264.6666666666667,0.0
780,3.2,Orange-N,1205,1216,5.0,147.33333333333334,3.0,1350.0,0.1091358024691358,OVERSUPPLY,1202.6666666666667,0.0
780,3.2,Orange-N,1205,1216,6.0,854.1666666666666,3.0,1350.0,0.632716049382716,BALANCED,495.83333333333337,0.0
780,3.2,Orange-N,1205,1216,7.0,1824.1666666666667,3.0,1350.0,1.3512345679012345,UNDERSUPPLY,0.0,474.16666666666674
780,3.2,Orange-N,1205,1216,8.0,2853.0,3.0,1350.0,2.1133333333333333,UNDERSUPPLY,0.0,1503.0
780,3.2,Orange-N,1205,1216,9.0,2385.6666666666665,3.0,1350.0,1.7671604938271603,UNDERSUPPLY,0.0,1035.6666666666665
780,3.2,Orange-N,1205,1216,10.0,988.5,3.0,1350.0,0.7322222222222222,BALANCED,361.5,0.0
780,3.2,Orange-N,1205,1216,11.0,411.5,3.0,1350.0,0.3048148148148148,BALANCED,938.5,0.0
780,3.2,Orange-N,1205,1216,12.0,328.0,3.0,1350.0,0.24296296296296296,BALANCED,1022.0,0.0
780,3.2,Orange-N,1205,1216,13.0,262.6666666666667,3.0,1350.0,0.1945679012345679,OVERSUPPLY,1087.3333333333333,0.0
780,3.2,Orange-N,1205,1216,14.0,252.16666666666666,3.0,1350.0,0.1867901234567901,OVERSUPPLY,1097.8333333333333,0.0
780,3.2,Orange-N,1205,1216,15.0,280.8333333333333,3.0,1350.0,0.20802469135802468,BALANCED,1069.1666666666667,0.0
780,3.2,Orange-N,1205,1216,16.0,378.5,3.0,1350.0,0.2803703703703704,BALANCED,971.5,0.0
780,3.2,Orange-N,1205,1216,17.0,535.1666666666666,3.0,1350.0,0.39641975308641975,BALANCED,814.8333333333334,0.0
780,3.2,Orange-N,1205,1216,18.0,544.1666666666666,3.0,1350.0,0.4030864197530864,BALANCED,805.8333333333334,0.0
780,3.2,Orange-N,1205,1216,19.0,302.1666666666667,3.0,1350.0,0.22382716049382717,BALANCED,1047.8333333333333,0.0
780,3.2,Orange-N,1205,1216,20.0,166.16666666666666,3.0,1350.0,0.12308641975308642,OVERSUPPLY,1183.8333333333333,0.0
780,3.2,Orange-N,1205,1216,21.0,106.66666666666667,3.0,1350.0,0.07901234567901234,OVERSUPPLY,1243.3333333333333,0.0
780,3.2,Orange-N,1205,1216,22.0,104.66666666666667,3.0,1350.0,0.07753086419753087,OVERSUPPLY,1245.3333333333333,0.0
780,3.2,Orange-N,1205,1216,23.0,76.83333333333333,3.0,1350.0,0.05691358024691358,OVERSUPPLY,1273.1666666666667,0.0
782,3.2,Orange-N,1206,1217,5.0,17.5,3.0,1350.0,0.012962962962962963,OVERSUPPLY,1332.5,0.0
782,3.2,Orange-N,1206,1217,6.0,165.66666666666666,3.0,1350.0,0.12271604938271605,OVERSUPPLY,1184.3333333333333,0.0
782,3.2,Orange-N,1206,1217,7.0,394.0,3.0,1350.0,0.29185185185185186,BALANCED,956.0,0.0
782,3.2,Orange-N,1206,1217,8.0,663.0,3.0,1350.0,0.4911111111111111,BALANCED,687.0,0.0
782,3.2,Orange-N,1206,1217,9.0,780.3333333333333,3.0,1350.0,0.5780246913580246,BALANCED,569.6666666666667,0.0
782,3.2,Orange-N,1206,1217,10.0,303.1666666666667,3.0,1350.0,0.2245679012345679,BALANCED,1046.8333333333333,0.0
782,3.2,Orange-N,1206,1217,11.0,94.5,3.0,1350.0,0.07,OVERSUPPLY,1255.5,0.0
782,3.2,Orange-N,1206,1217,12.0,63.166666666666664,3.0,1350.0,0.04679012345679012,OVERSUPPLY,1286.8333333333333,0.0
782,3.2,Orange-N,1206,1217,13.0,41.0,3.0,1350.0,0.03037037037037037,OVERSUPPLY,1309.0,0.0
782,3.2,Orange-N,1206,1217,14.0,34.5,3.0,1350.0,0.025555555555555557,OVERSUPPLY,1315.5,0.0
782,3.2,Orange-N,1206,1217,15.0,38.166666666666664,3.0,1350.0,0.0282716049382716,OVERSUPPLY,1311.8333333333333,0.0
782,3.2,Orange-N,1206,1217,16.0,61.0,3.0,1350.0,0.04518518518518518,OVERSUPPLY,1289.0,0.0
782,3.2,Orange-N,1206,1217,17.0,95.0,3.0,1350.0,0.07037037037037037,OVERSUPPLY,1255.0,0.0
782,3.2,Orange-N,1206,1217,18.0,90.83333333333333,3.0,1350.0,0.06728395061728394,OVERSUPPLY,1259.1666666666667,0.0
782,3.2,Orange-N,1206,1217,19.0,54.666666666666664,3.0,1350.0,0.04049382716049382,OVERSUPPLY,1295.3333333333333,0.0
782,3.2,Orange-N,1206,1217,20.0,26.0,3.0,1350.0,0.01925925925925926,OVERSUPPLY,1324.0,0.0
782,3.2,Orange-N,1206,1217,21.0,20.333333333333332,3.0,1350.0,0.015061728395061728,OVERSUPPLY,1329.6666666666667,0.0
782,3.2,Orange-N,1206,1217,22.0,16.5,3.0,1350.0,0.012222222222222223,OVERSUPPLY,1333.5,0.0
782,3.2,Orange-N,1206,1217,23.0,7.666666666666666,3.0,1350.0,0.005679012345679012,OVERSUPPLY,1342.3333333333333,0.0
784,3.2,Orange-N,1207,1228,5.0,5.166666666666666,3.0,1350.0,0.00382716049382716,OVERSUPPLY,1344.8333333333333,0.0
784,3.2,Orange-N,1207,1228,6.0,115.5,3.0,1350.0,0.08555555555555555,OVERSUPPLY,1234.5,0.0
784,3.2,Orange-N,1207,1228,7.0,204.5,3.0,1350.0,0.1514814814814815,OVERSUPPLY,1145.5,0.0
784,3.2,Orange-N,1207,1228,8.0,209.0,3.0,1350.0,0.15481481481481482,OVERSUPPLY,1141.0,0.0
784,3.2,Orange-N,1207,1228,9.0,144.0,3.0,1350.0,0.10666666666666667,OVERSUPPLY,1206.0,0.0
784,3.2,Orange-N,1207,1228,10.0,141.16666666666666,3.0,1350.0,0.1045679012345679,OVERSUPPLY,1208.8333333333333,0.0
784,3.2,Orange-N,1207,1228,11.0,177.66666666666666,3.0,1350.0,0.13160493827160494,OVERSUPPLY,1172.3333333333333,0.0
784,3.2,Orange-N,1207,1228,12.0,236.5,3.0,1350.0,0.1751851851851852,OVERSUPPLY,1113.5,0.0
784,3.2,Orange-N,1207,1228,13.0,326.3333333333333,3.0,1350.0,0.24172839506172838,BALANCED,1023.6666666666667,0.0
784,3.2,Orange-N,1207,1228,14.0,418.8333333333333,3.0,1350.0,0.3102469135802469,BALANCED,931.1666666666667,0.0
784,3.2,Orange-N,1207,1228,15.0,751.6666666666666,3.0,1350.0,0.5567901234567901,BALANCED,598.3333333333334,0.0
784,3.2,Orange-N,1207,1228,16.0,1253.6666666666667,3.0,1350.0,0.928641975308642,CROWDED,96.33333333333326,0.0
784,3.2,Orange-N,1207,1228,17.0,1763.8333333333333,3.0,1350.0,1.306543209876543,UNDERSUPPLY,0.0,413.83333333333326
784,3.2,Orange-N,1207,1228,18.0,1420.3333333333333,3.0,1350.0,1.0520987654320988,UNDERSUPPLY,0.0,70.33333333333326
784,3.2,Orange-N,1207,1228,19.0,795.5,3.0,1350.0,0.5892592592592593,BALANCED,554.5,0.0
784,3.2,Orange-N,1207,1228,20.0,460.3333333333333,3.0,1350.0,0.34098765432098765,BALANCED,889.6666666666667,0.0
784,3.2,Orange-N,1207,1228,21.0,328.8333333333333,3.0,1350.0,0.24358024691358024,BALANCED,1021.1666666666667,0.0
784,3.2,Orange-N,1207,1228,22.0,261.8333333333333,3.0,1350.0,0.1939506172839506,OVERSUPPLY,1088.1666666666667,0.0
784,3.2,Orange-N,1207,1228,23.0,155.16666666666666,3.0,1350.0,0.11493827160493826,OVERSUPPLY,1194.8333333333333,0.0
786,3.2,Orange-N,1208,1229,5.0,3.1666666666666665,3.0,1350.0,0.002345679012345679,OVERSUPPLY,1346.8333333333333,0.0
786,3.2,Orange-N,1208,1229,6.0,78.33333333333333,3.0,1350.0,0.05802469135802469,OVERSUPPLY,1271.6666666666667,0.0
786,3.2,Orange-N,1208,1229,7.0,140.66666666666666,3.0,1350.0,0.10419753086419753,OVERSUPPLY,1209.3333333333333,0.0
786,3.2,Orange-N,1208,1229,8.0,158.0,3.0,1350.0,0.11703703703703704,OVERSUPPLY,1192.0,0.0
786,3.2,Orange-N,1208,1229,9.0,100.83333333333333,3.0,1350.0,0.07469135802469136,OVERSUPPLY,1249.1666666666667,0.0
786,3.2,Orange-N,1208,1229,10.0,104.83333333333333,3.0,1350.0,0.07765432098765432,OVERSUPPLY,1245.1666666666667,0.0
786,3.2,Orange-N,1208,1229,11.0,132.16666666666666,3.0,1350.0,0.09790123456790123,OVERSUPPLY,1217.8333333333333,0.0
786,3.2,Orange-N,1208,1229,12.0,176.5,3.0,1350.0,0.13074074074074074,OVERSUPPLY,1173.5,0.0
786,3.2,Orange-N,1208,1229,13.0,244.0,3.0,1350.0,0.18074074074074073,OVERSUPPLY,1106.0,0.0
786,3.2,Orange-N,1208,1229,14.0,291.6666666666667,3.0,1350.0,0.2160493827160494,BALANCED,1058.3333333333333,0.0
786,3.2,Orange-N,1208,1229,15.0,553.0,3.0,1350.0,0.4096296296296296,BALANCED,797.0,0.0
786,3.2,Orange-N,1208,1229,16.0,919.0,3.0,1350.0,0.6807407407407408,BALANCED,431.0,0.0
786,3.2,Orange-N,1208,1229,17.0,1303.5,3.0,1350.0,0.9655555555555555,CROWDED,46.5,0.0
786,3.2,Orange-N,1208,1229,18.0,982.5,3.0,1350.0,0.7277777777777777,BALANCED,367.5,0.0
786,3.2,Orange-N,1208,1229,19.0,548.5,3.0,1350.0,0.4062962962962963,BALANCED,801.5,0.0
786,3.2,Orange-N,1208,1229,20.0,310.5,3.0,1350.0,0.23,BALANCED,1039.5,0.0
786,3.2,Orange-N,1208,1229,21.0,224.16666666666666,3.0,1350.0,0.16604938271604938,OVERSUPPLY,1125.8333333333333,0.0
786,3.2,Orange-N,1208,1229,22.0,170.0,3.0,1350.0,0.1259259259259259,OVERSUPPLY,1180.0,0.0
786,3.2,Orange-N,1208,1229,23.0,101.0,3.0,1350.0,0.07481481481481482,OVERSUPPLY,1249.0,0.0
788,3.2,Orange-N,1209,1230,6.0,4.833333333333334,3.0,1350.0,0.0035802469135802475,OVERSUPPLY,1345.1666666666667,0.0
788,3.2,Orange-N,1209,1230,7.0,8.166666666666666,3.0,1350.0,0.006049382716049382,OVERSUPPLY,1341.8333333333333,0.0
788,3.2,Orange-N,1209,1230,8.0,9.333333333333332,3.0,1350.0,0.00691358024691358,OVERSUPPLY,1340.6666666666667,0.0
788,3.2,Orange-N,1209,1230,9.0,5.666666666666667,3.0,1350.0,0.004197530864197531,OVERSUPPLY,1344.3333333333333,0.0
788,3.2,Orange-N,1209,1230,10.0,4.833333333333333,3.0,1350.0,0.0035802469135802466,OVERSUPPLY,1345.1666666666667,0.0
788,3.2,Orange-N,1209,1230,11.0,2.5,3.0,1350.0,0.001851851851851852,OVERSUPPLY,1347.5,0.0
788,3.2,Orange-N,1209,1230,12.0,2.1666666666666665,3.0,1350.0,0.0016049382716049382,OVERSUPPLY,1347.8333333333333,0.0
788,3.2,Orange-N,1209,1230,13.0,1.8333333333333333,3.0,1350.0,0.0013580246913580246,OVERSUPPLY,1348.1666666666667,0.0
788,3.2,Orange-N,1209,1230,14.0,3.1666666666666665,3.0,1350.0,0.002345679012345679,OVERSUPPLY,1346.8333333333333,0.0
788,3.2,Orange-N,1209,1230,15.0,3.6666666666666665,3.0,1350.0,0.0027160493827160493,OVERSUPPLY,1346.3333333333333,0.0
788,3.2,Orange-N,1209,1230,16.0,7.833333333333334,3.0,1350.0,0.005802469135802469,OVERSUPPLY,1342.1666666666667,0.0
788,3.2,Orange-N,1209,1230,17.0,13.5,3.0,1350.0,0.01,OVERSUPPLY,1336.5,0.0
788,3.2,Orange-N,1209,1230,18.0,12.666666666666666,3.0,1350.0,0.009382716049382716,OVERSUPPLY,1337.3333333333333,0.0
788,3.2,Orange-N,1209,1230,19.0,10.333333333333334,3.0,1350.0,0.007654320987654321,OVERSUPPLY,1339.6666666666667,0.0
788,3.2,Orange-N,1209,1230,20.0,4.0,3.0,1350.0,0.002962962962962963,OVERSUPPLY,1346.0,0.0
788,3.2,Orange-N,1209,1230,21.0,1.8333333333333333,3.0,1350.0,0.0013580246913580246,OVERSUPPLY,1348.1666666666667,0.0
788,3.2,Orange-N,1209,1230,22.0,2.6666666666666665,3.0,1350.0,0.0019753086419753087,OVERSUPPLY,1347.3333333333333,0.0
788,3.2,Orange-N,1209,1230,23.0,1.6666666666666665,3.0,1350.0,0.0012345679012345679,OVERSUPPLY,1348.3333333333333,0.0
790,3.2,Orange-N,1210,1234,6.0,6.333333333333333,3.0,1350.0,0.004691358024691358,OVERSUPPLY,1343.6666666666667,0.0
790,3.2,Orange-N,1210,1234,7.0,7.833333333333333,3.0,1350.0,0.005802469135802469,OVERSUPPLY,1342.1666666666667,0.0
790,3.2,Orange-N,1210,1234,8.0,8.5,3.0,1350.0,0.006296296296296296,OVERSUPPLY,1341.5,0.0
790,3.2,Orange-N,1210,1234,9.0,4.166666666666667,3.0,1350.0,0.00308641975308642,OVERSUPPLY,1345.8333333333333,0.0
790,3.2,Orange-N,1210,1234,10.0,3.8333333333333335,3.0,1350.0,0.0028395061728395065,OVERSUPPLY,1346.1666666666667,0.0
790,3.2,Orange-N,1210,1234,11.0,3.666666666666667,3.0,1350.0,0.0027160493827160497,OVERSUPPLY,1346.3333333333333,0.0
790,3.2,Orange-N,1210,1234,12.0,4.5,3.0,1350.0,0.0033333333333333335,OVERSUPPLY,1345.5,0.0
790,3.2,Orange-N,1210,1234,13.0,4.166666666666667,3.0,1350.0,0.00308641975308642,OVERSUPPLY,1345.8333333333333,0.0
790,3.2,Orange-N,1210,1234,14.0,8.666666666666666,3.0,1350.0,0.006419753086419753,OVERSUPPLY,1341.3333333333333,0.0
790,3.2,Orange-N,1210,1234,15.0,16.0,3.0,1350.0,0.011851851851851851,OVERSUPPLY,1334.0,0.0
790,3.2,Orange-N,1210,1234,16.0,10.833333333333334,3.0,1350.0,0.008024691358024692,OVERSUPPLY,1339.1666666666667,0.0
790,3.2,Orange-N,1210,1234,17.0,12.333333333333334,3.0,1350.0,0.009135802469135803,OVERSUPPLY,1337.6666666666667,0.0
790,3.2,Orange-N,1210,1234,18.0,9.333333333333334,3.0,1350.0,0.006913580246913581,OVERSUPPLY,1340.6666666666667,0.0
790,3.2,Orange-N,1210,1234,19.0,5.666666666666666,3.0,1350.0,0.00419753086419753,OVERSUPPLY,1344.3333333333333,0.0
790,3.2,Orange-N,1210,1234,20.0,4.166666666666667,3.0,1350.0,0.00308641975308642,OVERSUPPLY,1345.8333333333333,0.0
790,3.2,Orange-N,1210,1234,21.0,2.3333333333333335,3.0,1350.0,0.0017283950617283952,OVERSUPPLY,1347.6666666666667,0.0
790,3.2,Orange-N,1210,1234,22.0,1.6666666666666665,3.0,1350.0,0.0012345679012345679,OVERSUPPLY,1348.3333333333333,0.0
790,3.2,Orange-N,1210,1234,23.0,0.6666666666666666,3.0,1350.0,0.0004938271604938272,OVERSUPPLY,1349.3333333333333,0.0
792,3.2,Orange-N,1211,1235,6.0,7.0,3.0,1350.0,0.005185185185185185,OVERSUPPLY,1343.0,0.0
792,3.2,Orange-N,1211,1235,7.0,6.833333333333333,3.0,1350.0,0.005061728395061728,OVERSUPPLY,1343.1666666666667,0.0
792,3.2,Orange-N,1211,1235,8.0,6.5,3.0,1350.0,0.004814814814814815,OVERSUPPLY,1343.5,0.0
792,3.2,Orange-N,1211,1235,9.0,2.8333333333333335,3.0,1350.0,0.0020987654320987655,OVERSUPPLY,1347.1666666666667,0.0
792,3.2,Orange-N,1211,1235,10.0,2.666666666666667,3.0,1350.0,0.0019753086419753087,OVERSUPPLY,1347.3333333333333,0.0
792,3.2,Orange-N,1211,1235,11.0,2.3333333333333335,3.0,1350.0,0.0017283950617283952,OVERSUPPLY,1347.6666666666667,0.0
792,3.2,Orange-N,1211,1235,12.0,3.0,3.0,1350.0,0.0022222222222222222,OVERSUPPLY,1347.0,0.0
792,3.2,Orange-N,1211,1235,13.0,1.6666666666666667,3.0,1350.0,0.0012345679012345679,OVERSUPPLY,1348.3333333333333,0.0
792,3.2,Orange-N,1211,1235,14.0,3.8333333333333335,3.0,1350.0,0.0028395061728395065,OVERSUPPLY,1346.1666666666667,0.0
792,3.2,Orange-N,1211,1235,15.0,8.5,3.0,1350.0,0.006296296296296296,OVERSUPPLY,1341.5,0.0
792,3.2,Orange-N,1211,1235,16.0,7.666666666666667,3.0,1350.0,0.005679012345679013,OVERSUPPLY,1342.3333333333333,0.0
792,3.2,Orange-N,1211,1235,17.0,8.166666666666668,3.0,1350.0,0.006049382716049384,OVERSUPPLY,1341.8333333333333,0.0
792,3.2,Orange-N,1211,1235,18.0,7.833333333333334,3.0,1350.0,0.005802469135802469,OVERSUPPLY,1342.1666666666667,0.0
792,3.2,Orange-N,1211,1235,19.0,3.333333333333333,3.0,1350.0,0.0024691358024691358,OVERSUPPLY,1346.6666666666667,0.0
792,3.2,Orange-N,1211,1235,20.0,2.166666666666667,3.0,1350.0,0.0016049382716049384,OVERSUPPLY,1347.8333333333333,0.0
792,3.2,Orange-N,1211,1235,21.0,1.0,3.0,1350.0,0.0007407407407407407,OVERSUPPLY,1349.0,0.0
792,3.2,Orange-N,1211,1235,22.0,0.6666666666666666,3.0,1350.0,0.0004938271604938272,OVERSUPPLY,1349.3333333333333,0.0
792,3.2,Orange-N,1211,1235,23.0,0.3333333333333333,3.0,1350.0,0.0002469135802469136,OVERSUPPLY,1349.6666666666667,0.0
796,3.2,Orange-N,1213,1243,5.0,18.5,3.0,1350.0,0.013703703703703704,OVERSUPPLY,1331.5,0.0
796,3.2,Orange-N,1213,1243,6.0,246.16666666666666,3.0,1350.0,0.18234567901234566,OVERSUPPLY,1103.8333333333333,0.0
796,3.2,Orange-N,1213,1243,7.0,488.6666666666667,3.0,1350.0,0.3619753086419753,BALANCED,861.3333333333333,0.0
796,3.2,Orange-N,1213,1243,8.0,1181.6666666666667,3.0,1350.0,0.8753086419753087,CROWDED,168.33333333333326,0.0
796,3.2,Orange-N,1213,1243,9.0,1306.1666666666667,3.0,1350.0,0.9675308641975309,CROWDED,43.83333333333326,0.0
796,3.2,Orange-N,1213,1243,10.0,524.6666666666666,3.0,1350.0,0.388641975308642,BALANCED,825.3333333333334,0.0
796,3.2,Orange-N,1213,1243,11.0,200.5,3.0,1350.0,0.14851851851851852,OVERSUPPLY,1149.5,0.0
796,3.2,Orange-N,1213,1243,12.0,130.16666666666666,3.0,1350.0,0.09641975308641974,OVERSUPPLY,1219.8333333333333,0.0
796,3.2,Orange-N,1213,1243,13.0,100.83333333333333,3.0,1350.0,0.07469135802469136,OVERSUPPLY,1249.1666666666667,0.0
796,3.2,Orange-N,1213,1243,14.0,100.83333333333333,3.0,1350.0,0.07469135802469136,OVERSUPPLY,1249.1666666666667,0.0
796,3.2,Orange-N,1213,1243,15.0,124.5,3.0,1350.0,0.09222222222222222,OVERSUPPLY,1225.5,0.0
796,3.2,Orange-N,1213,1243,16.0,199.33333333333334,3.0,1350.0,0.14765432098765433,OVERSUPPLY,1150.6666666666667,0.0
796,3.2,Orange-N,1213,1243,17.0,310.0,3.0,1350.0,0.22962962962962963,BALANCED,1040.0,0.0
796,3.2,Orange-N,1213,1243,18.0,316.0,3.0,1350.0,0.23407407407407407,BALANCED,1034.0,0.0
796,3.2,Orange-N,1213,1243,19.0,197.0,3.0,1350.0,0.14592592592592593,OVERSUPPLY,1153.0,0.0
796,3.2,Orange-N,1213,1243,20.0,92.33333333333333,3.0,1350.0,0.06839506172839506,OVERSUPPLY,1257.6666666666667,0.0
796,3.2,Orange-N,1213,1243,21.0,55.333333333333336,3.0,1350.0,0.04098765432098766,OVERSUPPLY,1294.6666666666667,0.0
796,3.2,Orange-N,1213,1243,22.0,99.33333333333333,3.0,1350.0,0.07358024691358024,OVERSUPPLY,1250.6666666666667,0.0
796,3.2,Orange-N,1213,1243,23.0,35.33333333333333,3.0,1350.0,0.026172839506172836,OVERSUPPLY,1314.6666666666667,0.0
798,3.2,Orange-N,1214,1244,5.0,11.333333333333334,3.0,1350.0,0.008395061728395062,OVERSUPPLY,1338.6666666666667,0.0
798,3.2,Orange-N,1214,1244,6.0,84.16666666666667,3.0,1350.0,0.06234567901234568,OVERSUPPLY,1265.8333333333333,0.0
798,3.2,Orange-N,1214,1244,7.0,186.5,3.0,1350.0,0.13814814814814816,OVERSUPPLY,1163.5,0.0
798,3.2,Orange-N,1214,1244,8.0,402.5,3.0,1350.0,0.29814814814814816,BALANCED,947.5,0.0
798,3.2,Orange-N,1214,1244,9.0,519.0,3.0,1350.0,0.3844444444444444,BALANCED,831.0,0.0
798,3.2,Orange-N,1214,1244,10.0,205.33333333333334,3.0,1350.0,0.15209876543209877,OVERSUPPLY,1144.6666666666667,0.0
798,3.2,Orange-N,1214,1244,11.0,67.5,3.0,1350.0,0.05,OVERSUPPLY,1282.5,0.0
798,3.2,Orange-N,1214,1244,12.0,54.33333333333333,3.0,1350.0,0.04024691358024691,OVERSUPPLY,1295.6666666666667,0.0
798,3.2,Orange-N,1214,1244,13.0,46.166666666666664,3.0,1350.0,0.03419753086419753,OVERSUPPLY,1303.8333333333333,0.0
798,3.2,Orange-N,1214,1244,14.0,41.666666666666664,3.0,1350.0,0.030864197530864196,OVERSUPPLY,1308.3333333333333,0.0
798,3.2,Orange-N,1214,1244,15.0,52.833333333333336,3.0,1350.0,0.039135802469135804,OVERSUPPLY,1297.1666666666667,0.0
798,3.2,Orange-N,1214,1244,16.0,84.66666666666667,3.0,1350.0,0.06271604938271605,OVERSUPPLY,1265.3333333333333,0.0
798,3.2,Orange-N,1214,1244,17.0,128.16666666666669,3.0,1350.0,0.09493827160493828,OVERSUPPLY,1221.8333333333333,0.0
798,3.2,Orange-N,1214,1244,18.0,101.66666666666667,3.0,1350.0,0.07530864197530865,OVERSUPPLY,1248.3333333333333,0.0
798,3.2,Orange-N,1214,1244,19.0,54.166666666666664,3.0,1350.0,0.040123456790123455,OVERSUPPLY,1295.8333333333333,0.0
798,3.2,Orange-N,1214,1244,20.0,24.833333333333332,3.0,1350.0,0.01839506172839506,OVERSUPPLY,1325.1666666666667,0.0
798,3.2,Orange-N,1214,1244,21.0,17.5,3.0,1350.0,0.012962962962962963,OVERSUPPLY,1332.5,0.0
798,3.2,Orange-N,1214,1244,22.0,69.0,3.0,1350.0,0.051111111111111114,OVERSUPPLY,1281.0,0.0
798,3.2,Orange-N,1214,1244,23.0,17.166666666666664,3.0,1350.0,0.012716049382716048,OVERSUPPLY,1332.8333333333333,0.0
800,3.2,Orange-N,1215,1221,5.0,187.16666666666666,3.0,1350.0,0.13864197530864197,OVERSUPPLY,1162.8333333333333,0.0
800,3.2,Orange-N,1215,1221,6.0,703.3333333333334,3.0,1350.0,0.5209876543209877,BALANCED,646.6666666666666,0.0
800,3.2,Orange-N,1215,1221,7.0,1576.1666666666667,3.0,1350.0,1.1675308641975308,UNDERSUPPLY,0.0,226.16666666666674
800,3.2,Orange-N,1215,1221,8.0,2068.1666666666665,3.0,1350.0,1.5319753086419752,UNDERSUPPLY,0.0,718.1666666666665
800,3.2,Orange-N,1215,1221,9.0,1436.0,3.0,1350.0,1.0637037037037036,UNDERSUPPLY,0.0,86.0
800,3.2,Orange-N,1215,1221,10.0,648.5,3.0,1350.0,0.4803703703703704,BALANCED,701.5,0.0
800,3.2,Orange-N,1215,1221,11.0,308.6666666666667,3.0,1350.0,0.228641975308642,BALANCED,1041.3333333333333,0.0
800,3.2,Orange-N,1215,1221,12.0,272.5,3.0,1350.0,0.20185185185185187,BALANCED,1077.5,0.0
800,3.2,Orange-N,1215,1221,13.0,241.66666666666666,3.0,1350.0,0.17901234567901234,OVERSUPPLY,1108.3333333333333,0.0
800,3.2,Orange-N,1215,1221,14.0,233.0,3.0,1350.0,0.1725925925925926,OVERSUPPLY,1117.0,0.0
800,3.2,Orange-N,1215,1221,15.0,258.8333333333333,3.0,1350.0,0.19172839506172837,OVERSUPPLY,1091.1666666666667,0.0
800,3.2,Orange-N,1215,1221,16.0,312.3333333333333,3.0,1350.0,0.23135802469135802,BALANCED,1037.6666666666667,0.0
800,3.2,Orange-N,1215,1221,17.0,436.0,3.0,1350.0,0.32296296296296295,BALANCED,914.0,0.0
800,3.2,Orange-N,1215,1221,18.0,414.8333333333333,3.0,1350.0,0.3072839506172839,BALANCED,935.1666666666667,0.0
800,3.2,Orange-N,1215,1221,19.0,213.83333333333334,3.0,1350.0,0.15839506172839507,OVERSUPPLY,1136.1666666666667,0.0
800,3.2,Orange-N,1215,1221,20.0,129.83333333333334,3.0,1350.0,0.09617283950617285,OVERSUPPLY,1220.1666666666667,0.0
800,3.2,Orange-N,1215,1221,21.0,84.5,3.0,1350.0,0.06259259259259259,OVERSUPPLY,1265.5,0.0
800,3.2,Orange-N,1215,1221,22.0,84.5,3.0,1350.0,0.06259259259259259,OVERSUPPLY,1265.5,0.0
800,3.2,Orange-N,1215,1221,23.0,76.83333333333333,3.0,1350.0,0.05691358024691358,OVERSUPPLY,1273.1666666666667,0.0
802,3.2,Orange-N,1216,1222,5.0,147.16666666666666,3.0,1350.0,0.10901234567901234,OVERSUPPLY,1202.8333333333333,0.0
802,3.2,Orange-N,1216,1222,6.0,871.3333333333334,3.0,1350.0,0.6454320987654322,BALANCED,478.66666666666663,0.0
802,3.2,Orange-N,1216,1222,7.0,1890.6666666666667,3.0,1350.0,1.4004938271604939,UNDERSUPPLY,0.0,540.6666666666667
802,3.2,Orange-N,1216,1222,8.0,2923.6666666666665,3.0,1350.0,2.165679012345679,UNDERSUPPLY,0.0,1573.6666666666665
802,3.2,Orange-N,1216,1222,9.0,2430.5,3.0,1350.0,1.8003703703703704,UNDERSUPPLY,0.0,1080.5
802,3.2,Orange-N,1216,1222,10.0,1014.8333333333334,3.0,1350.0,0.7517283950617284,BALANCED,335.16666666666663,0.0
802,3.2,Orange-N,1216,1222,11.0,430.0,3.0,1350.0,0.31851851851851853,BALANCED,920.0,0.0
802,3.2,Orange-N,1216,1222,12.0,342.6666666666667,3.0,1350.0,0.2538271604938272,BALANCED,1007.3333333333333,0.0
802,3.2,Orange-N,1216,1222,13.0,280.0,3.0,1350.0,0.2074074074074074,BALANCED,1070.0,0.0
802,3.2,Orange-N,1216,1222,14.0,260.1666666666667,3.0,1350.0,0.19271604938271605,OVERSUPPLY,1089.8333333333333,0.0
802,3.2,Orange-N,1216,1222,15.0,279.8333333333333,3.0,1350.0,0.20728395061728394,BALANCED,1070.1666666666667,0.0
802,3.2,Orange-N,1216,1222,16.0,366.1666666666667,3.0,1350.0,0.27123456790123457,BALANCED,983.8333333333333,0.0
802,3.2,Orange-N,1216,1222,17.0,522.3333333333334,3.0,1350.0,0.38691358024691364,BALANCED,827.6666666666666,0.0
802,3.2,Orange-N,1216,1222,18.0,538.0,3.0,1350.0,0.3985185185185185,BALANCED,812.0,0.0
802,3.2,Orange-N,1216,1222,19.0,302.8333333333333,3.0,1350.0,0.22432098765432099,BALANCED,1047.1666666666667,0.0
802,3.2,Orange-N,1216,1222,20.0,170.66666666666666,3.0,1350.0,0.12641975308641976,OVERSUPPLY,1179.3333333333333,0.0
802,3.2,Orange-N,1216,1222,21.0,105.16666666666667,3.0,1350.0,0.07790123456790124,OVERSUPPLY,1244.8333333333333,0.0
802,3.2,Orange-N,1216,1222,22.0,102.83333333333333,3.0,1350.0,0.07617283950617283,OVERSUPPLY,1247.1666666666667,0.0
802,3.2,Orange-N,1216,1222,23.0,73.83333333333333,3.0,1350.0,0.054691358024691356,OVERSUPPLY,1276.1666666666667,0.0
804,3.2,Orange-N,1217,1223,5.0,17.166666666666668,3.0,1350.0,0.01271604938271605,OVERSUPPLY,1332.8333333333333,0.0
804,3.2,Orange-N,1217,1223,6.0,162.0,3.0,1350.0,0.12,OVERSUPPLY,1188.0,0.0
804,3.2,Orange-N,1217,1223,7.0,388.83333333333337,3.0,1350.0,0.2880246913580247,BALANCED,961.1666666666666,0.0
804,3.2,Orange-N,1217,1223,8.0,654.5,3.0,1350.0,0.4848148148148148,BALANCED,695.5,0.0
804,3.2,Orange-N,1217,1223,9.0,776.6666666666666,3.0,1350.0,0.5753086419753086,BALANCED,573.3333333333334,0.0
804,3.2,Orange-N,1217,1223,10.0,299.6666666666667,3.0,1350.0,0.22197530864197532,BALANCED,1050.3333333333333,0.0
804,3.2,Orange-N,1217,1223,11.0,92.33333333333333,3.0,1350.0,0.06839506172839506,OVERSUPPLY,1257.6666666666667,0.0
804,3.2,Orange-N,1217,1223,12.0,60.666666666666664,3.0,1350.0,0.04493827160493827,OVERSUPPLY,1289.3333333333333,0.0
804,3.2,Orange-N,1217,1223,13.0,36.833333333333336,3.0,1350.0,0.02728395061728395,OVERSUPPLY,1313.1666666666667,0.0
804,3.2,Orange-N,1217,1223,14.0,30.333333333333332,3.0,1350.0,0.022469135802469134,OVERSUPPLY,1319.6666666666667,0.0
804,3.2,Orange-N,1217,1223,15.0,33.166666666666664,3.0,1350.0,0.0245679012345679,OVERSUPPLY,1316.8333333333333,0.0
804,3.2,Orange-N,1217,1223,16.0,51.333333333333336,3.0,1350.0,0.03802469135802469,OVERSUPPLY,1298.6666666666667,0.0
804,3.2,Orange-N,1217,1223,17.0,77.83333333333333,3.0,1350.0,0.057654320987654314,OVERSUPPLY,1272.1666666666667,0.0
804,3.2,Orange-N,1217,1223,18.0,81.5,3.0,1350.0,0.06037037037037037,OVERSUPPLY,1268.5,0.0
804,3.2,Orange-N,1217,1223,19.0,47.166666666666664,3.0,1350.0,0.03493827160493827,OVERSUPPLY,1302.8333333333333,0.0
804,3.2,Orange-N,1217,1223,20.0,23.333333333333332,3.0,1350.0,0.01728395061728395,OVERSUPPLY,1326.6666666666667,0.0
804,3.2,Orange-N,1217,1223,21.0,16.5,3.0,1350.0,0.012222222222222223,OVERSUPPLY,1333.5,0.0
804,3.2,Orange-N,1217,1223,22.0,14.5,3.0,1350.0,0.01074074074074074,OVERSUPPLY,1335.5,0.0
804,3.2,Orange-N,1217,1223,23.0,6.166666666666666,3.0,1350.0,0.004567901234567901,OVERSUPPLY,1343.8333333333333,0.0
806,3.2,Orange-N,1218,1200,5.0,62.5,3.0,1350.0,0.046296296296296294,OVERSUPPLY,1287.5,0.0
806,3.2,Orange-N,1218,1200,6.0,236.5,3.0,1350.0,0.1751851851851852,OVERSUPPLY,1113.5,0.0
806,3.2,Orange-N,1218,1200,7.0,455.0,3.0,1350.0,0.337037037037037,BALANCED,895.0,0.0
806,3.2,Orange-N,1218,1200,8.0,538.5,3.0,1350.0,0.3988888888888889,BALANCED,811.5,0.0
806,3.2,Orange-N,1218,1200,9.0,302.1666666666667,3.0,1350.0,0.22382716049382717,BALANCED,1047.8333333333333,0.0
806,3.2,Orange-N,1218,1200,10.0,143.33333333333334,3.0,1350.0,0.10617283950617284,OVERSUPPLY,1206.6666666666667,0.0
806,3.2,Orange-N,1218,1200,11.0,74.5,3.0,1350.0,0.055185185185185184,OVERSUPPLY,1275.5,0.0
806,3.2,Orange-N,1218,1200,12.0,81.66666666666667,3.0,1350.0,0.060493827160493834,OVERSUPPLY,1268.3333333333333,0.0
806,3.2,Orange-N,1218,1200,13.0,79.0,3.0,1350.0,0.05851851851851852,OVERSUPPLY,1271.0,0.0
806,3.2,Orange-N,1218,1200,14.0,89.83333333333333,3.0,1350.0,0.0665432098765432,OVERSUPPLY,1260.1666666666667,0.0
806,3.2,Orange-N,1218,1200,15.0,95.16666666666666,3.0,1350.0,0.07049382716049382,OVERSUPPLY,1254.8333333333333,0.0
806,3.2,Orange-N,1218,1200,16.0,114.33333333333333,3.0,1350.0,0.08469135802469135,OVERSUPPLY,1235.6666666666667,0.0
806,3.2,Orange-N,1218,1200,17.0,149.0,3.0,1350.0,0.11037037037037037,OVERSUPPLY,1201.0,0.0
806,3.2,Orange-N,1218,1200,18.0,144.5,3.0,1350.0,0.10703703703703704,OVERSUPPLY,1205.5,0.0
806,3.2,Orange-N,1218,1200,19.0,81.16666666666667,3.0,1350.0,0.06012345679012346,OVERSUPPLY,1268.8333333333333,0.0
806,3.2,Orange-N,1218,1200,20.0,39.333333333333336,3.0,1350.0,0.029135802469135805,OVERSUPPLY,1310.6666666666667,0.0
806,3.2,Orange-N,1218,1200,21.0,31.5,3.0,1350.0,0.023333333333333334,OVERSUPPLY,1318.5,0.0
806,3.2,Orange-N,1218,1200,22.0,20.333333333333332,3.0,1350.0,0.015061728395061728,OVERSUPPLY,1329.6666666666667,0.0
806,3.2,Orange-N,1218,1200,23.0,10.333333333333334,3.0,1350.0,0.007654320987654321,OVERSUPPLY,1339.6666666666667,0.0
808,3.2,Orange-N,1219,1201,5.0,90.33333333333333,3.0,1350.0,0.06691358024691357,OVERSUPPLY,1259.6666666666667,0.0
808,3.2,Orange-N,1219,1201,6.0,600.1666666666666,3.0,1350.0,0.44456790123456785,BALANCED,749.8333333333334,0.0
808,3.2,Orange-N,1219,1201,7.0,1198.6666666666667,3.0,1350.0,0.8879012345679013,CROWDED,151.33333333333326,0.0
808,3.2,Orange-N,1219,1201,8.0,2065.6666666666665,3.0,1350.0,1.5301234567901234,UNDERSUPPLY,0.0,715.6666666666665
808,3.2,Orange-N,1219,1201,9.0,1947.5,3.0,1350.0,1.4425925925925926,UNDERSUPPLY,0.0,597.5
808,3.2,Orange-N,1219,1201,10.0,803.0,3.0,1350.0,0.5948148148148148,BALANCED,547.0,0.0
808,3.2,Orange-N,1219,1201,11.0,317.8333333333333,3.0,1350.0,0.23543209876543209,BALANCED,1032.1666666666667,0.0
808,3.2,Orange-N,1219,1201,12.0,232.83333333333334,3.0,1350.0,0.17246913580246914,OVERSUPPLY,1117.1666666666667,0.0
808,3.2,Orange-N,1219,1201,13.0,194.0,3.0,1350.0,0.1437037037037037,OVERSUPPLY,1156.0,0.0
808,3.2,Orange-N,1219,1201,14.0,192.33333333333334,3.0,1350.0,0.14246913580246914,OVERSUPPLY,1157.6666666666667,0.0
808,3.2,Orange-N,1219,1201,15.0,211.5,3.0,1350.0,0.15666666666666668,OVERSUPPLY,1138.5,0.0
808,3.2,Orange-N,1219,1201,16.0,309.3333333333333,3.0,1350.0,0.22913580246913579,BALANCED,1040.6666666666667,0.0
808,3.2,Orange-N,1219,1201,17.0,447.5,3.0,1350.0,0.3314814814814815,BALANCED,902.5,0.0
808,3.2,Orange-N,1219,1201,18.0,472.1666666666667,3.0,1350.0,0.3497530864197531,BALANCED,877.8333333333333,0.0
808,3.2,Orange-N,1219,1201,19.0,285.5,3.0,1350.0,0.2114814814814815,BALANCED,1064.5,0.0
808,3.2,Orange-N,1219,1201,20.0,132.16666666666666,3.0,1350.0,0.09790123456790123,OVERSUPPLY,1217.8333333333333,0.0
808,3.2,Orange-N,1219,1201,21.0,88.5,3.0,1350.0,0.06555555555555556,OVERSUPPLY,1261.5,0.0
808,3.2,Orange-N,1219,1201,22.0,66.33333333333333,3.0,1350.0,0.0491358024691358,OVERSUPPLY,1283.6666666666667,0.0
808,3.2,Orange-N,1219,1201,23.0,37.666666666666664,3.0,1350.0,0.027901234567901233,OVERSUPPLY,1312.3333333333333,0.0
810,3.2,Orange-N,1220,1202,5.0,21.833333333333332,3.0,1350.0,0.016172839506172838,OVERSUPPLY,1328.1666666666667,0.0
810,3.2,Orange-N,1220,1202,6.0,182.83333333333334,3.0,1350.0,0.1354320987654321,OVERSUPPLY,1167.1666666666667,0.0
810,3.2,Orange-N,1220,1202,7.0,419.3333333333333,3.0,1350.0,0.3106172839506173,BALANCED,930.6666666666667,0.0
810,3.2,Orange-N,1220,1202,8.0,697.3333333333334,3.0,1350.0,0.5165432098765432,BALANCED,652.6666666666666,0.0
810,3.2,Orange-N,1220,1202,9.0,807.1666666666666,3.0,1350.0,0.5979012345679012,BALANCED,542.8333333333334,0.0
810,3.2,Orange-N,1220,1202,10.0,315.1666666666667,3.0,1350.0,0.2334567901234568,BALANCED,1034.8333333333333,0.0
810,3.2,Orange-N,1220,1202,11.0,103.66666666666667,3.0,1350.0,0.07679012345679012,OVERSUPPLY,1246.3333333333333,0.0
810,3.2,Orange-N,1220,1202,12.0,74.16666666666667,3.0,1350.0,0.05493827160493828,OVERSUPPLY,1275.8333333333333,0.0
810,3.2,Orange-N,1220,1202,13.0,60.5,3.0,1350.0,0.044814814814814814,OVERSUPPLY,1289.5,0.0
810,3.2,Orange-N,1220,1202,14.0,49.666666666666664,3.0,1350.0,0.03679012345679012,OVERSUPPLY,1300.3333333333333,0.0
810,3.2,Orange-N,1220,1202,15.0,58.5,3.0,1350.0,0.043333333333333335,OVERSUPPLY,1291.5,0.0
810,3.2,Orange-N,1220,1202,16.0,98.66666666666667,3.0,1350.0,0.07308641975308643,OVERSUPPLY,1251.3333333333333,0.0
810,3.2,Orange-N,1220,1202,17.0,154.5,3.0,1350.0,0.11444444444444445,OVERSUPPLY,1195.5,0.0
810,3.2,Orange-N,1220,1202,18.0,141.0,3.0,1350.0,0.10444444444444445,OVERSUPPLY,1209.0,0.0
810,3.2,Orange-N,1220,1202,19.0,86.5,3.0,1350.0,0.06407407407407407,OVERSUPPLY,1263.5,0.0
810,3.2,Orange-N,1220,1202,20.0,38.333333333333336,3.0,1350.0,0.028395061728395062,OVERSUPPLY,1311.6666666666667,0.0
810,3.2,Orange-N,1220,1202,21.0,28.166666666666668,3.0,1350.0,0.020864197530864197,OVERSUPPLY,1321.8333333333333,0.0
810,3.2,Orange-N,1220,1202,22.0,20.333333333333332,3.0,1350.0,0.015061728395061728,OVERSUPPLY,1329.6666666666667,0.0
810,3.2,Orange-N,1220,1202,23.0,10.0,3.0,1350.0,0.007407407407407408,OVERSUPPLY,1340.0,0.0
812,3.2,Orange-N,1221,1191,5.0,56.666666666666664,3.0,1350.0,0.04197530864197531,OVERSUPPLY,1293.3333333333333,0.0
812,3.2,Orange-N,1221,1191,6.0,300.0,3.0,1350.0,0.2222222222222222,BALANCED,1050.0,0.0
812,3.2,Orange-N,1221,1191,7.0,783.6666666666666,3.0,1350.0,0.5804938271604938,BALANCED,566.3333333333334,0.0
812,3.2,Orange-N,1221,1191,8.0,949.0,3.0,1350.0,0.702962962962963,BALANCED,401.0,0.0
812,3.2,Orange-N,1221,1191,9.0,548.0,3.0,1350.0,0.4059259259259259,BALANCED,802.0,0.0
812,3.2,Orange-N,1221,1191,10.0,290.0,3.0,1350.0,0.21481481481481482,BALANCED,1060.0,0.0
812,3.2,Orange-N,1221,1191,11.0,186.0,3.0,1350.0,0.13777777777777778,OVERSUPPLY,1164.0,0.0
812,3.2,Orange-N,1221,1191,12.0,198.5,3.0,1350.0,0.14703703703703705,OVERSUPPLY,1151.5,0.0
812,3.2,Orange-N,1221,1191,13.0,192.0,3.0,1350.0,0.14222222222222222,OVERSUPPLY,1158.0,0.0
812,3.2,Orange-N,1221,1191,14.0,195.66666666666666,3.0,1350.0,0.14493827160493827,OVERSUPPLY,1154.3333333333333,0.0
812,3.2,Orange-N,1221,1191,15.0,234.83333333333334,3.0,1350.0,0.17395061728395061,OVERSUPPLY,1115.1666666666667,0.0
812,3.2,Orange-N,1221,1191,16.0,303.8333333333333,3.0,1350.0,0.22506172839506172,BALANCED,1046.1666666666667,0.0
812,3.2,Orange-N,1221,1191,17.0,398.3333333333333,3.0,1350.0,0.29506172839506173,BALANCED,951.6666666666667,0.0
812,3.2,Orange-N,1221,1191,18.0,350.6666666666667,3.0,1350.0,0.2597530864197531,BALANCED,999.3333333333333,0.0
812,3.2,Orange-N,1221,1191,19.0,190.33333333333334,3.0,1350.0,0.14098765432098767,OVERSUPPLY,1159.6666666666667,0.0
812,3.2,Orange-N,1221,1191,20.0,125.83333333333333,3.0,1350.0,0.09320987654320988,OVERSUPPLY,1224.1666666666667,0.0
812,3.2,Orange-N,1221,1191,21.0,80.33333333333333,3.0,1350.0,0.05950617283950617,OVERSUPPLY,1269.6666666666667,0.0
812,3.2,Orange-N,1221,1191,22.0,70.16666666666667,3.0,1350.0,0.05197530864197531,OVERSUPPLY,1279.8333333333333,0.0
812,3.2,Orange-N,1221,1191,23.0,60.5,3.0,1350.0,0.044814814814814814,OVERSUPPLY,1289.5,0.0
814,3.2,Orange-N,1222,1192,5.0,70.16666666666667,3.0,1350.0,0.05197530864197531,OVERSUPPLY,1279.8333333333333,0.0
814,3.2,Orange-N,1222,1192,6.0,385.0,3.0,1350.0,0.2851851851851852,BALANCED,965.0,0.0
814,3.2,Orange-N,1222,1192,7.0,1019.8333333333334,3.0,1350.0,0.7554320987654322,BALANCED,330.16666666666663,0.0
814,3.2,Orange-N,1222,1192,8.0,1309.0,3.0,1350.0,0.9696296296296296,CROWDED,41.0,0.0
814,3.2,Orange-N,1222,1192,9.0,812.0,3.0,1350.0,0.6014814814814815,BALANCED,538.0,0.0
814,3.2,Orange-N,1222,1192,10.0,371.5,3.0,1350.0,0.2751851851851852,BALANCED,978.5,0.0
814,3.2,Orange-N,1222,1192,11.0,231.5,3.0,1350.0,0.17148148148148148,OVERSUPPLY,1118.5,0.0
814,3.2,Orange-N,1222,1192,12.0,230.66666666666666,3.0,1350.0,0.17086419753086418,OVERSUPPLY,1119.3333333333333,0.0
814,3.2,Orange-N,1222,1192,13.0,206.33333333333334,3.0,1350.0,0.1528395061728395,OVERSUPPLY,1143.6666666666667,0.0
814,3.2,Orange-N,1222,1192,14.0,205.66666666666666,3.0,1350.0,0.15234567901234566,OVERSUPPLY,1144.3333333333333,0.0
814,3.2,Orange-N,1222,1192,15.0,240.66666666666666,3.0,1350.0,0.1782716049382716,OVERSUPPLY,1109.3333333333333,0.0
814,3.2,Orange-N,1222,1192,16.0,334.1666666666667,3.0,1350.0,0.24753086419753087,BALANCED,1015.8333333333333,0.0
814,3.2,Orange-N,1222,1192,17.0,433.5,3.0,1350.0,0.3211111111111111,BALANCED,916.5,0.0
814,3.2,Orange-N,1222,1192,18.0,420.8333333333333,3.0,1350.0,0.3117283950617284,BALANCED,929.1666666666667,0.0
814,3.2,Orange-N,1222,1192,19.0,259.3333333333333,3.0,1350.0,0.19209876543209875,OVERSUPPLY,1090.6666666666667,0.0
814,3.2,Orange-N,1222,1192,20.0,149.16666666666666,3.0,1350.0,0.11049382716049382,OVERSUPPLY,1200.8333333333333,0.0
814,3.2,Orange-N,1222,1192,21.0,93.0,3.0,1350.0,0.06888888888888889,OVERSUPPLY,1257.0,0.0
814,3.2,Orange-N,1222,1192,22.0,78.83333333333333,3.0,1350.0,0.05839506172839506,OVERSUPPLY,1271.1666666666667,0.0
814,3.2,Orange-N,1222,1192,23.0,67.16666666666666,3.0,1350.0,0.04975308641975308,OVERSUPPLY,1282.8333333333333,0.0
816,3.2,Orange-N,1223,1193,5.0,13.166666666666668,3.0,1350.0,0.009753086419753088,OVERSUPPLY,1336.8333333333333,0.0
816,3.2,Orange-N,1223,1193,6.0,53.333333333333336,3.0,1350.0,0.03950617283950617,OVERSUPPLY,1296.6666666666667,0.0
816,3.2,Orange-N,1223,1193,7.0,154.5,3.0,1350.0,0.11444444444444445,OVERSUPPLY,1195.5,0.0
816,3.2,Orange-N,1223,1193,8.0,228.66666666666666,3.0,1350.0,0.1693827160493827,OVERSUPPLY,1121.3333333333333,0.0
816,3.2,Orange-N,1223,1193,9.0,192.0,3.0,1350.0,0.14222222222222222,OVERSUPPLY,1158.0,0.0
816,3.2,Orange-N,1223,1193,10.0,60.5,3.0,1350.0,0.044814814814814814,OVERSUPPLY,1289.5,0.0
816,3.2,Orange-N,1223,1193,11.0,25.833333333333332,3.0,1350.0,0.0191358024691358,OVERSUPPLY,1324.1666666666667,0.0
816,3.2,Orange-N,1223,1193,12.0,26.5,3.0,1350.0,0.01962962962962963,OVERSUPPLY,1323.5,0.0
816,3.2,Orange-N,1223,1193,13.0,16.0,3.0,1350.0,0.011851851851851851,OVERSUPPLY,1334.0,0.0
816,3.2,Orange-N,1223,1193,14.0,12.333333333333334,3.0,1350.0,0.009135802469135803,OVERSUPPLY,1337.6666666666667,0.0
816,3.2,Orange-N,1223,1193,15.0,19.166666666666668,3.0,1350.0,0.014197530864197531,OVERSUPPLY,1330.8333333333333,0.0
816,3.2,Orange-N,1223,1193,16.0,29.0,3.0,1350.0,0.02148148148148148,OVERSUPPLY,1321.0,0.0
816,3.2,Orange-N,1223,1193,17.0,46.833333333333336,3.0,1350.0,0.03469135802469136,OVERSUPPLY,1303.1666666666667,0.0
816,3.2,Orange-N,1223,1193,18.0,53.166666666666664,3.0,1350.0,0.03938271604938271,OVERSUPPLY,1296.8333333333333,0.0
816,3.2,Orange-N,1223,1193,19.0,34.666666666666664,3.0,1350.0,0.02567901234567901,OVERSUPPLY,1315.3333333333333,0.0
816,3.2,Orange-N,1223,1193,20.0,16.0,3.0,1350.0,0.011851851851851851,OVERSUPPLY,1334.0,0.0
816,3.2,Orange-N,1223,1193,21.0,10.0,3.0,1350.0,0.007407407407407408,OVERSUPPLY,1340.0,0.0
816,3.2,Orange-N,1223,1193,22.0,7.333333333333333,3.0,1350.0,0.005432098765432099,OVERSUPPLY,1342.6666666666667,0.0
816,3.2,Orange-N,1223,1193,23.0,4.0,3.0,1350.0,0.002962962962962963,OVERSUPPLY,1346.0,0.0
818,3.2,Orange-N,1224,1197,5.0,29.0,3.0,1350.0,0.02148148148148148,OVERSUPPLY,1321.0,0.0
818,3.2,Orange-N,1224,1197,6.0,207.16666666666666,3.0,1350.0,0.15345679012345678,OVERSUPPLY,1142.8333333333333,0.0
818,3.2,Orange-N,1224,1197,7.0,524.3333333333334,3.0,1350.0,0.3883950617283951,BALANCED,825.6666666666666,0.0
818,3.2,Orange-N,1224,1197,8.0,670.6666666666666,3.0,1350.0,0.4967901234567901,BALANCED,679.3333333333334,0.0
818,3.2,Orange-N,1224,1197,9.0,575.8333333333334,3.0,1350.0,0.42654320987654326,BALANCED,774.1666666666666,0.0
818,3.2,Orange-N,1224,1197,10.0,373.3333333333333,3.0,1350.0,0.2765432098765432,BALANCED,976.6666666666667,0.0
818,3.2,Orange-N,1224,1197,11.0,295.6666666666667,3.0,1350.0,0.21901234567901237,BALANCED,1054.3333333333333,0.0
818,3.2,Orange-N,1224,1197,12.0,354.3333333333333,3.0,1350.0,0.2624691358024691,BALANCED,995.6666666666667,0.0
818,3.2,Orange-N,1224,1197,13.0,424.3333333333333,3.0,1350.0,0.314320987654321,BALANCED,925.6666666666667,0.0
818,3.2,Orange-N,1224,1197,14.0,489.6666666666667,3.0,1350.0,0.36271604938271607,BALANCED,860.3333333333333,0.0
818,3.2,Orange-N,1224,1197,15.0,776.8333333333334,3.0,1350.0,0.5754320987654321,BALANCED,573.1666666666666,0.0
818,3.2,Orange-N,1224,1197,16.0,1335.8333333333333,3.0,1350.0,0.9895061728395061,CROWDED,14.166666666666742,0.0
818,3.2,Orange-N,1224,1197,17.0,1902.3333333333333,3.0,1350.0,1.4091358024691358,UNDERSUPPLY,0.0,552.3333333333333
818,3.2,Orange-N,1224,1197,18.0,1645.1666666666667,3.0,1350.0,1.218641975308642,UNDERSUPPLY,0.0,295.16666666666674
818,3.2,Orange-N,1224,1197,19.0,859.5,3.0,1350.0,0.6366666666666667,BALANCED,490.5,0.0
818,3.2,Orange-N,1224,1197,20.0,494.8333333333333,3.0,1350.0,0.3665432098765432,BALANCED,855.1666666666667,0.0
818,3.2,Orange-N,1224,1197,21.0,348.0,3.0,1350.0,0.2577777777777778,BALANCED,1002.0,0.0
818,3.2,Orange-N,1224,1197,22.0,260.8333333333333,3.0,1350.0,0.19320987654320987,OVERSUPPLY,1089.1666666666667,0.0
818,3.2,Orange-N,1224,1197,23.0,201.83333333333331,3.0,1350.0,0.14950617283950615,OVERSUPPLY,1148.1666666666667,0.0
820,3.2,Orange-N,1225,1198,5.0,19.666666666666668,3.0,1350.0,0.014567901234567903,OVERSUPPLY,1330.3333333333333,0.0
820,3.2,Orange-N,1225,1198,6.0,128.5,3.0,1350.0,0.09518518518518519,OVERSUPPLY,1221.5,0.0
820,3.2,Orange-N,1225,1198,7.0,329.8333333333333,3.0,1350.0,0.24432098765432098,BALANCED,1020.1666666666667,0.0
820,3.2,Orange-N,1225,1198,8.0,483.1666666666667,3.0,1350.0,0.35790123456790124,BALANCED,866.8333333333333,0.0
820,3.2,Orange-N,1225,1198,9.0,416.6666666666667,3.0,1350.0,0.308641975308642,BALANCED,933.3333333333333,0.0
820,3.2,Orange-N,1225,1198,10.0,264.6666666666667,3.0,1350.0,0.1960493827160494,OVERSUPPLY,1085.3333333333333,0.0
820,3.2,Orange-N,1225,1198,11.0,216.33333333333334,3.0,1350.0,0.16024691358024692,OVERSUPPLY,1133.6666666666667,0.0
820,3.2,Orange-N,1225,1198,12.0,248.33333333333334,3.0,1350.0,0.18395061728395062,OVERSUPPLY,1101.6666666666667,0.0
820,3.2,Orange-N,1225,1198,13.0,289.6666666666667,3.0,1350.0,0.21456790123456793,BALANCED,1060.3333333333333,0.0
820,3.2,Orange-N,1225,1198,14.0,313.0,3.0,1350.0,0.23185185185185186,BALANCED,1037.0,0.0
820,3.2,Orange-N,1225,1198,15.0,523.8333333333334,3.0,1350.0,0.3880246913580247,BALANCED,826.1666666666666,0.0
820,3.2,Orange-N,1225,1198,16.0,906.8333333333334,3.0,1350.0,0.6717283950617284,BALANCED,443.16666666666663,0.0
820,3.2,Orange-N,1225,1198,17.0,1296.5,3.0,1350.0,0.9603703703703703,CROWDED,53.5,0.0
820,3.2,Orange-N,1225,1198,18.0,1021.3333333333334,3.0,1350.0,0.7565432098765432,BALANCED,328.66666666666663,0.0
820,3.2,Orange-N,1225,1198,19.0,545.3333333333334,3.0,1350.0,0.40395061728395065,BALANCED,804.6666666666666,0.0
820,3.2,Orange-N,1225,1198,20.0,291.1666666666667,3.0,1350.0,0.21567901234567902,BALANCED,1058.8333333333333,0.0
820,3.2,Orange-N,1225,1198,21.0,208.83333333333334,3.0,1350.0,0.15469135802469136,OVERSUPPLY,1141.1666666666667,0.0
820,3.2,Orange-N,1225,1198,22.0,145.16666666666666,3.0,1350.0,0.10753086419753086,OVERSUPPLY,1204.8333333333333,0.0
820,3.2,Orange-N,1225,1198,23.0,136.33333333333334,3.0,1350.0,0.10098765432098766,OVERSUPPLY,1213.6666666666667,0.0
822,3.2,Orange-N,1226,1199,5.0,2.6666666666666665,3.0,1350.0,0.0019753086419753087,OVERSUPPLY,1347.3333333333333,0.0
822,3.2,Orange-N,1226,1199,6.0,11.5,3.0,1350.0,0.008518518518518519,OVERSUPPLY,1338.5,0.0
822,3.2,Orange-N,1226,1199,7.0,26.333333333333336,3.0,1350.0,0.019506172839506175,OVERSUPPLY,1323.6666666666667,0.0
822,3.2,Orange-N,1226,1199,8.0,47.666666666666664,3.0,1350.0,0.03530864197530864,OVERSUPPLY,1302.3333333333333,0.0
822,3.2,Orange-N,1226,1199,9.0,41.166666666666664,3.0,1350.0,0.030493827160493824,OVERSUPPLY,1308.8333333333333,0.0
822,3.2,Orange-N,1226,1199,10.0,20.666666666666664,3.0,1350.0,0.01530864197530864,OVERSUPPLY,1329.3333333333333,0.0
822,3.2,Orange-N,1226,1199,11.0,10.5,3.0,1350.0,0.0077777777777777776,OVERSUPPLY,1339.5,0.0
822,3.2,Orange-N,1226,1199,12.0,10.166666666666666,3.0,1350.0,0.007530864197530864,OVERSUPPLY,1339.8333333333333,0.0
822,3.2,Orange-N,1226,1199,13.0,8.333333333333334,3.0,1350.0,0.00617283950617284,OVERSUPPLY,1341.6666666666667,0.0
822,3.2,Orange-N,1226,1199,14.0,6.0,3.0,1350.0,0.0044444444444444444,OVERSUPPLY,1344.0,0.0
822,3.2,Orange-N,1226,1199,15.0,9.5,3.0,1350.0,0.007037037037037037,OVERSUPPLY,1340.5,0.0
822,3.2,Orange-N,1226,1199,16.0,13.333333333333334,3.0,1350.0,0.009876543209876543,OVERSUPPLY,1336.6666666666667,0.0
822,3.2,Orange-N,1226,1199,17.0,21.5,3.0,1350.0,0.015925925925925927,OVERSUPPLY,1328.5,0.0
822,3.2,Orange-N,1226,1199,18.0,24.0,3.0,1350.0,0.017777777777777778,OVERSUPPLY,1326.0,0.0
822,3.2,Orange-N,1226,1199,19.0,14.333333333333334,3.0,1350.0,0.010617283950617284,OVERSUPPLY,1335.6666666666667,0.0
822,3.2,Orange-N,1226,1199,20.0,6.833333333333333,3.0,1350.0,0.005061728395061728,OVERSUPPLY,1343.1666666666667,0.0
822,3.2,Orange-N,1226,1199,21.0,4.666666666666667,3.0,1350.0,0.0034567901234567903,OVERSUPPLY,1345.3333333333333,0.0
822,3.2,Orange-N,1226,1199,22.0,3.1666666666666665,3.0,1350.0,0.002345679012345679,OVERSUPPLY,1346.8333333333333,0.0
822,3.2,Orange-N,1226,1199,23.0,2.5,3.0,1350.0,0.001851851851851852,OVERSUPPLY,1347.5,0.0
826,3.2,Orange-N,1228,1231,5.0,2.1666666666666665,3.0,1350.0,0.0016049382716049382,OVERSUPPLY,1347.8333333333333,0.0
826,3.2,Orange-N,1228,1231,6.0,108.0,3.0,1350.0,0.08,OVERSUPPLY,1242.0,0.0
826,3.2,Orange-N,1228,1231,7.0,174.16666666666666,3.0,1350.0,0.12901234567901235,OVERSUPPLY,1175.8333333333333,0.0
826,3.2,Orange-N,1228,1231,8.0,177.5,3.0,1350.0,0.13148148148148148,OVERSUPPLY,1172.5,0.0
826,3.2,Orange-N,1228,1231,9.0,118.83333333333333,3.0,1350.0,0.08802469135802468,OVERSUPPLY,1231.1666666666667,0.0
826,3.2,Orange-N,1228,1231,10.0,126.0,3.0,1350.0,0.09333333333333334,OVERSUPPLY,1224.0,0.0
826,3.2,Orange-N,1228,1231,11.0,169.16666666666666,3.0,1350.0,0.12530864197530864,OVERSUPPLY,1180.8333333333333,0.0
826,3.2,Orange-N,1228,1231,12.0,229.83333333333331,3.0,1350.0,0.1702469135802469,OVERSUPPLY,1120.1666666666667,0.0
826,3.2,Orange-N,1228,1231,13.0,315.0,3.0,1350.0,0.23333333333333334,BALANCED,1035.0,0.0
826,3.2,Orange-N,1228,1231,14.0,421.6666666666667,3.0,1350.0,0.31234567901234567,BALANCED,928.3333333333333,0.0
826,3.2,Orange-N,1228,1231,15.0,775.1666666666666,3.0,1350.0,0.5741975308641974,BALANCED,574.8333333333334,0.0
826,3.2,Orange-N,1228,1231,16.0,1239.8333333333333,3.0,1350.0,0.918395061728395,CROWDED,110.16666666666674,0.0
826,3.2,Orange-N,1228,1231,17.0,1716.1666666666667,3.0,1350.0,1.2712345679012347,UNDERSUPPLY,0.0,366.16666666666674
826,3.2,Orange-N,1228,1231,18.0,1399.1666666666667,3.0,1350.0,1.0364197530864199,UNDERSUPPLY,0.0,49.16666666666674
826,3.2,Orange-N,1228,1231,19.0,781.6666666666666,3.0,1350.0,0.5790123456790123,BALANCED,568.3333333333334,0.0
826,3.2,Orange-N,1228,1231,20.0,445.8333333333333,3.0,1350.0,0.3302469135802469,BALANCED,904.1666666666667,0.0
826,3.2,Orange-N,1228,1231,21.0,323.6666666666667,3.0,1350.0,0.2397530864197531,BALANCED,1026.3333333333333,0.0
826,3.2,Orange-N,1228,1231,22.0,253.83333333333334,3.0,1350.0,0.1880246913580247,OVERSUPPLY,1096.1666666666667,0.0
826,3.2,Orange-N,1228,1231,23.0,154.0,3.0,1350.0,0.11407407407407408,OVERSUPPLY,1196.0,0.0
828,3.2,Orange-N,1229,1232,5.0,1.5,3.0,1350.0,0.0011111111111111111,OVERSUPPLY,1348.5,0.0
828,3.2,Orange-N,1229,1232,6.0,72.16666666666667,3.0,1350.0,0.05345679012345679,OVERSUPPLY,1277.8333333333333,0.0
828,3.2,Orange-N,1229,1232,7.0,120.0,3.0,1350.0,0.08888888888888889,OVERSUPPLY,1230.0,0.0
828,3.2,Orange-N,1229,1232,8.0,128.83333333333334,3.0,1350.0,0.0954320987654321,OVERSUPPLY,1221.1666666666667,0.0
828,3.2,Orange-N,1229,1232,9.0,85.16666666666667,3.0,1350.0,0.06308641975308642,OVERSUPPLY,1264.8333333333333,0.0
828,3.2,Orange-N,1229,1232,10.0,90.5,3.0,1350.0,0.06703703703703703,OVERSUPPLY,1259.5,0.0
828,3.2,Orange-N,1229,1232,11.0,122.33333333333333,3.0,1350.0,0.09061728395061729,OVERSUPPLY,1227.6666666666667,0.0
828,3.2,Orange-N,1229,1232,12.0,164.5,3.0,1350.0,0.12185185185185185,OVERSUPPLY,1185.5,0.0
828,3.2,Orange-N,1229,1232,13.0,230.66666666666666,3.0,1350.0,0.17086419753086418,OVERSUPPLY,1119.3333333333333,0.0
828,3.2,Orange-N,1229,1232,14.0,276.5,3.0,1350.0,0.2048148148148148,BALANCED,1073.5,0.0
828,3.2,Orange-N,1229,1232,15.0,544.8333333333334,3.0,1350.0,0.4035802469135803,BALANCED,805.1666666666666,0.0
828,3.2,Orange-N,1229,1232,16.0,886.8333333333334,3.0,1350.0,0.6569135802469136,BALANCED,463.16666666666663,0.0
828,3.2,Orange-N,1229,1232,17.0,1260.3333333333333,3.0,1350.0,0.9335802469135802,CROWDED,89.66666666666674,0.0
828,3.2,Orange-N,1229,1232,18.0,971.5,3.0,1350.0,0.7196296296296296,BALANCED,378.5,0.0
828,3.2,Orange-N,1229,1232,19.0,540.8333333333334,3.0,1350.0,0.4006172839506173,BALANCED,809.1666666666666,0.0
828,3.2,Orange-N,1229,1232,20.0,300.5,3.0,1350.0,0.2225925925925926,BALANCED,1049.5,0.0
828,3.2,Orange-N,1229,1232,21.0,223.83333333333334,3.0,1350.0,0.1658024691358025,OVERSUPPLY,1126.1666666666667,0.0
828,3.2,Orange-N,1229,1232,22.0,167.16666666666666,3.0,1350.0,0.12382716049382715,OVERSUPPLY,1182.8333333333333,0.0
828,3.2,Orange-N,1229,1232,23.0,99.16666666666667,3.0,1350.0,0.0734567901234568,OVERSUPPLY,1250.8333333333333,0.0
830,3.2,Orange-N,1230,1233,6.0,4.333333333333333,3.0,1350.0,0.0032098765432098763,OVERSUPPLY,1345.6666666666667,0.0
830,3.2,Orange-N,1230,1233,7.0,7.333333333333334,3.0,1350.0,0.0054320987654320994,OVERSUPPLY,1342.6666666666667,0.0
830,3.2,Orange-N,1230,1233,8.0,6.0,3.0,1350.0,0.0044444444444444444,OVERSUPPLY,1344.0,0.0
830,3.2,Orange-N,1230,1233,9.0,4.0,3.0,1350.0,0.002962962962962963,OVERSUPPLY,1346.0,0.0
830,3.2,Orange-N,1230,1233,10.0,3.6666666666666665,3.0,1350.0,0.0027160493827160493,OVERSUPPLY,1346.3333333333333,0.0
830,3.2,Orange-N,1230,1233,11.0,2.3333333333333335,3.0,1350.0,0.0017283950617283952,OVERSUPPLY,1347.6666666666667,0.0
830,3.2,Orange-N,1230,1233,12.0,1.5,3.0,1350.0,0.0011111111111111111,OVERSUPPLY,1348.5,0.0
830,3.2,Orange-N,1230,1233,13.0,1.1666666666666665,3.0,1350.0,0.0008641975308641975,OVERSUPPLY,1348.8333333333333,0.0
830,3.2,Orange-N,1230,1233,14.0,2.5,3.0,1350.0,0.001851851851851852,OVERSUPPLY,1347.5,0.0
830,3.2,Orange-N,1230,1233,15.0,3.0,3.0,1350.0,0.0022222222222222222,OVERSUPPLY,1347.0,0.0
830,3.2,Orange-N,1230,1233,16.0,6.333333333333334,3.0,1350.0,0.004691358024691359,OVERSUPPLY,1343.6666666666667,0.0
830,3.2,Orange-N,1230,1233,17.0,11.0,3.0,1350.0,0.008148148148148147,OVERSUPPLY,1339.0,0.0
830,3.2,Orange-N,1230,1233,18.0,9.166666666666666,3.0,1350.0,0.006790123456790123,OVERSUPPLY,1340.8333333333333,0.0
830,3.2,Orange-N,1230,1233,19.0,8.5,3.0,1350.0,0.006296296296296296,OVERSUPPLY,1341.5,0.0
830,3.2,Orange-N,1230,1233,20.0,3.3333333333333335,3.0,1350.0,0.0024691358024691358,OVERSUPPLY,1346.6666666666667,0.0
830,3.2,Orange-N,1230,1233,21.0,1.3333333333333333,3.0,1350.0,0.0009876543209876543,OVERSUPPLY,1348.6666666666667,0.0
830,3.2,Orange-N,1230,1233,22.0,2.1666666666666665,3.0,1350.0,0.0016049382716049382,OVERSUPPLY,1347.8333333333333,0.0
830,3.2,Orange-N,1230,1233,23.0,1.6666666666666665,3.0,1350.0,0.0012345679012345679,OVERSUPPLY,1348.3333333333333,0.0
832,3.2,Orange-N,1231,1210,6.0,0.16666666666666666,3.0,1350.0,0.0001234567901234568,OVERSUPPLY,1349.8333333333333,0.0
832,3.2,Orange-N,1231,1210,7.0,2.0,3.0,1350.0,0.0014814814814814814,OVERSUPPLY,1348.0,0.0
832,3.2,Orange-N,1231,1210,8.0,1.6666666666666667,3.0,1350.0,0.0012345679012345679,OVERSUPPLY,1348.3333333333333,0.0
832,3.2,Orange-N,1231,1210,9.0,1.0,3.0,1350.0,0.0007407407407407407,OVERSUPPLY,1349.0,0.0
832,3.2,Orange-N,1231,1210,10.0,1.8333333333333333,3.0,1350.0,0.0013580246913580246,OVERSUPPLY,1348.1666666666667,0.0
832,3.2,Orange-N,1231,1210,11.0,1.6666666666666667,3.0,1350.0,0.0012345679012345679,OVERSUPPLY,1348.3333333333333,0.0
832,3.2,Orange-N,1231,1210,12.0,3.5,3.0,1350.0,0.0025925925925925925,OVERSUPPLY,1346.5,0.0
832,3.2,Orange-N,1231,1210,13.0,5.166666666666667,3.0,1350.0,0.0038271604938271606,OVERSUPPLY,1344.8333333333333,0.0
832,3.2,Orange-N,1231,1210,14.0,5.333333333333333,3.0,1350.0,0.003950617283950617,OVERSUPPLY,1344.6666666666667,0.0
832,3.2,Orange-N,1231,1210,15.0,4.666666666666667,3.0,1350.0,0.0034567901234567903,OVERSUPPLY,1345.3333333333333,0.0
832,3.2,Orange-N,1231,1210,16.0,5.5,3.0,1350.0,0.004074074074074074,OVERSUPPLY,1344.5,0.0
832,3.2,Orange-N,1231,1210,17.0,5.0,3.0,1350.0,0.003703703703703704,OVERSUPPLY,1345.0,0.0
832,3.2,Orange-N,1231,1210,18.0,3.6666666666666665,3.0,1350.0,0.0027160493827160493,OVERSUPPLY,1346.3333333333333,0.0
832,3.2,Orange-N,1231,1210,19.0,2.8333333333333335,3.0,1350.0,0.0020987654320987655,OVERSUPPLY,1347.1666666666667,0.0
832,3.2,Orange-N,1231,1210,20.0,1.0,3.0,1350.0,0.0007407407407407407,OVERSUPPLY,1349.0,0.0
832,3.2,Orange-N,1231,1210,21.0,1.5,3.0,1350.0,0.0011111111111111111,OVERSUPPLY,1348.5,0.0
832,3.2,Orange-N,1231,1210,22.0,0.3333333333333333,3.0,1350.0,0.0002469135802469136,OVERSUPPLY,1349.6666666666667,0.0
832,3.2,Orange-N,1231,1210,23.0,0.5,3.0,1350.0,0.00037037037037037035,OVERSUPPLY,1349.5,0.0
834,3.2,Orange-N,1232,1211,6.0,2.166666666666667,3.0,1350.0,0.0016049382716049384,OVERSUPPLY,1347.8333333333333,0.0
834,3.2,Orange-N,1232,1211,7.0,2.3333333333333335,3.0,1350.0,0.0017283950617283952,OVERSUPPLY,1347.6666666666667,0.0
834,3.2,Orange-N,1232,1211,8.0,3.5,3.0,1350.0,0.0025925925925925925,OVERSUPPLY,1346.5,0.0
834,3.2,Orange-N,1232,1211,9.0,0.5,3.0,1350.0,0.00037037037037037035,OVERSUPPLY,1349.5,0.0
834,3.2,Orange-N,1232,1211,10.0,0.6666666666666666,3.0,1350.0,0.0004938271604938272,OVERSUPPLY,1349.3333333333333,0.0
834,3.2,Orange-N,1232,1211,11.0,0.8333333333333333,3.0,1350.0,0.0006172839506172839,OVERSUPPLY,1349.1666666666667,0.0
834,3.2,Orange-N,1232,1211,12.0,0.5,3.0,1350.0,0.00037037037037037035,OVERSUPPLY,1349.5,0.0
834,3.2,Orange-N,1232,1211,14.0,0.3333333333333333,3.0,1350.0,0.0002469135802469136,OVERSUPPLY,1349.6666666666667,0.0
834,3.2,Orange-N,1232,1211,15.0,0.8333333333333334,3.0,1350.0,0.0006172839506172839,OVERSUPPLY,1349.1666666666667,0.0
834,3.2,Orange-N,1232,1211,16.0,3.1666666666666665,3.0,1350.0,0.002345679012345679,OVERSUPPLY,1346.8333333333333,0.0
834,3.2,Orange-N,1232,1211,17.0,2.8333333333333335,3.0,1350.0,0.0020987654320987655,OVERSUPPLY,1347.1666666666667,0.0
834,3.2,Orange-N,1232,1211,18.0,4.5,3.0,1350.0,0.0033333333333333335,OVERSUPPLY,1345.5,0.0
834,3.2,Orange-N,1232,1211,19.0,3.666666666666667,3.0,1350.0,0.0027160493827160497,OVERSUPPLY,1346.3333333333333,0.0
834,3.2,Orange-N,1232,1211,20.0,1.3333333333333335,3.0,1350.0,0.0009876543209876543,OVERSUPPLY,1348.6666666666667,0.0
834,3.2,Orange-N,1232,1211,21.0,0.6666666666666666,3.0,1350.0,0.0004938271604938272,OVERSUPPLY,1349.3333333333333,0.0
834,3.2,Orange-N,1232,1211,22.0,0.8333333333333333,3.0,1350.0,0.0006172839506172839,OVERSUPPLY,1349.1666666666667,0.0
834,3.2,Orange-N,1232,1211,23.0,0.5,3.0,1350.0,0.00037037037037037035,OVERSUPPLY,1349.5,0.0
841,3.2,Orange-N,1237,1204,5.0,182.0,3.0,1350.0,0.1348148148148148,OVERSUPPLY,1168.0,0.0
841,3.2,Orange-N,1237,1204,6.0,683.3333333333334,3.0,1350.0,0.5061728395061729,BALANCED,666.6666666666666,0.0
841,3.2,Orange-N,1237,1204,7.0,1441.8333333333333,3.0,1350.0,1.0680246913580247,UNDERSUPPLY,0.0,91.83333333333326
841,3.2,Orange-N,1237,1204,8.0,1888.8333333333333,3.0,1350.0,1.3991358024691358,UNDERSUPPLY,0.0,538.8333333333333
841,3.2,Orange-N,1237,1204,9.0,1310.6666666666667,3.0,1350.0,0.9708641975308643,CROWDED,39.33333333333326,0.0
841,3.2,Orange-N,1237,1204,10.0,558.8333333333334,3.0,1350.0,0.41395061728395066,BALANCED,791.1666666666666,0.0
841,3.2,Orange-N,1237,1204,11.0,255.5,3.0,1350.0,0.18925925925925927,OVERSUPPLY,1094.5,0.0
841,3.2,Orange-N,1237,1204,12.0,220.16666666666666,3.0,1350.0,0.1630864197530864,OVERSUPPLY,1129.8333333333333,0.0
841,3.2,Orange-N,1237,1204,13.0,188.16666666666666,3.0,1350.0,0.1393827160493827,OVERSUPPLY,1161.8333333333333,0.0
841,3.2,Orange-N,1237,1204,14.0,182.0,3.0,1350.0,0.1348148148148148,OVERSUPPLY,1168.0,0.0
841,3.2,Orange-N,1237,1204,15.0,208.0,3.0,1350.0,0.15407407407407409,OVERSUPPLY,1142.0,0.0
841,3.2,Orange-N,1237,1204,16.0,256.3333333333333,3.0,1350.0,0.18987654320987654,OVERSUPPLY,1093.6666666666667,0.0
841,3.2,Orange-N,1237,1204,17.0,376.5,3.0,1350.0,0.2788888888888889,BALANCED,973.5,0.0
841,3.2,Orange-N,1237,1204,18.0,376.3333333333333,3.0,1350.0,0.2787654320987654,BALANCED,973.6666666666667,0.0
841,3.2,Orange-N,1237,1204,19.0,184.66666666666666,3.0,1350.0,0.13679012345679012,OVERSUPPLY,1165.3333333333333,0.0
841,3.2,Orange-N,1237,1204,20.0,94.33333333333333,3.0,1350.0,0.06987654320987655,OVERSUPPLY,1255.6666666666667,0.0
841,3.2,Orange-N,1237,1204,21.0,66.5,3.0,1350.0,0.04925925925925926,OVERSUPPLY,1283.5,0.0
841,3.2,Orange-N,1237,1204,22.0,55.166666666666664,3.0,1350.0,0.0408641975308642,OVERSUPPLY,1294.8333333333333,0.0
841,3.2,Orange-N,1237,1204,23.0,48.666666666666664,3.0,1350.0,0.036049382716049384,OVERSUPPLY,1301.3333333333333,0.0
843,3.2,Orange-N,1238,1205,5.0,146.66666666666666,3.0,1350.0,0.10864197530864197,OVERSUPPLY,1203.3333333333333,0.0
843,3.2,Orange-N,1238,1205,6.0,862.6666666666666,3.0,1350.0,0.6390123456790123,BALANCED,487.33333333333337,0.0
843,3.2,Orange-N,1238,1205,7.0,1789.5,3.0,1350.0,1.3255555555555556,UNDERSUPPLY,0.0,439.5
843,3.2,Orange-N,1238,1205,8.0,2792.8333333333335,3.0,1350.0,2.0687654320987656,UNDERSUPPLY,0.0,1442.8333333333335
843,3.2,Orange-N,1238,1205,9.0,2337.6666666666665,3.0,1350.0,1.7316049382716048,UNDERSUPPLY,0.0,987.6666666666665
843,3.2,Orange-N,1238,1205,10.0,949.6666666666666,3.0,1350.0,0.7034567901234567,BALANCED,400.33333333333337,0.0
843,3.2,Orange-N,1238,1205,11.0,392.0,3.0,1350.0,0.2903703703703704,BALANCED,958.0,0.0
843,3.2,Orange-N,1238,1205,12.0,308.5,3.0,1350.0,0.2285185185185185,BALANCED,1041.5,0.0
843,3.2,Orange-N,1238,1205,13.0,243.5,3.0,1350.0,0.18037037037037038,OVERSUPPLY,1106.5,0.0
843,3.2,Orange-N,1238,1205,14.0,232.16666666666666,3.0,1350.0,0.1719753086419753,OVERSUPPLY,1117.8333333333333,0.0
843,3.2,Orange-N,1238,1205,15.0,259.0,3.0,1350.0,0.19185185185185186,OVERSUPPLY,1091.0,0.0
843,3.2,Orange-N,1238,1205,16.0,351.3333333333333,3.0,1350.0,0.2602469135802469,BALANCED,998.6666666666667,0.0
843,3.2,Orange-N,1238,1205,17.0,529.8333333333334,3.0,1350.0,0.39246913580246917,BALANCED,820.1666666666666,0.0
843,3.2,Orange-N,1238,1205,18.0,562.8333333333334,3.0,1350.0,0.4169135802469136,BALANCED,787.1666666666666,0.0
843,3.2,Orange-N,1238,1205,19.0,319.1666666666667,3.0,1350.0,0.23641975308641977,BALANCED,1030.8333333333333,0.0
843,3.2,Orange-N,1238,1205,20.0,152.33333333333334,3.0,1350.0,0.11283950617283951,OVERSUPPLY,1197.6666666666667,0.0
843,3.2,Orange-N,1238,1205,21.0,98.83333333333333,3.0,1350.0,0.07320987654320987,OVERSUPPLY,1251.1666666666667,0.0
843,3.2,Orange-N,1238,1205,22.0,88.16666666666667,3.0,1350.0,0.06530864197530864,OVERSUPPLY,1261.8333333333333,0.0
843,3.2,Orange-N,1238,1205,23.0,47.333333333333336,3.0,1350.0,0.03506172839506173,OVERSUPPLY,1302.6666666666667,0.0
845,3.2,Orange-N,1239,1206,5.0,18.666666666666668,3.0,1350.0,0.013827160493827161,OVERSUPPLY,1331.3333333333333,0.0
845,3.2,Orange-N,1239,1206,6.0,169.16666666666666,3.0,1350.0,0.12530864197530864,OVERSUPPLY,1180.8333333333333,0.0
845,3.2,Orange-N,1239,1206,7.0,402.0,3.0,1350.0,0.29777777777777775,BALANCED,948.0,0.0
845,3.2,Orange-N,1239,1206,8.0,670.3333333333334,3.0,1350.0,0.4965432098765432,BALANCED,679.6666666666666,0.0
845,3.2,Orange-N,1239,1206,9.0,784.6666666666666,3.0,1350.0,0.5812345679012345,BALANCED,565.3333333333334,0.0
845,3.2,Orange-N,1239,1206,10.0,305.3333333333333,3.0,1350.0,0.2261728395061728,BALANCED,1044.6666666666667,0.0
845,3.2,Orange-N,1239,1206,11.0,96.33333333333333,3.0,1350.0,0.07135802469135802,OVERSUPPLY,1253.6666666666667,0.0
845,3.2,Orange-N,1239,1206,12.0,64.83333333333333,3.0,1350.0,0.04802469135802469,OVERSUPPLY,1285.1666666666667,0.0
845,3.2,Orange-N,1239,1206,13.0,44.5,3.0,1350.0,0.032962962962962965,OVERSUPPLY,1305.5,0.0
845,3.2,Orange-N,1239,1206,14.0,36.833333333333336,3.0,1350.0,0.02728395061728395,OVERSUPPLY,1313.1666666666667,0.0
845,3.2,Orange-N,1239,1206,15.0,41.5,3.0,1350.0,0.030740740740740742,OVERSUPPLY,1308.5,0.0
845,3.2,Orange-N,1239,1206,16.0,67.16666666666667,3.0,1350.0,0.04975308641975309,OVERSUPPLY,1282.8333333333333,0.0
845,3.2,Orange-N,1239,1206,17.0,107.0,3.0,1350.0,0.07925925925925927,OVERSUPPLY,1243.0,0.0
845,3.2,Orange-N,1239,1206,18.0,107.83333333333333,3.0,1350.0,0.07987654320987654,OVERSUPPLY,1242.1666666666667,0.0
845,3.2,Orange-N,1239,1206,19.0,65.83333333333333,3.0,1350.0,0.04876543209876543,OVERSUPPLY,1284.1666666666667,0.0
845,3.2,Orange-N,1239,1206,20.0,28.5,3.0,1350.0,0.021111111111111112,OVERSUPPLY,1321.5,0.0
845,3.2,Orange-N,1239,1206,21.0,22.166666666666668,3.0,1350.0,0.016419753086419756,OVERSUPPLY,1327.8333333333333,0.0
845,3.2,Orange-N,1239,1206,22.0,16.833333333333332,3.0,1350.0,0.012469135802469136,OVERSUPPLY,1333.1666666666667,0.0
845,3.2,Orange-N,1239,1206,23.0,8.5,3.0,1350.0,0.006296296296296296,OVERSUPPLY,1341.5,0.0
847,3.2,Orange-N,1240,1218,5.0,33.166666666666664,3.0,1350.0,0.0245679012345679,OVERSUPPLY,1316.8333333333333,0.0
847,3.2,Orange-N,1240,1218,6.0,121.0,3.0,1350.0,0.08962962962962963,OVERSUPPLY,1229.0,0.0
847,3.2,Orange-N,1240,1218,7.0,218.0,3.0,1350.0,0.16148148148148148,OVERSUPPLY,1132.0,0.0
847,3.2,Orange-N,1240,1218,8.0,239.0,3.0,1350.0,0.17703703703703705,OVERSUPPLY,1111.0,0.0
847,3.2,Orange-N,1240,1218,9.0,137.0,3.0,1350.0,0.10148148148148148,OVERSUPPLY,1213.0,0.0
847,3.2,Orange-N,1240,1218,10.0,59.166666666666664,3.0,1350.0,0.04382716049382716,OVERSUPPLY,1290.8333333333333,0.0
847,3.2,Orange-N,1240,1218,11.0,26.333333333333336,3.0,1350.0,0.019506172839506175,OVERSUPPLY,1323.6666666666667,0.0
847,3.2,Orange-N,1240,1218,12.0,20.833333333333332,3.0,1350.0,0.015432098765432098,OVERSUPPLY,1329.1666666666667,0.0
847,3.2,Orange-N,1240,1218,13.0,22.5,3.0,1350.0,0.016666666666666666,OVERSUPPLY,1327.5,0.0
847,3.2,Orange-N,1240,1218,14.0,28.333333333333332,3.0,1350.0,0.020987654320987655,OVERSUPPLY,1321.6666666666667,0.0
847,3.2,Orange-N,1240,1218,15.0,27.833333333333332,3.0,1350.0,0.020617283950617283,OVERSUPPLY,1322.1666666666667,0.0
847,3.2,Orange-N,1240,1218,16.0,34.333333333333336,3.0,1350.0,0.0254320987654321,OVERSUPPLY,1315.6666666666667,0.0
847,3.2,Orange-N,1240,1218,17.0,36.666666666666664,3.0,1350.0,0.027160493827160494,OVERSUPPLY,1313.3333333333333,0.0
847,3.2,Orange-N,1240,1218,18.0,35.0,3.0,1350.0,0.025925925925925925,OVERSUPPLY,1315.0,0.0
847,3.2,Orange-N,1240,1218,19.0,20.166666666666668,3.0,1350.0,0.014938271604938273,OVERSUPPLY,1329.8333333333333,0.0
847,3.2,Orange-N,1240,1218,20.0,10.166666666666666,3.0,1350.0,0.007530864197530864,OVERSUPPLY,1339.8333333333333,0.0
847,3.2,Orange-N,1240,1218,21.0,8.5,3.0,1350.0,0.006296296296296296,OVERSUPPLY,1341.5,0.0
847,3.2,Orange-N,1240,1218,22.0,5.166666666666667,3.0,1350.0,0.0038271604938271606,OVERSUPPLY,1344.8333333333333,0.0
847,3.2,Orange-N,1240,1218,23.0,4.333333333333333,3.0,1350.0,0.0032098765432098763,OVERSUPPLY,1345.6666666666667,0.0
849,3.2,Orange-N,1241,1219,5.0,64.33333333333333,3.0,1350.0,0.04765432098765432,OVERSUPPLY,1285.6666666666667,0.0
849,3.2,Orange-N,1241,1219,6.0,493.5,3.0,1350.0,0.3655555555555556,BALANCED,856.5,0.0
849,3.2,Orange-N,1241,1219,7.0,985.3333333333334,3.0,1350.0,0.7298765432098766,BALANCED,364.66666666666663,0.0
849,3.2,Orange-N,1241,1219,8.0,1794.8333333333335,3.0,1350.0,1.3295061728395063,UNDERSUPPLY,0.0,444.8333333333335
849,3.2,Orange-N,1241,1219,9.0,1803.6666666666667,3.0,1350.0,1.3360493827160493,UNDERSUPPLY,0.0,453.66666666666674
849,3.2,Orange-N,1241,1219,10.0,732.1666666666666,3.0,1350.0,0.5423456790123456,BALANCED,617.8333333333334,0.0
849,3.2,Orange-N,1241,1219,11.0,281.0,3.0,1350.0,0.20814814814814814,BALANCED,1069.0,0.0
849,3.2,Orange-N,1241,1219,12.0,187.83333333333334,3.0,1350.0,0.13913580246913582,OVERSUPPLY,1162.1666666666667,0.0
849,3.2,Orange-N,1241,1219,13.0,152.0,3.0,1350.0,0.11259259259259259,OVERSUPPLY,1198.0,0.0
849,3.2,Orange-N,1241,1219,14.0,148.0,3.0,1350.0,0.10962962962962963,OVERSUPPLY,1202.0,0.0
849,3.2,Orange-N,1241,1219,15.0,175.0,3.0,1350.0,0.12962962962962962,OVERSUPPLY,1175.0,0.0
849,3.2,Orange-N,1241,1219,16.0,272.3333333333333,3.0,1350.0,0.20172839506172838,BALANCED,1077.6666666666667,0.0
849,3.2,Orange-N,1241,1219,17.0,392.6666666666667,3.0,1350.0,0.29086419753086423,BALANCED,957.3333333333333,0.0
849,3.2,Orange-N,1241,1219,18.0,402.1666666666667,3.0,1350.0,0.29790123456790124,BALANCED,947.8333333333333,0.0
849,3.2,Orange-N,1241,1219,19.0,256.8333333333333,3.0,1350.0,0.1902469135802469,OVERSUPPLY,1093.1666666666667,0.0
849,3.2,Orange-N,1241,1219,20.0,117.0,3.0,1350.0,0.08666666666666667,OVERSUPPLY,1233.0,0.0
849,3.2,Orange-N,1241,1219,21.0,74.16666666666667,3.0,1350.0,0.05493827160493828,OVERSUPPLY,1275.8333333333333,0.0
849,3.2,Orange-N,1241,1219,22.0,56.333333333333336,3.0,1350.0,0.041728395061728395,OVERSUPPLY,1293.6666666666667,0.0
849,3.2,Orange-N,1241,1219,23.0,33.666666666666664,3.0,1350.0,0.02493827160493827,OVERSUPPLY,1316.3333333333333,0.0
851,3.2,Orange-N,1242,1220,5.0,24.833333333333332,3.0,1350.0,0.01839506172839506,OVERSUPPLY,1325.1666666666667,0.0
851,3.2,Orange-N,1242,1220,6.0,188.66666666666666,3.0,1350.0,0.1397530864197531,OVERSUPPLY,1161.3333333333333,0.0
851,3.2,Orange-N,1242,1220,7.0,433.6666666666667,3.0,1350.0,0.32123456790123456,BALANCED,916.3333333333333,0.0
851,3.2,Orange-N,1242,1220,8.0,716.0,3.0,1350.0,0.5303703703703704,BALANCED,634.0,0.0
851,3.2,Orange-N,1242,1220,9.0,823.3333333333334,3.0,1350.0,0.6098765432098766,BALANCED,526.6666666666666,0.0
851,3.2,Orange-N,1242,1220,10.0,325.33333333333337,3.0,1350.0,0.24098765432098768,BALANCED,1024.6666666666665,0.0
851,3.2,Orange-N,1242,1220,11.0,112.66666666666667,3.0,1350.0,0.08345679012345679,OVERSUPPLY,1237.3333333333333,0.0
851,3.2,Orange-N,1242,1220,12.0,86.33333333333333,3.0,1350.0,0.06395061728395061,OVERSUPPLY,1263.6666666666667,0.0
851,3.2,Orange-N,1242,1220,13.0,68.5,3.0,1350.0,0.05074074074074074,OVERSUPPLY,1281.5,0.0
851,3.2,Orange-N,1242,1220,14.0,61.5,3.0,1350.0,0.04555555555555556,OVERSUPPLY,1288.5,0.0
851,3.2,Orange-N,1242,1220,15.0,77.83333333333333,3.0,1350.0,0.057654320987654314,OVERSUPPLY,1272.1666666666667,0.0
851,3.2,Orange-N,1242,1220,16.0,128.5,3.0,1350.0,0.09518518518518519,OVERSUPPLY,1221.5,0.0
851,3.2,Orange-N,1242,1220,17.0,189.33333333333334,3.0,1350.0,0.1402469135802469,OVERSUPPLY,1160.6666666666667,0.0
851,3.2,Orange-N,1242,1220,18.0,162.83333333333334,3.0,1350.0,0.12061728395061729,OVERSUPPLY,1187.1666666666667,0.0
851,3.2,Orange-N,1242,1220,19.0,98.5,3.0,1350.0,0.07296296296296297,OVERSUPPLY,1251.5,0.0
851,3.2,Orange-N,1242,1220,20.0,43.166666666666664,3.0,1350.0,0.03197530864197531,OVERSUPPLY,1306.8333333333333,0.0
851,3.2,Orange-N,1242,1220,21.0,30.0,3.0,1350.0,0.022222222222222223,OVERSUPPLY,1320.0,0.0
851,3.2,Orange-N,1242,1220,22.0,23.0,3.0,1350.0,0.017037037037037038,OVERSUPPLY,1327.0,0.0
851,3.2,Orange-N,1242,1220,23.0,11.0,3.0,1350.0,0.008148148148148147,OVERSUPPLY,1339.0,0.0
853,3.2,Orange-N,1243,1241,5.0,32.833333333333336,3.0,1350.0,0.02432098765432099,OVERSUPPLY,1317.1666666666667,0.0
853,3.2,Orange-N,1243,1241,6.0,375.3333333333333,3.0,1350.0,0.27802469135802466,BALANCED,974.6666666666667,0.0
853,3.2,Orange-N,1243,1241,7.0,774.6666666666666,3.0,1350.0,0.5738271604938271,BALANCED,575.3333333333334,0.0
853,3.2,Orange-N,1243,1241,8.0,1558.3333333333335,3.0,1350.0,1.154320987654321,UNDERSUPPLY,0.0,208.33333333333348
853,3.2,Orange-N,1243,1241,9.0,1668.1666666666667,3.0,1350.0,1.2356790123456791,UNDERSUPPLY,0.0,318.16666666666674
853,3.2,Orange-N,1243,1241,10.0,676.6666666666666,3.0,1350.0,0.5012345679012346,BALANCED,673.3333333333334,0.0
853,3.2,Orange-N,1243,1241,11.0,257.0,3.0,1350.0,0.19037037037037038,OVERSUPPLY,1093.0,0.0
853,3.2,Orange-N,1243,1241,12.0,169.83333333333334,3.0,1350.0,0.12580246913580248,OVERSUPPLY,1180.1666666666667,0.0
853,3.2,Orange-N,1243,1241,13.0,133.83333333333334,3.0,1350.0,0.09913580246913581,OVERSUPPLY,1216.1666666666667,0.0
853,3.2,Orange-N,1243,1241,14.0,127.66666666666667,3.0,1350.0,0.0945679012345679,OVERSUPPLY,1222.3333333333333,0.0
853,3.2,Orange-N,1243,1241,15.0,159.66666666666666,3.0,1350.0,0.1182716049382716,OVERSUPPLY,1190.3333333333333,0.0
853,3.2,Orange-N,1243,1241,16.0,256.1666666666667,3.0,1350.0,0.1897530864197531,OVERSUPPLY,1093.8333333333333,0.0
853,3.2,Orange-N,1243,1241,17.0,385.6666666666667,3.0,1350.0,0.28567901234567905,BALANCED,964.3333333333333,0.0
853,3.2,Orange-N,1243,1241,18.0,388.6666666666667,3.0,1350.0,0.28790123456790123,BALANCED,961.3333333333333,0.0
853,3.2,Orange-N,1243,1241,19.0,244.16666666666666,3.0,1350.0,0.1808641975308642,OVERSUPPLY,1105.8333333333333,0.0
853,3.2,Orange-N,1243,1241,20.0,113.5,3.0,1350.0,0.08407407407407408,OVERSUPPLY,1236.5,0.0
853,3.2,Orange-N,1243,1241,21.0,70.0,3.0,1350.0,0.05185185185185185,OVERSUPPLY,1280.0,0.0
853,3.2,Orange-N,1243,1241,22.0,54.5,3.0,1350.0,0.04037037037037037,OVERSUPPLY,1295.5,0.0
853,3.2,Orange-N,1243,1241,23.0,30.166666666666664,3.0,1350.0,0.022345679012345677,OVERSUPPLY,1319.8333333333333,0.0
855,3.2,Orange-N,1244,1242,5.0,26.0,3.0,1350.0,0.01925925925925926,OVERSUPPLY,1324.0,0.0
855,3.2,Orange-N,1244,1242,6.0,189.83333333333334,3.0,1350.0,0.1406172839506173,OVERSUPPLY,1160.1666666666667,0.0
855,3.2,Orange-N,1244,1242,7.0,436.1666666666667,3.0,1350.0,0.32308641975308644,BALANCED,913.8333333333333,0.0
855,3.2,Orange-N,1244,1242,8.0,716.6666666666667,3.0,1350.0,0.5308641975308642,BALANCED,633.3333333333333,0.0
855,3.2,Orange-N,1244,1242,9.0,824.3333333333334,3.0,1350.0,0.6106172839506173,BALANCED,525.6666666666666,0.0
855,3.2,Orange-N,1244,1242,10.0,328.83333333333337,3.0,1350.0,0.24358024691358027,BALANCED,1021.1666666666666,0.0
855,3.2,Orange-N,1244,1242,11.0,114.16666666666667,3.0,1350.0,0.08456790123456791,OVERSUPPLY,1235.8333333333333,0.0
855,3.2,Orange-N,1244,1242,12.0,87.83333333333333,3.0,1350.0,0.06506172839506172,OVERSUPPLY,1262.1666666666667,0.0
855,3.2,Orange-N,1244,1242,13.0,71.66666666666667,3.0,1350.0,0.05308641975308642,OVERSUPPLY,1278.3333333333333,0.0
855,3.2,Orange-N,1244,1242,14.0,66.5,3.0,1350.0,0.04925925925925926,OVERSUPPLY,1283.5,0.0
855,3.2,Orange-N,1244,1242,15.0,86.66666666666667,3.0,1350.0,0.06419753086419754,OVERSUPPLY,1263.3333333333333,0.0
855,3.2,Orange-N,1244,1242,16.0,140.16666666666666,3.0,1350.0,0.10382716049382715,OVERSUPPLY,1209.8333333333333,0.0
855,3.2,Orange-N,1244,1242,17.0,205.0,3.0,1350.0,0.15185185185185185,OVERSUPPLY,1145.0,0.0
855,3.2,Orange-N,1244,1242,18.0,174.33333333333334,3.0,1350.0,0.1291358024691358,OVERSUPPLY,1175.6666666666667,0.0
855,3.2,Orange-N,1244,1242,19.0,102.0,3.0,1350.0,0.07555555555555556,OVERSUPPLY,1248.0,0.0
855,3.2,Orange-N,1244,1242,20.0,46.666666666666664,3.0,1350.0,0.0345679012345679,OVERSUPPLY,1303.3333333333333,0.0
855,3.2,Orange-N,1244,1242,21.0,32.666666666666664,3.0,1350.0,0.024197530864197528,OVERSUPPLY,1317.3333333333333,0.0
855,3.2,Orange-N,1244,1242,22.0,24.833333333333332,3.0,1350.0,0.01839506172839506,OVERSUPPLY,1325.1666666666667,0.0
855,3.2,Orange-N,1244,1242,23.0,11.833333333333332,3.0,1350.0,0.008765432098765432,OVERSUPPLY,1338.1666666666667,0.0
857,3.2,Orange-N,1245,1213,5.0,7.833333333333333,3.0,1350.0,0.005802469135802469,OVERSUPPLY,1342.1666666666667,0.0
857,3.2,Orange-N,1245,1213,6.0,123.5,3.0,1350.0,0.09148148148148148,OVERSUPPLY,1226.5,0.0
857,3.2,Orange-N,1245,1213,7.0,244.0,3.0,1350.0,0.18074074074074073,OVERSUPPLY,1106.0,0.0
857,3.2,Orange-N,1245,1213,8.0,551.5,3.0,1350.0,0.4085185185185185,BALANCED,798.5,0.0
857,3.2,Orange-N,1245,1213,9.0,500.0,3.0,1350.0,0.37037037037037035,BALANCED,850.0,0.0
857,3.2,Orange-N,1245,1213,10.0,184.5,3.0,1350.0,0.13666666666666666,OVERSUPPLY,1165.5,0.0
857,3.2,Orange-N,1245,1213,11.0,97.83333333333333,3.0,1350.0,0.07246913580246914,OVERSUPPLY,1252.1666666666667,0.0
857,3.2,Orange-N,1245,1213,12.0,57.666666666666664,3.0,1350.0,0.042716049382716045,OVERSUPPLY,1292.3333333333333,0.0
857,3.2,Orange-N,1245,1213,13.0,45.166666666666664,3.0,1350.0,0.03345679012345679,OVERSUPPLY,1304.8333333333333,0.0
857,3.2,Orange-N,1245,1213,14.0,52.833333333333336,3.0,1350.0,0.039135802469135804,OVERSUPPLY,1297.1666666666667,0.0
857,3.2,Orange-N,1245,1213,15.0,64.0,3.0,1350.0,0.047407407407407405,OVERSUPPLY,1286.0,0.0
857,3.2,Orange-N,1245,1213,16.0,108.33333333333333,3.0,1350.0,0.08024691358024691,OVERSUPPLY,1241.6666666666667,0.0
857,3.2,Orange-N,1245,1213,17.0,173.33333333333334,3.0,1350.0,0.12839506172839507,OVERSUPPLY,1176.6666666666667,0.0
857,3.2,Orange-N,1245,1213,18.0,206.0,3.0,1350.0,0.15259259259259259,OVERSUPPLY,1144.0,0.0
857,3.2,Orange-N,1245,1213,19.0,143.5,3.0,1350.0,0.10629629629629629,OVERSUPPLY,1206.5,0.0
857,3.2,Orange-N,1245,1213,20.0,65.0,3.0,1350.0,0.04814814814814815,OVERSUPPLY,1285.0,0.0
857,3.2,Orange-N,1245,1213,21.0,35.666666666666664,3.0,1350.0,0.02641975308641975,OVERSUPPLY,1314.3333333333333,0.0
857,3.2,Orange-N,1245,1213,22.0,27.333333333333332,3.0,1350.0,0.02024691358024691,OVERSUPPLY,1322.6666666666667,0.0
857,3.2,Orange-N,1245,1213,23.0,17.333333333333332,3.0,1350.0,0.012839506172839505,OVERSUPPLY,1332.6666666666667,0.0
859,4.1,Orange-S,1246,1257,5.0,34.0,3.0,1350.0,0.025185185185185185,OVERSUPPLY,1316.0,0.0
859,4.1,Orange-S,1246,1257,6.0,424.3333333333333,3.0,1350.0,0.314320987654321,BALANCED,925.6666666666667,0.0
859,4.1,Orange-S,1246,1257,7.0,724.0,3.0,1350.0,0.5362962962962963,BALANCED,626.0,0.0
859,4.1,Orange-S,1246,1257,8.0,821.3333333333334,3.0,1350.0,0.6083950617283951,BALANCED,528.6666666666666,0.0
859,4.1,Orange-S,1246,1257,9.0,569.6666666666666,3.0,1350.0,0.4219753086419753,BALANCED,780.3333333333334,0.0
859,4.1,Orange-S,1246,1257,10.0,398.3333333333333,3.0,1350.0,0.29506172839506173,BALANCED,951.6666666666667,0.0
859,4.1,Orange-S,1246,1257,11.0,341.6666666666667,3.0,1350.0,0.25308641975308643,BALANCED,1008.3333333333333,0.0
859,4.1,Orange-S,1246,1257,12.0,441.6666666666667,3.0,1350.0,0.3271604938271605,BALANCED,908.3333333333333,0.0
859,4.1,Orange-S,1246,1257,13.0,441.6666666666667,3.0,1350.0,0.3271604938271605,BALANCED,908.3333333333333,0.0
859,4.1,Orange-S,1246,1257,14.0,523.6666666666666,3.0,1350.0,0.3879012345679012,BALANCED,826.3333333333334,0.0
859,4.1,Orange-S,1246,1257,15.0,871.0,3.0,1350.0,0.6451851851851852,BALANCED,479.0,0.0
859,4.1,Orange-S,1246,1257,16.0,1750.0,3.0,1350.0,1.2962962962962963,UNDERSUPPLY,0.0,400.0
859,4.1,Orange-S,1246,1257,17.0,2630.0,3.0,1350.0,1.9481481481481482,UNDERSUPPLY,0.0,1280.0
859,4.1,Orange-S,1246,1257,18.0,1836.0,3.0,1350.0,1.36,UNDERSUPPLY,0.0,486.0
859,4.1,Orange-S,1246,1257,19.0,847.6666666666666,3.0,1350.0,0.6279012345679013,BALANCED,502.33333333333337,0.0
859,4.1,Orange-S,1246,1257,20.0,411.0,3.0,1350.0,0.30444444444444446,BALANCED,939.0,0.0
859,4.1,Orange-S,1246,1257,21.0,292.3333333333333,3.0,1350.0,0.21654320987654319,BALANCED,1057.6666666666667,0.0
859,4.1,Orange-S,1246,1257,22.0,220.33333333333334,3.0,1350.0,0.16320987654320987,OVERSUPPLY,1129.6666666666667,0.0
859,4.1,Orange-S,1246,1257,23.0,190.33333333333334,3.0,1350.0,0.14098765432098767,OVERSUPPLY,1159.6666666666667,0.0
861,4.1,Orange-S,1247,1246,7.0,0.8333333333333334,3.0,1350.0,0.0006172839506172839,OVERSUPPLY,1349.1666666666667,0.0
861,4.1,Orange-S,1247,1246,8.0,0.8333333333333334,3.0,1350.0,0.0006172839506172839,OVERSUPPLY,1349.1666666666667,0.0
861,4.1,Orange-S,1247,1246,9.0,0.6666666666666666,3.0,1350.0,0.0004938271604938272,OVERSUPPLY,1349.3333333333333,0.0
861,4.1,Orange-S,1247,1246,10.0,0.6666666666666666,3.0,1350.0,0.0004938271604938272,OVERSUPPLY,1349.3333333333333,0.0
861,4.1,Orange-S,1247,1246,11.0,2.6666666666666665,3.0,1350.0,0.0019753086419753087,OVERSUPPLY,1347.3333333333333,0.0
861,4.1,Orange-S,1247,1246,12.0,1.8333333333333333,3.0,1350.0,0.0013580246913580246,OVERSUPPLY,1348.1666666666667,0.0
861,4.1,Orange-S,1247,1246,13.0,1.8333333333333333,3.0,1350.0,0.0013580246913580246,OVERSUPPLY,1348.1666666666667,0.0
861,4.1,Orange-S,1247,1246,14.0,1.6666666666666667,3.0,1350.0,0.0012345679012345679,OVERSUPPLY,1348.3333333333333,0.0
861,4.1,Orange-S,1247,1246,15.0,2.1666666666666665,3.0,1350.0,0.0016049382716049382,OVERSUPPLY,1347.8333333333333,0.0
861,4.1,Orange-S,1247,1246,16.0,2.0,3.0,1350.0,0.0014814814814814814,OVERSUPPLY,1348.0,0.0
861,4.1,Orange-S,1247,1246,17.0,2.3333333333333335,3.0,1350.0,0.0017283950617283952,OVERSUPPLY,1347.6666666666667,0.0
861,4.1,Orange-S,1247,1246,18.0,2.1666666666666665,3.0,1350.0,0.0016049382716049382,OVERSUPPLY,1347.8333333333333,0.0
861,4.1,Orange-S,1247,1246,19.0,0.3333333333333333,3.0,1350.0,0.0002469135802469136,OVERSUPPLY,1349.6666666666667,0.0
861,4.1,Orange-S,1247,1246,20.0,0.3333333333333333,3.0,1350.0,0.0002469135802469136,OVERSUPPLY,1349.6666666666667,0.0
861,4.1,Orange-S,1247,1246,21.0,0.16666666666666666,3.0,1350.0,0.0001234567901234568,OVERSUPPLY,1349.8333333333333,0.0
861,4.1,Orange-S,1247,1246,22.0,0.16666666666666666,3.0,1350.0,0.0001234567901234568,OVERSUPPLY,1349.8333333333333,0.0
863,4.1,Orange-S,1248,1258,5.0,87.33333333333333,3.0,1350.0,0.06469135802469135,OVERSUPPLY,1262.6666666666667,0.0
863,4.1,Orange-S,1248,1258,6.0,416.8333333333333,3.0,1350.0,0.3087654320987654,BALANCED,933.1666666666667,0.0
863,4.1,Orange-S,1248,1258,7.0,1122.5,3.0,1350.0,0.8314814814814815,CROWDED,227.5,0.0
863,4.1,Orange-S,1248,1258,8.0,2082.0,3.0,1350.0,1.5422222222222222,UNDERSUPPLY,0.0,732.0
863,4.1,Orange-S,1248,1258,9.0,1715.8333333333335,3.0,1350.0,1.2709876543209877,UNDERSUPPLY,0.0,365.8333333333335
863,4.1,Orange-S,1248,1258,10.0,838.6666666666666,3.0,1350.0,0.6212345679012345,BALANCED,511.33333333333337,0.0
863,4.1,Orange-S,1248,1258,11.0,512.6666666666666,3.0,1350.0,0.3797530864197531,BALANCED,837.3333333333334,0.0
863,4.1,Orange-S,1248,1258,12.0,536.8333333333334,3.0,1350.0,0.39765432098765435,BALANCED,813.1666666666666,0.0
863,4.1,Orange-S,1248,1258,13.0,497.0,3.0,1350.0,0.36814814814814817,BALANCED,853.0,0.0
863,4.1,Orange-S,1248,1258,14.0,540.0,3.0,1350.0,0.4,BALANCED,810.0,0.0
863,4.1,Orange-S,1248,1258,15.0,702.1666666666666,3.0,1350.0,0.5201234567901234,BALANCED,647.8333333333334,0.0
863,4.1,Orange-S,1248,1258,16.0,995.5,3.0,1350.0,0.7374074074074074,BALANCED,354.5,0.0
863,4.1,Orange-S,1248,1258,17.0,1462.8333333333333,3.0,1350.0,1.0835802469135802,UNDERSUPPLY,0.0,112.83333333333326
863,4.1,Orange-S,1248,1258,18.0,1318.1666666666667,3.0,1350.0,0.9764197530864198,CROWDED,31.833333333333258,0.0
863,4.1,Orange-S,1248,1258,19.0,785.6666666666666,3.0,1350.0,0.5819753086419753,BALANCED,564.3333333333334,0.0
863,4.1,Orange-S,1248,1258,20.0,410.5,3.0,1350.0,0.30407407407407405,BALANCED,939.5,0.0
863,4.1,Orange-S,1248,1258,21.0,332.5,3.0,1350.0,0.2462962962962963,BALANCED,1017.5,0.0
863,4.1,Orange-S,1248,1258,22.0,270.8333333333333,3.0,1350.0,0.20061728395061726,BALANCED,1079.1666666666667,0.0
863,4.1,Orange-S,1248,1258,23.0,148.83333333333334,3.0,1350.0,0.11024691358024692,OVERSUPPLY,1201.1666666666667,0.0
865,4.1,Orange-S,1249,1256,5.0,0.8333333333333333,3.0,1350.0,0.0006172839506172839,OVERSUPPLY,1349.1666666666667,0.0
865,4.1,Orange-S,1249,1256,6.0,372.0,3.0,1350.0,0.27555555555555555,BALANCED,978.0,0.0
865,4.1,Orange-S,1249,1256,7.0,715.3333333333334,3.0,1350.0,0.5298765432098765,BALANCED,634.6666666666666,0.0
865,4.1,Orange-S,1249,1256,8.0,692.8333333333334,3.0,1350.0,0.5132098765432099,BALANCED,657.1666666666666,0.0
865,4.1,Orange-S,1249,1256,9.0,479.0,3.0,1350.0,0.3548148148148148,BALANCED,871.0,0.0
865,4.1,Orange-S,1249,1256,10.0,303.1666666666667,3.0,1350.0,0.2245679012345679,BALANCED,1046.8333333333333,0.0
865,4.1,Orange-S,1249,1256,11.0,259.1666666666667,3.0,1350.0,0.19197530864197532,OVERSUPPLY,1090.8333333333333,0.0
865,4.1,Orange-S,1249,1256,12.0,329.8333333333333,3.0,1350.0,0.24432098765432098,BALANCED,1020.1666666666667,0.0
865,4.1,Orange-S,1249,1256,13.0,363.6666666666667,3.0,1350.0,0.26938271604938274,BALANCED,986.3333333333333,0.0
865,4.1,Orange-S,1249,1256,14.0,538.0,3.0,1350.0,0.3985185185185185,BALANCED,812.0,0.0
865,4.1,Orange-S,1249,1256,15.0,890.0,3.0,1350.0,0.6592592592592592,BALANCED,460.0,0.0
865,4.1,Orange-S,1249,1256,16.0,1829.3333333333333,3.0,1350.0,1.3550617283950617,UNDERSUPPLY,0.0,479.33333333333326
865,4.1,Orange-S,1249,1256,17.0,3388.5,3.0,1350.0,2.51,UNDERSUPPLY,0.0,2038.5
865,4.1,Orange-S,1249,1256,18.0,3284.0,3.0,1350.0,2.4325925925925924,UNDERSUPPLY,0.0,1934.0
865,4.1,Orange-S,1249,1256,19.0,1643.3333333333333,3.0,1350.0,1.217283950617284,UNDERSUPPLY,0.0,293.33333333333326
865,4.1,Orange-S,1249,1256,20.0,663.3333333333334,3.0,1350.0,0.49135802469135803,BALANCED,686.6666666666666,0.0
865,4.1,Orange-S,1249,1256,21.0,380.5,3.0,1350.0,0.28185185185185185,BALANCED,969.5,0.0
865,4.1,Orange-S,1249,1256,22.0,265.3333333333333,3.0,1350.0,0.1965432098765432,OVERSUPPLY,1084.6666666666667,0.0
865,4.1,Orange-S,1249,1256,23.0,266.6666666666667,3.0,1350.0,0.19753086419753088,OVERSUPPLY,1083.3333333333333,0.0
870,4.1,Orange-S,1252,1248,5.0,55.0,3.0,1350.0,0.040740740740740744,OVERSUPPLY,1295.0,0.0
870,4.1,Orange-S,1252,1248,6.0,255.83333333333334,3.0,1350.0,0.1895061728395062,OVERSUPPLY,1094.1666666666667,0.0
870,4.1,Orange-S,1252,1248,7.0,675.0,3.0,1350.0,0.5,BALANCED,675.0,0.0
870,4.1,Orange-S,1252,1248,8.0,1094.3333333333333,3.0,1350.0,0.8106172839506173,CROWDED,255.66666666666674,0.0
870,4.1,Orange-S,1252,1248,9.0,861.3333333333334,3.0,1350.0,0.6380246913580248,BALANCED,488.66666666666663,0.0
870,4.1,Orange-S,1252,1248,10.0,506.0,3.0,1350.0,0.3748148148148148,BALANCED,844.0,0.0
870,4.1,Orange-S,1252,1248,11.0,363.5,3.0,1350.0,0.26925925925925925,BALANCED,986.5,0.0
870,4.1,Orange-S,1252,1248,12.0,407.0,3.0,1350.0,0.30148148148148146,BALANCED,943.0,0.0
870,4.1,Orange-S,1252,1248,13.0,396.5,3.0,1350.0,0.2937037037037037,BALANCED,953.5,0.0
870,4.1,Orange-S,1252,1248,14.0,429.1666666666667,3.0,1350.0,0.31790123456790126,BALANCED,920.8333333333333,0.0
870,4.1,Orange-S,1252,1248,15.0,587.8333333333334,3.0,1350.0,0.43543209876543215,BALANCED,762.1666666666666,0.0
870,4.1,Orange-S,1252,1248,16.0,851.0,3.0,1350.0,0.6303703703703704,BALANCED,499.0,0.0
870,4.1,Orange-S,1252,1248,17.0,1225.0,3.0,1350.0,0.9074074074074074,CROWDED,125.0,0.0
870,4.1,Orange-S,1252,1248,18.0,1095.5,3.0,1350.0,0.8114814814814815,CROWDED,254.5,0.0
870,4.1,Orange-S,1252,1248,19.0,660.5,3.0,1350.0,0.4892592592592593,BALANCED,689.5,0.0
870,4.1,Orange-S,1252,1248,20.0,365.0,3.0,1350.0,0.27037037037037037,BALANCED,985.0,0.0
870,4.1,Orange-S,1252,1248,21.0,289.3333333333333,3.0,1350.0,0.21432098765432098,BALANCED,1060.6666666666667,0.0
870,4.1,Orange-S,1252,1248,22.0,237.5,3.0,1350.0,0.17592592592592593,OVERSUPPLY,1112.5,0.0
870,4.1,Orange-S,1252,1248,23.0,134.16666666666666,3.0,1350.0,0.0993827160493827,OVERSUPPLY,1215.8333333333333,0.0
872,4.1,Orange-S,1253,1261,5.0,496.8333333333333,3.0,1350.0,0.3680246913580247,BALANCED,853.1666666666667,0.0
872,4.1,Orange-S,1253,1261,6.0,1382.5,3.0,1350.0,1.0240740740740741,UNDERSUPPLY,0.0,32.5
872,4.1,Orange-S,1253,1261,7.0,2323.0,3.0,1350.0,1.7207407407407407,UNDERSUPPLY,0.0,973.0
872,4.1,Orange-S,1253,1261,8.0,2555.0,3.0,1350.0,1.8925925925925926,UNDERSUPPLY,0.0,1205.0
872,4.1,Orange-S,1253,1261,9.0,1552.3333333333333,3.0,1350.0,1.1498765432098765,UNDERSUPPLY,0.0,202.33333333333326
872,4.1,Orange-S,1253,1261,10.0,848.5,3.0,1350.0,0.6285185185185185,BALANCED,501.5,0.0
872,4.1,Orange-S,1253,1261,11.0,483.6666666666667,3.0,1350.0,0.3582716049382716,BALANCED,866.3333333333333,0.0
872,4.1,Orange-S,1253,1261,12.0,399.8333333333333,3.0,1350.0,0.29617283950617285,BALANCED,950.1666666666667,0.0
872,4.1,Orange-S,1253,1261,13.0,381.1666666666667,3.0,1350.0,0.2823456790123457,BALANCED,968.8333333333333,0.0
872,4.1,Orange-S,1253,1261,14.0,362.5,3.0,1350.0,0.26851851851851855,BALANCED,987.5,0.0
872,4.1,Orange-S,1253,1261,15.0,331.5,3.0,1350.0,0.24555555555555555,BALANCED,1018.5,0.0
872,4.1,Orange-S,1253,1261,16.0,343.8333333333333,3.0,1350.0,0.25469135802469134,BALANCED,1006.1666666666667,0.0
872,4.1,Orange-S,1253,1261,17.0,401.3333333333333,3.0,1350.0,0.2972839506172839,BALANCED,948.6666666666667,0.0
872,4.1,Orange-S,1253,1261,18.0,321.1666666666667,3.0,1350.0,0.23790123456790124,BALANCED,1028.8333333333333,0.0
872,4.1,Orange-S,1253,1261,19.0,210.33333333333334,3.0,1350.0,0.15580246913580248,OVERSUPPLY,1139.6666666666667,0.0
872,4.1,Orange-S,1253,1261,20.0,100.33333333333333,3.0,1350.0,0.07432098765432098,OVERSUPPLY,1249.6666666666667,0.0
872,4.1,Orange-S,1253,1261,21.0,81.0,3.0,1350.0,0.06,OVERSUPPLY,1269.0,0.0
872,4.1,Orange-S,1253,1261,22.0,80.66666666666667,3.0,1350.0,0.05975308641975309,OVERSUPPLY,1269.3333333333333,0.0
872,4.1,Orange-S,1253,1261,23.0,39.0,3.0,1350.0,0.028888888888888888,OVERSUPPLY,1311.0,0.0
874,4.1,Orange-S,1254,1266,6.0,88.33333333333333,3.0,1350.0,0.0654320987654321,OVERSUPPLY,1261.6666666666667,0.0
874,4.1,Orange-S,1254,1266,7.0,170.33333333333334,3.0,1350.0,0.12617283950617283,OVERSUPPLY,1179.6666666666667,0.0
874,4.1,Orange-S,1254,1266,8.0,198.16666666666666,3.0,1350.0,0.14679012345679013,OVERSUPPLY,1151.8333333333333,0.0
874,4.1,Orange-S,1254,1266,9.0,151.83333333333334,3.0,1350.0,0.11246913580246914,OVERSUPPLY,1198.1666666666667,0.0
874,4.1,Orange-S,1254,1266,10.0,82.66666666666667,3.0,1350.0,0.06123456790123457,OVERSUPPLY,1267.3333333333333,0.0
874,4.1,Orange-S,1254,1266,11.0,63.166666666666664,3.0,1350.0,0.04679012345679012,OVERSUPPLY,1286.8333333333333,0.0
874,4.1,Orange-S,1254,1266,12.0,64.66666666666667,3.0,1350.0,0.04790123456790124,OVERSUPPLY,1285.3333333333333,0.0
874,4.1,Orange-S,1254,1266,13.0,71.16666666666667,3.0,1350.0,0.052716049382716054,OVERSUPPLY,1278.8333333333333,0.0
874,4.1,Orange-S,1254,1266,14.0,79.0,3.0,1350.0,0.05851851851851852,OVERSUPPLY,1271.0,0.0
874,4.1,Orange-S,1254,1266,15.0,142.83333333333334,3.0,1350.0,0.10580246913580248,OVERSUPPLY,1207.1666666666667,0.0
874,4.1,Orange-S,1254,1266,16.0,325.6666666666667,3.0,1350.0,0.24123456790123457,BALANCED,1024.3333333333333,0.0
874,4.1,Orange-S,1254,1266,17.0,598.6666666666666,3.0,1350.0,0.44345679012345673,BALANCED,751.3333333333334,0.0
874,4.1,Orange-S,1254,1266,18.0,627.0,3.0,1350.0,0.46444444444444444,BALANCED,723.0,0.0
874,4.1,Orange-S,1254,1266,19.0,369.6666666666667,3.0,1350.0,0.27382716049382716,BALANCED,980.3333333333333,0.0
874,4.1,Orange-S,1254,1266,20.0,116.5,3.0,1350.0,0.0862962962962963,OVERSUPPLY,1233.5,0.0
874,4.1,Orange-S,1254,1266,21.0,79.66666666666667,3.0,1350.0,0.05901234567901235,OVERSUPPLY,1270.3333333333333,0.0
874,4.1,Orange-S,1254,1266,22.0,69.33333333333333,3.0,1350.0,0.05135802469135802,OVERSUPPLY,1280.6666666666667,0.0
874,4.1,Orange-S,1254,1266,23.0,51.333333333333336,3.0,1350.0,0.03802469135802469,OVERSUPPLY,1298.6666666666667,0.0
876,4.1,Orange-S,1255,1251,5.0,15.666666666666666,3.0,1350.0,0.011604938271604939,OVERSUPPLY,1334.3333333333333,0.0
876,4.1,Orange-S,1255,1251,6.0,356.0,3.0,1350.0,0.2637037037037037,BALANCED,994.0,0.0
876,4.1,Orange-S,1255,1251,7.0,583.1666666666666,3.0,1350.0,0.43197530864197525,BALANCED,766.8333333333334,0.0
876,4.1,Orange-S,1255,1251,8.0,624.3333333333334,3.0,1350.0,0.4624691358024692,BALANCED,725.6666666666666,0.0
876,4.1,Orange-S,1255,1251,9.0,412.8333333333333,3.0,1350.0,0.30580246913580245,BALANCED,937.1666666666667,0.0
876,4.1,Orange-S,1255,1251,10.0,290.1666666666667,3.0,1350.0,0.21493827160493828,BALANCED,1059.8333333333333,0.0
876,4.1,Orange-S,1255,1251,11.0,245.0,3.0,1350.0,0.1814814814814815,OVERSUPPLY,1105.0,0.0
876,4.1,Orange-S,1255,1251,12.0,300.6666666666667,3.0,1350.0,0.22271604938271605,BALANCED,1049.3333333333333,0.0
876,4.1,Orange-S,1255,1251,13.0,296.6666666666667,3.0,1350.0,0.2197530864197531,BALANCED,1053.3333333333333,0.0
876,4.1,Orange-S,1255,1251,14.0,363.3333333333333,3.0,1350.0,0.26913580246913577,BALANCED,986.6666666666667,0.0
876,4.1,Orange-S,1255,1251,15.0,631.1666666666666,3.0,1350.0,0.4675308641975308,BALANCED,718.8333333333334,0.0
876,4.1,Orange-S,1255,1251,16.0,1260.1666666666667,3.0,1350.0,0.9334567901234568,CROWDED,89.83333333333326,0.0
876,4.1,Orange-S,1255,1251,17.0,1997.3333333333333,3.0,1350.0,1.479506172839506,UNDERSUPPLY,0.0,647.3333333333333
876,4.1,Orange-S,1255,1251,18.0,1451.6666666666667,3.0,1350.0,1.0753086419753086,UNDERSUPPLY,0.0,101.66666666666674
876,4.1,Orange-S,1255,1251,19.0,647.0,3.0,1350.0,0.4792592592592593,BALANCED,703.0,0.0
876,4.1,Orange-S,1255,1251,20.0,314.6666666666667,3.0,1350.0,0.23308641975308644,BALANCED,1035.3333333333333,0.0
876,4.1,Orange-S,1255,1251,21.0,191.5,3.0,1350.0,0.14185185185185184,OVERSUPPLY,1158.5,0.0
876,4.1,Orange-S,1255,1251,22.0,157.83333333333334,3.0,1350.0,0.11691358024691359,OVERSUPPLY,1192.1666666666667,0.0
876,4.1,Orange-S,1255,1251,23.0,155.5,3.0,1350.0,0.11518518518518518,OVERSUPPLY,1194.5,0.0
878,4.1,Orange-S,1256,1264,5.0,0.5,3.0,1350.0,0.00037037037037037035,OVERSUPPLY,1349.5,0.0
878,4.1,Orange-S,1256,1264,6.0,285.8333333333333,3.0,1350.0,0.21172839506172839,BALANCED,1064.1666666666667,0.0
878,4.1,Orange-S,1256,1264,7.0,529.5,3.0,1350.0,0.39222222222222225,BALANCED,820.5,0.0
878,4.1,Orange-S,1256,1264,8.0,485.3333333333333,3.0,1350.0,0.35950617283950614,BALANCED,864.6666666666667,0.0
878,4.1,Orange-S,1256,1264,9.0,323.5,3.0,1350.0,0.23962962962962964,BALANCED,1026.5,0.0
878,4.1,Orange-S,1256,1264,10.0,195.33333333333334,3.0,1350.0,0.14469135802469135,OVERSUPPLY,1154.6666666666667,0.0
878,4.1,Orange-S,1256,1264,11.0,168.5,3.0,1350.0,0.12481481481481481,OVERSUPPLY,1181.5,0.0
878,4.1,Orange-S,1256,1264,12.0,219.33333333333334,3.0,1350.0,0.16246913580246913,OVERSUPPLY,1130.6666666666667,0.0
878,4.1,Orange-S,1256,1264,13.0,261.8333333333333,3.0,1350.0,0.1939506172839506,OVERSUPPLY,1088.1666666666667,0.0
878,4.1,Orange-S,1256,1264,14.0,415.1666666666667,3.0,1350.0,0.3075308641975309,BALANCED,934.8333333333333,0.0
878,4.1,Orange-S,1256,1264,15.0,676.5,3.0,1350.0,0.5011111111111111,BALANCED,673.5,0.0
878,4.1,Orange-S,1256,1264,16.0,1428.8333333333333,3.0,1350.0,1.058395061728395,UNDERSUPPLY,0.0,78.83333333333326
878,4.1,Orange-S,1256,1264,17.0,2759.6666666666665,3.0,1350.0,2.0441975308641975,UNDERSUPPLY,0.0,1409.6666666666665
878,4.1,Orange-S,1256,1264,18.0,2772.5,3.0,1350.0,2.053703703703704,UNDERSUPPLY,0.0,1422.5
878,4.1,Orange-S,1256,1264,19.0,1366.0,3.0,1350.0,1.0118518518518518,UNDERSUPPLY,0.0,16.0
878,4.1,Orange-S,1256,1264,20.0,564.1666666666666,3.0,1350.0,0.4179012345679012,BALANCED,785.8333333333334,0.0
878,4.1,Orange-S,1256,1264,21.0,298.8333333333333,3.0,1350.0,0.221358024691358,BALANCED,1051.1666666666667,0.0
878,4.1,Orange-S,1256,1264,22.0,222.16666666666666,3.0,1350.0,0.16456790123456788,OVERSUPPLY,1127.8333333333333,0.0
878,4.1,Orange-S,1256,1264,23.0,202.33333333333334,3.0,1350.0,0.14987654320987656,OVERSUPPLY,1147.6666666666667,0.0
880,4.1,Orange-S,1257,1255,5.0,17.166666666666668,3.0,1350.0,0.01271604938271605,OVERSUPPLY,1332.8333333333333,0.0
880,4.1,Orange-S,1257,1255,6.0,352.0,3.0,1350.0,0.2607407407407407,BALANCED,998.0,0.0
880,4.1,Orange-S,1257,1255,7.0,585.1666666666666,3.0,1350.0,0.4334567901234568,BALANCED,764.8333333333334,0.0
880,4.1,Orange-S,1257,1255,8.0,675.0,3.0,1350.0,0.5,BALANCED,675.0,0.0
880,4.1,Orange-S,1257,1255,9.0,451.5,3.0,1350.0,0.33444444444444443,BALANCED,898.5,0.0
880,4.1,Orange-S,1257,1255,10.0,322.6666666666667,3.0,1350.0,0.23901234567901236,BALANCED,1027.3333333333333,0.0
880,4.1,Orange-S,1257,1255,11.0,292.8333333333333,3.0,1350.0,0.21691358024691357,BALANCED,1057.1666666666667,0.0
880,4.1,Orange-S,1257,1255,12.0,357.5,3.0,1350.0,0.26481481481481484,BALANCED,992.5,0.0
880,4.1,Orange-S,1257,1255,13.0,362.0,3.0,1350.0,0.26814814814814814,BALANCED,988.0,0.0
880,4.1,Orange-S,1257,1255,14.0,441.3333333333333,3.0,1350.0,0.3269135802469136,BALANCED,908.6666666666667,0.0
880,4.1,Orange-S,1257,1255,15.0,752.1666666666666,3.0,1350.0,0.5571604938271605,BALANCED,597.8333333333334,0.0
880,4.1,Orange-S,1257,1255,16.0,1490.0,3.0,1350.0,1.1037037037037036,UNDERSUPPLY,0.0,140.0
880,4.1,Orange-S,1257,1255,17.0,2273.5,3.0,1350.0,1.684074074074074,UNDERSUPPLY,0.0,923.5
880,4.1,Orange-S,1257,1255,18.0,1597.6666666666667,3.0,1350.0,1.183456790123457,UNDERSUPPLY,0.0,247.66666666666674
880,4.1,Orange-S,1257,1255,19.0,745.0,3.0,1350.0,0.5518518518518518,BALANCED,605.0,0.0
880,4.1,Orange-S,1257,1255,20.0,361.5,3.0,1350.0,0.2677777777777778,BALANCED,988.5,0.0
880,4.1,Orange-S,1257,1255,21.0,248.83333333333334,3.0,1350.0,0.184320987654321,OVERSUPPLY,1101.1666666666667,0.0
880,4.1,Orange-S,1257,1255,22.0,182.66666666666666,3.0,1350.0,0.13530864197530865,OVERSUPPLY,1167.3333333333333,0.0
880,4.1,Orange-S,1257,1255,23.0,179.66666666666666,3.0,1350.0,0.1330864197530864,OVERSUPPLY,1170.3333333333333,0.0
886,4.1,Orange-S,1260,1252,5.0,48.333333333333336,3.0,1350.0,0.03580246913580247,OVERSUPPLY,1301.6666666666667,0.0
886,4.1,Orange-S,1260,1252,6.0,158.83333333333334,3.0,1350.0,0.11765432098765433,OVERSUPPLY,1191.1666666666667,0.0
886,4.1,Orange-S,1260,1252,7.0,419.5,3.0,1350.0,0.31074074074074076,BALANCED,930.5,0.0
886,4.1,Orange-S,1260,1252,8.0,553.8333333333334,3.0,1350.0,0.41024691358024695,BALANCED,796.1666666666666,0.0
886,4.1,Orange-S,1260,1252,9.0,344.33333333333337,3.0,1350.0,0.25506172839506175,BALANCED,1005.6666666666666,0.0
886,4.1,Orange-S,1260,1252,10.0,232.0,3.0,1350.0,0.17185185185185184,OVERSUPPLY,1118.0,0.0
886,4.1,Orange-S,1260,1252,11.0,121.0,3.0,1350.0,0.08962962962962963,OVERSUPPLY,1229.0,0.0
886,4.1,Orange-S,1260,1252,12.0,119.83333333333333,3.0,1350.0,0.08876543209876543,OVERSUPPLY,1230.1666666666667,0.0
886,4.1,Orange-S,1260,1252,13.0,116.33333333333333,3.0,1350.0,0.08617283950617284,OVERSUPPLY,1233.6666666666667,0.0
886,4.1,Orange-S,1260,1252,14.0,91.0,3.0,1350.0,0.0674074074074074,OVERSUPPLY,1259.0,0.0
886,4.1,Orange-S,1260,1252,15.0,101.33333333333333,3.0,1350.0,0.07506172839506173,OVERSUPPLY,1248.6666666666667,0.0
886,4.1,Orange-S,1260,1252,16.0,99.66666666666667,3.0,1350.0,0.07382716049382716,OVERSUPPLY,1250.3333333333333,0.0
886,4.1,Orange-S,1260,1252,17.0,117.5,3.0,1350.0,0.08703703703703704,OVERSUPPLY,1232.5,0.0
886,4.1,Orange-S,1260,1252,18.0,94.5,3.0,1350.0,0.07,OVERSUPPLY,1255.5,0.0
886,4.1,Orange-S,1260,1252,19.0,52.166666666666664,3.0,1350.0,0.038641975308641975,OVERSUPPLY,1297.8333333333333,0.0
886,4.1,Orange-S,1260,1252,20.0,28.333333333333336,3.0,1350.0,0.020987654320987655,OVERSUPPLY,1321.6666666666667,0.0
886,4.1,Orange-S,1260,1252,21.0,22.166666666666668,3.0,1350.0,0.016419753086419756,OVERSUPPLY,1327.8333333333333,0.0
886,4.1,Orange-S,1260,1252,22.0,17.833333333333332,3.0,1350.0,0.013209876543209875,OVERSUPPLY,1332.1666666666667,0.0
886,4.1,Orange-S,1260,1252,23.0,9.833333333333334,3.0,1350.0,0.007283950617283951,OVERSUPPLY,1340.1666666666667,0.0
888,4.1,Orange-S,1261,1260,5.0,566.0,3.0,1350.0,0.4192592592592593,BALANCED,784.0,0.0
888,4.1,Orange-S,1261,1260,6.0,1638.5,3.0,1350.0,1.2137037037037037,UNDERSUPPLY,0.0,288.5
888,4.1,Orange-S,1261,1260,7.0,2963.1666666666665,3.0,1350.0,2.194938271604938,UNDERSUPPLY,0.0,1613.1666666666665
888,4.1,Orange-S,1261,1260,8.0,3615.8333333333335,3.0,1350.0,2.6783950617283954,UNDERSUPPLY,0.0,2265.8333333333335
888,4.1,Orange-S,1261,1260,9.0,2380.3333333333335,3.0,1350.0,1.76320987654321,UNDERSUPPLY,0.0,1030.3333333333335
888,4.1,Orange-S,1261,1260,10.0,1264.5,3.0,1350.0,0.9366666666666666,CROWDED,85.5,0.0
888,4.1,Orange-S,1261,1260,11.0,736.5,3.0,1350.0,0.5455555555555556,BALANCED,613.5,0.0
888,4.1,Orange-S,1261,1260,12.0,613.8333333333334,3.0,1350.0,0.4546913580246914,BALANCED,736.1666666666666,0.0
888,4.1,Orange-S,1261,1260,13.0,541.6666666666666,3.0,1350.0,0.4012345679012345,BALANCED,808.3333333333334,0.0
888,4.1,Orange-S,1261,1260,14.0,498.6666666666667,3.0,1350.0,0.3693827160493827,BALANCED,851.3333333333333,0.0
888,4.1,Orange-S,1261,1260,15.0,465.8333333333333,3.0,1350.0,0.3450617283950617,BALANCED,884.1666666666667,0.0
888,4.1,Orange-S,1261,1260,16.0,478.0,3.0,1350.0,0.3540740740740741,BALANCED,872.0,0.0
888,4.1,Orange-S,1261,1260,17.0,551.0,3.0,1350.0,0.40814814814814815,BALANCED,799.0,0.0
888,4.1,Orange-S,1261,1260,18.0,464.0,3.0,1350.0,0.3437037037037037,BALANCED,886.0,0.0
888,4.1,Orange-S,1261,1260,19.0,290.6666666666667,3.0,1350.0,0.21530864197530866,BALANCED,1059.3333333333333,0.0
888,4.1,Orange-S,1261,1260,20.0,142.0,3.0,1350.0,0.10518518518518519,OVERSUPPLY,1208.0,0.0
888,4.1,Orange-S,1261,1260,21.0,113.0,3.0,1350.0,0.0837037037037037,OVERSUPPLY,1237.0,0.0
888,4.1,Orange-S,1261,1260,22.0,109.66666666666667,3.0,1350.0,0.08123456790123457,OVERSUPPLY,1240.3333333333333,0.0
888,4.1,Orange-S,1261,1260,23.0,53.666666666666664,3.0,1350.0,0.039753086419753086,OVERSUPPLY,1296.3333333333333,0.0
890,4.1,Orange-S,1262,1253,5.0,166.16666666666666,3.0,1350.0,0.12308641975308642,OVERSUPPLY,1183.8333333333333,0.0
890,4.1,Orange-S,1262,1253,6.0,471.6666666666667,3.0,1350.0,0.34938271604938276,BALANCED,878.3333333333333,0.0
890,4.1,Orange-S,1262,1253,7.0,839.5,3.0,1350.0,0.6218518518518519,BALANCED,510.5,0.0
890,4.1,Orange-S,1262,1253,8.0,856.1666666666666,3.0,1350.0,0.6341975308641975,BALANCED,493.83333333333337,0.0
890,4.1,Orange-S,1262,1253,9.0,546.8333333333334,3.0,1350.0,0.40506172839506177,BALANCED,803.1666666666666,0.0
890,4.1,Orange-S,1262,1253,10.0,316.6666666666667,3.0,1350.0,0.23456790123456792,BALANCED,1033.3333333333333,0.0
890,4.1,Orange-S,1262,1253,11.0,182.83333333333334,3.0,1350.0,0.1354320987654321,OVERSUPPLY,1167.1666666666667,0.0
890,4.1,Orange-S,1262,1253,12.0,166.66666666666666,3.0,1350.0,0.12345679012345678,OVERSUPPLY,1183.3333333333333,0.0
890,4.1,Orange-S,1262,1253,13.0,149.16666666666666,3.0,1350.0,0.11049382716049382,OVERSUPPLY,1200.8333333333333,0.0
890,4.1,Orange-S,1262,1253,14.0,158.16666666666666,3.0,1350.0,0.11716049382716048,OVERSUPPLY,1191.8333333333333,0.0
890,4.1,Orange-S,1262,1253,15.0,146.0,3.0,1350.0,0.10814814814814815,OVERSUPPLY,1204.0,0.0
890,4.1,Orange-S,1262,1253,16.0,163.5,3.0,1350.0,0.12111111111111111,OVERSUPPLY,1186.5,0.0
890,4.1,Orange-S,1262,1253,17.0,180.0,3.0,1350.0,0.13333333333333333,OVERSUPPLY,1170.0,0.0
890,4.1,Orange-S,1262,1253,18.0,133.16666666666666,3.0,1350.0,0.09864197530864197,OVERSUPPLY,1216.8333333333333,0.0
890,4.1,Orange-S,1262,1253,19.0,85.83333333333333,3.0,1350.0,0.06358024691358025,OVERSUPPLY,1264.1666666666667,0.0
890,4.1,Orange-S,1262,1253,20.0,41.0,3.0,1350.0,0.03037037037037037,OVERSUPPLY,1309.0,0.0
890,4.1,Orange-S,1262,1253,21.0,36.333333333333336,3.0,1350.0,0.026913580246913583,OVERSUPPLY,1313.6666666666667,0.0
890,4.1,Orange-S,1262,1253,22.0,33.5,3.0,1350.0,0.024814814814814814,OVERSUPPLY,1316.5,0.0
890,4.1,Orange-S,1262,1253,23.0,13.833333333333332,3.0,1350.0,0.010246913580246913,OVERSUPPLY,1336.1666666666667,0.0
892,4.1,Orange-S,1263,1249,6.0,30.166666666666668,3.0,1350.0,0.02234567901234568,OVERSUPPLY,1319.8333333333333,0.0
892,4.1,Orange-S,1263,1249,7.0,36.83333333333333,3.0,1350.0,0.027283950617283947,OVERSUPPLY,1313.1666666666667,0.0
892,4.1,Orange-S,1263,1249,8.0,29.666666666666664,3.0,1350.0,0.021975308641975305,OVERSUPPLY,1320.3333333333333,0.0
892,4.1,Orange-S,1263,1249,9.0,19.833333333333332,3.0,1350.0,0.014691358024691356,OVERSUPPLY,1330.1666666666667,0.0
892,4.1,Orange-S,1263,1249,10.0,9.166666666666668,3.0,1350.0,0.006790123456790124,OVERSUPPLY,1340.8333333333333,0.0
892,4.1,Orange-S,1263,1249,11.0,9.0,3.0,1350.0,0.006666666666666667,OVERSUPPLY,1341.0,0.0
892,4.1,Orange-S,1263,1249,12.0,9.0,3.0,1350.0,0.006666666666666667,OVERSUPPLY,1341.0,0.0
892,4.1,Orange-S,1263,1249,13.0,8.833333333333332,3.0,1350.0,0.006543209876543209,OVERSUPPLY,1341.1666666666667,0.0
892,4.1,Orange-S,1263,1249,14.0,10.166666666666666,3.0,1350.0,0.007530864197530864,OVERSUPPLY,1339.8333333333333,0.0
892,4.1,Orange-S,1263,1249,15.0,16.0,3.0,1350.0,0.011851851851851851,OVERSUPPLY,1334.0,0.0
892,4.1,Orange-S,1263,1249,16.0,17.833333333333332,3.0,1350.0,0.013209876543209875,OVERSUPPLY,1332.1666666666667,0.0
892,4.1,Orange-S,1263,1249,17.0,20.666666666666668,3.0,1350.0,0.015308641975308642,OVERSUPPLY,1329.3333333333333,0.0
892,4.1,Orange-S,1263,1249,18.0,19.666666666666664,3.0,1350.0,0.0145679012345679,OVERSUPPLY,1330.3333333333333,0.0
892,4.1,Orange-S,1263,1249,19.0,9.5,3.0,1350.0,0.007037037037037037,OVERSUPPLY,1340.5,0.0
892,4.1,Orange-S,1263,1249,20.0,4.5,3.0,1350.0,0.0033333333333333335,OVERSUPPLY,1345.5,0.0
892,4.1,Orange-S,1263,1249,21.0,4.666666666666667,3.0,1350.0,0.0034567901234567903,OVERSUPPLY,1345.3333333333333,0.0
892,4.1,Orange-S,1263,1249,22.0,3.333333333333333,3.0,1350.0,0.0024691358024691358,OVERSUPPLY,1346.6666666666667,0.0
892,4.1,Orange-S,1263,1249,23.0,3.0,3.0,1350.0,0.0022222222222222222,OVERSUPPLY,1347.0,0.0
894,4.1,Orange-S,1264,1265,5.0,0.16666666666666666,3.0,1350.0,0.0001234567901234568,OVERSUPPLY,1349.8333333333333,0.0
894,4.1,Orange-S,1264,1265,6.0,253.33333333333334,3.0,1350.0,0.18765432098765433,OVERSUPPLY,1096.6666666666667,0.0
894,4.1,Orange-S,1264,1265,7.0,492.8333333333333,3.0,1350.0,0.36506172839506174,BALANCED,857.1666666666667,0.0
894,4.1,Orange-S,1264,1265,8.0,467.5,3.0,1350.0,0.34629629629629627,BALANCED,882.5,0.0
894,4.1,Orange-S,1264,1265,9.0,304.0,3.0,1350.0,0.22518518518518518,BALANCED,1046.0,0.0
894,4.1,Orange-S,1264,1265,10.0,175.0,3.0,1350.0,0.12962962962962962,OVERSUPPLY,1175.0,0.0
894,4.1,Orange-S,1264,1265,11.0,149.33333333333334,3.0,1350.0,0.11061728395061729,OVERSUPPLY,1200.6666666666667,0.0
894,4.1,Orange-S,1264,1265,12.0,183.33333333333334,3.0,1350.0,0.1358024691358025,OVERSUPPLY,1166.6666666666667,0.0
894,4.1,Orange-S,1264,1265,13.0,211.5,3.0,1350.0,0.15666666666666668,OVERSUPPLY,1138.5,0.0
894,4.1,Orange-S,1264,1265,14.0,336.1666666666667,3.0,1350.0,0.24901234567901237,BALANCED,1013.8333333333333,0.0
894,4.1,Orange-S,1264,1265,15.0,496.5,3.0,1350.0,0.36777777777777776,BALANCED,853.5,0.0
894,4.1,Orange-S,1264,1265,16.0,1120.1666666666667,3.0,1350.0,0.8297530864197531,CROWDED,229.83333333333326,0.0
894,4.1,Orange-S,1264,1265,17.0,2273.5,3.0,1350.0,1.684074074074074,UNDERSUPPLY,0.0,923.5
894,4.1,Orange-S,1264,1265,18.0,2383.5,3.0,1350.0,1.7655555555555555,UNDERSUPPLY,0.0,1033.5
894,4.1,Orange-S,1264,1265,19.0,1187.3333333333333,3.0,1350.0,0.8795061728395062,CROWDED,162.66666666666674,0.0
894,4.1,Orange-S,1264,1265,20.0,487.1666666666667,3.0,1350.0,0.36086419753086424,BALANCED,862.8333333333333,0.0
894,4.1,Orange-S,1264,1265,21.0,237.16666666666666,3.0,1350.0,0.175679012345679,OVERSUPPLY,1112.8333333333333,0.0
894,4.1,Orange-S,1264,1265,22.0,195.5,3.0,1350.0,0.1448148148148148,OVERSUPPLY,1154.5,0.0
894,4.1,Orange-S,1264,1265,23.0,161.5,3.0,1350.0,0.11962962962962963,OVERSUPPLY,1188.5,0.0
896,4.1,Orange-S,1265,1254,6.0,177.5,3.0,1350.0,0.13148148148148148,OVERSUPPLY,1172.5,0.0
896,4.1,Orange-S,1265,1254,7.0,373.8333333333333,3.0,1350.0,0.2769135802469136,BALANCED,976.1666666666667,0.0
896,4.1,Orange-S,1265,1254,8.0,364.6666666666667,3.0,1350.0,0.27012345679012345,BALANCED,985.3333333333333,0.0
896,4.1,Orange-S,1265,1254,9.0,239.5,3.0,1350.0,0.1774074074074074,OVERSUPPLY,1110.5,0.0
896,4.1,Orange-S,1265,1254,10.0,140.16666666666666,3.0,1350.0,0.10382716049382715,OVERSUPPLY,1209.8333333333333,0.0
896,4.1,Orange-S,1265,1254,11.0,117.0,3.0,1350.0,0.08666666666666667,OVERSUPPLY,1233.0,0.0
896,4.1,Orange-S,1265,1254,12.0,126.83333333333333,3.0,1350.0,0.09395061728395061,OVERSUPPLY,1223.1666666666667,0.0
896,4.1,Orange-S,1265,1254,13.0,157.16666666666666,3.0,1350.0,0.11641975308641975,OVERSUPPLY,1192.8333333333333,0.0
896,4.1,Orange-S,1265,1254,14.0,239.33333333333334,3.0,1350.0,0.17728395061728397,OVERSUPPLY,1110.6666666666667,0.0
896,4.1,Orange-S,1265,1254,15.0,317.6666666666667,3.0,1350.0,0.23530864197530865,BALANCED,1032.3333333333333,0.0
896,4.1,Orange-S,1265,1254,16.0,740.5,3.0,1350.0,0.5485185185185185,BALANCED,609.5,0.0
896,4.1,Orange-S,1265,1254,17.0,1573.1666666666667,3.0,1350.0,1.1653086419753087,UNDERSUPPLY,0.0,223.16666666666674
896,4.1,Orange-S,1265,1254,18.0,1599.6666666666667,3.0,1350.0,1.1849382716049384,UNDERSUPPLY,0.0,249.66666666666674
896,4.1,Orange-S,1265,1254,19.0,868.1666666666667,3.0,1350.0,0.6430864197530864,BALANCED,481.83333333333326,0.0
896,4.1,Orange-S,1265,1254,20.0,311.5,3.0,1350.0,0.23074074074074075,BALANCED,1038.5,0.0
896,4.1,Orange-S,1265,1254,21.0,148.83333333333334,3.0,1350.0,0.11024691358024692,OVERSUPPLY,1201.1666666666667,0.0
896,4.1,Orange-S,1265,1254,22.0,147.0,3.0,1350.0,0.10888888888888888,OVERSUPPLY,1203.0,0.0
896,4.1,Orange-S,1265,1254,23.0,100.66666666666667,3.0,1350.0,0.0745679012345679,OVERSUPPLY,1249.3333333333333,0.0
900,5.1,Green-S,1267,1269,5.0,8.666666666666666,3.0,1350.0,0.006419753086419753,OVERSUPPLY,1341.3333333333333,0.0
900,5.1,Green-S,1267,1269,6.0,29.5,3.0,1350.0,0.02185185185185185,OVERSUPPLY,1320.5,0.0
900,5.1,Green-S,1267,1269,7.0,51.5,3.0,1350.0,0.038148148148148146,OVERSUPPLY,1298.5,0.0
900,5.1,Green-S,1267,1269,8.0,60.0,3.0,1350.0,0.044444444444444446,OVERSUPPLY,1290.0,0.0
900,5.1,Green-S,1267,1269,9.0,39.83333333333333,3.0,1350.0,0.02950617283950617,OVERSUPPLY,1310.1666666666667,0.0
900,5.1,Green-S,1267,1269,10.0,21.166666666666668,3.0,1350.0,0.015679012345679012,OVERSUPPLY,1328.8333333333333,0.0
900,5.1,Green-S,1267,1269,11.0,20.333333333333332,3.0,1350.0,0.015061728395061728,OVERSUPPLY,1329.6666666666667,0.0
900,5.1,Green-S,1267,1269,12.0,12.5,3.0,1350.0,0.009259259259259259,OVERSUPPLY,1337.5,0.0
900,5.1,Green-S,1267,1269,13.0,8.5,3.0,1350.0,0.006296296296296296,OVERSUPPLY,1341.5,0.0
900,5.1,Green-S,1267,1269,14.0,9.5,3.0,1350.0,0.007037037037037037,OVERSUPPLY,1340.5,0.0
900,5.1,Green-S,1267,1269,15.0,8.666666666666666,3.0,1350.0,0.006419753086419753,OVERSUPPLY,1341.3333333333333,0.0
900,5.1,Green-S,1267,1269,16.0,7.5,3.0,1350.0,0.005555555555555556,OVERSUPPLY,1342.5,0.0
900,5.1,Green-S,1267,1269,17.0,10.0,3.0,1350.0,0.007407407407407408,OVERSUPPLY,1340.0,0.0
900,5.1,Green-S,1267,1269,18.0,13.833333333333332,3.0,1350.0,0.010246913580246913,OVERSUPPLY,1336.1666666666667,0.0
902,5.1,Green-S,1268,1270,5.0,8.666666666666666,3.0,1350.0,0.006419753086419753,OVERSUPPLY,1341.3333333333333,0.0
902,5.1,Green-S,1268,1270,6.0,44.0,3.0,1350.0,0.03259259259259259,OVERSUPPLY,1306.0,0.0
902,5.1,Green-S,1268,1270,7.0,76.66666666666667,3.0,1350.0,0.056790123456790124,OVERSUPPLY,1273.3333333333333,0.0
902,5.1,Green-S,1268,1270,8.0,96.33333333333333,3.0,1350.0,0.07135802469135802,OVERSUPPLY,1253.6666666666667,0.0
902,5.1,Green-S,1268,1270,9.0,68.33333333333333,3.0,1350.0,0.05061728395061728,OVERSUPPLY,1281.6666666666667,0.0
902,5.1,Green-S,1268,1270,10.0,41.166666666666664,3.0,1350.0,0.030493827160493824,OVERSUPPLY,1308.8333333333333,0.0
902,5.1,Green-S,1268,1270,11.0,29.833333333333332,3.0,1350.0,0.022098765432098766,OVERSUPPLY,1320.1666666666667,0.0
902,5.1,Green-S,1268,1270,12.0,21.5,3.0,1350.0,0.015925925925925927,OVERSUPPLY,1328.5,0.0
902,5.1,Green-S,1268,1270,13.0,16.0,3.0,1350.0,0.011851851851851851,OVERSUPPLY,1334.0,0.0
902,5.1,Green-S,1268,1270,14.0,16.833333333333332,3.0,1350.0,0.012469135802469136,OVERSUPPLY,1333.1666666666667,0.0
902,5.1,Green-S,1268,1270,15.0,14.833333333333332,3.0,1350.0,0.010987654320987653,OVERSUPPLY,1335.1666666666667,0.0
902,5.1,Green-S,1268,1270,16.0,15.0,3.0,1350.0,0.011111111111111112,OVERSUPPLY,1335.0,0.0
902,5.1,Green-S,1268,1270,17.0,20.0,3.0,1350.0,0.014814814814814815,OVERSUPPLY,1330.0,0.0
902,5.1,Green-S,1268,1270,18.0,26.5,3.0,1350.0,0.01962962962962963,OVERSUPPLY,1323.5,0.0
904,5.1,Green-S,1269,1287,5.0,3.1666666666666665,3.0,1350.0,0.002345679012345679,OVERSUPPLY,1346.8333333333333,0.0
904,5.1,Green-S,1269,1287,6.0,16.333333333333332,3.0,1350.0,0.012098765432098764,OVERSUPPLY,1333.6666666666667,0.0
904,5.1,Green-S,1269,1287,7.0,37.166666666666664,3.0,1350.0,0.027530864197530862,OVERSUPPLY,1312.8333333333333,0.0
904,5.1,Green-S,1269,1287,8.0,45.0,3.0,1350.0,0.03333333333333333,OVERSUPPLY,1305.0,0.0
904,5.1,Green-S,1269,1287,9.0,29.833333333333332,3.0,1350.0,0.022098765432098766,OVERSUPPLY,1320.1666666666667,0.0
904,5.1,Green-S,1269,1287,10.0,14.666666666666666,3.0,1350.0,0.010864197530864197,OVERSUPPLY,1335.3333333333333,0.0
904,5.1,Green-S,1269,1287,11.0,16.833333333333332,3.0,1350.0,0.012469135802469136,OVERSUPPLY,1333.1666666666667,0.0
904,5.1,Green-S,1269,1287,12.0,10.0,3.0,1350.0,0.007407407407407408,OVERSUPPLY,1340.0,0.0
904,5.1,Green-S,1269,1287,13.0,6.833333333333333,3.0,1350.0,0.005061728395061728,OVERSUPPLY,1343.1666666666667,0.0
904,5.1,Green-S,1269,1287,14.0,6.666666666666666,3.0,1350.0,0.0049382716049382715,OVERSUPPLY,1343.3333333333333,0.0
904,5.1,Green-S,1269,1287,15.0,6.5,3.0,1350.0,0.004814814814814815,OVERSUPPLY,1343.5,0.0
904,5.1,Green-S,1269,1287,16.0,3.833333333333333,3.0,1350.0,0.002839506172839506,OVERSUPPLY,1346.1666666666667,0.0
904,5.1,Green-S,1269,1287,17.0,6.166666666666667,3.0,1350.0,0.004567901234567902,OVERSUPPLY,1343.8333333333333,0.0
904,5.1,Green-S,1269,1287,18.0,9.666666666666666,3.0,1350.0,0.007160493827160493,OVERSUPPLY,1340.3333333333333,0.0
906,5.1,Green-S,1270,1288,5.0,3.1666666666666665,3.0,1350.0,0.002345679012345679,OVERSUPPLY,1346.8333333333333,0.0
906,5.1,Green-S,1270,1288,6.0,24.833333333333332,3.0,1350.0,0.01839506172839506,OVERSUPPLY,1325.1666666666667,0.0
906,5.1,Green-S,1270,1288,7.0,54.0,3.0,1350.0,0.04,OVERSUPPLY,1296.0,0.0
906,5.1,Green-S,1270,1288,8.0,73.33333333333333,3.0,1350.0,0.05432098765432099,OVERSUPPLY,1276.6666666666667,0.0
906,5.1,Green-S,1270,1288,9.0,52.166666666666664,3.0,1350.0,0.038641975308641975,OVERSUPPLY,1297.8333333333333,0.0
906,5.1,Green-S,1270,1288,10.0,31.0,3.0,1350.0,0.022962962962962963,OVERSUPPLY,1319.0,0.0
906,5.1,Green-S,1270,1288,11.0,24.166666666666664,3.0,1350.0,0.01790123456790123,OVERSUPPLY,1325.8333333333333,0.0
906,5.1,Green-S,1270,1288,12.0,17.5,3.0,1350.0,0.012962962962962963,OVERSUPPLY,1332.5,0.0
906,5.1,Green-S,1270,1288,13.0,13.333333333333334,3.0,1350.0,0.009876543209876543,OVERSUPPLY,1336.6666666666667,0.0
906,5.1,Green-S,1270,1288,14.0,12.666666666666666,3.0,1350.0,0.009382716049382716,OVERSUPPLY,1337.3333333333333,0.0
906,5.1,Green-S,1270,1288,15.0,12.0,3.0,1350.0,0.008888888888888889,OVERSUPPLY,1338.0,0.0
906,5.1,Green-S,1270,1288,16.0,7.833333333333333,3.0,1350.0,0.005802469135802469,OVERSUPPLY,1342.1666666666667,0.0
906,5.1,Green-S,1270,1288,17.0,12.5,3.0,1350.0,0.009259259259259259,OVERSUPPLY,1337.5,0.0
906,5.1,Green-S,1270,1288,18.0,17.833333333333332,3.0,1350.0,0.013209876543209875,OVERSUPPLY,1332.1666666666667,0.0
908,5.1,Green-S,1271,1280,5.0,0.3333333333333333,3.0,1350.0,0.0002469135802469136,OVERSUPPLY,1349.6666666666667,0.0
908,5.1,Green-S,1271,1280,6.0,6.5,3.0,1350.0,0.004814814814814815,OVERSUPPLY,1343.5,0.0
908,5.1,Green-S,1271,1280,7.0,20.0,3.0,1350.0,0.014814814814814815,OVERSUPPLY,1330.0,0.0
908,5.1,Green-S,1271,1280,8.0,28.666666666666668,3.0,1350.0,0.02123456790123457,OVERSUPPLY,1321.3333333333333,0.0
908,5.1,Green-S,1271,1280,9.0,23.5,3.0,1350.0,0.017407407407407406,OVERSUPPLY,1326.5,0.0
908,5.1,Green-S,1271,1280,10.0,12.333333333333334,3.0,1350.0,0.009135802469135803,OVERSUPPLY,1337.6666666666667,0.0
908,5.1,Green-S,1271,1280,11.0,14.0,3.0,1350.0,0.01037037037037037,OVERSUPPLY,1336.0,0.0
908,5.1,Green-S,1271,1280,12.0,7.333333333333333,3.0,1350.0,0.005432098765432099,OVERSUPPLY,1342.6666666666667,0.0
908,5.1,Green-S,1271,1280,13.0,5.5,3.0,1350.0,0.004074074074074074,OVERSUPPLY,1344.5,0.0
908,5.1,Green-S,1271,1280,14.0,4.0,3.0,1350.0,0.002962962962962963,OVERSUPPLY,1346.0,0.0
908,5.1,Green-S,1271,1280,15.0,4.333333333333333,3.0,1350.0,0.0032098765432098763,OVERSUPPLY,1345.6666666666667,0.0
908,5.1,Green-S,1271,1280,16.0,1.3333333333333333,3.0,1350.0,0.0009876543209876543,OVERSUPPLY,1348.6666666666667,0.0
908,5.1,Green-S,1271,1280,17.0,2.6666666666666665,3.0,1350.0,0.0019753086419753087,OVERSUPPLY,1347.3333333333333,0.0
908,5.1,Green-S,1271,1280,18.0,3.5,3.0,1350.0,0.0025925925925925925,OVERSUPPLY,1346.5,0.0
910,5.1,Green-S,1272,1281,5.0,0.3333333333333333,3.0,1350.0,0.0002469135802469136,OVERSUPPLY,1349.6666666666667,0.0
910,5.1,Green-S,1272,1281,6.0,10.5,3.0,1350.0,0.0077777777777777776,OVERSUPPLY,1339.5,0.0
910,5.1,Green-S,1272,1281,7.0,30.166666666666668,3.0,1350.0,0.02234567901234568,OVERSUPPLY,1319.8333333333333,0.0
910,5.1,Green-S,1272,1281,8.0,51.833333333333336,3.0,1350.0,0.03839506172839506,OVERSUPPLY,1298.1666666666667,0.0
910,5.1,Green-S,1272,1281,9.0,42.166666666666664,3.0,1350.0,0.031234567901234567,OVERSUPPLY,1307.8333333333333,0.0
910,5.1,Green-S,1272,1281,10.0,26.5,3.0,1350.0,0.01962962962962963,OVERSUPPLY,1323.5,0.0
910,5.1,Green-S,1272,1281,11.0,20.0,3.0,1350.0,0.014814814814814815,OVERSUPPLY,1330.0,0.0
910,5.1,Green-S,1272,1281,12.0,12.666666666666666,3.0,1350.0,0.009382716049382716,OVERSUPPLY,1337.3333333333333,0.0
910,5.1,Green-S,1272,1281,13.0,11.333333333333334,3.0,1350.0,0.008395061728395062,OVERSUPPLY,1338.6666666666667,0.0
910,5.1,Green-S,1272,1281,14.0,7.833333333333333,3.0,1350.0,0.005802469135802469,OVERSUPPLY,1342.1666666666667,0.0
910,5.1,Green-S,1272,1281,15.0,7.0,3.0,1350.0,0.005185185185185185,OVERSUPPLY,1343.0,0.0
910,5.1,Green-S,1272,1281,16.0,3.3333333333333335,3.0,1350.0,0.0024691358024691358,OVERSUPPLY,1346.6666666666667,0.0
910,5.1,Green-S,1272,1281,17.0,4.5,3.0,1350.0,0.0033333333333333335,OVERSUPPLY,1345.5,0.0
910,5.1,Green-S,1272,1281,18.0,8.333333333333332,3.0,1350.0,0.006172839506172838,OVERSUPPLY,1341.6666666666667,0.0
912,5.1,Green-S,1273,1298,5.0,74.0,3.0,1350.0,0.054814814814814816,OVERSUPPLY,1276.0,0.0
912,5.1,Green-S,1273,1298,6.0,212.16666666666669,3.0,1350.0,0.15716049382716052,OVERSUPPLY,1137.8333333333333,0.0
912,5.1,Green-S,1273,1298,7.0,331.1666666666667,3.0,1350.0,0.24530864197530866,BALANCED,1018.8333333333333,0.0
912,5.1,Green-S,1273,1298,8.0,460.5,3.0,1350.0,0.3411111111111111,BALANCED,889.5,0.0
912,5.1,Green-S,1273,1298,9.0,308.6666666666667,3.0,1350.0,0.228641975308642,BALANCED,1041.3333333333333,0.0
912,5.1,Green-S,1273,1298,10.0,132.0,3.0,1350.0,0.09777777777777778,OVERSUPPLY,1218.0,0.0
912,5.1,Green-S,1273,1298,11.0,81.0,3.0,1350.0,0.06,OVERSUPPLY,1269.0,0.0
912,5.1,Green-S,1273,1298,12.0,54.5,3.0,1350.0,0.04037037037037037,OVERSUPPLY,1295.5,0.0
912,5.1,Green-S,1273,1298,13.0,42.833333333333336,3.0,1350.0,0.0317283950617284,OVERSUPPLY,1307.1666666666667,0.0
912,5.1,Green-S,1273,1298,14.0,40.333333333333336,3.0,1350.0,0.029876543209876545,OVERSUPPLY,1309.6666666666667,0.0
912,5.1,Green-S,1273,1298,15.0,32.166666666666664,3.0,1350.0,0.02382716049382716,OVERSUPPLY,1317.8333333333333,0.0
912,5.1,Green-S,1273,1298,16.0,28.333333333333332,3.0,1350.0,0.020987654320987655,OVERSUPPLY,1321.6666666666667,0.0
912,5.1,Green-S,1273,1298,17.0,28.666666666666668,3.0,1350.0,0.02123456790123457,OVERSUPPLY,1321.3333333333333,0.0
912,5.1,Green-S,1273,1298,18.0,30.0,3.0,1350.0,0.022222222222222223,OVERSUPPLY,1320.0,0.0
914,5.1,Green-S,1274,1299,5.0,80.83333333333333,3.0,1350.0,0.05987654320987654,OVERSUPPLY,1269.1666666666667,0.0
914,5.1,Green-S,1274,1299,6.0,394.6666666666667,3.0,1350.0,0.2923456790123457,BALANCED,955.3333333333333,0.0
914,5.1,Green-S,1274,1299,7.0,656.6666666666666,3.0,1350.0,0.4864197530864197,BALANCED,693.3333333333334,0.0
914,5.1,Green-S,1274,1299,8.0,1392.0,3.0,1350.0,1.031111111111111,UNDERSUPPLY,0.0,42.0
914,5.1,Green-S,1274,1299,9.0,1315.6666666666667,3.0,1350.0,0.9745679012345679,CROWDED,34.33333333333326,0.0
914,5.1,Green-S,1274,1299,10.0,566.1666666666666,3.0,1350.0,0.4193827160493827,BALANCED,783.8333333333334,0.0
914,5.1,Green-S,1274,1299,11.0,229.0,3.0,1350.0,0.16962962962962963,OVERSUPPLY,1121.0,0.0
914,5.1,Green-S,1274,1299,12.0,128.66666666666666,3.0,1350.0,0.09530864197530864,OVERSUPPLY,1221.3333333333333,0.0
914,5.1,Green-S,1274,1299,13.0,96.33333333333333,3.0,1350.0,0.07135802469135802,OVERSUPPLY,1253.6666666666667,0.0
914,5.1,Green-S,1274,1299,14.0,84.33333333333333,3.0,1350.0,0.062469135802469135,OVERSUPPLY,1265.6666666666667,0.0
914,5.1,Green-S,1274,1299,15.0,78.0,3.0,1350.0,0.057777777777777775,OVERSUPPLY,1272.0,0.0
914,5.1,Green-S,1274,1299,16.0,86.33333333333333,3.0,1350.0,0.06395061728395061,OVERSUPPLY,1263.6666666666667,0.0
914,5.1,Green-S,1274,1299,17.0,121.16666666666667,3.0,1350.0,0.08975308641975309,OVERSUPPLY,1228.8333333333333,0.0
914,5.1,Green-S,1274,1299,18.0,126.33333333333333,3.0,1350.0,0.09358024691358025,OVERSUPPLY,1223.6666666666667,0.0
918,5.1,Green-S,1276,1267,5.0,14.0,3.0,1350.0,0.01037037037037037,OVERSUPPLY,1336.0,0.0
918,5.1,Green-S,1276,1267,6.0,51.666666666666664,3.0,1350.0,0.0382716049382716,OVERSUPPLY,1298.3333333333333,0.0
918,5.1,Green-S,1276,1267,7.0,97.33333333333333,3.0,1350.0,0.07209876543209877,OVERSUPPLY,1252.6666666666667,0.0
918,5.1,Green-S,1276,1267,8.0,98.33333333333333,3.0,1350.0,0.0728395061728395,OVERSUPPLY,1251.6666666666667,0.0
918,5.1,Green-S,1276,1267,9.0,60.83333333333333,3.0,1350.0,0.04506172839506172,OVERSUPPLY,1289.1666666666667,0.0
918,5.1,Green-S,1276,1267,10.0,29.833333333333332,3.0,1350.0,0.022098765432098766,OVERSUPPLY,1320.1666666666667,0.0
918,5.1,Green-S,1276,1267,11.0,23.0,3.0,1350.0,0.017037037037037038,OVERSUPPLY,1327.0,0.0
918,5.1,Green-S,1276,1267,12.0,15.666666666666666,3.0,1350.0,0.011604938271604939,OVERSUPPLY,1334.3333333333333,0.0
918,5.1,Green-S,1276,1267,13.0,11.833333333333334,3.0,1350.0,0.008765432098765432,OVERSUPPLY,1338.1666666666667,0.0
918,5.1,Green-S,1276,1267,14.0,12.833333333333332,3.0,1350.0,0.009506172839506171,OVERSUPPLY,1337.1666666666667,0.0
918,5.1,Green-S,1276,1267,15.0,10.5,3.0,1350.0,0.0077777777777777776,OVERSUPPLY,1339.5,0.0
918,5.1,Green-S,1276,1267,16.0,10.833333333333334,3.0,1350.0,0.008024691358024692,OVERSUPPLY,1339.1666666666667,0.0
918,5.1,Green-S,1276,1267,17.0,13.833333333333334,3.0,1350.0,0.010246913580246915,OVERSUPPLY,1336.1666666666667,0.0
918,5.1,Green-S,1276,1267,18.0,17.166666666666664,3.0,1350.0,0.012716049382716048,OVERSUPPLY,1332.8333333333333,0.0
920,5.1,Green-S,1277,1268,5.0,14.0,3.0,1350.0,0.01037037037037037,OVERSUPPLY,1336.0,0.0
920,5.1,Green-S,1277,1268,6.0,83.0,3.0,1350.0,0.061481481481481484,OVERSUPPLY,1267.0,0.0
920,5.1,Green-S,1277,1268,7.0,143.83333333333334,3.0,1350.0,0.10654320987654321,OVERSUPPLY,1206.1666666666667,0.0
920,5.1,Green-S,1277,1268,8.0,171.66666666666666,3.0,1350.0,0.1271604938271605,OVERSUPPLY,1178.3333333333333,0.0
920,5.1,Green-S,1277,1268,9.0,132.33333333333334,3.0,1350.0,0.0980246913580247,OVERSUPPLY,1217.6666666666667,0.0
920,5.1,Green-S,1277,1268,10.0,61.0,3.0,1350.0,0.04518518518518518,OVERSUPPLY,1289.0,0.0
920,5.1,Green-S,1277,1268,11.0,37.0,3.0,1350.0,0.027407407407407408,OVERSUPPLY,1313.0,0.0
920,5.1,Green-S,1277,1268,12.0,27.5,3.0,1350.0,0.020370370370370372,OVERSUPPLY,1322.5,0.0
920,5.1,Green-S,1277,1268,13.0,21.833333333333332,3.0,1350.0,0.016172839506172838,OVERSUPPLY,1328.1666666666667,0.0
920,5.1,Green-S,1277,1268,14.0,21.666666666666664,3.0,1350.0,0.01604938271604938,OVERSUPPLY,1328.3333333333333,0.0
920,5.1,Green-S,1277,1268,15.0,17.833333333333332,3.0,1350.0,0.013209876543209875,OVERSUPPLY,1332.1666666666667,0.0
920,5.1,Green-S,1277,1268,16.0,20.5,3.0,1350.0,0.015185185185185185,OVERSUPPLY,1329.5,0.0
920,5.1,Green-S,1277,1268,17.0,29.0,3.0,1350.0,0.02148148148148148,OVERSUPPLY,1321.0,0.0
920,5.1,Green-S,1277,1268,18.0,35.666666666666664,3.0,1350.0,0.02641975308641975,OVERSUPPLY,1314.3333333333333,0.0
922,5.1,Green-S,1278,1285,5.0,74.0,3.0,1350.0,0.054814814814814816,OVERSUPPLY,1276.0,0.0
922,5.1,Green-S,1278,1285,6.0,212.16666666666669,3.0,1350.0,0.15716049382716052,OVERSUPPLY,1137.8333333333333,0.0
922,5.1,Green-S,1278,1285,7.0,331.1666666666667,3.0,1350.0,0.24530864197530866,BALANCED,1018.8333333333333,0.0
922,5.1,Green-S,1278,1285,8.0,460.5,3.0,1350.0,0.3411111111111111,BALANCED,889.5,0.0
922,5.1,Green-S,1278,1285,9.0,308.6666666666667,3.0,1350.0,0.228641975308642,BALANCED,1041.3333333333333,0.0
922,5.1,Green-S,1278,1285,10.0,132.0,3.0,1350.0,0.09777777777777778,OVERSUPPLY,1218.0,0.0
922,5.1,Green-S,1278,1285,11.0,81.0,3.0,1350.0,0.06,OVERSUPPLY,1269.0,0.0
922,5.1,Green-S,1278,1285,12.0,54.5,3.0,1350.0,0.04037037037037037,OVERSUPPLY,1295.5,0.0
922,5.1,Green-S,1278,1285,13.0,42.833333333333336,3.0,1350.0,0.0317283950617284,OVERSUPPLY,1307.1666666666667,0.0
922,5.1,Green-S,1278,1285,14.0,40.333333333333336,3.0,1350.0,0.029876543209876545,OVERSUPPLY,1309.6666666666667,0.0
922,5.1,Green-S,1278,1285,15.0,32.166666666666664,3.0,1350.0,0.02382716049382716,OVERSUPPLY,1317.8333333333333,0.0
922,5.1,Green-S,1278,1285,16.0,28.333333333333332,3.0,1350.0,0.020987654320987655,OVERSUPPLY,1321.6666666666667,0.0
922,5.1,Green-S,1278,1285,17.0,28.666666666666668,3.0,1350.0,0.02123456790123457,OVERSUPPLY,1321.3333333333333,0.0
922,5.1,Green-S,1278,1285,18.0,30.0,3.0,1350.0,0.022222222222222223,OVERSUPPLY,1320.0,0.0
924,5.1,Green-S,1279,1286,5.0,79.83333333333333,3.0,1350.0,0.0591358024691358,OVERSUPPLY,1270.1666666666667,0.0
924,5.1,Green-S,1279,1286,6.0,392.1666666666667,3.0,1350.0,0.2904938271604938,BALANCED,957.8333333333333,0.0
924,5.1,Green-S,1279,1286,7.0,650.6666666666666,3.0,1350.0,0.4819753086419753,BALANCED,699.3333333333334,0.0
924,5.1,Green-S,1279,1286,8.0,1386.6666666666667,3.0,1350.0,1.0271604938271606,UNDERSUPPLY,0.0,36.66666666666674
924,5.1,Green-S,1279,1286,9.0,1312.6666666666667,3.0,1350.0,0.9723456790123457,CROWDED,37.33333333333326,0.0
924,5.1,Green-S,1279,1286,10.0,565.0,3.0,1350.0,0.4185185185185185,BALANCED,785.0,0.0
924,5.1,Green-S,1279,1286,11.0,227.83333333333334,3.0,1350.0,0.16876543209876543,OVERSUPPLY,1122.1666666666667,0.0
924,5.1,Green-S,1279,1286,12.0,128.16666666666666,3.0,1350.0,0.09493827160493827,OVERSUPPLY,1221.8333333333333,0.0
924,5.1,Green-S,1279,1286,13.0,94.83333333333333,3.0,1350.0,0.07024691358024691,OVERSUPPLY,1255.1666666666667,0.0
924,5.1,Green-S,1279,1286,14.0,81.0,3.0,1350.0,0.06,OVERSUPPLY,1269.0,0.0
924,5.1,Green-S,1279,1286,15.0,73.5,3.0,1350.0,0.05444444444444444,OVERSUPPLY,1276.5,0.0
924,5.1,Green-S,1279,1286,16.0,76.16666666666667,3.0,1350.0,0.056419753086419756,OVERSUPPLY,1273.8333333333333,0.0
924,5.1,Green-S,1279,1286,17.0,106.83333333333333,3.0,1350.0,0.0791358024691358,OVERSUPPLY,1243.1666666666667,0.0
924,5.1,Green-S,1279,1286,18.0,110.5,3.0,1350.0,0.08185185185185186,OVERSUPPLY,1239.5,0.0
928,5.1,Green-S,1282,1294,5.0,74.0,3.0,1350.0,0.054814814814814816,OVERSUPPLY,1276.0,0.0
928,5.1,Green-S,1282,1294,6.0,212.16666666666669,3.0,1350.0,0.15716049382716052,OVERSUPPLY,1137.8333333333333,0.0
928,5.1,Green-S,1282,1294,7.0,331.1666666666667,3.0,1350.0,0.24530864197530866,BALANCED,1018.8333333333333,0.0
928,5.1,Green-S,1282,1294,8.0,460.5,3.0,1350.0,0.3411111111111111,BALANCED,889.5,0.0
928,5.1,Green-S,1282,1294,9.0,308.6666666666667,3.0,1350.0,0.228641975308642,BALANCED,1041.3333333333333,0.0
928,5.1,Green-S,1282,1294,10.0,132.0,3.0,1350.0,0.09777777777777778,OVERSUPPLY,1218.0,0.0
928,5.1,Green-S,1282,1294,11.0,81.0,3.0,1350.0,0.06,OVERSUPPLY,1269.0,0.0
928,5.1,Green-S,1282,1294,12.0,54.5,3.0,1350.0,0.04037037037037037,OVERSUPPLY,1295.5,0.0
928,5.1,Green-S,1282,1294,13.0,42.833333333333336,3.0,1350.0,0.0317283950617284,OVERSUPPLY,1307.1666666666667,0.0
928,5.1,Green-S,1282,1294,14.0,40.333333333333336,3.0,1350.0,0.029876543209876545,OVERSUPPLY,1309.6666666666667,0.0
928,5.1,Green-S,1282,1294,15.0,32.166666666666664,3.0,1350.0,0.02382716049382716,OVERSUPPLY,1317.8333333333333,0.0
928,5.1,Green-S,1282,1294,16.0,28.333333333333332,3.0,1350.0,0.020987654320987655,OVERSUPPLY,1321.6666666666667,0.0
928,5.1,Green-S,1282,1294,17.0,28.666666666666668,3.0,1350.0,0.02123456790123457,OVERSUPPLY,1321.3333333333333,0.0
928,5.1,Green-S,1282,1294,18.0,30.0,3.0,1350.0,0.022222222222222223,OVERSUPPLY,1320.0,0.0
930,5.1,Green-S,1283,1295,5.0,74.83333333333333,3.0,1350.0,0.05543209876543209,OVERSUPPLY,1275.1666666666667,0.0
930,5.1,Green-S,1283,1295,6.0,325.5,3.0,1350.0,0.2411111111111111,BALANCED,1024.5,0.0
930,5.1,Green-S,1283,1295,7.0,518.3333333333334,3.0,1350.0,0.38395061728395063,BALANCED,831.6666666666666,0.0
930,5.1,Green-S,1283,1295,8.0,1053.5,3.0,1350.0,0.7803703703703704,BALANCED,296.5,0.0
930,5.1,Green-S,1283,1295,9.0,968.3333333333334,3.0,1350.0,0.717283950617284,BALANCED,381.66666666666663,0.0
930,5.1,Green-S,1283,1295,10.0,430.8333333333333,3.0,1350.0,0.3191358024691358,BALANCED,919.1666666666667,0.0
930,5.1,Green-S,1283,1295,11.0,180.5,3.0,1350.0,0.1337037037037037,OVERSUPPLY,1169.5,0.0
930,5.1,Green-S,1283,1295,12.0,104.33333333333333,3.0,1350.0,0.07728395061728395,OVERSUPPLY,1245.6666666666667,0.0
930,5.1,Green-S,1283,1295,13.0,78.33333333333333,3.0,1350.0,0.05802469135802469,OVERSUPPLY,1271.6666666666667,0.0
930,5.1,Green-S,1283,1295,14.0,66.33333333333333,3.0,1350.0,0.0491358024691358,OVERSUPPLY,1283.6666666666667,0.0
930,5.1,Green-S,1283,1295,15.0,60.0,3.0,1350.0,0.044444444444444446,OVERSUPPLY,1290.0,0.0
930,5.1,Green-S,1283,1295,16.0,55.833333333333336,3.0,1350.0,0.04135802469135803,OVERSUPPLY,1294.1666666666667,0.0
930,5.1,Green-S,1283,1295,17.0,74.0,3.0,1350.0,0.054814814814814816,OVERSUPPLY,1276.0,0.0
930,5.1,Green-S,1283,1295,18.0,74.33333333333333,3.0,1350.0,0.055061728395061724,OVERSUPPLY,1275.6666666666667,0.0
932,5.1,Green-S,1284,1302,5.0,6.833333333333333,3.0,1350.0,0.005061728395061728,OVERSUPPLY,1343.1666666666667,0.0
932,5.1,Green-S,1284,1302,6.0,126.66666666666667,3.0,1350.0,0.09382716049382717,OVERSUPPLY,1223.3333333333333,0.0
932,5.1,Green-S,1284,1302,7.0,212.16666666666669,3.0,1350.0,0.15716049382716052,OVERSUPPLY,1137.8333333333333,0.0
932,5.1,Green-S,1284,1302,8.0,638.8333333333334,3.0,1350.0,0.4732098765432099,BALANCED,711.1666666666666,0.0
932,5.1,Green-S,1284,1302,9.0,708.5,3.0,1350.0,0.5248148148148148,BALANCED,641.5,0.0
932,5.1,Green-S,1284,1302,10.0,290.6666666666667,3.0,1350.0,0.21530864197530866,BALANCED,1059.3333333333333,0.0
932,5.1,Green-S,1284,1302,11.0,106.66666666666667,3.0,1350.0,0.07901234567901234,OVERSUPPLY,1243.3333333333333,0.0
932,5.1,Green-S,1284,1302,12.0,58.833333333333336,3.0,1350.0,0.04358024691358025,OVERSUPPLY,1291.1666666666667,0.0
932,5.1,Green-S,1284,1302,13.0,43.0,3.0,1350.0,0.03185185185185185,OVERSUPPLY,1307.0,0.0
932,5.1,Green-S,1284,1302,14.0,45.833333333333336,3.0,1350.0,0.03395061728395062,OVERSUPPLY,1304.1666666666667,0.0
932,5.1,Green-S,1284,1302,15.0,53.666666666666664,3.0,1350.0,0.039753086419753086,OVERSUPPLY,1296.3333333333333,0.0
932,5.1,Green-S,1284,1302,16.0,76.33333333333333,3.0,1350.0,0.0565432098765432,OVERSUPPLY,1273.6666666666667,0.0
932,5.1,Green-S,1284,1302,17.0,129.5,3.0,1350.0,0.09592592592592593,OVERSUPPLY,1220.5,0.0
932,5.1,Green-S,1284,1302,18.0,123.66666666666667,3.0,1350.0,0.09160493827160494,OVERSUPPLY,1226.3333333333333,0.0
934,5.1,Green-S,1285,1291,5.0,74.0,3.0,1350.0,0.054814814814814816,OVERSUPPLY,1276.0,0.0
934,5.1,Green-S,1285,1291,6.0,212.16666666666669,3.0,1350.0,0.15716049382716052,OVERSUPPLY,1137.8333333333333,0.0
934,5.1,Green-S,1285,1291,7.0,331.1666666666667,3.0,1350.0,0.24530864197530866,BALANCED,1018.8333333333333,0.0
934,5.1,Green-S,1285,1291,8.0,460.5,3.0,1350.0,0.3411111111111111,BALANCED,889.5,0.0
934,5.1,Green-S,1285,1291,9.0,308.6666666666667,3.0,1350.0,0.228641975308642,BALANCED,1041.3333333333333,0.0
934,5.1,Green-S,1285,1291,10.0,132.0,3.0,1350.0,0.09777777777777778,OVERSUPPLY,1218.0,0.0
934,5.1,Green-S,1285,1291,11.0,81.0,3.0,1350.0,0.06,OVERSUPPLY,1269.0,0.0
934,5.1,Green-S,1285,1291,12.0,54.5,3.0,1350.0,0.04037037037037037,OVERSUPPLY,1295.5,0.0
934,5.1,Green-S,1285,1291,13.0,42.833333333333336,3.0,1350.0,0.0317283950617284,OVERSUPPLY,1307.1666666666667,0.0
934,5.1,Green-S,1285,1291,14.0,40.333333333333336,3.0,1350.0,0.029876543209876545,OVERSUPPLY,1309.6666666666667,0.0
934,5.1,Green-S,1285,1291,15.0,32.166666666666664,3.0,1350.0,0.02382716049382716,OVERSUPPLY,1317.8333333333333,0.0
934,5.1,Green-S,1285,1291,16.0,28.333333333333332,3.0,1350.0,0.020987654320987655,OVERSUPPLY,1321.6666666666667,0.0
934,5.1,Green-S,1285,1291,17.0,28.666666666666668,3.0,1350.0,0.02123456790123457,OVERSUPPLY,1321.3333333333333,0.0
934,5.1,Green-S,1285,1291,18.0,30.0,3.0,1350.0,0.022222222222222223,OVERSUPPLY,1320.0,0.0
936,5.1,Green-S,1286,1292,5.0,79.16666666666667,3.0,1350.0,0.05864197530864198,OVERSUPPLY,1270.8333333333333,0.0
936,5.1,Green-S,1286,1292,6.0,391.8333333333333,3.0,1350.0,0.2902469135802469,BALANCED,958.1666666666667,0.0
936,5.1,Green-S,1286,1292,7.0,647.8333333333334,3.0,1350.0,0.47987654320987655,BALANCED,702.1666666666666,0.0
936,5.1,Green-S,1286,1292,8.0,1384.8333333333335,3.0,1350.0,1.0258024691358025,UNDERSUPPLY,0.0,34.833333333333485
936,5.1,Green-S,1286,1292,9.0,1311.3333333333333,3.0,1350.0,0.971358024691358,CROWDED,38.66666666666674,0.0
936,5.1,Green-S,1286,1292,10.0,564.0,3.0,1350.0,0.4177777777777778,BALANCED,786.0,0.0
936,5.1,Green-S,1286,1292,11.0,227.0,3.0,1350.0,0.16814814814814816,OVERSUPPLY,1123.0,0.0
936,5.1,Green-S,1286,1292,12.0,127.66666666666666,3.0,1350.0,0.09456790123456789,OVERSUPPLY,1222.3333333333333,0.0
936,5.1,Green-S,1286,1292,13.0,93.83333333333333,3.0,1350.0,0.06950617283950616,OVERSUPPLY,1256.1666666666667,0.0
936,5.1,Green-S,1286,1292,14.0,79.66666666666667,3.0,1350.0,0.05901234567901235,OVERSUPPLY,1270.3333333333333,0.0
936,5.1,Green-S,1286,1292,15.0,72.16666666666667,3.0,1350.0,0.05345679012345679,OVERSUPPLY,1277.8333333333333,0.0
936,5.1,Green-S,1286,1292,16.0,71.83333333333333,3.0,1350.0,0.053209876543209876,OVERSUPPLY,1278.1666666666667,0.0
936,5.1,Green-S,1286,1292,17.0,101.0,3.0,1350.0,0.07481481481481482,OVERSUPPLY,1249.0,0.0
936,5.1,Green-S,1286,1292,18.0,104.16666666666667,3.0,1350.0,0.0771604938271605,OVERSUPPLY,1245.8333333333333,0.0
938,5.1,Green-S,1287,1271,5.0,1.5,3.0,1350.0,0.0011111111111111111,OVERSUPPLY,1348.5,0.0
938,5.1,Green-S,1287,1271,6.0,9.0,3.0,1350.0,0.006666666666666667,OVERSUPPLY,1341.0,0.0
938,5.1,Green-S,1287,1271,7.0,28.0,3.0,1350.0,0.02074074074074074,OVERSUPPLY,1322.0,0.0
938,5.1,Green-S,1287,1271,8.0,38.5,3.0,1350.0,0.02851851851851852,OVERSUPPLY,1311.5,0.0
938,5.1,Green-S,1287,1271,9.0,28.166666666666664,3.0,1350.0,0.020864197530864197,OVERSUPPLY,1321.8333333333333,0.0
938,5.1,Green-S,1287,1271,10.0,13.666666666666666,3.0,1350.0,0.010123456790123456,OVERSUPPLY,1336.3333333333333,0.0
938,5.1,Green-S,1287,1271,11.0,16.5,3.0,1350.0,0.012222222222222223,OVERSUPPLY,1333.5,0.0
938,5.1,Green-S,1287,1271,12.0,9.0,3.0,1350.0,0.006666666666666667,OVERSUPPLY,1341.0,0.0
938,5.1,Green-S,1287,1271,13.0,6.333333333333334,3.0,1350.0,0.004691358024691359,OVERSUPPLY,1343.6666666666667,0.0
938,5.1,Green-S,1287,1271,14.0,5.833333333333333,3.0,1350.0,0.004320987654320987,OVERSUPPLY,1344.1666666666667,0.0
938,5.1,Green-S,1287,1271,15.0,5.666666666666667,3.0,1350.0,0.004197530864197531,OVERSUPPLY,1344.3333333333333,0.0
938,5.1,Green-S,1287,1271,16.0,3.0,3.0,1350.0,0.0022222222222222222,OVERSUPPLY,1347.0,0.0
938,5.1,Green-S,1287,1271,17.0,4.5,3.0,1350.0,0.0033333333333333335,OVERSUPPLY,1345.5,0.0
938,5.1,Green-S,1287,1271,18.0,7.166666666666666,3.0,1350.0,0.005308641975308641,OVERSUPPLY,1342.8333333333333,0.0
940,5.1,Green-S,1288,1272,5.0,1.5,3.0,1350.0,0.0011111111111111111,OVERSUPPLY,1348.5,0.0
940,5.1,Green-S,1288,1272,6.0,15.833333333333332,3.0,1350.0,0.011728395061728394,OVERSUPPLY,1334.1666666666667,0.0
940,5.1,Green-S,1288,1272,7.0,42.5,3.0,1350.0,0.03148148148148148,OVERSUPPLY,1307.5,0.0
940,5.1,Green-S,1288,1272,8.0,65.33333333333333,3.0,1350.0,0.048395061728395056,OVERSUPPLY,1284.6666666666667,0.0
940,5.1,Green-S,1288,1272,9.0,49.0,3.0,1350.0,0.0362962962962963,OVERSUPPLY,1301.0,0.0
940,5.1,Green-S,1288,1272,10.0,29.166666666666668,3.0,1350.0,0.02160493827160494,OVERSUPPLY,1320.8333333333333,0.0
940,5.1,Green-S,1288,1272,11.0,23.166666666666668,3.0,1350.0,0.017160493827160495,OVERSUPPLY,1326.8333333333333,0.0
940,5.1,Green-S,1288,1272,12.0,15.5,3.0,1350.0,0.011481481481481481,OVERSUPPLY,1334.5,0.0
940,5.1,Green-S,1288,1272,13.0,12.666666666666668,3.0,1350.0,0.009382716049382718,OVERSUPPLY,1337.3333333333333,0.0
940,5.1,Green-S,1288,1272,14.0,10.5,3.0,1350.0,0.0077777777777777776,OVERSUPPLY,1339.5,0.0
940,5.1,Green-S,1288,1272,15.0,10.166666666666666,3.0,1350.0,0.007530864197530864,OVERSUPPLY,1339.8333333333333,0.0
940,5.1,Green-S,1288,1272,16.0,6.333333333333334,3.0,1350.0,0.004691358024691359,OVERSUPPLY,1343.6666666666667,0.0
940,5.1,Green-S,1288,1272,17.0,8.5,3.0,1350.0,0.006296296296296296,OVERSUPPLY,1341.5,0.0
940,5.1,Green-S,1288,1272,18.0,12.833333333333332,3.0,1350.0,0.009506172839506171,OVERSUPPLY,1337.1666666666667,0.0
942,5.1,Green-S,1289,1273,5.0,38.333333333333336,3.0,1350.0,0.028395061728395062,OVERSUPPLY,1311.6666666666667,0.0
942,5.1,Green-S,1289,1273,6.0,119.66666666666667,3.0,1350.0,0.08864197530864198,OVERSUPPLY,1230.3333333333333,0.0
942,5.1,Green-S,1289,1273,7.0,193.33333333333331,3.0,1350.0,0.14320987654320985,OVERSUPPLY,1156.6666666666667,0.0
942,5.1,Green-S,1289,1273,8.0,256.6666666666667,3.0,1350.0,0.19012345679012346,OVERSUPPLY,1093.3333333333333,0.0
942,5.1,Green-S,1289,1273,9.0,170.83333333333334,3.0,1350.0,0.12654320987654322,OVERSUPPLY,1179.1666666666667,0.0
942,5.1,Green-S,1289,1273,10.0,76.5,3.0,1350.0,0.056666666666666664,OVERSUPPLY,1273.5,0.0
942,5.1,Green-S,1289,1273,11.0,47.833333333333336,3.0,1350.0,0.0354320987654321,OVERSUPPLY,1302.1666666666667,0.0
942,5.1,Green-S,1289,1273,12.0,29.333333333333332,3.0,1350.0,0.021728395061728394,OVERSUPPLY,1320.6666666666667,0.0
942,5.1,Green-S,1289,1273,13.0,24.333333333333332,3.0,1350.0,0.018024691358024692,OVERSUPPLY,1325.6666666666667,0.0
942,5.1,Green-S,1289,1273,14.0,20.5,3.0,1350.0,0.015185185185185185,OVERSUPPLY,1329.5,0.0
942,5.1,Green-S,1289,1273,15.0,18.666666666666668,3.0,1350.0,0.013827160493827161,OVERSUPPLY,1331.3333333333333,0.0
942,5.1,Green-S,1289,1273,16.0,13.166666666666668,3.0,1350.0,0.009753086419753088,OVERSUPPLY,1336.8333333333333,0.0
942,5.1,Green-S,1289,1273,17.0,18.833333333333332,3.0,1350.0,0.013950617283950617,OVERSUPPLY,1331.1666666666667,0.0
942,5.1,Green-S,1289,1273,18.0,16.333333333333332,3.0,1350.0,0.012098765432098764,OVERSUPPLY,1333.6666666666667,0.0
944,5.1,Green-S,1290,1274,5.0,45.333333333333336,3.0,1350.0,0.03358024691358025,OVERSUPPLY,1304.6666666666667,0.0
944,5.1,Green-S,1290,1274,6.0,303.8333333333333,3.0,1350.0,0.22506172839506172,BALANCED,1046.1666666666667,0.0
944,5.1,Green-S,1290,1274,7.0,523.0,3.0,1350.0,0.3874074074074074,BALANCED,827.0,0.0
944,5.1,Green-S,1290,1274,8.0,1190.5,3.0,1350.0,0.8818518518518519,CROWDED,159.5,0.0
944,5.1,Green-S,1290,1274,9.0,1180.6666666666667,3.0,1350.0,0.874567901234568,CROWDED,169.33333333333326,0.0
944,5.1,Green-S,1290,1274,10.0,513.0,3.0,1350.0,0.38,BALANCED,837.0,0.0
944,5.1,Green-S,1290,1274,11.0,197.5,3.0,1350.0,0.14629629629629629,OVERSUPPLY,1152.5,0.0
944,5.1,Green-S,1290,1274,12.0,106.33333333333333,3.0,1350.0,0.07876543209876542,OVERSUPPLY,1243.6666666666667,0.0
944,5.1,Green-S,1290,1274,13.0,80.16666666666667,3.0,1350.0,0.05938271604938272,OVERSUPPLY,1269.8333333333333,0.0
944,5.1,Green-S,1290,1274,14.0,69.33333333333333,3.0,1350.0,0.05135802469135802,OVERSUPPLY,1280.6666666666667,0.0
944,5.1,Green-S,1290,1274,15.0,70.16666666666667,3.0,1350.0,0.05197530864197531,OVERSUPPLY,1279.8333333333333,0.0
944,5.1,Green-S,1290,1274,16.0,81.16666666666667,3.0,1350.0,0.06012345679012346,OVERSUPPLY,1268.8333333333333,0.0
944,5.1,Green-S,1290,1274,17.0,124.5,3.0,1350.0,0.09222222222222222,OVERSUPPLY,1225.5,0.0
944,5.1,Green-S,1290,1274,18.0,124.33333333333333,3.0,1350.0,0.09209876543209876,OVERSUPPLY,1225.6666666666667,0.0
946,5.1,Green-S,1291,1304,5.0,74.16666666666667,3.0,1350.0,0.05493827160493828,OVERSUPPLY,1275.8333333333333,0.0
946,5.1,Green-S,1291,1304,6.0,212.5,3.0,1350.0,0.1574074074074074,OVERSUPPLY,1137.5,0.0
946,5.1,Green-S,1291,1304,7.0,332.0,3.0,1350.0,0.24592592592592594,BALANCED,1018.0,0.0
946,5.1,Green-S,1291,1304,8.0,461.1666666666667,3.0,1350.0,0.34160493827160493,BALANCED,888.8333333333333,0.0
946,5.1,Green-S,1291,1304,9.0,309.6666666666667,3.0,1350.0,0.22938271604938273,BALANCED,1040.3333333333333,0.0
946,5.1,Green-S,1291,1304,10.0,132.66666666666666,3.0,1350.0,0.0982716049382716,OVERSUPPLY,1217.3333333333333,0.0
946,5.1,Green-S,1291,1304,11.0,81.5,3.0,1350.0,0.06037037037037037,OVERSUPPLY,1268.5,0.0
946,5.1,Green-S,1291,1304,12.0,55.166666666666664,3.0,1350.0,0.0408641975308642,OVERSUPPLY,1294.8333333333333,0.0
946,5.1,Green-S,1291,1304,13.0,44.333333333333336,3.0,1350.0,0.03283950617283951,OVERSUPPLY,1305.6666666666667,0.0
946,5.1,Green-S,1291,1304,14.0,41.333333333333336,3.0,1350.0,0.030617283950617285,OVERSUPPLY,1308.6666666666667,0.0
946,5.1,Green-S,1291,1304,15.0,34.0,3.0,1350.0,0.025185185185185185,OVERSUPPLY,1316.0,0.0
946,5.1,Green-S,1291,1304,16.0,29.666666666666664,3.0,1350.0,0.021975308641975305,OVERSUPPLY,1320.3333333333333,0.0
946,5.1,Green-S,1291,1304,17.0,31.333333333333336,3.0,1350.0,0.023209876543209877,OVERSUPPLY,1318.6666666666667,0.0
946,5.1,Green-S,1291,1304,18.0,31.0,3.0,1350.0,0.022962962962962963,OVERSUPPLY,1319.0,0.0
948,5.1,Green-S,1292,1305,5.0,74.83333333333333,3.0,1350.0,0.05543209876543209,OVERSUPPLY,1275.1666666666667,0.0
948,5.1,Green-S,1292,1305,6.0,325.5,3.0,1350.0,0.2411111111111111,BALANCED,1024.5,0.0
948,5.1,Green-S,1292,1305,7.0,518.3333333333334,3.0,1350.0,0.38395061728395063,BALANCED,831.6666666666666,0.0
948,5.1,Green-S,1292,1305,8.0,1053.5,3.0,1350.0,0.7803703703703704,BALANCED,296.5,0.0
948,5.1,Green-S,1292,1305,9.0,968.3333333333334,3.0,1350.0,0.717283950617284,BALANCED,381.66666666666663,0.0
948,5.1,Green-S,1292,1305,10.0,430.8333333333333,3.0,1350.0,0.3191358024691358,BALANCED,919.1666666666667,0.0
948,5.1,Green-S,1292,1305,11.0,180.5,3.0,1350.0,0.1337037037037037,OVERSUPPLY,1169.5,0.0
948,5.1,Green-S,1292,1305,12.0,104.33333333333333,3.0,1350.0,0.07728395061728395,OVERSUPPLY,1245.6666666666667,0.0
948,5.1,Green-S,1292,1305,13.0,78.33333333333333,3.0,1350.0,0.05802469135802469,OVERSUPPLY,1271.6666666666667,0.0
948,5.1,Green-S,1292,1305,14.0,66.33333333333333,3.0,1350.0,0.0491358024691358,OVERSUPPLY,1283.6666666666667,0.0
948,5.1,Green-S,1292,1305,15.0,60.0,3.0,1350.0,0.044444444444444446,OVERSUPPLY,1290.0,0.0
948,5.1,Green-S,1292,1305,16.0,55.833333333333336,3.0,1350.0,0.04135802469135803,OVERSUPPLY,1294.1666666666667,0.0
948,5.1,Green-S,1292,1305,17.0,74.0,3.0,1350.0,0.054814814814814816,OVERSUPPLY,1276.0,0.0
948,5.1,Green-S,1292,1305,18.0,74.33333333333333,3.0,1350.0,0.055061728395061724,OVERSUPPLY,1275.6666666666667,0.0
952,5.1,Green-S,1294,1296,5.0,44.83333333333333,3.0,1350.0,0.03320987654320987,OVERSUPPLY,1305.1666666666667,0.0
952,5.1,Green-S,1294,1296,6.0,109.5,3.0,1350.0,0.0811111111111111,OVERSUPPLY,1240.5,0.0
952,5.1,Green-S,1294,1296,7.0,166.66666666666669,3.0,1350.0,0.12345679012345681,OVERSUPPLY,1183.3333333333333,0.0
952,5.1,Green-S,1294,1296,8.0,195.83333333333334,3.0,1350.0,0.14506172839506173,OVERSUPPLY,1154.1666666666667,0.0
952,5.1,Green-S,1294,1296,9.0,130.16666666666666,3.0,1350.0,0.09641975308641974,OVERSUPPLY,1219.8333333333333,0.0
952,5.1,Green-S,1294,1296,10.0,59.833333333333336,3.0,1350.0,0.04432098765432099,OVERSUPPLY,1290.1666666666667,0.0
952,5.1,Green-S,1294,1296,11.0,45.666666666666664,3.0,1350.0,0.03382716049382716,OVERSUPPLY,1304.3333333333333,0.0
952,5.1,Green-S,1294,1296,12.0,34.0,3.0,1350.0,0.025185185185185185,OVERSUPPLY,1316.0,0.0
952,5.1,Green-S,1294,1296,13.0,27.333333333333332,3.0,1350.0,0.02024691358024691,OVERSUPPLY,1322.6666666666667,0.0
952,5.1,Green-S,1294,1296,14.0,27.166666666666664,3.0,1350.0,0.020123456790123454,OVERSUPPLY,1322.8333333333333,0.0
952,5.1,Green-S,1294,1296,15.0,21.166666666666668,3.0,1350.0,0.015679012345679012,OVERSUPPLY,1328.8333333333333,0.0
952,5.1,Green-S,1294,1296,16.0,21.5,3.0,1350.0,0.015925925925925927,OVERSUPPLY,1328.5,0.0
952,5.1,Green-S,1294,1296,17.0,22.5,3.0,1350.0,0.016666666666666666,OVERSUPPLY,1327.5,0.0
952,5.1,Green-S,1294,1296,18.0,25.0,3.0,1350.0,0.018518518518518517,OVERSUPPLY,1325.0,0.0
954,5.1,Green-S,1295,1297,5.0,44.83333333333333,3.0,1350.0,0.03320987654320987,OVERSUPPLY,1305.1666666666667,0.0
954,5.1,Green-S,1295,1297,6.0,164.0,3.0,1350.0,0.12148148148148148,OVERSUPPLY,1186.0,0.0
954,5.1,Green-S,1295,1297,7.0,243.66666666666669,3.0,1350.0,0.18049382716049384,OVERSUPPLY,1106.3333333333333,0.0
954,5.1,Green-S,1295,1297,8.0,364.5,3.0,1350.0,0.27,BALANCED,985.5,0.0
954,5.1,Green-S,1295,1297,9.0,310.6666666666667,3.0,1350.0,0.23012345679012347,BALANCED,1039.3333333333333,0.0
954,5.1,Green-S,1295,1297,10.0,142.0,3.0,1350.0,0.10518518518518519,OVERSUPPLY,1208.0,0.0
954,5.1,Green-S,1295,1297,11.0,82.83333333333333,3.0,1350.0,0.061358024691358024,OVERSUPPLY,1267.1666666666667,0.0
954,5.1,Green-S,1295,1297,12.0,59.5,3.0,1350.0,0.04407407407407407,OVERSUPPLY,1290.5,0.0
954,5.1,Green-S,1295,1297,13.0,50.0,3.0,1350.0,0.037037037037037035,OVERSUPPLY,1300.0,0.0
954,5.1,Green-S,1295,1297,14.0,42.166666666666664,3.0,1350.0,0.031234567901234567,OVERSUPPLY,1307.8333333333333,0.0
954,5.1,Green-S,1295,1297,15.0,37.166666666666664,3.0,1350.0,0.027530864197530862,OVERSUPPLY,1312.8333333333333,0.0
954,5.1,Green-S,1295,1297,16.0,39.5,3.0,1350.0,0.02925925925925926,OVERSUPPLY,1310.5,0.0
954,5.1,Green-S,1295,1297,17.0,51.333333333333336,3.0,1350.0,0.03802469135802469,OVERSUPPLY,1298.6666666666667,0.0
954,5.1,Green-S,1295,1297,18.0,56.83333333333333,3.0,1350.0,0.04209876543209876,OVERSUPPLY,1293.1666666666667,0.0
956,5.1,Green-S,1296,1276,5.0,14.0,3.0,1350.0,0.01037037037037037,OVERSUPPLY,1336.0,0.0
956,5.1,Green-S,1296,1276,6.0,51.666666666666664,3.0,1350.0,0.0382716049382716,OVERSUPPLY,1298.3333333333333,0.0
956,5.1,Green-S,1296,1276,7.0,97.33333333333333,3.0,1350.0,0.07209876543209877,OVERSUPPLY,1252.6666666666667,0.0
956,5.1,Green-S,1296,1276,8.0,98.33333333333333,3.0,1350.0,0.0728395061728395,OVERSUPPLY,1251.6666666666667,0.0
956,5.1,Green-S,1296,1276,9.0,60.83333333333333,3.0,1350.0,0.04506172839506172,OVERSUPPLY,1289.1666666666667,0.0
956,5.1,Green-S,1296,1276,10.0,29.833333333333332,3.0,1350.0,0.022098765432098766,OVERSUPPLY,1320.1666666666667,0.0
956,5.1,Green-S,1296,1276,11.0,23.0,3.0,1350.0,0.017037037037037038,OVERSUPPLY,1327.0,0.0
956,5.1,Green-S,1296,1276,12.0,15.666666666666666,3.0,1350.0,0.011604938271604939,OVERSUPPLY,1334.3333333333333,0.0
956,5.1,Green-S,1296,1276,13.0,11.833333333333334,3.0,1350.0,0.008765432098765432,OVERSUPPLY,1338.1666666666667,0.0
956,5.1,Green-S,1296,1276,14.0,12.833333333333332,3.0,1350.0,0.009506172839506171,OVERSUPPLY,1337.1666666666667,0.0
956,5.1,Green-S,1296,1276,15.0,10.5,3.0,1350.0,0.0077777777777777776,OVERSUPPLY,1339.5,0.0
956,5.1,Green-S,1296,1276,16.0,10.833333333333334,3.0,1350.0,0.008024691358024692,OVERSUPPLY,1339.1666666666667,0.0
956,5.1,Green-S,1296,1276,17.0,13.833333333333334,3.0,1350.0,0.010246913580246915,OVERSUPPLY,1336.1666666666667,0.0
956,5.1,Green-S,1296,1276,18.0,17.166666666666664,3.0,1350.0,0.012716049382716048,OVERSUPPLY,1332.8333333333333,0.0
958,5.1,Green-S,1297,1277,5.0,14.0,3.0,1350.0,0.01037037037037037,OVERSUPPLY,1336.0,0.0
958,5.1,Green-S,1297,1277,6.0,83.0,3.0,1350.0,0.061481481481481484,OVERSUPPLY,1267.0,0.0
958,5.1,Green-S,1297,1277,7.0,143.83333333333334,3.0,1350.0,0.10654320987654321,OVERSUPPLY,1206.1666666666667,0.0
958,5.1,Green-S,1297,1277,8.0,171.66666666666666,3.0,1350.0,0.1271604938271605,OVERSUPPLY,1178.3333333333333,0.0
958,5.1,Green-S,1297,1277,9.0,132.33333333333334,3.0,1350.0,0.0980246913580247,OVERSUPPLY,1217.6666666666667,0.0
958,5.1,Green-S,1297,1277,10.0,61.0,3.0,1350.0,0.04518518518518518,OVERSUPPLY,1289.0,0.0
958,5.1,Green-S,1297,1277,11.0,37.0,3.0,1350.0,0.027407407407407408,OVERSUPPLY,1313.0,0.0
958,5.1,Green-S,1297,1277,12.0,27.5,3.0,1350.0,0.020370370370370372,OVERSUPPLY,1322.5,0.0
958,5.1,Green-S,1297,1277,13.0,21.833333333333332,3.0,1350.0,0.016172839506172838,OVERSUPPLY,1328.1666666666667,0.0
958,5.1,Green-S,1297,1277,14.0,21.666666666666664,3.0,1350.0,0.01604938271604938,OVERSUPPLY,1328.3333333333333,0.0
958,5.1,Green-S,1297,1277,15.0,17.833333333333332,3.0,1350.0,0.013209876543209875,OVERSUPPLY,1332.1666666666667,0.0
958,5.1,Green-S,1297,1277,16.0,20.5,3.0,1350.0,0.015185185185185185,OVERSUPPLY,1329.5,0.0
958,5.1,Green-S,1297,1277,17.0,29.0,3.0,1350.0,0.02148148148148148,OVERSUPPLY,1321.0,0.0
958,5.1,Green-S,1297,1277,18.0,35.666666666666664,3.0,1350.0,0.02641975308641975,OVERSUPPLY,1314.3333333333333,0.0
960,5.1,Green-S,1298,1278,5.0,74.0,3.0,1350.0,0.054814814814814816,OVERSUPPLY,1276.0,0.0
960,5.1,Green-S,1298,1278,6.0,212.16666666666669,3.0,1350.0,0.15716049382716052,OVERSUPPLY,1137.8333333333333,0.0
960,5.1,Green-S,1298,1278,7.0,331.1666666666667,3.0,1350.0,0.24530864197530866,BALANCED,1018.8333333333333,0.0
960,5.1,Green-S,1298,1278,8.0,460.5,3.0,1350.0,0.3411111111111111,BALANCED,889.5,0.0
960,5.1,Green-S,1298,1278,9.0,308.6666666666667,3.0,1350.0,0.228641975308642,BALANCED,1041.3333333333333,0.0
960,5.1,Green-S,1298,1278,10.0,132.0,3.0,1350.0,0.09777777777777778,OVERSUPPLY,1218.0,0.0
960,5.1,Green-S,1298,1278,11.0,81.0,3.0,1350.0,0.06,OVERSUPPLY,1269.0,0.0
960,5.1,Green-S,1298,1278,12.0,54.5,3.0,1350.0,0.04037037037037037,OVERSUPPLY,1295.5,0.0
960,5.1,Green-S,1298,1278,13.0,42.833333333333336,3.0,1350.0,0.0317283950617284,OVERSUPPLY,1307.1666666666667,0.0
960,5.1,Green-S,1298,1278,14.0,40.333333333333336,3.0,1350.0,0.029876543209876545,OVERSUPPLY,1309.6666666666667,0.0
960,5.1,Green-S,1298,1278,15.0,32.166666666666664,3.0,1350.0,0.02382716049382716,OVERSUPPLY,1317.8333333333333,0.0
960,5.1,Green-S,1298,1278,16.0,28.333333333333332,3.0,1350.0,0.020987654320987655,OVERSUPPLY,1321.6666666666667,0.0
960,5.1,Green-S,1298,1278,17.0,28.666666666666668,3.0,1350.0,0.02123456790123457,OVERSUPPLY,1321.3333333333333,0.0
960,5.1,Green-S,1298,1278,18.0,30.0,3.0,1350.0,0.022222222222222223,OVERSUPPLY,1320.0,0.0
962,5.1,Green-S,1299,1279,5.0,80.33333333333333,3.0,1350.0,0.05950617283950617,OVERSUPPLY,1269.6666666666667,0.0
962,5.1,Green-S,1299,1279,6.0,393.8333333333333,3.0,1350.0,0.2917283950617284,BALANCED,956.1666666666667,0.0
962,5.1,Green-S,1299,1279,7.0,654.8333333333334,3.0,1350.0,0.48506172839506173,BALANCED,695.1666666666666,0.0
962,5.1,Green-S,1299,1279,8.0,1390.0,3.0,1350.0,1.0296296296296297,UNDERSUPPLY,0.0,40.0
962,5.1,Green-S,1299,1279,9.0,1313.8333333333333,3.0,1350.0,0.9732098765432098,CROWDED,36.16666666666674,0.0
962,5.1,Green-S,1299,1279,10.0,565.1666666666666,3.0,1350.0,0.41864197530864194,BALANCED,784.8333333333334,0.0
962,5.1,Green-S,1299,1279,11.0,228.5,3.0,1350.0,0.16925925925925925,OVERSUPPLY,1121.5,0.0
962,5.1,Green-S,1299,1279,12.0,128.5,3.0,1350.0,0.09518518518518519,OVERSUPPLY,1221.5,0.0
962,5.1,Green-S,1299,1279,13.0,95.33333333333333,3.0,1350.0,0.07061728395061728,OVERSUPPLY,1254.6666666666667,0.0
962,5.1,Green-S,1299,1279,14.0,82.5,3.0,1350.0,0.06111111111111111,OVERSUPPLY,1267.5,0.0
962,5.1,Green-S,1299,1279,15.0,74.66666666666667,3.0,1350.0,0.055308641975308645,OVERSUPPLY,1275.3333333333333,0.0
962,5.1,Green-S,1299,1279,16.0,80.33333333333333,3.0,1350.0,0.05950617283950617,OVERSUPPLY,1269.6666666666667,0.0
962,5.1,Green-S,1299,1279,17.0,113.83333333333333,3.0,1350.0,0.08432098765432099,OVERSUPPLY,1236.1666666666667,0.0
962,5.1,Green-S,1299,1279,18.0,119.33333333333333,3.0,1350.0,0.08839506172839506,OVERSUPPLY,1230.6666666666667,0.0
964,5.1,Green-S,1300,1289,5.0,22.833333333333336,3.0,1350.0,0.01691358024691358,OVERSUPPLY,1327.1666666666667,0.0
964,5.1,Green-S,1300,1289,6.0,52.333333333333336,3.0,1350.0,0.038765432098765436,OVERSUPPLY,1297.6666666666667,0.0
964,5.1,Green-S,1300,1289,7.0,92.5,3.0,1350.0,0.06851851851851852,OVERSUPPLY,1257.5,0.0
964,5.1,Green-S,1300,1289,8.0,113.83333333333333,3.0,1350.0,0.08432098765432099,OVERSUPPLY,1236.1666666666667,0.0
964,5.1,Green-S,1300,1289,9.0,67.66666666666667,3.0,1350.0,0.05012345679012346,OVERSUPPLY,1282.3333333333333,0.0
964,5.1,Green-S,1300,1289,10.0,29.5,3.0,1350.0,0.02185185185185185,OVERSUPPLY,1320.5,0.0
964,5.1,Green-S,1300,1289,11.0,18.5,3.0,1350.0,0.013703703703703704,OVERSUPPLY,1331.5,0.0
964,5.1,Green-S,1300,1289,12.0,10.166666666666668,3.0,1350.0,0.007530864197530865,OVERSUPPLY,1339.8333333333333,0.0
964,5.1,Green-S,1300,1289,13.0,7.0,3.0,1350.0,0.005185185185185185,OVERSUPPLY,1343.0,0.0
964,5.1,Green-S,1300,1289,14.0,8.833333333333332,3.0,1350.0,0.006543209876543209,OVERSUPPLY,1341.1666666666667,0.0
964,5.1,Green-S,1300,1289,15.0,7.333333333333334,3.0,1350.0,0.0054320987654320994,OVERSUPPLY,1342.6666666666667,0.0
964,5.1,Green-S,1300,1289,16.0,4.666666666666666,3.0,1350.0,0.00345679012345679,OVERSUPPLY,1345.3333333333333,0.0
964,5.1,Green-S,1300,1289,17.0,5.833333333333333,3.0,1350.0,0.004320987654320987,OVERSUPPLY,1344.1666666666667,0.0
964,5.1,Green-S,1300,1289,18.0,4.833333333333333,3.0,1350.0,0.0035802469135802466,OVERSUPPLY,1345.1666666666667,0.0
966,5.1,Green-S,1301,1290,5.0,30.166666666666668,3.0,1350.0,0.02234567901234568,OVERSUPPLY,1319.8333333333333,0.0
966,5.1,Green-S,1301,1290,6.0,239.16666666666669,3.0,1350.0,0.1771604938271605,OVERSUPPLY,1110.8333333333333,0.0
966,5.1,Green-S,1301,1290,7.0,427.83333333333337,3.0,1350.0,0.31691358024691363,BALANCED,922.1666666666666,0.0
966,5.1,Green-S,1301,1290,8.0,1054.0,3.0,1350.0,0.7807407407407407,BALANCED,296.0,0.0
966,5.1,Green-S,1301,1290,9.0,1082.0,3.0,1350.0,0.8014814814814815,CROWDED,268.0,0.0
966,5.1,Green-S,1301,1290,10.0,468.1666666666667,3.0,1350.0,0.3467901234567901,BALANCED,881.8333333333333,0.0
966,5.1,Green-S,1301,1290,11.0,169.83333333333331,3.0,1350.0,0.12580246913580245,OVERSUPPLY,1180.1666666666667,0.0
966,5.1,Green-S,1301,1290,12.0,88.5,3.0,1350.0,0.06555555555555556,OVERSUPPLY,1261.5,0.0
966,5.1,Green-S,1301,1290,13.0,65.33333333333333,3.0,1350.0,0.048395061728395056,OVERSUPPLY,1284.6666666666667,0.0
966,5.1,Green-S,1301,1290,14.0,59.666666666666664,3.0,1350.0,0.04419753086419753,OVERSUPPLY,1290.3333333333333,0.0
966,5.1,Green-S,1301,1290,15.0,63.66666666666667,3.0,1350.0,0.0471604938271605,OVERSUPPLY,1286.3333333333333,0.0
966,5.1,Green-S,1301,1290,16.0,81.16666666666667,3.0,1350.0,0.06012345679012346,OVERSUPPLY,1268.8333333333333,0.0
966,5.1,Green-S,1301,1290,17.0,124.5,3.0,1350.0,0.09222222222222222,OVERSUPPLY,1225.5,0.0
966,5.1,Green-S,1301,1290,18.0,120.83333333333333,3.0,1350.0,0.08950617283950617,OVERSUPPLY,1229.1666666666667,0.0
968,5.1,Green-S,1302,1301,5.0,7.833333333333333,3.0,1350.0,0.005802469135802469,OVERSUPPLY,1342.1666666666667,0.0
968,5.1,Green-S,1302,1301,6.0,188.5,3.0,1350.0,0.13962962962962963,OVERSUPPLY,1161.5,0.0
968,5.1,Green-S,1302,1301,7.0,340.1666666666667,3.0,1350.0,0.2519753086419753,BALANCED,1009.8333333333333,0.0
968,5.1,Green-S,1302,1301,8.0,942.0,3.0,1350.0,0.6977777777777778,BALANCED,408.0,0.0
968,5.1,Green-S,1302,1301,9.0,1014.8333333333334,3.0,1350.0,0.7517283950617284,BALANCED,335.16666666666663,0.0
968,5.1,Green-S,1302,1301,10.0,438.8333333333333,3.0,1350.0,0.3250617283950617,BALANCED,911.1666666666667,0.0
968,5.1,Green-S,1302,1301,11.0,152.16666666666666,3.0,1350.0,0.11271604938271604,OVERSUPPLY,1197.8333333333333,0.0
968,5.1,Green-S,1302,1301,12.0,79.66666666666667,3.0,1350.0,0.05901234567901235,OVERSUPPLY,1270.3333333333333,0.0
968,5.1,Green-S,1302,1301,13.0,59.5,3.0,1350.0,0.04407407407407407,OVERSUPPLY,1290.5,0.0
968,5.1,Green-S,1302,1301,14.0,53.833333333333336,3.0,1350.0,0.03987654320987655,OVERSUPPLY,1296.1666666666667,0.0
968,5.1,Green-S,1302,1301,15.0,60.0,3.0,1350.0,0.044444444444444446,OVERSUPPLY,1290.0,0.0
968,5.1,Green-S,1302,1301,16.0,83.0,3.0,1350.0,0.061481481481481484,OVERSUPPLY,1267.0,0.0
968,5.1,Green-S,1302,1301,17.0,132.66666666666666,3.0,1350.0,0.0982716049382716,OVERSUPPLY,1217.3333333333333,0.0
968,5.1,Green-S,1302,1301,18.0,126.0,3.0,1350.0,0.09333333333333334,OVERSUPPLY,1224.0,0.0
970,5.1,Green-S,1303,1284,5.0,7.5,3.0,1350.0,0.005555555555555556,OVERSUPPLY,1342.5,0.0
970,5.1,Green-S,1303,1284,6.0,88.5,3.0,1350.0,0.06555555555555556,OVERSUPPLY,1261.5,0.0
970,5.1,Green-S,1303,1284,7.0,154.33333333333334,3.0,1350.0,0.114320987654321,OVERSUPPLY,1195.6666666666667,0.0
970,5.1,Green-S,1303,1284,8.0,411.5,3.0,1350.0,0.3048148148148148,BALANCED,938.5,0.0
970,5.1,Green-S,1303,1284,9.0,421.33333333333337,3.0,1350.0,0.3120987654320988,BALANCED,928.6666666666666,0.0
970,5.1,Green-S,1303,1284,10.0,155.83333333333334,3.0,1350.0,0.1154320987654321,OVERSUPPLY,1194.1666666666667,0.0
970,5.1,Green-S,1303,1284,11.0,71.5,3.0,1350.0,0.05296296296296296,OVERSUPPLY,1278.5,0.0
970,5.1,Green-S,1303,1284,12.0,40.666666666666664,3.0,1350.0,0.030123456790123456,OVERSUPPLY,1309.3333333333333,0.0
970,5.1,Green-S,1303,1284,13.0,34.166666666666664,3.0,1350.0,0.02530864197530864,OVERSUPPLY,1315.8333333333333,0.0
970,5.1,Green-S,1303,1284,14.0,41.166666666666664,3.0,1350.0,0.030493827160493824,OVERSUPPLY,1308.8333333333333,0.0
970,5.1,Green-S,1303,1284,15.0,46.333333333333336,3.0,1350.0,0.03432098765432099,OVERSUPPLY,1303.6666666666667,0.0
970,5.1,Green-S,1303,1284,16.0,71.0,3.0,1350.0,0.052592592592592594,OVERSUPPLY,1279.0,0.0
970,5.1,Green-S,1303,1284,17.0,124.0,3.0,1350.0,0.09185185185185185,OVERSUPPLY,1226.0,0.0
970,5.1,Green-S,1303,1284,18.0,118.66666666666667,3.0,1350.0,0.08790123456790123,OVERSUPPLY,1231.3333333333333,0.0
972,5.1,Green-S,1304,1282,5.0,74.0,3.0,1350.0,0.054814814814814816,OVERSUPPLY,1276.0,0.0
972,5.1,Green-S,1304,1282,6.0,212.16666666666669,3.0,1350.0,0.15716049382716052,OVERSUPPLY,1137.8333333333333,0.0
972,5.1,Green-S,1304,1282,7.0,331.1666666666667,3.0,1350.0,0.24530864197530866,BALANCED,1018.8333333333333,0.0
972,5.1,Green-S,1304,1282,8.0,460.5,3.0,1350.0,0.3411111111111111,BALANCED,889.5,0.0
972,5.1,Green-S,1304,1282,9.0,308.6666666666667,3.0,1350.0,0.228641975308642,BALANCED,1041.3333333333333,0.0
972,5.1,Green-S,1304,1282,10.0,132.0,3.0,1350.0,0.09777777777777778,OVERSUPPLY,1218.0,0.0
972,5.1,Green-S,1304,1282,11.0,81.0,3.0,1350.0,0.06,OVERSUPPLY,1269.0,0.0
972,5.1,Green-S,1304,1282,12.0,54.5,3.0,1350.0,0.04037037037037037,OVERSUPPLY,1295.5,0.0
972,5.1,Green-S,1304,1282,13.0,42.833333333333336,3.0,1350.0,0.0317283950617284,OVERSUPPLY,1307.1666666666667,0.0
972,5.1,Green-S,1304,1282,14.0,40.333333333333336,3.0,1350.0,0.029876543209876545,OVERSUPPLY,1309.6666666666667,0.0
972,5.1,Green-S,1304,1282,15.0,32.166666666666664,3.0,1350.0,0.02382716049382716,OVERSUPPLY,1317.8333333333333,0.0
972,5.1,Green-S,1304,1282,16.0,28.333333333333332,3.0,1350.0,0.020987654320987655,OVERSUPPLY,1321.6666666666667,0.0
972,5.1,Green-S,1304,1282,17.0,28.666666666666668,3.0,1350.0,0.02123456790123457,OVERSUPPLY,1321.3333333333333,0.0
972,5.1,Green-S,1304,1282,18.0,30.0,3.0,1350.0,0.022222222222222223,OVERSUPPLY,1320.0,0.0
974,5.1,Green-S,1305,1283,5.0,74.83333333333333,3.0,1350.0,0.05543209876543209,OVERSUPPLY,1275.1666666666667,0.0
974,5.1,Green-S,1305,1283,6.0,325.5,3.0,1350.0,0.2411111111111111,BALANCED,1024.5,0.0
974,5.1,Green-S,1305,1283,7.0,518.3333333333334,3.0,1350.0,0.38395061728395063,BALANCED,831.6666666666666,0.0
974,5.1,Green-S,1305,1283,8.0,1053.5,3.0,1350.0,0.7803703703703704,BALANCED,296.5,0.0
974,5.1,Green-S,1305,1283,9.0,968.3333333333334,3.0,1350.0,0.717283950617284,BALANCED,381.66666666666663,0.0
974,5.1,Green-S,1305,1283,10.0,430.8333333333333,3.0,1350.0,0.3191358024691358,BALANCED,919.1666666666667,0.0
974,5.1,Green-S,1305,1283,11.0,180.5,3.0,1350.0,0.1337037037037037,OVERSUPPLY,1169.5,0.0
974,5.1,Green-S,1305,1283,12.0,104.33333333333333,3.0,1350.0,0.07728395061728395,OVERSUPPLY,1245.6666666666667,0.0
974,5.1,Green-S,1305,1283,13.0,78.33333333333333,3.0,1350.0,0.05802469135802469,OVERSUPPLY,1271.6666666666667,0.0
974,5.1,Green-S,1305,1283,14.0,66.33333333333333,3.0,1350.0,0.0491358024691358,OVERSUPPLY,1283.6666666666667,0.0
974,5.1,Green-S,1305,1283,15.0,60.0,3.0,1350.0,0.044444444444444446,OVERSUPPLY,1290.0,0.0
974,5.1,Green-S,1305,1283,16.0,55.833333333333336,3.0,1350.0,0.04135802469135803,OVERSUPPLY,1294.1666666666667,0.0
974,5.1,Green-S,1305,1283,17.0,74.0,3.0,1350.0,0.054814814814814816,OVERSUPPLY,1276.0,0.0
974,5.1,Green-S,1305,1283,18.0,74.33333333333333,3.0,1350.0,0.055061728395061724,OVERSUPPLY,1275.6666666666667,0.0
976,6.2,Green-N,1306,1312,5.0,570.8333333333334,5.0,2250.0,0.2537037037037037,BALANCED,1679.1666666666665,0.0
976,6.2,Green-N,1306,1312,6.0,1608.5,3.0,1350.0,1.1914814814814816,UNDERSUPPLY,0.0,258.5
976,6.2,Green-N,1306,1312,7.0,4066.5,3.0,1350.0,3.0122222222222224,UNDERSUPPLY,0.0,2716.5
976,6.2,Green-N,1306,1312,8.0,7914.833333333333,3.0,1350.0,5.862839506172839,UNDERSUPPLY,0.0,6564.833333333333
976,6.2,Green-N,1306,1312,9.0,5735.0,3.0,1350.0,4.2481481481481485,UNDERSUPPLY,0.0,4385.0
976,6.2,Green-N,1306,1312,10.0,2522.3333333333335,3.0,1350.0,1.868395061728395,UNDERSUPPLY,0.0,1172.3333333333335
976,6.2,Green-N,1306,1312,11.0,1480.0,3.0,1350.0,1.0962962962962963,UNDERSUPPLY,0.0,130.0
976,6.2,Green-N,1306,1312,12.0,1246.6666666666667,3.0,1350.0,0.9234567901234568,CROWDED,103.33333333333326,0.0
976,6.2,Green-N,1306,1312,13.0,1334.8333333333333,3.0,1350.0,0.9887654320987653,CROWDED,15.166666666666742,0.0
976,6.2,Green-N,1306,1312,14.0,1340.3333333333333,3.0,1350.0,0.9928395061728394,CROWDED,9.666666666666742,0.0
976,6.2,Green-N,1306,1312,15.0,1449.0,3.0,1350.0,1.0733333333333333,UNDERSUPPLY,0.0,99.0
976,6.2,Green-N,1306,1312,16.0,1904.6666666666667,3.0,1350.0,1.4108641975308642,UNDERSUPPLY,0.0,554.6666666666667
976,6.2,Green-N,1306,1312,17.0,2213.5,3.0,1350.0,1.6396296296296295,UNDERSUPPLY,0.0,863.5
976,6.2,Green-N,1306,1312,18.0,2240.5,3.0,1350.0,1.6596296296296296,UNDERSUPPLY,0.0,890.5
976,6.2,Green-N,1306,1312,19.0,1324.1666666666667,2.0,900.0,1.4712962962962963,UNDERSUPPLY,0.0,424.16666666666674
978,6.2,Green-N,1307,1306,5.0,539.3333333333334,5.0,2250.0,0.23970370370370372,BALANCED,1710.6666666666665,0.0
978,6.2,Green-N,1307,1306,6.0,1483.3333333333333,3.0,1350.0,1.0987654320987654,UNDERSUPPLY,0.0,133.33333333333326
978,6.2,Green-N,1307,1306,7.0,3706.6666666666665,3.0,1350.0,2.7456790123456787,UNDERSUPPLY,0.0,2356.6666666666665
978,6.2,Green-N,1307,1306,8.0,7196.5,3.0,1350.0,5.33074074074074,UNDERSUPPLY,0.0,5846.5
978,6.2,Green-N,1307,1306,9.0,5223.5,3.0,1350.0,3.8692592592592594,UNDERSUPPLY,0.0,3873.5
978,6.2,Green-N,1307,1306,10.0,2297.1666666666665,3.0,1350.0,1.7016049382716047,UNDERSUPPLY,0.0,947.1666666666665
978,6.2,Green-N,1307,1306,11.0,1344.8333333333333,3.0,1350.0,0.9961728395061727,CROWDED,5.1666666666667425,0.0
978,6.2,Green-N,1307,1306,12.0,1106.6666666666667,3.0,1350.0,0.8197530864197532,CROWDED,243.33333333333326,0.0
978,6.2,Green-N,1307,1306,13.0,1205.1666666666667,3.0,1350.0,0.8927160493827161,CROWDED,144.83333333333326,0.0
978,6.2,Green-N,1307,1306,14.0,1215.3333333333333,3.0,1350.0,0.9002469135802469,CROWDED,134.66666666666674,0.0
978,6.2,Green-N,1307,1306,15.0,1304.5,3.0,1350.0,0.9662962962962963,CROWDED,45.5,0.0
978,6.2,Green-N,1307,1306,16.0,1719.8333333333333,3.0,1350.0,1.2739506172839505,UNDERSUPPLY,0.0,369.83333333333326
978,6.2,Green-N,1307,1306,17.0,1932.1666666666667,3.0,1350.0,1.4312345679012346,UNDERSUPPLY,0.0,582.1666666666667
978,6.2,Green-N,1307,1306,18.0,1982.1666666666667,3.0,1350.0,1.4682716049382716,UNDERSUPPLY,0.0,632.1666666666667
978,6.2,Green-N,1307,1306,19.0,1190.1666666666667,2.0,900.0,1.3224074074074075,UNDERSUPPLY,0.0,290.16666666666674
980,6.2,Green-N,1308,1319,5.0,547.5,5.0,2250.0,0.24333333333333335,BALANCED,1702.5,0.0
980,6.2,Green-N,1308,1319,6.0,1608.6666666666667,3.0,1350.0,1.191604938271605,UNDERSUPPLY,0.0,258.66666666666674
980,6.2,Green-N,1308,1319,7.0,4037.8333333333335,3.0,1350.0,2.9909876543209877,UNDERSUPPLY,0.0,2687.8333333333335
980,6.2,Green-N,1308,1319,8.0,7173.5,3.0,1350.0,5.313703703703704,UNDERSUPPLY,0.0,5823.5
980,6.2,Green-N,1308,1319,9.0,5071.166666666667,3.0,1350.0,3.75641975308642,UNDERSUPPLY,0.0,3721.166666666667
980,6.2,Green-N,1308,1319,10.0,2300.8333333333335,3.0,1350.0,1.704320987654321,UNDERSUPPLY,0.0,950.8333333333335
980,6.2,Green-N,1308,1319,11.0,1385.5,3.0,1350.0,1.0262962962962963,UNDERSUPPLY,0.0,35.5
980,6.2,Green-N,1308,1319,12.0,1168.3333333333333,3.0,1350.0,0.865432098765432,CROWDED,181.66666666666674,0.0
980,6.2,Green-N,1308,1319,13.0,1257.8333333333333,3.0,1350.0,0.9317283950617283,CROWDED,92.16666666666674,0.0
980,6.2,Green-N,1308,1319,14.0,1277.3333333333333,3.0,1350.0,0.9461728395061728,CROWDED,72.66666666666674,0.0
980,6.2,Green-N,1308,1319,15.0,1401.6666666666667,3.0,1350.0,1.0382716049382716,UNDERSUPPLY,0.0,51.66666666666674
980,6.2,Green-N,1308,1319,16.0,1875.8333333333333,3.0,1350.0,1.3895061728395062,UNDERSUPPLY,0.0,525.8333333333333
980,6.2,Green-N,1308,1319,17.0,2185.1666666666665,3.0,1350.0,1.6186419753086418,UNDERSUPPLY,0.0,835.1666666666665
980,6.2,Green-N,1308,1319,18.0,2193.5,3.0,1350.0,1.6248148148148147,UNDERSUPPLY,0.0,843.5
980,6.2,Green-N,1308,1319,19.0,1294.0,2.0,900.0,1.4377777777777778,UNDERSUPPLY,0.0,394.0
982,6.2,Green-N,1309,1320,5.0,0.5,5.0,2250.0,0.00022222222222222223,OVERSUPPLY,2249.5,0.0
982,6.2,Green-N,1309,1320,6.0,46.333333333333336,3.0,1350.0,0.03432098765432099,OVERSUPPLY,1303.6666666666667,0.0
982,6.2,Green-N,1309,1320,7.0,88.33333333333333,3.0,1350.0,0.0654320987654321,OVERSUPPLY,1261.6666666666667,0.0
982,6.2,Green-N,1309,1320,8.0,87.16666666666667,3.0,1350.0,0.0645679012345679,OVERSUPPLY,1262.8333333333333,0.0
982,6.2,Green-N,1309,1320,9.0,77.0,3.0,1350.0,0.05703703703703704,OVERSUPPLY,1273.0,0.0
982,6.2,Green-N,1309,1320,10.0,59.5,3.0,1350.0,0.04407407407407407,OVERSUPPLY,1290.5,0.0
982,6.2,Green-N,1309,1320,11.0,54.833333333333336,3.0,1350.0,0.04061728395061728,OVERSUPPLY,1295.1666666666667,0.0
982,6.2,Green-N,1309,1320,12.0,71.83333333333333,3.0,1350.0,0.053209876543209876,OVERSUPPLY,1278.1666666666667,0.0
982,6.2,Green-N,1309,1320,13.0,97.66666666666667,3.0,1350.0,0.07234567901234568,OVERSUPPLY,1252.3333333333333,0.0
982,6.2,Green-N,1309,1320,14.0,123.0,3.0,1350.0,0.09111111111111111,OVERSUPPLY,1227.0,0.0
982,6.2,Green-N,1309,1320,15.0,248.0,3.0,1350.0,0.1837037037037037,OVERSUPPLY,1102.0,0.0
982,6.2,Green-N,1309,1320,16.0,481.3333333333333,3.0,1350.0,0.3565432098765432,BALANCED,868.6666666666667,0.0
982,6.2,Green-N,1309,1320,17.0,909.5,3.0,1350.0,0.6737037037037037,BALANCED,440.5,0.0
982,6.2,Green-N,1309,1320,18.0,997.0,3.0,1350.0,0.7385185185185185,BALANCED,353.0,0.0
982,6.2,Green-N,1309,1320,19.0,544.0,2.0,900.0,0.6044444444444445,BALANCED,356.0,0.0
986,6.2,Green-N,1312,1325,5.0,47.666666666666664,5.0,2250.0,0.021185185185185185,OVERSUPPLY,2202.3333333333335,0.0
986,6.2,Green-N,1312,1325,6.0,108.66666666666667,3.0,1350.0,0.08049382716049383,OVERSUPPLY,1241.3333333333333,0.0
986,6.2,Green-N,1312,1325,7.0,274.5,3.0,1350.0,0.20333333333333334,BALANCED,1075.5,0.0
986,6.2,Green-N,1312,1325,8.0,467.3333333333333,3.0,1350.0,0.34617283950617284,BALANCED,882.6666666666667,0.0
986,6.2,Green-N,1312,1325,9.0,314.0,3.0,1350.0,0.2325925925925926,BALANCED,1036.0,0.0
986,6.2,Green-N,1312,1325,10.0,133.0,3.0,1350.0,0.09851851851851852,OVERSUPPLY,1217.0,0.0
986,6.2,Green-N,1312,1325,11.0,77.16666666666667,3.0,1350.0,0.0571604938271605,OVERSUPPLY,1272.8333333333333,0.0
986,6.2,Green-N,1312,1325,12.0,78.16666666666667,3.0,1350.0,0.057901234567901236,OVERSUPPLY,1271.8333333333333,0.0
986,6.2,Green-N,1312,1325,13.0,88.83333333333333,3.0,1350.0,0.06580246913580247,OVERSUPPLY,1261.1666666666667,0.0
986,6.2,Green-N,1312,1325,14.0,107.66666666666667,3.0,1350.0,0.0797530864197531,OVERSUPPLY,1242.3333333333333,0.0
986,6.2,Green-N,1312,1325,15.0,149.33333333333334,3.0,1350.0,0.11061728395061729,OVERSUPPLY,1200.6666666666667,0.0
986,6.2,Green-N,1312,1325,16.0,246.0,3.0,1350.0,0.18222222222222223,OVERSUPPLY,1104.0,0.0
986,6.2,Green-N,1312,1325,17.0,334.0,3.0,1350.0,0.2474074074074074,BALANCED,1016.0,0.0
986,6.2,Green-N,1312,1325,18.0,330.8333333333333,3.0,1350.0,0.2450617283950617,BALANCED,1019.1666666666667,0.0
986,6.2,Green-N,1312,1325,19.0,188.83333333333334,2.0,900.0,0.20981481481481482,BALANCED,711.1666666666666,0.0
988,6.2,Green-N,1313,1326,5.0,11.833333333333334,5.0,2250.0,0.0052592592592592595,OVERSUPPLY,2238.1666666666665,0.0
988,6.2,Green-N,1313,1326,6.0,380.6666666666667,3.0,1350.0,0.28197530864197534,BALANCED,969.3333333333333,0.0
988,6.2,Green-N,1313,1326,7.0,739.8333333333334,3.0,1350.0,0.5480246913580247,BALANCED,610.1666666666666,0.0
988,6.2,Green-N,1313,1326,8.0,797.3333333333334,3.0,1350.0,0.5906172839506173,BALANCED,552.6666666666666,0.0
988,6.2,Green-N,1313,1326,9.0,597.5,3.0,1350.0,0.4425925925925926,BALANCED,752.5,0.0
988,6.2,Green-N,1313,1326,10.0,417.3333333333333,3.0,1350.0,0.3091358024691358,BALANCED,932.6666666666667,0.0
988,6.2,Green-N,1313,1326,11.0,383.8333333333333,3.0,1350.0,0.28432098765432096,BALANCED,966.1666666666667,0.0
988,6.2,Green-N,1313,1326,12.0,503.6666666666667,3.0,1350.0,0.37308641975308643,BALANCED,846.3333333333333,0.0
988,6.2,Green-N,1313,1326,13.0,575.0,3.0,1350.0,0.42592592592592593,BALANCED,775.0,0.0
988,6.2,Green-N,1313,1326,14.0,847.0,3.0,1350.0,0.6274074074074074,BALANCED,503.0,0.0
988,6.2,Green-N,1313,1326,15.0,1534.5,3.0,1350.0,1.1366666666666667,UNDERSUPPLY,0.0,184.5
988,6.2,Green-N,1313,1326,16.0,3051.1666666666665,3.0,1350.0,2.260123456790123,UNDERSUPPLY,0.0,1701.1666666666665
988,6.2,Green-N,1313,1326,17.0,5472.666666666667,3.0,1350.0,4.053827160493827,UNDERSUPPLY,0.0,4122.666666666667
988,6.2,Green-N,1313,1326,18.0,5066.833333333333,3.0,1350.0,3.7532098765432096,UNDERSUPPLY,0.0,3716.833333333333
988,6.2,Green-N,1313,1326,19.0,2557.0,2.0,900.0,2.841111111111111,UNDERSUPPLY,0.0,1657.0
990,6.2,Green-N,1314,1308,5.0,463.66666666666663,5.0,2250.0,0.20607407407407405,BALANCED,1786.3333333333335,0.0
990,6.2,Green-N,1314,1308,6.0,1366.6666666666667,3.0,1350.0,1.0123456790123457,UNDERSUPPLY,0.0,16.666666666666742
990,6.2,Green-N,1314,1308,7.0,3401.5,3.0,1350.0,2.5196296296296294,UNDERSUPPLY,0.0,2051.5
990,6.2,Green-N,1314,1308,8.0,6143.833333333333,3.0,1350.0,4.550987654320988,UNDERSUPPLY,0.0,4793.833333333333
990,6.2,Green-N,1314,1308,9.0,4408.5,3.0,1350.0,3.2655555555555558,UNDERSUPPLY,0.0,3058.5
990,6.2,Green-N,1314,1308,10.0,2003.3333333333333,3.0,1350.0,1.4839506172839505,UNDERSUPPLY,0.0,653.3333333333333
990,6.2,Green-N,1314,1308,11.0,1165.0,3.0,1350.0,0.8629629629629629,CROWDED,185.0,0.0
990,6.2,Green-N,1314,1308,12.0,977.3333333333334,3.0,1350.0,0.7239506172839506,BALANCED,372.66666666666663,0.0
990,6.2,Green-N,1314,1308,13.0,1057.1666666666667,3.0,1350.0,0.7830864197530865,BALANCED,292.83333333333326,0.0
990,6.2,Green-N,1314,1308,14.0,1050.5,3.0,1350.0,0.7781481481481481,BALANCED,299.5,0.0
990,6.2,Green-N,1314,1308,15.0,1190.1666666666667,3.0,1350.0,0.881604938271605,CROWDED,159.83333333333326,0.0
990,6.2,Green-N,1314,1308,16.0,1671.5,3.0,1350.0,1.2381481481481482,UNDERSUPPLY,0.0,321.5
990,6.2,Green-N,1314,1308,17.0,2010.0,3.0,1350.0,1.488888888888889,UNDERSUPPLY,0.0,660.0
990,6.2,Green-N,1314,1308,18.0,2063.6666666666665,3.0,1350.0,1.5286419753086418,UNDERSUPPLY,0.0,713.6666666666665
990,6.2,Green-N,1314,1308,19.0,1222.8333333333333,2.0,900.0,1.3587037037037035,UNDERSUPPLY,0.0,322.83333333333326
992,6.2,Green-N,1315,1332,5.0,43.666666666666664,5.0,2250.0,0.019407407407407408,OVERSUPPLY,2206.3333333333335,0.0
992,6.2,Green-N,1315,1332,6.0,144.0,3.0,1350.0,0.10666666666666667,OVERSUPPLY,1206.0,0.0
992,6.2,Green-N,1315,1332,7.0,398.8333333333333,3.0,1350.0,0.2954320987654321,BALANCED,951.1666666666667,0.0
992,6.2,Green-N,1315,1332,8.0,588.1666666666666,3.0,1350.0,0.43567901234567896,BALANCED,761.8333333333334,0.0
992,6.2,Green-N,1315,1332,9.0,462.6666666666667,3.0,1350.0,0.34271604938271605,BALANCED,887.3333333333333,0.0
992,6.2,Green-N,1315,1332,10.0,337.6666666666667,3.0,1350.0,0.2501234567901235,BALANCED,1012.3333333333333,0.0
992,6.2,Green-N,1315,1332,11.0,366.5,3.0,1350.0,0.2714814814814815,BALANCED,983.5,0.0
992,6.2,Green-N,1315,1332,12.0,513.3333333333334,3.0,1350.0,0.3802469135802469,BALANCED,836.6666666666666,0.0
992,6.2,Green-N,1315,1332,13.0,657.6666666666666,3.0,1350.0,0.4871604938271605,BALANCED,692.3333333333334,0.0
992,6.2,Green-N,1315,1332,14.0,1076.8333333333333,3.0,1350.0,0.7976543209876543,BALANCED,273.16666666666674,0.0
992,6.2,Green-N,1315,1332,15.0,1797.3333333333333,3.0,1350.0,1.3313580246913579,UNDERSUPPLY,0.0,447.33333333333326
992,6.2,Green-N,1315,1332,16.0,3333.1666666666665,3.0,1350.0,2.4690123456790123,UNDERSUPPLY,0.0,1983.1666666666665
992,6.2,Green-N,1315,1332,17.0,6028.0,3.0,1350.0,4.465185185185185,UNDERSUPPLY,0.0,4678.0
992,6.2,Green-N,1315,1332,18.0,6063.5,3.0,1350.0,4.491481481481482,UNDERSUPPLY,0.0,4713.5
992,6.2,Green-N,1315,1332,19.0,3258.0,2.0,900.0,3.62,UNDERSUPPLY,0.0,2358.0
994,6.2,Green-N,1316,1330,6.0,7.5,3.0,1350.0,0.005555555555555556,OVERSUPPLY,1342.5,0.0
994,6.2,Green-N,1316,1330,7.0,20.333333333333336,3.0,1350.0,0.01506172839506173,OVERSUPPLY,1329.6666666666667,0.0
994,6.2,Green-N,1316,1330,8.0,16.666666666666668,3.0,1350.0,0.01234567901234568,OVERSUPPLY,1333.3333333333333,0.0
994,6.2,Green-N,1316,1330,9.0,16.0,3.0,1350.0,0.011851851851851851,OVERSUPPLY,1334.0,0.0
994,6.2,Green-N,1316,1330,10.0,9.5,3.0,1350.0,0.007037037037037037,OVERSUPPLY,1340.5,0.0
994,6.2,Green-N,1316,1330,11.0,6.0,3.0,1350.0,0.0044444444444444444,OVERSUPPLY,1344.0,0.0
994,6.2,Green-N,1316,1330,12.0,6.5,3.0,1350.0,0.004814814814814815,OVERSUPPLY,1343.5,0.0
994,6.2,Green-N,1316,1330,13.0,3.5,3.0,1350.0,0.0025925925925925925,OVERSUPPLY,1346.5,0.0
994,6.2,Green-N,1316,1330,14.0,4.333333333333333,3.0,1350.0,0.0032098765432098763,OVERSUPPLY,1345.6666666666667,0.0
994,6.2,Green-N,1316,1330,15.0,6.0,3.0,1350.0,0.0044444444444444444,OVERSUPPLY,1344.0,0.0
994,6.2,Green-N,1316,1330,16.0,7.333333333333334,3.0,1350.0,0.0054320987654320994,OVERSUPPLY,1342.6666666666667,0.0
994,6.2,Green-N,1316,1330,17.0,10.666666666666666,3.0,1350.0,0.007901234567901235,OVERSUPPLY,1339.3333333333333,0.0
994,6.2,Green-N,1316,1330,18.0,4.333333333333334,3.0,1350.0,0.0032098765432098768,OVERSUPPLY,1345.6666666666667,0.0
994,6.2,Green-N,1316,1330,19.0,2.3333333333333335,2.0,900.0,0.002592592592592593,OVERSUPPLY,897.6666666666666,0.0
996,6.2,Green-N,1317,1331,6.0,31.5,3.0,1350.0,0.023333333333333334,OVERSUPPLY,1318.5,0.0
996,6.2,Green-N,1317,1331,7.0,52.66666666666667,3.0,1350.0,0.03901234567901235,OVERSUPPLY,1297.3333333333333,0.0
996,6.2,Green-N,1317,1331,8.0,57.5,3.0,1350.0,0.04259259259259259,OVERSUPPLY,1292.5,0.0
996,6.2,Green-N,1317,1331,9.0,30.833333333333332,3.0,1350.0,0.022839506172839506,OVERSUPPLY,1319.1666666666667,0.0
996,6.2,Green-N,1317,1331,10.0,23.166666666666668,3.0,1350.0,0.017160493827160495,OVERSUPPLY,1326.8333333333333,0.0
996,6.2,Green-N,1317,1331,11.0,20.5,3.0,1350.0,0.015185185185185185,OVERSUPPLY,1329.5,0.0
996,6.2,Green-N,1317,1331,12.0,18.833333333333332,3.0,1350.0,0.013950617283950617,OVERSUPPLY,1331.1666666666667,0.0
996,6.2,Green-N,1317,1331,13.0,23.666666666666664,3.0,1350.0,0.017530864197530863,OVERSUPPLY,1326.3333333333333,0.0
996,6.2,Green-N,1317,1331,14.0,21.333333333333336,3.0,1350.0,0.01580246913580247,OVERSUPPLY,1328.6666666666667,0.0
996,6.2,Green-N,1317,1331,15.0,45.5,3.0,1350.0,0.0337037037037037,OVERSUPPLY,1304.5,0.0
996,6.2,Green-N,1317,1331,16.0,90.0,3.0,1350.0,0.06666666666666667,OVERSUPPLY,1260.0,0.0
996,6.2,Green-N,1317,1331,17.0,175.66666666666666,3.0,1350.0,0.13012345679012344,OVERSUPPLY,1174.3333333333333,0.0
996,6.2,Green-N,1317,1331,18.0,210.0,3.0,1350.0,0.15555555555555556,OVERSUPPLY,1140.0,0.0
996,6.2,Green-N,1317,1331,19.0,129.33333333333334,2.0,900.0,0.14370370370370372,OVERSUPPLY,770.6666666666666,0.0
998,6.2,Green-N,1318,1313,5.0,2.6666666666666665,5.0,2250.0,0.0011851851851851852,OVERSUPPLY,2247.3333333333335,0.0
998,6.2,Green-N,1318,1313,6.0,34.166666666666664,3.0,1350.0,0.02530864197530864,OVERSUPPLY,1315.8333333333333,0.0
998,6.2,Green-N,1318,1313,7.0,121.33333333333333,3.0,1350.0,0.08987654320987654,OVERSUPPLY,1228.6666666666667,0.0
998,6.2,Green-N,1318,1313,8.0,138.5,3.0,1350.0,0.1025925925925926,OVERSUPPLY,1211.5,0.0
998,6.2,Green-N,1318,1313,9.0,123.33333333333333,3.0,1350.0,0.09135802469135802,OVERSUPPLY,1226.6666666666667,0.0
998,6.2,Green-N,1318,1313,10.0,99.66666666666667,3.0,1350.0,0.07382716049382716,OVERSUPPLY,1250.3333333333333,0.0
998,6.2,Green-N,1318,1313,11.0,109.0,3.0,1350.0,0.08074074074074074,OVERSUPPLY,1241.0,0.0
998,6.2,Green-N,1318,1313,12.0,152.33333333333334,3.0,1350.0,0.11283950617283951,OVERSUPPLY,1197.6666666666667,0.0
998,6.2,Green-N,1318,1313,13.0,214.5,3.0,1350.0,0.15888888888888889,OVERSUPPLY,1135.5,0.0
998,6.2,Green-N,1318,1313,14.0,306.6666666666667,3.0,1350.0,0.2271604938271605,BALANCED,1043.3333333333333,0.0
998,6.2,Green-N,1318,1313,15.0,639.5,3.0,1350.0,0.4737037037037037,BALANCED,710.5,0.0
998,6.2,Green-N,1318,1313,16.0,1236.6666666666667,3.0,1350.0,0.9160493827160494,CROWDED,113.33333333333326,0.0
998,6.2,Green-N,1318,1313,17.0,2238.5,3.0,1350.0,1.6581481481481481,UNDERSUPPLY,0.0,888.5
998,6.2,Green-N,1318,1313,18.0,2536.8333333333335,3.0,1350.0,1.8791358024691358,UNDERSUPPLY,0.0,1186.8333333333335
998,6.2,Green-N,1318,1313,19.0,1418.1666666666667,2.0,900.0,1.5757407407407409,UNDERSUPPLY,0.0,518.1666666666667
1000,6.2,Green-N,1319,1307,5.0,507.0,5.0,2250.0,0.22533333333333333,BALANCED,1743.0,0.0
1000,6.2,Green-N,1319,1307,6.0,1407.0,3.0,1350.0,1.0422222222222222,UNDERSUPPLY,0.0,57.0
1000,6.2,Green-N,1319,1307,7.0,3507.0,3.0,1350.0,2.597777777777778,UNDERSUPPLY,0.0,2157.0
1000,6.2,Green-N,1319,1307,8.0,6535.333333333333,3.0,1350.0,4.840987654320988,UNDERSUPPLY,0.0,5185.333333333333
1000,6.2,Green-N,1319,1307,9.0,4685.333333333333,3.0,1350.0,3.470617283950617,UNDERSUPPLY,0.0,3335.333333333333
1000,6.2,Green-N,1319,1307,10.0,2093.5,3.0,1350.0,1.5507407407407408,UNDERSUPPLY,0.0,743.5
1000,6.2,Green-N,1319,1307,11.0,1222.1666666666667,3.0,1350.0,0.9053086419753087,CROWDED,127.83333333333326,0.0
1000,6.2,Green-N,1319,1307,12.0,1013.5,3.0,1350.0,0.7507407407407407,BALANCED,336.5,0.0
1000,6.2,Green-N,1319,1307,13.0,1109.8333333333333,3.0,1350.0,0.8220987654320987,CROWDED,240.16666666666674,0.0
1000,6.2,Green-N,1319,1307,14.0,1113.8333333333333,3.0,1350.0,0.8250617283950616,CROWDED,236.16666666666674,0.0
1000,6.2,Green-N,1319,1307,15.0,1195.6666666666667,3.0,1350.0,0.885679012345679,CROWDED,154.33333333333326,0.0
1000,6.2,Green-N,1319,1307,16.0,1607.5,3.0,1350.0,1.1907407407407407,UNDERSUPPLY,0.0,257.5
1000,6.2,Green-N,1319,1307,17.0,1790.3333333333333,3.0,1350.0,1.3261728395061727,UNDERSUPPLY,0.0,440.33333333333326
1000,6.2,Green-N,1319,1307,18.0,1858.1666666666667,3.0,1350.0,1.3764197530864197,UNDERSUPPLY,0.0,508.16666666666674
1000,6.2,Green-N,1319,1307,19.0,1112.3333333333333,2.0,900.0,1.2359259259259259,UNDERSUPPLY,0.0,212.33333333333326
1002,6.2,Green-N,1320,1327,5.0,0.5,5.0,2250.0,0.00022222222222222223,OVERSUPPLY,2249.5,0.0
1002,6.2,Green-N,1320,1327,6.0,83.83333333333333,3.0,1350.0,0.06209876543209876,OVERSUPPLY,1266.1666666666667,0.0
1002,6.2,Green-N,1320,1327,7.0,166.5,3.0,1350.0,0.12333333333333334,OVERSUPPLY,1183.5,0.0
1002,6.2,Green-N,1320,1327,8.0,148.33333333333334,3.0,1350.0,0.10987654320987655,OVERSUPPLY,1201.6666666666667,0.0
1002,6.2,Green-N,1320,1327,9.0,88.16666666666667,3.0,1350.0,0.06530864197530864,OVERSUPPLY,1261.8333333333333,0.0
1002,6.2,Green-N,1320,1327,10.0,61.666666666666664,3.0,1350.0,0.04567901234567901,OVERSUPPLY,1288.3333333333333,0.0
1002,6.2,Green-N,1320,1327,11.0,59.166666666666664,3.0,1350.0,0.04382716049382716,OVERSUPPLY,1290.8333333333333,0.0
1002,6.2,Green-N,1320,1327,12.0,73.66666666666667,3.0,1350.0,0.0545679012345679,OVERSUPPLY,1276.3333333333333,0.0
1002,6.2,Green-N,1320,1327,13.0,94.83333333333333,3.0,1350.0,0.07024691358024691,OVERSUPPLY,1255.1666666666667,0.0
1002,6.2,Green-N,1320,1327,14.0,118.5,3.0,1350.0,0.08777777777777777,OVERSUPPLY,1231.5,0.0
1002,6.2,Green-N,1320,1327,15.0,210.5,3.0,1350.0,0.1559259259259259,OVERSUPPLY,1139.5,0.0
1002,6.2,Green-N,1320,1327,16.0,413.1666666666667,3.0,1350.0,0.3060493827160494,BALANCED,936.8333333333333,0.0
1002,6.2,Green-N,1320,1327,17.0,784.3333333333334,3.0,1350.0,0.5809876543209876,BALANCED,565.6666666666666,0.0
1002,6.2,Green-N,1320,1327,18.0,886.8333333333334,3.0,1350.0,0.6569135802469136,BALANCED,463.16666666666663,0.0
1002,6.2,Green-N,1320,1327,19.0,479.3333333333333,2.0,900.0,0.5325925925925926,BALANCED,420.6666666666667,0.0
1004,6.2,Green-N,1321,1318,5.0,12.5,5.0,2250.0,0.005555555555555556,OVERSUPPLY,2237.5,0.0
1004,6.2,Green-N,1321,1318,6.0,67.66666666666667,3.0,1350.0,0.05012345679012346,OVERSUPPLY,1282.3333333333333,0.0
1004,6.2,Green-N,1321,1318,7.0,167.5,3.0,1350.0,0.12407407407407407,OVERSUPPLY,1182.5,0.0
1004,6.2,Green-N,1321,1318,8.0,219.16666666666666,3.0,1350.0,0.16234567901234567,OVERSUPPLY,1130.8333333333333,0.0
1004,6.2,Green-N,1321,1318,9.0,187.83333333333334,3.0,1350.0,0.13913580246913582,OVERSUPPLY,1162.1666666666667,0.0
1004,6.2,Green-N,1321,1318,10.0,159.33333333333334,3.0,1350.0,0.1180246913580247,OVERSUPPLY,1190.6666666666667,0.0
1004,6.2,Green-N,1321,1318,11.0,180.66666666666666,3.0,1350.0,0.13382716049382715,OVERSUPPLY,1169.3333333333333,0.0
1004,6.2,Green-N,1321,1318,12.0,247.33333333333334,3.0,1350.0,0.1832098765432099,OVERSUPPLY,1102.6666666666667,0.0
1004,6.2,Green-N,1321,1318,13.0,328.6666666666667,3.0,1350.0,0.2434567901234568,BALANCED,1021.3333333333333,0.0
1004,6.2,Green-N,1321,1318,14.0,543.6666666666666,3.0,1350.0,0.40271604938271605,BALANCED,806.3333333333334,0.0
1004,6.2,Green-N,1321,1318,15.0,941.1666666666666,3.0,1350.0,0.6971604938271605,BALANCED,408.83333333333337,0.0
1004,6.2,Green-N,1321,1318,16.0,1760.6666666666667,3.0,1350.0,1.3041975308641975,UNDERSUPPLY,0.0,410.66666666666674
1004,6.2,Green-N,1321,1318,17.0,2945.3333333333335,3.0,1350.0,2.1817283950617283,UNDERSUPPLY,0.0,1595.3333333333335
1004,6.2,Green-N,1321,1318,18.0,3172.8333333333335,3.0,1350.0,2.350246913580247,UNDERSUPPLY,0.0,1822.8333333333335
1004,6.2,Green-N,1321,1318,19.0,1720.6666666666667,2.0,900.0,1.911851851851852,UNDERSUPPLY,0.0,820.6666666666667
1010,6.2,Green-N,1324,1315,5.0,125.66666666666667,5.0,2250.0,0.055851851851851854,OVERSUPPLY,2124.3333333333335,0.0
1010,6.2,Green-N,1324,1315,6.0,334.6666666666667,3.0,1350.0,0.24790123456790125,BALANCED,1015.3333333333333,0.0
1010,6.2,Green-N,1324,1315,7.0,885.5,3.0,1350.0,0.6559259259259259,BALANCED,464.5,0.0
1010,6.2,Green-N,1324,1315,8.0,1741.8333333333333,3.0,1350.0,1.2902469135802468,UNDERSUPPLY,0.0,391.83333333333326
1010,6.2,Green-N,1324,1315,9.0,1282.6666666666667,3.0,1350.0,0.9501234567901236,CROWDED,67.33333333333326,0.0
1010,6.2,Green-N,1324,1315,10.0,627.6666666666666,3.0,1350.0,0.4649382716049382,BALANCED,722.3333333333334,0.0
1010,6.2,Green-N,1324,1315,11.0,486.6666666666667,3.0,1350.0,0.36049382716049383,BALANCED,863.3333333333333,0.0
1010,6.2,Green-N,1324,1315,12.0,614.8333333333334,3.0,1350.0,0.4554320987654321,BALANCED,735.1666666666666,0.0
1010,6.2,Green-N,1324,1315,13.0,747.6666666666666,3.0,1350.0,0.5538271604938272,BALANCED,602.3333333333334,0.0
1010,6.2,Green-N,1324,1315,14.0,1091.0,3.0,1350.0,0.8081481481481482,CROWDED,259.0,0.0
1010,6.2,Green-N,1324,1315,15.0,1814.6666666666667,3.0,1350.0,1.3441975308641976,UNDERSUPPLY,0.0,464.66666666666674
1010,6.2,Green-N,1324,1315,16.0,3301.8333333333335,3.0,1350.0,2.4458024691358027,UNDERSUPPLY,0.0,1951.8333333333335
1010,6.2,Green-N,1324,1315,17.0,5949.666666666667,3.0,1350.0,4.407160493827161,UNDERSUPPLY,0.0,4599.666666666667
1010,6.2,Green-N,1324,1315,18.0,5973.666666666667,3.0,1350.0,4.424938271604939,UNDERSUPPLY,0.0,4623.666666666667
1010,6.2,Green-N,1324,1315,19.0,3201.0,2.0,900.0,3.5566666666666666,UNDERSUPPLY,0.0,2301.0
1012,6.2,Green-N,1325,1324,5.0,50.166666666666664,5.0,2250.0,0.022296296296296297,OVERSUPPLY,2199.8333333333335,0.0
1012,6.2,Green-N,1325,1324,6.0,113.33333333333333,3.0,1350.0,0.08395061728395062,OVERSUPPLY,1236.6666666666667,0.0
1012,6.2,Green-N,1325,1324,7.0,285.0,3.0,1350.0,0.2111111111111111,BALANCED,1065.0,0.0
1012,6.2,Green-N,1325,1324,8.0,481.16666666666663,3.0,1350.0,0.3564197530864197,BALANCED,868.8333333333334,0.0
1012,6.2,Green-N,1325,1324,9.0,326.8333333333333,3.0,1350.0,0.24209876543209874,BALANCED,1023.1666666666667,0.0
1012,6.2,Green-N,1325,1324,10.0,144.5,3.0,1350.0,0.10703703703703704,OVERSUPPLY,1205.5,0.0
1012,6.2,Green-N,1325,1324,11.0,91.83333333333333,3.0,1350.0,0.06802469135802469,OVERSUPPLY,1258.1666666666667,0.0
1012,6.2,Green-N,1325,1324,12.0,103.5,3.0,1350.0,0.07666666666666666,OVERSUPPLY,1246.5,0.0
1012,6.2,Green-N,1325,1324,13.0,122.33333333333333,3.0,1350.0,0.09061728395061729,OVERSUPPLY,1227.6666666666667,0.0
1012,6.2,Green-N,1325,1324,14.0,162.0,3.0,1350.0,0.12,OVERSUPPLY,1188.0,0.0
1012,6.2,Green-N,1325,1324,15.0,226.0,3.0,1350.0,0.1674074074074074,OVERSUPPLY,1124.0,0.0
1012,6.2,Green-N,1325,1324,16.0,364.0,3.0,1350.0,0.2696296296296296,BALANCED,986.0,0.0
1012,6.2,Green-N,1325,1324,17.0,520.5,3.0,1350.0,0.38555555555555554,BALANCED,829.5,0.0
1012,6.2,Green-N,1325,1324,18.0,507.0,3.0,1350.0,0.37555555555555553,BALANCED,843.0,0.0
1012,6.2,Green-N,1325,1324,19.0,298.0,2.0,900.0,0.33111111111111113,BALANCED,602.0,0.0
1014,6.2,Green-N,1326,1309,5.0,15.0,5.0,2250.0,0.006666666666666667,OVERSUPPLY,2235.0,0.0
1014,6.2,Green-N,1326,1309,6.0,423.6666666666667,3.0,1350.0,0.3138271604938272,BALANCED,926.3333333333333,0.0
1014,6.2,Green-N,1326,1309,7.0,806.0,3.0,1350.0,0.597037037037037,BALANCED,544.0,0.0
1014,6.2,Green-N,1326,1309,8.0,855.5,3.0,1350.0,0.6337037037037037,BALANCED,494.5,0.0
1014,6.2,Green-N,1326,1309,9.0,643.8333333333334,3.0,1350.0,0.4769135802469136,BALANCED,706.1666666666666,0.0
1014,6.2,Green-N,1326,1309,10.0,445.1666666666667,3.0,1350.0,0.3297530864197531,BALANCED,904.8333333333333,0.0
1014,6.2,Green-N,1326,1309,11.0,412.1666666666667,3.0,1350.0,0.30530864197530866,BALANCED,937.8333333333333,0.0
1014,6.2,Green-N,1326,1309,12.0,535.1666666666666,3.0,1350.0,0.39641975308641975,BALANCED,814.8333333333334,0.0
1014,6.2,Green-N,1326,1309,13.0,619.5,3.0,1350.0,0.4588888888888889,BALANCED,730.5,0.0
1014,6.2,Green-N,1326,1309,14.0,953.0,3.0,1350.0,0.705925925925926,BALANCED,397.0,0.0
1014,6.2,Green-N,1326,1309,15.0,1688.8333333333333,3.0,1350.0,1.2509876543209877,UNDERSUPPLY,0.0,338.83333333333326
1014,6.2,Green-N,1326,1309,16.0,3390.8333333333335,3.0,1350.0,2.5117283950617284,UNDERSUPPLY,0.0,2040.8333333333335
1014,6.2,Green-N,1326,1309,17.0,6146.333333333333,3.0,1350.0,4.552839506172839,UNDERSUPPLY,0.0,4796.333333333333
1014,6.2,Green-N,1326,1309,18.0,5728.333333333333,3.0,1350.0,4.24320987654321,UNDERSUPPLY,0.0,4378.333333333333
1014,6.2,Green-N,1326,1309,19.0,2859.3333333333335,2.0,900.0,3.1770370370370373,UNDERSUPPLY,0.0,1959.3333333333335
1016,6.2,Green-N,1327,1329,5.0,0.16666666666666666,5.0,2250.0,7.407407407407407e-05,OVERSUPPLY,2249.8333333333335,0.0
1016,6.2,Green-N,1327,1329,6.0,91.0,3.0,1350.0,0.0674074074074074,OVERSUPPLY,1259.0,0.0
1016,6.2,Green-N,1327,1329,7.0,178.83333333333334,3.0,1350.0,0.13246913580246913,OVERSUPPLY,1171.1666666666667,0.0
1016,6.2,Green-N,1327,1329,8.0,160.83333333333334,3.0,1350.0,0.11913580246913581,OVERSUPPLY,1189.1666666666667,0.0
1016,6.2,Green-N,1327,1329,9.0,89.33333333333333,3.0,1350.0,0.06617283950617284,OVERSUPPLY,1260.6666666666667,0.0
1016,6.2,Green-N,1327,1329,10.0,59.0,3.0,1350.0,0.0437037037037037,OVERSUPPLY,1291.0,0.0
1016,6.2,Green-N,1327,1329,11.0,55.333333333333336,3.0,1350.0,0.04098765432098766,OVERSUPPLY,1294.6666666666667,0.0
1016,6.2,Green-N,1327,1329,12.0,64.33333333333333,3.0,1350.0,0.04765432098765432,OVERSUPPLY,1285.6666666666667,0.0
1016,6.2,Green-N,1327,1329,13.0,78.16666666666667,3.0,1350.0,0.057901234567901236,OVERSUPPLY,1271.8333333333333,0.0
1016,6.2,Green-N,1327,1329,14.0,97.83333333333333,3.0,1350.0,0.07246913580246914,OVERSUPPLY,1252.1666666666667,0.0
1016,6.2,Green-N,1327,1329,15.0,175.16666666666666,3.0,1350.0,0.12975308641975308,OVERSUPPLY,1174.8333333333333,0.0
1016,6.2,Green-N,1327,1329,16.0,329.1666666666667,3.0,1350.0,0.24382716049382716,BALANCED,1020.8333333333333,0.0
1016,6.2,Green-N,1327,1329,17.0,648.1666666666666,3.0,1350.0,0.4801234567901234,BALANCED,701.8333333333334,0.0
1016,6.2,Green-N,1327,1329,18.0,763.8333333333334,3.0,1350.0,0.5658024691358025,BALANCED,586.1666666666666,0.0
1016,6.2,Green-N,1327,1329,19.0,417.6666666666667,2.0,900.0,0.4640740740740741,BALANCED,482.3333333333333,0.0
1018,6.2,Green-N,1328,1316,6.0,6.166666666666667,3.0,1350.0,0.004567901234567902,OVERSUPPLY,1343.8333333333333,0.0
1018,6.2,Green-N,1328,1316,7.0,21.166666666666664,3.0,1350.0,0.015679012345679012,OVERSUPPLY,1328.8333333333333,0.0
1018,6.2,Green-N,1328,1316,8.0,18.833333333333336,3.0,1350.0,0.013950617283950618,OVERSUPPLY,1331.1666666666667,0.0
1018,6.2,Green-N,1328,1316,9.0,15.166666666666668,3.0,1350.0,0.011234567901234569,OVERSUPPLY,1334.8333333333333,0.0
1018,6.2,Green-N,1328,1316,10.0,10.166666666666666,3.0,1350.0,0.007530864197530864,OVERSUPPLY,1339.8333333333333,0.0
1018,6.2,Green-N,1328,1316,11.0,5.0,3.0,1350.0,0.003703703703703704,OVERSUPPLY,1345.0,0.0
1018,6.2,Green-N,1328,1316,12.0,5.5,3.0,1350.0,0.004074074074074074,OVERSUPPLY,1344.5,0.0
1018,6.2,Green-N,1328,1316,13.0,6.333333333333334,3.0,1350.0,0.004691358024691359,OVERSUPPLY,1343.6666666666667,0.0
1018,6.2,Green-N,1328,1316,14.0,3.666666666666667,3.0,1350.0,0.0027160493827160497,OVERSUPPLY,1346.3333333333333,0.0
1018,6.2,Green-N,1328,1316,15.0,7.666666666666666,3.0,1350.0,0.005679012345679012,OVERSUPPLY,1342.3333333333333,0.0
1018,6.2,Green-N,1328,1316,16.0,8.0,3.0,1350.0,0.005925925925925926,OVERSUPPLY,1342.0,0.0
1018,6.2,Green-N,1328,1316,17.0,6.833333333333333,3.0,1350.0,0.005061728395061728,OVERSUPPLY,1343.1666666666667,0.0
1018,6.2,Green-N,1328,1316,18.0,5.833333333333334,3.0,1350.0,0.004320987654320988,OVERSUPPLY,1344.1666666666667,0.0
1018,6.2,Green-N,1328,1316,19.0,3.5,2.0,900.0,0.0038888888888888888,OVERSUPPLY,896.5,0.0
1020,6.2,Green-N,1329,1317,6.0,61.66666666666667,3.0,1350.0,0.04567901234567902,OVERSUPPLY,1288.3333333333333,0.0
1020,6.2,Green-N,1329,1317,7.0,131.66666666666666,3.0,1350.0,0.09753086419753086,OVERSUPPLY,1218.3333333333333,0.0
1020,6.2,Green-N,1329,1317,8.0,120.16666666666667,3.0,1350.0,0.08901234567901235,OVERSUPPLY,1229.8333333333333,0.0
1020,6.2,Green-N,1329,1317,9.0,67.0,3.0,1350.0,0.04962962962962963,OVERSUPPLY,1283.0,0.0
1020,6.2,Green-N,1329,1317,10.0,43.0,3.0,1350.0,0.03185185185185185,OVERSUPPLY,1307.0,0.0
1020,6.2,Green-N,1329,1317,11.0,41.0,3.0,1350.0,0.03037037037037037,OVERSUPPLY,1309.0,0.0
1020,6.2,Green-N,1329,1317,12.0,43.666666666666664,3.0,1350.0,0.032345679012345675,OVERSUPPLY,1306.3333333333333,0.0
1020,6.2,Green-N,1329,1317,13.0,55.5,3.0,1350.0,0.04111111111111111,OVERSUPPLY,1294.5,0.0
1020,6.2,Green-N,1329,1317,14.0,68.0,3.0,1350.0,0.05037037037037037,OVERSUPPLY,1282.0,0.0
1020,6.2,Green-N,1329,1317,15.0,105.0,3.0,1350.0,0.07777777777777778,OVERSUPPLY,1245.0,0.0
1020,6.2,Green-N,1329,1317,16.0,211.5,3.0,1350.0,0.15666666666666668,OVERSUPPLY,1138.5,0.0
1020,6.2,Green-N,1329,1317,17.0,460.66666666666663,3.0,1350.0,0.3412345679012345,BALANCED,889.3333333333334,0.0
1020,6.2,Green-N,1329,1317,18.0,514.5,3.0,1350.0,0.3811111111111111,BALANCED,835.5,0.0
1020,6.2,Green-N,1329,1317,19.0,298.0,2.0,900.0,0.33111111111111113,BALANCED,602.0,0.0
1026,6.2,Green-N,1332,1321,5.0,30.333333333333332,5.0,2250.0,0.013481481481481481,OVERSUPPLY,2219.6666666666665,0.0
1026,6.2,Green-N,1332,1321,6.0,97.5,3.0,1350.0,0.07222222222222222,OVERSUPPLY,1252.5,0.0
1026,6.2,Green-N,1332,1321,7.0,236.66666666666666,3.0,1350.0,0.17530864197530863,OVERSUPPLY,1113.3333333333333,0.0
1026,6.2,Green-N,1332,1321,8.0,324.5,3.0,1350.0,0.24037037037037037,BALANCED,1025.5,0.0
1026,6.2,Green-N,1332,1321,9.0,258.3333333333333,3.0,1350.0,0.19135802469135801,OVERSUPPLY,1091.6666666666667,0.0
1026,6.2,Green-N,1332,1321,10.0,202.0,3.0,1350.0,0.14962962962962964,OVERSUPPLY,1148.0,0.0
1026,6.2,Green-N,1332,1321,11.0,231.16666666666666,3.0,1350.0,0.17123456790123456,OVERSUPPLY,1118.8333333333333,0.0
1026,6.2,Green-N,1332,1321,12.0,324.0,3.0,1350.0,0.24,BALANCED,1026.0,0.0
1026,6.2,Green-N,1332,1321,13.0,411.5,3.0,1350.0,0.3048148148148148,BALANCED,938.5,0.0
1026,6.2,Green-N,1332,1321,14.0,683.8333333333334,3.0,1350.0,0.5065432098765432,BALANCED,666.1666666666666,0.0
1026,6.2,Green-N,1332,1321,15.0,1148.1666666666667,3.0,1350.0,0.8504938271604939,CROWDED,201.83333333333326,0.0
1026,6.2,Green-N,1332,1321,16.0,2133.0,3.0,1350.0,1.58,UNDERSUPPLY,0.0,783.0
1026,6.2,Green-N,1332,1321,17.0,3659.1666666666665,3.0,1350.0,2.710493827160494,UNDERSUPPLY,0.0,2309.1666666666665
1026,6.2,Green-N,1332,1321,18.0,3792.0,3.0,1350.0,2.8088888888888888,UNDERSUPPLY,0.0,2442.0
1026,6.2,Green-N,1332,1321,19.0,2066.6666666666665,2.0,900.0,2.2962962962962963,UNDERSUPPLY,0.0,1166.6666666666665
1028,7.1,Red-S,1333,1356,6.0,41.666666666666664,3.0,1350.0,0.030864197530864196,OVERSUPPLY,1308.3333333333333,0.0
1028,7.1,Red-S,1333,1356,7.0,54.5,3.0,1350.0,0.04037037037037037,OVERSUPPLY,1295.5,0.0
1028,7.1,Red-S,1333,1356,8.0,52.333333333333336,3.0,1350.0,0.038765432098765436,OVERSUPPLY,1297.6666666666667,0.0
1028,7.1,Red-S,1333,1356,9.0,28.833333333333332,3.0,1350.0,0.021358024691358023,OVERSUPPLY,1321.1666666666667,0.0
1028,7.1,Red-S,1333,1356,10.0,15.5,3.0,1350.0,0.011481481481481481,OVERSUPPLY,1334.5,0.0
1028,7.1,Red-S,1333,1356,11.0,12.333333333333334,3.0,1350.0,0.009135802469135803,OVERSUPPLY,1337.6666666666667,0.0
1028,7.1,Red-S,1333,1356,12.0,9.333333333333334,3.0,1350.0,0.006913580246913581,OVERSUPPLY,1340.6666666666667,0.0
1028,7.1,Red-S,1333,1356,13.0,6.0,3.0,1350.0,0.0044444444444444444,OVERSUPPLY,1344.0,0.0
1028,7.1,Red-S,1333,1356,14.0,9.833333333333334,3.0,1350.0,0.007283950617283951,OVERSUPPLY,1340.1666666666667,0.0
1028,7.1,Red-S,1333,1356,15.0,13.5,3.0,1350.0,0.01,OVERSUPPLY,1336.5,0.0
1028,7.1,Red-S,1333,1356,16.0,20.5,3.0,1350.0,0.015185185185185185,OVERSUPPLY,1329.5,0.0
1028,7.1,Red-S,1333,1356,17.0,49.0,3.0,1350.0,0.0362962962962963,OVERSUPPLY,1301.0,0.0
1028,7.1,Red-S,1333,1356,18.0,53.166666666666664,3.0,1350.0,0.03938271604938271,OVERSUPPLY,1296.8333333333333,0.0
1028,7.1,Red-S,1333,1356,19.0,24.166666666666668,2.0,900.0,0.026851851851851852,OVERSUPPLY,875.8333333333334,0.0
1030,7.1,Red-S,1334,1336,6.0,115.66666666666667,3.0,1350.0,0.08567901234567901,OVERSUPPLY,1234.3333333333333,0.0
1030,7.1,Red-S,1334,1336,7.0,170.16666666666666,3.0,1350.0,0.12604938271604937,OVERSUPPLY,1179.8333333333333,0.0
1030,7.1,Red-S,1334,1336,8.0,233.83333333333334,3.0,1350.0,0.17320987654320988,OVERSUPPLY,1116.1666666666667,0.0
1030,7.1,Red-S,1334,1336,9.0,136.0,3.0,1350.0,0.10074074074074074,OVERSUPPLY,1214.0,0.0
1030,7.1,Red-S,1334,1336,10.0,71.66666666666667,3.0,1350.0,0.05308641975308642,OVERSUPPLY,1278.3333333333333,0.0
1030,7.1,Red-S,1334,1336,11.0,75.66666666666667,3.0,1350.0,0.05604938271604939,OVERSUPPLY,1274.3333333333333,0.0
1030,7.1,Red-S,1334,1336,12.0,80.83333333333333,3.0,1350.0,0.05987654320987654,OVERSUPPLY,1269.1666666666667,0.0
1030,7.1,Red-S,1334,1336,13.0,93.83333333333333,3.0,1350.0,0.06950617283950616,OVERSUPPLY,1256.1666666666667,0.0
1030,7.1,Red-S,1334,1336,14.0,134.66666666666666,3.0,1350.0,0.09975308641975308,OVERSUPPLY,1215.3333333333333,0.0
1030,7.1,Red-S,1334,1336,15.0,220.0,3.0,1350.0,0.16296296296296298,OVERSUPPLY,1130.0,0.0
1030,7.1,Red-S,1334,1336,16.0,423.5,3.0,1350.0,0.3137037037037037,BALANCED,926.5,0.0
1030,7.1,Red-S,1334,1336,17.0,1009.5,3.0,1350.0,0.7477777777777778,BALANCED,340.5,0.0
1030,7.1,Red-S,1334,1336,18.0,917.0,3.0,1350.0,0.6792592592592592,BALANCED,433.0,0.0
1030,7.1,Red-S,1334,1336,19.0,465.0,2.0,900.0,0.5166666666666667,BALANCED,435.0,0.0
1032,7.1,Red-S,1335,1333,6.0,40.666666666666664,3.0,1350.0,0.030123456790123456,OVERSUPPLY,1309.3333333333333,0.0
1032,7.1,Red-S,1335,1333,7.0,50.33333333333333,3.0,1350.0,0.03728395061728395,OVERSUPPLY,1299.6666666666667,0.0
1032,7.1,Red-S,1335,1333,8.0,45.666666666666664,3.0,1350.0,0.03382716049382716,OVERSUPPLY,1304.3333333333333,0.0
1032,7.1,Red-S,1335,1333,9.0,27.666666666666668,3.0,1350.0,0.02049382716049383,OVERSUPPLY,1322.3333333333333,0.0
1032,7.1,Red-S,1335,1333,10.0,13.666666666666666,3.0,1350.0,0.010123456790123456,OVERSUPPLY,1336.3333333333333,0.0
1032,7.1,Red-S,1335,1333,11.0,11.666666666666666,3.0,1350.0,0.008641975308641974,OVERSUPPLY,1338.3333333333333,0.0
1032,7.1,Red-S,1335,1333,12.0,8.333333333333334,3.0,1350.0,0.00617283950617284,OVERSUPPLY,1341.6666666666667,0.0
1032,7.1,Red-S,1335,1333,13.0,5.0,3.0,1350.0,0.003703703703703704,OVERSUPPLY,1345.0,0.0
1032,7.1,Red-S,1335,1333,14.0,7.666666666666667,3.0,1350.0,0.005679012345679013,OVERSUPPLY,1342.3333333333333,0.0
1032,7.1,Red-S,1335,1333,15.0,11.166666666666666,3.0,1350.0,0.008271604938271605,OVERSUPPLY,1338.8333333333333,0.0
1032,7.1,Red-S,1335,1333,16.0,14.5,3.0,1350.0,0.01074074074074074,OVERSUPPLY,1335.5,0.0
1032,7.1,Red-S,1335,1333,17.0,32.0,3.0,1350.0,0.023703703703703703,OVERSUPPLY,1318.0,0.0
1032,7.1,Red-S,1335,1333,18.0,40.33333333333333,3.0,1350.0,0.029876543209876538,OVERSUPPLY,1309.6666666666667,0.0
1032,7.1,Red-S,1335,1333,19.0,19.5,2.0,900.0,0.021666666666666667,OVERSUPPLY,880.5,0.0
1034,7.1,Red-S,1336,1345,6.0,122.66666666666667,3.0,1350.0,0.09086419753086421,OVERSUPPLY,1227.3333333333333,0.0
1034,7.1,Red-S,1336,1345,7.0,191.83333333333334,3.0,1350.0,0.14209876543209876,OVERSUPPLY,1158.1666666666667,0.0
1034,7.1,Red-S,1336,1345,8.0,271.6666666666667,3.0,1350.0,0.2012345679012346,BALANCED,1078.3333333333333,0.0
1034,7.1,Red-S,1336,1345,9.0,154.66666666666666,3.0,1350.0,0.11456790123456789,OVERSUPPLY,1195.3333333333333,0.0
1034,7.1,Red-S,1336,1345,10.0,76.5,3.0,1350.0,0.056666666666666664,OVERSUPPLY,1273.5,0.0
1034,7.1,Red-S,1336,1345,11.0,80.5,3.0,1350.0,0.05962962962962963,OVERSUPPLY,1269.5,0.0
1034,7.1,Red-S,1336,1345,12.0,85.16666666666667,3.0,1350.0,0.06308641975308642,OVERSUPPLY,1264.8333333333333,0.0
1034,7.1,Red-S,1336,1345,13.0,98.33333333333333,3.0,1350.0,0.0728395061728395,OVERSUPPLY,1251.6666666666667,0.0
1034,7.1,Red-S,1336,1345,14.0,140.83333333333334,3.0,1350.0,0.10432098765432099,OVERSUPPLY,1209.1666666666667,0.0
1034,7.1,Red-S,1336,1345,15.0,227.33333333333334,3.0,1350.0,0.16839506172839508,OVERSUPPLY,1122.6666666666667,0.0
1034,7.1,Red-S,1336,1345,16.0,436.6666666666667,3.0,1350.0,0.3234567901234568,BALANCED,913.3333333333333,0.0
1034,7.1,Red-S,1336,1345,17.0,1039.3333333333333,3.0,1350.0,0.7698765432098765,BALANCED,310.66666666666674,0.0
1034,7.1,Red-S,1336,1345,18.0,940.1666666666667,3.0,1350.0,0.6964197530864198,BALANCED,409.83333333333326,0.0
1034,7.1,Red-S,1336,1345,19.0,479.5,2.0,900.0,0.5327777777777778,BALANCED,420.5,0.0
1036,7.1,Red-S,1337,1346,5.0,513.0,3.0,1350.0,0.38,BALANCED,837.0,0.0
1036,7.1,Red-S,1337,1346,6.0,1531.5,3.0,1350.0,1.1344444444444444,UNDERSUPPLY,0.0,181.5
1036,7.1,Red-S,1337,1346,7.0,2707.8333333333335,3.0,1350.0,2.0058024691358027,UNDERSUPPLY,0.0,1357.8333333333335
1036,7.1,Red-S,1337,1346,8.0,3639.6666666666665,3.0,1350.0,2.6960493827160494,UNDERSUPPLY,0.0,2289.6666666666665
1036,7.1,Red-S,1337,1346,9.0,2517.5,3.0,1350.0,1.864814814814815,UNDERSUPPLY,0.0,1167.5
1036,7.1,Red-S,1337,1346,10.0,1197.0,3.0,1350.0,0.8866666666666667,CROWDED,153.0,0.0
1036,7.1,Red-S,1337,1346,11.0,716.3333333333334,3.0,1350.0,0.5306172839506174,BALANCED,633.6666666666666,0.0
1036,7.1,Red-S,1337,1346,12.0,550.8333333333334,3.0,1350.0,0.4080246913580247,BALANCED,799.1666666666666,0.0
1036,7.1,Red-S,1337,1346,13.0,461.6666666666667,3.0,1350.0,0.34197530864197534,BALANCED,888.3333333333333,0.0
1036,7.1,Red-S,1337,1346,14.0,440.0,3.0,1350.0,0.32592592592592595,BALANCED,910.0,0.0
1036,7.1,Red-S,1337,1346,15.0,405.8333333333333,3.0,1350.0,0.30061728395061726,BALANCED,944.1666666666667,0.0
1036,7.1,Red-S,1337,1346,16.0,450.1666666666667,3.0,1350.0,0.3334567901234568,BALANCED,899.8333333333333,0.0
1036,7.1,Red-S,1337,1346,17.0,583.8333333333334,3.0,1350.0,0.43246913580246915,BALANCED,766.1666666666666,0.0
1036,7.1,Red-S,1337,1346,18.0,529.5,3.0,1350.0,0.39222222222222225,BALANCED,820.5,0.0
1036,7.1,Red-S,1337,1346,19.0,329.6666666666667,2.0,900.0,0.36629629629629634,BALANCED,570.3333333333333,0.0
1038,7.1,Red-S,1338,1341,6.0,142.0,3.0,1350.0,0.10518518518518519,OVERSUPPLY,1208.0,0.0
1038,7.1,Red-S,1338,1341,7.0,238.33333333333334,3.0,1350.0,0.1765432098765432,OVERSUPPLY,1111.6666666666667,0.0
1038,7.1,Red-S,1338,1341,8.0,338.5,3.0,1350.0,0.25074074074074076,BALANCED,1011.5,0.0
1038,7.1,Red-S,1338,1341,9.0,188.16666666666666,3.0,1350.0,0.1393827160493827,OVERSUPPLY,1161.8333333333333,0.0
1038,7.1,Red-S,1338,1341,10.0,87.5,3.0,1350.0,0.06481481481481481,OVERSUPPLY,1262.5,0.0
1038,7.1,Red-S,1338,1341,11.0,88.83333333333333,3.0,1350.0,0.06580246913580247,OVERSUPPLY,1261.1666666666667,0.0
1038,7.1,Red-S,1338,1341,12.0,90.66666666666667,3.0,1350.0,0.0671604938271605,OVERSUPPLY,1259.3333333333333,0.0
1038,7.1,Red-S,1338,1341,13.0,106.33333333333333,3.0,1350.0,0.07876543209876542,OVERSUPPLY,1243.6666666666667,0.0
1038,7.1,Red-S,1338,1341,14.0,146.66666666666666,3.0,1350.0,0.10864197530864197,OVERSUPPLY,1203.3333333333333,0.0
1038,7.1,Red-S,1338,1341,15.0,241.16666666666666,3.0,1350.0,0.17864197530864198,OVERSUPPLY,1108.8333333333333,0.0
1038,7.1,Red-S,1338,1341,16.0,452.3333333333333,3.0,1350.0,0.3350617283950617,BALANCED,897.6666666666667,0.0
1038,7.1,Red-S,1338,1341,17.0,1062.1666666666667,3.0,1350.0,0.7867901234567902,BALANCED,287.83333333333326,0.0
1038,7.1,Red-S,1338,1341,18.0,960.5,3.0,1350.0,0.7114814814814815,BALANCED,389.5,0.0
1038,7.1,Red-S,1338,1341,19.0,490.0,2.0,900.0,0.5444444444444444,BALANCED,410.0,0.0
1040,7.1,Red-S,1339,1334,6.0,108.16666666666667,3.0,1350.0,0.08012345679012346,OVERSUPPLY,1241.8333333333333,0.0
1040,7.1,Red-S,1339,1334,7.0,152.83333333333334,3.0,1350.0,0.11320987654320988,OVERSUPPLY,1197.1666666666667,0.0
1040,7.1,Red-S,1339,1334,8.0,202.33333333333334,3.0,1350.0,0.14987654320987656,OVERSUPPLY,1147.6666666666667,0.0
1040,7.1,Red-S,1339,1334,9.0,118.66666666666667,3.0,1350.0,0.08790123456790123,OVERSUPPLY,1231.3333333333333,0.0
1040,7.1,Red-S,1339,1334,10.0,64.5,3.0,1350.0,0.04777777777777778,OVERSUPPLY,1285.5,0.0
1040,7.1,Red-S,1339,1334,11.0,67.83333333333333,3.0,1350.0,0.05024691358024691,OVERSUPPLY,1282.1666666666667,0.0
1040,7.1,Red-S,1339,1334,12.0,71.83333333333333,3.0,1350.0,0.053209876543209876,OVERSUPPLY,1278.1666666666667,0.0
1040,7.1,Red-S,1339,1334,13.0,83.66666666666667,3.0,1350.0,0.06197530864197531,OVERSUPPLY,1266.3333333333333,0.0
1040,7.1,Red-S,1339,1334,14.0,118.83333333333333,3.0,1350.0,0.08802469135802468,OVERSUPPLY,1231.1666666666667,0.0
1040,7.1,Red-S,1339,1334,15.0,200.0,3.0,1350.0,0.14814814814814814,OVERSUPPLY,1150.0,0.0
1040,7.1,Red-S,1339,1334,16.0,387.0,3.0,1350.0,0.2866666666666667,BALANCED,963.0,0.0
1040,7.1,Red-S,1339,1334,17.0,921.0,3.0,1350.0,0.6822222222222222,BALANCED,429.0,0.0
1040,7.1,Red-S,1339,1334,18.0,850.8333333333334,3.0,1350.0,0.630246913580247,BALANCED,499.16666666666663,0.0
1040,7.1,Red-S,1339,1334,19.0,432.5,2.0,900.0,0.48055555555555557,BALANCED,467.5,0.0
1042,7.1,Red-S,1340,1355,6.0,176.33333333333334,3.0,1350.0,0.13061728395061728,OVERSUPPLY,1173.6666666666667,0.0
1042,7.1,Red-S,1340,1355,7.0,294.1666666666667,3.0,1350.0,0.21790123456790125,BALANCED,1055.8333333333333,0.0
1042,7.1,Red-S,1340,1355,8.0,404.0,3.0,1350.0,0.2992592592592593,BALANCED,946.0,0.0
1042,7.1,Red-S,1340,1355,9.0,215.33333333333334,3.0,1350.0,0.1595061728395062,OVERSUPPLY,1134.6666666666667,0.0
1042,7.1,Red-S,1340,1355,10.0,101.16666666666667,3.0,1350.0,0.07493827160493828,OVERSUPPLY,1248.8333333333333,0.0
1042,7.1,Red-S,1340,1355,11.0,105.0,3.0,1350.0,0.07777777777777778,OVERSUPPLY,1245.0,0.0
1042,7.1,Red-S,1340,1355,12.0,108.33333333333333,3.0,1350.0,0.08024691358024691,OVERSUPPLY,1241.6666666666667,0.0
1042,7.1,Red-S,1340,1355,13.0,118.16666666666667,3.0,1350.0,0.08753086419753087,OVERSUPPLY,1231.8333333333333,0.0
1042,7.1,Red-S,1340,1355,14.0,172.83333333333334,3.0,1350.0,0.1280246913580247,OVERSUPPLY,1177.1666666666667,0.0
1042,7.1,Red-S,1340,1355,15.0,266.5,3.0,1350.0,0.19740740740740742,OVERSUPPLY,1083.5,0.0
1042,7.1,Red-S,1340,1355,16.0,486.5,3.0,1350.0,0.3603703703703704,BALANCED,863.5,0.0
1042,7.1,Red-S,1340,1355,17.0,1097.1666666666667,3.0,1350.0,0.8127160493827161,CROWDED,252.83333333333326,0.0
1042,7.1,Red-S,1340,1355,18.0,987.0,3.0,1350.0,0.7311111111111112,BALANCED,363.0,0.0
1042,7.1,Red-S,1340,1355,19.0,512.1666666666666,2.0,900.0,0.5690740740740741,BALANCED,387.83333333333337,0.0
1044,7.1,Red-S,1341,1340,6.0,159.0,3.0,1350.0,0.11777777777777777,OVERSUPPLY,1191.0,0.0
1044,7.1,Red-S,1341,1340,7.0,265.8333333333333,3.0,1350.0,0.19691358024691358,OVERSUPPLY,1084.1666666666667,0.0
1044,7.1,Red-S,1341,1340,8.0,374.5,3.0,1350.0,0.2774074074074074,BALANCED,975.5,0.0
1044,7.1,Red-S,1341,1340,9.0,204.33333333333334,3.0,1350.0,0.15135802469135803,OVERSUPPLY,1145.6666666666667,0.0
1044,7.1,Red-S,1341,1340,10.0,95.16666666666667,3.0,1350.0,0.07049382716049384,OVERSUPPLY,1254.8333333333333,0.0
1044,7.1,Red-S,1341,1340,11.0,96.5,3.0,1350.0,0.07148148148148148,OVERSUPPLY,1253.5,0.0
1044,7.1,Red-S,1341,1340,12.0,98.66666666666667,3.0,1350.0,0.07308641975308643,OVERSUPPLY,1251.3333333333333,0.0
1044,7.1,Red-S,1341,1340,13.0,113.0,3.0,1350.0,0.0837037037037037,OVERSUPPLY,1237.0,0.0
1044,7.1,Red-S,1341,1340,14.0,160.0,3.0,1350.0,0.11851851851851852,OVERSUPPLY,1190.0,0.0
1044,7.1,Red-S,1341,1340,15.0,256.3333333333333,3.0,1350.0,0.18987654320987654,OVERSUPPLY,1093.6666666666667,0.0
1044,7.1,Red-S,1341,1340,16.0,471.0,3.0,1350.0,0.3488888888888889,BALANCED,879.0,0.0
1044,7.1,Red-S,1341,1340,17.0,1081.1666666666667,3.0,1350.0,0.8008641975308642,CROWDED,268.83333333333326,0.0
1044,7.1,Red-S,1341,1340,18.0,977.0,3.0,1350.0,0.7237037037037037,BALANCED,373.0,0.0
1044,7.1,Red-S,1341,1340,19.0,502.5,2.0,900.0,0.5583333333333333,BALANCED,397.5,0.0
1046,7.1,Red-S,1342,1337,5.0,515.6666666666666,3.0,1350.0,0.38197530864197526,BALANCED,834.3333333333334,0.0
1046,7.1,Red-S,1342,1337,6.0,1544.5,3.0,1350.0,1.144074074074074,UNDERSUPPLY,0.0,194.5
1046,7.1,Red-S,1342,1337,7.0,2732.0,3.0,1350.0,2.0237037037037036,UNDERSUPPLY,0.0,1382.0
1046,7.1,Red-S,1342,1337,8.0,3639.0,3.0,1350.0,2.6955555555555555,UNDERSUPPLY,0.0,2289.0
1046,7.1,Red-S,1342,1337,9.0,2523.6666666666665,3.0,1350.0,1.8693827160493826,UNDERSUPPLY,0.0,1173.6666666666665
1046,7.1,Red-S,1342,1337,10.0,1206.3333333333333,3.0,1350.0,0.8935802469135802,CROWDED,143.66666666666674,0.0
1046,7.1,Red-S,1342,1337,11.0,743.5,3.0,1350.0,0.5507407407407408,BALANCED,606.5,0.0
1046,7.1,Red-S,1342,1337,12.0,575.6666666666666,3.0,1350.0,0.4264197530864197,BALANCED,774.3333333333334,0.0
1046,7.1,Red-S,1342,1337,13.0,485.8333333333333,3.0,1350.0,0.35987654320987655,BALANCED,864.1666666666667,0.0
1046,7.1,Red-S,1342,1337,14.0,457.8333333333333,3.0,1350.0,0.33913580246913577,BALANCED,892.1666666666667,0.0
1046,7.1,Red-S,1342,1337,15.0,438.5,3.0,1350.0,0.32481481481481483,BALANCED,911.5,0.0
1046,7.1,Red-S,1342,1337,16.0,490.3333333333333,3.0,1350.0,0.36320987654320985,BALANCED,859.6666666666667,0.0
1046,7.1,Red-S,1342,1337,17.0,648.6666666666666,3.0,1350.0,0.4804938271604938,BALANCED,701.3333333333334,0.0
1046,7.1,Red-S,1342,1337,18.0,570.8333333333334,3.0,1350.0,0.42283950617283955,BALANCED,779.1666666666666,0.0
1046,7.1,Red-S,1342,1337,19.0,353.5,2.0,900.0,0.3927777777777778,BALANCED,546.5,0.0
1048,7.1,Red-S,1343,1350,5.0,2.5,3.0,1350.0,0.001851851851851852,OVERSUPPLY,1347.5,0.0
1048,7.1,Red-S,1343,1350,6.0,5.5,3.0,1350.0,0.004074074074074074,OVERSUPPLY,1344.5,0.0
1048,7.1,Red-S,1343,1350,7.0,22.0,3.0,1350.0,0.016296296296296295,OVERSUPPLY,1328.0,0.0
1048,7.1,Red-S,1343,1350,8.0,21.333333333333332,3.0,1350.0,0.01580246913580247,OVERSUPPLY,1328.6666666666667,0.0
1048,7.1,Red-S,1343,1350,9.0,12.0,3.0,1350.0,0.008888888888888889,OVERSUPPLY,1338.0,0.0
1048,7.1,Red-S,1343,1350,10.0,7.166666666666667,3.0,1350.0,0.005308641975308642,OVERSUPPLY,1342.8333333333333,0.0
1048,7.1,Red-S,1343,1350,11.0,4.333333333333333,3.0,1350.0,0.0032098765432098763,OVERSUPPLY,1345.6666666666667,0.0
1048,7.1,Red-S,1343,1350,12.0,5.5,3.0,1350.0,0.004074074074074074,OVERSUPPLY,1344.5,0.0
1048,7.1,Red-S,1343,1350,13.0,4.5,3.0,1350.0,0.0033333333333333335,OVERSUPPLY,1345.5,0.0
1048,7.1,Red-S,1343,1350,14.0,5.833333333333334,3.0,1350.0,0.004320987654320988,OVERSUPPLY,1344.1666666666667,0.0
1048,7.1,Red-S,1343,1350,15.0,7.166666666666666,3.0,1350.0,0.005308641975308641,OVERSUPPLY,1342.8333333333333,0.0
1048,7.1,Red-S,1343,1350,16.0,9.5,3.0,1350.0,0.007037037037037037,OVERSUPPLY,1340.5,0.0
1048,7.1,Red-S,1343,1350,17.0,10.333333333333332,3.0,1350.0,0.00765432098765432,OVERSUPPLY,1339.6666666666667,0.0
1048,7.1,Red-S,1343,1350,18.0,7.166666666666667,3.0,1350.0,0.005308641975308642,OVERSUPPLY,1342.8333333333333,0.0
1048,7.1,Red-S,1343,1350,19.0,5.0,2.0,900.0,0.005555555555555556,OVERSUPPLY,895.0,0.0
1050,7.1,Red-S,1344,1348,6.0,64.66666666666667,3.0,1350.0,0.04790123456790124,OVERSUPPLY,1285.3333333333333,0.0
1050,7.1,Red-S,1344,1348,7.0,75.66666666666667,3.0,1350.0,0.05604938271604939,OVERSUPPLY,1274.3333333333333,0.0
1050,7.1,Red-S,1344,1348,8.0,86.83333333333333,3.0,1350.0,0.06432098765432098,OVERSUPPLY,1263.1666666666667,0.0
1050,7.1,Red-S,1344,1348,9.0,45.333333333333336,3.0,1350.0,0.03358024691358025,OVERSUPPLY,1304.6666666666667,0.0
1050,7.1,Red-S,1344,1348,10.0,26.166666666666668,3.0,1350.0,0.019382716049382718,OVERSUPPLY,1323.8333333333333,0.0
1050,7.1,Red-S,1344,1348,11.0,21.166666666666664,3.0,1350.0,0.015679012345679012,OVERSUPPLY,1328.8333333333333,0.0
1050,7.1,Red-S,1344,1348,12.0,18.666666666666668,3.0,1350.0,0.013827160493827161,OVERSUPPLY,1331.3333333333333,0.0
1050,7.1,Red-S,1344,1348,13.0,17.333333333333332,3.0,1350.0,0.012839506172839505,OVERSUPPLY,1332.6666666666667,0.0
1050,7.1,Red-S,1344,1348,14.0,27.666666666666664,3.0,1350.0,0.020493827160493826,OVERSUPPLY,1322.3333333333333,0.0
1050,7.1,Red-S,1344,1348,15.0,42.33333333333333,3.0,1350.0,0.031358024691358025,OVERSUPPLY,1307.6666666666667,0.0
1050,7.1,Red-S,1344,1348,16.0,82.33333333333334,3.0,1350.0,0.06098765432098766,OVERSUPPLY,1267.6666666666667,0.0
1050,7.1,Red-S,1344,1348,17.0,208.83333333333334,3.0,1350.0,0.15469135802469136,OVERSUPPLY,1141.1666666666667,0.0
1050,7.1,Red-S,1344,1348,18.0,195.0,3.0,1350.0,0.14444444444444443,OVERSUPPLY,1155.0,0.0
1050,7.1,Red-S,1344,1348,19.0,91.16666666666667,2.0,900.0,0.1012962962962963,OVERSUPPLY,808.8333333333334,0.0
1052,7.1,Red-S,1345,1338,6.0,130.33333333333334,3.0,1350.0,0.09654320987654322,OVERSUPPLY,1219.6666666666667,0.0
1052,7.1,Red-S,1345,1338,7.0,215.5,3.0,1350.0,0.15962962962962962,OVERSUPPLY,1134.5,0.0
1052,7.1,Red-S,1345,1338,8.0,307.6666666666667,3.0,1350.0,0.22790123456790126,BALANCED,1042.3333333333333,0.0
1052,7.1,Red-S,1345,1338,9.0,172.5,3.0,1350.0,0.12777777777777777,OVERSUPPLY,1177.5,0.0
1052,7.1,Red-S,1345,1338,10.0,81.5,3.0,1350.0,0.06037037037037037,OVERSUPPLY,1268.5,0.0
1052,7.1,Red-S,1345,1338,11.0,85.0,3.0,1350.0,0.06296296296296296,OVERSUPPLY,1265.0,0.0
1052,7.1,Red-S,1345,1338,12.0,88.66666666666667,3.0,1350.0,0.06567901234567902,OVERSUPPLY,1261.3333333333333,0.0
1052,7.1,Red-S,1345,1338,13.0,102.16666666666667,3.0,1350.0,0.07567901234567902,OVERSUPPLY,1247.8333333333333,0.0
1052,7.1,Red-S,1345,1338,14.0,143.16666666666666,3.0,1350.0,0.10604938271604937,OVERSUPPLY,1206.8333333333333,0.0
1052,7.1,Red-S,1345,1338,15.0,231.66666666666666,3.0,1350.0,0.17160493827160492,OVERSUPPLY,1118.3333333333333,0.0
1052,7.1,Red-S,1345,1338,16.0,445.1666666666667,3.0,1350.0,0.3297530864197531,BALANCED,904.8333333333333,0.0
1052,7.1,Red-S,1345,1338,17.0,1054.0,3.0,1350.0,0.7807407407407407,BALANCED,296.0,0.0
1052,7.1,Red-S,1345,1338,18.0,950.5,3.0,1350.0,0.7040740740740741,BALANCED,399.5,0.0
1052,7.1,Red-S,1345,1338,19.0,485.8333333333333,2.0,900.0,0.5398148148148147,BALANCED,414.1666666666667,0.0
1054,7.1,Red-S,1346,1335,5.0,679.5,3.0,1350.0,0.5033333333333333,BALANCED,670.5,0.0
1054,7.1,Red-S,1346,1335,6.0,2301.6666666666665,3.0,1350.0,1.7049382716049382,UNDERSUPPLY,0.0,951.6666666666665
1054,7.1,Red-S,1346,1335,7.0,4827.833333333333,3.0,1350.0,3.5761728395061727,UNDERSUPPLY,0.0,3477.833333333333
1054,7.1,Red-S,1346,1335,8.0,7583.0,3.0,1350.0,5.617037037037037,UNDERSUPPLY,0.0,6233.0
1054,7.1,Red-S,1346,1335,9.0,5548.166666666667,3.0,1350.0,4.109753086419754,UNDERSUPPLY,0.0,4198.166666666667
1054,7.1,Red-S,1346,1335,10.0,2563.8333333333335,3.0,1350.0,1.8991358024691358,UNDERSUPPLY,0.0,1213.8333333333335
1054,7.1,Red-S,1346,1335,11.0,1463.8333333333333,3.0,1350.0,1.084320987654321,UNDERSUPPLY,0.0,113.83333333333326
1054,7.1,Red-S,1346,1335,12.0,1249.3333333333333,3.0,1350.0,0.9254320987654321,CROWDED,100.66666666666674,0.0
1054,7.1,Red-S,1346,1335,13.0,1080.3333333333333,3.0,1350.0,0.8002469135802469,CROWDED,269.66666666666674,0.0
1054,7.1,Red-S,1346,1335,14.0,1052.8333333333333,3.0,1350.0,0.7798765432098765,BALANCED,297.16666666666674,0.0
1054,7.1,Red-S,1346,1335,15.0,1163.1666666666667,3.0,1350.0,0.861604938271605,CROWDED,186.83333333333326,0.0
1054,7.1,Red-S,1346,1335,16.0,1579.1666666666667,3.0,1350.0,1.1697530864197532,UNDERSUPPLY,0.0,229.16666666666674
1054,7.1,Red-S,1346,1335,17.0,2251.6666666666665,3.0,1350.0,1.6679012345679012,UNDERSUPPLY,0.0,901.6666666666665
1054,7.1,Red-S,1346,1335,18.0,2063.5,3.0,1350.0,1.5285185185185186,UNDERSUPPLY,0.0,713.5
1054,7.1,Red-S,1346,1335,19.0,1202.0,2.0,900.0,1.3355555555555556,UNDERSUPPLY,0.0,302.0
1057,7.1,Red-S,1348,1351,6.0,65.33333333333333,3.0,1350.0,0.048395061728395056,OVERSUPPLY,1284.6666666666667,0.0
1057,7.1,Red-S,1348,1351,7.0,77.16666666666667,3.0,1350.0,0.0571604938271605,OVERSUPPLY,1272.8333333333333,0.0
1057,7.1,Red-S,1348,1351,8.0,90.16666666666667,3.0,1350.0,0.06679012345679013,OVERSUPPLY,1259.8333333333333,0.0
1057,7.1,Red-S,1348,1351,9.0,48.666666666666664,3.0,1350.0,0.036049382716049384,OVERSUPPLY,1301.3333333333333,0.0
1057,7.1,Red-S,1348,1351,10.0,30.166666666666664,3.0,1350.0,0.022345679012345677,OVERSUPPLY,1319.8333333333333,0.0
1057,7.1,Red-S,1348,1351,11.0,28.5,3.0,1350.0,0.021111111111111112,OVERSUPPLY,1321.5,0.0
1057,7.1,Red-S,1348,1351,12.0,26.666666666666664,3.0,1350.0,0.019753086419753086,OVERSUPPLY,1323.3333333333333,0.0
1057,7.1,Red-S,1348,1351,13.0,29.0,3.0,1350.0,0.02148148148148148,OVERSUPPLY,1321.0,0.0
1057,7.1,Red-S,1348,1351,14.0,43.333333333333336,3.0,1350.0,0.03209876543209877,OVERSUPPLY,1306.6666666666667,0.0
1057,7.1,Red-S,1348,1351,15.0,76.33333333333333,3.0,1350.0,0.0565432098765432,OVERSUPPLY,1273.6666666666667,0.0
1057,7.1,Red-S,1348,1351,16.0,152.5,3.0,1350.0,0.11296296296296296,OVERSUPPLY,1197.5,0.0
1057,7.1,Red-S,1348,1351,17.0,377.1666666666667,3.0,1350.0,0.27938271604938275,BALANCED,972.8333333333333,0.0
1057,7.1,Red-S,1348,1351,18.0,354.33333333333337,3.0,1350.0,0.26246913580246917,BALANCED,995.6666666666666,0.0
1057,7.1,Red-S,1348,1351,19.0,173.83333333333334,2.0,900.0,0.19314814814814815,OVERSUPPLY,726.1666666666666,0.0
1059,7.1,Red-S,1349,1342,5.0,547.6666666666666,3.0,1350.0,0.405679012345679,BALANCED,802.3333333333334,0.0
1059,7.1,Red-S,1349,1342,6.0,1620.5,3.0,1350.0,1.2003703703703703,UNDERSUPPLY,0.0,270.5
1059,7.1,Red-S,1349,1342,7.0,2951.1666666666665,3.0,1350.0,2.186049382716049,UNDERSUPPLY,0.0,1601.1666666666665
1059,7.1,Red-S,1349,1342,8.0,3991.8333333333335,3.0,1350.0,2.9569135802469138,UNDERSUPPLY,0.0,2641.8333333333335
1059,7.1,Red-S,1349,1342,9.0,2739.3333333333335,3.0,1350.0,2.0291358024691357,UNDERSUPPLY,0.0,1389.3333333333335
1059,7.1,Red-S,1349,1342,10.0,1364.6666666666667,3.0,1350.0,1.0108641975308643,UNDERSUPPLY,0.0,14.666666666666742
1059,7.1,Red-S,1349,1342,11.0,798.6666666666666,3.0,1350.0,0.5916049382716049,BALANCED,551.3333333333334,0.0
1059,7.1,Red-S,1349,1342,12.0,632.8333333333334,3.0,1350.0,0.4687654320987655,BALANCED,717.1666666666666,0.0
1059,7.1,Red-S,1349,1342,13.0,551.0,3.0,1350.0,0.40814814814814815,BALANCED,799.0,0.0
1059,7.1,Red-S,1349,1342,14.0,502.6666666666667,3.0,1350.0,0.3723456790123457,BALANCED,847.3333333333333,0.0
1059,7.1,Red-S,1349,1342,15.0,473.3333333333333,3.0,1350.0,0.35061728395061725,BALANCED,876.6666666666667,0.0
1059,7.1,Red-S,1349,1342,16.0,500.3333333333333,3.0,1350.0,0.37061728395061727,BALANCED,849.6666666666667,0.0
1059,7.1,Red-S,1349,1342,17.0,635.5,3.0,1350.0,0.47074074074074074,BALANCED,714.5,0.0
1059,7.1,Red-S,1349,1342,18.0,554.5,3.0,1350.0,0.41074074074074074,BALANCED,795.5,0.0
1059,7.1,Red-S,1349,1342,19.0,321.1666666666667,2.0,900.0,0.35685185185185186,BALANCED,578.8333333333333,0.0
1061,7.1,Red-S,1350,1349,5.0,0.3333333333333333,3.0,1350.0,0.0002469135802469136,OVERSUPPLY,1349.6666666666667,0.0
1061,7.1,Red-S,1350,1349,6.0,0.8333333333333334,3.0,1350.0,0.0006172839506172839,OVERSUPPLY,1349.1666666666667,0.0
1061,7.1,Red-S,1350,1349,7.0,1.8333333333333333,3.0,1350.0,0.0013580246913580246,OVERSUPPLY,1348.1666666666667,0.0
1061,7.1,Red-S,1350,1349,8.0,3.1666666666666665,3.0,1350.0,0.002345679012345679,OVERSUPPLY,1346.8333333333333,0.0
1061,7.1,Red-S,1350,1349,9.0,2.0,3.0,1350.0,0.0014814814814814814,OVERSUPPLY,1348.0,0.0
1061,7.1,Red-S,1350,1349,10.0,1.5,3.0,1350.0,0.0011111111111111111,OVERSUPPLY,1348.5,0.0
1061,7.1,Red-S,1350,1349,11.0,1.8333333333333333,3.0,1350.0,0.0013580246913580246,OVERSUPPLY,1348.1666666666667,0.0
1061,7.1,Red-S,1350,1349,12.0,2.5,3.0,1350.0,0.001851851851851852,OVERSUPPLY,1347.5,0.0
1061,7.1,Red-S,1350,1349,13.0,0.6666666666666666,3.0,1350.0,0.0004938271604938272,OVERSUPPLY,1349.3333333333333,0.0
1061,7.1,Red-S,1350,1349,14.0,2.0,3.0,1350.0,0.0014814814814814814,OVERSUPPLY,1348.0,0.0
1061,7.1,Red-S,1350,1349,15.0,2.5,3.0,1350.0,0.001851851851851852,OVERSUPPLY,1347.5,0.0
1061,7.1,Red-S,1350,1349,16.0,1.0,3.0,1350.0,0.0007407407407407407,OVERSUPPLY,1349.0,0.0
1061,7.1,Red-S,1350,1349,17.0,1.3333333333333333,3.0,1350.0,0.0009876543209876543,OVERSUPPLY,1348.6666666666667,0.0
1061,7.1,Red-S,1350,1349,18.0,2.0,3.0,1350.0,0.0014814814814814814,OVERSUPPLY,1348.0,0.0
1061,7.1,Red-S,1350,1349,19.0,2.0,2.0,900.0,0.0022222222222222222,OVERSUPPLY,898.0,0.0
1063,7.1,Red-S,1351,1339,6.0,67.33333333333333,3.0,1350.0,0.04987654320987654,OVERSUPPLY,1282.6666666666667,0.0
1063,7.1,Red-S,1351,1339,7.0,80.66666666666667,3.0,1350.0,0.05975308641975309,OVERSUPPLY,1269.3333333333333,0.0
1063,7.1,Red-S,1351,1339,8.0,99.0,3.0,1350.0,0.07333333333333333,OVERSUPPLY,1251.0,0.0
1063,7.1,Red-S,1351,1339,9.0,59.333333333333336,3.0,1350.0,0.04395061728395062,OVERSUPPLY,1290.6666666666667,0.0
1063,7.1,Red-S,1351,1339,10.0,33.666666666666664,3.0,1350.0,0.02493827160493827,OVERSUPPLY,1316.3333333333333,0.0
1063,7.1,Red-S,1351,1339,11.0,34.0,3.0,1350.0,0.025185185185185185,OVERSUPPLY,1316.0,0.0
1063,7.1,Red-S,1351,1339,12.0,32.833333333333336,3.0,1350.0,0.02432098765432099,OVERSUPPLY,1317.1666666666667,0.0
1063,7.1,Red-S,1351,1339,13.0,39.333333333333336,3.0,1350.0,0.029135802469135805,OVERSUPPLY,1310.6666666666667,0.0
1063,7.1,Red-S,1351,1339,14.0,56.166666666666664,3.0,1350.0,0.041604938271604934,OVERSUPPLY,1293.8333333333333,0.0
1063,7.1,Red-S,1351,1339,15.0,92.5,3.0,1350.0,0.06851851851851852,OVERSUPPLY,1257.5,0.0
1063,7.1,Red-S,1351,1339,16.0,176.83333333333334,3.0,1350.0,0.13098765432098766,OVERSUPPLY,1173.1666666666667,0.0
1063,7.1,Red-S,1351,1339,17.0,424.3333333333333,3.0,1350.0,0.314320987654321,BALANCED,925.6666666666667,0.0
1063,7.1,Red-S,1351,1339,18.0,404.83333333333337,3.0,1350.0,0.29987654320987656,BALANCED,945.1666666666666,0.0
1063,7.1,Red-S,1351,1339,19.0,209.0,2.0,900.0,0.23222222222222222,BALANCED,691.0,0.0
1065,7.1,Red-S,1352,1343,5.0,3.5,3.0,1350.0,0.0025925925925925925,OVERSUPPLY,1346.5,0.0
1065,7.1,Red-S,1352,1343,6.0,7.666666666666667,3.0,1350.0,0.005679012345679013,OVERSUPPLY,1342.3333333333333,0.0
1065,7.1,Red-S,1352,1343,7.0,23.5,3.0,1350.0,0.017407407407407406,OVERSUPPLY,1326.5,0.0
1065,7.1,Red-S,1352,1343,8.0,23.833333333333332,3.0,1350.0,0.01765432098765432,OVERSUPPLY,1326.1666666666667,0.0
1065,7.1,Red-S,1352,1343,9.0,9.833333333333334,3.0,1350.0,0.007283950617283951,OVERSUPPLY,1340.1666666666667,0.0
1065,7.1,Red-S,1352,1343,10.0,7.333333333333333,3.0,1350.0,0.005432098765432099,OVERSUPPLY,1342.6666666666667,0.0
1065,7.1,Red-S,1352,1343,11.0,6.166666666666666,3.0,1350.0,0.004567901234567901,OVERSUPPLY,1343.8333333333333,0.0
1065,7.1,Red-S,1352,1343,12.0,6.666666666666667,3.0,1350.0,0.0049382716049382715,OVERSUPPLY,1343.3333333333333,0.0
1065,7.1,Red-S,1352,1343,13.0,4.166666666666667,3.0,1350.0,0.00308641975308642,OVERSUPPLY,1345.8333333333333,0.0
1065,7.1,Red-S,1352,1343,14.0,7.166666666666667,3.0,1350.0,0.005308641975308642,OVERSUPPLY,1342.8333333333333,0.0
1065,7.1,Red-S,1352,1343,15.0,9.0,3.0,1350.0,0.006666666666666667,OVERSUPPLY,1341.0,0.0
1065,7.1,Red-S,1352,1343,16.0,13.166666666666668,3.0,1350.0,0.009753086419753088,OVERSUPPLY,1336.8333333333333,0.0
1065,7.1,Red-S,1352,1343,17.0,15.0,3.0,1350.0,0.011111111111111112,OVERSUPPLY,1335.0,0.0
1065,7.1,Red-S,1352,1343,18.0,10.166666666666666,3.0,1350.0,0.007530864197530864,OVERSUPPLY,1339.8333333333333,0.0
1065,7.1,Red-S,1352,1343,19.0,6.166666666666666,2.0,900.0,0.006851851851851851,OVERSUPPLY,893.8333333333334,0.0
1067,7.1,Red-S,1353,1354,6.0,194.5,3.0,1350.0,0.14407407407407408,OVERSUPPLY,1155.5,0.0
1067,7.1,Red-S,1353,1354,7.0,332.1666666666667,3.0,1350.0,0.2460493827160494,BALANCED,1017.8333333333333,0.0
1067,7.1,Red-S,1353,1354,8.0,431.6666666666667,3.0,1350.0,0.3197530864197531,BALANCED,918.3333333333333,0.0
1067,7.1,Red-S,1353,1354,9.0,230.33333333333334,3.0,1350.0,0.1706172839506173,OVERSUPPLY,1119.6666666666667,0.0
1067,7.1,Red-S,1353,1354,10.0,112.83333333333333,3.0,1350.0,0.08358024691358025,OVERSUPPLY,1237.1666666666667,0.0
1067,7.1,Red-S,1353,1354,11.0,116.0,3.0,1350.0,0.08592592592592592,OVERSUPPLY,1234.0,0.0
1067,7.1,Red-S,1353,1354,12.0,121.16666666666667,3.0,1350.0,0.08975308641975309,OVERSUPPLY,1228.8333333333333,0.0
1067,7.1,Red-S,1353,1354,13.0,126.16666666666667,3.0,1350.0,0.0934567901234568,OVERSUPPLY,1223.8333333333333,0.0
1067,7.1,Red-S,1353,1354,14.0,186.83333333333334,3.0,1350.0,0.13839506172839508,OVERSUPPLY,1163.1666666666667,0.0
1067,7.1,Red-S,1353,1354,15.0,282.1666666666667,3.0,1350.0,0.20901234567901236,BALANCED,1067.8333333333333,0.0
1067,7.1,Red-S,1353,1354,16.0,502.0,3.0,1350.0,0.3718518518518519,BALANCED,848.0,0.0
1067,7.1,Red-S,1353,1354,17.0,1118.0,3.0,1350.0,0.8281481481481482,CROWDED,232.0,0.0
1067,7.1,Red-S,1353,1354,18.0,998.1666666666667,3.0,1350.0,0.7393827160493828,BALANCED,351.83333333333326,0.0
1067,7.1,Red-S,1353,1354,19.0,517.3333333333334,2.0,900.0,0.5748148148148149,BALANCED,382.66666666666663,0.0
1069,7.1,Red-S,1354,1347,6.0,198.0,3.0,1350.0,0.14666666666666667,OVERSUPPLY,1152.0,0.0
1069,7.1,Red-S,1354,1347,7.0,337.6666666666667,3.0,1350.0,0.2501234567901235,BALANCED,1012.3333333333333,0.0
1069,7.1,Red-S,1354,1347,8.0,437.3333333333333,3.0,1350.0,0.3239506172839506,BALANCED,912.6666666666667,0.0
1069,7.1,Red-S,1354,1347,9.0,239.0,3.0,1350.0,0.17703703703703705,OVERSUPPLY,1111.0,0.0
1069,7.1,Red-S,1354,1347,10.0,122.33333333333333,3.0,1350.0,0.09061728395061729,OVERSUPPLY,1227.6666666666667,0.0
1069,7.1,Red-S,1354,1347,11.0,121.0,3.0,1350.0,0.08962962962962963,OVERSUPPLY,1229.0,0.0
1069,7.1,Red-S,1354,1347,12.0,130.33333333333334,3.0,1350.0,0.09654320987654322,OVERSUPPLY,1219.6666666666667,0.0
1069,7.1,Red-S,1354,1347,13.0,131.66666666666666,3.0,1350.0,0.09753086419753086,OVERSUPPLY,1218.3333333333333,0.0
1069,7.1,Red-S,1354,1347,14.0,197.0,3.0,1350.0,0.14592592592592593,OVERSUPPLY,1153.0,0.0
1069,7.1,Red-S,1354,1347,15.0,294.0,3.0,1350.0,0.21777777777777776,BALANCED,1056.0,0.0
1069,7.1,Red-S,1354,1347,16.0,513.6666666666666,3.0,1350.0,0.3804938271604938,BALANCED,836.3333333333334,0.0
1069,7.1,Red-S,1354,1347,17.0,1134.0,3.0,1350.0,0.84,CROWDED,216.0,0.0
1069,7.1,Red-S,1354,1347,18.0,1006.3333333333334,3.0,1350.0,0.7454320987654321,BALANCED,343.66666666666663,0.0
1069,7.1,Red-S,1354,1347,19.0,521.3333333333334,2.0,900.0,0.5792592592592593,BALANCED,378.66666666666663,0.0
1072,7.1,Red-S,1355,1353,6.0,187.66666666666666,3.0,1350.0,0.13901234567901233,OVERSUPPLY,1162.3333333333333,0.0
1072,7.1,Red-S,1355,1353,7.0,315.5,3.0,1350.0,0.2337037037037037,BALANCED,1034.5,0.0
1072,7.1,Red-S,1355,1353,8.0,419.1666666666667,3.0,1350.0,0.31049382716049384,BALANCED,930.8333333333333,0.0
1072,7.1,Red-S,1355,1353,9.0,220.0,3.0,1350.0,0.16296296296296298,OVERSUPPLY,1130.0,0.0
1072,7.1,Red-S,1355,1353,10.0,103.16666666666667,3.0,1350.0,0.07641975308641975,OVERSUPPLY,1246.8333333333333,0.0
1072,7.1,Red-S,1355,1353,11.0,109.33333333333333,3.0,1350.0,0.08098765432098765,OVERSUPPLY,1240.6666666666667,0.0
1072,7.1,Red-S,1355,1353,12.0,111.5,3.0,1350.0,0.08259259259259259,OVERSUPPLY,1238.5,0.0
1072,7.1,Red-S,1355,1353,13.0,120.0,3.0,1350.0,0.08888888888888889,OVERSUPPLY,1230.0,0.0
1072,7.1,Red-S,1355,1353,14.0,175.83333333333334,3.0,1350.0,0.13024691358024693,OVERSUPPLY,1174.1666666666667,0.0
1072,7.1,Red-S,1355,1353,15.0,269.3333333333333,3.0,1350.0,0.19950617283950617,OVERSUPPLY,1080.6666666666667,0.0
1072,7.1,Red-S,1355,1353,16.0,489.1666666666667,3.0,1350.0,0.3623456790123457,BALANCED,860.8333333333333,0.0
1072,7.1,Red-S,1355,1353,17.0,1100.5,3.0,1350.0,0.8151851851851852,CROWDED,249.5,0.0
1072,7.1,Red-S,1355,1353,18.0,989.0,3.0,1350.0,0.7325925925925926,BALANCED,361.0,0.0
1072,7.1,Red-S,1355,1353,19.0,513.1666666666666,2.0,900.0,0.5701851851851851,BALANCED,386.83333333333337,0.0
1074,7.1,Red-S,1356,1344,6.0,56.666666666666664,3.0,1350.0,0.04197530864197531,OVERSUPPLY,1293.3333333333333,0.0
1074,7.1,Red-S,1356,1344,7.0,68.0,3.0,1350.0,0.05037037037037037,OVERSUPPLY,1282.0,0.0
1074,7.1,Red-S,1356,1344,8.0,74.66666666666667,3.0,1350.0,0.055308641975308645,OVERSUPPLY,1275.3333333333333,0.0
1074,7.1,Red-S,1356,1344,9.0,37.333333333333336,3.0,1350.0,0.027654320987654323,OVERSUPPLY,1312.6666666666667,0.0
1074,7.1,Red-S,1356,1344,10.0,22.166666666666668,3.0,1350.0,0.016419753086419756,OVERSUPPLY,1327.8333333333333,0.0
1074,7.1,Red-S,1356,1344,11.0,15.5,3.0,1350.0,0.011481481481481481,OVERSUPPLY,1334.5,0.0
1074,7.1,Red-S,1356,1344,12.0,12.166666666666666,3.0,1350.0,0.009012345679012346,OVERSUPPLY,1337.8333333333333,0.0
1074,7.1,Red-S,1356,1344,13.0,9.333333333333332,3.0,1350.0,0.00691358024691358,OVERSUPPLY,1340.6666666666667,0.0
1074,7.1,Red-S,1356,1344,14.0,12.666666666666666,3.0,1350.0,0.009382716049382716,OVERSUPPLY,1337.3333333333333,0.0
1074,7.1,Red-S,1356,1344,15.0,15.833333333333334,3.0,1350.0,0.011728395061728396,OVERSUPPLY,1334.1666666666667,0.0
1074,7.1,Red-S,1356,1344,16.0,24.333333333333332,3.0,1350.0,0.018024691358024692,OVERSUPPLY,1325.6666666666667,0.0
1074,7.1,Red-S,1356,1344,17.0,52.66666666666667,3.0,1350.0,0.03901234567901235,OVERSUPPLY,1297.3333333333333,0.0
1074,7.1,Red-S,1356,1344,18.0,58.5,3.0,1350.0,0.043333333333333335,OVERSUPPLY,1291.5,0.0
1074,7.1,Red-S,1356,1344,19.0,26.833333333333336,2.0,900.0,0.02981481481481482,OVERSUPPLY,873.1666666666666,0.0
1076,8.2,Red-N,1357,1359,6.0,139.5,3.0,1350.0,0.10333333333333333,OVERSUPPLY,1210.5,0.0
1076,8.2,Red-N,1357,1359,7.0,396.0,3.0,1350.0,0.29333333333333333,BALANCED,954.0,0.0
1076,8.2,Red-N,1357,1359,8.0,691.1666666666666,3.0,1350.0,0.5119753086419753,BALANCED,658.8333333333334,0.0
1076,8.2,Red-N,1357,1359,9.0,653.1666666666666,3.0,1350.0,0.4838271604938271,BALANCED,696.8333333333334,0.0
1076,8.2,Red-N,1357,1359,10.0,353.3333333333333,3.0,1350.0,0.2617283950617284,BALANCED,996.6666666666667,0.0
1076,8.2,Red-N,1357,1359,11.0,350.1666666666667,3.0,1350.0,0.25938271604938273,BALANCED,999.8333333333333,0.0
1076,8.2,Red-N,1357,1359,12.0,414.5,3.0,1350.0,0.30703703703703705,BALANCED,935.5,0.0
1076,8.2,Red-N,1357,1359,13.0,481.8333333333333,3.0,1350.0,0.35691358024691355,BALANCED,868.1666666666667,0.0
1076,8.2,Red-N,1357,1359,14.0,758.8333333333334,3.0,1350.0,0.5620987654320988,BALANCED,591.1666666666666,0.0
1076,8.2,Red-N,1357,1359,15.0,1181.0,3.0,1350.0,0.8748148148148148,CROWDED,169.0,0.0
1076,8.2,Red-N,1357,1359,16.0,2082.5,3.0,1350.0,1.5425925925925925,UNDERSUPPLY,0.0,732.5
1076,8.2,Red-N,1357,1359,17.0,3255.5,3.0,1350.0,2.4114814814814816,UNDERSUPPLY,0.0,1905.5
1076,8.2,Red-N,1357,1359,18.0,3665.6666666666665,3.0,1350.0,2.7153086419753087,UNDERSUPPLY,0.0,2315.6666666666665
1076,8.2,Red-N,1357,1359,19.0,1936.5,3.0,1350.0,1.4344444444444444,UNDERSUPPLY,0.0,586.5
1076,8.2,Red-N,1357,1359,20.0,1217.1666666666667,3.0,1350.0,0.901604938271605,CROWDED,132.83333333333326,0.0
1078,8.2,Red-N,1358,1363,6.0,565.8333333333334,3.0,1350.0,0.41913580246913584,BALANCED,784.1666666666666,0.0
1078,8.2,Red-N,1358,1363,7.0,1480.1666666666667,3.0,1350.0,1.0964197530864197,UNDERSUPPLY,0.0,130.16666666666674
1078,8.2,Red-N,1358,1363,8.0,3701.166666666667,3.0,1350.0,2.741604938271605,UNDERSUPPLY,0.0,2351.166666666667
1078,8.2,Red-N,1358,1363,9.0,2778.3333333333335,3.0,1350.0,2.0580246913580247,UNDERSUPPLY,0.0,1428.3333333333335
1078,8.2,Red-N,1358,1363,10.0,1100.6666666666667,3.0,1350.0,0.8153086419753087,CROWDED,249.33333333333326,0.0
1078,8.2,Red-N,1358,1363,11.0,650.6666666666666,3.0,1350.0,0.4819753086419753,BALANCED,699.3333333333334,0.0
1078,8.2,Red-N,1358,1363,12.0,602.6666666666666,3.0,1350.0,0.44641975308641973,BALANCED,747.3333333333334,0.0
1078,8.2,Red-N,1358,1363,13.0,593.5,3.0,1350.0,0.43962962962962965,BALANCED,756.5,0.0
1078,8.2,Red-N,1358,1363,14.0,696.0,3.0,1350.0,0.5155555555555555,BALANCED,654.0,0.0
1078,8.2,Red-N,1358,1363,15.0,1004.3333333333334,3.0,1350.0,0.7439506172839506,BALANCED,345.66666666666663,0.0
1078,8.2,Red-N,1358,1363,16.0,1606.0,3.0,1350.0,1.1896296296296296,UNDERSUPPLY,0.0,256.0
1078,8.2,Red-N,1358,1363,17.0,2322.1666666666665,3.0,1350.0,1.7201234567901234,UNDERSUPPLY,0.0,972.1666666666665
1078,8.2,Red-N,1358,1363,18.0,2367.8333333333335,3.0,1350.0,1.7539506172839507,UNDERSUPPLY,0.0,1017.8333333333335
1078,8.2,Red-N,1358,1363,19.0,1282.5,3.0,1350.0,0.95,CROWDED,67.5,0.0
1078,8.2,Red-N,1358,1363,20.0,764.6666666666666,3.0,1350.0,0.5664197530864197,BALANCED,585.3333333333334,0.0
1080,8.2,Red-N,1359,1370,6.0,113.16666666666667,3.0,1350.0,0.08382716049382716,OVERSUPPLY,1236.8333333333333,0.0
1080,8.2,Red-N,1359,1370,7.0,313.3333333333333,3.0,1350.0,0.23209876543209876,BALANCED,1036.6666666666667,0.0
1080,8.2,Red-N,1359,1370,8.0,516.5,3.0,1350.0,0.3825925925925926,BALANCED,833.5,0.0
1080,8.2,Red-N,1359,1370,9.0,527.1666666666666,3.0,1350.0,0.3904938271604938,BALANCED,822.8333333333334,0.0
1080,8.2,Red-N,1359,1370,10.0,311.5,3.0,1350.0,0.23074074074074075,BALANCED,1038.5,0.0
1080,8.2,Red-N,1359,1370,11.0,314.3333333333333,3.0,1350.0,0.2328395061728395,BALANCED,1035.6666666666667,0.0
1080,8.2,Red-N,1359,1370,12.0,376.3333333333333,3.0,1350.0,0.2787654320987654,BALANCED,973.6666666666667,0.0
1080,8.2,Red-N,1359,1370,13.0,439.1666666666667,3.0,1350.0,0.3253086419753087,BALANCED,910.8333333333333,0.0
1080,8.2,Red-N,1359,1370,14.0,706.5,3.0,1350.0,0.5233333333333333,BALANCED,643.5,0.0
1080,8.2,Red-N,1359,1370,15.0,1077.5,3.0,1350.0,0.7981481481481482,BALANCED,272.5,0.0
1080,8.2,Red-N,1359,1370,16.0,1924.5,3.0,1350.0,1.4255555555555555,UNDERSUPPLY,0.0,574.5
1080,8.2,Red-N,1359,1370,17.0,2956.8333333333335,3.0,1350.0,2.190246913580247,UNDERSUPPLY,0.0,1606.8333333333335
1080,8.2,Red-N,1359,1370,18.0,3332.5,3.0,1350.0,2.4685185185185183,UNDERSUPPLY,0.0,1982.5
1080,8.2,Red-N,1359,1370,19.0,1742.0,3.0,1350.0,1.2903703703703704,UNDERSUPPLY,0.0,392.0
1080,8.2,Red-N,1359,1370,20.0,1076.8333333333333,3.0,1350.0,0.7976543209876543,BALANCED,273.16666666666674,0.0
1082,8.2,Red-N,1360,1358,6.0,433.3333333333333,3.0,1350.0,0.32098765432098764,BALANCED,916.6666666666667,0.0
1082,8.2,Red-N,1360,1358,7.0,1187.0,3.0,1350.0,0.8792592592592593,CROWDED,163.0,0.0
1082,8.2,Red-N,1360,1358,8.0,2882.166666666667,3.0,1350.0,2.1349382716049385,UNDERSUPPLY,0.0,1532.166666666667
1082,8.2,Red-N,1360,1358,9.0,2059.1666666666665,3.0,1350.0,1.5253086419753086,UNDERSUPPLY,0.0,709.1666666666665
1082,8.2,Red-N,1360,1358,10.0,796.8333333333334,3.0,1350.0,0.590246913580247,BALANCED,553.1666666666666,0.0
1082,8.2,Red-N,1360,1358,11.0,454.5,3.0,1350.0,0.33666666666666667,BALANCED,895.5,0.0
1082,8.2,Red-N,1360,1358,12.0,389.6666666666667,3.0,1350.0,0.288641975308642,BALANCED,960.3333333333333,0.0
1082,8.2,Red-N,1360,1358,13.0,367.8333333333333,3.0,1350.0,0.2724691358024691,BALANCED,982.1666666666667,0.0
1082,8.2,Red-N,1360,1358,14.0,434.5,3.0,1350.0,0.32185185185185183,BALANCED,915.5,0.0
1082,8.2,Red-N,1360,1358,15.0,528.1666666666666,3.0,1350.0,0.39123456790123456,BALANCED,821.8333333333334,0.0
1082,8.2,Red-N,1360,1358,16.0,833.6666666666666,3.0,1350.0,0.6175308641975308,BALANCED,516.3333333333334,0.0
1082,8.2,Red-N,1360,1358,17.0,983.1666666666666,3.0,1350.0,0.7282716049382716,BALANCED,366.83333333333337,0.0
1082,8.2,Red-N,1360,1358,18.0,931.6666666666666,3.0,1350.0,0.6901234567901234,BALANCED,418.33333333333337,0.0
1082,8.2,Red-N,1360,1358,19.0,563.5,3.0,1350.0,0.4174074074074074,BALANCED,786.5,0.0
1082,8.2,Red-N,1360,1358,20.0,335.1666666666667,3.0,1350.0,0.2482716049382716,BALANCED,1014.8333333333333,0.0
1084,8.2,Red-N,1361,1366,6.0,60.333333333333336,3.0,1350.0,0.04469135802469136,OVERSUPPLY,1289.6666666666667,0.0
1084,8.2,Red-N,1361,1366,7.0,202.66666666666666,3.0,1350.0,0.15012345679012346,OVERSUPPLY,1147.3333333333333,0.0
1084,8.2,Red-N,1361,1366,8.0,327.5,3.0,1350.0,0.24259259259259258,BALANCED,1022.5,0.0
1084,8.2,Red-N,1361,1366,9.0,384.3333333333333,3.0,1350.0,0.28469135802469137,BALANCED,965.6666666666667,0.0
1084,8.2,Red-N,1361,1366,10.0,220.5,3.0,1350.0,0.16333333333333333,OVERSUPPLY,1129.5,0.0
1084,8.2,Red-N,1361,1366,11.0,223.83333333333334,3.0,1350.0,0.1658024691358025,OVERSUPPLY,1126.1666666666667,0.0
1084,8.2,Red-N,1361,1366,12.0,259.8333333333333,3.0,1350.0,0.19246913580246913,OVERSUPPLY,1090.1666666666667,0.0
1084,8.2,Red-N,1361,1366,13.0,267.0,3.0,1350.0,0.19777777777777777,OVERSUPPLY,1083.0,0.0
1084,8.2,Red-N,1361,1366,14.0,449.8333333333333,3.0,1350.0,0.3332098765432099,BALANCED,900.1666666666667,0.0
1084,8.2,Red-N,1361,1366,15.0,630.0,3.0,1350.0,0.4666666666666667,BALANCED,720.0,0.0
1084,8.2,Red-N,1361,1366,16.0,1042.8333333333333,3.0,1350.0,0.7724691358024691,BALANCED,307.16666666666674,0.0
1084,8.2,Red-N,1361,1366,17.0,1588.1666666666667,3.0,1350.0,1.1764197530864198,UNDERSUPPLY,0.0,238.16666666666674
1084,8.2,Red-N,1361,1366,18.0,1710.5,3.0,1350.0,1.267037037037037,UNDERSUPPLY,0.0,360.5
1084,8.2,Red-N,1361,1366,19.0,917.8333333333334,3.0,1350.0,0.6798765432098766,BALANCED,432.16666666666663,0.0
1084,8.2,Red-N,1361,1366,20.0,553.6666666666666,3.0,1350.0,0.4101234567901234,BALANCED,796.3333333333334,0.0
1086,8.2,Red-N,1362,1369,6.0,250.33333333333331,3.0,1350.0,0.1854320987654321,OVERSUPPLY,1099.6666666666667,0.0
1086,8.2,Red-N,1362,1369,7.0,645.3333333333333,3.0,1350.0,0.4780246913580246,BALANCED,704.6666666666667,0.0
1086,8.2,Red-N,1362,1369,8.0,1259.6666666666667,3.0,1350.0,0.9330864197530865,CROWDED,90.33333333333326,0.0
1086,8.2,Red-N,1362,1369,9.0,801.0,3.0,1350.0,0.5933333333333334,BALANCED,549.0,0.0
1086,8.2,Red-N,1362,1369,10.0,322.1666666666667,3.0,1350.0,0.23864197530864198,BALANCED,1027.8333333333333,0.0
1086,8.2,Red-N,1362,1369,11.0,185.83333333333331,3.0,1350.0,0.13765432098765432,OVERSUPPLY,1164.1666666666667,0.0
1086,8.2,Red-N,1362,1369,12.0,166.16666666666666,3.0,1350.0,0.12308641975308642,OVERSUPPLY,1183.8333333333333,0.0
1086,8.2,Red-N,1362,1369,13.0,155.16666666666669,3.0,1350.0,0.11493827160493829,OVERSUPPLY,1194.8333333333333,0.0
1086,8.2,Red-N,1362,1369,14.0,189.66666666666669,3.0,1350.0,0.14049382716049383,OVERSUPPLY,1160.3333333333333,0.0
1086,8.2,Red-N,1362,1369,15.0,220.0,3.0,1350.0,0.16296296296296298,OVERSUPPLY,1130.0,0.0
1086,8.2,Red-N,1362,1369,16.0,349.0,3.0,1350.0,0.25851851851851854,BALANCED,1001.0,0.0
1086,8.2,Red-N,1362,1369,17.0,348.0,3.0,1350.0,0.2577777777777778,BALANCED,1002.0,0.0
1086,8.2,Red-N,1362,1369,18.0,283.6666666666667,3.0,1350.0,0.21012345679012348,BALANCED,1066.3333333333333,0.0
1086,8.2,Red-N,1362,1369,19.0,186.66666666666666,3.0,1350.0,0.1382716049382716,OVERSUPPLY,1163.3333333333333,0.0
1086,8.2,Red-N,1362,1369,20.0,95.5,3.0,1350.0,0.07074074074074074,OVERSUPPLY,1254.5,0.0
1088,8.2,Red-N,1363,1375,6.0,464.0,3.0,1350.0,0.3437037037037037,BALANCED,886.0,0.0
1088,8.2,Red-N,1363,1375,7.0,1197.1666666666667,3.0,1350.0,0.8867901234567902,CROWDED,152.83333333333326,0.0
1088,8.2,Red-N,1363,1375,8.0,3129.5,3.0,1350.0,2.3181481481481483,UNDERSUPPLY,0.0,1779.5
1088,8.2,Red-N,1363,1375,9.0,2340.8333333333335,3.0,1350.0,1.7339506172839507,UNDERSUPPLY,0.0,990.8333333333335
1088,8.2,Red-N,1363,1375,10.0,898.6666666666666,3.0,1350.0,0.6656790123456789,BALANCED,451.33333333333337,0.0
1088,8.2,Red-N,1363,1375,11.0,506.1666666666667,3.0,1350.0,0.3749382716049383,BALANCED,843.8333333333333,0.0
1088,8.2,Red-N,1363,1375,12.0,458.5,3.0,1350.0,0.3396296296296296,BALANCED,891.5,0.0
1088,8.2,Red-N,1363,1375,13.0,445.1666666666667,3.0,1350.0,0.3297530864197531,BALANCED,904.8333333333333,0.0
1088,8.2,Red-N,1363,1375,14.0,543.6666666666666,3.0,1350.0,0.40271604938271605,BALANCED,806.3333333333334,0.0
1088,8.2,Red-N,1363,1375,15.0,849.8333333333334,3.0,1350.0,0.6295061728395062,BALANCED,500.16666666666663,0.0
1088,8.2,Red-N,1363,1375,16.0,1433.8333333333333,3.0,1350.0,1.0620987654320988,UNDERSUPPLY,0.0,83.83333333333326
1088,8.2,Red-N,1363,1375,17.0,2109.3333333333335,3.0,1350.0,1.5624691358024692,UNDERSUPPLY,0.0,759.3333333333335
1088,8.2,Red-N,1363,1375,18.0,2181.1666666666665,3.0,1350.0,1.615679012345679,UNDERSUPPLY,0.0,831.1666666666665
1088,8.2,Red-N,1363,1375,19.0,1161.0,3.0,1350.0,0.86,CROWDED,189.0,0.0
1088,8.2,Red-N,1363,1375,20.0,693.3333333333334,3.0,1350.0,0.5135802469135803,BALANCED,656.6666666666666,0.0
1090,8.2,Red-N,1364,1365,6.0,347.0,3.0,1350.0,0.25703703703703706,BALANCED,1003.0,0.0
1090,8.2,Red-N,1364,1365,7.0,1039.6666666666667,3.0,1350.0,0.7701234567901235,BALANCED,310.33333333333326,0.0
1090,8.2,Red-N,1364,1365,8.0,1997.0,3.0,1350.0,1.4792592592592593,UNDERSUPPLY,0.0,647.0
1090,8.2,Red-N,1364,1365,9.0,1748.5,3.0,1350.0,1.2951851851851852,UNDERSUPPLY,0.0,398.5
1090,8.2,Red-N,1364,1365,10.0,790.3333333333334,3.0,1350.0,0.5854320987654321,BALANCED,559.6666666666666,0.0
1090,8.2,Red-N,1364,1365,11.0,450.5,3.0,1350.0,0.3337037037037037,BALANCED,899.5,0.0
1090,8.2,Red-N,1364,1365,12.0,365.1666666666667,3.0,1350.0,0.27049382716049386,BALANCED,984.8333333333333,0.0
1090,8.2,Red-N,1364,1365,13.0,375.0,3.0,1350.0,0.2777777777777778,BALANCED,975.0,0.0
1090,8.2,Red-N,1364,1365,14.0,369.3333333333333,3.0,1350.0,0.27358024691358024,BALANCED,980.6666666666667,0.0
1090,8.2,Red-N,1364,1365,15.0,432.1666666666667,3.0,1350.0,0.3201234567901235,BALANCED,917.8333333333333,0.0
1090,8.2,Red-N,1364,1365,16.0,635.1666666666666,3.0,1350.0,0.4704938271604938,BALANCED,714.8333333333334,0.0
1090,8.2,Red-N,1364,1365,17.0,926.6666666666666,3.0,1350.0,0.6864197530864197,BALANCED,423.33333333333337,0.0
1090,8.2,Red-N,1364,1365,18.0,941.8333333333334,3.0,1350.0,0.6976543209876543,BALANCED,408.16666666666663,0.0
1090,8.2,Red-N,1364,1365,19.0,512.8333333333334,3.0,1350.0,0.37987654320987657,BALANCED,837.1666666666666,0.0
1090,8.2,Red-N,1364,1365,20.0,279.1666666666667,3.0,1350.0,0.20679012345679013,BALANCED,1070.8333333333333,0.0
1094,8.2,Red-N,1366,1373,6.0,35.0,3.0,1350.0,0.025925925925925925,OVERSUPPLY,1315.0,0.0
1094,8.2,Red-N,1366,1373,7.0,57.0,3.0,1350.0,0.042222222222222223,OVERSUPPLY,1293.0,0.0
1094,8.2,Red-N,1366,1373,8.0,73.33333333333333,3.0,1350.0,0.05432098765432099,OVERSUPPLY,1276.6666666666667,0.0
1094,8.2,Red-N,1366,1373,9.0,50.166666666666664,3.0,1350.0,0.03716049382716049,OVERSUPPLY,1299.8333333333333,0.0
1094,8.2,Red-N,1366,1373,10.0,53.5,3.0,1350.0,0.03962962962962963,OVERSUPPLY,1296.5,0.0
1094,8.2,Red-N,1366,1373,11.0,69.66666666666667,3.0,1350.0,0.05160493827160494,OVERSUPPLY,1280.3333333333333,0.0
1094,8.2,Red-N,1366,1373,12.0,111.16666666666667,3.0,1350.0,0.08234567901234568,OVERSUPPLY,1238.8333333333333,0.0
1094,8.2,Red-N,1366,1373,13.0,137.5,3.0,1350.0,0.10185185185185185,OVERSUPPLY,1212.5,0.0
1094,8.2,Red-N,1366,1373,14.0,269.3333333333333,3.0,1350.0,0.19950617283950617,OVERSUPPLY,1080.6666666666667,0.0
1094,8.2,Red-N,1366,1373,15.0,426.0,3.0,1350.0,0.31555555555555553,BALANCED,924.0,0.0
1094,8.2,Red-N,1366,1373,16.0,713.5,3.0,1350.0,0.5285185185185185,BALANCED,636.5,0.0
1094,8.2,Red-N,1366,1373,17.0,1060.8333333333333,3.0,1350.0,0.7858024691358024,BALANCED,289.16666666666674,0.0
1094,8.2,Red-N,1366,1373,18.0,1036.1666666666667,3.0,1350.0,0.7675308641975309,BALANCED,313.83333333333326,0.0
1094,8.2,Red-N,1366,1373,19.0,559.0,3.0,1350.0,0.4140740740740741,BALANCED,791.0,0.0
1094,8.2,Red-N,1366,1373,20.0,333.8333333333333,3.0,1350.0,0.24728395061728395,BALANCED,1016.1666666666667,0.0
1096,8.2,Red-N,1367,1376,6.0,102.0,3.0,1350.0,0.07555555555555556,OVERSUPPLY,1248.0,0.0
1096,8.2,Red-N,1367,1376,7.0,132.0,3.0,1350.0,0.09777777777777778,OVERSUPPLY,1218.0,0.0
1096,8.2,Red-N,1367,1376,8.0,117.66666666666667,3.0,1350.0,0.0871604938271605,OVERSUPPLY,1232.3333333333333,0.0
1096,8.2,Red-N,1367,1376,9.0,78.0,3.0,1350.0,0.057777777777777775,OVERSUPPLY,1272.0,0.0
1096,8.2,Red-N,1367,1376,10.0,65.16666666666667,3.0,1350.0,0.04827160493827161,OVERSUPPLY,1284.8333333333333,0.0
1096,8.2,Red-N,1367,1376,11.0,96.33333333333333,3.0,1350.0,0.07135802469135802,OVERSUPPLY,1253.6666666666667,0.0
1096,8.2,Red-N,1367,1376,12.0,119.83333333333333,3.0,1350.0,0.08876543209876543,OVERSUPPLY,1230.1666666666667,0.0
1096,8.2,Red-N,1367,1376,13.0,186.5,3.0,1350.0,0.13814814814814816,OVERSUPPLY,1163.5,0.0
1096,8.2,Red-N,1367,1376,14.0,226.16666666666666,3.0,1350.0,0.16753086419753085,OVERSUPPLY,1123.8333333333333,0.0
1096,8.2,Red-N,1367,1376,15.0,388.16666666666663,3.0,1350.0,0.2875308641975308,BALANCED,961.8333333333334,0.0
1096,8.2,Red-N,1367,1376,16.0,633.5,3.0,1350.0,0.46925925925925926,BALANCED,716.5,0.0
1096,8.2,Red-N,1367,1376,17.0,785.8333333333334,3.0,1350.0,0.5820987654320988,BALANCED,564.1666666666666,0.0
1096,8.2,Red-N,1367,1376,18.0,675.1666666666666,3.0,1350.0,0.5001234567901234,BALANCED,674.8333333333334,0.0
1096,8.2,Red-N,1367,1376,19.0,312.66666666666663,3.0,1350.0,0.23160493827160492,BALANCED,1037.3333333333335,0.0
1096,8.2,Red-N,1367,1376,20.0,198.0,3.0,1350.0,0.14666666666666667,OVERSUPPLY,1152.0,0.0
1098,8.2,Red-N,1368,1380,6.0,110.5,3.0,1350.0,0.08185185185185186,OVERSUPPLY,1239.5,0.0
1098,8.2,Red-N,1368,1380,7.0,283.5,3.0,1350.0,0.21,BALANCED,1066.5,0.0
1098,8.2,Red-N,1368,1380,8.0,467.8333333333333,3.0,1350.0,0.3465432098765432,BALANCED,882.1666666666667,0.0
1098,8.2,Red-N,1368,1380,9.0,402.8333333333333,3.0,1350.0,0.29839506172839503,BALANCED,947.1666666666667,0.0
1098,8.2,Red-N,1368,1380,10.0,207.83333333333334,3.0,1350.0,0.15395061728395062,OVERSUPPLY,1142.1666666666667,0.0
1098,8.2,Red-N,1368,1380,11.0,207.83333333333334,3.0,1350.0,0.15395061728395062,OVERSUPPLY,1142.1666666666667,0.0
1098,8.2,Red-N,1368,1380,12.0,257.8333333333333,3.0,1350.0,0.19098765432098763,OVERSUPPLY,1092.1666666666667,0.0
1098,8.2,Red-N,1368,1380,13.0,331.8333333333333,3.0,1350.0,0.24580246913580245,BALANCED,1018.1666666666667,0.0
1098,8.2,Red-N,1368,1380,14.0,538.6666666666666,3.0,1350.0,0.39901234567901234,BALANCED,811.3333333333334,0.0
1098,8.2,Red-N,1368,1380,15.0,885.5,3.0,1350.0,0.6559259259259259,BALANCED,464.5,0.0
1098,8.2,Red-N,1368,1380,16.0,1578.1666666666667,3.0,1350.0,1.1690123456790125,UNDERSUPPLY,0.0,228.16666666666674
1098,8.2,Red-N,1368,1380,17.0,2336.1666666666665,3.0,1350.0,1.7304938271604937,UNDERSUPPLY,0.0,986.1666666666665
1098,8.2,Red-N,1368,1380,18.0,2573.5,3.0,1350.0,1.9062962962962964,UNDERSUPPLY,0.0,1223.5
1098,8.2,Red-N,1368,1380,19.0,1380.6666666666667,3.0,1350.0,1.022716049382716,UNDERSUPPLY,0.0,30.666666666666742
1098,8.2,Red-N,1368,1380,20.0,861.6666666666666,3.0,1350.0,0.6382716049382716,BALANCED,488.33333333333337,0.0
1100,8.2,Red-N,1369,1360,6.0,250.33333333333331,3.0,1350.0,0.1854320987654321,OVERSUPPLY,1099.6666666666667,0.0
1100,8.2,Red-N,1369,1360,7.0,645.3333333333333,3.0,1350.0,0.4780246913580246,BALANCED,704.6666666666667,0.0
1100,8.2,Red-N,1369,1360,8.0,1259.6666666666667,3.0,1350.0,0.9330864197530865,CROWDED,90.33333333333326,0.0
1100,8.2,Red-N,1369,1360,9.0,801.0,3.0,1350.0,0.5933333333333334,BALANCED,549.0,0.0
1100,8.2,Red-N,1369,1360,10.0,322.1666666666667,3.0,1350.0,0.23864197530864198,BALANCED,1027.8333333333333,0.0
1100,8.2,Red-N,1369,1360,11.0,185.83333333333331,3.0,1350.0,0.13765432098765432,OVERSUPPLY,1164.1666666666667,0.0
1100,8.2,Red-N,1369,1360,12.0,166.16666666666666,3.0,1350.0,0.12308641975308642,OVERSUPPLY,1183.8333333333333,0.0
1100,8.2,Red-N,1369,1360,13.0,155.16666666666669,3.0,1350.0,0.11493827160493829,OVERSUPPLY,1194.8333333333333,0.0
1100,8.2,Red-N,1369,1360,14.0,189.66666666666669,3.0,1350.0,0.14049382716049383,OVERSUPPLY,1160.3333333333333,0.0
1100,8.2,Red-N,1369,1360,15.0,220.0,3.0,1350.0,0.16296296296296298,OVERSUPPLY,1130.0,0.0
1100,8.2,Red-N,1369,1360,16.0,349.0,3.0,1350.0,0.25851851851851854,BALANCED,1001.0,0.0
1100,8.2,Red-N,1369,1360,17.0,348.0,3.0,1350.0,0.2577777777777778,BALANCED,1002.0,0.0
1100,8.2,Red-N,1369,1360,18.0,283.6666666666667,3.0,1350.0,0.21012345679012348,BALANCED,1066.3333333333333,0.0
1100,8.2,Red-N,1369,1360,19.0,186.66666666666666,3.0,1350.0,0.1382716049382716,OVERSUPPLY,1163.3333333333333,0.0
1100,8.2,Red-N,1369,1360,20.0,95.5,3.0,1350.0,0.07074074074074074,OVERSUPPLY,1254.5,0.0
1102,8.2,Red-N,1370,1361,6.0,75.16666666666667,3.0,1350.0,0.05567901234567901,OVERSUPPLY,1274.8333333333333,0.0
1102,8.2,Red-N,1370,1361,7.0,239.83333333333334,3.0,1350.0,0.17765432098765432,OVERSUPPLY,1110.1666666666667,0.0
1102,8.2,Red-N,1370,1361,8.0,406.8333333333333,3.0,1350.0,0.30135802469135803,BALANCED,943.1666666666667,0.0
1102,8.2,Red-N,1370,1361,9.0,458.3333333333333,3.0,1350.0,0.3395061728395062,BALANCED,891.6666666666667,0.0
1102,8.2,Red-N,1370,1361,10.0,267.0,3.0,1350.0,0.19777777777777777,OVERSUPPLY,1083.0,0.0
1102,8.2,Red-N,1370,1361,11.0,271.5,3.0,1350.0,0.2011111111111111,BALANCED,1078.5,0.0
1102,8.2,Red-N,1370,1361,12.0,316.8333333333333,3.0,1350.0,0.23469135802469135,BALANCED,1033.1666666666667,0.0
1102,8.2,Red-N,1370,1361,13.0,344.0,3.0,1350.0,0.2548148148148148,BALANCED,1006.0,0.0
1102,8.2,Red-N,1370,1361,14.0,568.3333333333334,3.0,1350.0,0.42098765432098767,BALANCED,781.6666666666666,0.0
1102,8.2,Red-N,1370,1361,15.0,790.1666666666666,3.0,1350.0,0.5853086419753086,BALANCED,559.8333333333334,0.0
1102,8.2,Red-N,1370,1361,16.0,1331.3333333333333,3.0,1350.0,0.9861728395061727,CROWDED,18.666666666666742,0.0
1102,8.2,Red-N,1370,1361,17.0,2133.0,3.0,1350.0,1.58,UNDERSUPPLY,0.0,783.0
1102,8.2,Red-N,1370,1361,18.0,2396.1666666666665,3.0,1350.0,1.7749382716049382,UNDERSUPPLY,0.0,1046.1666666666665
1102,8.2,Red-N,1370,1361,19.0,1230.8333333333333,3.0,1350.0,0.9117283950617283,CROWDED,119.16666666666674,0.0
1102,8.2,Red-N,1370,1361,20.0,756.8333333333334,3.0,1350.0,0.5606172839506173,BALANCED,593.1666666666666,0.0
1104,8.2,Red-N,1371,1378,6.0,192.66666666666666,3.0,1350.0,0.14271604938271604,OVERSUPPLY,1157.3333333333333,0.0
1104,8.2,Red-N,1371,1378,7.0,664.0,3.0,1350.0,0.4918518518518519,BALANCED,686.0,0.0
1104,8.2,Red-N,1371,1378,8.0,1285.3333333333333,3.0,1350.0,0.9520987654320987,CROWDED,64.66666666666674,0.0
1104,8.2,Red-N,1371,1378,9.0,1147.3333333333333,3.0,1350.0,0.8498765432098765,CROWDED,202.66666666666674,0.0
1104,8.2,Red-N,1371,1378,10.0,451.3333333333333,3.0,1350.0,0.334320987654321,BALANCED,898.6666666666667,0.0
1104,8.2,Red-N,1371,1378,11.0,220.0,3.0,1350.0,0.16296296296296298,OVERSUPPLY,1130.0,0.0
1104,8.2,Red-N,1371,1378,12.0,148.33333333333334,3.0,1350.0,0.10987654320987655,OVERSUPPLY,1201.6666666666667,0.0
1104,8.2,Red-N,1371,1378,13.0,149.0,3.0,1350.0,0.11037037037037037,OVERSUPPLY,1201.0,0.0
1104,8.2,Red-N,1371,1378,14.0,107.66666666666666,3.0,1350.0,0.07975308641975308,OVERSUPPLY,1242.3333333333333,0.0
1104,8.2,Red-N,1371,1378,15.0,164.66666666666666,3.0,1350.0,0.1219753086419753,OVERSUPPLY,1185.3333333333333,0.0
1104,8.2,Red-N,1371,1378,16.0,271.3333333333333,3.0,1350.0,0.20098765432098764,BALANCED,1078.6666666666667,0.0
1104,8.2,Red-N,1371,1378,17.0,573.6666666666666,3.0,1350.0,0.42493827160493824,BALANCED,776.3333333333334,0.0
1104,8.2,Red-N,1371,1378,18.0,549.3333333333334,3.0,1350.0,0.4069135802469136,BALANCED,800.6666666666666,0.0
1104,8.2,Red-N,1371,1378,19.0,277.0,3.0,1350.0,0.2051851851851852,BALANCED,1073.0,0.0
1104,8.2,Red-N,1371,1378,20.0,132.33333333333334,3.0,1350.0,0.0980246913580247,OVERSUPPLY,1217.6666666666667,0.0
1106,8.2,Red-N,1372,1368,6.0,93.83333333333333,3.0,1350.0,0.06950617283950616,OVERSUPPLY,1256.1666666666667,0.0
1106,8.2,Red-N,1372,1368,7.0,238.83333333333334,3.0,1350.0,0.1769135802469136,OVERSUPPLY,1111.1666666666667,0.0
1106,8.2,Red-N,1372,1368,8.0,392.5,3.0,1350.0,0.29074074074074074,BALANCED,957.5,0.0
1106,8.2,Red-N,1372,1368,9.0,331.1666666666667,3.0,1350.0,0.24530864197530866,BALANCED,1018.8333333333333,0.0
1106,8.2,Red-N,1372,1368,10.0,157.66666666666666,3.0,1350.0,0.11679012345679012,OVERSUPPLY,1192.3333333333333,0.0
1106,8.2,Red-N,1372,1368,11.0,147.33333333333334,3.0,1350.0,0.1091358024691358,OVERSUPPLY,1202.6666666666667,0.0
1106,8.2,Red-N,1372,1368,12.0,173.16666666666666,3.0,1350.0,0.1282716049382716,OVERSUPPLY,1176.8333333333333,0.0
1106,8.2,Red-N,1372,1368,13.0,219.5,3.0,1350.0,0.1625925925925926,OVERSUPPLY,1130.5,0.0
1106,8.2,Red-N,1372,1368,14.0,314.8333333333333,3.0,1350.0,0.23320987654320988,BALANCED,1035.1666666666667,0.0
1106,8.2,Red-N,1372,1368,15.0,590.1666666666666,3.0,1350.0,0.4371604938271605,BALANCED,759.8333333333334,0.0
1106,8.2,Red-N,1372,1368,16.0,1070.3333333333333,3.0,1350.0,0.7928395061728395,BALANCED,279.66666666666674,0.0
1106,8.2,Red-N,1372,1368,17.0,1580.0,3.0,1350.0,1.1703703703703703,UNDERSUPPLY,0.0,230.0
1106,8.2,Red-N,1372,1368,18.0,1799.5,3.0,1350.0,1.332962962962963,UNDERSUPPLY,0.0,449.5
1106,8.2,Red-N,1372,1368,19.0,987.6666666666666,3.0,1350.0,0.7316049382716049,BALANCED,362.33333333333337,0.0
1106,8.2,Red-N,1372,1368,20.0,648.8333333333334,3.0,1350.0,0.4806172839506173,BALANCED,701.1666666666666,0.0
1108,8.2,Red-N,1373,1374,6.0,23.833333333333332,3.0,1350.0,0.01765432098765432,OVERSUPPLY,1326.1666666666667,0.0
1108,8.2,Red-N,1373,1374,7.0,31.833333333333332,3.0,1350.0,0.023580246913580245,OVERSUPPLY,1318.1666666666667,0.0
1108,8.2,Red-N,1373,1374,8.0,31.666666666666668,3.0,1350.0,0.02345679012345679,OVERSUPPLY,1318.3333333333333,0.0
1108,8.2,Red-N,1373,1374,9.0,20.666666666666668,3.0,1350.0,0.015308641975308642,OVERSUPPLY,1329.3333333333333,0.0
1108,8.2,Red-N,1373,1374,10.0,17.833333333333332,3.0,1350.0,0.013209876543209875,OVERSUPPLY,1332.1666666666667,0.0
1108,8.2,Red-N,1373,1374,11.0,28.166666666666668,3.0,1350.0,0.020864197530864197,OVERSUPPLY,1321.8333333333333,0.0
1108,8.2,Red-N,1373,1374,12.0,47.166666666666664,3.0,1350.0,0.03493827160493827,OVERSUPPLY,1302.8333333333333,0.0
1108,8.2,Red-N,1373,1374,13.0,55.833333333333336,3.0,1350.0,0.04135802469135803,OVERSUPPLY,1294.1666666666667,0.0
1108,8.2,Red-N,1373,1374,14.0,114.33333333333333,3.0,1350.0,0.08469135802469135,OVERSUPPLY,1235.6666666666667,0.0
1108,8.2,Red-N,1373,1374,15.0,188.0,3.0,1350.0,0.13925925925925925,OVERSUPPLY,1162.0,0.0
1108,8.2,Red-N,1373,1374,16.0,295.6666666666667,3.0,1350.0,0.21901234567901237,BALANCED,1054.3333333333333,0.0
1108,8.2,Red-N,1373,1374,17.0,374.16666666666663,3.0,1350.0,0.27716049382716046,BALANCED,975.8333333333334,0.0
1108,8.2,Red-N,1373,1374,18.0,364.8333333333333,3.0,1350.0,0.2702469135802469,BALANCED,985.1666666666667,0.0
1108,8.2,Red-N,1373,1374,19.0,195.66666666666666,3.0,1350.0,0.14493827160493827,OVERSUPPLY,1154.3333333333333,0.0
1108,8.2,Red-N,1373,1374,20.0,111.66666666666667,3.0,1350.0,0.08271604938271605,OVERSUPPLY,1238.3333333333333,0.0
1110,8.2,Red-N,1374,1367,6.0,185.0,3.0,1350.0,0.13703703703703704,OVERSUPPLY,1165.0,0.0
1110,8.2,Red-N,1374,1367,7.0,269.0,3.0,1350.0,0.19925925925925925,OVERSUPPLY,1081.0,0.0
1110,8.2,Red-N,1374,1367,8.0,265.1666666666667,3.0,1350.0,0.19641975308641976,OVERSUPPLY,1084.8333333333333,0.0
1110,8.2,Red-N,1374,1367,9.0,172.83333333333334,3.0,1350.0,0.1280246913580247,OVERSUPPLY,1177.1666666666667,0.0
1110,8.2,Red-N,1374,1367,10.0,160.16666666666666,3.0,1350.0,0.11864197530864197,OVERSUPPLY,1189.8333333333333,0.0
1110,8.2,Red-N,1374,1367,11.0,234.5,3.0,1350.0,0.1737037037037037,OVERSUPPLY,1115.5,0.0
1110,8.2,Red-N,1374,1367,12.0,321.3333333333333,3.0,1350.0,0.23802469135802468,BALANCED,1028.6666666666667,0.0
1110,8.2,Red-N,1374,1367,13.0,438.8333333333333,3.0,1350.0,0.3250617283950617,BALANCED,911.1666666666667,0.0
1110,8.2,Red-N,1374,1367,14.0,630.6666666666666,3.0,1350.0,0.46716049382716046,BALANCED,719.3333333333334,0.0
1110,8.2,Red-N,1374,1367,15.0,1190.8333333333333,3.0,1350.0,0.8820987654320988,CROWDED,159.16666666666674,0.0
1110,8.2,Red-N,1374,1367,16.0,1817.6666666666667,3.0,1350.0,1.3464197530864197,UNDERSUPPLY,0.0,467.66666666666674
1110,8.2,Red-N,1374,1367,17.0,2374.8333333333335,3.0,1350.0,1.759135802469136,UNDERSUPPLY,0.0,1024.8333333333335
1110,8.2,Red-N,1374,1367,18.0,1909.5,3.0,1350.0,1.4144444444444444,UNDERSUPPLY,0.0,559.5
1110,8.2,Red-N,1374,1367,19.0,1049.1666666666667,3.0,1350.0,0.7771604938271606,BALANCED,300.83333333333326,0.0
1110,8.2,Red-N,1374,1367,20.0,590.6666666666666,3.0,1350.0,0.43753086419753084,BALANCED,759.3333333333334,0.0
1112,8.2,Red-N,1375,1372,6.0,1265.0,3.0,1350.0,0.937037037037037,CROWDED,85.0,0.0
1112,8.2,Red-N,1375,1372,7.0,3212.3333333333335,3.0,1350.0,2.3795061728395064,UNDERSUPPLY,0.0,1862.3333333333335
1112,8.2,Red-N,1375,1372,8.0,8193.333333333334,3.0,1350.0,6.069135802469137,UNDERSUPPLY,0.0,6843.333333333334
1112,8.2,Red-N,1375,1372,9.0,6149.5,3.0,1350.0,4.555185185185185,UNDERSUPPLY,0.0,4799.5
1112,8.2,Red-N,1375,1372,10.0,2474.5,3.0,1350.0,1.832962962962963,UNDERSUPPLY,0.0,1124.5
1112,8.2,Red-N,1375,1372,11.0,1448.1666666666667,3.0,1350.0,1.0727160493827161,UNDERSUPPLY,0.0,98.16666666666674
1112,8.2,Red-N,1375,1372,12.0,1371.0,3.0,1350.0,1.0155555555555555,UNDERSUPPLY,0.0,21.0
1112,8.2,Red-N,1375,1372,13.0,1389.1666666666667,3.0,1350.0,1.0290123456790123,UNDERSUPPLY,0.0,39.16666666666674
1112,8.2,Red-N,1375,1372,14.0,1713.1666666666667,3.0,1350.0,1.2690123456790123,UNDERSUPPLY,0.0,363.16666666666674
1112,8.2,Red-N,1375,1372,15.0,2639.8333333333335,3.0,1350.0,1.9554320987654321,UNDERSUPPLY,0.0,1289.8333333333335
1112,8.2,Red-N,1375,1372,16.0,4212.0,3.0,1350.0,3.12,UNDERSUPPLY,0.0,2862.0
1112,8.2,Red-N,1375,1372,17.0,6416.333333333333,3.0,1350.0,4.7528395061728395,UNDERSUPPLY,0.0,5066.333333333333
1112,8.2,Red-N,1375,1372,18.0,6462.833333333333,3.0,1350.0,4.787283950617284,UNDERSUPPLY,0.0,5112.833333333333
1112,8.2,Red-N,1375,1372,19.0,3587.1666666666665,3.0,1350.0,2.6571604938271602,UNDERSUPPLY,0.0,2237.1666666666665
1112,8.2,Red-N,1375,1372,20.0,2212.8333333333335,3.0,1350.0,1.6391358024691358,UNDERSUPPLY,0.0,862.8333333333335
1115,8.2,Red-N,1377,1379,6.0,230.83333333333331,3.0,1350.0,0.17098765432098764,OVERSUPPLY,1119.1666666666667,0.0
1115,8.2,Red-N,1377,1379,7.0,749.0,3.0,1350.0,0.5548148148148148,BALANCED,601.0,0.0
1115,8.2,Red-N,1377,1379,8.0,1498.0,3.0,1350.0,1.1096296296296295,UNDERSUPPLY,0.0,148.0
1115,8.2,Red-N,1377,1379,9.0,1315.3333333333333,3.0,1350.0,0.974320987654321,CROWDED,34.66666666666674,0.0
1115,8.2,Red-N,1377,1379,10.0,510.8333333333333,3.0,1350.0,0.37839506172839504,BALANCED,839.1666666666667,0.0
1115,8.2,Red-N,1377,1379,11.0,230.66666666666666,3.0,1350.0,0.17086419753086418,OVERSUPPLY,1119.3333333333333,0.0
1115,8.2,Red-N,1377,1379,12.0,164.66666666666666,3.0,1350.0,0.1219753086419753,OVERSUPPLY,1185.3333333333333,0.0
1115,8.2,Red-N,1377,1379,13.0,154.33333333333334,3.0,1350.0,0.114320987654321,OVERSUPPLY,1195.6666666666667,0.0
1115,8.2,Red-N,1377,1379,14.0,126.5,3.0,1350.0,0.0937037037037037,OVERSUPPLY,1223.5,0.0
1115,8.2,Red-N,1377,1379,15.0,181.5,3.0,1350.0,0.13444444444444445,OVERSUPPLY,1168.5,0.0
1115,8.2,Red-N,1377,1379,16.0,306.6666666666667,3.0,1350.0,0.2271604938271605,BALANCED,1043.3333333333333,0.0
1115,8.2,Red-N,1377,1379,17.0,590.5,3.0,1350.0,0.4374074074074074,BALANCED,759.5,0.0
1115,8.2,Red-N,1377,1379,18.0,602.8333333333334,3.0,1350.0,0.4465432098765432,BALANCED,747.1666666666666,0.0
1115,8.2,Red-N,1377,1379,19.0,299.3333333333333,3.0,1350.0,0.22172839506172837,BALANCED,1050.6666666666667,0.0
1115,8.2,Red-N,1377,1379,20.0,138.5,3.0,1350.0,0.1025925925925926,OVERSUPPLY,1211.5,0.0
1117,8.2,Red-N,1378,1377,6.0,179.16666666666666,3.0,1350.0,0.13271604938271606,OVERSUPPLY,1170.8333333333333,0.0
1117,8.2,Red-N,1378,1377,7.0,636.0,3.0,1350.0,0.4711111111111111,BALANCED,714.0,0.0
1117,8.2,Red-N,1378,1377,8.0,1256.0,3.0,1350.0,0.9303703703703704,CROWDED,94.0,0.0
1117,8.2,Red-N,1378,1377,9.0,1122.8333333333333,3.0,1350.0,0.8317283950617284,CROWDED,227.16666666666674,0.0
1117,8.2,Red-N,1378,1377,10.0,431.16666666666663,3.0,1350.0,0.3193827160493827,BALANCED,918.8333333333334,0.0
1117,8.2,Red-N,1378,1377,11.0,199.66666666666666,3.0,1350.0,0.14790123456790122,OVERSUPPLY,1150.3333333333333,0.0
1117,8.2,Red-N,1378,1377,12.0,135.66666666666666,3.0,1350.0,0.10049382716049382,OVERSUPPLY,1214.3333333333333,0.0
1117,8.2,Red-N,1378,1377,13.0,130.16666666666666,3.0,1350.0,0.09641975308641974,OVERSUPPLY,1219.8333333333333,0.0
1117,8.2,Red-N,1378,1377,14.0,96.66666666666666,3.0,1350.0,0.07160493827160493,OVERSUPPLY,1253.3333333333333,0.0
1117,8.2,Red-N,1378,1377,15.0,139.66666666666666,3.0,1350.0,0.10345679012345678,OVERSUPPLY,1210.3333333333333,0.0
1117,8.2,Red-N,1378,1377,16.0,238.66666666666666,3.0,1350.0,0.17679012345679013,OVERSUPPLY,1111.3333333333333,0.0
1117,8.2,Red-N,1378,1377,17.0,492.33333333333337,3.0,1350.0,0.3646913580246914,BALANCED,857.6666666666666,0.0
1117,8.2,Red-N,1378,1377,18.0,498.1666666666667,3.0,1350.0,0.36901234567901237,BALANCED,851.8333333333333,0.0
1117,8.2,Red-N,1378,1377,19.0,248.33333333333334,3.0,1350.0,0.18395061728395062,OVERSUPPLY,1101.6666666666667,0.0
1117,8.2,Red-N,1378,1377,20.0,113.83333333333333,3.0,1350.0,0.08432098765432099,OVERSUPPLY,1236.1666666666667,0.0
1120,8.2,Red-N,1379,1364,6.0,349.1666666666667,3.0,1350.0,0.25864197530864197,BALANCED,1000.8333333333333,0.0
1120,8.2,Red-N,1379,1364,7.0,1044.8333333333333,3.0,1350.0,0.7739506172839505,BALANCED,305.16666666666674,0.0
1120,8.2,Red-N,1379,1364,8.0,2003.3333333333333,3.0,1350.0,1.4839506172839505,UNDERSUPPLY,0.0,653.3333333333333
1120,8.2,Red-N,1379,1364,9.0,1751.6666666666667,3.0,1350.0,1.297530864197531,UNDERSUPPLY,0.0,401.66666666666674
1120,8.2,Red-N,1379,1364,10.0,794.5,3.0,1350.0,0.5885185185185186,BALANCED,555.5,0.0
1120,8.2,Red-N,1379,1364,11.0,453.5,3.0,1350.0,0.3359259259259259,BALANCED,896.5,0.0
1120,8.2,Red-N,1379,1364,12.0,371.6666666666667,3.0,1350.0,0.27530864197530863,BALANCED,978.3333333333333,0.0
1120,8.2,Red-N,1379,1364,13.0,383.1666666666667,3.0,1350.0,0.28382716049382717,BALANCED,966.8333333333333,0.0
1120,8.2,Red-N,1379,1364,14.0,376.5,3.0,1350.0,0.2788888888888889,BALANCED,973.5,0.0
1120,8.2,Red-N,1379,1364,15.0,446.0,3.0,1350.0,0.33037037037037037,BALANCED,904.0,0.0
1120,8.2,Red-N,1379,1364,16.0,655.1666666666666,3.0,1350.0,0.4853086419753086,BALANCED,694.8333333333334,0.0
1120,8.2,Red-N,1379,1364,17.0,951.3333333333334,3.0,1350.0,0.7046913580246914,BALANCED,398.66666666666663,0.0
1120,8.2,Red-N,1379,1364,18.0,960.5,3.0,1350.0,0.7114814814814815,BALANCED,389.5,0.0
1120,8.2,Red-N,1379,1364,19.0,521.5,3.0,1350.0,0.3862962962962963,BALANCED,828.5,0.0
1120,8.2,Red-N,1379,1364,20.0,287.0,3.0,1350.0,0.21259259259259258,BALANCED,1063.0,0.0
1122,8.2,Red-N,1380,1357,6.0,139.5,3.0,1350.0,0.10333333333333333,OVERSUPPLY,1210.5,0.0
1122,8.2,Red-N,1380,1357,7.0,396.0,3.0,1350.0,0.29333333333333333,BALANCED,954.0,0.0
1122,8.2,Red-N,1380,1357,8.0,691.1666666666666,3.0,1350.0,0.5119753086419753,BALANCED,658.8333333333334,0.0
1122,8.2,Red-N,1380,1357,9.0,653.1666666666666,3.0,1350.0,0.4838271604938271,BALANCED,696.8333333333334,0.0
1122,8.2,Red-N,1380,1357,10.0,353.3333333333333,3.0,1350.0,0.2617283950617284,BALANCED,996.6666666666667,0.0
1122,8.2,Red-N,1380,1357,11.0,350.1666666666667,3.0,1350.0,0.25938271604938273,BALANCED,999.8333333333333,0.0
1122,8.2,Red-N,1380,1357,12.0,414.5,3.0,1350.0,0.30703703703703705,BALANCED,935.5,0.0
1122,8.2,Red-N,1380,1357,13.0,481.8333333333333,3.0,1350.0,0.35691358024691355,BALANCED,868.1666666666667,0.0
1122,8.2,Red-N,1380,1357,14.0,758.8333333333334,3.0,1350.0,0.5620987654320988,BALANCED,591.1666666666666,0.0
1122,8.2,Red-N,1380,1357,15.0,1181.0,3.0,1350.0,0.8748148148148148,CROWDED,169.0,0.0
1122,8.2,Red-N,1380,1357,16.0,2082.5,3.0,1350.0,1.5425925925925925,UNDERSUPPLY,0.0,732.5
1122,8.2,Red-N,1380,1357,17.0,3255.5,3.0,1350.0,2.4114814814814816,UNDERSUPPLY,0.0,1905.5
1122,8.2,Red-N,1380,1357,18.0,3665.6666666666665,3.0,1350.0,2.7153086419753087,UNDERSUPPLY,0.0,2315.6666666666665
1122,8.2,Red-N,1380,1357,19.0,1936.5,3.0,1350.0,1.4344444444444444,UNDERSUPPLY,0.0,586.5
1122,8.2,Red-N,1380,1357,20.0,1217.1666666666667,3.0,1350.0,0.901604938271605,CROWDED,132.83333333333326,0.0
