o_zone_id,d_zone_id,volume
31,32,504.5500000000003
31,33,635.5800000000005
31,35,725.6700000000004
31,34,414.98000000000013
31,38,725.1200000000003
31,39,404.9400000000003
31,36,206.27000000000004
31,41,283.32000000000005
31,42,43.83
31,45,36.22
31,7,4.609999999999999
31,47,64.22
31,48,28.61
31,40,97.83
31,44,78.61
31,70,125.27
31,89,527.6900000000003
31,91,127.05
31,95,531.3600000000005
31,96,1175.4800000000002
31,43,119.71
31,17,25.61
31,46,96.44
31,98,39.22
31,37,130.22
31,111,1.0
31,22,35.21
31,56,2.61
31,110,2.0
31,90,450.7400000000003
31,103,76.22
31,88,54.61
31,27,20.289999999999996
31,132,91.47999999999999
31,2,69.05
31,3,32.0
31,4,14.61
31,5,2.0
31,49,13.61
31,8,7.0
31,52,44.0
31,55,6.61
31,12,23.0
31,69,55.22
31,71,54.0
31,75,34.0
31,13,16.22
31,77,3.0
31,14,41.22
31,92,36.0
31,15,27.83
31,97,31.61
31,93,2.61
31,101,10.0
31,104,36.61
31,133,66.68
31,131,342.5000000000002
31,137,33.50000000000001
31,151,15.439999999999996
31,142,20.38
31,143,10.659999999999997
31,138,11.739999999999998
31,28,2.3800000000000003
31,29,3.7800000000000002
31,30,3.130000000000001
31,53,17.22
31,10,2.0
31,54,11.61
31,51,2.0
31,59,11.0
31,62,6.0
31,61,2.0
31,76,6.0
31,80,2.0
31,78,4.0
31,16,26.0
31,50,4.0
31,18,18.61
31,19,22.61
31,73,5.609999999999999
31,20,2.0
31,102,23.0
31,21,12.219999999999999
31,121,4.0
31,94,6.0
31,87,55.61
31,135,22.0
31,130,16.14
31,100,8.0
31,134,50.52000000000002
31,107,1.06
31,144,0.78
31,126,2.9200000000000013
31,140,6.52
32,31,644.8500000000006
32,33,1748.2499999999973
32,35,1400.3699999999994
32,34,772.5200000000003
32,36,261.6400000000001
32,38,1031.5500000000006
32,39,320.0100000000001
32,2,80.92999999999999
32,41,303.93000000000006
32,42,38.0
32,3,27.0
32,44,93.05
32,5,13.0
32,6,10.0
32,7,14.0
32,8,15.0
32,48,35.0
32,47,40.22
32,52,49.61
32,60,2.0
32,40,109.05
32,69,62.61
32,71,55.0
32,72,10.0
32,75,49.22
32,13,32.0
32,78,2.0
32,90,216.88000000000005
32,89,298.5400000000001
32,88,38.61
32,91,93.83
32,95,211.9100000000001
32,96,381.7700000000004
32,43,117.44
32,17,13.0
32,46,63.61
32,93,9.0
32,19,30.0
32,70,138.44
32,37,131.44
32,98,83.83
32,108,2.0
32,22,49.78999999999999
32,67,2.0
32,94,2.0
32,132,128.64999999999998
32,133,188.25
32,131,253.94000000000005
32,129,23.61
32,103,142.27
32,141,4.1
32,130,17.62
32,87,21.0
32,26,2.0
32,105,8.799999999999997
32,142,15.119999999999996
32,27,12.170000000000002
32,137,15.219999999999995
32,28,2.7800000000000007
32,150,0.48
32,144,1.36
32,114,0.68
32,116,0.7
32,126,2.5800000000000005
32,124,0.58
32,140,4.700000000000001
32,49,11.0
32,53,16.0
32,10,8.0
32,54,10.219999999999999
32,59,10.0
32,12,30.61
32,74,2.0
32,76,4.609999999999999
32,77,9.0
32,15,20.61
32,16,25.0
32,97,26.61
32,18,28.61
32,100,8.0
32,102,27.0
32,104,51.83
32,143,6.200000000000001
32,138,23.589999999999996
32,151,17.369999999999997
32,107,3.7000000000000006
32,29,3.0200000000000005
32,30,1.4800000000000002
32,139,0.48
32,134,179.15999999999997
32,1,11.61
32,4,6.609999999999999
32,45,31.61
32,58,5.0
32,11,6.0
32,61,2.0
32,14,21.0
32,20,9.61
32,21,11.0
32,106,4.579999999999998
32,101,10.0
32,135,39.61
32,113,0.66
32,121,0.2
32,125,1.2000000000000002
33,31,282.60000000000036
33,32,1002.6400000000012
33,35,3690.350000000002
33,34,4900.929999999997
33,36,1329.9099999999996
33,37,403.08000000000015
33,38,1009.7100000000011
33,39,249.4700000000001
33,2,112.92999999999999
33,41,684.3000000000003
33,42,60.44
33,3,83.61
33,44,193.44000000000003
33,45,59.22
33,47,102.44
33,53,44.22
33,52,123.83
33,55,16.0
33,51,10.0
33,61,3.0
33,40,193.27000000000004
33,70,254.10000000000008
33,71,121.83
33,72,25.22
33,79,12.0
33,89,263.93000000000006
33,14,33.0
33,92,8.0
33,91,107.27
33,15,15.219999999999999
33,90,128.1
33,95,221.5700000000002
33,43,137.82999999999998
33,17,23.61
33,46,124.61
33,97,38.61
33,49,13.219999999999999
33,98,135.66
33,102,65.22
33,22,127.13000000000002
33,134,147.63999999999982
33,131,151.47000000000003
33,96,265.37000000000006
33,138,71.64000000000003
33,137,111.24999999999994
33,103,531.8900000000004
33,142,15.61999999999999
33,87,19.61
33,151,55.47000000000005
33,27,21.159999999999997
33,132,58.12999999999999
33,29,12.139999999999999
33,119,0.9600000000000001
33,30,6.980000000000001
33,140,7.699999999999994
33,1,34.83
33,69,145.66000000000003
33,75,59.61
33,88,25.0
33,21,31.22
33,143,11.599999999999989
33,130,9.699999999999996
33,133,109.60999999999993
33,150,3.5000000000000004
33,136,2.3200000000000007
33,10,14.219999999999999
33,48,80.61
33,104,86.05
33,129,23.22
33,28,13.659999999999998
33,106,8.819999999999995
33,107,6.879999999999998
33,144,4.44
33,114,3.780000000000001
33,126,9.519999999999996
33,124,1.8600000000000003
33,8,30.61
33,86,6.0
33,4,24.0
32,57,8.0
32,62,3.0
32,147,0.1
32,55,6.0
32,146,0.2
32,136,0.38
32,68,0.30000000000000004
31,58,6.609999999999999
31,60,4.0
31,67,3.0
31,106,1.1300000000000001
31,68,0.2
32,79,3.0
32,115,0.1
32,122,0.1
32,148,7.0
32,92,9.61
32,73,6.0
32,24,21.0
32,25,3.0
32,63,1.0
33,135,99.49
33,12,51.44
33,13,57.61
33,77,9.0
33,16,12.61
33,18,62.61
33,73,17.83
33,101,26.22
33,25,13.44
33,105,19.290000000000003
33,116,3.120000000000001
33,139,2.9600000000000004
33,5,23.0
33,57,21.61
33,58,8.0
33,24,70.36999999999999
33,125,0.96
33,11,12.0
33,76,6.0
33,94,6.609999999999999
33,121,1.18
33,9,10.0
33,63,5.609999999999999
33,54,10.61
33,19,41.61
33,20,8.0
33,56,6.0
33,148,2.61
33,7,13.0
33,93,8.0
34,31,176.49000000000004
34,32,339.64000000000016
34,33,5200.879999999988
34,35,3056.0400000000004
34,36,4234.710000000004
34,37,1724.4499999999973
34,38,712.1100000000005
34,41,1253.2999999999997
34,3,136.22
34,44,322.54000000000013
34,5,39.61
34,45,83.83
34,7,24.0
34,48,140.66
34,40,344.98000000000013
34,69,269.9300000000001
34,70,632.9600000000004
34,71,186.82999999999998
34,72,60.0
34,13,117.44
34,75,126.05
34,81,12.0
34,89,260.27000000000004
34,90,148.83
34,88,25.0
34,91,105.27
34,95,202.70999999999998
34,39,260.98000000000013
34,43,189.49
34,18,101.44
34,98,483.8100000000002
34,73,47.22
34,101,122.66
34,102,345.4200000000002
34,104,455.20000000000016
34,22,166.13000000000002
34,129,25.61
34,134,234.64999999999984
34,133,101.59999999999998
34,131,225.68999999999997
34,96,190.10000000000008
34,137,953.1200000000015
34,103,4660.689999999999
34,135,914.0700000000007
34,24,972.8800000000003
34,25,331.96000000000015
34,143,27.610000000000028
34,27,54.38999999999999
34,132,137.82999999999993
34,138,310.58000000000015
34,151,324.6600000000005
34,105,65.43000000000008
34,28,61.86
34,106,48.18000000000007
34,114,8.479999999999992
34,116,9.219999999999992
34,126,32.18000000000006
33,6,19.61
33,108,7.0
33,59,8.0
33,62,16.0
33,78,3.0
33,100,11.0
33,83,4.0
33,113,1.6600000000000001
33,50,8.61
33,26,6.0
33,146,0.96
33,118,2.0
33,149,0.28
33,147,0.4
33,123,0.38
33,68,0.88
33,60,3.61
33,99,7.0
33,115,0.5
33,141,0.38
33,122,0.38
33,80,2.0
33,81,2.61
33,67,2.0
35,32,493.2300000000003
35,33,2390.4699999999966
35,34,1764.5199999999966
35,36,2566.8799999999997
35,38,3214.829999999999
35,39,549.7000000000006
35,2,1519.47
35,41,1846.459999999997
35,44,455.71000000000015
35,8,52.83
35,48,170.66
35,52,222.88000000000005
35,40,1172.1799999999996
35,14,22.0
35,91,124.66
35,95,379.8900000000003
35,96,182.76000000000008
35,46,256.22
35,22,175.57
35,31,152.03000000000003
35,131,38.99000000000001
35,90,108.44
35,103,286.9300000000001
35,142,22.080000000000016
35,143,15.019999999999992
35,27,42.410000000000004
35,130,8.999999999999998
35,132,39.30000000000001
35,137,59.280000000000015
35,138,75.89999999999996
35,151,41.38000000000005
35,28,27.580000000000005
35,107,13.639999999999992
35,150,7.739999999999997
35,147,1.0799999999999998
35,114,7.039999999999995
35,29,27.94
35,119,1.5000000000000002
35,30,17.340000000000003
35,136,3.8600000000000025
35,126,21.06000000000002
35,124,4.0200000000000005
35,37,486.9600000000004
35,1,67.88
35,43,234.88000000000005
35,42,166.49
35,3,165.44
35,4,57.61
35,5,61.44
35,45,106.71
35,47,253.88000000000005
35,49,32.61
35,59,18.0
35,61,8.0
35,12,184.44
35,69,394.5900000000002
35,70,1143.9299999999996
35,71,353.86000000000024
35,13,117.44
35,89,231.32000000000008
35,92,15.22
35,17,37.61
35,97,43.05
35,19,262.13
35,73,68.27
35,100,30.22
35,101,46.61
35,98,288.4200000000002
35,21,33.61
35,104,67.44
35,102,75.44
35,85,4.61
35,57,28.22
35,63,3.0
35,135,40.22
35,134,16.749999999999993
35,24,19.0
35,25,9.0
35,133,16.009999999999998
35,105,15.90999999999998
35,106,11.099999999999993
35,144,9.979999999999995
35,146,2.9600000000000013
35,113,2.6600000000000015
35,116,6.719999999999995
35,121,3.160000000000001
35,125,4.24
35,139,2.04
35,140,8.639999999999997
33,128,2.0
35,9,28.0
35,53,81.61
35,54,30.83
35,58,23.61
35,75,155.44
35,79,22.83
35,78,22.61
35,50,17.61
35,18,233.98
35,20,15.0
35,129,8.0
35,149,0.48000000000000004
35,115,2.57
35,123,2.5000000000000004
35,122,2.5
35,68,1.56
35,141,0.5
35,7,28.61
35,55,10.61
35,81,20.22
35,88,32.83
35,16,23.61
35,67,8.0
35,15,28.61
35,6,86.22
35,11,9.0
35,72,86.83
35,56,14.61
35,145,2.3000000000000003
35,64,7.0
35,87,19.0
35,94,5.0
33,145,0.1
34,2,185.32000000000002
34,52,210.27000000000004
34,46,271.05000000000007
34,57,19.61
34,142,29.36000000000001
34,107,32.72000000000003
34,150,14.36999999999999
34,149,0.6
34,144,11.659999999999993
34,147,2.12
34,29,35.31
34,113,3.6800000000000015
34,115,1.3800000000000003
34,122,3.2600000000000007
34,30,22.18
34,136,5.979999999999997
34,68,2.720000000000001
34,124,5.079999999999999
34,125,2.2600000000000007
34,140,12.959999999999987
34,16,17.0
34,130,14.399999999999993
34,121,5.599999999999998
34,1,239.91000000000005
34,42,114.05
34,14,34.61
34,100,48.83
34,146,3.420000000000002
34,119,1.8600000000000005
34,139,2.460000000000001
34,6,36.61
34,47,205.44
34,51,7.0
34,76,22.0
34,17,42.0
34,97,45.22
34,19,141.26999999999998
34,92,24.61
34,4,48.0
34,49,31.0
34,8,60.61
34,53,63.83
34,10,12.22
34,55,10.0
34,12,111.44
34,15,23.0
34,93,16.0
34,20,48.61
34,21,127.49
34,56,7.609999999999999
34,99,11.0
34,9,11.0
34,58,27.0
34,60,8.0
34,87,28.0
34,11,12.0
34,59,13.0
34,80,6.0
34,123,0.30000000000000004
34,141,2.58
34,74,10.0
34,54,26.0
34,62,18.0
34,64,2.0
34,79,6.0
34,86,5.0
34,94,6.0
34,50,18.61
34,148,7.0
34,26,36.0
36,32,148.59000000000003
36,33,1512.1399999999978
36,34,4168.699999999998
36,35,4041.2299999999996
36,37,3674.3500000000017
36,1,999.3000000000005
36,38,767.3100000000006
36,2,631.56
36,41,1170.5700000000004
36,43,173.05
36,42,129.05
36,44,365.1000000000001
36,46,267.1000000000001
36,3,86.83
36,5,33.22
36,47,200.27000000000004
36,7,28.61
36,8,61.0
36,48,120.83
36,52,188.66000000000003
36,54,31.0
36,59,24.61
36,11,17.0
36,62,15.0
36,60,10.0
36,40,975.3800000000007
36,69,527.0800000000003
36,70,3054.509999999998
36,71,608.3500000000004
36,73,169.59000000000006
36,72,96.27
36,75,190.66000000000003
36,13,117.88
36,80,10.61
36,89,145.44000000000003
36,88,45.83
36,91,117.22
36,16,33.0
36,39,173.98000000000002
36,17,31.22
36,97,49.61
36,18,678.04
36,19,1165.53
36,98,1328.2699999999995
36,100,130.82999999999998
36,101,185.49
36,102,346.6400000000001
36,21,88.27
36,103,1491.5999999999974
36,104,277.20000000000016
36,106,39.010000000000026
36,22,195.75000000000003
36,118,17.0
36,120,1.0
36,67,4.0
36,129,7.0
36,90,64.61
36,24,100.02999999999999
36,25,139.10999999999999
36,138,61.79000000000003
36,151,85.17999999999994
36,142,13.339999999999996
36,143,9.779999999999996
36,27,28.569999999999993
36,131,38.760000000000005
36,132,22.339999999999996
36,133,10.279999999999996
36,134,16.299999999999997
36,137,76.39999999999998
36,105,35.18000000000003
36,28,49.99000000000001
36,107,29.42000000000001
36,150,18.6
36,144,13.199999999999996
36,114,6.339999999999997
36,29,25.34
36,113,3.9000000000000012
36,116,5.039999999999999
36,30,12.88
36,136,3.580000000000002
36,126,15.299999999999986
36,124,2.840000000000001
36,125,1.4600000000000004
36,139,1.7200000000000002
34,78,20.61
34,77,15.829999999999998
34,83,2.0
34,128,4.0
36,31,72.32
36,49,49.22
36,53,100.22
36,56,9.61
36,58,12.61
36,57,44.61
36,61,10.0
36,12,143.44
36,74,39.05
36,76,24.61
36,79,28.61
36,15,23.61
36,95,134.88
36,20,62.83
36,128,8.0
36,96,76.44
36,26,13.0
36,130,4.739999999999998
36,119,1.1600000000000001
36,140,4.240000000000002
36,81,17.22
36,135,33.05
36,149,0.7
36,147,1.5400000000000003
36,115,0.9799999999999999
36,123,0.5
36,68,1.6400000000000003
37,33,377.47000000000025
37,35,824.7900000000004
37,34,1444.9999999999982
37,36,3676.5100000000007
37,1,741.9700000000005
37,38,219.27000000000004
37,41,784.5900000000003
37,42,57.61
37,69,540.9300000000002
37,40,574.9300000000002
37,71,693.8100000000002
37,72,153.05
37,70,2759.86
37,18,301.32
37,19,513.3299999999999
37,98,5886.099999999978
37,100,383.47000000000014
37,101,1639.7299999999962
37,21,1141.0500000000004
37,103,2457.279999999995
37,104,1691.6699999999971
37,102,3564.990000000005
37,22,147.82999900000002
37,90,31.61
37,137,87.60999999999997
37,24,74.32
37,25,157.4
37,151,472.6100000000015
37,138,175.13999999999982
37,142,35.970000000000034
37,143,31.210000000000036
37,27,107.93000000000002
37,130,6.719999999999996
37,131,28.74
37,132,50.310000000000024
37,133,16.54999999999999
37,134,35.880000000000045
37,105,297.7799999999997
37,28,524.2800009999999
37,106,230.24999999999972
37,107,276.8999999999997
37,150,113.89999999999985
37,145,5.9599999999999955
37,144,64.32000000000006
37,146,14.119999999999981
37,114,33.00000000000005
37,29,122.33000000000001
37,113,14.529999999999985
37,115,5.309999999999997
37,116,22.360000000000035
37,121,10.499999999999996
37,30,57.99000000000002
37,136,16.439999999999973
37,68,4.62
37,126,59.86000000000009
37,124,11.369999999999996
37,125,4.999999999999998
37,140,16.369999999999987
37,32,47.0
37,31,29.83
37,2,83.88
37,3,94.83
37,44,355.6600000000001
37,49,44.61
37,47,312.49000000000007
37,48,193.44
37,52,244.49000000000004
37,58,26.0
37,62,9.61
37,75,258.2700000000001
37,13,173.66
37,79,34.22
37,81,30.61
37,80,19.22
37,77,34.0
37,14,14.0
37,89,51.61
37,88,10.0
37,39,84.61
37,43,151.22
37,46,198.44
37,97,41.22
37,73,388.4000000000004
37,74,82.05
37,20,298.37000000000006
37,118,7.0
37,87,17.0
37,148,18.0
37,26,32.0
37,149,10.859999999999994
37,147,6.979999999999998
37,119,4.76
37,122,2.6100000000000008
37,139,4.89
37,4,50.83
37,7,35.22
37,53,96.22
37,12,69.83
37,76,24.61
37,16,7.0
37,95,58.61
37,99,97.66
37,135,36.61
37,108,33.0
37,45,67.05
37,6,48.0
37,8,47.61
37,10,22.0
37,54,36.0
37,60,13.0
37,11,29.0
37,17,26.0
37,127,1.0
1,33,33.05
1,32,4.609999999999999
1,35,73.83
1,34,153.71000000000004
1,36,917.9900000000004
1,37,561.9900000000001
1,38,15.61
1,39,11.219999999999999
1,2,5.0
1,41,22.61
1,44,12.61
1,3,4.0
1,4,2.0
1,5,4.0
1,46,7.61
1,48,8.0
1,47,12.0
1,53,6.0
1,52,6.609999999999999
1,40,24.0
1,12,0.61
1,69,12.829999999999998
1,70,73.66
1,71,13.219999999999999
1,72,4.609999999999999
1,75,13.0
1,13,1.0
1,76,2.0
1,90,5.0
1,89,6.0
1,88,3.0
1,91,3.0
1,95,0.61
1,42,2.0
1,43,7.0
1,17,6.0
1,97,10.0
1,18,6.61
1,19,18.66
1,98,114.27
1,73,7.0
1,74,1.0
1,100,3.61
1,99,0.61
1,101,7.0
1,20,8.0
1,102,24.61
1,21,7.83
1,103,118.1
1,104,25.61
1,105,4.41
1,106,5.0200000000000005
1,111,2.0
1,22,9.3
1,57,2.0
1,118,1.0
1,50,1.0
1,31,1.0
1,96,2.0
1,135,3.2199999999999998
1,137,3.19
1,24,8.61
1,25,13.61
1,142,2.7800000000000002
1,26,2.0
1,151,7.079999999999998
1,138,5.300000000000001
1,143,0.4
1,27,2.9
1,130,0.1
1,131,0.28
1,132,1.92
1,133,0.48
1,134,1.1600000000000001
1,28,8.2
1,107,3.1
1,150,1.2800000000000002
1,144,0.98
1,146,0.28
1,147,0.1
1,114,0.5
1,29,2.62
1,113,0.38
1,115,0.1
1,116,0.4
1,119,0.1
1,121,0.28
1,30,1.26
1,136,0.2
1,68,0.1
1,126,1.54
1,124,0.2
1,140,0.48000000000000004
36,6,37.83
36,87,20.61
36,122,0.7799999999999999
36,45,58.44
36,10,14.61
36,77,37.61
36,93,11.0
36,83,16.0
36,108,14.61
36,50,18.61
36,66,2.0
36,92,4.61
36,82,1.6099999999999999
36,99,9.0
36,121,1.6400000000000003
36,141,2.4000000000000004
36,86,14.0
36,146,1.8600000000000005
36,4,35.0
36,78,28.61
36,14,8.61
36,84,2.61
36,148,9.0
36,145,4.279999999999999
36,9,14.0
36,94,12.0
35,10,14.0
35,62,28.0
36,85,2.0
36,63,3.0
36,117,7.0
34,118,2.0
34,110,6.61
34,145,0.38
34,61,4.0
34,117,5.0
35,77,19.61
35,93,4.0
35,110,2.61
35,65,1.0
35,60,10.0
35,83,6.0
35,82,2.0
38,32,538.4800000000006
38,33,885.2400000000008
38,35,3501.1400000000017
38,34,654.4000000000004
38,2,385.62
38,36,489.1800000000003
38,41,2707.5600000000004
38,44,467.71000000000015
38,95,646.0000000000008
38,39,1393.8699999999992
38,89,333.5400000000001
38,70,388.0800000000003
38,22,136.5
38,31,252.42000000000007
38,142,14.799999999999992
38,27,21.039999999999996
38,132,17.269999999999996
38,134,7.839999999999995
38,137,24.680000000000007
38,138,21.23999999999999
38,28,9.360000000000001
38,105,9.229999999999993
38,150,2.3600000000000003
38,144,4.24
38,29,11.339999999999998
38,126,11.339999999999996
38,124,2.5800000000000005
38,42,282.6900000000001
38,96,230.42000000000013
38,103,80.66
38,143,7.6599999999999975
38,30,6.880000000000001
38,140,17.699999999999996
35,111,6.0
32,56,4.0
31,150,0.6
38,37,144.22
38,46,322.1
38,3,127.66
38,6,69.83
38,47,266.71000000000004
38,8,58.0
38,48,157.49000000000004
38,52,260.49000000000007
38,55,13.61
38,40,887.5800000000008
38,69,278.93000000000006
38,71,157.66
38,76,23.0
38,90,134.05
38,88,23.61
38,92,15.0
38,91,145.32000000000002
38,16,41.22
38,43,320.10000000000014
38,17,35.44
38,49,47.61
38,97,50.66
38,50,18.61
38,18,51.83
38,19,64.83
38,74,11.0
38,101,17.0
38,98,90.88
38,129,5.0
38,133,7.1999999999999975
38,131,30.690000000000005
38,135,14.61
38,24,10.61
38,104,23.22
38,130,3.36
38,151,11.239999999999993
38,106,5.070000000000001
38,107,6.399999999999997
38,115,0.4
38,121,1.06
38,136,2.440000000000001
38,125,0.6
38,141,0.28
38,10,19.0
38,58,17.0
38,13,81.44
38,14,29.0
38,111,2.0
38,26,3.0
38,68,0.7999999999999999
38,1,22.22
38,45,109.71
38,53,87.22
38,60,16.0
38,75,145.44
38,15,29.61
38,73,11.61
38,25,5.83
38,146,0.8799999999999999
38,114,2.18
38,116,1.9800000000000004
38,139,0.9799999999999999
38,113,0.9999999999999999
38,7,43.61
38,12,147.66
38,72,48.22
38,93,15.61
38,57,24.22
38,119,0.76
38,4,54.83
38,61,4.0
38,78,14.61
38,87,11.0
38,20,5.0
38,86,7.0
38,118,4.0
38,23,4.0
38,147,0.6799999999999999
39,31,319.8100000000001
39,32,209.8100000000001
39,33,419.89000000000027
39,35,1248.4099999999992
39,34,305.93000000000006
39,37,116.22
39,36,245.54000000000008
39,38,2136.6199999999976
39,2,119.32
39,41,1320.7499999999989
39,43,817.9400000000006
39,42,641.2100000000005
39,44,284.7600000000001
39,5,31.83
39,45,147.05
39,46,459.59000000000026
39,6,34.22
39,47,179.32000000000005
39,48,96.05
39,52,185.88000000000002
39,55,14.0
39,54,22.83
39,40,255.54000000000008
39,12,95.0
39,69,179.71000000000004
39,71,152.22
39,75,88.05
39,13,55.61
39,77,14.0
39,89,846.6500000000005
39,90,193.81000000000006
39,14,73.61
39,88,67.66
39,93,52.61
39,92,41.22
39,91,467.03000000000014
39,15,95.88
39,16,72.83
39,95,3199.4499999999994
39,96,334.6200000000002
39,97,132.88
39,70,246.05
39,18,40.61
39,19,28.439999999999998
39,98,63.61
39,73,19.0
39,99,6.0
39,20,2.0
39,21,6.0
39,102,23.0
39,22,62.17999999999999
39,62,13.0
39,117,5.0
39,118,10.0
39,131,47.17
39,87,29.61
39,103,82.66
39,142,14.299999999999999
39,143,4.000000000000001
39,27,15.940000000000001
39,130,3.68
39,132,21.639999999999997
39,133,5.6499999999999995
39,138,8.6
39,105,0.6799999999999999
39,28,3.0
39,107,1.6400000000000003
39,144,1.2600000000000002
39,29,4.180000000000001
39,116,1.08
39,122,0.28
39,30,3.5700000000000003
39,126,4.07
39,125,0.38
39,1,23.830000000000002
39,3,109.44
39,4,37.0
39,53,60.22
39,50,32.22
39,72,34.61
39,17,136.05
39,94,19.61
39,151,14.669999999999995
39,134,7.359999999999999
39,140,11.469999999999997
39,64,11.0
39,100,18.0
38,5,34.22
38,51,14.0
38,9,14.0
38,54,39.0
38,11,14.0
38,62,14.61
38,59,30.0
38,77,15.61
38,56,8.0
38,128,2.0
38,94,6.0
39,7,17.0
39,49,38.0
39,8,41.22
39,9,18.0
39,10,11.0
39,59,25.61
39,104,22.61
39,128,13.0
39,137,16.56
39,25,6.0
39,57,21.61
39,76,10.61
38,79,17.22
38,100,15.0
38,108,4.0
38,102,14.0
38,83,2.0
35,51,13.0
35,76,12.0
35,74,10.0
35,108,6.0
35,23,2.0
35,99,6.0
35,86,6.0
35,118,4.0
2,31,13.0
2,32,28.83
2,33,79.44
2,35,923.78
2,34,88.88
2,36,296.62000000000006
2,37,40.83
2,1,4.0
2,38,253.53999999999996
2,39,37.61
2,40,68.83
2,41,117.1
2,42,19.0
2,43,16.0
2,3,8.22
2,44,14.0
2,5,6.0
2,45,2.22
2,46,14.0
2,6,8.0
2,47,9.829999999999998
2,7,5.0
2,49,3.0
2,52,24.0
2,8,2.61
2,48,14.0
2,9,2.0
2,53,5.0
2,54,1.0
2,59,2.0
2,12,8.0
2,69,22.049999999999997
2,70,88.27
2,71,24.0
2,72,4.0
2,75,7.0
2,13,2.0
2,79,4.0
2,78,3.0
2,77,4.0
2,90,10.219999999999999
2,89,13.219999999999999
2,14,2.0
2,15,0.61
2,91,6.0
2,95,32.66
2,96,12.0
2,17,0.61
2,97,0.61
2,18,16.44
2,19,20.05
2,98,21.61
2,73,2.0
2,102,3.0
2,21,2.0
2,103,23.83
2,104,6.61
2,105,2.4000000000000004
2,22,16.38
2,57,2.0
2,86,2.0
2,131,6.609999999999999
2,135,2.0
2,137,2.1
2,24,1.0
2,25,2.0
2,138,7.64
2,151,3.48
2,26,1.0
2,142,0.7000000000000001
2,143,0.7
2,27,2.2
2,130,0.1
2,132,1.34
2,133,0.38
2,134,0.8400000000000001
2,28,1.61
2,106,0.2
2,107,0.96
2,150,0.2
2,149,0.1
2,144,0.48
2,147,0.1
2,114,0.30000000000000004
2,29,1.54
2,113,0.1
2,115,0.1
2,116,0.30000000000000004
2,122,0.1
2,121,0.1
2,30,0.96
2,136,0.2
2,68,0.1
2,126,1.1600000000000001
2,124,0.38
2,125,0.1
2,139,0.1
2,140,0.48000000000000004
35,80,4.0
36,55,12.61
36,51,7.0
36,112,1.0
36,110,2.0
35,112,2.0
35,148,2.0
40,33,146.66
40,35,1113.85
40,34,308.1500000000001
40,36,682.4600000000006
40,38,903.0000000000008
40,2,70.92999999999999
40,41,5077.139999999992
40,43,322.49000000000007
40,45,224.76000000000008
40,7,63.61
40,8,51.22
40,47,477.20000000000016
40,48,316.49000000000007
40,52,447.49000000000007
40,53,151.44
40,54,44.44
40,11,54.22
40,12,571.2500000000001
40,69,2752.259999999996
40,44,1139.55
40,70,2575.8699999999976
40,71,1239.2199999999996
40,76,60.66
40,89,162.22000000000003
40,42,289.1300000000002
40,18,203.42000000000002
40,19,252.79000000000008
40,98,369.47000000000025
40,37,401.59000000000015
40,22,133.85
40,27,30.700000000000003
40,138,10.059999999999992
40,28,32.269999999999996
35,26,2.0
40,32,22.22
40,31,23.83
40,1,44.61
40,39,132.37
40,3,544.96
40,9,40.22
40,72,194.76000000000005
40,75,520.1500000000001
40,13,273.20000000000005
40,90,32.0
40,14,14.61
40,93,16.0
40,17,60.83
40,46,485.3200000000001
40,73,112.92999999999999
40,102,89.44
40,111,9.0
40,56,24.61
40,103,74.83
40,142,12.479999999999986
40,133,3.2000000000000006
40,107,18.96999999999999
40,144,17.099999999999994
40,114,7.619999999999994
40,29,32.28
40,30,13.899999999999995
40,126,18.58
40,140,6.159999999999997
35,109,0.61
38,81,8.61
38,21,5.0
38,110,2.0
38,64,5.0
38,63,0.61
38,123,0.28
38,122,0.38
38,67,5.0
38,99,2.0
38,80,2.0
41,32,43.22
41,33,276.66
41,35,1146.8699999999997
41,34,448.7600000000001
41,36,295.42000000000013
41,38,1706.2299999999977
41,39,431.3300000000004
41,2,122.66
41,42,1541.6599999999985
41,43,771.4000000000004
41,44,2120.4499999999994
41,45,539.0200000000008
41,3,1481.3499999999997
41,4,135.22
41,5,181.27000000000004
41,46,934.9900000000007
41,6,223.10000000000002
41,48,399.4200000000002
41,47,694.0300000000002
41,7,144.05
41,49,122.05
41,51,33.22
41,8,78.1
41,9,68.61
41,53,189.05000000000004
41,52,542.9300000000002
41,58,33.61
41,54,64.61
41,57,62.22
41,11,28.61
41,40,2975.9999999999977
41,12,982.5700000000003
41,69,1223.3400000000001
41,70,701.1300000000005
41,71,463.2500000000003
41,73,39.83
41,72,156.82999999999998
41,75,386.54000000000013
41,13,207.88000000000002
41,76,48.44
41,79,26.22
41,78,40.0
41,77,39.22
41,89,235.93000000000006
41,91,244.05
41,15,27.439999999999998
41,16,42.22
41,95,392.1100000000004
41,96,72.66
41,17,147.82999999999998
41,97,145.32
41,50,67.61
41,18,87.88
41,19,69.66
41,98,217.5400000000001
41,101,41.83
41,37,175.88000000000005
41,104,22.22
41,111,6.0
41,22,219.29000000000008
41,117,7.61
41,86,13.0
41,94,14.61
41,132,39.20000000000001
41,90,34.61
41,103,73.83
41,138,45.00000000000006
41,142,45.52000000000004
41,143,33.560000000000024
41,27,95.65
41,130,9.309999999999999
41,137,21.300000000000015
41,105,23.490000000000006
41,28,68.97
41,106,18.139999999999997
41,107,31.27000000000001
41,144,27.44
41,146,6.4999999999999964
41,147,3.540000000000002
41,114,16.859999999999985
41,29,69.46999999999998
41,116,20.259999999999998
41,30,42.20000000000001
41,126,56.520000000000074
41,124,11.76
41,140,21.560000000000006
41,141,1.2800000000000002
41,1,11.61
41,56,19.61
41,93,30.439999999999998
41,92,28.61
41,20,14.0
41,151,40.67000000000009
41,59,53.83
41,87,14.0
41,67,16.0
41,129,5.0
41,131,12.959999999999992
41,121,5.92
41,31,23.22
41,55,42.61
41,62,39.0
41,88,18.049999999999997
41,102,44.0
41,110,6.0
41,133,3.9400000000000013
41,134,13.359999999999989
41,150,14.599999999999998
41,149,0.8799999999999999
41,113,7.419999999999999
41,115,2.400000000000001
41,119,3.6600000000000015
41,122,6.159999999999997
41,136,11.159999999999984
41,68,4.84
41,125,5.740000000000001
41,139,8.759999999999994
41,61,20.61
41,74,11.61
41,81,39.61
41,99,11.0
41,135,9.0
41,100,28.0
41,123,2.8800000000000003
41,10,38.44
41,60,25.61
41,128,8.0
42,32,14.219999999999999
42,35,199.71000000000004
42,34,92.61
42,1,2.0
42,38,322.40000000000015
42,39,646.7100000000003
42,41,2245.839999999997
42,43,798.6500000000004
42,44,471.3000000000003
42,3,158.49
42,45,238.2300000000002
42,46,630.2100000000005
42,6,43.0
42,7,26.0
42,47,179.93000000000004
42,49,58.44
42,8,35.61
42,48,73.83
42,53,44.22
42,10,18.83
42,52,151.26999999999998
42,54,13.219999999999999
42,50,26.0
42,11,13.0
42,62,21.0
42,61,9.0
42,66,1.0
42,40,336.28000000000037
42,12,89.44
42,69,233.0300000000001
42,71,96.05
42,72,22.22
42,75,66.22
42,13,56.44
42,77,13.61
42,92,9.61
42,91,201.81000000000006
42,15,41.22
42,95,479.0500000000003
42,17,157.82999999999998
42,97,87.71
42,59,24.439999999999998
42,70,132.26999999999998
42,73,12.0
42,20,4.0
42,37,51.0
42,102,15.61
42,83,5.0
42,22,54.85999999999999
42,57,11.219999999999999
42,128,10.61
42,133,2.4000000000000004
42,96,48.61
42,90,34.0
42,26,2.0
42,142,5.279999999999999
42,27,9.6
42,132,3.8000000000000007
42,138,5.539999999999999
42,28,3.9000000000000004
42,29,4.470000000000001
42,33,53.269999999999996
42,89,189.71000000000004
42,36,68.66
42,5,48.61
42,9,10.0
42,51,11.0
42,58,8.61
42,76,11.61
42,88,20.61
42,16,25.22
42,98,60.83
42,110,5.609999999999999
42,118,7.61
42,23,2.0
42,103,10.0
42,93,27.0
42,87,5.609999999999999
42,143,2.880000000000001
42,151,6.34
42,106,1.6
42,113,1.2000000000000002
42,116,1.2
42,122,0.1
42,126,6.6199999999999966
42,140,3.7800000000000002
43,35,308.1000000000001
43,38,288.7100000000001
43,41,1247.8199999999997
43,42,799.3400000000006
43,46,4611.740000000001
43,45,426.67000000000047
43,3,103.05
43,44,453.4200000000002
43,7,77.44
43,49,232.49000000000007
43,51,57.22
43,47,674.2000000000003
43,48,279.49
43,53,148.1
43,52,403.4200000000002
43,55,27.44
43,58,58.22
43,40,254.7100000000001
43,12,80.61
43,69,276.5400000000001
43,71,157.05
43,72,40.61
43,75,148.66000000000003
43,81,15.61
43,89,1457.5099999999982
43,92,149.93
43,91,3387.2900000000004
43,95,1958.8399999999942
43,39,555.9400000000005
43,17,792.2500000000001
43,50,115.88
43,36,87.44
43,70,186.82999999999998
43,100,12.0
43,37,64.22
43,22,118.28000000000002
43,56,30.0
43,90,161.32000000000005
43,142,31.980000000000008
43,143,30.140000000000004
43,27,84.62
43,130,11.799999999999999
43,132,37.599999999999994
43,133,5.2700000000000005
43,134,2.5400000000000005
43,137,6.4
43,138,8.899999999999999
43,151,6.129999999999999
43,105,3.9600000000000026
43,28,14.920000000000002
43,106,3.660000000000001
43,107,7.52
43,150,2.46
43,149,0.30000000000000004
43,145,0.2
43,144,8.8
43,146,1.7600000000000002
43,114,5.409999999999999
43,29,28.660000000000004
43,113,3.580000000000002
43,115,2.8000000000000007
43,116,8.399999999999999
43,119,1.4700000000000002
43,121,7.649999999999999
43,30,21.82
43,136,7.499999999999994
43,68,4.539999999999999
43,126,35.81000000000003
43,124,9.379999999999999
43,125,7.279999999999999
43,139,10.839999999999995
43,140,40.33000000000004
43,141,0.8799999999999999
42,4,26.22
42,14,20.61
42,94,4.0
42,18,14.61
42,130,0.4
42,131,13.58
42,105,0.6799999999999999
42,107,1.9600000000000006
42,150,2.6
42,144,1.54
42,146,0.2
42,114,0.8799999999999999
42,121,6.299999999999999
42,30,3.0200000000000005
42,136,1.0999999999999999
42,68,0.4
42,124,0.7999999999999999
42,139,0.4
42,125,1.4
42,31,6.0
42,2,20.0
42,55,10.0
42,60,13.0
42,117,1.0
42,119,0.2
41,14,3.61
41,108,12.0
41,118,5.0
41,127,2.0
41,21,9.0
42,19,15.61
42,108,2.0
42,137,5.2
42,56,13.0
42,67,8.0
42,84,2.0
42,135,2.0
42,74,2.0
42,115,0.38
42,123,0.1
42,134,0.2
42,100,4.0
42,86,4.0
41,84,4.0
41,24,1.0
41,83,5.0
41,80,9.0
41,145,0.30000000000000004
41,112,4.0
41,63,2.0
41,66,2.0
44,35,402.88000000000005
44,38,307.76
44,41,3302.600000000002
44,42,422.1600000000004
44,46,985.1400000000007
44,45,1903.4599999999973
44,3,497.5400000000001
44,4,1032.8100000000002
44,5,1088.3
44,6,1370.7899999999997
44,47,2198.459999999998
44,7,416.27000000000004
44,49,240.54000000000002
44,52,1495.1099999999994
44,48,2216.369999999997
44,53,573.6400000000002
44,54,166.71000000000004
44,50,67.61
44,59,121.61
44,58,119.27
44,11,88.0
44,40,892.9200000000008
44,12,192.44
44,69,3296.7499999999995
44,71,590.1300000000002
44,72,232.81000000000012
44,75,1335.9199999999994
44,13,785.6200000000001
44,95,89.32
44,39,90.66
44,43,393.3700000000001
44,70,531.8100000000002
44,74,28.83
44,98,182.44
44,104,26.61
44,22,383.88
44,57,128.44
44,94,18.61
44,138,17.760000000000005
44,142,19.34000000000001
44,143,14.17999999999999
44,27,42.0
44,130,6.139999999999998
44,132,16.159999999999997
44,133,3.760000000000001
44,151,20.770000000000007
44,28,31.619999999999997
44,106,14.189999999999984
44,107,18.119999999999983
44,150,7.210000000000005
44,144,15.719999999999997
44,114,10.999999999999991
44,29,52.78000000000001
44,113,13.219999999999995
44,30,27.860000000000007
44,126,35.80000000000006
44,139,4.84
44,140,12.39999999999999
44,141,0.30000000000000004
45,35,106.05
45,41,853.2300000000004
45,38,92.05
45,43,441.7600000000001
45,42,258.64000000000016
45,44,2121.0099999999993
45,3,122.27
45,47,1216.2600000000004
45,8,170.26999999999998
45,52,506.20000000000016
45,40,166.32000000000002
45,69,390.3500000000003
45,71,98.83
45,75,199.76000000000002
45,13,158.27000000000004
45,93,19.61
45,91,144.88
45,15,13.219999999999999
45,46,1439.5499999999988
45,37,39.83
45,22,119.00999999999999
42,21,2.0
42,104,6.0
42,101,7.0
42,64,4.0
46,33,62.22
46,35,197.44
46,34,109.22
46,1,2.61
46,38,174.66
46,41,1301.9599999999994
46,42,641.9700000000005
46,43,4441.530000000002
46,45,1271.4699999999996
46,44,1004.7200000000006
46,3,173.88
46,4,92.61
46,5,111.44
46,6,117.22
46,48,560.3700000000001
46,47,1794.109999999999
46,7,219.05
46,49,1259.8999999999992
46,52,1054.1800000000003
46,53,273.5400000000001
46,54,131.44
46,55,57.0
46,51,195.2000000000001
46,59,284.4900000000001
46,58,196.93000000000006
46,40,216.93000000000012
46,12,72.0
46,69,380.8100000000001
46,71,214.66000000000003
46,72,85.83
46,75,301.49000000000007
46,13,160.27
46,79,23.22
46,81,28.0
46,89,710.4200000000003
46,88,96.44
46,91,1538.3199999999988
46,15,234.64000000000007
46,16,103.05
46,39,132.10000000000002
46,95,298.7600000000001
46,17,385.05
46,97,3148.41
46,50,603.1600000000005
46,36,75.61
46,37,83.61
46,70,259.05
46,98,78.22
46,73,30.61
46,102,38.22
46,101,12.0
46,22,226.00000000000006
46,57,111.83
46,117,12.0
46,56,50.44
46,118,21.22
46,23,4.609999999999999
46,122,11.069999999999997
46,94,109.83
46,90,96.61
46,121,17.779999999999994
46,103,27.0
46,92,135.44
46,142,37.20000000000004
46,143,23.02000000000003
46,27,71.49
46,130,7.0299999999999985
46,132,27.49000000000001
46,138,11.039999999999994
46,151,12.089999999999993
46,105,9.259999999999998
46,28,17.05
46,106,5.650000000000001
46,107,7.839999999999994
46,144,13.899999999999993
46,29,40.44000000000002
46,113,5.799999999999997
46,116,13.59999999999999
46,30,33.75000000000001
46,126,54.76000000000011
46,125,15.099999999999998
46,140,34.57000000000004
45,33,20.61
45,34,71.0
45,39,49.44
45,36,38.83
45,4,174.65999999999997
45,5,203.92999999999998
45,6,221.26999999999998
45,48,519.0300000000002
45,7,182.49
45,49,205.0300000000001
45,53,167.05
45,10,54.66
45,54,54.83
45,51,35.05
45,64,3.61
45,61,26.0
45,12,51.0
45,72,48.22
45,76,31.22
45,78,31.61
45,77,14.219999999999999
45,89,119.83
45,88,10.0
45,95,51.44
45,17,56.0
45,97,133.14999999999998
45,70,118.83
45,98,46.83
45,101,13.0
45,57,58.44
45,86,19.0
45,128,7.61
45,96,11.0
45,90,22.83
45,138,5.339999999999999
45,103,14.0
45,142,11.359999999999994
45,27,9.819999999999999
45,151,3.8400000000000007
45,114,2.040000000000001
45,2,8.61
45,9,22.61
45,62,37.44
45,94,18.61
45,16,10.61
45,50,57.83
45,18,15.0
45,102,28.61
45,118,13.61
45,67,5.61
45,132,3.7
45,29,8.000000000000002
45,126,11.019999999999992
45,11,22.0
45,14,7.61
45,92,11.44
45,113,4.489999999999998
45,143,7.12
45,28,3.1100000000000008
45,30,4.180000000000001
45,1,4.0
45,58,49.61
45,136,3.0000000000000004
45,124,3.0800000000000005
44,33,103.61
44,34,225.27000000000004
44,8,218.5900000000001
44,9,141.61
44,10,94.66
44,51,71.05
44,76,141.14999999999998
44,78,54.44
44,89,110.83
44,14,15.0
44,91,169.44
44,18,60.0
44,19,23.61
44,36,122.66
44,101,38.61
44,37,150.82999999999998
44,56,44.83
44,64,22.0
44,67,17.61
44,131,10.399999999999999
44,137,4.559999999999999
44,105,7.949999999999992
44,123,0.8999999999999999
44,121,7.039999999999998
44,136,7.819999999999994
44,1,8.0
44,55,102.44
44,62,102.44
44,60,37.61
44,92,27.61
44,96,10.22
44,17,49.22
44,97,126.05
44,100,19.22
44,73,47.0
44,102,47.0
44,21,4.0
44,83,10.61
44,108,16.61
44,111,9.61
44,118,16.61
44,122,7.559999999999998
44,90,22.0
44,24,2.0
44,103,31.0
44,134,4.040000000000002
44,146,3.560000000000002
44,147,1.6600000000000004
44,116,13.839999999999993
44,119,2.4800000000000004
44,68,4.58
44,124,7.0
44,81,26.0
44,88,21.0
44,145,0.2
44,125,7.26
44,77,87.66
3,32,4.0
3,31,2.0
3,33,16.0
3,35,41.83
3,34,14.0
3,36,12.0
3,38,43.22
3,2,6.0
3,40,211.66000000000005
3,41,855.1300000000002
3,42,73.44
3,43,28.22
3,44,172.49
3,45,28.439999999999998
3,4,8.0
3,5,14.61
3,46,34.83
3,6,11.0
3,47,18.61
3,7,6.0
3,51,6.0
3,52,12.0
3,8,2.0
3,48,22.61
3,53,12.61
3,10,2.0
3,55,1.0
3,54,2.0
3,59,4.0
3,58,2.61
3,62,2.0
3,61,8.0
3,12,64.61
3,69,139.88
3,70,40.0
3,71,26.83
3,72,9.61
3,75,12.0
3,13,5.0
3,76,4.0
3,77,4.0
3,74,2.0
3,81,4.0
3,78,0.61
3,89,4.0
3,88,3.0
3,92,3.61
3,93,4.609999999999999
3,91,13.0
3,95,13.0
3,39,19.0
3,17,10.0
3,97,6.609999999999999
3,50,1.0
3,49,2.0
3,18,6.0
3,19,5.61
3,98,8.61
3,73,7.0
3,100,3.61
3,101,4.0
3,37,18.0
3,102,4.0
3,107,5.64
3,111,2.0
3,112,2.0
3,22,2.18
3,57,1.0
3,63,2.0
3,67,2.0
3,103,2.0
3,87,2.0
3,142,6.26
3,108,2.0
3,151,5.309999999999999
3,143,4.14
3,27,10.63
3,130,0.78
3,131,0.4
3,132,4.52
3,133,0.58
3,134,0.78
3,137,0.4
3,138,3.02
3,105,2.38
3,28,7.37
3,106,2.12
3,150,1.4000000000000001
3,149,0.1
3,145,0.1
3,144,3.24
3,146,0.88
3,147,0.3
3,114,2.08
3,29,7.53
3,113,0.8999999999999999
3,115,0.30000000000000004
3,116,1.7999999999999998
3,119,0.4
3,123,0.1
3,122,0.2
3,121,0.78
3,30,4.77
3,136,1.28
3,68,0.6799999999999999
3,126,6.579999999999999
3,124,1.38
3,125,0.68
3,139,0.5
3,140,1.8
3,141,0.1
41,65,5.0
44,2,16.61
44,109,2.0
44,79,53.83
44,15,19.22
44,16,18.0
44,99,11.0
44,117,9.0
44,31,8.0
44,61,17.61
44,80,5.220000000000001
44,149,0.5
44,115,1.9000000000000006
4,35,20.0
4,33,2.0
4,34,4.0
4,38,11.0
4,36,1.0
4,41,106.83
4,42,10.0
4,43,4.609999999999999
4,44,579.54
4,45,81.05
4,3,13.0
4,5,120.44
4,46,37.61
4,47,72.83
4,6,126.05
4,48,73.61
4,7,10.0
4,49,9.0
4,52,40.61
4,8,2.0
4,9,10.0
4,53,18.22
4,10,2.0
4,54,5.22
4,57,9.61
4,55,2.0
4,51,2.0
4,59,8.0
4,58,2.0
4,62,2.0
4,40,40.44
4,12,6.0
4,69,115.05
4,70,26.0
4,71,20.22
4,72,7.219999999999999
4,75,25.61
4,13,9.61
4,76,2.0
4,77,4.0
4,79,6.0
4,78,4.0
4,85,0.61
4,89,4.0
4,87,2.61
4,92,2.0
4,91,8.0
4,15,1.0
4,95,6.0
4,39,2.0
4,17,5.0
4,97,3.0
4,18,4.0
4,99,2.0
4,101,4.0
4,102,1.0
4,37,3.0
4,98,2.0
4,100,2.0
4,111,1.0
4,22,12.6
4,126,5.879999999999999
4,50,2.0
4,67,2.0
4,138,3.7600000000000002
4,103,6.0
4,151,4.12
4,142,2.56
4,143,2.2600000000000002
4,27,6.39
4,130,0.3
4,131,0.2
4,132,2.34
4,133,0.30000000000000004
4,134,0.30000000000000004
4,137,0.30000000000000004
4,105,1.35
4,28,4.65
4,106,1.08
4,107,2.15
4,150,0.99
4,145,0.1
4,144,2.24
4,146,0.4
4,147,0.48
4,114,1.7799999999999998
4,29,7.91
4,113,0.7999999999999999
4,115,0.48
4,116,1.7000000000000002
4,119,0.58
4,123,0.1
4,122,0.2
4,121,0.78
4,30,4.07
4,136,1.08
4,68,0.30000000000000004
4,124,0.8
4,125,0.4
4,139,0.58
4,140,1.1800000000000002
4,141,0.1
44,93,8.0
44,32,12.61
44,87,13.61
44,65,4.609999999999999
44,128,5.0
5,31,2.0
5,35,21.22
5,34,19.61
5,36,11.0
5,39,13.0
5,38,14.61
5,41,120.66
5,42,8.61
5,43,31.61
5,44,634.2500000000001
5,46,56.05
5,45,148.93
5,3,18.0
5,4,144.05
5,47,99.22
5,6,88.83
5,48,134.22
5,7,23.0
5,49,11.0
5,8,4.0
5,53,22.0
5,10,4.0
5,52,40.22
5,55,5.0
5,51,4.0
5,59,8.0
5,50,2.0
5,58,2.0
5,54,4.0
5,57,8.0
5,11,6.0
5,62,6.0
5,61,0.61
5,60,6.0
5,40,17.439999999999998
5,12,8.61
5,69,111.27
5,70,29.0
5,71,17.61
5,72,13.0
5,75,35.83
5,13,8.0
5,76,6.0
5,77,6.0
5,79,4.0
5,78,6.0
5,89,2.0
5,92,8.0
5,91,9.61
5,15,2.0
5,16,2.0
5,95,3.0
5,97,8.0
5,93,0.61
5,18,2.0
5,98,11.219999999999999
5,73,6.0
5,37,10.0
5,102,2.61
5,103,4.0
5,104,2.0
5,108,2.0
5,84,0.61
5,22,14.31
5,86,2.0
5,110,2.0
5,67,2.0
5,128,1.0
5,96,2.0
5,90,2.0
5,146,2.5800000000000005
5,142,2.16
5,143,1.96
5,27,5.33
5,130,0.3
5,131,0.1
5,132,1.86
5,133,0.2
5,134,0.30000000000000004
5,137,0.2
5,138,1.1600000000000001
5,151,1.46
5,105,1.45
5,28,3.69
5,106,0.62
5,107,1.67
5,150,0.71
5,144,1.76
5,147,0.2
5,114,1.76
5,29,6.43
5,113,1.06
5,115,0.28
5,116,1.28
5,119,0.3
5,123,0.1
5,122,0.2
5,121,0.58
5,30,3.12
5,136,1.3600000000000003
5,68,0.48000000000000004
5,126,3.62
5,124,0.88
5,125,0.3
5,139,0.4
5,140,0.8
44,20,4.0
44,86,27.61
44,110,14.0
44,63,16.0
44,120,2.0
45,59,50.0
45,83,6.0
45,63,3.0
45,135,4.0
45,106,2.89
45,150,0.65
45,144,4.96
45,116,4.27
45,79,8.61
45,21,2.0
45,56,23.61
45,148,2.0
45,121,0.30000000000000004
45,60,21.61
45,73,18.22
45,85,7.0
45,23,3.61
45,130,0.6799999999999999
45,122,0.1
45,55,21.439999999999998
45,137,4.18
45,107,4.24
45,141,0.2
45,108,6.0
45,112,1.0
45,131,2.3000000000000003
45,133,0.5
45,105,0.7
45,146,0.7
45,123,0.28
45,68,0.6
45,125,0.58
45,139,0.58
45,140,1.6400000000000001
45,19,12.0
45,115,0.30000000000000004
46,2,16.61
46,8,288.49
46,9,66.61
46,10,92.44
46,77,61.61
46,14,73.44
46,62,135.82999999999998
46,86,38.0
46,60,148.88
46,76,58.0
46,78,34.61
46,93,199.71000000000004
46,136,11.539999999999981
46,133,2.3400000000000007
46,134,4.0600000000000005
46,137,2.3600000000000008
46,150,3.160000000000001
46,147,1.08
46,114,7.699999999999996
46,119,1.7600000000000005
46,123,0.78
46,68,6.1000000000000005
46,124,15.519999999999994
46,139,8.539999999999996
46,67,67.83
46,85,10.61
46,111,15.219999999999999
46,131,23.78
46,96,42.83
46,87,42.0
46,146,3.680000000000001
46,11,47.0
46,65,13.0
46,66,9.219999999999999
46,63,23.0
46,74,10.0
46,100,12.0
46,83,9.0
46,61,55.83
46,64,34.0
46,19,22.0
46,21,6.609999999999999
46,129,8.0
45,81,12.61
45,87,5.0
45,110,6.61
45,104,3.0
45,134,0.30000000000000004
45,31,1.0
45,111,2.0
45,117,4.0
45,147,0.2
45,119,0.2
45,100,4.0
47,36,83.61
47,38,178.05
47,35,225.83000000000004
47,2,5.22
47,41,1138.4700000000003
47,4,209.22000000000003
47,44,1964.9699999999973
47,5,228.93000000000006
47,45,1077.5600000000006
47,46,1659.8999999999983
47,6,254.05
47,48,3857.690000000001
47,7,936.3000000000002
47,49,1084.3100000000004
47,52,4912.519999999998
47,8,1119.45
47,9,741.3700000000001
47,53,1568.7999999999977
47,55,199.1500000000001
47,54,464.5700000000003
47,58,287.1500000000001
47,62,230.88000000000005
47,59,184.49000000000007
47,40,249.3200000000001
47,69,841.5200000000003
47,70,300.3200000000001
47,71,444.1500000000001
47,72,185.10000000000002
47,75,767.2300000000005
47,13,481.3700000000002
47,14,11.0
47,93,34.44
47,15,44.61
47,95,59.22
47,43,541.7600000000002
47,97,228.93000000000006
47,50,220.54000000000008
47,98,137.05
47,73,32.61
47,21,8.0
47,104,26.61
47,22,498.37000000000006
47,56,118.83
47,90,21.22
47,142,24.339999999999996
47,143,19.21999999999999
47,27,47.27000000000001
47,28,26.290000000000003
47,107,16.59999999999999
47,29,81.94
47,116,22.929999999999986
47,30,44.41000000000001
47,140,13.059999999999983
45,74,4.0
45,80,2.0
45,129,2.0
45,149,0.1
45,109,2.0
45,127,4.0
45,32,2.0
45,99,2.0
44,112,4.609999999999999
44,127,3.0
44,148,4.0
44,85,6.0
6,32,2.0
6,35,9.0
6,34,4.0
6,37,8.0
6,36,5.0
6,38,8.0
6,41,98.22
6,42,14.61
6,44,604.8100000000001
6,46,43.61
6,45,116.05
6,3,9.61
6,4,95.61
6,5,64.61
6,47,86.83
6,48,100.44
6,7,14.0
6,49,23.0
6,50,4.0
6,51,4.0
6,8,8.61
6,9,5.0
6,53,16.22
6,10,4.0
6,52,23.61
6,54,5.0
6,55,6.0
6,56,4.0
6,58,2.0
6,59,4.0
6,11,2.0
6,61,0.61
6,40,38.0
6,12,2.0
6,69,194.71000000000004
6,70,13.0
6,71,21.22
6,72,10.0
6,75,48.22
6,13,19.22
6,76,15.219999999999999
6,77,4.0
6,79,4.0
6,81,4.0
6,78,2.0
6,89,3.0
6,95,0.61
6,39,2.0
6,43,12.0
6,97,4.0
6,18,1.0
6,98,4.609999999999999
6,73,2.0
6,102,0.61
6,104,2.0
6,115,2.48
6,22,1.79
6,117,0.61
6,63,2.0
6,67,2.0
6,134,1.09
6,87,2.0
6,142,2.36
6,143,2.16
6,27,6.09
6,130,0.3
6,131,0.2
6,132,2.14
6,133,0.2
6,137,0.30000000000000004
6,138,1.26
6,151,1.4600000000000002
6,105,1.6999999999999997
6,28,4.17
6,106,0.7
6,107,1.95
6,150,0.7999999999999999
6,149,0.1
6,145,0.1
6,144,1.74
6,146,0.4
6,147,0.3
6,114,1.94
6,29,7.31
6,113,0.7
6,116,1.68
6,119,0.4
6,123,0.1
6,122,0.2
6,121,0.5
6,30,3.6
6,136,1.1800000000000002
6,68,0.30000000000000004
6,126,4.22
6,124,0.8
6,125,0.3
6,139,0.4
6,140,1.1600000000000001
6,141,0.1
44,135,6.0
44,84,2.0
48,33,52.22
48,35,258.0
48,34,157.61
48,2,22.0
48,38,191.44
48,41,1378.8599999999994
48,42,76.27
48,46,764.7400000000004
48,44,2884.680000000001
48,3,233.82999999999998
48,4,307.6600000000001
48,5,258.88000000000005
48,45,594.9600000000003
48,47,6182.429999999985
48,6,350.27000000000004
48,7,432.93000000000006
48,49,335.54000000000013
48,51,147.93
48,52,4464.100000000002
48,8,722.0300000000002
48,9,609.71
48,53,2416.53
48,10,356.1500000000001
48,54,360.4200000000002
48,55,228.59000000000015
48,58,258.05
48,57,257.49
48,62,207.83
48,61,71.44
48,59,164.83
48,60,67.61
48,12,113.22
48,40,335.32000000000005
48,69,1435.6299999999985
48,70,443.49000000000007
48,71,563.9300000000002
48,72,292.1500000000001
48,75,2552.15
48,13,1968.0499999999993
48,76,465.18000000000035
48,79,138.49
48,81,62.44
48,77,210.10000000000008
48,78,107.44
48,91,138.83
48,15,22.61
48,43,376.7100000000001
48,17,54.0
48,18,26.0
48,19,37.61
48,98,214.66000000000003
48,101,34.83
48,102,45.61
48,22,570.2399999999999
48,118,63.22
48,124,9.139999999999997
48,144,25.680000000000028
48,142,11.779999999999989
48,143,7.339999999999994
48,27,22.220000000000013
48,151,7.119999999999998
48,105,5.839999999999999
48,28,14.199999999999994
48,107,8.370000000000005
48,150,5.229999999999999
48,29,39.80000000000004
48,116,14.259999999999986
48,30,21.000000000000004
48,126,31.18000000000006
48,140,8.72
48,32,5.0
48,11,162.44
48,97,109.83
48,73,25.61
48,56,132.22
48,117,33.61
48,139,4.060000000000001
48,132,7.619999999999995
48,114,11.45999999999999
48,113,6.580000000000001
44,66,3.0
44,23,6.0
48,37,113.0
48,93,24.0
48,16,14.0
48,89,149.22
48,39,28.0
48,95,32.61
48,50,84.27
48,86,83.83
48,67,20.22
48,134,4.979999999999997
48,137,6.3999999999999995
48,133,0.98
48,138,7.979999999999997
48,106,5.000000000000001
48,119,1.6000000000000003
48,136,10.639999999999993
48,68,4.34
48,14,14.0
48,111,26.61
48,90,16.0
48,125,1.8800000000000003
48,36,65.22
48,103,23.61
48,130,1.7600000000000002
48,131,6.779999999999999
48,149,2.27
48,146,2.640000000000001
48,147,3.18
48,122,6.800000000000001
48,121,14.029999999999996
47,33,72.05
47,34,139.22
47,37,93.22
47,42,117.05
47,3,200.83000000000004
47,51,290.47000000000014
47,10,314.2000000000001
47,57,301.05000000000007
47,11,106.05
47,61,98.88
47,64,28.0
47,12,96.22
47,74,18.61
47,76,182.81
47,77,146.05
47,79,82.05
47,78,90.27
47,81,53.22
47,85,20.22
47,89,173.66000000000003
47,91,203.44000000000003
47,16,9.0
47,39,46.83
47,17,44.61
47,19,17.61
47,101,21.61
47,102,32.0
47,117,24.83
47,118,37.22
47,86,62.22
47,128,20.0
47,132,21.33999999999999
47,103,12.22
47,141,4.68
47,125,5.520000000000001
47,134,4.080000000000001
47,138,13.93999999999999
47,151,16.64999999999999
47,105,10.569999999999991
47,150,7.56
47,144,33.74000000000001
47,114,17.039999999999992
47,113,11.799999999999995
47,115,4.9399999999999995
47,119,4.48
47,121,16.36999999999999
47,136,18.060000000000002
47,126,55.70000000000008
47,124,11.459999999999996
47,139,6.419999999999998
47,88,30.61
47,111,24.61
47,92,17.0
47,63,29.61
47,60,96.22
47,112,13.61
47,67,35.0
47,131,8.369999999999996
47,130,3.1400000000000006
47,106,17.819999999999993
47,68,4.340000000000002
7,34,2.0
7,35,6.0
7,41,39.61
7,38,2.0
7,43,26.0
7,44,193.49
7,42,4.0
7,46,75.44
7,45,81.05
7,3,9.0
7,4,14.0
7,5,8.0
7,6,14.0
7,48,196.05000000000004
7,47,420.7100000000001
7,49,27.439999999999998
7,50,11.61
7,51,4.22
7,52,91.61
7,8,36.22
7,9,23.61
7,53,32.0
7,10,4.0
7,55,2.0
7,54,20.61
7,56,10.0
7,57,12.0
7,59,5.0
7,61,4.0
7,58,2.0
7,11,10.61
7,62,8.0
7,64,2.0
7,60,2.0
7,66,2.0
7,67,7.0
7,40,16.0
7,12,2.0
7,69,53.83
7,71,9.0
7,72,6.0
7,75,22.61
7,13,12.61
7,76,13.0
7,77,8.0
7,79,5.0
7,81,6.0
7,84,2.0
7,87,2.0
7,89,10.0
7,93,2.61
7,94,4.0
7,91,8.0
7,39,4.0
7,95,7.609999999999999
7,17,2.0
7,97,20.61
7,19,2.0
7,70,11.0
7,98,10.219999999999999
7,73,2.0
7,99,2.0
7,100,1.0
7,37,2.0
7,21,2.0
7,102,2.0
7,104,2.0
7,101,2.0
7,110,2.61
7,111,2.0
7,116,3.18
7,22,7.15
7,117,4.0
7,118,4.0
7,86,2.0
7,129,2.0
7,134,2.1
7,131,2.1
7,90,2.0
7,121,1.58
7,138,2.58
7,142,1.76
7,143,1.28
7,27,3.97
7,130,0.2
7,132,1.56
7,133,0.30000000000000004
7,137,0.2
7,151,1.1500000000000001
7,105,0.75
7,28,2.04
7,106,0.42
7,107,1.1
7,150,0.42
7,144,1.4600000000000002
7,146,0.30000000000000004
7,147,0.2
7,114,1.46
7,29,5.95
7,113,0.5
7,115,0.2
7,119,0.3
7,123,0.1
7,122,0.2
7,30,3.12
7,136,0.68
7,68,0.2
7,126,3.32
7,124,0.68
7,125,0.3
7,139,0.3
7,140,0.7000000000000001
47,83,10.0
47,108,15.0
47,146,4.74
47,147,2.3600000000000003
47,96,12.61
47,20,5.0
47,100,10.61
47,94,45.0
47,133,1.7600000000000002
47,23,10.0
47,87,8.61
47,149,2.3000000000000003
47,145,2.3000000000000003
47,122,11.139999999999997
47,80,11.0
47,123,0.8999999999999999
47,66,3.61
47,137,1.7100000000000006
47,18,12.0
47,110,20.61
49,46,1501.5799999999986
49,45,322.8100000000002
49,44,521.7600000000001
49,47,2080.749999999997
49,53,322.76000000000016
49,52,1405.1399999999983
49,10,124.27
49,40,100.22
49,74,8.0
49,75,238.66000000000005
49,48,573.8100000000003
49,95,50.22
49,89,94.0
49,97,411.6400000000002
49,98,48.61
49,22,206.92000000000007
49,67,50.05
49,142,11.519999999999992
49,27,11.059999999999997
49,130,0.8999999999999999
49,132,4.440000000000001
49,137,0.28
49,138,1.1600000000000001
49,151,1.4600000000000002
49,28,3.5600000000000014
49,150,1.1
49,144,3.0800000000000014
49,146,1.1800000000000002
49,147,0.5
49,114,3.5000000000000013
49,29,12.799999999999994
49,113,3.4800000000000013
49,115,0.6799999999999999
49,116,5.419999999999999
49,121,8.14
49,30,10.859999999999998
49,136,4.000000000000001
49,126,25.520000000000017
49,124,6.479999999999999
49,139,4.96
49,140,11.759999999999991
49,33,14.61
49,34,41.0
49,36,23.0
49,38,49.61
49,41,385.3200000000001
49,3,43.61
49,4,69.61
49,5,71.22
49,6,74.22
49,7,120.27
49,51,577.9700000000008
49,8,254.76000000000005
49,9,61.61
49,58,296.79000000000036
49,57,135.82999999999998
49,11,84.44
49,60,148.27000000000004
49,12,43.0
49,69,241.66000000000003
49,71,129.22
49,76,59.61
49,88,15.0
49,91,193.98000000000008
49,43,370.10000000000014
49,17,49.22
49,59,375.59000000000015
49,18,7.61
49,70,107.05
49,62,155.66000000000003
49,128,61.83
49,94,81.22
49,87,4.0
49,143,5.140000000000001
49,105,3.180000000000001
49,106,2.81
49,122,0.78
49,68,4.640000000000001
46,110,27.61
46,128,42.61
49,35,64.61
49,42,63.879999999999995
49,50,576.2800000000004
49,55,51.83
49,54,164.54000000000002
49,61,51.0
49,72,45.61
49,13,130.32
49,77,54.05
49,79,25.83
49,81,24.22
49,78,25.61
49,56,49.22
49,92,24.22
49,15,20.61
49,39,19.61
49,93,87.27
49,101,4.61
49,20,6.0
49,37,24.0
49,102,17.61
49,112,7.0
49,63,17.61
49,103,10.0
49,107,1.8600000000000008
49,119,0.88
49,2,7.0
49,16,15.61
49,73,11.0
49,86,37.61
49,110,12.0
49,64,20.0
49,32,6.0
49,123,0.48
49,19,10.0
49,100,1.0
49,108,10.0
49,111,4.0
49,118,13.0
49,26,2.0
49,131,0.48000000000000004
49,133,0.6799999999999999
49,134,0.5
49,125,5.5799999999999965
49,90,23.22
49,14,10.0
49,21,4.0
49,104,6.0
49,85,7.0
49,117,14.0
49,31,5.609999999999999
49,80,2.0
49,23,4.0
49,141,0.1
49,96,2.0
49,1,2.0
49,99,0.61
49,83,2.0
49,120,2.0
49,127,6.0
49,145,0.1
50,42,84.66
50,45,111.44
50,47,639.6400000000003
50,49,850.070000000001
50,48,247.49000000000007
50,52,1066.8400000000004
50,51,388.18000000000035
50,59,1126.04
50,58,318.11000000000024
50,60,272.98000000000013
50,71,67.83
50,53,245.32000000000005
50,46,1261.629999999999
50,97,1763.9799999999977
50,22,177.72000000000006
50,96,8.0
50,142,7.679999999999997
50,27,13.259999999999998
50,130,0.96
50,131,7.01
50,132,6.46
50,134,0.5
50,138,2.1200000000000006
50,151,2.500000000000001
50,28,3.080000000000001
50,144,6.619999999999998
50,114,3.900000000000002
50,29,17.659999999999997
50,113,2.1000000000000005
50,115,2.66
50,116,8.52
50,30,15.479999999999999
50,136,8.959999999999997
50,68,6.259999999999998
50,126,79.28999999999998
50,124,25.749999999999996
50,125,12.259999999999996
50,139,14.259999999999994
50,140,41.49000000000003
50,35,76.83
50,41,311.32000000000005
50,44,273.15000000000015
50,8,151.15000000000003
50,9,40.22
50,57,107.83
50,11,59.61
50,69,94.1
50,75,150.66000000000003
50,13,66.83
50,81,24.0
50,89,188.27
50,91,458.6700000000004
50,95,56.22
50,36,30.0
50,63,28.0
50,128,336.94000000000034
50,88,48.22
50,143,5.12
49,66,3.0
51,38,35.83
51,41,187.83
51,3,53.0
51,4,21.0
51,44,215.44000000000003
51,46,416.15000000000015
51,6,26.0
51,47,855.5000000000006
51,49,663.900000000001
51,50,362.96000000000026
51,52,1844.7599999999961
51,8,162.76000000000002
51,48,297.7600000000001
51,9,76.83
51,53,366.52000000000027
51,55,69.66
51,56,36.22
51,54,320.62000000000035
51,58,758.9400000000012
51,59,437.91000000000025
51,11,52.22
51,62,136.15
51,60,175.91000000000014
51,40,42.61
51,69,104.44
51,70,54.61
51,71,94.44
51,72,64.83
51,75,217.44000000000003
51,13,85.83
51,77,56.44
51,79,40.22
51,89,42.83
51,93,32.61
51,91,64.05
51,43,114.61
51,97,137.49
51,83,8.0
51,22,225.17
51,57,118.27
51,118,18.22
51,23,10.0
51,67,49.44
51,128,33.61
51,94,63.83
51,142,3.9800000000000004
51,143,2.14
51,27,3.8600000000000003
51,133,0.1
51,147,0.38
51,136,4.060000000000001
51,68,1.24
51,126,22.94000000000002
51,35,40.0
51,34,20.61
51,5,27.0
51,45,84.14999999999999
51,61,38.22
51,76,98.22
51,95,14.219999999999999
51,19,6.61
51,98,25.0
51,108,5.0
51,132,1.36
51,121,10.9
51,10,107.66
51,64,21.61
51,86,19.61
51,85,11.0
51,63,17.0
51,29,7.220000000000001
51,30,6.239999999999998
51,139,0.8
51,78,28.61
51,14,4.0
51,92,7.609999999999999
51,37,15.61
51,117,7.609999999999999
51,151,0.5
51,114,2.14
51,124,7.389999999999999
51,125,2.9800000000000004
51,141,0.1
51,7,56.61
51,17,11.0
51,116,2.14
51,2,2.0
51,42,30.83
51,65,8.0
51,12,20.61
51,81,13.219999999999999
51,131,4.1
51,96,1.0
51,150,2.4000000000000004
51,28,1.1600000000000001
51,144,3.9200000000000004
51,113,4.030000000000001
51,140,3.6000000000000005
51,39,8.0
51,66,3.61
51,15,14.219999999999999
51,73,4.0
51,111,15.219999999999999
51,123,0.38
51,33,14.61
51,36,8.61
51,74,7.0
51,88,4.0
51,112,4.0
51,130,0.48
51,107,0.5
51,146,0.5
51,119,2.4000000000000004
51,122,5.4
52,38,52.83
52,35,108.05
52,43,196.05
52,44,572.9800000000001
52,4,56.22
52,46,479.6400000000002
52,45,213.5900000000001
52,47,3570.000000000001
52,49,559.3000000000003
52,51,772.2400000000009
52,8,381.7600000000001
52,48,1777.2599999999977
52,53,2841.1500000000033
52,10,596.0300000000002
52,56,183.93000000000006
52,54,1217.689999999999
52,59,251.7100000000001
52,60,204.7600000000001
52,40,102.83
52,69,350.7600000000001
52,13,234.49000000000007
52,76,369.96000000000026
52,79,88.1
52,81,75.49
52,89,60.22
52,91,106.88
52,97,133.26999999999998
52,50,297.6400000000002
52,102,24.0
52,22,395.30999999999983
52,57,355.32000000000005
52,63,60.83
52,94,101.27
52,105,10.229999999999988
52,107,13.609999999999982
52,146,10.779999999999989
52,29,137.01999999999984
52,115,18.499999999999993
52,136,17.739999999999995
52,126,87.74999999999987
52,124,15.239999999999984
52,140,21.720000000000006
51,101,2.0
51,105,0.4
52,41,448.4900000000001
52,42,51.44
52,9,252.83000000000004
52,55,507.0600000000005
52,58,823.8700000000008
52,11,171.22
52,62,346.9300000000001
52,61,109.49
52,70,151.88
52,71,181.27000000000004
52,75,484.5900000000002
52,88,27.0
52,98,56.44
52,37,38.22
52,86,146.71000000000004
52,34,60.61
52,116,44.55000000000009
52,27,53.930000000000064
52,132,20.260000000000012
52,28,28.130000000000017
52,150,6.219999999999996
52,125,14.839999999999987
52,33,30.61
52,6,68.0
52,7,118.05
52,12,30.22
52,72,128.26999999999998
52,77,342.59000000000015
52,78,153.54000000000008
52,85,58.879999999999995
52,39,23.22
52,18,2.0
52,112,11.61
52,110,45.05
52,118,65.05
52,67,66.05
52,127,6.0
52,151,15.109999999999983
52,142,22.520000000000024
52,143,17.079999999999995
52,138,10.799999999999992
52,106,7.9300000000000015
52,144,37.940000000000055
52,114,28.060000000000045
52,121,26.140000000000004
52,30,72.11999999999992
52,68,8.559999999999995
52,139,16.579999999999988
52,93,51.44
52,23,16.0
52,15,15.61
52,17,20.22
52,36,30.61
52,119,8.079999999999998
52,2,7.0
52,3,50.61
52,5,59.22
52,66,15.219999999999999
52,74,35.22
52,131,4.5600000000000005
52,137,0.9999999999999999
52,113,20.240000000000002
52,109,11.22
52,134,1.9800000000000006
52,128,38.83
52,103,4.0
52,87,7.22
52,130,3.160000000000001
52,122,16.539999999999996
52,73,22.439999999999998
52,133,4.080000000000001
52,99,13.0
52,20,4.0
52,111,34.61
52,147,4.1800000000000015
47,99,9.0
47,129,2.0
8,31,3.0
8,33,2.0
8,35,17.0
8,34,5.0
8,36,10.219999999999999
8,38,12.0
8,40,16.22
8,41,43.66
8,42,13.61
8,46,105.1
8,45,87.05
8,44,92.44
8,3,4.0
8,5,5.0
8,47,692.6900000000003
8,6,9.0
8,48,315.8600000000001
8,7,26.22
8,49,141.27
8,51,84.1
8,52,373.5900000000001
8,9,32.61
8,53,129.49
8,10,27.61
8,54,53.099999999999994
8,55,22.22
8,56,11.83
8,57,19.660000000000004
8,58,75.53999999999999
8,59,23.22
8,50,40.05
8,60,13.219999999999999
8,61,7.0
8,11,12.0
8,62,9.219999999999999
8,63,6.61
8,64,4.0
8,65,2.2199999999999998
8,67,9.0
8,12,7.0
8,69,86.66
8,70,20.439999999999998
8,71,24.439999999999998
8,72,13.83
8,74,5.0
8,75,47.66
8,13,19.0
8,76,22.83
8,77,24.439999999999998
8,79,16.61
8,78,11.829999999999998
8,81,8.0
8,80,2.0
8,84,4.609999999999999
8,85,4.0
8,86,16.22
8,89,15.61
8,14,2.0
8,88,9.0
8,93,10.44
8,94,9.0
8,92,5.83
8,91,25.61
8,15,1.0
8,16,2.0
8,95,11.61
8,96,2.0
8,39,4.83
8,43,22.61
8,17,2.61
8,97,57.05
8,98,10.0
8,73,6.609999999999999
8,100,4.0
8,99,2.0
8,101,4.0
8,37,11.61
8,102,7.0
8,21,1.0
8,104,7.0
8,105,1.28
8,108,4.0
8,83,2.0
8,111,2.0
8,112,2.0
8,22,13.99
8,117,2.0
8,118,7.61
8,110,3.22
8,119,2.3
8,121,5.66
8,122,2.1
8,120,2.0
8,123,2.0
8,124,2.5
8,126,6.209999999999999
8,128,4.0
8,90,3.0
8,132,2.16
8,134,2.0
8,135,1.0
8,140,2.5
8,130,2.2
8,142,1.97
8,127,0.61
8,68,1.2000000000000002
8,145,2.0
8,143,0.8
8,27,2.9
8,133,0.1
8,138,0.58
8,151,0.58
8,28,1.46
8,106,0.21000000000000002
8,107,0.87
8,150,0.3
8,149,0.1
8,144,1.26
8,146,0.48
8,147,0.2
8,114,1.08
8,29,5.23
8,113,0.7799999999999999
8,115,0.38
8,116,1.26
8,30,2.9
8,136,0.8999999999999999
8,125,0.3
8,139,0.38
8,141,0.1
47,31,0.61
47,109,6.0
47,127,2.0
47,65,6.0
48,85,13.61
48,63,24.0
48,115,17.179999999999996
48,100,13.0
48,74,33.05
48,87,14.0
48,94,29.22
48,92,14.0
48,99,22.0
48,21,18.0
48,104,23.22
48,23,13.0
48,64,24.439999999999998
48,128,26.61
48,24,8.0
48,141,0.4
48,110,23.0
48,1,10.0
48,123,3.68
48,82,2.0
48,108,11.0
48,88,14.61
48,83,8.0
48,148,4.609999999999999
48,65,9.0
48,127,4.0
48,80,19.22
48,112,8.61
48,96,6.609999999999999
48,145,0.2
47,32,5.0
47,82,2.0
47,24,1.0
9,35,18.0
9,33,4.0
9,34,6.0
9,36,8.0
9,38,8.0
9,40,9.0
9,41,86.0
9,43,22.0
9,42,4.0
9,44,95.61
9,3,12.61
9,4,5.0
9,5,13.0
9,46,36.61
9,45,20.0
9,6,9.0
9,48,360.88000000000005
9,47,695.32
9,7,67.61
9,49,38.61
9,51,19.0
9,52,331.6600000000001
9,8,73.0
9,53,130.0
9,10,29.0
9,54,16.61
9,55,8.0
9,58,10.0
9,59,17.61
9,60,8.0
9,57,30.0
9,11,9.0
9,62,5.0
9,64,2.0
9,61,4.0
9,66,0.61
9,12,4.0
9,69,56.22
9,71,17.61
9,74,6.0
9,72,13.0
9,75,62.0
9,13,21.61
9,76,10.0
9,79,2.0
9,77,5.0
9,89,3.0
9,14,2.0
9,15,4.0
9,91,6.0
9,95,4.0
9,97,7.0
9,19,3.0
9,98,14.0
9,70,18.61
9,73,3.0
9,100,2.0
9,101,2.0
9,37,10.0
9,104,2.0
9,111,2.0
9,22,30.28
9,117,2.0
9,56,8.0
9,110,4.0
9,118,6.0
9,63,2.0
9,128,2.0
9,90,2.0
9,87,0.61
9,68,2.2
9,93,1.0
9,92,4.0
9,130,2.2
9,149,1.0
9,142,1.2
9,143,1.28
9,27,3.57
9,131,0.1
9,132,1.46
9,133,0.1
9,134,0.18
9,138,0.6799999999999999
9,151,1.2600000000000002
9,105,0.6
9,28,1.66
9,106,0.5
9,107,0.6799999999999999
9,150,0.3
9,144,1.9400000000000002
9,146,0.30000000000000004
9,147,0.1
9,114,1.38
9,29,6.41
9,113,0.68
9,115,0.30000000000000004
9,116,1.56
9,119,0.3
9,123,0.1
9,122,0.2
9,121,0.5800000000000001
9,30,3.3
9,136,0.7000000000000001
9,126,4.1
9,124,0.7
9,125,0.3
9,139,0.30000000000000004
9,140,0.78
48,66,2.0
48,109,5.61
48,31,4.0
48,84,0.61
48,20,2.0
53,34,86.0
53,41,635.3200000000002
53,46,418.20000000000016
53,44,694.9800000000001
53,4,93.83
53,5,76.83
53,45,191.27
53,6,110.83
53,7,113.27
53,49,228.10000000000008
53,52,5897.889999999985
53,47,2506.1899999999982
53,8,284.5900000000001
53,48,2339.119999999998
53,9,195.22000000000003
53,10,609.3000000000002
53,54,591.7400000000004
53,55,684.5200000000004
53,56,179.88000000000002
53,51,194.54000000000005
53,60,83.83
53,58,307.71000000000004
53,11,129.22
53,62,266.7100000000001
53,69,370.7600000000001
53,40,118.44
53,71,304.05
53,72,250.49000000000007
53,75,1118.1100000000004
53,13,742.6900000000004
53,76,776.9900000000007
53,77,443.3000000000003
53,78,144.15
53,89,88.0
53,91,89.83
53,43,184.10000000000005
53,97,70.61
53,98,78.61
53,22,512.5899999999998
53,57,355.05000000000007
53,110,49.61
53,136,6.999999999999996
53,37,48.22
53,144,19.18000000000001
53,142,8.039999999999996
53,27,16.81
53,131,1.5
53,132,6.399999999999999
53,138,6.799999999999997
53,28,8.999999999999995
53,146,4.98
53,114,8.219999999999994
53,29,46.25000000000001
53,113,20.520000000000003
53,116,19.930000000000007
53,30,23.770000000000003
53,126,28.580000000000044
53,140,6.179999999999997
53,38,73.0
53,18,19.0
53,50,114.44
53,42,25.0
53,61,62.22
53,81,79.88
53,73,22.22
53,147,1.1800000000000002
53,125,7.7799999999999985
53,12,57.61
53,16,14.0
53,70,156.22
53,100,19.0
53,83,35.0
53,86,153.88000000000005
53,128,17.0
53,121,13.559999999999997
53,68,1.46
53,35,123.27
53,118,53.22
53,151,5.46
53,3,97.22
53,59,149.26999999999998
53,64,44.61
53,79,134.05
53,93,23.0
53,15,18.0
53,36,30.61
53,67,24.0
53,143,4.839999999999998
53,139,3.8600000000000008
53,17,19.22
53,108,33.83
53,111,41.61
53,122,12.079999999999998
53,103,7.0
53,107,4.27
53,112,12.219999999999999
53,117,30.61
53,88,12.0
53,39,10.0
53,85,26.049999999999997
53,94,31.0
53,92,6.609999999999999
53,130,0.8999999999999999
53,133,0.5800000000000001
53,105,6.71
53,106,1.5500000000000005
53,115,18.279999999999998
53,119,1.5800000000000005
53,124,6.099999999999998
53,2,5.0
53,150,1.7600000000000002
53,123,3.27
53,96,7.61
53,33,30.83
53,74,24.0
53,104,12.0
53,82,2.61
53,95,22.61
53,102,12.0
53,21,5.0
53,134,0.5
53,137,2.3800000000000003
53,80,11.61
53,120,2.0
53,149,0.2
53,90,16.0
53,99,6.0
53,109,13.0
53,63,17.0
53,65,13.61
53,101,14.0
53,31,2.0
53,23,13.61
53,87,2.0
53,66,4.0
53,127,6.0
53,20,2.0
53,141,0.1
53,14,2.0
52,64,54.83
52,95,26.61
52,108,19.439999999999998
52,117,53.44
52,96,16.0
52,65,27.0
52,84,16.439999999999998
52,83,11.0
52,145,2.5800000000000005
10,33,4.61
10,35,4.61
10,34,11.61
10,36,4.0
10,38,4.0
10,41,34.66
10,43,18.22
10,42,7.0
10,46,59.44
10,45,26.88
10,44,40.05
10,4,1.61
10,5,3.0
10,6,5.0
10,48,170.54000000000002
10,47,164.49
10,7,10.0
10,49,31.83
10,51,45.66
10,52,530.8100000000002
10,8,27.22
10,9,1.0
10,53,360.4200000000002
10,54,114.32
10,55,126.53999999999999
10,56,27.439999999999998
10,57,29.0
10,58,66.88
10,59,13.22
10,50,37.44
10,60,17.83
10,61,24.439999999999998
10,11,7.0
10,62,42.05
10,63,7.0
10,64,5.609999999999999
10,65,5.61
10,66,5.61
10,67,7.609999999999999
10,40,5.0
10,12,4.0
10,69,40.269999999999996
10,70,19.22
10,71,24.22
10,72,7.609999999999999
10,75,58.83
10,13,33.0
10,76,58.489999999999995
10,77,62.44
10,78,28.439999999999998
10,79,11.61
10,81,15.219999999999999
10,80,4.0
10,74,3.0
10,82,1.0
10,85,8.0
10,86,30.439999999999998
10,89,5.61
10,88,7.0
10,93,8.0
10,94,8.0
10,92,4.0
10,91,3.61
10,16,2.0
10,95,5.609999999999999
10,39,1.0
10,17,2.61
10,97,13.829999999999998
10,18,2.0
10,98,4.61
10,73,3.0
10,100,7.609999999999999
10,101,3.0
10,37,2.0
10,102,4.0
10,108,5.0
10,84,0.61
10,83,2.0
10,110,9.22
10,111,3.2199999999999998
10,113,4.779999999999999
10,115,0.8099999999999999
10,116,4.66
10,22,31.34
10,117,10.61
10,118,17.0
10,119,0.99
10,122,0.71
10,124,2.6
10,128,6.0
10,90,1.0
10,68,2.48
10,135,2.0
10,141,0.61
10,125,1.3
10,127,1.0
10,109,0.61
10,149,1.0
10,106,1.3900000000000001
10,105,1.3000000000000003
10,142,1.1800000000000002
10,143,0.88
10,27,3.27
10,130,0.38
10,132,1.26
10,133,0.1
10,134,0.1
10,138,0.58
10,151,0.85
10,28,1.74
10,107,0.7899999999999999
10,150,0.38
10,145,0.1
10,144,2.22
10,146,0.48
10,147,0.1
10,114,1.38
10,29,8.79
10,123,0.1
10,121,0.4
10,30,4.61
10,136,0.8800000000000001
10,126,4.4799999999999995
10,139,0.2
10,140,0.88
52,80,17.22
52,104,11.219999999999999
52,82,2.0
52,149,0.6799999999999999
52,141,1.7800000000000002
52,123,2.8600000000000008
52,92,17.0
52,100,17.22
52,21,2.0
52,120,6.0
52,129,4.0
52,101,15.61
52,90,12.61
52,31,4.0
52,14,4.0
52,19,10.0
52,16,4.0
52,135,1.0
53,19,8.0
54,35,84.83
54,41,366.49000000000007
54,42,11.829999999999998
54,44,398.4900000000001
54,45,99.05
54,4,44.83
54,5,35.0
54,47,1122.45
54,49,181.76000000000008
54,51,202.9100000000001
54,52,2858.010000000001
54,8,155.27
54,48,537.8600000000002
54,53,787.8900000000004
54,10,203.93
54,55,663.0900000000007
54,59,157.27000000000004
54,58,1372.2799999999977
54,11,582.7600000000001
54,62,585.2500000000003
54,61,155.76000000000002
54,69,198.88000000000005
54,71,126.44
54,74,16.61
54,72,124.44
54,75,341.7600000000001
54,13,191.93000000000006
54,76,127.49
54,77,239.64000000000013
54,79,48.61
54,97,57.61
54,98,27.61
54,108,16.61
54,110,41.83
54,22,689.0099999999999
54,117,71.44
54,57,1109.3100000000004
54,56,493.74000000000035
54,143,2.74
54,27,9.259999999999996
54,144,11.539999999999996
54,146,3.18
54,114,7.219999999999997
54,29,41.75
54,116,16.359999999999992
54,121,29.04000000000002
54,30,23.949999999999996
54,68,1.0799999999999998
54,126,22.910000000000018
54,36,14.61
54,9,72.61
54,46,306.8800000000001
54,136,8.659999999999993
54,38,52.22
54,78,82.88
54,43,101.22
54,3,52.61
54,6,53.22
54,7,65.27
54,67,28.659999999999997
54,70,94.66
54,95,9.0
54,85,41.66
54,128,26.0
54,113,12.289999999999996
54,148,2.0
54,150,1.4600000000000002
54,140,6.919999999999999
54,60,171.93000000000004
54,112,11.0
54,118,99.27
54,81,53.22
54,89,57.61
54,50,69.61
54,37,31.22
54,86,211.15000000000012
54,65,18.22
54,63,39.22
54,131,2.3000000000000003
54,28,4.070000000000001
54,40,68.22
54,94,54.83
54,104,8.0
54,83,18.0
54,142,4.250000000000001
54,138,3.1000000000000005
54,151,1.8100000000000003
54,105,1.25
54,107,1.8000000000000005
54,115,5.639999999999999
54,122,19.770000000000003
54,124,2.2600000000000007
54,139,3.360000000000001
54,15,3.61
54,132,2.4200000000000004
54,66,14.0
54,91,40.0
54,34,29.61
54,125,1.34
54,87,0.61
55,35,47.61
55,34,28.0
55,41,266.88000000000005
55,42,18.0
55,3,44.83
55,44,242.44
55,46,190.88
55,45,64.22
55,6,38.0
55,48,452.3700000000001
55,47,656.9600000000004
55,7,32.61
55,49,80.44
55,50,49.22
55,51,49.099999999999994
55,52,1729.089999999997
55,8,81.05
55,9,67.0
55,53,1105.3900000000003
55,10,226.93000000000006
55,54,901.5700000000013
55,56,273.52000000000027
55,57,305.64000000000016
55,58,247.03000000000017
55,59,79.66
55,60,46.44
55,11,150.83
55,62,157.71000000000006
55,64,31.61
55,61,52.61
55,12,29.0
55,40,58.0
55,69,149.44
55,71,115.22
55,72,98.83
55,75,376.15000000000015
55,13,196.71000000000004
55,76,275.25000000000017
55,77,435.0100000000004
55,79,60.05
55,78,109.49
55,81,33.22
55,91,42.22
55,15,2.61
55,89,45.22
55,97,38.22
55,36,20.0
55,73,18.61
55,100,4.0
55,98,23.0
55,37,31.61
55,102,6.61
55,83,10.0
55,111,31.439999999999998
55,112,9.0
55,115,3.5700000000000003
55,22,290.02
55,90,6.0
55,24,3.0
55,27,5.1000000000000005
55,28,2.400000000000001
55,107,1.3900000000000001
55,147,0.58
55,29,26.630000000000006
55,119,1.1400000000000001
55,121,16.660000000000004
55,30,10.559999999999999
55,68,0.6
55,124,3.6400000000000006
55,4,32.0
55,86,169.32000000000005
53,145,0.1
55,38,41.0
55,63,24.0
55,70,80.44
55,43,89.61
55,17,12.0
55,118,38.61
55,130,2.1
55,143,1.26
55,138,0.78
55,144,9.799999999999997
55,126,12.099999999999989
55,140,3.280000000000001
55,33,15.0
55,5,32.0
55,65,7.0
55,80,7.0
55,99,3.0
55,117,21.0
55,110,31.61
55,16,3.0
55,108,16.0
55,94,21.61
53,32,2.0
53,84,1.0
55,74,11.61
55,85,37.83
55,113,7.339999999999997
55,142,3.360000000000001
55,132,2.0
55,150,0.68
55,114,6.599999999999995
55,116,9.619999999999996
55,136,2.9400000000000013
55,139,2.58
55,93,12.0
55,103,2.0
55,128,2.0
55,92,2.0
55,145,0.1
55,146,1.0599999999999998
55,84,4.61
55,88,8.0
55,95,4.609999999999999
55,19,2.0
55,101,6.0
55,23,7.0
55,122,4.479999999999999
55,67,18.61
55,25,2.0
55,148,2.0
55,129,2.0
55,105,0.56
55,125,2.6800000000000006
55,151,1.4800000000000002
55,106,0.30000000000000004
55,123,0.2
55,133,0.30000000000000004
55,14,4.0
55,82,2.0
55,131,0.30000000000000004
55,134,0.2
55,39,4.0
54,33,8.0
54,12,18.0
54,80,8.0
54,39,3.61
54,17,8.0
54,93,19.61
54,18,17.0
54,73,10.0
54,100,5.0
54,84,7.0
54,111,61.05
54,64,51.05
54,90,9.22
54,109,6.0
54,137,0.48
54,92,12.0
54,119,5.56
54,106,1.0799999999999998
54,32,2.0
54,130,0.58
54,2,1.0
54,16,4.609999999999999
54,101,3.0
54,23,17.0
54,123,6.109999999999999
54,102,8.0
55,96,2.0
55,149,1.0
55,109,2.0
55,66,5.0
55,104,3.0
55,141,0.1
56,41,137.05
56,47,335.32000000000005
56,48,198.44
56,53,266.0300000000002
56,55,382.99000000000035
56,54,612.0900000000007
56,61,86.66
56,58,239.69000000000008
56,57,2376.8899999999967
56,64,63.44
56,75,153.27
56,85,107.71
56,77,320.42000000000013
56,22,564.1899999999998
56,86,1801.0499999999972
56,28,5.08
56,29,109.21000000000001
56,116,53.70000000000003
56,30,35.11000000000001
56,35,26.22
56,5,19.0
56,51,44.83
56,52,620.6900000000003
56,8,55.61
56,9,35.83
56,10,67.22
56,60,36.22
56,11,377.49000000000007
56,62,442.2300000000004
56,12,9.0
56,13,109.83
56,76,79.22
56,91,30.22
56,46,106.66
56,98,21.61
56,110,520.2100000000005
56,148,2.0
56,142,2.660000000000001
56,27,11.2
56,144,13.199999999999994
56,34,10.61
56,44,120.83
56,65,21.0
56,69,88.66
56,71,79.61
56,79,25.61
56,81,53.83
56,43,45.22
56,93,9.61
56,111,223.7600000000001
56,112,62.83
56,118,977.5400000000013
56,23,119.32
56,121,26.560000000000013
56,114,26.689999999999998
56,113,42.96000000000003
56,3,14.0
56,72,79.61
56,78,130.32
56,49,41.61
56,97,16.61
56,36,10.0
56,63,110.92999999999999
56,143,3.660000000000001
56,130,0.6799999999999999
56,132,3.400000000000001
56,151,4.51
56,107,4.8999999999999995
56,150,3.0400000000000005
56,147,2.02
56,119,14.459999999999994
56,122,25.740000000000002
56,136,8.559999999999995
56,126,13.639999999999986
56,124,3.180000000000001
56,125,1.66
56,139,0.8999999999999999
56,45,55.22
56,59,36.83
56,117,304.3000000000002
56,138,1.56
56,146,5.969999999999997
56,115,20.419999999999998
56,68,3.1600000000000006
57,32,2.0
57,41,128.22
57,44,151.44
57,49,64.22
57,47,448.10000000000014
57,48,209.10000000000008
57,53,221.88000000000005
57,52,750.8100000000003
57,54,682.3800000000006
57,55,182.5900000000001
57,56,1518.159999999999
57,51,48.05
57,58,393.3500000000002
57,11,582.49
57,62,1730.8199999999972
57,64,159.1
57,61,213.32000000000002
57,77,148.49
57,85,65.22
57,101,3.0
57,111,164.27
57,22,952.2699999999999
57,118,814.7700000000006
57,86,464.3300000000005
57,146,6.139999999999998
57,142,6.999999999999999
57,143,5.999999999999998
57,27,20.22
57,132,6.400000000000001
57,134,0.8599999999999999
57,151,4.300000000000001
57,28,8.57
57,107,5.750000000000002
57,150,4.12
57,149,0.30000000000000004
57,144,18.82
57,147,3.000000000000001
57,114,33.48
57,29,164.81
57,113,38.27000000000001
57,115,22.430000000000007
57,116,78.51000000000003
57,119,9.979999999999999
57,123,17.57
57,122,47.77
57,121,47.350000000000016
57,30,73.06000000000003
57,136,19.14
57,126,32.58000000000003
57,124,5.539999999999999
57,125,4.42
57,139,2.7
57,140,6.5600000000000005
57,43,74.61
57,81,42.0
57,23,117.1
57,133,0.88
57,105,2.4200000000000004
57,117,1062.9300000000003
57,138,3.200000000000002
57,68,8.959999999999996
56,4,18.0
56,50,24.049999999999997
56,83,21.61
56,105,1.7400000000000004
56,106,1.0799999999999998
56,140,6.819999999999997
56,89,29.22
56,123,13.28
56,128,9.0
56,94,9.0
54,147,0.38
54,103,3.0
54,133,0.38
57,10,77.05
57,60,67.61
57,72,52.83
57,75,136.22
57,50,40.0
57,70,41.22
57,108,12.219999999999999
54,120,2.0
54,21,5.0
54,19,6.0
54,14,5.0
54,99,6.0
54,141,0.89
54,88,4.0
54,127,1.6099999999999999
54,149,0.28
54,145,2.0
52,32,2.0
52,1,2.0
52,148,0.61
51,138,0.74
51,100,2.0
51,149,0.1
51,80,6.0
51,90,5.0
51,134,0.1
51,115,0.2
58,41,415.1000000000001
58,44,377.3700000000001
58,47,1158.2800000000002
58,49,370.1300000000002
58,51,673.0200000000007
58,52,2651.2499999999986
58,8,183.5900000000001
58,48,488.7600000000001
58,9,71.83
58,53,700.7400000000004
58,54,1895.819999999996
58,55,244.74000000000012
58,59,450.6400000000002
58,60,864.320000000001
58,57,822.9600000000005
58,11,573.7600000000001
58,62,1692.4799999999982
58,40,103.83
58,69,204.32000000000005
58,75,360.93000000000006
58,77,118.66
58,81,47.61
58,78,58.44
58,46,525.7100000000002
58,97,164.10000000000002
58,50,255.25000000000014
58,22,1032.9099999999999
58,117,54.66
58,118,109.44
58,128,38.83
58,92,21.61
58,142,6.539999999999999
58,151,1.1800000000000002
58,28,3.340000000000001
58,29,28.330000000000002
58,136,8.599999999999994
58,126,22.49000000000002
58,140,5.1599999999999975
58,35,73.22
58,2,1.0
58,38,55.0
58,42,47.0
58,45,133.82999999999998
58,5,48.83
58,7,105.22
58,10,151.37000000000003
58,56,234.7100000000001
58,61,409.0600000000004
58,64,125.88
58,12,27.61
58,70,122.22
58,71,114.44
58,72,101.22
58,13,189.49
58,76,144.32
58,91,110.83
58,43,199.66000000000003
58,98,21.0
58,102,13.61
58,83,6.61
58,110,54.61
58,112,8.61
58,111,34.83
58,86,101.88
58,122,34.69
58,63,92.83
58,67,119.44
58,94,63.66
58,132,4.7
58,90,10.219999999999999
58,34,39.61
58,27,8.159999999999998
58,107,1.4900000000000002
58,144,7.009999999999995
58,146,0.88
58,114,5.76
58,30,23.900000000000002
58,68,5.689999999999999
58,4,71.44
58,37,43.61
58,23,20.22
58,14,12.0
58,15,15.0
58,89,65.0
58,95,17.83
58,17,34.0
58,36,14.0
58,65,40.61
58,106,2.6999999999999997
58,116,24.6
58,124,4.619999999999999
58,125,3.18
58,79,56.0
58,20,6.0
58,33,25.0
58,3,44.0
58,6,52.61
58,120,2.0
58,121,28.790000000000006
58,133,2.4000000000000004
58,147,0.76
58,139,5.239999999999998
58,85,6.609999999999999
58,18,7.61
58,108,13.0
58,103,7.609999999999999
58,105,1.06
58,113,8.239999999999997
51,16,4.0
51,135,0.61
51,106,0.27
51,110,4.609999999999999
51,145,0.1
51,109,2.0
51,1,1.0
51,99,2.0
51,102,1.0
58,131,3.3000000000000003
58,66,35.489999999999995
58,104,4.0
58,143,2.1200000000000006
58,99,4.0
58,137,0.1
58,138,4.62
58,119,2.9500000000000006
58,141,0.1
58,39,6.61
58,93,26.61
58,150,0.9199999999999999
51,18,2.0
51,127,2.0
49,65,2.0
49,25,2.0
59,33,7.61
59,34,19.0
59,42,24.61
59,41,117.0
59,3,18.0
59,44,109.22
59,45,52.83
59,46,261.5400000000001
59,6,20.61
59,48,95.0
59,49,306.7900000000002
59,51,315.57000000000016
59,52,524.6400000000002
59,47,329.9300000000001
59,8,50.22
59,53,134.44
59,10,38.83
59,54,123.49
59,57,48.0
59,58,509.5600000000004
59,50,743.5800000000006
59,60,492.92000000000024
59,11,29.0
59,62,119.88
59,61,72.1
59,12,9.0
59,69,48.83
59,72,35.0
59,13,44.61
59,76,44.61
59,81,8.0
59,89,41.0
59,94,259.69000000000005
59,91,61.879999999999995
59,17,10.0
59,97,217.93000000000012
59,70,20.0
59,108,4.0
59,22,117.99000000000002
59,122,4.42
59,68,10.679999999999998
59,140,19.790000000000003
59,87,2.0
59,143,5.699999999999997
59,27,15.470000000000002
59,114,5.479999999999999
59,29,21.59
59,30,21.09
59,126,66.40000000000005
59,124,15.120000000000001
59,35,14.0
59,38,12.0
59,4,20.61
59,5,16.0
59,7,25.0
59,55,25.22
59,40,28.61
59,71,34.22
59,75,67.61
59,39,7.0
59,95,7.0
59,43,67.22
59,93,94.41999999999999
59,37,12.0
59,98,11.0
59,109,2.0
59,111,12.0
59,56,23.61
59,67,182.98000000000008
59,128,139.54000000000002
59,142,6.299999999999998
59,28,3.660000000000001
59,144,4.9
59,136,11.189999999999987
59,139,5.550000000000001
59,77,19.61
59,92,15.61
59,117,5.0
59,86,13.0
59,118,11.61
59,64,24.0
59,123,2.4000000000000004
59,90,7.61
59,121,17.119999999999997
59,116,4.859999999999999
59,119,1.4400000000000002
59,65,11.61
59,79,11.0
59,14,5.0
59,15,20.61
59,16,2.0
59,36,8.0
59,100,4.609999999999999
59,83,4.0
59,63,10.0
59,96,2.61
59,141,4.579999999999999
59,127,9.0
59,132,5.039999999999998
59,134,0.78
59,138,1.74
59,113,6.139999999999999
59,115,0.9799999999999999
59,125,13.409999999999997
59,9,11.0
59,88,5.0
59,78,10.0
59,105,1.4800000000000004
59,107,2.53
59,147,0.8599999999999999
59,130,1.5200000000000002
59,151,1.5500000000000005
59,106,0.97
59,150,1.62
59,146,1.62
50,4,38.61
50,5,31.83
50,7,40.22
50,54,158.54
50,55,52.44
50,61,101.83
50,62,182.27
50,64,33.61
50,66,23.83
50,67,238.81000000000012
50,65,14.219999999999999
50,40,68.22
50,73,10.0
50,76,54.61
50,72,58.0
50,77,57.83
50,93,555.3700000000007
50,94,1079.730000000001
50,92,96.71
50,43,359.32000000000005
50,17,38.0
50,70,74.61
50,112,7.0
50,86,28.61
50,118,25.0
50,34,38.61
50,141,3.09
50,127,24.0
50,133,3.140000000000001
50,121,9.229999999999995
50,38,38.61
50,3,48.83
50,10,66.66
50,110,15.0
50,106,0.95
50,107,2.8000000000000003
59,102,3.0
59,110,4.0
59,23,3.0
59,131,0.48
59,133,0.56
59,66,20.0
59,137,2.2
60,43,147.44
60,41,202.05
60,45,84.83
60,46,451.5400000000001
60,44,177.82999999999998
60,47,520.7600000000002
60,7,51.61
60,49,273.9600000000002
60,51,291.3000000000002
60,52,980.4700000000003
60,8,95.22
60,48,250.88000000000008
60,53,220.71000000000006
60,10,69.05
60,54,398.74000000000024
60,58,1453.7699999999961
60,59,937.0100000000004
60,61,620.3300000000004
60,62,760.0400000000008
60,67,521.8000000000004
60,66,147.3
60,40,56.22
60,69,97.83
60,71,88.83
60,72,47.22
60,75,216.05
60,76,40.22
60,77,62.05
60,15,27.0
60,89,105.05
60,39,14.61
60,97,190.54000000000008
60,93,94.05
60,50,438.8400000000005
60,20,5.0
60,22,384.30000000000007
60,57,287.5400000000001
60,56,110.05
60,86,65.0
60,96,3.0
60,126,43.65
60,27,6.21
60,29,11.629999999999999
60,30,13.690000000000001
60,136,7.039999999999999
60,68,14.399999999999999
60,124,14.239999999999997
60,33,20.61
60,35,58.0
60,34,22.0
60,36,18.0
60,42,29.0
60,3,49.83
60,9,18.0
60,55,71.22
60,11,156.44
60,64,157.82999999999998
60,65,48.44
60,13,64.83
60,88,16.61
60,92,29.22
60,91,106.05
60,17,34.61
60,19,8.0
60,70,53.61
60,98,30.61
60,111,32.0
60,118,50.22
60,110,18.61
60,122,44.68000000000001
60,120,1.6099999999999999
60,63,46.83
60,94,229.71000000000006
60,128,155.98000000000005
60,131,11.0
60,90,15.0
60,139,8.939999999999998
60,127,18.61
60,142,5.44
60,143,2.04
60,132,1.9999999999999998
60,144,8.559999999999999
60,116,8.7
60,119,0.78
60,125,9.139999999999999
60,112,8.61
60,1,4.0
60,38,18.0
60,4,11.61
60,6,24.61
60,12,10.0
60,79,21.0
60,16,8.61
60,95,20.61
60,18,8.61
60,73,6.0
60,101,6.0
60,23,13.0
60,141,2.1
60,137,0.1
60,138,1.04
60,151,1.12
60,114,2.7000000000000006
60,121,35.73000000000001
60,140,13.439999999999998
60,32,2.0
60,2,3.0
60,81,21.0
60,37,22.0
60,104,6.0
60,133,0.2
60,107,0.93
60,146,0.84
60,147,0.30000000000000004
60,113,5.4399999999999995
60,123,4.81
60,78,23.61
60,100,5.609999999999999
60,115,4.68
60,28,1.46
58,74,21.0
58,88,6.0
58,16,17.0
58,115,6.759999999999999
58,130,0.5800000000000001
60,5,16.0
60,87,2.0
60,14,8.0
60,85,3.61
60,84,2.0
60,117,30.0
60,109,0.61
61,35,34.61
61,41,218.66000000000003
61,42,21.61
61,44,157.44000000000003
61,45,70.22
61,6,14.61
61,7,35.0
61,47,414.71000000000004
61,49,152.26999999999998
61,50,169.88000000000002
61,8,74.61
61,9,29.83
61,48,218.27000000000007
61,53,272.5400000000001
61,10,65.66
61,52,858.8100000000003
61,55,102.66
61,54,451.62000000000035
61,51,124.27
61,58,945.5500000000015
61,59,326.05
61,60,1057.5600000000009
61,57,668.2300000000004
61,11,293.32000000000005
61,62,2584.9099999999994
61,64,1728.8499999999967
61,65,584.5700000000002
61,66,818.4700000000005
61,69,156.05
61,71,84.83
61,72,73.83
61,75,142.05
61,13,82.27
61,76,49.61
61,89,69.05
61,14,10.0
61,94,127.1
61,39,16.0
61,43,127.83
61,46,382.6600000000001
61,97,112.49
61,70,45.61
61,98,25.61
61,22,643.66
61,56,195.76000000000005
61,86,103.05
61,118,95.32
61,63,348.3000000000003
61,126,43.490000000000045
61,67,387.75000000000034
61,128,115.32
61,121,178.23999999999998
61,140,15.489999999999995
61,142,2.5000000000000004
61,132,3.0600000000000005
61,29,33.82999999999999
61,30,56.72
61,68,20.900000000000002
61,3,26.0
61,4,31.0
61,40,37.61
61,12,15.0
61,81,24.83
61,77,97.66
61,17,29.61
61,111,74.22
61,122,148.85
61,127,40.0
61,90,12.0
61,93,32.22
61,144,13.039999999999994
61,27,8.819999999999997
61,114,6.419999999999997
61,116,24.340000000000003
61,136,37.69000000000001
61,33,8.61
61,38,30.0
61,78,38.61
61,88,13.61
61,91,98.05
61,99,5.0
61,23,30.61
61,34,15.0
61,124,27.049999999999997
61,143,2.9400000000000013
61,138,1.2600000000000002
61,150,0.68
61,123,20.34
61,125,2.8200000000000003
58,19,10.0
58,84,5.609999999999999
58,73,2.0
58,101,8.61
58,123,3.2
58,24,2.0
58,1,1.0
58,87,4.0
58,100,6.0
58,148,2.0
58,127,1.0
58,96,3.0
58,31,2.0
62,41,242.88000000000008
62,44,257.1000000000001
62,3,48.61
62,6,39.22
62,48,335.5400000000001
62,47,836.4200000000003
62,50,149.83
62,49,189.66
62,8,143.05
62,9,43.44
62,53,478.5400000000002
62,10,82.88
62,52,1422.0799999999997
62,54,876.120000000001
62,57,2551.9799999999996
62,56,556.8200000000007
62,58,1767.5499999999952
62,59,234.10000000000008
62,61,1957.7599999999982
62,60,398.0400000000003
62,11,671.4200000000002
62,64,702.6500000000005
62,66,95.75999999999999
62,71,99.61
62,69,132.05
62,75,306.1000000000001
62,76,66.83
62,77,187.49000000000004
62,72,96.0
62,79,50.61
62,81,65.22
62,88,7.0
62,91,108.22
62,95,25.0
62,46,322.8800000000001
62,113,28.350000000000012
62,111,103.05
62,22,1623.1600000000003
62,117,677.7800000000007
62,118,343.9100000000002
62,86,277.3700000000001
62,63,818.9700000000007
62,67,97.27
62,128,45.0
62,121,114.76999999999998
62,107,2.8300000000000005
62,29,68.57000000000001
62,30,69.2
62,136,29.800000000000015
62,126,30.160000000000036
62,140,4.979999999999999
58,32,2.0
58,109,2.0
58,134,0.18
54,135,2.0
54,134,0.1
57,33,9.0
57,35,30.61
57,38,23.83
57,46,147.44
57,5,17.22
57,45,54.22
57,6,34.22
57,7,30.0
57,8,66.22
57,9,28.61
57,59,76.61
57,40,25.0
57,12,13.0
57,69,100.27
57,13,93.44
57,76,63.61
57,79,53.44
57,78,93.66
57,88,3.0
57,15,6.0
57,91,38.0
57,95,12.0
57,39,7.609999999999999
57,97,19.22
57,73,9.0
57,106,4.070000000000001
57,83,18.61
57,110,296.35000000000014
57,112,29.439999999999998
57,65,31.049999999999997
57,63,309.47000000000025
57,67,20.61
57,34,9.0
57,3,15.219999999999999
57,66,8.61
57,74,5.0
57,82,4.0
57,89,31.22
57,84,11.0
57,128,10.0
57,130,0.88
57,137,0.4
57,42,1.0
57,4,20.61
57,71,63.22
57,100,8.61
57,109,10.0
57,131,0.5
57,145,0.4
11,41,9.0
11,4,2.0
11,44,9.0
11,5,2.0
11,46,8.0
11,45,1.0
11,6,4.0
11,48,9.0
11,7,2.0
11,47,24.61
11,49,6.0
11,50,9.0
11,51,17.61
11,52,65.61
11,8,6.0
11,53,22.22
11,10,6.0
11,54,163.66
11,55,26.22
11,56,76.61
11,57,167.22
11,58,135.82999999999998
11,59,4.0
11,60,11.61
11,61,33.22
11,62,152.04999999999998
11,63,13.0
11,64,13.22
11,65,4.0
11,66,4.609999999999999
11,40,6.0
11,69,5.0
11,71,7.0
11,72,6.0
11,75,14.0
11,13,4.0
11,76,10.0
11,77,21.61
11,79,4.0
11,78,6.61
11,81,4.0
11,80,2.0
11,84,2.0
11,85,6.0
11,88,2.0
11,89,3.0
11,43,2.0
11,97,6.0
11,70,5.0
11,98,2.0
11,108,3.61
11,110,16.22
11,111,3.0
11,112,3.0
11,114,9.21
11,115,3.44
11,22,98.89
11,117,18.61
11,86,14.219999999999999
11,118,11.0
11,23,2.0
11,122,3.26
11,120,2.0
11,127,2.0
11,67,10.0
11,128,2.0
11,90,2.0
11,121,7.029999999999999
11,68,9.06
11,92,2.0
11,116,9.6
11,142,2.88
11,143,2.3200000000000003
11,27,7.29
11,130,0.48
11,131,0.1
11,132,2.22
11,133,0.28
11,134,0.1
11,137,0.28
11,138,1.1600000000000001
11,151,1.54
11,105,1.15
11,28,3.46
11,106,0.43
11,107,1.8399999999999999
11,150,1.24
11,149,0.1
11,145,0.1
11,144,4.41
11,146,1.1400000000000001
11,147,0.58
11,29,37.46
11,113,3.56
11,119,1.92
11,123,0.58
11,30,29.09
11,136,5.679999999999999
11,126,11.350000000000001
11,124,2.04
11,125,1.06
11,139,1.24
11,140,2.5
11,141,0.28
62,38,43.0
62,4,32.0
62,45,51.61
62,7,64.61
62,51,150.49
62,55,179.76000000000005
62,12,32.61
62,40,81.0
62,74,15.0
62,80,14.0
62,89,72.83
62,43,114.61
62,97,105.83
62,93,15.0
62,19,6.0
62,70,61.22
62,37,17.61
62,94,50.61
62,116,38.31000000000002
62,142,4.060000000000001
62,143,4.140000000000001
62,27,14.02
62,132,4.420000000000001
62,151,2.7600000000000007
62,28,4.340000000000002
62,144,13.179999999999998
62,146,1.9400000000000008
62,114,13.519999999999994
62,124,6.54
62,139,3.220000000000001
62,33,19.0
62,35,34.0
62,42,26.61
62,13,152.26999999999998
62,78,95.44
62,98,19.61
62,102,8.0
62,115,24.650000000000002
62,110,191.8100000000001
62,65,142.15
62,103,2.0
62,127,14.0
62,105,3.0600000000000005
62,106,1.16
62,150,3.900000000000001
62,119,7.02
62,123,14.739999999999998
62,122,87.43999999999998
62,131,0.6599999999999999
62,112,27.439999999999998
62,109,2.0
62,138,1.62
62,147,1.2399999999999998
62,68,15.259999999999994
62,125,3.220000000000001
62,34,12.0
62,120,8.0
62,5,36.44
62,87,4.22
62,16,2.61
62,39,10.61
62,36,14.0
62,83,17.61
62,23,71.66
62,96,4.609999999999999
62,134,0.4
62,15,7.0
62,108,16.61
62,100,6.0
62,130,0.94
62,85,23.83
62,92,10.0
62,135,2.0
62,104,5.0
62,2,6.0
62,14,7.0
62,18,6.0
62,73,9.0
62,133,0.58
62,137,0.28
62,31,1.0
62,17,8.0
62,141,0.1
61,15,15.61
61,117,153.20000000000005
61,105,1.0999999999999999
61,79,22.0
61,19,8.61
61,108,13.0
61,139,3.440000000000001
61,151,2.3300000000000005
61,113,19.54
61,37,20.0
61,83,16.61
61,112,12.0
61,110,71.44
61,120,9.0
61,149,2.0
61,28,2.5800000000000005
61,146,1.2600000000000002
61,119,4.220000000000001
61,80,6.0
61,84,4.0
61,100,2.0
61,102,12.0
61,85,12.219999999999999
61,131,2.0
61,130,0.48000000000000004
61,137,0.1
61,107,1.24
61,145,0.18
61,147,0.56
61,115,15.14
62,149,0.28
62,32,2.0
62,82,0.61
62,101,2.0
62,90,5.0
62,99,4.0
63,45,31.61
63,49,55.22
63,8,34.22
63,47,208.27000000000004
63,9,21.0
63,48,113.05
63,53,118.83
63,52,409.7100000000001
63,54,151.93
63,55,44.22
63,56,296.81000000000006
63,51,26.22
63,59,76.44
63,58,187.10000000000002
63,57,772.6100000000007
63,62,1296.4799999999998
63,61,479.5000000000002
63,64,1284.4699999999996
63,60,70.05
63,65,175.03000000000003
63,41,88.83
63,72,35.0
63,69,41.83
63,76,33.44
63,85,13.0
63,89,45.61
63,92,9.61
63,95,3.0
63,46,149.82999999999998
63,108,12.219999999999999
63,110,346.79000000000025
63,111,193.32000000000002
63,22,320.25999999999993
63,117,1339.629999999999
63,118,749.880000000001
63,23,164.81
63,122,602.5600000000004
63,120,299.9100000000001
63,123,643.4100000000004
63,121,210.00999999999996
63,27,5.06
63,132,1.3400000000000003
63,146,1.98
63,114,19.599999999999998
63,29,46.48000000000001
63,113,54.96000000000002
63,115,67.94000000000001
63,116,208.99
63,30,37.44000000000001
63,136,29.400000000000027
63,140,2.460000000000001
63,34,5.609999999999999
63,42,5.0
63,3,10.0
63,44,74.61
63,4,14.0
63,5,8.0
63,6,8.0
63,7,12.0
63,10,26.61
63,50,26.61
63,11,187.26999999999998
63,66,44.49
63,40,19.22
63,74,9.0
63,71,43.22
63,75,71.83
63,13,64.0
63,77,54.22
63,78,38.22
63,91,49.61
63,15,5.0
63,43,40.0
63,17,5.609999999999999
63,97,48.83
63,70,29.0
63,98,9.61
63,37,12.0
63,83,16.0
63,112,38.0
63,86,149.05
63,124,5.43
63,67,81.66
63,128,25.61
63,94,14.61
63,93,13.0
63,107,3.5200000000000014
63,142,2.18
63,138,0.8599999999999999
63,150,1.5
63,144,9.039999999999997
63,119,123.07
63,126,21.380000000000003
63,139,1.5000000000000002
63,33,3.2199999999999998
63,36,5.22
63,38,11.61
63,79,12.0
63,81,26.61
63,16,6.0
63,73,14.0
63,101,1.0
63,127,12.61
63,68,13.069999999999995
63,28,2.1600000000000006
63,106,0.76
63,149,0.28
61,87,3.0
64,5,7.0
64,6,6.0
64,47,222.05
64,8,55.44
64,44,75.22
64,48,99.05
64,52,293.66
64,55,68.61
64,54,223.10000000000002
64,58,185.76000000000005
64,11,192.83000000000004
64,62,952.3200000000008
64,61,1540.7999999999977
64,63,1414.929999999999
64,65,1049.360000000001
64,66,208.50000000000009
64,69,42.83
64,71,47.0
64,75,70.05
64,13,63.66
64,79,22.0
64,85,7.609999999999999
64,86,74.0
64,91,48.0
64,46,193.61
64,112,19.61
64,22,263.51
64,57,474.59000000000015
64,117,292.47000000000014
64,56,156.27
64,118,234.7100000000001
64,142,3.2400000000000007
64,143,2.960000000000001
64,27,12.099999999999998
64,133,0.1
64,138,3.4400000000000004
64,151,2.0400000000000005
64,28,3.5500000000000016
64,144,6.119999999999998
64,147,1.16
64,114,11.759999999999994
64,29,45.82000000000001
64,113,31.020000000000007
64,116,107.36999999999998
64,119,34.300000000000004
64,123,143.54
64,122,1700.0799999999977
64,121,782.4300000000005
64,30,123.47000000000001
64,136,69.17000000000004
64,68,31.880000000000006
64,126,48.26000000000006
64,124,6.879999999999998
64,139,4.12
64,41,61.22
64,43,73.83
64,3,14.0
64,4,6.0
64,7,18.61
64,53,140.44
64,10,32.05
64,51,38.61
64,59,119.05
64,60,145.05
64,40,25.22
64,70,36.61
64,72,32.61
64,76,30.83
64,77,51.22
64,78,42.61
64,94,68.83
64,89,36.22
64,17,12.0
64,97,35.61
64,50,48.61
64,49,77.22
64,36,6.0
64,99,8.61
64,98,9.61
64,37,9.61
64,83,9.0
64,111,80.44
64,109,4.61
64,110,147.10000000000002
64,23,73.61
64,67,129.32
64,127,51.83
64,128,63.0
64,90,4.0
64,96,1.0
64,100,11.0
64,132,3.5600000000000014
64,106,0.5
64,107,2.12
64,150,1.5200000000000002
64,145,0.1
64,115,36.88000000000001
64,140,6.010000000000001
64,105,0.7599999999999999
64,125,4.919999999999998
64,141,0.1
64,9,14.0
64,146,1.4600000000000004
64,35,19.0
64,45,23.0
64,81,24.0
64,93,22.0
64,16,6.0
64,95,5.0
64,39,5.61
64,19,5.61
64,108,10.61
64,120,32.61
64,74,5.0
64,101,2.61
64,33,2.0
64,34,10.0
64,14,6.0
64,31,2.0
64,130,0.4
64,131,0.38
64,134,0.30000000000000004
61,5,19.61
61,104,4.0
61,134,0.2
61,92,25.439999999999998
61,36,6.0
61,141,0.18
61,95,23.0
61,16,4.0
61,133,0.1
61,101,1.0
61,106,0.28
61,73,5.0
61,20,1.0
64,38,6.0
64,42,12.61
64,12,2.0
64,80,1.6099999999999999
64,92,5.83
64,88,6.0
64,137,0.2
65,35,6.0
65,41,59.83
65,42,15.0
65,44,57.22
65,45,22.22
65,47,178.44000000000003
65,49,56.83
65,52,320.5400000000001
65,48,95.27
65,53,106.22
65,10,20.439999999999998
65,55,48.83
65,54,124.27
65,51,36.22
65,60,157.27
65,58,145.44
65,57,310.7100000000001
65,11,183.22000000000003
65,62,449.4200000000002
65,61,581.7400000000002
65,63,342.4200000000002
65,64,1570.7499999999984
65,66,338.04000000000036
65,67,224.10000000000008
65,40,18.22
65,12,3.0
65,69,41.83
65,71,36.22
65,75,80.83
65,76,27.0
65,79,10.0
65,78,47.0
65,77,43.22
65,89,21.61
65,88,9.0
65,91,45.05
65,95,9.0
65,17,13.0
65,46,156.82999999999998
65,43,82.83
65,97,57.0
65,50,80.83
65,59,120.44
65,70,25.0
65,112,10.0
65,109,3.0
65,111,29.0
65,22,213.21
65,117,86.44
65,56,125.83
65,86,68.22
65,110,74.61
65,118,94.83
65,23,40.22
65,121,2310.9199999999964
65,122,879.7200000000008
65,126,68.79000000000005
65,128,104.83
65,94,77.22
65,136,360.9600000000001
65,68,273.14
65,93,37.83
65,127,129.66
65,146,2.7600000000000007
65,27,6.999999999999999
65,107,1.1600000000000001
65,144,5.1
65,29,20.320000000000004
65,116,62.05000000000002
65,119,8.6
65,123,40.540000000000006
65,30,111.44999999999999
65,124,28.38
65,125,7.639999999999997
65,4,2.0
65,7,17.0
65,8,29.61
65,72,39.22
65,13,43.0
65,92,28.22
65,98,5.0
65,100,2.0
65,101,6.0
65,37,4.22
65,102,1.0
65,83,8.0
65,142,2.0200000000000005
65,132,2.0400000000000005
65,28,2.2
65,114,5.319999999999999
65,113,13.389999999999997
65,115,25.89
65,139,6.829999999999999
65,140,9.08
65,141,0.28
66,54,94.66
66,61,673.4800000000004
66,65,590.1300000000003
66,46,140.61
66,22,125.18
66,67,732.4200000000006
66,35,14.0
66,41,65.0
66,7,10.0
66,49,65.22
66,52,179.44
66,47,120.66
66,8,19.0
66,48,59.61
66,9,5.609999999999999
66,53,58.61
66,10,16.22
66,55,30.0
66,56,58.83
66,58,178.81000000000003
66,51,41.44
66,59,218.05
66,50,94.44
66,60,367.7200000000002
66,57,135.05
66,11,79.44
66,62,339.5400000000001
66,63,89.44
66,64,387.91000000000014
66,40,16.0
66,69,47.0
66,71,32.61
66,75,60.22
66,13,27.22
66,76,19.61
66,79,9.61
66,81,17.0
66,78,24.22
66,77,27.61
66,92,17.22
66,94,108.83
66,91,57.0
66,15,6.0
66,16,7.0
66,89,44.0
66,39,9.0
66,42,14.61
66,43,42.22
66,17,12.0
66,93,58.61
66,97,71.05
66,70,30.61
66,98,4.609999999999999
66,37,10.0
66,108,7.61
66,85,8.0
66,111,25.83
66,116,14.859999999999998
66,117,53.44
66,118,58.61
66,110,30.61
66,122,76.47999999999999
66,128,161.86000000000007
66,121,123.26999999999998
66,136,32.11000000000001
66,88,8.0
66,127,95.27
66,142,2.79
66,27,1.7200000000000004
66,144,2.3
66,29,3.000000000000001
66,113,4.4799999999999995
66,119,0.28
66,30,7.759999999999998
66,68,24.16
66,126,57.28000000000003
66,124,29.590000000000003
66,140,5.489999999999998
66,34,8.0
66,36,8.0
66,38,3.0
66,3,5.0
66,5,4.0
66,44,43.22
66,6,7.0
66,72,14.0
66,96,0.61
66,73,2.0
66,101,4.0
66,83,9.61
66,112,5.0
66,115,6.0
66,86,44.0
66,23,13.0
66,123,10.379999999999999
66,90,4.0
66,132,0.1
66,133,0.1
66,28,0.38
66,107,0.21000000000000002
66,150,0.38
66,114,0.2
66,125,7.57
66,139,7.349999999999999
66,12,5.0
61,74,4.0
61,21,3.0
61,103,2.0
61,148,2.0
60,74,1.0
60,80,2.0
60,102,5.0
60,83,5.0
60,145,0.61
60,130,0.2
60,134,0.18
60,108,4.609999999999999
60,103,2.0
59,1,2.0
59,145,0.1
59,2,2.0
60,105,0.56
60,150,0.2
60,106,0.43
60,149,0.1
67,33,10.0
67,34,24.0
67,39,16.0
67,38,25.61
67,35,33.22
67,41,163.88
67,43,167.05000000000004
67,42,39.83
67,46,462.7100000000001
67,44,119.05
67,3,31.0
67,4,25.0
67,5,10.61
67,45,78.22
67,6,28.0
67,7,29.0
67,47,376.66
67,49,285.88000000000005
67,50,496.20000000000016
67,51,118.05
67,52,588.3700000000002
67,8,78.22
67,48,124.27
67,53,166.44000000000003
67,10,40.05
67,54,186.10000000000008
67,55,55.83
67,57,223.1500000000001
67,56,109.05
67,58,271.9800000000001
67,59,725.3000000000003
67,60,1142.1600000000003
67,61,409.96000000000026
67,11,147.05
67,62,318.88000000000005
67,64,273.71000000000004
67,65,165.32000000000005
67,66,459.34000000000054
67,40,25.61
67,69,109.44
67,71,79.22
67,72,51.61
67,75,149.44
67,13,72.61
67,76,45.61
67,77,54.0
67,78,25.61
67,86,62.44
67,89,156.44
67,88,54.0
67,92,145.10000000000002
67,94,1119.7300000000007
67,93,352.5200000000002
67,91,230.27000000000004
67,95,34.83
67,17,31.0
67,97,311.76000000000016
67,36,13.0
67,70,64.61
67,98,12.61
67,37,20.0
67,103,4.0
67,102,4.0
67,100,6.0
67,109,0.61
67,111,33.61
67,112,9.0
67,113,4.76
67,22,196.68000000000006
67,117,44.83
67,118,49.22
67,85,9.219999999999999
67,110,35.61
67,23,20.0
67,122,93.64999999999999
67,63,94.66
67,124,258.83000000000004
67,126,1044.060000000001
67,128,3325.7200000000025
67,121,124.81
67,68,129.57999999999998
67,125,188.4600000000001
67,140,115.94999999999997
67,139,74.92999999999999
67,87,24.61
67,127,364.98000000000013
67,142,24.020000000000003
67,27,27.209999999999997
67,130,1.4200000000000002
67,132,6.5
67,138,2.8000000000000003
67,107,3.2399999999999998
67,147,0.78
67,114,5.3599999999999985
67,29,28.259999999999998
67,116,18.800000000000004
67,30,46.36000000000001
67,136,63.01000000000009
66,33,2.0
66,2,4.0
66,4,3.61
66,45,19.0
66,99,2.0
66,84,2.0
66,131,2.0
66,143,0.6599999999999999
66,95,2.61
66,100,2.0
66,134,0.1
66,151,0.2
66,14,7.0
66,74,2.0
66,103,0.61
66,141,0.1
67,9,9.0
67,81,24.83
67,15,56.22
67,18,2.0
66,147,0.18
65,138,2.88
65,38,15.0
65,9,3.0
65,74,7.609999999999999
65,143,1.34
65,133,0.30000000000000004
65,15,2.0
65,34,0.61
65,81,17.61
65,85,8.61
65,36,4.0
65,3,5.0
65,131,0.1
65,151,0.78
68,48,31.400000000000016
68,54,34.28999999999998
68,58,30.90000000000001
68,61,79.47000000000001
68,66,41.32999999999999
68,77,19.170000000000005
68,59,70.72000000000008
68,115,6.639999999999999
68,22,57.85
68,57,79.73000000000003
68,127,5100.689999999996
68,67,242.08000000000015
68,128,126.4000000000001
68,30,88.11999999999999
68,126,832.9300000000006
65,14,4.0
65,73,6.0
65,6,7.0
40,94,20.0
40,95,118.32
40,97,72.05
40,96,31.61
40,143,11.139999999999992
40,130,2.18
40,132,11.339999999999996
40,134,2.740000000000001
40,151,24.45000000000001
40,105,19.89999999999999
40,106,18.609999999999985
40,150,6.6999999999999975
40,113,2.960000000000001
40,68,1.9400000000000004
40,124,3.7400000000000015
40,125,1.7600000000000005
40,4,108.22
40,5,108.49
40,6,144.83
40,49,75.83
40,59,46.61
40,57,52.61
40,58,34.0
40,62,38.61
40,61,16.0
40,77,42.61
40,79,74.66
40,74,32.0
40,78,37.44
40,92,14.0
40,91,112.66
40,50,23.83
40,100,36.61
40,101,43.0
40,20,12.0
40,21,25.0
40,104,64.44
40,115,5.16
40,86,17.61
40,118,8.0
40,87,13.0
40,137,14.889999999999997
40,135,4.0
40,25,9.0
40,146,2.8800000000000012
40,147,1.7600000000000005
40,116,7.659999999999997
40,122,0.5
40,121,4.319999999999999
40,136,3.720000000000002
40,139,3.8600000000000017
40,10,40.61
40,60,14.0
40,131,4.979999999999999
40,81,23.0
40,128,10.0
40,108,13.0
40,51,26.0
40,55,20.0
40,88,19.0
40,65,4.0
40,141,1.2000000000000002
40,148,3.0
40,119,3.2600000000000002
40,99,10.219999999999999
40,16,11.61
40,85,11.0
40,112,12.0
40,24,1.0
40,64,8.0
40,15,16.61
40,63,5.0
40,83,13.61
40,23,2.61
40,120,2.0
40,149,0.5
40,67,4.0
40,145,0.2
40,123,0.4
40,80,7.0
12,33,10.61
12,35,52.05
12,34,28.0
12,36,25.61
12,38,55.44
12,39,16.22
12,2,0.61
12,41,1040.67
12,42,51.83
12,43,40.0
12,44,87.49
12,46,29.61
12,45,10.829999999999998
12,3,92.66
12,4,2.0
12,5,8.0
12,47,27.049999999999997
12,6,10.0
12,48,20.0
12,7,4.0
12,49,4.0
12,51,2.0
12,8,2.61
12,9,4.61
12,53,10.61
12,10,5.61
12,52,25.0
12,55,2.0
12,54,6.0
12,57,2.0
12,11,2.0
12,62,3.0
12,60,4.0
12,59,2.0
12,40,355.28000000000014
12,69,120.88
12,70,61.83
12,71,58.22
12,72,13.0
12,75,24.61
12,13,11.0
12,76,1.0
12,79,2.0
12,81,2.0
12,77,3.0
12,89,8.0
12,88,0.61
12,92,4.0
12,93,2.0
12,91,9.0
12,15,2.0
12,95,10.219999999999999
12,17,2.0
12,97,9.0
12,50,6.609999999999999
12,18,7.0
12,19,1.61
12,98,13.219999999999999
12,73,1.22
12,99,2.0
12,100,4.0
12,101,3.0
12,20,2.0
12,37,6.609999999999999
12,102,2.0
12,104,4.0
12,83,2.0
12,111,2.0
12,22,9.98
12,56,2.0
12,23,2.0
12,124,3.1799999999999997
12,134,2.6
12,96,2.0
12,135,4.0
12,103,4.0
12,143,5.739999999999999
12,105,4.46
12,138,5.040000000000001
12,142,4.06
12,27,9.57
12,130,0.6
12,131,0.48
12,132,3.82
12,133,0.48
12,137,0.58
12,151,3.1400000000000006
12,28,8.01
12,106,1.51
12,107,3.46
12,150,1.6700000000000002
12,149,0.1
12,145,0.18
12,144,3.52
12,146,0.8800000000000001
12,147,0.3
12,114,1.88
12,29,7.21
12,113,0.7999999999999999
12,115,0.30000000000000004
12,116,1.68
12,119,0.4
12,123,0.1
12,122,0.2
12,121,0.78
12,30,4.1
12,136,1.2800000000000002
12,68,0.5
12,126,5.899999999999999
12,125,0.5
12,139,0.5
12,140,1.78
12,141,0.1
41,23,2.0
41,85,3.0
41,64,2.0
40,110,2.0
69,35,379.3200000000001
69,34,188.27
69,36,273.3200000000001
69,1,16.0
69,38,253.71000000000006
69,41,2494.5399999999977
69,42,186.81000000000003
69,46,565.8600000000002
69,3,419.5400000000001
69,44,4200.710000000005
69,4,329.54
69,5,262.32000000000005
69,45,483.04000000000053
69,6,494.5400000000001
69,47,1510.7199999999993
69,7,158.27
69,49,164.05
69,8,206.1500000000001
69,48,1499.099999999999
69,9,103.83
69,53,460.9600000000003
69,10,113.1
69,52,1357.0399999999995
69,54,147.88000000000002
69,51,64.61
69,57,164.27
69,11,74.0
69,62,106.27
69,66,2.61
69,40,2694.289999999997
69,12,248.27000000000004
69,70,1657.2899999999984
69,71,3239.5800000000013
69,74,68.92999999999999
69,72,674.6500000000008
69,75,2760.3399999999974
69,13,1602.76
69,76,295.7900000000003
69,79,139.86
69,78,87.22
69,81,77.44
69,89,126.22
69,91,165.27000000000004
69,15,34.61
69,39,68.83
69,43,271.66
69,17,62.83
69,18,102.49
69,98,514.0800000000003
69,73,156.54
69,100,60.83
69,37,347.05000000000007
69,101,81.61
69,22,256.25
69,56,47.61
69,142,17.619999999999983
69,143,14.75999999999999
69,27,42.66000000000001
69,131,7.379999999999999
69,132,15.389999999999995
69,137,5.759999999999996
69,138,23.18000000000001
69,151,30.990000000000023
69,105,26.730000000000032
69,28,49.79
69,106,14.269999999999984
69,107,33.820000000000014
69,150,10.209999999999996
69,144,34.06000000000001
69,146,7.719999999999997
69,147,2.480000000000001
69,114,13.339999999999986
69,29,57.18
69,113,10.68999999999999
69,115,2.2600000000000007
69,116,13.219999999999988
69,121,7.029999999999998
69,30,28.25
69,68,3.7600000000000007
69,126,32.030000000000044
69,124,8.019999999999998
69,125,3.290000000000001
69,140,7.559999999999997
69,141,3.7800000000000002
69,59,79.22
69,19,80.49
69,102,103.44
69,104,52.0
69,23,9.0
69,134,7.179999999999999
69,122,9.76
69,2,36.61
69,117,7.0
69,130,6.839999999999998
69,119,3.1200000000000006
69,58,102.44
69,85,11.61
69,111,20.61
69,96,10.0
69,133,1.6800000000000006
69,136,7.5999999999999925
69,139,5.019999999999999
40,84,2.0
40,117,2.0
40,26,2.0
69,33,72.61
69,16,10.22
69,95,70.44
69,97,74.66
69,93,8.0
69,99,15.61
69,20,22.61
69,67,15.0
69,128,17.61
69,60,17.61
69,24,2.0
69,103,47.22
69,26,4.0
69,61,20.22
69,80,23.83
69,86,38.61
69,25,3.0
69,55,72.83
69,64,12.0
69,77,109.71
69,83,20.0
69,50,31.83
69,63,14.0
69,90,14.61
69,87,4.0
69,92,7.220000000000001
69,108,23.61
69,110,16.0
69,88,10.219999999999999
69,21,29.0
69,118,19.0
44,82,2.0
69,32,12.61
69,112,11.0
69,129,2.0
69,65,6.609999999999999
69,123,0.6
69,14,14.0
69,94,16.0
69,84,9.61
69,145,0.2
69,109,4.609999999999999
69,149,0.5800000000000001
69,135,2.0
69,31,12.0
70,4,70.22
70,69,1832.5099999999977
70,71,3947.3900000000003
70,98,4137.500000000004
70,37,1699.1999999999966
70,22,122.50999999999998
70,132,27.659999999999997
70,28,175.63
70,107,93.50999999999998
70,29,105.85999999999999
70,30,44.83999999999999
70,33,153.1
70,35,949.3300000000006
70,34,278.93000000000006
70,36,2015.6199999999947
70,38,365.3700000000001
70,2,141.42000000000002
70,40,2786.529999999999
70,41,1532.9899999999989
70,42,106.66
70,44,703.8100000000003
70,3,167.88000000000002
70,45,126.22
70,46,301.8800000000001
70,6,109.22
70,47,527.32
70,7,58.0
70,49,69.0
70,50,23.0
70,52,528.2500000000002
70,8,113.44
70,48,355.49000000000007
70,53,146.05
70,54,65.83
70,51,9.61
70,61,14.0
70,12,155.66
70,74,130.66
70,72,382.84000000000043
70,75,608.0800000000003
70,13,378.86
70,76,70.22
70,80,31.439999999999998
70,81,70.61
70,89,102.61
70,93,21.0
70,91,103.22
70,95,45.83
70,39,68.1
70,43,188.26999999999998
70,97,41.61
70,18,872.73
70,19,1454.3699999999997
70,73,776.6200000000009
70,100,110.27
70,20,79.66
70,101,246.2000000000001
70,102,348.5900000000002
70,104,157.44000000000003
70,106,60.73000000000012
70,83,40.61
70,111,10.0
70,57,72.22
70,96,33.83
70,90,26.61
70,103,173.93
70,142,40.06000000000001
70,143,29.300000000000026
70,27,85.63000000000002
70,131,8.639999999999995
70,138,38.10000000000003
70,151,131.17999999999964
70,105,68.48000000000006
70,150,37.56000000000002
70,144,52.960000000000015
70,146,11.439999999999985
70,114,31.14000000000002
70,115,4.200000000000001
70,116,21.240000000000006
70,119,4.220000000000001
70,136,12.029999999999983
70,126,52.42000000000005
70,124,9.529999999999998
70,140,16.879999999999992
70,1,87.88
70,10,44.22
70,62,36.22
70,79,107.05
70,78,71.27
70,14,10.61
70,15,19.61
70,21,69.44
70,82,12.0
70,117,7.0
70,86,40.0
70,56,19.0
70,23,1.0
70,25,8.61
70,99,47.83
70,130,7.679999999999999
70,133,6.259999999999996
70,134,7.379999999999993
70,137,16.00999999999999
70,149,2.580000000000001
70,145,1.4700000000000004
70,147,5.879999999999998
70,113,12.779999999999989
70,123,1.4400000000000002
70,121,8.019999999999998
70,125,6.729999999999997
70,139,6.529999999999995
70,31,31.61
70,11,51.44
70,59,34.0
70,65,2.0
70,68,4.230000000000001
70,122,5.42
70,77,48.0
70,92,10.61
70,108,19.83
70,109,2.61
70,148,9.219999999999999
70,141,1.08
70,9,47.61
70,58,43.61
70,64,9.0
70,67,5.0
70,5,64.0
70,17,31.0
70,84,4.0
70,118,17.0
70,135,5.609999999999999
70,60,11.0
70,87,4.0
71,33,66.83
71,35,344.03000000000014
71,34,132.61
71,36,335.74000000000024
71,43,175.10000000000005
71,42,91.05
71,41,1215.18
71,3,156.05
71,4,86.22
71,44,857.8100000000002
71,45,118.88
71,6,133.22
71,48,558.2000000000002
71,7,82.61
71,47,794.0800000000003
71,49,104.0
71,51,40.61
71,8,118.49
71,53,290.1500000000001
71,52,757.4200000000002
71,54,87.44
71,58,46.22
71,57,115.22
71,40,1334.6899999999991
71,12,122.22
71,69,3111.000000000004
71,70,4222.160000000003
71,74,466.8900000000003
71,72,2760.1699999999987
71,75,1842.099999999996
71,13,675.7900000000003
71,76,236.81000000000006
71,79,324.0300000000001
71,81,198.27000000000004
71,91,98.0
71,17,41.0
71,46,293.32000000000005
71,97,47.44
71,18,142.66
71,19,175.03
71,37,565.8600000000002
71,98,1639.0699999999993
71,73,1178.1800000000005
71,102,200.66000000000003
71,104,82.22
71,105,49.080000000000084
71,83,44.61
71,85,28.22
71,22,206.63999999999996
71,56,54.61
71,65,7.0
71,87,9.0
71,142,18.080000000000002
71,27,46.33000000000001
71,132,14.819999999999995
71,151,53.500000000000114
71,28,73.21000000000001
71,106,41.160000000000075
71,114,26.20000000000002
71,29,94.43000000000002
71,121,5.759999999999997
71,30,33.30000000000001
71,80,92.05
71,78,284.3700000000001
71,122,11.139999999999997
71,130,3.4200000000000013
71,137,5.77
71,138,17.619999999999987
71,107,42.17000000000008
71,150,23.24000000000001
71,144,44.96000000000003
71,147,5.739999999999999
71,136,9.299999999999988
71,68,3.2200000000000015
71,126,31.56000000000006
71,1,17.22
71,32,4.61
71,2,51.61
71,38,136.83
71,5,84.44
71,10,75.44
71,89,69.22
71,88,12.0
71,16,10.0
71,95,31.83
71,99,87.32
71,100,181.76000000000008
71,101,181.10000000000008
71,20,42.61
71,21,37.0
71,103,55.83
71,108,44.61
71,111,27.0
71,113,22.420000000000005
71,118,13.61
71,143,15.85999999999998
71,131,1.2800000000000002
71,133,4.080000000000001
71,134,4.340000000000002
71,149,3.18
71,146,12.119999999999985
71,115,4.280000000000001
71,116,19.160000000000004
71,119,3.820000000000002
71,124,6.1999999999999975
71,125,2.7300000000000013
71,139,2.7800000000000016
71,140,10.459999999999988
71,141,0.6
71,59,36.83
71,50,24.0
71,60,23.61
71,86,70.83
71,123,2.0800000000000005
71,11,35.61
71,77,100.27
71,117,15.0
71,62,59.22
71,92,11.22
71,110,9.0
71,9,75.83
71,61,33.0
71,39,38.22
71,145,2.8800000000000003
71,14,10.61
71,26,6.0
71,109,5.609999999999999
71,55,36.44
71,66,1.0
71,112,19.0
71,135,6.0
71,15,13.22
71,128,5.0
71,96,8.61
71,31,8.61
71,64,9.0
71,94,20.0
71,63,15.0
71,84,18.61
71,93,6.0
72,34,71.22
72,32,6.0
72,42,36.0
72,41,701.5900000000001
72,3,72.44
72,44,670.2500000000002
72,46,198.2700000000001
72,47,747.2000000000002
72,49,88.61
72,52,1035.6400000000003
72,8,85.66
72,48,539.6200000000005
72,53,440.03000000000026
72,10,100.05
72,55,81.27
72,58,93.44
72,57,170.49
72,11,74.0
72,62,100.05
72,40,339.5900000000001
72,12,71.61
72,69,1101.4200000000008
72,70,676.3500000000004
72,71,4508.069999999996
72,73,529.4600000000008
72,75,3547.8200000000015
72,13,809.8200000000003
72,76,697.8000000000009
72,77,267.52000000000015
72,79,1716.459999999997
72,78,614.1000000000009
72,80,412.36000000000035
72,74,1168.7800000000018
72,89,48.0
72,95,15.61
72,43,106.44
72,19,32.61
72,36,116.83
72,98,339.0800000000002
72,101,86.05
72,20,18.0
72,37,154.88000000000005
72,110,20.0
72,22,269.64
72,56,113.05
72,86,93.44
72,118,20.61
72,127,4.0
72,27,10.420000000000002
72,134,0.76
72,105,13.219999999999992
72,28,13.079999999999997
72,106,5.179999999999998
72,107,18.460000000000008
72,150,10.409999999999995
72,149,5.01
72,144,39.41000000000001
72,146,3.280000000000002
72,114,9.919999999999991
72,29,34.62
72,116,7.099999999999999
72,30,11.86
72,136,3.020000000000002
72,31,8.0
72,35,155.44
72,4,66.22
72,5,58.61
72,45,95.05
72,6,89.83
72,7,60.61
72,51,57.83
72,54,112.22
72,81,425.9900000000005
72,85,88.97999999999999
72,91,42.22
72,17,15.0
72,100,176.93
72,102,72.22
72,108,63.83
72,109,10.219999999999999
72,130,0.9799999999999999
72,132,3.0200000000000005
72,151,24.610000000000014
72,68,0.78
72,126,12.149999999999995
71,23,8.0
71,148,15.0
71,67,4.61
71,90,9.0
71,82,4.0
71,120,2.0
73,34,144.05
73,35,231.27
73,40,325.10000000000014
73,41,477.3200000000001
73,42,40.61
73,3,40.61
73,44,345.9300000000001
73,5,34.0
73,45,63.61
73,6,48.22
73,47,302.8800000000001
73,49,33.0
73,8,58.61
73,48,227.54000000000008
73,52,379.1000000000001
73,53,157.49
73,55,34.0
73,57,84.0
73,12,46.61
73,69,558.2500000000001
73,70,1968.7799999999972
73,71,2903.879999999999
73,74,1131.1000000000004
73,72,898.6300000000009
73,75,695.2500000000002
73,13,390.7100000000001
73,76,105.44
73,77,82.22
73,79,175.27000000000004
73,81,227.54000000000008
73,80,124.32
73,78,192.49000000000004
73,89,49.61
73,39,28.61
73,43,91.44
73,46,146.66000000000003
73,97,28.0
73,18,135.44
73,19,145.48999999999998
73,36,310.5900000000001
73,98,3947.1700000000033
73,99,537.2400000000002
73,100,2061.2299999999973
73,37,1036.4500000000005
73,21,56.83
73,103,78.83
73,104,145.44
73,102,471.5900000000002
73,101,1007.9800000000014
73,83,113.1
73,108,112.22
73,22,116.42000000000002
73,62,20.0
73,63,6.0
73,26,8.0
73,27,9.799999999999999
73,28,22.889999999999997
73,150,36.460000000000015
73,144,48.230000000000025
73,147,1.4600000000000002
73,29,18.34
73,126,6.139999999999998
73,7,36.61
73,51,24.0
73,10,23.0
73,54,36.83
73,82,10.44
73,14,12.0
73,15,2.0
73,59,37.0
73,50,20.0
73,20,144.05
73,84,25.22
73,86,37.61
73,94,7.0
73,149,2.880000000000001
73,132,2.900000000000001
73,151,76.6
73,107,41.16000000000004
73,30,7.039999999999998
73,140,1.2
73,38,90.66
73,60,20.0
73,56,43.22
73,111,33.61
73,113,9.959999999999997
73,105,21.950000000000003
73,114,6.359999999999999
73,4,29.0
73,146,7.559999999999995
73,136,1.6600000000000004
74,35,89.83
74,60,13.0
74,71,1442.799999999999
74,69,380.5400000000001
74,73,1569.3399999999986
74,72,2045.759999999995
74,75,769.2500000000002
74,79,412.55000000000035
74,81,996.690000000001
74,78,333.0600000000003
74,77,89.27
74,46,98.83
74,18,20.0
74,98,532.7900000000003
74,99,704.3000000000005
74,100,654.1400000000006
74,101,201.05
74,102,124.05
74,83,252.93000000000012
74,22,128.18000000000004
74,57,88.61
74,139,2.3800000000000003
74,150,29.570000000000004
74,142,0.98
74,143,1.32
74,27,5.2
74,138,5.139999999999999
74,151,12.279999999999998
74,105,3.700000000000001
74,28,5.640000000000001
74,107,16.34
74,145,6.28
74,144,80.51
74,146,7.789999999999999
74,114,6.059999999999995
74,29,12.339999999999998
74,113,14.519999999999998
74,116,10.169999999999998
74,119,0.48
74,30,4.32
74,126,3.360000000000001
74,41,288.05
74,44,242.88000000000005
74,48,191.71000000000004
74,7,26.61
74,49,34.61
74,47,291.10000000000014
74,52,454.4900000000001
74,54,55.83
74,51,20.61
74,40,144.27000000000004
74,13,311.69000000000005
74,80,901.0200000000008
74,91,33.0
74,89,16.61
74,43,48.83
74,70,514.6400000000002
74,104,58.22
74,108,197.32000000000008
74,115,4.299999999999999
74,86,59.61
74,118,19.22
74,103,13.219999999999999
74,132,1.5400000000000003
74,106,18.349999999999998
74,37,200.88000000000002
74,34,38.61
74,4,33.61
74,8,33.83
74,53,162.27000000000004
74,62,50.61
74,59,32.0
74,76,171.64000000000004
74,55,33.61
74,82,35.22
74,97,21.0
74,19,43.0
74,36,99.83
74,20,26.22
74,85,30.27
74,112,16.22
74,56,45.61
74,110,18.0
74,109,26.0
74,147,1.4400000000000002
74,124,0.8400000000000001
74,42,26.61
74,3,36.22
74,5,13.61
74,45,38.83
74,6,23.0
74,11,45.22
74,61,17.0
74,12,21.0
74,21,15.0
74,84,44.22
74,111,33.22
74,23,4.609999999999999
74,63,16.61
74,136,2.8400000000000007
74,2,8.0
74,58,43.0
74,50,15.0
74,121,0.58
74,9,22.0
74,93,1.6099999999999999
74,15,2.0
74,39,7.609999999999999
74,117,10.61
74,10,22.0
74,95,18.0
74,149,1.17
74,67,2.0
74,122,2.0
74,140,3.7600000000000007
72,33,32.61
72,38,65.83
72,9,72.0
72,59,58.22
72,61,12.0
72,99,123.07999999999998
72,104,33.61
72,82,5.0
72,83,49.44
72,111,27.83
72,23,5.0
72,63,8.22
72,121,3.9400000000000017
72,103,26.61
72,131,0.48
72,138,2.740000000000001
72,125,0.98
72,140,2.400000000000001
74,33,16.0
74,38,33.0
74,31,2.0
74,17,18.61
74,64,15.0
74,65,1.0
74,92,2.0
72,16,2.0
72,128,8.0
72,113,9.459999999999997
72,119,1.18
72,124,3.5800000000000005
72,64,10.0
72,50,53.61
72,21,4.0
72,112,15.0
72,94,17.0
72,142,3.1600000000000015
72,147,2.3000000000000003
72,115,3.8000000000000007
72,122,8.579999999999998
72,93,13.61
72,84,38.61
72,96,2.0
72,143,2.840000000000001
72,2,5.0
72,15,2.0
72,18,22.83
72,139,1.2600000000000002
72,88,4.0
72,92,7.0
72,39,15.61
72,137,0.2
72,97,17.61
72,117,18.0
72,60,15.61
72,67,8.0
72,24,1.0
72,123,2.4800000000000004
72,148,6.22
72,14,2.0
72,66,1.0
72,133,2.2
72,1,1.0
72,141,0.1
75,44,1217.4
75,8,125.66
75,47,1138.91
75,53,921.9400000000006
75,52,1231.9599999999998
75,54,182.71000000000006
75,58,106.44
75,40,317.4200000000002
75,69,1954.4099999999949
75,71,1519.3399999999988
75,74,136.32
75,72,1893.8699999999951
75,13,3659.0199999999995
75,76,1594.8399999999954
75,77,336.79000000000036
75,79,617.2600000000007
75,78,320.35000000000025
75,70,459.15000000000015
75,73,150.10000000000002
75,99,33.22
75,100,61.05
75,111,47.61
75,22,246.93000000000004
75,142,9.059999999999997
75,143,8.179999999999994
75,27,25.18000000000002
75,132,8.379999999999997
75,134,1.3800000000000001
75,138,8.849999999999996
75,151,15.489999999999977
75,105,8.709999999999992
75,28,26.580000000000016
75,106,10.789999999999992
75,107,18.969999999999995
75,150,8.699999999999996
75,145,2.7
75,144,31.44000000000002
75,146,8.039999999999997
75,147,2.8800000000000003
75,114,14.99999999999998
75,29,60.38000000000001
75,113,10.659999999999991
75,115,8.62
75,116,13.409999999999984
75,119,2.5400000000000005
75,122,5.279999999999999
75,121,16.560000000000002
75,30,23.320000000000018
75,136,8.599999999999994
75,68,4.719999999999999
75,126,28.830000000000066
75,124,9.729999999999997
75,140,7.299999999999997
75,35,127.05
75,41,612.9300000000002
75,4,115.22
75,5,110.22
75,6,188.05
75,49,109.49
75,48,1840.3699999999963
75,10,147.48999999999998
75,59,87.22
75,81,151.27
75,80,80.88
75,85,38.83
75,92,10.0
75,46,234.7100000000001
75,37,126.61
75,102,41.0
75,94,20.61
75,33,30.61
75,34,57.22
75,36,78.0
75,43,152.82999999999998
75,45,96.71
75,3,87.22
75,9,100.0
75,55,118.1
75,57,131.44
75,51,46.0
75,62,104.44
75,91,44.61
75,95,18.0
75,97,56.0
75,19,33.0
75,98,192.88000000000005
75,104,26.0
75,86,99.83
75,118,16.0
75,31,3.8299999999999996
75,148,8.0
75,130,1.6600000000000004
75,137,2.8000000000000003
75,125,5.639999999999999
75,139,2.9000000000000004
75,38,78.22
75,12,66.61
75,89,47.61
75,50,44.0
75,101,51.61
75,83,40.22
75,112,21.0
75,117,23.0
75,127,1.0
75,90,6.22
75,108,47.22
75,61,33.0
75,64,13.0
75,2,14.0
75,42,42.61
75,7,96.44
75,11,67.22
75,60,21.61
75,84,14.0
75,39,21.61
75,20,6.609999999999999
75,63,14.0
75,67,10.0
75,131,0.6
75,133,1.7700000000000005
75,149,0.30000000000000004
75,123,0.7
75,103,16.61
75,88,10.61
75,109,6.22
75,56,75.61
75,15,5.0
75,1,6.0
75,65,4.0
75,17,23.61
75,110,14.0
75,128,5.220000000000001
75,96,10.0
75,18,17.0
75,87,4.0
75,82,3.0
75,93,8.0
75,23,8.0
75,14,8.0
75,16,5.609999999999999
75,32,8.0
75,21,3.0
75,66,2.61
75,129,2.0
75,26,4.0
75,141,0.38
13,31,4.609999999999999
13,32,2.0
13,33,9.0
13,35,39.83
13,34,15.439999999999998
13,36,24.83
13,37,20.61
13,1,2.0
13,38,16.61
13,2,4.0
13,41,112.49
13,42,20.22
13,43,26.61
13,44,372.30000000000007
13,45,48.49
13,3,28.61
13,4,23.61
13,5,21.0
13,46,52.44
13,47,301.5400000000001
13,6,38.61
13,48,852.3600000000002
13,7,20.0
13,49,32.44
13,50,14.61
13,51,23.22
13,52,220.27
13,8,18.61
13,9,31.22
13,53,307.64000000000016
13,10,21.22
13,54,58.05
13,55,78.32
13,56,26.049999999999997
13,57,24.61
13,58,31.049999999999997
13,59,14.61
13,60,14.0
13,11,14.0
13,62,28.83
13,61,9.61
13,64,8.0
13,67,6.609999999999999
13,65,6.0
13,40,106.27
13,12,4.0
13,69,771.8300000000003
13,70,145.59
13,71,277.9100000000001
13,72,304.1800000000001
13,73,66.44
13,74,81.05
13,75,2067.479999999999
13,76,339.50000000000017
13,77,106.75999999999999
13,78,136.76
13,79,164.20000000000005
13,80,40.269999999999996
13,81,42.489999999999995
13,82,0.61
13,84,7.609999999999999
13,85,22.439999999999998
13,86,74.88
13,87,8.0
13,89,17.22
13,90,1.6099999999999999
13,88,8.0
13,92,4.83
13,93,5.0
13,94,8.61
13,91,11.61
13,15,2.0
13,95,12.22
13,39,2.61
13,97,5.22
13,18,4.0
13,19,4.61
13,98,52.05
13,99,23.0
13,100,34.22
13,101,21.22
13,20,6.0
13,102,20.22
13,104,6.0
13,106,6.38
13,83,7.0
13,108,10.61
13,111,10.829999999999998
13,112,6.22
13,115,6.11
13,116,6.17
13,22,25.04
13,117,5.609999999999999
13,118,6.22
13,110,1.6099999999999999
13,23,1.0
13,121,10.6
13,122,5.4
13,63,6.0
13,123,0.81
13,96,1.22
13,136,4.0
13,138,7.37
13,135,5.0
13,103,1.0
13,139,2.7800000000000002
13,142,3.6799999999999997
13,127,3.2199999999999998
13,119,1.31
13,109,8.61
13,144,8.51
13,148,6.0
13,150,7.359999999999999
13,145,2.0
13,151,4.84
13,143,2.66
13,27,8.07
13,130,0.4
13,131,0.2
13,132,2.44
13,133,0.3
13,134,0.4
13,137,0.38
13,105,1.8599999999999999
13,28,6.42
13,107,3.03
13,149,0.1
13,146,1.0999999999999999
13,147,0.68
13,114,3.46
13,29,16.5
13,113,1.68
13,30,7.73
13,68,0.8
13,126,8.53
13,124,1.78
13,125,0.7
13,140,1.7799999999999998
76,8,144.71
76,47,872.4200000000003
76,53,1410.069999999999
76,52,1585.2599999999989
76,59,100.83
76,13,946.9900000000004
76,75,2793.809999999998
76,77,1047.2500000000014
76,78,519.7000000000005
76,81,150.88
76,22,310.29
76,48,838.4800000000006
76,11,91.22
76,41,429.88000000000005
76,46,228.27000000000004
76,144,15.799999999999997
75,25,2.0
76,35,80.83
76,38,61.0
76,42,19.22
76,45,82.61
76,3,51.44
76,44,495.3700000000001
76,4,56.61
76,5,49.22
76,6,64.61
76,7,46.83
76,49,114.44
76,50,62.83
76,51,96.27
76,9,57.61
76,10,189.71
76,55,309.4700000000002
76,54,244.30000000000013
76,58,129.66
76,62,100.05
76,60,32.61
76,40,143.82999999999998
76,69,446.52000000000027
76,70,159.61
76,71,412.0300000000001
76,72,657.9900000000005
76,79,803.780000000001
76,80,36.099999999999994
76,74,67.66
76,89,38.0
76,95,12.0
76,43,65.44
76,97,28.61
76,36,50.83
76,98,65.83
76,73,64.22
76,99,17.22
76,100,34.0
76,101,11.61
76,103,2.61
76,104,15.0
76,83,37.83
76,108,33.0
76,112,9.61
76,57,161.88
76,56,110.05
76,85,68.66
76,86,117.49
76,118,40.22
76,67,15.61
76,132,3.5400000000000014
76,27,4.82
76,151,8.62
76,28,3.260000000000001
76,146,2.860000000000001
76,147,0.86
76,114,6.839999999999996
76,29,17.980000000000008
76,113,7.439999999999999
76,116,10.799999999999994
76,121,9.44
76,30,6.080000000000001
76,126,9.219999999999995
76,140,1.8100000000000007
76,61,21.0
76,111,61.22
76,105,1.12
76,136,1.2800000000000002
76,39,8.0
76,64,10.0
76,90,8.0
76,142,1.6600000000000001
76,107,3.2900000000000005
76,68,0.6799999999999999
76,31,4.0
76,33,20.61
76,84,17.61
76,92,6.0
76,91,52.22
76,37,41.0
76,63,24.0
76,149,3.0
76,143,1.08
76,138,2.8600000000000003
76,106,0.68
76,150,0.7799999999999999
76,119,0.5800000000000001
76,124,5.18
76,125,0.5800000000000001
76,139,2.5800000000000005
76,12,30.22
76,14,12.0
76,88,6.0
76,94,8.219999999999999
76,19,9.61
76,117,20.0
76,96,2.0
76,34,32.61
76,109,5.0
76,131,0.38
76,20,4.0
76,102,15.0
76,122,6.299999999999999
76,16,2.0
76,18,7.0
76,93,14.0
76,148,6.0
76,128,5.0
76,23,8.61
76,87,5.609999999999999
76,110,15.61
76,130,0.28
76,115,2.5000000000000004
76,133,0.1
76,17,12.0
76,134,0.1
76,127,3.0
76,137,0.1
76,1,2.0
76,15,2.0
76,65,5.0
55,2,2.0
77,35,77.22
77,34,22.61
77,44,304.8800000000001
77,41,248.27000000000004
77,5,26.0
77,45,75.83
77,48,557.5700000000004
77,7,54.44
77,47,679.6400000000003
77,49,108.71
77,51,81.05
77,52,1342.0399999999993
77,8,97.88
77,9,54.22
77,53,947.9900000000007
77,54,414.82000000000056
77,55,620.4800000000007
77,58,168.66
77,59,104.61
77,57,345.76000000000016
77,11,127.49
77,62,201.1500000000001
77,40,108.61
77,69,273.49000000000007
77,71,280.27000000000004
77,72,297.2000000000002
77,75,1041.0600000000006
77,13,469.30000000000007
77,76,1148.3499999999997
77,79,428.3300000000005
77,78,1656.4499999999994
77,81,252.6400000000001
77,86,576.4300000000005
77,89,31.83
77,16,6.0
77,42,29.22
77,17,9.61
77,46,192.66000000000003
77,43,100.61
77,50,54.44
77,70,154.44
77,98,49.22
77,73,35.61
77,111,109.66
77,112,23.61
77,22,374.1699999999999
77,56,406.5000000000004
77,118,95.44
77,120,1.0
77,63,37.22
77,94,19.0
77,103,8.0
77,144,39.26000000000001
77,27,6.78
77,132,2.1400000000000006
77,105,3.9100000000000006
77,107,2.8200000000000007
77,150,4.24
77,147,3.3600000000000003
77,114,10.929999999999996
77,29,45.52
77,30,14.499999999999998
77,125,0.96
77,140,3.66
55,18,2.0
55,137,2.0
77,37,48.0
77,36,23.61
77,2,3.0
77,38,28.22
77,3,33.22
77,4,36.0
77,6,58.61
77,10,184.32
77,60,40.22
77,61,57.22
77,64,25.0
77,12,14.0
77,80,59.83
77,85,248.35000000000016
77,97,24.83
77,19,9.0
77,122,11.859999999999998
77,93,15.219999999999999
77,92,4.0
77,109,7.609999999999999
77,148,4.0
77,143,2.520000000000001
77,130,0.4
77,28,5.0
77,146,7.499999999999996
77,119,3.560000000000001
77,126,11.399999999999988
77,124,1.8400000000000003
77,83,50.22
77,108,63.61
77,84,27.439999999999998
77,145,4.299999999999999
77,142,1.9600000000000002
77,134,0.30000000000000004
77,138,3.5100000000000002
77,151,2.31
77,106,2.9000000000000004
77,113,19.98
77,115,17.26
77,116,20.62
77,123,2.4
77,121,14.339999999999995
77,136,6.089999999999999
77,68,2.98
77,141,0.1
77,23,14.83
77,91,46.61
77,74,42.66
77,88,11.219999999999999
77,15,4.0
77,100,16.83
77,117,27.22
77,110,70.44
77,104,12.61
77,33,10.0
77,90,4.0
77,39,10.61
77,101,11.0
77,21,6.0
77,139,0.96
77,102,14.61
77,67,9.0
76,123,2.1
77,14,5.0
77,18,15.0
76,82,2.0
77,133,0.2
77,32,2.0
77,82,2.0
77,128,13.0
77,96,2.0
77,99,9.219999999999999
77,1,2.0
77,95,9.0
77,131,3.1
78,41,382.5400000000001
78,44,291.27000000000004
78,42,39.61
78,45,67.22
78,6,55.61
78,47,699.8600000000004
78,7,47.83
78,49,103.61
78,8,112.83
78,48,469.1500000000002
78,53,660.5200000000003
78,10,112.44
78,52,1357.96
78,54,233.1500000000001
78,55,265.8100000000002
78,58,114.27
78,60,24.0
78,12,41.0
78,69,335.3700000000001
78,71,730.5200000000003
78,74,180.9100000000001
78,72,941.220000000001
78,75,1239.0899999999997
78,13,520.5200000000001
78,76,793.9000000000009
78,77,2439.59
78,79,1602.5399999999977
78,80,309.99000000000035
78,81,2311.7399999999966
78,56,243.76000000000008
78,86,503.13000000000034
78,91,50.0
78,46,174.27000000000004
78,50,54.0
78,36,58.83
78,98,141.05
78,70,324.2700000000001
78,37,96.44
78,108,193.5900000000001
78,83,181.66000000000003
78,22,406.79999999999995
78,57,393.8100000000002
78,110,122.66
78,63,42.22
78,67,23.22
78,34,30.61
78,103,21.0
78,127,6.609999999999999
78,145,5.99
78,27,8.099999999999998
78,28,7.299999999999999
78,150,7.08
78,29,47.20000000000002
78,115,24.640000000000004
78,30,13.379999999999999
78,124,4.24
78,59,81.83
78,85,944.7300000000009
78,14,5.0
78,100,84.44
78,107,9.219999999999997
78,111,209.49000000000007
78,149,2.91
78,144,102.01999999999995
78,114,15.389999999999985
78,126,13.479999999999988
78,33,13.61
78,5,47.0
78,11,136.22
78,62,169.05
78,40,202.27
78,89,67.83
78,43,101.22
78,73,115.66
78,117,40.0
78,132,2.78
78,105,6.119999999999999
78,119,1.5600000000000003
79,35,58.44
79,36,56.61
79,41,335.1000000000001
79,44,293.71000000000004
79,48,334.7600000000001
79,47,492.2000000000002
79,8,61.61
79,9,36.83
79,53,366.59000000000015
79,10,77.44
79,52,752.4200000000002
79,55,107.27
79,54,131.66
79,11,51.61
79,40,167.66000000000003
79,69,329.0300000000002
79,71,755.0600000000005
79,72,1957.869999999997
79,75,1440.3399999999983
79,13,418.79
79,76,832.0400000000008
79,77,484.60000000000053
79,78,1470.669999999999
79,81,634.9000000000004
79,80,423.15000000000015
79,74,254.86000000000013
79,15,5.0
79,43,61.61
79,46,112.44
79,70,191.10000000000005
79,73,91.27
79,99,18.22
79,102,22.0
79,83,53.61
79,85,117.80999999999999
79,22,201.52000000000004
79,57,157.83
79,110,23.61
79,127,2.0
79,108,61.22
79,27,4.540000000000001
79,28,4.929999999999999
79,107,8.959999999999997
79,150,1.9600000000000009
79,144,23.959999999999994
79,114,5.640000000000001
79,29,20.939999999999998
79,113,7.4399999999999995
79,30,6.34
79,126,9.68999999999999
79,34,34.61
79,38,36.0
79,7,34.0
79,49,46.61
79,50,32.0
79,59,65.83
79,58,59.22
79,62,85.83
79,64,13.61
79,86,74.22
79,91,35.0
79,98,97.44
79,37,54.0
79,56,61.0
79,118,21.61
79,63,11.0
79,96,3.0
79,115,8.699999999999998
79,130,0.2
76,120,4.0
79,33,14.0
79,45,32.61
79,5,34.22
79,6,68.61
79,51,34.61
79,60,24.0
79,12,35.61
79,89,20.0
79,95,13.0
79,42,19.61
79,18,7.0
79,19,20.0
79,100,56.83
79,101,21.61
79,104,19.0
79,84,21.83
79,111,50.83
79,117,6.609999999999999
79,122,3.0100000000000002
79,139,2.5800000000000005
79,143,1.4600000000000004
79,134,0.2
79,137,2.3000000000000003
79,138,2.8800000000000003
79,116,7.719999999999999
79,125,0.68
79,140,1.1600000000000001
76,21,4.0
79,2,4.0
79,3,37.0
79,93,5.0
79,39,9.0
79,17,6.0
79,97,17.0
79,121,7.579999999999998
79,109,10.61
79,151,6.1099999999999985
79,142,1.4600000000000004
79,132,1.1600000000000001
79,105,1.36
79,146,2.1600000000000006
79,147,0.8999999999999999
79,119,0.7799999999999999
79,136,1.2800000000000002
79,4,58.22
79,61,16.22
79,112,14.61
79,106,4.999999999999998
79,68,0.4
79,124,1.06
79,16,6.0
79,90,4.0
79,149,4.18
79,94,9.61
79,82,2.0
79,23,6.0
79,67,10.0
79,1,2.0
79,103,3.0
79,145,1.81
79,133,0.1
72,145,0.1
79,26,2.61
79,20,3.0
79,123,0.18
79,128,3.0
79,148,2.61
79,131,0.1
78,35,99.83
78,97,41.61
78,136,5.760000000000002
78,140,4.520000000000001
78,61,44.83
78,95,11.0
78,101,38.22
78,112,92.66
78,118,93.44
78,109,29.0
78,138,3.6400000000000006
78,121,16.13
78,2,7.0
78,3,46.61
78,4,60.83
78,9,52.0
78,51,89.44
78,64,33.0
78,65,5.61
78,16,10.0
78,39,6.0
78,93,11.0
78,18,15.61
78,19,29.22
78,99,39.44
78,21,10.0
78,84,155.64000000000007
78,94,18.0
78,87,13.0
78,148,12.0
78,151,6.8599999999999985
78,142,2.520000000000001
78,130,0.30000000000000004
78,146,14.229999999999993
78,147,3.000000000000001
78,113,40.57000000000003
78,122,14.959999999999999
78,141,2.1
78,38,33.61
78,88,5.0
78,17,12.0
78,102,45.61
78,104,8.0
78,31,2.0
78,90,3.0
78,143,1.6000000000000003
78,133,0.30000000000000004
78,134,0.2
78,116,13.309999999999993
78,106,4.300000000000002
78,123,6.48
78,68,2.8800000000000003
78,125,0.68
78,139,1.16
78,32,2.0
78,20,6.0
78,131,2.1
78,92,4.0
79,21,4.0
79,31,2.0
72,87,2.0
72,65,2.0
72,90,2.0
79,66,2.0
74,16,2.61
74,94,12.0
80,35,29.0
80,37,44.61
80,36,43.22
80,2,4.0
80,38,25.0
80,41,212.22000000000003
80,42,17.0
80,3,21.61
80,44,123.66
80,46,49.44
80,45,28.0
80,7,13.0
80,47,167.22000000000003
80,49,27.0
80,52,313.6600000000001
80,8,29.0
80,48,131.44
80,9,18.0
80,53,135.05
80,10,28.22
80,55,29.83
80,54,56.0
80,56,45.83
80,57,64.0
80,59,16.61
80,58,25.0
80,11,22.0
80,62,48.61
80,65,4.0
80,60,7.0
80,40,86.22
80,69,144.48999999999998
80,70,131.44
80,71,452.69000000000017
80,74,927.2900000000006
80,72,712.150000000001
80,75,441.20000000000016
80,13,172.98000000000002
80,76,151.14999999999998
80,77,146.54000000000002
80,78,502.58000000000055
80,79,489.92000000000047
80,81,1796.8799999999965
80,85,59.76
80,86,51.83
80,14,3.0
80,91,18.0
80,39,6.61
80,43,24.61
80,97,5.0
80,18,1.6099999999999999
80,19,12.61
80,98,117.88
80,73,164.25000000000009
80,99,206.91000000000008
80,100,171.3700000000001
80,101,45.83
80,104,19.0
80,102,41.0
80,107,10.139999999999997
80,83,165.15000000000003
80,108,165.27
80,84,30.659999999999997
80,110,14.0
80,111,33.61
80,22,110.30999999999999
80,118,8.0
80,64,6.0
80,34,14.61
80,24,2.0
80,115,4.4799999999999995
80,144,52.15000000000001
80,106,7.319999999999999
80,143,0.7
80,27,2.5200000000000005
80,138,0.6599999999999999
80,28,2.6800000000000006
80,150,6.68
80,146,11.109999999999996
80,147,1.6400000000000001
80,114,5.049999999999999
80,29,11.960000000000003
80,116,3.8400000000000003
80,121,0.8599999999999999
80,30,4.32
80,126,3.1800000000000015
80,124,2.5
79,87,1.0
80,51,16.0
80,61,11.0
80,94,1.0
80,15,2.0
80,93,2.61
80,82,18.22
80,112,22.22
80,117,10.0
80,23,8.0
80,119,2.6600000000000006
80,63,4.0
80,109,15.0
80,145,4.380000000000001
80,132,1.06
80,105,2.61
80,149,0.2
80,113,11.34
80,123,0.2
80,140,0.48
81,35,39.0
81,36,42.61
81,41,240.2700000000001
81,3,31.0
81,4,38.61
81,44,197.05
81,5,34.0
81,45,49.61
81,6,26.83
81,47,435.1500000000002
81,49,58.22
81,52,797.3000000000003
81,8,64.0
81,48,216.66000000000003
81,53,352.15000000000015
81,10,68.22
81,54,120.27
81,55,98.05
81,57,169.82999999999998
81,11,62.0
81,58,75.61
81,62,100.05
81,61,35.22
81,60,22.61
81,40,126.61
81,12,34.61
81,69,237.7100000000001
81,70,228.05
81,71,640.0300000000002
81,73,206.93000000000006
81,74,564.4100000000005
81,72,696.5800000000007
81,75,784.6900000000003
81,13,244.93000000000004
81,76,249.20000000000013
81,77,394.4500000000002
81,78,2317.4999999999964
81,79,758.7300000000008
81,80,1437.8299999999974
81,84,463.14000000000044
81,85,324.7500000000003
81,89,35.22
81,93,17.0
81,39,10.0
81,91,26.61
81,46,128.82999999999998
81,97,31.0
81,98,128.66
81,99,216.35000000000008
81,101,111.05
81,20,23.0
81,37,66.22
81,102,48.0
81,83,994.2400000000008
81,108,808.0900000000007
81,112,159.10000000000002
81,113,33.67
81,111,160.88000000000005
81,22,243.22
81,64,30.61
81,117,7.4399999999999995
81,90,3.0
81,144,196.37999999999997
81,27,18.200000000000003
81,138,4.150000000000001
81,151,10.469999999999995
81,28,14.349999999999994
81,107,20.760000000000005
81,150,36.99000000000003
81,146,26.440000000000005
81,147,10.339999999999995
81,114,35.90000000000004
81,29,86.15
81,115,17.279999999999998
81,116,25.82
81,121,16.52
81,30,25.740000000000016
81,136,10.459999999999992
81,126,22.60000000000001
81,140,7.699999999999999
78,15,6.0
81,109,56.05
81,118,54.22
81,142,4.9399999999999995
81,130,0.9600000000000001
81,131,0.68
81,132,4.879999999999999
81,133,0.48
81,137,1.4000000000000001
81,105,5.929999999999996
81,145,10.84
81,119,5.08
81,122,7.54
81,124,5.96
81,51,22.0
81,43,46.61
81,82,21.22
81,56,128.66
81,86,164.15000000000003
81,143,4.340000000000001
81,106,20.720000000000006
81,149,12.329999999999998
81,68,2.3000000000000007
81,125,2.35
81,139,1.56
81,50,36.61
81,134,0.78
81,123,0.76
81,38,33.0
81,7,38.61
81,9,30.61
81,59,44.0
81,14,6.609999999999999
81,100,158.54000000000008
81,110,62.61
81,63,15.61
81,128,9.0
81,94,12.0
81,103,12.0
81,26,2.0
81,34,13.61
81,17,8.0
81,21,10.0
81,32,1.6099999999999999
81,19,21.0
81,67,4.0
81,148,20.83
81,33,12.0
81,42,11.0
81,87,4.0
81,104,12.61
81,23,12.61
81,88,4.0
81,95,6.0
81,141,0.2
80,6,11.0
80,12,18.0
80,89,13.0
80,88,2.0
80,50,4.609999999999999
80,122,1.2000000000000002
80,151,7.5699999999999985
80,33,7.0
80,4,27.0
80,5,17.22
80,92,5.0
80,128,2.61
80,90,2.0
80,142,0.4
80,125,0.38
80,21,5.0
81,96,2.0
80,16,4.0
80,103,3.61
80,130,0.2
80,137,0.1
80,136,0.78
80,139,0.2
80,95,2.0
80,17,6.0
80,20,9.61
80,67,1.0
80,148,6.0
80,68,0.1
74,14,7.0
74,88,4.0
74,148,14.61
74,133,0.1
74,125,0.38
74,137,4.18
74,1,2.0
74,66,2.0
74,128,2.0
74,24,2.0
74,26,2.0
80,66,2.0
82,1,7.0
82,41,16.61
82,44,14.61
82,49,7.0
82,47,11.219999999999999
82,52,30.0
82,54,11.0
82,55,10.0
82,71,79.61
82,73,84.49
82,72,46.22
82,75,37.0
82,13,12.0
82,77,19.0
82,79,15.0
82,74,63.709999999999994
82,81,113.75999999999999
82,80,20.88
82,89,4.0
82,70,43.0
82,98,51.22
82,99,211.52
82,100,255.6400000000001
82,101,70.66
82,37,40.0
82,104,18.61
82,83,317.47000000000014
82,108,215.32000000000002
82,84,12.83
82,85,7.0
82,116,3.2800000000000002
82,22,11.940000000000001
82,109,7.0
82,107,13.339999999999996
82,149,51.88
82,144,110.93
82,147,0.38
82,114,0.98
82,29,2.4
82,53,9.0
82,118,2.0
82,33,3.0
82,35,8.61
82,38,2.0
82,48,9.0
82,9,4.0
82,58,4.0
82,57,6.609999999999999
82,69,20.0
82,40,18.22
82,76,11.0
82,78,24.83
82,86,19.0
82,43,3.0
82,59,8.0
82,50,2.61
82,20,14.0
82,102,22.61
82,113,2.1
82,62,4.0
82,56,11.0
82,63,3.0
82,146,6.9
82,148,85.97999999999999
82,150,30.859999999999996
82,27,0.96
82,28,1.1400000000000001
82,106,9.029999999999998
82,123,0.1
82,30,0.9600000000000001
82,68,0.1
82,126,0.4
83,41,94.61
83,49,28.0
83,47,113.44
83,10,11.219999999999999
83,52,164.26999999999998
83,51,8.0
83,69,68.44
83,71,178.44
83,74,155.86000000000004
83,72,117.27
83,75,165.44000000000003
83,81,954.1700000000009
83,80,167.47000000000003
83,91,25.0
83,46,53.0
83,98,142.88
83,73,128.49
83,99,317.67000000000024
83,102,63.61
83,37,68.44
83,104,13.0
83,101,102.22
83,108,3015.6800000000007
83,85,31.22
83,22,63.57000000000002
83,34,15.0
83,150,56.540000000000035
83,144,574.0900000000004
83,146,72.55
83,114,45.92000000000004
81,15,5.0
81,18,3.0
84,34,3.0
84,4,7.0
84,5,11.22
84,45,11.61
84,44,50.83
84,47,100.61
84,49,16.0
84,51,17.22
84,8,22.61
84,48,76.44
84,53,75.05
84,52,138.05
84,55,35.22
84,54,56.0
84,58,22.61
84,41,50.22
84,69,62.0
84,70,79.61
84,71,139.82999999999998
84,74,83.61
84,72,127.05
84,75,158.44000000000003
84,13,64.05
84,76,38.22
84,77,143.71000000000004
84,79,111.05
84,78,372.45000000000016
84,80,79.88
84,81,930.0900000000006
84,85,265.1800000000001
84,43,36.0
84,97,14.61
84,73,49.44
84,99,32.0
84,101,27.61
84,100,55.83
84,83,476.0600000000004
84,108,985.0800000000011
84,109,75.05
84,111,334.03000000000014
84,112,336.52000000000015
84,113,53.87000000000001
84,22,72.25000000000001
84,62,38.61
84,57,92.22
84,86,120.27
84,110,74.88
84,118,47.83
84,144,100.48999999999998
84,149,9.81
84,150,10.319999999999995
84,143,0.7599999999999999
84,107,2.8400000000000007
84,146,9.609999999999996
84,147,2.4000000000000004
84,114,11.659999999999993
84,29,19.619999999999994
84,115,33.95
84,30,2.1200000000000006
84,2,1.0
84,3,12.0
84,46,42.61
84,6,10.0
84,10,15.61
84,50,15.0
84,11,26.0
84,61,16.0
84,60,12.61
84,40,36.0
84,12,6.61
84,91,13.0
84,42,5.0
84,36,9.0
84,20,10.0
84,98,61.22
84,102,28.22
84,56,77.22
84,63,17.61
84,128,4.0
84,59,14.0
84,67,6.61
84,116,30.210000000000015
84,145,10.419999999999998
84,27,1.36
84,28,0.96
84,122,14.79
84,136,0.7399999999999999
84,38,9.0
84,7,10.0
84,64,10.0
84,89,8.0
84,94,1.0
84,15,2.0
84,37,19.0
84,103,9.0
84,117,14.0
84,23,18.22
84,121,4.559999999999999
84,148,16.22
84,132,0.66
84,126,1.5600000000000003
84,124,1.01
84,125,0.28
84,18,10.0
84,140,2.5600000000000005
84,104,2.0
84,119,0.8799999999999999
84,35,10.61
81,2,4.0
81,66,2.0
81,16,4.0
81,65,4.609999999999999
78,128,7.0
78,23,20.83
85,36,27.61
85,35,19.0
85,41,136.82999999999998
85,45,37.61
85,44,110.83
85,47,261.5400000000001
85,52,529.49
85,8,40.0
85,48,176.49
85,53,248.88
85,10,48.44
85,55,136.66
85,54,158.71000000000004
85,51,19.0
85,58,78.66
85,57,385.7100000000001
85,62,128.1
85,66,6.0
85,60,11.61
85,40,60.22
85,69,140.44
85,70,144.44
85,71,275.49000000000007
85,74,48.22
85,72,247.08000000000015
85,75,407.1
85,13,151.49
85,76,179.10000000000008
85,77,603.8000000000006
85,78,1287.6599999999983
85,79,155.32000000000002
85,80,52.44
85,81,490.3100000000005
85,84,359.8000000000003
85,86,1348.2299999999987
85,91,40.22
85,89,31.22
85,46,112.66
85,19,10.0
85,98,49.22
85,99,14.0
85,100,54.22
85,37,35.0
85,108,217.49000000000004
85,83,112.83
85,110,461.1300000000002
85,111,1151.4899999999993
85,112,308.8600000000001
85,113,79.91000000000001
85,22,188.34999999999997
85,117,41.83
85,56,495.9600000000003
85,118,229.76000000000008
85,67,10.0
85,34,9.0
85,144,63.04000000000001
85,109,34.61
85,143,0.58
85,27,2.500000000000001
85,132,0.68
85,28,1.26
85,146,5.26
85,114,11.359999999999989
85,29,29.86
85,116,50.36000000000002
85,30,4.12
85,126,4.519999999999999
85,124,0.2
78,24,2.0
78,82,8.0
77,149,0.38
78,137,2.1
78,1,0.61
85,38,24.0
85,3,25.61
85,4,12.0
85,6,15.0
85,49,57.0
85,9,10.61
85,11,153.44
85,61,42.61
85,12,13.61
85,94,19.0
85,43,61.44
85,97,18.0
85,50,17.61
85,18,10.0
85,73,42.05
85,23,63.22
85,122,21.200000000000003
85,64,30.0
85,134,0.2
85,138,0.28
85,125,0.38
85,102,21.61
85,115,38.260000000000005
85,63,50.05
85,147,1.26
85,33,3.0
85,5,12.0
85,7,25.22
85,93,6.0
85,59,38.0
85,20,4.0
85,148,16.0
85,150,3.14
85,140,0.4
85,15,4.609999999999999
85,17,11.0
85,123,4.4799999999999995
85,142,0.58
85,105,0.2
85,136,3.1400000000000006
85,2,4.0
85,39,6.0
85,104,11.0
85,101,15.61
85,106,1.3800000000000001
85,14,1.0
85,151,0.46
85,119,4.34
85,107,1.12
85,139,0.66
86,35,23.439999999999998
86,41,158.83
86,44,199.27000000000004
86,6,43.0
86,47,474.20000000000016
86,49,75.44
86,51,50.22
86,8,75.44
86,48,221.54000000000008
86,9,34.0
86,53,429.7600000000001
86,52,767.9600000000004
86,54,410.1300000000002
86,55,371.18000000000023
86,56,2464.2199999999993
86,57,1136.3600000000004
86,58,182.54000000000002
86,11,305.49000000000007
86,62,295.98000000000013
86,69,167.82999999999998
86,71,183.05
86,72,130.66
86,75,365.3200000000001
86,13,219.32
86,76,212.8100000000001
86,77,823.4200000000009
86,79,85.49
86,78,549.9200000000004
86,74,23.22
86,81,150.49
86,85,855.740000000001
86,91,40.22
86,43,76.83
86,83,53.0
86,111,1088.4900000000007
86,113,103.66999999999999
86,22,407.06999999999994
86,110,1628.609999999999
86,118,875.070000000001
86,120,7.0
86,67,22.61
86,105,3.940000000000001
86,107,4.739999999999999
86,29,148.65
86,115,69.43
86,30,29.94000000000001
86,68,4.25
86,126,15.199999999999987
86,140,4.9
86,42,19.22
86,4,23.0
86,70,116.61
86,80,33.61
86,97,23.22
86,37,31.61
86,112,146.76000000000005
86,23,147.98000000000002
86,63,124.83
86,150,5.419999999999998
86,144,36.180000000000014
86,114,41.30000000000001
86,116,68.86999999999999
77,66,4.61
77,127,1.0
78,96,2.0
78,66,2.0
77,31,4.0
77,87,2.0
77,65,8.61
56,80,8.61
56,108,14.0
56,141,0.1
86,3,13.61
86,5,22.61
86,46,131.05
86,45,50.0
86,7,30.83
86,10,73.27
86,61,72.05
86,40,57.61
86,12,21.0
86,73,23.22
86,89,47.22
86,93,12.61
86,95,10.61
86,59,61.0
86,18,6.0
86,19,14.0
86,36,25.0
86,98,34.83
86,99,8.61
86,101,16.61
86,103,8.0
86,104,8.0
86,108,80.83
86,84,72.32
86,64,79.22
86,117,134.93
86,27,10.759999999999996
86,28,5.7
86,106,1.7600000000000005
86,136,7.909999999999994
86,142,3.740000000000002
86,143,2.54
86,130,0.76
86,132,3.380000000000001
86,133,0.28
86,137,0.30000000000000004
86,138,1.8400000000000005
86,151,3.4400000000000013
86,146,7.939999999999998
86,147,3.1800000000000006
86,119,17.98
86,123,8.54
86,121,23.300000000000004
86,124,3.9800000000000004
86,125,1.16
86,122,51.52000000000001
86,139,1.3600000000000003
87,33,84.22
87,38,113.22
87,35,198.49
87,41,236.44
87,43,420.4900000000001
87,46,442.3200000000001
87,48,76.22
87,52,144.88
87,51,16.0
87,11,10.0
87,60,13.0
87,72,10.61
87,13,42.22
87,53,41.83
87,88,3776.7000000000035
87,89,2966.110000000001
87,14,610.4500000000002
87,93,116.71
87,92,235.93000000000006
87,91,528.3700000000002
87,16,176.83
87,95,312.03000000000014
87,39,100.66
87,17,63.22
87,97,133.82999999999998
87,59,31.0
87,22,53.83999999999998
87,57,25.0
87,67,31.0
87,94,62.61
87,129,99.75999999999999
87,131,319.85000000000025
87,96,277.47000000000014
87,90,2322.249999999998
87,142,2646.619999999997
87,143,697.1100000000008
87,27,382.80999999999983
87,130,627.2600000000004
87,132,65.05000000000001
87,151,10.149999999999995
87,29,9.319999999999999
87,30,7.119999999999996
87,140,125.65999999999988
87,141,55.75000000000003
87,34,132.05
87,3,30.0
87,44,109.83
87,47,178.27000000000004
87,69,65.61
87,28,4.040000000000001
87,144,2.3400000000000003
87,136,1.9200000000000004
87,124,11.139999999999997
87,139,22.010000000000005
87,31,65.83
87,36,54.61
87,42,69.0
87,5,12.0
87,45,59.83
87,7,12.0
87,49,54.61
87,8,23.0
87,9,17.61
87,58,15.0
87,62,23.61
87,40,51.83
87,70,59.61
87,71,49.61
87,75,43.83
87,81,9.0
87,15,100.32
87,98,18.61
87,37,42.61
87,102,3.0
87,83,2.0
87,111,2.0
87,128,18.0
87,103,28.0
87,133,6.599999999999997
87,134,9.979999999999993
87,137,9.27
87,138,10.739999999999995
87,107,1.6000000000000003
87,149,0.1
87,114,1.56
87,116,1.3600000000000003
87,119,0.22
87,126,28.710000000000043
87,125,11.819999999999997
87,32,46.44
87,6,27.0
87,61,4.0
87,19,8.0
87,117,2.0
87,110,2.0
87,105,0.79
87,106,0.9599999999999999
87,1,2.0
87,10,9.61
87,54,18.0
87,12,18.22
87,79,7.0
87,78,2.61
87,50,33.0
87,18,10.0
87,101,2.61
87,56,6.61
87,23,1.6099999999999999
87,150,0.41000000000000003
87,4,8.0
87,55,10.0
87,74,2.0
87,77,14.61
87,2,18.61
87,86,6.0
87,63,2.0
87,76,9.61
87,112,4.0
88,31,70.05
88,35,323.6600000000001
88,32,35.0
88,38,234.66000000000003
88,41,618.9800000000002
88,43,1134.7900000000002
88,42,175.44
88,46,1158.91
88,44,299.88000000000005
88,45,161.66000000000003
88,47,384.49000000000007
88,49,145.44
88,8,84.44
88,48,132.05
88,52,368.1000000000001
88,56,18.61
88,59,167.82999999999998
88,12,52.61
88,69,185.10000000000002
88,75,121.05
88,78,16.0
88,87,2974.3
88,89,8278.92999999996
88,90,1291.34
88,14,1485.7099999999994
88,92,3953.0800000000027
88,91,2161.059999999997
88,16,512.4700000000003
88,95,588.3500000000004
88,96,274.7600000000001
88,39,208.49000000000007
88,17,171.66
88,97,686.1300000000003
88,50,180.66000000000003
88,70,143.66000000000003
88,22,148.519999
88,94,292.32000000000005
88,129,22.0
88,131,187.57
88,34,159.05
88,141,194.34
88,142,1160.9699999999996
88,140,925.4600000000012
88,139,176.00999999999993
88,130,150.20999999999995
88,143,151.56999999999988
88,27,141.71999999999997
88,132,34.20000000000002
88,133,11.059999999999997
88,138,6.579999999999999
88,28,3.1600000000000006
88,107,1.6400000000000003
88,144,1.9200000000000004
88,29,8.549999999999997
88,121,5.68
88,126,66.17000000000003
88,33,107.88
88,40,138.82999999999998
88,53,107.88
88,93,984.1700000000011
88,15,385.8600000000001
88,102,14.0
88,62,51.0
88,30,6.169999999999998
88,36,76.83
88,5,33.0
88,6,45.22
88,9,25.0
88,10,29.0
88,54,49.61
88,51,41.22
88,58,50.61
88,57,63.61
88,11,38.61
88,71,106.44
88,13,69.66
88,76,19.22
88,18,12.61
88,37,58.0
88,67,182.44000000000003
88,128,172.88000000000008
88,134,5.919999999999999
88,137,6.84
88,114,1.5500000000000003
89,33,126.83
89,35,347.7100000000001
89,38,289.9300000000001
89,2,35.269999999999996
89,41,623.5400000000001
89,42,175.27000000000004
89,44,242.10000000000005
89,3,47.83
89,46,1129.3999999999999
89,47,403.10000000000014
89,49,101.22
89,52,285.49
89,8,49.22
89,48,133.05
89,9,44.0
89,53,118.44
89,59,71.0
89,58,31.83
89,40,115.83
89,12,39.0
89,69,158.66000000000003
89,70,165.66000000000003
89,77,17.22
89,87,808.9400000000005
89,88,3175.5100000000048
89,90,3001.8200000000006
89,14,2289.1399999999994
89,92,711.1600000000005
89,93,249.03000000000014
89,91,3381.200000000002
89,15,720.6500000000002
89,16,1094.0400000000002
89,95,3128.530000000001
89,96,795.7000000000006
89,39,429.30000000000024
89,43,1636.7999999999975
89,17,135.44
89,97,505.0100000000004
89,37,70.0
89,98,60.22
89,102,16.0
89,104,14.61
89,22,99.42999999999999
89,62,33.0
89,86,16.0
89,118,16.0
89,67,36.0
89,129,33.22
89,131,200.47999999999988
89,142,250.46999999999983
89,140,105.78999999999984
89,130,68.72000000000001
89,143,152.52999999999983
89,27,422.4400000000001
89,132,169.73
89,133,30.99000000000003
89,134,24.440000000000026
89,138,14.019999999999985
89,151,13.879999999999983
89,28,20.39
89,107,11.999999999999988
89,144,14.869999999999992
89,146,2.420000000000001
89,147,1.26
89,29,49.679999999999986
89,113,4.31
89,116,9.569999999999991
89,122,1.8300000000000003
89,30,35.98
89,136,8.95999999999999
89,68,8.149999999999997
89,126,56.840000000000124
89,124,12.229999999999993
89,125,14.889999999999995
89,139,40.02000000000003
89,141,32.10000000000001
89,105,6.619999999999996
89,114,9.089999999999993
89,34,186.05000000000004
89,13,37.05
89,50,91.22
89,18,22.0
89,94,79.22
89,31,138.10000000000002
89,150,3.680000000000002
89,45,182.44
89,6,24.0
89,7,32.61
89,10,20.61
89,11,29.61
89,71,114.22
89,72,22.0
89,36,110.44
89,19,18.61
89,137,14.359999999999994
89,128,35.61
89,24,4.0
89,115,1.9600000000000004
89,4,23.83
89,54,32.22
89,60,37.0
89,103,43.0
89,106,4.73
89,121,4.6000000000000005
90,32,207.71000000000006
90,35,911.8100000000003
90,34,536.1500000000002
90,31,556.4800000000004
90,38,573.1500000000002
90,39,525.2000000000003
90,41,733.3700000000002
90,43,1250.35
90,3,76.0
90,5,48.61
90,45,174.44
90,46,1065.5400000000002
90,44,261.88
90,47,445.3700000000001
90,49,148.44
90,8,59.22
90,48,203.05
90,53,91.44
90,10,27.22
90,52,378.1500000000002
90,55,25.61
90,58,45.61
90,57,73.22
90,11,44.22
90,60,29.0
90,12,67.61
90,69,182.05
90,71,129.44
90,75,145.82999999999998
90,13,82.83
90,87,1670.2299999999962
90,88,1603.809999999997
90,89,7956.6799999999685
90,14,1455.3700000000003
90,92,245.49000000000004
90,93,111.83
90,91,1362.0099999999995
90,15,248.7600000000001
90,16,337.1000000000001
90,95,1444.8699999999974
90,17,186.27000000000004
90,97,286.9300000000001
90,59,77.61
90,50,87.0
90,18,60.0
90,19,60.83
90,36,241.83000000000004
90,70,268.49
90,83,4.0
90,85,2.0
90,22,120.80999999999999
90,62,39.0
90,23,6.0
90,128,44.0
90,67,18.61
90,129,482.8200000000002
90,132,340.7200000000001
90,133,87.04999999999997
90,131,2450.4299999999976
90,96,4246.110000000001
90,103,101.22
90,141,18.180000000000003
90,142,357.1900000000002
90,143,138.69999999999996
90,130,169.41000000000005
90,148,2.0
90,27,259.44
90,134,82.26999999999997
90,138,37.01000000000002
90,28,11.4
90,107,6.889999999999995
90,146,1.08
90,114,4.59
90,29,27.469999999999995
90,113,2.670000000000001
90,119,1.1600000000000001
90,30,20.390000000000004
90,126,30.560000000000034
90,125,13.999999999999996
90,139,12.669999999999991
90,140,77.01
90,33,407.98000000000013
90,2,63.269999999999996
90,42,185.05
90,7,28.0
90,51,30.22
90,56,5.0
90,54,43.61
90,61,16.61
90,40,143.66
90,72,23.61
90,77,34.22
90,80,6.0
90,86,27.0
90,94,78.61
90,98,66.0
90,37,156.83
90,104,26.22
90,137,75.32000000000001
90,151,37.08000000000004
90,144,7.1999999999999975
90,136,5.279999999999998
90,4,28.61
90,73,14.0
90,118,10.0
90,105,4.250000000000002
90,150,2.180000000000001
90,147,0.9600000000000001
90,99,3.0
90,108,2.0
90,135,64.22
90,106,6.25
90,116,8.059999999999997
90,68,3.9400000000000004
90,124,18.89
90,9,38.61
90,24,10.61
90,121,4.769999999999998
89,32,77.88
89,78,13.61
90,64,10.0
90,100,8.0
90,84,2.61
90,110,4.0
89,76,15.0
89,73,7.0
89,123,0.9799999999999999
89,75,66.83
89,119,2.4100000000000006
89,5,26.61
89,100,4.0
89,57,38.0
89,55,22.61
89,51,15.219999999999999
89,64,12.0
89,61,18.22
89,63,6.0
89,108,4.0
89,101,10.0
89,81,15.0
89,127,8.0
89,23,2.61
89,85,6.0
89,149,0.30000000000000004
89,145,0.17
14,32,8.0
14,31,9.0
14,33,11.219999999999999
14,35,14.219999999999999
14,34,11.61
14,38,6.0
14,39,13.829999999999998
14,43,69.44
14,42,7.61
14,41,10.61
14,45,12.0
14,46,45.22
14,44,6.0
14,47,15.0
14,7,2.0
14,49,4.0
14,51,2.0
14,8,2.0
14,48,8.0
14,53,2.0
14,10,1.0
14,52,10.0
14,55,0.61
14,54,2.0
14,57,4.0
14,11,2.0
14,61,2.0
14,40,6.0
14,12,2.0
14,69,6.0
14,71,2.0
14,13,3.0
14,79,1.0
14,87,260.3500000000001
14,88,612.4900000000004
14,89,1526.139999999999
14,90,622.2400000000001
14,91,93.05
14,92,64.05
14,93,21.61
14,94,4.0
14,15,15.61
14,16,20.61
14,95,112.49
14,96,100.75999999999999
14,17,4.61
14,97,18.83
14,50,2.61
14,59,2.0
14,36,2.0
14,73,2.0
14,98,2.0
14,101,2.0
14,37,2.0
14,104,1.0
14,22,3.81
14,118,2.0
14,86,1.0
14,64,2.0
14,63,2.0
14,128,2.0
14,67,2.0
14,129,6.0
14,131,18.58
14,132,9.76
14,136,4.579999999999998
14,135,4.0
14,103,2.0
14,125,2.1
14,139,4.58
14,141,2.99
14,142,31.629999999999995
14,140,3.0300000000000002
14,130,6.069999999999999
14,143,13.42
14,124,2.3
14,149,2.0
14,137,0.99
14,27,27.29
14,133,0.68
14,134,0.8600000000000001
14,138,0.6599999999999999
14,151,0.4
14,105,0.2
14,28,0.88
14,107,0.7799999999999999
14,150,0.1
14,144,0.78
14,146,0.2
14,147,0.28
14,114,0.28
14,29,2.23
14,113,0.1
14,116,0.76
14,122,0.1
14,121,0.2
14,30,1.65
14,68,0.1
14,126,2.14
88,60,66.22
88,98,40.0
88,125,63.890000000000015
88,4,16.61
88,103,30.61
88,105,1.06
88,124,52.24000000000002
88,106,0.30000000000000004
88,115,0.8099999999999999
88,116,1.1500000000000001
88,136,3.620000000000002
88,2,24.61
88,3,59.61
88,7,46.22
88,81,4.609999999999999
88,73,5.61
88,118,12.0
88,72,33.22
88,100,4.609999999999999
88,21,6.0
88,86,25.0
88,135,10.0
88,77,29.0
88,108,2.0
88,150,0.48
88,1,8.0
88,19,12.0
88,99,4.0
88,110,8.0
88,63,5.0
88,151,0.98
88,113,2.69
88,146,0.48
88,65,8.61
88,68,17.979999999999997
88,55,22.0
88,122,8.2
88,147,0.2
88,119,0.2
88,104,5.0
88,117,8.0
88,61,23.0
88,85,1.0
88,74,5.61
88,101,6.0
88,79,9.0
88,20,5.0
88,149,2.0
88,127,46.61
89,56,6.609999999999999
89,79,4.0
88,64,19.0
89,1,4.609999999999999
91,35,157.26999999999998
91,1,4.609999999999999
91,38,164.88
91,43,3221.6800000000017
91,42,220.93000000000006
91,41,571.5400000000002
91,46,2442.619999999998
91,47,525.5400000000002
91,52,368.3700000000002
91,40,167.83
91,89,3293.149999999999
91,14,161.49
91,88,587.7500000000007
91,92,1103.2799999999995
91,93,831.3000000000009
91,15,1908.019999999999
91,16,707.0600000000003
91,95,882.7600000000008
91,17,236.54000000000002
91,97,3380.4900000000016
91,70,134.44
91,21,2.0
91,22,112.88
91,32,19.61
91,96,86.05
91,90,209.54000000000008
91,142,58.740000000000045
91,143,40.44000000000002
91,27,93.74999999999997
91,132,39.190000000000005
91,115,4.499999999999999
91,30,16.890000000000004
91,126,35.19000000000006
91,140,76.80000000000001
92,33,39.44
92,35,113.66
92,34,59.0
92,38,107.22
92,39,108.83
92,41,433.5400000000001
92,3,38.61
92,5,32.0
92,45,154.70999999999998
92,48,104.61
92,47,292.1
92,7,27.61
92,49,193.27000000000004
92,8,51.22
92,10,25.22
92,52,302.93000000000006
92,58,69.83
92,51,53.0
92,11,49.22
92,60,103.61
92,71,63.44
92,75,64.44
92,80,1.0
92,87,255.98000000000008
92,88,3138.2500000000005
92,89,2407.299999999998
92,14,273.88000000000005
92,91,2483.4999999999986
92,94,544.1300000000003
92,93,3403.1599999999976
92,15,364.3
92,16,266.32
92,95,305.98000000000013
92,43,906.9600000000004
92,42,112.83
92,17,95.83
92,46,1053.4000000000005
92,97,1277.1000000000006
92,50,308.1500000000001
92,70,139.82999999999998
92,22,93.78
92,57,73.0
92,118,17.0
92,128,262.88
92,90,262.93000000000006
92,140,1307.1799999999996
92,125,131.57999999999998
92,142,196.9
92,143,64.38000000000002
92,27,30.73
92,130,30.740000000000002
92,132,8.059999999999999
92,138,3.06
92,151,3.0
92,28,1.6500000000000001
92,106,0.6799999999999999
92,107,3.3100000000000005
92,150,1.06
92,29,5.5
92,113,1.44
92,30,3.640000000000001
92,126,109.13999999999996
92,124,63.62999999999998
92,139,352.23000000000025
92,141,101.56999999999998
92,44,186.22000000000003
92,54,60.22
92,40,110.83
92,72,27.0
92,76,26.0
92,79,6.0
92,18,16.0
92,37,49.22
92,64,24.83
92,59,216.66000000000003
92,131,69.87
92,96,56.44
92,133,2.4800000000000004
92,134,4.840000000000002
92,144,2.3600000000000003
92,114,2.9600000000000013
92,136,15.099999999999989
92,68,40.440000000000005
92,31,31.0
92,9,21.0
92,53,74.83
92,12,36.61
92,69,128.82999999999998
92,13,56.44
92,81,10.61
92,104,11.61
92,101,2.0
92,84,2.0
92,62,78.0
92,117,4.0
92,67,198.54000000000008
92,129,8.0
92,103,10.61
92,116,4.979999999999998
88,84,2.61
92,4,13.61
92,19,14.0
92,36,35.61
92,56,19.0
92,32,10.0
92,105,1.3800000000000001
92,115,0.4
92,55,18.0
92,98,45.61
92,110,8.61
92,127,53.44
92,137,2.74
92,119,1.02
92,121,18.980000000000004
92,6,15.0
92,73,10.0
92,65,6.609999999999999
92,61,35.61
92,85,3.0
92,77,14.61
92,100,1.0
92,122,10.579999999999998
92,74,2.0
92,102,8.0
93,36,38.0
93,38,61.61
93,41,327.3700000000001
93,4,21.61
93,46,1050.3000000000004
93,45,84.05
93,44,150.61
93,6,31.61
93,49,276.7100000000001
93,50,838.9000000000009
93,8,107.27
93,47,396.44000000000005
93,9,29.0
93,52,551.2700000000001
93,54,138.22000000000003
93,58,103.27
93,59,491.1500000000002
93,60,223.05
93,62,121.22
93,66,25.0
93,12,16.61
93,70,106.22
93,69,107.83
93,75,128.22
93,13,66.0
93,81,33.61
93,77,23.61
93,87,111.83
93,89,957.6700000000006
93,90,110.05
93,14,99.27
93,88,623.9900000000006
93,92,3027.719999999999
93,94,1848.2899999999954
93,91,1542.7099999999982
93,15,267.03000000000003
93,16,154.05
93,95,128.66
93,39,75.27
93,43,617.1300000000003
93,17,81.61
93,97,2961.78
93,102,10.0
93,22,128.67000000000002
93,57,103.22
93,118,14.61
93,86,20.22
93,56,27.61
93,67,532.9100000000003
93,127,58.61
93,128,635.1600000000005
93,131,38.24
93,121,26.779999999999994
93,140,602.2500000000001
93,141,40.81
93,139,464.3000000000003
93,125,261.34000000000003
93,142,74.78000000000003
93,143,32.34
93,27,23.649999999999995
93,130,10.629999999999997
93,151,1.5900000000000003
93,146,1.1600000000000001
93,29,7.679999999999998
93,116,3.7200000000000015
93,123,0.94
93,30,7.899999999999999
93,136,13.779999999999989
93,68,34.84000000000002
93,126,144.95999999999998
93,124,88.47000000000004
93,34,35.0
93,3,29.61
93,5,17.61
93,48,117.44
93,7,33.44
93,53,143.82999999999998
93,10,39.61
93,51,81.22
93,11,85.22
93,64,45.22
93,40,91.22
93,76,26.61
93,101,9.0
93,83,2.0
93,63,21.0
93,96,40.0
93,132,5.9300000000000015
92,1,2.0
92,112,0.61
92,78,14.83
93,35,83.22
93,61,77.66
93,71,54.61
93,78,15.61
93,42,77.83
93,18,16.61
93,65,20.0
93,133,1.26
93,134,0.6799999999999999
93,138,1.6200000000000003
93,28,2.0200000000000005
93,107,1.9200000000000006
93,144,4.759999999999999
93,147,0.28
93,114,3.340000000000001
93,113,1.5400000000000003
93,115,0.28
93,122,5.02
93,72,35.0
93,98,24.0
93,21,2.0
93,150,1.52
93,111,5.0
93,19,10.0
93,33,17.0
93,31,11.0
93,137,0.46
93,105,0.7999999999999999
93,106,0.7
93,37,22.0
93,55,13.61
93,79,22.61
93,73,5.0
93,129,4.0
93,103,8.0
93,110,10.0
93,119,0.58
93,20,4.0
93,108,9.61
93,2,4.0
93,80,2.0
93,23,4.0
94,41,154.44
94,44,123.83
94,49,254.10000000000008
94,47,345.7100000000001
94,53,147.82999999999998
94,10,29.22
94,52,562.5400000000002
94,54,102.05
94,59,650.3700000000002
94,11,58.0
94,61,117.49
94,64,75.44
94,60,335.5900000000001
94,69,51.22
94,71,44.0
94,75,108.05
94,76,39.83
94,89,357.7100000000001
94,88,123.66
94,93,1986.2099999999934
94,92,400.72000000000037
94,91,444.42000000000024
94,95,58.44
94,43,260.49
94,46,544.9300000000001
94,97,987.0900000000008
94,50,1253.8600000000004
94,36,22.0
94,70,49.61
94,22,124.06000000000002
94,57,81.61
94,67,1336.189999999999
94,128,2886.149999999998
94,125,361.9300000000002
94,124,107.18
94,127,104.66
94,126,261.6799999999997
94,140,150.0899999999999
93,112,5.0
93,74,8.0
93,149,0.2
94,42,34.83
94,45,62.44
94,3,26.0
94,51,83.88
94,8,58.0
94,48,137.61
94,55,30.0
94,58,133.82999999999998
94,62,125.05
94,65,46.61
94,40,35.0
94,13,63.22
94,81,18.0
94,77,25.0
94,15,82.66
94,18,4.0
94,73,6.0
94,56,42.61
94,90,40.0
94,139,153.00000000000006
94,142,18.4
94,27,22.659999999999993
94,29,20.380000000000003
94,30,20.619999999999994
94,33,17.61
94,9,12.0
94,66,45.44
94,12,16.0
94,78,30.61
94,19,7.0
94,98,21.0
94,86,27.22
94,122,27.85
94,63,22.22
94,131,10.399999999999999
94,96,20.0
94,34,17.0
94,68,30.17000000000002
94,130,10.14
94,132,7.5799999999999965
94,145,0.28
94,144,6.019999999999999
94,136,15.959999999999983
94,79,10.61
94,39,35.0
94,110,24.0
94,31,7.0
94,121,26.42
94,87,31.0
94,143,9.729999999999993
94,134,0.48000000000000004
94,105,1.1600000000000001
94,28,4.320000000000001
94,107,2.0700000000000003
94,147,0.2
94,114,4.120000000000001
94,115,2.76
94,116,6.139999999999998
94,119,1.2400000000000002
94,141,4.95
94,106,0.72
94,17,27.61
94,138,1.9200000000000004
94,151,2.2800000000000002
94,113,2.0000000000000004
94,104,2.0
94,38,34.61
94,4,15.0
94,16,35.22
94,35,44.22
94,133,0.48
93,32,2.61
92,20,2.0
92,147,0.30000000000000004
92,123,2.2800000000000002
92,111,4.0
92,86,12.0
92,135,2.0
92,66,14.0
92,146,0.5800000000000001
92,63,6.0
92,2,12.0
92,108,3.0
92,83,4.0
93,100,4.0
93,117,6.0
91,31,27.22
91,33,59.44
91,36,74.22
91,44,284.88
91,5,39.83
91,45,224.32000000000005
91,49,246.7100000000001
91,48,161.05
91,53,110.66
91,59,186.27000000000004
91,60,72.61
91,11,25.0
91,62,70.22
91,61,19.22
91,69,165.10000000000005
91,71,104.22
91,72,30.22
91,75,93.05
91,55,29.0
91,80,2.0
91,94,197.93000000000006
91,39,197.25000000000009
91,50,296.1300000000002
91,98,45.0
91,37,50.61
91,57,48.22
91,67,38.22
91,87,93.66
91,125,16.34
91,130,16.579999999999995
91,133,9.239999999999997
91,138,9.319999999999995
91,151,5.810000000000001
91,105,3.5900000000000003
91,107,4.86
91,29,22.439999999999994
91,136,5.849999999999997
91,68,4.52
91,124,7.059999999999999
91,139,26.76000000000002
91,7,50.22
91,51,43.61
91,8,48.489999999999995
91,9,27.0
91,54,56.0
91,12,24.61
91,34,73.83
91,3,40.83
91,4,32.22
91,65,10.0
91,13,58.61
91,76,20.61
91,77,19.61
91,78,13.0
91,19,12.0
91,101,11.0
91,102,9.0
91,117,6.0
91,56,20.61
91,86,14.0
91,128,41.83
91,131,49.35000000000002
91,28,10.169999999999998
91,144,5.8199999999999985
91,114,3.530000000000001
91,116,5.949999999999995
91,141,10.539999999999997
91,6,34.0
91,58,67.83
91,64,14.219999999999999
91,66,8.0
91,79,12.61
91,18,19.0
91,111,7.0
91,110,1.0
91,121,8.259999999999994
91,129,10.61
91,134,5.679999999999998
91,83,9.61
91,63,11.61
91,26,2.0
91,150,2.9900000000000007
91,81,6.61
91,103,23.0
91,106,1.7700000000000002
91,146,1.33
91,113,2.730000000000001
91,119,1.26
91,122,8.399999999999997
91,73,6.0
91,137,8.999999999999996
91,147,0.48
91,104,4.0
91,135,4.0
91,2,13.0
91,10,21.22
91,118,10.219999999999999
91,85,3.0
91,84,2.0
91,20,4.0
91,123,0.48
91,145,0.1
15,32,7.0
15,33,6.83
15,31,3.8299999999999996
15,35,15.61
15,34,8.0
15,36,7.0
15,38,25.61
15,39,57.269999999999996
15,2,2.0
15,41,56.22
15,42,42.22
15,43,450.6200000000001
15,44,28.61
15,46,188.37000000000006
15,3,10.0
15,4,7.0
15,5,6.0
15,45,18.22
15,6,3.22
15,48,9.61
15,7,7.0
15,47,29.61
15,49,22.22
15,51,8.219999999999999
15,52,20.0
15,8,4.0
15,9,6.0
15,53,8.0
15,54,7.609999999999999
15,55,2.0
15,56,2.0
15,58,5.0
15,59,14.61
15,60,9.0
15,11,4.0
15,65,1.0
15,40,11.61
15,12,4.0
15,69,10.0
15,70,12.829999999999998
15,71,8.0
15,75,10.0
15,13,6.0
15,72,1.0
15,78,3.0
15,77,6.0
15,87,36.879999999999995
15,88,97.75999999999999
15,89,490.77000000000004
15,90,49.83
15,14,3.61
15,91,1429.0199999999993
15,92,134.42000000000002
15,93,74.53999999999999
15,94,18.049999999999997
15,16,79.44
15,95,241.74
15,96,20.66
15,17,26.61
15,97,274.5500000000002
15,50,27.049999999999997
15,19,2.0
15,98,8.0
15,73,2.0
15,101,1.0
15,37,3.0
15,104,2.0
15,103,3.2199999999999998
15,22,1.51
15,117,2.61
15,85,2.0
15,118,3.0
15,124,2.19
15,67,5.0
15,128,8.0
15,131,7.909999999999999
15,129,0.61
15,24,2.0
15,141,8.1
15,140,10.32
15,139,2.68
15,130,9.68
15,143,4.13
15,142,10.08
15,126,4.459999999999999
15,116,2.68
15,151,2.58
15,138,1.6800000000000002
15,27,12.02
15,132,4.5
15,133,0.4
15,134,0.30000000000000004
15,137,0.18
15,105,0.66
15,28,1.46
15,106,0.2
15,107,0.7799999999999999
15,150,0.2
15,144,0.68
15,146,0.1
15,147,0.1
15,114,0.87
15,29,2.82
15,113,0.1
15,115,0.28
15,119,0.1
15,122,0.1
15,121,0.2
15,30,2.22
15,136,0.6
15,68,0.2
15,125,0.2
91,149,0.1
91,127,3.0
89,111,7.0
16,32,3.0
16,35,13.0
16,34,10.0
16,36,2.0
16,31,2.0
16,39,10.83
16,38,13.0
16,41,22.61
16,42,8.0
16,45,11.0
16,44,18.0
16,5,0.61
16,46,58.61
16,47,13.0
16,51,4.0
16,48,6.0
16,53,6.0
16,10,2.0
16,52,14.0
16,55,2.0
16,59,8.61
16,58,6.61
16,57,4.0
16,62,4.0
16,60,6.0
16,12,2.0
16,40,4.609999999999999
16,69,6.0
16,70,6.0
16,71,2.0
16,72,2.0
16,75,7.0
16,13,1.0
16,76,4.0
16,87,19.0
16,88,75.61
16,89,570.6400000000002
16,90,49.22
16,14,16.0
16,92,50.44
16,93,25.83
16,91,456.59000000000015
16,15,91.49
16,95,76.05
16,96,14.61
16,43,108.49
16,17,9.0
16,97,51.83
16,50,5.0
16,49,2.0
16,19,2.0
16,98,2.0
16,108,2.0
16,114,2.8000000000000003
16,116,2.5999999999999996
16,22,3.58
16,86,2.0
16,67,2.0
16,94,10.0
16,128,2.0
16,132,11.35
16,131,5.78
16,141,1.2
16,140,5.9399999999999995
16,139,3.59
16,125,2.38
16,130,2.46
16,143,12.16
16,142,12.16
16,27,26.84
16,133,0.98
16,134,0.78
16,137,0.2
16,138,0.78
16,151,0.88
16,105,0.5
16,28,2.24
16,106,0.2
16,107,0.88
16,150,0.48
16,144,0.88
16,146,0.2
16,147,0.1
16,29,4.0
16,113,0.5
16,115,0.2
16,119,0.1
16,123,0.1
16,122,0.1
16,121,0.38
16,30,3.09
16,136,0.5
16,68,0.38
16,126,4.0
16,124,0.78
89,66,3.0
89,112,2.0
89,83,6.0
89,110,6.0
89,117,3.0
89,80,2.0
89,74,2.0
89,65,4.0
95,31,369.8100000000002
95,32,158.76000000000005
95,33,347.42000000000013
95,35,1037.5000000000005
95,34,374.15000000000015
95,36,253.49
95,38,1076.8000000000004
95,39,2960.45
95,41,1309.77
95,43,2590.159999999998
95,42,494.0600000000003
95,44,374.9800000000002
95,4,31.0
95,45,198.88000000000002
95,46,1111.2300000000002
95,6,54.61
95,47,350.9300000000001
95,49,149.22
95,51,30.61
95,8,70.22
95,48,153.83
95,53,84.66
95,52,305.4900000000001
95,55,30.22
95,50,73.83
95,58,32.0
95,11,34.0
95,62,25.22
95,60,31.61
95,40,279.7600000000001
95,69,226.71000000000004
95,70,270.6600000000001
95,71,170.82999999999998
95,13,80.66
95,75,121.0
95,87,141.26999999999998
95,89,5119.539999999996
95,90,853.510000000001
95,14,320.76
95,88,267.4200000000001
95,93,75.22
95,92,174.49000000000004
95,91,1911.4999999999975
95,15,441.84000000000003
95,16,383.25
95,96,1144.1299999999999
95,17,228.27000000000004
95,97,336.4700000000002
95,18,50.61
95,74,20.0
95,98,71.61
95,37,112.61
95,22,110.17
95,57,58.22
95,131,124.44999999999997
95,103,110.61
95,140,30.570000000000018
95,143,23.95
95,130,23.310000000000002
95,142,48.44000000000004
95,27,45.550000000000004
95,132,25.100000000000005
95,138,14.699999999999994
95,28,4.9
95,107,2.8000000000000007
95,150,0.7
95,29,9.68
95,122,1.3
95,30,6.93
95,136,1.8400000000000005
95,126,7.909999999999996
95,139,7.459999999999997
95,2,104.05
95,3,90.66
95,5,30.22
95,7,32.83
95,59,66.61
95,12,108.27
95,78,17.0
95,100,8.0
95,21,4.0
95,117,3.0
95,86,17.0
95,110,6.0
95,118,12.61
95,128,9.0
95,105,6.0600000000000005
95,133,9.039999999999997
95,151,11.239999999999995
95,144,2.4300000000000006
95,116,1.4400000000000002
95,124,1.5500000000000005
95,1,8.0
95,54,51.0
95,72,39.22
95,102,30.0
95,94,28.61
95,137,16.009999999999998
95,134,1.8
95,106,1.4700000000000002
95,113,3.060000000000001
95,129,17.0
95,104,15.829999999999998
95,114,1.5600000000000005
95,119,0.51
95,121,2.24
95,68,0.68
95,9,21.61
95,61,28.61
95,77,20.0
95,79,15.0
95,19,44.0
95,23,5.0
95,141,0.5800000000000001
90,122,0.88
96,33,811.2600000000006
96,35,1440.7699999999986
96,34,893.4200000000003
96,36,306.88
96,38,1003.7000000000007
96,39,693.6000000000004
96,2,76.66
96,41,739.7600000000002
96,42,189.26999999999998
96,44,239.05
96,3,63.22
96,46,526.3200000000002
96,47,236.4900000000001
96,53,68.61
96,62,19.61
96,69,142.61
96,40,218.88000000000005
96,71,108.44
96,75,95.83
96,77,14.0
96,87,273.1
96,88,345.0300000000002
96,89,3108.6800000000017
96,90,4433.750000000003
96,14,372.81000000000006
96,92,89.83
96,91,677.1500000000002
96,16,147.26999999999998
96,95,2005.4599999999941
96,43,630.3700000000002
96,17,90.22
96,70,337.05000000000007
96,18,65.05
96,98,89.61
96,73,21.0
96,104,52.22
96,22,79.88999999999999
96,32,501.9100000000003
96,131,1910.9099999999976
96,151,27.09000000000003
96,142,124.27999999999996
96,143,67.17000000000006
96,27,125.14
96,132,295.72
96,28,7.309999999999998
96,29,16.05
96,30,11.329999999999997
96,126,20.309999999999995
96,31,1720.5599999999956
96,37,242.93000000000006
96,4,26.61
96,45,107.22
96,8,54.0
96,48,76.83
96,54,30.61
96,11,16.0
96,61,13.0
96,72,17.22
96,49,74.83
96,97,176.44
96,50,34.61
96,59,27.0
96,19,53.0
96,20,6.0
96,101,23.61
96,129,216.93000000000006
96,135,51.0
96,137,68.61000000000001
96,103,188.61
96,130,82.42999999999996
96,133,98.40999999999995
96,138,39.04000000000003
96,105,5.169999999999998
96,144,7.739999999999999
96,136,2.8400000000000007
96,139,7.199999999999998
96,141,7.079999999999999
96,1,15.61
96,7,15.0
96,10,6.609999999999999
96,58,25.0
96,60,32.0
96,13,47.22
96,79,11.0
96,63,3.0
96,124,4.33
96,107,4.499999999999999
96,114,2.8600000000000008
96,140,24.73000000000002
96,9,9.0
96,52,165.10000000000002
96,55,15.0
96,51,10.61
96,12,49.61
96,93,44.0
96,15,137.26999999999998
96,100,14.0
96,57,9.83
96,94,50.61
96,121,3.540000000000001
96,134,85.61999999999995
96,116,3.030000000000001
96,68,3.6200000000000006
96,125,1.4300000000000002
95,135,14.0
95,64,12.0
95,76,20.22
95,73,22.0
95,145,0.1
95,147,0.30000000000000004
95,81,15.219999999999999
95,26,2.0
95,10,17.61
95,112,2.0
95,56,18.83
95,123,0.1
96,6,15.0
96,74,10.0
96,76,14.61
96,78,8.0
96,21,17.0
96,128,7.0
96,106,4.879999999999997
96,146,1.08
31,86,2.0
31,105,3.7600000000000002
39,58,18.61
39,11,8.0
39,135,6.609999999999999
39,115,0.18
95,80,4.0
95,67,13.61
95,24,3.2199999999999998
39,108,4.0
39,113,0.48
39,60,10.0
39,78,13.0
39,86,4.0
39,114,0.79
39,124,0.4
39,141,0.18
39,79,9.0
39,81,19.0
39,61,4.0
39,106,2.5000000000000004
39,150,0.66
39,136,0.58
39,139,0.48
39,74,8.61
39,129,2.0
39,146,0.4
95,99,5.0
95,83,6.0
95,63,7.0
95,125,0.48
95,115,2.1
95,20,6.0
95,108,4.0
95,111,5.0
95,127,2.0
39,67,6.0
39,24,6.0
39,147,0.1
39,68,0.2
39,56,4.0
39,110,4.0
39,111,2.0
95,101,10.61
95,146,0.1
95,66,2.0
95,25,2.0
95,84,0.61
43,31,34.61
43,33,82.22
43,34,122.66
43,5,39.61
43,8,89.44
43,10,29.61
43,54,62.22
43,11,36.44
43,62,51.61
43,61,23.0
43,59,89.61
43,13,84.88
43,87,70.83
43,14,96.05
43,88,190.98000000000008
43,93,120.36999999999999
43,15,574.3800000000001
43,16,222.1
43,96,78.66
43,97,897.890000000001
43,110,11.219999999999999
43,94,53.44
43,131,31.380000000000013
43,103,10.0
43,57,57.0
43,98,73.83
43,102,15.219999999999999
43,67,32.0
43,2,17.22
43,4,48.61
43,6,45.0
43,9,27.83
43,76,29.61
43,18,21.0
43,128,15.0
43,19,23.0
43,86,32.0
43,118,16.0
43,1,6.0
43,78,15.0
43,108,2.61
43,64,10.0
43,127,2.0
95,65,0.61
39,101,6.0
39,63,4.0
39,121,0.2
39,85,0.61
39,51,6.0
42,79,9.0
42,78,3.0
42,65,2.0
42,85,2.0
42,111,4.0
43,60,22.61
43,79,13.219999999999999
43,77,22.83
43,63,4.61
43,32,17.0
43,26,2.0
43,104,12.0
43,111,3.61
43,73,6.0
43,80,3.0
43,101,12.0
43,135,5.0
43,123,0.30000000000000004
43,122,6.5699999999999985
43,74,10.0
43,109,2.0
43,117,5.0
43,83,1.0
43,147,0.7799999999999999
43,84,2.0
43,21,2.0
43,65,2.61
43,129,4.609999999999999
43,23,2.0
17,33,7.0
17,35,34.0
17,34,7.0
17,37,11.0
17,32,4.0
17,38,21.22
17,2,2.0
17,36,0.61
17,41,127.27
17,42,96.59
17,43,603.0100000000001
17,44,38.44
17,46,399.20000000000005
17,45,37.269999999999996
17,3,7.22
17,5,4.0
17,6,5.0
17,48,13.219999999999999
17,47,56.83
17,7,4.61
17,49,16.0
17,50,12.61
17,52,26.83
17,8,2.61
17,9,2.0
17,53,9.0
17,10,2.61
17,54,6.0
17,57,5.0
17,58,2.0
17,51,6.0
17,59,6.0
17,62,6.0
17,64,4.0
17,61,2.0
17,40,18.22
17,12,9.0
17,69,21.61
17,70,23.0
17,71,18.61
17,75,10.0
17,13,6.0
17,76,2.0
17,79,2.0
17,81,4.61
17,78,2.0
17,77,4.0
17,87,4.0
17,90,8.61
17,89,63.83
17,14,8.61
17,88,6.0
17,92,8.0
17,91,109.66
17,15,9.0
17,16,4.0
17,95,46.269999999999996
17,96,5.0
17,31,3.0
17,39,37.83
17,97,42.83
17,93,3.0
17,18,1.0
17,98,8.0
17,73,2.0
17,101,2.0
17,20,2.0
17,104,4.0
17,102,2.0
17,108,4.0
17,111,4.0
17,85,0.61
17,22,10.43
17,56,2.0
17,128,2.0
17,132,5.1
17,137,4.199999999999999
17,103,2.0
17,140,6.28
17,142,2.74
17,143,2.5600000000000005
17,27,9.09
17,130,0.4
17,131,0.2
17,133,0.3
17,134,0.30000000000000004
17,138,0.68
17,151,0.7799999999999999
17,105,0.47
17,28,1.84
17,106,0.30000000000000004
17,107,0.88
17,150,0.38
17,144,0.78
17,146,0.2
17,147,0.1
17,114,0.5
17,29,3.57
17,113,0.30000000000000004
17,115,0.2
17,116,0.5
17,119,0.2
17,122,0.1
17,121,0.30000000000000004
17,30,2.6
17,136,0.76
17,68,0.2
17,126,3.22
17,124,0.68
17,125,0.3
17,139,0.38
17,141,0.1
46,31,11.0
46,80,7.0
46,108,3.0
46,24,4.0
46,141,6.699999999999998
46,127,4.0
46,115,3.640000000000001
46,32,12.61
46,104,14.0
46,145,0.1
43,85,2.61
43,99,2.0
43,148,2.0
97,32,3.61
97,33,45.0
97,35,161.66000000000003
97,34,73.0
97,38,107.05
97,43,2092.9999999999973
97,42,231.76000000000005
97,41,779.9800000000002
97,44,438.7100000000001
97,46,5576.919999999993
97,45,306.7600000000001
97,6,65.83
97,47,888.6400000000003
97,49,613.6200000000005
97,8,148.49
97,48,258.2700000000001
97,53,219.49000000000007
97,52,816.9100000000003
97,59,447.59000000000015
97,54,112.44
97,62,148.22
97,64,34.22
97,60,158.66
97,69,228.05
97,71,135.61
97,75,206.88
97,76,52.61
97,80,6.0
97,89,1032.2300000000005
97,14,70.83
97,88,222.2000000000001
97,92,555.6500000000005
97,93,2180.599999999995
97,91,4147.930000000007
97,15,609.5500000000002
97,95,230.59000000000003
97,39,94.66
97,17,179.82999999999998
97,50,1756.449999999998
97,37,61.22
97,22,176.46000000000004
97,57,128.44
97,94,714.2300000000005
97,142,27.710000000000022
97,143,13.199999999999992
97,27,21.210000000000004
97,132,7.059999999999999
97,151,3.9500000000000006
97,28,3.9600000000000017
97,106,5.079999999999998
97,114,4.120000000000001
97,29,11.319999999999997
97,116,3.4600000000000013
97,121,17.4
97,30,10.899999999999997
97,126,50.320000000000086
46,99,4.0
46,20,2.0
46,149,0.28
46,18,16.0
46,84,2.61
46,112,2.0
46,82,2.0
97,36,63.83
97,51,148.98000000000008
97,58,176.15000000000003
97,66,19.83
97,61,61.83
97,77,40.61
97,78,30.61
97,81,11.61
97,98,84.61
97,56,38.0
97,63,15.219999999999999
97,67,149.88
97,128,155.15000000000003
97,131,19.860000000000003
97,133,1.2600000000000002
97,134,5.159999999999998
97,138,4.62
97,105,3.640000000000001
97,107,3.8500000000000005
97,150,0.8599999999999999
97,144,9.339999999999996
97,146,1.0799999999999998
97,147,0.6599999999999999
97,113,3.6600000000000006
97,119,0.9599999999999999
97,122,9.39
97,136,6.499999999999997
97,124,25.91000000000001
97,125,12.609999999999996
97,139,28.780000000000012
97,140,85.5
97,31,9.219999999999999
97,3,99.0
97,4,44.61
97,5,44.61
97,7,77.05
97,10,73.05
97,12,67.61
97,40,158.05
97,72,52.22
97,13,101.66
97,55,43.61
97,79,25.61
97,87,52.61
97,16,152.32
97,18,13.0
97,70,173.66000000000003
97,73,16.0
97,108,4.61
97,110,10.0
97,65,12.61
97,127,19.0
97,68,5.6899999999999995
97,141,7.849999999999999
97,2,24.61
97,9,33.61
97,11,59.61
97,74,5.0
97,85,2.0
97,86,32.61
97,90,97.44
97,96,36.61
97,19,27.0
97,102,21.61
97,111,15.61
97,23,3.0
97,103,17.0
97,130,9.719999999999999
97,137,0.30000000000000004
97,104,14.0
97,118,11.61
97,20,6.61
97,117,11.0
97,21,7.0
97,112,4.0
97,123,2.61
97,129,6.0
97,145,0.1
97,115,2.58
91,109,2.0
97,99,3.61
97,101,4.0
97,83,4.0
50,80,4.0
50,14,17.61
50,15,81.27
50,16,43.61
50,137,0.8099999999999999
50,6,25.0
50,12,21.61
50,79,20.22
50,39,20.22
50,98,19.0
50,90,18.22
50,87,7.0
50,19,3.0
50,78,40.61
50,56,35.22
50,122,4.749999999999999
50,33,14.0
50,101,9.0
50,37,29.61
50,108,14.0
50,24,2.0
50,105,0.9599999999999999
50,147,0.6799999999999999
50,102,8.0
50,117,7.0
50,32,1.0
50,146,0.8799999999999999
50,119,0.8600000000000001
50,123,0.38
50,100,4.0
50,150,0.68
50,84,2.61
50,111,11.0
59,32,2.0
59,103,2.0
59,74,0.61
59,112,2.0
50,74,5.0
50,18,13.0
50,83,11.0
50,2,3.0
50,1,2.0
50,99,2.0
50,20,2.0
50,21,2.0
50,104,1.0
50,103,6.0
50,23,4.0
70,55,20.61
70,88,11.0
70,94,10.0
70,24,12.61
70,32,29.61
70,110,3.61
70,26,6.0
70,63,6.0
70,128,3.0
70,112,3.0
18,32,3.0
18,33,8.0
18,35,62.83
18,34,10.0
18,36,317.42
18,37,61.0
18,1,4.0
18,38,28.83
18,2,10.0
18,40,102.1
18,41,58.0
18,42,1.0
18,3,2.0
18,44,22.0
18,4,2.0
18,5,8.0
18,45,5.0
18,47,12.0
18,6,2.0
18,7,2.0
18,49,4.0
18,8,2.61
18,48,7.609999999999999
18,9,2.0
18,52,5.0
18,51,2.0
18,58,2.0
18,11,1.0
18,12,12.0
18,69,40.61
18,70,449.59000000000015
18,71,59.61
18,72,9.0
18,75,16.22
18,13,9.0
18,76,0.61
18,53,4.0
18,78,4.0
18,80,1.0
18,77,1.0
18,88,2.0
18,91,2.0
18,95,7.0
18,39,2.0
18,43,9.0
18,17,2.0
18,46,13.0
18,97,2.0
18,50,3.0
18,19,149.81
18,98,46.269999999999996
18,73,17.0
18,74,2.0
18,99,1.0
18,100,8.0
18,101,9.61
18,102,9.0
18,21,4.0
18,103,13.0
18,104,2.0
18,83,2.0
18,111,2.0
18,22,3.38
18,62,2.0
18,56,2.0
18,118,1.0
18,122,2.1
18,94,2.0
18,126,6.640000000000001
18,96,4.0
18,138,6.8999999999999995
18,25,1.0
18,151,6.62
18,142,2.64
18,143,2.54
18,27,7.67
18,130,0.48
18,131,0.1
18,132,2.32
18,133,0.2
18,134,0.78
18,137,0.48
18,105,3.1399999999999997
18,28,11.16
18,106,2.56
18,107,5.0600000000000005
18,150,2.0700000000000003
18,149,0.11
18,145,0.1
18,144,3.1
18,146,1.06
18,147,0.48
18,114,2.5999999999999996
18,29,8.03
18,113,1.1600000000000001
18,115,0.2
18,116,1.1800000000000002
18,119,0.38
18,121,0.76
18,30,3.6
18,136,1.1600000000000001
18,68,0.48000000000000004
18,124,0.78
18,125,0.48
18,139,0.38
18,140,1.36
19,32,4.0
19,33,13.0
19,35,64.83
19,34,17.61
19,36,427.52
19,37,151.10000000000002
19,1,13.61
19,38,13.0
19,2,8.0
19,40,78.05
19,41,43.61
19,42,12.0
19,3,8.0
19,44,10.61
19,4,2.0
19,46,8.0
19,45,1.0
19,47,4.609999999999999
19,49,4.0
19,8,1.0
19,48,4.0
19,53,8.0
19,10,2.0
19,52,6.0
19,51,2.0
19,61,2.0
19,12,6.0
19,69,45.61
19,70,513.9100000000001
19,71,49.22
19,73,16.83
19,74,4.61
19,72,8.22
19,75,6.0
19,13,2.0
19,76,4.61
19,79,2.0
19,81,2.0
19,78,4.0
19,89,2.0
19,88,2.0
19,91,6.0
19,95,8.0
19,39,1.83
19,43,10.0
19,17,0.61
19,97,2.0
19,18,117.44
19,98,82.1
19,99,2.61
19,100,4.0
19,20,2.61
19,101,3.0
19,102,13.219999999999999
19,21,3.0
19,103,19.22
19,104,2.0
19,85,2.0
19,22,3.28
19,56,2.0
19,96,4.0
19,31,2.0
19,135,3.0
19,151,12.76
19,105,7.3100000000000005
19,142,3.7199999999999998
19,143,3.04
19,27,9.41
19,130,0.78
19,131,0.2
19,132,2.8
19,133,0.58
19,134,0.8
19,137,0.5
19,138,3.8600000000000003
19,28,16.04
19,106,3.4899999999999998
19,107,7.250000000000001
19,150,3.15
19,149,0.37
19,144,3.87
19,146,0.8999999999999999
19,147,0.5
19,114,2.36
19,29,10.26
19,113,0.98
19,115,0.66
19,116,1.76
19,119,0.3
19,123,0.1
19,122,0.1
19,121,0.4
19,30,4.45
19,136,0.7
19,68,0.4
19,126,5.92
19,124,1.08
19,125,0.4
19,139,0.4
19,140,1.66
19,141,0.1
36,111,2.0
36,64,2.0
37,51,7.0
36,65,2.0
98,33,143.27000000000004
98,35,430.4700000000002
98,34,376.86000000000024
98,36,1217.8399999999997
98,37,6851.789999999974
98,1,121.49
98,38,171.32000000000002
98,2,61.44
98,41,826.2000000000002
98,43,126.61
98,42,66.61
98,44,467.49000000000007
98,3,85.22
98,5,40.83
98,46,214.61
98,45,73.83
98,6,70.22
98,47,389.1000000000001
98,52,345.49000000000007
98,8,73.61
98,48,247.27000000000004
98,9,26.0
98,53,141.44
98,10,28.61
98,40,576.1300000000003
98,12,84.0
98,69,884.4500000000005
98,70,5128.649999999989
98,71,2291.839999999996
98,72,357.03000000000014
98,75,533.9300000000001
98,13,333.49
98,76,58.22
98,77,53.22
98,79,79.22
98,78,84.49
98,74,276.03000000000014
98,91,89.22
98,15,21.0
98,95,32.0
98,39,50.61
98,17,24.61
98,97,51.83
98,59,30.0
98,18,227.76
98,19,493.09000000000015
98,73,2911.350000000003
98,99,182.25000000000006
98,100,1168.45
98,101,2893.5600000000013
98,20,353.25000000000006
98,102,1791.4299999999967
98,21,347.86000000000007
98,104,540.8100000000002
98,112,12.0
98,22,143.27000000000004
98,86,29.0
98,131,21.230000000000004
98,90,14.0
98,138,61.91000000000005
98,137,19.85000000000001
98,103,313.4200000000002
98,24,15.0
98,25,14.219999999999999
98,106,163.99999999999986
98,151,261.1499999999997
98,142,28.440000000000005
98,143,25.769999999999992
98,27,83.56999999999998
98,130,4.69
98,132,25.179999999999996
98,134,11.319999999999993
98,105,164.86999999999998
98,28,309.75000000000006
98,107,231.62999999999982
98,150,92.42
98,144,60.95000000000003
98,146,16.859999999999992
98,29,105.49
98,115,4.7
98,116,19.45999999999999
98,30,48.07
98,136,10.939999999999985
98,126,50.520000000000046
98,124,9.280000000000003
98,140,13.049999999999988
98,4,44.61
98,7,32.61
98,55,22.0
98,54,59.22
98,51,12.61
98,58,36.22
98,81,111.66
98,49,74.0
98,57,37.61
98,31,13.0
98,149,14.939999999999992
98,133,3.680000000000001
98,147,6.280000000000001
98,114,28.950000000000003
98,113,16.249999999999993
98,119,4.9
98,139,4.449999999999999
98,32,18.0
98,11,24.0
98,84,12.0
98,16,11.0
98,83,61.05
98,125,4.21
98,88,6.0
98,108,51.83
98,111,20.0
98,56,19.0
98,121,8.229999999999995
98,68,6.389999999999995
70,16,10.61
70,85,10.0
98,62,29.61
98,80,43.22
98,89,66.22
98,93,5.0
98,96,26.0
98,141,2.9500000000000006
98,26,40.61
98,123,1.4300000000000002
98,122,2.4100000000000006
71,25,2.0
98,14,17.0
98,67,10.0
98,50,17.0
98,85,10.0
98,63,9.0
98,92,10.0
98,145,17.500000000000004
98,60,5.609999999999999
98,94,8.0
98,109,4.0
98,148,39.61
98,110,6.0
98,135,16.0
98,61,7.0
98,118,8.0
98,117,10.0
98,82,12.61
98,64,6.0
98,128,1.0
73,142,2.760000000000001
73,106,36.700000000000024
73,121,3.26
73,134,2.7600000000000007
73,138,7.099999999999999
73,33,64.83
73,11,30.61
73,88,9.0
73,91,44.61
73,95,22.0
73,17,49.0
73,109,12.0
73,128,4.0
73,90,5.609999999999999
73,143,2.560000000000001
73,130,0.58
73,116,8.819999999999997
73,119,0.5800000000000001
73,68,0.5
73,124,0.9799999999999999
73,139,0.2
73,141,0.1
73,1,18.0
73,58,28.61
73,9,25.0
73,85,18.0
73,67,7.0
73,148,33.44
73,133,1.2000000000000002
73,115,8.58
73,125,0.68
73,32,8.0
73,2,17.0
73,16,15.0
73,118,10.0
73,64,7.0
73,87,2.0
73,122,0.38
73,131,2.2
73,93,4.0
73,145,9.09
73,92,3.0
73,96,10.0
73,112,17.22
73,137,8.299999999999999
73,65,4.0
73,135,2.0
73,31,3.0
73,61,10.0
73,24,4.0
73,123,0.2
73,110,4.0
73,117,3.0
73,25,2.0
74,130,0.1
74,131,0.1
74,68,0.1
74,90,2.0
99,33,25.0
99,35,71.83
99,34,73.61
99,36,111.83
99,40,111.22
99,38,20.0
99,41,178.05
99,44,160.88000000000005
99,4,16.61
99,45,42.0
99,6,15.0
99,48,116.83
99,47,152.05
99,8,42.61
99,53,57.0
99,52,209.93000000000006
99,10,19.0
99,55,24.0
99,54,47.61
99,56,47.83
99,51,11.61
99,59,8.0
99,60,4.0
99,58,17.22
99,57,67.61
99,11,26.61
99,62,28.22
99,61,12.0
99,64,11.0
99,67,2.61
99,69,223.27000000000004
99,70,440.71000000000004
99,71,652.3500000000003
99,73,921.9800000000007
99,74,705.4100000000005
99,72,413.4700000000002
99,75,358.59000000000015
99,13,144.66
99,76,62.05
99,77,73.88
99,79,97.05
99,78,162.26999999999998
99,81,545.0600000000002
99,80,270.9400000000001
99,82,236.55000000000015
99,85,23.0
99,86,47.61
99,14,9.0
99,91,36.61
99,15,2.0
99,31,4.0
99,39,11.0
99,95,3.61
99,43,40.61
99,17,6.0
99,46,63.0
99,97,14.0
99,50,8.61
99,18,26.22
99,19,48.22
99,98,654.4000000000004
99,100,4057.1600000000017
99,101,820.390000000001
99,20,85.22
99,37,449.9800000000002
99,102,371.9300000000001
99,21,60.83
99,104,120.05
99,83,700.1400000000004
99,108,423.6900000000002
99,84,26.22
99,111,44.44
99,112,27.61
99,115,16.48
99,22,87.57
99,117,5.0
99,110,23.0
99,118,12.0
99,94,4.0
99,68,1.2000000000000002
99,116,8.6
99,144,186.97
99,109,18.22
99,148,412.2300000000001
99,149,68.32000000000001
99,150,365.20000000000005
99,106,76.79000000000002
99,107,58.02000000000002
99,151,54.41000000000001
99,27,2.980000000000001
99,28,7.719999999999998
99,146,14.019999999999998
99,147,3.74
99,114,8.619999999999997
99,29,9.239999999999998
99,30,3.9200000000000004
99,136,0.68
99,126,2.660000000000001
99,42,12.0
99,3,16.61
99,5,15.0
99,12,16.0
99,63,5.61
99,103,31.83
99,145,43.33
99,142,0.68
99,132,1.04
99,133,0.1
99,105,11.819999999999997
99,113,9.759999999999998
99,121,2.38
99,2,8.0
99,9,8.61
99,89,15.0
99,88,5.0
99,143,0.5800000000000001
99,122,0.2
99,140,0.64
74,96,0.61
99,1,12.61
99,7,8.61
99,49,22.0
99,134,0.1
99,138,3.2400000000000007
99,124,0.28
100,35,154.05
100,34,175.44000000000003
100,37,1265.0099999999995
100,36,224.88
100,38,61.61
100,41,293.66
100,43,74.22
100,4,26.61
100,44,206.05
100,45,36.0
100,6,20.61
100,48,190.66000000000005
100,49,42.0
100,8,103.61
100,47,242.44
100,53,104.83
100,52,384.6600000000001
100,10,17.61
100,54,53.61
100,57,44.22
100,60,11.0
100,40,165.22
100,12,43.0
100,69,279.05000000000007
100,70,772.0300000000002
100,71,994.3000000000003
100,73,2540.5799999999967
100,74,569.7900000000003
100,72,478.08000000000027
100,75,460.1500000000001
100,13,185.49
100,76,94.44
100,77,67.0
100,55,24.0
100,78,128.44
100,79,129.44
100,80,180.71
100,81,363.98000000000013
100,82,119.64
100,86,43.22
100,91,58.61
100,39,16.61
100,46,98.22
100,18,57.61
100,19,62.61
100,98,1859.6199999999963
100,99,2714.8299999999986
100,101,4641.549999999995
100,20,321.93
100,102,1343.7999999999997
100,21,96.44
100,104,273.1
100,107,331.31999999999994
100,83,377.59000000000015
100,108,289.93000000000006
100,111,54.22
100,85,20.61
100,116,5.06
100,22,129.51000000000005
100,56,34.0
100,118,14.0
100,63,4.0
100,59,12.61
100,144,245.46000000000004
100,149,74.4
100,145,42.74000000000001
100,148,398.96000000000015
100,150,735.8500000000005
100,106,190.87999999999977
100,27,11.669999999999998
100,151,137.98999999999998
100,105,66.79000000000002
100,28,41.010000000000005
100,147,5.920000000000001
100,114,11.67999999999999
100,29,20.609999999999996
100,113,19.099999999999994
100,30,8.939999999999998
100,126,7.899999999999996
100,33,54.0
100,2,13.0
100,42,37.0
100,3,29.0
100,5,17.0
100,7,13.61
100,58,19.0
100,89,33.0
100,95,17.61
100,97,13.61
100,84,31.0
100,122,3.3800000000000003
100,137,19.73
100,24,10.0
100,109,21.0
100,26,12.0
100,142,2.3400000000000003
100,132,5.919999999999999
100,138,17.64
100,146,24.06000000000003
100,119,1.14
100,140,1.2800000000000002
100,32,8.0
100,9,8.61
100,51,10.0
100,15,5.0
100,117,5.0
100,103,128.44
100,139,0.6
100,110,7.609999999999999
100,131,9.1
100,130,0.4
100,50,14.0
100,94,2.0
100,11,29.0
100,17,8.0
100,136,1.18
100,1,37.0
100,62,12.219999999999999
100,88,13.0
100,23,5.0
100,87,2.0
100,16,4.0
100,112,39.0
100,123,2.1
100,128,5.0
100,143,2.0400000000000005
100,133,0.38
100,115,2.4000000000000004
100,61,4.0
100,124,0.6
100,14,8.0
99,139,0.18
99,131,1.3599999999999999
99,141,0.1
99,32,6.0
99,26,10.0
99,25,2.0
99,137,4.609999999999999
99,24,0.61
100,64,2.0
100,134,1.2100000000000002
100,125,0.30000000000000004
100,121,2.7600000000000002
100,96,6.0
100,135,4.0
100,31,4.0
101,34,334.71000000000004
101,36,448.98000000000013
101,35,264.05000000000007
101,47,212.66000000000003
101,12,63.0
101,41,478.44000000000005
101,71,996.9100000000003
101,72,332.5400000000001
101,75,360.49000000000007
101,70,1249.1299999999999
101,98,4512.329999999997
101,100,5930.779999999991
101,73,1394.9299999999985
101,102,7394.059999999964
101,20,1558.0199999999998
101,37,3678.6100000000015
101,104,943.0100000000004
101,82,39.61
101,22,158.21000000000004
101,106,764.600000000001
101,150,328.6800000000002
100,93,2.0
100,67,2.0
100,92,2.0
100,68,0.30000000000000004
101,31,17.0
101,33,109.05
101,1,41.22
101,2,24.22
101,38,74.0
101,43,94.61
101,42,60.83
101,4,34.0
101,5,39.0
101,48,178.88000000000002
101,7,25.61
101,49,27.22
101,8,46.61
101,9,19.61
101,53,102.61
101,52,249.27000000000004
101,60,10.0
101,58,32.0
101,11,20.0
101,40,241.61
101,69,392.1000000000001
101,44,215.88000000000002
101,74,290.49000000000007
101,13,187.49000000000004
101,76,60.83
101,79,59.83
101,81,138.22
101,78,92.61
101,77,61.22
101,89,43.0
101,88,1.0
101,91,41.0
101,46,162.44
101,50,14.0
101,18,105.83
101,19,145.44
101,99,568.2100000000004
101,21,315.35000000000014
101,107,770.2300000000013
101,83,193.71
101,108,143.66
101,111,26.0
101,112,26.61
101,57,30.439999999999998
101,56,32.0
101,118,9.0
101,90,8.0
101,137,17.499999999999996
101,103,303.2000000000001
101,149,34.85
101,148,194.71000000000004
101,144,166.22999999999993
101,151,338.70999999999987
101,27,30.939999999999998
101,130,1.62
101,138,50.260000000000055
101,105,171.76999999999978
101,28,150.83999999999995
101,145,28.9
101,146,12.86999999999999
101,114,12.859999999999989
101,29,36.540000000000006
101,30,18.16000000000001
101,124,2.2400000000000007
101,3,59.0
101,51,13.0
101,54,22.61
101,55,10.61
101,80,61.44
101,86,21.0
101,16,5.0
101,95,38.61
101,97,20.0
101,59,21.0
101,84,19.0
101,110,8.61
101,143,7.0799999999999965
101,132,9.669999999999995
101,134,5.18
101,126,14.779999999999978
101,39,18.61
101,135,8.61
101,142,7.219999999999995
101,116,9.709999999999999
101,147,3.3800000000000012
101,136,3.0700000000000016
101,32,15.0
101,45,55.61
101,6,11.0
101,15,2.8299999999999996
101,109,28.0
101,26,21.0
101,62,13.0
101,94,4.0
101,117,6.0
101,128,2.61
101,25,7.22
101,64,1.0
101,131,7.68
101,96,6.0
101,113,9.149999999999999
101,139,1.24
101,140,3.220000000000001
101,14,15.61
101,63,5.0
101,10,12.61
101,115,3.3600000000000003
101,123,0.58
101,121,1.74
101,125,1.0799999999999998
101,85,8.0
101,68,0.7999999999999999
101,119,1.26
101,87,4.0
101,24,11.0
101,133,3.16
101,17,11.0
101,122,0.8599999999999999
101,141,0.1
101,61,2.0
102,35,410.1
102,53,128.22
102,44,338.05000000000007
102,77,36.22
102,46,208.22000000000003
102,97,41.22
102,19,166.44
102,70,1556.7899999999995
102,73,401.0300000000002
102,100,1079.1200000000006
102,101,6617.309999999959
102,20,1664.8499999999995
102,98,3151.930000000002
102,37,7016.299999999975
102,104,6087.759999999973
102,22,177.83999999999992
102,26,87.0
102,142,21.410000000000007
102,27,79.90000000000002
102,132,37.38000000000001
102,151,1076.6800000000005
102,105,1419.489999999998
102,28,600.25
102,106,1898.17
102,107,850.000000000001
102,150,221.4399999999997
102,149,18.96
102,144,116.02
102,29,92.51000000000002
102,121,4.939999999999999
102,34,744.1300000000003
102,69,538.2000000000002
102,71,773.3200000000002
102,15,5.0
102,18,117.0
102,74,96.83
102,143,19.18000000000001
102,130,3.5200000000000014
102,134,24.30000000000002
102,138,191.83999999999975
102,146,16.239999999999984
102,30,45.460000000000015
102,126,42.81000000000009
102,124,9.239999999999997
102,33,177.05
102,41,577.7100000000002
102,3,58.22
102,4,29.0
102,45,52.22
102,47,286.6600000000001
102,52,297.93000000000006
102,54,25.0
102,40,327.2700000000001
102,72,157.83
102,75,342.22
102,76,50.0
102,17,34.61
102,36,687.0300000000002
102,21,2325.72
102,103,1327.7999999999993
102,83,90.61
102,57,23.61
102,94,5.0
102,148,134.44
102,147,6.179999999999999
102,114,22.430000000000014
102,113,8.779999999999998
102,116,13.879999999999985
102,119,3.2500000000000013
102,136,8.28999999999999
102,139,5.02
102,140,9.899999999999995
20,32,1.0
20,33,2.0
20,35,4.0
20,34,7.0
20,36,15.61
20,37,124.05
20,1,6.0
20,38,2.0
20,2,2.0
20,41,4.0
20,44,2.0
20,3,2.0
20,47,3.0
20,9,2.0
20,52,2.61
20,58,2.0
20,12,2.0
20,40,2.0
20,69,2.0
20,71,8.0
20,75,2.0
20,74,6.0
20,81,4.0
20,78,2.0
20,96,2.0
20,17,1.0
20,97,3.0
20,91,2.0
20,19,10.0
20,70,29.0
20,98,133.70999999999998
20,73,9.83
20,99,13.61
20,100,51.44
20,101,559.4000000000002
20,102,556.6400000000001
20,21,17.83
20,104,50.83
20,103,26.0
20,105,17.11
20,106,40.169999999999995
20,107,62.81000000000001
20,108,4.0
20,22,0.57
20,56,2.0
20,110,2.0
20,135,2.0
20,144,8.84
20,148,2.0
20,150,23.330000000000002
20,151,22.61
20,138,7.470000000000001
20,142,2.24
20,143,2.0500000000000003
20,27,9.03
20,130,0.3
20,131,0.1
20,132,2.7
20,133,0.38
20,134,0.96
20,137,0.76
20,28,42.72
20,149,0.98
20,145,0.30000000000000004
20,146,1.4599999999999997
20,147,0.76
20,114,2.42
20,29,10.360001
20,113,1.4200000000000002
20,115,0.2
20,116,1.8199999999999998
20,119,0.38
20,122,0.1
20,121,0.5700000000000001
20,30,4.78
20,136,0.6
20,68,0.4
20,126,4.8199999999999985
20,124,0.78
20,125,0.2
20,139,0.30000000000000004
20,140,0.9800000000000001
20,141,0.1
101,67,3.0
98,87,1.0
37,55,15.0
37,96,23.61
37,109,4.0
37,123,1.4600000000000002
37,141,0.88
37,78,34.61
37,91,61.44
37,93,9.61
37,83,48.0
37,57,33.61
37,5,30.0
37,56,15.0
37,9,19.0
37,64,4.0
102,1,91.44
102,38,161.05
102,42,52.22
102,6,39.61
102,7,36.61
102,8,43.0
102,48,217.61
102,12,59.0
102,81,105.61
102,80,23.61
102,78,24.22
102,91,55.61
102,43,109.22
102,50,20.0
102,99,142.71000000000004
102,118,5.0
102,131,34.55000000000001
102,137,106.54999999999995
102,135,33.22
102,24,31.439999999999998
102,25,50.44
102,122,3.5600000000000014
102,68,2.480000000000001
102,141,0.6799999999999999
37,85,4.609999999999999
37,112,4.61
102,13,184.88
102,145,23.23000000000001
102,133,13.019999999999992
102,125,3.1000000000000014
102,2,33.0
102,49,43.61
102,14,11.0
102,59,19.61
102,111,10.0
102,5,27.0
102,9,29.0
102,55,16.0
102,79,33.0
102,109,10.0
102,89,49.22
102,108,76.22
102,86,22.0
102,115,2.9800000000000013
102,84,7.0
102,56,25.22
102,58,27.22
102,61,4.0
102,67,1.6099999999999999
102,90,16.0
102,11,22.0
102,95,25.0
102,39,30.0
102,96,19.0
102,10,19.22
102,60,3.0
21,31,3.0
21,33,6.22
21,35,6.61
21,34,60.05
21,36,55.05
21,37,850.5300000000004
21,1,4.0
21,38,4.0
21,41,21.0
21,44,5.0
21,3,2.0
21,46,3.0
21,47,10.0
21,52,3.0
21,58,2.0
21,40,8.0
21,12,2.0
21,69,8.61
21,70,64.83
21,71,25.61
21,72,4.609999999999999
21,73,9.22
21,74,3.0
21,75,4.0
21,13,2.0
21,55,2.0
21,79,2.0
21,81,2.0
21,88,2.0
21,91,2.0
21,15,2.0
21,89,2.0
21,95,2.0
21,43,6.0
21,49,0.61
21,18,3.0
21,19,6.0
21,98,179.64
21,99,8.219999999999999
21,100,32.61
21,101,119.80999999999999
21,102,1156.0599999999995
21,20,26.61
21,103,263.9100000000001
21,104,246.8600000000001
21,105,61.14
21,106,39.309999999999995
21,107,37.18
21,83,2.0
21,22,0.8
21,138,23.12
21,137,5.640000000000001
21,135,2.0
21,24,1.0
21,25,12.0
21,82,2.0
21,148,2.0
21,150,14.049999999999999
21,151,57.44
21,26,4.0
21,142,3.59
21,143,3.2199999999999998
21,27,11.4
21,130,0.68
21,131,0.48
21,132,5.31
21,133,0.96
21,134,2.78
21,28,67.72
21,149,0.68
21,145,0.2
21,144,5.25
21,146,1.3599999999999999
21,147,0.68
21,114,3.67
21,29,13.04
21,113,1.7400000000000002
21,115,0.5700000000000001
21,116,2.87
21,119,0.58
21,123,0.2
21,122,0.38
21,121,0.78
21,30,6.43
21,136,1.4500000000000002
21,68,0.4
21,126,6.52
21,124,1.08
21,125,0.4
21,139,0.6799999999999999
21,140,1.66
21,141,0.1
37,61,8.0
37,110,10.0
37,59,17.22
37,50,13.61
37,86,4.0
37,67,4.0
37,82,5.0
37,111,4.0
37,94,2.0
37,117,4.0
37,63,2.0
37,128,2.0
37,84,2.0
37,15,7.0
37,92,3.61
103,33,969.9400000000006
103,35,1715.7199999999975
103,34,6253.929999999992
103,36,2450.2299999999977
103,37,4919.689999999999
103,1,338.03
103,38,477.3700000000002
103,2,130.22
103,43,200.83000000000004
103,41,925.4200000000003
103,42,82.61
103,3,80.44
103,4,39.61
103,44,299.05000000000007
103,45,77.83
103,46,242.05000000000007
103,6,27.0
103,48,101.66
103,7,24.0
103,47,185.44000000000005
103,49,51.61
103,52,194.27000000000004
103,8,41.22
103,53,52.61
103,58,12.0
103,11,9.61
103,60,9.0
103,40,350.05000000000007
103,12,84.0
103,69,304.7100000000001
103,71,425.8800000000001
103,72,75.83
103,75,155.83
103,13,94.66
103,76,18.0
103,81,10.0
103,89,195.05
103,14,14.0
103,91,134.70999999999998
103,15,15.61
103,95,119.27
103,96,101.83
103,39,143.05
103,17,52.61
103,97,46.0
103,70,1002.1800000000004
103,18,129.05
103,19,268.1
103,98,897.5200000000003
103,74,25.61
103,73,90.22
103,100,139.44
103,101,408.20000000000016
103,102,1553.9299999999982
103,20,149.44
103,21,575.5000000000002
103,104,4032.570000000007
103,105,190.51999999999964
103,106,134.94999999999973
103,107,67.80000000000013
103,108,7.0
103,22,124.05000000000003
103,86,11.0
103,128,13.219999999999999
103,59,16.0
103,129,9.219999999999999
103,133,66.26000000000003
103,32,104.44
103,135,407.20000000000016
103,137,2607.8599999999965
103,138,725.2600000000009
103,24,1086.1600000000003
103,25,1752.5300000000004
103,144,25.820000000000007
103,99,38.61
103,150,19.23999999999999
103,151,779.0800000000027
103,26,80.22
103,142,16.299999999999986
103,143,14.97999999999999
103,27,40.32000000000001
103,131,171.59
103,132,117.83999999999999
103,134,102.85999999999993
103,28,125.20000000000002
103,149,3.260000000000001
103,146,2.5200000000000005
103,114,5.9399999999999995
103,29,28.380000000000003
103,115,0.7899999999999999
103,116,5.159999999999999
103,119,1.1500000000000001
103,30,16.999999999999993
103,126,18.29999999999999
103,124,2.760000000000001
103,139,1.56
103,140,11.319999999999997
103,141,0.66
103,5,27.61
103,9,16.0
103,67,5.0
103,93,13.61
103,147,0.9999999999999999
103,113,2.450000000000001
103,136,3.2600000000000016
103,83,19.0
103,90,64.22
103,130,4.200000000000001
103,122,0.58
103,121,1.6600000000000006
103,68,1.3
102,31,13.0
102,32,9.61
102,51,3.0
102,123,0.7799999999999999
104,32,23.61
104,33,150.66000000000003
104,34,923.4700000000004
104,36,569.2500000000002
104,37,3389.3400000000015
104,1,73.61
104,2,31.0
104,35,389.2700000000001
104,3,32.0
104,41,430.2700000000001
104,49,27.61
104,53,48.0
104,47,163.61
104,40,245.22
104,69,323.83000000000004
104,71,405.1
104,75,193.83
104,48,135.05
104,70,907.9800000000002
104,98,1261.2999999999997
104,73,162.82999999999998
104,101,794.2800000000004
104,102,4850.599999999987
104,21,659.9400000000003
104,103,3504.590000000005
104,100,249.1500000000001
104,83,31.61
104,22,116.21000000000002
104,138,845.0200000000012
104,137,253.53999999999982
104,25,262.19000000000005
104,106,712.1700000000011
104,151,3615.999999999993
104,105,3196.5099999999998
104,142,16.33999999999999
104,143,14.39999999999998
104,27,65.230001
104,130,3.690000000000001
104,131,46.42000000000001
104,132,62.150000000000034
104,133,12.299999999999988
104,134,52.640000000000114
104,28,618.3400000000003
104,107,322.0300000000004
104,150,113.54999999999994
104,149,8.619999999999997
104,144,55.85000000000003
104,146,7.999999999999996
104,147,3.8400000000000016
104,114,16.269999999999985
104,29,75.39999999999999
104,113,9.799999999999992
104,116,11.509999999999991
104,119,2.7400000000000007
104,123,0.48
104,121,4.420000000000001
104,30,36.530000000000015
104,136,5.999999999999998
104,68,1.7000000000000004
104,126,33.06000000000004
104,124,5.719999999999998
104,125,2.24
104,139,2.5100000000000007
104,140,7.709999999999999
104,38,100.05
104,43,69.0
104,44,212.66000000000003
104,45,37.83
104,7,34.0
104,8,46.0
104,52,132.44
104,54,37.0
104,57,18.0
104,59,10.0
104,11,11.0
104,58,7.0
104,62,9.0
104,12,49.22
104,72,106.22
104,13,98.61
104,76,31.0
104,79,22.61
104,81,26.0
104,77,30.0
104,14,12.0
104,91,40.61
104,16,6.0
104,46,130.22
104,18,91.22
104,19,162.82999999999998
104,74,51.22
104,99,51.83
104,20,238.88
104,108,23.61
104,56,12.0
104,24,61.05
104,92,8.61
104,26,285.1
104,115,2.28
104,122,1.55
102,64,2.0
104,4,25.0
104,60,2.0
104,78,30.0
104,15,7.0
104,50,5.609999999999999
104,86,12.0
104,145,8.799999999999997
104,42,28.61
104,6,30.61
104,97,23.0
104,148,48.22
104,141,0.51
104,89,31.22
104,39,29.61
104,80,8.0
104,93,4.0
104,135,46.44
104,82,3.0
104,5,23.0
104,10,18.0
104,61,1.0
104,111,2.0
104,112,0.61
104,31,15.0
104,88,6.0
104,9,10.0
103,79,9.61
103,80,10.0
103,50,20.0
103,117,0.61
103,148,17.83
104,95,12.0
104,17,17.0
104,84,4.0
103,55,7.0
103,62,10.0
103,78,19.22
103,31,62.05
103,61,2.0
103,145,2.3800000000000003
103,77,15.0
104,96,11.0
103,123,0.31000000000000005
103,125,1.26
104,55,4.609999999999999
104,90,13.61
104,64,3.0
104,129,8.0
104,117,4.0
102,88,14.0
105,33,52.319999999999894
105,35,70.80999999999996
105,34,210.73000000000053
105,37,914.2800000000001
105,1,17.259999999999998
105,36,143.58000000000027
105,2,5.470000000000001
105,41,139.31000000000046
105,42,4.780000000000001
105,44,42.769999999999946
105,47,51.039999999999964
105,9,3.2799999999999994
105,53,27.039999999999996
105,52,50.39999999999996
105,62,3.2099999999999995
105,40,67.9099999999999
105,12,13.879999999999997
105,69,97.96
105,70,302.91000000000105
105,71,160.24000000000103
105,72,29.320000000000007
105,75,62.42999999999993
105,13,30.14
105,76,11.269999999999992
105,79,14.569999999999995
105,81,12.779999999999989
105,91,18.36999999999999
105,89,15.879999999999972
105,46,28.65
105,97,7.880000000000003
105,19,37.209999999999994
105,98,489.1900000000009
105,74,16.95
105,100,123.07000000000018
105,73,42.05999999999992
105,101,300.40000000000043
105,20,81.40000000000002
105,102,1577.5899999999951
105,21,142.06
105,104,3778.319999999982
105,103,349.5900000000008
105,106,1039.8100000000027
105,107,222.20000000000033
105,108,14.729999999999983
105,83,19.130000000000003
105,22,44.199999999999996
105,31,4.9
105,131,13.439999999999992
105,96,5.010000000000002
105,138,545.9200000000011
105,137,99.41000000000014
105,25,7.66
105,148,40.15999999999998
105,150,66.44999999999999
105,149,10.499999999999991
105,151,4760.2599999999875
105,26,409.8
105,143,5.29
105,27,20.639999999999997
105,132,15.369999999999994
105,134,10.329999999999993
105,28,269.58
105,144,49.939999999999976
105,146,8.260000000000002
105,114,6.440000000000002
105,29,23.499999999999993
105,113,3.7299999999999986
105,116,3.6399999999999983
105,30,20.020000000000003
105,126,29.8
105,49,8.939999999999998
105,8,1.3900000000000001
105,51,1.05
105,77,11.229999999999995
105,18,29.67
105,142,5.330000000000002
105,133,5.400000000000001
105,145,5.110000000000001
105,147,2.62
105,140,3.629999999999999
105,38,17.739999999999984
105,3,18.759999999999998
105,4,3.58
105,48,33.259999999999984
105,54,6.420000000000003
105,78,8.420000000000002
105,94,2.31
105,17,6.550000000000001
105,50,5.090000000000002
105,32,9.129999999999999
105,130,2.48
105,115,2.289999999999999
105,121,4.77
105,136,2.5999999999999996
105,68,2.2300000000000004
105,6,10.0
105,80,3.7200000000000006
105,135,18.82
105,119,0.68
105,123,0.41000000000000003
105,124,4.38
105,125,1.74
105,139,2.12
105,15,4.7700000000000005
105,95,7.230000000000001
102,93,6.0
105,57,4.760000000000001
105,39,6.800000000000001
105,65,2.45
106,33,40.679999999999936
106,34,212.41000000000048
106,37,1111.1499999999896
106,1,21.359999999999996
106,36,195.4600000000006
106,35,85.71000000000011
106,38,27.35
106,2,12.239999999999998
106,41,218.01000000000067
106,45,18.2
106,44,106.65999999999995
106,3,29.479999999999997
106,5,8.68
106,7,6.450000000000001
106,47,64.34999999999998
106,52,68.06999999999996
106,54,8.200000000000001
106,40,92.19000000000004
106,69,135.86000000000047
106,70,480.5500000000013
106,71,253.9400000000008
106,75,87.54000000000008
106,13,37.209999999999994
106,79,15.179999999999993
106,39,13.559999999999997
106,46,45.75999999999996
106,93,1.8000000000000007
106,97,16.25
106,19,61.279999999999994
106,98,743.6600000000018
106,73,145.6400000000003
106,100,535.9200000000019
106,101,1244.9299999999862
106,20,251.48000000000002
106,102,3556.4999999999823
106,21,131.98999999999998
106,103,301.9700000000001
106,104,1651.4699999999877
106,105,1562.8399999999906
106,107,2834.3699999999853
106,22,62.26000000000001
106,56,5.270000000000001
106,146,26.890000000000047
106,99,134.34000000000017
106,150,533.6700000000017
106,148,455.9900000000005
106,149,77.39000000000004
106,151,942.9400000000057
106,138,140.83000000000033
106,26,95.1
106,143,3.639999999999999
106,27,23.650000000000002
106,131,4.6499999999999995
106,132,12.369999999999997
106,134,6.999999999999999
106,137,31.74000000000003
106,28,305.05
106,144,237.83000000000084
106,114,12.509999999999982
106,29,29.570000000000007
106,116,3.0700000000000003
106,119,0.4700000000000001
106,121,3.53
106,30,18.369999999999997
106,126,22.55
106,124,3.31
106,42,16.669999999999998
106,12,16.740000000000002
106,74,57.67999999999997
106,72,42.33999999999996
106,81,67.15999999999997
106,80,14.559999999999999
106,77,12.049999999999994
106,83,103.49000000000005
106,108,103.72000000000011
106,145,52.529999999999966
106,133,3.99
106,49,8.879999999999997
106,8,6.220000000000001
106,48,40.16999999999999
106,53,33.64999999999999
106,78,26.340000000000014
106,18,22.56
106,135,10.63
106,82,12.679999999999998
106,142,4.050000000000001
106,147,5.160000000000001
106,113,6.289999999999998
106,139,1.3900000000000001
106,140,1.7700000000000002
102,82,8.0
102,92,1.0
102,62,13.0
102,129,4.0
102,87,2.0
102,23,2.0
102,128,4.0
102,117,2.61
102,85,2.0
102,63,2.0
102,110,2.0
102,112,3.61
106,43,30.02
106,55,4.97
106,59,2.0800000000000005
106,11,3.0499999999999994
106,62,3.9299999999999997
106,76,16.39
106,91,17.01
106,89,14.37999999999998
106,50,2.999999999999999
106,130,1.03
106,115,4.01
106,136,2.1299999999999994
106,6,8.789999999999997
106,9,4.540000000000001
106,86,6.080000000000002
106,109,5.750000000000001
106,68,1.1500000000000004
107,33,22.75000000000002
107,37,820.7300000000016
107,36,145.53000000000029
107,35,92.9100000000002
107,6,10.27
107,47,72.39999999999993
107,41,176.48000000000013
107,40,129.0900000000003
107,69,134.23000000000022
107,71,249.6600000000004
107,72,85.42000000000012
107,48,47.81999999999998
107,13,40.13999999999999
107,76,17.530000000000012
107,81,87.34
107,46,46.23999999999991
107,70,389.2900000000009
107,98,612.220000000001
107,73,158.99000000000026
107,99,159.66000000000022
107,100,892.760000000002
107,101,1604.7299999999893
107,102,1812.6499999999915
107,21,80.61
107,104,713.2300000000018
107,105,305.2100000000001
107,106,3151.379999999981
107,22,45.71000000000001
107,150,681.8600000000009
107,151,449.78000000000065
107,138,87.30999999999995
107,27,15.54
107,28,83.68
107,144,282.87999999999994
107,114,6.93
107,29,20.789999999999996
107,30,12.52
107,1,18.23
107,34,113.42000000000014
107,38,25.220000000000024
107,42,23.900000000000006
107,44,77.67999999999995
107,4,15.099999999999998
107,5,11.929999999999998
107,49,9.029999999999996
107,52,65.13999999999996
107,10,5.9
107,54,12.979999999999995
107,58,10.639999999999997
107,12,17.01
107,75,107.23000000000009
107,78,19.610000000000003
107,91,17.740000000000002
107,89,26.210000000000015
107,39,16.9
107,17,3.0300000000000002
107,43,17.439999999999998
107,18,29.880000000000003
107,19,38.48
107,74,46.91999999999994
107,20,191.42999999999998
107,103,133.98000000000036
107,83,131.13000000000017
107,108,161.99000000000052
107,112,16.709999999999994
107,113,15.019999999999989
107,86,11.429999999999996
107,137,36.65999999999999
107,148,708.5300000000012
107,26,48.06999999999999
107,132,11.540000000000001
107,149,77.13000000000004
107,145,70.91000000000001
107,146,34.8
107,147,13.67
107,126,13.939999999999998
107,124,2.8500000000000005
107,140,2.7799999999999994
107,8,20.999999999999996
107,111,21.020000000000007
107,79,20.120000000000015
107,77,10.349999999999994
107,131,13.579999999999995
107,109,17.43
107,122,2.23
107,95,11.239999999999991
107,93,6.270000000000001
107,97,9.18
107,110,5.260000000000002
107,24,8.68
107,125,1.15
107,142,5.410000000000001
107,2,8.120000000000001
107,3,14.23
107,59,6.730000000000004
107,80,16.700000000000003
107,85,7.32
107,57,11.35
107,118,4.990000000000001
107,53,23.69
107,31,5.260000000000001
107,135,5.330000000000002
107,25,2.77
107,82,19.930000000000003
107,116,7.420000000000001
107,119,0.9400000000000002
101,93,2.0
100,90,2.0
107,32,6.010000000000001
107,45,13.529999999999996
107,7,4.86
107,55,5.620000000000001
107,84,8.19
107,128,4.42
82,112,10.0
82,36,10.0
82,64,2.0
82,95,2.0
82,19,6.0
82,110,12.0
82,138,0.1
82,105,0.1
82,97,2.0
82,121,0.38
82,136,0.5800000000000001
82,11,4.0
82,6,4.0
82,10,4.0
82,111,13.0
82,145,60.76
83,145,98.26000000000002
83,54,31.0
83,13,70.61
83,77,82.66
83,116,26.519999999999996
83,109,134.76
83,29,81.99999999999997
83,28,13.099999999999998
83,30,23.9
108,132,9.699999999999992
108,107,78.12
108,144,2799.7500000000014
108,114,188.51999999999987
83,35,26.0
83,45,14.219999999999999
83,48,52.61
83,53,71.61
83,11,37.61
83,62,22.0
83,12,12.0
83,44,49.22
83,78,201.32000000000005
83,59,22.0
83,70,97.44
83,36,28.0
83,100,269.98000000000013
83,82,160.10999999999999
83,111,96.05
83,117,2.61
83,148,102.66
83,27,18.000000000000007
83,138,3.8200000000000007
83,151,10.259999999999998
83,107,30.030000000000026
83,147,16.94
83,113,42.060000000000024
83,8,38.0
83,57,76.22
83,60,12.0
83,40,28.22
83,56,43.83
83,149,21.779999999999998
83,106,22.73999999999999
83,86,49.0
83,115,16.779999999999998
83,7,7.61
83,79,68.44
83,112,67.66
83,121,2.9800000000000013
83,33,4.0
83,9,10.0
83,55,23.61
83,76,63.83
83,84,228.2300000000001
83,21,10.61
83,67,2.0
83,126,18.040000000000006
83,42,10.0
83,15,3.0
83,43,21.0
83,97,19.0
83,110,16.61
83,118,24.0
83,142,3.8400000000000007
83,143,2.720000000000001
83,2,3.61
83,3,14.0
83,20,12.61
83,124,2.8800000000000003
83,89,10.0
83,140,3.1800000000000015
83,5,8.0
83,58,22.61
83,50,16.0
83,23,4.0
83,38,11.0
83,94,4.0
83,132,5.06
83,105,4.340000000000001
83,123,0.58
82,4,2.0
82,34,7.0
82,46,4.0
82,8,6.0
83,19,2.0
83,119,2.960000000000001
83,6,2.0
83,88,0.61
83,136,4.5200000000000005
83,139,1.2600000000000002
83,96,2.0
83,92,2.0
83,125,1.6199999999999999
83,64,0.61
83,122,4.14
83,93,2.0
83,130,0.30000000000000004
83,133,0.30000000000000004
83,134,0.58
83,137,0.30000000000000004
83,68,1.46
83,141,0.1
83,1,0.61
83,61,4.0
83,66,4.0
83,63,8.0
83,128,2.0
83,65,2.0
83,131,0.38
108,41,179.22000000000003
108,47,229.88000000000005
108,52,422.3200000000001
108,40,78.44
108,71,332.88000000000005
108,74,173.83
108,72,234.27000000000004
108,75,373.49000000000007
108,76,108.83
108,79,139.66
108,81,1110.8200000000006
108,80,150.88
108,78,397.3700000000002
108,77,197.44000000000003
108,91,23.0
108,46,65.22
108,73,137.05
108,99,179.10000000000002
108,100,275.7600000000001
108,101,126.44
108,102,88.83
108,83,3455.770000000004
108,82,82.71
108,109,1921.5200000000002
108,84,672.030000000001
108,85,140.49
108,22,169.33
108,86,185.49000000000007
108,118,75.83
108,126,32.22000000000005
108,149,58.11000000000002
108,148,130.22
108,142,5.919999999999996
108,143,5.679999999999998
108,27,31.26000000000001
108,138,5.699999999999998
108,151,16.379999999999995
108,105,4.819999999999999
108,28,19.94
108,106,39.86000000000003
108,150,97.31999999999995
108,145,101.68999999999998
108,146,374.48000000000036
108,147,73.33000000000003
108,29,213.04
108,113,183.0899999999999
108,115,83.32000000000001
108,116,94.10000000000001
108,119,8.999999999999995
108,122,14.809999999999997
108,121,5.159999999999998
108,30,40.15000000000003
108,136,8.039999999999994
108,68,2.3000000000000007
108,124,4.819999999999999
108,139,2.5000000000000004
108,140,6.1199999999999966
108,44,111.44
108,103,7.0
108,23,17.0
108,130,1.4400000000000002
108,133,0.76
108,125,1.9600000000000006
108,70,172.83
108,98,141.49
108,111,392.7100000000001
108,112,470.4000000000004
108,128,11.61
108,137,3.3800000000000003
108,48,154.82999999999998
108,49,47.0
108,10,52.44
108,55,67.61
108,64,21.61
108,94,12.0
108,117,32.0
108,110,135.44
108,123,4.05
108,36,41.22
108,5,24.0
108,54,91.22
108,57,190.27000000000004
108,56,82.83
108,141,0.38
108,45,41.61
108,8,58.83
108,58,52.61
108,42,18.0
108,6,22.0
108,53,185.82999999999998
108,59,40.0
108,60,18.0
108,69,131.88
108,13,140.83
108,37,116.44
108,67,3.0
108,134,0.68
108,35,17.0
108,11,93.22
108,12,9.0
108,97,30.61
108,19,10.0
108,104,17.0
108,34,17.61
108,7,12.0
108,9,9.0
108,18,10.0
108,38,16.0
108,43,37.0
108,62,56.0
108,61,17.22
108,93,10.0
108,50,29.0
108,131,0.2
108,33,6.0
108,20,24.0
108,90,1.0
83,18,8.61
83,103,2.61
108,51,20.61
108,21,2.0
108,63,37.22
108,4,15.0
108,39,3.0
108,3,12.0
108,89,17.0
109,36,12.61
109,35,10.61
109,42,4.0
109,41,72.22
109,5,5.22
109,45,11.0
109,44,46.0
109,48,78.05
109,52,182.66
109,54,75.83
109,56,116.83
109,57,178.66000000000003
109,50,10.61
109,58,37.22
109,62,72.83
109,64,30.22
109,40,45.22
109,70,76.61
109,71,152.88
109,69,76.22
109,75,184.27
109,13,70.0
109,79,45.05
109,78,169.44
109,80,37.61
109,81,296.76000000000005
109,74,56.0
109,84,228.45000000000013
109,85,77.66
109,77,97.05
109,86,182.49
109,91,9.61
109,43,23.61
109,46,47.61
109,97,6.61
109,93,3.0
109,18,6.0
109,98,66.61
109,73,78.44
109,99,63.61
109,100,109.66
109,101,41.83
109,37,38.61
109,102,38.83
109,83,595.0600000000003
109,108,3497.0700000000083
109,110,169.05
109,111,656.3000000000003
109,112,1384.7499999999995
109,113,633.4200000000009
109,114,501.8700000000005
109,115,206.29999999999995
109,116,177.26999999999992
109,22,93.7
109,144,1343.1999999999994
109,146,488.4600000000007
109,148,54.44
109,27,2.0600000000000005
109,28,1.36
109,107,6.299999999999995
109,150,24.320000000000004
109,147,58.04999999999999
109,29,58.61000000000001
109,119,10.099999999999996
109,30,4.040000000000001
109,126,4.080000000000002
108,95,6.61
108,16,4.0
108,17,5.61
108,65,1.0
109,8,11.0
109,47,82.83
109,10,17.0
109,11,53.44
109,72,86.05
109,76,51.0
109,82,17.61
109,118,116.05
109,23,32.61
109,65,9.0
109,122,25.160000000000004
109,7,8.61
109,49,23.0
109,9,2.0
109,53,83.22
109,61,18.0
109,63,57.0
109,60,10.61
109,55,43.0
109,89,14.0
109,17,5.0
109,19,10.61
109,20,15.0
109,117,34.61
109,94,7.61
109,124,2.7600000000000007
109,145,50.07000000000001
109,151,0.94
109,106,17.790000000000003
109,121,5.14
109,136,1.9000000000000004
109,68,0.54
84,82,4.0
84,151,0.2
84,106,2.56
84,66,2.0
84,138,0.2
84,16,2.0
84,68,0.1
84,19,4.0
84,105,0.28
84,123,2.0
84,92,4.609999999999999
84,17,4.0
84,142,0.1
84,33,4.0
84,21,0.61
84,139,0.1
83,4,4.0
83,39,0.61
110,35,23.61
110,41,95.05
110,3,11.0
110,4,16.0
110,5,14.61
110,44,100.83
110,47,291.44000000000005
110,49,55.22
110,52,472.9800000000002
110,8,57.05
110,48,182.66000000000003
110,9,14.61
110,53,202.49
110,54,245.49
110,55,110.83
110,58,133.44
110,11,217.27000000000004
110,62,317.5400000000001
110,64,226.27000000000004
110,60,49.22
110,66,3.61
110,71,93.22
110,72,52.22
110,75,150.61
110,13,76.22
110,77,139.71
110,79,26.61
110,81,91.61
110,78,103.05
110,85,213.91000000000008
110,56,1008.190000000001
110,86,1767.1499999999971
110,89,40.61
110,88,6.0
110,91,30.0
110,43,59.22
110,46,119.05
110,97,30.61
110,59,52.61
110,70,88.22
110,98,31.0
110,37,22.0
110,83,52.83
110,111,2500.239999999999
110,84,45.879999999999995
110,112,367.91000000000025
110,113,193.13999999999996
110,116,584.5500000000004
110,22,334.23999999999995
110,57,930.4500000000005
110,63,499.8100000000003
110,117,523.3300000000005
110,118,2939.9599999999987
110,23,584.09
110,94,19.0
110,67,27.0
110,123,51.330000000000005
110,109,29.22
110,27,9.86
110,130,0.4
110,132,3.020000000000001
110,138,1.58
110,151,2.0300000000000007
110,105,1.6
110,28,4.2200000000000015
110,107,3.0800000000000014
110,150,2.8200000000000003
110,144,41.440000000000026
110,146,10.179999999999994
110,147,4.040000000000001
110,114,54.04000000000005
110,29,183.7
110,115,247.89
110,119,146.73999999999998
110,122,139.80999999999997
110,30,27.169999999999998
110,126,17.72
110,124,1.8400000000000003
110,10,46.83
110,76,56.66
110,74,12.61
110,142,2.3200000000000007
110,143,2.3200000000000003
110,106,3.44
110,149,0.18
110,121,67.36000000000001
110,136,13.439999999999989
110,125,1.24
110,140,4.9
110,7,18.61
110,61,87.05
110,69,77.22
110,95,4.22
110,100,14.0
110,108,65.66
110,145,2.3
110,68,9.059999999999999
110,139,0.86
110,38,12.0
110,42,17.61
110,45,20.83
110,14,5.0
110,128,14.0
110,65,57.0
111,33,6.0
111,35,21.22
111,38,13.0
111,41,131.66
111,46,174.82999999999998
111,44,138.88
111,45,38.83
111,7,28.61
111,47,370.2700000000001
111,49,76.0
111,52,610.1500000000001
111,8,51.0
111,48,194.82999999999998
111,9,27.61
111,53,225.66000000000005
111,10,35.83
111,54,262.05000000000007
111,55,157.83
111,56,628.1800000000004
111,58,140.44
111,59,56.0
111,60,49.61
111,57,786.6400000000003
111,11,248.27000000000004
111,62,259.3200000000001
111,61,82.05
111,64,150.0
111,65,27.0
111,66,7.0
111,40,59.22
111,69,155.88000000000005
111,71,179.83
111,72,134.05
111,74,33.61
111,75,254.10000000000008
111,13,143.83
111,76,127.83
111,77,261.71000000000004
111,79,66.44
111,78,221.93000000000006
111,81,219.32000000000005
111,85,836.1100000000008
111,86,1311.3199999999997
111,89,31.61
111,93,9.0
111,91,44.0
111,16,5.0
111,43,64.44
111,97,29.0
111,70,106.0
111,100,31.61
111,98,49.61
111,21,4.0
111,83,142.27
111,108,255.10000000000008
111,109,160.49
111,84,254.16000000000008
111,110,2310.4699999999957
111,112,2738.2300000000014
111,113,853.1600000000009
111,115,803.650000000001
111,22,362.6600000000001
111,117,209.71000000000004
111,118,837.8700000000007
111,23,240.8600000000001
111,119,65.52000000000001
111,122,104.36000000000003
111,63,303.5400000000001
111,123,28.960000000000008
111,128,8.0
111,94,14.0
111,67,15.219999999999999
111,121,27.600000000000012
111,136,16.819999999999986
111,140,6.219999999999995
111,116,535.9200000000005
111,120,19.83
111,144,105.15999999999997
111,150,12.699999999999989
111,107,10.659999999999997
111,142,4.54
111,27,20.32
111,132,6.0200000000000005
111,138,3.3600000000000017
111,151,5.439999999999998
111,105,4.699999999999998
111,146,19.219999999999985
111,114,186.20999999999984
111,29,549.8500000000001
111,30,44.120000000000005
111,126,22.240000000000002
111,124,8.039999999999997
111,125,3.7600000000000007
111,36,11.0
111,5,16.0
111,6,21.0
111,51,23.0
111,12,16.0
111,80,36.0
111,50,32.22
111,148,14.0
111,143,4.699999999999999
111,28,8.679999999999998
111,106,5.180000000000001
111,147,14.339999999999993
111,68,4.479999999999999
111,139,1.7400000000000004
111,130,0.8799999999999999
110,36,9.0
110,51,13.61
110,15,6.0
110,93,5.61
111,73,28.0
111,37,18.0
111,92,3.2199999999999998
111,133,0.5800000000000001
111,39,11.0
111,99,13.0
111,131,2.5800000000000005
111,149,2.5800000000000005
111,137,0.2
111,3,10.219999999999999
111,18,2.61
111,145,5.699999999999999
111,82,3.0
111,34,7.0
111,134,0.2
111,141,0.2
111,19,4.0
111,101,23.61
111,4,12.0
111,17,12.0
111,102,10.0
111,104,2.0
85,121,8.86
111,42,12.0
111,31,1.0
111,1,1.0
85,42,5.22
85,21,6.0
85,103,7.0
85,145,0.1
85,137,0.18
85,90,4.0
86,34,10.61
86,38,28.22
86,60,46.22
86,39,1.6099999999999999
86,17,11.0
86,100,7.0
86,128,10.0
86,109,25.22
85,88,4.0
85,65,4.0
85,68,0.1
84,14,1.0
85,16,2.0
85,128,4.0
85,95,2.0
112,41,119.66
112,42,9.0
112,7,14.219999999999999
112,52,361.32000000000005
112,53,157.82999999999998
112,48,126.05
112,10,29.0
112,55,77.83
112,54,190.0
112,57,416.5900000000002
112,11,136.61
112,64,73.05
112,69,93.44
112,71,240.88000000000005
112,73,41.22
112,72,112.22
112,13,86.44
112,79,68.22
112,81,357.1300000000002
112,78,272.7600000000001
112,77,173.44
112,86,423.3700000000002
112,14,4.0
112,95,4.609999999999999
112,46,86.61
112,100,74.61
112,83,211.76000000000005
112,108,655.0100000000004
112,84,573.0000000000006
112,110,484.5200000000003
112,111,3860.3900000000003
112,85,293.45000000000016
112,113,2326.9299999999976
112,22,186.03999900000008
112,56,293.1500000000001
112,118,299.9300000000001
112,63,138.82999999999998
112,122,57.200000000000024
112,144,211.54999999999984
112,148,24.61
112,146,59.70000000000009
112,114,381.37000000000046
112,29,386.9
112,116,502.67000000000024
112,44,70.83
112,47,191.66000000000003
112,75,215.66000000000003
112,76,72.44
112,43,36.05
112,70,112.66
112,74,54.61
112,98,40.61
112,62,175.61
112,117,78.22
112,23,105.66
112,128,5.609999999999999
112,115,986.6900000000011
112,109,959.6600000000009
112,49,42.83
112,58,83.44
112,60,17.61
112,40,59.61
112,106,8.259999999999994
112,142,2.4000000000000004
112,147,29.07
112,45,27.61
112,8,34.22
112,9,9.0
112,80,38.61
112,120,8.0
112,121,17.12
112,27,9.479999999999995
112,119,50.12000000000001
112,30,19.459999999999997
112,126,15.619999999999992
112,35,24.61
112,36,19.0
112,34,10.0
112,38,23.0
112,3,3.61
112,61,53.22
112,89,17.0
112,17,17.61
112,97,32.0
112,99,26.61
112,101,45.0
112,37,34.22
112,104,3.0
112,145,11.319999999999997
112,132,3.000000000000001
112,138,1.57
112,151,2.520000000000001
112,105,1.3600000000000003
112,28,4.79
112,150,15.819999999999993
112,136,5.519999999999997
112,124,2.3000000000000003
111,20,2.0
111,103,4.0
112,4,10.61
112,5,16.0
112,50,28.61
112,102,10.219999999999999
112,107,6.679999999999996
112,123,18.809999999999995
112,90,2.0
112,143,1.6600000000000001
112,133,0.2
112,149,7.219999999999999
112,139,1.04
112,51,24.0
112,65,18.61
112,12,13.0
112,16,2.0
112,19,3.61
112,20,3.0
112,82,8.0
112,91,21.61
112,59,30.61
112,103,6.0
112,92,4.0
112,140,2.480000000000001
112,33,5.0
112,6,6.0
112,93,5.0
112,94,11.0
112,1,2.0
112,18,8.61
112,68,0.9400000000000001
112,125,0.78
112,67,7.0
112,21,3.0
109,59,21.0
109,128,2.0
109,123,10.649999999999997
109,6,6.0
109,140,0.96
109,120,2.0
109,103,2.0
109,51,11.0
109,142,0.5
109,105,1.02
109,139,0.2
109,2,2.0
109,3,5.61
109,12,7.0
109,149,21.47
109,125,0.45999999999999996
112,131,0.28
112,127,2.0
112,130,0.48000000000000004
113,35,7.070000000000005
113,44,41.92999999999994
113,47,86.06000000000009
113,49,15.739999999999991
113,48,59.60999999999993
113,53,56.56999999999995
113,10,11.519999999999998
113,52,164.7000000000004
113,55,27.360000000000007
113,54,83.77000000000005
113,57,254.00000000000028
113,11,78.37
113,62,99.08000000000003
113,64,59.35999999999994
113,12,4.930000000000001
113,69,52.73999999999993
113,70,36.5
113,72,30.070000000000014
113,71,63.559999999999924
113,75,78.97000000000006
113,13,40.4
113,76,41.68999999999998
113,77,96.87000000000005
113,79,18.069999999999993
113,81,77.26000000000009
113,78,68.39000000000003
113,56,150.56000000000026
113,17,4.340000000000001
113,46,33.449999999999996
113,36,4.390000000000001
113,100,18.490000000000013
113,37,22.929999999999993
113,103,3.8400000000000003
113,83,78.31000000000007
113,108,170.65000000000035
113,84,38.13999999999995
113,110,246.21000000000018
113,111,1045.0299999999988
113,112,2278.7999999999906
113,109,368.1500000000004
113,114,1033.010000000001
113,115,2205.1099999999897
113,116,1205.2399999999989
113,22,95.780001
113,118,172.2400000000002
113,86,210.69000000000028
113,122,109.20000000000014
113,63,111.09000000000007
113,121,69.8499999999999
113,144,147.33000000000015
113,149,5.260000000000001
113,142,3.7000000000000006
113,143,5.419999999999999
113,28,8.180000000000001
113,107,7.189999999999999
113,150,9.379999999999995
113,146,42.78999999999999
113,147,25.38
113,29,649.5100000000002
113,119,65.9
113,123,43.51999999999993
113,30,26.980000000000008
113,136,16.419999999999995
113,140,3.1399999999999997
114,44,17.849999999999994
114,52,53.44999999999988
114,11,23.999999999999996
114,62,30.77999999999999
114,61,14.509999999999994
114,48,16.789999999999974
114,79,14.679999999999982
114,46,14.999999999999991
114,104,21.099999999999998
114,102,28.50999999999999
114,111,351.54000000000036
114,112,543.740000000001
114,109,493.1100000000009
114,113,853.3000000000003
114,115,279.69000000000034
114,116,238.10000000000022
114,22,43.44
114,56,63.6899999999999
114,119,8.33
114,63,49.80999999999994
114,64,18.819999999999993
114,121,26.819999999999993
114,144,317.9000000000002
114,146,77.43000000000004
114,108,281.8600000000001
114,107,9.71
114,150,9.220000000000002
114,147,18.83
114,29,27.46
114,30,14.77
114,54,28.43000000000002
114,58,22.730000000000018
114,66,2.23
114,69,24.729999999999997
114,75,29.280000000000015
114,77,34.550000000000004
114,81,62.62999999999986
114,91,10.109999999999996
114,71,48.77999999999998
114,100,15.449999999999985
114,101,14.849999999999985
114,83,89.25000000000006
114,84,18.37
114,57,79.40999999999994
114,117,14.779999999999994
114,118,36.26999999999999
114,110,100.07000000000002
114,59,12.429999999999993
114,148,27.830000000000005
114,143,7.7
114,27,33.489999999999995
114,132,7.690000000000001
114,106,14.369999999999992
109,67,2.0
114,49,9.12
114,53,21.66000000000001
114,47,32.44000000000002
114,41,23.819999999999993
114,13,11.02
114,78,30.070000000000032
114,80,7.230000000000003
114,99,12.469999999999992
114,98,40.95999999999999
114,86,104.37000000000013
114,23,17.759999999999998
114,145,16.39999999999999
114,149,6.270000000000001
114,123,7.130000000000003
109,38,10.61
114,7,4.71
114,8,6.260000000000001
114,72,15.729999999999983
114,76,7.370000000000003
114,122,35.62
114,55,13.369999999999985
114,85,15.909999999999982
114,33,5.480000000000002
114,40,11.059999999999999
114,43,8.330000000000002
114,73,11.549999999999994
114,126,14.179999999999998
114,140,3.2500000000000004
114,70,38.230000000000004
114,68,2.25
114,35,10.32
114,42,3.0500000000000007
114,5,5.05
114,50,6.570000000000001
114,28,8.0
113,58,46.23999999999997
113,61,25.169999999999998
113,50,17.429999999999996
113,20,3.66
113,104,10.919999999999996
113,85,43.09999999999995
113,23,51.47
113,120,15.229999999999992
113,126,17.49999999999999
113,45,10.029999999999996
113,51,12.65
113,74,14.399999999999997
113,101,13.00999999999999
113,117,62.809999999999945
113,27,24.130000000000003
113,59,16.509999999999998
113,89,6.980000000000004
113,138,2.8400000000000003
113,151,8.42
113,68,3.42
113,124,3.4000000000000004
113,34,4.920000000000003
113,5,3.2399999999999998
113,8,15.889999999999999
113,80,7.580000000000001
113,43,6.970000000000004
113,19,5.140000000000001
113,99,4.9
113,132,6.630000000000001
113,105,3.69
113,139,1.3
113,41,20.249999999999996
113,91,6.440000000000003
113,106,4.4
113,125,1.5
113,40,21.470000000000013
113,137,1.26
114,16,2.93
114,74,6.820000000000003
114,138,4.88
114,151,15.459999999999988
114,136,8.590000000000002
113,60,9.699999999999998
113,65,14.509999999999991
113,2,2.11
113,42,2.24
113,4,4.930000000000001
113,7,5.180000000000001
113,93,5.790000000000002
113,73,13.31999999999999
113,94,7.920000000000002
113,3,3.04
113,97,2.9099999999999997
113,148,8.260000000000002
113,82,2.12
113,145,9.389999999999997
113,133,0.6300000000000001
113,66,3.18
113,130,1.7200000000000002
113,98,22.259999999999984
113,134,1.01
113,102,12.209999999999999
113,141,0.31
115,38,4.069999999999999
115,42,5.44
115,44,28.430000000000007
115,41,23.030000000000012
115,47,92.37000000000002
115,49,23.39
115,52,205.20000000000041
115,8,25.44
115,48,47.81999999999998
115,53,66.70000000000002
115,10,17.23
115,55,43.579999999999984
115,54,89.85999999999999
115,57,261.04000000000013
115,56,177.40000000000023
115,58,50.089999999999996
115,11,101.29
115,62,102.97000000000001
115,61,31.349999999999998
115,64,119.36000000000004
115,60,13.779999999999998
115,69,28.12000000000001
115,71,59.699999999999925
115,72,44.39999999999998
115,75,86.93000000000005
115,13,32.8
115,76,18.430000000000003
115,77,77.72000000000003
115,81,74.31000000000004
115,84,39.19999999999998
115,78,53.16999999999997
115,86,219.51000000000022
115,91,9.159999999999997
115,16,4.23
115,17,3.23
115,46,37.70999999999999
115,50,5.760000000000001
115,70,27.010000000000023
115,74,5.97
115,100,12.479999999999997
115,101,5.610000000000001
115,98,12.579999999999988
115,37,12.339999999999987
115,83,44.89999999999996
115,108,83.9300000000001
115,110,350.72000000000025
115,111,1202.6399999999974
115,112,1019.7600000000011
115,109,85.77000000000008
115,113,1947.0099999999939
115,114,204.66999999999973
115,116,5077.569999999986
115,22,146.8199999999999
115,117,83.08000000000004
115,118,275.86000000000007
115,23,85.96000000000001
115,122,245.76000000000033
115,63,220.49000000000007
115,120,40.53999999999997
115,123,78.66000000000007
115,65,33.30999999999999
115,121,119.92000000000012
115,144,58.46999999999995
115,146,24.470000000000027
115,148,5.51
115,142,1.4200000000000004
115,27,9.409999999999995
115,130,0.51
115,132,3.17
115,138,1.1400000000000001
115,151,3.4
115,105,2.249999999999999
115,28,4.180000000000001
115,106,1.8900000000000001
115,107,5.26
115,150,5.439999999999999
115,147,8.439999999999998
115,29,346.7200000000001
115,119,198.72000000000006
115,30,26.540000000000013
115,136,25.200000000000024
115,68,1.9300000000000004
115,126,9.38999999999999
115,140,2.0900000000000003
115,141,0.28
115,4,9.169999999999998
115,5,2.32
115,45,7.330000000000001
115,9,10.35
115,40,7.380000000000001
115,80,6.57
115,85,49.10999999999998
115,89,10.209999999999994
115,99,14.569999999999999
115,102,7.110000000000002
115,143,1.59
115,131,1.04
115,149,2.45
115,145,2.75
115,124,1.7199999999999998
115,125,1.05
115,139,0.87
115,43,12.529999999999994
115,6,5.18
115,51,6.23
115,12,2.35
115,95,2.11
115,39,2.21
115,97,7.880000000000002
115,59,13.729999999999997
115,73,4.69
115,128,7.5200000000000005
112,39,2.0
112,15,2.0
113,38,3.1399999999999997
113,131,2.9800000000000004
113,95,3.24
112,134,0.30000000000000004
112,137,0.1
113,6,2.81
112,87,1.0
112,66,2.0
111,95,2.0
110,40,23.22
110,120,32.22
111,15,1.0
111,96,2.0
110,80,8.0
110,50,27.0
110,73,13.0
110,90,4.0
116,35,16.719999999999985
116,4,5.9799999999999995
116,44,47.509999999999884
116,51,12.139999999999992
116,47,121.50000000000021
116,8,25.47
116,48,57.619999999999855
116,53,57.669999999999874
116,52,219.39000000000047
116,55,42.30999999999993
116,59,21.970000000000013
116,11,114.7
116,58,49.25999999999991
116,62,114.25000000000016
116,67,20.83000000000001
116,41,51.03999999999987
116,71,48.20999999999991
116,72,33.220000000000006
116,13,26.349999999999998
116,77,40.16999999999992
116,81,45.97999999999994
116,43,32.03000000000002
116,46,49.119999999999884
116,20,4.130000000000001
116,84,16.26999999999999
116,111,717.0700000000005
116,112,418.36000000000047
116,109,54.10999999999992
116,114,161.41999999999993
116,113,884.63
116,115,4214.619999999992
116,110,777.2200000000005
116,22,142.69999999999996
116,57,259.90000000000015
116,117,198.2000000000001
116,118,521.3000000000009
116,56,186.60000000000014
116,86,159.98000000000005
116,23,135.04
116,119,525.5699999999998
116,122,556.8000000000009
116,64,154.1300000000001
116,63,380.2500000000002
116,123,200.80000000000015
116,121,239.7000000000003
116,144,55.9799999999999
116,146,24.530000000000015
116,147,9.849999999999998
116,29,219.04999999999995
116,30,32.00000000000001
116,45,17.81000000000001
116,49,28.080000000000027
116,10,19.93
116,54,80.85000000000014
116,61,38.40999999999996
116,60,13.339999999999996
116,40,12.709999999999983
116,69,58.38999999999985
116,75,54.52999999999988
116,76,21.55000000000001
116,80,4.800000000000001
116,85,30.060000000000016
116,78,26.090000000000014
116,91,20.680000000000025
116,73,7.360000000000002
116,83,30.660000000000025
116,108,77.3699999999999
116,65,52.09999999999992
116,27,5.57
116,143,2.06
116,132,3.7300000000000004
116,28,3.9800000000000004
116,150,4.1899999999999995
116,126,13.409999999999991
116,74,7.860000000000001
116,120,143.63000000000008
116,107,5.330000000000001
116,136,80.90999999999994
115,66,6.0
115,3,2.35
115,79,8.839999999999995
115,19,2.7800000000000002
115,14,2.0
115,7,2.84
116,42,7.4300000000000015
116,5,5.49
116,7,6.37
116,70,32.18
116,88,4.380000000000001
116,17,6.58
116,101,8.770000000000003
116,100,8.629999999999999
116,94,8.92
116,68,11.739999999999997
116,145,3.6700000000000004
116,138,4.33
116,151,7.570000000000004
116,9,4.82
116,98,28.89
116,37,28.290000000000013
116,142,2.88
116,105,3.839999999999999
116,124,3.460000000000001
116,36,7.950000000000004
116,66,7.0200000000000005
116,1,2.47
116,3,4.09
116,6,4.95
116,12,8.56
116,79,11.83999999999999
116,89,18.31999999999998
116,39,3.2600000000000007
116,97,13.09999999999999
116,50,9.369999999999997
116,102,17.369999999999997
116,90,7.020000000000004
116,127,10.36
116,139,1.5100000000000002
116,140,4.590000000000001
116,96,4.600000000000002
116,130,0.56
22,31,15.870000000000001
22,32,22.61
22,33,80.74
22,34,119.06999999999995
22,35,169.16
22,36,103.85
22,37,80.34999999999998
22,1,8.96
22,38,95.01
22,39,24.890000000000004
22,2,13.13
22,40,40.04
22,41,150.90999999999997
22,42,32.830000000000005
22,43,43.35999999999999
22,44,131.23000000000002
22,45,55.56
22,46,82.73999999999992
22,3,8.5
22,4,12.96
22,5,7.75
22,47,212.11999999999995
22,6,8.95
22,48,153.04000000000002
22,7,18.23
22,49,71.26999999999997
22,50,26.870000000000008
22,51,35.599999999999994
22,52,268.8000000000001
22,8,19.07
22,9,10.86
22,53,153.02
22,10,19.95
22,54,187.85000000000002
22,55,44.98000000000002
22,56,116.08000000000001
22,57,266.37
22,58,206.66
22,59,49.74
22,60,71.73
22,61,99.06000000000003
22,62,314.03999999999996
22,11,117.49
22,63,36.540000000000006
22,64,59.960000000000036
22,65,29.729999999999997
22,66,19.419999999999995
22,67,33.08
22,68,13.56
22,12,6.76
22,69,59.31999999999999
22,70,54.89000000000001
22,71,61.41000000000002
22,72,38.98000000000001
22,73,33.17000000000001
22,74,29.46
22,75,64.49
22,13,14.06
22,76,26.160000000000004
22,77,49.570000000000014
22,78,39.980000000000004
22,79,25.06
22,80,12.27
22,81,34.70000000000001
22,82,2.29
22,83,14.19
22,84,7.570000000000001
22,85,24.400000000000013
22,86,53.30000000000001
22,87,18.530000000000005
22,88,44.29999999999999
22,89,44.94
22,90,40.17000000000001
22,14,1.49
22,91,29.04
22,92,25.52
22,93,28.31
22,94,17.859999999999996
22,15,1.33
22,16,1.9
22,95,33.54
22,96,24.94
22,17,4.1
22,97,39.96000000000001
22,18,3.63
22,19,3.79
22,98,61.129999999999995
22,99,20.53
22,100,42.16999999999999
22,101,53.800000000000004
22,102,71.16999999999999
22,20,2.23
22,21,1.91
22,103,44.63999999999999
22,104,49.589999999999975
22,105,17.43
22,106,22.71
22,107,16.910000000000004
22,108,24.770000000000003
22,109,12.949999999999998
22,110,30.04
22,111,35.07000000000001
22,112,21.920000000000016
22,113,22.25
22,114,23.520000000000003
22,115,19.979999999999997
22,116,36.709999999999994
22,117,42.019999999999996
22,118,35.8
22,23,3.03
22,119,8.21
22,120,3.5699999999999985
22,121,41.040000000000006
22,122,24.52999999999999
22,123,7.889999999999998
22,124,10.120000000000001
22,125,9.73
22,126,37.25
22,127,21.14
22,128,8.709999999999999
22,129,3.9999999999999996
22,130,5.62
22,131,8.91
22,132,7.16
22,133,3.6599999999999997
22,134,3.5999999999999996
22,135,12.450000000000001
22,136,29.139999999999993
22,137,15.669999999999998
22,138,23.420000000000005
22,24,2.4
22,25,1.93
22,139,9.89
22,140,16.24
22,141,3.53
22,142,18.889999999999997
22,143,13.030000000000001
22,144,24.65
22,145,3.4199999999999995
22,146,6.619999999999999
22,147,2.34
22,148,9.060000000000002
22,149,2.6099999999999994
22,150,9.520000000000001
22,151,35.210000000000015
22,26,1.15
22,27,17.05
22,28,6.35
22,29,101.2
22,30,73.09
62,84,4.0
62,145,0.1
57,99,8.61
57,98,12.61
57,94,13.0
57,80,8.0
57,120,7.61
57,36,5.609999999999999
57,102,2.0
57,37,8.61
57,92,6.0
57,17,8.0
57,21,2.0
57,141,0.2
57,127,8.0
57,93,4.0
57,96,2.0
117,62,957.1000000000013
117,112,92.61
117,22,403.50999999999993
117,57,2223.1899999999987
117,118,2566.790000000002
117,111,397.8600000000002
117,86,394.84000000000026
117,110,845.8200000000007
117,63,1844.4599999999962
117,132,1.06
117,144,5.809999999999998
117,114,11.479999999999992
117,29,34.029999999999994
117,116,191.34
117,30,16.340000000000003
117,136,18.139999999999997
117,7,32.61
117,52,662.3000000000003
117,54,272.1500000000001
117,58,184.54000000000005
117,11,326.1
117,64,425.8600000000002
117,61,246.59000000000012
117,66,23.83
117,78,65.83
117,77,120.44
117,56,802.3100000000007
117,23,717.8800000000001
117,120,136.32
117,67,45.22
117,143,0.7799999999999999
117,27,3.6400000000000006
117,113,71.03
117,119,99.97999999999998
117,122,223.25000000000006
117,126,6.559999999999999
117,124,0.9599999999999999
117,139,0.30000000000000004
117,34,20.0
117,35,28.83
117,41,125.83
117,42,18.61
117,44,132.22
117,4,12.0
117,5,18.61
117,45,38.61
117,48,189.88
117,47,364.3200000000001
117,53,204.88000000000002
117,10,55.0
117,55,98.05
117,51,46.61
117,60,62.83
117,72,45.83
117,75,145.82999999999998
117,13,67.44
117,76,44.44
117,79,42.0
117,89,36.22
117,91,41.61
117,46,140.61
117,43,70.61
117,59,73.22
117,97,38.61
117,36,13.0
117,83,20.0
117,108,27.0
117,85,39.05
117,109,12.0
117,65,69.66
117,121,69.92999999999999
117,123,129.7
117,128,19.0
117,115,78.43999999999997
117,28,1.16
117,107,0.7799999999999999
117,146,0.48000000000000004
63,35,17.0
63,39,14.61
63,102,1.0
117,3,19.61
117,6,23.61
117,49,70.44
117,8,51.83
117,9,28.22
117,40,39.05
117,69,82.05
117,71,85.22
117,16,5.0
117,39,6.0
117,50,46.0
117,70,43.22
117,98,28.22
117,99,1.0
117,37,16.0
117,102,9.0
117,127,9.219999999999999
117,137,2.61
117,142,1.06
117,134,0.1
117,151,0.48
117,68,5.09
117,125,0.38
117,140,4.879999999999999
117,81,24.61
117,17,16.61
117,74,9.0
117,147,0.48
117,95,8.0
117,138,0.38
117,12,12.61
117,80,8.0
117,106,0.1
117,2,6.0
117,14,9.0
117,93,13.0
117,94,17.0
117,15,5.61
117,84,2.0
117,150,0.56
117,33,2.0
117,18,5.0
117,38,23.61
117,100,3.0
117,73,10.0
117,90,5.609999999999999
117,19,3.0
118,35,24.0
118,3,19.83
118,46,139.22000000000003
118,47,348.32000000000005
118,52,542.4200000000003
118,48,125.66
118,53,195.66000000000003
118,10,41.61
118,55,103.22
118,56,1627.9899999999966
118,54,250.15000000000003
118,58,178.88000000000005
118,50,44.0
118,57,1658.0399999999988
118,11,277.44
118,62,497.0100000000004
118,63,915.3600000000009
118,64,249.2700000000001
118,61,116.66
118,66,8.61
118,60,44.61
118,40,24.0
118,69,64.83
118,71,89.22
118,75,145.05
118,13,69.05
118,77,136.22
118,76,52.22
118,79,30.61
118,81,68.83
118,91,23.0
118,97,30.22
118,84,13.44
118,111,773.2700000000011
118,85,80.66
118,112,114.27
118,113,116.49
118,115,156.39000000000004
118,116,370.25000000000017
118,22,366.0
118,117,1606.5899999999972
118,86,956.6400000000009
118,110,2712.3599999999965
118,23,1185.4800000000005
118,122,167.95999999999998
118,123,82.89000000000001
118,67,12.61
118,65,50.44
118,28,3.8600000000000017
118,147,2.0200000000000005
118,29,121.62
118,119,137.28000000000003
118,30,29.48
117,130,0.1
117,88,2.0
118,33,6.0
118,34,11.61
118,43,56.0
118,42,16.22
118,41,122.44
118,4,16.0
118,44,109.44
118,6,12.0
118,8,51.61
118,9,12.61
118,51,41.61
118,59,50.22
118,12,8.61
118,70,43.83
118,72,51.22
118,78,74.83
118,18,4.0
118,36,13.0
118,108,27.61
118,120,57.44
118,121,69.87
118,27,9.859999999999996
118,132,2.9800000000000013
118,107,2.5400000000000005
118,144,20.799999999999997
118,114,27.93000000000001
118,136,11.119999999999997
118,126,13.129999999999987
118,124,2.1200000000000006
117,105,0.30000000000000004
57,14,2.0
57,16,4.0
57,90,2.0
57,19,2.0
57,103,2.0
57,18,0.61
56,6,22.0
56,40,23.0
56,74,6.22
56,95,5.0
56,70,41.22
56,84,12.0
56,109,7.0
56,120,8.0
56,67,10.61
56,149,0.18
118,38,16.0
118,45,33.61
118,7,18.61
118,49,36.61
118,16,4.61
118,95,10.0
118,89,36.22
118,17,9.0
118,73,9.61
118,100,4.0
118,37,8.61
118,146,4.020000000000001
118,142,2.9000000000000012
118,130,0.48000000000000004
118,137,0.2
118,138,2.8000000000000003
118,151,4.199999999999999
118,105,0.7999999999999999
118,150,1.4200000000000002
118,68,4.5
118,140,2.2800000000000007
56,42,14.0
56,32,2.0
56,33,6.0
56,102,6.0
56,37,6.61
56,7,29.0
56,66,7.61
56,133,0.30000000000000004
56,82,2.0
56,134,0.2
56,14,4.0
56,73,8.0
56,100,7.0
56,1,0.61
56,38,6.0
56,145,1.0
56,92,2.0
56,15,4.0
56,17,3.61
56,99,7.0
56,101,1.0
56,90,2.0
56,88,4.0
56,19,2.0
56,39,1.0
56,18,4.0
56,131,0.1
86,134,2.4
86,131,4.28
86,145,0.45999999999999996
86,127,3.0
86,149,0.48
86,141,0.1
86,102,12.0
86,50,38.22
86,66,14.0
86,94,19.0
86,33,9.0
86,65,20.0
86,14,4.0
86,15,3.2199999999999998
85,133,0.1
85,92,0.61
86,1,3.0
86,16,3.0
86,92,4.0
86,90,6.0
86,88,6.0
86,32,2.0
86,20,2.0
56,137,0.28
56,20,2.0
56,2,1.0
118,14,6.0
118,15,8.61
118,127,11.0
118,131,0.2
118,74,6.61
118,39,3.0
118,98,10.0
118,99,2.0
118,128,4.61
118,143,1.8600000000000005
118,134,0.28
118,106,0.28
118,125,0.4
118,139,1.67
118,141,0.18
118,101,6.0
110,33,5.609999999999999
110,12,6.609999999999999
110,17,6.0
110,99,9.61
110,141,0.1
86,21,1.0
86,87,1.0
86,82,2.0
110,6,11.0
110,19,4.0
110,101,7.0
110,102,4.0
110,133,0.18
110,34,7.22
110,148,0.61
110,92,5.0
110,104,2.0
110,16,4.0
110,39,4.0
110,20,0.61
110,103,0.61
110,127,2.0
118,83,20.0
118,109,19.22
118,94,15.0
118,133,0.1
110,134,0.2
118,90,6.0
118,93,5.61
118,5,8.61
118,80,2.0
118,88,4.0
23,38,1.0
23,41,5.0
23,44,4.0
23,52,20.0
23,47,5.0
23,48,5.0
23,10,2.0
23,55,4.0
23,54,9.61
23,56,68.44
23,60,3.61
23,58,8.61
23,57,93.66
23,11,9.0
23,62,31.659999999999997
23,61,13.0
23,63,82.66
23,64,18.44
23,65,8.61
23,66,5.0
23,40,2.0
23,69,2.0
23,71,2.0
23,72,3.2199999999999998
23,75,2.0
23,76,3.61
23,77,9.0
23,81,4.61
23,84,3.61
23,78,3.61
23,85,17.83
23,86,73.88
23,91,2.0
23,95,2.0
23,89,2.0
23,43,1.0
23,46,4.609999999999999
23,101,2.0
23,37,2.0
23,100,1.0
23,83,2.0
23,108,1.6099999999999999
23,110,308.47999999999996
23,111,88.53999999999999
23,112,16.61
23,115,17.079999999999995
23,113,5.98
23,116,58.31
23,22,18.35
23,117,370.7700000000001
23,118,741.0300000000001
23,119,12.940000000000001
23,121,5.85
23,122,10.26
23,123,7.51
23,120,7.220000000000001
23,67,1.0
23,128,2.0
23,34,2.0
23,146,2.2800000000000002
23,150,0.89
23,142,0.48
23,143,0.56
23,27,2.32
23,132,0.68
23,133,0.1
23,138,0.38
23,151,0.38
23,105,0.1
23,28,0.86
23,106,0.2
23,107,0.6799999999999999
23,149,0.28
23,144,1.7
23,147,0.66
23,114,5.789999999999999
23,29,31.48
23,30,8.34
23,136,1.2400000000000002
23,68,0.2
23,126,2.4
23,124,0.48
23,125,0.28
23,139,0.28
23,140,0.48
23,141,0.1
118,92,2.0
118,145,2.0
118,19,2.0
118,148,2.0
118,21,2.0
110,131,0.28
119,31,2.0
119,43,9.739999999999993
119,41,15.309999999999988
119,44,13.549999999999988
119,5,4.35
119,7,3.96
119,52,44.609999999999914
119,47,43.27999999999994
119,54,20.850000000000012
119,51,2.4800000000000004
119,58,20.59000000000001
119,11,32.24
119,62,55.57999999999995
119,64,99.72000000000006
119,66,8.33
119,60,10.529999999999996
119,70,6.970000000000002
119,71,7.540000000000003
119,72,12.409999999999993
119,75,20.210000000000008
119,69,14.689999999999989
119,55,14.349999999999998
119,17,0.84
119,46,11.299999999999994
119,111,138.74
119,113,109.65000000000008
119,115,365.6200000000003
119,112,72.49999999999999
119,116,1066.5300000000004
119,22,35.209999999999994
119,57,113.17000000000006
119,117,132.19000000000008
119,56,60.14999999999994
119,86,35.039999999999985
119,110,250.93000000000006
119,118,208.4400000000001
119,120,77.84000000000003
119,122,192.21999999999997
119,63,274.2600000000002
119,123,97.26000000000006
119,128,5.11
119,65,13.379999999999994
119,121,90.81000000000006
119,147,1.5400000000000003
119,27,0.51
119,29,8.200000000000001
119,30,2.2800000000000002
119,136,28.330000000000002
119,126,1.6400000000000001
119,49,8.05
119,61,18.220000000000002
119,81,10.629999999999997
119,23,45.16
119,67,8.52
119,82,2.12
119,114,9.720000000000002
119,8,5.35
119,48,14.919999999999987
119,45,2.24
119,6,1.46
119,53,12.489999999999991
119,77,15.839999999999995
119,79,1.9300000000000006
119,78,11.849999999999993
119,14,1.0
119,91,4.11
119,97,9.139999999999997
119,50,6.0200000000000005
119,108,14.259999999999991
119,84,7.050000000000001
119,144,10.029999999999996
117,101,4.0
117,148,2.0
120,47,31.83
120,48,22.0
120,53,22.0
120,52,76.61
120,54,32.61
120,55,15.0
120,60,18.0
120,58,25.0
120,57,128.82999999999998
120,11,42.0
120,62,75.66
120,61,36.0
120,63,782.2600000000003
120,64,140.05
120,65,42.22
120,71,14.0
120,13,11.0
120,77,9.0
120,79,7.609999999999999
120,89,8.61
120,46,23.61
120,19,2.0
120,100,2.0
120,83,8.0
120,84,4.0
120,111,79.66
120,115,120.97
120,116,445.24000000000007
120,22,66.77999999999999
120,117,242.35000000000008
120,56,45.22
120,118,202.03000000000003
120,110,122.58999999999999
120,23,57.0
120,119,97.01999999999995
120,122,297.44000000000017
120,123,313.2600000000002
120,136,9.159999999999998
120,144,4.1
120,147,0.18
120,114,4.859999999999999
120,29,4.759999999999999
120,113,43.530000000000015
120,30,1.9000000000000001
120,139,2.3600000000000003
119,40,3.500000000000001
119,13,3.42
119,76,2.6900000000000004
119,16,2.12
119,18,2.45
119,83,7.470000000000002
119,132,0.65
119,98,7.8000000000000025
119,89,4.870000000000002
119,59,3.7000000000000006
65,120,12.219999999999999
65,106,0.30000000000000004
65,147,0.2
64,15,4.0
121,41,56.589999999999904
121,44,81.1800000000001
121,45,29.360000000000003
121,48,103.73000000000009
121,49,77.38000000000005
121,50,58.729999999999954
121,52,307.80000000000024
121,47,176.4500000000001
121,8,50.77
121,53,119.88000000000007
121,10,33.08
121,55,44.029999999999966
121,57,412.69000000000034
121,58,167.22000000000014
121,51,38.67999999999998
121,59,121.68000000000004
121,54,178.1800000000001
121,11,262.93
121,62,458.3900000000001
121,61,380.6300000000002
121,64,1504.109999999996
121,65,2067.6799999999907
121,60,135.12000000000006
121,66,69.19000000000001
121,12,2.91
121,69,69.05000000000007
121,71,44.799999999999905
121,72,29.52000000000001
121,13,56.44
121,75,88.0500000000001
121,77,65.10999999999999
121,78,31.000000000000014
121,89,29.650000000000027
121,94,68.10000000000005
121,91,46.87999999999996
121,15,9.23
121,39,6.24
121,43,58.56999999999995
121,46,170.11000000000016
121,97,55.849999999999966
121,93,41.63999999999997
121,36,7.950000000000001
121,70,30.610000000000028
121,37,15.969999999999988
121,111,104.95000000000009
121,85,19.020000000000007
121,112,50.609999999999964
121,115,159.18000000000023
121,116,374.33999999999986
121,22,325.11000000000007
121,117,154.02000000000012
121,118,165.83000000000015
121,56,142.71000000000018
121,86,99.10000000000008
121,110,110.80000000000004
121,23,53.05
121,122,3483.549999999997
121,63,573.330000000001
121,123,190.1300000000001
121,120,26.330000000000002
121,127,316.8199999999999
121,67,131.43000000000006
121,128,77.71000000000002
121,136,4087.959999999991
121,68,527.2700000000011
121,140,22.220000000000013
121,125,18.07000000000001
121,124,49.089999999999996
121,142,8.239999999999998
121,143,7.169999999999997
121,27,33.53000000000001
121,132,12.899999999999997
121,134,1.05
121,138,4.580000000000001
121,151,6.47
121,105,4.609999999999999
121,28,16.909999999999997
121,107,5.370000000000002
121,144,25.64999999999999
121,146,5.870000000000001
121,147,1.9800000000000004
121,114,21.740000000000006
121,29,91.35999999999997
121,113,67.03000000000006
121,119,73.47000000000001
121,30,923.0900000000004
121,126,190.30999999999992
121,139,12.909999999999993
122,64,1627.119999999997
122,65,471.4600000000003
122,22,122.29
122,57,251.0700000000001
122,118,209.35000000000014
122,110,152.59000000000003
122,121,2236.3899999999876
122,63,962.2300000000009
122,117,194.7100000000001
122,136,265.88999999999993
122,68,63.67000000000001
122,119,116.51000000000003
122,142,4.160000000000002
122,143,3.47
122,27,11.389999999999997
122,130,0.95
122,132,4.110000000000001
122,138,1.4100000000000001
122,105,2.4499999999999997
122,28,7.06
122,106,1.4600000000000002
122,107,2.09
122,150,1.9200000000000002
122,144,11.280000000000001
122,146,4.499999999999999
122,147,2.66
122,114,27.40000000000004
122,29,54.460000000000015
122,113,82.53000000000009
122,115,222.05000000000004
122,116,718.3700000000007
122,123,717.3700000000009
122,30,147.6499999999999
122,126,53.39000000000007
122,124,9.469999999999995
122,125,3.8900000000000015
122,139,3.3200000000000003
122,140,14.549999999999999
122,52,130.1600000000001
122,62,249.3800000000001
122,61,185.13000000000005
122,75,34.74999999999997
122,46,75.94000000000003
122,70,17.880000000000013
122,112,51.45999999999995
122,56,97.43000000000004
122,41,21.580000000000016
122,43,27.140000000000008
122,44,37.449999999999974
122,48,53.95999999999998
122,49,34.929999999999986
122,8,30.34
122,47,80.76000000000005
122,53,64.5
122,10,10.12
122,54,66.43000000000002
122,11,106.08
122,66,39.39999999999999
122,60,60.40999999999999
122,12,4.23
122,78,16.36
122,55,32.18
122,91,28.930000000000007
122,39,6.33
122,59,57.88999999999999
122,111,96.19000000000007
122,120,75.91000000000003
122,128,33.34999999999999
122,94,20.470000000000006
122,127,78.35000000000001
122,151,2.3399999999999994
122,35,7.6000000000000005
122,42,14.729999999999999
122,4,5.23
122,45,11.12
122,51,14.089999999999996
122,58,65.24000000000001
122,40,7.6000000000000005
122,69,31.690000000000012
122,71,36.14999999999996
122,13,31.07
122,76,10.359999999999998
122,77,32.629999999999995
122,79,10.479999999999997
122,81,10.639999999999999
122,93,10.200000000000001
122,15,4.12
122,97,21.930000000000003
122,83,9.349999999999998
122,86,97.81000000000004
122,23,52.08
122,67,36.14999999999998
64,18,2.0
122,50,32.35
122,72,10.689999999999998
122,92,7.3
122,89,9.159999999999997
122,5,10.23
122,16,4.12
122,17,8.12
122,109,3.9900000000000007
122,2,2.12
122,19,1.73
122,133,0.48
122,131,1.3000000000000003
122,9,4.23
122,80,2.24
122,95,6.36
122,145,0.49
122,141,0.30000000000000004
122,14,8.12
122,85,8.849999999999998
122,34,3.500000000000001
122,100,2.45
122,90,3.0500000000000007
122,74,1.0
122,36,2.9300000000000006
122,3,3.23
122,84,4.21
122,88,2.24
122,102,2.830000000000001
122,108,8.61
122,37,5.730000000000001
63,80,8.0
63,143,2.0000000000000004
64,149,0.1
64,87,2.61
122,137,0.28
122,73,2.45
64,102,2.0
64,73,3.0
64,104,2.0
64,84,2.0
63,14,3.61
63,131,2.2800000000000002
63,125,1.2400000000000002
63,109,4.0
63,88,4.0
63,100,4.0
63,20,1.0
63,105,0.74
63,12,8.0
63,134,0.1
63,151,0.9699999999999999
63,147,1.5200000000000002
63,145,0.1
63,133,0.28
63,99,2.0
63,130,0.38
63,141,0.1
63,90,2.0
117,92,2.0
117,32,2.0
63,84,2.0
120,1,2.0
120,41,16.0
120,3,4.0
120,44,21.61
120,45,9.61
120,49,9.0
120,51,7.0
120,10,7.0
120,59,13.0
120,66,6.0
120,69,8.0
120,72,3.0
120,75,7.0
120,76,6.0
120,80,2.0
120,78,6.0
120,86,44.0
120,91,5.0
120,42,2.0
120,17,4.0
120,43,4.0
120,50,11.0
120,70,9.0
120,99,2.0
120,112,28.0
120,67,5.0
120,94,1.0
120,121,81.87
120,92,2.0
123,110,99.34000000000003
123,63,1251.7899999999988
123,121,268.08000000000015
123,116,411.20000000000044
123,119,68.69000000000004
123,136,34.889999999999986
123,34,4.36
123,37,9.739999999999993
123,35,7.6000000000000005
123,41,22.050000000000008
123,44,24.910000000000007
123,45,12.33
123,47,60.909999999999975
123,49,13.569999999999999
123,50,14.45
123,8,11.0
123,48,27.03
123,10,6.12
123,52,62.43999999999996
123,53,15.78
123,55,12.239999999999998
123,56,89.13000000000004
123,57,182.9300000000001
123,54,33.429999999999986
123,58,37.849999999999994
123,59,12.479999999999997
123,11,54.68
123,62,133.46000000000006
123,61,49.19999999999998
123,64,282.7700000000001
123,60,19.46
123,66,1.4500000000000002
123,65,61.47999999999996
123,40,3.4800000000000004
123,12,2.73
123,69,22.330000000000005
123,71,22.90000000000001
123,72,13.179999999999998
123,75,27.840000000000007
123,13,16.84
123,74,8.0
123,81,14.899999999999999
123,86,63.049999999999976
123,77,23.090000000000003
123,91,17.57
123,16,2.12
123,43,14.359999999999998
123,46,37.539999999999985
123,97,15.219999999999999
123,70,8.32
123,83,4.69
123,108,5.710000000000001
123,111,86.01000000000005
123,113,67.52000000000001
123,115,161.89999999999998
123,112,33.15
123,22,59.56000000000001
123,117,172.72000000000008
123,118,174.6000000000001
123,23,52.62
123,122,1190.959999999998
123,120,132.90000000000006
123,124,4.909999999999999
123,67,18.140000000000004
123,128,11.569999999999999
123,94,2.97
123,68,12.889999999999995
123,143,0.31000000000000005
123,134,0.11
123,28,0.32
123,150,0.37000000000000005
123,144,2.1199999999999997
123,147,0.96
123,114,6.189999999999999
123,29,6.179999999999998
123,30,5.819999999999998
123,126,6.8999999999999995
123,140,0.53
123,5,2.12
123,2,2.0
123,7,2.12
123,51,6.45
123,76,10.12
123,78,6.57
123,17,4.0
123,93,5.11
123,127,11.469999999999997
123,80,2.24
123,73,2.24
123,142,0.43000000000000005
123,89,8.14
123,95,4.12
123,27,0.56
123,39,2.0
123,85,12.569999999999999
123,3,2.12
123,84,9.219999999999999
120,5,4.0
120,40,4.609999999999999
120,90,2.0
120,97,5.609999999999999
120,98,2.0
120,107,2.0
120,109,2.0
120,128,7.0
120,108,7.0
120,142,0.1
120,27,0.1
120,146,0.18
120,126,0.84
120,124,0.1
120,140,0.1
120,4,4.0
120,6,2.0
120,12,4.0
120,74,2.0
120,143,0.1
120,16,2.0
123,98,4.720000000000001
123,146,1.04
123,36,4.6000000000000005
123,105,0.45
123,151,0.6799999999999999
123,107,0.26
123,79,6.21
123,100,4.12
123,125,0.39
123,15,2.0
120,38,2.0
120,127,2.0
124,2,2.44
124,4,8.93
124,5,5.02
124,45,9.899999999999993
124,44,33.25
124,7,12.79
124,47,61.719999999999914
124,49,32.89
124,8,16.58
124,48,25.50000000000002
124,52,82.91000000000015
124,10,8.309999999999999
124,53,26.670000000000016
124,55,9.949999999999994
124,51,15.109999999999992
124,59,89.94000000000001
124,60,48.189999999999976
124,58,19.340000000000018
124,11,16.37
124,62,38.34999999999995
124,64,21.36000000000001
124,61,28.660000000000004
124,66,18.150000000000006
124,65,16.159999999999993
124,68,163.1000000000001
124,12,3.37
124,72,12.879999999999992
124,69,30.680000000000025
124,75,18.05
124,87,19.720000000000002
124,89,44.889999999999894
124,14,10.35
124,88,33.779999999999994
124,92,47.47999999999996
124,93,75.71000000000002
124,91,40.95999999999994
124,95,8.859999999999996
124,46,87.0000000000001
124,97,50.37999999999994
124,50,72.31000000000007
124,98,11.820000000000002
124,37,21.300000000000004
124,110,5.170000000000001
124,111,7.780000000000002
124,22,23.94
124,63,11.32
124,56,12.769999999999989
124,86,11.519999999999992
124,118,6.510000000000002
124,122,14.219999999999994
124,125,655.5000000000006
124,94,172.74000000000004
124,126,2165.1399999999944
124,67,478.44000000000034
124,127,506.86000000000047
124,128,365.89000000000044
124,131,11.449999999999996
124,96,5.780000000000002
124,90,16.999999999999993
124,121,51.62999999999996
124,136,66.51000000000002
124,139,153.57000000000005
124,140,169.25999999999993
124,141,9.899999999999997
124,142,26.409999999999993
124,143,10.150000000000002
124,27,21.24
124,132,6.230000000000001
124,138,3.0400000000000005
124,151,5.670000000000001
124,28,12.89
124,107,2.89
124,150,1.53
124,144,19.099999999999998
124,114,2.6500000000000004
124,29,19.66
124,113,3.6900000000000004
124,119,2.6000000000000005
124,30,23.98
125,44,33.19999999999999
125,48,48.85999999999996
125,52,141.9200000000002
125,53,58.94999999999997
125,59,161.42999999999998
125,77,15.139999999999997
125,89,221.37000000000026
125,93,444.8900000000003
125,91,153.22000000000008
125,46,194.0500000000001
125,50,119.61000000000004
125,22,50.050000000000004
125,124,1041.9900000000007
125,94,432.2300000000004
125,126,922.1000000000012
125,67,560.8900000000003
125,127,472.9100000000004
125,128,486.6700000000003
125,140,414.28000000000014
125,92,270.72000000000014
125,139,668.340000000001
125,68,154.01000000000002
125,142,50.15999999999998
125,27,11.14
125,107,1.2
125,121,38.34999999999996
125,30,7.169999999999999
124,35,7.340000000000003
124,38,4.870000000000002
124,41,28.160000000000014
124,57,16.489999999999995
124,13,6.68
124,79,3.2600000000000007
124,39,2.4800000000000004
124,17,4.79
124,43,29.880000000000006
124,133,0.77
124,105,4.500000000000001
124,116,3.4500000000000006
124,70,19.14
125,49,67.72000000000006
125,8,11.35
125,47,108.54000000000008
125,9,4.35
125,54,36.80999999999998
125,51,40.98999999999998
125,58,38.409999999999975
125,61,45.369999999999976
125,60,92.86000000000001
125,72,7.170000000000001
125,75,48.109999999999964
125,76,5.69
125,81,10.039999999999997
125,88,136.51000000000013
125,95,32.56999999999999
125,43,102.89000000000004
125,97,152.7700000000001
125,113,3.6400000000000006
125,57,24.47000000000001
125,86,7.380000000000001
125,122,15.359999999999994
125,66,25.140000000000004
125,90,33.19999999999999
125,65,29.56000000000001
125,130,14.079999999999998
125,132,2.8000000000000007
125,144,7.210000000000001
125,29,6.76
125,136,34.69000000000001
124,54,8.69
124,15,7.68
124,18,2.91
124,36,7.360000000000003
124,147,0.30000000000000004
124,123,0.99
126,44,90.30000000000015
126,46,217.2400000000005
126,9,9.79
126,53,80.83000000000017
126,52,245.67000000000095
126,55,17.579999999999988
126,59,189.5700000000002
126,58,62.0599999999998
126,11,42.839999999999996
126,54,53.33999999999982
126,62,70.57999999999993
126,64,73.14999999999993
126,41,115.11000000000013
126,69,65.70999999999985
126,71,50.06999999999981
126,75,73.07000000000001
126,94,336.2800000000008
126,91,102.38000000000032
126,43,88.53000000000007
126,93,159.00000000000043
126,97,134.94000000000037
126,50,172.09000000000023
126,22,76.85
126,118,31.570000000000032
126,124,2115.5799999999936
126,67,1609.7499999999925
126,127,3175.7899999999777
126,128,735.1700000000014
126,96,18.909999999999997
126,140,219.84000000000057
126,125,485.5500000000004
126,92,107.64000000000009
126,68,926.4300000000017
126,27,34.94000000000001
126,28,78.919999
126,144,112.03000000000011
126,114,13.919999999999995
126,29,62.25
126,30,56.69000000000001
126,136,229.77000000000092
126,139,189.64000000000038
126,48,79.77000000000022
126,88,57.479999999999784
126,142,84.95
126,132,18.440000000000005
126,138,14.489999999999988
126,121,226.46000000000086
126,130,7.49
126,143,44.430000000000014
126,15,10.040000000000001
126,45,31.52000000000002
126,6,8.919999999999998
126,47,159.33000000000047
126,49,92.04000000000026
126,8,24.42
126,56,33.30000000000002
126,60,96.5700000000001
126,61,51.15999999999991
126,65,60.969999999999814
126,12,11.869999999999997
126,13,41.92999999999999
126,17,8.74
126,110,21.420000000000012
126,122,57.97999999999988
126,120,2.99
126,106,22.04000000000002
126,107,14.539999999999994
126,113,19.42
126,116,14.760000000000002
126,66,41.54999999999991
126,5,10.219999999999997
126,40,28.890000000000047
126,89,125.79000000000052
126,151,31.010000000000066
126,51,36.73999999999997
126,80,5.770000000000001
126,78,17.559999999999995
126,57,57.83999999999988
126,141,7.0000000000000036
126,131,30.230000000000025
67,83,14.0
67,90,14.0
67,143,7.219999999999999
67,137,2.1
67,151,2.5200000000000005
67,105,1.3300000000000003
67,28,5.01
67,106,0.72
67,150,1.4200000000000002
67,144,6.579999999999999
67,146,1.1600000000000001
67,119,3.620000000000001
67,123,7.3
67,141,7.52
126,2,5.3500000000000005
126,7,16.479999999999997
126,77,26.690000000000033
126,14,8.489999999999998
126,36,22.620000000000022
126,70,67.30999999999993
126,85,5.000000000000002
126,117,8.390000000000002
126,63,29.370000000000015
126,90,36.86999999999996
126,87,32.67000000000002
67,12,11.0
67,16,30.61
67,133,0.58
67,134,0.7599999999999999
67,115,4.3
67,74,2.0
67,149,0.1
67,79,12.219999999999999
126,10,15.229999999999997
126,76,18.179999999999993
126,81,33.98999999999999
126,146,3.5499999999999994
126,33,13.239999999999984
126,86,25.900000000000034
126,35,28.73000000000003
126,115,12.65
126,111,32.14000000000003
126,147,0.83
126,3,12.669999999999998
126,72,19.28
126,39,8.790000000000001
126,98,61.76999999999992
126,19,8.899999999999999
126,42,12.459999999999988
126,23,3.8000000000000003
127,41,40.61
127,49,60.22
127,47,64.22
127,66,88.66
127,77,21.0
127,94,179.05
127,15,6.0
127,43,46.0
127,50,103.44
127,22,88.55999999999997
127,63,27.0
127,124,632.0500000000008
127,126,3019.7499999999955
127,67,869.6600000000005
127,128,336.5400000000001
127,121,217.23999999999987
127,92,40.22
127,68,3906.980000000004
127,30,184.45999999999998
127,136,428.65
127,125,153.74
127,140,113.23999999999994
127,53,42.0
127,55,24.22
127,52,106.66
127,11,48.61
127,62,75.44
127,46,134.82999999999998
127,110,8.61
127,111,7.61
127,118,15.0
127,64,119.66
127,139,101.29999999999997
127,142,21.91000000000001
127,27,37.330000000000005
127,116,14.099999999999989
127,10,9.0
127,48,29.61
127,59,136.44
127,69,24.0
127,75,25.61
127,89,63.22
127,14,6.61
127,88,35.0
127,93,89.83
127,16,10.0
127,39,2.0
127,97,83.22
127,117,10.61
127,65,82.88
127,143,7.9999999999999964
127,29,32.720000000000006
127,35,7.0
127,44,37.22
127,51,20.61
127,8,17.61
127,54,36.44
127,58,42.61
127,61,76.66
127,60,98.61
127,76,15.0
127,81,6.0
127,91,42.22
127,42,7.0
127,57,78.83
127,23,1.0
127,122,66.19
127,123,5.2399999999999975
127,38,4.0
127,45,23.0
127,71,8.61
127,95,9.0
127,70,3.61
127,37,2.0
127,83,2.0
127,87,8.0
127,115,2.38
127,132,8.219999999999999
127,28,6.269999999999999
127,144,7.92
127,5,4.0
127,13,23.22
127,12,4.0
127,56,12.219999999999999
127,98,3.0
127,78,9.61
127,113,3.7000000000000015
127,119,2.16
127,72,11.61
127,100,1.0
127,114,2.5200000000000005
127,90,1.6099999999999999
127,3,2.0
127,17,6.0
127,138,1.7800000000000002
127,141,3.2200000000000006
127,40,4.0
127,74,2.0
127,86,14.0
127,107,1.8700000000000008
126,95,18.41
126,105,31.010000000000023
67,131,1.56
67,14,5.0
67,99,6.0
67,1,2.0
67,19,8.0
67,108,8.0
67,101,1.0
67,120,2.0
128,44,43.44
128,47,186.83000000000004
128,49,136.88
128,53,84.22
128,48,69.27
128,52,285.93000000000006
128,54,42.61
128,51,42.83
128,59,320.1000000000001
128,62,80.61
128,64,34.22
128,60,235.32000000000002
128,67,2345.9199999999955
128,66,44.489999999999995
128,75,45.22
128,81,14.0
128,14,3.0
128,88,59.83
128,92,104.22
128,93,353.01000000000033
128,94,1681.9199999999962
128,17,17.22
128,46,171.44000000000005
128,43,83.22
128,97,240.98000000000005
128,50,375.3000000000003
128,71,19.0
128,22,65.03
128,57,52.0
128,56,22.61
128,118,13.0
128,122,10.36
128,124,166.85000000000005
128,125,151.52999999999997
128,126,362.29000000000053
128,127,98.27
128,121,20.410000000000004
128,139,57.720000000000034
128,141,7.589999999999999
128,140,59.290000000000035
128,87,9.0
128,142,19.53
128,143,8.399999999999997
128,27,23.469999999999995
128,132,5.799999999999998
128,134,0.30000000000000004
128,138,4.319999999999999
128,151,1.9300000000000004
128,28,4.430000000000001
128,107,2.23
128,150,0.94
128,144,5.859999999999999
128,114,3.520000000000001
128,29,21.139999999999993
128,113,3.540000000000001
128,115,2.7800000000000002
128,116,8.18
128,30,28.64999999999999
128,136,22.10000000000001
128,68,49.26000000000003
128,38,5.0
128,41,67.61
128,8,20.0
128,55,17.61
128,58,53.05
128,11,29.830000000000002
128,63,21.0
128,12,7.61
128,69,40.83
128,79,11.0
128,91,109.22
128,15,30.22
128,89,69.22
128,98,12.0
128,108,5.61
128,111,11.61
128,34,13.0
128,130,5.059999999999998
128,137,0.38
128,146,1.06
128,119,0.9400000000000001
128,123,0.48000000000000004
128,61,50.83
128,65,34.0
128,40,18.61
128,76,17.61
128,45,30.22
128,117,8.0
128,131,2.48
128,105,0.9600000000000001
128,106,0.42000000000000004
128,145,0.1
128,147,0.6599999999999999
128,133,0.38
128,9,10.0
128,77,18.0
128,70,11.61
128,37,15.0
128,42,14.0
128,4,10.0
128,5,3.0
128,7,11.61
128,16,10.0
128,39,10.0
128,10,20.61
128,13,24.61
128,2,4.0
128,35,18.0
128,95,11.0
128,78,10.61
94,5,18.0
94,150,0.8799999999999999
128,36,5.0
128,96,7.0
94,7,22.61
94,72,29.61
94,14,21.22
94,37,12.61
94,137,4.71
94,2,6.0
94,6,20.61
94,117,14.61
94,118,22.0
128,90,10.61
128,32,4.0
94,20,1.0
94,111,2.0
94,123,0.30000000000000004
94,148,0.61
94,146,0.86
128,6,4.0
128,33,3.0
128,3,2.0
128,86,9.0
128,19,1.0
128,110,4.0
128,100,1.0
128,72,3.0
128,18,1.0
94,103,2.0
94,74,9.0
94,83,2.0
94,149,0.1
94,32,2.0
94,23,2.0
128,80,2.0
128,102,3.0
59,99,2.0
59,85,2.0
59,73,1.0
67,73,3.0
67,96,5.0
128,21,2.0
128,31,2.0
128,85,1.0
87,104,10.0
87,135,7.0
90,101,11.0
90,115,0.7799999999999999
129,31,69.05
129,32,29.0
129,33,81.83
129,35,129.05
129,34,106.05
129,36,28.0
129,38,47.61
129,2,4.0
129,41,66.61
129,43,85.0
129,42,11.61
129,44,17.0
129,45,20.0
129,47,15.829999999999998
129,6,1.0
129,49,8.0
129,50,5.220000000000001
129,51,3.0
129,48,13.0
129,9,2.0
129,53,7.61
129,10,4.0
129,52,25.0
129,54,2.0
129,11,4.0
129,62,4.0
129,59,6.0
129,40,6.0
129,69,17.0
129,71,16.61
129,75,10.0
129,13,3.61
129,87,144.82999999999998
129,90,628.1100000000002
129,89,291.27000000000004
129,14,23.0
129,88,51.61
129,92,16.0
129,91,85.61
129,15,18.61
129,16,11.0
129,95,46.61
129,96,328.8100000000001
129,39,25.22
129,17,10.0
129,46,78.61
129,97,19.0
129,19,10.0
129,70,14.0
129,98,16.22
129,37,13.0
129,102,9.0
129,104,15.61
129,22,10.840000000000003
129,118,2.0
129,94,6.0
129,130,153.20000000000005
129,131,1690.5799999999974
129,132,96.74
129,133,19.45
129,135,23.22
129,134,29.12000000000001
129,137,24.99000000000001
129,103,17.61
129,140,11.14
129,143,64.36000000000001
129,142,49.30000000000001
129,151,9.139999999999997
129,27,39.53
129,138,10.559999999999997
129,28,0.5
129,106,0.48
129,107,0.38
129,150,0.1
129,144,0.86
129,114,0.49
129,29,2.04
129,116,0.30000000000000004
129,122,0.27
129,121,0.38
129,30,1.9100000000000001
129,68,0.2
129,126,4.0200000000000005
129,3,2.0
129,8,2.0
129,60,2.0
129,18,7.0
129,111,2.0
129,57,2.0
129,67,4.0
129,105,0.76
129,146,0.18
129,113,0.22
129,124,0.48
129,125,2.46
129,12,2.0
129,139,0.48
130,33,45.19999999999996
130,35,71.52000000000004
130,34,55.98999999999994
130,36,19.009999999999998
130,38,32.19
130,42,11.449999999999998
130,41,39.36
130,7,6.23
130,8,2.23
130,47,25.350000000000023
130,48,14.70999999999999
130,53,10.079999999999993
130,55,2.12
130,59,5.7700000000000005
130,62,4.069999999999999
130,40,16.479999999999993
130,12,4.6899999999999995
130,89,280.7100000000005
130,88,177.25000000000014
130,92,39.63999999999995
130,93,24.340000000000014
130,16,27.919999999999998
130,39,17.420000000000005
130,95,60.41999999999996
130,43,62.21999999999998
130,97,19.020000000000003
130,98,8.340000000000005
130,37,21.019999999999985
130,102,6.0500000000000025
130,22,14.629999999999999
130,90,254.75000000000006
130,129,184.60000000000005
130,132,49.499999999999986
130,133,23.020000000000007
130,32,20.900000000000002
130,131,547.88
130,96,112.60000000000005
130,137,11.989999999999991
130,87,847.4000000000009
130,140,43.859999999999985
130,143,505.57000000000045
130,142,445.1900000000001
130,27,160.76000000000002
130,126,10.569999999999995
130,44,22.680000000000014
130,45,11.809999999999997
130,46,59.149999999999956
130,52,17.729999999999997
130,54,4.69
130,75,9.949999999999994
130,14,32.7
130,91,68.58000000000006
130,15,18.79
130,17,14.07
130,19,6.9
130,70,15.119999999999989
130,104,11.239999999999995
130,94,18.350000000000005
130,134,13.779999999999992
130,31,22.120000000000008
130,135,9.05
130,103,15.559999999999993
130,24,2.23
130,141,6.240000000000001
130,151,6.92
130,105,2.6
130,28,3.63
130,146,0.44999999999999996
130,29,14.26
130,121,2.0200000000000005
130,125,2.14
129,1,1.6099999999999999
129,136,0.2
129,93,2.0
131,33,154.54000000000013
131,38,87.12000000000003
131,41,83.32000000000008
131,71,9.529999999999992
131,89,560.1800000000006
131,15,27.96
131,91,160.8100000000001
131,39,48.879999999999995
131,43,124.56000000000003
131,70,34.08999999999998
131,101,8.809999999999997
131,22,21.30999999999999
131,67,2.66
131,129,693.9500000000003
131,130,190.5500000000001
131,32,132.37000000000003
131,31,235.23000000000016
131,96,1016.5000000000013
131,132,798.5
131,90,1245.1199999999988
131,142,169.91000000000017
131,143,154.0600000000001
131,27,306.33000000000004
131,133,294.40000000000026
131,134,168.2199999999998
131,150,2.5200000000000005
131,139,7.709999999999998
131,35,209.0300000000001
131,44,27.000000000000007
131,48,27.140000000000004
131,88,92.51
131,95,105.00000000000003
131,102,14.479999999999995
131,34,260.46000000000015
131,87,124.80000000000003
131,137,80.42000000000006
131,138,52.1
131,151,45.46999999999999
131,114,5.759999999999998
131,29,29.529999999999998
131,30,20.619999999999997
131,126,25.92000000000003
129,4,2.0
129,141,0.28
129,119,0.1
129,101,3.0
130,49,3.999999999999999
129,5,2.0
129,24,2.0
131,45,30.970000000000002
131,9,4.7299999999999995
131,46,112.67000000000002
131,97,33.62999999999999
131,135,100.46000000000005
131,28,13.419999999999991
131,140,28.13000000000002
131,4,4.23
131,17,25.24
131,37,50.93999999999995
131,103,75.1000000000001
131,141,5.63
131,105,7.419999999999996
131,107,8.229999999999997
131,124,4.160000000000001
131,14,56.51
131,36,57.69999999999997
131,2,10.0
131,47,42.69999999999997
131,75,7.720000000000001
131,13,7.23
131,76,6.45
131,94,6.460000000000001
131,16,33.519999999999996
131,146,1.7100000000000004
131,42,17.690000000000005
131,3,6.46
131,49,13.159999999999998
131,51,2.11
131,53,21.210000000000004
131,10,2.0
131,52,18.850000000000012
131,54,4.340000000000001
131,40,23.17000000000001
131,93,23.470000000000006
131,92,25.11000000000001
131,98,22.100000000000005
131,104,36.94999999999996
131,144,8.079999999999998
131,113,2.710000000000001
131,116,4.800000000000001
131,125,4.3999999999999995
131,8,4.0
132,33,109.44000000000005
132,36,36.99999999999998
132,47,23.179999999999996
132,52,33.580000000000005
132,89,266.57000000000005
132,43,59.739999999999995
132,46,56.17999999999998
132,22,10.98
132,131,1022.3799999999999
132,133,277.84000000000003
132,134,186.6999999999999
132,129,60.57999999999999
132,31,119.58999999999999
132,96,284.07999999999987
132,90,324.24
132,135,80.51999999999998
132,34,232.80999999999997
132,92,13.109999999999992
132,142,59.4
132,143,43.990000000000016
132,27,34.14
132,130,30.800000000000004
132,137,131.22000000000003
132,138,79.34999999999997
132,151,81.44999999999997
132,105,16.219999999999995
132,28,20.919999999999998
132,107,11.81
132,150,5.180000000000001
132,144,17.61999999999999
132,147,0.78
132,29,31.73
132,30,14.639999999999999
132,136,5.959999999999999
132,126,18.659999999999993
132,124,6.610000000000001
132,139,4.07
132,140,12.05
132,141,1.3599999999999999
132,35,109.27000000000001
132,39,20.680000000000003
132,87,60.789999999999964
132,38,54.22999999999996
132,13,6.84
132,53,9.529999999999996
132,88,32.58
132,91,74.38999999999997
132,16,17.880000000000003
132,95,47.90999999999999
132,94,8.500000000000002
132,103,138.4
132,114,7.62
132,123,0.48
132,68,3.4800000000000004
131,69,12.639999999999992
131,106,3.640000000000001
132,101,15.259999999999993
132,98,37.36
132,104,71.30999999999997
132,24,6.49
133,32,160.98000000000008
133,33,183.03000000000017
133,35,167.39000000000004
133,34,309.9800000000004
133,36,64.48999999999997
133,2,7.06
133,38,53.65999999999997
133,41,57.83999999999995
133,43,54.33999999999996
133,46,39.33999999999998
133,48,14.169999999999995
133,54,6.45
133,51,2.11
133,12,5.5600000000000005
133,40,17.040000000000006
133,90,178.37000000000015
133,89,141.45000000000013
133,14,15.79
133,88,18.630000000000013
133,15,5.46
133,16,18.14
133,95,38.01999999999997
133,96,165.8400000000001
133,39,23.230000000000004
133,98,29.340000000000018
133,37,54.309999999999896
133,102,23.110000000000017
133,22,9.270000000000001
133,129,33.300000000000004
133,130,14.54
133,131,651.3600000000005
133,132,329.41999999999996
133,134,555.4200000000002
133,31,102.25000000000001
133,135,133.13000000000017
133,138,45.84999999999994
133,137,95.14000000000019
133,103,122.06000000000019
133,142,26.76000000000001
133,87,28.86000000000001
133,151,54.809999999999846
133,143,18.39000000000001
133,27,17.600000000000005
133,105,5.510000000000001
133,28,3.5100000000000002
133,29,4.55
133,30,2.8800000000000003
133,136,0.6500000000000001
133,104,36.189999999999955
133,114,0.9300000000000002
133,116,0.9
133,126,2.8400000000000007
133,140,6.5600000000000005
133,42,9.479999999999997
133,52,11.079999999999986
133,69,10.979999999999993
133,91,29.76000000000001
133,70,38.629999999999946
133,73,9.239999999999998
133,107,1.69
133,144,1.7000000000000002
133,121,0.93
133,124,0.71
133,139,0.45
133,44,27.07000000000001
133,53,6.91
133,71,17.480000000000008
133,45,8.599999999999996
133,47,20.090000000000014
133,60,2.2199999999999998
133,92,12.939999999999994
133,17,4.35
133,19,7.29
133,101,5.380000000000001
133,24,7.289999999999999
133,25,0.73
133,106,2.05
133,150,2.9200000000000004
133,113,1.2799999999999998
133,119,0.12000000000000001
133,125,0.55
133,141,0.29000000000000004
134,34,448.050000000001
134,35,157.1400000000002
134,75,9.649999999999991
134,91,21.34000000000001
134,39,32.62
134,104,78.80999999999997
134,22,8.929999999999998
134,133,330.1200000000003
134,32,99.32000000000002
134,131,284.77000000000027
134,137,300.8200000000001
134,135,376.5700000000009
134,130,7.240000000000001
134,132,129.32000000000008
134,138,167.66000000000028
134,33,215.28000000000037
134,37,99.0900000000003
134,36,77.23000000000012
134,38,72.22000000000008
134,41,61.73999999999986
134,44,13.619999999999983
134,48,22.17000000000001
134,69,21.390000000000015
134,89,97.32000000000026
134,95,25.740000000000006
134,43,20.63000000000001
134,90,99.59000000000019
134,103,221.7700000000003
134,151,173.83000000000067
134,105,17.03999999999999
134,27,10.87
134,88,22.28000000000001
134,21,5.23
134,102,39.65999999999995
134,126,2.9300000000000006
134,98,29.23000000000002
134,96,89.85000000000015
134,24,28.759999999999998
134,142,20.730000000000004
134,143,10.099999999999998
134,139,0.7300000000000001
135,35,513.1500000000001
135,38,185.27000000000004
135,49,9.0
135,39,70.83
135,70,160.27
135,98,117.44
135,102,152.44
135,22,32.67000000000001
135,133,160.13999999999996
135,132,133.99999999999997
135,134,421.41999999999996
135,131,383.6500000000001
135,96,106.05
135,103,1519.7299999999993
135,34,2848.8999999999996
135,137,2161.4499999999966
135,143,16.039999999999992
135,27,14.379999999999995
135,138,348.86000000000007
135,151,378.3200000000002
135,106,14.619999999999994
135,140,2.380000000000001
134,47,15.469999999999986
134,12,10.7
134,71,17.6
134,14,14.0
134,70,23.970000000000027
134,129,16.229999999999997
134,31,50.52999999999993
133,1,5.5600000000000005
133,3,2.68
133,4,4.3500000000000005
133,7,4.340000000000001
133,26,5.34
133,8,4.12
133,115,0.15000000000000002
133,68,0.17
132,37,80.20999999999998
132,45,8.32
132,14,13.55
132,93,9.51
132,70,49.760000000000005
132,73,5.400000000000001
132,59,9.819999999999999
132,97,15.229999999999993
132,122,4.39
132,125,3.0800000000000005
132,32,118.97000000000001
132,2,6.17
132,41,61.260000000000005
132,3,8.25
132,44,20.770000000000003
132,49,7.070000000000002
132,8,2.35
132,48,14.929999999999989
132,56,5.990000000000002
132,61,6.110000000000002
132,40,21.230000000000008
132,12,6.44
132,71,19.26000000000001
132,17,11.61
132,50,8.160000000000004
132,19,7.26
132,20,5.140000000000001
132,100,6.610000000000002
132,26,9.5
132,106,13.659999999999997
132,146,2.3
132,115,3.5300000000000007
132,121,14.260000000000003
133,50,2.31
133,97,8.090000000000002
133,93,5.490000000000001
133,18,6.23
133,100,2.45
133,62,2.6499999999999995
133,149,0.19999999999999998
134,40,25.270000000000024
134,25,3.5700000000000003
134,26,25.39
134,28,6.180000000000001
134,107,3.15
134,144,2.1300000000000003
134,29,6.9799999999999995
134,113,0.9800000000000001
134,116,0.44999999999999996
134,30,3.4099999999999997
134,124,0.6
135,33,543.6400000000003
135,32,99.44
135,41,275.61
135,44,92.83
135,12,41.0
135,40,87.22
135,89,149.22
135,91,50.61
135,21,35.61
135,37,385.27000000000004
135,104,326.6600000000001
135,129,42.61
135,24,169.20000000000002
135,142,11.999999999999996
135,130,19.1
135,28,6.660000000000001
134,45,10.349999999999998
134,8,2.0
134,19,4.93
134,20,5.110000000000001
134,87,25.71000000000002
134,140,3.7700000000000005
134,3,7.900000000000001
134,78,3.24
134,16,6.91
134,17,6.330000000000001
134,46,16.43999999999999
134,49,1.58
134,106,5.550000000000001
134,150,1.57
134,7,4.11
134,101,14.779999999999989
135,1,49.44
135,46,88.83
135,47,51.61
135,48,36.22
135,50,10.0
135,58,10.0
135,60,2.0
135,75,36.0
135,69,59.0
135,19,45.61
135,90,121.66
135,105,31.770000000000003
135,29,2.820000000000001
135,116,0.7
135,126,2.6300000000000012
135,124,0.86
134,2,7.99
134,9,1.21
134,76,2.12
134,114,1.6700000000000002
134,136,0.9500000000000001
134,5,2.3600000000000003
134,92,5.350000000000001
134,18,7.900000000000001
134,147,0.23000000000000004
134,119,0.16
133,5,2.23
133,6,2.23
133,55,3.3600000000000003
133,75,3.3700000000000006
133,13,7.34
133,77,1.2400000000000002
134,1,3.35
134,4,4.36
134,6,2.5700000000000003
134,52,6.9700000000000015
134,51,2.12
134,58,2.21
134,13,4.470000000000001
134,77,2.35
134,15,2.3600000000000003
134,149,0.16
134,146,0.32999999999999996
134,121,1.13
134,141,0.35
133,49,1.7600000000000005
132,11,4.59
132,42,6.460000000000001
32,50,2.0
32,9,4.0
31,1,11.0
31,11,6.0
31,129,31.22
31,26,4.0
31,57,4.0
31,72,10.0
31,83,7.0
31,24,6.0
31,139,0.48
31,128,6.0
96,81,2.61
96,99,2.0
96,102,45.61
132,69,18.059999999999995
132,15,16.23
132,74,2.4300000000000006
132,102,41.92999999999997
132,5,4.16
132,51,3.5499999999999994
132,72,5.580000000000002
132,113,7.210000000000001
132,116,3.8300000000000005
132,119,0.67
131,6,2.84
131,79,2.12
131,18,5.11
131,26,5.77
131,147,0.7200000000000001
131,115,0.9400000000000001
131,122,1.1500000000000001
131,121,3.1000000000000005
131,136,4.74
131,11,5.12
131,12,6.5600000000000005
131,72,4.57
131,50,6.660000000000001
131,25,4.12
131,68,2.0900000000000003
131,119,1.18
131,123,2.2
131,24,4.44
131,20,2.12
131,145,0.2
131,57,7.580000000000001
131,77,4.12
131,148,2.0
131,5,6.12
131,100,4.12
131,21,2.56
131,73,1.2400000000000002
131,19,1.24
131,59,11.54
131,149,0.12000000000000001
131,7,4.12
131,60,4.0
131,86,2.33
131,58,2.3299999999999996
131,62,2.7499999999999996
90,1,26.0
90,6,28.0
90,117,3.0
96,5,16.0
96,113,1.0899999999999999
96,119,0.78
96,67,6.609999999999999
96,150,3.0900000000000003
96,122,2.47
96,111,2.0
96,118,2.61
96,24,22.0
96,25,1.0
96,26,3.0
31,6,6.0
31,114,0.2
31,125,0.11
31,146,0.2
31,116,2.4600000000000004
31,136,0.46
31,113,0.2
31,124,0.2
31,141,0.28
96,112,2.0
96,127,3.0
96,147,0.2
96,115,0.66
96,86,7.0
96,66,2.0
90,76,25.61
90,21,1.0
90,102,9.0
90,63,8.61
90,123,2.3000000000000003
90,66,4.0
96,56,9.61
31,79,2.0
31,147,0.1
31,81,3.0
31,118,2.0
31,63,0.61
31,9,2.0
96,149,0.1
96,123,0.18
96,83,2.0
96,64,2.0
90,74,6.0
90,127,0.61
90,79,2.0
90,78,4.0
90,25,4.0
90,65,2.0
90,109,2.0
90,20,4.0
90,111,2.0
90,145,0.1
87,73,2.0
87,66,2.0
87,127,8.0
87,113,0.5
87,85,4.0
87,121,0.30000000000000004
87,64,0.61
87,24,2.0
87,147,0.1
87,25,2.0
87,115,0.83
87,122,0.46
65,80,6.0
65,39,4.0
65,105,0.38
65,149,0.1
65,130,0.1
65,137,0.1
65,150,0.2
65,84,2.0
65,33,2.0
65,2,4.0
121,14,2.24
121,42,8.969999999999997
121,76,27.710000000000004
121,101,3.060000000000001
121,98,16.239999999999984
121,79,8.299999999999999
121,81,30.340000000000014
121,17,10.35
121,150,2.9599999999999995
121,40,11.759999999999991
121,92,10.949999999999998
121,35,4.570000000000001
121,2,2.12
121,6,11.58
121,73,4.500000000000001
121,133,0.8500000000000001
121,33,5.410000000000001
121,4,5.91
121,7,10.29
121,141,1.0
121,130,1.9300000000000004
121,131,3.5700000000000007
121,5,5.68
121,108,13.32999999999999
121,106,3.6
121,137,1.12
121,74,6.3
121,102,7.900000000000004
121,90,5.300000000000002
121,34,6.2600000000000025
121,9,6.68
121,19,2.47
121,83,11.519999999999992
136,41,21.229999999999997
136,45,17.20000000000001
136,44,31.48000000000005
136,49,24.770000000000028
136,47,88.33000000000034
136,9,2.81
136,52,122.71000000000043
136,53,45.939999999999905
136,51,11.459999999999988
136,59,58.9199999999999
136,61,152.43000000000023
136,58,64.06999999999994
136,57,149.0300000000003
136,11,144.86
136,62,142.34000000000037
136,64,375.16000000000014
136,65,514.2200000000005
136,75,26.79000000000004
136,13,24.33
136,81,14.649999999999984
136,77,37.139999999999944
136,78,25.470000000000027
136,22,134.99999999999997
136,117,28.33000000000002
136,56,35.01999999999998
136,110,25.240000000000034
136,122,540.4900000000019
136,63,141.31000000000034
136,67,116.33000000000021
136,128,56.05999999999984
136,94,51.729999999999855
136,121,5339.769999999964
136,68,910.1000000000025
136,125,30.95000000000002
136,127,733.9300000000013
136,116,131.4500000000001
136,142,10.26
136,143,4.799999999999997
136,27,11.759999999999996
136,131,5.560000000000002
136,132,5.8400000000000025
136,151,4.989999999999999
136,28,7.57
136,144,13.759999999999987
136,114,7.589999999999998
136,29,26.28000000000001
136,113,16.009999999999977
136,115,39.85999999999994
136,119,14.309999999999995
136,123,43.329999999999956
136,30,358.86
136,126,256.93000000000046
136,124,75.92
136,139,23.340000000000007
136,140,33.49000000000001
136,54,74.92000000000007
136,43,25.160000000000036
136,111,27.79000000000003
136,106,2.2399999999999998
136,107,2.7199999999999975
136,150,2.469999999999999
136,146,1.8500000000000005
136,147,0.93
136,138,2.7199999999999998
136,48,31.550000000000043
136,60,58.539999999999964
136,46,82.5300000000002
121,16,1.44
121,109,3.3500000000000005
121,80,2.0200000000000005
121,145,0.78
121,84,2.66
121,149,0.53
136,86,43.669999999999895
136,66,32.31
136,133,0.6900000000000001
136,134,0.9700000000000001
136,145,0.51
136,91,10.929999999999996
136,97,27.14000000000003
136,93,23.920000000000023
136,118,38.84999999999992
136,120,9.379999999999995
136,7,6.800000000000001
136,5,5.590000000000002
136,50,33.25000000000002
136,10,10.239999999999998
136,12,4.500000000000001
136,72,17.600000000000005
136,85,9.349999999999998
136,14,3.6900000000000004
136,88,7.290000000000002
136,23,10.45
136,92,19.740000000000006
68,38,3.5700000000000007
68,41,15.749999999999977
68,44,14.069999999999986
68,46,39.84999999999993
68,49,17.560000000000006
68,9,2.24
68,53,14.349999999999993
68,52,66.41999999999996
68,60,76.78
68,11,48.85
68,64,120.34000000000003
68,65,423.3900000000002
68,69,16.88
68,71,7.830000000000003
68,76,4.420000000000001
68,94,67.17
68,43,23.64000000000002
68,97,37.859999999999964
68,50,43.649999999999935
68,111,9.939999999999996
68,62,71.21000000000002
68,56,14.989999999999995
68,86,10.559999999999993
68,122,166.54000000000033
68,63,45.129999999999974
68,121,1072.789999999996
68,136,990.7500000000031
68,92,26.160000000000025
68,93,40.269999999999925
68,116,13.03999999999999
68,27,12.540000000000001
68,138,1.07
68,105,2.3
68,144,9.620000000000001
68,29,14.950000000000001
68,113,3.26
68,119,6.939999999999998
68,123,8.739999999999998
68,124,195.02
68,140,42.51999999999996
65,99,1.0
65,16,1.6099999999999999
65,5,2.0
68,42,6.48
68,118,23.380000000000006
68,55,12.329999999999995
68,13,6.93
68,88,16.34
68,78,8.05
68,7,6.24
68,8,6.24
68,10,6.5600000000000005
68,47,22.16000000000003
68,51,7.470000000000001
68,75,13.239999999999988
68,91,17.99000000000001
68,15,4.8500000000000005
68,110,4.87
68,117,11.179999999999998
68,23,2.85
68,142,14.469999999999995
68,114,2.0999999999999996
68,125,57.819999999999936
68,4,3.35
68,72,4.930000000000001
68,79,4.48
68,19,2.46
68,143,6.069999999999999
68,28,7.14
68,150,0.5700000000000001
68,139,31.89000000000003
68,45,8.719999999999995
68,141,1.7200000000000002
136,89,17.21999999999998
136,71,19.07999999999999
136,8,15.049999999999999
136,69,21.620000000000022
68,34,4.240000000000002
68,81,6.730000000000001
68,89,16.88999999999999
136,130,1.29
136,149,0.65
136,38,4.910000000000002
136,55,10.309999999999992
136,40,6.440000000000003
136,79,4.140000000000001
136,105,2.669999999999999
136,3,5.499999999999999
136,76,6.530000000000001
136,70,15.28999999999998
136,39,2.6900000000000004
136,17,2.9000000000000004
136,108,11.539999999999994
136,42,5.320000000000001
136,112,8.519999999999998
121,3,4.91
121,99,2.45
122,31,2.0
122,7,2.84
122,18,2.12
135,31,74.05
135,36,320.9300000000001
135,2,45.0
135,87,28.83
135,14,19.0
135,88,26.61
135,95,61.22
135,42,32.61
135,43,71.22
135,26,54.22
135,113,0.5
135,30,1.6400000000000003
135,3,26.83
135,6,8.0
135,54,4.0
135,11,5.0
135,72,9.0
135,92,10.0
135,15,11.0
135,16,5.0
135,18,33.61
135,74,2.0
135,101,44.61
135,107,4.799999999999998
135,150,5.540000000000001
135,139,0.6399999999999999
135,71,53.83
135,97,20.0
135,56,2.0
135,62,9.0
135,73,25.0
135,144,1.34
135,114,0.96
135,125,0.39
135,7,8.0
135,17,24.0
135,68,0.2
135,5,6.0
135,45,23.61
135,59,4.0
135,77,5.0
135,100,13.61
137,33,483.0500000000002
137,35,784.4900000000007
137,34,2017.5199999999916
137,36,463.76000000000016
137,37,594.2800000000011
137,1,33.68
137,38,237.28000000000011
137,2,44.73
137,41,472.3200000000002
137,43,108.14000000000001
137,42,53.239999999999995
137,44,96.07000000000004
137,6,13.959999999999999
137,8,9.0
137,47,53.53999999999997
137,52,48.809999999999974
137,60,2.12
137,12,36.68
137,69,99.71000000000005
137,40,101.53000000000004
137,71,67.58000000000007
137,75,41.56999999999998
137,89,148.65000000000015
137,88,10.6
137,16,18.240000000000002
137,95,54.30999999999999
137,39,74.27
137,46,89.45000000000003
137,97,17.360000000000003
137,18,21.560000000000002
137,70,259.8700000000001
137,98,177.38000000000017
137,101,94.19000000000004
137,102,259.58000000000027
137,104,644.1300000000012
137,22,42.32999999999999
137,134,215.03000000000006
137,32,90.42000000000002
137,131,262.99
137,96,92.87000000000005
137,31,47.039999999999985
137,90,83.67000000000006
137,135,1212.699999999996
137,138,2861.3899999999903
137,103,3514.6999999999925
137,24,106.13
137,130,22.33000000000002
137,87,24.000000000000004
137,99,7.0
137,151,1388.01999999999
137,26,154.10000000000002
137,143,18.78000000000001
137,27,31.590000000000003
137,132,127.85000000000005
137,133,88.91000000000007
137,105,93.56000000000004
137,28,47.44999999999999
137,107,19.549999999999994
137,150,7.529999999999999
137,114,1.7000000000000002
137,29,14.019999999999994
137,126,7.819999999999995
137,53,31.06
137,91,77.14000000000001
137,20,34.89
137,142,13.819999999999986
137,106,33.85000000000003
137,144,7.479999999999998
137,30,7.939999999999998
137,19,57.58
137,116,2.230000000000001
137,13,28.06
137,21,58.96
137,56,2.33
137,129,24.82
137,119,0.46
137,48,32.09
137,50,2.24
137,100,35.53999999999999
137,3,35.47
137,79,6.36
137,17,33.839999999999996
137,121,1.02
137,140,6.73
137,45,29.82
137,14,18.45
137,25,31.61
137,5,14.239999999999998
137,76,9.12
137,92,6.87
137,73,17.360000000000003
137,4,13.35
137,49,15.33
137,10,2.0
137,11,5.33
137,117,2.0
137,57,7.48
137,113,1.1
137,124,1.1300000000000001
137,139,0.86
137,72,19.240000000000002
137,148,2.33
137,59,6.24
137,94,3.12
137,9,7.0
137,77,4.0
137,146,0.76
137,136,0.6500000000000001
137,149,0.37
137,125,0.41000000000000003
137,115,0.22
137,15,10.82
137,147,0.5800000000000001
137,68,0.12000000000000001
137,93,4.54
137,7,5.24
138,31,30.390000000000022
138,33,347.41000000000014
138,35,681.2300000000006
138,34,1454.8999999999942
138,36,401.34000000000026
138,38,183.82000000000008
138,43,78.31000000000007
138,41,371.88000000000056
138,3,25.509999999999998
138,44,91.6000000000001
138,52,52.87999999999991
138,40,135.6900000000002
138,69,102.49000000000012
138,71,94.06000000000017
138,87,9.229999999999999
138,91,52.289999999999935
138,89,101.1900000000001
138,95,56.389999999999944
138,70,282.37000000000046
138,73,23.640000000000008
138,101,122.21000000000018
138,102,458.5200000000007
138,21,69.12
138,37,697.4500000000011
138,98,234.41000000000045
138,103,1651.259999999994
138,104,1483.4599999999916
138,22,61.59999999999998
138,133,68.35000000000007
138,132,79.89000000000001
138,137,3326.2799999999884
138,151,9245.69000000008
138,26,1118.73
138,143,9.839999999999998
138,27,33.10999999999999
138,131,147.18000000000015
138,134,126.10000000000008
138,105,545.5300000000007
138,28,170.20999999999995
138,106,143.26000000000028
138,107,62.779999999999966
138,144,20.790000000000003
138,146,3.1899999999999995
138,29,25.51
138,30,13.829999999999997
138,136,2.599999999999999
138,126,13.349999999999993
138,32,42.85999999999996
138,1,30.830000000000002
138,42,31.430000000000007
138,46,92.51000000000012
138,45,37.579999999999984
138,47,43.92999999999991
138,12,42.529999999999994
138,72,11.869999999999985
138,13,26.470000000000002
138,15,13.799999999999999
138,100,40.65999999999994
138,135,258.02000000000027
138,150,33.13000000000001
138,114,4.510000000000001
138,140,3.7399999999999998
138,2,22.91
138,4,17.05
138,5,17.959999999999997
138,6,16.46
138,49,13.379999999999995
138,48,35.28999999999997
138,88,7.060000000000001
138,16,13.52
138,39,57.28999999999997
138,18,29.380000000000003
138,19,43.489999999999995
138,74,3.3500000000000005
138,96,52.339999999999904
138,90,53.169999999999895
138,24,67.11000000000001
138,142,14.699999999999989
138,130,4.890000000000001
138,116,4.11
138,122,1.5100000000000002
138,68,1.11
138,124,3.08
138,125,1.43
138,139,0.6200000000000001
138,53,18.3
138,75,32.06000000000001
138,92,9.259999999999996
138,97,9.919999999999996
138,50,7.520000000000001
138,20,40.22
138,25,27.46
138,77,7.800000000000001
138,79,7.050000000000001
138,113,3.04
138,7,6.670000000000001
138,14,5.7700000000000005
138,17,9.79
138,129,17.009999999999998
138,123,0.24000000000000002
138,10,4.670000000000001
138,81,8.91
138,141,0.43
138,11,3.35
138,56,3.860000000000001
138,99,8.08
138,121,5.000000000000002
138,51,1.48
138,59,6.060000000000001
138,54,2.930000000000001
138,58,9.509999999999998
138,57,4.780000000000001
103,10,5.0
103,54,19.0
103,16,11.61
103,56,8.0
137,78,2.12
137,86,4.36
103,57,17.0
137,122,0.29
137,23,1.0
137,74,4.21
135,13,15.61
135,25,39.05
135,149,0.28
135,136,0.2
135,20,21.0
135,52,44.61
135,76,6.0
135,57,2.61
135,53,6.0
135,51,2.61
135,78,2.0
135,121,0.45999999999999996
135,86,2.0
135,141,0.1
135,119,0.2
135,4,3.0
135,8,4.0
135,55,3.0
135,79,2.0
135,81,2.0
135,94,1.0
34,67,4.609999999999999
135,9,4.0
135,63,2.0
135,145,2.0
135,123,0.1
137,141,0.18
103,88,18.61
103,92,10.0
103,94,1.0
103,23,2.0
103,87,10.0
103,51,5.0
103,118,2.0
34,111,4.0
34,65,1.0
34,63,2.0
24,32,15.829999999999998
24,33,100.83
24,35,99.61
24,34,775.48
24,36,148.15
24,37,176.05
24,1,17.61
24,38,25.0
24,2,4.0
24,41,50.83
24,43,7.609999999999999
24,42,7.0
24,44,15.0
24,3,4.61
24,4,4.0
24,5,2.0
24,45,8.0
24,46,13.0
24,6,2.0
24,47,10.61
24,52,19.0
24,8,4.0
24,48,5.0
24,53,3.0
24,55,2.0
24,54,1.6099999999999999
24,12,1.0
24,40,6.0
24,69,11.0
24,70,41.61
24,71,15.0
24,73,5.609999999999999
24,75,6.0
24,13,3.0
24,76,2.0
24,72,1.0
24,79,2.0
24,89,8.0
24,14,4.0
24,88,3.0
24,91,14.0
24,16,2.0
24,95,6.609999999999999
24,39,10.0
24,97,6.0
24,18,10.0
24,19,2.0
24,98,26.0
24,100,4.0
24,101,13.61
24,20,2.0
24,102,30.61
24,21,17.61
24,103,1009.8400000000003
24,104,57.61
24,83,2.0
24,22,6.02
24,86,2.0
24,133,4.58
24,134,8.450000000000001
24,131,10.38
24,31,10.0
24,90,9.0
24,96,8.0
24,135,38.05
24,137,45.13
24,138,38.57000000000001
24,25,59.2
24,130,2.2
24,87,2.0
24,99,0.61
24,148,3.0
24,151,26.80000000000001
24,26,2.0
24,142,0.4
24,143,0.30000000000000004
24,27,1.82
24,132,3.85
24,105,1.72
24,28,3.37
24,106,0.30000000000000004
24,107,0.58
24,150,0.3
24,145,0.1
24,144,0.3
24,114,0.1
24,29,1.08
24,113,0.2
24,116,0.1
24,122,0.1
24,30,0.68
24,136,0.28
24,68,0.1
24,126,0.88
24,124,0.1
24,125,0.1
24,140,0.1
25,32,4.61
25,33,43.61
25,34,346.81
25,35,79.61
25,36,155.37
25,37,215.5900000000001
25,1,23.61
25,38,26.22
25,2,15.61
25,41,46.22
25,43,7.609999999999999
25,42,4.609999999999999
25,46,11.0
25,44,16.0
25,3,6.0
25,4,2.0
25,5,4.0
25,45,4.0
25,47,10.0
25,49,3.0
25,48,2.0
25,53,4.0
25,52,4.22
25,54,2.0
25,57,2.0
25,11,2.0
25,40,23.0
25,12,2.0
25,69,22.0
25,70,59.83
25,71,25.0
25,72,13.0
25,75,7.0
25,13,8.0
25,78,2.61
25,74,2.0
25,89,6.0
25,91,2.0
25,95,12.61
25,39,6.0
25,97,2.0
25,18,5.0
25,19,10.0
25,98,44.61
25,73,11.0
25,99,6.0
25,100,10.0
25,101,19.61
25,20,4.0
25,102,54.61
25,21,22.0
25,103,1011.9700000000003
25,104,178.10000000000008
25,105,9.51
25,107,2.66
25,22,5.16
25,56,2.0
25,129,2.0
25,133,2.1
25,134,2.4800000000000004
25,132,4.96
25,31,4.0
25,131,6.71
25,90,5.0
25,135,16.22
25,137,36.14
25,138,12.139999999999999
25,24,61.76
25,87,2.0
25,106,4.3999999999999995
25,151,30.720000000000006
25,26,6.0
25,142,0.1
25,143,0.1
25,27,0.48
25,28,2.65
25,150,0.2
25,144,0.1
25,146,0.1
25,114,0.1
25,29,0.48
25,116,0.1
25,30,0.2
25,126,0.28
25,124,0.18
25,125,0.1
34,108,2.0
103,110,4.609999999999999
103,63,1.0
139,54,17.62000000000001
139,62,39.859999999999964
139,89,428.38000000000034
139,88,281.5500000000002
139,93,1177.2899999999963
139,92,781.6000000000008
139,39,33.17999999999999
139,97,234.91000000000017
139,22,44.92000000000001
139,128,310.0800000000003
139,65,20.640000000000015
139,140,1421.6999999999982
139,125,933.2000000000012
139,142,109.13000000000004
139,126,469.9300000000006
139,124,453.5500000000004
139,127,320.8300000000001
139,121,26.70000000000001
139,41,101.6200000000001
139,46,275.6100000000002
139,45,28.910000000000004
139,49,77.95000000000006
139,47,110.84000000000012
139,48,36.45999999999996
139,53,55.25999999999996
139,52,123.64000000000017
139,55,11.689999999999998
139,59,132.42
139,60,70.28000000000003
139,61,40.70999999999998
139,11,33.449999999999996
139,64,38.12999999999997
139,66,12.870000000000001
139,71,22.310000000000024
139,72,12.499999999999995
139,77,10.139999999999997
139,90,66.6
139,14,34.9
139,91,303.69000000000017
139,15,36.41
139,95,44.56999999999997
139,43,181.20000000000016
139,42,25.480000000000004
139,50,122.26000000000008
139,122,11.809999999999997
139,67,329.1800000000002
139,94,352.93000000000023
139,96,21.420000000000012
139,136,28.07000000000002
139,141,63.22999999999998
139,87,87.84000000000009
139,68,128.67000000000002
139,143,17.630000000000003
139,27,10.28
139,132,3.980000000000001
139,146,0.61
139,29,5.0200000000000005
139,30,4.430000000000001
139,5,6.47
139,16,35.74999999999999
139,35,47.029999999999966
139,69,26.18000000000002
139,78,7.380000000000001
139,63,14.77
139,130,19.61000000000001
139,105,2.21
139,114,1.4200000000000002
139,7,6.959999999999999
139,17,20.44
139,98,14.05999999999999
139,57,31.21000000000001
139,56,10.079999999999993
139,144,8.17
139,3,13.58
139,34,13.51999999999999
140,35,47.80999999999992
140,46,295.1000000000003
140,6,6.57
140,62,21.880000000000024
140,69,35.539999999999985
140,89,590.6200000000023
140,88,859.0700000000014
140,87,215.74000000000046
140,93,936.2200000000013
140,94,272.89000000000044
140,91,377.9300000000004
140,95,62.04999999999991
140,22,47.11000000000001
140,122,11.95
140,67,197.83000000000024
140,90,142.9800000000003
140,139,1136.1899999999996
140,125,265.4000000000001
140,142,274.19000000000034
140,92,1680.9099999999937
140,124,225.1
140,68,66.70999999999995
140,127,205.6700000000005
140,126,310.3399999999997
140,44,55.33999999999989
140,45,37.14999999999998
140,49,76.63000000000008
140,51,18.900000000000013
140,53,50.16999999999994
140,52,132.63000000000028
140,54,35.47999999999995
140,11,26.52
140,41,159.19000000000017
140,75,51.869999999999926
140,15,61.46
140,43,212.52000000000007
140,97,261.0900000000004
140,70,43.699999999999946
140,59,126.0900000000001
140,131,49.96999999999995
140,143,65.95999999999995
140,27,45.83
140,136,34.570000000000036
140,141,259.40000000000015
140,5,4.93
140,47,114.5100000000002
140,56,13.359999999999987
140,58,20.36000000000002
140,60,74.04000000000005
140,17,34.709999999999994
140,50,124.25000000000016
140,128,155.3800000000001
140,121,35.510000000000005
140,132,12.25
140,1,4.550000000000001
140,38,42.98999999999994
140,3,11.69
140,48,45.6399999999999
140,64,27.380000000000013
140,61,19.580000000000005
140,40,36.53999999999994
140,12,13.07
140,71,35.96999999999997
140,14,43.42999999999999
140,16,51.58
140,39,28.82000000000001
140,42,16.109999999999992
140,36,21.000000000000018
140,66,6.66
140,130,33.350000000000016
140,30,7.730000000000001
140,33,10.379999999999997
140,8,6.58
140,9,4.91
140,55,10.139999999999992
140,29,5.020000000000001
139,44,57.35999999999995
139,8,10.05
139,40,28.830000000000016
139,75,29.250000000000014
139,131,26.65000000000002
139,9,5.3500000000000005
139,28,5.75
125,33,5.140000000000001
125,41,50.54999999999995
125,45,20.690000000000005
125,64,40.269999999999975
125,69,33.789999999999985
125,13,17.81
125,16,28.05
125,87,45.989999999999974
125,143,9.469999999999997
125,35,22.64000000000001
125,42,11.479999999999997
125,4,2.46
125,55,8.809999999999997
125,11,25.84
125,70,16.179999999999986
125,71,14.24999999999999
125,79,6.420000000000001
125,14,15.729999999999999
125,15,12.23
125,17,17.35
125,98,10.849999999999998
125,96,16.649999999999995
125,141,23.020000000000007
125,150,0.5800000000000001
125,114,1.1
125,123,2.39
139,38,29.17000000000001
139,58,17.080000000000005
139,76,21.690000000000005
139,134,0.7400000000000001
139,113,1.45
139,116,1.51
139,33,18.360000000000003
139,36,6.040000000000001
139,51,13.559999999999995
139,70,26.330000000000027
139,103,3.850000000000001
140,13,13.07
140,110,7.440000000000002
140,57,22.35000000000002
140,96,46.02999999999991
140,133,4.740000000000001
140,116,4.5200000000000005
140,119,0.56
140,72,4.850000000000001
140,78,8.000000000000002
140,77,10.979999999999992
140,103,12.299999999999988
141,31,3.33
141,44,10.969999999999997
141,54,9.94
141,59,21.300000000000004
141,71,7.660000000000002
141,87,206.98000000000013
141,88,576.2200000000008
141,15,28.73
141,91,98.03000000000002
141,89,232.29000000000013
141,97,66.07000000000001
141,22,11.23
141,128,28.390000000000004
141,142,433.21999999999997
141,140,573.5400000000008
141,139,73.75000000000004
141,143,28.380000000000013
141,130,29.770000000000003
141,68,8.72
141,126,14.389999999999992
141,124,23.759999999999998
141,125,17.050000000000004
141,38,14.94
141,47,33.79999999999999
141,52,22.930000000000007
141,62,8.12
141,60,7.73
141,41,29.059999999999995
141,92,296.1200000000002
141,93,153.9700000000001
141,94,61.80999999999998
141,16,25.23
141,39,12.21
141,43,62.62999999999999
141,46,64.44000000000001
141,36,8.459999999999997
141,50,29.18
141,96,20.900000000000006
141,90,71.37000000000005
141,114,0.21000000000000002
141,30,0.36
141,136,1.1
141,33,6.45
141,35,24.200000000000003
141,4,2.12
141,48,7.090000000000001
141,58,7.7299999999999995
141,40,19.83
141,14,14.269999999999998
141,95,31.69
141,49,21.12
141,37,4.980000000000002
141,86,3.12
141,127,15.44
141,27,4.4
141,131,15.669999999999995
141,132,1.3499999999999999
141,113,0.31
141,116,0.11
141,121,1.1300000000000001
141,51,7.12
141,61,4.21
141,12,6.72
141,76,1.0
141,77,1.12
141,70,14.199999999999996
141,67,29.010000000000005
141,151,0.38
141,29,0.17
142,89,1114.7499999999993
142,95,104.02000000000015
142,22,45.75
142,131,289.1100000000002
142,88,834.4700000000009
142,143,1647.3199999999952
142,140,266.63000000000005
141,42,10.0
141,45,3.85
141,69,14.899999999999997
141,34,6.69
141,28,0.25
141,2,2.0
141,101,4.11
141,3,10.11
141,53,8.12
141,134,0.34
141,119,0.1
141,7,4.0
141,75,6.45
141,98,4.1
141,63,2.12
141,6,2.12
141,10,1.0
141,11,6.33
141,72,2.12
141,13,2.0
141,17,3.12
141,18,2.0
141,56,4.12
141,103,8.78
141,32,2.12
141,64,4.12
141,81,2.24
141,129,2.94
142,35,92.7800000000001
142,38,64.10999999999993
142,41,168.07000000000068
142,3,25.549999999999997
142,44,61.14999999999989
142,46,202.29000000000053
142,8,12.59
142,47,78.79000000000008
142,53,25.35000000000003
142,52,48.479999999999905
142,58,11.069999999999991
142,62,8.610000000000005
142,60,12.579999999999997
142,70,69.48999999999998
142,75,39.63999999999993
142,13,11.719999999999997
142,87,4627.949999999995
142,14,125.98
142,92,197.59000000000006
142,94,44.519999999999904
142,93,104.18000000000012
142,91,257.08000000000027
142,15,42.74
142,16,79.14999999999998
142,39,49.42999999999996
142,42,32.429999999999986
142,43,242.46000000000012
142,97,71.02000000000002
142,50,30.589999999999996
142,37,45.31999999999997
142,57,17.39999999999998
142,110,6.750000000000002
142,128,42.689999999999934
142,96,127.70000000000022
142,90,454.8900000000009
142,141,147.18000000000004
142,139,46.48999999999994
142,130,718.3900000000011
142,68,15.719999999999999
142,27,236.32000000000008
142,134,15.109999999999998
142,138,11.65
142,107,5.339999999999999
142,144,12.079999999999997
142,29,9.78
142,116,2.9400000000000004
142,30,11.040000000000001
142,136,10.260000000000002
142,126,85.77000000000001
142,124,33.940000000000005
142,125,25.080000000000005
88,66,2.0
88,111,1.0
88,80,2.0
88,83,2.0
140,34,32.73000000000002
140,37,37.91999999999999
140,7,8.81
140,65,12.829999999999993
140,18,3.59
140,117,5.050000000000001
140,138,6.01
140,137,7.1000000000000005
140,151,6.480000000000001
140,105,3.860000000000001
140,28,4.9
140,150,1.4100000000000001
140,147,0.30000000000000004
140,114,2.9699999999999993
140,32,5.010000000000001
140,4,9.379999999999999
140,20,3.14
140,134,5.750000000000002
140,74,2.9000000000000004
140,79,5.380000000000001
140,98,17.429999999999996
140,86,14.449999999999989
140,118,6.690000000000001
140,129,5.690000000000002
140,19,5.9399999999999995
140,107,2.7600000000000002
140,144,7.600000000000001
140,146,1.05
140,113,3.4300000000000006
140,106,2.0100000000000002
140,115,2.3000000000000003
140,123,0.58
140,100,3.530000000000001
140,63,4.910000000000001
139,111,13.069999999999993
139,117,6.36
139,147,0.11
140,108,9.250000000000002
140,10,5.03
140,81,7.540000000000004
140,111,6.990000000000003
140,76,7.440000000000001
140,73,5.440000000000001
140,99,1.75
140,149,0.27
140,23,1.56
139,32,6.57
139,81,7.850000000000001
139,85,5.78
139,129,2.5700000000000003
139,138,0.6599999999999999
139,115,0.94
139,31,5.18
139,74,1.4500000000000002
139,13,18.52
139,86,13.619999999999994
139,118,15.259999999999996
139,137,0.9400000000000001
139,2,2.12
139,12,8.58
139,19,2.47
139,18,6.44
139,37,9.610000000000001
139,102,7.530000000000004
139,110,5.0200000000000005
139,107,0.81
139,4,4.680000000000001
139,6,4.47
139,10,6.23
139,83,4.500000000000001
139,133,0.45999999999999996
139,119,0.24
139,123,2.0
139,150,0.4600000000000001
139,80,2.24
139,100,2.7200000000000006
139,106,1.4500000000000002
125,62,36.639999999999965
125,18,2.56
125,36,11.739999999999993
125,37,9.859999999999996
125,110,4.470000000000001
125,32,3.24
125,7,8.35
125,19,4.46
125,131,4.6000000000000005
125,134,0.18000000000000002
125,138,1.4300000000000002
125,28,4.66
125,115,1.12
125,116,1.81
125,151,2.1999999999999993
125,3,8.79
125,5,8.35
125,6,4.35
125,10,10.35
125,12,6.58
125,78,1.8100000000000005
125,111,9.099999999999996
125,147,0.29000000000000004
125,119,0.19
125,38,7.33
125,56,9.979999999999992
125,63,11.469999999999997
125,40,12.09999999999999
125,83,3.920000000000001
125,118,6.48
125,82,2.12
125,39,2.45
125,133,0.5800000000000001
94,80,2.0
94,21,2.0
94,85,2.0
94,108,1.0
93,145,0.18
92,23,2.0
143,41,82.62999999999995
143,45,25.270000000000007
143,87,2006.0599999999934
143,89,633.5200000000002
143,91,178.70000000000027
143,39,21.73000000000002
143,22,28.39
143,129,75.95999999999998
143,131,292.42000000000024
143,96,113.37000000000012
143,34,47.43999999999993
143,88,336.6300000000002
143,130,1200.9299999999992
143,142,2225.739999999988
143,27,475.58
143,132,55.23999999999999
143,139,24.34
143,140,81.05999999999996
130,69,19.120000000000005
130,128,5.870000000000001
130,139,4.950000000000002
130,71,9.899999999999997
130,3,2.9
130,5,2.35
130,67,5.660000000000001
130,30,3.2800000000000002
130,68,0.27
130,4,4.35
130,138,5.210000000000001
130,150,0.5800000000000001
130,144,3.75
130,114,3.17
130,116,0.5700000000000001
130,119,0.14
130,136,1.25
130,124,1.98
130,60,0.83
130,11,1.56
130,13,2.4699999999999998
130,86,2.9000000000000004
130,18,3.17
130,113,1.78
130,9,2.23
130,50,3.079999999999999
130,107,1.1600000000000001
143,51,4.409999999999999
143,14,81.66000000000001
143,46,119.14000000000013
143,37,44.03999999999998
143,128,21.130000000000006
143,94,27.860000000000028
143,90,343.95000000000084
143,133,16.55
143,38,29.550000000000015
143,69,30.160000000000004
143,95,67.15999999999994
143,43,169.4900000000002
143,97,35.799999999999976
143,137,14.619999999999992
143,134,12.809999999999995
143,28,9.34
143,29,30.299999
143,30,9.580000000000002
143,136,4.949999999999999
143,126,45.419999999999995
143,141,28.22000000000001
143,33,41.32999999999992
143,2,4.82
143,3,13.409999999999998
143,48,18.69
143,52,39.25999999999997
143,40,22.75999999999997
143,15,23.699999999999996
143,16,34.54
143,67,20.49000000000001
143,124,14.709999999999997
143,8,5.9399999999999995
143,47,44.50999999999992
143,93,54.27999999999987
143,17,12.599999999999998
143,110,4.760000000000002
143,138,10.739999999999998
143,144,11.310000000000002
143,32,20.13
143,42,23.529999999999998
143,59,16.559999999999995
143,92,90.37000000000003
143,35,36.17
143,121,7.9600000000000035
143,135,17.799999999999994
143,151,10.789999999999992
143,57,10.0
143,36,19.459999999999983
143,75,19.639999999999993
143,18,6.94
143,106,3.869999999999999
143,114,7.62
143,125,11.959999999999997
143,107,4.46
143,13,7.090000000000001
143,68,8.33
143,76,3.290000000000001
143,116,2.150000000000001
143,49,14.849999999999985
143,5,8.3
143,44,31.24000000000003
143,70,36.82999999999998
143,50,11.889999999999995
143,150,2.29
143,12,8.330000000000002
142,32,22.02000000000002
142,59,26.330000000000002
142,69,49.009999999999906
142,17,25.200000000000003
142,67,34.77
142,34,69.35999999999989
142,132,63.32999999999999
142,28,7.710000000000001
143,147,0.29
142,33,39.73999999999996
142,31,29.85000000000001
142,45,30.570000000000018
142,36,27.670000000000023
142,4,11.579999999999998
142,5,10.52
142,48,42.819999999999865
142,54,8.7
142,61,4.840000000000001
142,129,61.459999999999965
142,137,14.059999999999995
142,121,9.030000000000003
142,2,5.42
142,7,19.05
142,55,3.620000000000001
142,40,37.36999999999997
142,12,14.719999999999999
142,77,4.330000000000002
142,127,19.95
142,11,11.97
142,133,29.669999999999998
142,135,16.569999999999993
142,78,5.000000000000002
142,114,2.0900000000000007
142,151,11.519999999999996
142,49,20.90999999999999
142,118,5.450000000000002
142,106,4.329999999999999
142,113,4.140000000000001
142,71,36.79999999999996
142,76,4.980000000000001
142,98,39.819999999999965
142,19,9.94
142,72,8.530000000000005
142,105,5.58
142,119,0.5
142,123,0.45000000000000007
142,1,3.9200000000000004
142,115,1.62
142,9,5.4
142,10,5.38
142,24,2.47
142,150,2.6500000000000004
142,18,5.05
142,104,22.95
142,146,0.8900000000000001
142,103,19.8
142,79,5.650000000000003
87,145,0.11
143,105,5.63
143,113,5.83
143,53,7.740000000000003
143,54,5.170000000000001
143,71,20.259999999999977
143,6,4.5
143,58,4.389999999999999
143,103,17.27999999999999
143,10,3.0300000000000002
143,101,10.019999999999998
130,20,2.35
130,57,1.6300000000000003
87,146,0.11
142,147,0.21000000000000002
87,68,1.37
142,6,6.75
142,122,4.58
142,51,4.209999999999998
142,73,5.090000000000001
87,118,1.0
87,99,2.0
87,80,2.0
126,34,37.45999999999997
126,38,17.019999999999985
126,4,9.689999999999998
126,100,10.149999999999997
126,119,1.63
126,123,3.19
126,150,7.030000000000001
126,83,23.180000000000007
126,18,7.42
124,71,13.289999999999988
124,130,1.97
124,106,3.5100000000000002
124,146,1.3299999999999998
124,115,1.8900000000000001
124,32,3.3000000000000003
124,81,5.670000000000001
124,16,6.91
125,103,3.500000000000001
125,146,0.41
124,40,6.4200000000000035
124,42,5.950000000000001
124,108,7.700000000000003
124,134,0.61
124,77,4.180000000000001
124,76,3.410000000000001
124,74,1.9900000000000002
125,23,2.33
124,6,2.93
124,149,0.75
126,73,9.309999999999999
126,134,3.1100000000000003
127,151,0.9999999999999999
127,131,0.2
127,133,0.38
68,90,5.310000000000001
68,132,3.1700000000000004
68,12,1.19
68,3,4.790000000000001
68,70,7.040000000000004
68,146,0.76
68,40,4.310000000000001
68,103,3.5600000000000014
68,80,2.12
127,33,1.0
127,6,6.0
127,7,6.0
127,73,2.0
127,85,4.0
127,103,0.61
127,130,1.63
127,134,0.2
127,146,0.36
127,4,4.0
127,9,2.0
127,36,2.0
127,147,0.28
68,95,2.8100000000000005
68,17,3.24
127,105,0.30000000000000004
127,150,0.2
127,120,0.61
127,99,2.0
68,6,2.35
68,151,1.8200000000000003
68,107,0.96
68,99,1.2400000000000002
119,35,5.790000000000002
119,139,0.24
116,128,8.930000000000001
115,35,3.6999999999999993
115,34,3.559999999999999
116,148,6.590000000000002
115,93,2.32
116,125,1.8
116,38,4.350000000000001
116,99,2.8900000000000006
116,137,2.560000000000001
116,33,4.720000000000002
116,95,2.710000000000001
116,106,3.4900000000000007
116,149,0.6900000000000001
113,14,1.12
115,94,1.87
115,87,1.2200000000000002
116,133,1.0
119,68,3.3500000000000005
119,38,1.9000000000000004
119,94,3.4700000000000006
119,109,7.970000000000003
119,85,3.5900000000000007
120,68,3.0
120,28,0.1
123,6,1.12
144,36,20.799999999999986
144,38,7.610000000000001
144,35,20.680000000000003
144,47,78.06999999999996
144,48,65.36999999999993
144,52,110.62000000000025
144,59,16.729999999999993
144,54,25.32000000000002
144,57,71.27999999999996
144,40,36.56999999999999
144,71,144.0700000000002
144,75,138.59000000000012
144,69,57.57999999999989
144,78,101.9800000000001
144,79,48.65999999999996
144,74,70.25999999999998
144,99,85.69000000000001
144,100,183.28000000000017
144,20,23.49
144,98,129.28000000000014
144,37,101.22000000000003
144,102,130.0900000000002
144,83,623.2600000000003
144,108,2376.039999999994
144,111,103.70000000000007
144,22,59.26000000000001
144,115,49.70999999999996
144,145,655.8400000000004
144,146,1129.1400000000012
144,109,380.9200000000002
144,82,59.42999999999998
144,148,382.66000000000025
144,143,10.860000000000003
144,27,54.77000000000001
144,28,115.72000000000001
144,107,162.76999999999992
144,150,226.53999999999996
144,147,115.59999999999998
144,114,229.97999999999968
144,29,221.88999999999993
144,116,42.90999999999999
144,30,69.84000000000002
144,126,108.03
145,36,13.33
145,44,8.239999999999998
145,47,11.359999999999998
145,48,17.85
145,52,22.690000000000005
145,71,45.26999999999998
145,75,42.44999999999998
145,74,16.55
145,78,33.279999999999994
145,77,10.969999999999997
145,43,3.24
145,70,41.31999999999998
145,100,157.34000000000006
145,73,27.570000000000004
145,99,109.92000000000002
145,102,97.30000000000007
145,98,83.97000000000004
145,21,7.24
145,37,65.92999999999998
145,104,32.31000000000002
145,83,209.73000000000016
145,108,340.66000000000014
145,85,6.12
145,113,7.189999999999998
145,115,4.710000000000001
145,22,11.899999999999997
145,116,4.54
145,144,1201.3599999999967
145,146,72.11000000000006
145,82,135.18
145,148,450.95000000000044
145,150,108.97000000000007
145,105,11.069999999999991
145,106,62.25999999999994
145,107,64.44999999999999
145,147,7.140000000000001
145,29,10.449999999999998
145,30,3.58
144,53,55.99999999999987
144,81,329.10000000000014
144,101,136.05000000000007
144,21,10.12
144,118,19.820000000000004
144,149,112.63000000000008
144,130,3.7199999999999998
145,42,2.0
145,3,0.73
145,6,4.12
145,53,6.12
145,10,2.12
145,11,6.12
145,69,18.85
145,13,13.0
145,76,17.61
145,81,52.00999999999997
145,80,18.450000000000003
145,56,6.0
145,46,8.12
145,101,87.67000000000006
145,20,9.79
145,109,38.469999999999985
145,110,12.359999999999998
145,111,18.570000000000004
145,57,10.479999999999997
145,86,7.54
145,137,2.1199999999999997
145,151,16.379999999999992
145,27,1.8600000000000003
145,132,0.7399999999999999
145,28,7.2299999999999995
145,114,14.82999999999999
145,119,0.18
145,121,0.74
145,126,4.01
145,124,0.56
145,7,2.0
145,19,2.0
145,118,5.0
145,149,158.64000000000007
145,138,0.91
145,97,2.12
145,60,2.0
145,79,13.239999999999998
145,54,5.0
145,84,4.24
145,112,16.779999999999998
145,103,4.45
145,139,0.41000000000000003
144,70,91.40999999999993
144,73,53.20999999999992
144,13,66.03
144,85,19.850000000000005
144,50,12.419999999999996
144,104,60.559999999999924
144,112,131.9500000000001
144,131,9.309999999999999
144,132,16.15999999999999
144,151,74.40999999999997
144,106,144.42000000000024
144,113,111.47000000000008
144,119,6.939999999999997
144,41,76.00999999999993
144,77,71.16
144,72,70.05999999999996
144,46,26.440000000000015
144,84,59.78999999999994
144,138,22.859999999999985
144,105,51.02
144,125,7.020000000000001
144,139,7.940000000000001
144,140,6.949999999999999
144,55,16.24999999999999
144,58,24.20000000000001
144,110,26.88000000000001
144,11,18.15
145,51,3.34
145,58,4.0
145,142,0.18000000000000002
144,76,41.82999999999994
144,142,9.55
144,123,1.94
144,136,13.289999999999987
144,68,9.8
144,62,29.77000000000001
144,137,6.210000000000002
144,122,9.690000000000001
144,121,29.340000000000003
144,124,19.009999999999998
144,134,2.1300000000000003
144,51,10.269999999999996
144,6,8.03
144,9,10.26
144,86,47.449999999999946
144,133,1.7000000000000002
144,45,13.299999999999997
144,89,22.310000000000002
144,97,10.559999999999997
144,44,33.24000000000002
144,49,15.249999999999991
144,93,7.270000000000001
144,56,33.73000000000002
144,80,51.32999999999996
144,43,23.700000000000003
144,63,11.579999999999995
144,91,8.860000000000001
144,95,3.9000000000000017
144,19,6.51
146,41,17.70999999999999
146,6,2.47
146,9,3.97
146,53,26.580000000000013
146,47,28.66000000000004
146,40,14.44999999999998
146,71,38.01999999999993
146,74,15.779999999999989
146,72,23.930000000000028
146,75,40.1499999999999
146,13,8.280000000000001
146,77,22.58000000000002
146,78,24.670000000000037
146,81,84.91000000000015
146,86,24.280000000000022
146,70,31.18000000000006
146,73,20.84000000000002
146,100,42.77999999999989
146,99,24.58000000000002
146,98,29.41000000000002
146,102,45.079999999999885
146,104,19.45000000000001
146,106,33.570000000000014
146,83,179.8000000000003
146,108,595.9000000000008
146,109,306.4900000000003
146,113,86.65000000000015
146,112,100.57000000000019
146,22,20.079999999999995
146,57,24.470000000000013
146,56,21.96000000000001
146,103,5.000000000000002
146,144,1775.2899999999947
146,147,88.97999999999999
146,82,7.060000000000001
146,148,78.85000000000002
146,150,41.39999999999998
146,145,83.16000000000007
146,107,40.07000000000001
146,27,3.120000000000001
146,132,2.2300000000000004
146,138,3.3
146,151,13.389999999999997
146,105,8.600000000000001
146,28,12.129999999999999
146,149,23.23000000000001
146,114,74.80000000000005
146,29,23.98
146,116,32.09000000000003
146,30,5.11
146,126,3.259999999999999
146,140,1.11
146,8,4.57
146,52,28.260000000000055
146,58,5.050000000000001
146,76,15.82999999999999
146,101,36.61999999999996
146,37,27.71
146,84,29.180000000000017
146,115,37.75999999999997
146,111,79.07000000000012
146,118,17.37
146,143,0.7500000000000002
146,119,2.4200000000000004
146,33,3.1400000000000006
146,48,19.760000000000016
146,11,13.33
146,44,13.859999999999978
146,110,19.37000000000001
146,63,5.340000000000001
146,142,0.8300000000000002
146,122,4.830000000000001
146,121,4.3500000000000005
146,136,1.8399999999999999
146,125,0.39
144,4,4.609999999999999
144,7,3.7
144,10,7.59
144,64,9.790000000000001
144,18,5.609999999999999
144,94,11.909999999999995
144,141,0.14
146,38,4.050000000000001
146,69,20.380000000000013
146,49,5.410000000000001
146,23,2.33
146,124,1.3799999999999997
109,132,0.58
144,3,7.76
144,12,5.09
144,60,7.000000000000001
144,1,2.14
144,15,2.79
108,96,2.0
108,14,1.0
109,104,8.0
109,34,4.0
109,143,0.6
109,138,0.2
108,31,0.61
108,1,2.0
109,131,2.1
109,133,0.1
109,4,1.0
109,16,2.0
146,80,13.569999999999993
146,20,5.71
146,85,13.109999999999994
146,64,3.740000000000001
146,54,8.409999999999998
146,7,4.36
146,123,1.1200000000000003
146,51,2.6000000000000005
146,79,15.579999999999988
146,50,1.6600000000000001
146,35,4.540000000000003
146,61,4.11
146,59,2.5300000000000007
146,117,3.5700000000000003
147,48,6.410000000000001
147,77,11.609999999999996
147,70,8.52
147,73,5.740000000000001
147,83,42.38999999999999
147,110,8.950000000000001
147,111,31.59000000000002
147,113,48.42999999999997
147,22,5.62
147,145,11.020000000000001
147,144,229.49
147,108,128.5600000000001
147,109,109.49000000000008
147,146,218.85000000000005
147,114,20.300000000000004
147,121,2.2300000000000004
147,41,6.180000000000003
147,5,2.23
147,46,3.290000000000001
147,47,4.790000000000002
147,53,5.410000000000001
147,52,9.959999999999996
147,55,1.6900000000000004
147,57,10.409999999999998
147,62,3.4199999999999995
147,61,2.6399999999999997
147,71,11.749999999999993
147,72,4.710000000000001
147,75,8.399999999999999
147,69,6.940000000000002
147,13,4.79
147,76,2.0200000000000005
147,79,7.080000000000001
147,81,21.110000000000003
147,78,8.55
147,86,9.739999999999998
147,97,2.7800000000000002
147,74,5.710000000000001
147,101,9.009999999999998
147,102,9.31
147,100,8.63
147,84,5.830000000000002
147,112,57.849999999999945
147,115,19.849999999999994
147,116,18.109999999999996
147,117,4.5600000000000005
147,56,8.340000000000002
147,118,4.36
147,23,2.77
147,122,7.0600000000000005
147,99,4.67
147,149,4.23
147,148,16.31
147,28,6.069999999999999
147,107,14.040000000000001
147,150,9.059999999999999
147,29,0.96
147,119,0.54
147,136,1.04
147,68,0.35
147,126,0.88
146,62,6.310000000000001
146,36,4.2200000000000015
146,46,7.620000000000001
146,10,2.5700000000000003
144,103,16.539999999999996
146,2,2.0
146,97,3.290000000000001
146,139,0.66
146,15,2.12
146,130,0.46
144,42,3.8100000000000005
144,17,2.91
144,120,1.12
99,135,2.0
99,16,2.0
82,45,4.0
82,151,4.1
82,115,0.1
82,124,0.1
99,23,1.0
99,119,0.18
148,33,14.0
148,34,36.61
148,1,8.0
148,41,48.61
148,44,38.0
148,47,21.0
148,52,26.61
148,8,3.61
148,53,21.0
148,10,3.0
148,57,16.0
148,11,4.0
148,40,31.61
148,71,135.05
148,69,49.0
148,74,58.66
148,72,57.0
148,75,81.22
148,13,30.22
148,79,16.61
148,81,79.83
148,78,40.05
148,36,26.0
148,70,106.44
148,73,84.66
148,99,446.5200000000001
148,100,673.6500000000004
148,101,341.98000000000013
148,20,31.83
148,98,167.05
148,37,174.27000000000004
148,102,217.49000000000004
148,21,19.61
148,104,96.22
148,107,416.41000000000025
148,82,123.25
148,83,240.88000000000005
148,108,291.6600000000001
148,84,20.61
148,111,27.61
148,85,10.0
148,113,15.369999999999996
148,22,28.560000000000006
148,145,326.2000000000001
148,144,625.1600000000004
148,109,30.83
148,149,671.3000000000006
148,150,1587.969999999999
148,106,259.15999999999985
148,151,50.69000000000004
148,27,2.1
148,138,6.939999999999997
148,105,30.900000000000016
148,28,26.939999999999998
148,146,59.09000000000002
148,147,8.82
148,114,20.360000000000003
148,29,15.280000000000001
148,30,5.38
149,34,6.720000000000001
149,37,36.249999999999964
149,35,4.57
149,38,2.0
149,3,4.12
149,45,2.12
149,47,6.36
149,51,3.12
149,62,4.9399999999999995
149,40,5.21
149,41,7.050000000000001
149,69,17.690000000000005
149,70,43.18999999999996
149,71,37.409999999999975
149,74,21.660000000000004
149,72,23.480000000000004
149,75,27.360000000000003
149,13,9.12
149,79,5.21
149,80,13.239999999999998
149,81,30.640000000000004
149,14,2.0
149,36,7.840000000000001
149,98,61.01999999999994
149,73,20.050000000000008
149,100,175.8700000000001
149,99,86.80000000000001
149,101,60.02999999999994
149,20,8.14
149,102,45.29999999999991
149,106,69.89
149,83,83.64000000000004
149,108,108.08000000000004
149,111,16.690000000000005
149,112,11.44
149,109,10.019999999999998
149,22,6.449999999999999
149,57,5.36
149,86,6.57
149,94,1.12
149,145,148.89999999999995
149,144,252.58
149,146,19.48000000000001
149,148,853.5200000000006
149,82,70.91
149,150,171.93
149,137,0.38999999999999996
149,138,3.59
149,151,19.21
149,105,12.83999999999999
149,28,8.21
149,107,55.399999999999984
149,147,1.9
149,114,3.7699999999999996
149,29,5.12
149,113,3.2500000000000004
149,30,2.81
149,136,0.63
149,126,4.529999999999999
82,31,1.0
82,42,2.0
82,51,2.0
82,65,1.0
82,12,2.0
82,21,2.0
82,94,2.0
82,132,0.1
82,119,0.1
82,125,0.1
82,139,0.1
145,38,2.0
145,5,2.0
145,49,2.12
145,50,1.0
145,72,8.12
145,89,1.21
145,18,6.12
145,34,4.45
149,4,4.0
149,53,5.85
149,52,8.809999999999997
149,77,3.06
149,76,7.0
149,104,28.82000000000001
149,84,7.24
149,103,8.110000000000001
149,116,2.65
149,26,2.56
149,27,1.92
145,41,6.36
145,62,4.12
145,40,3.24
145,55,5.12
145,23,0.61
145,140,0.6
149,9,2.0
149,54,2.94
149,59,4.0
149,11,4.12
149,19,1.44
149,96,2.12
149,55,3.0
149,58,2.0
149,78,5.36
149,46,1.33
149,18,1.12
149,115,0.49
149,121,0.53
149,6,2.12
149,12,2.12
148,35,21.0
148,54,5.0
148,19,15.0
148,112,31.61
148,56,24.0
148,116,6.880000000000001
148,132,1.4200000000000002
148,126,3.680000000000001
148,38,7.0
148,45,7.61
148,58,9.0
148,77,21.0
148,80,27.61
148,43,4.609999999999999
148,97,1.0
148,110,5.609999999999999
148,137,4.279999999999999
148,68,0.2
148,32,2.0
148,5,2.0
148,64,0.61
148,60,2.0
148,76,11.61
148,17,1.0
148,46,16.0
148,115,8.759999999999998
148,86,18.22
148,118,7.0
148,96,2.0
148,26,5.0
148,143,0.6
149,140,0.27
148,4,2.0
148,48,12.0
148,62,9.0
148,42,7.0
148,18,4.0
148,103,10.0
148,142,0.6
148,134,0.38
148,119,2.7600000000000002
148,7,2.0
148,95,2.0
148,122,0.28
148,124,0.5800000000000001
150,33,11.129999999999995
150,35,49.689999999999955
150,37,314.7200000000004
150,1,7.5
150,36,51.19999999999994
150,34,52.61999999999991
150,41,45.289999999999935
150,6,4.930000000000001
150,44,43.06999999999992
150,47,36.439999999999955
150,49,3.290000000000001
150,48,24.330000000000016
150,52,38.969999999999914
150,54,7.740000000000001
150,69,59.8699999999999
150,71,146.42000000000021
150,73,107.64000000000006
150,74,50.40999999999996
150,72,57.88999999999994
150,75,63.34999999999993
150,13,21.81
150,79,14.33999999999999
150,78,33.97999999999998
150,81,109.42000000000009
150,80,14.159999999999997
150,85,11.959999999999997
150,77,16.269999999999996
150,46,20.34000000000002
150,43,11.89999999999999
150,91,3.3600000000000017
150,18,15.399999999999999
150,70,182.6500000000002
150,98,279.25000000000006
150,99,331.6800000000002
150,100,1071.9799999999975
150,101,651.4400000000005
150,102,576.1000000000017
150,20,85.27
150,21,42.48
150,104,246.0000000000003
150,106,700.8300000000014
150,82,31.44
150,83,194.26000000000022
150,108,250.82000000000033
150,109,16.279999999999998
150,84,13.749999999999991
150,111,34.83999999999998
150,22,21.490000000000002
150,56,6.4300000000000015
150,86,12.659999999999993
150,110,14.329999999999998
150,118,9.679999999999998
150,144,393.4300000000001
150,148,1965.4099999999978
150,145,149.9100000000001
150,149,162.0000000000001
150,107,693.020000000001
150,26,13.82
150,151,167.98000000000047
150,138,30.250000000000007
150,142,2.6599999999999997
150,27,5.500000000000001
150,28,15.75
150,105,86.37000000000018
150,146,39.889999999999965
150,147,10.780000000000001
150,29,10.290000000000001
150,30,5.3100000000000005
150,38,10.719999999999992
150,3,7.63
150,5,2.8200000000000003
150,53,15.089999999999993
150,11,11.450000000000001
150,60,2.24
150,40,41.459999999999916
150,76,7.930000000000001
150,19,17.650000000000002
150,23,2.33
150,103,63.61999999999988
150,143,2.299999999999999
150,132,5.15
150,114,8.469999999999995
150,113,12.29
150,116,4.46
150,126,6.87
150,124,1.5000000000000002
150,7,4.08
150,55,6.8100000000000005
150,12,9.959999999999999
150,136,2.6199999999999997
150,2,2.24
150,42,6.720000000000001
150,45,4.720000000000001
150,10,2.44
150,115,7.96
150,137,8.340000000000002
150,58,2.08
150,62,8.250000000000002
150,17,2.44
150,117,4.66
150,130,0.5800000000000001
150,97,3.0200000000000005
150,95,2.8300000000000005
150,121,3.32
150,57,8.849999999999998
107,115,3.5999999999999996
107,121,6.000000000000002
107,56,10.44999999999999
107,11,10.139999999999999
107,143,4.360000000000001
150,32,2.5700000000000003
150,63,2.7700000000000005
150,61,2.8100000000000005
150,89,6.340000000000003
150,133,2.98
150,134,1.62
150,125,0.6
150,140,1.4500000000000002
107,133,1.7900000000000003
150,119,0.42000000000000004
148,59,4.61
148,2,2.0
149,21,2.79
149,135,2.33
149,44,4.6000000000000005
149,118,2.0
148,91,4.0
148,123,0.1
148,125,0.28
148,12,4.0
148,50,4.0
148,24,1.0
148,23,2.0
148,139,0.38
148,121,0.76
148,140,0.48
148,25,3.0
148,136,0.48000000000000004
150,67,2.6800000000000006
150,96,3.25
150,112,15.189999999999998
150,131,2.900000000000001
148,49,2.0
148,61,5.0
148,141,0.1
148,130,0.1
148,3,4.0
148,6,2.0
149,48,2.33
149,56,1.21
149,132,0.39
149,85,2.0
149,124,0.75
145,35,6.36
145,45,1.0
145,117,2.0
145,136,0.51
145,94,2.33
145,123,0.1
145,122,0.52
105,45,8.789999999999996
105,122,2.5100000000000002
105,43,20.58000000000001
105,11,4.34
105,99,16.769999999999996
105,24,14.010000000000002
105,90,9.0
106,90,6.640000000000003
106,58,4.760000000000002
106,25,9.469999999999999
106,32,2.6900000000000004
106,85,1.4500000000000002
106,84,6.66
106,15,0.84
106,17,2.34
106,51,2.32
106,128,2.4399999999999995
106,10,2.4299999999999997
106,14,4.0
106,31,3.3
106,4,3.2099999999999995
106,125,0.9400000000000002
106,24,8.35
106,112,5.840000000000001
106,92,4.770000000000001
106,123,0.11
106,122,1.5500000000000005
106,111,6.19
106,64,2.6000000000000005
106,57,3.3700000000000014
107,134,4.259999999999998
107,136,2.779999999999999
107,141,0.15
107,15,2.9200000000000004
107,16,3.04
107,50,5.23
107,9,4.79
107,51,1.16
107,139,0.8200000000000001
107,130,1.2200000000000002
107,68,0.98
107,62,5.270000000000001
107,92,3.520000000000001
106,95,5.6300000000000034
138,80,1.7800000000000002
138,61,3.500000000000001
138,78,5.5600000000000005
138,108,8.719999999999999
138,149,1.6100000000000003
151,33,100.2200000000001
151,35,123.64000000000024
151,34,305.0900000000002
151,37,742.3500000000028
151,36,128.7500000000002
151,38,40.939999999999934
151,89,24.119999999999997
151,102,726.7200000000041
151,22,79.09
151,135,73.00999999999996
151,137,440.58999999999986
151,138,3893.449999999971
151,103,426.2000000000007
151,26,4053.7699999999986
151,104,2492.8499999999617
151,105,2412.529999999976
151,27,42.53000000000001
151,130,3.53
151,132,62.619999999999976
151,134,81.43000000000008
151,133,23.590000000000018
151,28,482.55000000000007
151,106,344.6599999999992
151,107,234.11000000000016
151,150,105.8300000000001
151,144,73.85999999999997
151,114,14.009999999999986
151,29,70.25000000000001
151,30,33.519999999999996
151,126,28.209999999999987
151,140,7.159999999999999
151,3,10.889999999999999
151,47,24.709999999999972
151,70,242.71000000000106
151,98,383.70000000000186
151,100,69.87999999999994
151,143,8.769999999999992
151,131,52.20999999999992
151,125,2.0000000000000004
151,142,10.659999999999988
151,113,10.200000000000003
151,2,11.559999999999999
151,40,62.45999999999989
151,39,14.459999999999997
151,21,136.59
151,101,185.88000000000073
151,96,15.279999999999987
151,41,96.36000000000038
151,80,4.840000000000001
151,12,7.680000000000001
151,73,35.22999999999999
151,69,63.299999999999876
151,147,6.57
151,32,18.100000000000012
151,139,1.81
151,48,23.67999999999998
151,71,93.64000000000011
151,19,35.519999999999996
151,20,43.84999999999999
151,90,17.749999999999993
151,52,20.21999999999998
151,72,21.64000000000001
151,75,25.339999999999993
151,146,12.869999999999996
151,116,6.950000000000002
151,24,10.289999999999997
151,74,4.65
151,99,17.05
151,149,12.809999999999993
151,124,5.2299999999999995
151,17,4.91
151,97,9.319999999999997
151,4,4.450000000000001
151,43,13.839999999999993
151,1,11.619999999999996
151,8,5.270000000000001
151,44,28.459999999999972
151,25,6.0200000000000005
151,119,1.26
151,145,4.7299999999999995
151,121,6.58
151,78,5.360000000000001
151,115,3.4899999999999998
151,136,4.6999999999999975
151,95,12.659999999999991
151,123,0.6500000000000001
151,81,12.09999999999999
151,148,10.349999999999998
151,122,2.4499999999999997
151,5,3.6699999999999995
151,46,20.29
138,119,0.91
138,147,1.8499999999999999
151,18,16.409999999999997
151,76,12.519999999999996
138,9,2.79
138,76,3.0200000000000005
151,31,3.710000000000001
151,68,1.6800000000000004
151,45,9.089999999999998
151,141,0.38
151,108,15.449999999999989
151,77,6.740000000000002
26,34,6.0
26,36,3.0
26,53,1.0
26,51,2.0
26,71,2.0
26,39,1.0
26,18,1.0
26,70,2.0
26,100,4.0
26,101,2.0
26,98,4.0
26,102,18.0
26,21,5.0
26,37,3.0
26,104,35.22
26,105,119.26
26,22,0.35
26,131,4.66
26,137,23.799999999999997
26,138,188.96
26,103,6.0
26,150,7.85
26,106,18.630000000000003
26,107,17.830000000000002
26,151,1636.5099999999995
26,142,0.8
26,143,0.6000000000000001
26,27,5.99
26,130,0.28
26,132,6.43
26,133,1.8199999999999998
26,134,8.05
26,28,62.46
26,149,0.48
26,145,0.1
26,144,2.7
26,146,0.5800000000000001
26,147,0.28
26,114,1.35
26,29,7.16
26,113,0.37
26,115,0.11
26,116,0.4
26,119,0.1
26,122,0.1
26,121,0.2
26,30,3.4
26,136,0.4
26,68,0.1
26,126,1.9000000000000001
26,124,0.3
26,125,0.2
26,139,0.1
26,140,0.2
151,49,5.660000000000003
151,6,2.6799999999999997
151,83,9.369999999999997
151,54,6.060000000000003
151,53,5.950000000000001
151,13,5.260000000000001
151,42,2.620000000000001
151,7,2.33
138,148,9.479999999999999
104,109,2.0
104,85,2.0
105,10,2.9399999999999995
105,128,3.079999999999999
105,87,1.9100000000000004
105,59,3.6399999999999983
105,5,5.690000000000001
105,7,4.880000000000001
105,56,3.01
105,82,2.12
138,86,4.190000000000001
138,118,3.1200000000000006
138,60,3.2300000000000004
138,115,1.27
138,63,3.0200000000000005
138,8,2.67
138,83,5.090000000000001
137,80,1.12
135,82,2.0
135,80,0.61
134,97,3.380000000000001
134,100,2.7200000000000006
142,56,3.1700000000000017
142,63,2.48
142,64,3.7
142,65,2.32
142,74,1.09
142,81,5.830000000000002
142,80,0.48
142,86,4.440000000000001
142,99,0.76
142,100,2.65
142,101,8.170000000000002
142,102,24.67999999999999
142,20,2.6
142,21,4.18
142,83,4.530000000000001
142,108,7.030000000000003
142,111,5.380000000000002
142,85,0.69
142,112,2.8400000000000007
142,109,0.6
142,117,1.2000000000000002
142,23,0.56
142,148,0.71
142,26,0.9299999999999999
142,149,0.19
142,145,0.21000000000000002
142,120,0.11
142,66,0.21
142,84,0.12
142,25,0.12
143,4,2.62
143,7,1.5
143,9,1.5
143,60,2.3400000000000003
143,11,2.7199999999999998
143,62,4.659999999999999
143,64,3.37
143,61,3.38
143,72,3.1700000000000004
143,55,1.5000000000000004
143,79,1.6900000000000002
143,78,1.9200000000000008
143,80,0.82
143,81,5.120000000000002
143,19,3.55
143,98,29.729999999999993
143,73,2.87
143,99,0.65
143,100,2.2900000000000005
143,20,2.39
143,102,21.859999999999985
143,21,3.74
143,104,16.819999999999993
143,83,3.240000000000001
143,108,6.740000000000003
143,111,5.560000000000001
143,56,4.340000000000002
143,86,3.030000000000001
143,118,2.2200000000000006
143,23,0.6599999999999999
143,117,0.87
143,122,3.809999999999999
143,63,2.2700000000000005
143,31,10.14
143,65,1.5200000000000002
143,127,4.710000000000001
143,109,0.72
143,148,0.72
143,26,0.7
143,149,0.36
143,115,1.7600000000000005
143,1,0.48
143,74,1.5000000000000002
143,77,3.0000000000000013
143,84,0.8999999999999999
143,85,0.69
143,112,1.9800000000000004
143,123,0.34
143,120,0.11
143,66,0.76
143,24,0.35
143,146,0.8300000000000001
143,145,0.18
143,119,0.09
143,25,0.12
27,31,23.630000000000006
27,32,14.180000000000003
27,33,24.689999999999998
27,34,63.399999999999984
27,35,49.45999999999999
27,36,33.309999999999995
27,37,125.68
27,1,3.38
27,38,24.49
27,39,18.580000000000002
27,2,2.56
27,40,35.74
27,41,111.280001
27,42,11.15
27,43,98.59000100000002
27,44,48.94999999999998
27,46,83.16000200000003
27,45,11.46
27,3,12.37
27,4,7.44
27,5,6.21
27,47,55.13999999999998
27,6,7.09
27,48,25.990000000000013
27,7,4.63
27,49,12.830000000000004
27,50,15.390000000000004
27,51,4.41
27,52,62.87999999999993
27,8,3.37
27,9,4.16
27,53,19.750000000000004
27,10,3.81
27,54,10.85
27,55,6.010000000000002
27,56,13.1
27,57,23.539999999999996
27,58,9.380000000000004
27,59,18.000000000000007
27,60,7.21
27,61,10.229999999999999
27,11,8.51
27,62,16.21
27,63,5.820000000000002
27,64,13.999999999999995
27,65,8.070000000000004
27,66,1.9900000000000002
27,67,31.77
27,12,11.14
27,69,49.66999999999998
27,70,99.54000000000002
27,71,53.91999999999999
27,72,12.09
27,73,11.330000000000002
27,74,6.000000000000002
27,75,29.350000000000012
27,13,9.4
27,76,5.650000000000002
27,77,7.980000000000001
27,78,9.48
27,79,5.260000000000001
27,80,2.92
27,81,21.249999999999993
27,82,1.12
27,84,1.6099999999999999
27,85,2.970000000000001
27,86,12.599999999999998
27,87,446.5700000000002
27,88,165.44000000000005
27,89,492.3900010000002
27,90,302.56
27,14,31.82
27,91,109.15000000000005
27,92,35.85
27,93,27.64
27,94,26.41000000000001
27,15,14.0
27,16,31.26
27,95,53.07
27,96,145.88000000000002
27,17,10.59
27,97,24.779999999999994
27,18,8.93
27,19,10.96
27,98,97.26000000000002
27,99,3.459999999999999
27,100,13.600000000000001
27,101,36.08
27,102,93.00999999999999
27,20,10.51
27,21,13.28
27,103,46.940000000000005
27,104,75.94000000000007
27,105,22.450000000000003
27,106,26.61
27,107,16.900000000000006
27,83,20.990000000000006
27,108,36.48
27,109,2.440000000000001
27,110,11.540000000000001
27,111,23.709999999999997
27,112,11.139999999999993
27,114,33.559999999999995
27,113,25.850001000000002
27,115,10.440000000000001
27,116,6.310000000000002
27,22,19.880001
27,117,4.2
27,118,11.519999999999996
27,23,2.71
27,119,0.54
27,121,38.33
27,122,12.850000000000001
27,123,0.63
27,120,0.11
27,124,24.480000000000004
27,125,12.869999999999996
27,126,38.680000000000014
27,127,43.61000000000001
27,128,27.38
27,129,46.079999999999984
27,130,187.50999999999996
27,131,356.9000000000001
27,132,39.71
27,133,20.480000000000004
27,134,12.69
27,135,16.790000000000003
27,136,13.11
27,68,14.340000000000002
27,137,36.73999999999998
27,138,37.83999999999999
27,24,2.12
27,25,0.56
27,139,11.860000000000001
27,140,49.4
27,141,4.98
27,142,274.07
27,143,554.12
27,144,59.64999999999999
27,145,2.0900000000000003
27,146,3.4300000000000015
27,148,2.4600000000000004
27,149,2.04
27,150,5.660000000000001
27,151,48.62999999999999
27,26,6.98
27,28,29.19
27,147,0.57
27,29,130.8
27,30,19.69
130,1,0.12
130,2,0.12
130,6,0.35
130,51,0.54
130,10,0.44
130,56,0.7999999999999999
130,58,0.65
130,61,0.55
130,64,0.44
130,72,1.09
130,76,0.32999999999999996
130,77,0.48
130,79,0.22999999999999998
130,78,0.36
130,81,1.1400000000000001
130,80,0.22999999999999998
130,73,0.65
130,74,0.11
130,100,0.44
130,101,1.8300000000000003
130,21,0.79
130,106,1.11
130,83,0.36
130,108,1.7100000000000004
130,110,0.48
130,111,1.0499999999999998
130,112,0.57
130,115,0.56
130,117,0.11
130,118,0.5700000000000001
130,122,1.05
130,63,0.43
130,65,0.11
130,127,1.2
130,148,0.12
130,26,0.33
130,149,0.11
130,145,0.07
130,147,0.05
130,123,0.01
131,1,0.33
131,55,0.36
131,64,0.43
131,65,0.11
131,81,0.8099999999999999
131,78,0.12
131,74,0.12
131,99,0.43
131,83,0.44999999999999996
131,108,0.24
131,111,0.68
131,112,0.32999999999999996
131,56,0.12
131,118,0.24
131,110,0.32999999999999996
131,63,0.32
131,128,0.5599999999999999
131,127,0.24
131,109,0.12
132,1,2.24
132,4,2.72
132,6,2.49
132,7,1.82
132,9,1.7
132,10,1.47
132,54,2.8200000000000007
132,55,2.3600000000000003
132,57,7.420000000000001
132,58,3.03
132,60,2.3
132,62,5.0200000000000005
132,63,1.5100000000000002
132,64,4.0299999999999985
132,65,2.29
132,66,0.11
132,67,7.540000000000002
132,75,9.799999999999994
132,76,1.83
132,77,2.5300000000000007
132,78,3.2699999999999996
132,79,1.37
132,80,1.2300000000000002
132,81,5.7200000000000015
132,84,0.77
132,85,0.8
132,86,3.9500000000000006
132,18,2.7
132,99,1.21
132,21,6.19
132,108,11.329999999999995
132,83,5.930000000000001
132,110,3.5400000000000005
132,111,7.050000000000003
132,112,3.5300000000000007
132,117,1.1900000000000002
132,118,3.4600000000000004
132,23,0.79
132,127,9.620000000000001
132,128,6.730000000000002
132,25,1.12
132,145,0.85
132,109,0.69
132,82,0.12
132,148,1.6800000000000002
132,149,0.41
133,9,0.12
133,10,0.12
133,57,1.04
133,58,0.44
133,59,0.64
133,11,0.32
133,64,0.11
133,61,0.11
133,66,0.11
133,65,0.33
133,72,0.24
133,76,0.12
133,79,0.12
133,78,0.36
133,81,0.57
133,74,0.12
133,86,0.32999999999999996
133,94,0.57
133,99,0.12
133,20,0.44
133,21,1.12
133,83,0.36
133,108,0.8999999999999999
133,111,0.69
133,112,0.24
133,56,0.36
133,85,0.12
133,110,0.21
133,118,0.12
133,23,0.12
133,122,0.52
133,63,0.32
133,67,0.6799999999999999
133,128,0.43999999999999995
133,127,0.44999999999999996
133,109,0.12
133,146,0.08
133,147,0.05
134,50,0.59
134,53,0.6
134,57,1.02
134,59,0.9299999999999999
134,54,0.12
134,11,0.12
134,62,0.48
134,64,0.36
134,60,0.21
134,72,0.9
134,79,0.24
134,81,0.9199999999999999
134,93,0.8099999999999999
134,94,0.5599999999999999
134,73,0.8999999999999999
134,83,0.67
134,108,0.8
134,111,0.22999999999999998
134,112,0.36
134,117,0.12
134,56,0.24
134,86,0.47
134,118,0.32999999999999996
134,110,0.24
134,63,0.12
134,67,0.8999999999999999
134,128,0.33999999999999997
134,125,0.21
134,127,0.24
134,148,0.44999999999999996
134,115,0.12000000000000001
134,122,0.25
134,68,0.17
134,10,0.12
134,55,0.24
134,61,0.24
134,66,0.12
134,85,0.24
134,123,0.12
134,42,0.24
134,99,0.12
134,145,0.01
137,54,0.57
137,62,0.32999999999999996
137,81,0.48
137,83,0.36
137,111,0.24
137,64,0.24
137,58,0.12
137,61,0.12
137,108,0.44999999999999996
137,85,0.21
137,112,0.12
137,118,0.24
137,67,0.12
137,128,0.44999999999999996
137,65,0.12
137,145,0.14
137,123,0.02
138,64,1.7100000000000004
138,67,3.310000000000001
138,55,0.91
138,62,1.9200000000000004
138,65,1.0499999999999998
138,93,1.9200000000000004
138,94,2.2800000000000007
138,82,0.12
138,84,0.24
138,110,1.8800000000000003
138,111,3.9700000000000015
138,85,0.32999999999999996
138,112,1.8600000000000003
138,117,0.44999999999999996
138,23,0.44
138,127,2.1200000000000006
138,128,2.750000000000001
138,145,1.04
138,109,0.24
151,59,1.7800000000000005
151,79,2.5000000000000004
151,91,6.790000000000003
151,16,1.04
151,111,6.500000000000003
151,57,5.110000000000002
151,118,2.620000000000001
151,67,2.86
151,9,1.4400000000000004
151,55,1.6799999999999997
151,56,2.960000000000001
151,86,4.090000000000001
151,58,1.3000000000000003
151,62,3.2300000000000004
151,92,1.17
151,10,1.0
151,51,0.55
151,50,2.8499999999999996
151,60,1.31
151,11,1.7800000000000002
151,64,2.4300000000000006
151,85,0.5399999999999999
151,14,0.46
151,88,1.17
151,93,1.8600000000000003
151,112,2.93
151,117,0.56
151,110,2.400000000000001
151,63,1.15
151,94,2.6300000000000003
151,129,1.35
151,65,0.9299999999999999
151,87,2.550000000000001
151,15,0.6799999999999999
151,128,2.2
151,61,1.5800000000000003
151,66,0.22999999999999998
151,109,1.1099999999999999
151,84,0.22999999999999998
151,23,0.44
151,127,1.1
151,82,0.12
105,58,1.1900000000000002
105,61,1.29
105,60,0.64
105,86,2.24
105,14,0.22999999999999998
105,88,1.22
105,92,1.55
105,93,0.8899999999999999
105,16,0.58
105,84,0.32999999999999996
105,110,1.86
105,111,3.12
105,112,1.5900000000000003
105,109,1.2
105,118,0.8999999999999999
105,23,0.12
105,64,0.8999999999999999
105,63,0.85
105,117,0.35
105,67,1.5100000000000002
105,129,0.9
105,127,0.33
105,141,0.02
105,55,0.64
105,85,0.22
28,31,2.76
28,32,3.25
28,33,15.979999999999999
28,34,72.14
28,35,32.129999999999995
28,36,58.359999999999985
28,37,611.609999
28,1,9.58
28,38,10.88
28,39,3.46
28,2,1.89
28,40,37.559999999999995
28,41,80.19
28,42,4.47
28,43,17.349999999999998
28,44,36.83
28,46,19.679999999999996
28,45,3.6
28,3,8.58
28,4,5.42
28,5,4.31
28,47,30.4
28,6,4.86
28,48,16.379999999999995
28,7,2.37
28,49,4.07
28,50,3.5100000000000002
28,51,1.3200000000000003
28,52,32.559999999999974
28,8,1.7
28,9,1.93
28,53,10.279999999999996
28,10,2.03
28,54,4.630000000000001
28,55,2.76
28,56,5.8500000000000005
28,57,9.92
28,58,3.78
28,59,4.19
28,60,1.6600000000000004
28,11,4.03
28,62,4.94
28,61,3.0000000000000004
28,63,2.5100000000000002
28,64,4.200000000000001
28,65,2.6100000000000003
28,66,0.44
28,12,9.33
28,69,58.039999999999985
28,70,204.79999899999999
28,71,85.31000000000002
28,72,15.17
28,73,26.620000000000005
28,74,6.530000000000002
28,75,30.73999999999999
28,13,7.47
28,76,3.7399999999999998
28,77,5.740000000000001
28,78,8.410000000000004
28,79,5.690000000000001
28,80,3.1300000000000003
28,81,16.68
28,82,1.34
28,84,1.1199999999999999
28,85,1.4200000000000002
28,86,6.550000000000004
28,87,4.610000000000001
28,88,3.6099999999999994
28,89,23.449999999999985
28,90,13.22
28,14,1.03
28,92,1.8500000000000005
28,93,2.3000000000000003
28,94,4.9700000000000015
28,91,11.709999999999999
28,15,1.7
28,16,2.6
28,95,5.6400000000000015
28,96,8.490000000000004
28,17,2.14
28,97,4.51
28,18,13.01
28,19,18.72
28,98,361.4699979999999
28,99,9.040000000000003
28,100,47.819999999999986
28,101,175.86999999999992
28,102,699.8200009999998
28,20,49.82
28,21,78.95
28,103,145.99000000000004
28,104,720.7000000000002
28,105,313.8299999999999
28,106,355.3200000000001
28,107,97.45
28,83,15.319999999999997
28,108,23.310000000000006
28,109,1.6100000000000003
28,110,4.86
28,111,10.010000000000002
28,112,5.520000000000002
28,113,8.960000000000003
28,114,8.02
28,115,4.68
28,116,4.3100000000000005
28,22,7.4
28,117,1.3000000000000003
28,118,4.41
28,23,1.0
28,121,18.439999999999998
28,122,7.530000000000001
28,123,0.33999999999999997
28,124,13.299999999999999
28,126,79.45999900000001
28,67,5.7700000000000005
28,127,7.19
28,128,5.080000000000001
28,129,0.6
28,130,3.79
28,131,15.5
28,132,21.32
28,133,3.8600000000000003
28,134,6.63
28,135,7.830000000000003
28,136,8.08
28,68,7.4399999999999995
28,137,53.25999999999999
28,138,181.65999999999994
28,24,3.93
28,25,3.1
28,139,5.83
28,141,0.26
28,140,4.970000000000001
28,125,4.78
28,143,9.48
28,142,7.98
28,120,0.11
28,144,120.28
28,145,8.07
28,146,12.399999999999999
28,147,6.1
28,148,31.4
28,149,8.83
28,150,18.36
28,151,553.8099999999998
28,26,72.79
28,27,29.189999
28,29,30.73
28,119,0.4
28,30,42.210003
106,60,0.44
106,88,0.33
106,87,1.1
106,16,0.22
106,110,1.7100000000000004
106,118,0.32
106,63,0.8899999999999999
106,67,0.76
106,94,0.77
106,129,0.57
106,96,1.0299999999999998
106,65,0.36
106,141,0.01
106,61,0.32999999999999996
106,23,0.24
106,117,0.12
107,61,1.4700000000000002
107,63,1.8000000000000003
107,64,2.5200000000000005
107,66,0.24
107,88,1.9500000000000006
107,90,8.130000000000003
107,14,0.92
107,87,1.9200000000000008
107,117,0.9299999999999999
107,23,0.8
107,67,3.58
107,94,2.2100000000000004
107,96,4.580000000000002
107,127,1.8700000000000008
107,123,0.28
107,60,1.0
107,65,1.3800000000000003
107,129,0.44999999999999996
150,31,0.7
150,4,1.15
150,51,0.48
150,8,0.35
150,9,0.35
150,59,1.9100000000000001
150,64,1.8000000000000003
150,66,0.44999999999999996
150,87,0.48
150,90,2.560000000000001
150,14,0.12
150,88,0.57
150,92,1.2600000000000002
150,93,1.8000000000000003
150,15,0.23
150,16,0.56
150,39,0.77
150,50,0.8099999999999999
150,122,2.19
150,123,0.42
150,128,1.1099999999999999
150,94,1.0499999999999998
150,65,0.24
150,68,0.6000000000000001
150,135,1.8300000000000005
150,24,0.35
150,25,0.23
150,139,0.48
150,127,0.24
150,141,0.03
150,129,0.12
149,33,0.32999999999999996
149,2,0.12
149,43,0.36
149,8,0.12
149,63,0.32999999999999996
149,60,0.12
149,87,0.12
149,89,0.36
149,93,0.24
149,91,0.12
149,110,0.21
149,23,0.33
149,64,0.12
149,67,0.12
149,133,0.22999999999999998
149,134,0.17999999999999997
149,131,0.13999999999999999
149,65,0.12
149,142,0.18
149,143,0.36
149,130,0.12
149,119,0.02
149,122,0.17
149,68,0.24
149,125,0.19
149,139,0.26
145,33,0.12
145,61,0.21
145,59,0.12
145,91,0.12
145,63,0.12
145,131,0.24
145,143,0.17
145,130,0.06
145,68,0.12
145,125,0.09
145,4,0.12
145,64,0.12
145,12,0.21
145,95,0.12
145,128,0.12
145,90,0.12
145,24,0.12
145,93,0.21
145,87,0.12
145,26,0.12
145,134,0.01
144,32,1.62
144,33,5.240000000000001
144,34,13.669999999999996
144,5,2.05
144,61,5.670000000000001
144,65,3.670000000000001
144,14,0.91
144,92,2.7900000000000005
144,96,6.7600000000000025
144,117,2.6000000000000005
144,23,1.98
144,67,7.700000000000002
144,128,6.850000000000001
144,90,8.490000000000002
144,135,1.5899999999999999
144,127,9.280000000000001
144,26,3.15
144,31,0.93
144,39,1.5000000000000004
144,2,0.56
144,8,1.47
144,66,0.36
144,87,2.650000000000001
144,88,2.2800000000000007
144,16,1.02
144,129,1.01
144,24,0.35
144,25,0.12
146,34,4.080000000000002
146,43,2.1000000000000005
146,3,1.03
146,4,0.47
146,5,0.6900000000000001
146,45,0.84
146,55,1.2599999999999998
146,12,1.02
146,89,2.910000000000001
146,93,1.3800000000000003
146,91,1.5899999999999999
146,17,0.24
146,18,1.2400000000000002
146,19,1.04
146,21,1.59
146,67,1.38
146,128,1.2599999999999998
146,131,2.02
146,96,1.2600000000000002
146,90,1.29
146,137,0.8500000000000001
146,26,0.6900000000000001
146,133,0.09000000000000001
146,134,0.3400000000000001
146,68,0.82
146,32,0.24
146,1,0.33
146,60,0.9899999999999999
146,14,0.24
146,88,0.57
146,92,0.69
146,95,0.12
146,39,0.48
146,94,1.02
146,129,0.21
146,31,0.24
146,65,0.8999999999999999
146,127,0.42
146,42,0.24
146,16,0.24
146,87,0.12
146,120,0.21
146,25,0.12
147,32,0.12
147,33,0.48
147,35,1.29
147,34,2.5200000000000005
147,36,1.8300000000000005
147,37,8.190000000000001
147,1,0.12
147,38,0.81
147,2,0.12
147,44,1.9700000000000006
147,3,0.35
147,4,0.56
147,45,0.24
147,6,0.35
147,7,0.23
147,49,0.6
147,51,0.44999999999999996
147,8,0.23
147,9,0.12
147,10,0.12
147,54,0.43
147,58,0.8699999999999999
147,59,1.01
147,60,0.33
147,11,0.67
147,64,1.36
147,67,0.91
147,66,0.21
147,40,2.1000000000000005
147,12,0.35
147,80,1.9300000000000002
147,82,0.44999999999999996
147,85,1.5000000000000004
147,89,1.5
147,90,1.14
147,14,0.33
147,88,0.24
147,93,0.32999999999999996
147,94,0.24
147,92,0.36
147,91,0.5700000000000001
147,15,0.12
147,16,0.12
147,95,0.36
147,39,0.12
147,43,0.9299999999999999
147,17,0.12
147,50,0.8099999999999999
147,18,0.56
147,19,0.58
147,98,7.370000000000003
147,20,0.89
147,21,0.79
147,103,1.2000000000000002
147,104,4.540000000000001
147,105,2.77
147,106,5.910000000000001
147,120,0.21
147,65,0.24
147,63,1.8000000000000003
147,123,1.12
147,124,0.35
147,128,0.7799999999999999
147,132,0.8099999999999999
147,134,0.25
147,131,0.85
147,96,0.24
147,31,0.12
147,87,0.12
147,137,0.66
147,140,0.35
147,139,0.13
147,125,0.33999999999999997
147,143,0.29000000000000004
147,142,0.22000000000000003
147,127,0.32
147,151,6.93
147,138,1.92
147,26,0.33
147,27,0.57
147,130,0.05
147,133,0.05
147,30,0.86
114,32,0.8099999999999999
114,34,10.049999999999995
114,37,38.79999999999998
114,1,0.59
114,36,7.480000000000005
114,38,2.600000000000001
114,3,2.42
114,4,2.06
114,45,2.4000000000000004
114,6,2.2700000000000005
114,51,2.5000000000000004
114,9,1.6
114,10,1.61
114,60,3.1500000000000004
114,65,6.240000000000002
114,12,2.19
114,89,10.629999999999995
114,88,1.8000000000000003
114,93,3.9400000000000013
114,94,4.840000000000002
114,92,3.4700000000000006
114,15,1.01
114,39,0.9199999999999999
114,97,4.830000000000002
114,18,3.04
114,19,2.75
114,20,2.81
114,21,4.290000000000001
114,103,7.070000000000004
114,105,7.150000000000002
114,82,1.17
114,120,3.380000000000001
114,67,6.280000000000002
114,128,4.1400000000000015
114,129,0.57
114,134,1.7100000000000002
114,131,6.640000000000002
114,96,3.350000000000001
114,90,5.390000000000002
114,31,0.24
114,135,1.1400000000000001
114,137,1.9700000000000004
114,125,1.21
114,130,3.17
114,124,2.8900000000000006
114,127,2.9400000000000004
114,26,1.56
114,142,2.1400000000000006
114,133,1.01
114,139,1.52
114,95,1.8400000000000003
114,17,0.58
114,24,0.12
114,141,0.24
114,87,1.79
114,2,0.34
114,14,0.33
114,25,0.12
29,31,4.460000000000001
29,32,3.560000000000001
29,33,14.239999999999998
29,35,32.61999999999999
29,34,41.24999999999999
29,36,29.560000000000002
29,37,142.50000000000003
29,1,3.05
29,38,13.260000000000002
29,39,4.89
29,2,1.81
29,40,37.64000000000001
29,41,80.86999999999999
29,42,5.230000000000001
29,43,33.36
29,44,61.48
29,46,47.17999999999998
29,45,9.320000000000002
29,3,8.77
29,4,9.2
29,5,7.49
29,47,95.55
29,6,8.51
29,48,46.50999999999997
29,7,6.93
29,49,14.999999999999996
29,50,20.630000000000003
29,51,8.48
29,52,160.04000100000025
29,8,6.1
29,9,7.47
29,53,54.09999999999999
29,10,10.24
29,54,48.829999999999984
29,55,31.159999999999997
29,56,127.46000000000004
29,57,192.28000099999997
29,58,33.199999999999996
29,59,25.2
29,60,13.600000000000001
29,61,39.48
29,62,80.09
29,11,43.73
29,63,54.28999999999999
29,64,53.45999999999998
29,65,23.76
29,66,3.530000000000001
29,67,33.029999999999994
29,12,8.39
29,69,66.660001
29,70,123.35000000000002
29,71,110.00999999999998
29,72,40.42
29,73,21.489999999999995
29,74,14.43
29,75,70.43999999999998
29,13,19.220001
29,76,21.08
29,77,53.169999999999995
29,78,55.08
29,79,24.430000000000003
29,80,13.95
29,81,100.379999
29,82,2.82
29,84,22.919999999999998
29,85,34.86000000000001
29,86,173.35999999999999
29,87,10.849999999999994
29,88,10.059999999999997
29,89,57.98
29,90,32.17000000000001
29,14,2.61
29,92,6.490000000000001
29,93,9.109999999999998
29,94,23.869999999999994
29,91,26.240000000000006
29,15,3.28
29,16,4.65
29,95,11.349999999999996
29,96,18.83
29,17,4.16
29,97,13.309999999999997
29,18,9.35
29,19,11.96
29,98,122.97999999999996
29,99,10.809999999999999
29,100,24.12
29,101,42.59999999999998
29,102,107.82000000000002
29,20,12.08
29,21,15.18
29,103,33.1
29,104,87.60999899999997
29,105,25.709999999999994
29,106,33.63000000000002
29,107,22.639999999999997
29,83,95.6
29,108,248.4200000000001
29,109,68.33999999999997
29,110,214.20999999999998
29,111,640.9999999999999
29,112,450.8600000000001
29,113,756.64
29,114,31.98
29,115,404.1800000000001
29,116,255.58000000000007
29,22,118.0
29,117,39.71999999999999
29,118,141.90999900000006
29,23,36.73
29,119,9.57
29,120,5.570000000000001
29,121,104.80999900000003
29,122,62.61999999999997
29,123,7.26
29,124,21.98
29,125,7.590000000000002
29,126,65.48
29,127,38.23
29,128,24.649999999999995
29,129,2.3900000000000006
29,130,14.74
29,131,34.14000000000001
29,132,32.43
29,133,4.9399999999999995
29,134,7.290000000000001
29,135,3.330000000000001
29,136,29.85000000000001
29,68,16.91
29,137,16.269999999999996
29,138,28.219999
29,24,1.26
29,25,0.56
29,139,5.400000000000001
29,140,5.610000000000001
29,141,0.19
29,142,10.590000000000002
29,143,30.720000000000002
29,144,254.63000000000005
29,145,12.11
29,146,27.830000000000005
29,147,1.12
29,148,17.82
29,149,5.790000000000001
29,150,11.080000000000002
29,151,78.12999999999997
29,26,8.25
29,27,130.8
29,28,30.73
29,30,54.79
113,33,1.9300000000000004
113,1,0.45
113,9,0.79
113,90,3.0600000000000005
113,88,0.8
113,92,1.7000000000000002
113,16,0.56
113,39,0.5599999999999999
113,18,1.36
113,21,2.03
113,67,3.1999999999999997
113,128,1.7800000000000002
113,96,1.23
113,135,0.58
113,24,0.22
113,127,2.0100000000000002
113,32,0.7599999999999999
113,15,0.12
113,129,0.22
113,31,0.22999999999999998
113,87,0.5599999999999999
113,26,0.44
115,32,0.11
115,33,0.5700000000000001
115,36,1.13
115,2,0.11
115,88,0.22999999999999998
115,92,0.45999999999999996
115,15,0.32999999999999996
115,18,0.23
115,20,0.23
115,21,0.67
115,103,0.8899999999999999
115,104,2.630000000000001
115,67,0.36
115,127,1.62
115,90,0.89
115,96,0.75
115,137,0.24
115,26,0.12
115,133,0.17
115,134,0.14
115,1,0.12
115,82,0.12
116,34,10.869999999999997
116,2,0.36
116,14,0.89
116,92,3.5400000000000014
116,18,1.3800000000000001
116,19,2.06
116,21,3.35
116,104,13.319999999999991
116,131,5.680000000000002
116,135,0.84
116,103,6.150000000000003
116,93,4.410000000000001
116,87,1.5300000000000002
116,134,0.4799999999999999
116,32,0.84
116,15,0.79
116,16,0.7
116,129,0.36
116,31,0.5399999999999999
116,141,0.13
116,82,0.32999999999999996
116,26,0.46
116,24,0.12
116,25,0.12
119,33,1.14
119,34,2.2000000000000006
119,36,1.38
119,37,5.640000000000002
119,1,0.12
119,42,0.24
119,3,0.46
119,4,0.68
119,9,0.35
119,10,0.44
119,12,0.46
119,74,0.57
119,80,0.78
119,87,0.24
119,90,1.38
119,88,0.24
119,92,1.2
119,93,0.69
119,15,0.12
119,95,0.6
119,19,0.35
119,73,0.69
119,100,1.35
119,101,1.5
119,102,3.820000000000001
119,20,0.45
119,21,0.68
119,103,1.3800000000000003
119,104,3.1700000000000004
119,105,0.7600000000000001
119,106,0.54
119,107,1.01
119,124,0.7
119,127,2.5500000000000003
119,129,0.12
119,133,0.13999999999999999
119,134,0.17999999999999997
119,131,1.3900000000000001
119,96,0.93
119,137,0.54
119,135,0.24
119,140,0.65
119,141,0.12
119,125,0.22
119,130,0.15
119,142,0.5499999999999999
119,145,0.21
119,146,2.0399999999999996
119,99,0.21
119,148,0.9
119,150,0.44000000000000006
119,151,1.39
119,138,0.9800000000000001
119,26,0.12
119,143,0.1
119,28,0.4
119,149,0.02
123,33,0.45
123,38,0.32999999999999996
123,42,0.12
123,4,0.12
123,9,0.12
123,82,0.12
123,92,0.32999999999999996
123,19,0.12
123,101,0.69
123,21,0.23
123,102,0.9199999999999999
123,104,0.5499999999999999
123,103,0.36
123,109,1.23
123,132,0.55
123,131,0.25
123,90,0.36
123,96,0.21
123,138,0.27
123,135,0.12
123,148,0.12
123,145,0.12
123,106,0.13
123,130,0.01
123,133,0.01
123,137,0.02
122,32,0.12
122,33,0.44999999999999996
122,38,0.45
122,6,0.23
122,98,2.900000000000001
122,99,0.24
122,101,1.02
122,20,0.12
122,21,0.44
122,103,0.69
122,104,1.81
122,129,0.32999999999999996
122,96,0.57
122,87,0.5399999999999999
122,24,0.12
122,148,0.32999999999999996
122,26,0.12
122,134,0.25
122,149,0.17
121,1,0.32999999999999996
121,32,0.24
121,38,1.2600000000000002
121,95,1.4699999999999998
121,18,0.8900000000000001
121,100,0.8999999999999999
121,20,0.6799999999999999
121,21,0.92
121,104,5.260000000000002
121,96,1.8600000000000003
121,103,1.9800000000000004
121,135,0.54
121,88,0.8099999999999999
121,87,0.36
121,148,0.8999999999999999
121,82,0.45
121,129,0.45
121,26,0.24
30,31,3.6800000000000006
30,32,1.7400000000000002
30,33,8.190000000000001
30,35,20.190000000000012
30,34,25.87
30,36,15.000000000000002
30,37,67.83999999999997
30,1,1.47
30,38,8.040000000000001
30,39,4.17
30,2,1.12
30,40,16.21
30,41,49.09
30,43,25.419999999999998
30,42,3.5300000000000007
30,44,32.45
30,46,39.34999999999998
30,45,4.91
30,3,5.56
30,4,4.75
30,5,3.63
30,47,51.779999999999994
30,6,4.19
30,48,24.530000000000012
30,7,3.63
30,49,12.71
30,50,18.04
30,51,7.330000000000002
30,52,84.17000000000009
30,8,3.38
30,9,3.84
30,53,27.799999999999997
30,10,5.38
30,54,28.01
30,55,12.38
30,56,40.89000000000001
30,57,85.21000000000001
30,58,27.969999999999985
30,59,24.580000000000002
30,60,15.99
30,61,66.17999999999999
30,62,80.81000000000003
30,11,33.97
30,63,43.75
30,64,144.06000000000003
30,65,129.94
30,66,9.070000000000002
30,67,54.07999999999999
30,68,102.55
30,12,4.77
30,69,32.89000000000001
30,70,52.22
30,71,38.82000000000001
30,72,13.859999999999998
30,73,8.270000000000003
30,74,5.060000000000001
30,75,27.230000000000018
30,13,9.01
30,76,7.130000000000002
30,77,16.94
30,78,15.649999999999997
30,79,7.390000000000002
30,80,5.070000000000001
30,81,30.060000000000006
30,82,1.13
30,84,2.5100000000000007
30,85,4.860000000000001
30,86,34.89
30,87,8.360000000000001
30,88,7.250000000000002
30,89,41.86999999999998
30,90,23.810000000000006
30,14,1.93
30,91,19.760000000000005
30,92,4.320000000000001
30,93,9.310000000000002
30,94,24.050000000000004
30,15,2.58
30,16,3.61
30,95,8.14
30,96,13.260000000000002
30,17,3.03
30,97,12.799999999999994
30,18,4.19
30,19,5.19
30,98,56.019999999999996
30,99,4.600000000000001
30,100,10.479999999999997
30,101,21.19000000000001
30,102,53.07999999999997
30,20,5.56
30,21,7.57
30,103,19.859999999999996
30,104,42.66999999999994
30,105,21.19
30,106,20.339999999999996
30,107,13.540000000000003
30,83,27.850000000000005
30,108,46.81999999999994
30,109,4.770000000000001
30,110,31.650000000000006
30,111,51.44999999999998
30,112,22.74000000000001
30,113,30.51000000000001
30,114,14.91
30,115,30.729999999999986
30,116,37.36999999999998
30,22,85.23
30,117,19.050000000000004
30,118,34.38999999999999
30,23,9.74
30,119,2.7
30,120,2.2300000000000004
30,121,1075.5100000000002
30,122,172.25000000000009
30,123,6.8500000000000005
30,124,27.490000000000002
30,125,8.180000000000003
30,126,62.58999999999999
30,127,214.84999999999997
30,128,33.42
30,129,2.2500000000000004
30,131,23.890000000000008
30,132,15.079999999999998
30,133,3.21
30,134,3.5800000000000005
30,136,418.00000000000017
30,135,1.9500000000000006
30,137,9.259999999999998
30,138,15.469999999999999
30,24,0.79
30,25,0.23
30,139,4.970000000000001
30,140,8.21
30,141,0.39
30,142,11.700000000000001
30,130,3.54
30,143,9.990000000000002
30,144,76.36999999999996
30,145,4.07
30,146,5.680000000000001
30,148,6.29
30,149,3.0300000000000002
30,150,5.5600000000000005
30,151,37.20000000000001
30,26,3.96
30,27,19.69
30,28,42.2
30,147,0.86
30,29,54.79
136,32,0.44999999999999996
136,33,2.7600000000000007
136,35,4.620000000000003
136,34,7.110000000000004
136,36,4.260000000000002
136,37,16.899999999999984
136,2,0.24
136,4,1.2599999999999998
136,6,1.3800000000000003
136,74,0.9899999999999999
136,80,0.9299999999999999
136,15,0.71
136,16,0.59
136,96,3.3900000000000015
136,95,2.1900000000000004
136,18,1.3600000000000003
136,19,0.81
136,98,12.739999999999988
136,73,1.9800000000000009
136,99,0.8099999999999999
136,100,1.4100000000000001
136,101,3.6500000000000012
136,102,9.869999999999996
136,20,0.7
136,21,1.7000000000000002
136,104,7.140000000000004
136,103,3.900000000000002
136,82,0.69
136,83,5.370000000000002
136,84,0.8699999999999999
136,109,2.2500000000000004
136,129,0.24
136,90,6.270000000000002
136,137,0.7599999999999999
136,141,1.28
136,87,2.2800000000000002
136,148,0.5700000000000001
136,26,0.48
136,135,0.24
136,1,0.24
136,31,0.54
136,24,0.32999999999999996
68,31,0.24
68,33,1.0499999999999998
68,35,1.8600000000000003
68,36,1.9500000000000002
68,37,5.370000000000003
68,32,0.36
68,5,0.56
68,82,0.12
68,14,0.12
68,16,0.45
68,96,1.9200000000000004
68,39,0.24
68,18,0.56
68,98,5.0100000000000025
68,73,0.6
68,100,0.36
68,101,0.96
68,20,0.46
68,102,2.9700000000000015
68,21,0.48
68,104,2.0300000000000007
68,106,1.2100000000000002
68,83,1.7400000000000002
68,108,2.730000000000001
68,112,1.1099999999999999
68,129,0.24
68,133,0.19
68,131,2.4700000000000006
68,137,0.13999999999999999
68,87,0.8999999999999999
68,109,0.63
68,130,0.29
68,134,0.17
68,149,0.24
68,145,0.12
68,147,0.37
68,1,0.12
68,2,0.12
68,74,0.12
68,84,0.12
68,85,0.12
68,135,0.24
68,24,0.12
68,148,0.24
68,26,0.12
126,31,3.4400000000000013
126,37,70.03999999999999
126,79,6.040000000000003
126,16,4.67
126,101,17.399999999999984
126,20,5.640000000000001
126,102,50.28999999999985
126,21,7.660000000000001
126,103,21.59000000000002
126,104,38.87999999999995
126,108,35.469999999999985
126,109,4.850000000000001
126,112,13.699999999999992
126,133,3.270000000000001
126,137,9.199999999999998
126,24,1.04
126,145,4.390000000000001
126,149,4.659999999999999
126,1,1.79
126,129,2.3900000000000006
126,135,3.1200000000000014
126,99,3.150000000000001
126,148,4.370000000000002
126,32,3.0500000000000007
126,74,3.9900000000000015
126,84,1.8600000000000003
126,82,0.48
126,25,0.32999999999999996
126,26,2.2
124,33,2.2
124,34,5.97
124,1,0.23
124,3,1.6
124,9,0.81
124,78,2.6600000000000006
124,80,0.6
124,84,0.48
124,85,0.24
124,19,1.26
124,73,1.17
124,99,0.32999999999999996
124,100,0.72
124,101,2.6200000000000006
124,102,7.360000000000002
124,20,0.91
124,21,1.27
124,103,3.2900000000000014
124,104,6.740000000000002
124,83,3.3900000000000006
124,112,2.72
124,109,0.9
124,117,1.1400000000000001
124,23,0.56
124,120,0.12
124,129,0.57
124,135,1.02
124,31,0.24
124,137,1.34
124,24,0.12
124,25,0.21
124,145,0.62
124,82,0.12
124,148,0.69
124,26,0.34
125,34,2.680000000000001
125,2,0.12
125,80,0.44999999999999996
125,74,0.44999999999999996
125,84,0.32999999999999996
125,85,0.44999999999999996
125,73,0.81
125,100,0.36
125,101,1.29
125,20,0.23
125,102,3.680000000000001
125,21,0.46
125,104,2.650000000000001
125,105,1.8399999999999999
125,108,2.3400000000000007
125,112,0.9299999999999999
125,109,0.54
125,117,0.44999999999999996
125,129,0.54
125,31,0.12
125,135,0.44999999999999996
125,137,0.49
125,24,0.12
125,25,0.12
125,148,0.32999999999999996
125,106,0.9700000000000001
125,26,0.23
125,149,0.19
125,145,0.09
139,79,0.69
139,73,0.24
139,99,0.21
139,101,1.4899999999999998
139,20,0.35
139,21,0.78
139,104,2.8800000000000003
139,108,2.9700000000000006
139,84,0.12
139,112,1.23
139,109,0.24
139,23,0.33
139,120,0.42
139,135,0.75
139,82,0.12
139,148,0.44999999999999996
139,151,1.9200000000000004
139,26,0.11
139,149,0.26
139,145,0.45999999999999996
140,80,0.57
140,101,3.8100000000000014
140,102,11.679999999999998
140,21,1.93
140,104,8.99
140,83,3.780000000000001
140,112,2.940000000000001
140,31,2.9900000000000007
140,135,2.8200000000000007
140,2,0.56
140,84,0.6599999999999999
140,85,0.48
140,109,1.14
140,148,0.5700000000000001
140,145,0.71
140,120,0.12
140,24,0.12
140,26,0.23
141,8,0.12
141,55,0.12
141,65,0.32999999999999996
141,66,0.12
141,78,0.12
141,19,0.11
141,73,0.11
141,99,0.12
141,20,0.11
141,102,0.76
141,21,0.11
141,104,0.55
141,83,0.12
141,108,0.45
141,111,0.24
141,115,0.32999999999999996
141,57,0.24
141,118,0.21
141,110,0.12
141,23,0.12
141,122,0.35
141,133,0.33999999999999997
141,138,0.5
141,135,0.12
141,137,0.21
141,144,0.16
141,148,0.12
141,107,0.16
141,105,0.02
141,106,0.01
141,150,0.03
