arc_zone_id,superzone_id,aggregation_weight,aggregation_method
1,31,1.0,grid_cluster_contiguous
2,31,1.0,grid_cluster_contiguous
3,31,1.0,grid_cluster_contiguous
4,32,1.0,grid_cluster_contiguous
5,32,1.0,grid_cluster_contiguous
6,32,1.0,grid_cluster_contiguous
7,32,1.0,grid_cluster_contiguous
8,33,1.0,grid_cluster_contiguous
9,33,1.0,grid_cluster_contiguous
10,33,1.0,grid_cluster_contiguous
11,33,1.0,grid_cluster_contiguous
12,33,1.0,grid_cluster_contiguous
13,32,1.0,grid_cluster_contiguous
14,32,1.0,grid_cluster_contiguous
15,32,1.0,grid_cluster_contiguous
16,31,1.0,grid_cluster_contiguous
17,31,1.0,grid_cluster_contiguous
18,32,1.0,grid_cluster_contiguous
19,32,1.0,grid_cluster_contiguous
20,32,1.0,grid_cluster_contiguous
21,32,1.0,grid_cluster_contiguous
22,32,1.0,grid_cluster_contiguous
23,32,1.0,grid_cluster_contiguous
24,33,1.0,grid_cluster_contiguous
25,33,1.0,grid_cluster_contiguous
26,33,1.0,grid_cluster_contiguous
27,33,1.0,grid_cluster_contiguous
28,33,1.0,grid_cluster_contiguous
29,33,1.0,grid_cluster_contiguous
30,33,1.0,grid_cluster_contiguous
31,33,1.0,grid_cluster_contiguous
32,33,1.0,grid_cluster_contiguous
33,34,1.0,grid_cluster_contiguous
34,33,1.0,grid_cluster_contiguous
35,33,1.0,grid_cluster_contiguous
36,33,1.0,grid_cluster_contiguous
37,33,1.0,grid_cluster_contiguous
38,33,1.0,grid_cluster_contiguous
39,33,1.0,grid_cluster_contiguous
40,33,1.0,grid_cluster_contiguous
41,33,1.0,grid_cluster_contiguous
42,33,1.0,grid_cluster_contiguous
43,33,1.0,grid_cluster_contiguous
44,33,1.0,grid_cluster_contiguous
45,33,1.0,grid_cluster_contiguous
46,33,1.0,grid_cluster_contiguous
47,33,1.0,grid_cluster_contiguous
48,33,1.0,grid_cluster_contiguous
49,33,1.0,grid_cluster_contiguous
50,33,1.0,grid_cluster_contiguous
51,33,1.0,grid_cluster_contiguous
52,33,1.0,grid_cluster_contiguous
53,33,1.0,grid_cluster_contiguous
54,33,1.0,grid_cluster_contiguous
55,33,1.0,grid_cluster_contiguous
56,33,1.0,grid_cluster_contiguous
57,35,1.0,grid_cluster_contiguous
58,35,1.0,grid_cluster_contiguous
59,33,1.0,grid_cluster_contiguous
60,33,1.0,grid_cluster_contiguous
61,35,1.0,grid_cluster_contiguous
62,33,1.0,grid_cluster_contiguous
63,35,1.0,grid_cluster_contiguous
64,35,1.0,grid_cluster_contiguous
65,35,1.0,grid_cluster_contiguous
66,35,1.0,grid_cluster_contiguous
67,35,1.0,grid_cluster_contiguous
68,35,1.0,grid_cluster_contiguous
69,35,1.0,grid_cluster_contiguous
70,35,1.0,grid_cluster_contiguous
71,33,1.0,grid_cluster_contiguous
72,33,1.0,grid_cluster_contiguous
73,33,1.0,grid_cluster_contiguous
74,33,1.0,grid_cluster_contiguous
75,33,1.0,grid_cluster_contiguous
76,34,1.0,grid_cluster_contiguous
77,33,1.0,grid_cluster_contiguous
78,34,1.0,grid_cluster_contiguous
79,34,1.0,grid_cluster_contiguous
80,33,1.0,grid_cluster_contiguous
81,34,1.0,grid_cluster_contiguous
82,34,1.0,grid_cluster_contiguous
83,34,1.0,grid_cluster_contiguous
84,34,1.0,grid_cluster_contiguous
85,34,1.0,grid_cluster_contiguous
86,34,1.0,grid_cluster_contiguous
87,34,1.0,grid_cluster_contiguous
88,34,1.0,grid_cluster_contiguous
89,34,1.0,grid_cluster_contiguous
90,34,1.0,grid_cluster_contiguous
91,36,1.0,grid_cluster_contiguous
92,34,1.0,grid_cluster_contiguous
93,34,1.0,grid_cluster_contiguous
94,36,1.0,grid_cluster_contiguous
95,36,1.0,grid_cluster_contiguous
96,37,1.0,grid_cluster_contiguous
97,37,1.0,grid_cluster_contiguous
98,37,1.0,grid_cluster_contiguous
99,37,1.0,grid_cluster_contiguous
100,37,1.0,grid_cluster_contiguous
101,1,1.0,own_superzone_top_demand
102,36,1.0,grid_cluster_contiguous
103,36,1.0,grid_cluster_contiguous
104,36,1.0,grid_cluster_contiguous
105,36,1.0,grid_cluster_contiguous
106,36,1.0,grid_cluster_contiguous
107,36,1.0,grid_cluster_contiguous
108,36,1.0,grid_cluster_contiguous
109,36,1.0,grid_cluster_contiguous
110,36,1.0,grid_cluster_contiguous
111,36,1.0,grid_cluster_contiguous
112,36,1.0,grid_cluster_contiguous
113,36,1.0,grid_cluster_contiguous
114,36,1.0,grid_cluster_contiguous
115,36,1.0,grid_cluster_contiguous
116,36,1.0,grid_cluster_contiguous
117,35,1.0,grid_cluster_contiguous
118,35,1.0,grid_cluster_contiguous
119,35,1.0,grid_cluster_contiguous
120,36,1.0,grid_cluster_contiguous
121,36,1.0,grid_cluster_contiguous
122,36,1.0,grid_cluster_contiguous
123,34,1.0,grid_cluster_contiguous
124,34,1.0,grid_cluster_contiguous
125,34,1.0,grid_cluster_contiguous
126,35,1.0,grid_cluster_contiguous
127,35,1.0,grid_cluster_contiguous
128,35,1.0,grid_cluster_contiguous
129,35,1.0,grid_cluster_contiguous
130,35,1.0,grid_cluster_contiguous
131,35,1.0,grid_cluster_contiguous
132,35,1.0,grid_cluster_contiguous
133,38,1.0,grid_cluster_contiguous
134,38,1.0,grid_cluster_contiguous
135,35,1.0,grid_cluster_contiguous
136,33,1.0,grid_cluster_contiguous
137,32,1.0,grid_cluster_contiguous
138,32,1.0,grid_cluster_contiguous
139,32,1.0,grid_cluster_contiguous
140,31,1.0,grid_cluster_contiguous
141,38,1.0,grid_cluster_contiguous
142,38,1.0,grid_cluster_contiguous
143,38,1.0,grid_cluster_contiguous
144,38,1.0,grid_cluster_contiguous
145,38,1.0,grid_cluster_contiguous
146,38,1.0,grid_cluster_contiguous
147,39,1.0,grid_cluster_contiguous
148,39,1.0,grid_cluster_contiguous
149,39,1.0,grid_cluster_contiguous
150,38,1.0,grid_cluster_contiguous
151,38,1.0,grid_cluster_contiguous
152,39,1.0,grid_cluster_contiguous
153,39,1.0,grid_cluster_contiguous
154,38,1.0,grid_cluster_contiguous
155,38,1.0,grid_cluster_contiguous
156,38,1.0,grid_cluster_contiguous
157,38,1.0,grid_cluster_contiguous
158,38,1.0,grid_cluster_contiguous
159,38,1.0,grid_cluster_contiguous
160,38,1.0,grid_cluster_contiguous
161,38,1.0,grid_cluster_contiguous
162,38,1.0,grid_cluster_contiguous
163,38,1.0,grid_cluster_contiguous
164,38,1.0,grid_cluster_contiguous
165,38,1.0,grid_cluster_contiguous
166,35,1.0,grid_cluster_contiguous
167,35,1.0,grid_cluster_contiguous
168,35,1.0,grid_cluster_contiguous
169,35,1.0,grid_cluster_contiguous
170,2,1.0,own_superzone_top_demand
171,35,1.0,grid_cluster_contiguous
172,35,1.0,grid_cluster_contiguous
173,35,1.0,grid_cluster_contiguous
174,36,1.0,grid_cluster_contiguous
175,36,1.0,grid_cluster_contiguous
176,36,1.0,grid_cluster_contiguous
177,36,1.0,grid_cluster_contiguous
178,36,1.0,grid_cluster_contiguous
179,35,1.0,grid_cluster_contiguous
180,36,1.0,grid_cluster_contiguous
181,35,1.0,grid_cluster_contiguous
182,35,1.0,grid_cluster_contiguous
183,35,1.0,grid_cluster_contiguous
184,35,1.0,grid_cluster_contiguous
185,35,1.0,grid_cluster_contiguous
186,35,1.0,grid_cluster_contiguous
187,40,1.0,grid_cluster_contiguous
188,35,1.0,grid_cluster_contiguous
189,40,1.0,grid_cluster_contiguous
190,35,1.0,grid_cluster_contiguous
191,35,1.0,grid_cluster_contiguous
192,35,1.0,grid_cluster_contiguous
193,35,1.0,grid_cluster_contiguous
194,38,1.0,grid_cluster_contiguous
195,38,1.0,grid_cluster_contiguous
196,38,1.0,grid_cluster_contiguous
197,38,1.0,grid_cluster_contiguous
198,38,1.0,grid_cluster_contiguous
199,41,1.0,grid_cluster_contiguous
200,38,1.0,grid_cluster_contiguous
201,38,1.0,grid_cluster_contiguous
202,38,1.0,grid_cluster_contiguous
203,38,1.0,grid_cluster_contiguous
204,41,1.0,grid_cluster_contiguous
205,41,1.0,grid_cluster_contiguous
206,41,1.0,grid_cluster_contiguous
207,41,1.0,grid_cluster_contiguous
208,41,1.0,grid_cluster_contiguous
209,41,1.0,grid_cluster_contiguous
210,41,1.0,grid_cluster_contiguous
211,41,1.0,grid_cluster_contiguous
212,41,1.0,grid_cluster_contiguous
213,41,1.0,grid_cluster_contiguous
214,41,1.0,grid_cluster_contiguous
215,41,1.0,grid_cluster_contiguous
216,41,1.0,grid_cluster_contiguous
217,42,1.0,grid_cluster_contiguous
218,42,1.0,grid_cluster_contiguous
219,42,1.0,grid_cluster_contiguous
220,43,1.0,grid_cluster_contiguous
221,42,1.0,grid_cluster_contiguous
222,42,1.0,grid_cluster_contiguous
223,42,1.0,grid_cluster_contiguous
224,41,1.0,grid_cluster_contiguous
225,41,1.0,grid_cluster_contiguous
226,41,1.0,grid_cluster_contiguous
227,41,1.0,grid_cluster_contiguous
228,42,1.0,grid_cluster_contiguous
229,42,1.0,grid_cluster_contiguous
230,42,1.0,grid_cluster_contiguous
231,42,1.0,grid_cluster_contiguous
232,42,1.0,grid_cluster_contiguous
233,42,1.0,grid_cluster_contiguous
234,42,1.0,grid_cluster_contiguous
235,42,1.0,grid_cluster_contiguous
236,41,1.0,grid_cluster_contiguous
237,41,1.0,grid_cluster_contiguous
238,41,1.0,grid_cluster_contiguous
239,41,1.0,grid_cluster_contiguous
240,41,1.0,grid_cluster_contiguous
241,41,1.0,grid_cluster_contiguous
242,41,1.0,grid_cluster_contiguous
243,41,1.0,grid_cluster_contiguous
244,41,1.0,grid_cluster_contiguous
245,41,1.0,grid_cluster_contiguous
246,41,1.0,grid_cluster_contiguous
247,41,1.0,grid_cluster_contiguous
248,41,1.0,grid_cluster_contiguous
249,41,1.0,grid_cluster_contiguous
250,41,1.0,grid_cluster_contiguous
251,41,1.0,grid_cluster_contiguous
252,41,1.0,grid_cluster_contiguous
253,41,1.0,grid_cluster_contiguous
254,41,1.0,grid_cluster_contiguous
255,41,1.0,grid_cluster_contiguous
256,41,1.0,grid_cluster_contiguous
257,41,1.0,grid_cluster_contiguous
258,41,1.0,grid_cluster_contiguous
259,41,1.0,grid_cluster_contiguous
260,41,1.0,grid_cluster_contiguous
261,41,1.0,grid_cluster_contiguous
262,41,1.0,grid_cluster_contiguous
263,41,1.0,grid_cluster_contiguous
264,44,1.0,grid_cluster_contiguous
265,45,1.0,grid_cluster_contiguous
266,42,1.0,grid_cluster_contiguous
267,42,1.0,grid_cluster_contiguous
268,42,1.0,grid_cluster_contiguous
269,42,1.0,grid_cluster_contiguous
270,42,1.0,grid_cluster_contiguous
271,42,1.0,grid_cluster_contiguous
272,42,1.0,grid_cluster_contiguous
273,42,1.0,grid_cluster_contiguous
274,46,1.0,grid_cluster_contiguous
275,45,1.0,grid_cluster_contiguous
276,45,1.0,grid_cluster_contiguous
277,45,1.0,grid_cluster_contiguous
278,45,1.0,grid_cluster_contiguous
279,45,1.0,grid_cluster_contiguous
280,44,1.0,grid_cluster_contiguous
281,44,1.0,grid_cluster_contiguous
282,44,1.0,grid_cluster_contiguous
283,44,1.0,grid_cluster_contiguous
284,44,1.0,grid_cluster_contiguous
285,41,1.0,grid_cluster_contiguous
286,41,1.0,grid_cluster_contiguous
287,3,1.0,own_superzone_top_demand
288,41,1.0,grid_cluster_contiguous
289,41,1.0,grid_cluster_contiguous
290,41,1.0,grid_cluster_contiguous
291,44,1.0,grid_cluster_contiguous
292,44,1.0,grid_cluster_contiguous
293,44,1.0,grid_cluster_contiguous
294,44,1.0,grid_cluster_contiguous
295,44,1.0,grid_cluster_contiguous
296,44,1.0,grid_cluster_contiguous
297,4,1.0,own_superzone_top_demand
298,44,1.0,grid_cluster_contiguous
299,44,1.0,grid_cluster_contiguous
300,44,1.0,grid_cluster_contiguous
301,44,1.0,grid_cluster_contiguous
302,44,1.0,grid_cluster_contiguous
303,5,1.0,own_superzone_top_demand
304,44,1.0,grid_cluster_contiguous
305,44,1.0,grid_cluster_contiguous
306,45,1.0,grid_cluster_contiguous
307,45,1.0,grid_cluster_contiguous
308,45,1.0,grid_cluster_contiguous
309,45,1.0,grid_cluster_contiguous
310,45,1.0,grid_cluster_contiguous
311,45,1.0,grid_cluster_contiguous
312,45,1.0,grid_cluster_contiguous
313,46,1.0,grid_cluster_contiguous
314,46,1.0,grid_cluster_contiguous
315,46,1.0,grid_cluster_contiguous
316,46,1.0,grid_cluster_contiguous
317,46,1.0,grid_cluster_contiguous
318,46,1.0,grid_cluster_contiguous
319,46,1.0,grid_cluster_contiguous
320,46,1.0,grid_cluster_contiguous
321,46,1.0,grid_cluster_contiguous
322,46,1.0,grid_cluster_contiguous
323,45,1.0,grid_cluster_contiguous
324,45,1.0,grid_cluster_contiguous
325,45,1.0,grid_cluster_contiguous
326,45,1.0,grid_cluster_contiguous
327,45,1.0,grid_cluster_contiguous
328,45,1.0,grid_cluster_contiguous
329,45,1.0,grid_cluster_contiguous
330,45,1.0,grid_cluster_contiguous
331,45,1.0,grid_cluster_contiguous
332,45,1.0,grid_cluster_contiguous
333,47,1.0,grid_cluster_contiguous
334,45,1.0,grid_cluster_contiguous
335,45,1.0,grid_cluster_contiguous
336,45,1.0,grid_cluster_contiguous
337,45,1.0,grid_cluster_contiguous
338,44,1.0,grid_cluster_contiguous
339,45,1.0,grid_cluster_contiguous
340,45,1.0,grid_cluster_contiguous
341,44,1.0,grid_cluster_contiguous
342,44,1.0,grid_cluster_contiguous
343,44,1.0,grid_cluster_contiguous
344,44,1.0,grid_cluster_contiguous
345,44,1.0,grid_cluster_contiguous
346,6,1.0,own_superzone_top_demand
347,44,1.0,grid_cluster_contiguous
348,44,1.0,grid_cluster_contiguous
349,44,1.0,grid_cluster_contiguous
350,44,1.0,grid_cluster_contiguous
351,44,1.0,grid_cluster_contiguous
352,44,1.0,grid_cluster_contiguous
353,44,1.0,grid_cluster_contiguous
354,44,1.0,grid_cluster_contiguous
355,44,1.0,grid_cluster_contiguous
356,48,1.0,grid_cluster_contiguous
357,48,1.0,grid_cluster_contiguous
358,44,1.0,grid_cluster_contiguous
359,44,1.0,grid_cluster_contiguous
360,44,1.0,grid_cluster_contiguous
361,48,1.0,grid_cluster_contiguous
362,48,1.0,grid_cluster_contiguous
363,48,1.0,grid_cluster_contiguous
364,47,1.0,grid_cluster_contiguous
365,47,1.0,grid_cluster_contiguous
366,47,1.0,grid_cluster_contiguous
367,7,1.0,own_superzone_top_demand
368,47,1.0,grid_cluster_contiguous
369,47,1.0,grid_cluster_contiguous
370,47,1.0,grid_cluster_contiguous
371,47,1.0,grid_cluster_contiguous
372,47,1.0,grid_cluster_contiguous
373,47,1.0,grid_cluster_contiguous
374,47,1.0,grid_cluster_contiguous
375,47,1.0,grid_cluster_contiguous
376,47,1.0,grid_cluster_contiguous
377,47,1.0,grid_cluster_contiguous
378,47,1.0,grid_cluster_contiguous
379,47,1.0,grid_cluster_contiguous
380,47,1.0,grid_cluster_contiguous
381,47,1.0,grid_cluster_contiguous
382,47,1.0,grid_cluster_contiguous
383,47,1.0,grid_cluster_contiguous
384,47,1.0,grid_cluster_contiguous
385,47,1.0,grid_cluster_contiguous
386,47,1.0,grid_cluster_contiguous
387,49,1.0,grid_cluster_contiguous
388,47,1.0,grid_cluster_contiguous
389,47,1.0,grid_cluster_contiguous
390,47,1.0,grid_cluster_contiguous
391,46,1.0,grid_cluster_contiguous
392,49,1.0,grid_cluster_contiguous
393,46,1.0,grid_cluster_contiguous
394,46,1.0,grid_cluster_contiguous
395,46,1.0,grid_cluster_contiguous
396,46,1.0,grid_cluster_contiguous
397,49,1.0,grid_cluster_contiguous
398,49,1.0,grid_cluster_contiguous
399,49,1.0,grid_cluster_contiguous
400,49,1.0,grid_cluster_contiguous
401,49,1.0,grid_cluster_contiguous
402,49,1.0,grid_cluster_contiguous
403,49,1.0,grid_cluster_contiguous
404,49,1.0,grid_cluster_contiguous
405,49,1.0,grid_cluster_contiguous
406,49,1.0,grid_cluster_contiguous
407,49,1.0,grid_cluster_contiguous
408,49,1.0,grid_cluster_contiguous
409,49,1.0,grid_cluster_contiguous
410,49,1.0,grid_cluster_contiguous
411,49,1.0,grid_cluster_contiguous
412,49,1.0,grid_cluster_contiguous
413,49,1.0,grid_cluster_contiguous
414,49,1.0,grid_cluster_contiguous
415,49,1.0,grid_cluster_contiguous
416,49,1.0,grid_cluster_contiguous
417,47,1.0,grid_cluster_contiguous
418,49,1.0,grid_cluster_contiguous
419,49,1.0,grid_cluster_contiguous
420,49,1.0,grid_cluster_contiguous
421,49,1.0,grid_cluster_contiguous
422,49,1.0,grid_cluster_contiguous
423,49,1.0,grid_cluster_contiguous
424,49,1.0,grid_cluster_contiguous
425,49,1.0,grid_cluster_contiguous
426,49,1.0,grid_cluster_contiguous
427,49,1.0,grid_cluster_contiguous
428,49,1.0,grid_cluster_contiguous
429,49,1.0,grid_cluster_contiguous
430,50,1.0,grid_cluster_contiguous
431,50,1.0,grid_cluster_contiguous
432,49,1.0,grid_cluster_contiguous
433,49,1.0,grid_cluster_contiguous
434,49,1.0,grid_cluster_contiguous
435,49,1.0,grid_cluster_contiguous
436,49,1.0,grid_cluster_contiguous
437,49,1.0,grid_cluster_contiguous
438,49,1.0,grid_cluster_contiguous
439,51,1.0,grid_cluster_contiguous
440,51,1.0,grid_cluster_contiguous
441,51,1.0,grid_cluster_contiguous
442,51,1.0,grid_cluster_contiguous
443,51,1.0,grid_cluster_contiguous
444,51,1.0,grid_cluster_contiguous
445,51,1.0,grid_cluster_contiguous
446,51,1.0,grid_cluster_contiguous
447,51,1.0,grid_cluster_contiguous
448,51,1.0,grid_cluster_contiguous
449,51,1.0,grid_cluster_contiguous
450,51,1.0,grid_cluster_contiguous
451,52,1.0,grid_cluster_contiguous
452,51,1.0,grid_cluster_contiguous
453,51,1.0,grid_cluster_contiguous
454,52,1.0,grid_cluster_contiguous
455,52,1.0,grid_cluster_contiguous
456,47,1.0,grid_cluster_contiguous
457,52,1.0,grid_cluster_contiguous
458,52,1.0,grid_cluster_contiguous
459,52,1.0,grid_cluster_contiguous
460,52,1.0,grid_cluster_contiguous
461,52,1.0,grid_cluster_contiguous
462,52,1.0,grid_cluster_contiguous
463,52,1.0,grid_cluster_contiguous
464,52,1.0,grid_cluster_contiguous
465,52,1.0,grid_cluster_contiguous
466,52,1.0,grid_cluster_contiguous
467,52,1.0,grid_cluster_contiguous
468,47,1.0,grid_cluster_contiguous
469,47,1.0,grid_cluster_contiguous
470,47,1.0,grid_cluster_contiguous
471,47,1.0,grid_cluster_contiguous
472,47,1.0,grid_cluster_contiguous
473,47,1.0,grid_cluster_contiguous
474,47,1.0,grid_cluster_contiguous
475,47,1.0,grid_cluster_contiguous
476,47,1.0,grid_cluster_contiguous
477,47,1.0,grid_cluster_contiguous
478,47,1.0,grid_cluster_contiguous
479,47,1.0,grid_cluster_contiguous
480,47,1.0,grid_cluster_contiguous
481,47,1.0,grid_cluster_contiguous
482,47,1.0,grid_cluster_contiguous
483,47,1.0,grid_cluster_contiguous
484,8,1.0,own_superzone_top_demand
485,47,1.0,grid_cluster_contiguous
486,47,1.0,grid_cluster_contiguous
487,47,1.0,grid_cluster_contiguous
488,47,1.0,grid_cluster_contiguous
489,47,1.0,grid_cluster_contiguous
490,47,1.0,grid_cluster_contiguous
491,47,1.0,grid_cluster_contiguous
492,47,1.0,grid_cluster_contiguous
493,47,1.0,grid_cluster_contiguous
494,47,1.0,grid_cluster_contiguous
495,47,1.0,grid_cluster_contiguous
496,47,1.0,grid_cluster_contiguous
497,47,1.0,grid_cluster_contiguous
498,47,1.0,grid_cluster_contiguous
499,47,1.0,grid_cluster_contiguous
500,47,1.0,grid_cluster_contiguous
501,47,1.0,grid_cluster_contiguous
502,47,1.0,grid_cluster_contiguous
503,47,1.0,grid_cluster_contiguous
504,47,1.0,grid_cluster_contiguous
505,47,1.0,grid_cluster_contiguous
506,47,1.0,grid_cluster_contiguous
507,47,1.0,grid_cluster_contiguous
508,47,1.0,grid_cluster_contiguous
509,47,1.0,grid_cluster_contiguous
510,47,1.0,grid_cluster_contiguous
511,47,1.0,grid_cluster_contiguous
512,47,1.0,grid_cluster_contiguous
513,47,1.0,grid_cluster_contiguous
514,47,1.0,grid_cluster_contiguous
515,47,1.0,grid_cluster_contiguous
516,47,1.0,grid_cluster_contiguous
517,48,1.0,grid_cluster_contiguous
518,48,1.0,grid_cluster_contiguous
519,48,1.0,grid_cluster_contiguous
520,48,1.0,grid_cluster_contiguous
521,48,1.0,grid_cluster_contiguous
522,48,1.0,grid_cluster_contiguous
523,48,1.0,grid_cluster_contiguous
524,48,1.0,grid_cluster_contiguous
525,48,1.0,grid_cluster_contiguous
526,44,1.0,grid_cluster_contiguous
527,44,1.0,grid_cluster_contiguous
528,48,1.0,grid_cluster_contiguous
529,48,1.0,grid_cluster_contiguous
530,48,1.0,grid_cluster_contiguous
531,48,1.0,grid_cluster_contiguous
532,48,1.0,grid_cluster_contiguous
533,48,1.0,grid_cluster_contiguous
534,48,1.0,grid_cluster_contiguous
535,48,1.0,grid_cluster_contiguous
536,48,1.0,grid_cluster_contiguous
537,48,1.0,grid_cluster_contiguous
538,48,1.0,grid_cluster_contiguous
539,48,1.0,grid_cluster_contiguous
540,48,1.0,grid_cluster_contiguous
541,48,1.0,grid_cluster_contiguous
542,48,1.0,grid_cluster_contiguous
543,48,1.0,grid_cluster_contiguous
544,48,1.0,grid_cluster_contiguous
545,48,1.0,grid_cluster_contiguous
546,47,1.0,grid_cluster_contiguous
547,47,1.0,grid_cluster_contiguous
548,9,1.0,own_superzone_top_demand
549,48,1.0,grid_cluster_contiguous
550,48,1.0,grid_cluster_contiguous
551,48,1.0,grid_cluster_contiguous
552,48,1.0,grid_cluster_contiguous
553,47,1.0,grid_cluster_contiguous
554,47,1.0,grid_cluster_contiguous
555,47,1.0,grid_cluster_contiguous
556,48,1.0,grid_cluster_contiguous
557,48,1.0,grid_cluster_contiguous
558,48,1.0,grid_cluster_contiguous
559,48,1.0,grid_cluster_contiguous
560,48,1.0,grid_cluster_contiguous
561,48,1.0,grid_cluster_contiguous
562,48,1.0,grid_cluster_contiguous
563,48,1.0,grid_cluster_contiguous
564,48,1.0,grid_cluster_contiguous
565,48,1.0,grid_cluster_contiguous
566,48,1.0,grid_cluster_contiguous
567,48,1.0,grid_cluster_contiguous
568,48,1.0,grid_cluster_contiguous
569,48,1.0,grid_cluster_contiguous
570,48,1.0,grid_cluster_contiguous
571,48,1.0,grid_cluster_contiguous
572,48,1.0,grid_cluster_contiguous
573,48,1.0,grid_cluster_contiguous
574,48,1.0,grid_cluster_contiguous
575,48,1.0,grid_cluster_contiguous
576,48,1.0,grid_cluster_contiguous
577,48,1.0,grid_cluster_contiguous
578,48,1.0,grid_cluster_contiguous
579,48,1.0,grid_cluster_contiguous
580,48,1.0,grid_cluster_contiguous
581,53,1.0,grid_cluster_contiguous
582,53,1.0,grid_cluster_contiguous
583,53,1.0,grid_cluster_contiguous
584,48,1.0,grid_cluster_contiguous
585,48,1.0,grid_cluster_contiguous
586,53,1.0,grid_cluster_contiguous
587,53,1.0,grid_cluster_contiguous
588,53,1.0,grid_cluster_contiguous
589,53,1.0,grid_cluster_contiguous
590,48,1.0,grid_cluster_contiguous
591,53,1.0,grid_cluster_contiguous
592,53,1.0,grid_cluster_contiguous
593,53,1.0,grid_cluster_contiguous
594,53,1.0,grid_cluster_contiguous
595,48,1.0,grid_cluster_contiguous
596,48,1.0,grid_cluster_contiguous
597,48,1.0,grid_cluster_contiguous
598,48,1.0,grid_cluster_contiguous
599,48,1.0,grid_cluster_contiguous
600,53,1.0,grid_cluster_contiguous
601,53,1.0,grid_cluster_contiguous
602,53,1.0,grid_cluster_contiguous
603,53,1.0,grid_cluster_contiguous
604,53,1.0,grid_cluster_contiguous
605,53,1.0,grid_cluster_contiguous
606,53,1.0,grid_cluster_contiguous
607,53,1.0,grid_cluster_contiguous
608,53,1.0,grid_cluster_contiguous
609,53,1.0,grid_cluster_contiguous
610,53,1.0,grid_cluster_contiguous
611,53,1.0,grid_cluster_contiguous
612,53,1.0,grid_cluster_contiguous
613,53,1.0,grid_cluster_contiguous
614,53,1.0,grid_cluster_contiguous
615,53,1.0,grid_cluster_contiguous
616,53,1.0,grid_cluster_contiguous
617,53,1.0,grid_cluster_contiguous
618,53,1.0,grid_cluster_contiguous
619,53,1.0,grid_cluster_contiguous
620,53,1.0,grid_cluster_contiguous
621,53,1.0,grid_cluster_contiguous
622,53,1.0,grid_cluster_contiguous
623,53,1.0,grid_cluster_contiguous
624,53,1.0,grid_cluster_contiguous
625,53,1.0,grid_cluster_contiguous
626,53,1.0,grid_cluster_contiguous
627,53,1.0,grid_cluster_contiguous
628,53,1.0,grid_cluster_contiguous
629,53,1.0,grid_cluster_contiguous
630,53,1.0,grid_cluster_contiguous
631,53,1.0,grid_cluster_contiguous
632,53,1.0,grid_cluster_contiguous
633,53,1.0,grid_cluster_contiguous
634,53,1.0,grid_cluster_contiguous
635,53,1.0,grid_cluster_contiguous
636,53,1.0,grid_cluster_contiguous
637,53,1.0,grid_cluster_contiguous
638,53,1.0,grid_cluster_contiguous
639,53,1.0,grid_cluster_contiguous
640,53,1.0,grid_cluster_contiguous
641,53,1.0,grid_cluster_contiguous
642,53,1.0,grid_cluster_contiguous
643,53,1.0,grid_cluster_contiguous
644,53,1.0,grid_cluster_contiguous
645,53,1.0,grid_cluster_contiguous
646,53,1.0,grid_cluster_contiguous
647,53,1.0,grid_cluster_contiguous
648,53,1.0,grid_cluster_contiguous
649,53,1.0,grid_cluster_contiguous
650,53,1.0,grid_cluster_contiguous
651,53,1.0,grid_cluster_contiguous
652,53,1.0,grid_cluster_contiguous
653,53,1.0,grid_cluster_contiguous
654,53,1.0,grid_cluster_contiguous
655,53,1.0,grid_cluster_contiguous
656,53,1.0,grid_cluster_contiguous
657,53,1.0,grid_cluster_contiguous
658,53,1.0,grid_cluster_contiguous
659,53,1.0,grid_cluster_contiguous
660,53,1.0,grid_cluster_contiguous
661,53,1.0,grid_cluster_contiguous
662,52,1.0,grid_cluster_contiguous
663,52,1.0,grid_cluster_contiguous
664,52,1.0,grid_cluster_contiguous
665,52,1.0,grid_cluster_contiguous
666,10,1.0,own_superzone_top_demand
667,53,1.0,grid_cluster_contiguous
668,53,1.0,grid_cluster_contiguous
669,52,1.0,grid_cluster_contiguous
670,52,1.0,grid_cluster_contiguous
671,52,1.0,grid_cluster_contiguous
672,52,1.0,grid_cluster_contiguous
673,52,1.0,grid_cluster_contiguous
674,52,1.0,grid_cluster_contiguous
675,52,1.0,grid_cluster_contiguous
676,52,1.0,grid_cluster_contiguous
677,52,1.0,grid_cluster_contiguous
678,52,1.0,grid_cluster_contiguous
679,52,1.0,grid_cluster_contiguous
680,52,1.0,grid_cluster_contiguous
681,52,1.0,grid_cluster_contiguous
682,52,1.0,grid_cluster_contiguous
683,52,1.0,grid_cluster_contiguous
684,52,1.0,grid_cluster_contiguous
685,52,1.0,grid_cluster_contiguous
686,52,1.0,grid_cluster_contiguous
687,52,1.0,grid_cluster_contiguous
688,52,1.0,grid_cluster_contiguous
689,52,1.0,grid_cluster_contiguous
690,52,1.0,grid_cluster_contiguous
691,52,1.0,grid_cluster_contiguous
692,52,1.0,grid_cluster_contiguous
693,52,1.0,grid_cluster_contiguous
694,52,1.0,grid_cluster_contiguous
695,52,1.0,grid_cluster_contiguous
696,52,1.0,grid_cluster_contiguous
697,52,1.0,grid_cluster_contiguous
698,52,1.0,grid_cluster_contiguous
699,52,1.0,grid_cluster_contiguous
700,52,1.0,grid_cluster_contiguous
701,52,1.0,grid_cluster_contiguous
702,52,1.0,grid_cluster_contiguous
703,52,1.0,grid_cluster_contiguous
704,52,1.0,grid_cluster_contiguous
705,52,1.0,grid_cluster_contiguous
706,52,1.0,grid_cluster_contiguous
707,52,1.0,grid_cluster_contiguous
708,52,1.0,grid_cluster_contiguous
709,52,1.0,grid_cluster_contiguous
710,52,1.0,grid_cluster_contiguous
711,52,1.0,grid_cluster_contiguous
712,52,1.0,grid_cluster_contiguous
713,52,1.0,grid_cluster_contiguous
714,52,1.0,grid_cluster_contiguous
715,52,1.0,grid_cluster_contiguous
716,52,1.0,grid_cluster_contiguous
717,52,1.0,grid_cluster_contiguous
718,52,1.0,grid_cluster_contiguous
719,52,1.0,grid_cluster_contiguous
720,52,1.0,grid_cluster_contiguous
721,52,1.0,grid_cluster_contiguous
722,53,1.0,grid_cluster_contiguous
723,48,1.0,grid_cluster_contiguous
724,48,1.0,grid_cluster_contiguous
725,47,1.0,grid_cluster_contiguous
726,47,1.0,grid_cluster_contiguous
727,47,1.0,grid_cluster_contiguous
728,47,1.0,grid_cluster_contiguous
729,47,1.0,grid_cluster_contiguous
730,47,1.0,grid_cluster_contiguous
731,47,1.0,grid_cluster_contiguous
732,47,1.0,grid_cluster_contiguous
733,47,1.0,grid_cluster_contiguous
734,52,1.0,grid_cluster_contiguous
735,47,1.0,grid_cluster_contiguous
736,52,1.0,grid_cluster_contiguous
737,52,1.0,grid_cluster_contiguous
738,52,1.0,grid_cluster_contiguous
739,52,1.0,grid_cluster_contiguous
740,52,1.0,grid_cluster_contiguous
741,52,1.0,grid_cluster_contiguous
742,52,1.0,grid_cluster_contiguous
743,52,1.0,grid_cluster_contiguous
744,52,1.0,grid_cluster_contiguous
745,52,1.0,grid_cluster_contiguous
746,52,1.0,grid_cluster_contiguous
747,52,1.0,grid_cluster_contiguous
748,52,1.0,grid_cluster_contiguous
749,52,1.0,grid_cluster_contiguous
750,52,1.0,grid_cluster_contiguous
751,52,1.0,grid_cluster_contiguous
752,52,1.0,grid_cluster_contiguous
753,52,1.0,grid_cluster_contiguous
754,52,1.0,grid_cluster_contiguous
755,52,1.0,grid_cluster_contiguous
756,52,1.0,grid_cluster_contiguous
757,52,1.0,grid_cluster_contiguous
758,52,1.0,grid_cluster_contiguous
759,52,1.0,grid_cluster_contiguous
760,52,1.0,grid_cluster_contiguous
761,52,1.0,grid_cluster_contiguous
762,52,1.0,grid_cluster_contiguous
763,52,1.0,grid_cluster_contiguous
764,52,1.0,grid_cluster_contiguous
765,52,1.0,grid_cluster_contiguous
766,52,1.0,grid_cluster_contiguous
767,52,1.0,grid_cluster_contiguous
768,52,1.0,grid_cluster_contiguous
769,52,1.0,grid_cluster_contiguous
770,52,1.0,grid_cluster_contiguous
771,52,1.0,grid_cluster_contiguous
772,52,1.0,grid_cluster_contiguous
773,52,1.0,grid_cluster_contiguous
774,52,1.0,grid_cluster_contiguous
775,52,1.0,grid_cluster_contiguous
776,52,1.0,grid_cluster_contiguous
777,52,1.0,grid_cluster_contiguous
778,52,1.0,grid_cluster_contiguous
779,53,1.0,grid_cluster_contiguous
780,53,1.0,grid_cluster_contiguous
781,53,1.0,grid_cluster_contiguous
782,53,1.0,grid_cluster_contiguous
783,53,1.0,grid_cluster_contiguous
784,53,1.0,grid_cluster_contiguous
785,53,1.0,grid_cluster_contiguous
786,53,1.0,grid_cluster_contiguous
787,53,1.0,grid_cluster_contiguous
788,53,1.0,grid_cluster_contiguous
789,53,1.0,grid_cluster_contiguous
790,52,1.0,grid_cluster_contiguous
791,52,1.0,grid_cluster_contiguous
792,52,1.0,grid_cluster_contiguous
793,52,1.0,grid_cluster_contiguous
794,52,1.0,grid_cluster_contiguous
795,52,1.0,grid_cluster_contiguous
796,52,1.0,grid_cluster_contiguous
797,52,1.0,grid_cluster_contiguous
798,52,1.0,grid_cluster_contiguous
799,52,1.0,grid_cluster_contiguous
800,54,1.0,grid_cluster_contiguous
801,52,1.0,grid_cluster_contiguous
802,52,1.0,grid_cluster_contiguous
803,52,1.0,grid_cluster_contiguous
804,54,1.0,grid_cluster_contiguous
805,54,1.0,grid_cluster_contiguous
806,54,1.0,grid_cluster_contiguous
807,54,1.0,grid_cluster_contiguous
808,54,1.0,grid_cluster_contiguous
809,54,1.0,grid_cluster_contiguous
810,54,1.0,grid_cluster_contiguous
811,52,1.0,grid_cluster_contiguous
812,52,1.0,grid_cluster_contiguous
813,52,1.0,grid_cluster_contiguous
814,52,1.0,grid_cluster_contiguous
815,52,1.0,grid_cluster_contiguous
816,52,1.0,grid_cluster_contiguous
817,52,1.0,grid_cluster_contiguous
818,52,1.0,grid_cluster_contiguous
819,52,1.0,grid_cluster_contiguous
820,52,1.0,grid_cluster_contiguous
821,52,1.0,grid_cluster_contiguous
822,54,1.0,grid_cluster_contiguous
823,54,1.0,grid_cluster_contiguous
824,54,1.0,grid_cluster_contiguous
825,54,1.0,grid_cluster_contiguous
826,54,1.0,grid_cluster_contiguous
827,54,1.0,grid_cluster_contiguous
828,54,1.0,grid_cluster_contiguous
829,54,1.0,grid_cluster_contiguous
830,55,1.0,grid_cluster_contiguous
831,55,1.0,grid_cluster_contiguous
832,53,1.0,grid_cluster_contiguous
833,53,1.0,grid_cluster_contiguous
834,53,1.0,grid_cluster_contiguous
835,55,1.0,grid_cluster_contiguous
836,53,1.0,grid_cluster_contiguous
837,55,1.0,grid_cluster_contiguous
838,55,1.0,grid_cluster_contiguous
839,55,1.0,grid_cluster_contiguous
840,53,1.0,grid_cluster_contiguous
841,53,1.0,grid_cluster_contiguous
842,53,1.0,grid_cluster_contiguous
843,53,1.0,grid_cluster_contiguous
844,53,1.0,grid_cluster_contiguous
845,53,1.0,grid_cluster_contiguous
846,53,1.0,grid_cluster_contiguous
847,53,1.0,grid_cluster_contiguous
848,53,1.0,grid_cluster_contiguous
849,53,1.0,grid_cluster_contiguous
850,53,1.0,grid_cluster_contiguous
851,53,1.0,grid_cluster_contiguous
852,55,1.0,grid_cluster_contiguous
853,55,1.0,grid_cluster_contiguous
854,55,1.0,grid_cluster_contiguous
855,55,1.0,grid_cluster_contiguous
856,55,1.0,grid_cluster_contiguous
857,55,1.0,grid_cluster_contiguous
858,55,1.0,grid_cluster_contiguous
859,55,1.0,grid_cluster_contiguous
860,55,1.0,grid_cluster_contiguous
861,55,1.0,grid_cluster_contiguous
862,55,1.0,grid_cluster_contiguous
863,55,1.0,grid_cluster_contiguous
864,54,1.0,grid_cluster_contiguous
865,55,1.0,grid_cluster_contiguous
866,55,1.0,grid_cluster_contiguous
867,55,1.0,grid_cluster_contiguous
868,55,1.0,grid_cluster_contiguous
869,54,1.0,grid_cluster_contiguous
870,54,1.0,grid_cluster_contiguous
871,54,1.0,grid_cluster_contiguous
872,54,1.0,grid_cluster_contiguous
873,54,1.0,grid_cluster_contiguous
874,54,1.0,grid_cluster_contiguous
875,54,1.0,grid_cluster_contiguous
876,55,1.0,grid_cluster_contiguous
877,54,1.0,grid_cluster_contiguous
878,55,1.0,grid_cluster_contiguous
879,55,1.0,grid_cluster_contiguous
880,55,1.0,grid_cluster_contiguous
881,55,1.0,grid_cluster_contiguous
882,55,1.0,grid_cluster_contiguous
883,55,1.0,grid_cluster_contiguous
884,55,1.0,grid_cluster_contiguous
885,55,1.0,grid_cluster_contiguous
886,55,1.0,grid_cluster_contiguous
887,55,1.0,grid_cluster_contiguous
888,55,1.0,grid_cluster_contiguous
889,55,1.0,grid_cluster_contiguous
890,55,1.0,grid_cluster_contiguous
891,55,1.0,grid_cluster_contiguous
892,55,1.0,grid_cluster_contiguous
893,55,1.0,grid_cluster_contiguous
894,56,1.0,grid_cluster_contiguous
895,56,1.0,grid_cluster_contiguous
896,56,1.0,grid_cluster_contiguous
897,56,1.0,grid_cluster_contiguous
898,56,1.0,grid_cluster_contiguous
899,56,1.0,grid_cluster_contiguous
900,57,1.0,grid_cluster_contiguous
901,57,1.0,grid_cluster_contiguous
902,57,1.0,grid_cluster_contiguous
903,57,1.0,grid_cluster_contiguous
904,56,1.0,grid_cluster_contiguous
905,56,1.0,grid_cluster_contiguous
906,55,1.0,grid_cluster_contiguous
907,55,1.0,grid_cluster_contiguous
908,55,1.0,grid_cluster_contiguous
909,55,1.0,grid_cluster_contiguous
910,55,1.0,grid_cluster_contiguous
911,55,1.0,grid_cluster_contiguous
912,54,1.0,grid_cluster_contiguous
913,54,1.0,grid_cluster_contiguous
914,57,1.0,grid_cluster_contiguous
915,54,1.0,grid_cluster_contiguous
916,54,1.0,grid_cluster_contiguous
917,54,1.0,grid_cluster_contiguous
918,54,1.0,grid_cluster_contiguous
919,54,1.0,grid_cluster_contiguous
920,54,1.0,grid_cluster_contiguous
921,54,1.0,grid_cluster_contiguous
922,54,1.0,grid_cluster_contiguous
923,54,1.0,grid_cluster_contiguous
924,54,1.0,grid_cluster_contiguous
925,54,1.0,grid_cluster_contiguous
926,54,1.0,grid_cluster_contiguous
927,54,1.0,grid_cluster_contiguous
928,54,1.0,grid_cluster_contiguous
929,54,1.0,grid_cluster_contiguous
930,54,1.0,grid_cluster_contiguous
931,54,1.0,grid_cluster_contiguous
932,54,1.0,grid_cluster_contiguous
933,54,1.0,grid_cluster_contiguous
934,54,1.0,grid_cluster_contiguous
935,54,1.0,grid_cluster_contiguous
936,54,1.0,grid_cluster_contiguous
937,54,1.0,grid_cluster_contiguous
938,54,1.0,grid_cluster_contiguous
939,54,1.0,grid_cluster_contiguous
940,54,1.0,grid_cluster_contiguous
941,54,1.0,grid_cluster_contiguous
942,54,1.0,grid_cluster_contiguous
943,54,1.0,grid_cluster_contiguous
944,54,1.0,grid_cluster_contiguous
945,54,1.0,grid_cluster_contiguous
946,54,1.0,grid_cluster_contiguous
947,54,1.0,grid_cluster_contiguous
948,52,1.0,grid_cluster_contiguous
949,52,1.0,grid_cluster_contiguous
950,52,1.0,grid_cluster_contiguous
951,52,1.0,grid_cluster_contiguous
952,52,1.0,grid_cluster_contiguous
953,52,1.0,grid_cluster_contiguous
954,52,1.0,grid_cluster_contiguous
955,52,1.0,grid_cluster_contiguous
956,52,1.0,grid_cluster_contiguous
957,52,1.0,grid_cluster_contiguous
958,52,1.0,grid_cluster_contiguous
959,52,1.0,grid_cluster_contiguous
960,52,1.0,grid_cluster_contiguous
961,52,1.0,grid_cluster_contiguous
962,52,1.0,grid_cluster_contiguous
963,52,1.0,grid_cluster_contiguous
964,52,1.0,grid_cluster_contiguous
965,52,1.0,grid_cluster_contiguous
966,52,1.0,grid_cluster_contiguous
967,52,1.0,grid_cluster_contiguous
968,52,1.0,grid_cluster_contiguous
969,52,1.0,grid_cluster_contiguous
970,52,1.0,grid_cluster_contiguous
971,52,1.0,grid_cluster_contiguous
972,52,1.0,grid_cluster_contiguous
973,52,1.0,grid_cluster_contiguous
974,52,1.0,grid_cluster_contiguous
975,52,1.0,grid_cluster_contiguous
976,52,1.0,grid_cluster_contiguous
977,52,1.0,grid_cluster_contiguous
978,52,1.0,grid_cluster_contiguous
979,52,1.0,grid_cluster_contiguous
980,52,1.0,grid_cluster_contiguous
981,52,1.0,grid_cluster_contiguous
982,52,1.0,grid_cluster_contiguous
983,52,1.0,grid_cluster_contiguous
984,52,1.0,grid_cluster_contiguous
985,52,1.0,grid_cluster_contiguous
986,51,1.0,grid_cluster_contiguous
987,51,1.0,grid_cluster_contiguous
988,51,1.0,grid_cluster_contiguous
989,51,1.0,grid_cluster_contiguous
990,51,1.0,grid_cluster_contiguous
991,51,1.0,grid_cluster_contiguous
992,51,1.0,grid_cluster_contiguous
993,51,1.0,grid_cluster_contiguous
994,52,1.0,grid_cluster_contiguous
995,51,1.0,grid_cluster_contiguous
996,58,1.0,grid_cluster_contiguous
997,58,1.0,grid_cluster_contiguous
998,58,1.0,grid_cluster_contiguous
999,58,1.0,grid_cluster_contiguous
1000,58,1.0,grid_cluster_contiguous
1001,58,1.0,grid_cluster_contiguous
1002,58,1.0,grid_cluster_contiguous
1003,58,1.0,grid_cluster_contiguous
1004,58,1.0,grid_cluster_contiguous
1005,51,1.0,grid_cluster_contiguous
1006,51,1.0,grid_cluster_contiguous
1007,51,1.0,grid_cluster_contiguous
1008,51,1.0,grid_cluster_contiguous
1009,51,1.0,grid_cluster_contiguous
1010,51,1.0,grid_cluster_contiguous
1011,51,1.0,grid_cluster_contiguous
1012,51,1.0,grid_cluster_contiguous
1013,51,1.0,grid_cluster_contiguous
1014,51,1.0,grid_cluster_contiguous
1015,51,1.0,grid_cluster_contiguous
1016,51,1.0,grid_cluster_contiguous
1017,51,1.0,grid_cluster_contiguous
1018,58,1.0,grid_cluster_contiguous
1019,58,1.0,grid_cluster_contiguous
1020,58,1.0,grid_cluster_contiguous
1021,58,1.0,grid_cluster_contiguous
1022,58,1.0,grid_cluster_contiguous
1023,51,1.0,grid_cluster_contiguous
1024,51,1.0,grid_cluster_contiguous
1025,51,1.0,grid_cluster_contiguous
1026,51,1.0,grid_cluster_contiguous
1027,51,1.0,grid_cluster_contiguous
1028,51,1.0,grid_cluster_contiguous
1029,49,1.0,grid_cluster_contiguous
1030,49,1.0,grid_cluster_contiguous
1031,51,1.0,grid_cluster_contiguous
1032,59,1.0,grid_cluster_contiguous
1033,59,1.0,grid_cluster_contiguous
1034,59,1.0,grid_cluster_contiguous
1035,59,1.0,grid_cluster_contiguous
1036,59,1.0,grid_cluster_contiguous
1037,59,1.0,grid_cluster_contiguous
1038,59,1.0,grid_cluster_contiguous
1039,59,1.0,grid_cluster_contiguous
1040,50,1.0,grid_cluster_contiguous
1041,50,1.0,grid_cluster_contiguous
1042,50,1.0,grid_cluster_contiguous
1043,59,1.0,grid_cluster_contiguous
1044,59,1.0,grid_cluster_contiguous
1045,59,1.0,grid_cluster_contiguous
1046,60,1.0,grid_cluster_contiguous
1047,60,1.0,grid_cluster_contiguous
1048,60,1.0,grid_cluster_contiguous
1049,60,1.0,grid_cluster_contiguous
1050,60,1.0,grid_cluster_contiguous
1051,60,1.0,grid_cluster_contiguous
1052,60,1.0,grid_cluster_contiguous
1053,58,1.0,grid_cluster_contiguous
1054,58,1.0,grid_cluster_contiguous
1055,58,1.0,grid_cluster_contiguous
1056,60,1.0,grid_cluster_contiguous
1057,60,1.0,grid_cluster_contiguous
1058,60,1.0,grid_cluster_contiguous
1059,61,1.0,grid_cluster_contiguous
1060,61,1.0,grid_cluster_contiguous
1061,61,1.0,grid_cluster_contiguous
1062,61,1.0,grid_cluster_contiguous
1063,60,1.0,grid_cluster_contiguous
1064,58,1.0,grid_cluster_contiguous
1065,58,1.0,grid_cluster_contiguous
1066,58,1.0,grid_cluster_contiguous
1067,58,1.0,grid_cluster_contiguous
1068,58,1.0,grid_cluster_contiguous
1069,58,1.0,grid_cluster_contiguous
1070,58,1.0,grid_cluster_contiguous
1071,58,1.0,grid_cluster_contiguous
1072,58,1.0,grid_cluster_contiguous
1073,58,1.0,grid_cluster_contiguous
1074,58,1.0,grid_cluster_contiguous
1075,58,1.0,grid_cluster_contiguous
1076,58,1.0,grid_cluster_contiguous
1077,58,1.0,grid_cluster_contiguous
1078,58,1.0,grid_cluster_contiguous
1079,58,1.0,grid_cluster_contiguous
1080,58,1.0,grid_cluster_contiguous
1081,58,1.0,grid_cluster_contiguous
1082,58,1.0,grid_cluster_contiguous
1083,58,1.0,grid_cluster_contiguous
1084,58,1.0,grid_cluster_contiguous
1085,58,1.0,grid_cluster_contiguous
1086,58,1.0,grid_cluster_contiguous
1087,58,1.0,grid_cluster_contiguous
1088,58,1.0,grid_cluster_contiguous
1089,58,1.0,grid_cluster_contiguous
1090,58,1.0,grid_cluster_contiguous
1091,58,1.0,grid_cluster_contiguous
1092,58,1.0,grid_cluster_contiguous
1093,58,1.0,grid_cluster_contiguous
1094,58,1.0,grid_cluster_contiguous
1095,58,1.0,grid_cluster_contiguous
1096,58,1.0,grid_cluster_contiguous
1097,58,1.0,grid_cluster_contiguous
1098,58,1.0,grid_cluster_contiguous
1099,58,1.0,grid_cluster_contiguous
1100,58,1.0,grid_cluster_contiguous
1101,58,1.0,grid_cluster_contiguous
1102,58,1.0,grid_cluster_contiguous
1103,58,1.0,grid_cluster_contiguous
1104,62,1.0,grid_cluster_contiguous
1105,58,1.0,grid_cluster_contiguous
1106,58,1.0,grid_cluster_contiguous
1107,58,1.0,grid_cluster_contiguous
1108,58,1.0,grid_cluster_contiguous
1109,58,1.0,grid_cluster_contiguous
1110,58,1.0,grid_cluster_contiguous
1111,58,1.0,grid_cluster_contiguous
1112,58,1.0,grid_cluster_contiguous
1113,58,1.0,grid_cluster_contiguous
1114,58,1.0,grid_cluster_contiguous
1115,58,1.0,grid_cluster_contiguous
1116,54,1.0,grid_cluster_contiguous
1117,54,1.0,grid_cluster_contiguous
1118,54,1.0,grid_cluster_contiguous
1119,54,1.0,grid_cluster_contiguous
1120,58,1.0,grid_cluster_contiguous
1121,58,1.0,grid_cluster_contiguous
1122,58,1.0,grid_cluster_contiguous
1123,54,1.0,grid_cluster_contiguous
1124,54,1.0,grid_cluster_contiguous
1125,54,1.0,grid_cluster_contiguous
1126,54,1.0,grid_cluster_contiguous
1127,54,1.0,grid_cluster_contiguous
1128,54,1.0,grid_cluster_contiguous
1129,57,1.0,grid_cluster_contiguous
1130,57,1.0,grid_cluster_contiguous
1131,57,1.0,grid_cluster_contiguous
1132,57,1.0,grid_cluster_contiguous
1133,11,1.0,own_superzone_top_demand
1134,62,1.0,grid_cluster_contiguous
1135,62,1.0,grid_cluster_contiguous
1136,58,1.0,grid_cluster_contiguous
1137,58,1.0,grid_cluster_contiguous
1138,54,1.0,grid_cluster_contiguous
1139,54,1.0,grid_cluster_contiguous
1140,58,1.0,grid_cluster_contiguous
1141,58,1.0,grid_cluster_contiguous
1142,58,1.0,grid_cluster_contiguous
1143,58,1.0,grid_cluster_contiguous
1144,58,1.0,grid_cluster_contiguous
1145,62,1.0,grid_cluster_contiguous
1146,62,1.0,grid_cluster_contiguous
1147,62,1.0,grid_cluster_contiguous
1148,62,1.0,grid_cluster_contiguous
1149,62,1.0,grid_cluster_contiguous
1150,62,1.0,grid_cluster_contiguous
1151,62,1.0,grid_cluster_contiguous
1152,62,1.0,grid_cluster_contiguous
1153,62,1.0,grid_cluster_contiguous
1154,62,1.0,grid_cluster_contiguous
1155,62,1.0,grid_cluster_contiguous
1156,62,1.0,grid_cluster_contiguous
1157,62,1.0,grid_cluster_contiguous
1158,62,1.0,grid_cluster_contiguous
1159,62,1.0,grid_cluster_contiguous
1160,62,1.0,grid_cluster_contiguous
1161,62,1.0,grid_cluster_contiguous
1162,62,1.0,grid_cluster_contiguous
1163,62,1.0,grid_cluster_contiguous
1164,62,1.0,grid_cluster_contiguous
1165,62,1.0,grid_cluster_contiguous
1166,62,1.0,grid_cluster_contiguous
1167,61,1.0,grid_cluster_contiguous
1168,61,1.0,grid_cluster_contiguous
1169,61,1.0,grid_cluster_contiguous
1170,61,1.0,grid_cluster_contiguous
1171,61,1.0,grid_cluster_contiguous
1172,62,1.0,grid_cluster_contiguous
1173,62,1.0,grid_cluster_contiguous
1174,62,1.0,grid_cluster_contiguous
1175,62,1.0,grid_cluster_contiguous
1176,62,1.0,grid_cluster_contiguous
1177,62,1.0,grid_cluster_contiguous
1178,62,1.0,grid_cluster_contiguous
1179,62,1.0,grid_cluster_contiguous
1180,63,1.0,grid_cluster_contiguous
1181,63,1.0,grid_cluster_contiguous
1182,63,1.0,grid_cluster_contiguous
1183,62,1.0,grid_cluster_contiguous
1184,62,1.0,grid_cluster_contiguous
1185,61,1.0,grid_cluster_contiguous
1186,64,1.0,grid_cluster_contiguous
1187,64,1.0,grid_cluster_contiguous
1188,64,1.0,grid_cluster_contiguous
1189,64,1.0,grid_cluster_contiguous
1190,64,1.0,grid_cluster_contiguous
1191,64,1.0,grid_cluster_contiguous
1192,64,1.0,grid_cluster_contiguous
1193,64,1.0,grid_cluster_contiguous
1194,64,1.0,grid_cluster_contiguous
1195,64,1.0,grid_cluster_contiguous
1196,64,1.0,grid_cluster_contiguous
1197,61,1.0,grid_cluster_contiguous
1198,61,1.0,grid_cluster_contiguous
1199,61,1.0,grid_cluster_contiguous
1200,61,1.0,grid_cluster_contiguous
1201,61,1.0,grid_cluster_contiguous
1202,61,1.0,grid_cluster_contiguous
1203,61,1.0,grid_cluster_contiguous
1204,61,1.0,grid_cluster_contiguous
1205,61,1.0,grid_cluster_contiguous
1206,61,1.0,grid_cluster_contiguous
1207,64,1.0,grid_cluster_contiguous
1208,64,1.0,grid_cluster_contiguous
1209,64,1.0,grid_cluster_contiguous
1210,64,1.0,grid_cluster_contiguous
1211,64,1.0,grid_cluster_contiguous
1212,64,1.0,grid_cluster_contiguous
1213,64,1.0,grid_cluster_contiguous
1214,65,1.0,grid_cluster_contiguous
1215,65,1.0,grid_cluster_contiguous
1216,66,1.0,grid_cluster_contiguous
1217,61,1.0,grid_cluster_contiguous
1218,61,1.0,grid_cluster_contiguous
1219,61,1.0,grid_cluster_contiguous
1220,66,1.0,grid_cluster_contiguous
1221,66,1.0,grid_cluster_contiguous
1222,66,1.0,grid_cluster_contiguous
1223,61,1.0,grid_cluster_contiguous
1224,61,1.0,grid_cluster_contiguous
1225,61,1.0,grid_cluster_contiguous
1226,61,1.0,grid_cluster_contiguous
1227,61,1.0,grid_cluster_contiguous
1228,61,1.0,grid_cluster_contiguous
1229,61,1.0,grid_cluster_contiguous
1230,61,1.0,grid_cluster_contiguous
1231,61,1.0,grid_cluster_contiguous
1232,60,1.0,grid_cluster_contiguous
1233,60,1.0,grid_cluster_contiguous
1234,61,1.0,grid_cluster_contiguous
1235,60,1.0,grid_cluster_contiguous
1236,60,1.0,grid_cluster_contiguous
1237,60,1.0,grid_cluster_contiguous
1238,60,1.0,grid_cluster_contiguous
1239,60,1.0,grid_cluster_contiguous
1240,60,1.0,grid_cluster_contiguous
1241,59,1.0,grid_cluster_contiguous
1242,59,1.0,grid_cluster_contiguous
1243,60,1.0,grid_cluster_contiguous
1244,60,1.0,grid_cluster_contiguous
1245,60,1.0,grid_cluster_contiguous
1246,67,1.0,grid_cluster_contiguous
1247,66,1.0,grid_cluster_contiguous
1248,66,1.0,grid_cluster_contiguous
1249,61,1.0,grid_cluster_contiguous
1250,61,1.0,grid_cluster_contiguous
1251,66,1.0,grid_cluster_contiguous
1252,66,1.0,grid_cluster_contiguous
1253,66,1.0,grid_cluster_contiguous
1254,66,1.0,grid_cluster_contiguous
1255,66,1.0,grid_cluster_contiguous
1256,66,1.0,grid_cluster_contiguous
1257,67,1.0,grid_cluster_contiguous
1258,66,1.0,grid_cluster_contiguous
1259,66,1.0,grid_cluster_contiguous
1260,66,1.0,grid_cluster_contiguous
1261,66,1.0,grid_cluster_contiguous
1262,66,1.0,grid_cluster_contiguous
1263,66,1.0,grid_cluster_contiguous
1264,65,1.0,grid_cluster_contiguous
1265,65,1.0,grid_cluster_contiguous
1266,65,1.0,grid_cluster_contiguous
1267,65,1.0,grid_cluster_contiguous
1268,65,1.0,grid_cluster_contiguous
1269,64,1.0,grid_cluster_contiguous
1270,65,1.0,grid_cluster_contiguous
1271,65,1.0,grid_cluster_contiguous
1272,65,1.0,grid_cluster_contiguous
1273,65,1.0,grid_cluster_contiguous
1274,65,1.0,grid_cluster_contiguous
1275,65,1.0,grid_cluster_contiguous
1276,65,1.0,grid_cluster_contiguous
1277,65,1.0,grid_cluster_contiguous
1278,66,1.0,grid_cluster_contiguous
1279,66,1.0,grid_cluster_contiguous
1280,66,1.0,grid_cluster_contiguous
1281,66,1.0,grid_cluster_contiguous
1282,66,1.0,grid_cluster_contiguous
1283,66,1.0,grid_cluster_contiguous
1284,66,1.0,grid_cluster_contiguous
1285,66,1.0,grid_cluster_contiguous
1286,68,1.0,grid_cluster_contiguous
1287,65,1.0,grid_cluster_contiguous
1288,65,1.0,grid_cluster_contiguous
1289,65,1.0,grid_cluster_contiguous
1290,65,1.0,grid_cluster_contiguous
1291,66,1.0,grid_cluster_contiguous
1292,66,1.0,grid_cluster_contiguous
1293,65,1.0,grid_cluster_contiguous
1294,65,1.0,grid_cluster_contiguous
1295,65,1.0,grid_cluster_contiguous
1296,65,1.0,grid_cluster_contiguous
1297,41,1.0,grid_cluster_contiguous
1298,41,1.0,grid_cluster_contiguous
1299,40,1.0,grid_cluster_contiguous
1300,40,1.0,grid_cluster_contiguous
1301,40,1.0,grid_cluster_contiguous
1302,40,1.0,grid_cluster_contiguous
1303,40,1.0,grid_cluster_contiguous
1304,40,1.0,grid_cluster_contiguous
1305,40,1.0,grid_cluster_contiguous
1306,40,1.0,grid_cluster_contiguous
1307,40,1.0,grid_cluster_contiguous
1308,40,1.0,grid_cluster_contiguous
1309,40,1.0,grid_cluster_contiguous
1310,40,1.0,grid_cluster_contiguous
1311,40,1.0,grid_cluster_contiguous
1312,40,1.0,grid_cluster_contiguous
1313,40,1.0,grid_cluster_contiguous
1314,40,1.0,grid_cluster_contiguous
1315,40,1.0,grid_cluster_contiguous
1316,40,1.0,grid_cluster_contiguous
1317,12,1.0,own_superzone_top_demand
1318,40,1.0,grid_cluster_contiguous
1319,40,1.0,grid_cluster_contiguous
1320,41,1.0,grid_cluster_contiguous
1321,41,1.0,grid_cluster_contiguous
1322,41,1.0,grid_cluster_contiguous
1323,41,1.0,grid_cluster_contiguous
1324,41,1.0,grid_cluster_contiguous
1325,41,1.0,grid_cluster_contiguous
1326,41,1.0,grid_cluster_contiguous
1327,41,1.0,grid_cluster_contiguous
1328,40,1.0,grid_cluster_contiguous
1329,40,1.0,grid_cluster_contiguous
1330,40,1.0,grid_cluster_contiguous
1331,40,1.0,grid_cluster_contiguous
1332,40,1.0,grid_cluster_contiguous
1333,40,1.0,grid_cluster_contiguous
1334,40,1.0,grid_cluster_contiguous
1335,40,1.0,grid_cluster_contiguous
1336,40,1.0,grid_cluster_contiguous
1337,40,1.0,grid_cluster_contiguous
1338,40,1.0,grid_cluster_contiguous
1339,40,1.0,grid_cluster_contiguous
1340,40,1.0,grid_cluster_contiguous
1341,40,1.0,grid_cluster_contiguous
1342,40,1.0,grid_cluster_contiguous
1343,40,1.0,grid_cluster_contiguous
1344,40,1.0,grid_cluster_contiguous
1345,40,1.0,grid_cluster_contiguous
1346,69,1.0,grid_cluster_contiguous
1347,69,1.0,grid_cluster_contiguous
1348,69,1.0,grid_cluster_contiguous
1349,69,1.0,grid_cluster_contiguous
1350,40,1.0,grid_cluster_contiguous
1351,40,1.0,grid_cluster_contiguous
1352,40,1.0,grid_cluster_contiguous
1353,69,1.0,grid_cluster_contiguous
1354,69,1.0,grid_cluster_contiguous
1355,69,1.0,grid_cluster_contiguous
1356,44,1.0,grid_cluster_contiguous
1357,44,1.0,grid_cluster_contiguous
1358,44,1.0,grid_cluster_contiguous
1359,44,1.0,grid_cluster_contiguous
1360,69,1.0,grid_cluster_contiguous
1361,69,1.0,grid_cluster_contiguous
1362,69,1.0,grid_cluster_contiguous
1363,69,1.0,grid_cluster_contiguous
1364,69,1.0,grid_cluster_contiguous
1365,69,1.0,grid_cluster_contiguous
1366,44,1.0,grid_cluster_contiguous
1367,44,1.0,grid_cluster_contiguous
1368,44,1.0,grid_cluster_contiguous
1369,44,1.0,grid_cluster_contiguous
1370,44,1.0,grid_cluster_contiguous
1371,44,1.0,grid_cluster_contiguous
1372,44,1.0,grid_cluster_contiguous
1373,69,1.0,grid_cluster_contiguous
1374,69,1.0,grid_cluster_contiguous
1375,69,1.0,grid_cluster_contiguous
1376,69,1.0,grid_cluster_contiguous
1377,69,1.0,grid_cluster_contiguous
1378,69,1.0,grid_cluster_contiguous
1379,69,1.0,grid_cluster_contiguous
1380,69,1.0,grid_cluster_contiguous
1381,69,1.0,grid_cluster_contiguous
1382,69,1.0,grid_cluster_contiguous
1383,69,1.0,grid_cluster_contiguous
1384,69,1.0,grid_cluster_contiguous
1385,69,1.0,grid_cluster_contiguous
1386,69,1.0,grid_cluster_contiguous
1387,69,1.0,grid_cluster_contiguous
1388,69,1.0,grid_cluster_contiguous
1389,69,1.0,grid_cluster_contiguous
1390,69,1.0,grid_cluster_contiguous
1391,69,1.0,grid_cluster_contiguous
1392,69,1.0,grid_cluster_contiguous
1393,40,1.0,grid_cluster_contiguous
1394,69,1.0,grid_cluster_contiguous
1395,69,1.0,grid_cluster_contiguous
1396,69,1.0,grid_cluster_contiguous
1397,40,1.0,grid_cluster_contiguous
1398,69,1.0,grid_cluster_contiguous
1399,40,1.0,grid_cluster_contiguous
1400,40,1.0,grid_cluster_contiguous
1401,70,1.0,grid_cluster_contiguous
1402,40,1.0,grid_cluster_contiguous
1403,40,1.0,grid_cluster_contiguous
1404,40,1.0,grid_cluster_contiguous
1405,40,1.0,grid_cluster_contiguous
1406,40,1.0,grid_cluster_contiguous
1407,70,1.0,grid_cluster_contiguous
1408,70,1.0,grid_cluster_contiguous
1409,70,1.0,grid_cluster_contiguous
1410,70,1.0,grid_cluster_contiguous
1411,70,1.0,grid_cluster_contiguous
1412,70,1.0,grid_cluster_contiguous
1413,70,1.0,grid_cluster_contiguous
1414,70,1.0,grid_cluster_contiguous
1415,70,1.0,grid_cluster_contiguous
1416,71,1.0,grid_cluster_contiguous
1417,71,1.0,grid_cluster_contiguous
1418,71,1.0,grid_cluster_contiguous
1419,71,1.0,grid_cluster_contiguous
1420,71,1.0,grid_cluster_contiguous
1421,71,1.0,grid_cluster_contiguous
1422,70,1.0,grid_cluster_contiguous
1423,71,1.0,grid_cluster_contiguous
1424,71,1.0,grid_cluster_contiguous
1425,71,1.0,grid_cluster_contiguous
1426,71,1.0,grid_cluster_contiguous
1427,71,1.0,grid_cluster_contiguous
1428,71,1.0,grid_cluster_contiguous
1429,71,1.0,grid_cluster_contiguous
1430,71,1.0,grid_cluster_contiguous
1431,71,1.0,grid_cluster_contiguous
1432,71,1.0,grid_cluster_contiguous
1433,69,1.0,grid_cluster_contiguous
1434,69,1.0,grid_cluster_contiguous
1435,71,1.0,grid_cluster_contiguous
1436,69,1.0,grid_cluster_contiguous
1437,69,1.0,grid_cluster_contiguous
1438,69,1.0,grid_cluster_contiguous
1439,69,1.0,grid_cluster_contiguous
1440,71,1.0,grid_cluster_contiguous
1441,71,1.0,grid_cluster_contiguous
1442,71,1.0,grid_cluster_contiguous
1443,71,1.0,grid_cluster_contiguous
1444,71,1.0,grid_cluster_contiguous
1445,71,1.0,grid_cluster_contiguous
1446,71,1.0,grid_cluster_contiguous
1447,72,1.0,grid_cluster_contiguous
1448,72,1.0,grid_cluster_contiguous
1449,71,1.0,grid_cluster_contiguous
1450,71,1.0,grid_cluster_contiguous
1451,71,1.0,grid_cluster_contiguous
1452,71,1.0,grid_cluster_contiguous
1453,71,1.0,grid_cluster_contiguous
1454,71,1.0,grid_cluster_contiguous
1455,71,1.0,grid_cluster_contiguous
1456,71,1.0,grid_cluster_contiguous
1457,71,1.0,grid_cluster_contiguous
1458,71,1.0,grid_cluster_contiguous
1459,71,1.0,grid_cluster_contiguous
1460,71,1.0,grid_cluster_contiguous
1461,71,1.0,grid_cluster_contiguous
1462,71,1.0,grid_cluster_contiguous
1463,71,1.0,grid_cluster_contiguous
1464,71,1.0,grid_cluster_contiguous
1465,71,1.0,grid_cluster_contiguous
1466,71,1.0,grid_cluster_contiguous
1467,71,1.0,grid_cluster_contiguous
1468,71,1.0,grid_cluster_contiguous
1469,71,1.0,grid_cluster_contiguous
1470,71,1.0,grid_cluster_contiguous
1471,71,1.0,grid_cluster_contiguous
1472,71,1.0,grid_cluster_contiguous
1473,71,1.0,grid_cluster_contiguous
1474,71,1.0,grid_cluster_contiguous
1475,71,1.0,grid_cluster_contiguous
1476,71,1.0,grid_cluster_contiguous
1477,71,1.0,grid_cluster_contiguous
1478,71,1.0,grid_cluster_contiguous
1479,71,1.0,grid_cluster_contiguous
1480,73,1.0,grid_cluster_contiguous
1481,73,1.0,grid_cluster_contiguous
1482,73,1.0,grid_cluster_contiguous
1483,73,1.0,grid_cluster_contiguous
1484,74,1.0,grid_cluster_contiguous
1485,74,1.0,grid_cluster_contiguous
1486,74,1.0,grid_cluster_contiguous
1487,74,1.0,grid_cluster_contiguous
1488,74,1.0,grid_cluster_contiguous
1489,74,1.0,grid_cluster_contiguous
1490,74,1.0,grid_cluster_contiguous
1491,74,1.0,grid_cluster_contiguous
1492,74,1.0,grid_cluster_contiguous
1493,74,1.0,grid_cluster_contiguous
1494,74,1.0,grid_cluster_contiguous
1495,72,1.0,grid_cluster_contiguous
1496,74,1.0,grid_cluster_contiguous
1497,72,1.0,grid_cluster_contiguous
1498,72,1.0,grid_cluster_contiguous
1499,72,1.0,grid_cluster_contiguous
1500,72,1.0,grid_cluster_contiguous
1501,71,1.0,grid_cluster_contiguous
1502,71,1.0,grid_cluster_contiguous
1503,72,1.0,grid_cluster_contiguous
1504,72,1.0,grid_cluster_contiguous
1505,71,1.0,grid_cluster_contiguous
1506,71,1.0,grid_cluster_contiguous
1507,72,1.0,grid_cluster_contiguous
1508,72,1.0,grid_cluster_contiguous
1509,72,1.0,grid_cluster_contiguous
1510,72,1.0,grid_cluster_contiguous
1511,72,1.0,grid_cluster_contiguous
1512,72,1.0,grid_cluster_contiguous
1513,72,1.0,grid_cluster_contiguous
1514,72,1.0,grid_cluster_contiguous
1515,72,1.0,grid_cluster_contiguous
1516,72,1.0,grid_cluster_contiguous
1517,72,1.0,grid_cluster_contiguous
1518,72,1.0,grid_cluster_contiguous
1519,72,1.0,grid_cluster_contiguous
1520,72,1.0,grid_cluster_contiguous
1521,72,1.0,grid_cluster_contiguous
1522,72,1.0,grid_cluster_contiguous
1523,72,1.0,grid_cluster_contiguous
1524,72,1.0,grid_cluster_contiguous
1525,72,1.0,grid_cluster_contiguous
1526,72,1.0,grid_cluster_contiguous
1527,72,1.0,grid_cluster_contiguous
1528,72,1.0,grid_cluster_contiguous
1529,72,1.0,grid_cluster_contiguous
1530,72,1.0,grid_cluster_contiguous
1531,72,1.0,grid_cluster_contiguous
1532,72,1.0,grid_cluster_contiguous
1533,72,1.0,grid_cluster_contiguous
1534,75,1.0,grid_cluster_contiguous
1535,75,1.0,grid_cluster_contiguous
1536,75,1.0,grid_cluster_contiguous
1537,75,1.0,grid_cluster_contiguous
1538,75,1.0,grid_cluster_contiguous
1539,75,1.0,grid_cluster_contiguous
1540,75,1.0,grid_cluster_contiguous
1541,75,1.0,grid_cluster_contiguous
1542,75,1.0,grid_cluster_contiguous
1543,75,1.0,grid_cluster_contiguous
1544,75,1.0,grid_cluster_contiguous
1545,75,1.0,grid_cluster_contiguous
1546,75,1.0,grid_cluster_contiguous
1547,75,1.0,grid_cluster_contiguous
1548,75,1.0,grid_cluster_contiguous
1549,75,1.0,grid_cluster_contiguous
1550,75,1.0,grid_cluster_contiguous
1551,72,1.0,grid_cluster_contiguous
1552,72,1.0,grid_cluster_contiguous
1553,75,1.0,grid_cluster_contiguous
1554,75,1.0,grid_cluster_contiguous
1555,75,1.0,grid_cluster_contiguous
1556,75,1.0,grid_cluster_contiguous
1557,69,1.0,grid_cluster_contiguous
1558,69,1.0,grid_cluster_contiguous
1559,69,1.0,grid_cluster_contiguous
1560,69,1.0,grid_cluster_contiguous
1561,69,1.0,grid_cluster_contiguous
1562,75,1.0,grid_cluster_contiguous
1563,69,1.0,grid_cluster_contiguous
1564,69,1.0,grid_cluster_contiguous
1565,44,1.0,grid_cluster_contiguous
1566,48,1.0,grid_cluster_contiguous
1567,48,1.0,grid_cluster_contiguous
1568,48,1.0,grid_cluster_contiguous
1569,48,1.0,grid_cluster_contiguous
1570,48,1.0,grid_cluster_contiguous
1571,48,1.0,grid_cluster_contiguous
1572,48,1.0,grid_cluster_contiguous
1573,75,1.0,grid_cluster_contiguous
1574,75,1.0,grid_cluster_contiguous
1575,75,1.0,grid_cluster_contiguous
1576,75,1.0,grid_cluster_contiguous
1577,75,1.0,grid_cluster_contiguous
1578,75,1.0,grid_cluster_contiguous
1579,75,1.0,grid_cluster_contiguous
1580,75,1.0,grid_cluster_contiguous
1581,75,1.0,grid_cluster_contiguous
1582,75,1.0,grid_cluster_contiguous
1583,13,1.0,own_superzone_top_demand
1584,48,1.0,grid_cluster_contiguous
1585,48,1.0,grid_cluster_contiguous
1586,48,1.0,grid_cluster_contiguous
1587,48,1.0,grid_cluster_contiguous
1588,48,1.0,grid_cluster_contiguous
1589,75,1.0,grid_cluster_contiguous
1590,75,1.0,grid_cluster_contiguous
1591,75,1.0,grid_cluster_contiguous
1592,75,1.0,grid_cluster_contiguous
1593,75,1.0,grid_cluster_contiguous
1594,75,1.0,grid_cluster_contiguous
1595,75,1.0,grid_cluster_contiguous
1596,75,1.0,grid_cluster_contiguous
1597,75,1.0,grid_cluster_contiguous
1598,75,1.0,grid_cluster_contiguous
1599,75,1.0,grid_cluster_contiguous
1600,75,1.0,grid_cluster_contiguous
1601,76,1.0,grid_cluster_contiguous
1602,76,1.0,grid_cluster_contiguous
1603,75,1.0,grid_cluster_contiguous
1604,75,1.0,grid_cluster_contiguous
1605,75,1.0,grid_cluster_contiguous
1606,75,1.0,grid_cluster_contiguous
1607,75,1.0,grid_cluster_contiguous
1608,75,1.0,grid_cluster_contiguous
1609,75,1.0,grid_cluster_contiguous
1610,75,1.0,grid_cluster_contiguous
1611,75,1.0,grid_cluster_contiguous
1612,75,1.0,grid_cluster_contiguous
1613,75,1.0,grid_cluster_contiguous
1614,75,1.0,grid_cluster_contiguous
1615,75,1.0,grid_cluster_contiguous
1616,75,1.0,grid_cluster_contiguous
1617,75,1.0,grid_cluster_contiguous
1618,75,1.0,grid_cluster_contiguous
1619,75,1.0,grid_cluster_contiguous
1620,75,1.0,grid_cluster_contiguous
1621,75,1.0,grid_cluster_contiguous
1622,75,1.0,grid_cluster_contiguous
1623,75,1.0,grid_cluster_contiguous
1624,75,1.0,grid_cluster_contiguous
1625,76,1.0,grid_cluster_contiguous
1626,76,1.0,grid_cluster_contiguous
1627,76,1.0,grid_cluster_contiguous
1628,76,1.0,grid_cluster_contiguous
1629,76,1.0,grid_cluster_contiguous
1630,76,1.0,grid_cluster_contiguous
1631,76,1.0,grid_cluster_contiguous
1632,76,1.0,grid_cluster_contiguous
1633,76,1.0,grid_cluster_contiguous
1634,76,1.0,grid_cluster_contiguous
1635,76,1.0,grid_cluster_contiguous
1636,76,1.0,grid_cluster_contiguous
1637,76,1.0,grid_cluster_contiguous
1638,76,1.0,grid_cluster_contiguous
1639,76,1.0,grid_cluster_contiguous
1640,76,1.0,grid_cluster_contiguous
1641,76,1.0,grid_cluster_contiguous
1642,76,1.0,grid_cluster_contiguous
1643,76,1.0,grid_cluster_contiguous
1644,76,1.0,grid_cluster_contiguous
1645,76,1.0,grid_cluster_contiguous
1646,76,1.0,grid_cluster_contiguous
1647,76,1.0,grid_cluster_contiguous
1648,76,1.0,grid_cluster_contiguous
1649,76,1.0,grid_cluster_contiguous
1650,76,1.0,grid_cluster_contiguous
1651,76,1.0,grid_cluster_contiguous
1652,76,1.0,grid_cluster_contiguous
1653,53,1.0,grid_cluster_contiguous
1654,53,1.0,grid_cluster_contiguous
1655,76,1.0,grid_cluster_contiguous
1656,76,1.0,grid_cluster_contiguous
1657,75,1.0,grid_cluster_contiguous
1658,76,1.0,grid_cluster_contiguous
1659,76,1.0,grid_cluster_contiguous
1660,76,1.0,grid_cluster_contiguous
1661,75,1.0,grid_cluster_contiguous
1662,75,1.0,grid_cluster_contiguous
1663,75,1.0,grid_cluster_contiguous
1664,48,1.0,grid_cluster_contiguous
1665,48,1.0,grid_cluster_contiguous
1666,48,1.0,grid_cluster_contiguous
1667,48,1.0,grid_cluster_contiguous
1668,53,1.0,grid_cluster_contiguous
1669,48,1.0,grid_cluster_contiguous
1670,53,1.0,grid_cluster_contiguous
1671,53,1.0,grid_cluster_contiguous
1672,53,1.0,grid_cluster_contiguous
1673,53,1.0,grid_cluster_contiguous
1674,53,1.0,grid_cluster_contiguous
1675,76,1.0,grid_cluster_contiguous
1676,76,1.0,grid_cluster_contiguous
1677,76,1.0,grid_cluster_contiguous
1678,76,1.0,grid_cluster_contiguous
1679,53,1.0,grid_cluster_contiguous
1680,53,1.0,grid_cluster_contiguous
1681,53,1.0,grid_cluster_contiguous
1682,53,1.0,grid_cluster_contiguous
1683,53,1.0,grid_cluster_contiguous
1684,76,1.0,grid_cluster_contiguous
1685,55,1.0,grid_cluster_contiguous
1686,55,1.0,grid_cluster_contiguous
1687,55,1.0,grid_cluster_contiguous
1688,77,1.0,grid_cluster_contiguous
1689,55,1.0,grid_cluster_contiguous
1690,77,1.0,grid_cluster_contiguous
1691,77,1.0,grid_cluster_contiguous
1692,55,1.0,grid_cluster_contiguous
1693,55,1.0,grid_cluster_contiguous
1694,55,1.0,grid_cluster_contiguous
1695,55,1.0,grid_cluster_contiguous
1696,77,1.0,grid_cluster_contiguous
1697,77,1.0,grid_cluster_contiguous
1698,77,1.0,grid_cluster_contiguous
1699,77,1.0,grid_cluster_contiguous
1700,77,1.0,grid_cluster_contiguous
1701,77,1.0,grid_cluster_contiguous
1702,77,1.0,grid_cluster_contiguous
1703,77,1.0,grid_cluster_contiguous
1704,77,1.0,grid_cluster_contiguous
1705,77,1.0,grid_cluster_contiguous
1706,76,1.0,grid_cluster_contiguous
1707,76,1.0,grid_cluster_contiguous
1708,76,1.0,grid_cluster_contiguous
1709,77,1.0,grid_cluster_contiguous
1710,76,1.0,grid_cluster_contiguous
1711,76,1.0,grid_cluster_contiguous
1712,76,1.0,grid_cluster_contiguous
1713,76,1.0,grid_cluster_contiguous
1714,77,1.0,grid_cluster_contiguous
1715,77,1.0,grid_cluster_contiguous
1716,77,1.0,grid_cluster_contiguous
1717,77,1.0,grid_cluster_contiguous
1718,77,1.0,grid_cluster_contiguous
1719,77,1.0,grid_cluster_contiguous
1720,77,1.0,grid_cluster_contiguous
1721,77,1.0,grid_cluster_contiguous
1722,77,1.0,grid_cluster_contiguous
1723,77,1.0,grid_cluster_contiguous
1724,77,1.0,grid_cluster_contiguous
1725,78,1.0,grid_cluster_contiguous
1726,78,1.0,grid_cluster_contiguous
1727,78,1.0,grid_cluster_contiguous
1728,79,1.0,grid_cluster_contiguous
1729,79,1.0,grid_cluster_contiguous
1730,76,1.0,grid_cluster_contiguous
1731,76,1.0,grid_cluster_contiguous
1732,76,1.0,grid_cluster_contiguous
1733,79,1.0,grid_cluster_contiguous
1734,76,1.0,grid_cluster_contiguous
1735,76,1.0,grid_cluster_contiguous
1736,76,1.0,grid_cluster_contiguous
1737,76,1.0,grid_cluster_contiguous
1738,76,1.0,grid_cluster_contiguous
1739,75,1.0,grid_cluster_contiguous
1740,75,1.0,grid_cluster_contiguous
1741,75,1.0,grid_cluster_contiguous
1742,75,1.0,grid_cluster_contiguous
1743,72,1.0,grid_cluster_contiguous
1744,76,1.0,grid_cluster_contiguous
1745,79,1.0,grid_cluster_contiguous
1746,79,1.0,grid_cluster_contiguous
1747,79,1.0,grid_cluster_contiguous
1748,79,1.0,grid_cluster_contiguous
1749,79,1.0,grid_cluster_contiguous
1750,79,1.0,grid_cluster_contiguous
1751,79,1.0,grid_cluster_contiguous
1752,72,1.0,grid_cluster_contiguous
1753,72,1.0,grid_cluster_contiguous
1754,72,1.0,grid_cluster_contiguous
1755,72,1.0,grid_cluster_contiguous
1756,72,1.0,grid_cluster_contiguous
1757,72,1.0,grid_cluster_contiguous
1758,72,1.0,grid_cluster_contiguous
1759,72,1.0,grid_cluster_contiguous
1760,79,1.0,grid_cluster_contiguous
1761,79,1.0,grid_cluster_contiguous
1762,72,1.0,grid_cluster_contiguous
1763,79,1.0,grid_cluster_contiguous
1764,79,1.0,grid_cluster_contiguous
1765,79,1.0,grid_cluster_contiguous
1766,79,1.0,grid_cluster_contiguous
1767,79,1.0,grid_cluster_contiguous
1768,79,1.0,grid_cluster_contiguous
1769,78,1.0,grid_cluster_contiguous
1770,78,1.0,grid_cluster_contiguous
1771,78,1.0,grid_cluster_contiguous
1772,78,1.0,grid_cluster_contiguous
1773,78,1.0,grid_cluster_contiguous
1774,78,1.0,grid_cluster_contiguous
1775,78,1.0,grid_cluster_contiguous
1776,78,1.0,grid_cluster_contiguous
1777,78,1.0,grid_cluster_contiguous
1778,78,1.0,grid_cluster_contiguous
1779,78,1.0,grid_cluster_contiguous
1780,79,1.0,grid_cluster_contiguous
1781,79,1.0,grid_cluster_contiguous
1782,72,1.0,grid_cluster_contiguous
1783,72,1.0,grid_cluster_contiguous
1784,72,1.0,grid_cluster_contiguous
1785,79,1.0,grid_cluster_contiguous
1786,79,1.0,grid_cluster_contiguous
1787,72,1.0,grid_cluster_contiguous
1788,74,1.0,grid_cluster_contiguous
1789,74,1.0,grid_cluster_contiguous
1790,80,1.0,grid_cluster_contiguous
1791,79,1.0,grid_cluster_contiguous
1792,79,1.0,grid_cluster_contiguous
1793,80,1.0,grid_cluster_contiguous
1794,81,1.0,grid_cluster_contiguous
1795,78,1.0,grid_cluster_contiguous
1796,78,1.0,grid_cluster_contiguous
1797,78,1.0,grid_cluster_contiguous
1798,81,1.0,grid_cluster_contiguous
1799,81,1.0,grid_cluster_contiguous
1800,81,1.0,grid_cluster_contiguous
1801,81,1.0,grid_cluster_contiguous
1802,81,1.0,grid_cluster_contiguous
1803,81,1.0,grid_cluster_contiguous
1804,81,1.0,grid_cluster_contiguous
1805,81,1.0,grid_cluster_contiguous
1806,81,1.0,grid_cluster_contiguous
1807,81,1.0,grid_cluster_contiguous
1808,81,1.0,grid_cluster_contiguous
1809,80,1.0,grid_cluster_contiguous
1810,80,1.0,grid_cluster_contiguous
1811,80,1.0,grid_cluster_contiguous
1812,80,1.0,grid_cluster_contiguous
1813,81,1.0,grid_cluster_contiguous
1814,80,1.0,grid_cluster_contiguous
1815,81,1.0,grid_cluster_contiguous
1816,80,1.0,grid_cluster_contiguous
1817,80,1.0,grid_cluster_contiguous
1818,80,1.0,grid_cluster_contiguous
1819,80,1.0,grid_cluster_contiguous
1820,80,1.0,grid_cluster_contiguous
1821,74,1.0,grid_cluster_contiguous
1822,74,1.0,grid_cluster_contiguous
1823,74,1.0,grid_cluster_contiguous
1824,80,1.0,grid_cluster_contiguous
1825,74,1.0,grid_cluster_contiguous
1826,74,1.0,grid_cluster_contiguous
1827,74,1.0,grid_cluster_contiguous
1828,74,1.0,grid_cluster_contiguous
1829,74,1.0,grid_cluster_contiguous
1830,80,1.0,grid_cluster_contiguous
1831,80,1.0,grid_cluster_contiguous
1832,80,1.0,grid_cluster_contiguous
1833,80,1.0,grid_cluster_contiguous
1834,82,1.0,grid_cluster_contiguous
1835,82,1.0,grid_cluster_contiguous
1836,82,1.0,grid_cluster_contiguous
1837,83,1.0,grid_cluster_contiguous
1838,81,1.0,grid_cluster_contiguous
1839,81,1.0,grid_cluster_contiguous
1840,81,1.0,grid_cluster_contiguous
1841,81,1.0,grid_cluster_contiguous
1842,81,1.0,grid_cluster_contiguous
1843,81,1.0,grid_cluster_contiguous
1844,81,1.0,grid_cluster_contiguous
1845,81,1.0,grid_cluster_contiguous
1846,81,1.0,grid_cluster_contiguous
1847,81,1.0,grid_cluster_contiguous
1848,81,1.0,grid_cluster_contiguous
1849,81,1.0,grid_cluster_contiguous
1850,81,1.0,grid_cluster_contiguous
1851,81,1.0,grid_cluster_contiguous
1852,81,1.0,grid_cluster_contiguous
1853,81,1.0,grid_cluster_contiguous
1854,81,1.0,grid_cluster_contiguous
1855,81,1.0,grid_cluster_contiguous
1856,81,1.0,grid_cluster_contiguous
1857,81,1.0,grid_cluster_contiguous
1858,84,1.0,grid_cluster_contiguous
1859,84,1.0,grid_cluster_contiguous
1860,84,1.0,grid_cluster_contiguous
1861,84,1.0,grid_cluster_contiguous
1862,81,1.0,grid_cluster_contiguous
1863,84,1.0,grid_cluster_contiguous
1864,81,1.0,grid_cluster_contiguous
1865,81,1.0,grid_cluster_contiguous
1866,81,1.0,grid_cluster_contiguous
1867,81,1.0,grid_cluster_contiguous
1868,81,1.0,grid_cluster_contiguous
1869,78,1.0,grid_cluster_contiguous
1870,78,1.0,grid_cluster_contiguous
1871,78,1.0,grid_cluster_contiguous
1872,78,1.0,grid_cluster_contiguous
1873,78,1.0,grid_cluster_contiguous
1874,81,1.0,grid_cluster_contiguous
1875,78,1.0,grid_cluster_contiguous
1876,78,1.0,grid_cluster_contiguous
1877,85,1.0,grid_cluster_contiguous
1878,78,1.0,grid_cluster_contiguous
1879,78,1.0,grid_cluster_contiguous
1880,78,1.0,grid_cluster_contiguous
1881,78,1.0,grid_cluster_contiguous
1882,78,1.0,grid_cluster_contiguous
1883,78,1.0,grid_cluster_contiguous
1884,78,1.0,grid_cluster_contiguous
1885,78,1.0,grid_cluster_contiguous
1886,78,1.0,grid_cluster_contiguous
1887,78,1.0,grid_cluster_contiguous
1888,78,1.0,grid_cluster_contiguous
1889,78,1.0,grid_cluster_contiguous
1890,78,1.0,grid_cluster_contiguous
1891,77,1.0,grid_cluster_contiguous
1892,78,1.0,grid_cluster_contiguous
1893,78,1.0,grid_cluster_contiguous
1894,78,1.0,grid_cluster_contiguous
1895,78,1.0,grid_cluster_contiguous
1896,78,1.0,grid_cluster_contiguous
1897,78,1.0,grid_cluster_contiguous
1898,78,1.0,grid_cluster_contiguous
1899,85,1.0,grid_cluster_contiguous
1900,85,1.0,grid_cluster_contiguous
1901,85,1.0,grid_cluster_contiguous
1902,85,1.0,grid_cluster_contiguous
1903,85,1.0,grid_cluster_contiguous
1904,85,1.0,grid_cluster_contiguous
1905,85,1.0,grid_cluster_contiguous
1906,78,1.0,grid_cluster_contiguous
1907,85,1.0,grid_cluster_contiguous
1908,86,1.0,grid_cluster_contiguous
1909,86,1.0,grid_cluster_contiguous
1910,77,1.0,grid_cluster_contiguous
1911,77,1.0,grid_cluster_contiguous
1912,77,1.0,grid_cluster_contiguous
1913,78,1.0,grid_cluster_contiguous
1914,78,1.0,grid_cluster_contiguous
1915,78,1.0,grid_cluster_contiguous
1916,78,1.0,grid_cluster_contiguous
1917,78,1.0,grid_cluster_contiguous
1918,78,1.0,grid_cluster_contiguous
1919,78,1.0,grid_cluster_contiguous
1920,77,1.0,grid_cluster_contiguous
1921,77,1.0,grid_cluster_contiguous
1922,77,1.0,grid_cluster_contiguous
1923,77,1.0,grid_cluster_contiguous
1924,77,1.0,grid_cluster_contiguous
1925,77,1.0,grid_cluster_contiguous
1926,77,1.0,grid_cluster_contiguous
1927,77,1.0,grid_cluster_contiguous
1928,77,1.0,grid_cluster_contiguous
1929,77,1.0,grid_cluster_contiguous
1930,77,1.0,grid_cluster_contiguous
1931,77,1.0,grid_cluster_contiguous
1932,77,1.0,grid_cluster_contiguous
1933,77,1.0,grid_cluster_contiguous
1934,77,1.0,grid_cluster_contiguous
1935,77,1.0,grid_cluster_contiguous
1936,55,1.0,grid_cluster_contiguous
1937,56,1.0,grid_cluster_contiguous
1938,77,1.0,grid_cluster_contiguous
1939,77,1.0,grid_cluster_contiguous
1940,77,1.0,grid_cluster_contiguous
1941,86,1.0,grid_cluster_contiguous
1942,86,1.0,grid_cluster_contiguous
1943,86,1.0,grid_cluster_contiguous
1944,87,1.0,grid_cluster_contiguous
1945,87,1.0,grid_cluster_contiguous
1946,87,1.0,grid_cluster_contiguous
1947,87,1.0,grid_cluster_contiguous
1948,87,1.0,grid_cluster_contiguous
1949,87,1.0,grid_cluster_contiguous
1950,87,1.0,grid_cluster_contiguous
1951,87,1.0,grid_cluster_contiguous
1952,87,1.0,grid_cluster_contiguous
1953,87,1.0,grid_cluster_contiguous
1954,88,1.0,grid_cluster_contiguous
1955,88,1.0,grid_cluster_contiguous
1956,88,1.0,grid_cluster_contiguous
1957,89,1.0,grid_cluster_contiguous
1958,89,1.0,grid_cluster_contiguous
1959,89,1.0,grid_cluster_contiguous
1960,89,1.0,grid_cluster_contiguous
1961,89,1.0,grid_cluster_contiguous
1962,89,1.0,grid_cluster_contiguous
1963,90,1.0,grid_cluster_contiguous
1964,90,1.0,grid_cluster_contiguous
1965,90,1.0,grid_cluster_contiguous
1966,90,1.0,grid_cluster_contiguous
1967,90,1.0,grid_cluster_contiguous
1968,90,1.0,grid_cluster_contiguous
1969,89,1.0,grid_cluster_contiguous
1970,90,1.0,grid_cluster_contiguous
1971,90,1.0,grid_cluster_contiguous
1972,89,1.0,grid_cluster_contiguous
1973,89,1.0,grid_cluster_contiguous
1974,89,1.0,grid_cluster_contiguous
1975,89,1.0,grid_cluster_contiguous
1976,89,1.0,grid_cluster_contiguous
1977,89,1.0,grid_cluster_contiguous
1978,89,1.0,grid_cluster_contiguous
1979,89,1.0,grid_cluster_contiguous
1980,89,1.0,grid_cluster_contiguous
1981,89,1.0,grid_cluster_contiguous
1982,89,1.0,grid_cluster_contiguous
1983,89,1.0,grid_cluster_contiguous
1984,89,1.0,grid_cluster_contiguous
1985,89,1.0,grid_cluster_contiguous
1986,89,1.0,grid_cluster_contiguous
1987,89,1.0,grid_cluster_contiguous
1988,89,1.0,grid_cluster_contiguous
1989,89,1.0,grid_cluster_contiguous
1990,89,1.0,grid_cluster_contiguous
1991,89,1.0,grid_cluster_contiguous
1992,89,1.0,grid_cluster_contiguous
1993,89,1.0,grid_cluster_contiguous
1994,89,1.0,grid_cluster_contiguous
1995,89,1.0,grid_cluster_contiguous
1996,89,1.0,grid_cluster_contiguous
1997,89,1.0,grid_cluster_contiguous
1998,89,1.0,grid_cluster_contiguous
1999,89,1.0,grid_cluster_contiguous
2000,89,1.0,grid_cluster_contiguous
2001,89,1.0,grid_cluster_contiguous
2002,89,1.0,grid_cluster_contiguous
2003,14,1.0,own_superzone_top_demand
2004,89,1.0,grid_cluster_contiguous
2005,89,1.0,grid_cluster_contiguous
2006,89,1.0,grid_cluster_contiguous
2007,89,1.0,grid_cluster_contiguous
2008,88,1.0,grid_cluster_contiguous
2009,88,1.0,grid_cluster_contiguous
2010,89,1.0,grid_cluster_contiguous
2011,88,1.0,grid_cluster_contiguous
2012,88,1.0,grid_cluster_contiguous
2013,88,1.0,grid_cluster_contiguous
2014,88,1.0,grid_cluster_contiguous
2015,88,1.0,grid_cluster_contiguous
2016,88,1.0,grid_cluster_contiguous
2017,88,1.0,grid_cluster_contiguous
2018,88,1.0,grid_cluster_contiguous
2019,88,1.0,grid_cluster_contiguous
2020,88,1.0,grid_cluster_contiguous
2021,88,1.0,grid_cluster_contiguous
2022,87,1.0,grid_cluster_contiguous
2023,87,1.0,grid_cluster_contiguous
2024,87,1.0,grid_cluster_contiguous
2025,88,1.0,grid_cluster_contiguous
2026,88,1.0,grid_cluster_contiguous
2027,88,1.0,grid_cluster_contiguous
2028,88,1.0,grid_cluster_contiguous
2029,88,1.0,grid_cluster_contiguous
2030,88,1.0,grid_cluster_contiguous
2031,88,1.0,grid_cluster_contiguous
2032,88,1.0,grid_cluster_contiguous
2033,88,1.0,grid_cluster_contiguous
2034,88,1.0,grid_cluster_contiguous
2035,88,1.0,grid_cluster_contiguous
2036,89,1.0,grid_cluster_contiguous
2037,89,1.0,grid_cluster_contiguous
2038,89,1.0,grid_cluster_contiguous
2039,89,1.0,grid_cluster_contiguous
2040,89,1.0,grid_cluster_contiguous
2041,89,1.0,grid_cluster_contiguous
2042,88,1.0,grid_cluster_contiguous
2043,89,1.0,grid_cluster_contiguous
2044,91,1.0,grid_cluster_contiguous
2045,92,1.0,grid_cluster_contiguous
2046,92,1.0,grid_cluster_contiguous
2047,92,1.0,grid_cluster_contiguous
2048,88,1.0,grid_cluster_contiguous
2049,88,1.0,grid_cluster_contiguous
2050,88,1.0,grid_cluster_contiguous
2051,88,1.0,grid_cluster_contiguous
2052,88,1.0,grid_cluster_contiguous
2053,88,1.0,grid_cluster_contiguous
2054,88,1.0,grid_cluster_contiguous
2055,88,1.0,grid_cluster_contiguous
2056,88,1.0,grid_cluster_contiguous
2057,88,1.0,grid_cluster_contiguous
2058,88,1.0,grid_cluster_contiguous
2059,88,1.0,grid_cluster_contiguous
2060,88,1.0,grid_cluster_contiguous
2061,88,1.0,grid_cluster_contiguous
2062,88,1.0,grid_cluster_contiguous
2063,88,1.0,grid_cluster_contiguous
2064,88,1.0,grid_cluster_contiguous
2065,92,1.0,grid_cluster_contiguous
2066,92,1.0,grid_cluster_contiguous
2067,92,1.0,grid_cluster_contiguous
2068,88,1.0,grid_cluster_contiguous
2069,88,1.0,grid_cluster_contiguous
2070,92,1.0,grid_cluster_contiguous
2071,92,1.0,grid_cluster_contiguous
2072,92,1.0,grid_cluster_contiguous
2073,92,1.0,grid_cluster_contiguous
2074,93,1.0,grid_cluster_contiguous
2075,93,1.0,grid_cluster_contiguous
2076,92,1.0,grid_cluster_contiguous
2077,92,1.0,grid_cluster_contiguous
2078,93,1.0,grid_cluster_contiguous
2079,93,1.0,grid_cluster_contiguous
2080,93,1.0,grid_cluster_contiguous
2081,93,1.0,grid_cluster_contiguous
2082,93,1.0,grid_cluster_contiguous
2083,93,1.0,grid_cluster_contiguous
2084,93,1.0,grid_cluster_contiguous
2085,93,1.0,grid_cluster_contiguous
2086,93,1.0,grid_cluster_contiguous
2087,93,1.0,grid_cluster_contiguous
2088,93,1.0,grid_cluster_contiguous
2089,93,1.0,grid_cluster_contiguous
2090,93,1.0,grid_cluster_contiguous
2091,93,1.0,grid_cluster_contiguous
2092,94,1.0,grid_cluster_contiguous
2093,93,1.0,grid_cluster_contiguous
2094,93,1.0,grid_cluster_contiguous
2095,93,1.0,grid_cluster_contiguous
2096,93,1.0,grid_cluster_contiguous
2097,94,1.0,grid_cluster_contiguous
2098,94,1.0,grid_cluster_contiguous
2099,94,1.0,grid_cluster_contiguous
2100,94,1.0,grid_cluster_contiguous
2101,94,1.0,grid_cluster_contiguous
2102,94,1.0,grid_cluster_contiguous
2103,94,1.0,grid_cluster_contiguous
2104,94,1.0,grid_cluster_contiguous
2105,94,1.0,grid_cluster_contiguous
2106,93,1.0,grid_cluster_contiguous
2107,93,1.0,grid_cluster_contiguous
2108,93,1.0,grid_cluster_contiguous
2109,93,1.0,grid_cluster_contiguous
2110,93,1.0,grid_cluster_contiguous
2111,93,1.0,grid_cluster_contiguous
2112,93,1.0,grid_cluster_contiguous
2113,93,1.0,grid_cluster_contiguous
2114,93,1.0,grid_cluster_contiguous
2115,93,1.0,grid_cluster_contiguous
2116,93,1.0,grid_cluster_contiguous
2117,93,1.0,grid_cluster_contiguous
2118,93,1.0,grid_cluster_contiguous
2119,93,1.0,grid_cluster_contiguous
2120,93,1.0,grid_cluster_contiguous
2121,92,1.0,grid_cluster_contiguous
2122,93,1.0,grid_cluster_contiguous
2123,92,1.0,grid_cluster_contiguous
2124,92,1.0,grid_cluster_contiguous
2125,92,1.0,grid_cluster_contiguous
2126,92,1.0,grid_cluster_contiguous
2127,92,1.0,grid_cluster_contiguous
2128,92,1.0,grid_cluster_contiguous
2129,92,1.0,grid_cluster_contiguous
2130,92,1.0,grid_cluster_contiguous
2131,92,1.0,grid_cluster_contiguous
2132,92,1.0,grid_cluster_contiguous
2133,92,1.0,grid_cluster_contiguous
2134,92,1.0,grid_cluster_contiguous
2135,93,1.0,grid_cluster_contiguous
2136,93,1.0,grid_cluster_contiguous
2137,92,1.0,grid_cluster_contiguous
2138,92,1.0,grid_cluster_contiguous
2139,92,1.0,grid_cluster_contiguous
2140,91,1.0,grid_cluster_contiguous
2141,91,1.0,grid_cluster_contiguous
2142,91,1.0,grid_cluster_contiguous
2143,91,1.0,grid_cluster_contiguous
2144,91,1.0,grid_cluster_contiguous
2145,91,1.0,grid_cluster_contiguous
2146,91,1.0,grid_cluster_contiguous
2147,91,1.0,grid_cluster_contiguous
2148,91,1.0,grid_cluster_contiguous
2149,91,1.0,grid_cluster_contiguous
2150,91,1.0,grid_cluster_contiguous
2151,91,1.0,grid_cluster_contiguous
2152,91,1.0,grid_cluster_contiguous
2153,91,1.0,grid_cluster_contiguous
2154,91,1.0,grid_cluster_contiguous
2155,91,1.0,grid_cluster_contiguous
2156,91,1.0,grid_cluster_contiguous
2157,91,1.0,grid_cluster_contiguous
2158,91,1.0,grid_cluster_contiguous
2159,91,1.0,grid_cluster_contiguous
2160,91,1.0,grid_cluster_contiguous
2161,91,1.0,grid_cluster_contiguous
2162,91,1.0,grid_cluster_contiguous
2163,91,1.0,grid_cluster_contiguous
2164,91,1.0,grid_cluster_contiguous
2165,91,1.0,grid_cluster_contiguous
2166,91,1.0,grid_cluster_contiguous
2167,91,1.0,grid_cluster_contiguous
2168,91,1.0,grid_cluster_contiguous
2169,15,1.0,own_superzone_top_demand
2170,91,1.0,grid_cluster_contiguous
2171,91,1.0,grid_cluster_contiguous
2172,91,1.0,grid_cluster_contiguous
2173,91,1.0,grid_cluster_contiguous
2174,91,1.0,grid_cluster_contiguous
2175,91,1.0,grid_cluster_contiguous
2176,91,1.0,grid_cluster_contiguous
2177,91,1.0,grid_cluster_contiguous
2178,91,1.0,grid_cluster_contiguous
2179,91,1.0,grid_cluster_contiguous
2180,91,1.0,grid_cluster_contiguous
2181,91,1.0,grid_cluster_contiguous
2182,89,1.0,grid_cluster_contiguous
2183,89,1.0,grid_cluster_contiguous
2184,89,1.0,grid_cluster_contiguous
2185,89,1.0,grid_cluster_contiguous
2186,89,1.0,grid_cluster_contiguous
2187,89,1.0,grid_cluster_contiguous
2188,16,1.0,own_superzone_top_demand
2189,89,1.0,grid_cluster_contiguous
2190,89,1.0,grid_cluster_contiguous
2191,91,1.0,grid_cluster_contiguous
2192,91,1.0,grid_cluster_contiguous
2193,91,1.0,grid_cluster_contiguous
2194,91,1.0,grid_cluster_contiguous
2195,91,1.0,grid_cluster_contiguous
2196,91,1.0,grid_cluster_contiguous
2197,91,1.0,grid_cluster_contiguous
2198,89,1.0,grid_cluster_contiguous
2199,89,1.0,grid_cluster_contiguous
2200,89,1.0,grid_cluster_contiguous
2201,89,1.0,grid_cluster_contiguous
2202,89,1.0,grid_cluster_contiguous
2203,89,1.0,grid_cluster_contiguous
2204,89,1.0,grid_cluster_contiguous
2205,89,1.0,grid_cluster_contiguous
2206,89,1.0,grid_cluster_contiguous
2207,89,1.0,grid_cluster_contiguous
2208,89,1.0,grid_cluster_contiguous
2209,89,1.0,grid_cluster_contiguous
2210,89,1.0,grid_cluster_contiguous
2211,89,1.0,grid_cluster_contiguous
2212,95,1.0,grid_cluster_contiguous
2213,89,1.0,grid_cluster_contiguous
2214,89,1.0,grid_cluster_contiguous
2215,89,1.0,grid_cluster_contiguous
2216,89,1.0,grid_cluster_contiguous
2217,89,1.0,grid_cluster_contiguous
2218,89,1.0,grid_cluster_contiguous
2219,95,1.0,grid_cluster_contiguous
2220,95,1.0,grid_cluster_contiguous
2221,95,1.0,grid_cluster_contiguous
2222,95,1.0,grid_cluster_contiguous
2223,95,1.0,grid_cluster_contiguous
2224,95,1.0,grid_cluster_contiguous
2225,95,1.0,grid_cluster_contiguous
2226,89,1.0,grid_cluster_contiguous
2227,89,1.0,grid_cluster_contiguous
2228,89,1.0,grid_cluster_contiguous
2229,89,1.0,grid_cluster_contiguous
2230,90,1.0,grid_cluster_contiguous
2231,96,1.0,grid_cluster_contiguous
2232,96,1.0,grid_cluster_contiguous
2233,96,1.0,grid_cluster_contiguous
2234,96,1.0,grid_cluster_contiguous
2235,95,1.0,grid_cluster_contiguous
2236,95,1.0,grid_cluster_contiguous
2237,95,1.0,grid_cluster_contiguous
2238,95,1.0,grid_cluster_contiguous
2239,95,1.0,grid_cluster_contiguous
2240,95,1.0,grid_cluster_contiguous
2241,96,1.0,grid_cluster_contiguous
2242,31,1.0,grid_cluster_contiguous
2243,31,1.0,grid_cluster_contiguous
2244,39,1.0,grid_cluster_contiguous
2245,95,1.0,grid_cluster_contiguous
2246,39,1.0,grid_cluster_contiguous
2247,39,1.0,grid_cluster_contiguous
2248,39,1.0,grid_cluster_contiguous
2249,39,1.0,grid_cluster_contiguous
2250,39,1.0,grid_cluster_contiguous
2251,95,1.0,grid_cluster_contiguous
2252,95,1.0,grid_cluster_contiguous
2253,95,1.0,grid_cluster_contiguous
2254,95,1.0,grid_cluster_contiguous
2255,95,1.0,grid_cluster_contiguous
2256,95,1.0,grid_cluster_contiguous
2257,95,1.0,grid_cluster_contiguous
2258,95,1.0,grid_cluster_contiguous
2259,39,1.0,grid_cluster_contiguous
2260,39,1.0,grid_cluster_contiguous
2261,39,1.0,grid_cluster_contiguous
2262,39,1.0,grid_cluster_contiguous
2263,39,1.0,grid_cluster_contiguous
2264,95,1.0,grid_cluster_contiguous
2265,95,1.0,grid_cluster_contiguous
2266,95,1.0,grid_cluster_contiguous
2267,95,1.0,grid_cluster_contiguous
2268,95,1.0,grid_cluster_contiguous
2269,95,1.0,grid_cluster_contiguous
2270,95,1.0,grid_cluster_contiguous
2271,95,1.0,grid_cluster_contiguous
2272,95,1.0,grid_cluster_contiguous
2273,89,1.0,grid_cluster_contiguous
2274,89,1.0,grid_cluster_contiguous
2275,89,1.0,grid_cluster_contiguous
2276,89,1.0,grid_cluster_contiguous
2277,89,1.0,grid_cluster_contiguous
2278,95,1.0,grid_cluster_contiguous
2279,95,1.0,grid_cluster_contiguous
2280,89,1.0,grid_cluster_contiguous
2281,91,1.0,grid_cluster_contiguous
2282,91,1.0,grid_cluster_contiguous
2283,91,1.0,grid_cluster_contiguous
2284,91,1.0,grid_cluster_contiguous
2285,43,1.0,grid_cluster_contiguous
2286,43,1.0,grid_cluster_contiguous
2287,43,1.0,grid_cluster_contiguous
2288,95,1.0,grid_cluster_contiguous
2289,95,1.0,grid_cluster_contiguous
2290,43,1.0,grid_cluster_contiguous
2291,43,1.0,grid_cluster_contiguous
2292,95,1.0,grid_cluster_contiguous
2293,95,1.0,grid_cluster_contiguous
2294,39,1.0,grid_cluster_contiguous
2295,39,1.0,grid_cluster_contiguous
2296,39,1.0,grid_cluster_contiguous
2297,39,1.0,grid_cluster_contiguous
2298,42,1.0,grid_cluster_contiguous
2299,42,1.0,grid_cluster_contiguous
2300,42,1.0,grid_cluster_contiguous
2301,42,1.0,grid_cluster_contiguous
2302,43,1.0,grid_cluster_contiguous
2303,43,1.0,grid_cluster_contiguous
2304,43,1.0,grid_cluster_contiguous
2305,43,1.0,grid_cluster_contiguous
2306,43,1.0,grid_cluster_contiguous
2307,43,1.0,grid_cluster_contiguous
2308,43,1.0,grid_cluster_contiguous
2309,43,1.0,grid_cluster_contiguous
2310,43,1.0,grid_cluster_contiguous
2311,91,1.0,grid_cluster_contiguous
2312,43,1.0,grid_cluster_contiguous
2313,43,1.0,grid_cluster_contiguous
2314,43,1.0,grid_cluster_contiguous
2315,43,1.0,grid_cluster_contiguous
2316,43,1.0,grid_cluster_contiguous
2317,43,1.0,grid_cluster_contiguous
2318,43,1.0,grid_cluster_contiguous
2319,43,1.0,grid_cluster_contiguous
2320,43,1.0,grid_cluster_contiguous
2321,17,1.0,own_superzone_top_demand
2322,46,1.0,grid_cluster_contiguous
2323,46,1.0,grid_cluster_contiguous
2324,46,1.0,grid_cluster_contiguous
2325,46,1.0,grid_cluster_contiguous
2326,46,1.0,grid_cluster_contiguous
2327,46,1.0,grid_cluster_contiguous
2328,46,1.0,grid_cluster_contiguous
2329,46,1.0,grid_cluster_contiguous
2330,46,1.0,grid_cluster_contiguous
2331,46,1.0,grid_cluster_contiguous
2332,43,1.0,grid_cluster_contiguous
2333,43,1.0,grid_cluster_contiguous
2334,43,1.0,grid_cluster_contiguous
2335,43,1.0,grid_cluster_contiguous
2336,43,1.0,grid_cluster_contiguous
2337,43,1.0,grid_cluster_contiguous
2338,43,1.0,grid_cluster_contiguous
2339,43,1.0,grid_cluster_contiguous
2340,91,1.0,grid_cluster_contiguous
2341,91,1.0,grid_cluster_contiguous
2342,97,1.0,grid_cluster_contiguous
2343,46,1.0,grid_cluster_contiguous
2344,43,1.0,grid_cluster_contiguous
2345,46,1.0,grid_cluster_contiguous
2346,46,1.0,grid_cluster_contiguous
2347,46,1.0,grid_cluster_contiguous
2348,46,1.0,grid_cluster_contiguous
2349,46,1.0,grid_cluster_contiguous
2350,46,1.0,grid_cluster_contiguous
2351,46,1.0,grid_cluster_contiguous
2352,46,1.0,grid_cluster_contiguous
2353,46,1.0,grid_cluster_contiguous
2354,46,1.0,grid_cluster_contiguous
2355,46,1.0,grid_cluster_contiguous
2356,46,1.0,grid_cluster_contiguous
2357,46,1.0,grid_cluster_contiguous
2358,46,1.0,grid_cluster_contiguous
2359,46,1.0,grid_cluster_contiguous
2360,46,1.0,grid_cluster_contiguous
2361,46,1.0,grid_cluster_contiguous
2362,46,1.0,grid_cluster_contiguous
2363,46,1.0,grid_cluster_contiguous
2364,46,1.0,grid_cluster_contiguous
2365,46,1.0,grid_cluster_contiguous
2366,46,1.0,grid_cluster_contiguous
2367,46,1.0,grid_cluster_contiguous
2368,46,1.0,grid_cluster_contiguous
2369,46,1.0,grid_cluster_contiguous
2370,46,1.0,grid_cluster_contiguous
2371,46,1.0,grid_cluster_contiguous
2372,46,1.0,grid_cluster_contiguous
2373,46,1.0,grid_cluster_contiguous
2374,49,1.0,grid_cluster_contiguous
2375,46,1.0,grid_cluster_contiguous
2376,46,1.0,grid_cluster_contiguous
2377,46,1.0,grid_cluster_contiguous
2378,97,1.0,grid_cluster_contiguous
2379,97,1.0,grid_cluster_contiguous
2380,97,1.0,grid_cluster_contiguous
2381,46,1.0,grid_cluster_contiguous
2382,46,1.0,grid_cluster_contiguous
2383,46,1.0,grid_cluster_contiguous
2384,46,1.0,grid_cluster_contiguous
2385,46,1.0,grid_cluster_contiguous
2386,46,1.0,grid_cluster_contiguous
2387,46,1.0,grid_cluster_contiguous
2388,46,1.0,grid_cluster_contiguous
2389,46,1.0,grid_cluster_contiguous
2390,46,1.0,grid_cluster_contiguous
2391,46,1.0,grid_cluster_contiguous
2392,46,1.0,grid_cluster_contiguous
2393,46,1.0,grid_cluster_contiguous
2394,97,1.0,grid_cluster_contiguous
2395,46,1.0,grid_cluster_contiguous
2396,97,1.0,grid_cluster_contiguous
2397,97,1.0,grid_cluster_contiguous
2398,97,1.0,grid_cluster_contiguous
2399,97,1.0,grid_cluster_contiguous
2400,91,1.0,grid_cluster_contiguous
2401,91,1.0,grid_cluster_contiguous
2402,97,1.0,grid_cluster_contiguous
2403,97,1.0,grid_cluster_contiguous
2404,97,1.0,grid_cluster_contiguous
2405,97,1.0,grid_cluster_contiguous
2406,97,1.0,grid_cluster_contiguous
2407,97,1.0,grid_cluster_contiguous
2408,97,1.0,grid_cluster_contiguous
2409,97,1.0,grid_cluster_contiguous
2410,97,1.0,grid_cluster_contiguous
2411,91,1.0,grid_cluster_contiguous
2412,91,1.0,grid_cluster_contiguous
2413,91,1.0,grid_cluster_contiguous
2414,97,1.0,grid_cluster_contiguous
2415,97,1.0,grid_cluster_contiguous
2416,97,1.0,grid_cluster_contiguous
2417,91,1.0,grid_cluster_contiguous
2418,97,1.0,grid_cluster_contiguous
2419,97,1.0,grid_cluster_contiguous
2420,93,1.0,grid_cluster_contiguous
2421,93,1.0,grid_cluster_contiguous
2422,93,1.0,grid_cluster_contiguous
2423,93,1.0,grid_cluster_contiguous
2424,97,1.0,grid_cluster_contiguous
2425,97,1.0,grid_cluster_contiguous
2426,97,1.0,grid_cluster_contiguous
2427,97,1.0,grid_cluster_contiguous
2428,97,1.0,grid_cluster_contiguous
2429,93,1.0,grid_cluster_contiguous
2430,93,1.0,grid_cluster_contiguous
2431,93,1.0,grid_cluster_contiguous
2432,93,1.0,grid_cluster_contiguous
2433,93,1.0,grid_cluster_contiguous
2434,93,1.0,grid_cluster_contiguous
2435,93,1.0,grid_cluster_contiguous
2436,97,1.0,grid_cluster_contiguous
2437,97,1.0,grid_cluster_contiguous
2438,97,1.0,grid_cluster_contiguous
2439,97,1.0,grid_cluster_contiguous
2440,97,1.0,grid_cluster_contiguous
2441,97,1.0,grid_cluster_contiguous
2442,97,1.0,grid_cluster_contiguous
2443,97,1.0,grid_cluster_contiguous
2444,97,1.0,grid_cluster_contiguous
2445,97,1.0,grid_cluster_contiguous
2446,97,1.0,grid_cluster_contiguous
2447,97,1.0,grid_cluster_contiguous
2448,97,1.0,grid_cluster_contiguous
2449,97,1.0,grid_cluster_contiguous
2450,97,1.0,grid_cluster_contiguous
2451,97,1.0,grid_cluster_contiguous
2452,97,1.0,grid_cluster_contiguous
2453,97,1.0,grid_cluster_contiguous
2454,97,1.0,grid_cluster_contiguous
2455,97,1.0,grid_cluster_contiguous
2456,97,1.0,grid_cluster_contiguous
2457,97,1.0,grid_cluster_contiguous
2458,97,1.0,grid_cluster_contiguous
2459,97,1.0,grid_cluster_contiguous
2460,97,1.0,grid_cluster_contiguous
2461,97,1.0,grid_cluster_contiguous
2462,97,1.0,grid_cluster_contiguous
2463,97,1.0,grid_cluster_contiguous
2464,97,1.0,grid_cluster_contiguous
2465,97,1.0,grid_cluster_contiguous
2466,97,1.0,grid_cluster_contiguous
2467,50,1.0,grid_cluster_contiguous
2468,50,1.0,grid_cluster_contiguous
2469,50,1.0,grid_cluster_contiguous
2470,50,1.0,grid_cluster_contiguous
2471,50,1.0,grid_cluster_contiguous
2472,50,1.0,grid_cluster_contiguous
2473,50,1.0,grid_cluster_contiguous
2474,50,1.0,grid_cluster_contiguous
2475,50,1.0,grid_cluster_contiguous
2476,50,1.0,grid_cluster_contiguous
2477,50,1.0,grid_cluster_contiguous
2478,50,1.0,grid_cluster_contiguous
2479,50,1.0,grid_cluster_contiguous
2480,50,1.0,grid_cluster_contiguous
2481,50,1.0,grid_cluster_contiguous
2482,59,1.0,grid_cluster_contiguous
2483,50,1.0,grid_cluster_contiguous
2484,59,1.0,grid_cluster_contiguous
2485,59,1.0,grid_cluster_contiguous
2486,59,1.0,grid_cluster_contiguous
2487,50,1.0,grid_cluster_contiguous
2488,50,1.0,grid_cluster_contiguous
2489,50,1.0,grid_cluster_contiguous
2490,50,1.0,grid_cluster_contiguous
2491,50,1.0,grid_cluster_contiguous
2492,50,1.0,grid_cluster_contiguous
2493,50,1.0,grid_cluster_contiguous
2494,50,1.0,grid_cluster_contiguous
2495,50,1.0,grid_cluster_contiguous
2496,50,1.0,grid_cluster_contiguous
2497,50,1.0,grid_cluster_contiguous
2498,50,1.0,grid_cluster_contiguous
2499,50,1.0,grid_cluster_contiguous
2500,50,1.0,grid_cluster_contiguous
2501,50,1.0,grid_cluster_contiguous
2502,97,1.0,grid_cluster_contiguous
2503,97,1.0,grid_cluster_contiguous
2504,50,1.0,grid_cluster_contiguous
2505,50,1.0,grid_cluster_contiguous
2506,50,1.0,grid_cluster_contiguous
2507,49,1.0,grid_cluster_contiguous
2508,49,1.0,grid_cluster_contiguous
2509,70,1.0,grid_cluster_contiguous
2510,70,1.0,grid_cluster_contiguous
2511,70,1.0,grid_cluster_contiguous
2512,70,1.0,grid_cluster_contiguous
2513,70,1.0,grid_cluster_contiguous
2514,70,1.0,grid_cluster_contiguous
2515,70,1.0,grid_cluster_contiguous
2516,36,1.0,grid_cluster_contiguous
2517,18,1.0,own_superzone_top_demand
2518,19,1.0,own_superzone_top_demand
2519,36,1.0,grid_cluster_contiguous
2520,36,1.0,grid_cluster_contiguous
2521,36,1.0,grid_cluster_contiguous
2522,36,1.0,grid_cluster_contiguous
2523,36,1.0,grid_cluster_contiguous
2524,36,1.0,grid_cluster_contiguous
2525,36,1.0,grid_cluster_contiguous
2526,36,1.0,grid_cluster_contiguous
2527,37,1.0,grid_cluster_contiguous
2528,36,1.0,grid_cluster_contiguous
2529,36,1.0,grid_cluster_contiguous
2530,70,1.0,grid_cluster_contiguous
2531,37,1.0,grid_cluster_contiguous
2532,98,1.0,grid_cluster_contiguous
2533,98,1.0,grid_cluster_contiguous
2534,98,1.0,grid_cluster_contiguous
2535,98,1.0,grid_cluster_contiguous
2536,70,1.0,grid_cluster_contiguous
2537,70,1.0,grid_cluster_contiguous
2538,70,1.0,grid_cluster_contiguous
2539,70,1.0,grid_cluster_contiguous
2540,70,1.0,grid_cluster_contiguous
2541,70,1.0,grid_cluster_contiguous
2542,70,1.0,grid_cluster_contiguous
2543,70,1.0,grid_cluster_contiguous
2544,70,1.0,grid_cluster_contiguous
2545,70,1.0,grid_cluster_contiguous
2546,70,1.0,grid_cluster_contiguous
2547,70,1.0,grid_cluster_contiguous
2548,70,1.0,grid_cluster_contiguous
2549,70,1.0,grid_cluster_contiguous
2550,70,1.0,grid_cluster_contiguous
2551,70,1.0,grid_cluster_contiguous
2552,70,1.0,grid_cluster_contiguous
2553,70,1.0,grid_cluster_contiguous
2554,70,1.0,grid_cluster_contiguous
2555,70,1.0,grid_cluster_contiguous
2556,70,1.0,grid_cluster_contiguous
2557,70,1.0,grid_cluster_contiguous
2558,70,1.0,grid_cluster_contiguous
2559,70,1.0,grid_cluster_contiguous
2560,70,1.0,grid_cluster_contiguous
2561,70,1.0,grid_cluster_contiguous
2562,70,1.0,grid_cluster_contiguous
2563,70,1.0,grid_cluster_contiguous
2564,71,1.0,grid_cluster_contiguous
2565,71,1.0,grid_cluster_contiguous
2566,71,1.0,grid_cluster_contiguous
2567,70,1.0,grid_cluster_contiguous
2568,70,1.0,grid_cluster_contiguous
2569,70,1.0,grid_cluster_contiguous
2570,70,1.0,grid_cluster_contiguous
2571,70,1.0,grid_cluster_contiguous
2572,70,1.0,grid_cluster_contiguous
2573,98,1.0,grid_cluster_contiguous
2574,70,1.0,grid_cluster_contiguous
2575,71,1.0,grid_cluster_contiguous
2576,70,1.0,grid_cluster_contiguous
2577,98,1.0,grid_cluster_contiguous
2578,98,1.0,grid_cluster_contiguous
2579,98,1.0,grid_cluster_contiguous
2580,98,1.0,grid_cluster_contiguous
2581,98,1.0,grid_cluster_contiguous
2582,98,1.0,grid_cluster_contiguous
2583,98,1.0,grid_cluster_contiguous
2584,98,1.0,grid_cluster_contiguous
2585,98,1.0,grid_cluster_contiguous
2586,98,1.0,grid_cluster_contiguous
2587,98,1.0,grid_cluster_contiguous
2588,98,1.0,grid_cluster_contiguous
2589,98,1.0,grid_cluster_contiguous
2590,98,1.0,grid_cluster_contiguous
2591,98,1.0,grid_cluster_contiguous
2592,98,1.0,grid_cluster_contiguous
2593,98,1.0,grid_cluster_contiguous
2594,98,1.0,grid_cluster_contiguous
2595,73,1.0,grid_cluster_contiguous
2596,73,1.0,grid_cluster_contiguous
2597,73,1.0,grid_cluster_contiguous
2598,73,1.0,grid_cluster_contiguous
2599,73,1.0,grid_cluster_contiguous
2600,73,1.0,grid_cluster_contiguous
2601,98,1.0,grid_cluster_contiguous
2602,71,1.0,grid_cluster_contiguous
2603,73,1.0,grid_cluster_contiguous
2604,71,1.0,grid_cluster_contiguous
2605,71,1.0,grid_cluster_contiguous
2606,73,1.0,grid_cluster_contiguous
2607,73,1.0,grid_cluster_contiguous
2608,73,1.0,grid_cluster_contiguous
2609,73,1.0,grid_cluster_contiguous
2610,73,1.0,grid_cluster_contiguous
2611,73,1.0,grid_cluster_contiguous
2612,73,1.0,grid_cluster_contiguous
2613,73,1.0,grid_cluster_contiguous
2614,73,1.0,grid_cluster_contiguous
2615,73,1.0,grid_cluster_contiguous
2616,73,1.0,grid_cluster_contiguous
2617,73,1.0,grid_cluster_contiguous
2618,73,1.0,grid_cluster_contiguous
2619,73,1.0,grid_cluster_contiguous
2620,73,1.0,grid_cluster_contiguous
2621,73,1.0,grid_cluster_contiguous
2622,73,1.0,grid_cluster_contiguous
2623,73,1.0,grid_cluster_contiguous
2624,73,1.0,grid_cluster_contiguous
2625,73,1.0,grid_cluster_contiguous
2626,73,1.0,grid_cluster_contiguous
2627,73,1.0,grid_cluster_contiguous
2628,73,1.0,grid_cluster_contiguous
2629,73,1.0,grid_cluster_contiguous
2630,73,1.0,grid_cluster_contiguous
2631,74,1.0,grid_cluster_contiguous
2632,74,1.0,grid_cluster_contiguous
2633,74,1.0,grid_cluster_contiguous
2634,74,1.0,grid_cluster_contiguous
2635,74,1.0,grid_cluster_contiguous
2636,99,1.0,grid_cluster_contiguous
2637,99,1.0,grid_cluster_contiguous
2638,99,1.0,grid_cluster_contiguous
2639,74,1.0,grid_cluster_contiguous
2640,99,1.0,grid_cluster_contiguous
2641,100,1.0,grid_cluster_contiguous
2642,100,1.0,grid_cluster_contiguous
2643,73,1.0,grid_cluster_contiguous
2644,73,1.0,grid_cluster_contiguous
2645,73,1.0,grid_cluster_contiguous
2646,100,1.0,grid_cluster_contiguous
2647,100,1.0,grid_cluster_contiguous
2648,100,1.0,grid_cluster_contiguous
2649,100,1.0,grid_cluster_contiguous
2650,100,1.0,grid_cluster_contiguous
2651,100,1.0,grid_cluster_contiguous
2652,100,1.0,grid_cluster_contiguous
2653,100,1.0,grid_cluster_contiguous
2654,100,1.0,grid_cluster_contiguous
2655,100,1.0,grid_cluster_contiguous
2656,100,1.0,grid_cluster_contiguous
2657,100,1.0,grid_cluster_contiguous
2658,99,1.0,grid_cluster_contiguous
2659,99,1.0,grid_cluster_contiguous
2660,99,1.0,grid_cluster_contiguous
2661,99,1.0,grid_cluster_contiguous
2662,99,1.0,grid_cluster_contiguous
2663,99,1.0,grid_cluster_contiguous
2664,99,1.0,grid_cluster_contiguous
2665,99,1.0,grid_cluster_contiguous
2666,99,1.0,grid_cluster_contiguous
2667,99,1.0,grid_cluster_contiguous
2668,99,1.0,grid_cluster_contiguous
2669,100,1.0,grid_cluster_contiguous
2670,100,1.0,grid_cluster_contiguous
2671,100,1.0,grid_cluster_contiguous
2672,100,1.0,grid_cluster_contiguous
2673,100,1.0,grid_cluster_contiguous
2674,100,1.0,grid_cluster_contiguous
2675,100,1.0,grid_cluster_contiguous
2676,100,1.0,grid_cluster_contiguous
2677,100,1.0,grid_cluster_contiguous
2678,100,1.0,grid_cluster_contiguous
2679,100,1.0,grid_cluster_contiguous
2680,100,1.0,grid_cluster_contiguous
2681,100,1.0,grid_cluster_contiguous
2682,100,1.0,grid_cluster_contiguous
2683,100,1.0,grid_cluster_contiguous
2684,100,1.0,grid_cluster_contiguous
2685,100,1.0,grid_cluster_contiguous
2686,100,1.0,grid_cluster_contiguous
2687,100,1.0,grid_cluster_contiguous
2688,100,1.0,grid_cluster_contiguous
2689,101,1.0,grid_cluster_contiguous
2690,100,1.0,grid_cluster_contiguous
2691,100,1.0,grid_cluster_contiguous
2692,100,1.0,grid_cluster_contiguous
2693,100,1.0,grid_cluster_contiguous
2694,101,1.0,grid_cluster_contiguous
2695,101,1.0,grid_cluster_contiguous
2696,101,1.0,grid_cluster_contiguous
2697,101,1.0,grid_cluster_contiguous
2698,73,1.0,grid_cluster_contiguous
2699,73,1.0,grid_cluster_contiguous
2700,73,1.0,grid_cluster_contiguous
2701,98,1.0,grid_cluster_contiguous
2702,98,1.0,grid_cluster_contiguous
2703,98,1.0,grid_cluster_contiguous
2704,98,1.0,grid_cluster_contiguous
2705,98,1.0,grid_cluster_contiguous
2706,98,1.0,grid_cluster_contiguous
2707,98,1.0,grid_cluster_contiguous
2708,98,1.0,grid_cluster_contiguous
2709,101,1.0,grid_cluster_contiguous
2710,101,1.0,grid_cluster_contiguous
2711,101,1.0,grid_cluster_contiguous
2712,101,1.0,grid_cluster_contiguous
2713,101,1.0,grid_cluster_contiguous
2714,101,1.0,grid_cluster_contiguous
2715,101,1.0,grid_cluster_contiguous
2716,101,1.0,grid_cluster_contiguous
2717,101,1.0,grid_cluster_contiguous
2718,101,1.0,grid_cluster_contiguous
2719,101,1.0,grid_cluster_contiguous
2720,101,1.0,grid_cluster_contiguous
2721,101,1.0,grid_cluster_contiguous
2722,101,1.0,grid_cluster_contiguous
2723,101,1.0,grid_cluster_contiguous
2724,101,1.0,grid_cluster_contiguous
2725,101,1.0,grid_cluster_contiguous
2726,101,1.0,grid_cluster_contiguous
2727,101,1.0,grid_cluster_contiguous
2728,101,1.0,grid_cluster_contiguous
2729,101,1.0,grid_cluster_contiguous
2730,101,1.0,grid_cluster_contiguous
2731,101,1.0,grid_cluster_contiguous
2732,101,1.0,grid_cluster_contiguous
2733,101,1.0,grid_cluster_contiguous
2734,101,1.0,grid_cluster_contiguous
2735,101,1.0,grid_cluster_contiguous
2736,101,1.0,grid_cluster_contiguous
2737,101,1.0,grid_cluster_contiguous
2738,101,1.0,grid_cluster_contiguous
2739,101,1.0,grid_cluster_contiguous
2740,102,1.0,grid_cluster_contiguous
2741,102,1.0,grid_cluster_contiguous
2742,102,1.0,grid_cluster_contiguous
2743,101,1.0,grid_cluster_contiguous
2744,101,1.0,grid_cluster_contiguous
2745,101,1.0,grid_cluster_contiguous
2746,101,1.0,grid_cluster_contiguous
2747,20,1.0,own_superzone_top_demand
2748,101,1.0,grid_cluster_contiguous
2749,101,1.0,grid_cluster_contiguous
2750,101,1.0,grid_cluster_contiguous
2751,101,1.0,grid_cluster_contiguous
2752,98,1.0,grid_cluster_contiguous
2753,98,1.0,grid_cluster_contiguous
2754,98,1.0,grid_cluster_contiguous
2755,98,1.0,grid_cluster_contiguous
2756,98,1.0,grid_cluster_contiguous
2757,98,1.0,grid_cluster_contiguous
2758,98,1.0,grid_cluster_contiguous
2759,98,1.0,grid_cluster_contiguous
2760,98,1.0,grid_cluster_contiguous
2761,98,1.0,grid_cluster_contiguous
2762,98,1.0,grid_cluster_contiguous
2763,98,1.0,grid_cluster_contiguous
2764,98,1.0,grid_cluster_contiguous
2765,98,1.0,grid_cluster_contiguous
2766,98,1.0,grid_cluster_contiguous
2767,98,1.0,grid_cluster_contiguous
2768,98,1.0,grid_cluster_contiguous
2769,98,1.0,grid_cluster_contiguous
2770,98,1.0,grid_cluster_contiguous
2771,98,1.0,grid_cluster_contiguous
2772,98,1.0,grid_cluster_contiguous
2773,98,1.0,grid_cluster_contiguous
2774,98,1.0,grid_cluster_contiguous
2775,98,1.0,grid_cluster_contiguous
2776,37,1.0,grid_cluster_contiguous
2777,37,1.0,grid_cluster_contiguous
2778,37,1.0,grid_cluster_contiguous
2779,37,1.0,grid_cluster_contiguous
2780,37,1.0,grid_cluster_contiguous
2781,37,1.0,grid_cluster_contiguous
2782,37,1.0,grid_cluster_contiguous
2783,102,1.0,grid_cluster_contiguous
2784,37,1.0,grid_cluster_contiguous
2785,102,1.0,grid_cluster_contiguous
2786,101,1.0,grid_cluster_contiguous
2787,102,1.0,grid_cluster_contiguous
2788,102,1.0,grid_cluster_contiguous
2789,102,1.0,grid_cluster_contiguous
2790,102,1.0,grid_cluster_contiguous
2791,102,1.0,grid_cluster_contiguous
2792,102,1.0,grid_cluster_contiguous
2793,102,1.0,grid_cluster_contiguous
2794,102,1.0,grid_cluster_contiguous
2795,102,1.0,grid_cluster_contiguous
2796,37,1.0,grid_cluster_contiguous
2797,102,1.0,grid_cluster_contiguous
2798,102,1.0,grid_cluster_contiguous
2799,21,1.0,own_superzone_top_demand
2800,37,1.0,grid_cluster_contiguous
2801,37,1.0,grid_cluster_contiguous
2802,37,1.0,grid_cluster_contiguous
2803,37,1.0,grid_cluster_contiguous
2804,37,1.0,grid_cluster_contiguous
2805,37,1.0,grid_cluster_contiguous
2806,37,1.0,grid_cluster_contiguous
2807,37,1.0,grid_cluster_contiguous
2808,37,1.0,grid_cluster_contiguous
2809,37,1.0,grid_cluster_contiguous
2810,37,1.0,grid_cluster_contiguous
2811,37,1.0,grid_cluster_contiguous
2812,37,1.0,grid_cluster_contiguous
2813,37,1.0,grid_cluster_contiguous
2814,37,1.0,grid_cluster_contiguous
2815,37,1.0,grid_cluster_contiguous
2816,37,1.0,grid_cluster_contiguous
2817,37,1.0,grid_cluster_contiguous
2818,98,1.0,grid_cluster_contiguous
2819,98,1.0,grid_cluster_contiguous
2820,98,1.0,grid_cluster_contiguous
2821,98,1.0,grid_cluster_contiguous
2822,98,1.0,grid_cluster_contiguous
2823,98,1.0,grid_cluster_contiguous
2824,37,1.0,grid_cluster_contiguous
2825,37,1.0,grid_cluster_contiguous
2826,37,1.0,grid_cluster_contiguous
2827,37,1.0,grid_cluster_contiguous
2828,37,1.0,grid_cluster_contiguous
2829,37,1.0,grid_cluster_contiguous
2830,37,1.0,grid_cluster_contiguous
2831,37,1.0,grid_cluster_contiguous
2832,37,1.0,grid_cluster_contiguous
2833,37,1.0,grid_cluster_contiguous
2834,37,1.0,grid_cluster_contiguous
2835,37,1.0,grid_cluster_contiguous
2836,37,1.0,grid_cluster_contiguous
2837,37,1.0,grid_cluster_contiguous
2838,37,1.0,grid_cluster_contiguous
2839,37,1.0,grid_cluster_contiguous
2840,37,1.0,grid_cluster_contiguous
2841,37,1.0,grid_cluster_contiguous
2842,37,1.0,grid_cluster_contiguous
2843,37,1.0,grid_cluster_contiguous
2844,37,1.0,grid_cluster_contiguous
2845,37,1.0,grid_cluster_contiguous
2846,37,1.0,grid_cluster_contiguous
2847,103,1.0,grid_cluster_contiguous
2848,103,1.0,grid_cluster_contiguous
2849,103,1.0,grid_cluster_contiguous
2850,37,1.0,grid_cluster_contiguous
2851,37,1.0,grid_cluster_contiguous
2852,37,1.0,grid_cluster_contiguous
2853,37,1.0,grid_cluster_contiguous
2854,37,1.0,grid_cluster_contiguous
2855,37,1.0,grid_cluster_contiguous
2856,37,1.0,grid_cluster_contiguous
2857,102,1.0,grid_cluster_contiguous
2858,102,1.0,grid_cluster_contiguous
2859,102,1.0,grid_cluster_contiguous
2860,102,1.0,grid_cluster_contiguous
2861,104,1.0,grid_cluster_contiguous
2862,104,1.0,grid_cluster_contiguous
2863,102,1.0,grid_cluster_contiguous
2864,104,1.0,grid_cluster_contiguous
2865,104,1.0,grid_cluster_contiguous
2866,104,1.0,grid_cluster_contiguous
2867,104,1.0,grid_cluster_contiguous
2868,104,1.0,grid_cluster_contiguous
2869,104,1.0,grid_cluster_contiguous
2870,104,1.0,grid_cluster_contiguous
2871,104,1.0,grid_cluster_contiguous
2872,104,1.0,grid_cluster_contiguous
2873,103,1.0,grid_cluster_contiguous
2874,104,1.0,grid_cluster_contiguous
2875,103,1.0,grid_cluster_contiguous
2876,103,1.0,grid_cluster_contiguous
2877,103,1.0,grid_cluster_contiguous
2878,103,1.0,grid_cluster_contiguous
2879,104,1.0,grid_cluster_contiguous
2880,104,1.0,grid_cluster_contiguous
2881,103,1.0,grid_cluster_contiguous
2882,104,1.0,grid_cluster_contiguous
2883,104,1.0,grid_cluster_contiguous
2884,104,1.0,grid_cluster_contiguous
2885,104,1.0,grid_cluster_contiguous
2886,104,1.0,grid_cluster_contiguous
2887,104,1.0,grid_cluster_contiguous
2888,104,1.0,grid_cluster_contiguous
2889,104,1.0,grid_cluster_contiguous
2890,104,1.0,grid_cluster_contiguous
2891,104,1.0,grid_cluster_contiguous
2892,104,1.0,grid_cluster_contiguous
2893,104,1.0,grid_cluster_contiguous
2894,104,1.0,grid_cluster_contiguous
2895,104,1.0,grid_cluster_contiguous
2896,104,1.0,grid_cluster_contiguous
2897,104,1.0,grid_cluster_contiguous
2898,104,1.0,grid_cluster_contiguous
2899,104,1.0,grid_cluster_contiguous
2900,104,1.0,grid_cluster_contiguous
2901,102,1.0,grid_cluster_contiguous
2902,104,1.0,grid_cluster_contiguous
2903,104,1.0,grid_cluster_contiguous
2904,104,1.0,grid_cluster_contiguous
2905,104,1.0,grid_cluster_contiguous
2906,104,1.0,grid_cluster_contiguous
2907,105,1.0,grid_cluster_contiguous
2908,105,1.0,grid_cluster_contiguous
2909,105,1.0,grid_cluster_contiguous
2910,105,1.0,grid_cluster_contiguous
2911,105,1.0,grid_cluster_contiguous
2912,104,1.0,grid_cluster_contiguous
2913,102,1.0,grid_cluster_contiguous
2914,102,1.0,grid_cluster_contiguous
2915,105,1.0,grid_cluster_contiguous
2916,106,1.0,grid_cluster_contiguous
2917,106,1.0,grid_cluster_contiguous
2918,106,1.0,grid_cluster_contiguous
2919,102,1.0,grid_cluster_contiguous
2920,102,1.0,grid_cluster_contiguous
2921,102,1.0,grid_cluster_contiguous
2922,102,1.0,grid_cluster_contiguous
2923,102,1.0,grid_cluster_contiguous
2924,102,1.0,grid_cluster_contiguous
2925,102,1.0,grid_cluster_contiguous
2926,102,1.0,grid_cluster_contiguous
2927,102,1.0,grid_cluster_contiguous
2928,102,1.0,grid_cluster_contiguous
2929,102,1.0,grid_cluster_contiguous
2930,102,1.0,grid_cluster_contiguous
2931,102,1.0,grid_cluster_contiguous
2932,102,1.0,grid_cluster_contiguous
2933,102,1.0,grid_cluster_contiguous
2934,102,1.0,grid_cluster_contiguous
2935,102,1.0,grid_cluster_contiguous
2936,102,1.0,grid_cluster_contiguous
2937,102,1.0,grid_cluster_contiguous
2938,102,1.0,grid_cluster_contiguous
2939,102,1.0,grid_cluster_contiguous
2940,102,1.0,grid_cluster_contiguous
2941,102,1.0,grid_cluster_contiguous
2942,102,1.0,grid_cluster_contiguous
2943,102,1.0,grid_cluster_contiguous
2944,102,1.0,grid_cluster_contiguous
2945,102,1.0,grid_cluster_contiguous
2946,102,1.0,grid_cluster_contiguous
2947,102,1.0,grid_cluster_contiguous
2948,102,1.0,grid_cluster_contiguous
2949,102,1.0,grid_cluster_contiguous
2950,102,1.0,grid_cluster_contiguous
2951,102,1.0,grid_cluster_contiguous
2952,102,1.0,grid_cluster_contiguous
2953,102,1.0,grid_cluster_contiguous
2954,102,1.0,grid_cluster_contiguous
2955,106,1.0,grid_cluster_contiguous
2956,106,1.0,grid_cluster_contiguous
2957,106,1.0,grid_cluster_contiguous
2958,106,1.0,grid_cluster_contiguous
2959,102,1.0,grid_cluster_contiguous
2960,102,1.0,grid_cluster_contiguous
2961,102,1.0,grid_cluster_contiguous
2962,102,1.0,grid_cluster_contiguous
2963,101,1.0,grid_cluster_contiguous
2964,107,1.0,grid_cluster_contiguous
2965,107,1.0,grid_cluster_contiguous
2966,107,1.0,grid_cluster_contiguous
2967,107,1.0,grid_cluster_contiguous
2968,107,1.0,grid_cluster_contiguous
2969,107,1.0,grid_cluster_contiguous
2970,107,1.0,grid_cluster_contiguous
2971,107,1.0,grid_cluster_contiguous
2972,107,1.0,grid_cluster_contiguous
2973,101,1.0,grid_cluster_contiguous
2974,101,1.0,grid_cluster_contiguous
2975,101,1.0,grid_cluster_contiguous
2976,102,1.0,grid_cluster_contiguous
2977,101,1.0,grid_cluster_contiguous
2978,101,1.0,grid_cluster_contiguous
2979,102,1.0,grid_cluster_contiguous
2980,102,1.0,grid_cluster_contiguous
2981,101,1.0,grid_cluster_contiguous
2982,101,1.0,grid_cluster_contiguous
2983,101,1.0,grid_cluster_contiguous
2984,101,1.0,grid_cluster_contiguous
2985,101,1.0,grid_cluster_contiguous
2986,101,1.0,grid_cluster_contiguous
2987,101,1.0,grid_cluster_contiguous
2988,101,1.0,grid_cluster_contiguous
2989,101,1.0,grid_cluster_contiguous
2990,101,1.0,grid_cluster_contiguous
2991,101,1.0,grid_cluster_contiguous
2992,101,1.0,grid_cluster_contiguous
2993,101,1.0,grid_cluster_contiguous
2994,101,1.0,grid_cluster_contiguous
2995,101,1.0,grid_cluster_contiguous
2996,100,1.0,grid_cluster_contiguous
2997,100,1.0,grid_cluster_contiguous
2998,100,1.0,grid_cluster_contiguous
2999,100,1.0,grid_cluster_contiguous
3000,100,1.0,grid_cluster_contiguous
3001,100,1.0,grid_cluster_contiguous
3002,100,1.0,grid_cluster_contiguous
3003,100,1.0,grid_cluster_contiguous
3004,101,1.0,grid_cluster_contiguous
3005,107,1.0,grid_cluster_contiguous
3006,100,1.0,grid_cluster_contiguous
3007,82,1.0,grid_cluster_contiguous
3008,99,1.0,grid_cluster_contiguous
3009,82,1.0,grid_cluster_contiguous
3010,82,1.0,grid_cluster_contiguous
3011,82,1.0,grid_cluster_contiguous
3012,82,1.0,grid_cluster_contiguous
3013,82,1.0,grid_cluster_contiguous
3014,82,1.0,grid_cluster_contiguous
3015,82,1.0,grid_cluster_contiguous
3016,83,1.0,grid_cluster_contiguous
3017,83,1.0,grid_cluster_contiguous
3018,83,1.0,grid_cluster_contiguous
3019,108,1.0,grid_cluster_contiguous
3020,83,1.0,grid_cluster_contiguous
3021,83,1.0,grid_cluster_contiguous
3022,83,1.0,grid_cluster_contiguous
3023,83,1.0,grid_cluster_contiguous
3024,83,1.0,grid_cluster_contiguous
3025,83,1.0,grid_cluster_contiguous
3026,83,1.0,grid_cluster_contiguous
3027,83,1.0,grid_cluster_contiguous
3028,83,1.0,grid_cluster_contiguous
3029,83,1.0,grid_cluster_contiguous
3030,82,1.0,grid_cluster_contiguous
3031,82,1.0,grid_cluster_contiguous
3032,82,1.0,grid_cluster_contiguous
3033,83,1.0,grid_cluster_contiguous
3034,83,1.0,grid_cluster_contiguous
3035,83,1.0,grid_cluster_contiguous
3036,83,1.0,grid_cluster_contiguous
3037,83,1.0,grid_cluster_contiguous
3038,83,1.0,grid_cluster_contiguous
3039,83,1.0,grid_cluster_contiguous
3040,83,1.0,grid_cluster_contiguous
3041,83,1.0,grid_cluster_contiguous
3042,83,1.0,grid_cluster_contiguous
3043,83,1.0,grid_cluster_contiguous
3044,83,1.0,grid_cluster_contiguous
3045,108,1.0,grid_cluster_contiguous
3046,108,1.0,grid_cluster_contiguous
3047,108,1.0,grid_cluster_contiguous
3048,83,1.0,grid_cluster_contiguous
3049,83,1.0,grid_cluster_contiguous
3050,83,1.0,grid_cluster_contiguous
3051,83,1.0,grid_cluster_contiguous
3052,83,1.0,grid_cluster_contiguous
3053,83,1.0,grid_cluster_contiguous
3054,83,1.0,grid_cluster_contiguous
3055,83,1.0,grid_cluster_contiguous
3056,83,1.0,grid_cluster_contiguous
3057,108,1.0,grid_cluster_contiguous
3058,108,1.0,grid_cluster_contiguous
3059,108,1.0,grid_cluster_contiguous
3060,108,1.0,grid_cluster_contiguous
3061,108,1.0,grid_cluster_contiguous
3062,108,1.0,grid_cluster_contiguous
3063,108,1.0,grid_cluster_contiguous
3064,108,1.0,grid_cluster_contiguous
3065,108,1.0,grid_cluster_contiguous
3066,108,1.0,grid_cluster_contiguous
3067,108,1.0,grid_cluster_contiguous
3068,108,1.0,grid_cluster_contiguous
3069,108,1.0,grid_cluster_contiguous
3070,108,1.0,grid_cluster_contiguous
3071,83,1.0,grid_cluster_contiguous
3072,108,1.0,grid_cluster_contiguous
3073,108,1.0,grid_cluster_contiguous
3074,108,1.0,grid_cluster_contiguous
3075,108,1.0,grid_cluster_contiguous
3076,108,1.0,grid_cluster_contiguous
3077,108,1.0,grid_cluster_contiguous
3078,108,1.0,grid_cluster_contiguous
3079,108,1.0,grid_cluster_contiguous
3080,108,1.0,grid_cluster_contiguous
3081,108,1.0,grid_cluster_contiguous
3082,108,1.0,grid_cluster_contiguous
3083,108,1.0,grid_cluster_contiguous
3084,108,1.0,grid_cluster_contiguous
3085,108,1.0,grid_cluster_contiguous
3086,108,1.0,grid_cluster_contiguous
3087,109,1.0,grid_cluster_contiguous
3088,108,1.0,grid_cluster_contiguous
3089,108,1.0,grid_cluster_contiguous
3090,108,1.0,grid_cluster_contiguous
3091,108,1.0,grid_cluster_contiguous
3092,108,1.0,grid_cluster_contiguous
3093,108,1.0,grid_cluster_contiguous
3094,108,1.0,grid_cluster_contiguous
3095,108,1.0,grid_cluster_contiguous
3096,108,1.0,grid_cluster_contiguous
3097,108,1.0,grid_cluster_contiguous
3098,108,1.0,grid_cluster_contiguous
3099,84,1.0,grid_cluster_contiguous
3100,108,1.0,grid_cluster_contiguous
3101,108,1.0,grid_cluster_contiguous
3102,108,1.0,grid_cluster_contiguous
3103,109,1.0,grid_cluster_contiguous
3104,109,1.0,grid_cluster_contiguous
3105,84,1.0,grid_cluster_contiguous
3106,84,1.0,grid_cluster_contiguous
3107,84,1.0,grid_cluster_contiguous
3108,84,1.0,grid_cluster_contiguous
3109,84,1.0,grid_cluster_contiguous
3110,84,1.0,grid_cluster_contiguous
3111,84,1.0,grid_cluster_contiguous
3112,84,1.0,grid_cluster_contiguous
3113,84,1.0,grid_cluster_contiguous
3114,84,1.0,grid_cluster_contiguous
3115,84,1.0,grid_cluster_contiguous
3116,84,1.0,grid_cluster_contiguous
3117,84,1.0,grid_cluster_contiguous
3118,84,1.0,grid_cluster_contiguous
3119,84,1.0,grid_cluster_contiguous
3120,84,1.0,grid_cluster_contiguous
3121,84,1.0,grid_cluster_contiguous
3122,84,1.0,grid_cluster_contiguous
3123,84,1.0,grid_cluster_contiguous
3124,84,1.0,grid_cluster_contiguous
3125,108,1.0,grid_cluster_contiguous
3126,108,1.0,grid_cluster_contiguous
3127,108,1.0,grid_cluster_contiguous
3128,84,1.0,grid_cluster_contiguous
3129,84,1.0,grid_cluster_contiguous
3130,84,1.0,grid_cluster_contiguous
3131,84,1.0,grid_cluster_contiguous
3132,83,1.0,grid_cluster_contiguous
3133,81,1.0,grid_cluster_contiguous
3134,81,1.0,grid_cluster_contiguous
3135,81,1.0,grid_cluster_contiguous
3136,83,1.0,grid_cluster_contiguous
3137,83,1.0,grid_cluster_contiguous
3138,81,1.0,grid_cluster_contiguous
3139,83,1.0,grid_cluster_contiguous
3140,83,1.0,grid_cluster_contiguous
3141,83,1.0,grid_cluster_contiguous
3142,110,1.0,grid_cluster_contiguous
3143,110,1.0,grid_cluster_contiguous
3144,110,1.0,grid_cluster_contiguous
3145,110,1.0,grid_cluster_contiguous
3146,110,1.0,grid_cluster_contiguous
3147,111,1.0,grid_cluster_contiguous
3148,111,1.0,grid_cluster_contiguous
3149,111,1.0,grid_cluster_contiguous
3150,110,1.0,grid_cluster_contiguous
3151,110,1.0,grid_cluster_contiguous
3152,110,1.0,grid_cluster_contiguous
3153,111,1.0,grid_cluster_contiguous
3154,111,1.0,grid_cluster_contiguous
3155,111,1.0,grid_cluster_contiguous
3156,111,1.0,grid_cluster_contiguous
3157,111,1.0,grid_cluster_contiguous
3158,111,1.0,grid_cluster_contiguous
3159,111,1.0,grid_cluster_contiguous
3160,111,1.0,grid_cluster_contiguous
3161,111,1.0,grid_cluster_contiguous
3162,111,1.0,grid_cluster_contiguous
3163,111,1.0,grid_cluster_contiguous
3164,111,1.0,grid_cluster_contiguous
3165,111,1.0,grid_cluster_contiguous
3166,111,1.0,grid_cluster_contiguous
3167,111,1.0,grid_cluster_contiguous
3168,111,1.0,grid_cluster_contiguous
3169,111,1.0,grid_cluster_contiguous
3170,85,1.0,grid_cluster_contiguous
3171,111,1.0,grid_cluster_contiguous
3172,111,1.0,grid_cluster_contiguous
3173,111,1.0,grid_cluster_contiguous
3174,85,1.0,grid_cluster_contiguous
3175,85,1.0,grid_cluster_contiguous
3176,85,1.0,grid_cluster_contiguous
3177,85,1.0,grid_cluster_contiguous
3178,85,1.0,grid_cluster_contiguous
3179,85,1.0,grid_cluster_contiguous
3180,85,1.0,grid_cluster_contiguous
3181,85,1.0,grid_cluster_contiguous
3182,86,1.0,grid_cluster_contiguous
3183,85,1.0,grid_cluster_contiguous
3184,85,1.0,grid_cluster_contiguous
3185,85,1.0,grid_cluster_contiguous
3186,85,1.0,grid_cluster_contiguous
3187,85,1.0,grid_cluster_contiguous
3188,85,1.0,grid_cluster_contiguous
3189,85,1.0,grid_cluster_contiguous
3190,85,1.0,grid_cluster_contiguous
3191,85,1.0,grid_cluster_contiguous
3192,85,1.0,grid_cluster_contiguous
3193,84,1.0,grid_cluster_contiguous
3194,84,1.0,grid_cluster_contiguous
3195,85,1.0,grid_cluster_contiguous
3196,85,1.0,grid_cluster_contiguous
3197,85,1.0,grid_cluster_contiguous
3198,85,1.0,grid_cluster_contiguous
3199,85,1.0,grid_cluster_contiguous
3200,85,1.0,grid_cluster_contiguous
3201,85,1.0,grid_cluster_contiguous
3202,85,1.0,grid_cluster_contiguous
3203,112,1.0,grid_cluster_contiguous
3204,84,1.0,grid_cluster_contiguous
3205,84,1.0,grid_cluster_contiguous
3206,112,1.0,grid_cluster_contiguous
3207,112,1.0,grid_cluster_contiguous
3208,112,1.0,grid_cluster_contiguous
3209,112,1.0,grid_cluster_contiguous
3210,111,1.0,grid_cluster_contiguous
3211,111,1.0,grid_cluster_contiguous
3212,111,1.0,grid_cluster_contiguous
3213,111,1.0,grid_cluster_contiguous
3214,112,1.0,grid_cluster_contiguous
3215,112,1.0,grid_cluster_contiguous
3216,112,1.0,grid_cluster_contiguous
3217,112,1.0,grid_cluster_contiguous
3218,112,1.0,grid_cluster_contiguous
3219,112,1.0,grid_cluster_contiguous
3220,112,1.0,grid_cluster_contiguous
3221,112,1.0,grid_cluster_contiguous
3222,112,1.0,grid_cluster_contiguous
3223,112,1.0,grid_cluster_contiguous
3224,112,1.0,grid_cluster_contiguous
3225,112,1.0,grid_cluster_contiguous
3226,112,1.0,grid_cluster_contiguous
3227,112,1.0,grid_cluster_contiguous
3228,112,1.0,grid_cluster_contiguous
3229,112,1.0,grid_cluster_contiguous
3230,112,1.0,grid_cluster_contiguous
3231,112,1.0,grid_cluster_contiguous
3232,112,1.0,grid_cluster_contiguous
3233,112,1.0,grid_cluster_contiguous
3234,112,1.0,grid_cluster_contiguous
3235,112,1.0,grid_cluster_contiguous
3236,112,1.0,grid_cluster_contiguous
3237,109,1.0,grid_cluster_contiguous
3238,109,1.0,grid_cluster_contiguous
3239,109,1.0,grid_cluster_contiguous
3240,109,1.0,grid_cluster_contiguous
3241,109,1.0,grid_cluster_contiguous
3242,109,1.0,grid_cluster_contiguous
3243,109,1.0,grid_cluster_contiguous
3244,109,1.0,grid_cluster_contiguous
3245,112,1.0,grid_cluster_contiguous
3246,112,1.0,grid_cluster_contiguous
3247,112,1.0,grid_cluster_contiguous
3248,112,1.0,grid_cluster_contiguous
3249,112,1.0,grid_cluster_contiguous
3250,112,1.0,grid_cluster_contiguous
3251,113,1.0,grid_cluster_contiguous
3252,114,1.0,grid_cluster_contiguous
3253,114,1.0,grid_cluster_contiguous
3254,109,1.0,grid_cluster_contiguous
3255,114,1.0,grid_cluster_contiguous
3256,109,1.0,grid_cluster_contiguous
3257,109,1.0,grid_cluster_contiguous
3258,109,1.0,grid_cluster_contiguous
3259,109,1.0,grid_cluster_contiguous
3260,114,1.0,grid_cluster_contiguous
3261,114,1.0,grid_cluster_contiguous
3262,114,1.0,grid_cluster_contiguous
3263,114,1.0,grid_cluster_contiguous
3264,114,1.0,grid_cluster_contiguous
3265,114,1.0,grid_cluster_contiguous
3266,114,1.0,grid_cluster_contiguous
3267,113,1.0,grid_cluster_contiguous
3268,113,1.0,grid_cluster_contiguous
3269,113,1.0,grid_cluster_contiguous
3270,113,1.0,grid_cluster_contiguous
3271,113,1.0,grid_cluster_contiguous
3272,113,1.0,grid_cluster_contiguous
3273,114,1.0,grid_cluster_contiguous
3274,114,1.0,grid_cluster_contiguous
3275,113,1.0,grid_cluster_contiguous
3276,113,1.0,grid_cluster_contiguous
3277,113,1.0,grid_cluster_contiguous
3278,113,1.0,grid_cluster_contiguous
3279,113,1.0,grid_cluster_contiguous
3280,113,1.0,grid_cluster_contiguous
3281,113,1.0,grid_cluster_contiguous
3282,113,1.0,grid_cluster_contiguous
3283,113,1.0,grid_cluster_contiguous
3284,113,1.0,grid_cluster_contiguous
3285,113,1.0,grid_cluster_contiguous
3286,113,1.0,grid_cluster_contiguous
3287,113,1.0,grid_cluster_contiguous
3288,113,1.0,grid_cluster_contiguous
3289,113,1.0,grid_cluster_contiguous
3290,113,1.0,grid_cluster_contiguous
3291,113,1.0,grid_cluster_contiguous
3292,115,1.0,grid_cluster_contiguous
3293,115,1.0,grid_cluster_contiguous
3294,115,1.0,grid_cluster_contiguous
3295,115,1.0,grid_cluster_contiguous
3296,111,1.0,grid_cluster_contiguous
3297,111,1.0,grid_cluster_contiguous
3298,111,1.0,grid_cluster_contiguous
3299,111,1.0,grid_cluster_contiguous
3300,111,1.0,grid_cluster_contiguous
3301,111,1.0,grid_cluster_contiguous
3302,112,1.0,grid_cluster_contiguous
3303,112,1.0,grid_cluster_contiguous
3304,112,1.0,grid_cluster_contiguous
3305,112,1.0,grid_cluster_contiguous
3306,112,1.0,grid_cluster_contiguous
3307,113,1.0,grid_cluster_contiguous
3308,113,1.0,grid_cluster_contiguous
3309,113,1.0,grid_cluster_contiguous
3310,113,1.0,grid_cluster_contiguous
3311,113,1.0,grid_cluster_contiguous
3312,113,1.0,grid_cluster_contiguous
3313,113,1.0,grid_cluster_contiguous
3314,113,1.0,grid_cluster_contiguous
3315,112,1.0,grid_cluster_contiguous
3316,112,1.0,grid_cluster_contiguous
3317,112,1.0,grid_cluster_contiguous
3318,112,1.0,grid_cluster_contiguous
3319,112,1.0,grid_cluster_contiguous
3320,112,1.0,grid_cluster_contiguous
3321,113,1.0,grid_cluster_contiguous
3322,113,1.0,grid_cluster_contiguous
3323,112,1.0,grid_cluster_contiguous
3324,112,1.0,grid_cluster_contiguous
3325,112,1.0,grid_cluster_contiguous
3326,112,1.0,grid_cluster_contiguous
3327,112,1.0,grid_cluster_contiguous
3328,112,1.0,grid_cluster_contiguous
3329,112,1.0,grid_cluster_contiguous
3330,112,1.0,grid_cluster_contiguous
3331,112,1.0,grid_cluster_contiguous
3332,112,1.0,grid_cluster_contiguous
3333,112,1.0,grid_cluster_contiguous
3334,112,1.0,grid_cluster_contiguous
3335,112,1.0,grid_cluster_contiguous
3336,112,1.0,grid_cluster_contiguous
3337,112,1.0,grid_cluster_contiguous
3338,112,1.0,grid_cluster_contiguous
3339,112,1.0,grid_cluster_contiguous
3340,111,1.0,grid_cluster_contiguous
3341,111,1.0,grid_cluster_contiguous
3342,111,1.0,grid_cluster_contiguous
3343,112,1.0,grid_cluster_contiguous
3344,111,1.0,grid_cluster_contiguous
3345,111,1.0,grid_cluster_contiguous
3346,111,1.0,grid_cluster_contiguous
3347,111,1.0,grid_cluster_contiguous
3348,111,1.0,grid_cluster_contiguous
3349,111,1.0,grid_cluster_contiguous
3350,111,1.0,grid_cluster_contiguous
3351,111,1.0,grid_cluster_contiguous
3352,111,1.0,grid_cluster_contiguous
3353,111,1.0,grid_cluster_contiguous
3354,111,1.0,grid_cluster_contiguous
3355,111,1.0,grid_cluster_contiguous
3356,110,1.0,grid_cluster_contiguous
3357,111,1.0,grid_cluster_contiguous
3358,110,1.0,grid_cluster_contiguous
3359,110,1.0,grid_cluster_contiguous
3360,111,1.0,grid_cluster_contiguous
3361,115,1.0,grid_cluster_contiguous
3362,115,1.0,grid_cluster_contiguous
3363,115,1.0,grid_cluster_contiguous
3364,116,1.0,grid_cluster_contiguous
3365,116,1.0,grid_cluster_contiguous
3366,116,1.0,grid_cluster_contiguous
3367,116,1.0,grid_cluster_contiguous
3368,116,1.0,grid_cluster_contiguous
3369,116,1.0,grid_cluster_contiguous
3370,115,1.0,grid_cluster_contiguous
3371,115,1.0,grid_cluster_contiguous
3372,115,1.0,grid_cluster_contiguous
3373,115,1.0,grid_cluster_contiguous
3374,115,1.0,grid_cluster_contiguous
3375,115,1.0,grid_cluster_contiguous
3376,116,1.0,grid_cluster_contiguous
3377,116,1.0,grid_cluster_contiguous
3378,116,1.0,grid_cluster_contiguous
3379,116,1.0,grid_cluster_contiguous
3380,116,1.0,grid_cluster_contiguous
3381,116,1.0,grid_cluster_contiguous
3382,116,1.0,grid_cluster_contiguous
3383,116,1.0,grid_cluster_contiguous
3384,116,1.0,grid_cluster_contiguous
3385,116,1.0,grid_cluster_contiguous
3386,116,1.0,grid_cluster_contiguous
3387,62,1.0,grid_cluster_contiguous
3388,22,1.0,own_superzone_top_demand
3389,62,1.0,grid_cluster_contiguous
3390,62,1.0,grid_cluster_contiguous
3391,62,1.0,grid_cluster_contiguous
3392,62,1.0,grid_cluster_contiguous
3393,62,1.0,grid_cluster_contiguous
3394,62,1.0,grid_cluster_contiguous
3395,62,1.0,grid_cluster_contiguous
3396,57,1.0,grid_cluster_contiguous
3397,57,1.0,grid_cluster_contiguous
3398,57,1.0,grid_cluster_contiguous
3399,57,1.0,grid_cluster_contiguous
3400,57,1.0,grid_cluster_contiguous
3401,57,1.0,grid_cluster_contiguous
3402,57,1.0,grid_cluster_contiguous
3403,57,1.0,grid_cluster_contiguous
3404,57,1.0,grid_cluster_contiguous
3405,57,1.0,grid_cluster_contiguous
3406,57,1.0,grid_cluster_contiguous
3407,62,1.0,grid_cluster_contiguous
3408,62,1.0,grid_cluster_contiguous
3409,62,1.0,grid_cluster_contiguous
3410,62,1.0,grid_cluster_contiguous
3411,62,1.0,grid_cluster_contiguous
3412,62,1.0,grid_cluster_contiguous
3413,62,1.0,grid_cluster_contiguous
3414,62,1.0,grid_cluster_contiguous
3415,62,1.0,grid_cluster_contiguous
3416,57,1.0,grid_cluster_contiguous
3417,57,1.0,grid_cluster_contiguous
3418,57,1.0,grid_cluster_contiguous
3419,117,1.0,grid_cluster_contiguous
3420,117,1.0,grid_cluster_contiguous
3421,117,1.0,grid_cluster_contiguous
3422,117,1.0,grid_cluster_contiguous
3423,63,1.0,grid_cluster_contiguous
3424,63,1.0,grid_cluster_contiguous
3425,63,1.0,grid_cluster_contiguous
3426,117,1.0,grid_cluster_contiguous
3427,117,1.0,grid_cluster_contiguous
3428,117,1.0,grid_cluster_contiguous
3429,117,1.0,grid_cluster_contiguous
3430,117,1.0,grid_cluster_contiguous
3431,117,1.0,grid_cluster_contiguous
3432,117,1.0,grid_cluster_contiguous
3433,117,1.0,grid_cluster_contiguous
3434,117,1.0,grid_cluster_contiguous
3435,117,1.0,grid_cluster_contiguous
3436,118,1.0,grid_cluster_contiguous
3437,117,1.0,grid_cluster_contiguous
3438,117,1.0,grid_cluster_contiguous
3439,118,1.0,grid_cluster_contiguous
3440,117,1.0,grid_cluster_contiguous
3441,117,1.0,grid_cluster_contiguous
3442,117,1.0,grid_cluster_contiguous
3443,57,1.0,grid_cluster_contiguous
3444,57,1.0,grid_cluster_contiguous
3445,57,1.0,grid_cluster_contiguous
3446,57,1.0,grid_cluster_contiguous
3447,57,1.0,grid_cluster_contiguous
3448,57,1.0,grid_cluster_contiguous
3449,56,1.0,grid_cluster_contiguous
3450,118,1.0,grid_cluster_contiguous
3451,118,1.0,grid_cluster_contiguous
3452,56,1.0,grid_cluster_contiguous
3453,56,1.0,grid_cluster_contiguous
3454,56,1.0,grid_cluster_contiguous
3455,56,1.0,grid_cluster_contiguous
3456,56,1.0,grid_cluster_contiguous
3457,57,1.0,grid_cluster_contiguous
3458,57,1.0,grid_cluster_contiguous
3459,57,1.0,grid_cluster_contiguous
3460,56,1.0,grid_cluster_contiguous
3461,56,1.0,grid_cluster_contiguous
3462,56,1.0,grid_cluster_contiguous
3463,56,1.0,grid_cluster_contiguous
3464,56,1.0,grid_cluster_contiguous
3465,56,1.0,grid_cluster_contiguous
3466,57,1.0,grid_cluster_contiguous
3467,57,1.0,grid_cluster_contiguous
3468,57,1.0,grid_cluster_contiguous
3469,57,1.0,grid_cluster_contiguous
3470,57,1.0,grid_cluster_contiguous
3471,56,1.0,grid_cluster_contiguous
3472,56,1.0,grid_cluster_contiguous
3473,56,1.0,grid_cluster_contiguous
3474,56,1.0,grid_cluster_contiguous
3475,56,1.0,grid_cluster_contiguous
3476,56,1.0,grid_cluster_contiguous
3477,56,1.0,grid_cluster_contiguous
3478,56,1.0,grid_cluster_contiguous
3479,56,1.0,grid_cluster_contiguous
3480,56,1.0,grid_cluster_contiguous
3481,56,1.0,grid_cluster_contiguous
3482,56,1.0,grid_cluster_contiguous
3483,56,1.0,grid_cluster_contiguous
3484,56,1.0,grid_cluster_contiguous
3485,56,1.0,grid_cluster_contiguous
3486,56,1.0,grid_cluster_contiguous
3487,56,1.0,grid_cluster_contiguous
3488,56,1.0,grid_cluster_contiguous
3489,86,1.0,grid_cluster_contiguous
3490,56,1.0,grid_cluster_contiguous
3491,56,1.0,grid_cluster_contiguous
3492,86,1.0,grid_cluster_contiguous
3493,86,1.0,grid_cluster_contiguous
3494,86,1.0,grid_cluster_contiguous
3495,86,1.0,grid_cluster_contiguous
3496,86,1.0,grid_cluster_contiguous
3497,86,1.0,grid_cluster_contiguous
3498,86,1.0,grid_cluster_contiguous
3499,56,1.0,grid_cluster_contiguous
3500,86,1.0,grid_cluster_contiguous
3501,86,1.0,grid_cluster_contiguous
3502,86,1.0,grid_cluster_contiguous
3503,86,1.0,grid_cluster_contiguous
3504,86,1.0,grid_cluster_contiguous
3505,86,1.0,grid_cluster_contiguous
3506,86,1.0,grid_cluster_contiguous
3507,86,1.0,grid_cluster_contiguous
3508,86,1.0,grid_cluster_contiguous
3509,86,1.0,grid_cluster_contiguous
3510,86,1.0,grid_cluster_contiguous
3511,86,1.0,grid_cluster_contiguous
3512,86,1.0,grid_cluster_contiguous
3513,86,1.0,grid_cluster_contiguous
3514,85,1.0,grid_cluster_contiguous
3515,85,1.0,grid_cluster_contiguous
3516,85,1.0,grid_cluster_contiguous
3517,86,1.0,grid_cluster_contiguous
3518,86,1.0,grid_cluster_contiguous
3519,86,1.0,grid_cluster_contiguous
3520,86,1.0,grid_cluster_contiguous
3521,86,1.0,grid_cluster_contiguous
3522,86,1.0,grid_cluster_contiguous
3523,86,1.0,grid_cluster_contiguous
3524,86,1.0,grid_cluster_contiguous
3525,86,1.0,grid_cluster_contiguous
3526,86,1.0,grid_cluster_contiguous
3527,86,1.0,grid_cluster_contiguous
3528,56,1.0,grid_cluster_contiguous
3529,56,1.0,grid_cluster_contiguous
3530,56,1.0,grid_cluster_contiguous
3531,56,1.0,grid_cluster_contiguous
3532,56,1.0,grid_cluster_contiguous
3533,56,1.0,grid_cluster_contiguous
3534,56,1.0,grid_cluster_contiguous
3535,118,1.0,grid_cluster_contiguous
3536,118,1.0,grid_cluster_contiguous
3537,118,1.0,grid_cluster_contiguous
3538,118,1.0,grid_cluster_contiguous
3539,110,1.0,grid_cluster_contiguous
3540,86,1.0,grid_cluster_contiguous
3541,56,1.0,grid_cluster_contiguous
3542,86,1.0,grid_cluster_contiguous
3543,86,1.0,grid_cluster_contiguous
3544,86,1.0,grid_cluster_contiguous
3545,86,1.0,grid_cluster_contiguous
3546,86,1.0,grid_cluster_contiguous
3547,111,1.0,grid_cluster_contiguous
3548,111,1.0,grid_cluster_contiguous
3549,110,1.0,grid_cluster_contiguous
3550,110,1.0,grid_cluster_contiguous
3551,110,1.0,grid_cluster_contiguous
3552,110,1.0,grid_cluster_contiguous
3553,110,1.0,grid_cluster_contiguous
3554,110,1.0,grid_cluster_contiguous
3555,110,1.0,grid_cluster_contiguous
3556,110,1.0,grid_cluster_contiguous
3557,110,1.0,grid_cluster_contiguous
3558,110,1.0,grid_cluster_contiguous
3559,110,1.0,grid_cluster_contiguous
3560,110,1.0,grid_cluster_contiguous
3561,110,1.0,grid_cluster_contiguous
3562,118,1.0,grid_cluster_contiguous
3563,110,1.0,grid_cluster_contiguous
3564,110,1.0,grid_cluster_contiguous
3565,118,1.0,grid_cluster_contiguous
3566,118,1.0,grid_cluster_contiguous
3567,110,1.0,grid_cluster_contiguous
3568,118,1.0,grid_cluster_contiguous
3569,118,1.0,grid_cluster_contiguous
3570,110,1.0,grid_cluster_contiguous
3571,110,1.0,grid_cluster_contiguous
3572,110,1.0,grid_cluster_contiguous
3573,110,1.0,grid_cluster_contiguous
3574,118,1.0,grid_cluster_contiguous
3575,118,1.0,grid_cluster_contiguous
3576,118,1.0,grid_cluster_contiguous
3577,118,1.0,grid_cluster_contiguous
3578,118,1.0,grid_cluster_contiguous
3579,118,1.0,grid_cluster_contiguous
3580,118,1.0,grid_cluster_contiguous
3581,118,1.0,grid_cluster_contiguous
3582,118,1.0,grid_cluster_contiguous
3583,118,1.0,grid_cluster_contiguous
3584,118,1.0,grid_cluster_contiguous
3585,118,1.0,grid_cluster_contiguous
3586,118,1.0,grid_cluster_contiguous
3587,118,1.0,grid_cluster_contiguous
3588,118,1.0,grid_cluster_contiguous
3589,118,1.0,grid_cluster_contiguous
3590,23,1.0,own_superzone_top_demand
3591,118,1.0,grid_cluster_contiguous
3592,118,1.0,grid_cluster_contiguous
3593,118,1.0,grid_cluster_contiguous
3594,117,1.0,grid_cluster_contiguous
3595,118,1.0,grid_cluster_contiguous
3596,118,1.0,grid_cluster_contiguous
3597,118,1.0,grid_cluster_contiguous
3598,118,1.0,grid_cluster_contiguous
3599,118,1.0,grid_cluster_contiguous
3600,118,1.0,grid_cluster_contiguous
3601,118,1.0,grid_cluster_contiguous
3602,110,1.0,grid_cluster_contiguous
3603,110,1.0,grid_cluster_contiguous
3604,110,1.0,grid_cluster_contiguous
3605,110,1.0,grid_cluster_contiguous
3606,110,1.0,grid_cluster_contiguous
3607,110,1.0,grid_cluster_contiguous
3608,110,1.0,grid_cluster_contiguous
3609,110,1.0,grid_cluster_contiguous
3610,110,1.0,grid_cluster_contiguous
3611,118,1.0,grid_cluster_contiguous
3612,119,1.0,grid_cluster_contiguous
3613,119,1.0,grid_cluster_contiguous
3614,119,1.0,grid_cluster_contiguous
3615,119,1.0,grid_cluster_contiguous
3616,118,1.0,grid_cluster_contiguous
3617,117,1.0,grid_cluster_contiguous
3618,120,1.0,grid_cluster_contiguous
3619,119,1.0,grid_cluster_contiguous
3620,119,1.0,grid_cluster_contiguous
3621,119,1.0,grid_cluster_contiguous
3622,119,1.0,grid_cluster_contiguous
3623,119,1.0,grid_cluster_contiguous
3624,119,1.0,grid_cluster_contiguous
3625,64,1.0,grid_cluster_contiguous
3626,64,1.0,grid_cluster_contiguous
3627,64,1.0,grid_cluster_contiguous
3628,64,1.0,grid_cluster_contiguous
3629,64,1.0,grid_cluster_contiguous
3630,64,1.0,grid_cluster_contiguous
3631,65,1.0,grid_cluster_contiguous
3632,65,1.0,grid_cluster_contiguous
3633,64,1.0,grid_cluster_contiguous
3634,64,1.0,grid_cluster_contiguous
3635,64,1.0,grid_cluster_contiguous
3636,64,1.0,grid_cluster_contiguous
3637,64,1.0,grid_cluster_contiguous
3638,64,1.0,grid_cluster_contiguous
3639,64,1.0,grid_cluster_contiguous
3640,65,1.0,grid_cluster_contiguous
3641,64,1.0,grid_cluster_contiguous
3642,121,1.0,grid_cluster_contiguous
3643,122,1.0,grid_cluster_contiguous
3644,122,1.0,grid_cluster_contiguous
3645,122,1.0,grid_cluster_contiguous
3646,122,1.0,grid_cluster_contiguous
3647,64,1.0,grid_cluster_contiguous
3648,64,1.0,grid_cluster_contiguous
3649,122,1.0,grid_cluster_contiguous
3650,122,1.0,grid_cluster_contiguous
3651,122,1.0,grid_cluster_contiguous
3652,122,1.0,grid_cluster_contiguous
3653,122,1.0,grid_cluster_contiguous
3654,122,1.0,grid_cluster_contiguous
3655,122,1.0,grid_cluster_contiguous
3656,122,1.0,grid_cluster_contiguous
3657,122,1.0,grid_cluster_contiguous
3658,122,1.0,grid_cluster_contiguous
3659,122,1.0,grid_cluster_contiguous
3660,122,1.0,grid_cluster_contiguous
3661,122,1.0,grid_cluster_contiguous
3662,122,1.0,grid_cluster_contiguous
3663,122,1.0,grid_cluster_contiguous
3664,122,1.0,grid_cluster_contiguous
3665,122,1.0,grid_cluster_contiguous
3666,122,1.0,grid_cluster_contiguous
3667,122,1.0,grid_cluster_contiguous
3668,122,1.0,grid_cluster_contiguous
3669,122,1.0,grid_cluster_contiguous
3670,122,1.0,grid_cluster_contiguous
3671,122,1.0,grid_cluster_contiguous
3672,122,1.0,grid_cluster_contiguous
3673,122,1.0,grid_cluster_contiguous
3674,122,1.0,grid_cluster_contiguous
3675,122,1.0,grid_cluster_contiguous
3676,122,1.0,grid_cluster_contiguous
3677,122,1.0,grid_cluster_contiguous
3678,122,1.0,grid_cluster_contiguous
3679,122,1.0,grid_cluster_contiguous
3680,122,1.0,grid_cluster_contiguous
3681,122,1.0,grid_cluster_contiguous
3682,122,1.0,grid_cluster_contiguous
3683,122,1.0,grid_cluster_contiguous
3684,63,1.0,grid_cluster_contiguous
3685,64,1.0,grid_cluster_contiguous
3686,64,1.0,grid_cluster_contiguous
3687,122,1.0,grid_cluster_contiguous
3688,122,1.0,grid_cluster_contiguous
3689,122,1.0,grid_cluster_contiguous
3690,122,1.0,grid_cluster_contiguous
3691,122,1.0,grid_cluster_contiguous
3692,64,1.0,grid_cluster_contiguous
3693,64,1.0,grid_cluster_contiguous
3694,64,1.0,grid_cluster_contiguous
3695,64,1.0,grid_cluster_contiguous
3696,64,1.0,grid_cluster_contiguous
3697,64,1.0,grid_cluster_contiguous
3698,64,1.0,grid_cluster_contiguous
3699,64,1.0,grid_cluster_contiguous
3700,64,1.0,grid_cluster_contiguous
3701,64,1.0,grid_cluster_contiguous
3702,64,1.0,grid_cluster_contiguous
3703,64,1.0,grid_cluster_contiguous
3704,64,1.0,grid_cluster_contiguous
3705,64,1.0,grid_cluster_contiguous
3706,64,1.0,grid_cluster_contiguous
3707,64,1.0,grid_cluster_contiguous
3708,64,1.0,grid_cluster_contiguous
3709,63,1.0,grid_cluster_contiguous
3710,64,1.0,grid_cluster_contiguous
3711,64,1.0,grid_cluster_contiguous
3712,64,1.0,grid_cluster_contiguous
3713,64,1.0,grid_cluster_contiguous
3714,64,1.0,grid_cluster_contiguous
3715,64,1.0,grid_cluster_contiguous
3716,64,1.0,grid_cluster_contiguous
3717,64,1.0,grid_cluster_contiguous
3718,64,1.0,grid_cluster_contiguous
3719,63,1.0,grid_cluster_contiguous
3720,63,1.0,grid_cluster_contiguous
3721,63,1.0,grid_cluster_contiguous
3722,63,1.0,grid_cluster_contiguous
3723,63,1.0,grid_cluster_contiguous
3724,63,1.0,grid_cluster_contiguous
3725,63,1.0,grid_cluster_contiguous
3726,63,1.0,grid_cluster_contiguous
3727,63,1.0,grid_cluster_contiguous
3728,117,1.0,grid_cluster_contiguous
3729,117,1.0,grid_cluster_contiguous
3730,117,1.0,grid_cluster_contiguous
3731,117,1.0,grid_cluster_contiguous
3732,63,1.0,grid_cluster_contiguous
3733,63,1.0,grid_cluster_contiguous
3734,63,1.0,grid_cluster_contiguous
3735,63,1.0,grid_cluster_contiguous
3736,63,1.0,grid_cluster_contiguous
3737,63,1.0,grid_cluster_contiguous
3738,63,1.0,grid_cluster_contiguous
3739,63,1.0,grid_cluster_contiguous
3740,63,1.0,grid_cluster_contiguous
3741,63,1.0,grid_cluster_contiguous
3742,63,1.0,grid_cluster_contiguous
3743,64,1.0,grid_cluster_contiguous
3744,63,1.0,grid_cluster_contiguous
3745,63,1.0,grid_cluster_contiguous
3746,63,1.0,grid_cluster_contiguous
3747,63,1.0,grid_cluster_contiguous
3748,63,1.0,grid_cluster_contiguous
3749,63,1.0,grid_cluster_contiguous
3750,63,1.0,grid_cluster_contiguous
3751,63,1.0,grid_cluster_contiguous
3752,63,1.0,grid_cluster_contiguous
3753,63,1.0,grid_cluster_contiguous
3754,63,1.0,grid_cluster_contiguous
3755,63,1.0,grid_cluster_contiguous
3756,117,1.0,grid_cluster_contiguous
3757,117,1.0,grid_cluster_contiguous
3758,117,1.0,grid_cluster_contiguous
3759,117,1.0,grid_cluster_contiguous
3760,117,1.0,grid_cluster_contiguous
3761,117,1.0,grid_cluster_contiguous
3762,63,1.0,grid_cluster_contiguous
3763,120,1.0,grid_cluster_contiguous
3764,63,1.0,grid_cluster_contiguous
3765,63,1.0,grid_cluster_contiguous
3766,63,1.0,grid_cluster_contiguous
3767,63,1.0,grid_cluster_contiguous
3768,63,1.0,grid_cluster_contiguous
3769,63,1.0,grid_cluster_contiguous
3770,63,1.0,grid_cluster_contiguous
3771,63,1.0,grid_cluster_contiguous
3772,63,1.0,grid_cluster_contiguous
3773,123,1.0,grid_cluster_contiguous
3774,123,1.0,grid_cluster_contiguous
3775,123,1.0,grid_cluster_contiguous
3776,123,1.0,grid_cluster_contiguous
3777,123,1.0,grid_cluster_contiguous
3778,123,1.0,grid_cluster_contiguous
3779,123,1.0,grid_cluster_contiguous
3780,63,1.0,grid_cluster_contiguous
3781,123,1.0,grid_cluster_contiguous
3782,123,1.0,grid_cluster_contiguous
3783,123,1.0,grid_cluster_contiguous
3784,123,1.0,grid_cluster_contiguous
3785,123,1.0,grid_cluster_contiguous
3786,120,1.0,grid_cluster_contiguous
3787,120,1.0,grid_cluster_contiguous
3788,120,1.0,grid_cluster_contiguous
3789,120,1.0,grid_cluster_contiguous
3790,120,1.0,grid_cluster_contiguous
3791,120,1.0,grid_cluster_contiguous
3792,120,1.0,grid_cluster_contiguous
3793,120,1.0,grid_cluster_contiguous
3794,120,1.0,grid_cluster_contiguous
3795,120,1.0,grid_cluster_contiguous
3796,120,1.0,grid_cluster_contiguous
3797,120,1.0,grid_cluster_contiguous
3798,123,1.0,grid_cluster_contiguous
3799,123,1.0,grid_cluster_contiguous
3800,120,1.0,grid_cluster_contiguous
3801,123,1.0,grid_cluster_contiguous
3802,123,1.0,grid_cluster_contiguous
3803,123,1.0,grid_cluster_contiguous
3804,123,1.0,grid_cluster_contiguous
3805,123,1.0,grid_cluster_contiguous
3806,123,1.0,grid_cluster_contiguous
3807,123,1.0,grid_cluster_contiguous
3808,123,1.0,grid_cluster_contiguous
3809,123,1.0,grid_cluster_contiguous
3810,123,1.0,grid_cluster_contiguous
3811,123,1.0,grid_cluster_contiguous
3812,123,1.0,grid_cluster_contiguous
3813,123,1.0,grid_cluster_contiguous
3814,123,1.0,grid_cluster_contiguous
3815,123,1.0,grid_cluster_contiguous
3816,123,1.0,grid_cluster_contiguous
3817,123,1.0,grid_cluster_contiguous
3818,120,1.0,grid_cluster_contiguous
3819,120,1.0,grid_cluster_contiguous
3820,123,1.0,grid_cluster_contiguous
3821,123,1.0,grid_cluster_contiguous
3822,123,1.0,grid_cluster_contiguous
3823,123,1.0,grid_cluster_contiguous
3824,123,1.0,grid_cluster_contiguous
3825,123,1.0,grid_cluster_contiguous
3826,123,1.0,grid_cluster_contiguous
3827,123,1.0,grid_cluster_contiguous
3828,123,1.0,grid_cluster_contiguous
3829,123,1.0,grid_cluster_contiguous
3830,122,1.0,grid_cluster_contiguous
3831,124,1.0,grid_cluster_contiguous
3832,125,1.0,grid_cluster_contiguous
3833,124,1.0,grid_cluster_contiguous
3834,124,1.0,grid_cluster_contiguous
3835,125,1.0,grid_cluster_contiguous
3836,94,1.0,grid_cluster_contiguous
3837,124,1.0,grid_cluster_contiguous
3838,126,1.0,grid_cluster_contiguous
3839,126,1.0,grid_cluster_contiguous
3840,126,1.0,grid_cluster_contiguous
3841,126,1.0,grid_cluster_contiguous
3842,126,1.0,grid_cluster_contiguous
3843,126,1.0,grid_cluster_contiguous
3844,126,1.0,grid_cluster_contiguous
3845,126,1.0,grid_cluster_contiguous
3846,126,1.0,grid_cluster_contiguous
3847,126,1.0,grid_cluster_contiguous
3848,126,1.0,grid_cluster_contiguous
3849,126,1.0,grid_cluster_contiguous
3850,67,1.0,grid_cluster_contiguous
3851,67,1.0,grid_cluster_contiguous
3852,126,1.0,grid_cluster_contiguous
3853,67,1.0,grid_cluster_contiguous
3854,67,1.0,grid_cluster_contiguous
3855,67,1.0,grid_cluster_contiguous
3856,67,1.0,grid_cluster_contiguous
3857,67,1.0,grid_cluster_contiguous
3858,126,1.0,grid_cluster_contiguous
3859,126,1.0,grid_cluster_contiguous
3860,126,1.0,grid_cluster_contiguous
3861,126,1.0,grid_cluster_contiguous
3862,126,1.0,grid_cluster_contiguous
3863,126,1.0,grid_cluster_contiguous
3864,126,1.0,grid_cluster_contiguous
3865,126,1.0,grid_cluster_contiguous
3866,127,1.0,grid_cluster_contiguous
3867,127,1.0,grid_cluster_contiguous
3868,127,1.0,grid_cluster_contiguous
3869,127,1.0,grid_cluster_contiguous
3870,127,1.0,grid_cluster_contiguous
3871,127,1.0,grid_cluster_contiguous
3872,127,1.0,grid_cluster_contiguous
3873,127,1.0,grid_cluster_contiguous
3874,127,1.0,grid_cluster_contiguous
3875,127,1.0,grid_cluster_contiguous
3876,127,1.0,grid_cluster_contiguous
3877,127,1.0,grid_cluster_contiguous
3878,127,1.0,grid_cluster_contiguous
3879,66,1.0,grid_cluster_contiguous
3880,66,1.0,grid_cluster_contiguous
3881,127,1.0,grid_cluster_contiguous
3882,127,1.0,grid_cluster_contiguous
3883,127,1.0,grid_cluster_contiguous
3884,126,1.0,grid_cluster_contiguous
3885,67,1.0,grid_cluster_contiguous
3886,66,1.0,grid_cluster_contiguous
3887,67,1.0,grid_cluster_contiguous
3888,66,1.0,grid_cluster_contiguous
3889,66,1.0,grid_cluster_contiguous
3890,66,1.0,grid_cluster_contiguous
3891,66,1.0,grid_cluster_contiguous
3892,67,1.0,grid_cluster_contiguous
3893,67,1.0,grid_cluster_contiguous
3894,67,1.0,grid_cluster_contiguous
3895,67,1.0,grid_cluster_contiguous
3896,67,1.0,grid_cluster_contiguous
3897,67,1.0,grid_cluster_contiguous
3898,67,1.0,grid_cluster_contiguous
3899,67,1.0,grid_cluster_contiguous
3900,67,1.0,grid_cluster_contiguous
3901,67,1.0,grid_cluster_contiguous
3902,67,1.0,grid_cluster_contiguous
3903,67,1.0,grid_cluster_contiguous
3904,67,1.0,grid_cluster_contiguous
3905,67,1.0,grid_cluster_contiguous
3906,67,1.0,grid_cluster_contiguous
3907,67,1.0,grid_cluster_contiguous
3908,128,1.0,grid_cluster_contiguous
3909,128,1.0,grid_cluster_contiguous
3910,128,1.0,grid_cluster_contiguous
3911,128,1.0,grid_cluster_contiguous
3912,128,1.0,grid_cluster_contiguous
3913,128,1.0,grid_cluster_contiguous
3914,128,1.0,grid_cluster_contiguous
3915,128,1.0,grid_cluster_contiguous
3916,67,1.0,grid_cluster_contiguous
3917,67,1.0,grid_cluster_contiguous
3918,128,1.0,grid_cluster_contiguous
3919,128,1.0,grid_cluster_contiguous
3920,128,1.0,grid_cluster_contiguous
3921,128,1.0,grid_cluster_contiguous
3922,128,1.0,grid_cluster_contiguous
3923,94,1.0,grid_cluster_contiguous
3924,128,1.0,grid_cluster_contiguous
3925,128,1.0,grid_cluster_contiguous
3926,128,1.0,grid_cluster_contiguous
3927,128,1.0,grid_cluster_contiguous
3928,94,1.0,grid_cluster_contiguous
3929,94,1.0,grid_cluster_contiguous
3930,128,1.0,grid_cluster_contiguous
3931,128,1.0,grid_cluster_contiguous
3932,94,1.0,grid_cluster_contiguous
3933,94,1.0,grid_cluster_contiguous
3934,94,1.0,grid_cluster_contiguous
3935,94,1.0,grid_cluster_contiguous
3936,94,1.0,grid_cluster_contiguous
3937,94,1.0,grid_cluster_contiguous
3938,94,1.0,grid_cluster_contiguous
3939,94,1.0,grid_cluster_contiguous
3940,94,1.0,grid_cluster_contiguous
3941,94,1.0,grid_cluster_contiguous
3942,94,1.0,grid_cluster_contiguous
3943,94,1.0,grid_cluster_contiguous
3944,128,1.0,grid_cluster_contiguous
3945,128,1.0,grid_cluster_contiguous
3946,128,1.0,grid_cluster_contiguous
3947,128,1.0,grid_cluster_contiguous
3948,128,1.0,grid_cluster_contiguous
3949,128,1.0,grid_cluster_contiguous
3950,94,1.0,grid_cluster_contiguous
3951,94,1.0,grid_cluster_contiguous
3952,94,1.0,grid_cluster_contiguous
3953,94,1.0,grid_cluster_contiguous
3954,94,1.0,grid_cluster_contiguous
3955,94,1.0,grid_cluster_contiguous
3956,94,1.0,grid_cluster_contiguous
3957,94,1.0,grid_cluster_contiguous
3958,94,1.0,grid_cluster_contiguous
3959,94,1.0,grid_cluster_contiguous
3960,94,1.0,grid_cluster_contiguous
3961,94,1.0,grid_cluster_contiguous
3962,50,1.0,grid_cluster_contiguous
3963,94,1.0,grid_cluster_contiguous
3964,94,1.0,grid_cluster_contiguous
3965,94,1.0,grid_cluster_contiguous
3966,128,1.0,grid_cluster_contiguous
3967,128,1.0,grid_cluster_contiguous
3968,94,1.0,grid_cluster_contiguous
3969,59,1.0,grid_cluster_contiguous
3970,50,1.0,grid_cluster_contiguous
3971,59,1.0,grid_cluster_contiguous
3972,59,1.0,grid_cluster_contiguous
3973,59,1.0,grid_cluster_contiguous
3974,59,1.0,grid_cluster_contiguous
3975,59,1.0,grid_cluster_contiguous
3976,60,1.0,grid_cluster_contiguous
3977,67,1.0,grid_cluster_contiguous
3978,67,1.0,grid_cluster_contiguous
3979,128,1.0,grid_cluster_contiguous
3980,128,1.0,grid_cluster_contiguous
3981,128,1.0,grid_cluster_contiguous
3982,67,1.0,grid_cluster_contiguous
3983,67,1.0,grid_cluster_contiguous
3984,67,1.0,grid_cluster_contiguous
3985,67,1.0,grid_cluster_contiguous
3986,67,1.0,grid_cluster_contiguous
3987,67,1.0,grid_cluster_contiguous
3988,66,1.0,grid_cluster_contiguous
3989,87,1.0,grid_cluster_contiguous
3990,90,1.0,grid_cluster_contiguous
3991,90,1.0,grid_cluster_contiguous
3992,129,1.0,grid_cluster_contiguous
3993,129,1.0,grid_cluster_contiguous
3994,129,1.0,grid_cluster_contiguous
3995,129,1.0,grid_cluster_contiguous
3996,130,1.0,grid_cluster_contiguous
3997,130,1.0,grid_cluster_contiguous
3998,129,1.0,grid_cluster_contiguous
3999,129,1.0,grid_cluster_contiguous
4000,129,1.0,grid_cluster_contiguous
4001,131,1.0,grid_cluster_contiguous
4002,129,1.0,grid_cluster_contiguous
4003,131,1.0,grid_cluster_contiguous
4004,129,1.0,grid_cluster_contiguous
4005,129,1.0,grid_cluster_contiguous
4006,129,1.0,grid_cluster_contiguous
4007,129,1.0,grid_cluster_contiguous
4008,129,1.0,grid_cluster_contiguous
4009,130,1.0,grid_cluster_contiguous
4010,130,1.0,grid_cluster_contiguous
4011,129,1.0,grid_cluster_contiguous
4012,129,1.0,grid_cluster_contiguous
4013,129,1.0,grid_cluster_contiguous
4014,131,1.0,grid_cluster_contiguous
4015,131,1.0,grid_cluster_contiguous
4016,131,1.0,grid_cluster_contiguous
4017,131,1.0,grid_cluster_contiguous
4018,131,1.0,grid_cluster_contiguous
4019,131,1.0,grid_cluster_contiguous
4020,132,1.0,grid_cluster_contiguous
4021,132,1.0,grid_cluster_contiguous
4022,132,1.0,grid_cluster_contiguous
4023,131,1.0,grid_cluster_contiguous
4024,132,1.0,grid_cluster_contiguous
4025,133,1.0,grid_cluster_contiguous
4026,133,1.0,grid_cluster_contiguous
4027,133,1.0,grid_cluster_contiguous
4028,133,1.0,grid_cluster_contiguous
4029,133,1.0,grid_cluster_contiguous
4030,134,1.0,grid_cluster_contiguous
4031,134,1.0,grid_cluster_contiguous
4032,134,1.0,grid_cluster_contiguous
4033,134,1.0,grid_cluster_contiguous
4034,135,1.0,grid_cluster_contiguous
4035,134,1.0,grid_cluster_contiguous
4036,133,1.0,grid_cluster_contiguous
4037,133,1.0,grid_cluster_contiguous
4038,133,1.0,grid_cluster_contiguous
4039,132,1.0,grid_cluster_contiguous
4040,132,1.0,grid_cluster_contiguous
4041,132,1.0,grid_cluster_contiguous
4042,132,1.0,grid_cluster_contiguous
4043,133,1.0,grid_cluster_contiguous
4044,134,1.0,grid_cluster_contiguous
4045,135,1.0,grid_cluster_contiguous
4046,135,1.0,grid_cluster_contiguous
4047,134,1.0,grid_cluster_contiguous
4048,134,1.0,grid_cluster_contiguous
4049,134,1.0,grid_cluster_contiguous
4050,135,1.0,grid_cluster_contiguous
4051,34,1.0,grid_cluster_contiguous
4052,34,1.0,grid_cluster_contiguous
4053,33,1.0,grid_cluster_contiguous
4054,134,1.0,grid_cluster_contiguous
4055,134,1.0,grid_cluster_contiguous
4056,33,1.0,grid_cluster_contiguous
4057,32,1.0,grid_cluster_contiguous
4058,133,1.0,grid_cluster_contiguous
4059,134,1.0,grid_cluster_contiguous
4060,133,1.0,grid_cluster_contiguous
4061,132,1.0,grid_cluster_contiguous
4062,32,1.0,grid_cluster_contiguous
4063,32,1.0,grid_cluster_contiguous
4064,32,1.0,grid_cluster_contiguous
4065,32,1.0,grid_cluster_contiguous
4066,31,1.0,grid_cluster_contiguous
4067,31,1.0,grid_cluster_contiguous
4068,31,1.0,grid_cluster_contiguous
4069,31,1.0,grid_cluster_contiguous
4070,96,1.0,grid_cluster_contiguous
4071,96,1.0,grid_cluster_contiguous
4072,132,1.0,grid_cluster_contiguous
4073,132,1.0,grid_cluster_contiguous
4074,131,1.0,grid_cluster_contiguous
4075,131,1.0,grid_cluster_contiguous
4076,131,1.0,grid_cluster_contiguous
4077,131,1.0,grid_cluster_contiguous
4078,131,1.0,grid_cluster_contiguous
4079,131,1.0,grid_cluster_contiguous
4080,131,1.0,grid_cluster_contiguous
4081,131,1.0,grid_cluster_contiguous
4082,132,1.0,grid_cluster_contiguous
4083,132,1.0,grid_cluster_contiguous
4084,131,1.0,grid_cluster_contiguous
4085,131,1.0,grid_cluster_contiguous
4086,131,1.0,grid_cluster_contiguous
4087,131,1.0,grid_cluster_contiguous
4088,131,1.0,grid_cluster_contiguous
4089,131,1.0,grid_cluster_contiguous
4090,131,1.0,grid_cluster_contiguous
4091,131,1.0,grid_cluster_contiguous
4092,131,1.0,grid_cluster_contiguous
4093,131,1.0,grid_cluster_contiguous
4094,131,1.0,grid_cluster_contiguous
4095,131,1.0,grid_cluster_contiguous
4096,131,1.0,grid_cluster_contiguous
4097,131,1.0,grid_cluster_contiguous
4098,131,1.0,grid_cluster_contiguous
4099,131,1.0,grid_cluster_contiguous
4100,131,1.0,grid_cluster_contiguous
4101,131,1.0,grid_cluster_contiguous
4102,131,1.0,grid_cluster_contiguous
4103,131,1.0,grid_cluster_contiguous
4104,129,1.0,grid_cluster_contiguous
4105,90,1.0,grid_cluster_contiguous
4106,90,1.0,grid_cluster_contiguous
4107,131,1.0,grid_cluster_contiguous
4108,96,1.0,grid_cluster_contiguous
4109,96,1.0,grid_cluster_contiguous
4110,96,1.0,grid_cluster_contiguous
4111,96,1.0,grid_cluster_contiguous
4112,96,1.0,grid_cluster_contiguous
4113,31,1.0,grid_cluster_contiguous
4114,31,1.0,grid_cluster_contiguous
4115,31,1.0,grid_cluster_contiguous
4116,96,1.0,grid_cluster_contiguous
4117,96,1.0,grid_cluster_contiguous
4118,96,1.0,grid_cluster_contiguous
4119,96,1.0,grid_cluster_contiguous
4120,90,1.0,grid_cluster_contiguous
4121,96,1.0,grid_cluster_contiguous
4122,96,1.0,grid_cluster_contiguous
4123,96,1.0,grid_cluster_contiguous
4124,96,1.0,grid_cluster_contiguous
4125,96,1.0,grid_cluster_contiguous
4126,90,1.0,grid_cluster_contiguous
4127,90,1.0,grid_cluster_contiguous
4128,96,1.0,grid_cluster_contiguous
4129,90,1.0,grid_cluster_contiguous
4130,90,1.0,grid_cluster_contiguous
4131,90,1.0,grid_cluster_contiguous
4132,90,1.0,grid_cluster_contiguous
4133,90,1.0,grid_cluster_contiguous
4134,90,1.0,grid_cluster_contiguous
4135,90,1.0,grid_cluster_contiguous
4136,90,1.0,grid_cluster_contiguous
4137,90,1.0,grid_cluster_contiguous
4138,96,1.0,grid_cluster_contiguous
4139,96,1.0,grid_cluster_contiguous
4140,96,1.0,grid_cluster_contiguous
4141,96,1.0,grid_cluster_contiguous
4142,96,1.0,grid_cluster_contiguous
4143,31,1.0,grid_cluster_contiguous
4144,31,1.0,grid_cluster_contiguous
4145,31,1.0,grid_cluster_contiguous
4146,31,1.0,grid_cluster_contiguous
4147,31,1.0,grid_cluster_contiguous
4148,31,1.0,grid_cluster_contiguous
4149,96,1.0,grid_cluster_contiguous
4150,96,1.0,grid_cluster_contiguous
4151,96,1.0,grid_cluster_contiguous
4152,96,1.0,grid_cluster_contiguous
4153,96,1.0,grid_cluster_contiguous
4154,96,1.0,grid_cluster_contiguous
4155,96,1.0,grid_cluster_contiguous
4156,96,1.0,grid_cluster_contiguous
4157,31,1.0,grid_cluster_contiguous
4158,31,1.0,grid_cluster_contiguous
4159,31,1.0,grid_cluster_contiguous
4160,96,1.0,grid_cluster_contiguous
4161,96,1.0,grid_cluster_contiguous
4162,96,1.0,grid_cluster_contiguous
4163,96,1.0,grid_cluster_contiguous
4164,96,1.0,grid_cluster_contiguous
4165,96,1.0,grid_cluster_contiguous
4166,96,1.0,grid_cluster_contiguous
4167,96,1.0,grid_cluster_contiguous
4168,90,1.0,grid_cluster_contiguous
4169,90,1.0,grid_cluster_contiguous
4170,96,1.0,grid_cluster_contiguous
4171,96,1.0,grid_cluster_contiguous
4172,90,1.0,grid_cluster_contiguous
4173,90,1.0,grid_cluster_contiguous
4174,90,1.0,grid_cluster_contiguous
4175,90,1.0,grid_cluster_contiguous
4176,90,1.0,grid_cluster_contiguous
4177,90,1.0,grid_cluster_contiguous
4178,90,1.0,grid_cluster_contiguous
4179,90,1.0,grid_cluster_contiguous
4180,90,1.0,grid_cluster_contiguous
4181,90,1.0,grid_cluster_contiguous
4182,90,1.0,grid_cluster_contiguous
4183,90,1.0,grid_cluster_contiguous
4184,90,1.0,grid_cluster_contiguous
4185,90,1.0,grid_cluster_contiguous
4186,90,1.0,grid_cluster_contiguous
4187,90,1.0,grid_cluster_contiguous
4188,90,1.0,grid_cluster_contiguous
4189,90,1.0,grid_cluster_contiguous
4190,90,1.0,grid_cluster_contiguous
4191,90,1.0,grid_cluster_contiguous
4192,90,1.0,grid_cluster_contiguous
4193,90,1.0,grid_cluster_contiguous
4194,90,1.0,grid_cluster_contiguous
4195,90,1.0,grid_cluster_contiguous
4196,90,1.0,grid_cluster_contiguous
4197,90,1.0,grid_cluster_contiguous
4198,90,1.0,grid_cluster_contiguous
4199,90,1.0,grid_cluster_contiguous
4200,90,1.0,grid_cluster_contiguous
4201,90,1.0,grid_cluster_contiguous
4202,87,1.0,grid_cluster_contiguous
4203,87,1.0,grid_cluster_contiguous
4204,87,1.0,grid_cluster_contiguous
4205,87,1.0,grid_cluster_contiguous
4206,87,1.0,grid_cluster_contiguous
4207,87,1.0,grid_cluster_contiguous
4208,87,1.0,grid_cluster_contiguous
4209,87,1.0,grid_cluster_contiguous
4210,65,1.0,grid_cluster_contiguous
4211,65,1.0,grid_cluster_contiguous
4212,65,1.0,grid_cluster_contiguous
4213,65,1.0,grid_cluster_contiguous
4214,65,1.0,grid_cluster_contiguous
4215,65,1.0,grid_cluster_contiguous
4216,65,1.0,grid_cluster_contiguous
4217,65,1.0,grid_cluster_contiguous
4218,65,1.0,grid_cluster_contiguous
4219,65,1.0,grid_cluster_contiguous
4220,65,1.0,grid_cluster_contiguous
4221,65,1.0,grid_cluster_contiguous
4222,65,1.0,grid_cluster_contiguous
4223,65,1.0,grid_cluster_contiguous
4224,65,1.0,grid_cluster_contiguous
4225,65,1.0,grid_cluster_contiguous
4226,65,1.0,grid_cluster_contiguous
4227,121,1.0,grid_cluster_contiguous
4228,121,1.0,grid_cluster_contiguous
4229,65,1.0,grid_cluster_contiguous
4230,65,1.0,grid_cluster_contiguous
4231,65,1.0,grid_cluster_contiguous
4232,121,1.0,grid_cluster_contiguous
4233,121,1.0,grid_cluster_contiguous
4234,121,1.0,grid_cluster_contiguous
4235,121,1.0,grid_cluster_contiguous
4236,121,1.0,grid_cluster_contiguous
4237,121,1.0,grid_cluster_contiguous
4238,121,1.0,grid_cluster_contiguous
4239,121,1.0,grid_cluster_contiguous
4240,121,1.0,grid_cluster_contiguous
4241,121,1.0,grid_cluster_contiguous
4242,121,1.0,grid_cluster_contiguous
4243,121,1.0,grid_cluster_contiguous
4244,121,1.0,grid_cluster_contiguous
4245,121,1.0,grid_cluster_contiguous
4246,121,1.0,grid_cluster_contiguous
4247,121,1.0,grid_cluster_contiguous
4248,121,1.0,grid_cluster_contiguous
4249,121,1.0,grid_cluster_contiguous
4250,121,1.0,grid_cluster_contiguous
4251,121,1.0,grid_cluster_contiguous
4252,121,1.0,grid_cluster_contiguous
4253,121,1.0,grid_cluster_contiguous
4254,121,1.0,grid_cluster_contiguous
4255,121,1.0,grid_cluster_contiguous
4256,121,1.0,grid_cluster_contiguous
4257,121,1.0,grid_cluster_contiguous
4258,121,1.0,grid_cluster_contiguous
4259,121,1.0,grid_cluster_contiguous
4260,136,1.0,grid_cluster_contiguous
4261,136,1.0,grid_cluster_contiguous
4262,136,1.0,grid_cluster_contiguous
4263,136,1.0,grid_cluster_contiguous
4264,136,1.0,grid_cluster_contiguous
4265,136,1.0,grid_cluster_contiguous
4266,136,1.0,grid_cluster_contiguous
4267,136,1.0,grid_cluster_contiguous
4268,121,1.0,grid_cluster_contiguous
4269,121,1.0,grid_cluster_contiguous
4270,121,1.0,grid_cluster_contiguous
4271,121,1.0,grid_cluster_contiguous
4272,65,1.0,grid_cluster_contiguous
4273,121,1.0,grid_cluster_contiguous
4274,121,1.0,grid_cluster_contiguous
4275,121,1.0,grid_cluster_contiguous
4276,136,1.0,grid_cluster_contiguous
4277,121,1.0,grid_cluster_contiguous
4278,121,1.0,grid_cluster_contiguous
4279,136,1.0,grid_cluster_contiguous
4280,136,1.0,grid_cluster_contiguous
4281,136,1.0,grid_cluster_contiguous
4282,121,1.0,grid_cluster_contiguous
4283,121,1.0,grid_cluster_contiguous
4284,136,1.0,grid_cluster_contiguous
4285,136,1.0,grid_cluster_contiguous
4286,121,1.0,grid_cluster_contiguous
4287,121,1.0,grid_cluster_contiguous
4288,68,1.0,grid_cluster_contiguous
4289,65,1.0,grid_cluster_contiguous
4290,121,1.0,grid_cluster_contiguous
4291,65,1.0,grid_cluster_contiguous
4292,65,1.0,grid_cluster_contiguous
4293,65,1.0,grid_cluster_contiguous
4294,65,1.0,grid_cluster_contiguous
4295,65,1.0,grid_cluster_contiguous
4296,65,1.0,grid_cluster_contiguous
4297,68,1.0,grid_cluster_contiguous
4298,68,1.0,grid_cluster_contiguous
4299,68,1.0,grid_cluster_contiguous
4300,68,1.0,grid_cluster_contiguous
4301,68,1.0,grid_cluster_contiguous
4302,68,1.0,grid_cluster_contiguous
4303,68,1.0,grid_cluster_contiguous
4304,68,1.0,grid_cluster_contiguous
4305,68,1.0,grid_cluster_contiguous
4306,68,1.0,grid_cluster_contiguous
4307,68,1.0,grid_cluster_contiguous
4308,68,1.0,grid_cluster_contiguous
4309,136,1.0,grid_cluster_contiguous
4310,68,1.0,grid_cluster_contiguous
4311,136,1.0,grid_cluster_contiguous
4312,136,1.0,grid_cluster_contiguous
4313,136,1.0,grid_cluster_contiguous
4314,136,1.0,grid_cluster_contiguous
4315,136,1.0,grid_cluster_contiguous
4316,136,1.0,grid_cluster_contiguous
4317,136,1.0,grid_cluster_contiguous
4318,136,1.0,grid_cluster_contiguous
4319,136,1.0,grid_cluster_contiguous
4320,136,1.0,grid_cluster_contiguous
4321,136,1.0,grid_cluster_contiguous
4322,136,1.0,grid_cluster_contiguous
4323,136,1.0,grid_cluster_contiguous
4324,136,1.0,grid_cluster_contiguous
4325,68,1.0,grid_cluster_contiguous
4326,68,1.0,grid_cluster_contiguous
4327,136,1.0,grid_cluster_contiguous
4328,68,1.0,grid_cluster_contiguous
4329,136,1.0,grid_cluster_contiguous
4330,136,1.0,grid_cluster_contiguous
4331,136,1.0,grid_cluster_contiguous
4332,136,1.0,grid_cluster_contiguous
4333,136,1.0,grid_cluster_contiguous
4334,136,1.0,grid_cluster_contiguous
4335,136,1.0,grid_cluster_contiguous
4336,136,1.0,grid_cluster_contiguous
4337,136,1.0,grid_cluster_contiguous
4338,136,1.0,grid_cluster_contiguous
4339,136,1.0,grid_cluster_contiguous
4340,136,1.0,grid_cluster_contiguous
4341,136,1.0,grid_cluster_contiguous
4342,136,1.0,grid_cluster_contiguous
4343,136,1.0,grid_cluster_contiguous
4344,136,1.0,grid_cluster_contiguous
4345,136,1.0,grid_cluster_contiguous
4346,136,1.0,grid_cluster_contiguous
4347,136,1.0,grid_cluster_contiguous
4348,136,1.0,grid_cluster_contiguous
4349,136,1.0,grid_cluster_contiguous
4350,136,1.0,grid_cluster_contiguous
4351,136,1.0,grid_cluster_contiguous
4352,136,1.0,grid_cluster_contiguous
4353,136,1.0,grid_cluster_contiguous
4354,136,1.0,grid_cluster_contiguous
4355,136,1.0,grid_cluster_contiguous
4356,136,1.0,grid_cluster_contiguous
4357,136,1.0,grid_cluster_contiguous
4358,136,1.0,grid_cluster_contiguous
4359,136,1.0,grid_cluster_contiguous
4360,136,1.0,grid_cluster_contiguous
4361,136,1.0,grid_cluster_contiguous
4362,136,1.0,grid_cluster_contiguous
4363,136,1.0,grid_cluster_contiguous
4364,136,1.0,grid_cluster_contiguous
4365,136,1.0,grid_cluster_contiguous
4366,136,1.0,grid_cluster_contiguous
4367,136,1.0,grid_cluster_contiguous
4368,136,1.0,grid_cluster_contiguous
4369,136,1.0,grid_cluster_contiguous
4370,136,1.0,grid_cluster_contiguous
4371,136,1.0,grid_cluster_contiguous
4372,121,1.0,grid_cluster_contiguous
4373,121,1.0,grid_cluster_contiguous
4374,121,1.0,grid_cluster_contiguous
4375,121,1.0,grid_cluster_contiguous
4376,121,1.0,grid_cluster_contiguous
4377,121,1.0,grid_cluster_contiguous
4378,121,1.0,grid_cluster_contiguous
4379,121,1.0,grid_cluster_contiguous
4380,121,1.0,grid_cluster_contiguous
4381,121,1.0,grid_cluster_contiguous
4382,121,1.0,grid_cluster_contiguous
4383,121,1.0,grid_cluster_contiguous
4384,121,1.0,grid_cluster_contiguous
4385,121,1.0,grid_cluster_contiguous
4386,121,1.0,grid_cluster_contiguous
4387,136,1.0,grid_cluster_contiguous
4388,121,1.0,grid_cluster_contiguous
4389,121,1.0,grid_cluster_contiguous
4390,121,1.0,grid_cluster_contiguous
4391,121,1.0,grid_cluster_contiguous
4392,122,1.0,grid_cluster_contiguous
4393,122,1.0,grid_cluster_contiguous
4394,122,1.0,grid_cluster_contiguous
4395,122,1.0,grid_cluster_contiguous
4396,122,1.0,grid_cluster_contiguous
4397,122,1.0,grid_cluster_contiguous
4398,122,1.0,grid_cluster_contiguous
4399,121,1.0,grid_cluster_contiguous
4400,121,1.0,grid_cluster_contiguous
4401,121,1.0,grid_cluster_contiguous
4402,121,1.0,grid_cluster_contiguous
4403,121,1.0,grid_cluster_contiguous
4404,121,1.0,grid_cluster_contiguous
4405,121,1.0,grid_cluster_contiguous
4406,121,1.0,grid_cluster_contiguous
4407,121,1.0,grid_cluster_contiguous
4408,121,1.0,grid_cluster_contiguous
4409,121,1.0,grid_cluster_contiguous
4410,122,1.0,grid_cluster_contiguous
4411,121,1.0,grid_cluster_contiguous
4412,121,1.0,grid_cluster_contiguous
4413,121,1.0,grid_cluster_contiguous
4414,121,1.0,grid_cluster_contiguous
4415,121,1.0,grid_cluster_contiguous
4416,121,1.0,grid_cluster_contiguous
4417,121,1.0,grid_cluster_contiguous
4418,122,1.0,grid_cluster_contiguous
4419,122,1.0,grid_cluster_contiguous
4420,122,1.0,grid_cluster_contiguous
4421,122,1.0,grid_cluster_contiguous
4422,122,1.0,grid_cluster_contiguous
4423,122,1.0,grid_cluster_contiguous
4424,122,1.0,grid_cluster_contiguous
4425,122,1.0,grid_cluster_contiguous
4426,122,1.0,grid_cluster_contiguous
4427,122,1.0,grid_cluster_contiguous
4428,122,1.0,grid_cluster_contiguous
4429,122,1.0,grid_cluster_contiguous
4430,122,1.0,grid_cluster_contiguous
4431,122,1.0,grid_cluster_contiguous
4432,122,1.0,grid_cluster_contiguous
4433,122,1.0,grid_cluster_contiguous
4434,122,1.0,grid_cluster_contiguous
4435,122,1.0,grid_cluster_contiguous
4436,122,1.0,grid_cluster_contiguous
4437,122,1.0,grid_cluster_contiguous
4438,135,1.0,grid_cluster_contiguous
4439,135,1.0,grid_cluster_contiguous
4440,135,1.0,grid_cluster_contiguous
4441,135,1.0,grid_cluster_contiguous
4442,135,1.0,grid_cluster_contiguous
4443,135,1.0,grid_cluster_contiguous
4444,135,1.0,grid_cluster_contiguous
4445,135,1.0,grid_cluster_contiguous
4446,137,1.0,grid_cluster_contiguous
4447,137,1.0,grid_cluster_contiguous
4448,137,1.0,grid_cluster_contiguous
4449,137,1.0,grid_cluster_contiguous
4450,137,1.0,grid_cluster_contiguous
4451,137,1.0,grid_cluster_contiguous
4452,137,1.0,grid_cluster_contiguous
4453,137,1.0,grid_cluster_contiguous
4454,137,1.0,grid_cluster_contiguous
4455,137,1.0,grid_cluster_contiguous
4456,137,1.0,grid_cluster_contiguous
4457,137,1.0,grid_cluster_contiguous
4458,137,1.0,grid_cluster_contiguous
4459,137,1.0,grid_cluster_contiguous
4460,137,1.0,grid_cluster_contiguous
4461,137,1.0,grid_cluster_contiguous
4462,137,1.0,grid_cluster_contiguous
4463,137,1.0,grid_cluster_contiguous
4464,137,1.0,grid_cluster_contiguous
4465,137,1.0,grid_cluster_contiguous
4466,137,1.0,grid_cluster_contiguous
4467,137,1.0,grid_cluster_contiguous
4468,137,1.0,grid_cluster_contiguous
4469,137,1.0,grid_cluster_contiguous
4470,137,1.0,grid_cluster_contiguous
4471,137,1.0,grid_cluster_contiguous
4472,137,1.0,grid_cluster_contiguous
4473,137,1.0,grid_cluster_contiguous
4474,137,1.0,grid_cluster_contiguous
4475,137,1.0,grid_cluster_contiguous
4476,137,1.0,grid_cluster_contiguous
4477,137,1.0,grid_cluster_contiguous
4478,137,1.0,grid_cluster_contiguous
4479,138,1.0,grid_cluster_contiguous
4480,138,1.0,grid_cluster_contiguous
4481,138,1.0,grid_cluster_contiguous
4482,137,1.0,grid_cluster_contiguous
4483,138,1.0,grid_cluster_contiguous
4484,138,1.0,grid_cluster_contiguous
4485,138,1.0,grid_cluster_contiguous
4486,138,1.0,grid_cluster_contiguous
4487,138,1.0,grid_cluster_contiguous
4488,138,1.0,grid_cluster_contiguous
4489,138,1.0,grid_cluster_contiguous
4490,138,1.0,grid_cluster_contiguous
4491,138,1.0,grid_cluster_contiguous
4492,138,1.0,grid_cluster_contiguous
4493,138,1.0,grid_cluster_contiguous
4494,138,1.0,grid_cluster_contiguous
4495,138,1.0,grid_cluster_contiguous
4496,138,1.0,grid_cluster_contiguous
4497,138,1.0,grid_cluster_contiguous
4498,138,1.0,grid_cluster_contiguous
4499,138,1.0,grid_cluster_contiguous
4500,138,1.0,grid_cluster_contiguous
4501,103,1.0,grid_cluster_contiguous
4502,137,1.0,grid_cluster_contiguous
4503,137,1.0,grid_cluster_contiguous
4504,137,1.0,grid_cluster_contiguous
4505,137,1.0,grid_cluster_contiguous
4506,103,1.0,grid_cluster_contiguous
4507,137,1.0,grid_cluster_contiguous
4508,137,1.0,grid_cluster_contiguous
4509,103,1.0,grid_cluster_contiguous
4510,137,1.0,grid_cluster_contiguous
4511,137,1.0,grid_cluster_contiguous
4512,137,1.0,grid_cluster_contiguous
4513,137,1.0,grid_cluster_contiguous
4514,137,1.0,grid_cluster_contiguous
4515,137,1.0,grid_cluster_contiguous
4516,137,1.0,grid_cluster_contiguous
4517,137,1.0,grid_cluster_contiguous
4518,137,1.0,grid_cluster_contiguous
4519,137,1.0,grid_cluster_contiguous
4520,137,1.0,grid_cluster_contiguous
4521,137,1.0,grid_cluster_contiguous
4522,137,1.0,grid_cluster_contiguous
4523,135,1.0,grid_cluster_contiguous
4524,135,1.0,grid_cluster_contiguous
4525,135,1.0,grid_cluster_contiguous
4526,135,1.0,grid_cluster_contiguous
4527,135,1.0,grid_cluster_contiguous
4528,135,1.0,grid_cluster_contiguous
4529,135,1.0,grid_cluster_contiguous
4530,135,1.0,grid_cluster_contiguous
4531,135,1.0,grid_cluster_contiguous
4532,135,1.0,grid_cluster_contiguous
4533,135,1.0,grid_cluster_contiguous
4534,135,1.0,grid_cluster_contiguous
4535,135,1.0,grid_cluster_contiguous
4536,135,1.0,grid_cluster_contiguous
4537,135,1.0,grid_cluster_contiguous
4538,135,1.0,grid_cluster_contiguous
4539,135,1.0,grid_cluster_contiguous
4540,135,1.0,grid_cluster_contiguous
4541,135,1.0,grid_cluster_contiguous
4542,34,1.0,grid_cluster_contiguous
4543,34,1.0,grid_cluster_contiguous
4544,34,1.0,grid_cluster_contiguous
4545,34,1.0,grid_cluster_contiguous
4546,34,1.0,grid_cluster_contiguous
4547,34,1.0,grid_cluster_contiguous
4548,135,1.0,grid_cluster_contiguous
4549,135,1.0,grid_cluster_contiguous
4550,135,1.0,grid_cluster_contiguous
4551,34,1.0,grid_cluster_contiguous
4552,103,1.0,grid_cluster_contiguous
4553,103,1.0,grid_cluster_contiguous
4554,137,1.0,grid_cluster_contiguous
4555,137,1.0,grid_cluster_contiguous
4556,103,1.0,grid_cluster_contiguous
4557,103,1.0,grid_cluster_contiguous
4558,103,1.0,grid_cluster_contiguous
4559,103,1.0,grid_cluster_contiguous
4560,103,1.0,grid_cluster_contiguous
4561,103,1.0,grid_cluster_contiguous
4562,103,1.0,grid_cluster_contiguous
4563,103,1.0,grid_cluster_contiguous
4564,103,1.0,grid_cluster_contiguous
4565,103,1.0,grid_cluster_contiguous
4566,103,1.0,grid_cluster_contiguous
4567,103,1.0,grid_cluster_contiguous
4568,103,1.0,grid_cluster_contiguous
4569,103,1.0,grid_cluster_contiguous
4570,103,1.0,grid_cluster_contiguous
4571,103,1.0,grid_cluster_contiguous
4572,103,1.0,grid_cluster_contiguous
4573,103,1.0,grid_cluster_contiguous
4574,103,1.0,grid_cluster_contiguous
4575,103,1.0,grid_cluster_contiguous
4576,103,1.0,grid_cluster_contiguous
4577,103,1.0,grid_cluster_contiguous
4578,103,1.0,grid_cluster_contiguous
4579,103,1.0,grid_cluster_contiguous
4580,103,1.0,grid_cluster_contiguous
4581,103,1.0,grid_cluster_contiguous
4582,103,1.0,grid_cluster_contiguous
4583,103,1.0,grid_cluster_contiguous
4584,103,1.0,grid_cluster_contiguous
4585,103,1.0,grid_cluster_contiguous
4586,103,1.0,grid_cluster_contiguous
4587,103,1.0,grid_cluster_contiguous
4588,103,1.0,grid_cluster_contiguous
4589,34,1.0,grid_cluster_contiguous
4590,34,1.0,grid_cluster_contiguous
4591,103,1.0,grid_cluster_contiguous
4592,34,1.0,grid_cluster_contiguous
4593,34,1.0,grid_cluster_contiguous
4594,34,1.0,grid_cluster_contiguous
4595,34,1.0,grid_cluster_contiguous
4596,34,1.0,grid_cluster_contiguous
4597,34,1.0,grid_cluster_contiguous
4598,34,1.0,grid_cluster_contiguous
4599,34,1.0,grid_cluster_contiguous
4600,34,1.0,grid_cluster_contiguous
4601,34,1.0,grid_cluster_contiguous
4602,34,1.0,grid_cluster_contiguous
4603,34,1.0,grid_cluster_contiguous
4604,34,1.0,grid_cluster_contiguous
4605,34,1.0,grid_cluster_contiguous
4606,34,1.0,grid_cluster_contiguous
4607,34,1.0,grid_cluster_contiguous
4608,34,1.0,grid_cluster_contiguous
4609,34,1.0,grid_cluster_contiguous
4610,34,1.0,grid_cluster_contiguous
4611,34,1.0,grid_cluster_contiguous
4612,24,1.0,own_superzone_top_demand
4613,103,1.0,grid_cluster_contiguous
4614,103,1.0,grid_cluster_contiguous
4615,103,1.0,grid_cluster_contiguous
4616,103,1.0,grid_cluster_contiguous
4617,103,1.0,grid_cluster_contiguous
4618,25,1.0,own_superzone_top_demand
4619,103,1.0,grid_cluster_contiguous
4620,103,1.0,grid_cluster_contiguous
4621,103,1.0,grid_cluster_contiguous
4622,103,1.0,grid_cluster_contiguous
4623,103,1.0,grid_cluster_contiguous
4624,34,1.0,grid_cluster_contiguous
4625,34,1.0,grid_cluster_contiguous
4626,34,1.0,grid_cluster_contiguous
4627,34,1.0,grid_cluster_contiguous
4628,103,1.0,grid_cluster_contiguous
4629,103,1.0,grid_cluster_contiguous
4630,103,1.0,grid_cluster_contiguous
4631,37,1.0,grid_cluster_contiguous
4632,139,1.0,grid_cluster_contiguous
4633,139,1.0,grid_cluster_contiguous
4634,139,1.0,grid_cluster_contiguous
4635,139,1.0,grid_cluster_contiguous
4636,139,1.0,grid_cluster_contiguous
4637,139,1.0,grid_cluster_contiguous
4638,139,1.0,grid_cluster_contiguous
4639,140,1.0,grid_cluster_contiguous
4640,140,1.0,grid_cluster_contiguous
4641,140,1.0,grid_cluster_contiguous
4642,140,1.0,grid_cluster_contiguous
4643,140,1.0,grid_cluster_contiguous
4644,139,1.0,grid_cluster_contiguous
4645,139,1.0,grid_cluster_contiguous
4646,125,1.0,grid_cluster_contiguous
4647,125,1.0,grid_cluster_contiguous
4648,139,1.0,grid_cluster_contiguous
4649,139,1.0,grid_cluster_contiguous
4650,139,1.0,grid_cluster_contiguous
4651,139,1.0,grid_cluster_contiguous
4652,140,1.0,grid_cluster_contiguous
4653,140,1.0,grid_cluster_contiguous
4654,140,1.0,grid_cluster_contiguous
4655,140,1.0,grid_cluster_contiguous
4656,141,1.0,grid_cluster_contiguous
4657,141,1.0,grid_cluster_contiguous
4658,141,1.0,grid_cluster_contiguous
4659,141,1.0,grid_cluster_contiguous
4660,141,1.0,grid_cluster_contiguous
4661,141,1.0,grid_cluster_contiguous
4662,142,1.0,grid_cluster_contiguous
4663,141,1.0,grid_cluster_contiguous
4664,141,1.0,grid_cluster_contiguous
4665,141,1.0,grid_cluster_contiguous
4666,141,1.0,grid_cluster_contiguous
4667,141,1.0,grid_cluster_contiguous
4668,88,1.0,grid_cluster_contiguous
4669,141,1.0,grid_cluster_contiguous
4670,141,1.0,grid_cluster_contiguous
4671,142,1.0,grid_cluster_contiguous
4672,87,1.0,grid_cluster_contiguous
4673,87,1.0,grid_cluster_contiguous
4674,88,1.0,grid_cluster_contiguous
4675,88,1.0,grid_cluster_contiguous
4676,88,1.0,grid_cluster_contiguous
4677,88,1.0,grid_cluster_contiguous
4678,88,1.0,grid_cluster_contiguous
4679,88,1.0,grid_cluster_contiguous
4680,88,1.0,grid_cluster_contiguous
4681,88,1.0,grid_cluster_contiguous
4682,88,1.0,grid_cluster_contiguous
4683,140,1.0,grid_cluster_contiguous
4684,140,1.0,grid_cluster_contiguous
4685,140,1.0,grid_cluster_contiguous
4686,140,1.0,grid_cluster_contiguous
4687,140,1.0,grid_cluster_contiguous
4688,140,1.0,grid_cluster_contiguous
4689,140,1.0,grid_cluster_contiguous
4690,140,1.0,grid_cluster_contiguous
4691,140,1.0,grid_cluster_contiguous
4692,92,1.0,grid_cluster_contiguous
4693,92,1.0,grid_cluster_contiguous
4694,92,1.0,grid_cluster_contiguous
4695,140,1.0,grid_cluster_contiguous
4696,139,1.0,grid_cluster_contiguous
4697,140,1.0,grid_cluster_contiguous
4698,140,1.0,grid_cluster_contiguous
4699,140,1.0,grid_cluster_contiguous
4700,140,1.0,grid_cluster_contiguous
4701,140,1.0,grid_cluster_contiguous
4702,140,1.0,grid_cluster_contiguous
4703,140,1.0,grid_cluster_contiguous
4704,140,1.0,grid_cluster_contiguous
4705,140,1.0,grid_cluster_contiguous
4706,140,1.0,grid_cluster_contiguous
4707,140,1.0,grid_cluster_contiguous
4708,140,1.0,grid_cluster_contiguous
4709,140,1.0,grid_cluster_contiguous
4710,140,1.0,grid_cluster_contiguous
4711,140,1.0,grid_cluster_contiguous
4712,140,1.0,grid_cluster_contiguous
4713,140,1.0,grid_cluster_contiguous
4714,139,1.0,grid_cluster_contiguous
4715,139,1.0,grid_cluster_contiguous
4716,139,1.0,grid_cluster_contiguous
4717,139,1.0,grid_cluster_contiguous
4718,139,1.0,grid_cluster_contiguous
4719,93,1.0,grid_cluster_contiguous
4720,93,1.0,grid_cluster_contiguous
4721,93,1.0,grid_cluster_contiguous
4722,92,1.0,grid_cluster_contiguous
4723,93,1.0,grid_cluster_contiguous
4724,93,1.0,grid_cluster_contiguous
4725,93,1.0,grid_cluster_contiguous
4726,93,1.0,grid_cluster_contiguous
4727,93,1.0,grid_cluster_contiguous
4728,93,1.0,grid_cluster_contiguous
4729,139,1.0,grid_cluster_contiguous
4730,139,1.0,grid_cluster_contiguous
4731,139,1.0,grid_cluster_contiguous
4732,139,1.0,grid_cluster_contiguous
4733,139,1.0,grid_cluster_contiguous
4734,139,1.0,grid_cluster_contiguous
4735,139,1.0,grid_cluster_contiguous
4736,125,1.0,grid_cluster_contiguous
4737,125,1.0,grid_cluster_contiguous
4738,139,1.0,grid_cluster_contiguous
4739,125,1.0,grid_cluster_contiguous
4740,125,1.0,grid_cluster_contiguous
4741,125,1.0,grid_cluster_contiguous
4742,125,1.0,grid_cluster_contiguous
4743,125,1.0,grid_cluster_contiguous
4744,125,1.0,grid_cluster_contiguous
4745,94,1.0,grid_cluster_contiguous
4746,125,1.0,grid_cluster_contiguous
4747,125,1.0,grid_cluster_contiguous
4748,93,1.0,grid_cluster_contiguous
4749,94,1.0,grid_cluster_contiguous
4750,94,1.0,grid_cluster_contiguous
4751,94,1.0,grid_cluster_contiguous
4752,94,1.0,grid_cluster_contiguous
4753,93,1.0,grid_cluster_contiguous
4754,93,1.0,grid_cluster_contiguous
4755,93,1.0,grid_cluster_contiguous
4756,93,1.0,grid_cluster_contiguous
4757,93,1.0,grid_cluster_contiguous
4758,92,1.0,grid_cluster_contiguous
4759,92,1.0,grid_cluster_contiguous
4760,92,1.0,grid_cluster_contiguous
4761,92,1.0,grid_cluster_contiguous
4762,92,1.0,grid_cluster_contiguous
4763,92,1.0,grid_cluster_contiguous
4764,92,1.0,grid_cluster_contiguous
4765,92,1.0,grid_cluster_contiguous
4766,92,1.0,grid_cluster_contiguous
4767,92,1.0,grid_cluster_contiguous
4768,92,1.0,grid_cluster_contiguous
4769,92,1.0,grid_cluster_contiguous
4770,92,1.0,grid_cluster_contiguous
4771,88,1.0,grid_cluster_contiguous
4772,143,1.0,grid_cluster_contiguous
4773,130,1.0,grid_cluster_contiguous
4774,130,1.0,grid_cluster_contiguous
4775,130,1.0,grid_cluster_contiguous
4776,130,1.0,grid_cluster_contiguous
4777,130,1.0,grid_cluster_contiguous
4778,130,1.0,grid_cluster_contiguous
4779,130,1.0,grid_cluster_contiguous
4780,130,1.0,grid_cluster_contiguous
4781,130,1.0,grid_cluster_contiguous
4782,130,1.0,grid_cluster_contiguous
4783,130,1.0,grid_cluster_contiguous
4784,130,1.0,grid_cluster_contiguous
4785,130,1.0,grid_cluster_contiguous
4786,130,1.0,grid_cluster_contiguous
4787,130,1.0,grid_cluster_contiguous
4788,130,1.0,grid_cluster_contiguous
4789,143,1.0,grid_cluster_contiguous
4790,143,1.0,grid_cluster_contiguous
4791,143,1.0,grid_cluster_contiguous
4792,143,1.0,grid_cluster_contiguous
4793,143,1.0,grid_cluster_contiguous
4794,143,1.0,grid_cluster_contiguous
4795,143,1.0,grid_cluster_contiguous
4796,143,1.0,grid_cluster_contiguous
4797,143,1.0,grid_cluster_contiguous
4798,143,1.0,grid_cluster_contiguous
4799,143,1.0,grid_cluster_contiguous
4800,143,1.0,grid_cluster_contiguous
4801,143,1.0,grid_cluster_contiguous
4802,143,1.0,grid_cluster_contiguous
4803,143,1.0,grid_cluster_contiguous
4804,143,1.0,grid_cluster_contiguous
4805,143,1.0,grid_cluster_contiguous
4806,143,1.0,grid_cluster_contiguous
4807,143,1.0,grid_cluster_contiguous
4808,143,1.0,grid_cluster_contiguous
4809,143,1.0,grid_cluster_contiguous
4810,143,1.0,grid_cluster_contiguous
4811,143,1.0,grid_cluster_contiguous
4812,143,1.0,grid_cluster_contiguous
4813,143,1.0,grid_cluster_contiguous
4814,143,1.0,grid_cluster_contiguous
4815,143,1.0,grid_cluster_contiguous
4816,143,1.0,grid_cluster_contiguous
4817,143,1.0,grid_cluster_contiguous
4818,143,1.0,grid_cluster_contiguous
4819,143,1.0,grid_cluster_contiguous
4820,143,1.0,grid_cluster_contiguous
4821,143,1.0,grid_cluster_contiguous
4822,143,1.0,grid_cluster_contiguous
4823,143,1.0,grid_cluster_contiguous
4824,143,1.0,grid_cluster_contiguous
4825,143,1.0,grid_cluster_contiguous
4826,143,1.0,grid_cluster_contiguous
4827,143,1.0,grid_cluster_contiguous
4828,143,1.0,grid_cluster_contiguous
4829,143,1.0,grid_cluster_contiguous
4830,143,1.0,grid_cluster_contiguous
4831,142,1.0,grid_cluster_contiguous
4832,142,1.0,grid_cluster_contiguous
4833,143,1.0,grid_cluster_contiguous
4834,143,1.0,grid_cluster_contiguous
4835,143,1.0,grid_cluster_contiguous
4836,142,1.0,grid_cluster_contiguous
4837,142,1.0,grid_cluster_contiguous
4838,142,1.0,grid_cluster_contiguous
4839,142,1.0,grid_cluster_contiguous
4840,142,1.0,grid_cluster_contiguous
4841,142,1.0,grid_cluster_contiguous
4842,142,1.0,grid_cluster_contiguous
4843,142,1.0,grid_cluster_contiguous
4844,142,1.0,grid_cluster_contiguous
4845,142,1.0,grid_cluster_contiguous
4846,142,1.0,grid_cluster_contiguous
4847,142,1.0,grid_cluster_contiguous
4848,142,1.0,grid_cluster_contiguous
4849,142,1.0,grid_cluster_contiguous
4850,142,1.0,grid_cluster_contiguous
4851,142,1.0,grid_cluster_contiguous
4852,142,1.0,grid_cluster_contiguous
4853,142,1.0,grid_cluster_contiguous
4854,142,1.0,grid_cluster_contiguous
4855,142,1.0,grid_cluster_contiguous
4856,142,1.0,grid_cluster_contiguous
4857,142,1.0,grid_cluster_contiguous
4858,142,1.0,grid_cluster_contiguous
4859,142,1.0,grid_cluster_contiguous
4860,142,1.0,grid_cluster_contiguous
4861,142,1.0,grid_cluster_contiguous
4862,142,1.0,grid_cluster_contiguous
4863,87,1.0,grid_cluster_contiguous
4864,87,1.0,grid_cluster_contiguous
4865,143,1.0,grid_cluster_contiguous
4866,142,1.0,grid_cluster_contiguous
4867,143,1.0,grid_cluster_contiguous
4868,143,1.0,grid_cluster_contiguous
4869,143,1.0,grid_cluster_contiguous
4870,143,1.0,grid_cluster_contiguous
4871,143,1.0,grid_cluster_contiguous
4872,143,1.0,grid_cluster_contiguous
4873,143,1.0,grid_cluster_contiguous
4874,143,1.0,grid_cluster_contiguous
4875,143,1.0,grid_cluster_contiguous
4876,143,1.0,grid_cluster_contiguous
4877,143,1.0,grid_cluster_contiguous
4878,143,1.0,grid_cluster_contiguous
4879,143,1.0,grid_cluster_contiguous
4880,130,1.0,grid_cluster_contiguous
4881,130,1.0,grid_cluster_contiguous
4882,130,1.0,grid_cluster_contiguous
4883,87,1.0,grid_cluster_contiguous
4884,87,1.0,grid_cluster_contiguous
4885,87,1.0,grid_cluster_contiguous
4886,87,1.0,grid_cluster_contiguous
4887,87,1.0,grid_cluster_contiguous
4888,87,1.0,grid_cluster_contiguous
4889,87,1.0,grid_cluster_contiguous
4890,87,1.0,grid_cluster_contiguous
4891,87,1.0,grid_cluster_contiguous
4892,87,1.0,grid_cluster_contiguous
4893,87,1.0,grid_cluster_contiguous
4894,87,1.0,grid_cluster_contiguous
4895,142,1.0,grid_cluster_contiguous
4896,87,1.0,grid_cluster_contiguous
4897,87,1.0,grid_cluster_contiguous
4898,87,1.0,grid_cluster_contiguous
4899,87,1.0,grid_cluster_contiguous
4900,87,1.0,grid_cluster_contiguous
4901,142,1.0,grid_cluster_contiguous
4902,142,1.0,grid_cluster_contiguous
4903,142,1.0,grid_cluster_contiguous
4904,142,1.0,grid_cluster_contiguous
4905,142,1.0,grid_cluster_contiguous
4906,142,1.0,grid_cluster_contiguous
4907,142,1.0,grid_cluster_contiguous
4908,142,1.0,grid_cluster_contiguous
4909,142,1.0,grid_cluster_contiguous
4910,142,1.0,grid_cluster_contiguous
4911,142,1.0,grid_cluster_contiguous
4912,142,1.0,grid_cluster_contiguous
4913,142,1.0,grid_cluster_contiguous
4914,87,1.0,grid_cluster_contiguous
4915,87,1.0,grid_cluster_contiguous
4916,87,1.0,grid_cluster_contiguous
4917,142,1.0,grid_cluster_contiguous
4918,142,1.0,grid_cluster_contiguous
4919,142,1.0,grid_cluster_contiguous
4920,142,1.0,grid_cluster_contiguous
4921,87,1.0,grid_cluster_contiguous
4922,142,1.0,grid_cluster_contiguous
4923,87,1.0,grid_cluster_contiguous
4924,87,1.0,grid_cluster_contiguous
4925,87,1.0,grid_cluster_contiguous
4926,87,1.0,grid_cluster_contiguous
4927,87,1.0,grid_cluster_contiguous
4928,87,1.0,grid_cluster_contiguous
4929,87,1.0,grid_cluster_contiguous
4930,87,1.0,grid_cluster_contiguous
4931,87,1.0,grid_cluster_contiguous
4932,87,1.0,grid_cluster_contiguous
4933,87,1.0,grid_cluster_contiguous
4934,87,1.0,grid_cluster_contiguous
4935,87,1.0,grid_cluster_contiguous
4936,87,1.0,grid_cluster_contiguous
4937,87,1.0,grid_cluster_contiguous
4938,87,1.0,grid_cluster_contiguous
4939,87,1.0,grid_cluster_contiguous
4940,87,1.0,grid_cluster_contiguous
4941,87,1.0,grid_cluster_contiguous
4942,87,1.0,grid_cluster_contiguous
4943,126,1.0,grid_cluster_contiguous
4944,126,1.0,grid_cluster_contiguous
4945,126,1.0,grid_cluster_contiguous
4946,126,1.0,grid_cluster_contiguous
4947,126,1.0,grid_cluster_contiguous
4948,126,1.0,grid_cluster_contiguous
4949,126,1.0,grid_cluster_contiguous
4950,126,1.0,grid_cluster_contiguous
4951,126,1.0,grid_cluster_contiguous
4952,126,1.0,grid_cluster_contiguous
4953,126,1.0,grid_cluster_contiguous
4954,126,1.0,grid_cluster_contiguous
4955,126,1.0,grid_cluster_contiguous
4956,124,1.0,grid_cluster_contiguous
4957,124,1.0,grid_cluster_contiguous
4958,124,1.0,grid_cluster_contiguous
4959,124,1.0,grid_cluster_contiguous
4960,124,1.0,grid_cluster_contiguous
4961,125,1.0,grid_cluster_contiguous
4962,125,1.0,grid_cluster_contiguous
4963,125,1.0,grid_cluster_contiguous
4964,125,1.0,grid_cluster_contiguous
4965,124,1.0,grid_cluster_contiguous
4966,124,1.0,grid_cluster_contiguous
4967,124,1.0,grid_cluster_contiguous
4968,124,1.0,grid_cluster_contiguous
4969,124,1.0,grid_cluster_contiguous
4970,126,1.0,grid_cluster_contiguous
4971,126,1.0,grid_cluster_contiguous
4972,124,1.0,grid_cluster_contiguous
4973,125,1.0,grid_cluster_contiguous
4974,125,1.0,grid_cluster_contiguous
4975,125,1.0,grid_cluster_contiguous
4976,125,1.0,grid_cluster_contiguous
4977,124,1.0,grid_cluster_contiguous
4978,125,1.0,grid_cluster_contiguous
4979,124,1.0,grid_cluster_contiguous
4980,124,1.0,grid_cluster_contiguous
4981,124,1.0,grid_cluster_contiguous
4982,124,1.0,grid_cluster_contiguous
4983,124,1.0,grid_cluster_contiguous
4984,124,1.0,grid_cluster_contiguous
4985,126,1.0,grid_cluster_contiguous
4986,126,1.0,grid_cluster_contiguous
4987,126,1.0,grid_cluster_contiguous
4988,126,1.0,grid_cluster_contiguous
4989,126,1.0,grid_cluster_contiguous
4990,126,1.0,grid_cluster_contiguous
4991,126,1.0,grid_cluster_contiguous
4992,126,1.0,grid_cluster_contiguous
4993,126,1.0,grid_cluster_contiguous
4994,126,1.0,grid_cluster_contiguous
4995,126,1.0,grid_cluster_contiguous
4996,126,1.0,grid_cluster_contiguous
4997,126,1.0,grid_cluster_contiguous
4998,126,1.0,grid_cluster_contiguous
4999,126,1.0,grid_cluster_contiguous
5000,126,1.0,grid_cluster_contiguous
5001,127,1.0,grid_cluster_contiguous
5002,127,1.0,grid_cluster_contiguous
5003,126,1.0,grid_cluster_contiguous
5004,126,1.0,grid_cluster_contiguous
5005,127,1.0,grid_cluster_contiguous
5006,127,1.0,grid_cluster_contiguous
5007,127,1.0,grid_cluster_contiguous
5008,127,1.0,grid_cluster_contiguous
5009,127,1.0,grid_cluster_contiguous
5010,127,1.0,grid_cluster_contiguous
5011,127,1.0,grid_cluster_contiguous
5012,127,1.0,grid_cluster_contiguous
5013,127,1.0,grid_cluster_contiguous
5014,127,1.0,grid_cluster_contiguous
5015,127,1.0,grid_cluster_contiguous
5016,68,1.0,grid_cluster_contiguous
5017,68,1.0,grid_cluster_contiguous
5018,68,1.0,grid_cluster_contiguous
5019,68,1.0,grid_cluster_contiguous
5020,68,1.0,grid_cluster_contiguous
5021,68,1.0,grid_cluster_contiguous
5022,68,1.0,grid_cluster_contiguous
5023,68,1.0,grid_cluster_contiguous
5024,68,1.0,grid_cluster_contiguous
5025,68,1.0,grid_cluster_contiguous
5026,68,1.0,grid_cluster_contiguous
5027,68,1.0,grid_cluster_contiguous
5028,68,1.0,grid_cluster_contiguous
5029,68,1.0,grid_cluster_contiguous
5030,68,1.0,grid_cluster_contiguous
5031,68,1.0,grid_cluster_contiguous
5032,68,1.0,grid_cluster_contiguous
5033,68,1.0,grid_cluster_contiguous
5034,68,1.0,grid_cluster_contiguous
5035,68,1.0,grid_cluster_contiguous
5036,68,1.0,grid_cluster_contiguous
5037,68,1.0,grid_cluster_contiguous
5038,68,1.0,grid_cluster_contiguous
5039,68,1.0,grid_cluster_contiguous
5040,68,1.0,grid_cluster_contiguous
5041,68,1.0,grid_cluster_contiguous
5042,68,1.0,grid_cluster_contiguous
5043,68,1.0,grid_cluster_contiguous
5044,68,1.0,grid_cluster_contiguous
5045,68,1.0,grid_cluster_contiguous
5046,68,1.0,grid_cluster_contiguous
5047,68,1.0,grid_cluster_contiguous
5048,68,1.0,grid_cluster_contiguous
5049,68,1.0,grid_cluster_contiguous
5050,68,1.0,grid_cluster_contiguous
5051,68,1.0,grid_cluster_contiguous
5052,68,1.0,grid_cluster_contiguous
5053,68,1.0,grid_cluster_contiguous
5054,127,1.0,grid_cluster_contiguous
5055,127,1.0,grid_cluster_contiguous
5056,127,1.0,grid_cluster_contiguous
5057,127,1.0,grid_cluster_contiguous
5058,127,1.0,grid_cluster_contiguous
5059,127,1.0,grid_cluster_contiguous
5060,127,1.0,grid_cluster_contiguous
5061,127,1.0,grid_cluster_contiguous
5062,127,1.0,grid_cluster_contiguous
5063,127,1.0,grid_cluster_contiguous
5064,68,1.0,grid_cluster_contiguous
5065,68,1.0,grid_cluster_contiguous
5066,68,1.0,grid_cluster_contiguous
5067,127,1.0,grid_cluster_contiguous
5068,127,1.0,grid_cluster_contiguous
5069,127,1.0,grid_cluster_contiguous
5070,127,1.0,grid_cluster_contiguous
5071,127,1.0,grid_cluster_contiguous
5072,127,1.0,grid_cluster_contiguous
5073,127,1.0,grid_cluster_contiguous
5074,127,1.0,grid_cluster_contiguous
5075,127,1.0,grid_cluster_contiguous
5076,127,1.0,grid_cluster_contiguous
5077,127,1.0,grid_cluster_contiguous
5078,127,1.0,grid_cluster_contiguous
5079,127,1.0,grid_cluster_contiguous
5080,127,1.0,grid_cluster_contiguous
5081,127,1.0,grid_cluster_contiguous
5082,127,1.0,grid_cluster_contiguous
5083,127,1.0,grid_cluster_contiguous
5084,127,1.0,grid_cluster_contiguous
5085,127,1.0,grid_cluster_contiguous
5086,127,1.0,grid_cluster_contiguous
5087,127,1.0,grid_cluster_contiguous
5088,127,1.0,grid_cluster_contiguous
5089,127,1.0,grid_cluster_contiguous
5090,127,1.0,grid_cluster_contiguous
5091,127,1.0,grid_cluster_contiguous
5092,127,1.0,grid_cluster_contiguous
5093,127,1.0,grid_cluster_contiguous
5094,127,1.0,grid_cluster_contiguous
5095,127,1.0,grid_cluster_contiguous
5096,127,1.0,grid_cluster_contiguous
5097,127,1.0,grid_cluster_contiguous
5098,127,1.0,grid_cluster_contiguous
5099,127,1.0,grid_cluster_contiguous
5100,127,1.0,grid_cluster_contiguous
5101,127,1.0,grid_cluster_contiguous
5102,127,1.0,grid_cluster_contiguous
5103,127,1.0,grid_cluster_contiguous
5104,127,1.0,grid_cluster_contiguous
5105,68,1.0,grid_cluster_contiguous
5106,68,1.0,grid_cluster_contiguous
5107,68,1.0,grid_cluster_contiguous
5108,68,1.0,grid_cluster_contiguous
5109,68,1.0,grid_cluster_contiguous
5110,68,1.0,grid_cluster_contiguous
5111,68,1.0,grid_cluster_contiguous
5112,68,1.0,grid_cluster_contiguous
5113,127,1.0,grid_cluster_contiguous
5114,68,1.0,grid_cluster_contiguous
5115,68,1.0,grid_cluster_contiguous
5116,68,1.0,grid_cluster_contiguous
5117,68,1.0,grid_cluster_contiguous
5118,68,1.0,grid_cluster_contiguous
5119,68,1.0,grid_cluster_contiguous
5120,119,1.0,grid_cluster_contiguous
5121,116,1.0,grid_cluster_contiguous
5122,116,1.0,grid_cluster_contiguous
5123,119,1.0,grid_cluster_contiguous
5124,116,1.0,grid_cluster_contiguous
5125,116,1.0,grid_cluster_contiguous
5126,116,1.0,grid_cluster_contiguous
5127,116,1.0,grid_cluster_contiguous
5128,116,1.0,grid_cluster_contiguous
5129,115,1.0,grid_cluster_contiguous
5130,116,1.0,grid_cluster_contiguous
5131,115,1.0,grid_cluster_contiguous
5132,115,1.0,grid_cluster_contiguous
5133,115,1.0,grid_cluster_contiguous
5134,115,1.0,grid_cluster_contiguous
5135,115,1.0,grid_cluster_contiguous
5136,113,1.0,grid_cluster_contiguous
5137,113,1.0,grid_cluster_contiguous
5138,113,1.0,grid_cluster_contiguous
5139,113,1.0,grid_cluster_contiguous
5140,113,1.0,grid_cluster_contiguous
5141,113,1.0,grid_cluster_contiguous
5142,113,1.0,grid_cluster_contiguous
5143,113,1.0,grid_cluster_contiguous
5144,113,1.0,grid_cluster_contiguous
5145,115,1.0,grid_cluster_contiguous
5146,115,1.0,grid_cluster_contiguous
5147,115,1.0,grid_cluster_contiguous
5148,115,1.0,grid_cluster_contiguous
5149,115,1.0,grid_cluster_contiguous
5150,115,1.0,grid_cluster_contiguous
5151,115,1.0,grid_cluster_contiguous
5152,116,1.0,grid_cluster_contiguous
5153,116,1.0,grid_cluster_contiguous
5154,115,1.0,grid_cluster_contiguous
5155,115,1.0,grid_cluster_contiguous
5156,116,1.0,grid_cluster_contiguous
5157,116,1.0,grid_cluster_contiguous
5158,116,1.0,grid_cluster_contiguous
5159,116,1.0,grid_cluster_contiguous
5160,116,1.0,grid_cluster_contiguous
5161,116,1.0,grid_cluster_contiguous
5162,116,1.0,grid_cluster_contiguous
5163,116,1.0,grid_cluster_contiguous
5164,116,1.0,grid_cluster_contiguous
5165,116,1.0,grid_cluster_contiguous
5166,116,1.0,grid_cluster_contiguous
5167,116,1.0,grid_cluster_contiguous
5168,116,1.0,grid_cluster_contiguous
5169,116,1.0,grid_cluster_contiguous
5170,116,1.0,grid_cluster_contiguous
5171,116,1.0,grid_cluster_contiguous
5172,116,1.0,grid_cluster_contiguous
5173,116,1.0,grid_cluster_contiguous
5174,116,1.0,grid_cluster_contiguous
5175,116,1.0,grid_cluster_contiguous
5176,115,1.0,grid_cluster_contiguous
5177,116,1.0,grid_cluster_contiguous
5178,115,1.0,grid_cluster_contiguous
5179,115,1.0,grid_cluster_contiguous
5180,115,1.0,grid_cluster_contiguous
5181,115,1.0,grid_cluster_contiguous
5182,115,1.0,grid_cluster_contiguous
5183,115,1.0,grid_cluster_contiguous
5184,115,1.0,grid_cluster_contiguous
5185,115,1.0,grid_cluster_contiguous
5186,115,1.0,grid_cluster_contiguous
5187,115,1.0,grid_cluster_contiguous
5188,115,1.0,grid_cluster_contiguous
5189,115,1.0,grid_cluster_contiguous
5190,113,1.0,grid_cluster_contiguous
5191,113,1.0,grid_cluster_contiguous
5192,113,1.0,grid_cluster_contiguous
5193,113,1.0,grid_cluster_contiguous
5194,113,1.0,grid_cluster_contiguous
5195,113,1.0,grid_cluster_contiguous
5196,113,1.0,grid_cluster_contiguous
5197,113,1.0,grid_cluster_contiguous
5198,115,1.0,grid_cluster_contiguous
5199,115,1.0,grid_cluster_contiguous
5200,115,1.0,grid_cluster_contiguous
5201,115,1.0,grid_cluster_contiguous
5202,115,1.0,grid_cluster_contiguous
5203,115,1.0,grid_cluster_contiguous
5204,115,1.0,grid_cluster_contiguous
5205,115,1.0,grid_cluster_contiguous
5206,115,1.0,grid_cluster_contiguous
5207,115,1.0,grid_cluster_contiguous
5208,115,1.0,grid_cluster_contiguous
5209,115,1.0,grid_cluster_contiguous
5210,115,1.0,grid_cluster_contiguous
5211,115,1.0,grid_cluster_contiguous
5212,115,1.0,grid_cluster_contiguous
5213,115,1.0,grid_cluster_contiguous
5214,115,1.0,grid_cluster_contiguous
5215,115,1.0,grid_cluster_contiguous
5216,115,1.0,grid_cluster_contiguous
5217,115,1.0,grid_cluster_contiguous
5218,115,1.0,grid_cluster_contiguous
5219,115,1.0,grid_cluster_contiguous
5220,115,1.0,grid_cluster_contiguous
5221,115,1.0,grid_cluster_contiguous
5222,115,1.0,grid_cluster_contiguous
5223,116,1.0,grid_cluster_contiguous
5224,116,1.0,grid_cluster_contiguous
5225,116,1.0,grid_cluster_contiguous
5226,116,1.0,grid_cluster_contiguous
5227,116,1.0,grid_cluster_contiguous
5228,116,1.0,grid_cluster_contiguous
5229,116,1.0,grid_cluster_contiguous
5230,116,1.0,grid_cluster_contiguous
5231,116,1.0,grid_cluster_contiguous
5232,115,1.0,grid_cluster_contiguous
5233,115,1.0,grid_cluster_contiguous
5234,116,1.0,grid_cluster_contiguous
5235,116,1.0,grid_cluster_contiguous
5236,116,1.0,grid_cluster_contiguous
5237,116,1.0,grid_cluster_contiguous
5238,116,1.0,grid_cluster_contiguous
5239,116,1.0,grid_cluster_contiguous
5240,116,1.0,grid_cluster_contiguous
5241,116,1.0,grid_cluster_contiguous
5242,116,1.0,grid_cluster_contiguous
5243,116,1.0,grid_cluster_contiguous
5244,116,1.0,grid_cluster_contiguous
5245,119,1.0,grid_cluster_contiguous
5246,119,1.0,grid_cluster_contiguous
5247,119,1.0,grid_cluster_contiguous
5248,119,1.0,grid_cluster_contiguous
5249,119,1.0,grid_cluster_contiguous
5250,119,1.0,grid_cluster_contiguous
5251,119,1.0,grid_cluster_contiguous
5252,120,1.0,grid_cluster_contiguous
5253,120,1.0,grid_cluster_contiguous
5254,120,1.0,grid_cluster_contiguous
5255,120,1.0,grid_cluster_contiguous
5256,120,1.0,grid_cluster_contiguous
5257,120,1.0,grid_cluster_contiguous
5258,123,1.0,grid_cluster_contiguous
5259,123,1.0,grid_cluster_contiguous
5260,123,1.0,grid_cluster_contiguous
5261,123,1.0,grid_cluster_contiguous
5262,123,1.0,grid_cluster_contiguous
5263,123,1.0,grid_cluster_contiguous
5264,83,1.0,grid_cluster_contiguous
5265,83,1.0,grid_cluster_contiguous
5266,83,1.0,grid_cluster_contiguous
5267,83,1.0,grid_cluster_contiguous
5268,108,1.0,grid_cluster_contiguous
5269,108,1.0,grid_cluster_contiguous
5270,108,1.0,grid_cluster_contiguous
5271,108,1.0,grid_cluster_contiguous
5272,108,1.0,grid_cluster_contiguous
5273,108,1.0,grid_cluster_contiguous
5274,144,1.0,grid_cluster_contiguous
5275,145,1.0,grid_cluster_contiguous
5276,144,1.0,grid_cluster_contiguous
5277,145,1.0,grid_cluster_contiguous
5278,145,1.0,grid_cluster_contiguous
5279,145,1.0,grid_cluster_contiguous
5280,145,1.0,grid_cluster_contiguous
5281,145,1.0,grid_cluster_contiguous
5282,144,1.0,grid_cluster_contiguous
5283,144,1.0,grid_cluster_contiguous
5284,144,1.0,grid_cluster_contiguous
5285,144,1.0,grid_cluster_contiguous
5286,145,1.0,grid_cluster_contiguous
5287,144,1.0,grid_cluster_contiguous
5288,144,1.0,grid_cluster_contiguous
5289,144,1.0,grid_cluster_contiguous
5290,144,1.0,grid_cluster_contiguous
5291,144,1.0,grid_cluster_contiguous
5292,144,1.0,grid_cluster_contiguous
5293,144,1.0,grid_cluster_contiguous
5294,144,1.0,grid_cluster_contiguous
5295,144,1.0,grid_cluster_contiguous
5296,144,1.0,grid_cluster_contiguous
5297,144,1.0,grid_cluster_contiguous
5298,144,1.0,grid_cluster_contiguous
5299,144,1.0,grid_cluster_contiguous
5300,144,1.0,grid_cluster_contiguous
5301,144,1.0,grid_cluster_contiguous
5302,144,1.0,grid_cluster_contiguous
5303,146,1.0,grid_cluster_contiguous
5304,146,1.0,grid_cluster_contiguous
5305,146,1.0,grid_cluster_contiguous
5306,144,1.0,grid_cluster_contiguous
5307,144,1.0,grid_cluster_contiguous
5308,144,1.0,grid_cluster_contiguous
5309,144,1.0,grid_cluster_contiguous
5310,144,1.0,grid_cluster_contiguous
5311,146,1.0,grid_cluster_contiguous
5312,109,1.0,grid_cluster_contiguous
5313,109,1.0,grid_cluster_contiguous
5314,108,1.0,grid_cluster_contiguous
5315,144,1.0,grid_cluster_contiguous
5316,144,1.0,grid_cluster_contiguous
5317,144,1.0,grid_cluster_contiguous
5318,144,1.0,grid_cluster_contiguous
5319,144,1.0,grid_cluster_contiguous
5320,144,1.0,grid_cluster_contiguous
5321,144,1.0,grid_cluster_contiguous
5322,144,1.0,grid_cluster_contiguous
5323,144,1.0,grid_cluster_contiguous
5324,144,1.0,grid_cluster_contiguous
5325,144,1.0,grid_cluster_contiguous
5326,144,1.0,grid_cluster_contiguous
5327,144,1.0,grid_cluster_contiguous
5328,144,1.0,grid_cluster_contiguous
5329,144,1.0,grid_cluster_contiguous
5330,144,1.0,grid_cluster_contiguous
5331,144,1.0,grid_cluster_contiguous
5332,108,1.0,grid_cluster_contiguous
5333,108,1.0,grid_cluster_contiguous
5334,108,1.0,grid_cluster_contiguous
5335,108,1.0,grid_cluster_contiguous
5336,108,1.0,grid_cluster_contiguous
5337,109,1.0,grid_cluster_contiguous
5338,109,1.0,grid_cluster_contiguous
5339,109,1.0,grid_cluster_contiguous
5340,108,1.0,grid_cluster_contiguous
5341,108,1.0,grid_cluster_contiguous
5342,108,1.0,grid_cluster_contiguous
5343,108,1.0,grid_cluster_contiguous
5344,108,1.0,grid_cluster_contiguous
5345,108,1.0,grid_cluster_contiguous
5346,108,1.0,grid_cluster_contiguous
5347,108,1.0,grid_cluster_contiguous
5348,109,1.0,grid_cluster_contiguous
5349,109,1.0,grid_cluster_contiguous
5350,109,1.0,grid_cluster_contiguous
5351,109,1.0,grid_cluster_contiguous
5352,109,1.0,grid_cluster_contiguous
5353,109,1.0,grid_cluster_contiguous
5354,109,1.0,grid_cluster_contiguous
5355,109,1.0,grid_cluster_contiguous
5356,109,1.0,grid_cluster_contiguous
5357,109,1.0,grid_cluster_contiguous
5358,109,1.0,grid_cluster_contiguous
5359,109,1.0,grid_cluster_contiguous
5360,109,1.0,grid_cluster_contiguous
5361,109,1.0,grid_cluster_contiguous
5362,109,1.0,grid_cluster_contiguous
5363,109,1.0,grid_cluster_contiguous
5364,109,1.0,grid_cluster_contiguous
5365,109,1.0,grid_cluster_contiguous
5366,109,1.0,grid_cluster_contiguous
5367,109,1.0,grid_cluster_contiguous
5368,146,1.0,grid_cluster_contiguous
5369,146,1.0,grid_cluster_contiguous
5370,146,1.0,grid_cluster_contiguous
5371,146,1.0,grid_cluster_contiguous
5372,146,1.0,grid_cluster_contiguous
5373,146,1.0,grid_cluster_contiguous
5374,109,1.0,grid_cluster_contiguous
5375,109,1.0,grid_cluster_contiguous
5376,147,1.0,grid_cluster_contiguous
5377,147,1.0,grid_cluster_contiguous
5378,146,1.0,grid_cluster_contiguous
5379,146,1.0,grid_cluster_contiguous
5380,146,1.0,grid_cluster_contiguous
5381,146,1.0,grid_cluster_contiguous
5382,146,1.0,grid_cluster_contiguous
5383,146,1.0,grid_cluster_contiguous
5384,146,1.0,grid_cluster_contiguous
5385,146,1.0,grid_cluster_contiguous
5386,144,1.0,grid_cluster_contiguous
5387,144,1.0,grid_cluster_contiguous
5388,146,1.0,grid_cluster_contiguous
5389,146,1.0,grid_cluster_contiguous
5390,146,1.0,grid_cluster_contiguous
5391,146,1.0,grid_cluster_contiguous
5392,146,1.0,grid_cluster_contiguous
5393,146,1.0,grid_cluster_contiguous
5394,146,1.0,grid_cluster_contiguous
5395,146,1.0,grid_cluster_contiguous
5396,146,1.0,grid_cluster_contiguous
5397,144,1.0,grid_cluster_contiguous
5398,144,1.0,grid_cluster_contiguous
5399,144,1.0,grid_cluster_contiguous
5400,144,1.0,grid_cluster_contiguous
5401,144,1.0,grid_cluster_contiguous
5402,144,1.0,grid_cluster_contiguous
5403,144,1.0,grid_cluster_contiguous
5404,144,1.0,grid_cluster_contiguous
5405,144,1.0,grid_cluster_contiguous
5406,144,1.0,grid_cluster_contiguous
5407,144,1.0,grid_cluster_contiguous
5408,99,1.0,grid_cluster_contiguous
5409,99,1.0,grid_cluster_contiguous
5410,99,1.0,grid_cluster_contiguous
5411,99,1.0,grid_cluster_contiguous
5412,82,1.0,grid_cluster_contiguous
5413,99,1.0,grid_cluster_contiguous
5414,99,1.0,grid_cluster_contiguous
5415,99,1.0,grid_cluster_contiguous
5416,100,1.0,grid_cluster_contiguous
5417,100,1.0,grid_cluster_contiguous
5418,99,1.0,grid_cluster_contiguous
5419,99,1.0,grid_cluster_contiguous
5420,99,1.0,grid_cluster_contiguous
5421,148,1.0,grid_cluster_contiguous
5422,149,1.0,grid_cluster_contiguous
5423,82,1.0,grid_cluster_contiguous
5424,145,1.0,grid_cluster_contiguous
5425,149,1.0,grid_cluster_contiguous
5426,145,1.0,grid_cluster_contiguous
5427,145,1.0,grid_cluster_contiguous
5428,145,1.0,grid_cluster_contiguous
5429,145,1.0,grid_cluster_contiguous
5430,145,1.0,grid_cluster_contiguous
5431,149,1.0,grid_cluster_contiguous
5432,149,1.0,grid_cluster_contiguous
5433,149,1.0,grid_cluster_contiguous
5434,148,1.0,grid_cluster_contiguous
5435,148,1.0,grid_cluster_contiguous
5436,148,1.0,grid_cluster_contiguous
5437,149,1.0,grid_cluster_contiguous
5438,148,1.0,grid_cluster_contiguous
5439,148,1.0,grid_cluster_contiguous
5440,148,1.0,grid_cluster_contiguous
5441,150,1.0,grid_cluster_contiguous
5442,150,1.0,grid_cluster_contiguous
5443,100,1.0,grid_cluster_contiguous
5444,100,1.0,grid_cluster_contiguous
5445,100,1.0,grid_cluster_contiguous
5446,150,1.0,grid_cluster_contiguous
5447,150,1.0,grid_cluster_contiguous
5448,150,1.0,grid_cluster_contiguous
5449,150,1.0,grid_cluster_contiguous
5450,150,1.0,grid_cluster_contiguous
5451,150,1.0,grid_cluster_contiguous
5452,150,1.0,grid_cluster_contiguous
5453,107,1.0,grid_cluster_contiguous
5454,107,1.0,grid_cluster_contiguous
5455,107,1.0,grid_cluster_contiguous
5456,150,1.0,grid_cluster_contiguous
5457,150,1.0,grid_cluster_contiguous
5458,107,1.0,grid_cluster_contiguous
5459,107,1.0,grid_cluster_contiguous
5460,150,1.0,grid_cluster_contiguous
5461,150,1.0,grid_cluster_contiguous
5462,150,1.0,grid_cluster_contiguous
5463,150,1.0,grid_cluster_contiguous
5464,150,1.0,grid_cluster_contiguous
5465,150,1.0,grid_cluster_contiguous
5466,150,1.0,grid_cluster_contiguous
5467,150,1.0,grid_cluster_contiguous
5468,148,1.0,grid_cluster_contiguous
5469,148,1.0,grid_cluster_contiguous
5470,150,1.0,grid_cluster_contiguous
5471,148,1.0,grid_cluster_contiguous
5472,148,1.0,grid_cluster_contiguous
5473,149,1.0,grid_cluster_contiguous
5474,145,1.0,grid_cluster_contiguous
5475,149,1.0,grid_cluster_contiguous
5476,149,1.0,grid_cluster_contiguous
5477,148,1.0,grid_cluster_contiguous
5478,149,1.0,grid_cluster_contiguous
5479,148,1.0,grid_cluster_contiguous
5480,148,1.0,grid_cluster_contiguous
5481,148,1.0,grid_cluster_contiguous
5482,148,1.0,grid_cluster_contiguous
5483,148,1.0,grid_cluster_contiguous
5484,148,1.0,grid_cluster_contiguous
5485,150,1.0,grid_cluster_contiguous
5486,148,1.0,grid_cluster_contiguous
5487,148,1.0,grid_cluster_contiguous
5488,150,1.0,grid_cluster_contiguous
5489,150,1.0,grid_cluster_contiguous
5490,150,1.0,grid_cluster_contiguous
5491,150,1.0,grid_cluster_contiguous
5492,148,1.0,grid_cluster_contiguous
5493,148,1.0,grid_cluster_contiguous
5494,148,1.0,grid_cluster_contiguous
5495,148,1.0,grid_cluster_contiguous
5496,148,1.0,grid_cluster_contiguous
5497,148,1.0,grid_cluster_contiguous
5498,149,1.0,grid_cluster_contiguous
5499,145,1.0,grid_cluster_contiguous
5500,149,1.0,grid_cluster_contiguous
5501,149,1.0,grid_cluster_contiguous
5502,148,1.0,grid_cluster_contiguous
5503,148,1.0,grid_cluster_contiguous
5504,148,1.0,grid_cluster_contiguous
5505,149,1.0,grid_cluster_contiguous
5506,149,1.0,grid_cluster_contiguous
5507,149,1.0,grid_cluster_contiguous
5508,149,1.0,grid_cluster_contiguous
5509,149,1.0,grid_cluster_contiguous
5510,145,1.0,grid_cluster_contiguous
5511,145,1.0,grid_cluster_contiguous
5512,145,1.0,grid_cluster_contiguous
5513,145,1.0,grid_cluster_contiguous
5514,145,1.0,grid_cluster_contiguous
5515,145,1.0,grid_cluster_contiguous
5516,144,1.0,grid_cluster_contiguous
5517,144,1.0,grid_cluster_contiguous
5518,144,1.0,grid_cluster_contiguous
5519,145,1.0,grid_cluster_contiguous
5520,145,1.0,grid_cluster_contiguous
5521,144,1.0,grid_cluster_contiguous
5522,144,1.0,grid_cluster_contiguous
5523,145,1.0,grid_cluster_contiguous
5524,145,1.0,grid_cluster_contiguous
5525,145,1.0,grid_cluster_contiguous
5526,144,1.0,grid_cluster_contiguous
5527,144,1.0,grid_cluster_contiguous
5528,144,1.0,grid_cluster_contiguous
5529,144,1.0,grid_cluster_contiguous
5530,144,1.0,grid_cluster_contiguous
5531,105,1.0,grid_cluster_contiguous
5532,105,1.0,grid_cluster_contiguous
5533,105,1.0,grid_cluster_contiguous
5534,105,1.0,grid_cluster_contiguous
5535,105,1.0,grid_cluster_contiguous
5536,105,1.0,grid_cluster_contiguous
5537,106,1.0,grid_cluster_contiguous
5538,106,1.0,grid_cluster_contiguous
5539,105,1.0,grid_cluster_contiguous
5540,105,1.0,grid_cluster_contiguous
5541,105,1.0,grid_cluster_contiguous
5542,106,1.0,grid_cluster_contiguous
5543,106,1.0,grid_cluster_contiguous
5544,106,1.0,grid_cluster_contiguous
5545,106,1.0,grid_cluster_contiguous
5546,106,1.0,grid_cluster_contiguous
5547,106,1.0,grid_cluster_contiguous
5548,106,1.0,grid_cluster_contiguous
5549,106,1.0,grid_cluster_contiguous
5550,106,1.0,grid_cluster_contiguous
5551,106,1.0,grid_cluster_contiguous
5552,106,1.0,grid_cluster_contiguous
5553,106,1.0,grid_cluster_contiguous
5554,106,1.0,grid_cluster_contiguous
5555,106,1.0,grid_cluster_contiguous
5556,106,1.0,grid_cluster_contiguous
5557,106,1.0,grid_cluster_contiguous
5558,106,1.0,grid_cluster_contiguous
5559,106,1.0,grid_cluster_contiguous
5560,106,1.0,grid_cluster_contiguous
5561,106,1.0,grid_cluster_contiguous
5562,106,1.0,grid_cluster_contiguous
5563,106,1.0,grid_cluster_contiguous
5564,106,1.0,grid_cluster_contiguous
5565,106,1.0,grid_cluster_contiguous
5566,106,1.0,grid_cluster_contiguous
5567,106,1.0,grid_cluster_contiguous
5568,106,1.0,grid_cluster_contiguous
5569,106,1.0,grid_cluster_contiguous
5570,106,1.0,grid_cluster_contiguous
5571,106,1.0,grid_cluster_contiguous
5572,106,1.0,grid_cluster_contiguous
5573,106,1.0,grid_cluster_contiguous
5574,106,1.0,grid_cluster_contiguous
5575,106,1.0,grid_cluster_contiguous
5576,106,1.0,grid_cluster_contiguous
5577,106,1.0,grid_cluster_contiguous
5578,106,1.0,grid_cluster_contiguous
5579,106,1.0,grid_cluster_contiguous
5580,106,1.0,grid_cluster_contiguous
5581,106,1.0,grid_cluster_contiguous
5582,106,1.0,grid_cluster_contiguous
5583,106,1.0,grid_cluster_contiguous
5584,106,1.0,grid_cluster_contiguous
5585,106,1.0,grid_cluster_contiguous
5586,106,1.0,grid_cluster_contiguous
5587,106,1.0,grid_cluster_contiguous
5588,106,1.0,grid_cluster_contiguous
5589,106,1.0,grid_cluster_contiguous
5590,106,1.0,grid_cluster_contiguous
5591,106,1.0,grid_cluster_contiguous
5592,106,1.0,grid_cluster_contiguous
5593,106,1.0,grid_cluster_contiguous
5594,106,1.0,grid_cluster_contiguous
5595,106,1.0,grid_cluster_contiguous
5596,106,1.0,grid_cluster_contiguous
5597,107,1.0,grid_cluster_contiguous
5598,107,1.0,grid_cluster_contiguous
5599,107,1.0,grid_cluster_contiguous
5600,107,1.0,grid_cluster_contiguous
5601,106,1.0,grid_cluster_contiguous
5602,106,1.0,grid_cluster_contiguous
5603,106,1.0,grid_cluster_contiguous
5604,107,1.0,grid_cluster_contiguous
5605,107,1.0,grid_cluster_contiguous
5606,107,1.0,grid_cluster_contiguous
5607,107,1.0,grid_cluster_contiguous
5608,107,1.0,grid_cluster_contiguous
5609,107,1.0,grid_cluster_contiguous
5610,107,1.0,grid_cluster_contiguous
5611,107,1.0,grid_cluster_contiguous
5612,107,1.0,grid_cluster_contiguous
5613,107,1.0,grid_cluster_contiguous
5614,107,1.0,grid_cluster_contiguous
5615,107,1.0,grid_cluster_contiguous
5616,107,1.0,grid_cluster_contiguous
5617,107,1.0,grid_cluster_contiguous
5618,107,1.0,grid_cluster_contiguous
5619,107,1.0,grid_cluster_contiguous
5620,107,1.0,grid_cluster_contiguous
5621,107,1.0,grid_cluster_contiguous
5622,106,1.0,grid_cluster_contiguous
5623,106,1.0,grid_cluster_contiguous
5624,106,1.0,grid_cluster_contiguous
5625,106,1.0,grid_cluster_contiguous
5626,106,1.0,grid_cluster_contiguous
5627,106,1.0,grid_cluster_contiguous
5628,106,1.0,grid_cluster_contiguous
5629,106,1.0,grid_cluster_contiguous
5630,106,1.0,grid_cluster_contiguous
5631,106,1.0,grid_cluster_contiguous
5632,106,1.0,grid_cluster_contiguous
5633,107,1.0,grid_cluster_contiguous
5634,107,1.0,grid_cluster_contiguous
5635,106,1.0,grid_cluster_contiguous
5636,138,1.0,grid_cluster_contiguous
5637,138,1.0,grid_cluster_contiguous
5638,138,1.0,grid_cluster_contiguous
5639,138,1.0,grid_cluster_contiguous
5640,138,1.0,grid_cluster_contiguous
5641,138,1.0,grid_cluster_contiguous
5642,138,1.0,grid_cluster_contiguous
5643,138,1.0,grid_cluster_contiguous
5644,151,1.0,grid_cluster_contiguous
5645,151,1.0,grid_cluster_contiguous
5646,138,1.0,grid_cluster_contiguous
5647,138,1.0,grid_cluster_contiguous
5648,138,1.0,grid_cluster_contiguous
5649,151,1.0,grid_cluster_contiguous
5650,151,1.0,grid_cluster_contiguous
5651,151,1.0,grid_cluster_contiguous
5652,151,1.0,grid_cluster_contiguous
5653,151,1.0,grid_cluster_contiguous
5654,151,1.0,grid_cluster_contiguous
5655,151,1.0,grid_cluster_contiguous
5656,151,1.0,grid_cluster_contiguous
5657,151,1.0,grid_cluster_contiguous
5658,151,1.0,grid_cluster_contiguous
5659,151,1.0,grid_cluster_contiguous
5660,151,1.0,grid_cluster_contiguous
5661,151,1.0,grid_cluster_contiguous
5662,151,1.0,grid_cluster_contiguous
5663,151,1.0,grid_cluster_contiguous
5664,151,1.0,grid_cluster_contiguous
5665,151,1.0,grid_cluster_contiguous
5666,151,1.0,grid_cluster_contiguous
5667,151,1.0,grid_cluster_contiguous
5668,151,1.0,grid_cluster_contiguous
5669,151,1.0,grid_cluster_contiguous
5670,151,1.0,grid_cluster_contiguous
5671,151,1.0,grid_cluster_contiguous
5672,151,1.0,grid_cluster_contiguous
5673,151,1.0,grid_cluster_contiguous
5674,151,1.0,grid_cluster_contiguous
5675,151,1.0,grid_cluster_contiguous
5676,151,1.0,grid_cluster_contiguous
5677,151,1.0,grid_cluster_contiguous
5678,151,1.0,grid_cluster_contiguous
5679,151,1.0,grid_cluster_contiguous
5680,151,1.0,grid_cluster_contiguous
5681,151,1.0,grid_cluster_contiguous
5682,151,1.0,grid_cluster_contiguous
5683,151,1.0,grid_cluster_contiguous
5684,151,1.0,grid_cluster_contiguous
5685,151,1.0,grid_cluster_contiguous
5686,151,1.0,grid_cluster_contiguous
5687,151,1.0,grid_cluster_contiguous
5688,151,1.0,grid_cluster_contiguous
5689,151,1.0,grid_cluster_contiguous
5690,151,1.0,grid_cluster_contiguous
5691,151,1.0,grid_cluster_contiguous
5692,151,1.0,grid_cluster_contiguous
5693,151,1.0,grid_cluster_contiguous
5694,151,1.0,grid_cluster_contiguous
5695,151,1.0,grid_cluster_contiguous
5696,151,1.0,grid_cluster_contiguous
5697,151,1.0,grid_cluster_contiguous
5698,151,1.0,grid_cluster_contiguous
5699,151,1.0,grid_cluster_contiguous
5700,151,1.0,grid_cluster_contiguous
5701,151,1.0,grid_cluster_contiguous
5702,151,1.0,grid_cluster_contiguous
5703,151,1.0,grid_cluster_contiguous
5704,151,1.0,grid_cluster_contiguous
5705,151,1.0,grid_cluster_contiguous
5706,151,1.0,grid_cluster_contiguous
5707,151,1.0,grid_cluster_contiguous
5708,151,1.0,grid_cluster_contiguous
5709,151,1.0,grid_cluster_contiguous
5710,151,1.0,grid_cluster_contiguous
5711,151,1.0,grid_cluster_contiguous
5712,151,1.0,grid_cluster_contiguous
5713,151,1.0,grid_cluster_contiguous
5714,151,1.0,grid_cluster_contiguous
5715,151,1.0,grid_cluster_contiguous
5716,151,1.0,grid_cluster_contiguous
5717,151,1.0,grid_cluster_contiguous
5718,151,1.0,grid_cluster_contiguous
5719,151,1.0,grid_cluster_contiguous
5720,151,1.0,grid_cluster_contiguous
5721,151,1.0,grid_cluster_contiguous
5722,151,1.0,grid_cluster_contiguous
5723,151,1.0,grid_cluster_contiguous
5724,138,1.0,grid_cluster_contiguous
5725,138,1.0,grid_cluster_contiguous
5726,138,1.0,grid_cluster_contiguous
5727,138,1.0,grid_cluster_contiguous
5728,138,1.0,grid_cluster_contiguous
5729,138,1.0,grid_cluster_contiguous
5730,151,1.0,grid_cluster_contiguous
5731,151,1.0,grid_cluster_contiguous
5732,138,1.0,grid_cluster_contiguous
5733,138,1.0,grid_cluster_contiguous
5734,138,1.0,grid_cluster_contiguous
5735,151,1.0,grid_cluster_contiguous
5736,151,1.0,grid_cluster_contiguous
5737,151,1.0,grid_cluster_contiguous
5738,151,1.0,grid_cluster_contiguous
5739,151,1.0,grid_cluster_contiguous
5740,151,1.0,grid_cluster_contiguous
5741,151,1.0,grid_cluster_contiguous
5742,151,1.0,grid_cluster_contiguous
5743,151,1.0,grid_cluster_contiguous
5744,151,1.0,grid_cluster_contiguous
5745,151,1.0,grid_cluster_contiguous
5746,151,1.0,grid_cluster_contiguous
5747,151,1.0,grid_cluster_contiguous
5748,151,1.0,grid_cluster_contiguous
5749,151,1.0,grid_cluster_contiguous
5750,151,1.0,grid_cluster_contiguous
5751,151,1.0,grid_cluster_contiguous
5752,151,1.0,grid_cluster_contiguous
5753,151,1.0,grid_cluster_contiguous
5754,151,1.0,grid_cluster_contiguous
5755,151,1.0,grid_cluster_contiguous
5756,151,1.0,grid_cluster_contiguous
5757,151,1.0,grid_cluster_contiguous
5758,151,1.0,grid_cluster_contiguous
5759,151,1.0,grid_cluster_contiguous
5760,151,1.0,grid_cluster_contiguous
5761,151,1.0,grid_cluster_contiguous
5762,151,1.0,grid_cluster_contiguous
5763,151,1.0,grid_cluster_contiguous
5764,151,1.0,grid_cluster_contiguous
5765,151,1.0,grid_cluster_contiguous
5766,151,1.0,grid_cluster_contiguous
5767,26,1.0,own_superzone_top_demand
5768,151,1.0,grid_cluster_contiguous
5769,151,1.0,grid_cluster_contiguous
5770,151,1.0,grid_cluster_contiguous
5771,151,1.0,grid_cluster_contiguous
5772,151,1.0,grid_cluster_contiguous
5773,151,1.0,grid_cluster_contiguous
5774,151,1.0,grid_cluster_contiguous
5775,151,1.0,grid_cluster_contiguous
5776,151,1.0,grid_cluster_contiguous
5777,151,1.0,grid_cluster_contiguous
5778,151,1.0,grid_cluster_contiguous
5779,151,1.0,grid_cluster_contiguous
5780,151,1.0,grid_cluster_contiguous
5781,151,1.0,grid_cluster_contiguous
5782,151,1.0,grid_cluster_contiguous
5783,151,1.0,grid_cluster_contiguous
5784,151,1.0,grid_cluster_contiguous
5785,151,1.0,grid_cluster_contiguous
5786,151,1.0,grid_cluster_contiguous
5787,151,1.0,grid_cluster_contiguous
5788,151,1.0,grid_cluster_contiguous
5789,151,1.0,grid_cluster_contiguous
5790,105,1.0,grid_cluster_contiguous
5791,105,1.0,grid_cluster_contiguous
5792,105,1.0,grid_cluster_contiguous
5793,105,1.0,grid_cluster_contiguous
5794,151,1.0,grid_cluster_contiguous
5795,151,1.0,grid_cluster_contiguous
5796,151,1.0,grid_cluster_contiguous
5797,151,1.0,grid_cluster_contiguous
5798,151,1.0,grid_cluster_contiguous
5799,151,1.0,grid_cluster_contiguous
5800,151,1.0,grid_cluster_contiguous
5801,151,1.0,grid_cluster_contiguous
5802,151,1.0,grid_cluster_contiguous
5803,151,1.0,grid_cluster_contiguous
5804,151,1.0,grid_cluster_contiguous
5805,151,1.0,grid_cluster_contiguous
5806,105,1.0,grid_cluster_contiguous
5807,105,1.0,grid_cluster_contiguous
5808,105,1.0,grid_cluster_contiguous
5809,151,1.0,grid_cluster_contiguous
5810,151,1.0,grid_cluster_contiguous
5811,151,1.0,grid_cluster_contiguous
5812,151,1.0,grid_cluster_contiguous
5813,151,1.0,grid_cluster_contiguous
5814,151,1.0,grid_cluster_contiguous
5815,151,1.0,grid_cluster_contiguous
5816,138,1.0,grid_cluster_contiguous
5817,151,1.0,grid_cluster_contiguous
5818,151,1.0,grid_cluster_contiguous
5819,105,1.0,grid_cluster_contiguous
5820,151,1.0,grid_cluster_contiguous
5821,104,1.0,grid_cluster_contiguous
5822,104,1.0,grid_cluster_contiguous
5823,104,1.0,grid_cluster_contiguous
5824,104,1.0,grid_cluster_contiguous
5825,151,1.0,grid_cluster_contiguous
5826,138,1.0,grid_cluster_contiguous
5827,138,1.0,grid_cluster_contiguous
5828,104,1.0,grid_cluster_contiguous
5829,138,1.0,grid_cluster_contiguous
5830,138,1.0,grid_cluster_contiguous
5831,138,1.0,grid_cluster_contiguous
5832,138,1.0,grid_cluster_contiguous
5833,104,1.0,grid_cluster_contiguous
5834,104,1.0,grid_cluster_contiguous
5835,104,1.0,grid_cluster_contiguous
5836,104,1.0,grid_cluster_contiguous
5837,104,1.0,grid_cluster_contiguous
5838,104,1.0,grid_cluster_contiguous
5839,104,1.0,grid_cluster_contiguous
5840,104,1.0,grid_cluster_contiguous
5841,104,1.0,grid_cluster_contiguous
5842,104,1.0,grid_cluster_contiguous
5843,104,1.0,grid_cluster_contiguous
5844,104,1.0,grid_cluster_contiguous
5845,104,1.0,grid_cluster_contiguous
5846,104,1.0,grid_cluster_contiguous
5847,104,1.0,grid_cluster_contiguous
5848,104,1.0,grid_cluster_contiguous
5849,104,1.0,grid_cluster_contiguous
5850,104,1.0,grid_cluster_contiguous
5851,104,1.0,grid_cluster_contiguous
5852,104,1.0,grid_cluster_contiguous
5853,104,1.0,grid_cluster_contiguous
5854,104,1.0,grid_cluster_contiguous
5855,104,1.0,grid_cluster_contiguous
5856,104,1.0,grid_cluster_contiguous
5857,104,1.0,grid_cluster_contiguous
5858,104,1.0,grid_cluster_contiguous
5859,105,1.0,grid_cluster_contiguous
5860,105,1.0,grid_cluster_contiguous
5861,105,1.0,grid_cluster_contiguous
5862,105,1.0,grid_cluster_contiguous
5863,105,1.0,grid_cluster_contiguous
5864,105,1.0,grid_cluster_contiguous
5865,104,1.0,grid_cluster_contiguous
5866,105,1.0,grid_cluster_contiguous
5867,105,1.0,grid_cluster_contiguous
5868,105,1.0,grid_cluster_contiguous
5869,105,1.0,grid_cluster_contiguous
5870,105,1.0,grid_cluster_contiguous
5871,105,1.0,grid_cluster_contiguous
5872,105,1.0,grid_cluster_contiguous
5873,105,1.0,grid_cluster_contiguous
5874,138,1.0,grid_cluster_contiguous
5875,138,1.0,grid_cluster_contiguous
5876,138,1.0,grid_cluster_contiguous
5877,138,1.0,grid_cluster_contiguous
5878,138,1.0,grid_cluster_contiguous
5879,138,1.0,grid_cluster_contiguous
5880,138,1.0,grid_cluster_contiguous
5881,138,1.0,grid_cluster_contiguous
5882,138,1.0,grid_cluster_contiguous
5883,138,1.0,grid_cluster_contiguous
5884,138,1.0,grid_cluster_contiguous
5885,138,1.0,grid_cluster_contiguous
5886,138,1.0,grid_cluster_contiguous
5887,138,1.0,grid_cluster_contiguous
5888,138,1.0,grid_cluster_contiguous
5889,138,1.0,grid_cluster_contiguous
5890,138,1.0,grid_cluster_contiguous
5891,138,1.0,grid_cluster_contiguous
5892,138,1.0,grid_cluster_contiguous
5893,138,1.0,grid_cluster_contiguous
5894,137,1.0,grid_cluster_contiguous
5895,137,1.0,grid_cluster_contiguous
5896,137,1.0,grid_cluster_contiguous
5897,137,1.0,grid_cluster_contiguous
5898,137,1.0,grid_cluster_contiguous
5899,137,1.0,grid_cluster_contiguous
5900,135,1.0,grid_cluster_contiguous
5901,135,1.0,grid_cluster_contiguous
5902,135,1.0,grid_cluster_contiguous
5903,135,1.0,grid_cluster_contiguous
5904,137,1.0,grid_cluster_contiguous
5905,137,1.0,grid_cluster_contiguous
5906,137,1.0,grid_cluster_contiguous
5907,137,1.0,grid_cluster_contiguous
5908,137,1.0,grid_cluster_contiguous
5909,137,1.0,grid_cluster_contiguous
5910,137,1.0,grid_cluster_contiguous
5911,137,1.0,grid_cluster_contiguous
5912,137,1.0,grid_cluster_contiguous
5913,137,1.0,grid_cluster_contiguous
5914,135,1.0,grid_cluster_contiguous
5915,135,1.0,grid_cluster_contiguous
5916,137,1.0,grid_cluster_contiguous
5917,135,1.0,grid_cluster_contiguous
5918,135,1.0,grid_cluster_contiguous
5919,135,1.0,grid_cluster_contiguous
5920,134,1.0,grid_cluster_contiguous
5921,134,1.0,grid_cluster_contiguous
5922,135,1.0,grid_cluster_contiguous
5923,142,1.0,grid_cluster_contiguous
5924,142,1.0,grid_cluster_contiguous
5925,142,1.0,grid_cluster_contiguous
5926,143,1.0,grid_cluster_contiguous
5927,143,1.0,grid_cluster_contiguous
5928,143,1.0,grid_cluster_contiguous
5929,143,1.0,grid_cluster_contiguous
5930,27,1.0,own_superzone_top_demand
5931,130,1.0,grid_cluster_contiguous
5932,131,1.0,grid_cluster_contiguous
5933,132,1.0,grid_cluster_contiguous
5934,133,1.0,grid_cluster_contiguous
5935,134,1.0,grid_cluster_contiguous
5936,134,1.0,grid_cluster_contiguous
5937,133,1.0,grid_cluster_contiguous
5938,134,1.0,grid_cluster_contiguous
5939,137,1.0,grid_cluster_contiguous
5940,137,1.0,grid_cluster_contiguous
5941,138,1.0,grid_cluster_contiguous
5942,138,1.0,grid_cluster_contiguous
5943,138,1.0,grid_cluster_contiguous
5944,138,1.0,grid_cluster_contiguous
5945,151,1.0,grid_cluster_contiguous
5946,151,1.0,grid_cluster_contiguous
5947,151,1.0,grid_cluster_contiguous
5948,151,1.0,grid_cluster_contiguous
5949,151,1.0,grid_cluster_contiguous
5950,151,1.0,grid_cluster_contiguous
5951,151,1.0,grid_cluster_contiguous
5952,151,1.0,grid_cluster_contiguous
5953,151,1.0,grid_cluster_contiguous
5954,151,1.0,grid_cluster_contiguous
5955,151,1.0,grid_cluster_contiguous
5956,151,1.0,grid_cluster_contiguous
5957,105,1.0,grid_cluster_contiguous
5958,105,1.0,grid_cluster_contiguous
5959,105,1.0,grid_cluster_contiguous
5960,105,1.0,grid_cluster_contiguous
5961,28,1.0,own_superzone_top_demand
5962,105,1.0,grid_cluster_contiguous
5963,106,1.0,grid_cluster_contiguous
5964,106,1.0,grid_cluster_contiguous
5965,106,1.0,grid_cluster_contiguous
5966,106,1.0,grid_cluster_contiguous
5967,106,1.0,grid_cluster_contiguous
5968,106,1.0,grid_cluster_contiguous
5969,107,1.0,grid_cluster_contiguous
5970,107,1.0,grid_cluster_contiguous
5971,107,1.0,grid_cluster_contiguous
5972,107,1.0,grid_cluster_contiguous
5973,107,1.0,grid_cluster_contiguous
5974,150,1.0,grid_cluster_contiguous
5975,150,1.0,grid_cluster_contiguous
5976,150,1.0,grid_cluster_contiguous
5977,149,1.0,grid_cluster_contiguous
5978,145,1.0,grid_cluster_contiguous
5979,145,1.0,grid_cluster_contiguous
5980,144,1.0,grid_cluster_contiguous
5981,144,1.0,grid_cluster_contiguous
5982,146,1.0,grid_cluster_contiguous
5983,146,1.0,grid_cluster_contiguous
5984,146,1.0,grid_cluster_contiguous
5985,146,1.0,grid_cluster_contiguous
5986,147,1.0,grid_cluster_contiguous
5987,114,1.0,grid_cluster_contiguous
5988,114,1.0,grid_cluster_contiguous
5989,114,1.0,grid_cluster_contiguous
5990,114,1.0,grid_cluster_contiguous
5991,29,1.0,own_superzone_top_demand
5992,113,1.0,grid_cluster_contiguous
5993,113,1.0,grid_cluster_contiguous
5994,113,1.0,grid_cluster_contiguous
5995,115,1.0,grid_cluster_contiguous
5996,115,1.0,grid_cluster_contiguous
5997,116,1.0,grid_cluster_contiguous
5998,116,1.0,grid_cluster_contiguous
5999,116,1.0,grid_cluster_contiguous
6000,119,1.0,grid_cluster_contiguous
6001,123,1.0,grid_cluster_contiguous
6002,122,1.0,grid_cluster_contiguous
6003,121,1.0,grid_cluster_contiguous
6004,121,1.0,grid_cluster_contiguous
6005,30,1.0,own_superzone_top_demand
6006,136,1.0,grid_cluster_contiguous
6007,136,1.0,grid_cluster_contiguous
6008,136,1.0,grid_cluster_contiguous
6009,136,1.0,grid_cluster_contiguous
6010,136,1.0,grid_cluster_contiguous
6011,136,1.0,grid_cluster_contiguous
6012,136,1.0,grid_cluster_contiguous
6013,136,1.0,grid_cluster_contiguous
6014,68,1.0,grid_cluster_contiguous
6015,68,1.0,grid_cluster_contiguous
6016,126,1.0,grid_cluster_contiguous
6017,126,1.0,grid_cluster_contiguous
6018,126,1.0,grid_cluster_contiguous
6019,126,1.0,grid_cluster_contiguous
6020,126,1.0,grid_cluster_contiguous
6021,126,1.0,grid_cluster_contiguous
6022,126,1.0,grid_cluster_contiguous
6023,126,1.0,grid_cluster_contiguous
6024,124,1.0,grid_cluster_contiguous
6025,125,1.0,grid_cluster_contiguous
6026,139,1.0,grid_cluster_contiguous
6027,139,1.0,grid_cluster_contiguous
6028,140,1.0,grid_cluster_contiguous
6029,140,1.0,grid_cluster_contiguous
6030,140,1.0,grid_cluster_contiguous
6031,141,1.0,grid_cluster_contiguous
